v -2.90105659 -1.47146619 3.79719079
v -2.81176084 -1.45304035 3.85968210
v -2.80356382 -1.28753292 3.88851557
v -2.71426808 -1.26910707 3.95100687
v -2.72246510 -1.43461450 3.92217340
v -2.70607105 -1.10359964 3.97984035
v -2.62497233 -1.25068123 4.01349818
v -2.61677531 -1.08517380 4.04233165
v -2.52747957 -1.06674795 4.10482296
v -2.63316936 -1.41618866 3.98466470
v -2.53567659 -1.23225538 4.07598948
v -2.54387361 -1.39776281 4.04715600
v -2.60857829 -0.91966637 4.07116513
v -2.51928254 -0.90124052 4.13365643
v -2.51108552 -0.73573310 4.16248991
v -2.44638085 -1.21382954 4.13848078
v -2.43818382 -1.04832211 4.16731426
v -2.34888808 -1.02989626 4.22980556
v -2.34069106 -0.86438884 4.25863904
v -2.42998680 -0.88281468 4.19614773
v -2.33249403 -0.69888141 4.28747251
v -2.25139531 -0.84596299 4.32113034
v -2.24319829 -0.68045556 4.34996381
v -2.15390255 -0.66202972 4.41245512
v -2.42178978 -0.71730725 4.22498121
v -2.45457787 -1.37933697 4.10964730
v -2.35708510 -1.19540369 4.20097208
v -2.36528213 -1.36091112 4.17213860
v -2.26778936 -1.17697785 4.26346338
v -2.25959234 -1.01147042 4.29229686
v -2.17029659 -0.99304458 4.35478816
v -2.27598638 -1.34248528 4.23462990
v -2.17849362 -1.15855200 4.32595468
v -2.18669064 -1.32405943 4.29712121
v -2.16209957 -0.82753715 4.38362164
v -2.41359276 -0.55179982 4.25381469
v -2.32429701 -0.53337398 4.31630599
v -2.31609999 -0.36786655 4.34513947
v -2.23500127 -0.51494813 4.37879729
v -2.22680425 -0.34944070 4.40763077
v -2.13750850 -0.33101486 4.47012207
v -2.14570553 -0.49652229 4.44128859
v -2.21860722 -0.18393327 4.43646425
v -2.12931148 -0.16550743 4.49895555
v -2.12111446 -0.00000000 4.52778903
v 3.86574830 -1.50010743 2.79386252
v 3.71775284 -1.59496318 2.89018345
v 3.75319791 -1.69483316 2.77192674
v 3.60520245 -1.78968891 2.86824767
v 3.56975737 -1.68981893 2.98650438
v 3.64064752 -1.88955889 2.74999096
v 3.45720698 -1.88454465 2.96456860
v 3.49265206 -1.98441464 2.84631190
v 3.34465659 -2.07927038 2.94263283
v 3.42176191 -1.78467467 3.08282531
v 3.30921152 -1.97940040 3.06088953
v 3.27376645 -1.87953042 3.17914624
v 3.52809713 -2.08428462 2.72805519
v 3.38010167 -2.17914036 2.82437612
v 3.41554674 -2.27901035 2.70611941
v 3.16121606 -2.07425614 3.15721046
v 3.19666113 -2.17412613 3.03895376
v 3.04866567 -2.26898187 3.13527469
v 3.08411074 -2.36885185 3.01701798
v 3.23210620 -2.27399611 2.92069705
v 3.11955581 -2.46872184 2.89876127
v 2.93611528 -2.46370760 3.11333891
v 2.97156035 -2.56357758 2.99508220
v 2.82356489 -2.65843333 3.09140313
v 3.26755128 -2.37386609 2.80244034
v 3.12577099 -1.97438616 3.27546717
v 3.01322059 -2.16911189 3.25353139
v 2.97777552 -2.06924191 3.37178810
v 2.86522513 -2.26396764 3.34985232
v 2.90067020 -2.36383762 3.23159562
v 2.75267474 -2.45869336 3.32791655
v 2.82978006 -2.16409765 3.46810903
v 2.71722967 -2.35882338 3.44617325
v 2.68178460 -2.25895340 3.56442996
v 2.78811981 -2.55856335 3.20965984
v 3.30299635 -2.47373607 2.68418364
v 3.15500089 -2.56859182 2.78050457
v 3.19044596 -2.66846180 2.66224786
v 3.00700542 -2.66344756 2.87682550
v 3.04245050 -2.76331755 2.75856879
v 2.89445503 -2.85817329 2.85488972
v 2.85900996 -2.75830331 2.97314643
v 3.07789557 -2.86318753 2.64031208
v 2.92990011 -2.95804327 2.73663301
v 2.96534518 -3.05791326 2.61837631
v 0.50000000 0.00000000 4.97493719
v 0.63709324 -0.07715151 4.94029673
v 0.70263931 0.00000000 4.91904367
v 0.83973254 -0.07715151 4.88440321
v 0.77418647 -0.15430303 4.90565627
v 0.90527861 0.00000000 4.86315015
v 0.97682578 -0.15430303 4.84976275
v 1.04237185 -0.07715151 4.82850969
v 1.17946509 -0.15430303 4.79386923
v 0.91127971 -0.23145454 4.87101581
v 1.11391902 -0.23145454 4.81512229
v 1.04837295 -0.30860606 4.83637535
v 1.10791792 0.00000000 4.80725663
v 1.24501116 -0.07715151 4.77261617
v 1.31055723 0.00000000 4.75136311
v 1.25101225 -0.30860606 4.78048183
v 1.31655832 -0.23145454 4.75922877
v 1.45365156 -0.30860606 4.72458831
v 1.51919763 -0.23145454 4.70333525
v 1.38210439 -0.15430303 4.73797571
v 1.58474370 -0.15430303 4.68208219
v 1.65629087 -0.30860606 4.66869479
v 1.72183694 -0.23145454 4.64744173
v 1.85893017 -0.30860606 4.61280127
v 1.44765046 -0.07715151 4.71672265
v 1.18546618 -0.38575757 4.80173489
v 1.38810549 -0.38575757 4.74584137
v 1.32255942 -0.46290908 4.76709443
v 1.52519872 -0.46290908 4.71120091
v 1.59074480 -0.38575757 4.68994785
v 1.72783803 -0.46290908 4.65530739
v 1.45965265 -0.54006060 4.73245397
v 1.66229196 -0.54006060 4.67656045
v 1.59674589 -0.61721211 4.69781351
v 1.79338410 -0.38575757 4.63405433
v 1.51319653 0.00000000 4.69546959
v 1.65028977 -0.07715151 4.66082913
v 1.71583584 0.00000000 4.63957607
v 1.78738301 -0.15430303 4.62618867
v 1.85292908 -0.07715151 4.60493561
v 1.99002231 -0.15430303 4.57029515
v 1.92447624 -0.23145454 4.59154821
v 1.91847515 0.00000000 4.58368255
v 2.05556839 -0.07715151 4.54904209
v 2.12111446 0.00000000 4.52778903
v -1.58116751 -1.27486651 4.56887565
v -1.52763011 -1.23680465 4.59370654
v -1.64866088 -1.11550819 4.56373982
v -1.59512348 -1.07744633 4.58857071
v -1.47409271 -1.19874279 4.61853743
v -1.71615425 -0.95614988 4.55860399
v -1.54158608 -1.03938448 4.61340161
v -1.66261685 -0.91808802 4.58343489
v -1.60907945 -0.88002616 4.60826578
v -1.42055531 -1.16068093 4.64336833
v -1.48804868 -1.00132262 4.63823250
v -1.36701791 -1.12261908 4.66819922
v -1.78364762 -0.79679157 4.55346816
v -1.73011022 -0.75872971 4.57829906
v -1.85114099 -0.63743325 4.54833234
v -1.43451127 -0.96326076 4.66306339
v -1.55554204 -0.84196431 4.63309667
v -1.50200464 -0.80390245 4.65792756
v -1.62303541 -0.68260599 4.62796084
v -1.67657281 -0.72066785 4.60312995
v -1.74406618 -0.56130954 4.59799412
v -1.56949801 -0.64454414 4.65279174
v -1.69052878 -0.52324768 4.62282502
v -1.63699138 -0.48518582 4.64765591
v -1.79760358 -0.59937140 4.57316323
v -1.31348051 -1.08455722 4.69303011
v -1.38097387 -0.92519891 4.68789428
v -1.25994310 -1.04649536 4.71786100
v -1.32743647 -0.88713705 4.71272518
v -1.44846724 -0.76584059 4.68275846
v -1.39492984 -0.72777874 4.70758935
v -1.20640570 -1.00843351 4.74269190
v -1.27389907 -0.84907519 4.73755607
v -1.15286830 -0.97037165 4.76752279
v -1.51596061 -0.60648228 4.67762263
v -1.91863435 -0.47807494 4.54319651
v -1.86509695 -0.44001308 4.56802740
v -1.98612772 -0.31871663 4.53806068
v -1.81155955 -0.40195123 4.59285829
v -1.93259032 -0.28065477 4.56289157
v -1.87905292 -0.24259291 4.58772247
v -1.75802215 -0.36388937 4.61768919
v -2.05362109 -0.15935831 4.53292485
v -2.00008369 -0.12129646 4.55775575
v -0.00000000 -0.93194852 4.91237946
v 0.08096764 -0.97551621 4.89703866
v 0.06250000 -0.87795495 4.91705046
v 0.14346764 -0.92152265 4.90170966
v 0.16193528 -1.01908391 4.88169786
v 0.12500000 -0.82396139 4.92172146
v 0.22443528 -0.96509034 4.88636887
v 0.20596764 -0.86752908 4.90638066
v 0.28693528 -0.91109678 4.89103987
v 0.24290293 -1.06265160 4.86635707
v 0.30540293 -1.00865803 4.87102807
v 0.32387057 -1.10621929 4.85101627
v 0.18750000 -0.76996782 4.92639246
v 0.26846764 -0.81353552 4.91105167
v 0.25000000 -0.71597426 4.93106346
v 0.38637057 -1.05222573 4.85568727
v 0.36790293 -0.95466447 4.87569907
v 0.44887057 -0.99823216 4.86035827
v 0.43040293 -0.90067090 4.88037007
v 0.34943528 -0.85710321 4.89571087
v 0.41193528 -0.80310965 4.90038187
v 0.51137057 -0.94423860 4.86502927
v 0.49290293 -0.84667734 4.88504107
v 0.57387057 -0.89024503 4.86970027
v 0.33096764 -0.75954195 4.91572267
v 0.40483821 -1.14978698 4.83567547
v 0.46733821 -1.09579342 4.84034647
v 0.48580585 -1.19335468 4.82033467
v 0.54830585 -1.13936111 4.82500568
v 0.52983821 -1.04179986 4.84501747
v 0.61080585 -1.08536755 4.82967668
v 0.56677349 -1.23692237 4.80499388
v 0.62927349 -1.18292881 4.80966488
v 0.64774113 -1.28049006 4.78965308
v 0.59233821 -0.98780629 4.84968848
v 0.31250000 -0.66198069 4.93573447
v 0.39346764 -0.70554839 4.92039367
v 0.37500000 -0.60798713 4.94040547
v 0.47443528 -0.74911608 4.90505287
v 0.45596764 -0.65155482 4.92506467
v 0.53693528 -0.69512252 4.90972387
v 0.55540293 -0.79268377 4.88971207
v 0.43750000 -0.55399356 4.94507647
v 0.51846764 -0.59756126 4.92973567
v 0.50000000 -0.50000000 4.94974747
v -2.42956665 -1.56426698 -4.08047481
v -2.27674193 -1.72342344 -4.06240939
v -2.45295306 -1.76294435 -3.92852172
v -2.30012834 -1.92210082 -3.91045630
v -2.12391721 -1.88257991 -4.04434397
v -2.47633947 -1.96162173 -3.77656863
v -2.14730362 -2.08125729 -3.89239088
v -2.32351475 -2.12077820 -3.75850320
v -2.17069003 -2.27993466 -3.74043778
v -1.97109249 -2.04173637 -4.02627855
v -1.99447890 -2.24041375 -3.87432545
v -1.81826778 -2.20089284 -4.00821312
v -2.49972588 -2.16029911 -3.62461553
v -2.34690116 -2.31945558 -3.60655011
v -2.52311229 -2.35897649 -3.47266244
v -1.84165418 -2.39957022 -3.85626003
v -2.01786531 -2.43909113 -3.72237236
v -1.86504059 -2.59824760 -3.70430694
v -2.04125172 -2.63776851 -3.57041927
v -2.19407644 -2.47861204 -3.58848469
v -2.21746285 -2.67728942 -3.43653160
v -1.88842700 -2.79692497 -3.55235384
v -2.06463813 -2.83644589 -3.41846617
v -1.91181341 -2.99560235 -3.40040075
v -2.37028757 -2.51813296 -3.45459702
v -1.66544306 -2.36004930 -3.99014770
v -1.68882946 -2.55872668 -3.83819461
v -1.51261834 -2.51920577 -3.97208228
v -1.53600474 -2.71788315 -3.82012919
v -1.71221587 -2.75740406 -3.68624152
v -1.55939115 -2.91656053 -3.66817609
v -1.35979362 -2.67836223 -3.95401686
v -1.38318002 -2.87703961 -3.80206377
v -1.20696890 -2.83751870 -3.93595144
v -1.73560228 -2.95608144 -3.53428842
v -2.54649870 -2.55765387 -3.32070935
v -2.39367398 -2.71681034 -3.30264392
v -2.56988510 -2.75633125 -3.16875625
v -2.24084926 -2.87596680 -3.28457850
v -2.41706039 -2.91548771 -3.15069083
v -2.26423567 -3.07464418 -3.13262541
v -2.08802454 -3.03512327 -3.26651308
v -2.59327151 -2.95500863 -3.01680316
v -2.44044679 -3.11416509 -2.99873774
v -2.61665792 -3.15368601 -2.86485007
v -3.12789035 -0.00000000 -3.90080786
v -3.19380624 -0.22757117 -3.77386843
v -3.26743608 -0.00000000 -3.74360175
v -3.33335197 -0.22757117 -3.61666232
v -3.25972213 -0.45514234 -3.64692901
v -3.40698181 -0.00000000 -3.58639563
v -3.39926786 -0.45514234 -3.48972289
v -3.47289770 -0.22757117 -3.45945620
v -3.53881360 -0.45514234 -3.33251678
v -3.32563802 -0.68271350 -3.51998958
v -3.46518376 -0.68271350 -3.36278346
v -3.39155391 -0.91028467 -3.39305015
v -3.54652755 -0.00000000 -3.42918952
v -3.61244344 -0.22757117 -3.30225009
v -3.68607328 -0.00000000 -3.27198340
v -3.53109965 -0.91028467 -3.23584403
v -3.60472949 -0.68271350 -3.20557735
v -3.67064538 -0.91028467 -3.07863792
v -3.74427522 -0.68271350 -3.04837123
v -3.67835933 -0.45514234 -3.17531066
v -3.81790506 -0.45514234 -3.01810454
v -3.81019112 -0.91028467 -2.92143180
v -3.88382096 -0.68271350 -2.89116512
v -3.94973685 -0.91028467 -2.76422569
v -3.75198917 -0.22757117 -3.14504397
v -3.45746981 -1.13785584 -3.26611072
v -3.59701554 -1.13785584 -3.10890460
v -3.52338570 -1.36542701 -3.13917129
v -3.66293143 -1.36542701 -2.98196517
v -3.73656127 -1.13785584 -2.95169849
v -3.80247717 -1.36542701 -2.82475906
v -3.58930159 -1.59299817 -3.01223186
v -3.72884733 -1.59299817 -2.85502575
v -3.65521748 -1.82056934 -2.88529243
v -3.87610701 -1.13785584 -2.79449237
v -3.82561901 -0.00000000 -3.11477729
v -3.89153491 -0.22757117 -2.98783786
v -3.96516475 -0.00000000 -2.95757117
v -3.95745080 -0.45514234 -2.86089843
v -4.03108064 -0.22757117 -2.83063174
v -4.09699653 -0.45514234 -2.70369231
v -4.02336669 -0.68271350 -2.73395900
v -4.10471048 -0.00000000 -2.80036506
v -4.17062637 -0.22757117 -2.67342563
v -4.24425621 -0.00000000 -2.64315894
v -3.50229239 -0.00000000 3.56846578
v -3.55500064 -0.15616932 3.47688039
v -3.42713791 -0.18393327 3.59705641
v -3.47984617 -0.34010260 3.50547102
v -3.60770890 -0.31233865 3.38529500
v -3.35198344 -0.36786655 3.62564704
v -3.53255443 -0.49627192 3.41388562
v -3.40469169 -0.52403587 3.53406164
v -3.45739995 -0.68020520 3.44247625
v -3.66041716 -0.46850797 3.29370960
v -3.58526268 -0.65244125 3.32230023
v -3.71312542 -0.62467730 3.20212421
v -3.27682896 -0.55179982 3.65423766
v -3.32953722 -0.70796915 3.56265227
v -3.20167449 -0.73573310 3.68282829
v -3.63797094 -0.80861057 3.23071484
v -3.51010821 -0.83637452 3.35089086
v -3.56281647 -0.99254385 3.25930546
v -3.43495374 -1.02030779 3.37948148
v -3.38224548 -0.86413847 3.47106688
v -3.30709100 -1.04807174 3.49965750
v -3.48766199 -1.17647712 3.28789609
v -3.35979926 -1.20424107 3.40807211
v -3.41250752 -1.36041039 3.31648672
v -3.25438274 -0.89190242 3.59124290
v -3.76583368 -0.78084662 3.11053882
v -3.69067920 -0.96477990 3.13912944
v -3.81854193 -0.93701595 3.01895343
v -3.74338746 -1.12094922 3.04754405
v -3.61552473 -1.14871317 3.16772007
v -3.66823298 -1.30488249 3.07613468
v -3.87125019 -1.09318527 2.92736803
v -3.79609572 -1.27711854 2.95595866
v -3.92395845 -1.24935460 2.83578264
v -3.54037025 -1.33264644 3.19631070
v -3.12652001 -0.91966637 3.71141892
v -3.17922827 -1.07583569 3.61983352
v -3.05136554 -1.10359964 3.74000954
v -3.23193653 -1.23200502 3.52824813
v -3.10407379 -1.25976897 3.64842415
v -3.15678205 -1.41593829 3.55683876
v -3.28464479 -1.38817434 3.43666274
v -2.97621106 -1.28753292 3.76860017
v -3.02891932 -1.44370224 3.67701478
v -1.07266812 -0.96882953 4.78166409
v -1.07125976 -0.91157519 4.79030087
v -0.99105958 -0.91003308 4.80444218
v -0.99246794 -0.96728742 4.79580539
v -0.98965122 -0.85277874 4.81307896
v -0.91085940 -0.90849096 4.81858348
v -0.90945105 -0.85123662 4.82722026
v -0.82925087 -0.84969450 4.84136156
v -0.91226776 -0.96574530 4.80994669
v -0.83065923 -0.90694884 4.83272478
v -0.83206758 -0.96420318 4.82408800
v -0.90804269 -0.79398228 4.83585704
v -0.82784251 -0.79244016 4.84999835
v -0.82643415 -0.73518582 4.85863513
v -0.75045905 -0.90540673 4.84686608
v -0.74905069 -0.84815239 4.85550286
v -0.66885051 -0.84661027 4.86964417
v -0.66744215 -0.78935593 4.87828095
v -0.74764233 -0.79089805 4.86413965
v -0.66603379 -0.73210159 4.88691773
v -0.58724197 -0.78781381 4.89242225
v -0.58583361 -0.73055947 4.90105903
v -0.50563343 -0.72901736 4.91520033
v -0.74623397 -0.73364371 4.87277643
v -0.75186740 -0.96266107 4.83822930
v -0.67025887 -0.90386461 4.86100738
v -0.67166723 -0.96111895 4.85237060
v -0.59005869 -0.90232249 4.87514868
v -0.58865033 -0.84506815 4.88378547
v -0.50845015 -0.84352604 4.89792677
v -0.59146705 -0.95957683 4.86651190
v -0.50985851 -0.90078038 4.88928998
v -0.51126687 -0.95803472 4.88065320
v -0.50704179 -0.78627170 4.90656355
v -0.74482561 -0.67638937 4.88141321
v -0.66462543 -0.67484725 4.89555452
v -0.66321707 -0.61759291 4.90419130
v -0.58442525 -0.67330514 4.90969582
v -0.58301690 -0.61605080 4.91833260
v -0.50281672 -0.61450868 4.93247390
v -0.50422508 -0.67176302 4.92383712
v -0.58160854 -0.55879646 4.92696938
v -0.50140836 -0.55725434 4.94111068
v -0.50000000 -0.50000000 4.94974747
v 0.77194328 -3.79254958 3.16554439
v 0.76501198 -3.67389083 3.27609978
v 0.63217881 -3.72936789 3.23881236
v 0.62524751 -3.61070914 3.34936776
v 0.75808068 -3.55523208 3.38665518
v 0.49241435 -3.66618620 3.31208034
v 0.61831621 -3.49205039 3.45992315
v 0.48548305 -3.54752745 3.42263573
v 0.47855175 -3.42886870 3.53319112
v 0.75114938 -3.43657334 3.49721057
v 0.61138491 -3.37339165 3.57047854
v 0.74421808 -3.31791459 3.60776596
v 0.35264989 -3.60300451 3.38534831
v 0.34571859 -3.48434576 3.49590370
v 0.21288542 -3.53982282 3.45861628
v 0.60445361 -3.25473290 3.68103394
v 0.47162045 -3.31020996 3.64374652
v 0.46468915 -3.19155121 3.75430191
v 0.33185598 -3.24702827 3.71701449
v 0.33878729 -3.36568701 3.60645910
v 0.19902282 -3.30250532 3.67972707
v 0.32492468 -3.12836952 3.82756988
v 0.19209152 -3.18384658 3.79028246
v 0.18516022 -3.06518783 3.90083786
v 0.20595412 -3.42116407 3.56917168
v 0.73728678 -3.19925584 3.71832136
v 0.59752231 -3.13607415 3.79158933
v 0.73035548 -3.08059710 3.82887675
v 0.59059101 -3.01741541 3.90214472
v 0.45775785 -3.07289247 3.86485730
v 0.45082655 -2.95423372 3.97541270
v 0.72342418 -2.96193835 3.93943214
v 0.58365971 -2.89875666 4.01270012
v 0.71649288 -2.84327961 4.04998754
v 0.31799338 -3.00971078 3.93812528
v 0.07312096 -3.47664113 3.53188426
v 0.06618966 -3.35798238 3.64243965
v -0.06664351 -3.41345944 3.60515223
v 0.05925836 -3.23932363 3.75299504
v -0.07357481 -3.29480069 3.71570762
v -0.08050611 -3.17614194 3.82626301
v 0.05232706 -3.12066489 3.86355043
v -0.20640797 -3.35027775 3.67842020
v -0.21333927 -3.23161900 3.78897559
v -0.34617243 -3.28709606 3.75168817
v -3.83273585 -1.38479314 2.86363370
v -3.70487311 -1.41255709 2.98380972
v -3.74151324 -1.52023168 2.89148477
v -3.61365051 -1.54799563 3.01166079
v -3.57701038 -1.44032104 3.10398574
v -3.48578777 -1.57575958 3.13183681
v -3.65029064 -1.65567022 2.91933584
v -3.52242790 -1.68343417 3.03951186
v -3.55906803 -1.79110876 2.94718690
v -3.44914765 -1.46808499 3.22416176
v -3.43120530 -1.81887271 3.06736292
v -3.39456517 -1.71119812 3.15968788
v -3.30334257 -1.84663666 3.18753894
v -3.26670244 -1.73896207 3.27986390
v -3.35792504 -1.60352353 3.25201283
v -3.23006231 -1.63128748 3.37218885
v -3.17547983 -1.87440061 3.30771496
v -3.13883970 -1.76672602 3.40003992
v -3.04761710 -1.90216456 3.42789098
v -3.32128491 -1.49584893 3.34433778
v -3.46784543 -1.92654730 2.97503797
v -3.33998269 -1.95431125 3.09521399
v -3.37662282 -2.06198585 3.00288904
v -3.24876009 -2.08974980 3.12306506
v -3.21211996 -1.98207520 3.21539001
v -3.12089736 -2.11751374 3.24324107
v -3.28540022 -2.19742439 3.03074010
v -3.15753748 -2.22518834 3.15091612
v -3.19417761 -2.33286293 3.05859117
v -3.08425723 -2.00983915 3.33556603
v -3.19342218 -1.52361288 3.46451380
v -3.10219958 -1.65905143 3.49236487
v -3.06555945 -1.55137683 3.58468982
v -2.97433684 -1.68681538 3.61254089
v -3.01097697 -1.79448997 3.52021593
v -2.93769672 -1.57914078 3.70486584
v -2.74647787 -2.98704642 -2.86740536
v -2.72309146 -2.78836904 -3.01935845
v -2.87629781 -2.82040684 -2.86996066
v -2.85291140 -2.62172946 -3.02191375
v -2.69970505 -2.58969167 -3.17131155
v -2.82952500 -2.42305208 -3.17386684
v -3.00611776 -2.65376726 -2.87251595
v -2.98273135 -2.45508988 -3.02446905
v -3.13593770 -2.48712767 -2.87507125
v -2.67631864 -2.39101429 -3.32326464
v -3.11255129 -2.28845030 -3.02702434
v -2.95934494 -2.25641250 -3.17642214
v -3.08916489 -2.08977292 -3.17897744
v -2.93595853 -2.05773512 -3.32837523
v -2.80613859 -2.22437470 -3.32581994
v -2.78275218 -2.02569732 -3.47777303
v -3.06577848 -1.89109554 -3.33093053
v -2.91257212 -1.85905774 -3.48032833
v -3.04239207 -1.69241816 -3.48288362
v -2.65293223 -2.19233691 -3.47521774
v -3.26575765 -2.32048809 -2.87762654
v -3.24237124 -2.12181071 -3.02957964
v -3.39557759 -2.15384851 -2.88018184
v -3.37219119 -1.95517113 -3.03213493
v -3.21898483 -1.92313333 -3.18153273
v -3.34880478 -1.75649375 -3.18408803
v -3.52539754 -1.98720893 -2.88273714
v -3.50201113 -1.78853155 -3.03469023
v -3.19559842 -1.72445595 -3.33348582
v -2.62954582 -1.99365953 -3.62717083
v -2.75936577 -1.82701995 -3.62972612
v -2.60615942 -1.79498215 -3.77912392
v -2.73597936 -1.62834257 -3.78167922
v -2.88918572 -1.66038036 -3.63228142
v -2.58277301 -1.59630477 -3.93107702
v -2.51685712 -1.36873360 -4.05801644
v -2.67006347 -1.40077140 -3.90861865
v -2.60414758 -1.17320023 -4.03555808
v -2.82326982 -1.43280920 -3.75922085
v -2.75735393 -1.20523803 -3.88616028
v -2.91056028 -1.23727582 -3.73676248
v -2.97647618 -1.46484699 -3.60982305
v -2.69143804 -0.97766686 -4.01309971
v -2.84464439 -1.00970466 -3.86370191
v -2.77872850 -0.78213349 -3.99064134
v -3.12968253 -1.49688479 -3.46042525
v -3.06376664 -1.26931362 -3.58736468
v -3.21697299 -1.30135142 -3.43796688
v -3.15105710 -1.07378025 -3.56490631
v -2.99785075 -1.04174245 -3.71430411
v -3.08514121 -0.84620908 -3.69184574
v -3.30426345 -1.10581804 -3.41550852
v -3.23834756 -0.87824688 -3.54244794
v -2.93193485 -0.81417128 -3.84124354
v -3.28288888 -1.52892258 -3.31102746
v -3.43609524 -1.56096038 -3.16162966
v -3.37017935 -1.33338921 -3.28856909
v -2.86601896 -0.58660012 -3.96818297
v -3.01922532 -0.61863791 -3.81878517
v -2.95330942 -0.39106674 -3.94572460
v -3.17243167 -0.65067571 -3.66938737
v -3.10651578 -0.42310454 -3.79632680
v -3.04059988 -0.19553337 -3.92326623
v 0.70301731 -2.03770337 4.51148885
v 0.59789832 -2.10127888 4.48515872
v 0.70470176 -2.13840040 4.45380118
v 0.59958276 -2.20197591 4.42747106
v 0.49277932 -2.16485440 4.45882860
v 0.70638621 -2.23909743 4.39611352
v 0.49446376 -2.26555143 4.40114094
v 0.60126721 -2.30267294 4.36978340
v 0.49614821 -2.36624846 4.34345327
v 0.38766032 -2.22842991 4.43249848
v 0.38934476 -2.32912694 4.37481081
v 0.28254132 -2.29200542 4.40616835
v 0.70807065 -2.33979446 4.33842586
v 0.60295165 -2.40336997 4.31209573
v 0.70975510 -2.44049149 4.28073819
v 0.28422576 -2.39270245 4.34848069
v 0.39102921 -2.42982397 4.31712315
v 0.28591021 -2.49339948 4.29079302
v 0.39271365 -2.53052100 4.25943548
v 0.49783265 -2.46694549 4.28576561
v 0.49951710 -2.56764251 4.22807794
v 0.28759465 -2.59409651 4.23310536
v 0.39439810 -2.63121803 4.20174782
v 0.28927910 -2.69479354 4.17541770
v 0.60463610 -2.50406700 4.25440807
v 0.17742232 -2.35558094 4.37983823
v 0.17910676 -2.45627796 4.32215056
v 0.07230332 -2.41915645 4.35350810
v 0.07398777 -2.51985348 4.29582044
v 0.18079121 -2.55697499 4.26446290
v 0.07567221 -2.62055051 4.23813278
v -0.03281568 -2.48273196 4.32717798
v -0.03113123 -2.58342899 4.26949032
v -0.13793468 -2.54630747 4.30084786
v 0.18247565 -2.65767202 4.20677524
v 0.71143954 -2.54118852 4.22305053
v 0.60632054 -2.60476403 4.19672040
v 0.71312399 -2.64188555 4.16536286
v 0.50120154 -2.66833954 4.17039028
v 0.60800499 -2.70546106 4.13903274
v 0.50288599 -2.76903657 4.11270262
v 0.39608254 -2.73191506 4.14406016
v 0.71480843 -2.74258258 4.10767520
v 0.60968943 -2.80615809 4.08134508
v 0.47685627 -2.86163515 4.04405766
v 0.37005282 -2.82451363 4.07541520
v 0.34402310 -2.91711220 4.00677024
v 0.23721966 -2.87999069 4.03812778
v 0.26324938 -2.78739211 4.10677274
v 0.21118994 -2.97258926 3.96948282
v 0.15644593 -2.75027060 4.13813028
v 0.13041622 -2.84286917 4.06948532
v 0.02361277 -2.80574765 4.10084286
v -0.00241695 -2.89834623 4.03219790
v 0.10438650 -2.93546774 4.00084036
v -0.02844667 -2.99094480 3.96355293
v -0.10922039 -2.86122471 4.06355543
v -0.13525011 -2.95382328 3.99491047
v -0.24205356 -2.91670177 4.02626801
v 0.07835678 -3.02806632 3.93219540
v 0.04964249 -2.71314908 4.16948782
v -0.05716095 -2.67602756 4.20084536
v -0.08319067 -2.76862614 4.13220040
v -0.18999412 -2.73150462 4.16355793
v -0.16396440 -2.63890605 4.23220290
v -0.21602384 -2.82410319 4.09491297
v -0.05447639 -3.08354337 3.89490797
v -0.16127983 -3.04642185 3.92626551
v -0.18730955 -3.13902043 3.85762055
v -0.29411300 -3.10189891 3.88897809
v -0.26808328 -3.00930034 3.95762305
v -0.32014271 -3.19449748 3.82033313
v 3.09150909 -2.99441208 2.49647889
v 3.20405948 -2.79968635 2.51841466
v 3.21767300 -2.93091090 2.37458147
v 3.33022340 -2.73618518 2.39651724
v 3.31660987 -2.60496062 2.54035044
v 3.44277379 -2.54145945 2.41845302
v 3.34383692 -2.86740973 2.25268405
v 3.45638731 -2.67268400 2.27461982
v 3.47000083 -2.80390855 2.13078663
v 3.42916026 -2.41023490 2.56228622
v 3.58255122 -2.60918282 2.15272240
v 3.56893770 -2.47795827 2.29655560
v 3.69510161 -2.41445710 2.17465818
v 3.68148809 -2.28323254 2.31849137
v 3.55532418 -2.34673372 2.44038880
v 3.66787457 -2.15200799 2.46232457
v 3.80765200 -2.21973137 2.19659395
v 3.79403848 -2.08850682 2.34042715
v 3.92020239 -2.02500564 2.21852973
v 3.54171065 -2.21550917 2.58422199
v 3.59616474 -2.74040738 2.00888921
v 3.70871514 -2.54568165 2.03082498
v 3.72232866 -2.67690620 1.88699178
v 3.83487905 -2.48218047 1.90892756
v 3.82126553 -2.35095592 2.05276076
v 3.94742944 -2.28745474 1.93086334
v 3.84849257 -2.61340502 1.76509436
v 3.96104296 -2.41867930 1.78703014
v 3.97465648 -2.54990385 1.64319694
v 3.93381592 -2.15623019 2.07469653
v 3.65426104 -2.02078344 2.60615777
v 3.78042496 -1.95728227 2.48426035
v 3.76681143 -1.82605771 2.62809354
v 3.89297535 -1.76255654 2.50619612
v 3.90658887 -1.89378109 2.36236293
v 3.87936182 -1.63133199 2.65002932
v 1.38057316 -1.40928745 4.59433637
v 1.28896915 -1.39318778 4.61875096
v 1.29587868 -1.48783944 4.58398043
v 1.20427467 -1.47173977 4.60839502
v 1.19736515 -1.37708810 4.64316554
v 1.21118420 -1.56639143 4.57362449
v 1.11267067 -1.45564009 4.63280961
v 1.11958019 -1.55029176 4.59803908
v 1.02797619 -1.53419208 4.62245367
v 1.10576115 -1.36098843 4.66758013
v 1.02106667 -1.43954042 4.65722419
v 1.01415714 -1.34488876 4.69199472
v 1.12648972 -1.64494342 4.56326855
v 1.03488571 -1.62884375 4.58768314
v 1.04179524 -1.72349541 4.55291261
v 0.92946266 -1.42344075 4.68163878
v 0.93637219 -1.51809241 4.64686825
v 0.84476818 -1.50199274 4.67128284
v 0.85167771 -1.59664440 4.63651231
v 0.94328171 -1.61274407 4.61209773
v 0.85858723 -1.69129606 4.60174179
v 0.76007370 -1.58054473 4.66092690
v 0.76698323 -1.67519639 4.62615637
v 0.67537922 -1.65909672 4.65057096
v 0.95019123 -1.70739574 4.57732720
v 0.92255314 -1.32878908 4.71640931
v 0.83785866 -1.40734107 4.70605337
v 0.83094914 -1.31268941 4.74082390
v 0.74625466 -1.39124140 4.73046796
v 0.75316418 -1.48589306 4.69569743
v 0.66156018 -1.46979339 4.72011202
v 0.73934514 -1.29658974 4.76523849
v 0.65465066 -1.37514173 4.75488255
v 0.66846970 -1.56444505 4.68534149
v 0.95710076 -1.80204740 4.54255667
v 0.86549675 -1.78594773 4.56697126
v 0.87240628 -1.88059939 4.53220073
v 0.77389275 -1.76984805 4.59138585
v 0.78080227 -1.86449972 4.55661532
v 0.68919827 -1.84840004 4.58102991
v 0.68228875 -1.75374838 4.61580043
v 0.78771180 -1.95915138 4.52184479
v 0.69610779 -1.94305171 4.54625938
v -3.32964514 -0.00000000 3.68838119
v -3.25449067 -0.18393327 3.71697182
v -3.15699790 -0.00000000 3.80829659
v -3.17933619 -0.36786655 3.74556244
v -3.08184343 -0.18393327 3.83688722
v -3.00668895 -0.36786655 3.86547785
v -3.10418172 -0.55179982 3.77415307
v -2.98435066 -0.00000000 3.92821200
v -2.90919619 -0.18393327 3.95680263
v -2.81170342 -0.00000000 4.04812740
v -3.02902724 -0.73573310 3.80274369
v -2.93153448 -0.55179982 3.89406847
v -2.85638000 -0.73573310 3.92265910
v -2.75888724 -0.55179982 4.01398388
v -2.83404171 -0.36786655 3.98539325
v -2.66139447 -0.36786655 4.10530866
v -2.68373276 -0.73573310 4.04257451
v -2.58624000 -0.55179982 4.13389928
v -2.73654895 -0.18393327 4.07671803
v -2.95387277 -0.91966637 3.83133432
v -2.87871830 -1.10359964 3.85992495
v -2.78122553 -0.91966637 3.95124973
v -2.63905618 -0.00000000 4.16804281
v -2.56390170 -0.18393327 4.19663344
v -2.46640894 -0.00000000 4.28795822
v -2.48874723 -0.36786655 4.22522406
v -2.39125446 -0.18393327 4.31654884
v -2.29376170 -0.00000000 4.40787362
v 0.02050417 -1.75943653 4.68016695
v 0.00069932 -1.85779540 4.63275206
v 0.10581832 -1.79421989 4.65908219
v 0.08601346 -1.89257875 4.61166730
v -0.01910554 -1.95615427 4.58533718
v 0.19113246 -1.82900324 4.63799742
v 0.06620860 -1.99093762 4.56425241
v 0.17132760 -1.92736211 4.59058254
v 0.15152275 -2.02572098 4.54316765
v -0.03891040 -2.05451313 4.53792229
v 0.04640375 -2.08929649 4.51683753
v -0.05871525 -2.15287200 4.49050740
v 0.27644660 -1.86378660 4.61691266
v 0.25664175 -1.96214546 4.56949777
v 0.36176074 -1.89856995 4.59582790
v 0.02659889 -2.18765536 4.46942264
v 0.13171789 -2.12407984 4.49575276
v 0.11191303 -2.22243871 4.44833788
v 0.21703203 -2.15886320 4.47466800
v 0.23683689 -2.06050433 4.52208289
v 0.32215103 -2.09528769 4.50099813
v 0.19722718 -2.25722207 4.42725311
v 0.30234617 -2.19364655 4.45358324
v 0.34195589 -1.99692882 4.54841301
v -0.07852011 -2.25123087 4.44309252
v 0.00679403 -2.28601423 4.42200775
v -0.09832497 -2.34958974 4.39567763
v -0.01301082 -2.38437309 4.37459287
v 0.09210818 -2.32079758 4.40092299
v -0.11812982 -2.44794861 4.34826274
v 0.44707489 -1.93335331 4.57474314
v 0.42727003 -2.03171217 4.52732825
v 0.53238903 -1.96813666 4.55365837
v 0.40746517 -2.13007104 4.47991336
v 0.51258417 -2.06649553 4.50624349
v 0.61770317 -2.00292002 4.53257361
v 2.28567779 -1.42494407 4.21250655
v 2.39068183 -1.38223802 4.15459166
v 2.26510737 -1.24682606 4.25191686
v 2.37011142 -1.20412001 4.19400197
v 2.49568588 -1.33953198 4.09667678
v 2.24453696 -1.06870805 4.29132717
v 2.47511546 -1.16141397 4.13608709
v 2.34954100 -1.02600201 4.23341228
v 2.45454504 -0.98329596 4.17549739
v 2.60068992 -1.29682593 4.03876189
v 2.58011950 -1.11870792 4.07817220
v 2.70569396 -1.25411989 3.98084700
v 2.22396654 -0.89059004 4.33073748
v 2.32897058 -0.84788400 4.27282259
v 2.20339612 -0.71247203 4.37014779
v 2.68512355 -1.07600188 4.02025731
v 2.55954909 -0.94058992 4.11758251
v 2.66455313 -0.89788387 4.05966762
v 2.53897867 -0.76247191 4.15699282
v 2.43397463 -0.80517795 4.21490770
v 2.41340421 -0.62705994 4.25431801
v 2.64398271 -0.71976586 4.09907793
v 2.51840825 -0.58435390 4.19640313
v 2.62341230 -0.54164785 4.13848824
v 2.30840017 -0.66976599 4.31223290
v 2.81069801 -1.21141384 3.92293211
v 2.79012759 -1.03329583 3.96234242
v 2.91570205 -1.16870780 3.86501723
v 2.89513163 -0.99058979 3.90442753
v 2.76955717 -0.85517783 4.00175273
v 2.87456122 -0.81247178 3.94383784
v 3.02070610 -1.12600175 3.80710234
v 3.00013568 -0.94788374 3.84651265
v 3.12571014 -1.08329571 3.74918745
v 2.74898676 -0.67705982 4.04116304
v 2.18282571 -0.53435403 4.40955810
v 2.28782975 -0.49164798 4.35164321
v 2.16225529 -0.35623602 4.44896841
v 2.39283379 -0.44894194 4.29372832
v 2.26725933 -0.31352997 4.39105352
v 2.37226338 -0.27082393 4.33313863
v 2.49783784 -0.40623589 4.23581344
v 2.14168487 -0.17811801 4.48837872
v 2.24668892 -0.13541196 4.43046383
v 1.60689791 -2.26471858 4.15799578
v 1.49391283 -2.23634168 4.20218241
v 1.49559728 -2.33703871 4.14449475
v 1.38261220 -2.30866181 4.18868138
v 1.38092776 -2.20796478 4.24636904
v 1.38429665 -2.40935884 4.13099372
v 1.26962713 -2.28028491 4.23286801
v 1.27131158 -2.38098194 4.17518035
v 1.15832650 -2.35260503 4.21936698
v 1.26794268 -2.17958788 4.29055568
v 1.15664206 -2.25190801 4.27705465
v 1.15495761 -2.15121098 4.33474231
v 1.27299602 -2.48167896 4.11749269
v 1.16001095 -2.45330206 4.16167932
v 1.16169539 -2.55399909 4.10399166
v 1.04365698 -2.22353110 4.32124128
v 1.04534143 -2.32422813 4.26355362
v 0.93235635 -2.29585123 4.30774025
v 0.93404080 -2.39654826 4.25005259
v 1.04702587 -2.42492516 4.20586595
v 0.93572524 -2.49724529 4.19236492
v 0.82105572 -2.36817136 4.29423922
v 0.82274017 -2.46886839 4.23655156
v 1.04871032 -2.52562219 4.14817829
v 1.04197254 -2.12283407 4.37892895
v 0.93067191 -2.19515420 4.36542792
v 0.92898746 -2.09445717 4.42311558
v 0.81768683 -2.16677730 4.40961455
v 0.81937128 -2.26747433 4.35192689
v 0.81600239 -2.06608027 4.46730221
v 1.05039476 -2.62631922 4.09049063
v 0.93740969 -2.59794232 4.13467726
v 0.93909413 -2.69863935 4.07698960
v 0.82442461 -2.56956542 4.17886389
v 0.82610906 -2.67026245 4.12117623
v 0.82779350 -2.77095948 4.06348857
v 1.84835298 -3.96901803 2.41464016
v 1.98797700 -3.85512994 2.44010718
v 1.83402446 -3.86293855 2.55044250
v 1.97364849 -3.74905045 2.57590952
v 2.12760103 -3.74124184 2.46557420
v 1.81969595 -3.75685906 2.68624485
v 2.11327251 -3.63516235 2.60137654
v 1.95931997 -3.64297096 2.71171186
v 2.09894400 -3.52908287 2.73717888
v 2.26722505 -3.62735374 2.49104122
v 2.25289654 -3.52127426 2.62684356
v 2.40684908 -3.51346565 2.51650824
v 1.80536743 -3.65077958 2.82204719
v 1.94499146 -3.53689148 2.84751421
v 1.79103892 -3.54470009 2.95784953
v 2.39252056 -3.40738616 2.65231058
v 2.23856802 -3.41519477 2.76264590
v 2.37819205 -3.30130667 2.78811292
v 2.22423951 -3.30911528 2.89844824
v 2.08461548 -3.42300338 2.87298122
v 2.07028697 -3.31692390 3.00878357
v 2.36386353 -3.19522719 2.92391526
v 2.20991099 -3.20303580 3.03425058
v 2.34953502 -3.08914770 3.05971760
v 1.93066294 -3.43081199 2.98331655
v 2.54647310 -3.39957755 2.54197525
v 2.53214459 -3.29349806 2.67777760
v 2.68609713 -3.28568945 2.56744227
v 2.67176861 -3.17960996 2.70324461
v 2.51781607 -3.18741858 2.81357994
v 2.65744010 -3.07353048 2.83904695
v 2.82572115 -3.17180135 2.59290929
v 2.81139264 -3.06572187 2.72871163
v 2.50348756 -3.08133909 2.94938228
v 1.77671040 -3.43862060 3.09365187
v 1.91633443 -3.32473251 3.11911889
v 1.76238189 -3.33254112 3.22945421
v 2.05595845 -3.21084441 3.14458591
v 1.90200591 -3.21865302 3.25492123
v 2.04162994 -3.10476492 3.28038825
v 2.19558248 -3.09695631 3.17005292
v 1.74805337 -3.22646163 3.36525655
v 1.88767740 -3.11257353 3.39072357
v 1.73372486 -3.12038214 3.50105889
v 0.62106274 -3.83209595 3.12179813
v 0.48129827 -3.76891426 3.19506610
v 0.47018220 -3.87164233 3.07805187
v 0.34153381 -3.70573257 3.26833408
v 0.33041773 -3.80846064 3.15131984
v 0.19065327 -3.74527895 3.22458781
v 0.20176935 -3.64255088 3.34160205
v 0.31930166 -3.91118871 3.03430561
v 0.17953719 -3.84800702 3.10757358
v 0.16842112 -3.95073509 2.99055934
v 0.06200488 -3.57936919 3.41487002
v 0.05088880 -3.68209726 3.29785579
v -0.08887566 -3.61891557 3.37112376
v -0.09999174 -3.72164364 3.25410952
v 0.03977273 -3.78482533 3.18084155
v -0.11110781 -3.82437171 3.13709529
v -0.23975620 -3.65846195 3.32737750
v -0.25087228 -3.76119002 3.21036326
v -0.39063674 -3.69800833 3.28363124
v 0.02865665 -3.88755340 3.06382732
v -0.07775958 -3.51618750 3.48813799
v -0.21752405 -3.45300581 3.56140597
v -0.22864012 -3.55573388 3.44439173
v -0.36840459 -3.49255219 3.51765970
v -0.35728851 -3.38982412 3.63467394
v -0.37952066 -3.59528026 3.40064547
v 0.01754058 -3.99028146 2.94681308
v -0.12222389 -3.92709977 3.02008105
v -0.13333997 -4.02982784 2.90306682
v -0.26198835 -3.86391808 3.09334903
v -0.27310443 -3.96664615 2.97633479
v -0.41286889 -3.90346446 3.04960277
v -0.40175282 -3.80073639 3.16661700
v -0.28422051 -4.06937422 2.85932056
v -0.42398497 -4.00619253 2.93258853
v -0.43510105 -4.10892060 2.81557430
v 0.00256302 -1.03538452 4.88335290
v 0.08353066 -1.07895221 4.86801210
v 0.00512604 -1.13882052 4.85432633
v 0.08609369 -1.18238822 4.83898553
v 0.16449831 -1.12251991 4.85267130
v 0.16706133 -1.22595591 4.82364474
v 0.00768907 -1.24225652 4.82529977
v 0.08865671 -1.28582422 4.80995897
v 0.01025209 -1.34569252 4.79627320
v 0.24546595 -1.16608760 4.83733050
v 0.09121973 -1.38926022 4.78093241
v 0.16962435 -1.32939191 4.79461817
v 0.17218737 -1.43282791 4.76559161
v 0.25059199 -1.37295960 4.77927738
v 0.24802897 -1.26952360 4.80830394
v 0.32899661 -1.31309129 4.79296314
v 0.25315501 -1.47639560 4.75025081
v 0.33155963 -1.41652730 4.76393658
v 0.33412265 -1.51996330 4.73491001
v 0.32643359 -1.20965529 4.82198971
v 0.01281511 -1.44912853 4.76724664
v 0.09378275 -1.49269622 4.75190584
v 0.01537813 -1.55256453 4.73822008
v 0.09634577 -1.59613222 4.72287928
v 0.17475039 -1.53626391 4.73656505
v 0.17731341 -1.63969991 4.70753848
v 0.01794115 -1.65600053 4.70919351
v 0.09890879 -1.69956822 4.69385272
v 0.25571803 -1.57983161 4.72122425
v 0.40740123 -1.25322299 4.80664891
v 0.40996425 -1.35665899 4.77762234
v 0.48836887 -1.29679068 4.79130811
v 0.49093189 -1.40022668 4.76228155
v 0.41252727 -1.46009499 4.74859578
v 0.56933651 -1.34035837 4.77596731
v -1.40945474 -3.44754508 3.33584626
v -1.36883918 -3.33673681 3.43825016
v -1.51176716 -3.34348264 3.37297444
v -1.47115161 -3.23267437 3.47537835
v -1.32822362 -3.22592853 3.54065407
v -1.61407959 -3.23942021 3.41010262
v -1.43053605 -3.12186610 3.57778225
v -1.57346403 -3.12861193 3.51250653
v -1.53284848 -3.01780366 3.61491043
v -1.28760807 -3.11512026 3.64305797
v -1.38992049 -3.01105782 3.68018615
v -1.24699251 -3.00431199 3.74546188
v -1.71639202 -3.13535777 3.44723080
v -1.67577646 -3.02454950 3.54963471
v -1.81870444 -3.03129534 3.48435899
v -1.34930494 -2.90024955 3.78259006
v -1.49223292 -2.90699539 3.71731433
v -1.45161736 -2.79618712 3.81971824
v -1.59454535 -2.80293295 3.75444252
v -1.63516090 -2.91374123 3.65203861
v -1.73747333 -2.80967879 3.68916679
v -1.55392979 -2.69212468 3.85684642
v -1.69685777 -2.69887052 3.79157070
v -1.65624221 -2.58806224 3.89397460
v -1.77808889 -2.92048706 3.58676289
v -1.20637695 -2.89350371 3.84786578
v -1.30868938 -2.78944128 3.88499396
v -1.16576140 -2.78269544 3.95026968
v -1.26807382 -2.67863300 3.98739787
v -1.41100181 -2.68537884 3.92212214
v -1.37038625 -2.57457057 4.02452605
v -1.12514584 -2.67188717 4.05267359
v -1.22745826 -2.56782473 4.08980177
v -1.08453028 -2.56107889 4.15507749
v -1.51331423 -2.58131641 3.95925032
v -1.92101687 -2.92723290 3.52148717
v -1.88040131 -2.81642463 3.62389107
v -2.02332929 -2.82317046 3.55861535
v -1.83978575 -2.70561635 3.72629497
v -1.98271374 -2.71236219 3.66101925
v -1.94209818 -2.60155392 3.76342316
v -1.79917020 -2.59480808 3.82869888
v -2.12564172 -2.71910803 3.59574353
v -2.08502616 -2.60829976 3.69814743
v -2.22795415 -2.61504559 3.63287171
v -0.07381747 -1.06322612 -4.88508968
v -0.18139726 -1.13611103 -4.85292763
v -0.06459029 -0.93032285 -4.89945347
v -0.17217007 -1.00320777 -4.86729142
v -0.28897704 -1.20899595 -4.82076559
v -0.05536311 -0.79741959 -4.91381726
v -0.27974986 -1.07609268 -4.83512938
v -0.16294289 -0.87030450 -4.88165521
v -0.27052267 -0.94318942 -4.84949317
v -0.39655683 -1.28188086 -4.78860354
v -0.38732964 -1.14897760 -4.80296733
v -0.50413661 -1.35476578 -4.75644149
v -0.04613592 -0.66451632 -4.92818105
v -0.15371571 -0.73740124 -4.89601900
v -0.03690874 -0.53161306 -4.94254484
v -0.49490943 -1.22186251 -4.77080528
v -0.37810246 -1.01607433 -4.81733112
v -0.48568224 -1.08895925 -4.78516907
v -0.36887527 -0.88317107 -4.83169491
v -0.26129549 -0.81028615 -4.86385696
v -0.25206831 -0.67738289 -4.87822075
v -0.47645506 -0.95605599 -4.79953286
v -0.35964809 -0.75026781 -4.84605870
v -0.46722787 -0.82315272 -4.81389665
v -0.14448852 -0.60449797 -4.91038279
v -0.61171639 -1.42765070 -4.72427944
v -0.60248921 -1.29474743 -4.73864323
v -0.71929618 -1.50053561 -4.69211740
v -0.71006899 -1.36763235 -4.70648119
v -0.59326203 -1.16184417 -4.75300702
v -0.70084181 -1.23472908 -4.72084498
v -0.82687596 -1.57342053 -4.65995535
v -0.81764878 -1.44051726 -4.67431914
v -0.93445575 -1.64630544 -4.62779330
v -0.58403484 -1.02894090 -4.76737081
v -0.02768155 -0.39870979 -4.95690863
v -0.13526134 -0.47159471 -4.92474658
v -0.01845437 -0.26580653 -4.97127242
v -0.24284112 -0.54447963 -4.89258454
v -0.12603415 -0.33869144 -4.93911037
v -0.23361394 -0.41157636 -4.90694833
v -0.35042091 -0.61736454 -4.86042249
v -0.00922718 -0.13290326 -4.98563621
v -0.11680697 -0.20578818 -4.95347416
v -0.00000000 -0.00000000 -5.00000000
v 3.77324353 -1.44800597 2.91327813
v 3.62524807 -1.54286171 3.00959906
v 3.68073876 -1.39590450 3.03269375
v 3.53274330 -1.49076025 3.12901468
v 3.47725260 -1.63771746 3.10591999
v 3.38474783 -1.58561599 3.22533561
v 3.58823399 -1.34380304 3.15210937
v 3.44023853 -1.43865878 3.24843030
v 3.49572922 -1.29170157 3.27152498
v 3.32925714 -1.73257321 3.20224092
v 3.34773376 -1.38655732 3.36784591
v 3.29224306 -1.53351453 3.34475123
v 3.19973829 -1.48141306 3.46416684
v 3.14424760 -1.62837027 3.44107216
v 3.23675237 -1.68047174 3.32165654
v 3.08875691 -1.77532748 3.41797747
v 3.05174283 -1.57626881 3.56048777
v 2.99625214 -1.72322602 3.53739309
v 2.90374737 -1.67112455 3.65680870
v 3.18126168 -1.82742895 3.29856185
v 3.40322445 -1.23960011 3.39094060
v 3.25522899 -1.33445585 3.48726153
v 3.31071968 -1.18749864 3.51035622
v 3.16272422 -1.28235438 3.60667715
v 3.10723352 -1.42931160 3.58358246
v 3.01472875 -1.37721013 3.70299808
v 3.21821491 -1.13539717 3.62977183
v 3.07021945 -1.23025292 3.72609276
v 2.95923806 -1.52416734 3.67990339
v 3.03326621 -1.92228470 3.39488278
v 2.94076144 -1.87018323 3.51429840
v 2.88527075 -2.01714044 3.49120371
v 2.79276598 -1.96503898 3.61061933
v 2.84825667 -1.81808176 3.63371402
v 2.73727529 -2.11199619 3.58752464
v -0.06294575 -0.99041060 4.89503409
v -0.06038273 -1.09384660 4.86600753
v -0.12589150 -1.04887268 4.87768873
v -0.12332848 -1.15230868 4.84866216
v -0.05781971 -1.19728260 4.83698097
v -0.12076546 -1.25574468 4.81963560
v -0.18883726 -1.10733475 4.86034336
v -0.18627424 -1.21077076 4.83131680
v -0.25178301 -1.16579683 4.84299799
v -0.05525669 -1.30071860 4.80795440
v -0.24921999 -1.26923283 4.81397143
v -0.18371121 -1.31420676 4.80229023
v -0.24665697 -1.37266883 4.78494487
v -0.18114819 -1.41764276 4.77326367
v -0.11820244 -1.35918068 4.79060903
v -0.11563942 -1.46261668 4.76158247
v -0.24409394 -1.47610484 4.75591830
v -0.17858517 -1.52107876 4.74423710
v -0.24153092 -1.57954084 4.72689174
v -0.05269367 -1.40415460 4.77892784
v -0.31472876 -1.22425891 4.82565263
v -0.31216574 -1.32769491 4.79662606
v -0.37767451 -1.28272099 4.80830726
v -0.37511149 -1.38615699 4.77928070
v -0.30960272 -1.43113091 4.76759950
v -0.37254847 -1.48959299 4.75025413
v -0.44062027 -1.34118307 4.79096189
v -0.43805724 -1.44461907 4.76193533
v -0.50356602 -1.39964514 4.77361653
v -0.30703970 -1.53456691 4.73857293
v -0.05013064 -1.50759060 4.74990127
v -0.11307640 -1.56605268 4.73255591
v -0.04756762 -1.61102661 4.72087471
v -0.11051337 -1.66948868 4.70352934
v -0.17602215 -1.62451476 4.71521054
v -0.04500460 -1.71446261 4.69184815
v 0.90649449 -3.81460813 3.07168136
v 0.89216598 -3.70852865 3.20748370
v 1.02671719 -3.73058720 3.11362068
v 1.04104570 -3.83666669 2.97781833
v 1.01238867 -3.62450772 3.24942302
v 1.16126840 -3.75264576 3.01975765
v 1.14693989 -3.64656627 3.15555999
v 1.28149110 -3.66862483 3.06169696
v 1.17559691 -3.85872525 2.88395531
v 1.29581961 -3.77470432 2.92589462
v 1.31014813 -3.88078380 2.79009228
v 1.13261137 -3.54048679 3.29136233
v 1.26716258 -3.56254535 3.19749930
v 1.25283407 -3.45646586 3.33330164
v 1.43037082 -3.79676288 2.83203159
v 1.41604231 -3.69068339 2.96783393
v 1.55059352 -3.71274195 2.87397090
v 1.53626501 -3.60666246 3.00977324
v 1.40171380 -3.58460390 3.10363627
v 1.52193649 -3.50058297 3.14557559
v 1.67081622 -3.62872102 2.91591022
v 1.65648771 -3.52264153 3.05171256
v 1.38738528 -3.47852442 3.23943861
v 1.44469934 -3.90284236 2.69622925
v 1.56492204 -3.81882143 2.73816856
v 1.57925055 -3.92490092 2.60236622
v 1.69947325 -3.84087999 2.64430553
v 1.68514473 -3.73480050 2.78010787
v 1.71380176 -3.94695948 2.50850319
v 1.37305677 -3.37244493 3.37524096
v 1.50760798 -3.39450349 3.28137793
v 1.49327946 -3.28842400 3.41718027
v 1.64215919 -3.41656205 3.18751490
v 1.62783068 -3.31048256 3.32331724
v 1.61350216 -3.20440307 3.45911958
v 1.55565884 -3.19647212 -3.51603350
v 1.51861248 -3.07473282 -3.61380297
v 1.65159653 -2.97807214 -3.59947971
v 1.61455018 -2.85633284 -3.69724918
v 1.48156613 -2.95299353 -3.71157243
v 1.74753422 -2.75967215 -3.68292593
v 1.57750382 -2.73459354 -3.79501865
v 1.71048787 -2.63793285 -3.78069540
v 1.67344152 -2.51619355 -3.87846486
v 1.44451978 -2.83125423 -3.80934190
v 1.54045747 -2.61285424 -3.89278812
v 1.40747343 -2.70951493 -3.90711137
v 1.84347191 -2.54127216 -3.76637214
v 1.80642556 -2.41953287 -3.86414161
v 1.93940960 -2.32287218 -3.84981836
v 1.50341112 -2.49111494 -3.99055759
v 1.63639516 -2.39445426 -3.97623433
v 1.59934881 -2.27271496 -4.07400380
v 1.73233285 -2.17605427 -4.05968055
v 1.76937921 -2.29779357 -3.96191108
v 1.86531690 -2.07939358 -4.04535730
v 1.69528650 -2.05431497 -4.15745002
v 1.82827055 -1.95765428 -4.14312676
v 1.79122419 -1.83591499 -4.24089623
v 1.90236325 -2.20113288 -3.94758783
v 1.37042708 -2.58777563 -4.00488084
v 1.46636477 -2.36937565 -4.08832706
v 1.33338072 -2.46603633 -4.10265031
v 1.42931841 -2.24763635 -4.18609652
v 1.56230246 -2.15097566 -4.17177327
v 1.52525611 -2.02923636 -4.26954274
v 1.29633437 -2.34429704 -4.20041978
v 1.39227206 -2.12589705 -4.28386599
v 1.25928802 -2.22255774 -4.29818925
v 1.65824015 -1.93257567 -4.25521949
v 2.03534729 -2.10447219 -3.93326457
v 1.99830094 -1.98273289 -4.03103404
v 2.13128499 -1.88607221 -4.01671079
v 1.96125459 -1.86099360 -4.12880351
v 2.09423863 -1.76433291 -4.11448026
v 2.05719228 -1.64259361 -4.21224973
v 1.92420824 -1.73925430 -4.22657298
v 2.22722268 -1.66767222 -4.10015700
v 2.19017633 -1.54593292 -4.19792647
v 2.32316037 -1.44927223 -4.18360322
v -3.07339968 -2.36813576 3.13037624
v -3.03675955 -2.26046117 3.22270119
v -2.95262175 -2.40340860 3.20216130
v -2.91598162 -2.29573400 3.29448626
v -3.00011942 -2.15278658 3.31502614
v -2.87934149 -2.18805941 3.38681121
v -2.83184381 -2.43868143 3.27394637
v -2.79520368 -2.33100684 3.36627132
v -2.71106588 -2.47395426 3.34573144
v -2.96347929 -2.04511199 3.40735110
v -2.67442575 -2.36627967 3.43805639
v -2.75856356 -2.22333224 3.45859628
v -2.63778562 -2.25860508 3.53038135
v -2.72192343 -2.11565765 3.55092123
v -2.84270136 -2.08038482 3.47913616
v -2.80606123 -1.97271023 3.57146112
v -2.60114550 -2.15093048 3.62270630
v -2.68528330 -2.00798306 3.64324618
v -2.56450537 -2.04325589 3.71503125
v -2.92683917 -1.93743739 3.49967605
v -2.59028795 -2.50922709 3.41751651
v -2.55364782 -2.40155250 3.50984146
v -2.46951001 -2.54449993 3.48930157
v -2.43286989 -2.43682533 3.58162653
v -2.51700769 -2.29387791 3.60216641
v -2.39622976 -2.32915074 3.67395148
v -2.34873208 -2.57977276 3.56108664
v -2.31209195 -2.47209817 3.65341160
v -2.48036756 -2.18620332 3.69449137
v -2.89019904 -1.82976280 3.59200100
v -2.76942111 -1.86503563 3.66378607
v -2.85355891 -1.72208821 3.68432596
v -2.73278098 -1.75736104 3.75611102
v -2.64864317 -1.90030847 3.73557114
v -2.81691878 -1.61441362 3.77665091
v -4.48729751 -0.00000000 2.20548432
v -4.50554135 -0.16234941 2.09963977
v -4.41688012 -0.15616932 2.28427161
v -4.43512396 -0.31851874 2.17842706
v -4.52378519 -0.32469883 1.99379522
v -4.34646274 -0.31233865 2.36305890
v -4.45336781 -0.48086815 2.07258251
v -4.36470658 -0.47468806 2.25721435
v -4.38295042 -0.63703748 2.15136980
v -4.54202903 -0.48704824 1.88795067
v -4.47161165 -0.64321757 1.96673796
v -4.56027287 -0.64939766 1.78210612
v -4.27604536 -0.46850797 2.44184619
v -4.29428920 -0.63085739 2.33600164
v -4.20562798 -0.62467730 2.52063348
v -4.48985549 -0.80556698 1.86089341
v -4.40119426 -0.79938689 2.04552525
v -4.41943811 -0.96173631 1.93968070
v -4.33077688 -0.95555622 2.12431254
v -4.31253304 -0.79320680 2.23015709
v -4.24211566 -0.94937613 2.30894438
v -4.34902072 -1.11790563 2.01846799
v -4.26035950 -1.11172554 2.20309983
v -4.27860334 -1.27407496 2.09725528
v -4.22387182 -0.78702671 2.41478893
v -4.57851671 -0.81174707 1.67626157
v -4.50809933 -0.96791640 1.75504886
v -4.59676055 -0.97409649 1.57041702
v -4.52634317 -1.13026581 1.64920431
v -4.43768195 -1.12408572 1.83383615
v -4.45592579 -1.28643514 1.72799160
v -4.61500439 -1.13644590 1.46457247
v -4.54458701 -1.29261523 1.54335976
v -4.63324823 -1.29879532 1.35872792
v -4.36726456 -1.28025505 1.91262344
v -4.13521060 -0.78084662 2.59942077
v -4.15345444 -0.94319604 2.49357622
v -4.06479321 -0.93701595 2.67820806
v -4.17169828 -1.10554545 2.38773167
v -4.08303705 -1.09936536 2.57236351
v -4.10128090 -1.26171478 2.46651896
v -4.18994212 -1.26789487 2.28188712
v -3.99437583 -1.09318527 2.75699535
v -4.01261967 -1.25553469 2.65115080
v -0.43750000 -0.55399356 4.94507647
v -0.43890836 -0.61124790 4.93643968
v -0.37500000 -0.60798713 4.94040547
v -0.44031672 -0.66850224 4.92780290
v -0.37640836 -0.66524147 4.93176868
v -0.37781672 -0.72249581 4.92313190
v -0.44172508 -0.72575658 4.91916612
v -0.31250000 -0.66198069 4.93573447
v -0.31390836 -0.71923503 4.92709768
v -0.25000000 -0.71597426 4.93106346
v -0.44313343 -0.78301092 4.91052933
v -0.37922508 -0.77975015 4.91449512
v -0.38063343 -0.83700449 4.90585833
v -0.31672508 -0.83374371 4.90982411
v -0.31531672 -0.77648937 4.91846090
v -0.25281672 -0.83048294 4.91378990
v -0.31813343 -0.89099805 4.90118733
v -0.25422508 -0.88773728 4.90515311
v -0.25563343 -0.94499162 4.89651633
v -0.25140836 -0.77322860 4.92242668
v -0.44454179 -0.84026526 4.90189255
v -0.44595015 -0.89751960 4.89325577
v -0.38204179 -0.89425883 4.89722155
v -0.38345015 -0.95151317 4.88858477
v -0.44735851 -0.95477394 4.88461898
v -0.31954179 -0.94825239 4.89255055
v -0.18750000 -0.76996782 4.92639246
v -0.18890836 -0.82722216 4.91775568
v -0.12500000 -0.82396139 4.92172146
v -0.19031672 -0.88447650 4.90911890
v -0.12640836 -0.88121573 4.91308468
v -0.12781672 -0.93847007 4.90444790
v -0.19172508 -0.94173084 4.90048211
v -0.06250000 -0.87795495 4.91705046
v -0.06390836 -0.93520929 4.90841368
v -3.93148733 -1.37752201 2.72980533
v -4.02014856 -1.38370210 2.54517349
v -3.93901622 -1.50568942 2.62382802
v -4.10880978 -1.38988219 2.36054165
v -4.02767744 -1.51186951 2.43919618
v -4.11633866 -1.51804960 2.25456434
v -4.19747100 -1.39606228 2.17590981
v -3.94654510 -1.63385683 2.51785071
v -4.03520632 -1.64003692 2.33321887
v -3.95407398 -1.76202425 2.41187341
v -4.28613222 -1.40224237 1.99127797
v -4.20499989 -1.52422969 2.06993250
v -4.29366111 -1.53040978 1.88530066
v -4.21252877 -1.65239710 1.96395519
v -4.12386755 -1.64621701 2.14858703
v -4.13139643 -1.77438443 2.04260973
v -4.30118999 -1.65857719 1.77932335
v -4.22005765 -1.78056452 1.85797788
v -4.30871888 -1.78674461 1.67334604
v -4.04273521 -1.76820434 2.22724157
v -4.37479345 -1.40842246 1.80664613
v -4.46345467 -1.41460255 1.62201429
v -4.38232233 -1.53658987 1.70066882
v -4.47098355 -1.54276996 1.51603698
v -4.55211589 -1.42078264 1.43738245
v -4.38985121 -1.66475728 1.59469151
v -3.96160287 -1.89019166 2.30589610
v -4.05026409 -1.89637175 2.12126426
v -3.96913175 -2.01835907 2.19991879
v -4.13892531 -1.90255184 1.93663242
v -4.05779298 -2.02453916 2.01528695
v -4.14645420 -2.03071925 1.83065511
v -4.22758654 -1.90873193 1.75200058
v -3.97666064 -2.14652648 2.09394148
v -4.06532186 -2.15270657 1.90930964
v -3.98418952 -2.27469390 1.98796417
v -2.06181811 -0.32486574 4.50409138
v -2.07001513 -0.49037317 4.47525790
v -1.99432474 -0.48422406 4.50922720
v -2.00252177 -0.64973148 4.48039373
v -2.07821216 -0.65588060 4.44642442
v -1.92683138 -0.64358237 4.51436303
v -2.08640918 -0.82138803 4.41759094
v -2.01071879 -0.81523891 4.45156025
v -2.01891581 -0.98074634 4.42272677
v -1.94322542 -0.97459723 4.45669608
v -1.93502840 -0.80908980 4.48552955
v -1.86753503 -0.96844811 4.49066538
v -1.95142245 -1.14010466 4.42786260
v -1.87573205 -1.13395554 4.46183190
v -1.88392908 -1.29946297 4.43299843
v -1.85933801 -0.80294068 4.51949886
v -2.09460620 -0.98689546 4.38875747
v -2.10280323 -1.15240289 4.35992399
v -2.02711284 -1.14625377 4.39389329
v -2.03530986 -1.31176120 4.36505982
v -2.11100025 -1.31791032 4.33109051
v -1.95961947 -1.30561209 4.39902912
v -1.79184464 -0.96229899 4.52463469
v -1.80004166 -1.12780642 4.49580121
v -1.72435127 -1.12165731 4.52977051
v -1.73254830 -1.28716474 4.50093704
v -1.80823869 -1.29331385 4.46696773
v -1.65685791 -1.28101562 4.53490634
v -2.45720186 -3.26629197 -2.83180269
v -2.28099073 -3.22677106 -2.96569036
v -2.29774580 -3.37889794 -2.79875531
v -2.10477961 -3.18725015 -3.09957803
v -2.12153467 -3.33937703 -2.93264299
v -1.94532355 -3.29985612 -3.06653066
v -1.92856848 -3.14772923 -3.23346570
v -2.13828974 -3.49150391 -2.76570794
v -1.96207861 -3.45198300 -2.89959561
v -1.97883368 -3.60410988 -2.73266056
v -1.75235735 -3.10820832 -3.36735338
v -1.76911242 -3.26033520 -3.20041833
v -1.59290129 -3.22081429 -3.33430600
v -1.60965636 -3.37294117 -3.16737095
v -1.78586749 -3.41246208 -3.03348328
v -1.62641143 -3.52506805 -3.00043591
v -1.43344523 -3.33342026 -3.30125862
v -1.45020030 -3.48554714 -3.13432358
v -1.27398917 -3.44602623 -3.26821125
v -1.80262255 -3.56458897 -2.86654823
v -1.57614622 -3.06868741 -3.50124105
v -1.39993509 -3.02916649 -3.63512872
v -1.41669016 -3.18129338 -3.46819367
v -1.24047903 -3.14177246 -3.60208134
v -1.22372396 -2.98964558 -3.76901639
v -1.25723410 -3.29389934 -3.43514630
v -1.81937762 -3.71671585 -2.69961319
v -1.64316649 -3.67719493 -2.83350086
v -1.65992156 -3.82932181 -2.66656581
v -1.46695537 -3.63767402 -2.96738853
v -1.48371044 -3.78980090 -2.80045348
v -1.30749931 -3.75027999 -2.93434115
v -1.29074424 -3.59815311 -3.10127620
v -1.50046550 -3.94192778 -2.63351844
v -1.32425438 -3.90240687 -2.76740611
v -1.34100944 -4.05453375 -2.60047106
v -2.19017375 -2.53289796 3.70105343
v -2.27431156 -2.38995054 3.72159331
v -2.15239336 -2.45075033 3.76923515
v -2.23653116 -2.30780291 3.78977503
v -2.35844936 -2.24700311 3.74213320
v -2.32066897 -2.16485548 3.81031492
v -2.11461296 -2.36860270 3.83741686
v -2.19875077 -2.22565528 3.85795675
v -2.07683257 -2.28645507 3.90559858
v -2.44258717 -2.10405569 3.76267308
v -2.16097037 -2.14350765 3.92613847
v -2.28288857 -2.08270785 3.87849663
v -2.24510818 -2.00056022 3.94667835
v -2.36702638 -1.93976043 3.89903652
v -2.40480677 -2.02190806 3.83085480
v -2.48894458 -1.87896063 3.85139469
v -2.32924598 -1.85761280 3.96721824
v -2.45116418 -1.79681300 3.91957641
v -2.41338379 -1.71466537 3.98775812
v -2.52672497 -1.96110826 3.78321297
v -2.03905217 -2.20430744 3.97378030
v -2.12318998 -2.06136002 3.99432018
v -2.00127178 -2.12215981 4.04196202
v -2.08540958 -1.97921239 4.06250190
v -2.20732778 -1.91841259 4.01486007
v -2.16954739 -1.83626496 4.08304179
v -1.96349138 -2.04001218 4.11014373
v -2.04762919 -1.89706476 4.13068362
v -1.92571099 -1.95786455 4.17832545
v -2.29146559 -1.77546517 4.03539996
v -2.61086278 -1.81816084 3.80375286
v -2.57308238 -1.73601321 3.87193457
v -2.69500058 -1.67521341 3.82429274
v -2.65722019 -1.59306578 3.89247446
v -2.53530199 -1.65386558 3.94011629
v -2.77913839 -1.53226599 3.84483263
v 1.71818815 -3.12314334 -3.47245778
v 1.66984518 -3.26411745 -3.35416966
v 1.83237450 -3.19078867 -3.31059394
v 1.88071746 -3.04981457 -3.42888206
v 1.78403153 -3.33176278 -3.19230583
v 1.99490381 -3.11745990 -3.26701823
v 1.94656084 -3.25843400 -3.14873011
v 2.10909016 -3.18510523 -3.10515439
v 2.04324677 -2.97648579 -3.38530634
v 2.15743312 -3.04413112 -3.22344251
v 2.20577609 -2.90315701 -3.34173062
v 1.89821788 -3.39940811 -3.03044200
v 2.06074719 -3.32607933 -2.98686628
v 2.01240422 -3.46705344 -2.86857816
v 2.31996243 -2.97080234 -3.17986679
v 2.27161947 -3.11177645 -3.06157867
v 2.43414878 -3.03844767 -3.01800295
v 2.38580582 -3.17942178 -2.89971484
v 2.22327650 -3.25275055 -2.94329056
v 2.33746285 -3.32039588 -2.78142673
v 2.54833513 -3.10609300 -2.85613912
v 2.49999216 -3.24706711 -2.73785101
v 2.66252148 -3.17373833 -2.69427529
v 2.17493354 -3.39372466 -2.82500244
v 2.36830540 -2.82982823 -3.29815490
v 2.48249175 -2.89747356 -3.13629107
v 2.53083471 -2.75649946 -3.25457918
v 2.64502106 -2.82414479 -3.09271535
v 2.59667809 -2.96511889 -2.97442723
v 2.75920741 -2.89179012 -2.93085151
v 2.69336402 -2.68317068 -3.21100346
v 2.80755037 -2.75081601 -3.04913963
v 2.85589334 -2.60984190 -3.16742774
v 2.71086444 -3.03276422 -2.81256340
v 2.12659057 -3.53469877 -2.70671433
v 2.28911988 -3.46136999 -2.66313861
v 2.24077692 -3.60234410 -2.54485050
v 2.45164920 -3.38804121 -2.61956289
v 2.40330623 -3.52901532 -2.50127478
v 2.56583554 -3.45568654 -2.45769906
v 2.61417851 -3.31471243 -2.57598717
v 2.35496327 -3.66998943 -2.38298666
v 2.51749258 -3.59666065 -2.33941094
v 2.46914961 -3.73763475 -2.22112283
v -0.43846717 -3.19634391 3.80211184
v -0.41243745 -3.10374534 3.87075680
v -0.53076190 -3.10559177 3.85253550
v -0.38640773 -3.01114677 3.93940176
v -0.50473218 -3.01299319 3.92118046
v -0.47870246 -2.92039462 3.98982542
v -0.36037801 -2.91854819 4.00804672
v -0.62305663 -3.01483962 3.90295917
v -0.59702691 -2.92224105 3.97160413
v -0.71535136 -2.92408748 3.95338283
v -0.33434829 -2.82594962 4.07669168
v -0.45267274 -2.82779605 4.05847038
v -0.42664302 -2.73519747 4.12711534
v -0.54496747 -2.73704390 4.10889405
v -0.57099719 -2.82964248 4.04024909
v -0.66329192 -2.73889033 4.09067275
v -0.51893775 -2.64444533 4.17753901
v -0.63726220 -2.64629176 4.15931771
v -0.61123248 -2.55369318 4.22796267
v -0.68932164 -2.83148890 4.02202779
v -0.30831857 -2.73335105 4.14533664
v -0.28228885 -2.64075247 4.21398160
v -0.40061330 -2.64259890 4.19576030
v -0.37458358 -2.55000033 4.26440526
v -0.25625913 -2.54815390 4.28262656
v -0.49290803 -2.55184676 4.24618397
v -0.80764609 -2.83333533 4.00380650
v -0.78161637 -2.74073676 4.07245146
v -0.89994082 -2.74258318 4.05423016
v -0.75558665 -2.64813818 4.14109642
v -0.87391110 -2.64998461 4.12287512
v -0.84788138 -2.55738604 4.19152008
v -0.72955693 -2.55553961 4.20974138
v -0.99223555 -2.65183104 4.10465383
v -0.96620583 -2.55923247 4.17329879
v 0.57624604 -1.43501004 4.74119678
v 0.49784142 -1.49487834 4.72751102
v 0.58315556 -1.52966170 4.70642626
v 0.50475094 -1.58953001 4.69274049
v 0.41943680 -1.55474665 4.71382525
v 0.59006508 -1.62431336 4.67165573
v 0.34103218 -1.61461496 4.70013949
v 0.42634632 -1.64939832 4.67905472
v 0.34794170 -1.70926662 4.66536896
v 0.43325584 -1.74404998 4.64428419
v 0.51166046 -1.68418167 4.65796996
v 0.51856998 -1.77883333 4.62319943
v 0.35485122 -1.80391829 4.63059843
v 0.44016536 -1.83870164 4.60951366
v 0.59697460 -1.71896503 4.63688520
v 0.26262756 -1.67448327 4.68645372
v 0.18422294 -1.73435158 4.67276795
v 0.26953708 -1.76913493 4.65168319
v 0.60388413 -1.81361669 4.60211467
v 0.52547951 -1.87348500 4.58842890
v 0.61079365 -1.90826835 4.56734414
v 1.57860731 -2.15778969 4.21253835
v 1.46562224 -2.12941279 4.25672498
v 1.55031672 -2.05086080 4.26708092
v 1.43733164 -2.02248390 4.31126756
v 1.35263716 -2.10103589 4.30091162
v 1.32434657 -1.99410700 4.35545419
v 1.52202612 -1.94393191 4.32162350
v 1.40904105 -1.91555500 4.36581013
v 1.49373553 -1.83700301 4.37616607
v 1.23965209 -2.07265899 4.34509825
v 1.38075046 -1.80862611 4.42035271
v 1.29605598 -1.88717810 4.40999677
v 1.26776538 -1.78024921 4.46453934
v 1.18307090 -1.85880120 4.45418340
v 1.21136150 -1.96573009 4.39964083
v 1.09837642 -1.93735319 4.44382746
v 1.15478031 -1.75187231 4.50872597
v 1.07008583 -1.83042430 4.49837003
v 1.12666702 -2.04428208 4.38928489
v 1.46544494 -1.73007412 4.43070865
v 1.35245986 -1.70169722 4.47489528
v 1.43715434 -1.62314523 4.48525122
v 1.32416927 -1.59476833 4.52943785
v 1.23947479 -1.67332032 4.51908191
v 1.40886375 -1.51621634 4.53979379
v 1.01368194 -2.01590518 4.43347152
v 0.98539135 -1.90897629 4.48801409
v 0.90069687 -1.98752828 4.47765815
v -0.60358551 -2.07384352 4.50941876
v -0.67401658 -2.03662609 4.51147498
v -0.66370361 -2.13474794 4.46512611
v -0.73413467 -2.09753052 4.46718232
v -0.74444764 -1.99940867 4.51353120
v -0.72382170 -2.19565236 4.42083345
v -0.80456574 -2.06031309 4.46923854
v -0.79425277 -2.15843494 4.42288966
v -0.86468384 -2.12121752 4.42494588
v -0.81487871 -1.96219125 4.51558741
v -0.87499681 -2.02309567 4.47129476
v -0.88530978 -1.92497383 4.51764363
v -0.78393980 -2.25655678 4.37654079
v -0.85437087 -2.21933936 4.37859700
v -0.84405790 -2.31746121 4.33224813
v -0.94542787 -1.98587825 4.47335097
v -0.93511490 -2.08400009 4.42700210
v -1.00554597 -2.04678267 4.42905831
v -0.99523300 -2.14490451 4.38270944
v -0.92480193 -2.18212194 4.38065322
v -0.98492003 -2.24302636 4.33636056
v -1.06566406 -2.10768709 4.38476565
v -1.05535110 -2.20580894 4.33841678
v -1.12578216 -2.16859151 4.34047299
v -0.91448896 -2.28024378 4.33430435
v -0.95574084 -1.88775640 4.51969985
v -1.01585894 -1.94866082 4.47540719
v -1.02617191 -1.85053898 4.52175606
v -1.08629000 -1.91144340 4.47746340
v -1.07597703 -2.00956525 4.43111453
v -1.14640810 -1.97234782 4.43317075
v -1.09660297 -1.81332156 4.52381228
v -1.15672107 -1.87422598 4.47951962
v -1.16703404 -1.77610413 4.52586850
v -1.13609513 -2.07046967 4.38682187
v -0.90417599 -2.37836563 4.28795547
v -0.97460706 -2.34114820 4.29001169
v -0.96429409 -2.43927005 4.24366281
v -1.04503813 -2.30393078 4.29206790
v -1.03472516 -2.40205263 4.24571903
v -1.10515622 -2.36483520 4.24777524
v -1.11546919 -2.26671336 4.29412412
v -1.02441219 -2.50017447 4.19937015
v -1.09484325 -2.46295705 4.20142637
v 2.38975199 -1.59434344 -4.05658128
v 2.29381430 -1.81274343 -3.97313507
v 2.45634361 -1.73941465 -3.92955935
v 2.36040592 -1.95781464 -3.84611313
v 2.19787661 -2.03114341 -3.88968885
v 2.26446823 -2.17621462 -3.76266692
v 2.52293523 -1.88448586 -3.80253741
v 2.42699754 -2.10288585 -3.71909120
v 2.58952685 -2.02955707 -3.67551548
v 2.10193892 -2.24954340 -3.80624264
v 2.49358916 -2.24795705 -3.59206926
v 2.33105985 -2.32128583 -3.63564498
v 2.39765147 -2.46635704 -3.50862305
v 2.23512216 -2.53968582 -3.55219877
v 2.16853054 -2.39461461 -3.67922070
v 2.07259284 -2.61301459 -3.59577449
v 2.30171378 -2.68475703 -3.42517683
v 2.13918447 -2.75808580 -3.46875255
v 2.00600122 -2.46794339 -3.72279642
v 2.65611847 -2.17462828 -3.54849354
v 2.56018078 -2.39302826 -3.46504733
v 2.72271010 -2.31969949 -3.42147161
v 2.62677240 -2.53809947 -3.33802539
v 2.46424309 -2.61142825 -3.38160111
v 2.78930172 -2.46477069 -3.29444968
v 1.91006353 -2.68634337 -3.63935021
v 1.97665515 -2.83141458 -3.51232827
v 1.81412584 -2.90474336 -3.55590399
v -3.76212279 -1.78319780 -2.71586429
v -3.83575263 -1.55562663 -2.68559760
v -3.86902809 -1.74582626 -2.54643614
v -3.94265793 -1.51825509 -2.51616945
v -3.90938247 -1.32805547 -2.65533091
v -4.01628777 -1.29068393 -2.48590277
v -3.97593340 -1.70845472 -2.37700799
v -4.04956324 -1.48088355 -2.34674131
v -4.08283870 -1.67108318 -2.20757985
v -3.98301231 -1.10048430 -2.62506423
v -4.15646854 -1.44351201 -2.17731316
v -4.12319308 -1.25331239 -2.31647462
v -4.23009838 -1.21594084 -2.14704648
v -4.19682292 -1.02574122 -2.28620794
v -4.08991762 -1.06311276 -2.45563608
v -4.16354746 -0.83554159 -2.42536940
v -4.30372822 -0.98836968 -2.11677979
v -4.27045276 -0.79817005 -2.25594125
v -4.37735806 -0.76079851 -2.08651311
v -4.05664215 -0.87291313 -2.59479754
v -4.18974400 -1.63371164 -2.03815170
v -4.26337385 -1.40614047 -2.00788502
v -4.29664931 -1.59634010 -1.86872356
v -4.37027915 -1.36876893 -1.83845687
v -4.33700369 -1.17856930 -1.97761833
v -4.44390899 -1.14119776 -1.80819019
v -4.40355461 -1.55896856 -1.69929541
v -4.47718445 -1.33139739 -1.66902873
v -4.51045992 -1.52159702 -1.52986727
v -4.41063353 -0.95099814 -1.94735165
v -4.13027199 -0.64534196 -2.56453086
v -4.23717730 -0.60797042 -2.39510271
v -4.20390183 -0.41777080 -2.53426417
v -4.31080714 -0.38039925 -2.36483602
v -4.34408260 -0.57059888 -2.22567456
v -4.27753168 -0.19019963 -2.50399748
v -1.27654445 -3.42748895 3.38782650
v -1.23592889 -3.31668068 3.49023040
v -1.14363416 -3.40743282 3.43980674
v -1.10301860 -3.29662455 3.54221064
v -1.19531334 -3.20587241 3.59263431
v -1.06240305 -3.18581628 3.64461455
v -1.01072387 -3.38737670 3.49178698
v -0.97010832 -3.27656842 3.59419088
v -0.87781359 -3.36732057 3.54376722
v -1.15469778 -3.09506413 3.69503821
v -0.83719803 -3.25651230 3.64617112
v -0.92949276 -3.16576015 3.69659479
v -0.79658247 -3.14570402 3.74857503
v -0.88887720 -3.05495188 3.79899869
v -1.02178749 -3.07500800 3.74701845
v -0.98117193 -2.96419973 3.84942235
v -0.75596691 -3.03489575 3.85097893
v -0.84826165 -2.94414360 3.90140259
v -1.11408222 -2.98425586 3.79744212
v -0.74490330 -3.34726444 3.59574746
v -0.70428774 -3.23645617 3.69815136
v -0.61199301 -3.32720831 3.64772770
v -0.57137745 -3.21640004 3.75013160
v -0.66367218 -3.12564789 3.80055526
v -0.47908272 -3.30715218 3.69970794
v -1.07346666 -2.87344759 3.89984602
v -0.94055638 -2.85339146 3.95182626
v -1.03285111 -2.76263931 4.00224992
v -1.95833344 -1.87863891 4.19317492
v -2.08025164 -1.81783912 4.14553309
v -1.99095590 -1.79941327 4.20802439
v -2.11287410 -1.73861348 4.16038256
v -2.20216984 -1.75703932 4.09789126
v -2.23479230 -1.67781368 4.11274073
v -2.02357836 -1.72018763 4.22287386
v -2.14549656 -1.65938784 4.17523203
v -2.05620081 -1.64096199 4.23772333
v -2.32408804 -1.69623953 4.05024942
v -2.17811901 -1.58016220 4.19008150
v -2.26741476 -1.59858804 4.12759020
v -2.30003721 -1.51936240 4.14243966
v -2.38933296 -1.53778825 4.07994836
v -2.35671050 -1.61701389 4.06509889
v -2.47862870 -1.55621409 4.01745706
v -2.42195541 -1.45856261 4.09479783
v -2.51125116 -1.47698845 4.03230653
v -2.44600624 -1.63543973 4.00260759
v -2.08882327 -1.56173635 4.25257280
v -2.21074147 -1.50093656 4.20493097
v -2.12144573 -1.48251071 4.26742227
v -2.24336393 -1.42171092 4.21978044
v -2.33265967 -1.44013676 4.15728913
v -2.15406818 -1.40328507 4.28227174
v -2.56792444 -1.57463994 3.95496576
v -2.60054690 -1.49541430 3.96981523
v -2.68984264 -1.51384014 3.90732393
v 4.96470787 0.00000000 0.59302257
v 4.90891850 -0.14432667 0.74427615
v 4.91808641 -0.23262222 0.60300035
v 4.86229704 -0.37694889 0.75425393
v 4.85312912 -0.28865335 0.89552973
v 4.87146496 -0.46524444 0.61297813
v 4.80650767 -0.52127557 0.90550751
v 4.81567559 -0.60957111 0.76423171
v 4.75988621 -0.75389779 0.91548529
v 4.79733975 -0.43298002 1.04678331
v 4.75071830 -0.66560224 1.05676109
v 4.74155038 -0.57730669 1.19803689
v 4.82484351 -0.69786666 0.62295591
v 4.76905413 -0.84219334 0.77420949
v 4.77822205 -0.93048888 0.63293369
v 4.69492892 -0.80992891 1.20801467
v 4.70409684 -0.89822446 1.06673887
v 4.64830747 -1.04255113 1.21799245
v 4.65747539 -1.13084668 1.07671665
v 4.71326476 -0.98652001 0.92546307
v 4.66664330 -1.21914223 0.93544085
v 4.60168601 -1.27517336 1.22797023
v 4.61085393 -1.36346890 1.08669443
v 4.55506456 -1.50779558 1.23794801
v 4.72243268 -1.07481556 0.78418727
v 4.68576100 -0.72163337 1.34929047
v 4.63913955 -0.95425559 1.35926825
v 4.62997163 -0.86596004 1.50054405
v 4.58335018 -1.09858226 1.51052183
v 4.59251809 -1.18687781 1.36924603
v 4.53672872 -1.33120448 1.52049961
v 4.57418226 -1.01028671 1.65179763
v 4.52756080 -1.24290893 1.66177541
v 4.51839288 -1.15461339 1.80305121
v 4.54589664 -1.41950003 1.37922381
v 4.73160060 -1.16311110 0.64291147
v 4.67581122 -1.30743778 0.79416505
v 4.68497914 -1.39573332 0.65288925
v 4.62002185 -1.45176445 0.94541863
v 4.62918977 -1.54006000 0.80414283
v 4.57340039 -1.68438667 0.95539641
v 4.56423248 -1.59609112 1.09667221
v 4.63835769 -1.62835554 0.66286703
v 4.58256831 -1.77268222 0.81412061
v 4.59173623 -1.86097776 0.67284482
v 0.66886066 -4.49823151 2.07810941
v 0.68174599 -4.41002127 2.21403878
v 0.53086545 -4.44956764 2.17029252
v 0.54375077 -4.36135740 2.30622189
v 0.69463132 -4.32181102 2.34996816
v 0.39287023 -4.40090378 2.26247563
v 0.55663610 -4.27314716 2.44215127
v 0.40575556 -4.31269354 2.39840501
v 0.41864089 -4.22448330 2.53433438
v 0.70751664 -4.23360078 2.48589753
v 0.56952143 -4.18493692 2.57808064
v 0.72040197 -4.14539054 2.62182690
v 0.25487502 -4.35223992 2.35465874
v 0.26776035 -4.26402967 2.49058812
v 0.11687981 -4.30357605 2.44684185
v 0.58240676 -4.09672668 2.71401001
v 0.43152622 -4.13627305 2.67026375
v 0.44441154 -4.04806281 2.80619312
v 0.29353100 -4.08760919 2.76244686
v 0.28064567 -4.17581943 2.62651749
v 0.14265046 -4.12715557 2.71870060
v 0.30641633 -3.99939895 2.89837623
v 0.15553579 -4.03894533 2.85462997
v 0.12976513 -4.21536581 2.58277123
v 0.73328730 -4.05718030 2.75775627
v 0.59529208 -4.00851644 2.84993938
v 0.74617262 -3.96897006 2.89368565
v 0.60817741 -3.92030619 2.98586876
v 0.45729687 -3.95985257 2.94212250
v 0.75905795 -3.88075982 3.02961502
v -0.02111541 -4.25491219 2.53902496
v -0.00823008 -4.16670195 2.67495434
v -0.15911062 -4.20624832 2.63120807
v 0.00465525 -4.07849170 2.81088371
v -0.14622529 -4.11803808 2.76713745
v -0.29710583 -4.15758446 2.72339119
v 1.71787149 -3.01342420 3.58317600
v 1.60657086 -3.08574433 3.56967497
v 1.59071749 -2.97878638 3.65179208
v 1.70201812 -2.90646625 3.66529311
v 1.47941686 -3.05110651 3.63829105
v 1.57486412 -2.87182844 3.73390919
v 1.46356349 -2.94414856 3.72040816
v 1.44771013 -2.83719062 3.80252528
v 1.68616475 -2.79950831 3.74741022
v 1.55901075 -2.76487049 3.81602631
v 1.67031138 -2.69255036 3.82952734
v 1.35226287 -3.01646869 3.70690714
v 1.33640950 -2.90951075 3.78902425
v 1.22510887 -2.98183088 3.77552322
v 1.54315739 -2.65791254 3.89814342
v 1.43185676 -2.73023267 3.88464239
v 1.41600339 -2.62327473 3.96675950
v 1.30470276 -2.69559486 3.95325847
v 1.32055613 -2.80255280 3.87114136
v 1.19340213 -2.76791498 3.93975744
v 1.28884939 -2.58863691 4.03537558
v 1.17754876 -2.66095704 4.02187455
v 1.20925550 -2.87487293 3.85764033
v 1.65445801 -2.58559242 3.91164445
v 1.52730402 -2.55095460 3.98026053
v 1.63860465 -2.47863447 3.99376156
v 1.51145065 -2.44399665 4.06237764
v 1.40015002 -2.51631678 4.04887661
v 1.62275128 -2.37167653 4.07587867
v 1.09795487 -2.94719306 3.84413930
v 1.08210150 -2.84023511 3.92625641
v 0.97080087 -2.91255524 3.91275538
v 1.06624813 -2.73327717 4.00837352
v 0.95494750 -2.80559730 3.99487249
v 0.84364687 -2.87791742 3.98137146
v 0.09217322 -0.17587138 -4.96761991
v 0.08294603 -0.30877465 -4.95325612
v 0.18434644 -0.35174276 -4.93523981
v 0.17511925 -0.48464603 -4.92087603
v 0.07371885 -0.44167791 -4.93889233
v 0.16589207 -0.61754929 -4.90651224
v 0.27651966 -0.52761415 -4.90285972
v 0.26729247 -0.66051741 -4.88849593
v 0.36869288 -0.70348553 -4.87047963
v 0.06449167 -0.57458118 -4.92452854
v 0.35946569 -0.83638879 -4.85611584
v 0.25806529 -0.79342067 -4.87413214
v 0.35023851 -0.96929206 -4.84175205
v 0.24883810 -0.92632394 -4.85976835
v 0.15666489 -0.75045256 -4.89214845
v 0.14743770 -0.88335582 -4.87778466
v 0.34101132 -1.10219532 -4.82738826
v 0.23961092 -1.05922720 -4.84540456
v 0.33178414 -1.23509859 -4.81302447
v 0.05526448 -0.70748444 -4.91016475
v 0.46086609 -0.87935691 -4.83809954
v 0.45163891 -1.01226017 -4.82373575
v 0.55303931 -1.05522829 -4.80571944
v 0.54381213 -1.18813156 -4.79135566
v 0.44241173 -1.14516344 -4.80937196
v 0.53458494 -1.32103482 -4.77699187
v 0.64521253 -1.23109967 -4.77333935
v 0.63598535 -1.36400294 -4.75897556
v 0.73738575 -1.40697106 -4.74095926
v 0.43318454 -1.27806670 -4.79500817
v 0.04603730 -0.84038770 -4.89580096
v 0.13821052 -1.01625909 -4.86342087
v 0.03681011 -0.97329097 -4.88143717
v 0.12898333 -1.14916235 -4.84905708
v 0.23038374 -1.19213047 -4.83104077
v 0.02758293 -1.10619423 -4.86707338
v 4.46317659 -1.40060304 -1.76588952
v 4.44712318 -1.52565224 -1.62855411
v 4.35662023 -1.55960491 -1.81957810
v 4.34056682 -1.68465411 -1.68224268
v 4.43106976 -1.65070144 -1.49121869
v 4.25006387 -1.71860678 -1.87326667
v 4.32451340 -1.80970331 -1.54490727
v 4.23401045 -1.84365598 -1.73593126
v 4.21795704 -1.96870518 -1.59859585
v 4.41501634 -1.77575063 -1.35388328
v 4.30845998 -1.93475250 -1.40757186
v 4.39896292 -1.90079983 -1.21654787
v 4.14350751 -1.87760865 -1.92695525
v 4.12745409 -2.00265785 -1.78961984
v 4.03695115 -2.03661052 -1.98064383
v 4.29240656 -2.05980170 -1.27023644
v 4.20190362 -2.09375437 -1.46126043
v 4.18585020 -2.21880357 -1.32392502
v 4.09534726 -2.25275624 -1.51494901
v 4.11140067 -2.12770705 -1.65228442
v 4.00484431 -2.28670892 -1.70597300
v 4.07929384 -2.37780544 -1.37761360
v 3.98879089 -2.41175811 -1.56863759
v 3.97273748 -2.53680731 -1.43130217
v 4.02089773 -2.16165972 -1.84330841
v 4.38290951 -2.02584903 -1.07921246
v 4.27635314 -2.18485090 -1.13290103
v 4.36685609 -2.15089823 -0.94187704
v 4.26029973 -2.30990010 -0.99556562
v 4.16979678 -2.34385277 -1.18658961
v 4.15374337 -2.46890197 -1.04925419
v 4.35080267 -2.27594742 -0.80454163
v 4.24424631 -2.43494929 -0.85823021
v 4.33474925 -2.40099662 -0.66720622
v 4.06324042 -2.50285464 -1.24027818
v 3.93039478 -2.19561239 -2.03433240
v 3.91434137 -2.32066159 -1.89699699
v 3.82383842 -2.35461426 -2.08802098
v 3.89828795 -2.44571079 -1.75966158
v 3.80778500 -2.47966346 -1.95068556
v 3.79173159 -2.60471266 -1.81335015
v 3.88223453 -2.57075998 -1.62232616
v 3.71728206 -2.51361613 -2.14170955
v 3.70122864 -2.63866533 -2.00437414
v 3.61072570 -2.67261800 -2.19539813
v 2.29376170 0.00000000 4.40787362
v 2.41933616 -0.13541196 4.31054842
v 2.46640894 0.00000000 4.28795822
v 2.54491062 -0.27082393 4.21322323
v 2.59198340 -0.13541196 4.19063302
v 2.71755786 -0.27082393 4.09330782
v 2.67048508 -0.40623589 4.11589803
v 2.63905618 0.00000000 4.16804281
v 2.76463064 -0.13541196 4.07071761
v 2.81170342 0.00000000 4.04812740
v 2.79605954 -0.54164785 4.01857283
v 2.84313232 -0.40623589 3.99598262
v 2.96870678 -0.54164785 3.89865743
v 3.01577956 -0.40623589 3.87606722
v 2.89020510 -0.27082393 3.97339242
v 3.06285234 -0.27082393 3.85347701
v 3.14135402 -0.54164785 3.77874202
v 3.18842680 -0.40623589 3.75615181
v 3.31400126 -0.54164785 3.65882662
v 2.93727788 -0.13541196 3.95080221
v 2.92163400 -0.67705982 3.92124764
v 3.04720846 -0.81247178 3.82392244
v 3.09428124 -0.67705982 3.80133223
v 3.21985570 -0.81247178 3.70400703
v 3.17278292 -0.94788374 3.72659724
v 3.26692848 -0.67705982 3.68141683
v 2.98435066 0.00000000 3.92821200
v 3.10992512 -0.13541196 3.83088680
v 3.15699790 0.00000000 3.80829659
v 3.23549958 -0.27082393 3.73356161
v 3.28257236 -0.13541196 3.71097140
v 3.40814682 -0.27082393 3.61364620
v 3.36107404 -0.40623589 3.63623641
v 3.32964514 0.00000000 3.68838119
v 3.45521960 -0.13541196 3.59105599
v 3.50229239 0.00000000 3.56846578
v 3.54772437 -0.18751343 3.47164038
v 3.62541803 0.00000000 3.39809310
v 3.67085001 -0.18751343 3.30126769
v 3.59315636 -0.37502686 3.37481497
v 3.74854367 0.00000000 3.22772042
v 3.71628200 -0.37502686 3.20444228
v 3.79397565 -0.18751343 3.13089501
v 3.83940764 -0.37502686 3.03406960
v 3.63858835 -0.56254029 3.27798956
v 3.76171399 -0.56254029 3.10761688
v 3.68402034 -0.75005372 3.18116415
v 3.87166931 0.00000000 3.05734774
v 3.91710129 -0.18751343 2.96052233
v 3.99479495 0.00000000 2.88697505
v 3.80714598 -0.75005372 3.01079147
v 3.88483963 -0.56254029 2.93724419
v 3.93027162 -0.75005372 2.84041878
v 4.00796527 -0.56254029 2.76687151
v 3.96253328 -0.37502686 2.86369692
v 4.08565892 -0.37502686 2.69332424
v 4.05339726 -0.75005372 2.67004610
v 4.13109091 -0.56254029 2.59649883
v 4.17652290 -0.75005372 2.49967342
v 4.04022694 -0.18751343 2.79014964
v 3.72945233 -0.93756715 3.08433874
v 3.85257797 -0.93756715 2.91396606
v 3.77488432 -1.12508058 2.98751333
v 3.89800996 -1.12508058 2.81714065
v 3.97570361 -0.93756715 2.74359338
v 4.02113560 -1.12508058 2.64676797
v 3.82031631 -1.31259401 2.89068793
v 3.94344195 -1.31259401 2.72031524
v 4.09882925 -0.93756715 2.57322069
v 4.11792059 0.00000000 2.71660237
v 4.16335258 -0.18751343 2.61977696
v 4.24104623 0.00000000 2.54622969
v 4.20878456 -0.37502686 2.52295155
v 4.28647822 -0.18751343 2.44940428
v 4.33191020 -0.37502686 2.35257887
v 4.25421655 -0.56254029 2.42612614
v 4.36417187 0.00000000 2.37585700
v 4.40960386 -0.18751343 2.27903160
v 4.48729751 0.00000000 2.20548432
v 2.30649994 -3.78188337 -2.27169980
v 2.19231359 -3.71423804 -2.43356364
v 2.14385026 -3.82613199 -2.32227678
v 2.02966392 -3.75848666 -2.48414061
v 2.07812724 -3.64659271 -2.59542747
v 1.91547757 -3.69084133 -2.64600444
v 1.98120059 -3.87038060 -2.37285375
v 1.86701424 -3.80273527 -2.53471758
v 1.81855091 -3.91462922 -2.42343072
v 1.96394090 -3.57894738 -2.75729130
v 1.70436457 -3.84698389 -2.58529456
v 1.75282789 -3.73508994 -2.69658142
v 1.59017822 -3.77933856 -2.74715839
v 1.63864155 -3.66744461 -2.85844525
v 1.80129122 -3.62319600 -2.80786828
v 1.68710487 -3.55555067 -2.96973211
v 1.47599187 -3.71169323 -2.90902222
v 1.52445520 -3.59979929 -3.02030908
v 1.36180552 -3.64404790 -3.07088606
v 1.84975455 -3.51130205 -2.91915514
v 1.65590124 -3.95887783 -2.47400770
v 1.54171489 -3.89123250 -2.63587153
v 1.49325156 -4.00312645 -2.52458467
v 1.37906521 -3.93548112 -2.68644850
v 1.42752854 -3.82358718 -2.79773536
v 1.26487887 -3.86783579 -2.84831234
v 1.33060189 -4.04737507 -2.57516164
v 1.21641554 -3.97972974 -2.73702548
v 1.16795221 -4.09162368 -2.62573862
v 1.31334220 -3.75594185 -2.95959920
v 1.73556820 -3.44365672 -3.08101897
v 1.57291853 -3.48790534 -3.13159594
v 1.62138186 -3.37601140 -3.24288280
v 1.45873218 -3.42026001 -3.29345978
v 1.41026885 -3.53215396 -3.18217292
v 1.50719551 -3.30836607 -3.40474664
v 3.58813783 -2.77793510 -2.03814246
v 3.67864078 -2.74398243 -1.84711847
v 3.56554997 -2.88325221 -1.88088680
v 3.76914372 -2.71002976 -1.65609448
v 3.65605292 -2.84929953 -1.68986281
v 3.74655586 -2.81534686 -1.49883882
v 3.85964667 -2.67607709 -1.46507050
v 3.54296211 -2.98856931 -1.72363113
v 3.63346505 -2.95461664 -1.53260714
v 3.52037424 -3.09388641 -1.56637546
v 3.95014961 -2.64212441 -1.27404651
v 3.83705880 -2.78139419 -1.30781483
v 3.92756175 -2.74744152 -1.11679084
v 3.81447094 -2.88671129 -1.15055916
v 3.72396800 -2.92066396 -1.34158315
v 3.70138013 -3.02598107 -1.18432748
v 3.90497389 -2.85275862 -0.95953517
v 3.79188308 -2.99202839 -0.99330349
v 3.88238602 -2.95807572 -0.80227950
v 3.61087719 -3.05993374 -1.37535147
v 4.04065256 -2.60817174 -1.08302252
v 4.13115550 -2.57421907 -0.89199853
v 4.01806469 -2.71348884 -0.92576685
v 4.10856764 -2.67953617 -0.73474286
v 4.22165845 -2.54026640 -0.70097454
v 3.99547683 -2.81880595 -0.76851118
v 3.49778638 -3.19920351 -1.40911979
v 3.58828932 -3.16525084 -1.21809580
v 3.47519852 -3.30452062 -1.25186412
v 3.67879227 -3.13129817 -1.02707181
v 3.56570146 -3.27056794 -1.06084014
v 3.65620441 -3.23661527 -0.86981615
v 3.76929521 -3.09734550 -0.83604782
v 3.45261065 -3.40983772 -1.09460846
v 3.54311360 -3.37588505 -0.90358447
v 3.43002279 -3.51515482 -0.93735279
v 0.88523468 -3.58986990 3.31803910
v 1.00545737 -3.50584897 3.35997841
v 0.87830338 -3.47121115 3.42859449
v 0.99852607 -3.38719023 3.47053380
v 1.12568007 -3.42182804 3.40191772
v 0.87137207 -3.35255241 3.53914988
v 1.24590277 -3.33780711 3.44385704
v 1.11874877 -3.30316930 3.51247312
v 1.23897147 -3.21914837 3.55441243
v 1.11181747 -3.18451055 3.62302851
v 0.99159477 -3.26853148 3.58108920
v 0.98466347 -3.14987273 3.69164459
v 1.23204017 -3.10048962 3.66496782
v 1.10488617 -3.06585180 3.73358390
v 0.86444077 -3.23389366 3.64970528
v 1.36612547 -3.25378618 3.48579635
v 1.48634816 -3.16976526 3.52773566
v 1.35919417 -3.13512744 3.59635174
v 0.85750947 -3.11523492 3.76026067
v 0.97773217 -3.03121399 3.80219998
v 0.85057817 -2.99657617 3.87081606
v 2.77594757 -2.96585189 2.84696834
v 2.74050249 -2.86598190 2.96522504
v 2.62199503 -2.97366050 2.95730366
v 2.58654995 -2.87379051 3.07556037
v 2.70505742 -2.76611192 3.08348175
v 2.46804249 -2.98146911 3.06763898
v 2.66961235 -2.66624194 3.20173846
v 2.55110488 -2.77392053 3.19381707
v 2.51565981 -2.67405055 3.31207378
v 2.39715234 -2.78172914 3.30415240
v 2.43259741 -2.88159912 3.18589569
v 2.27864487 -2.88940774 3.29623101
v 2.36170727 -2.68185916 3.42240910
v 2.24319980 -2.78953775 3.41448772
v 2.20775473 -2.68966777 3.53274443
v 2.31408995 -2.98927772 3.17797431
v 2.63416727 -2.56637196 3.31999516
v 2.59872220 -2.46650197 3.43825187
v 2.48021473 -2.57418057 3.43033049
v 2.44476966 -2.47431058 3.54858719
v 2.56327713 -2.36663199 3.55650857
v 2.32626220 -2.58198918 3.54066581
v 2.16013741 -2.99708633 3.28830963
v 2.12469233 -2.89721635 3.40656634
v 2.00618487 -3.00489494 3.39864495
v 1.97073979 -2.90502496 3.51690166
v 2.08924726 -2.79734636 3.52482304
v 1.85223233 -3.01270355 3.50898028
v -1.18967787 -2.48567710 4.15798349
v -1.33260585 -2.49242294 4.09270776
v -1.29482546 -2.41027531 4.16088948
v -1.43775344 -2.41702115 4.09561376
v -1.47553384 -2.49916878 4.02743204
v -1.58068142 -2.42376698 4.03033804
v -1.39997305 -2.33487352 4.16379548
v -1.54290103 -2.34161935 4.09851975
v -1.50512063 -2.25947172 4.16670147
v -1.61846182 -2.50591461 3.96215632
v -1.64804862 -2.26621756 4.10142575
v -1.68582901 -2.34836519 4.03324403
v -1.79097660 -2.27296340 4.03615003
v -1.82875700 -2.35511103 3.96796831
v -1.72360941 -2.43051282 3.96506231
v -1.86653739 -2.43725866 3.89978659
v -1.93390458 -2.27970924 3.97087430
v -1.97168498 -2.36185687 3.90269259
v -1.76138980 -2.51266045 3.89688060
v -1.61026822 -2.18406993 4.16960747
v -1.75319620 -2.19081577 4.10433174
v -1.71541581 -2.10866814 4.17251346
v -1.85834379 -2.11541398 4.10723774
v -1.89612419 -2.19756161 4.03905602
v -1.82056340 -2.03326635 4.17541946
v -1.90431779 -2.51940629 3.83160487
v -2.00946537 -2.44400450 3.83451087
v -2.04724577 -2.52615213 3.76632915
v 0.81629720 -4.43207982 2.12017576
v 0.82918253 -4.34386958 2.25610513
v 0.96373374 -4.36592814 2.16224210
v 0.97661907 -4.27771790 2.29817147
v 0.84206785 -4.25565934 2.39203450
v 0.98950439 -4.18950766 2.43410084
v 1.11117028 -4.29977645 2.20430844
v 1.12405561 -4.21156621 2.34023782
v 1.25860682 -4.23362477 2.24637479
v 0.85495318 -4.16744910 2.52796387
v 1.27149215 -4.14541453 2.38230416
v 1.13694093 -4.12335597 2.47616719
v 1.28437747 -4.05720429 2.51823353
v 1.14982626 -4.03514573 2.61209656
v 1.00238972 -4.10129741 2.57003022
v 1.01527505 -4.01308717 2.70595959
v 1.29726280 -3.96899405 2.65416290
v 1.16271159 -3.94693549 2.74802593
v 0.86783851 -4.07923886 2.66389325
v 1.40604336 -4.16747309 2.28844113
v 1.41892868 -4.07926285 2.42437050
v 1.55347990 -4.10132140 2.33050748
v 1.56636522 -4.01311116 2.46643685
v 1.43181401 -3.99105260 2.56029988
v 1.70091644 -4.03516972 2.37257382
v 0.88072384 -3.99102862 2.79982262
v 1.02816038 -3.92487693 2.84188896
v 0.89360916 -3.90281837 2.93575199
v 4.62239771 -1.77594018 0.53157152
v 4.66901916 -1.54331796 0.52159374
v 4.65305919 -1.69090259 0.39029822
v 4.69968064 -1.45828037 0.38032044
v 4.71564062 -1.31069574 0.51161596
v 4.74630210 -1.22565815 0.37034266
v 4.68372066 -1.60586500 0.24902493
v 4.73034212 -1.37324278 0.23904715
v 4.71438214 -1.52082742 0.10775163
v 4.76226207 -1.07807352 0.50163818
v 4.76100360 -1.28820520 0.09777385
v 4.77696357 -1.14062056 0.22906937
v 4.80762505 -1.05558298 0.08779607
v 4.82358503 -0.90799834 0.21909158
v 4.79292355 -0.99303593 0.36036488
v 4.83954501 -0.76041371 0.35038710
v 4.85424651 -0.82296075 0.07781829
v 4.87020648 -0.67537612 0.20911380
v 4.90086796 -0.59033853 0.06784051
v 4.80888353 -0.84545130 0.49166040
v 4.74504362 -1.43578983 -0.03352167
v 4.79166507 -1.20316761 -0.04349945
v 4.77570510 -1.35075224 -0.17479496
v 4.82232655 -1.11813002 -0.18477274
v 4.83828653 -0.97054539 -0.05347723
v 4.86894801 -0.88550780 -0.19475052
v 4.80636657 -1.26571466 -0.31606826
v 4.85298803 -1.03309243 -0.32604604
v 4.83702805 -1.18067707 -0.45734155
v 4.88490798 -0.73792317 -0.06345501
v 4.85550498 -0.61282907 0.48168262
v 4.88616646 -0.52779149 0.34040932
v 4.90212644 -0.38020685 0.47170483
v 4.93278791 -0.29516927 0.33043154
v 4.91682794 -0.44275390 0.19913602
v 4.94874789 -0.14758463 0.46172705
v -0.58472880 -1.34598596 4.77285481
v -0.58649952 -1.44670252 4.74264802
v -0.66766231 -1.39304333 4.74188631
v -0.66589159 -1.29232677 4.77209309
v -0.66943302 -1.49375989 4.71167952
v -0.74882509 -1.33938414 4.74112459
v -0.75059581 -1.44010070 4.71091780
v -0.83175859 -1.38644152 4.71015608
v -0.74705437 -1.23866758 4.77133137
v -0.82998788 -1.28572496 4.74036287
v -0.82821716 -1.18500840 4.77056966
v -0.75236653 -1.54081727 4.68071101
v -0.83352931 -1.48715808 4.67994930
v -0.83530003 -1.58787464 4.64974251
v -0.91115066 -1.23206577 4.73960115
v -0.91292138 -1.33278233 4.70939437
v -0.99408416 -1.27912314 4.70863265
v -0.99585488 -1.37983970 4.67842586
v -0.91469210 -1.43349889 4.67918758
v -0.99762560 -1.48055627 4.64821908
v -1.07701767 -1.32618052 4.67766415
v -1.07878838 -1.42689708 4.64745736
v -1.15995117 -1.37323789 4.64669564
v -0.91646281 -1.53421545 4.64898079
v -0.90937994 -1.13134921 4.76980794
v -0.99231345 -1.17840658 4.73883944
v -0.99054273 -1.07769002 4.76904622
v -1.07347623 -1.12474740 4.73807772
v -1.07524695 -1.22546396 4.70787093
v -1.15640973 -1.17180477 4.70710922
v -1.07170551 -1.02403083 4.76828451
v -1.15463902 -1.07108821 4.73731600
v -1.15818045 -1.27252133 4.67690243
v -0.91823353 -1.63493201 4.61877401
v -0.99939632 -1.58127283 4.61801229
v -1.00116704 -1.68198939 4.58780550
v -1.08055910 -1.52761364 4.61725057
v -1.08232982 -1.62833020 4.58704379
v -1.16349261 -1.57467101 4.58628207
v -1.16172189 -1.47395445 4.61648886
v -1.08410054 -1.72904676 4.55683700
v -1.16526332 -1.67538757 4.55607528
v -1.17013818 -4.01714244 -2.68803096
v -1.15338311 -3.86501556 -2.85496600
v -0.99926692 -3.97975113 -2.77559085
v -1.13662804 -3.71288868 -3.02190105
v -0.98251185 -3.82762425 -2.94252590
v -0.96575678 -3.67549736 -3.10946095
v -1.11987298 -3.56076179 -3.18883610
v -0.82839565 -3.94235982 -2.86315075
v -0.81164059 -3.79023293 -3.03008580
v -0.65752439 -3.90496850 -2.95071065
v -1.10311791 -3.40863491 -3.35577114
v -0.94900171 -3.52337048 -3.27639599
v -0.93224664 -3.37124360 -3.44333104
v -0.77813045 -3.48597917 -3.36395589
v -0.79488552 -3.63810605 -3.19702084
v -0.62401425 -3.60071474 -3.28458074
v -0.76137538 -3.33385229 -3.53089094
v -0.60725918 -3.44858786 -3.45151579
v -0.59050412 -3.29646098 -3.61845083
v -0.64076932 -3.75284162 -3.11764569
v -1.08636284 -3.25650803 -3.52270619
v -1.06960777 -3.10438115 -3.68964124
v -0.91549157 -3.21911672 -3.61026609
v -0.89873651 -3.06698984 -3.77720114
v -1.05285270 -2.95225427 -3.85657629
v -0.74462031 -3.18172541 -3.69782598
v -0.48665313 -3.86757719 -3.03827054
v -0.46989806 -3.71545031 -3.20520559
v -0.31578186 -3.83018588 -3.12583044
v -0.45314299 -3.56332343 -3.37214064
v -0.29902679 -3.67805900 -3.29276549
v -0.28227173 -3.52593212 -3.45970053
v -0.43638792 -3.41119655 -3.53907568
v -0.14491060 -3.79279457 -3.21339034
v -0.12815553 -3.64066769 -3.38032538
v 0.02596066 -3.75540326 -3.30095023
v -3.50025840 -3.56280694 -0.23366182
v -3.51010214 -3.52637064 -0.05191374
v -3.60140017 -3.42522655 -0.12874031
v -3.61124391 -3.38879025 0.05300777
v -3.51994588 -3.48993434 0.12983434
v -3.70254194 -3.28764617 -0.02381879
v -3.62108765 -3.35235395 0.23475585
v -3.71238568 -3.25120987 0.15792928
v -3.72222942 -3.21477356 0.33967736
v -3.52978961 -3.45349804 0.31158241
v -3.63093138 -3.31591765 0.41650393
v -3.53963335 -3.41706174 0.49333049
v -3.80368371 -3.15006578 0.08110272
v -3.81352745 -3.11362948 0.26285080
v -3.90482548 -3.01248539 0.18602423
v -3.64077512 -3.27948135 0.59825200
v -3.73207315 -3.17833726 0.52142544
v -3.74191689 -3.14190096 0.70317352
v -3.83321492 -3.04075688 0.62634695
v -3.82337118 -3.07719318 0.44459887
v -3.92451295 -2.93961279 0.54952039
v -3.84305866 -3.00432058 0.80809503
v -3.93435669 -2.90317649 0.73126846
v -3.94420043 -2.86674019 0.91301654
v -3.91466922 -2.97604909 0.36777231
v -3.54947709 -3.38062543 0.67507857
v -3.65061886 -3.24304505 0.78000008
v -3.55932083 -3.34418913 0.85682665
v -3.66046260 -3.20660875 0.96174816
v -3.75176063 -3.10546466 0.88492159
v -3.76160436 -3.06902836 1.06666967
v -3.56916456 -3.30775283 1.03857472
v -3.67030633 -3.17017245 1.14349624
v -3.57900830 -3.27131653 1.22032280
v -3.85290240 -2.96788428 0.98984311
v -4.00596725 -2.87490501 0.29094574
v -4.01581099 -2.83846871 0.47269382
v -4.10710902 -2.73732462 0.39586726
v -4.02565472 -2.80203241 0.65444190
v -4.11695276 -2.70088832 0.57761533
v -4.12679649 -2.66445202 0.75936341
v -4.03549846 -2.76559611 0.83618998
v -4.20825079 -2.59974424 0.50078877
v -4.21809453 -2.56330794 0.68253685
v -4.30939256 -2.46216385 0.60571028
v -0.54537916 -2.13290151 4.48334740
v -0.52557430 -2.03454264 4.53076229
v -0.46736795 -2.09360064 4.50469092
v -0.48717280 -2.19195951 4.45727604
v -0.44756309 -1.99524177 4.55210581
v -0.40916159 -2.15265863 4.47861956
v -0.38935674 -2.05429977 4.52603445
v -0.33115038 -2.11335776 4.49996308
v -0.42896645 -2.25101750 4.43120467
v -0.35095524 -2.21171663 4.45254820
v -0.37076009 -2.31007550 4.40513331
v -0.36955188 -1.95594090 4.57344933
v -0.31134553 -2.01499889 4.54737797
v -0.29154067 -1.91664002 4.59479286
v -0.29274888 -2.27077462 4.42647683
v -0.27294403 -2.17241575 4.47389172
v -0.21473767 -2.23147375 4.44782036
v -0.19493282 -2.13311488 4.49523524
v -0.25313917 -2.07405689 4.52130661
v -0.17512796 -2.03475601 4.54265013
v -0.13672646 -2.19217288 4.46916388
v -0.11692161 -2.09381401 4.51657877
v -0.23333431 -1.97569802 4.56872149
v -0.31255374 -2.36913349 4.37906195
v -0.23454253 -2.32983262 4.40040547
v -0.25434739 -2.42819148 4.35299058
v -0.17633618 -2.38889061 4.37433411
v -0.15653132 -2.29053174 4.42174899
v -0.19614103 -2.48724948 4.32691922
v -0.21352946 -1.87733915 4.61613638
v -0.15532310 -1.93639715 4.59006502
v -0.13551825 -1.83803828 4.63747990
v -0.09711675 -1.99545514 4.56399365
v -0.07731189 -1.89709627 4.61140854
v -0.05750704 -1.79873740 4.65882343
v 2.07613880 -0.25526952 4.50963178
v 2.01059273 -0.33242104 4.53088484
v 2.09670922 -0.43338753 4.47022147
v 2.03116315 -0.51053904 4.49147453
v 1.94504666 -0.40957255 4.55213790
v 2.11727964 -0.61150554 4.43081116
v 1.87950059 -0.48672406 4.57339096
v 1.96561708 -0.58769056 4.51272759
v 1.90007101 -0.66484207 4.53398065
v 1.98618749 -0.76580857 4.47331728
v 2.05173356 -0.68865705 4.45206422
v 2.07230398 -0.86677506 4.41265391
v 1.92064142 -0.84296008 4.49457034
v 2.00675791 -0.94392658 4.43390697
v 1.94121184 -1.02107809 4.45516003
v 2.13785005 -0.78962355 4.39140085
v 1.81395452 -0.56387558 4.59464402
v 1.74840845 -0.64102709 4.61589708
v 1.83452494 -0.74199359 4.55523371
v 1.76897887 -0.81914510 4.57648677
v 1.68286238 -0.71817861 4.63715014
v 1.85509535 -0.92011160 4.51582340
v 2.15842047 -0.96774156 4.35199054
v 2.09287440 -1.04489307 4.37324360
v 2.17899089 -1.14585956 4.31258023
v 2.11344481 -1.22301108 4.33383329
v 2.02732833 -1.12204458 4.39449666
v 2.19956130 -1.32397757 4.27316992
v -2.24267779 -1.57452178 -4.14888962
v -2.08985307 -1.73367825 -4.13082420
v -2.05578893 -1.58477659 -4.21730444
v -1.90296421 -1.74393306 -4.19923901
v -1.93702835 -1.89283472 -4.11275878
v -1.75013949 -1.90308952 -4.18117359
v -1.86890006 -1.59503140 -4.28571925
v -1.71607534 -1.75418787 -4.26765382
v -1.68201120 -1.60528621 -4.35413406
v -1.78420363 -2.05199118 -4.09469336
v -1.52918648 -1.76444267 -4.33606864
v -1.56325062 -1.91334433 -4.24958840
v -1.37636176 -1.92359914 -4.31800321
v -1.41042590 -2.07250080 -4.23152298
v -1.59731477 -2.06224599 -4.16310817
v -1.44449005 -2.22140245 -4.14504275
v -1.22353704 -2.08275561 -4.29993779
v -1.25760118 -2.23165726 -4.21345756
v -1.07071232 -2.24191207 -4.28187237
v -1.63137891 -2.21114765 -4.07662794
v -1.49512234 -1.61554102 -4.42254887
v -1.34229762 -1.77469748 -4.40448345
v -1.30823347 -1.62579583 -4.49096368
v -1.15540875 -1.78495229 -4.47289826
v -1.18947290 -1.93385395 -4.38641802
v -1.00258403 -1.94410876 -4.45483284
v -1.12134461 -1.63605063 -4.55937849
v -0.96851989 -1.79520710 -4.54131307
v -1.03664818 -2.09301041 -4.36835260
v -1.47855419 -2.37030411 -4.05856251
v -1.29166533 -2.38055892 -4.12697732
v -1.32572947 -2.52946058 -4.04049709
v -1.13884061 -2.53971539 -4.10891190
v -1.10477647 -2.39081373 -4.19539214
v -1.17290475 -2.68861704 -4.02243167
v 1.83637896 -2.90574561 3.59109739
v 1.95488642 -2.79806701 3.59901877
v 1.82052559 -2.79878766 3.67321450
v 1.93903306 -2.69110907 3.68113588
v 2.07339389 -2.69038842 3.60694015
v 1.80467222 -2.69182971 3.75533161
v 2.19190136 -2.58270983 3.61486154
v 2.05754052 -2.58343047 3.68905726
v 2.17604799 -2.47575188 3.69697865
v 2.04168715 -2.47647253 3.77117437
v 1.92317969 -2.58415112 3.76325299
v 1.90732632 -2.47719318 3.84537010
v 2.16019462 -2.36879393 3.77909576
v 2.02583378 -2.36951458 3.85329148
v 2.14434125 -2.26183599 3.86121287
v 1.78881885 -2.58487177 3.83744872
v 2.31040883 -2.47503123 3.62278292
v 2.42891629 -2.36735264 3.63070430
v 2.29455546 -2.36807329 3.70490003
v 2.41306292 -2.26039469 3.71282141
v 2.54742376 -2.25967405 3.63862569
v 2.27870209 -2.26111534 3.78701714
v 1.77296548 -2.47791382 3.91956583
v 1.89147295 -2.37023523 3.92748721
v 1.75711211 -2.37095588 4.00168294
v 1.87561958 -2.26327728 4.00960432
v 2.00998042 -2.26255664 3.93540859
v 1.74125874 -2.26399793 4.08380005
v -2.50118917 -4.03974715 -1.55707922
v -2.62607282 -3.98012962 -1.39165205
v -2.64903067 -3.90116915 -1.57299574
v -2.77391433 -3.84155162 -1.40756856
v -2.75095648 -3.92051210 -1.22622487
v -2.79687218 -3.76259115 -1.58891225
v -2.89879798 -3.78193410 -1.24214139
v -2.92175584 -3.70297362 -1.42348507
v -3.04663949 -3.64335609 -1.25805790
v -2.87584013 -3.86089457 -1.06079770
v -3.02368164 -3.72231657 -1.07671421
v -3.00072378 -3.80127704 -0.89537052
v -2.94471369 -3.62401315 -1.60482876
v -3.06959734 -3.56439562 -1.43940159
v -3.09255520 -3.48543514 -1.62074528
v -3.14856529 -3.66269904 -0.91128703
v -3.17152315 -3.58373857 -1.09263072
v -3.29640680 -3.52412104 -0.92720355
v -3.31936465 -3.44516057 -1.10854724
v -3.19448100 -3.50477809 -1.27397441
v -3.34232251 -3.36620009 -1.28989093
v -3.44424831 -3.38554304 -0.94312006
v -3.46720616 -3.30658256 -1.12446375
v -3.59208982 -3.24696504 -0.95903657
v -3.21743885 -3.42581762 -1.45531810
v -3.12560744 -3.74165952 -0.72994335
v -3.27344895 -3.60308152 -0.74585986
v -3.25049109 -3.68204199 -0.56451617
v -3.39833260 -3.54346399 -0.58043268
v -3.42129045 -3.46450351 -0.76177637
v -3.54617411 -3.40488599 -0.59634920
v -3.37537475 -3.62242447 -0.39908899
v -3.52321625 -3.48384646 -0.41500551
v -3.56913196 -3.32592551 -0.77769289
v -3.24039671 -3.34685714 -1.63666179
v -3.36528036 -3.28723962 -1.47123461
v -3.38823821 -3.20827914 -1.65257830
v -3.49016402 -3.22762209 -1.30580744
v -3.51312187 -3.14866161 -1.48715113
v -3.63800552 -3.08904409 -1.32172395
v -3.61504767 -3.16800456 -1.14038026
v -3.53607972 -3.06970114 -1.66849482
v -3.66096338 -3.01008361 -1.50306764
v -3.68392123 -2.93112314 -1.68441133
v -0.50452863 -1.34444384 4.78699611
v -0.58569141 -1.29078465 4.78623439
v -0.50549123 -1.28924254 4.80037569
v -0.58665402 -1.23558335 4.79961398
v -0.66685420 -1.23712547 4.78547268
v -0.66781680 -1.18192416 4.79885226
v -0.50645384 -1.23404123 4.81375528
v -0.58761662 -1.18038205 4.81299356
v -0.50741644 -1.17883993 4.82713486
v -0.74801698 -1.18346628 4.78471096
v -0.58857923 -1.12518074 4.82637315
v -0.66877941 -1.12672286 4.81223185
v -0.66974201 -1.07152156 4.82561143
v -0.74994219 -1.07306367 4.81147013
v -0.74897959 -1.12826498 4.79809054
v -0.83014237 -1.07460579 4.79732883
v -0.75090480 -1.01786237 4.82484971
v -0.83110498 -1.01940449 4.81070841
v -0.82917977 -1.12980709 4.78394924
v -0.50837905 -1.12363863 4.84051445
v -0.58954183 -1.06997944 4.83975273
v -0.50934166 -1.06843732 4.85389403
v -0.59050444 -1.01477814 4.85313232
v -0.67070462 -1.01632025 4.83899101
v -0.51030426 -1.01323602 4.86727362
v -0.91034255 -1.07614791 4.78318753
v -0.91130516 -1.02094660 4.79656711
v -0.99150534 -1.02248872 4.78242581
v -1.19999084 -2.38755526 4.20433236
v -1.21030381 -2.28943341 4.25068124
v -1.30513843 -2.31215346 4.20723836
v -1.31545140 -2.21403162 4.25358723
v -1.22061678 -2.19131157 4.29703011
v -1.41028602 -2.23675167 4.21014435
v -1.23092975 -2.09318972 4.34337899
v -1.32576437 -2.11590977 4.29993611
v -1.33607734 -2.01778793 4.34628498
v -1.43091196 -2.04050798 4.30284210
v -1.42059899 -2.13862983 4.25649323
v -1.52574657 -2.06322803 4.25939922
v -1.44122493 -1.94238614 4.34919098
v -1.53605954 -1.96510619 4.30574810
v -1.54637251 -1.86698434 4.35209697
v -1.51543360 -2.16134988 4.21305035
v -1.24124272 -1.99506788 4.38972787
v -1.25155569 -1.89694603 4.43607674
v -1.34639031 -1.91966608 4.39263386
v -1.35670328 -1.82154424 4.43898274
v -1.26186866 -1.79882419 4.48242562
v -1.45153790 -1.84426429 4.39553986
v -1.62058119 -2.08594809 4.21595634
v -1.63089416 -1.98782624 4.26230522
v -1.72572878 -2.01054629 4.21886234
v -1.73604175 -1.91242445 4.26521121
v -1.64120713 -1.88970440 4.30865409
v -1.83087637 -1.93514450 4.22176833
v -0.55689526 -4.02624866 2.88060829
v -0.54577918 -3.92352059 2.99762253
v -0.67868947 -3.94357672 2.94564229
v -0.53466310 -3.82079252 3.11463676
v -0.66757339 -3.84084865 3.06265652
v -0.65645732 -3.73812058 3.17967076
v -0.52354703 -3.71806445 3.23165100
v -0.80048368 -3.86090478 3.01067628
v -0.78936760 -3.75817671 3.12769052
v -0.92227789 -3.77823284 3.07571028
v -0.51243095 -3.61533639 3.34866523
v -0.64534124 -3.63539251 3.29668499
v -0.63422516 -3.53266445 3.41369923
v -0.76713545 -3.55272058 3.36171899
v -0.77825153 -3.65544864 3.24470475
v -0.90004574 -3.57277670 3.30973875
v -0.75601937 -3.44999251 3.47873322
v -0.88892966 -3.47004864 3.42675298
v -0.91116181 -3.67550477 3.19272451
v -0.50131488 -3.51260832 3.46567947
v -0.49019880 -3.40988025 3.58269370
v -0.62310909 -3.42993638 3.53071346
v -1.04407210 -3.69556090 3.14074427
v -1.03295603 -3.59283283 3.25775851
v -1.16586631 -3.61288896 3.20577827
v -1.02183995 -3.49010476 3.37477274
v -1.15475024 -3.51016089 3.32279250
v -1.28766053 -3.53021702 3.27081226
v -4.88051970 -0.00000000 -1.08652079
v -4.87186267 -0.16843144 -0.97446173
v -4.89104322 -0.00000000 -0.87657787
v -4.88238619 -0.16843144 -0.76451881
v -4.86320564 -0.33686287 -0.86240267
v -4.90156674 -0.00000000 -0.66663495
v -4.87372916 -0.33686287 -0.65245975
v -4.89290971 -0.16843144 -0.55457589
v -4.88425268 -0.33686287 -0.44251683
v -4.85454861 -0.50529431 -0.75034361
v -4.86507213 -0.50529431 -0.54040069
v -4.84589158 -0.67372575 -0.63828455
v -4.91209027 -0.00000000 -0.45669203
v -4.90343324 -0.16843144 -0.34463297
v -4.92261379 -0.00000000 -0.24674911
v -4.85641510 -0.67372575 -0.42834163
v -4.87559565 -0.50529431 -0.33045777
v -4.86693863 -0.67372575 -0.21839871
v -4.88611918 -0.50529431 -0.12051485
v -4.89477621 -0.33686287 -0.23257391
v -4.90529973 -0.33686287 -0.02263099
v -4.87746215 -0.67372575 -0.00845579
v -4.89664270 -0.50529431 0.08942807
v -4.88798567 -0.67372575 0.20148713
v -4.91395676 -0.16843144 -0.13469005
v -4.83723455 -0.84215718 -0.52622549
v -4.84775807 -0.84215718 -0.31628257
v -4.82857752 -1.01058862 -0.41416642
v -4.83910104 -1.01058862 -0.20422350
v -4.85828160 -0.84215718 -0.10633965
v -4.84962457 -1.01058862 0.00571942
v -4.81992049 -1.17902005 -0.30210736
v -4.83044402 -1.17902005 -0.09216444
v -4.81126346 -1.34745149 -0.19004830
v -4.86880512 -0.84215718 0.10360328
v -4.93313731 -0.00000000 -0.03680619
v -4.92448028 -0.16843144 0.07525287
v -4.94366083 -0.00000000 0.17313673
v -4.91582325 -0.33686287 0.18731193
v -4.93500380 -0.16843144 0.28519579
v -4.92634677 -0.33686287 0.39725485
v -4.90716622 -0.50529431 0.29937099
v -4.95418435 -0.00000000 0.38307965
v -4.94552732 -0.16843144 0.49513871
v -4.96470787 -0.00000000 0.59302257
v -2.48163167 -3.29649508 2.82393775
v -2.34760955 -3.31537633 2.88792632
v -2.44992198 -3.21131389 2.92505450
v -2.31589986 -3.23019514 2.98904306
v -2.21358744 -3.33425758 2.95191488
v -2.41821229 -3.12613271 3.02617124
v -2.18187775 -3.24907639 3.05303162
v -2.28419017 -3.14501396 3.09015981
v -2.15016806 -3.16389521 3.15414837
v -2.07956532 -3.35313883 3.01590344
v -2.04785563 -3.26795764 3.11702019
v -1.94554320 -3.37202008 3.07989201
v -2.38650260 -3.04095152 3.12728799
v -2.25248048 -3.05983277 3.19127655
v -2.35479291 -2.95577034 3.22840473
v -1.91383351 -3.28683889 3.18100875
v -2.01614594 -3.18277646 3.21813693
v -1.88212382 -3.20165771 3.28212550
v -1.98443625 -3.09759527 3.31925368
v -2.11845837 -3.07871402 3.25526511
v -2.08674868 -2.99353284 3.35638186
v -1.85041413 -3.11647652 3.38324224
v -1.95272656 -3.01241409 3.42037042
v -2.22077079 -2.97465159 3.29239330
v -1.81152109 -3.39090133 3.14388057
v -1.77981140 -3.30572014 3.24499731
v -1.67749897 -3.40978258 3.20786913
v -1.64578928 -3.32460139 3.30898588
v -1.74810171 -3.22053896 3.34611406
v -1.54347685 -3.42866383 3.27185770
v -2.32308322 -2.87058915 3.32952148
v -2.18906110 -2.88947040 3.39351004
v -2.29137353 -2.78540796 3.43063822
v -2.05503899 -2.90835165 3.45749860
v -2.15735141 -2.80428921 3.49462678
v -2.25966384 -2.70022678 3.53175497
v 2.93930693 -3.76125195 1.48776965
v 2.94256171 -3.67333461 1.62909548
v 2.80293769 -3.78722271 1.60362846
v 2.80619247 -3.69930537 1.74495430
v 2.94581649 -3.58541728 1.77042131
v 2.66656844 -3.81319347 1.71948728
v 2.80944725 -3.61138804 1.88628013
v 2.66982322 -3.72527613 1.86081311
v 2.67307800 -3.63735880 2.00213894
v 2.94907127 -3.49749994 1.91174715
v 2.81270203 -3.52347070 2.02760596
v 2.95232605 -3.40958260 2.05307298
v 2.53019920 -3.83916423 1.83534609
v 2.53345398 -3.75124690 1.97667192
v 2.39382995 -3.86513499 1.95120491
v 2.81595681 -3.43555336 2.16893179
v 2.67633278 -3.54944146 2.14346477
v 2.67958757 -3.46152412 2.28479061
v 2.53996354 -3.57541222 2.25932359
v 2.53670876 -3.66332956 2.11799776
v 2.40033952 -3.68930032 2.23385657
v 2.54321832 -3.48749489 2.40064942
v 2.40359430 -3.60138298 2.37518240
v 2.39708473 -3.77721766 2.09253074
v 2.95558084 -3.32166527 2.19439881
v 2.81921159 -3.34763603 2.31025763
v 2.95883562 -3.23374793 2.33572464
v 2.82246637 -3.25971869 2.45158346
v 2.68284235 -3.37360679 2.42611644
v 2.96209040 -3.14583059 2.47705048
v 2.25746071 -3.89110575 2.06706372
v 2.26071549 -3.80318842 2.20838955
v 2.12109146 -3.91707651 2.18292253
v 2.26397027 -3.71527108 2.34971539
v 2.12434625 -3.82915918 2.32424837
v 1.98472222 -3.94304727 2.29878135
v -4.36417187 -0.00000000 2.37585700
v -4.29375448 -0.15616932 2.45464429
v -4.24104623 -0.00000000 2.54622969
v -4.22333710 -0.31233865 2.53343158
v -4.17062884 -0.15616932 2.62501698
v -4.10021146 -0.31233865 2.70380427
v -4.15291972 -0.46850797 2.61221887
v -4.11792059 -0.00000000 2.71660237
v -4.04750320 -0.15616932 2.79538966
v -3.99479495 -0.00000000 2.88697505
v -4.08250234 -0.62467730 2.69100616
v -4.02979408 -0.46850797 2.78259156
v -3.95937670 -0.62467730 2.86137885
v -3.90666844 -0.46850797 2.95296424
v -3.97708582 -0.31233865 2.87417695
v -3.85396018 -0.31233865 3.04454963
v -3.83625106 -0.62467730 3.03175153
v -3.78354280 -0.46850797 3.12333692
v -3.92437756 -0.15616932 2.96576234
v -4.01208496 -0.78084662 2.76979345
v -3.94166757 -0.93701595 2.84858074
v -3.88895932 -0.78084662 2.94016614
v -3.87166931 -0.00000000 3.05734774
v -3.80125192 -0.15616932 3.13613502
v -3.74854367 -0.00000000 3.22772042
v -3.73083454 -0.31233865 3.21492231
v -3.67812628 -0.15616932 3.30650771
v -3.62541803 -0.00000000 3.39809310
v 4.88051970 0.00000000 -1.08652079
v 4.82835181 -0.17507538 -1.17144188
v 4.80098677 0.00000000 -1.28110056
v 4.74881888 -0.17507538 -1.36602165
v 4.77618393 -0.35015076 -1.25636298
v 4.72145383 0.00000000 -1.47568033
v 4.69665099 -0.35015076 -1.45094274
v 4.66928594 -0.17507538 -1.56060142
v 4.61711805 -0.35015076 -1.64552251
v 4.72401604 -0.52522614 -1.34128407
v 4.64448310 -0.52522614 -1.53586383
v 4.67184815 -0.70030152 -1.42620516
v 4.64192089 0.00000000 -1.67026010
v 4.58975301 -0.17507538 -1.75518119
v 4.56238796 0.00000000 -1.86483987
v 4.59231521 -0.70030152 -1.62078493
v 4.56495016 -0.52522614 -1.73044360
v 4.51278228 -0.70030152 -1.81536469
v 4.48541723 -0.52522614 -1.92502337
v 4.53758512 -0.35015076 -1.84010228
v 4.45805218 -0.35015076 -2.03468205
v 4.43324934 -0.70030152 -2.00994446
v 4.40588429 -0.52522614 -2.11960314
v 4.35371640 -0.70030152 -2.20452423
v 4.51022007 -0.17507538 -1.94976096
v 4.61968026 -0.87537690 -1.51112625
v 4.54014732 -0.87537690 -1.70570602
v 4.56751237 -1.05045228 -1.59604734
v 4.48797944 -1.05045228 -1.79062711
v 4.46061439 -0.87537690 -1.90028578
v 4.40844650 -1.05045228 -1.98520688
v 4.51534448 -1.22552766 -1.68096843
v 4.43581155 -1.22552766 -1.87554820
v 4.38108145 -0.87537690 -2.09486555
v 4.48285502 0.00000000 -2.05941964
v 4.43068713 -0.17507538 -2.14434073
v 4.40332209 0.00000000 -2.25399941
v 4.37851924 -0.35015076 -2.22926182
v 4.35115420 -0.17507538 -2.33892050
v 4.29898631 -0.35015076 -2.42384159
v 4.32635136 -0.52522614 -2.31418291
v 4.32378915 0.00000000 -2.44857917
v 4.27162126 -0.17507538 -2.53350026
v 4.24425621 0.00000000 -2.64315894
v 3.12789035 0.00000000 -3.90080786
v 3.02729910 -0.18115903 -3.93615728
v 2.94411697 0.00000000 -4.00285746
v 2.84352572 -0.18115903 -4.03820688
v 2.92670785 -0.36231806 -3.97150670
v 2.76034359 0.00000000 -4.10490706
v 2.74293448 -0.36231806 -4.07355630
v 2.65975235 -0.18115903 -4.14025648
v 2.55916110 -0.36231806 -4.17560590
v 2.82611660 -0.54347709 -4.00685612
v 2.64234323 -0.54347709 -4.10890572
v 2.72552536 -0.72463612 -4.04220554
v 2.57657022 0.00000000 -4.20695666
v 2.47597897 -0.18115903 -4.24230608
v 2.39279684 0.00000000 -4.30900625
v 2.54175198 -0.72463612 -4.14425514
v 2.45856985 -0.54347709 -4.21095532
v 2.35797860 -0.72463612 -4.24630474
v 2.27479648 -0.54347709 -4.31300491
v 2.37538772 -0.36231806 -4.27765549
v 2.19161435 -0.36231806 -4.37970509
v 2.17420523 -0.72463612 -4.34835433
v 2.09102310 -0.54347709 -4.41505451
v 1.99043185 -0.72463612 -4.45040393
v 2.29220559 -0.18115903 -4.34435567
v 2.62493411 -0.90579515 -4.07755496
v 2.44116073 -0.90579515 -4.17960456
v 2.52434286 -1.08695418 -4.11290438
v 2.34056949 -1.08695418 -4.21495398
v 2.25738736 -0.90579515 -4.28165416
v 2.15679611 -1.08695418 -4.31700358
v 2.42375162 -1.26811320 -4.14825380
v 2.23997824 -1.26811320 -4.25030340
v 2.07361398 -0.90579515 -4.38370375
v 2.20902346 0.00000000 -4.41105585
v 2.10843222 -0.18115903 -4.44640527
v 2.02525009 0.00000000 -4.51310545
v 2.00784097 -0.36231806 -4.48175469
v 1.92465884 -0.18115903 -4.54845487
v 1.82406759 -0.36231806 -4.58380429
v 1.90724972 -0.54347709 -4.51710411
v 1.84147671 0.00000000 -4.61515505
v 1.74088546 -0.18115903 -4.65050447
v 1.65770333 0.00000000 -4.71720464
v 2.12493854 -1.44398459 -4.25327272
v 2.04175641 -1.26282556 -4.31997290
v 1.92671671 -1.43869694 -4.32294223
v 1.84353459 -1.25753791 -4.38964241
v 1.95857428 -1.08166653 -4.38667308
v 1.76035246 -1.07637888 -4.45634259
v 1.72849489 -1.43340929 -4.39261173
v 1.64531276 -1.25225026 -4.45931191
v 1.53027306 -1.42812164 -4.46228124
v 1.87539215 -0.90050750 -4.45337326
v 1.44709093 -1.24696262 -4.52898142
v 1.56213063 -1.07109123 -4.52601209
v 1.36390880 -1.06580359 -4.59568160
v 1.47894850 -0.88993220 -4.59271227
v 1.67717033 -0.89521985 -4.52304276
v 1.59398820 -0.71406082 -4.58974294
v 1.28072667 -0.88464456 -4.66238177
v 1.39576637 -0.70877318 -4.65941245
v 1.19754454 -0.70348553 -4.72908195
v 1.79221002 -0.71934847 -4.52007344
v 1.33205123 -1.42283400 -4.53195074
v 1.24886910 -1.24167497 -4.59865092
v 1.13382941 -1.41754635 -4.60162025
v 1.05064728 -1.23638732 -4.66832043
v 1.16568697 -1.06051594 -4.66535110
v 0.96746515 -1.05522829 -4.73502061
v 0.93560758 -1.41225870 -4.67128975
v 0.85242545 -1.23109967 -4.73798993
v 1.08250484 -0.87935691 -4.73205128
v 1.70902789 -0.53818944 -4.58677361
v 1.51080607 -0.53290179 -4.65644312
v 1.62584577 -0.35703041 -4.65347379
v 1.42762394 -0.35174276 -4.72314330
v 1.31258424 -0.52761415 -4.72611263
v 1.54266364 -0.17587138 -4.72017397
v -1.65770333 -0.00000000 -4.71720464
v -1.75418625 -0.19553337 -4.63761342
v -1.84147671 -0.00000000 -4.61515505
v -1.93795963 -0.19553337 -4.53556382
v -1.85066916 -0.39106674 -4.55802219
v -2.02525009 -0.00000000 -4.51310545
v -2.03444254 -0.39106674 -4.45597259
v -2.12173300 -0.19553337 -4.43351422
v -2.21821592 -0.39106674 -4.35392299
v -1.94715208 -0.58660012 -4.47843096
v -2.13092546 -0.58660012 -4.37638136
v -2.04363499 -0.78213349 -4.39883973
v -2.20902346 -0.00000000 -4.41105585
v -2.30550638 -0.19553337 -4.33146462
v -2.39279684 -0.00000000 -4.30900625
v -2.22740837 -0.78213349 -4.29679013
v -2.31469883 -0.58660012 -4.27433176
v -2.41118175 -0.78213349 -4.19474053
v -2.49847221 -0.58660012 -4.17228216
v -2.40198929 -0.39106674 -4.25187339
v -2.58576267 -0.39106674 -4.14982380
v -2.59495512 -0.78213349 -4.09269094
v -2.68224558 -0.58660012 -4.07023257
v -2.48927975 -0.19553337 -4.22941502
v -2.14011791 -0.97766686 -4.31924850
v -2.32389129 -0.97766686 -4.21719890
v -2.23660082 -1.17320023 -4.23965727
v -2.42037420 -1.17320023 -4.13760767
v -2.50766466 -0.97766686 -4.11514930
v -2.33308374 -1.36873360 -4.16006604
v -2.57657022 -0.00000000 -4.20695666
v -2.67305313 -0.19553337 -4.12736543
v -2.76034359 -0.00000000 -4.10490706
v -2.76953605 -0.39106674 -4.04777420
v -2.85682651 -0.19553337 -4.02531583
v -2.94411697 -0.00000000 -4.00285746
v -0.20721292 -0.00000000 -4.96465058
v -0.32401989 -0.20578818 -4.91812474
v -0.41442583 -0.00000000 -4.92930116
v -0.44082685 -0.41157636 -4.87159891
v -0.53123280 -0.20578818 -4.88277532
v -0.64803977 -0.41157636 -4.83624949
v -0.55763382 -0.61736454 -4.82507307
v -0.62163875 -0.00000000 -4.89395174
v -0.73844572 -0.20578818 -4.84742590
v -0.82885167 -0.00000000 -4.85860232
v -0.67444079 -0.82315272 -4.77854723
v -0.76484674 -0.61736454 -4.78972365
v -0.88165371 -0.82315272 -4.74319781
v -0.97205966 -0.61736454 -4.75437423
v -0.85525269 -0.41157636 -4.80090007
v -1.06246560 -0.41157636 -4.76555065
v -1.08886662 -0.82315272 -4.70784839
v -1.17927257 -0.61736454 -4.71902481
v -1.29607954 -0.82315272 -4.67249897
v -0.94565864 -0.20578818 -4.81207648
v -0.79124776 -1.02894090 -4.73202139
v -0.90805473 -1.23472908 -4.68549556
v -0.99846068 -1.02894090 -4.69667197
v -1.11526764 -1.23472908 -4.65014614
v -1.02486170 -1.44051726 -4.63896972
v -1.20567359 -1.02894090 -4.66132256
v -1.03606458 -0.00000000 -4.82325290
v -1.15287155 -0.20578818 -4.77672707
v -1.24327750 -0.00000000 -4.78790348
v -1.26967852 -0.41157636 -4.73020123
v -1.36008447 -0.20578818 -4.74137765
v -1.47689144 -0.41157636 -4.69485181
v -1.38648549 -0.61736454 -4.68367539
v -1.45049042 -0.00000000 -4.75255406
v -1.56729739 -0.20578818 -4.70602823
v -3.78723857 -2.75493237 -1.66509332
v -3.68033326 -2.79230391 -1.83452147
v -3.78365060 -2.61611315 -1.81520346
v -3.89055590 -2.57874161 -1.64577531
v -3.67674529 -2.65348469 -1.98463160
v -3.88696793 -2.43992238 -1.79588545
v -3.78006263 -2.47729392 -1.96531360
v -3.88337997 -2.30110316 -1.94599559
v -3.99387324 -2.40255084 -1.62645731
v -3.99028527 -2.26373162 -1.77656744
v -4.09719057 -2.22636008 -1.60713930
v -3.67315733 -2.51466546 -2.13474174
v -3.77647466 -2.33847470 -2.11542373
v -3.66956936 -2.37584624 -2.28485188
v -4.09360261 -2.08754085 -1.75724944
v -3.98669730 -2.12491239 -1.92667758
v -4.09001464 -1.94872163 -1.90735957
v -3.98310933 -1.98609317 -2.07678772
v -3.87979200 -2.16228393 -2.09610573
v -3.87620403 -2.02346471 -2.24621586
v -4.08642667 -1.80990240 -2.05746971
v -3.97952136 -1.84727395 -2.22689786
v -3.77288669 -2.19965547 -2.26553387
v -4.20050791 -2.05016931 -1.58782129
v -4.19691994 -1.91135009 -1.73793143
v -4.30382524 -1.87397855 -1.56850328
v -4.30023728 -1.73515932 -1.71861342
v -4.19333197 -1.77253086 -1.88804157
v -4.40714258 -1.69778778 -1.54918528
v -3.66598139 -2.23702702 -2.43496202
v -3.76929872 -2.06083625 -2.41564401
v -3.66239342 -2.09820779 -2.58507216
v -3.87261606 -1.88464549 -2.39632600
v -3.76571076 -1.92201703 -2.56575415
v -3.65880545 -1.95938857 -2.73518229
v 4.34859129 -1.40099199 -1.94927206
v 4.32122624 -1.22591661 -2.05893074
v 4.23400598 -1.40138094 -2.13265460
v 4.20664093 -1.22630556 -2.24231328
v 4.29386119 -1.05084123 -2.16858942
v 4.17927588 -1.05123018 -2.35197196
v 4.11942067 -1.40176988 -2.31603714
v 4.09205562 -1.22669450 -2.42569582
v 4.00483536 -1.40215883 -2.49941968
v 4.26649614 -0.87576585 -2.27824809
v 3.97747031 -1.22708345 -2.60907836
v 4.06469058 -1.05161912 -2.53535450
v 3.95010527 -1.05200807 -2.71873704
v 4.03732553 -0.87654374 -2.64501317
v 4.15191084 -0.87615480 -2.46163063
v 4.12454579 -0.70107942 -2.57128931
v 3.92274022 -0.87693269 -2.82839571
v 4.00996048 -0.70146836 -2.75467185
v 3.89537517 -0.70185731 -2.93805439
v 4.23913110 -0.70069047 -2.38790677
v 3.89025005 -1.40254778 -2.68280222
v 3.86288501 -1.22747240 -2.79246090
v 3.77566475 -1.40293672 -2.86618476
v 3.74829970 -1.22786134 -2.97584344
v 3.83551996 -1.05239702 -2.90211958
v 3.72093465 -1.05278596 -3.08550211
v 3.66107944 -1.40332567 -3.04956730
v 3.63371439 -1.22825029 -3.15922598
v 3.54649413 -1.40371462 -3.23294984
v 3.80815491 -0.87732164 -3.01177825
v 4.21176605 -0.52561509 -2.49756545
v 4.09718074 -0.52600403 -2.68094799
v 4.18440100 -0.35053971 -2.60722413
v 4.06981569 -0.35092865 -2.79060667
v 3.98259543 -0.52639298 -2.86433053
v 4.15703595 -0.17546433 -2.71688280
v 1.33603926 -1.32880374 4.62426051
v 1.24443526 -1.31270407 4.64867510
v 1.29150537 -1.24832003 4.65418465
v 1.19990136 -1.23222036 4.67859924
v 1.15283126 -1.29660439 4.67308969
v 1.10829736 -1.21612069 4.70301383
v 1.24697147 -1.16783632 4.68410880
v 1.15536747 -1.15173665 4.70852339
v 1.20243758 -1.08735262 4.71403294
v 1.06122725 -1.28050472 4.69750428
v 1.11083358 -1.07125294 4.73844753
v 1.06376347 -1.13563698 4.73293798
v 1.01922957 -1.05515327 4.76286212
v 0.97215947 -1.11953731 4.75735256
v 1.01669336 -1.20002101 4.72742842
v 0.92508936 -1.18392134 4.75184301
v 0.92762557 -1.03905360 4.78727671
v 0.88055546 -1.10343763 4.78176715
v 0.83602157 -1.02295392 4.81169130
v 0.96962325 -1.26440505 4.72191887
v 1.15790369 -1.00686891 4.74395708
v 1.06629968 -0.99076924 4.76837167
v 1.11336979 -0.92638520 4.77388123
v 1.02176579 -0.91028553 4.79829582
v 0.97469568 -0.97466956 4.79278626
v 0.93016179 -0.89418585 4.82271041
v 1.06883590 -0.84590149 4.80380537
v 0.97723189 -0.82980182 4.82821996
v 1.02430200 -0.76541779 4.83372951
v 0.88309168 -0.95856989 4.81720085
v 0.87801925 -1.24830538 4.74633346
v 0.83348535 -1.16782167 4.77625760
v 0.78641525 -1.23220570 4.77074804
v 0.74188135 -1.15172199 4.80067219
v 0.78895146 -1.08733796 4.80618174
v 0.69481124 -1.21610603 4.79516263
v 2.61184662 -3.60450766 -2.21790724
v 2.66018959 -3.46353355 -2.33619536
v 2.75454363 -3.47138057 -2.21469166
v 2.70853255 -3.32255945 -2.45448347
v 2.80288660 -3.33040646 -2.33297977
v 2.85122957 -3.18943235 -2.45126788
v 2.75687552 -3.18158534 -2.57277158
v 2.89724065 -3.33825347 -2.21147607
v 2.94558361 -3.19727937 -2.32976418
v 3.03993766 -3.20512638 -2.20826048
v 2.80521849 -3.04061123 -2.69105970
v 2.89957253 -3.04845825 -2.56955600
v 2.94791550 -2.90748414 -2.68784411
v 3.04226954 -2.91533115 -2.56634041
v 2.99392658 -3.05630526 -2.44805230
v 3.13662359 -2.92317816 -2.44483671
v 3.09061251 -2.77435705 -2.68462852
v 3.18496655 -2.78220406 -2.56312482
v 3.23330952 -2.64122995 -2.68141294
v 3.08828062 -3.06415227 -2.32654859
v 2.85356145 -2.89963713 -2.80934781
v 2.90190442 -2.75866302 -2.92763593
v 2.99625846 -2.76651003 -2.80613222
v 3.04460143 -2.62553593 -2.92442034
v 2.95024738 -2.61768891 -3.04592404
v 3.13895547 -2.63338294 -2.80291664
v 3.18263467 -3.07199928 -2.20504489
v 3.23097763 -2.93102518 -2.32333301
v 3.32533168 -2.93887219 -2.20182931
v 3.27932060 -2.79005107 -2.44162112
v 3.37367464 -2.79789808 -2.32011742
v 3.42201761 -2.65692398 -2.43840553
v 3.32766356 -2.64907696 -2.55990923
v 3.46802869 -2.80574510 -2.19861372
v 3.51637165 -2.66477099 -2.31690183
v 4.04262353 -2.37549254 1.66317873
v 4.02901001 -2.24426799 1.80701192
v 4.11059058 -2.20108123 1.68316051
v 4.09697706 -2.06985668 1.82699371
v 4.01539649 -2.11304344 1.95084512
v 4.08336354 -1.93863213 1.97082690
v 4.17855763 -2.02666992 1.70314229
v 4.16494411 -1.89544537 1.84697549
v 4.24652468 -1.85225862 1.72312408
v 4.00178297 -1.98181889 2.09467832
v 4.23291116 -1.72103407 1.86695727
v 4.15133059 -1.76422082 1.99080869
v 4.21929764 -1.58980951 2.01079047
v 4.13771707 -1.63299627 2.13464188
v 4.06975002 -1.80740758 2.11466010
v 4.05613649 -1.67618303 2.25849330
v 4.20568412 -1.45858496 2.15462367
v 4.12410354 -1.50177172 2.27847508
v 4.19207059 -1.32736041 2.29845686
v 3.98816944 -1.85059433 2.23851151
v 4.31449173 -1.67784731 1.74310586
v 4.30087821 -1.54662276 1.88693906
v 4.38245878 -1.50343600 1.76308764
v 4.36884526 -1.37221145 1.90692084
v 4.28726469 -1.41539821 2.03077225
v 4.35523174 -1.24098690 2.05075404
v 4.45042583 -1.32902469 1.78306943
v 4.43681231 -1.19780014 1.92690262
v 4.27365117 -1.28417366 2.17460545
v 3.97455592 -1.71936978 2.38234471
v 4.04252297 -1.54495847 2.40232649
v 3.96094240 -1.58814523 2.52617791
v 4.02890945 -1.41373392 2.54615969
v 4.11049002 -1.37054717 2.42230828
v 3.94732887 -1.45692068 2.67001110
v 0.04951338 -4.55693580 -2.05715447
v 0.22135614 -4.55623634 -1.98779325
v 0.07463027 -4.60547259 -1.88679064
v 0.24647304 -4.60477313 -1.81742943
v 0.39319891 -4.55553688 -1.91843204
v 0.09974717 -4.65400938 -1.71642682
v 0.41831581 -4.60407367 -1.74806821
v 0.27158994 -4.65330992 -1.64706560
v 0.44343271 -4.65261046 -1.57770438
v 0.56504168 -4.55483742 -1.84907082
v 0.59015857 -4.60337421 -1.67870699
v 0.73688444 -4.55413796 -1.77970960
v 0.12486407 -4.70254617 -1.54606299
v 0.29670684 -4.70184671 -1.47670177
v 0.14998097 -4.75108296 -1.37569916
v 0.76200134 -4.60267475 -1.60934577
v 0.61527547 -4.65191100 -1.50834316
v 0.78711824 -4.65121154 -1.43898194
v 0.64039237 -4.70044779 -1.33797933
v 0.46854961 -4.70114725 -1.40734055
v 0.49366651 -4.74968404 -1.23697672
v 0.81223514 -4.69974833 -1.26861812
v 0.66550927 -4.74898458 -1.16761551
v 0.83735204 -4.74828513 -1.09825429
v 0.32182374 -4.75038350 -1.30633794
v 0.90872721 -4.55343850 -1.71034838
v 0.93384411 -4.60197529 -1.53998456
v 1.08056997 -4.55273904 -1.64098717
v 1.10568687 -4.60127583 -1.47062334
v 0.95896101 -4.65051208 -1.36962073
v 1.13080377 -4.64981262 -1.30025951
v 1.25241274 -4.55203958 -1.57162595
v 1.27752964 -4.60057637 -1.40126212
v 1.42425551 -4.55134012 -1.50226473
v 0.98407791 -4.69904887 -1.19925690
v 0.17509787 -4.79961975 -1.20533533
v 0.34694064 -4.79892029 -1.13597411
v 0.20021477 -4.84815654 -1.03497150
v 0.51878340 -4.79822083 -1.06661289
v 0.37205754 -4.84745709 -0.96561028
v 0.54390030 -4.84675763 -0.89624907
v 0.69062617 -4.79752138 -0.99725168
v 0.22533167 -4.89669334 -0.86460767
v 0.39717444 -4.89599388 -0.79524646
v 0.25044857 -4.94523013 -0.69424385
v -1.15092679 -4.71795295 -1.19007878
v -1.31970959 -4.63317722 -1.23595383
v -1.17468712 -4.63502555 -1.36637781
v -1.34346992 -4.55024982 -1.41225287
v -1.48849238 -4.54840150 -1.28182889
v -1.19844745 -4.55209815 -1.54267685
v -1.51225271 -4.46547410 -1.45812792
v -1.36723025 -4.46732242 -1.58855190
v -1.53601305 -4.38254670 -1.63442696
v -1.65727518 -4.46362577 -1.32770395
v -1.68103551 -4.38069837 -1.50400298
v -1.82605798 -4.37885005 -1.37357900
v -1.22220778 -4.46917075 -1.71897588
v -1.39099058 -4.38439503 -1.76485094
v -1.24596812 -4.38624335 -1.89527492
v -1.84981831 -4.29592265 -1.54987804
v -1.70479584 -4.29777098 -1.68030202
v -1.87357864 -4.21299525 -1.72617707
v -1.72855618 -4.21484358 -1.85660105
v -1.55977338 -4.29961930 -1.81072600
v -1.58353371 -4.21669190 -1.98702503
v -1.89733897 -4.13006785 -1.90247611
v -1.75231651 -4.13191618 -2.03290009
v -1.92109931 -4.04714045 -2.07877514
v -1.41475091 -4.30146763 -1.94114997
v -1.99484077 -4.29407433 -1.41945406
v -2.01860111 -4.21114693 -1.59575309
v -2.16362357 -4.20929860 -1.46532911
v -2.18738390 -4.12637120 -1.64162815
v -2.04236144 -4.12821953 -1.77205213
v -2.21114424 -4.04344380 -1.81792718
v -2.33240637 -4.12452288 -1.51120417
v -2.35616670 -4.04159548 -1.68750320
v -2.06612177 -4.04529213 -1.94835116
v -1.26972845 -4.30331595 -2.07157395
v -1.43851125 -4.21854023 -2.11744901
v -1.29348878 -4.22038855 -2.24787299
v -1.60729404 -4.13376450 -2.16332407
v -1.46227158 -4.13561283 -2.29374805
v -1.63105437 -4.05083710 -2.33962310
v -1.77607684 -4.04898878 -2.20919912
v -1.31724911 -4.13746115 -2.42417202
v -1.48603191 -4.05268543 -2.47004708
v 0.27248606 -2.61159853 -4.25503284
v 0.43288266 -2.68470773 -4.16265792
v 0.24167039 -2.75457412 -4.13577251
v 0.40206698 -2.82768332 -4.04339760
v 0.59327925 -2.75781693 -4.07028300
v 0.21085471 -2.89754971 -4.01651219
v 0.56246358 -2.90079252 -3.95102268
v 0.37125131 -2.97065891 -3.92413727
v 0.53164791 -3.04376811 -3.83176235
v 0.75367585 -2.83092613 -3.97790809
v 0.72286018 -2.97390172 -3.85864776
v 0.91407245 -2.90403533 -3.88553317
v 0.18003904 -3.04052530 -3.89725186
v 0.34043563 -3.11363450 -3.80487694
v 0.14922336 -3.18350089 -3.77799154
v 0.88325677 -3.04701092 -3.76627284
v 0.69204450 -3.11687731 -3.73938743
v 0.85244110 -3.18998651 -3.64701252
v 0.66122883 -3.25985290 -3.62012711
v 0.50083223 -3.18674370 -3.71250203
v 0.47001656 -3.32971929 -3.59324170
v 0.82162542 -3.33296210 -3.52775219
v 0.63041315 -3.40282849 -3.50086678
v 0.79080975 -3.47593769 -3.40849186
v 0.30961996 -3.25661009 -3.68561662
v 1.07446905 -2.97714452 -3.79315825
v 1.04365337 -3.12012012 -3.67389793
v 1.23486564 -3.05025372 -3.70078333
v 1.20404997 -3.19322931 -3.58152301
v 1.01283770 -3.26309571 -3.55463760
v 1.17323429 -3.33620491 -3.46226268
v 1.39526224 -3.12336292 -3.60840842
v 1.36444656 -3.26633851 -3.48914809
v 0.98202202 -3.40607130 -3.43537727
v 0.11840769 -3.32647648 -3.65873121
v 0.27880428 -3.39958568 -3.56635629
v 0.08759201 -3.46945207 -3.53947088
v 0.43920088 -3.47269488 -3.47398137
v 0.24798861 -3.54256127 -3.44709597
v 0.40838521 -3.61567047 -3.35472105
v 0.59959748 -3.54580408 -3.38160646
v 0.05677634 -3.61242766 -3.42021056
v 0.21717294 -3.68553686 -3.32783564
v -2.51562276 -3.92898951 -1.72055058
v -2.66346427 -3.79041151 -1.73646709
v -2.53005636 -3.81823186 -1.88402193
v -2.81130578 -3.65183350 -1.75238361
v -2.67789786 -3.67965386 -1.89993845
v -2.82573937 -3.54107586 -1.91585496
v -2.95914729 -3.51325550 -1.76830012
v -2.54448995 -3.70747422 -2.04749329
v -2.69233146 -3.56889622 -2.06340980
v -2.55892354 -3.59671658 -2.21096464
v -3.10698879 -3.37467750 -1.78421663
v -2.97358088 -3.40249786 -1.93177147
v -3.12142239 -3.26391986 -1.94768799
v -2.98801447 -3.29174022 -2.09524283
v -2.84017297 -3.43031822 -2.07932632
v -2.85460656 -3.31956057 -2.24279767
v -3.13585598 -3.15316221 -2.11115934
v -3.00244807 -3.18098257 -2.25871418
v -3.15028958 -3.04240457 -2.27463070
v -2.70676505 -3.45813858 -2.22688116
v -3.25483030 -3.23609950 -1.80013314
v -3.40267181 -3.09752150 -1.81604966
v -3.26926390 -3.12534186 -1.96360450
v -3.41710540 -2.98676385 -1.97952101
v -3.55051332 -2.95894350 -1.83196617
v -3.28369749 -3.01458421 -2.12707586
v -2.57335714 -3.48595894 -2.37443600
v -2.72119865 -3.34738093 -2.39035251
v -2.58779073 -3.37520129 -2.53790736
v -2.86904015 -3.20880293 -2.40626903
v -2.73563224 -3.23662329 -2.55382387
v -2.88347375 -3.09804529 -2.56974038
v -3.01688166 -3.07022493 -2.42218554
v -2.60222433 -3.26444365 -2.70137871
v -2.75006584 -3.12586565 -2.71729522
v -1.66378030 -0.40132155 -4.62643700
v -1.57337435 -0.60710973 -4.61526058
v -1.76026322 -0.59685492 -4.54684577
v -1.66985727 -0.80264310 -4.53566935
v -1.48296840 -0.81289791 -4.60408416
v -1.85674613 -0.79238830 -4.46725454
v -1.39256246 -1.01868609 -4.59290774
v -1.57945132 -1.00843128 -4.52449293
v -1.48904537 -1.21421947 -4.51331652
v -1.67593423 -1.20396466 -4.44490170
v -1.76634018 -0.99817648 -4.45607812
v -1.86282310 -1.19370985 -4.37648689
v -1.58552829 -1.40975284 -4.43372529
v -1.77241715 -1.39949803 -4.36531048
v -1.95322905 -0.98792167 -4.38766331
v -1.30215651 -1.22447427 -4.58173133
v -1.21175056 -1.43026245 -4.57055491
v -1.39863942 -1.42000765 -4.50214010
v -2.04971196 -1.18345504 -4.30807208
v -1.95930601 -1.38924322 -4.29689566
v -2.14619488 -1.37898841 -4.22848085
v 1.45049042 -0.00000000 -4.75255406
v 1.33545072 -0.17587138 -4.75552339
v 1.24327750 -0.00000000 -4.78790348
v 1.22041102 -0.35174276 -4.75849272
v 1.12823780 -0.17587138 -4.79087281
v 1.01319810 -0.35174276 -4.79384214
v 1.10537132 -0.52761415 -4.76146204
v 1.03606458 -0.00000000 -4.82325290
v 0.92102489 -0.17587138 -4.82622223
v 0.82885167 -0.00000000 -4.85860232
v 0.99033163 -0.70348553 -4.76443137
v 0.89815841 -0.52761415 -4.79681146
v 0.78311871 -0.70348553 -4.79978079
v 0.69094549 -0.52761415 -4.83216088
v 0.80598519 -0.35174276 -4.82919156
v 0.59877227 -0.35174276 -4.86454098
v 0.57590579 -0.70348553 -4.83513021
v 0.48373257 -0.52761415 -4.86751030
v 0.71381197 -0.17587138 -4.86157165
v 0.87529193 -0.87935691 -4.76740070
v 0.76025223 -1.05522829 -4.77037003
v 0.66807901 -0.87935691 -4.80275012
v 0.62163875 -0.00000000 -4.89395174
v 0.50659905 -0.17587138 -4.89692107
v 0.41442583 -0.00000000 -4.92930116
v 0.39155935 -0.35174276 -4.89989040
v 0.29938614 -0.17587138 -4.93227049
v 0.20721292 -0.00000000 -4.96465058
v -3.54692535 -2.82012427 -1.98207631
v -3.54333738 -2.68130505 -2.13218645
v -3.41351744 -2.84794463 -2.12963115
v -3.40992947 -2.70912541 -2.27974129
v -3.53974941 -2.54248582 -2.28229658
v -3.28010952 -2.87576499 -2.27718599
v -3.53616144 -2.40366660 -2.43240672
v -3.40634150 -2.57030618 -2.42985143
v -3.40275353 -2.43148696 -2.57996156
v -3.27293358 -2.59812654 -2.57740627
v -3.27652155 -2.73694576 -2.42729613
v -3.14311364 -2.76476612 -2.57485097
v -3.26934562 -2.45930732 -2.72751641
v -3.13952567 -2.62594690 -2.72496111
v -3.14670161 -2.90358535 -2.42474083
v -3.53257348 -2.26484737 -2.58251686
v -3.52898551 -2.12602815 -2.73262700
v -3.39916556 -2.29266773 -2.73007170
v -3.01329369 -2.93140571 -2.57229568
v -3.00970573 -2.79258648 -2.72240581
v -2.87988578 -2.95922606 -2.71985052
v 4.10471048 0.00000000 -2.80036506
v 4.01749022 -0.17546433 -2.87408892
v 3.96516475 0.00000000 -2.95757117
v 3.93026996 -0.35092865 -2.94781278
v 3.87794449 -0.17546433 -3.03129503
v 3.79072423 -0.35092865 -3.10501890
v 3.84304970 -0.52639298 -3.02153664
v 3.82561901 0.00000000 -3.11477729
v 3.73839875 -0.17546433 -3.18850115
v 3.68607328 0.00000000 -3.27198340
v 3.75582944 -0.70185731 -3.09526051
v 3.70350397 -0.52639298 -3.17874276
v 3.61628370 -0.70185731 -3.25246662
v 3.56395823 -0.52639298 -3.33594887
v 3.65117849 -0.35092865 -3.26222501
v 3.51163276 -0.35092865 -3.41943113
v 3.47673797 -0.70185731 -3.40967274
v 3.42441250 -0.52639298 -3.49315499
v 3.33719224 -0.70185731 -3.56687885
v 3.59885302 -0.17546433 -3.34570726
v 3.66860918 -0.87732164 -3.16898437
v 3.58138892 -1.05278596 -3.24270823
v 3.52906344 -0.87732164 -3.32619048
v 3.44184318 -1.05278596 -3.39991434
v 3.49416866 -1.22825029 -3.31643209
v 3.38951771 -0.87732164 -3.48339660
v 3.54652755 0.00000000 -3.42918952
v 3.45930729 -0.17546433 -3.50291338
v 3.40698181 0.00000000 -3.58639563
v 3.37208703 -0.35092865 -3.57663724
v 3.31976155 -0.17546433 -3.66011949
v 3.23254129 -0.35092865 -3.73384336
v 3.28486676 -0.52639298 -3.65036110
v 3.26743608 0.00000000 -3.74360175
v 3.18021582 -0.17546433 -3.81732561
v -1.16719409 -4.11733401 -2.53255649
v -0.99632283 -4.07994270 -2.62011638
v -0.99337874 -4.18013426 -2.46464191
v -0.82545156 -4.04255138 -2.70767628
v -0.82250748 -4.14274295 -2.55220181
v -0.65163621 -4.10535164 -2.63976171
v -0.65458030 -4.00516007 -2.79523618
v -0.81956339 -4.24293452 -2.39672734
v -0.64869212 -4.20554321 -2.48428724
v -0.64574803 -4.30573478 -2.32881277
v -0.48370904 -3.96776876 -2.88279607
v -0.48076495 -4.06796033 -2.72732160
v -0.30989369 -4.03056902 -2.81488150
v -0.30694960 -4.13076058 -2.65940703
v -0.47782086 -4.16815190 -2.57184713
v -0.30400551 -4.23095215 -2.50393256
v -0.13607833 -4.09336927 -2.74696693
v -0.13313424 -4.19356084 -2.59149246
v 0.03773702 -4.15616953 -2.67905235
v -0.47487677 -4.26834346 -2.41637266
v -0.31283777 -3.93037745 -2.97035597
v -0.14196651 -3.89298614 -3.05791587
v -0.13902242 -3.99317770 -2.90244140
v 0.03184884 -3.95578639 -2.99000129
v 0.02890475 -3.85559482 -3.14547576
v 0.03479293 -4.05597796 -2.83452682
v -0.47193268 -4.36853503 -2.26089819
v -0.30106142 -4.33114372 -2.34845809
v -0.29811733 -4.43133529 -2.19298362
v -0.13019015 -4.29375241 -2.43601799
v -0.12724607 -4.39394398 -2.28054352
v 0.04362520 -4.35655267 -2.36810341
v 0.04068111 -4.25636110 -2.52357788
v -0.12430198 -4.49413555 -2.12506905
v 0.04656929 -4.45674423 -2.21262894
v -1.00087177 -4.69782581 -1.29846324
v -0.97575487 -4.74636260 -1.12809941
v -0.82569985 -4.72623545 -1.23648387
v -0.85081675 -4.67769866 -1.40684770
v -0.80058295 -4.77477224 -1.06612004
v -0.67564483 -4.70610831 -1.34486833
v -0.65052793 -4.75464510 -1.17450451
v -0.50047291 -4.73451796 -1.28288897
v -0.70076173 -4.65757152 -1.51523216
v -0.52558981 -4.68598117 -1.45325280
v -0.55070671 -4.63744438 -1.62361662
v -0.62541103 -4.80318189 -1.00414068
v -0.47535601 -4.78305475 -1.11252514
v -0.45023911 -4.83159154 -0.94216131
v -0.37553479 -4.66585402 -1.56163726
v -0.35041789 -4.71439081 -1.39127343
v -0.20036287 -4.69426367 -1.49965789
v -0.17524597 -4.74280046 -1.32929406
v -0.32530099 -4.76292760 -1.22090960
v -0.15012907 -4.79133725 -1.15893023
v -0.02519095 -4.72267332 -1.43767853
v -0.00007405 -4.77121011 -1.26731470
v -0.30018409 -4.81146439 -1.05054577
v -0.40065169 -4.61731723 -1.73200109
v -0.22547977 -4.64572688 -1.67002172
v -0.25059667 -4.59719009 -1.84038555
v -0.07542475 -4.62559974 -1.77840618
v -0.05030785 -4.67413653 -1.60804235
v -0.10054164 -4.57706295 -1.94877001
v -0.27506719 -4.86000118 -0.88018194
v -0.12501217 -4.83987404 -0.98856641
v -0.09989527 -4.88841083 -0.81820258
v 0.02504285 -4.81974690 -1.09695087
v 0.05015975 -4.86828369 -0.92658704
v 0.07527665 -4.91682048 -0.75622321
v -1.02463210 -4.61489841 -1.47476227
v -1.04839243 -4.53197101 -1.65106131
v -0.87457708 -4.59477126 -1.58314674
v -0.89833741 -4.51184386 -1.75944577
v -1.07215276 -4.44904361 -1.82736035
v -0.72452206 -4.57464412 -1.69153120
v -1.09591310 -4.36611621 -2.00365938
v -0.92209774 -4.42891646 -1.93574481
v -0.94585808 -4.34598906 -2.11204384
v -0.77204272 -4.40878932 -2.04412927
v -0.74828239 -4.49171672 -1.86783023
v -0.59822737 -4.47158958 -1.97621470
v -0.79580305 -4.32586192 -2.22042830
v -0.62198770 -4.38866218 -2.15251373
v -0.57446704 -4.55451698 -1.79991566
v -1.11967343 -4.28318881 -2.17995842
v -1.14343376 -4.20026141 -2.35625745
v -0.96961841 -4.26306166 -2.28834288
v -0.42441202 -4.53438983 -1.90830012
v -0.44817235 -4.45146243 -2.08459916
v -0.27435700 -4.51426269 -2.01668458
v -2.37060030 -3.93083783 -1.85097456
v -2.38503389 -3.82008019 -2.01444591
v -2.22557783 -3.93268616 -1.98139854
v -2.24001142 -3.82192851 -2.14486989
v -2.39946748 -3.70932255 -2.17791727
v -2.08055537 -3.93453448 -2.11182252
v -2.41390108 -3.59856490 -2.34138862
v -2.25444502 -3.71117087 -2.30834125
v -2.26887861 -3.60041323 -2.47181260
v -2.10942255 -3.71301920 -2.43876523
v -2.09498896 -3.82377684 -2.27529387
v -1.94996649 -3.82562516 -2.40571785
v -2.12385615 -3.60226155 -2.60223658
v -1.96440009 -3.71486752 -2.56918921
v -1.93553290 -3.93638281 -2.24224650
v -2.42833467 -3.48780726 -2.50485998
v -2.44276827 -3.37704962 -2.66833133
v -2.28331221 -3.48965559 -2.63528396
v -1.79051043 -3.93823113 -2.37267048
v -1.80494403 -3.82747349 -2.53614183
v -1.64548797 -3.94007946 -2.50309446
v -0.87384732 -4.91794335 0.22410718
v -0.90848225 -4.89294455 0.04733394
v -0.73331033 -4.92135420 0.10931331
v -0.76794527 -4.89635540 -0.06745994
v -0.94311719 -4.86794575 -0.12943931
v -0.59277335 -4.92476505 -0.00548057
v -0.80258020 -4.87135660 -0.24423318
v -0.62740828 -4.89976625 -0.18225382
v -0.66204321 -4.87476745 -0.35902706
v -0.97775212 -4.84294695 -0.30621255
v -0.83721513 -4.84635780 -0.42100643
v -1.01238705 -4.81794815 -0.48298580
v -0.45223636 -4.92817589 -0.12027445
v -0.48687129 -4.90317709 -0.29704770
v -0.31169937 -4.93158674 -0.23506833
v -0.87185007 -4.82135900 -0.59777968
v -0.69667815 -4.84976865 -0.53580031
v -0.73131308 -4.82476984 -0.71257355
v -0.55614116 -4.85317949 -0.65059419
v -0.52150623 -4.87817829 -0.47382094
v -0.38096924 -4.88158914 -0.58861482
v -0.59077610 -4.82818069 -0.82736743
v -0.41560418 -4.85659034 -0.76538807
v -0.34633431 -4.90658794 -0.41184158
v -1.04702199 -4.79294935 -0.65975904
v -0.90648500 -4.79636020 -0.77455292
v -1.08165692 -4.76795055 -0.83653229
v -0.94111993 -4.77136140 -0.95132617
v -0.76594801 -4.79977104 -0.88934680
v -1.11629185 -4.74295175 -1.01330553
v -0.17116239 -4.93499759 -0.34986221
v -0.20579732 -4.90999879 -0.52663545
v -0.03062540 -4.93840843 -0.46465609
v -0.24043226 -4.88499999 -0.70340870
v -0.06526034 -4.91340963 -0.64142933
v 0.10991158 -4.94181928 -0.57944997
v 0.67634360 -1.11854477 4.81517443
v 0.72341371 -1.05416074 4.82068399
v 0.65787596 -1.02098351 4.83518623
v 0.70494607 -0.95659948 4.84069579
v 0.77048382 -0.98977670 4.82619354
v 0.63940832 -0.92342226 4.85519803
v 0.81755393 -0.92539267 4.83170310
v 0.75201618 -0.89221544 4.84620534
v 0.79908629 -0.82783141 4.85171489
v 0.73354853 -0.79465419 4.86621714
v 0.68647843 -0.85903822 4.86070758
v 0.66801078 -0.76147696 4.88071938
v 0.78061864 -0.73027015 4.87172669
v 0.71508089 -0.69709293 4.88622894
v 0.76215100 -0.63270889 4.89173849
v 0.62094068 -0.82586100 4.87520983
v 0.86462404 -0.86100863 4.83721265
v 0.91169414 -0.79662460 4.84272220
v 0.84615639 -0.76344737 4.85722445
v 0.89322650 -0.69906334 4.86273400
v 0.95876425 -0.73224056 4.84823176
v 0.82768875 -0.66588612 4.87723625
v 0.60247303 -0.72829974 4.89522163
v 0.64954314 -0.66391570 4.90073118
v 0.58400539 -0.63073848 4.91523343
v 0.63107550 -0.56635445 4.92074298
v 0.69661325 -0.59953167 4.90624074
v 0.56553775 -0.53317722 4.93524522
v -0.70671397 -4.91805009 0.29217817
v -0.56617698 -4.92146094 0.17738429
v -0.53958062 -4.91815683 0.36024916
v -0.42564000 -4.92487178 0.06259041
v -0.39904364 -4.92156767 0.24545528
v -0.25850665 -4.92497852 0.13066140
v -0.28510301 -4.92828263 -0.05220346
v -0.37244727 -4.91826356 0.42832015
v -0.23191029 -4.92167441 0.31352627
v -0.20531392 -4.91837030 0.49639113
v -0.14456603 -4.93169348 -0.16699734
v -0.11796966 -4.92838937 0.01586752
v 0.02256732 -4.93180021 -0.09892636
v 0.04916368 -4.92849610 0.08393851
v -0.09137330 -4.92508526 0.19873239
v 0.07576005 -4.92519199 0.26680338
v 0.18970067 -4.93190695 -0.03085537
v 0.21629703 -4.92860284 0.15200950
v 0.35683402 -4.93201369 0.03721562
v -0.06477694 -4.92178115 0.38159726
v -0.00402904 -4.93510432 -0.28179122
v 0.13650795 -4.93851517 -0.39658510
v 0.16310431 -4.93521106 -0.21372023
v 0.30364129 -4.93862191 -0.32851411
v 0.27704493 -4.94192602 -0.51137898
v 0.33023766 -4.93531780 -0.14564925
v -0.03818058 -4.91847704 0.56446212
v 0.10235641 -4.92188788 0.44966824
v 0.12895277 -4.91858377 0.63253311
v 0.24289340 -4.92529873 0.33487436
v 0.26948976 -4.92199462 0.51773923
v 0.41002674 -4.92540547 0.40294535
v 0.38343038 -4.92870958 0.22008049
v 0.29608612 -4.91869051 0.70060410
v 0.43662311 -4.92210136 0.58581022
v 0.46321947 -4.91879724 0.76867508
v 0.62808435 -4.86888486 0.82039327
v 0.48892462 -4.86622653 0.93235438
v 0.65378950 -4.81631415 0.98407256
v 0.79294924 -4.81897248 0.87211145
v 0.51462977 -4.81365581 1.09603367
v 0.81865439 -4.76640176 1.03579074
v 0.67949465 -4.76374343 1.14775185
v 0.84435954 -4.71383105 1.19947003
v 0.95781413 -4.76906010 0.92382963
v 0.98351927 -4.71648938 1.08750892
v 1.12267901 -4.71914772 0.97554781
v 0.54033492 -4.76108509 1.25971296
v 0.70519980 -4.71117271 1.31143114
v 0.56604006 -4.70851438 1.42339225
v 1.14838416 -4.66657700 1.13922710
v 1.00922442 -4.66391866 1.25118821
v 1.17408931 -4.61400628 1.30290639
v 1.03492957 -4.61134795 1.41486750
v 0.87006469 -4.66126033 1.36314932
v 0.89576984 -4.60868961 1.52682861
v 1.19979446 -4.56143556 1.46658568
v 1.06063472 -4.55877723 1.57854679
v 1.22549961 -4.50886485 1.63026497
v 0.73090495 -4.65860199 1.47511043
v 1.28754390 -4.66923533 1.02726599
v 1.31324905 -4.61666462 1.19094528
v 1.45240878 -4.61932295 1.07898417
v 1.47811393 -4.56675224 1.24266346
v 1.33895419 -4.56409390 1.35462457
v 1.50381908 -4.51418152 1.40634275
v 1.61727367 -4.56941057 1.13070235
v 1.64297882 -4.51683985 1.29438164
v 1.78213855 -4.51949819 1.18242053
v 1.36465934 -4.51152318 1.51830386
v 0.59174521 -4.65594366 1.58707154
v 0.75661010 -4.60603128 1.63878972
v 0.61745036 -4.60337294 1.75075083
v 0.92147498 -4.55611889 1.69050790
v 0.78231525 -4.55346056 1.80246901
v 0.94718013 -4.50354818 1.85418719
v 1.08633987 -4.50620651 1.74222608
v 0.64315551 -4.55080222 1.91443012
v 0.80802040 -4.50088984 1.96614830
v -0.62650378 -4.69647363 1.59706872
v -0.65742172 -4.72415734 1.42544853
v -0.49028837 -4.72426408 1.49351952
v -0.52120631 -4.75194779 1.32189932
v -0.68833966 -4.75184106 1.25382834
v -0.35407297 -4.75205453 1.38997031
v -0.55212426 -4.77963151 1.15027913
v -0.38499091 -4.77973825 1.21835012
v -0.41590885 -4.80742196 1.04672993
v -0.71925760 -4.77952477 1.08220814
v -0.58304220 -4.80731523 0.97865894
v -0.75017555 -4.80720849 0.91058795
v -0.21785756 -4.77984498 1.28642111
v -0.24877550 -4.80752870 1.11480091
v -0.08164215 -4.80763544 1.18287190
v -0.61396014 -4.83499894 0.80703875
v -0.44682679 -4.83510568 0.87510974
v -0.47774474 -4.86278939 0.70348954
v -0.31061139 -4.86289613 0.77156053
v -0.27969344 -4.83521242 0.94318072
v -0.14347804 -4.86300287 0.83963152
v -0.34152933 -4.89057985 0.59994034
v -0.17439598 -4.89068658 0.66801133
v -0.11256010 -4.83531915 1.01125171
v -0.78109349 -4.83489221 0.73896776
v -0.64487808 -4.86268266 0.63541856
v -0.81201143 -4.86257592 0.56734757
v -0.67579603 -4.89036637 0.46379836
v -0.50866268 -4.89047311 0.53186935
v -0.84292938 -4.89025964 0.39572738
v 0.05457325 -4.83542589 1.07932270
v 0.02365531 -4.86310960 0.90770251
v 0.19078866 -4.86321634 0.97577349
v -0.00726263 -4.89079332 0.73608231
v 0.15987072 -4.89090006 0.80415330
v 0.32700406 -4.89100679 0.87222429
v -4.92327542 -0.16234941 0.68873574
v -4.90503157 -0.00000000 0.79458029
v -4.86359912 -0.16234941 0.89029346
v -4.88184296 -0.32469883 0.78444891
v -4.84535528 -0.00000000 0.99613801
v -4.82216666 -0.32469883 0.98600662
v -4.80392282 -0.16234941 1.09185118
v -4.76249037 -0.32469883 1.18756434
v -4.84041051 -0.48704824 0.88016207
v -4.78073421 -0.48704824 1.08171979
v -4.79897805 -0.64939766 0.97587524
v -4.78567898 -0.00000000 1.19769573
v -4.74424653 -0.16234941 1.29340889
v -4.72600269 -0.00000000 1.39925345
v -4.73930176 -0.64939766 1.17743296
v -4.72105791 -0.48704824 1.28327751
v -4.67962546 -0.64939766 1.37899068
v -4.66138162 -0.48704824 1.48483523
v -4.70281407 -0.32469883 1.38912206
v -4.64313778 -0.32469883 1.59067978
v -4.61994916 -0.64939766 1.58054840
v -4.60170532 -0.48704824 1.68639295
v -4.68457023 -0.16234941 1.49496661
v -4.75754560 -0.81174707 1.07158841
v -4.69786930 -0.81174707 1.27314613
v -4.71611314 -0.97409649 1.16730158
v -4.65643685 -0.97409649 1.36885930
v -4.63819301 -0.81174707 1.47470385
v -4.67468069 -1.13644590 1.26301475
v -4.66632639 -0.00000000 1.60081116
v -4.62489394 -0.16234941 1.69652433
v -4.60665010 -0.00000000 1.80236888
v -4.58346148 -0.32469883 1.79223750
v -4.56521764 -0.16234941 1.89808205
v -4.54697380 -0.00000000 2.00392660
v -1.62937807 -4.11527875 2.32585638
v -1.48009344 -4.11448398 2.38707112
v -1.60188765 -4.03181204 2.45210511
v -1.45260302 -4.03101727 2.51331985
v -1.33080881 -4.11368921 2.44828586
v -1.57439723 -3.94834534 2.57835385
v -1.30331839 -4.03022251 2.57453459
v -1.42511261 -3.94755057 2.63956859
v -1.27582798 -3.94675580 2.70078333
v -1.18152418 -4.11289444 2.50950060
v -1.15403377 -4.02942774 2.63574933
v -1.03223956 -4.11209967 2.57071534
v -1.54690682 -3.86487863 2.70460258
v -1.39762219 -3.86408386 2.76581732
v -1.51941640 -3.78141192 2.83085132
v -1.00474914 -4.02863297 2.69696407
v -1.12654335 -3.94596103 2.76199807
v -0.97725872 -3.94516626 2.82321281
v -1.09905293 -3.86249432 2.88824680
v -1.24833756 -3.86328909 2.82703206
v -1.22084715 -3.77982238 2.95328080
v -0.94976831 -3.86169955 2.94946154
v -1.07156252 -3.77902761 3.01449554
v -1.37013177 -3.78061715 2.89206606
v -0.88295493 -4.11130491 2.63193008
v -0.85546451 -4.02783820 2.75817881
v -0.73367030 -4.11051014 2.69314482
v -0.70617988 -4.02704343 2.81939355
v -0.82797410 -3.94437149 2.88442755
v -0.58438567 -4.10971537 2.75435956
v -1.49192599 -3.69794521 2.95710005
v -1.34264136 -3.69715044 3.01831479
v -1.46443557 -3.61447850 3.08334879
v -1.19335673 -3.69635567 3.07952953
v -1.31515094 -3.61368373 3.14456353
v -1.43694515 -3.53101179 3.20959752
v 2.78642847 -4.14826328 0.16651756
v 2.86687776 -4.06912472 0.02853377
v 2.91672433 -4.02806793 0.19950606
v 2.99717362 -3.94892938 0.06152227
v 2.94732705 -3.98998617 -0.10945002
v 3.04702019 -3.90787258 0.23249456
v 3.07762291 -3.86979082 -0.07646153
v 3.12746948 -3.82873403 0.09451077
v 3.20791877 -3.74959547 -0.04347303
v 3.02777634 -3.91084761 -0.24743382
v 3.15807220 -3.79065226 -0.21444532
v 3.10822563 -3.83170905 -0.38541761
v 3.17731605 -3.78767724 0.26548306
v 3.25776534 -3.70853868 0.12749927
v 3.30761191 -3.66748189 0.29847156
v 3.23852149 -3.71151370 -0.35242911
v 3.28836806 -3.67045691 -0.18145682
v 3.36881735 -3.59131835 -0.31944061
v 3.41866392 -3.55026156 -0.14846832
v 3.33821463 -3.62940012 -0.01048453
v 3.46851049 -3.50920477 0.02250397
v 3.49911321 -3.47112300 -0.28645212
v 3.54895978 -3.43006621 -0.11547982
v 3.62940907 -3.35092766 -0.25346362
v 3.38806120 -3.58834333 0.16048777
v 3.18867492 -3.75257049 -0.52340141
v 3.31897078 -3.63237514 -0.49041291
v 3.26912421 -3.67343194 -0.66138520
v 3.39942007 -3.55323659 -0.62839670
v 3.44926664 -3.51217980 -0.45742441
v 3.52971593 -3.43304124 -0.59540820
v 3.34957350 -3.59429338 -0.79936900
v 3.47986936 -3.47409803 -0.76638050
v 3.57956250 -3.39198445 -0.42443591
v 3.43790777 -3.54728654 0.33146006
v 3.51835706 -3.46814798 0.19347626
v 3.56820363 -3.42709119 0.36444856
v 3.59880635 -3.38900942 0.05549247
v 3.64865292 -3.34795263 0.22646476
v 3.72910221 -3.26881407 0.08848097
v 3.67925564 -3.30987086 -0.08249132
v 3.69849949 -3.30689584 0.39743706
v 3.77894878 -3.22775728 0.25945326
v 3.82879535 -3.18670049 0.43042556
v -3.41892251 -3.62303894 -0.11425938
v -3.42876625 -3.58660263 0.06748870
v -3.33758662 -3.68327093 0.00514306
v -3.34743036 -3.64683463 0.18689113
v -3.43860998 -3.55016633 0.24923677
v -3.35727409 -3.61039833 0.36863921
v -3.25625073 -3.74350293 0.12454549
v -3.26609446 -3.70706663 0.30629357
v -3.17491484 -3.80373493 0.24394793
v -3.44845372 -3.51373003 0.43098485
v -3.18475857 -3.76729863 0.42569601
v -3.27593820 -3.67063033 0.48804165
v -3.19460231 -3.73086232 0.60744409
v -3.28578194 -3.63419403 0.66978973
v -3.36711783 -3.57396203 0.55038729
v -3.37696157 -3.53752573 0.73213537
v -3.20444605 -3.69442602 0.78919216
v -3.29562568 -3.59775773 0.85153780
v -3.21428979 -3.65798972 0.97094024
v -3.45829746 -3.47729373 0.61273293
v -3.09357895 -3.86396692 0.36335037
v -3.10342268 -3.82753062 0.54509844
v -3.01224305 -3.92419892 0.48275280
v -3.02208679 -3.88776262 0.66450088
v -3.11326642 -3.79109432 0.72684652
v -3.03193053 -3.85132632 0.84624896
v -2.93090716 -3.98443092 0.60215524
v -2.94075090 -3.94799462 0.78390332
v -2.84957127 -4.04466291 0.72155768
v -3.12311016 -3.75465802 0.90859460
v -3.46814120 -3.44085743 0.79448101
v -3.38680531 -3.50108943 0.91388344
v -3.47798493 -3.40442113 0.97622908
v -3.39664904 -3.46465313 1.09563152
v -3.30546941 -3.56132142 1.03328588
v -3.48782867 -3.36798483 1.15797716
v -3.75827791 -2.87768398 -1.55525640
v -3.86159525 -2.70149321 -1.53593840
v -3.83263459 -2.82424482 -1.42610148
v -3.93595193 -2.64805405 -1.40678347
v -3.96491258 -2.52530245 -1.51662039
v -4.03926927 -2.47186329 -1.38746546
v -3.90699128 -2.77080566 -1.29694656
v -4.01030861 -2.59461489 -1.27762855
v -3.98134796 -2.71736649 -1.16779163
v -4.06822992 -2.34911168 -1.49730238
v -4.08466529 -2.54117573 -1.14847362
v -4.11362595 -2.41842413 -1.25831054
v -4.18798263 -2.36498497 -1.12915562
v -4.21694328 -2.24223336 -1.23899253
v -4.14258660 -2.29567252 -1.36814746
v -4.24590394 -2.11948176 -1.34882945
v -4.29129997 -2.18879420 -1.10983761
v -4.32026062 -2.06604260 -1.21967453
v -4.39461730 -2.01260344 -1.09051960
v -4.17154726 -2.17292092 -1.47798437
v -4.05570464 -2.66392733 -1.03863671
v -4.15902198 -2.48773657 -1.01931870
v -4.13006132 -2.61048817 -0.90948178
v -4.23337866 -2.43429741 -0.89016377
v -4.26233931 -2.31154580 -1.00000069
v -4.33669599 -2.25810664 -0.87084577
v -4.20441800 -2.55704901 -0.78032686
v -4.30773534 -2.38085825 -0.76100885
v -4.27877469 -2.50360985 -0.65117193
v -4.36565665 -2.13535504 -0.98068268
v -4.27486459 -1.99673015 -1.45866637
v -4.34922127 -1.94329099 -1.32951144
v -4.37818193 -1.82053939 -1.43934836
v -4.45253861 -1.76710023 -1.31019343
v -4.42357796 -1.88985183 -1.20035652
v -4.48149926 -1.64434862 -1.42003035
v 2.80553828 -4.09988687 0.33167407
v 2.93583414 -3.97969152 0.36466257
v 2.82464809 -4.05151045 0.49683059
v 3.06613000 -3.85949617 0.39765107
v 2.95494395 -3.93131510 0.52981908
v 3.08523981 -3.81111975 0.56280758
v 3.19642586 -3.73930082 0.43063957
v 2.84375790 -4.00313403 0.66198710
v 2.97405375 -3.88293868 0.69497559
v 2.86286770 -3.95475762 0.82714361
v 3.32672172 -3.61910547 0.46362807
v 3.21553567 -3.69092440 0.59579608
v 3.34583153 -3.57072905 0.62878458
v 3.23464547 -3.64254799 0.76095259
v 3.10434961 -3.76274333 0.72796409
v 3.12345942 -3.71436692 0.89312060
v 3.36494133 -3.52235264 0.79394109
v 3.25375528 -3.59417157 0.92610910
v 3.38405114 -3.47397622 0.95909760
v 2.99316356 -3.83456227 0.86013211
v 3.45701758 -3.49891012 0.49661657
v 3.58731344 -3.37871477 0.52960507
v 3.47612739 -3.45053370 0.66177308
v 3.60642325 -3.33033835 0.69476158
v 3.71760930 -3.25851942 0.56259357
v 3.49523719 -3.40215729 0.82692959
v 2.88197751 -3.90638120 0.99230012
v 3.01227337 -3.78618585 1.02528862
v 2.90108732 -3.85800478 1.15745663
v 3.14256923 -3.66599050 1.05827712
v 3.03138318 -3.73780943 1.19044513
v 3.16167904 -3.61761409 1.22343363
v 3.27286509 -3.54579515 1.09126561
v 2.92019712 -3.80962837 1.32261314
v 3.05049298 -3.68943302 1.35560164
v -0.46458322 -4.67169336 1.65719881
v -0.60257844 -4.62302950 1.74938192
v -0.44065788 -4.59824923 1.80951200
v -0.30266267 -4.64691310 1.71732889
v -0.57865309 -4.54958537 1.90169511
v -0.27873733 -4.57346897 1.86964209
v -0.41673254 -4.52480510 1.96182520
v -0.25481198 -4.50002484 2.02195529
v -0.14074211 -4.62213283 1.77745898
v -0.11681677 -4.54868870 1.92977218
v 0.02117844 -4.59735257 1.83758907
v -0.55472775 -4.47614124 2.05400831
v -0.39280720 -4.45136098 2.11413840
v -0.53080241 -4.40269711 2.20632151
v 0.04510378 -4.52390844 1.98990226
v -0.09289143 -4.47524457 2.08208537
v 0.06902912 -4.45046431 2.14221546
v -0.06896609 -4.40180045 2.23439857
v -0.23088664 -4.42658071 2.17426848
v -0.20696130 -4.35313658 2.32658168
v 0.09295447 -4.37702018 2.29452866
v -0.04504075 -4.32835632 2.38671177
v -0.36888186 -4.37791685 2.26645159
v 0.18309900 -4.57257230 1.89771915
v 0.20702434 -4.49912817 2.05003235
v 0.34501955 -4.54779204 1.95784924
v 0.36894489 -4.47434791 2.11016244
v 0.23094968 -4.42568404 2.20234555
v 0.50694011 -4.52301177 2.01797933
v -0.50687707 -4.32925298 2.35863470
v -0.34495652 -4.30447272 2.41876479
v -0.48295173 -4.25580885 2.51094790
v -0.18303596 -4.27969245 2.47889488
v -0.32103117 -4.23102859 2.57107799
v -0.45902639 -4.18236472 2.66326110
v -3.84026473 -1.51296055 2.75765640
v -3.84779361 -1.64112796 2.65167909
v -3.74904212 -1.64839909 2.78550746
v -3.75657101 -1.77656650 2.67953015
v -3.85532250 -1.76929537 2.54570178
v -3.65781952 -1.78383763 2.81335853
v -3.86285138 -1.89746279 2.43972447
v -3.76409989 -1.90473392 2.57355285
v -3.77162878 -2.03290133 2.46757554
v -3.67287729 -2.04017246 2.60140391
v -3.66534840 -1.91200505 2.70738122
v -3.57412580 -2.04744359 2.73523229
v -3.68040617 -2.16833987 2.49542660
v -3.58165468 -2.17561100 2.62925498
v -3.58918357 -2.30377841 2.52327767
v -3.56659692 -1.91927618 2.84120960
v -3.87038026 -2.02563020 2.33374716
v -3.87790915 -2.15379761 2.22776986
v -3.77915766 -2.16106874 2.36159823
v -3.78668654 -2.28923615 2.25562092
v -3.88543803 -2.28196502 2.12179255
v -3.68793505 -2.29650728 2.38944930
v -3.47537431 -2.05471472 2.86906066
v -3.48290319 -2.18288213 2.76308335
v -3.38415171 -2.19015326 2.89691173
v -3.39168059 -2.31832067 2.79093442
v -3.49043208 -2.31104954 2.65710604
v -3.29292910 -2.32559180 2.92476279
v 3.06872563 -3.60983344 1.50719806
v 3.07198041 -3.52191610 1.64852389
v 3.19814432 -3.45841492 1.52662647
v 3.20139910 -3.37049759 1.66795231
v 3.07523519 -3.43399876 1.78984973
v 3.20465388 -3.28258025 1.80927814
v 3.32756301 -3.30699641 1.54605488
v 3.33081779 -3.21907907 1.68738072
v 3.45698171 -3.15557790 1.56548330
v 3.07848997 -3.34608143 1.93117556
v 3.46023649 -3.06766056 1.70680913
v 3.33407258 -3.13116174 1.82870655
v 3.46349127 -2.97974323 1.84813496
v 3.33732736 -3.04324440 1.97003238
v 3.20790866 -3.19466291 1.95060397
v 3.21116344 -3.10674558 2.09192980
v 3.46674605 -2.89182589 1.98946079
v 3.34058214 -2.95532706 2.11135821
v 3.08174475 -3.25816409 2.07250139
v 3.58640040 -3.00415939 1.58491171
v 3.58965518 -2.91624205 1.72623754
v 3.71581910 -2.85274087 1.60434012
v 3.71907388 -2.76482354 1.74566595
v 3.59290996 -2.82832471 1.86756337
v 3.84523779 -2.70132236 1.62376853
v 3.08499953 -3.17024675 2.21382722
v 3.21441822 -3.01882824 2.23325563
v 3.08825431 -3.08232942 2.35515306
v -0.32836782 -4.69948381 1.55364960
v -0.19215241 -4.72727427 1.45010040
v -0.16644726 -4.67470355 1.61377969
v -0.03023186 -4.70249400 1.51023048
v -0.05593700 -4.75506472 1.34655119
v -0.00452671 -4.64992328 1.67390977
v 0.08027840 -4.78285517 1.24300199
v 0.10598355 -4.73028445 1.40668128
v 0.24219896 -4.75807491 1.30313208
v 0.26790410 -4.70550419 1.46681137
v 0.13168870 -4.67771374 1.57036057
v 0.29360925 -4.65293347 1.63049066
v 0.40411951 -4.73329464 1.36326216
v 0.42982466 -4.68072392 1.52694145
v 0.15739385 -4.62514302 1.73403986
v 0.21649381 -4.81064562 1.13945278
v 0.35270921 -4.83843608 1.03590358
v 0.37841436 -4.78586536 1.19958287
v 0.31931440 -4.60036275 1.79416995
v 0.45552981 -4.62815321 1.69062074
v 0.48123496 -4.57558249 1.85430003
v -4.32378915 -0.00000000 -2.44857917
v -4.35706461 -0.19019963 -2.30941771
v -4.40332209 -0.00000000 -2.25399941
v -4.39034008 -0.38039925 -2.17025626
v -4.43659755 -0.19019963 -2.11483795
v -4.46987301 -0.38039925 -1.97567649
v -4.42361554 -0.57059888 -2.03109480
v -4.48285502 -0.00000000 -2.05941964
v -4.51613048 -0.19019963 -1.92025818
v -4.56238796 -0.00000000 -1.86483987
v -4.45689100 -0.76079851 -1.89193334
v -4.50314847 -0.57059888 -1.83651503
v -4.53642394 -0.76079851 -1.69735357
v -4.58268141 -0.57059888 -1.64193526
v -4.54940595 -0.38039925 -1.78109672
v -4.62893888 -0.38039925 -1.58651695
v -4.61595687 -0.76079851 -1.50277380
v -4.66221435 -0.57059888 -1.44735549
v -4.69548981 -0.76079851 -1.30819403
v -4.59566342 -0.19019963 -1.72567841
v -4.49016646 -0.95099814 -1.75277188
v -4.52344193 -1.14119776 -1.61361042
v -4.56969940 -0.95099814 -1.55819211
v -4.60297486 -1.14119776 -1.41903065
v -4.55671739 -1.33139739 -1.47444896
v -4.64923234 -0.95099814 -1.36361234
v -4.64192089 -0.00000000 -1.67026010
v -4.67519636 -0.19019963 -1.53109864
v -4.72145383 -0.00000000 -1.47568033
v -4.70847182 -0.38039925 -1.39193718
v -4.75472929 -0.19019963 -1.33651887
v -4.78800476 -0.38039925 -1.19735741
v -4.74174728 -0.57059888 -1.25277572
v -4.80098677 -0.00000000 -1.28110056
v -4.83426223 -0.19019963 -1.14193910
v -1.03924497 -4.86395969 0.16864913
v -1.07387990 -4.83896089 -0.00812412
v -1.20464262 -4.80997603 0.11319108
v -1.23927755 -4.78497722 -0.06358217
v -1.10851484 -4.81396209 -0.18489736
v -1.27391249 -4.75997842 -0.24035542
v -1.37004027 -4.75599236 0.05773302
v -1.40467520 -4.73099356 -0.11904022
v -1.53543792 -4.70200870 0.00227497
v -1.14314977 -4.78896329 -0.36167061
v -1.57007285 -4.67700990 -0.17449828
v -1.43931014 -4.70599476 -0.29581347
v -1.60470779 -4.65201110 -0.35127152
v -1.47394507 -4.68099596 -0.47258672
v -1.30854742 -4.73497962 -0.41712866
v -1.34318235 -4.70998082 -0.59390191
v -1.63934272 -4.62701229 -0.52804477
v -1.50858000 -4.65599716 -0.64935996
v -1.67397766 -4.60201349 -0.70481802
v -1.17778470 -4.76396449 -0.53844385
v -1.70083557 -4.64802503 -0.05318309
v -1.73547050 -4.62302623 -0.22995633
v -1.86623322 -4.59404137 -0.10864114
v -1.90086816 -4.56904257 -0.28541439
v -1.77010544 -4.59802743 -0.40672958
v -1.93550309 -4.54404377 -0.46218763
v -2.03163087 -4.54005770 -0.16409920
v -2.06626581 -4.51505890 -0.34087244
v -2.19702852 -4.48607404 -0.21955725
v -1.80474037 -4.57302863 -0.58350283
v -1.21241964 -4.73896569 -0.71521710
v -1.37781729 -4.68498202 -0.77067515
v -1.24705457 -4.71396689 -0.89199034
v -1.41245222 -4.65998322 -0.94744840
v -1.54321494 -4.63099836 -0.82613321
v -1.28168950 -4.68896809 -1.06876359
v 4.24203492 -1.55999386 -2.00296064
v 4.13547856 -1.71899573 -2.05664921
v 4.12744962 -1.56038281 -2.18634318
v 4.02089325 -1.71938468 -2.24003175
v 4.02892220 -1.87799760 -2.11033779
v 4.01286431 -1.56077175 -2.36972572
v 3.92236584 -2.03699947 -2.16402636
v 3.91433689 -1.87838655 -2.29372033
v 3.80778053 -2.03738842 -2.34740890
v 3.79975158 -1.87877549 -2.47710287
v 3.90630795 -1.71977362 -2.42341429
v 3.79172264 -1.72016257 -2.60679683
v 3.69319522 -2.03777736 -2.53079144
v 3.68516628 -1.87916444 -2.66048541
v 3.57860991 -2.03816631 -2.71417398
v 3.89827900 -1.56116070 -2.55310826
v 3.81580948 -2.19600134 -2.21771494
v 3.70925311 -2.35500321 -2.27140352
v 3.70122417 -2.19639029 -2.40109748
v 3.59466781 -2.35539216 -2.45478606
v 3.60269675 -2.51400508 -2.32509209
v 3.58663886 -2.19677923 -2.58448002
v 3.78369369 -1.56154965 -2.73649080
v 3.67713733 -1.72055152 -2.79017937
v 3.66910838 -1.56193859 -2.91987334
v 3.56255202 -1.72094046 -2.97356191
v 3.57058097 -1.87955339 -2.84386795
v 3.55452308 -1.56232754 -3.10325588
v 1.79041536 -4.45068817 1.33644798
v 1.65125562 -4.44802983 1.44840909
v 1.79869216 -4.38187815 1.49047544
v 1.65953242 -4.37921981 1.60243655
v 1.51209588 -4.44537150 1.56037020
v 1.52037269 -4.37656148 1.71439766
v 1.80696896 -4.31306813 1.64450289
v 1.66780922 -4.31040980 1.75646400
v 1.81524576 -4.24425811 1.79853035
v 1.37293615 -4.44271316 1.67233131
v 1.67608603 -4.24159978 1.91049146
v 1.52864949 -4.30775146 1.86842511
v 1.53692629 -4.23894144 2.02245257
v 1.38948975 -4.30509313 1.98038622
v 1.38121295 -4.37390314 1.82635877
v 1.24205321 -4.37124481 1.93831988
v 1.39776655 -4.23628311 2.13441368
v 1.25033002 -4.30243479 2.09234733
v 1.23377641 -4.44005483 1.78429242
v 1.82352257 -4.17544809 1.95255780
v 1.68436283 -4.17278976 2.06451891
v 1.83179937 -4.10663807 2.10658525
v 1.69263963 -4.10397974 2.21854636
v 1.54520309 -4.17013142 2.17648002
v 1.84007617 -4.03782805 2.26061271
v 1.09461667 -4.43739649 1.89625353
v 1.10289348 -4.36858647 2.05028099
v 0.95545694 -4.43473816 2.00821464
v -3.10510937 -2.45331695 3.02925949
v -2.98433144 -2.48858978 3.10104456
v -3.01604113 -2.57377097 2.99992781
v -2.89526319 -2.60904380 3.07171288
v -2.86355350 -2.52386261 3.17282963
v -2.77448526 -2.64431663 3.14349795
v -2.92697288 -2.69422499 2.97059614
v -2.80619495 -2.72949782 3.04238121
v -2.83790464 -2.81467900 2.94126446
v -2.74277557 -2.55913545 3.24461469
v -2.71712671 -2.84995184 3.01304953
v -2.68541702 -2.76477065 3.11416627
v -2.59634878 -2.88522467 3.08483460
v -2.56463909 -2.80004348 3.18595134
v -2.65370733 -2.67958947 3.21528302
v -2.53292939 -2.71486230 3.28706809
v -2.47557084 -2.92049750 3.15661966
v -2.44386115 -2.83531632 3.25773641
v -2.62199764 -2.59440828 3.31639976
v -2.74883640 -2.93513302 2.91193278
v -2.62805847 -2.97040586 2.98371785
v -2.65976816 -3.05558704 2.88260111
v -2.53899022 -3.09085988 2.95438618
v -2.50728053 -3.00567869 3.05550292
v -2.57069991 -3.17604106 2.85326943
v -2.50121970 -2.62968111 3.38818483
v -2.41215146 -2.75013513 3.35885315
v -2.38044177 -2.66495395 3.45996990
v -2.46316909 -4.09553801 -1.38988898
v -2.58805274 -4.03592049 -1.22446180
v -2.42514901 -4.15132887 -1.22269873
v -2.55003266 -4.09171135 -1.05727156
v -2.71293639 -3.97630296 -1.05903463
v -2.67491631 -4.03209382 -0.89184438
v -2.38712893 -4.20711973 -1.05550849
v -2.51201258 -4.14750221 -0.89008131
v -2.34910884 -4.26291059 -0.88831824
v -2.83782005 -3.91668543 -0.89360745
v -2.47399250 -4.20329307 -0.72289106
v -2.63689623 -4.08788468 -0.72465413
v -2.59887615 -4.14367554 -0.55746389
v -2.76177989 -4.02826715 -0.55922696
v -2.79979997 -3.97247629 -0.72641720
v -2.92468362 -3.91285877 -0.56099003
v -2.72375981 -4.08405802 -0.39203671
v -2.88666354 -3.96864963 -0.39379978
v -2.84864346 -4.02444049 -0.22660954
v -2.96270370 -3.85706791 -0.72818028
v -2.31108876 -4.31870146 -0.72112799
v -2.43597242 -4.25908393 -0.55570082
v -2.27306868 -4.37449232 -0.55393775
v -2.39795234 -4.31487479 -0.38851057
v -2.56085607 -4.19946640 -0.39027364
v -2.52283599 -4.25525726 -0.22308339
v -2.23504860 -4.43028318 -0.38674750
v -2.35993226 -4.37066565 -0.22132032
v -2.68573973 -4.13984888 -0.22484647
v -3.08758736 -3.79745038 -0.56275310
v -3.04956728 -3.85324124 -0.39556285
v -3.21247101 -3.73783285 -0.39732592
v -3.17445093 -3.79362371 -0.23013568
v -3.01154720 -3.90903210 -0.22837261
v -3.33735467 -3.67821533 -0.23189875
v -4.82560520 -0.35863106 -1.02988004
v -4.77934773 -0.54883069 -1.08529835
v -4.81694817 -0.52706250 -0.91782098
v -4.77069070 -0.71726213 -0.97323929
v -4.73309025 -0.73903032 -1.14071666
v -4.80829114 -0.69549394 -0.80576192
v -4.68683278 -0.92922995 -1.19613497
v -4.72443322 -0.90746175 -1.02865760
v -4.67817575 -1.09766138 -1.08407591
v -4.71577619 -1.07589319 -0.91659854
v -4.76203367 -0.88569356 -0.86118023
v -4.75337664 -1.05412500 -0.74912117
v -4.66951872 -1.26609282 -0.97201685
v -4.70711916 -1.24432463 -0.80453948
v -4.66086169 -1.43452425 -0.85995778
v -4.79963411 -0.86392537 -0.69370286
v -4.64057531 -1.11942957 -1.25155328
v -4.59431783 -1.30962920 -1.30697159
v -4.63191828 -1.28786101 -1.13949422
v -4.58566080 -1.47806064 -1.19491253
v -4.54806036 -1.49982883 -1.36238990
v -4.62326125 -1.45629245 -1.02743516
v -4.79097708 -1.03235681 -0.58164380
v -4.74471961 -1.22255644 -0.63706210
v -4.78232005 -1.20078825 -0.46958473
v -4.73606258 -1.39098787 -0.52500304
v -4.69846213 -1.41275606 -0.69248041
v -4.77366302 -1.36921968 -0.35752567
v -0.12685411 -0.99367137 4.89106831
v -0.19076247 -0.99693215 4.88710253
v -0.18979986 -1.05213345 4.87372294
v -0.25370822 -1.05539422 4.86975716
v -0.25467083 -1.00019292 4.88313675
v -0.25274562 -1.11059553 4.85637758
v -0.31857919 -1.00345370 4.87917096
v -0.31761658 -1.05865500 4.86579138
v -0.38152494 -1.06191577 4.86182560
v -0.38056233 -1.11711708 4.84844601
v -0.31665397 -1.11385630 4.85241179
v -0.37959973 -1.17231838 4.83506643
v -0.44447069 -1.12037785 4.84448023
v -0.44350809 -1.17557916 4.83110065
v -0.31569137 -1.16905761 4.83903221
v -0.38248754 -1.00671447 4.87520518
v -0.44639590 -1.00997525 4.87123940
v -0.44543330 -1.06517655 4.85785981
v -0.37863712 -1.22751968 4.82168684
v -0.44254548 -1.23078046 4.81772106
v -0.44158287 -1.28598176 4.80434148
v 3.07962457 -0.35662336 -3.85267503
v 3.13195004 -0.53208768 -3.76919278
v 2.97903332 -0.53778239 -3.88802445
v 3.03135880 -0.71324671 -3.80454220
v 3.18427552 -0.70755201 -3.68571052
v 2.87844208 -0.71894141 -3.92337387
v 3.23660099 -0.88301634 -3.60222827
v 3.08368427 -0.88871104 -3.72105994
v 3.13600974 -1.06417537 -3.63757769
v 2.98309302 -1.06987007 -3.75640936
v 2.93076755 -0.89440574 -3.83989162
v 2.83017630 -1.07556477 -3.87524103
v 3.03541850 -1.24533440 -3.67292711
v 2.88250178 -1.25102910 -3.79175878
v 2.93482725 -1.42649343 -3.70827653
v 2.77785083 -0.90010044 -3.95872329
v 3.28892646 -1.05848066 -3.51874602
v 3.34125194 -1.23394499 -3.43526376
v 3.18833522 -1.23963969 -3.55409544
v 3.24066069 -1.41510402 -3.47061318
v 3.39357741 -1.40940932 -3.35178151
v 3.08774397 -1.42079872 -3.58944486
v 2.67725958 -1.08125947 -3.99407271
v 2.72958506 -1.25672380 -3.91059045
v 2.57666834 -1.26241850 -4.02942213
v 2.62899381 -1.43788283 -3.94593987
v 2.78191053 -1.43218813 -3.82710820
v 2.47607709 -1.44357753 -4.06477155
v -1.45047230 -4.60419236 -1.11463864
v -1.58123502 -4.57520750 -0.99332345
v -1.61925510 -4.51941664 -1.16051370
v -1.75001782 -4.49043177 -1.03919851
v -1.71199774 -4.54622263 -0.87200826
v -1.78803790 -4.43464091 -1.20638875
v -1.84276045 -4.51723777 -0.75069307
v -1.88078053 -4.46144691 -0.91788332
v -2.01154325 -4.43246204 -0.79656813
v -2.04956333 -4.37667118 -0.96375837
v -1.91880061 -4.40565605 -1.08507356
v -2.08758341 -4.32088032 -1.13094862
v -2.18032605 -4.34768632 -0.84244318
v -2.21834613 -4.29189546 -1.00963343
v -1.95682069 -4.34986519 -1.25226381
v -1.97352317 -4.48825291 -0.62937788
v -2.10428589 -4.45926804 -0.50806269
v -2.14230597 -4.40347718 -0.67525294
v -2.12560349 -4.26508946 -1.29813887
v -2.25636621 -4.23610460 -1.17682368
v -2.29438629 -4.18031374 -1.34401392
v 4.51460126 -1.94709352 0.79413883
v 4.50543334 -1.85879798 0.93541463
v 4.43746629 -2.03320929 0.91543285
v 4.49626543 -1.77050243 1.07669043
v 4.42829838 -1.94491374 1.05670865
v 4.41913046 -1.85661819 1.19798445
v 4.48709751 -1.68220688 1.21796623
v 4.36033133 -2.11932505 1.03672686
v 4.35116341 -2.03102950 1.17800266
v 4.28319636 -2.20544081 1.15802088
v 4.47792959 -1.59391134 1.35924203
v 4.40996254 -1.76832264 1.33926025
v 4.40079462 -1.68002710 1.48053604
v 4.33282757 -1.85443840 1.46055426
v 4.34199549 -1.94273395 1.31927846
v 4.26486052 -2.02884971 1.44057248
v 4.32365965 -1.76614286 1.60183006
v 4.25569260 -1.94055416 1.58184828
v 4.27402844 -2.11714526 1.29929668
v 4.46876167 -1.50561579 1.50051783
v 4.45959375 -1.41732024 1.64179363
v 4.39162670 -1.59173155 1.62181184
v 4.20606139 -2.29155657 1.27931490
v 4.19689347 -2.20326102 1.42059070
v 4.12892642 -2.37767233 1.40060891
v 4.18772555 -2.11496547 1.56186649
v 4.11975850 -2.28937678 1.54188471
v 4.05179145 -2.46378809 1.52190293
v -4.30556532 -2.46734460 0.44860001
v -4.20442356 -2.60492499 0.34367849
v -4.30173809 -2.47252535 0.29148973
v -4.20059632 -2.61010574 0.18656822
v -4.10328179 -2.74250537 0.23875698
v -4.09945455 -2.74768612 0.08164670
v -4.29791086 -2.47770610 0.13437945
v -4.19676909 -2.61528649 0.02945794
v -4.29408362 -2.48288685 -0.02273083
v -4.00214002 -2.88008576 0.13383547
v -4.19294185 -2.62046724 -0.12765234
v -4.09562732 -2.75286687 -0.07546357
v -4.09180008 -2.75804762 -0.23257385
v -3.99448555 -2.89044726 -0.18038509
v -3.99831278 -2.88526651 -0.02327481
v -3.89717101 -3.02284690 -0.12819632
v -3.99065831 -2.89562801 -0.33749536
v -3.89334378 -3.02802765 -0.28530660
v -3.88951654 -3.03320840 -0.44241688
v -3.90099825 -3.01766614 0.02891395
v -4.29025639 -2.48806760 -0.17984110
v -4.18911462 -2.62564799 -0.28476262
v -4.28642915 -2.49324835 -0.33695138
v -4.18528738 -2.63082874 -0.44187289
v -4.08797285 -2.76322837 -0.38968413
v -4.08414562 -2.76840912 -0.54679440
v -4.28260192 -2.49842910 -0.49406166
v -4.18146015 -2.63600949 -0.59898317
v -3.98683108 -2.90080876 -0.49460564
v -3.79985648 -3.15524653 -0.07600756
v -3.79602924 -3.16042728 -0.23311783
v -3.69871471 -3.29282692 -0.18092907
v -3.69488747 -3.29800767 -0.33803935
v -3.79220201 -3.16560803 -0.39022811
v -3.59757294 -3.43040730 -0.28585058
v -1.50401878 -4.18792811 2.23475792
v -1.35473415 -4.18713334 2.29597266
v -1.37865949 -4.26057747 2.14365946
v -1.22937487 -4.25978270 2.20487420
v -1.20544952 -4.18633857 2.35718740
v -1.08009024 -4.25898793 2.26608894
v -1.25330021 -4.33322683 2.05256101
v -1.10401558 -4.33243206 2.11377575
v -1.12794092 -4.40587619 1.96146255
v -1.05616490 -4.18554380 2.41840214
v -0.97865629 -4.40508142 2.02267729
v -0.95473095 -4.33163729 2.17499049
v -0.82937167 -4.40428665 2.08389203
v -0.80544633 -4.33084252 2.23620523
v -0.93080561 -4.25819316 2.32730368
v -0.78152098 -4.25739839 2.38851842
v -0.68008704 -4.40349188 2.14510677
v -0.65616170 -4.33004775 2.29741997
v -0.90688027 -4.18474903 2.47961688
v -1.00258164 -4.47852555 1.87036409
v -0.85329701 -4.47773078 1.93157883
v -0.87722235 -4.55117491 1.77926563
v -0.72793772 -4.55038014 1.84048037
v -0.70401238 -4.47693601 1.99279357
v -0.75186306 -4.62382427 1.68816718
v -0.75759564 -4.18395426 2.54083162
v -0.63223636 -4.25660362 2.44973316
v -0.60831101 -4.18315949 2.60204636
v 1.90767479 -4.47309383 1.05543266
v 1.92678460 -4.42471741 1.22058917
v 2.05232084 -4.37831305 1.09360130
v 2.03321103 -4.42668946 0.92844479
v 2.07143065 -4.32993663 1.25875781
v 2.17785708 -4.33190868 0.96661343
v 2.19696689 -4.28353227 1.13176994
v 2.32250313 -4.23712790 1.00478207
v 2.15874727 -4.38028510 0.80145692
v 2.30339332 -4.28550432 0.83962556
v 2.28428351 -4.33388074 0.67446905
v 2.21607669 -4.23515585 1.29692645
v 2.34161294 -4.18875149 1.16993858
v 2.36072274 -4.14037507 1.33509509
v 2.42892956 -4.23909996 0.71263769
v 2.44803937 -4.19072354 0.87779420
v 2.57357561 -4.14431918 0.75080633
v 2.59268542 -4.09594276 0.91596284
v 2.46714918 -4.14234712 1.04295071
v 2.61179522 -4.04756634 1.08111935
v 2.71822166 -4.04953840 0.78897497
v 2.73733146 -4.00116198 0.95413148
v 2.48625898 -4.09397071 1.20810722
v 2.40981975 -4.28747637 0.54748118
v 2.55446580 -4.19269559 0.58564982
v 2.53535599 -4.24107201 0.42049330
v 2.68000204 -4.14629123 0.45866195
v 2.69911185 -4.09791481 0.62381846
v 2.66089223 -4.19466765 0.29350543
v 2.50536879 -4.04559429 1.37326373
v 2.63090503 -3.99918993 1.24627586
v 2.65001484 -3.95081351 1.41143237
v 2.75644127 -3.95278556 1.11928799
v 2.77555108 -3.90440915 1.28444450
v 2.79466088 -3.85603273 1.44960101
v 2.17253971 -1.42298699 4.26023528
v 2.08642322 -1.32202050 4.32089865
v 2.05940163 -1.42102991 4.30796401
v 2.00030674 -1.22105400 4.38156202
v 1.97328514 -1.32006342 4.36862737
v 1.88716866 -1.21909692 4.42929074
v 1.91419025 -1.12008751 4.44222539
v 1.94626355 -1.41907284 4.35569273
v 1.86014706 -1.31810634 4.41635610
v 1.83312547 -1.41711576 4.40342146
v 1.82807376 -1.01912101 4.50288876
v 1.80105217 -1.11813043 4.48995411
v 1.71493568 -1.01716394 4.55061748
v 1.68791409 -1.11617335 4.53768284
v 1.77403058 -1.21713985 4.47701947
v 1.66089250 -1.21518277 4.52474820
v 1.60179760 -1.01520686 4.59834621
v 1.57477601 -1.11421627 4.58541157
v 1.48865952 -1.01324978 4.64607494
v 1.74700898 -1.31614926 4.46408483
v 1.74195727 -0.91815452 4.56355213
v 1.65584079 -0.81718802 4.62421550
v 1.62881919 -0.91619744 4.61128085
v 1.54270271 -0.81523095 4.67194422
v 1.56972430 -0.71622153 4.68487887
v 1.51568111 -0.91424036 4.65900958
v 1.71998739 -1.41515868 4.45115019
v 1.63387091 -1.31419219 4.51181356
v 1.60684931 -1.41320160 4.49887891
v 1.54775442 -1.21322569 4.57247693
v 1.52073283 -1.31223511 4.55954228
v 1.43461634 -1.21126861 4.62020565
v 1.46163793 -1.11225920 4.63314030
v 1.49371123 -1.41124453 4.54660764
v 1.40759475 -1.31027803 4.60727101
v -0.90608773 -2.49832804 4.21759145
v -0.78776328 -2.49648162 4.23581274
v -0.84596964 -2.43742362 4.26188411
v -0.72764519 -2.43557719 4.28010540
v -0.66943883 -2.49463519 4.25403404
v -0.78585154 -2.37651920 4.30617676
v -0.55111438 -2.49278876 4.27225533
v -0.60932074 -2.43373077 4.29832670
v -0.49099629 -2.43188434 4.31654799
v -0.54920264 -2.37282635 4.34261936
v -0.66752709 -2.37467277 4.32439806
v -0.60740900 -2.31376835 4.36869072
v -0.43087819 -2.37097992 4.36084065
v -0.48908454 -2.31192192 4.38691201
v -0.72573345 -2.31561478 4.35046942
v -0.43278993 -2.49094233 4.29047663
v -0.31446548 -2.48909591 4.30869792
v -0.37267184 -2.43003791 4.33476929
v -0.66561535 -2.25471036 4.39476208
v -0.54729090 -2.25286393 4.41298338
v -0.60549725 -2.19380593 4.43905474
v 4.49118443 -0.14432667 2.15518018
v 4.54697380 0.00000000 2.00392660
v 4.55086072 -0.14432667 1.95362246
v 4.49507135 -0.28865335 2.10487604
v 4.60665010 0.00000000 1.80236888
v 4.55474765 -0.28865335 1.90331832
v 4.61053702 -0.14432667 1.75206474
v 4.61442394 -0.28865335 1.70176061
v 4.49895827 -0.43298002 2.05457190
v 4.55863457 -0.43298002 1.85301419
v 4.50284520 -0.57730669 2.00426777
v 4.66632639 0.00000000 1.60081116
v 4.67021331 -0.14432667 1.55050703
v 4.72600269 0.00000000 1.39925345
v 4.56252149 -0.57730669 1.80271005
v 4.61831086 -0.43298002 1.65145647
v 4.62219779 -0.57730669 1.60115233
v 4.67798716 -0.43298002 1.44989875
v 4.67410024 -0.28865335 1.50020289
v 4.73377653 -0.28865335 1.29864517
v 4.68187408 -0.57730669 1.39959461
v 4.73766345 -0.43298002 1.24834103
v 4.72988961 -0.14432667 1.34894931
v 4.50673212 -0.72163337 1.95396363
v 4.56640841 -0.72163337 1.75240591
v 4.51061904 -0.86596004 1.90365949
v 4.57029534 -0.86596004 1.70210177
v 4.62608471 -0.72163337 1.55084819
v 4.51450596 -1.01028671 1.85335535
v 4.78567898 0.00000000 1.19769573
v 4.78956591 -0.14432667 1.14739159
v 4.84535528 0.00000000 0.99613801
v 4.79345283 -0.28865335 1.09708745
v 4.84924220 -0.14432667 0.94583387
v 4.90503157 0.00000000 0.79458029
v -2.37509997 -3.39884304 2.76167758
v -2.24107785 -3.41772429 2.82566615
v -2.26856827 -3.50119100 2.69941741
v -2.13454615 -3.52007225 2.76340597
v -2.10705574 -3.43660554 2.88965471
v -2.00052404 -3.53895350 2.82739454
v -2.16203657 -3.60353896 2.63715724
v -2.02801445 -3.62242021 2.70114580
v -2.05550487 -3.70588692 2.57489707
v -1.97303362 -3.45548679 2.95364327
v -1.92148275 -3.72476817 2.63888563
v -1.89399234 -3.64130146 2.76513437
v -1.78746063 -3.74364942 2.70287419
v -1.75997022 -3.66018271 2.82912293
v -1.86650192 -3.55783475 2.89138310
v -1.73247980 -3.57671600 2.95537166
v -1.65343852 -3.76253067 2.76686276
v -1.62594810 -3.67906396 2.89311149
v -1.83901150 -3.47436804 3.01763184
v -1.94897317 -3.80823488 2.51263689
v -1.81495105 -3.82711613 2.57662546
v -1.84244147 -3.91058284 2.45037672
v -1.70841935 -3.92946409 2.51436529
v -1.68092893 -3.84599738 2.64061402
v -1.73590977 -4.01293079 2.38811655
v -1.70498939 -3.49324929 3.08162040
v -1.59845769 -3.59559725 3.01936023
v -1.57096727 -3.51213054 3.14560896
v 1.93506140 -4.35590739 1.37461662
v 2.07970745 -4.26112661 1.41278526
v 1.94333821 -4.28709737 1.52864408
v 2.08798425 -4.19231659 1.56681272
v 2.22435350 -4.16634583 1.45095390
v 1.95161501 -4.21828735 1.68267153
v 2.36899955 -4.07156505 1.48912254
v 2.23263030 -4.09753581 1.60498136
v 2.37727635 -4.00275503 1.64315000
v 2.24090710 -4.02872579 1.75900881
v 2.09626106 -4.12350657 1.72084017
v 2.10453786 -4.05469655 1.87486763
v 2.38555315 -3.93394501 1.79717745
v 2.24918391 -3.95991577 1.91303627
v 1.95989181 -4.14947733 1.83669899
v 2.51364559 -3.97678427 1.52729118
v 2.65829164 -3.88200349 1.56545982
v 2.52192240 -3.90797425 1.68131864
v 1.96816861 -4.08066731 1.99072644
v 2.11281466 -3.98588653 2.02889508
v 1.97644542 -4.01185729 2.14475389
v -4.78901156 -1.34136947 0.00354873
v -4.80819211 -1.17293803 0.10143258
v -4.76675966 -1.33528745 0.19714575
v -4.78594021 -1.16685601 0.29502961
v -4.82737266 -1.00450660 0.19931644
v -4.80512076 -0.99842457 0.39291347
v -4.74450775 -1.32920543 0.39074278
v -4.76368830 -1.16077399 0.48862664
v -4.72225585 -1.32312340 0.58433981
v -4.84655321 -0.83607516 0.29720030
v -4.74143640 -1.15469197 0.68222367
v -4.78286885 -0.99234255 0.58651050
v -4.76061695 -0.98626053 0.78010752
v -4.80204940 -0.82391112 0.68439436
v -4.82430131 -0.82999314 0.49079733
v -4.84348186 -0.66156170 0.58868119
v -4.77979750 -0.81782909 0.87799138
v -4.82122995 -0.65547968 0.78227822
v -4.86573376 -0.66764372 0.39508416
v -4.70000394 -1.31704138 0.77793683
v -4.71918449 -1.14860995 0.87582069
v -4.67775204 -1.31095936 0.97153386
v -4.69693259 -1.14252792 1.06941772
v -4.73836505 -0.98017851 0.97370455
v -4.65550014 -1.30487734 1.16513089
v -4.88491431 -0.49921229 0.49296802
v -4.86266241 -0.49313027 0.68656505
v -4.90409486 -0.33078085 0.59085188
v -1.02203703 -2.80927868 -3.97583661
v -0.86792083 -2.92401425 -3.89646146
v -0.83710516 -2.78103866 -4.01572179
v -0.68298896 -2.89577423 -3.93634664
v -0.71380464 -3.03874982 -3.81708631
v -0.52887277 -3.01050980 -3.85697149
v -0.65217329 -2.75279864 -4.05560696
v -0.49805709 -2.86753421 -3.97623181
v -0.46724142 -2.72455861 -4.09549214
v -0.55968844 -3.15348539 -3.73771116
v -0.31312522 -2.83929418 -4.01611699
v -0.34394090 -2.98226978 -3.89685666
v -0.15900903 -2.95402975 -3.93674184
v -0.18982470 -3.09700534 -3.81748151
v -0.37475657 -3.12524537 -3.77759634
v -0.22064038 -3.23998094 -3.69822118
v -0.00489283 -3.06876532 -3.85736669
v -0.03570851 -3.21174091 -3.73810636
v -0.40557225 -3.26822096 -3.65833601
v -0.28230955 -2.69631859 -4.13537731
v -0.12819335 -2.81105416 -4.05600216
v -0.09737768 -2.66807857 -4.17526249
v 0.05673852 -2.78281414 -4.09588734
v 0.02592284 -2.92578973 -3.97662701
v 0.08755419 -2.63983855 -4.21514766
v -0.25145605 -3.38295653 -3.57896086
v -0.06652418 -3.35471650 -3.61884603
v -0.09733986 -3.49769210 -3.49958571
v -4.59276627 -1.44421638 1.26460071
v -4.51163393 -1.56620371 1.34325524
v -4.55228431 -1.58963745 1.17047351
v -4.47115197 -1.71162477 1.24912804
v -4.43050159 -1.68819103 1.42190978
v -4.39001964 -1.83361209 1.32778257
v -4.51180235 -1.73505852 1.07634630
v -4.43067002 -1.85704584 1.15500084
v -4.47132040 -1.88047958 0.98221910
v -4.34936926 -1.81017835 1.50056431
v -4.39018806 -2.00246691 1.06087363
v -4.34953768 -1.97903316 1.23365537
v -4.30905572 -2.12445423 1.13952816
v -4.26840534 -2.10102048 1.31230990
v -4.30888730 -1.95559942 1.40643710
v -4.22775496 -2.07758674 1.48509164
v -4.22792338 -2.24644155 1.21818270
v -4.18727300 -2.22300781 1.39096443
v -4.14679104 -2.36842887 1.29683723
v -4.26823692 -1.93216567 1.57921884
v -4.43083844 -2.02590065 0.88809189
v -4.34970610 -2.14788797 0.96674643
v -4.39035648 -2.17132172 0.79396469
v -4.30922414 -2.29330904 0.87261922
v -4.26857376 -2.26987530 1.04540096
v -4.22809180 -2.41529636 0.95127375
v -4.34987452 -2.31674278 0.69983749
v -4.26874218 -2.43873011 0.77849202
v -4.18744142 -2.39186262 1.12405549
v -4.18710458 -2.05415300 1.65787337
v -4.14662262 -2.19957406 1.56374617
v -4.10597224 -2.17614032 1.73652790
v -4.06549028 -2.32156138 1.64240070
v -4.10614066 -2.34499513 1.46961896
v -4.02483990 -2.29812764 1.81518244
v -0.98797288 -2.66037702 -4.06231685
v -0.95390874 -2.51147536 -4.14879708
v -0.80304101 -2.63213700 -4.10220202
v -0.76897687 -2.48323534 -4.18868225
v -0.91984460 -2.36257371 -4.23527731
v -0.61810914 -2.60389698 -4.14208720
v -0.88578045 -2.21367205 -4.32175754
v -0.73491273 -2.33433369 -4.27516249
v -0.70084858 -2.18543203 -4.36164272
v -0.54998086 -2.30609366 -4.31504766
v -0.58404500 -2.45499532 -4.22856743
v -0.39911313 -2.42675530 -4.26845260
v -0.51591671 -2.15719201 -4.40152790
v -0.36504899 -2.27785364 -4.35493284
v -0.33098484 -2.12895199 -4.44141307
v -0.43317727 -2.57565696 -4.18197237
v -0.85171631 -2.06477039 -4.40823778
v -0.81765216 -1.91586874 -4.49471801
v -0.66678444 -2.03653037 -4.44812295
v -0.63272029 -1.88762871 -4.53460319
v -0.78358802 -1.76696708 -4.58119824
v -0.48185257 -2.00829035 -4.48800813
v -0.24824540 -2.54741694 -4.22185755
v -0.21418126 -2.39851528 -4.30833778
v -0.06331354 -2.51917692 -4.26174272
v -0.02924939 -2.37027526 -4.34822296
v -0.18011712 -2.24961362 -4.39481801
v 0.12161833 -2.49093689 -4.30162790
v -2.50852984 -3.36260034 2.69081671
v -2.40199814 -3.46494830 2.62855654
v -2.53542801 -3.42870561 2.55769566
v -2.42889631 -3.53105357 2.49543549
v -2.29546644 -3.56729626 2.56629636
v -2.32236461 -3.63340153 2.43317532
v -2.56232618 -3.49481087 2.42457462
v -2.45579448 -3.59715883 2.36231445
v -2.58922434 -3.56091614 2.29145357
v -2.18893474 -3.66964422 2.50403619
v -2.48269264 -3.66326410 2.22919340
v -2.34926277 -3.69950679 2.30005427
v -2.37616094 -3.76561206 2.16693323
v -2.24273107 -3.80185475 2.23779410
v -2.21583291 -3.73574949 2.37091515
v -2.10930121 -3.83809745 2.30865498
v -2.26962924 -3.86796002 2.10467306
v -2.13619937 -3.90420271 2.17553393
v -2.16309754 -3.97030797 2.04241289
v -2.08240304 -3.77199218 2.44177602
v -2.61612251 -3.62702140 2.15833253
v -2.50959081 -3.72936936 2.09607236
v -2.64302068 -3.69312667 2.02521148
v -2.53648898 -3.79547463 1.96295131
v -2.40305911 -3.83171732 2.03381218
v -2.42995728 -3.89782258 1.90069114
v -2.66991885 -3.75923193 1.89209044
v -2.56338715 -3.86157989 1.82983026
v -2.69681702 -3.82533719 1.75896939
v -2.29652741 -3.93406528 1.97155201
v -1.97587134 -3.87434014 2.37951585
v -2.00276950 -3.94044540 2.24639480
v -1.86933964 -3.97668810 2.31725568
v -1.89623780 -4.04279336 2.18413463
v -2.02966767 -4.00655067 2.11327376
v -1.76280793 -4.07903606 2.25499551
v 3.50065159 -0.32292539 3.49423058
v 3.45357881 -0.45833736 3.51682079
v 3.54608358 -0.51043882 3.39740518
v 3.49901080 -0.64585079 3.41999538
v 3.40650603 -0.59374932 3.53941100
v 3.59151557 -0.69795225 3.30057977
v 3.35943325 -0.72916128 3.56200121
v 3.45193802 -0.78126275 3.44258559
v 3.40486524 -0.91667471 3.46517580
v 3.49737001 -0.96877618 3.34576018
v 3.54444279 -0.83336421 3.32316998
v 3.58987478 -1.02087764 3.22634457
v 3.45029723 -1.10418814 3.36835039
v 3.54280200 -1.15628961 3.24893478
v 3.63694756 -0.88546568 3.20375436
v 3.31236047 -0.86457325 3.58459142
v 3.26528769 -0.99998521 3.60718163
v 3.35779246 -1.05208668 3.48776601
v 3.68237955 -1.07297911 3.10692895
v 3.63530677 -1.20839107 3.12951916
v 3.72781154 -1.26049254 3.01010354
v 1.44531851 -4.57439928 -1.33793006
v 1.29859264 -4.62363553 -1.23692745
v 1.46638151 -4.59745843 -1.17359540
v 1.31965564 -4.64669468 -1.07259279
v 1.15186677 -4.67287178 -1.13592484
v 1.17292977 -4.69593093 -0.97159018
v 1.48744450 -4.62051759 -1.00926073
v 1.34071864 -4.66975384 -0.90825812
v 1.50850750 -4.64357674 -0.84492607
v 1.00514090 -4.72210803 -1.03492223
v 1.36178164 -4.69281299 -0.74392345
v 1.19399277 -4.71899009 -0.80725551
v 1.21505577 -4.74204924 -0.64292084
v 1.04726690 -4.76822634 -0.70625290
v 1.02620390 -4.74516718 -0.87058757
v 0.87947804 -4.79440343 -0.76958496
v 1.06832990 -4.79128549 -0.54191823
v 0.90054104 -4.81746259 -0.60525029
v 0.92160403 -4.84052174 -0.44091562
v 0.85841504 -4.77134428 -0.93391962
v 1.52957050 -4.66663589 -0.68059140
v 1.38284464 -4.71587214 -0.57958879
v 1.55063350 -4.68969505 -0.51625673
v 1.40390763 -4.73893130 -0.41525412
v 1.23611877 -4.76510839 -0.47858618
v 1.25718177 -4.78816755 -0.31425151
v 1.57169650 -4.71275420 -0.35192207
v 1.42497063 -4.76199045 -0.25091946
v 1.59275950 -4.73581336 -0.18758740
v 1.08939290 -4.81434464 -0.37758357
v 0.71168917 -4.82058053 -0.83291701
v 0.73275217 -4.84363968 -0.66858234
v 0.56496330 -4.86981678 -0.73191440
v 0.58602630 -4.89287593 -0.56757973
v 0.75381517 -4.86669884 -0.50424768
v 0.41823744 -4.91905303 -0.63091179
v -0.51606846 -1.48391994 4.74059181
v -0.59900196 -1.53097731 4.70962330
v -0.52857089 -1.56819474 4.70756709
v -0.68193546 -1.57803469 4.67865480
v -0.61150439 -1.61525211 4.67659858
v -0.69443790 -1.66230949 4.64563008
v -0.76486896 -1.62509206 4.64768629
v -0.54107333 -1.65246953 4.67454237
v -0.62400683 -1.69952691 4.64357386
v -0.55357577 -1.73674433 4.64151765
v -0.84780247 -1.67214944 4.61671779
v -0.77737140 -1.70936686 4.61466157
v -0.86030490 -1.75642423 4.58369307
v -0.78987384 -1.79364166 4.58163685
v -0.70694033 -1.74658428 4.61260536
v -0.71944277 -1.83085908 4.57958064
v -0.87280734 -1.84069903 4.55066835
v -0.80237627 -1.87791645 4.54861213
v -0.63650927 -1.78380170 4.61054914
v -0.93073597 -1.71920681 4.58574929
v -1.01366947 -1.76626418 4.55478078
v -0.94323841 -1.80348161 4.55272457
v -0.56607820 -1.82101913 4.60849293
v -0.64901170 -1.86807650 4.57752442
v -0.57858064 -1.90529392 4.57546820
v -0.73194521 -1.91513388 4.54655592
v -0.66151414 -1.95235130 4.54449970
v -0.59108307 -1.98956872 4.54244348
v 0.44483380 -4.91574892 -0.44804692
v 0.61262266 -4.88957182 -0.38471487
v 0.47143016 -4.91244481 -0.26518206
v 0.63921903 -4.88626771 -0.20185000
v 0.78041153 -4.86339473 -0.32138281
v 0.49802652 -4.90914070 -0.08231719
v 0.94820040 -4.83721763 -0.25805076
v 0.80700789 -4.86009062 -0.13851795
v 0.97479676 -4.83391352 -0.07518589
v 0.83360426 -4.85678651 0.04434692
v 0.66581539 -4.88296360 -0.01898514
v 0.69241175 -4.87965949 0.16387973
v 1.00139312 -4.83060941 0.10767898
v 0.86020062 -4.85348240 0.22721179
v 1.02798948 -4.82730530 0.29054384
v 0.52462289 -4.90583659 0.10054768
v 1.11598926 -4.81104053 -0.19471870
v 1.28377813 -4.78486344 -0.13138665
v 1.14258563 -4.80773642 -0.01185383
v 1.31037449 -4.78155933 0.05147822
v 1.45156700 -4.75868634 -0.06805459
v 1.16918199 -4.80443231 0.17101103
v 0.55121925 -4.90253248 0.28341254
v 0.71900811 -4.87635538 0.34674460
v 0.57781561 -4.89922837 0.46627741
v 0.74560448 -4.87305127 0.52960946
v 0.88679698 -4.85017829 0.41007665
v 0.60441197 -4.89592426 0.64914227
v 3.84702799 -3.10710091 0.58202198
v 3.73584194 -3.17891984 0.71418999
v 3.86526063 -3.02750133 0.73361840
v 3.75407458 -3.09932026 0.86578641
v 3.62465589 -3.25073877 0.84635800
v 3.64288853 -3.17113919 0.99795443
v 3.88349328 -2.94790175 0.88521483
v 3.77230722 -3.01972068 1.01738284
v 3.90172592 -2.86830217 1.03681125
v 3.51346983 -3.32255771 0.97852601
v 3.79053987 -2.94012110 1.16897926
v 3.66112117 -3.09153961 1.14955085
v 3.67935381 -3.01194003 1.30114727
v 3.54993512 -3.16335855 1.28171886
v 3.53170248 -3.24295813 1.13012244
v 3.42051642 -3.31477706 1.26229045
v 3.56816776 -3.08375897 1.43331528
v 3.43874907 -3.23517748 1.41388687
v 3.40228378 -3.39437664 1.11069403
v 3.91995856 -2.78870259 1.18840767
v 3.80877251 -2.86052152 1.32057568
v 3.93819120 -2.70910301 1.34000410
v 3.82700515 -2.78092194 1.47217211
v 3.69758645 -2.93234045 1.45274370
v 3.95642384 -2.62950343 1.49160052
v 3.29109773 -3.46619557 1.24286204
v 3.30933037 -3.38659599 1.39445846
v 3.17991168 -3.53801450 1.37503005
v 3.30991364 -3.54296481 -1.09782404
v 3.33250151 -3.43764771 -1.25507971
v 3.18980450 -3.57077480 -1.25829530
v 3.21239236 -3.46545770 -1.41555097
v 3.35508937 -3.33233061 -1.41233538
v 3.23498022 -3.36014060 -1.57280663
v 3.06969535 -3.59858480 -1.41876655
v 3.09228321 -3.49326769 -1.57602222
v 2.94958620 -3.62639479 -1.57923781
v 3.37767723 -3.22701350 -1.56959105
v 2.97217406 -3.52107769 -1.73649348
v 3.11487108 -3.38795059 -1.73327789
v 2.99476193 -3.41576058 -1.89374915
v 3.13745894 -3.28263349 -1.89053356
v 3.25756809 -3.25482350 -1.73006230
v 3.28015595 -3.14950639 -1.88731797
v 3.01734979 -3.31044348 -2.05100481
v 3.16004680 -3.17731639 -2.04778923
v 3.40026510 -3.12169640 -1.72684672
v 2.82947705 -3.65420478 -1.73970907
v 2.85206492 -3.54888768 -1.89696473
v 2.70936791 -3.68201477 -1.90018032
v 2.73195577 -3.57669767 -2.05743599
v 2.87465278 -3.44357057 -2.05422040
v 2.58925876 -3.70982476 -2.06065158
v 3.42285296 -3.01637930 -1.88410238
v 3.30274381 -3.04418929 -2.04457364
v 3.44544082 -2.91106220 -2.04135805
v 0.76927686 -4.84601188 0.70086045
v 0.91046936 -4.82313889 0.58132764
v 0.93414174 -4.79609949 0.75257863
v 1.07533425 -4.77322651 0.63304582
v 1.05166187 -4.80026590 0.46179483
v 1.09900663 -4.74618711 0.80429681
v 1.19285437 -4.77739292 0.34226202
v 1.21652675 -4.75035352 0.51351301
v 1.35771926 -4.72748054 0.39398020
v 1.38139164 -4.70044114 0.56523119
v 1.24019913 -4.72331413 0.68476400
v 1.40506402 -4.67340174 0.73648218
v 1.52258414 -4.67756815 0.44569838
v 1.54625652 -4.65052876 0.61694937
v 1.68744903 -4.62765577 0.49741656
v 1.26387152 -4.69627473 0.85601500
v 1.33404687 -4.75451993 0.22272921
v 1.47523938 -4.73164695 0.10319640
v 1.49891176 -4.70460755 0.27444739
v 1.64010426 -4.68173456 0.15491458
v 1.61643188 -4.70877396 -0.01633641
v 1.66377664 -4.65469517 0.32616557
v 1.42873640 -4.64636235 0.90773318
v 1.56992890 -4.62348936 0.78820036
v 1.59360129 -4.59644997 0.95945136
v 1.73479379 -4.57357698 0.83991855
v 1.71112141 -4.60061638 0.66866755
v 1.75846617 -4.54653758 1.01116954
v 1.88400241 -4.50013322 0.88418167
v 1.86033003 -4.52717262 0.71293067
v 2.00953865 -4.45372886 0.75719380
v 1.98586627 -4.48076825 0.58594280
v 1.83665765 -4.55421201 0.54167968
v 2.13507489 -4.40732449 0.63020592
v 1.81298527 -4.58125141 0.37042869
v 1.96219389 -4.50780765 0.41469181
v 1.93852151 -4.53484705 0.24344082
v 2.08773013 -4.46140329 0.28770394
v 2.11140251 -4.43436389 0.45895493
v 2.23693875 -4.38795953 0.33196706
v 2.06405775 -4.48844268 0.11645295
v 2.21326637 -4.41499892 0.16071607
v 2.18959399 -4.44203832 -0.01053492
v 2.26061113 -4.36092013 0.50321805
v 1.78931288 -4.60829081 0.19917770
v 1.76564050 -4.63533020 0.02792671
v 1.91484912 -4.56188644 0.07218983
v 1.89117674 -4.58892584 -0.09906116
v 1.74196812 -4.66236960 -0.14332428
v 2.04038536 -4.51548208 -0.05479804
v 2.38614737 -4.31451577 0.37623018
v 2.36247499 -4.34155516 0.20497919
v 2.51168361 -4.26811141 0.24924231
v 2.48801123 -4.29515080 0.07799132
v 2.33880261 -4.36859456 0.03372820
v 2.63721985 -4.22170704 0.12225444
v 3.92416296 -3.02098515 0.46072796
v 3.94239560 -2.94138557 0.61232439
v 4.01953057 -2.85526981 0.49103037
v 4.03776321 -2.77567023 0.64262679
v 3.96062824 -2.86178599 0.76392081
v 4.05599585 -2.69607065 0.79422322
v 4.11489818 -2.68955447 0.52133278
v 4.13313082 -2.60995489 0.67292920
v 4.21026579 -2.52383913 0.55163519
v 3.97886089 -2.78218641 0.91551723
v 4.22849843 -2.44423955 0.70323161
v 4.15136346 -2.53035531 0.82452562
v 4.24673107 -2.36463997 0.85482803
v 4.16959611 -2.45075573 0.97612205
v 4.07422850 -2.61647107 0.94581964
v 4.09246114 -2.53687149 1.09741606
v 4.26496372 -2.28504039 1.00642446
v 4.18782875 -2.37115615 1.12771847
v 3.99709353 -2.70258683 1.06711366
v 4.30563340 -2.35812379 0.58193759
v 4.32386604 -2.27852421 0.73353402
v 4.40100101 -2.19240845 0.61224000
v 4.41923365 -2.11280887 0.76383642
v 4.34209868 -2.19892463 0.88513044
v 4.49636862 -2.02669310 0.64254241
v 4.01532617 -2.62298725 1.21871008
v 4.11069378 -2.45727191 1.24901249
v 4.03355881 -2.54338767 1.37030650
v -0.45055968 -1.52889386 4.72891061
v -0.46306212 -1.61316866 4.69588589
v -0.38505091 -1.57386779 4.71722941
v -0.39755334 -1.65814258 4.68420469
v -0.47556455 -1.69744346 4.66286117
v -0.31954213 -1.61884171 4.70554821
v -0.48806699 -1.78171825 4.62983645
v -0.41005578 -1.74241738 4.65117997
v -0.42255822 -1.82669218 4.61815525
v -0.34454701 -1.78739130 4.63949877
v -0.33204457 -1.70311651 4.67252349
v -0.26653580 -1.74809043 4.66084230
v -0.35704944 -1.87166610 4.60647405
v -0.27903823 -1.83236523 4.62781758
v -0.25403336 -1.66381563 4.69386702
v -0.50056943 -1.86599305 4.59681173
v -0.51307186 -1.95026785 4.56378701
v -0.43506065 -1.91096697 4.58513053
v -0.18852459 -1.70878956 4.68218582
v -0.20102702 -1.79306435 4.64916110
v -0.12301581 -1.75376348 4.67050462
v 0.16870961 -3.79743081 -3.21654878
v 0.17165370 -3.89762238 -3.06107431
v 0.31145855 -3.83945836 -3.13214733
v 0.31440264 -3.93964993 -2.97667286
v 0.17459779 -3.99781395 -2.90559984
v 0.31734673 -4.03984150 -2.82119839
v 0.45420749 -3.88148592 -3.04774588
v 0.45715158 -3.98167748 -2.89227141
v 0.59695644 -3.92351347 -2.96334442
v 0.17754187 -4.09800551 -2.75012537
v 0.59990053 -4.02370504 -2.80786995
v 0.46009567 -4.08186905 -2.73679694
v 0.60284462 -4.12389661 -2.65239548
v 0.46303976 -4.18206062 -2.58132247
v 0.32029082 -4.14003307 -2.66572392
v 0.32323491 -4.24022464 -2.51024945
v 0.60578870 -4.22408817 -2.49692101
v 0.46598385 -4.28225219 -2.42584800
v 0.60873279 -4.32427974 -2.34144654
v 0.18048596 -4.19819708 -2.59465090
v 0.73970538 -3.96554102 -2.87894297
v 0.74264947 -4.06573259 -2.72346850
v 0.88245432 -4.00756857 -2.79454152
v 0.88539841 -4.10776014 -2.63906705
v 0.74559356 -4.16592416 -2.56799403
v 0.88834250 -4.20795171 -2.48359258
v 1.02520327 -4.04959613 -2.71014007
v 1.02814736 -4.14978770 -2.55466560
v 0.74853765 -4.26611573 -2.41251956
v 0.18343005 -4.29838865 -2.43917643
v 0.32617900 -4.34041620 -2.35477498
v 0.18637414 -4.39858022 -2.28370196
v 0.32912308 -4.44060777 -2.19930051
v 0.46892794 -4.38244376 -2.27037353
v 0.18931823 -4.49877179 -2.12822749
v -1.65986277 -4.16521897 2.16667100
v -1.53450348 -4.23786833 2.07557254
v -1.69034747 -4.21515919 2.00748561
v -1.56498818 -4.28780855 1.91638716
v -1.40914420 -4.31051769 1.98447408
v -1.43962890 -4.36045791 1.82528870
v -1.72083217 -4.26509941 1.84830023
v -1.59547288 -4.33774877 1.75720177
v -1.75131687 -4.31503963 1.68911485
v -1.28378491 -4.38316705 1.89337562
v -1.62595759 -4.38768899 1.59801639
v -1.47011360 -4.41039813 1.66610331
v -1.50059830 -4.46033835 1.50691793
v -1.34475431 -4.48304749 1.57500486
v -1.31426961 -4.43310727 1.73419024
v -1.18891032 -4.50575663 1.64309178
v -1.37523901 -4.53298770 1.41581947
v -1.21939503 -4.55569685 1.48390640
v -1.24987973 -4.60563706 1.32472102
v -1.15842562 -4.45581641 1.80227717
v -1.78180157 -4.36497985 1.52992946
v -1.65644229 -4.43762921 1.43883101
v -1.81228628 -4.41492006 1.37074408
v -1.68692699 -4.48756942 1.27964562
v -1.53108300 -4.51027856 1.34773255
v -1.56156770 -4.56021878 1.18854717
v -1.84277098 -4.46486028 1.21155870
v -1.71741169 -4.53750964 1.12046024
v -1.87325568 -4.51480050 1.05237331
v -1.40572372 -4.58292792 1.25663409
v -1.03306634 -4.52846577 1.71117871
v -1.06355104 -4.57840599 1.55199333
v -0.90770705 -4.60111513 1.62008025
v -0.93819175 -4.65105535 1.46089487
v -1.09403574 -4.62834620 1.39280794
v -0.78234776 -4.67376449 1.52898179
v -2.59387185 -3.91152011 1.67064488
v -2.46044198 -3.94776280 1.74150575
v -2.49092668 -3.99770302 1.58232037
v -2.35749681 -4.03394572 1.65318125
v -2.32701211 -3.98400550 1.81236663
v -2.22406695 -4.07018841 1.72404212
v -2.38798152 -4.08388593 1.49399586
v -2.25455165 -4.12012863 1.56485674
v -2.28503635 -4.17006885 1.40567135
v -2.19358224 -4.02024819 1.88322750
v -2.15160648 -4.20631154 1.47653223
v -2.12112178 -4.15637132 1.63571761
v -2.01817661 -4.24255424 1.54739310
v -1.98769191 -4.19261402 1.70657848
v -2.09063708 -4.10643111 1.79490299
v -1.95720721 -4.14267380 1.86576387
v -1.88474674 -4.27879693 1.61825397
v -1.85426204 -4.22885671 1.77743936
v -2.06015237 -4.05649089 1.95408838
v -2.18209118 -4.25625176 1.31734684
v -2.04866131 -4.29249446 1.38820772
v -2.07914601 -4.34243467 1.22902233
v -1.94571614 -4.37867737 1.29988321
v -1.91523144 -4.32873715 1.45906859
v -1.97620085 -4.42861759 1.14069782
v -1.92672251 -4.09273358 2.02494925
v -1.82377734 -4.17891650 1.93662474
v -1.79329264 -4.12897628 2.09581012
v -0.99877336 -4.86755050 0.32764045
v -1.16417101 -4.81356683 0.27218240
v -1.12369941 -4.81715764 0.43117372
v -1.28909706 -4.76317398 0.37571566
v -1.32956866 -4.75958317 0.21672434
v -1.45449471 -4.70919031 0.32025761
v -1.24862545 -4.76676478 0.53470698
v -1.41402310 -4.71278112 0.47924893
v -1.37355150 -4.71637193 0.63824025
v -1.49496631 -4.70559950 0.16126629
v -1.53894915 -4.66238826 0.58278219
v -1.57942075 -4.65879746 0.42379087
v -1.70434680 -4.60840460 0.52732414
v -1.74481841 -4.60481379 0.36833282
v -1.61989236 -4.65520665 0.26479955
v -1.78529001 -4.60122298 0.20934150
v -1.86974445 -4.55442093 0.47186608
v -1.91021606 -4.55083013 0.31287476
v -2.03514210 -4.50043727 0.41640803
v -1.66036397 -4.65161584 0.10580823
v -1.49847754 -4.66597907 0.74177352
v -1.66387519 -4.61199541 0.68631546
v -1.62340359 -4.61558621 0.84530678
v -1.78880124 -4.56160255 0.78984873
v -1.82927284 -4.55801174 0.63085741
v -1.95419889 -4.50761889 0.73439067
v -1.74832963 -4.56519336 0.94884005
v -1.91372728 -4.51120969 0.89338199
v -1.99467050 -4.50402808 0.57539935
v -1.82576162 -4.59763218 0.05035018
v -1.95068766 -4.54723932 0.15388344
v -1.99115927 -4.54364851 -0.00510788
v -2.11608531 -4.49325565 0.09842539
v -2.07561371 -4.49684646 0.25741671
v -2.15655692 -4.48966485 -0.06056593
v -0.81326571 -4.70144820 1.35736160
v -0.96910969 -4.67873906 1.28927468
v -0.84418365 -4.72913192 1.18574141
v -1.00002764 -4.70642278 1.11765448
v -1.12495368 -4.65602992 1.22118775
v -0.87510159 -4.75681563 1.01412122
v -1.28079767 -4.63332078 1.15310082
v -1.15587163 -4.68371364 1.04956756
v -1.31171561 -4.66100450 0.98148063
v -1.18678957 -4.71139735 0.87794737
v -1.03094558 -4.73410649 0.94603429
v -1.06186352 -4.76179021 0.77441410
v -1.34263356 -4.68868821 0.80986044
v -1.21770751 -4.73908107 0.70632717
v -0.90601954 -4.78449935 0.84250103
v -1.43664166 -4.61061164 1.08501390
v -1.59248565 -4.58790250 1.01692697
v -1.46755960 -4.63829536 0.91339371
v -0.93693748 -4.81218307 0.67088083
v -1.09278147 -4.78947392 0.60279391
v -0.96785542 -4.83986678 0.49926064
v -3.62053079 -3.35144683 -0.46719427
v -3.71784533 -3.21904719 -0.51938304
v -3.64348864 -3.27248635 -0.64853796
v -3.74080318 -3.14008672 -0.70072673
v -3.81515986 -3.08664756 -0.57157180
v -3.66644650 -3.19352588 -0.82988165
v -3.91247440 -2.95424792 -0.62376057
v -3.83811772 -3.00768708 -0.75291549
v -3.93543225 -2.87528745 -0.80510425
v -3.86107557 -2.92872661 -0.93425918
v -3.76376103 -3.06112624 -0.88207041
v -3.78671889 -2.98216577 -1.06341410
v -3.95839010 -2.79632697 -0.98644794
v -3.88403342 -2.84976613 -1.11560287
v -3.68940435 -3.11456540 -1.01122534
v -4.00978893 -2.82184828 -0.67594933
v -4.10710347 -2.68944865 -0.72813809
v -4.03274679 -2.74288781 -0.85729302
v -3.71236221 -3.03560493 -1.19256903
v -3.80967674 -2.90320529 -1.24475779
v -3.73532006 -2.95664445 -1.37391272
v 4.87508325 -0.14758463 -1.00787339
v 4.82291536 -0.32266001 -1.09279448
v 4.86964679 -0.29516927 -0.92922598
v 4.81747890 -0.47024465 -1.01414707
v 4.77074747 -0.49773539 -1.17771557
v 4.76531101 -0.64532003 -1.09906817
v 4.86421033 -0.44275390 -0.85057858
v 4.81204244 -0.61782928 -0.93549967
v 4.85877388 -0.59033853 -0.77193117
v 4.71857958 -0.67281077 -1.26263666
v 4.80660599 -0.76541391 -0.85685226
v 4.75987456 -0.79290466 -1.02042076
v 4.75443810 -0.94048929 -0.94177336
v 4.70770667 -0.96798004 -1.10534185
v 4.71314312 -0.82039541 -1.18398926
v 4.66097524 -0.99547079 -1.26891035
v 4.70227021 -1.11556468 -1.02669445
v 4.65553878 -1.14305542 -1.19026294
v 4.65010232 -1.29064006 -1.11161554
v 4.66641169 -0.84788616 -1.34755775
v 4.85333742 -0.73792317 -0.69328377
v 4.80116953 -0.91299855 -0.77820486
v 4.84790096 -0.88550780 -0.61463636
v 4.79573308 -1.06058318 -0.69955746
v 4.74900164 -1.08807393 -0.86312595
v 4.74356519 -1.23565856 -0.78447855
v 4.84246451 -1.03309243 -0.53598896
v 4.79029662 -1.20816781 -0.62091005
v 4.69683375 -1.26314931 -0.94804704
v 4.61424380 -1.02296154 -1.43247884
v 4.60880735 -1.17054617 -1.35383144
v 4.56207592 -1.19803692 -1.51739993
v 4.55663946 -1.34562155 -1.43875253
v 4.60337089 -1.31813080 -1.27518403
v 4.50990803 -1.37311230 -1.60232102
v -4.74852960 -1.48679054 -0.09057848
v -4.72627770 -1.48070851 0.10301855
v -4.68579574 -1.62612958 0.00889134
v -4.66354383 -1.62004756 0.20248837
v -4.70402579 -1.47462649 0.29661558
v -4.64129193 -1.61396554 0.39608540
v -4.62306187 -1.76546863 0.10836117
v -4.60080997 -1.75938660 0.30195819
v -4.56032801 -1.90480767 0.20783099
v -4.68177389 -1.46854447 0.49021260
v -4.53807611 -1.89872565 0.40142802
v -4.57855807 -1.75330458 0.49555522
v -4.51582420 -1.89264363 0.59502504
v -4.55630616 -1.74722256 0.68915225
v -4.61904003 -1.60788352 0.58968243
v -4.59678812 -1.60180149 0.78327945
v -4.49357230 -1.88656161 0.78862207
v -4.53405426 -1.74114054 0.88274928
v -4.65952198 -1.46246245 0.68380963
v -4.49759415 -2.04414672 0.30730081
v -4.47534224 -2.03806469 0.50089784
v -4.43486029 -2.18348576 0.40677064
v -4.41260838 -2.17740374 0.60036766
v -4.45309034 -2.03198267 0.69449487
v -4.37212642 -2.32282481 0.50624046
v -4.63727008 -1.45638043 0.87740666
v -4.57453622 -1.59571947 0.97687648
v -4.61501818 -1.45029841 1.07100368
v 3.59296017 -3.33482825 -0.73261217
v 3.70605098 -3.19555848 -0.69884385
v 3.64280674 -3.29377146 -0.56163988
v 3.75589755 -3.15450169 -0.52787156
v 3.81914178 -3.05628870 -0.66507553
v 3.69265331 -3.25271467 -0.39066759
v 3.93223259 -2.91701893 -0.63130721
v 3.86898835 -3.01523191 -0.49410324
v 3.98207916 -2.87596214 -0.46033492
v 3.91883492 -2.97417512 -0.32313095
v 3.80574412 -3.11344490 -0.35689927
v 3.85559069 -3.07238811 -0.18592697
v 4.03192573 -2.83490535 -0.28936262
v 3.96868149 -2.93311833 -0.15215865
v 4.08177230 -2.79384855 -0.11839033
v 3.74249988 -3.21165788 -0.21969530
v 4.04532340 -2.77774915 -0.59753889
v 4.15841421 -2.63847938 -0.56377057
v 4.09516997 -2.73669236 -0.42656660
v 4.20826078 -2.59742259 -0.39279827
v 4.27150502 -2.49920960 -0.53000224
v 4.14501654 -2.69563557 -0.25559430
v 3.79234645 -3.17060109 -0.04872300
v 3.90543726 -3.03133131 -0.01495468
v 3.84219302 -3.12954430 0.12224929
v 3.95528383 -2.99027452 0.15601761
v 4.01852806 -2.89206154 0.01881364
v 3.89203959 -3.08848751 0.29322158
v 4.95418435 0.00000000 0.38307965
v 4.93822437 -0.14758463 0.25178413
v 4.94366083 0.00000000 0.17313673
v 4.92226439 -0.29516927 0.12048862
v 4.92770085 -0.14758463 0.04184121
v 4.91174087 -0.29516927 -0.08945430
v 4.90630442 -0.44275390 -0.01080690
v 4.93313731 0.00000000 -0.03680619
v 4.91717733 -0.14758463 -0.16810171
v 4.92261379 0.00000000 -0.24674911
v 4.89034444 -0.59033853 -0.14210241
v 4.89578090 -0.44275390 -0.22074982
v 4.87982092 -0.59033853 -0.35204533
v 4.88525737 -0.44275390 -0.43069274
v 4.90121735 -0.29516927 -0.29939722
v 4.89069383 -0.29516927 -0.50934014
v 4.86929740 -0.59033853 -0.56198825
v 4.87473385 -0.44275390 -0.64063566
v 4.90665381 -0.14758463 -0.37804463
v 4.87438446 -0.73792317 -0.27339793
v 4.85842448 -0.88550780 -0.40469344
v 4.86386094 -0.73792317 -0.48334085
v 4.91209027 0.00000000 -0.45669203
v 4.89613029 -0.14758463 -0.58798755
v 4.90156674 0.00000000 -0.66663495
v 4.88017031 -0.29516927 -0.71928306
v 4.88560677 -0.14758463 -0.79793047
v 4.89104322 0.00000000 -0.87657787
v -4.51909971 -1.62258043 -1.25255298
v -4.49013905 -1.74533204 -1.14271606
v -4.55670015 -1.60081224 -1.08507561
v -4.52773950 -1.72356384 -0.97523869
v -4.46117840 -1.86808364 -1.03287915
v -4.59430059 -1.57904405 -0.91759824
v -4.43221774 -1.99083524 -0.92304223
v -4.49877884 -1.84631545 -0.86540178
v -4.46981819 -1.96906705 -0.75556486
v -4.53637929 -1.82454726 -0.69792440
v -4.56533994 -1.70179565 -0.80776132
v -4.60294038 -1.68002746 -0.64028395
v -4.50741863 -1.94729886 -0.58808749
v -4.57397973 -1.80277907 -0.53044703
v -4.54501908 -1.92553067 -0.42061012
v -4.63190104 -1.55727586 -0.75012087
v -4.40325709 -2.11358685 -0.81320531
v -4.37429644 -2.23633845 -0.70336840
v -4.44085753 -2.09181866 -0.64572794
v -4.41189688 -2.21457026 -0.53589103
v -4.34533578 -2.35909006 -0.59353148
v -4.47845798 -2.07005047 -0.47825057
v -4.66950148 -1.53550767 -0.58264350
v -4.64054083 -1.65825927 -0.47280658
v -4.70710192 -1.51373948 -0.41516613
v -4.67814127 -1.63649108 -0.30532921
v -4.61158017 -1.78101088 -0.36296966
v -4.74470237 -1.49197129 -0.24768876
v 1.31598324 -3.37823246 -3.37786123
v 1.26751991 -3.49012640 -3.26657437
v 1.12477096 -3.44809885 -3.35097582
v 1.07630764 -3.55999280 -3.23968896
v 1.21905658 -3.60202035 -3.15528751
v 0.93355869 -3.51796524 -3.32409041
v 1.17059325 -3.71391429 -3.04400065
v 1.02784431 -3.67188674 -3.12840210
v 0.97938098 -3.78378069 -3.01711524
v 0.83663204 -3.74175313 -3.10151669
v 0.88509537 -3.62985919 -3.21280355
v 0.69388309 -3.69972558 -3.18591814
v 0.78816871 -3.85364708 -2.99022983
v 0.64541977 -3.81161952 -3.07463128
v 0.74234642 -3.58783163 -3.29720500
v 1.12212992 -3.82580824 -2.93271379
v 1.07366660 -3.93770218 -2.82142693
v 0.93091765 -3.89567463 -2.90582838
v 0.55113415 -3.65769803 -3.27031960
v 0.50267082 -3.76959197 -3.15903274
v 0.35992188 -3.72756442 -3.24343419
v 4.02502252 -1.26940725 2.59646383
v 4.10660310 -1.22622049 2.47261242
v 4.10271617 -1.08189382 2.52291655
v 4.18429675 -1.03870706 2.39906514
v 4.18818367 -1.18303374 2.34876100
v 4.18040983 -0.89438039 2.44936928
v 4.26976424 -1.13984698 2.22490959
v 4.26587732 -0.99552031 2.27521373
v 4.34745789 -0.95233355 2.15136231
v 4.34357097 -0.80800688 2.20166645
v 4.26199040 -0.85119363 2.32551787
v 4.33968405 -0.66368021 2.25197059
v 4.42515154 -0.76482012 2.07781504
v 4.42126462 -0.62049345 2.12811918
v 4.25810348 -0.70686696 2.37582201
v 4.35134482 -1.09666023 2.10105818
v 4.43292539 -1.05347347 1.97720676
v 4.42903847 -0.90914680 2.02751090
v 4.33579713 -0.51935353 2.30227473
v 4.41737770 -0.47616678 2.17842332
v 4.41349078 -0.33184010 2.22872746
v 3.98740720 -2.92277217 0.32352399
v 4.05065144 -2.82455918 0.18632002
v 4.08277481 -2.75705682 0.35382640
v 4.14601905 -2.65884384 0.21662243
v 4.11389567 -2.72634620 0.04911605
v 4.17814242 -2.59134148 0.38412881
v 4.17713991 -2.62813321 -0.08808792
v 4.20926328 -2.56063086 0.07941846
v 4.27250752 -2.46241787 -0.05778552
v 4.30463089 -2.39491552 0.10972086
v 4.24138666 -2.49312850 0.24692483
v 4.33675427 -2.32741316 0.27722724
v 4.36787513 -2.29670253 -0.02748311
v 4.39999850 -2.22920018 0.14002327
v 4.46324274 -2.13098719 0.00281930
v 4.27351003 -2.42562614 0.41443121
v 4.24038415 -2.52992023 -0.22529189
v 4.30362839 -2.43170725 -0.36249587
v 4.33575176 -2.36420489 -0.19498949
v 4.39899600 -2.26599191 -0.33219346
v 4.36687263 -2.33349426 -0.49969984
v 4.43111937 -2.19848955 -0.16468708
v 4.36887764 -2.25991080 0.44473362
v 4.43212188 -2.16169782 0.30752965
v 4.46424525 -2.09419546 0.47503603
v 4.52748949 -1.99598248 0.33783206
v 4.49536611 -2.06348484 0.17032568
v 4.55961286 -1.92848012 0.50533844
v 4.49385461 -1.49816149 -1.46498561
v 4.54058604 -1.47067075 -1.30141712
v 4.47780119 -1.62321069 -1.32765020
v 4.52453262 -1.59571994 -1.16408170
v 4.58731747 -1.44318000 -1.13784862
v 4.46174777 -1.74825989 -1.19031479
v 4.63404891 -1.41568925 -0.97428012
v 4.57126406 -1.56822920 -1.00051321
v 4.61799549 -1.54073845 -0.83694471
v 4.55521064 -1.69327839 -0.86317779
v 4.50847921 -1.72076914 -1.02674629
v 4.49242579 -1.84581834 -0.88941088
v 4.60194207 -1.66578765 -0.69960930
v 4.53915722 -1.81832759 -0.72584238
v 4.58588865 -1.79083684 -0.56227389
v 4.44569436 -1.87330908 -1.05297937
v 4.68078034 -1.38819851 -0.81071163
v 4.72751177 -1.36070776 -0.64714313
v 4.66472692 -1.51324770 -0.67337622
v 4.71145835 -1.48575696 -0.50980772
v 4.77424320 -1.33321701 -0.48357464
v 4.64867350 -1.63829690 -0.53604080
v 4.42964094 -1.99835828 -0.91564396
v 4.47637237 -1.97086754 -0.75207546
v 4.41358752 -2.12340748 -0.77830855
v 4.46031895 -2.09591673 -0.61474005
v 4.52310380 -1.94337679 -0.58850697
v 4.39753410 -2.24845668 -0.64097313
v 0.36116100 -4.49807233 -2.05886627
v 0.50096585 -4.43990831 -2.12993929
v 0.53300376 -4.49737287 -1.98950505
v 0.67280862 -4.43920885 -2.06057807
v 0.64077071 -4.38174430 -2.20101231
v 0.70484653 -4.49667341 -1.92014384
v 0.78057556 -4.32358028 -2.27208533
v 0.81261347 -4.38104484 -2.13165109
v 0.95241833 -4.32288082 -2.20272411
v 0.98445624 -4.38034538 -2.06228987
v 0.84465138 -4.43850939 -1.99121685
v 1.01649415 -4.43780993 -1.92185564
v 1.12426109 -4.32218136 -2.13336289
v 1.15629901 -4.37964592 -1.99292866
v 1.29610386 -4.32148190 -2.06400167
v 0.87668930 -4.49597395 -1.85078262
v 0.92038041 -4.26541627 -2.34315834
v 1.06018527 -4.20725225 -2.41423136
v 1.09222318 -4.26471681 -2.27379713
v 1.23202804 -4.20655279 -2.34487015
v 1.19999012 -4.14908824 -2.48530438
v 1.26406595 -4.26401735 -2.20443591
v 1.04853206 -4.49527449 -1.78142140
v 1.18833692 -4.43711047 -1.85249442
v 1.22037483 -4.49457503 -1.71206018
v 1.36017968 -4.43641101 -1.78313320
v 1.32814177 -4.37894646 -1.92356744
v 1.39221760 -4.49387557 -1.64269897
v 3.50834271 -2.50615807 -2.44659580
v 3.41398866 -2.49831105 -2.56809950
v 3.50031376 -2.34754514 -2.57628976
v 3.40595972 -2.33969813 -2.69779346
v 3.31963462 -2.49046404 -2.68960320
v 3.49228481 -2.18893222 -2.70598372
v 3.22528057 -2.48261703 -2.81110690
v 3.31160567 -2.33185112 -2.81929716
v 3.21725163 -2.32400411 -2.94080086
v 3.30357672 -2.17323820 -2.94899112
v 3.39793077 -2.18108521 -2.82748742
v 3.38990182 -2.02247228 -2.95718139
v 3.20922268 -2.16539118 -3.07049483
v 3.29554778 -2.01462527 -3.07868509
v 3.20119373 -2.00677826 -3.20018879
v 3.48425587 -2.03031930 -2.83567769
v 3.13092653 -2.47477002 -2.93261060
v 3.03657248 -2.46692300 -3.05411430
v 3.12289758 -2.31615709 -3.06230456
v 3.02854354 -2.30831008 -3.18380827
v 2.94221844 -2.45907599 -3.17561800
v 3.11486863 -2.15754417 -3.19199853
v 3.47622692 -1.87170637 -2.96537165
v 3.38187288 -1.86385936 -3.08687535
v 3.46819798 -1.71309345 -3.09506561
v 3.37384393 -1.70524644 -3.21656931
v 3.28751883 -1.85601235 -3.20837905
v 3.46016903 -1.55448053 -3.22475958
v 1.69174539 -2.15974677 4.16480962
v 1.66345480 -2.05281787 4.21935220
v 1.77659288 -2.05477495 4.17162347
v 1.74830228 -1.94784606 4.22616604
v 1.63516420 -1.94588898 4.27389477
v 1.72001169 -1.84091717 4.28070862
v 1.86144036 -1.94980314 4.17843732
v 1.83314977 -1.84287425 4.23297989
v 1.94628785 -1.84483132 4.18525116
v 1.60687361 -1.83896009 4.32843734
v 1.91799725 -1.73790243 4.23979374
v 1.80485918 -1.73594535 4.28752246
v 1.88970666 -1.63097354 4.29433631
v 1.77656858 -1.62901646 4.34206504
v 1.69172110 -1.73398828 4.33525119
v 1.66343050 -1.62705939 4.38979377
v 1.86141607 -1.52404465 4.34887889
v 1.74827799 -1.52208757 4.39660761
v 1.57858302 -1.73203120 4.38297992
v 2.03113533 -1.73985951 4.19206501
v 2.00284474 -1.63293062 4.24660758
v 2.11598282 -1.63488770 4.19887886
v 2.08769223 -1.52795880 4.25342143
v 1.97455415 -1.52600173 4.30115016
v 2.20083030 -1.52991588 4.20569270
v 1.55029242 -1.62510231 4.43752249
v 1.63513991 -1.52013049 4.44433634
v 1.52200183 -1.51817342 4.49206507
v 1.82610623 -2.15902612 4.09061390
v 1.96046706 -2.15830547 4.01641817
v 1.91095371 -2.05405430 4.09742774
v 2.04531455 -2.05333366 4.02323202
v 2.09482790 -2.15758482 3.94222244
v 1.99580120 -1.94908249 4.10424159
v 2.22918874 -2.15686418 3.86802671
v 2.17967539 -2.05261301 3.94903629
v 2.31403622 -2.05189236 3.87484056
v 2.26452287 -1.94764119 3.95585013
v 2.13016204 -1.94836184 4.03004586
v 2.21500952 -1.84339003 4.03685971
v 2.39888371 -1.94692055 3.88165441
v 2.34937036 -1.84266938 3.96266398
v 2.48373119 -1.84194873 3.88846825
v 2.08064868 -1.84411068 4.11105544
v 2.36354957 -2.15614353 3.79383099
v 2.49791041 -2.15542288 3.71963526
v 2.44839706 -2.05117171 3.80064483
v 2.58275789 -2.05045107 3.72644911
v 2.63227125 -2.15470223 3.64543953
v 2.53324454 -1.94619990 3.80745868
v 2.16549617 -1.73913886 4.11786928
v 2.29985701 -1.73841821 4.04367356
v 2.25034366 -1.63416705 4.12468313
v 2.38470449 -1.63344640 4.05048740
v 2.43421784 -1.73769757 3.96947783
v 2.33519114 -1.52919523 4.13149698
v 1.55486727 -4.44962695 -1.59212199
v 1.52282936 -4.39216240 -1.73255623
v 1.68547903 -4.34791378 -1.68197926
v 1.49079145 -4.33469784 -1.87299046
v 1.65344112 -4.29044923 -1.82241349
v 1.62140321 -4.23298467 -1.96284773
v 1.45875353 -4.27723329 -2.01342470
v 1.81609080 -4.24620061 -1.77183652
v 1.78405289 -4.18873606 -1.91227075
v 1.94670256 -4.14448744 -1.86169378
v 1.42671562 -4.21976873 -2.15385894
v 1.58936530 -4.17552012 -2.10328196
v 1.55732739 -4.11805556 -2.24371620
v 1.71997706 -4.07380694 -2.19313923
v 1.75201497 -4.13127150 -2.05270499
v 1.88262674 -4.02955833 -2.14256225
v 1.68793915 -4.01634239 -2.33357346
v 1.85058882 -3.97209377 -2.28299649
v 1.91466465 -4.08702288 -2.00212802
v 1.39467771 -4.16230418 -2.29429317
v 1.36263980 -4.10483962 -2.43472741
v 1.52528947 -4.06059101 -2.38415043
v 2.07731432 -4.04277427 -1.95155104
v 2.04527641 -3.98530971 -2.09198528
v 2.20792609 -3.94106110 -2.04140831
v 2.01323850 -3.92784516 -2.23241951
v 2.17588817 -3.88359654 -2.18184254
v 2.33853785 -3.83934793 -2.13126557
v -1.88264305 -1.87248980 4.22714423
v -1.78780843 -1.84976975 4.27058711
v -1.83957512 -1.78711504 4.27596300
v -1.69297382 -1.82704969 4.31402999
v -1.74474050 -1.76439499 4.31940588
v -1.64990588 -1.74167494 4.36284876
v -1.59813920 -1.80432964 4.35747287
v -1.79650718 -1.70174029 4.32478178
v -1.70167257 -1.67902023 4.36822466
v -1.75343925 -1.61636553 4.37360055
v -1.50330458 -1.78160959 4.40091575
v -1.55507126 -1.71895488 4.40629164
v -1.46023665 -1.69623483 4.44973452
v -1.51200333 -1.63358013 4.45511042
v -1.60683795 -1.65630018 4.41166754
v -1.56377001 -1.57092542 4.46048631
v -1.41716871 -1.61086008 4.49855330
v -1.46893540 -1.54820537 4.50392919
v -1.37410078 -1.52548532 4.54737207
v -1.65860463 -1.59364548 4.41704343
v -1.40846996 -1.75888954 4.44435863
v -1.31363534 -1.73616948 4.48780151
v -1.36540203 -1.67351478 4.49317740
v -1.27056741 -1.65079473 4.53662028
v -1.21880073 -1.71344943 4.53124439
v -1.32233409 -1.58814002 4.54199618
v -1.71037132 -1.53099077 4.42241932
v -1.61553670 -1.50827072 4.46586221
v -1.66730338 -1.44561602 4.47123810
v -1.52070208 -1.48555067 4.50930509
v -1.57246876 -1.42289596 4.51468098
v -1.47763415 -1.40017591 4.55812386
v -1.42586746 -1.46283062 4.55274797
v -1.62423545 -1.36024126 4.52005687
v -1.52940083 -1.33752121 4.56349975
v 1.69840343 -4.67581423 -0.28562605
v 1.84761205 -4.60237047 -0.24136293
v 1.80404736 -4.61581511 -0.38366471
v 1.95325599 -4.54237135 -0.33940159
v 1.99682068 -4.52892672 -0.19709981
v 2.10246461 -4.46892759 -0.29513847
v 1.90969130 -4.55581599 -0.48170336
v 2.05889992 -4.48237223 -0.43744024
v 2.01533523 -4.49581687 -0.57974202
v 2.14602930 -4.45548296 -0.15283669
v 2.16454385 -4.42237311 -0.53547890
v 2.20810854 -4.40892847 -0.39317712
v 2.31375247 -4.34892935 -0.49121578
v 2.35731716 -4.33548471 -0.34891400
v 2.25167323 -4.39548383 -0.25087535
v 2.40088185 -4.32204008 -0.20661223
v 2.46296109 -4.27548559 -0.44695265
v 2.50652578 -4.26204095 -0.30465088
v 2.61216971 -4.20204183 -0.40268953
v 2.29523792 -4.38203920 -0.10857357
v 2.12097916 -4.43581775 -0.67778067
v 2.27018778 -4.36237399 -0.63351755
v 2.22662309 -4.37581862 -0.77581932
v 2.37583171 -4.30237486 -0.73155620
v 2.41939640 -4.28893023 -0.58925443
v 2.52504034 -4.22893111 -0.68729308
v 2.33226702 -4.31581950 -0.87385798
v 2.48147565 -4.24237574 -0.82959486
v 2.43791096 -4.25582038 -0.97189663
v 2.56860503 -4.21548647 -0.54499131
v 2.44444654 -4.30859544 -0.06431045
v 2.55009047 -4.24859632 -0.16234911
v 2.59365516 -4.23515168 -0.02004733
v 2.69929909 -4.17515256 -0.11808599
v 2.65573440 -4.18859719 -0.26038776
v 2.74286378 -4.16170792 0.02421579
v 2.82331307 -4.08256936 -0.11376800
v 2.77974838 -4.09601400 -0.25606978
v 2.90376236 -4.00343080 -0.25175180
v 2.86019767 -4.01687544 -0.39405357
v 2.73618369 -4.10945864 -0.39837155
v 2.98421165 -3.92429225 -0.38973559
v 2.69261900 -4.12290327 -0.54067333
v 2.81663298 -4.03032008 -0.53635535
v 2.77306829 -4.04376472 -0.67865712
v 2.89708227 -3.95118152 -0.67433914
v 2.94064696 -3.93773688 -0.53203737
v 3.02109625 -3.85859833 -0.67002116
v 2.85351758 -3.96462616 -0.81664092
v 2.97753156 -3.87204296 -0.81232294
v 2.93396687 -3.88548760 -0.95462471
v 3.06466094 -3.84515369 -0.52771939
v 2.64905431 -4.13634791 -0.68297510
v 2.60548963 -4.14979255 -0.82527688
v 2.72950360 -4.05720935 -0.82095890
v 2.68593891 -4.07065399 -0.96326067
v 2.56192494 -4.16323718 -0.96757865
v 2.80995289 -3.97807079 -0.95894269
v 3.14511023 -3.76601513 -0.66570318
v 3.10154554 -3.77945977 -0.80800496
v 3.22555952 -3.68687657 -0.80368698
v 3.18199483 -3.70032121 -0.94598875
v 3.05798085 -3.79290441 -0.95030673
v 3.30600881 -3.60773802 -0.94167077
v -2.58165516 -3.26363703 2.75120059
v -2.60855333 -3.32974229 2.61807955
v -2.68167864 -3.23077897 2.67846343
v -2.70857681 -3.29688424 2.54534239
v -2.63545149 -3.39584755 2.48495850
v -2.73547498 -3.36298950 2.41222134
v -2.78170213 -3.19792092 2.60572627
v -2.80860030 -3.26402618 2.47260523
v -2.88172562 -3.16506286 2.53298911
v -2.66234966 -3.46195282 2.35183746
v -2.90862378 -3.23116813 2.39986807
v -2.83549847 -3.33013145 2.33948418
v -2.93552195 -3.29727339 2.26674702
v -2.86239664 -3.39623671 2.20636314
v -2.76237315 -3.42909476 2.27910030
v -2.78927132 -3.49520003 2.14597925
v -2.96242012 -3.36337866 2.13362598
v -2.88929480 -3.46234197 2.07324209
v -2.98931829 -3.42948392 2.00050493
v -2.68924783 -3.52805808 2.21871641
v -2.98174910 -3.13220481 2.46025195
v -3.00864727 -3.19831007 2.32713091
v -3.08177259 -3.09934675 2.38751479
v -3.10867076 -3.16545202 2.25439375
v -3.03554544 -3.26441534 2.19400986
v -3.13556893 -3.23155728 2.12127270
v -3.18179608 -3.06648870 2.31477763
v -3.20869424 -3.13259396 2.18165659
v -3.28181956 -3.03363065 2.24204047
v -3.06244361 -3.33052060 2.06088882
v -2.71614600 -3.59416335 2.08559537
v -2.81616949 -3.56130529 2.01285821
v -2.74304417 -3.66026861 1.95247432
v -2.84306765 -3.62741056 1.87973716
v -2.91619297 -3.52844724 1.94012105
v -2.76994234 -3.72637388 1.81935328
v 3.30725231 -1.56017523 -3.34359125
v 3.22092721 -1.71094114 -3.33540099
v 3.15433559 -1.56586993 -3.46242292
v 3.06801049 -1.71663584 -3.45423266
v 3.13460211 -1.86170705 -3.32721072
v 3.00141887 -1.57156463 -3.58125459
v 3.04827701 -2.01247296 -3.31902046
v 2.98168539 -1.86740175 -3.44604240
v 2.89536029 -2.01816766 -3.43785213
v 2.82876867 -1.87309646 -3.56487407
v 2.91509377 -1.72233054 -3.57306433
v 2.76217705 -1.72802525 -3.69189600
v 2.74244357 -2.02386237 -3.55668381
v 2.67585195 -1.87879116 -3.68370574
v 2.84850215 -1.57725934 -3.70008627
v 2.96195191 -2.16323887 -3.31083020
v 2.87562682 -2.31400478 -3.30263994
v 2.80903519 -2.16893357 -3.42966187
v 2.69558543 -1.58295404 -3.81891794
v 2.60926033 -1.73371995 -3.81072768
v 2.54266871 -1.58864874 -3.93774961
v 1.99195450 -1.54064527 -4.26759598
v 1.85897045 -1.63730596 -4.28191923
v 1.79373267 -1.53535763 -4.33726548
v 1.66074863 -1.63201832 -4.35158874
v 1.72598641 -1.73396665 -4.29624248
v 1.59551084 -1.53006998 -4.40693499
v 1.59300237 -1.83062734 -4.31056574
v 1.52776458 -1.72867900 -4.36591199
v 1.39478054 -1.82533969 -4.38023524
v 1.32954276 -1.72339136 -4.43558149
v 1.46252680 -1.62673067 -4.42125824
v 1.26430497 -1.62144302 -4.49092775
v 1.19655871 -1.82005204 -4.44990475
v 1.13132093 -1.71810371 -4.50525100
v 0.99833688 -1.81476440 -4.51957425
v 1.39728902 -1.52478233 -4.47660449
v 1.46001832 -1.92728803 -4.32488899
v 1.32703428 -2.02394871 -4.33921224
v 1.26179650 -1.92200038 -4.39455850
v 1.12881245 -2.01866107 -4.40888175
v 1.19405024 -2.12060940 -4.35353550
v 1.06357467 -1.91671273 -4.46422800
v 1.19906719 -1.51949469 -4.54627400
v 1.06608315 -1.61615537 -4.56059725
v 1.00084536 -1.51420704 -4.61594350
v 0.86786132 -1.61086773 -4.63026676
v 0.93309910 -1.71281606 -4.57492050
v 0.80262353 -1.50891939 -4.68561301
v 1.55096244 -4.51440016 -1.43596872
v 1.57202544 -4.53745931 -1.27163405
v 1.67766937 -4.47746019 -1.36967271
v 1.69873237 -4.50051934 -1.20533804
v 1.59308844 -4.56051846 -1.10729939
v 1.71979537 -4.52357850 -1.04100337
v 1.80437630 -4.44052022 -1.30337669
v 1.82543930 -4.46357937 -1.13904203
v 1.93108323 -4.40358025 -1.23708068
v 1.61415144 -4.58357762 -0.94296472
v 1.95214623 -4.42663941 -1.07274602
v 1.84650230 -4.48663853 -0.97470736
v 1.97320923 -4.44969856 -0.90841135
v 1.86756530 -4.50969768 -0.81037269
v 1.74085837 -4.54663765 -0.87666871
v 1.76192137 -4.56969680 -0.71233404
v 1.99427223 -4.47275771 -0.74407668
v 1.88862830 -4.53275684 -0.64603803
v 1.63521443 -4.60663677 -0.77863005
v 2.05779016 -4.36664028 -1.17078467
v 2.07885316 -4.38969944 -1.00645000
v 2.18449709 -4.32970032 -1.10448866
v 2.20556009 -4.35275947 -0.94015399
v 2.09991616 -4.41275859 -0.84211534
v 2.31120403 -4.29276035 -1.03819264
v 1.65627743 -4.62969593 -0.61429539
v 1.78298436 -4.59275596 -0.54799937
v 1.67734043 -4.65275508 -0.44996072
v -4.17744415 -2.53987419 0.85531858
v -4.08614611 -2.64101828 0.93214515
v -4.13679377 -2.51644045 1.02810032
v -4.04549573 -2.61758453 1.10492688
v -3.99484808 -2.74216236 1.00897171
v -4.09614339 -2.49300670 1.20088206
v -3.90355005 -2.84330645 1.08579828
v -3.95419770 -2.71872862 1.18175345
v -3.86289967 -2.81987270 1.25858001
v -3.91354732 -2.69529487 1.35453519
v -4.00484535 -2.59415079 1.27770862
v -3.96419497 -2.57071704 1.45049036
v -3.82224929 -2.79643896 1.43136175
v -3.87289694 -2.67186113 1.52731692
v -3.78159891 -2.77300521 1.60414349
v -4.05549301 -2.46957296 1.37366379
v -3.81225202 -2.94445053 1.16262484
v -3.72095398 -3.04559462 1.23945141
v -3.77160164 -2.92101679 1.33540658
v -3.68030361 -3.02216087 1.41223314
v -3.62965595 -3.14673870 1.31627797
v -3.73095126 -2.89758304 1.50818832
v -4.01484263 -2.44613921 1.54644553
v -3.92354459 -2.54728330 1.62327209
v -3.97419225 -2.42270547 1.71922727
v -3.88289421 -2.52384955 1.79605383
v -3.83224656 -2.64842738 1.70009866
v -3.93354187 -2.39927172 1.89200900
v -3.46873439 -3.34056911 1.28765362
v -3.37755476 -3.43723741 1.22530798
v -3.35846048 -3.40982170 1.35498445
v -3.28637513 -3.53390571 1.16296234
v -3.26728085 -3.50649000 1.29263881
v -3.17610122 -3.60315829 1.23029317
v -3.19519550 -3.63057401 1.10061670
v -3.24818657 -3.47907428 1.42231527
v -3.15700694 -3.57574258 1.35996963
v -3.13791266 -3.54832686 1.48964610
v -3.10401588 -3.72724231 1.03827106
v -3.08492159 -3.69982659 1.16794753
v -2.99374197 -3.79649489 1.10560189
v -2.97464768 -3.76907917 1.23527835
v -3.06582731 -3.67241088 1.29762399
v -2.95555340 -3.74166346 1.36495482
v -2.88346806 -3.86574747 1.17293271
v -2.86437377 -3.83833176 1.30260918
v -2.77319414 -3.93500005 1.24026354
v -3.04673303 -3.64499516 1.42730046
v -3.01283625 -3.82391060 0.97592542
v -2.92165662 -3.92057890 0.91357978
v -2.90256234 -3.89316319 1.04325625
v -2.81138271 -3.98983148 0.98091061
v -2.83047699 -4.01724720 0.85123414
v -2.79228843 -3.96241577 1.11058707
v -3.02763875 -3.61757945 1.55697692
v -2.93645912 -3.71424774 1.49463128
v -2.91736484 -3.68683203 1.62430774
v -2.84527949 -3.81091604 1.43228564
v -2.82618521 -3.78350033 1.56196210
v -2.73500558 -3.88016862 1.49961646
v -2.75409986 -3.90758434 1.36994000
v -2.80709093 -3.75608461 1.69163857
v -2.71591130 -3.85275291 1.62929293
v 3.18589966 -3.63554801 -1.10214202
v 3.06188568 -3.72813120 -1.10646001
v 3.06579052 -3.66335800 -1.26261328
v 2.94177654 -3.75594119 -1.26693126
v 2.93787171 -3.82071440 -1.11077799
v 2.94568137 -3.69116799 -1.42308454
v 2.81385773 -3.91329759 -1.11509597
v 2.81776256 -3.84852439 -1.27124924
v 2.69374858 -3.94110758 -1.27556722
v 2.69765341 -3.87633438 -1.43172050
v 2.82166739 -3.78375119 -1.42740252
v 2.70155824 -3.81156118 -1.58787377
v 2.57363943 -3.96891758 -1.43603848
v 2.57754426 -3.90414437 -1.59219175
v 2.45353028 -3.99672757 -1.59650973
v 2.82557222 -3.71897798 -1.58355579
v 2.68984375 -4.00588079 -1.11941395
v 2.56582977 -4.09846398 -1.12373193
v 2.56973460 -4.03369078 -1.27988520
v 2.44572062 -4.12627397 -1.28420318
v 2.44181579 -4.19104718 -1.12804991
v 2.44962545 -4.06150077 -1.44035646
v 2.70546308 -3.74678797 -1.74402705
v 2.58144910 -3.83937117 -1.74834503
v 2.58535393 -3.77459797 -1.90449830
v 2.46133995 -3.86718116 -1.90881628
v 2.45743512 -3.93195436 -1.75266301
v 2.46524478 -3.80240796 -2.06496956
v -1.21703001 -1.61273287 4.56145118
v -1.21525929 -1.51201631 4.59165796
v -1.26879669 -1.55007817 4.56682707
v -1.26702597 -1.44936161 4.59703386
v -1.21348857 -1.41129975 4.62186475
v -1.32056338 -1.48742346 4.57220297
v -1.21171785 -1.31058319 4.65207154
v -1.26525526 -1.34864504 4.62724064
v -1.26348454 -1.24792848 4.65744743
v -1.31702194 -1.28599034 4.63261654
v -1.31879266 -1.38670690 4.60240975
v -1.37055934 -1.32405220 4.60778565
v -1.31525122 -1.18527378 4.66282332
v -1.36878862 -1.22333564 4.63799243
v -1.37233006 -1.42476876 4.57757886
v -1.20994714 -1.20986663 4.68227832
v -1.20817642 -1.10915007 4.71248511
v -1.26171382 -1.14721192 4.68765422
v -1.42409674 -1.36211406 4.58295475
v -1.42232603 -1.26139749 4.61316154
v -1.47586343 -1.29945935 4.58833065
v 2.68776194 -2.00774502 3.66853422
v 2.74325263 -1.86078781 3.69162891
v 2.63824859 -1.90349385 3.74954379
v 2.69373928 -1.75653664 3.77263848
v 2.79874332 -1.71383060 3.71472359
v 2.58873524 -1.79924269 3.83055337
v 2.85423402 -1.56687339 3.73781828
v 2.74922997 -1.60957943 3.79573317
v 2.80472067 -1.46262222 3.81882785
v 2.69971662 -1.50532827 3.87674274
v 2.64422593 -1.65228548 3.85364805
v 2.59471258 -1.54803431 3.93465763
v 2.75520732 -1.35837105 3.89983743
v 2.65020327 -1.40107710 3.95775231
v 2.53922189 -1.69499152 3.91156294
v 2.90972471 -1.41991618 3.76091296
v 2.96521540 -1.27295896 3.78400765
v 2.86021136 -1.31566501 3.84192254
v 2.48970854 -1.59074036 3.99257252
v 2.54519923 -1.44378314 4.01566720
v 2.44019518 -1.48648919 4.07358209
v 0.33059852 -2.46102010 -4.31577364
v 0.17973080 -2.34035846 -4.36236870
v 0.38871098 -2.31044166 -4.37651444
v 0.02886307 -2.21969682 -4.40896376
v 0.23784326 -2.18978003 -4.42310950
v 0.08697553 -2.06911839 -4.46970456
v -0.12200466 -2.09903519 -4.45555882
v 0.44682344 -2.15986323 -4.43725525
v 0.29595572 -2.03920159 -4.48385030
v 0.50493591 -2.00928479 -4.49799605
v -0.27287238 -1.97837355 -4.50215387
v -0.06389219 -1.94845675 -4.51629962
v -0.21475992 -1.82779512 -4.56289468
v -0.00577973 -1.79787832 -4.57704042
v 0.14508799 -1.91853996 -4.53044536
v 0.20320045 -1.76796152 -4.59118617
v -0.15664746 -1.67721668 -4.62363548
v 0.05233273 -1.64729989 -4.63778122
v -0.09853500 -1.52663825 -4.68437628
v 0.35406818 -1.88862316 -4.54459111
v -0.42374011 -1.85771192 -4.54874893
v -0.57460783 -1.73705028 -4.59534399
v -0.36562765 -1.70713348 -4.60948973
v -0.51649537 -1.58647185 -4.65608479
v -0.72547556 -1.61638864 -4.64193905
v -0.30751519 -1.55655505 -4.67023054
v 0.56304837 -1.85870636 -4.55873685
v 0.41218064 -1.73804472 -4.60533191
v 0.62116083 -1.70812792 -4.61947765
v 0.26131292 -1.61738309 -4.65192697
v 0.47029310 -1.58746629 -4.66607271
v 0.31942538 -1.46680465 -4.71266777
v 0.11044519 -1.49672145 -4.69852203
v 0.67927329 -1.55754949 -4.68021846
v 0.52840556 -1.43688785 -4.72681352
v 0.39583631 -2.56296843 -4.26042739
v 0.55623290 -2.63607763 -4.16805247
v 0.51918655 -2.51433833 -4.26582194
v 0.67958315 -2.58744753 -4.17344702
v 0.71662950 -2.70918683 -4.07567755
v 0.83997974 -2.66055673 -4.08107211
v 0.64253679 -2.46570823 -4.27121649
v 0.80293339 -2.53881743 -4.17884157
v 0.76588704 -2.41707813 -4.27661104
v 0.87702610 -2.78229603 -3.98330264
v 0.92628364 -2.49018733 -4.18423612
v 0.96332999 -2.61192663 -4.08646666
v 1.08668023 -2.56329653 -4.09186121
v 1.12372659 -2.68503583 -3.99409174
v 1.00037634 -2.73366593 -3.98869719
v 1.16077294 -2.80677513 -3.89632227
v 1.24707683 -2.63640573 -3.99948629
v 1.28412318 -2.75814503 -3.90171682
v 1.03742269 -2.85540523 -3.89092772
v 0.88923728 -2.36844803 -4.28200559
v 1.04963388 -2.44155723 -4.18963068
v 1.01258753 -2.31981794 -4.28740014
v 1.17298413 -2.39292713 -4.19502523
v 1.21003048 -2.51466643 -4.09725576
v 1.13593777 -2.27118784 -4.29279469
v 1.19781929 -2.92851443 -3.79855280
v 1.32116953 -2.87988433 -3.80394735
v 1.35821589 -3.00162362 -3.70617788
v -3.89639327 -2.36956099 2.01972371
v -3.79764179 -2.37683212 2.15355208
v -3.80859703 -2.46442808 2.05148325
v -3.70984554 -2.47169921 2.18531162
v -3.69889030 -2.38410325 2.28738046
v -3.61109405 -2.47897034 2.31914000
v -3.72080079 -2.55929518 2.08324279
v -3.62204930 -2.56656631 2.21707116
v -3.63300454 -2.65416227 2.11500232
v -3.60013881 -2.39137438 2.42120883
v -3.53425305 -2.66143340 2.24883070
v -3.52329781 -2.57383744 2.35089953
v -3.43550156 -2.66870453 2.38265907
v -3.42454632 -2.58110856 2.48472791
v -3.51234256 -2.48624147 2.45296837
v -3.41359108 -2.49351260 2.58679675
v -3.33675008 -2.67597566 2.51648745
v -3.32579483 -2.58837969 2.61855628
v -3.23799859 -2.68324679 2.65031582
v -3.50138732 -2.39864551 2.55503721
v -3.54520830 -2.74902936 2.14676186
v -3.44645681 -2.75630049 2.28059023
v -3.45741205 -2.84389646 2.17852140
v -3.35866056 -2.85116759 2.31234977
v -3.34770532 -2.76357162 2.41441861
v -3.25990907 -2.85843872 2.44617815
v -3.36961581 -2.93876355 2.21028093
v -3.27086432 -2.94603468 2.34410931
v -3.24895383 -2.77084275 2.54824698
v -3.40263583 -2.40591664 2.68886558
v -3.31483959 -2.50078373 2.72062512
v -3.30388434 -2.41318776 2.82269396
v -3.21608810 -2.50805486 2.85445349
v -3.22704334 -2.59565082 2.75238466
v -3.20513286 -2.42045889 2.95652233
v 4.42965748 -2.18095432 -0.47346675
v 4.49244233 -2.02841438 -0.44723367
v 4.46178085 -2.11345196 -0.30596038
v 4.52456570 -1.96091202 -0.27972729
v 4.55522717 -1.87587443 -0.42100059
v 4.49390422 -2.04594961 -0.13845400
v 4.61801202 -1.72333449 -0.39476751
v 4.58735055 -1.80837207 -0.25349421
v 4.65013540 -1.65583213 -0.22726113
v 4.61947392 -1.74086972 -0.08598783
v 4.55668907 -1.89340966 -0.11222091
v 4.58881244 -1.82590730 0.05528546
v 4.68225877 -1.58832977 -0.05975475
v 4.65159729 -1.67336736 0.08151855
v 4.52602759 -1.97844725 0.02905238
v 4.68079687 -1.57079454 -0.36853442
v 4.74358172 -1.41825460 -0.34230134
v 4.71292025 -1.50329219 -0.20102805
v 4.55815096 -1.91094489 0.19655876
v 4.62093581 -1.75840495 0.22279184
v 4.59027434 -1.84344253 0.36406514
v -1.99529513 -4.45603330 1.01102136
v -2.03576673 -4.45244250 0.85203004
v -2.11733458 -4.39726610 0.96966941
v -2.15780618 -4.39367530 0.81067808
v -2.07623834 -4.44885169 0.69303872
v -2.19827779 -4.39008449 0.65168676
v -2.23937403 -4.33849891 0.92831745
v -2.27984563 -4.33490810 0.76932613
v -2.36141348 -4.27973171 0.88696550
v -2.11670994 -4.44526088 0.53404740
v -2.40188508 -4.27614090 0.72797418
v -2.32031724 -4.33131729 0.61033481
v -2.44235669 -4.27255009 0.56898285
v -2.36078884 -4.32772648 0.45134349
v -2.23874939 -4.38649368 0.49269544
v -2.27922100 -4.38290287 0.33370412
v -2.48282829 -4.26895928 0.40999153
v -2.40126045 -4.32413567 0.29235217
v -2.52329990 -4.26536848 0.25100021
v -2.15718155 -4.44167007 0.37505608
v -2.48345292 -4.22096451 0.84561354
v -2.52392453 -4.21737370 0.68662222
v -2.60549237 -4.16219731 0.80426159
v -2.64596398 -4.15860650 0.64527027
v -2.56439614 -4.21378289 0.52763090
v -2.68643558 -4.15501569 0.48627895
v -2.72753182 -4.10343011 0.76290963
v -2.76800343 -4.09983930 0.60391831
v -2.60486774 -4.21019209 0.36863958
v -2.19765316 -4.43807926 0.21606475
v -2.31969260 -4.37931207 0.17471280
v -2.23812476 -4.43448846 0.05707343
v -2.36016421 -4.37572126 0.01572148
v -2.44173205 -4.32054487 0.13336085
v -2.27859637 -4.43089765 -0.10191789
v -4.68196850 -1.63131033 -0.14821893
v -4.61540741 -1.77583013 -0.20585939
v -4.61923464 -1.77064938 -0.04874911
v -4.55267354 -1.91516917 -0.10638956
v -4.54884631 -1.92034992 -0.26349984
v -4.55650078 -1.90998842 0.05072071
v -4.48228521 -2.06486972 -0.32114029
v -4.48611245 -2.05968897 -0.16403002
v -4.41955135 -2.20420876 -0.22167047
v -4.42337858 -2.19902801 -0.06456019
v -4.48993968 -2.05450822 -0.00691974
v -4.42720582 -2.19384726 0.09255008
v -4.35681749 -2.34354781 -0.12220065
v -4.36064472 -2.33836706 0.03490963
v -4.49376691 -2.04932747 0.15019054
v -4.41572412 -2.20938951 -0.37878075
v -4.34916302 -2.35390931 -0.43642120
v -4.35299025 -2.34872856 -0.27931093
v -4.43103305 -2.18866651 0.24966036
v -4.36447195 -2.33318631 0.19201991
v -4.36829919 -2.32800556 0.34913018
v -1.69992584 -1.36639038 4.48608757
v -1.77561623 -1.37253949 4.45211826
v -1.74299377 -1.45176513 4.43726879
v -1.81868416 -1.45791425 4.40329949
v -1.85130662 -1.37868861 4.41814896
v -1.78606171 -1.53713989 4.38845002
v -1.92699701 -1.38483773 4.38417965
v -1.89437455 -1.46406337 4.36933018
v -1.97006495 -1.47021248 4.33536088
v -1.93744249 -1.54943812 4.32051141
v -1.86175210 -1.54328901 4.35448071
v -1.90482003 -1.62866376 4.30566194
v -2.01313288 -1.55558724 4.28654210
v -1.98051042 -1.63481288 4.27169263
v -1.82912964 -1.62251465 4.33963124
v -2.00268740 -1.39098684 4.35021035
v -2.07837779 -1.39713596 4.31624104
v -2.04575534 -1.47636160 4.30139157
v -1.87219757 -1.70788940 4.29081247
v -1.94788797 -1.71403852 4.25684317
v -1.91526551 -1.79326416 4.24199370
v -2.61296613 -3.93893582 1.54096842
v -2.63206041 -3.96635154 1.41129195
v -2.51002096 -4.02511874 1.45264391
v -2.52911525 -4.05253445 1.32296744
v -2.65115470 -3.99376725 1.28161549
v -2.40707580 -4.11130165 1.36431940
v -2.67024898 -4.02118297 1.15193903
v -2.54820953 -4.07995017 1.19329098
v -2.56730381 -4.10736588 1.06361452
v -2.44526436 -4.16613308 1.10496647
v -2.42617008 -4.13871736 1.23464293
v -2.32322491 -4.22490028 1.14631842
v -2.46435864 -4.19354879 0.97529001
v -2.34231919 -4.25231599 1.01664196
v -2.30413063 -4.19748456 1.27599489
v -2.68934326 -4.04859868 1.02226256
v -2.70843754 -4.07601440 0.89258610
v -2.58639809 -4.13478160 0.93393805
v -2.20118546 -4.28366748 1.18767038
v -2.22027974 -4.31108319 1.05799391
v -2.09824030 -4.36985039 1.09934587
v -2.44150010 -4.31548926 -0.10368096
v -2.52306794 -4.26031287 0.01395841
v -2.60440384 -4.20008087 -0.10544403
v -2.68597168 -4.14490448 0.01219534
v -2.60463579 -4.20513648 0.13159778
v -2.76730757 -4.08467249 -0.10720710
v -2.68620363 -4.14996009 0.24923714
v -2.76753952 -4.08972809 0.12983470
v -2.84910737 -4.03455170 0.24747407
v -2.93044326 -3.97431970 0.12807163
v -2.84887541 -4.02949609 0.01043227
v -3.01177915 -3.91408771 0.00866920
v -3.01201110 -3.91914331 0.24571100
v -3.09334699 -3.85891132 0.12630856
v -2.93021131 -3.96926410 -0.10897017
v -2.76777148 -4.09478370 0.36687651
v -2.84933932 -4.03960731 0.48451588
v -2.93067521 -3.97937531 0.36511344
v -3.09311504 -3.85385571 -0.11073324
v -3.17468288 -3.79867932 0.00690613
v -3.25601877 -3.73844732 -0.11249631
v 0.42700516 -1.39391974 -4.74482982
v 0.21802497 -1.42383654 -4.73068407
v 0.32560476 -1.35095162 -4.76284612
v 0.11662457 -1.38086842 -4.74870038
v 0.00904479 -1.45375333 -4.71653833
v 0.22420435 -1.30798350 -4.78086242
v -0.19993540 -1.48367013 -4.70239258
v -0.09235562 -1.41078522 -4.73455463
v -0.30133580 -1.44070201 -4.72040889
v -0.19375602 -1.36781710 -4.75257093
v 0.01522417 -1.33790030 -4.76671668
v -0.08617624 -1.29493218 -4.78473298
v -0.40273621 -1.39773390 -4.73842519
v -0.29515642 -1.32484898 -4.77058724
v 0.12280395 -1.26501538 -4.79887873
v -0.40891559 -1.51358693 -4.68824684
v -0.61789578 -1.54350373 -4.67410109
v -0.51031599 -1.47061881 -4.70626314
v 0.02140355 -1.22204727 -4.81689503
v -0.18757664 -1.25196407 -4.80274928
v -0.07999685 -1.17907915 -4.83491133
v -3.11606461 -2.54091291 2.92719065
v -3.12701986 -2.62850888 2.82512182
v -3.02699637 -2.66136693 2.89785898
v -3.03795161 -2.74896290 2.79579014
v -3.13797510 -2.71610484 2.72305298
v -2.93792813 -2.78182095 2.86852730
v -3.14893034 -2.80370081 2.62098414
v -3.04890686 -2.83655886 2.69372130
v -3.05986210 -2.92415482 2.59165247
v -2.95983862 -2.95701288 2.66438963
v -2.94888337 -2.86941691 2.76645846
v -2.85981513 -2.98987093 2.73712679
v -2.97079386 -3.04460884 2.56232079
v -2.87077037 -3.07746690 2.63505795
v -2.84885989 -2.90227497 2.83919562
v -3.15988559 -2.89129677 2.51891531
v -3.17084083 -2.97889273 2.41684647
v -3.07081735 -3.01175079 2.48958363
v -2.75979164 -3.02272899 2.80986395
v -2.77074689 -3.11032495 2.70779511
v -2.67072340 -3.14318301 2.78053227
v -2.88021625 -3.65712129 1.75202245
v -2.95334156 -3.55815797 1.81240634
v -2.99049016 -3.58786871 1.68469163
v -3.06361547 -3.48890539 1.74507551
v -3.02646688 -3.45919466 1.87279022
v -3.10076407 -3.51861613 1.61736080
v -3.09959220 -3.36023134 1.93317411
v -3.13674079 -3.38994207 1.80545940
v -3.20986611 -3.29097875 1.86584328
v -3.24701470 -3.32068949 1.73812857
v -3.17388938 -3.41965281 1.67774469
v -3.28416329 -3.35040023 1.61041387
v -3.32014002 -3.22172617 1.79851246
v -3.35728861 -3.25143691 1.67079775
v -3.43041393 -3.15247359 1.73118164
v -3.21103798 -3.44936354 1.55002998
v -3.17271752 -3.26126802 1.99355799
v -3.24584284 -3.16230470 2.05394188
v -3.28299143 -3.19201544 1.92622717
v -3.35611675 -3.09305212 1.98661105
v -3.31896815 -3.06334138 2.11432576
v -3.39326534 -3.12276285 1.85889634
v -3.32131189 -3.38011096 1.48269916
v -3.39443721 -3.28114764 1.54308304
v -3.43158580 -3.31085838 1.41536833
v -3.50471112 -3.21189506 1.47575222
v -3.46756252 -3.18218432 1.60346693
v -3.54185971 -3.24160580 1.34803751
v 2.33463302 -3.90412113 -1.97511229
v 2.33072819 -3.96889433 -1.81895902
v 2.20402125 -4.00583430 -1.88525503
v 2.20011642 -4.07060750 -1.72910176
v 2.32682335 -4.03366754 -1.66280574
v 2.07340949 -4.10754747 -1.79539777
v 2.32291852 -4.09844074 -1.50665247
v 2.19621159 -4.13538071 -1.57294848
v 2.19230676 -4.20015391 -1.41679521
v 2.06559983 -4.23709388 -1.48309122
v 2.06950466 -4.17232067 -1.63924449
v 1.93889290 -4.27403385 -1.54938723
v 2.06169500 -4.30186708 -1.32693794
v 1.93498806 -4.33880705 -1.39323396
v 1.94279773 -4.20926064 -1.70554051
v 2.31901369 -4.16321394 -1.35049919
v 2.31510886 -4.22798714 -1.19434592
v 2.18840193 -4.26492711 -1.26064193
v 1.81218597 -4.31097381 -1.61568324
v 1.80828113 -4.37574702 -1.45952997
v 1.68157420 -4.41268698 -1.52582598
v 1.36306085 -1.22979432 4.63719515
v 1.39008244 -1.13078491 4.65012980
v 1.31852696 -1.14931062 4.66711930
v 1.34554855 -1.05030120 4.68005394
v 1.41710404 -1.03177549 4.66306444
v 1.27399307 -1.06882691 4.69704344
v 1.44412563 -0.93276607 4.67599908
v 1.37257014 -0.95129178 4.69298858
v 1.39959173 -0.85228236 4.70592323
v 1.32803625 -0.87080807 4.72291273
v 1.30101466 -0.96981749 4.70997808
v 1.25648076 -0.88933378 4.73990223
v 1.35505784 -0.77179866 4.73584737
v 1.28350235 -0.79032437 4.75283687
v 1.31052395 -0.69131495 4.76577151
v 1.22945917 -0.98834320 4.72696758
v 1.47114722 -0.83375666 4.68893372
v 1.49816881 -0.73474724 4.70186837
v 1.42661333 -0.75327295 4.71885787
v 1.45363492 -0.65426353 4.73179251
v 1.52519040 -0.63573782 4.71480301
v 1.38207943 -0.67278924 4.74878201
v 1.18492528 -0.90785949 4.75689173
v 1.21194687 -0.80885007 4.76982637
v 1.14039138 -0.82737578 4.78681587
v 1.16741298 -0.72836637 4.79975051
v 1.23896846 -0.70984066 4.78276101
v 1.09585749 -0.74689208 4.81674001
v -3.59250736 -3.11702797 1.44399268
v -3.55535877 -3.08731723 1.57170739
v -3.64315501 -2.99245014 1.53994785
v -3.60600642 -2.96273940 1.66766256
v -3.51821018 -3.05760649 1.69942210
v -3.69380267 -2.86787231 1.63590302
v -3.48106158 -3.02789576 1.82713681
v -3.56885783 -2.93302867 1.79537727
v -3.53170924 -2.90331793 1.92309198
v -3.61950548 -2.80845084 1.89133244
v -3.65665407 -2.83816157 1.76361773
v -3.70730173 -2.71358374 1.85957290
v -3.58235689 -2.77874010 2.01904715
v -3.67015313 -2.68387301 1.98728761
v -3.74445032 -2.74329448 1.73185820
v -3.44391299 -2.99818502 1.95485152
v -3.40676440 -2.96847429 2.08256623
v -3.49456064 -2.87360719 2.05080669
v -3.79509797 -2.61871665 1.82781337
v -3.75794938 -2.58900591 1.95552808
v -3.84574562 -2.49413882 1.92376854
v 0.74451107 -1.65949783 -4.62487221
v 0.80974886 -1.76144616 -4.56952595
v 0.68639861 -1.81007626 -4.56413140
v 0.75163640 -1.91202459 -4.50878515
v 0.87498664 -1.86339450 -4.51417970
v 0.62828615 -1.96065469 -4.50339060
v 0.94022442 -1.96534283 -4.45883345
v 0.81687418 -2.01397293 -4.45343890
v 0.88211196 -2.11592127 -4.39809265
v 0.75876172 -2.16455136 -4.39269810
v 0.69352393 -2.06260303 -4.44804435
v 0.63541147 -2.21318146 -4.38730355
v 0.82399950 -2.26649970 -4.33735184
v 0.70064926 -2.31512980 -4.33195729
v 0.57017369 -2.11123313 -4.44264980
v 1.00546221 -2.06729117 -4.40348720
v 1.07069999 -2.16923950 -4.34814095
v 0.94734975 -2.21786960 -4.34274640
v 0.51206123 -2.26181156 -4.38190900
v 0.57729901 -2.36375990 -4.32656274
v 0.45394877 -2.41239000 -4.32116819
v 0.50000000 -0.43750000 4.95289618
v 0.56553775 -0.47067722 4.93839394
v 0.50000000 -0.37500000 4.95604490
v 0.63107550 -0.50385445 4.92389169
v 0.56553775 -0.40817722 4.94154265
v 0.63107550 -0.44135445 4.92704041
v 0.69661325 -0.53703167 4.90938945
v 0.50000000 -0.31250000 4.95919361
v 0.56553775 -0.34567722 4.94469137
v 0.50000000 -0.25000000 4.96234233
v 0.76215100 -0.57020889 4.89488721
v 0.69661325 -0.47453167 4.91253816
v 0.76215100 -0.50770889 4.89803592
v 0.69661325 -0.41203167 4.91568688
v 0.63107550 -0.37885445 4.93018912
v 0.63107550 -0.31635445 4.93333784
v 0.76215100 -0.44520889 4.90118464
v 0.69661325 -0.34953167 4.91883559
v 0.76215100 -0.38270889 4.90433335
v 0.56553775 -0.28317722 4.94784008
v 0.82768875 -0.60338612 4.88038496
v 0.89322650 -0.63656334 4.86588272
v 0.82768875 -0.54088612 4.88353368
v 0.89322650 -0.57406334 4.86903143
v 0.95876425 -0.66974056 4.85138047
v 0.82768875 -0.47838612 4.88668239
v 0.50000000 -0.18750000 4.96549104
v 0.56553775 -0.22067722 4.95098880
v 0.50000000 -0.12500000 4.96863976
v 0.63107550 -0.25385445 4.93648655
v 0.56553775 -0.15817722 4.95413751
v 0.63107550 -0.19135445 4.93963527
v 0.69661325 -0.28703167 4.92198431
v 0.50000000 -0.06250000 4.97178847
v 0.56553775 -0.09567722 4.95728623
v 1.03031974 -0.65121485 4.83439097
v 1.10187522 -0.63268914 4.81740147
v 0.96478199 -0.55553763 4.85204193
v 1.03633747 -0.53701192 4.83505243
v 1.17343071 -0.61416343 4.80041197
v 0.89924424 -0.45986041 4.86969289
v 1.24498620 -0.59563773 4.78342247
v 1.10789296 -0.51848621 4.81806293
v 1.17944845 -0.49996050 4.80107343
v 1.04235521 -0.42280899 4.83571389
v 0.97079972 -0.44133470 4.85270339
v 0.90526197 -0.34565747 4.87035435
v 1.11391070 -0.40428328 4.81872439
v 0.97681746 -0.32713177 4.85336485
v 0.83370649 -0.36418318 4.88734385
v 1.31654168 -0.57711202 4.76643297
v 1.38809717 -0.55858631 4.74944347
v 1.25100393 -0.48143479 4.78408393
v 0.76816874 -0.26850596 4.90499481
v 0.83972422 -0.24998025 4.88800531
v 0.70263099 -0.17282874 4.92264577
v -0.37500000 -0.50000000 4.94974747
v -0.31250000 -0.55399356 4.94507647
v -0.25000000 -0.50000000 4.94974747
v -0.25000000 -0.60798713 4.94040547
v -0.18750000 -0.55399356 4.94507647
v -0.12500000 -0.60798713 4.94040547
v -0.18750000 -0.66198069 4.93573447
v -0.12500000 -0.50000000 4.94974747
v -0.06250000 -0.55399356 4.94507647
v 0.00000000 -0.50000000 4.94974747
v -0.12500000 -0.71597426 4.93106346
v -0.06250000 -0.66198069 4.93573447
v -0.00000000 -0.71597426 4.93106346
v 0.06250000 -0.66198069 4.93573447
v -0.00000000 -0.60798713 4.94040547
v 0.12500000 -0.60798713 4.94040547
v 0.12500000 -0.71597426 4.93106346
v 0.18750000 -0.66198069 4.93573447
v 0.06250000 -0.55399356 4.94507647
v -0.06250000 -0.76996782 4.92639246
v -0.00000000 -0.82396139 4.92172146
v 0.06250000 -0.76996782 4.92639246
v 0.12500000 -0.50000000 4.94974747
v 0.18750000 -0.55399356 4.94507647
v 0.25000000 -0.50000000 4.94974747
v 0.25000000 -0.60798713 4.94040547
v 0.31250000 -0.55399356 4.94507647
v 0.37500000 -0.50000000 4.94974747
v -0.50000000 -0.00000000 4.97493719
v -0.58160854 -0.12129646 4.94901039
v -0.50000000 -0.06250000 4.97178847
v -0.58160854 -0.18379646 4.94586167
v -0.66321707 -0.24259291 4.92308359
v -0.50000000 -0.12500000 4.96863976
v -0.66321707 -0.30509291 4.91993487
v -0.58160854 -0.24629646 4.94271296
v -0.66321707 -0.36759291 4.91678616
v -0.74482561 -0.36388937 4.89715679
v -0.74482561 -0.42638937 4.89400807
v -0.82643415 -0.48518582 4.87122999
v -0.50000000 -0.18750000 4.96549104
v -0.58160854 -0.30879646 4.93956424
v -0.50000000 -0.25000000 4.96234233
v -0.82643415 -0.54768582 4.86808127
v -0.74482561 -0.48888937 4.89085936
v -0.82643415 -0.61018582 4.86493256
v -0.74482561 -0.55138937 4.88771064
v -0.66321707 -0.43009291 4.91363744
v -0.66321707 -0.49259291 4.91048873
v -0.82643415 -0.67268582 4.86178384
v -0.74482561 -0.61388937 4.88456193
v -0.58160854 -0.37129646 4.93641553
v -0.90804269 -0.60648228 4.84530319
v -0.90804269 -0.66898228 4.84215447
v -0.98965122 -0.72777874 4.81937639
v -0.98965122 -0.79027874 4.81622767
v -0.90804269 -0.73148228 4.83900576
v -1.07125976 -0.84907519 4.79344959
v -0.50000000 -0.31250000 4.95919361
v -0.58160854 -0.43379646 4.93326681
v -0.50000000 -0.37500000 4.95604490
v -0.66321707 -0.55509291 4.90734001
v -0.58160854 -0.49629646 4.93011810
v -0.50000000 -0.43750000 4.95289618
v -1.91847515 -0.00000000 4.58368255
v -1.79744438 -0.12129646 4.61364927
v -1.71583584 -0.00000000 4.63957607
v -1.67641361 -0.24259291 4.64361599
v -1.59480507 -0.12129646 4.66954279
v -1.47377430 -0.24259291 4.69950951
v -1.55538284 -0.36388937 4.67358271
v -1.51319653 -0.00000000 4.69546959
v -1.39216577 -0.12129646 4.72543631
v -1.31055723 -0.00000000 4.75136311
v -1.43435207 -0.48518582 4.70354943
v -1.35274353 -0.36388937 4.72947623
v -1.23171276 -0.48518582 4.75944295
v -1.15010423 -0.36388937 4.78536975
v -1.27113500 -0.24259291 4.75540303
v -1.06849569 -0.24259291 4.81129655
v -1.02907346 -0.48518582 4.81533647
v -0.94746492 -0.36388937 4.84126327
v -1.18952646 -0.12129646 4.78132983
v -1.31332130 -0.60648228 4.73351615
v -1.19229053 -0.72777874 4.76348287
v -1.11068199 -0.60648228 4.78940967
v -1.10791792 -0.00000000 4.80725663
v -0.98688715 -0.12129646 4.83722335
v -0.90527861 -0.00000000 4.86315015
v -0.86585638 -0.24259291 4.86719007
v -0.78424784 -0.12129646 4.89311687
v -0.70263931 -0.00000000 4.91904367
v -0.50000000 0.50000000 4.94974747
v -0.43750000 0.50000000 4.88881786
v -0.37500000 0.50000000 4.94974747
v -0.31250000 0.50000000 4.88881786
v -0.37500000 0.50000000 4.82788825
v -0.25000000 0.50000000 4.94974747
v -0.25000000 0.50000000 4.82788825
v -0.18750000 0.50000000 4.88881786
v -0.12500000 0.50000000 4.82788825
v -0.31250000 0.50000000 4.76695864
v -0.18750000 0.50000000 4.76695864
v -0.25000000 0.50000000 4.70602903
v -0.12500000 0.50000000 4.94974747
v -0.06250000 0.50000000 4.88881786
v 0.00000000 0.50000000 4.94974747
v -0.12500000 0.50000000 4.70602903
v -0.06250000 0.50000000 4.76695864
v 0.00000000 0.50000000 4.70602903
v 0.06250000 0.50000000 4.76695864
v 0.00000000 0.50000000 4.82788825
v 0.12500000 0.50000000 4.82788825
v 0.12500000 0.50000000 4.70602903
v 0.18750000 0.50000000 4.76695864
v 0.25000000 0.50000000 4.70602903
v 0.06250000 0.50000000 4.88881786
v -0.18750000 0.50000000 4.64509943
v -0.06250000 0.50000000 4.64509943
v -0.12500000 0.50000000 4.58416982
v 0.00000000 0.50000000 4.58416982
v 0.06250000 0.50000000 4.64509943
v 0.12500000 0.50000000 4.58416982
v -0.06250000 0.50000000 4.52324021
v 0.06250000 0.50000000 4.52324021
v 0.00000000 0.50000000 4.46231060
v 0.18750000 0.50000000 4.64509943
v 0.12500000 0.50000000 4.94974747
v 0.18750000 0.50000000 4.88881786
v 0.25000000 0.50000000 4.94974747
v 0.25000000 0.50000000 4.82788825
v 0.31250000 0.50000000 4.88881786
v 0.37500000 0.50000000 4.82788825
v 0.31250000 0.50000000 4.76695864
v 0.37500000 0.50000000 4.94974747
v 0.43750000 0.50000000 4.88881786
v 0.50000000 0.50000000 4.94974747
v 0.50000000 0.50000000 3.00000000
v 0.43750000 0.50000000 3.06092961
v 0.37500000 0.50000000 3.00000000
v 0.31250000 0.50000000 3.06092961
v 0.37500000 0.50000000 3.12185922
v 0.25000000 0.50000000 3.00000000
v 0.25000000 0.50000000 3.12185922
v 0.18750000 0.50000000 3.06092961
v 0.12500000 0.50000000 3.12185922
v 0.31250000 0.50000000 3.18278883
v 0.18750000 0.50000000 3.18278883
v 0.25000000 0.50000000 3.24371843
v 0.12500000 0.50000000 3.00000000
v 0.06250000 0.50000000 3.06092961
v 0.00000000 0.50000000 3.00000000
v 0.12500000 0.50000000 3.24371843
v 0.06250000 0.50000000 3.18278883
v 0.00000000 0.50000000 3.24371843
v -0.06250000 0.50000000 3.18278883
v 0.00000000 0.50000000 3.12185922
v -0.12500000 0.50000000 3.12185922
v -0.12500000 0.50000000 3.24371843
v -0.18750000 0.50000000 3.18278883
v -0.25000000 0.50000000 3.24371843
v -0.06250000 0.50000000 3.06092961
v 0.18750000 0.50000000 3.30464804
v 0.06250000 0.50000000 3.30464804
v 0.12500000 0.50000000 3.36557765
v 0.00000000 0.50000000 3.36557765
v -0.06250000 0.50000000 3.30464804
v -0.12500000 0.50000000 3.36557765
v 0.06250000 0.50000000 3.42650726
v -0.06250000 0.50000000 3.42650726
v 0.00000000 0.50000000 3.48743687
v -0.18750000 0.50000000 3.30464804
v -0.12500000 0.50000000 3.00000000
v -0.18750000 0.50000000 3.06092961
v -0.25000000 0.50000000 3.00000000
v -0.25000000 0.50000000 3.12185922
v -0.31250000 0.50000000 3.06092961
v -0.37500000 0.50000000 3.12185922
v -0.31250000 0.50000000 3.18278883
v -0.37500000 0.50000000 3.00000000
v -0.43750000 0.50000000 3.06092961
v -0.50000000 0.50000000 3.00000000
v -0.50000000 0.50000000 3.97487373
v -0.43750000 0.50000000 3.91394413
v -0.43750000 0.50000000 4.03580334
v -0.37500000 0.50000000 3.97487373
v -0.37500000 0.50000000 3.85301452
v -0.37500000 0.50000000 4.09673295
v -0.31250000 0.50000000 3.91394413
v -0.31250000 0.50000000 4.03580334
v -0.25000000 0.50000000 3.97487373
v -0.31250000 0.50000000 3.79208491
v -0.25000000 0.50000000 3.85301452
v -0.25000000 0.50000000 3.73115530
v -0.31250000 0.50000000 4.15766256
v -0.25000000 0.50000000 4.09673295
v -0.25000000 0.50000000 4.21859217
v -0.18750000 0.50000000 3.79208491
v -0.18750000 0.50000000 3.91394413
v -0.12500000 0.50000000 3.85301452
v -0.12500000 0.50000000 3.97487373
v -0.18750000 0.50000000 4.03580334
v -0.12500000 0.50000000 4.09673295
v -0.06250000 0.50000000 3.91394413
v -0.06250000 0.50000000 4.03580334
v 0.00000000 0.50000000 3.97487373
v -0.18750000 0.50000000 4.15766256
v -0.18750000 0.50000000 3.67022569
v -0.12500000 0.50000000 3.73115530
v -0.12500000 0.50000000 3.60929608
v -0.06250000 0.50000000 3.67022569
v -0.06250000 0.50000000 3.79208491
v 0.00000000 0.50000000 3.73115530
v -0.06250000 0.50000000 3.54836648
v 0.00000000 0.50000000 3.60929608
v 0.00000000 0.50000000 3.85301452
v -0.18750000 0.50000000 4.27952178
v -0.12500000 0.50000000 4.21859217
v -0.12500000 0.50000000 4.34045138
v -0.06250000 0.50000000 4.15766256
v -0.06250000 0.50000000 4.27952178
v 0.00000000 0.50000000 4.21859217
v 0.00000000 0.50000000 4.09673295
v -0.06250000 0.50000000 4.40138099
v 0.00000000 0.50000000 4.34045138
v -0.50000000 0.50000000 3.12185922
v -0.43750000 0.50000000 3.18278883
v -0.50000000 0.50000000 3.24371843
v -0.37500000 0.50000000 3.24371843
v -0.43750000 0.50000000 3.30464804
v -0.37500000 0.50000000 3.36557765
v -0.31250000 0.50000000 3.30464804
v -0.50000000 0.50000000 3.36557765
v -0.43750000 0.50000000 3.42650726
v -0.50000000 0.50000000 3.48743687
v -0.25000000 0.50000000 3.36557765
v -0.31250000 0.50000000 3.42650726
v -0.25000000 0.50000000 3.48743687
v -0.31250000 0.50000000 3.54836648
v -0.37500000 0.50000000 3.48743687
v -0.37500000 0.50000000 3.60929608
v -0.25000000 0.50000000 3.60929608
v -0.31250000 0.50000000 3.67022569
v -0.43750000 0.50000000 3.54836648
v -0.18750000 0.50000000 3.42650726
v -0.12500000 0.50000000 3.48743687
v -0.18750000 0.50000000 3.54836648
v -0.50000000 0.50000000 3.60929608
v -0.43750000 0.50000000 3.67022569
v -0.50000000 0.50000000 3.73115530
v -0.37500000 0.50000000 3.73115530
v -0.43750000 0.50000000 3.79208491
v -0.50000000 0.50000000 3.85301452
v 0.06250000 0.50000000 4.40138099
v 0.06250000 0.50000000 4.27952178
v 0.12500000 0.50000000 4.34045138
v 0.06250000 0.50000000 4.15766256
v 0.12500000 0.50000000 4.21859217
v 0.12500000 0.50000000 4.09673295
v 0.06250000 0.50000000 4.03580334
v 0.18750000 0.50000000 4.27952178
v 0.18750000 0.50000000 4.15766256
v 0.25000000 0.50000000 4.21859217
v 0.06250000 0.50000000 3.91394413
v 0.12500000 0.50000000 3.97487373
v 0.12500000 0.50000000 3.85301452
v 0.18750000 0.50000000 3.91394413
v 0.18750000 0.50000000 4.03580334
v 0.25000000 0.50000000 3.97487373
v 0.18750000 0.50000000 3.79208491
v 0.25000000 0.50000000 3.85301452
v 0.25000000 0.50000000 3.73115530
v 0.25000000 0.50000000 4.09673295
v 0.06250000 0.50000000 3.79208491
v 0.06250000 0.50000000 3.67022569
v 0.12500000 0.50000000 3.73115530
v 0.12500000 0.50000000 3.60929608
v 0.06250000 0.50000000 3.54836648
v 0.18750000 0.50000000 3.67022569
v 0.31250000 0.50000000 4.15766256
v 0.31250000 0.50000000 4.03580334
v 0.37500000 0.50000000 4.09673295
v 0.31250000 0.50000000 3.91394413
v 0.37500000 0.50000000 3.97487373
v 0.37500000 0.50000000 3.85301452
v 0.31250000 0.50000000 3.79208491
v 0.43750000 0.50000000 4.03580334
v 0.43750000 0.50000000 3.91394413
v 0.50000000 0.50000000 3.97487373
v 0.50000000 0.50000000 3.85301452
v 0.43750000 0.50000000 3.79208491
v 0.50000000 0.50000000 3.73115530
v 0.37500000 0.50000000 3.73115530
v 0.43750000 0.50000000 3.67022569
v 0.37500000 0.50000000 3.60929608
v 0.31250000 0.50000000 3.67022569
v 0.50000000 0.50000000 3.60929608
v 0.43750000 0.50000000 3.54836648
v 0.50000000 0.50000000 3.48743687
v 0.25000000 0.50000000 3.60929608
v 0.31250000 0.50000000 3.54836648
v 0.25000000 0.50000000 3.48743687
v 0.31250000 0.50000000 3.42650726
v 0.37500000 0.50000000 3.48743687
v 0.37500000 0.50000000 3.36557765
v 0.25000000 0.50000000 3.36557765
v 0.31250000 0.50000000 3.30464804
v 0.43750000 0.50000000 3.42650726
v 0.18750000 0.50000000 3.54836648
v 0.12500000 0.50000000 3.48743687
v 0.18750000 0.50000000 3.42650726
v 0.50000000 0.50000000 3.36557765
v 0.43750000 0.50000000 3.30464804
v 0.50000000 0.50000000 3.24371843
v 0.37500000 0.50000000 3.24371843
v 0.43750000 0.50000000 3.18278883
v 0.50000000 0.50000000 3.12185922
v -0.50000000 0.50000000 4.09673295
v -0.43750000 0.50000000 4.15766256
v -0.50000000 0.50000000 4.21859217
v -0.37500000 0.50000000 4.21859217
v -0.43750000 0.50000000 4.27952178
v -0.37500000 0.50000000 4.34045138
v -0.31250000 0.50000000 4.27952178
v -0.50000000 0.50000000 4.34045138
v -0.43750000 0.50000000 4.40138099
v -0.50000000 0.50000000 4.46231060
v -0.25000000 0.50000000 4.34045138
v -0.31250000 0.50000000 4.40138099
v -0.25000000 0.50000000 4.46231060
v -0.31250000 0.50000000 4.52324021
v -0.37500000 0.50000000 4.46231060
v -0.37500000 0.50000000 4.58416982
v -0.25000000 0.50000000 4.58416982
v -0.31250000 0.50000000 4.64509943
v -0.43750000 0.50000000 4.52324021
v -0.18750000 0.50000000 4.40138099
v -0.12500000 0.50000000 4.46231060
v -0.18750000 0.50000000 4.52324021
v -0.50000000 0.50000000 4.58416982
v -0.43750000 0.50000000 4.64509943
v -0.50000000 0.50000000 4.70602903
v -0.37500000 0.50000000 4.70602903
v -0.43750000 0.50000000 4.76695864
v -0.50000000 0.50000000 4.82788825
v 0.50000000 0.50000000 4.82788825
v 0.43750000 0.50000000 4.76695864
v 0.50000000 0.50000000 4.70602903
v 0.37500000 0.50000000 4.70602903
v 0.43750000 0.50000000 4.64509943
v 0.37500000 0.50000000 4.58416982
v 0.31250000 0.50000000 4.64509943
v 0.50000000 0.50000000 4.58416982
v 0.43750000 0.50000000 4.52324021
v 0.50000000 0.50000000 4.46231060
v 0.25000000 0.50000000 4.58416982
v 0.31250000 0.50000000 4.52324021
v 0.25000000 0.50000000 4.46231060
v 0.31250000 0.50000000 4.40138099
v 0.37500000 0.50000000 4.46231060
v 0.37500000 0.50000000 4.34045138
v 0.25000000 0.50000000 4.34045138
v 0.31250000 0.50000000 4.27952178
v 0.43750000 0.50000000 4.40138099
v 0.18750000 0.50000000 4.52324021
v 0.12500000 0.50000000 4.46231060
v 0.18750000 0.50000000 4.40138099
v 0.50000000 0.50000000 4.34045138
v 0.43750000 0.50000000 4.27952178
v 0.50000000 0.50000000 4.21859217
v 0.37500000 0.50000000 4.21859217
v 0.43750000 0.50000000 4.15766256
v 0.50000000 0.50000000 4.09673295
v 0.50000000 -0.00000000 4.90122871
v 0.50000000 -0.06250000 4.89808000
v 0.50000000 -0.00000000 4.82752024
v 0.50000000 -0.06250000 4.82437153
v 0.50000000 -0.12500000 4.89493128
v 0.50000000 -0.12500000 4.82122281
v 0.50000000 -0.00000000 4.75381177
v 0.50000000 -0.06250000 4.75066305
v 0.50000000 -0.00000000 4.68010330
v 0.50000000 -0.18750000 4.89178257
v 0.50000000 -0.06250000 4.67695458
v 0.50000000 -0.12500000 4.74751434
v 0.50000000 -0.12500000 4.67380587
v 0.50000000 -0.18750000 4.74436563
v 0.50000000 -0.18750000 4.81807410
v 0.50000000 -0.25000000 4.81492538
v 0.50000000 -0.18750000 4.67065715
v 0.50000000 -0.25000000 4.74121691
v 0.50000000 -0.25000000 4.66750844
v 0.50000000 -0.25000000 4.88863385
v 0.50000000 -0.00000000 4.60639483
v 0.50000000 -0.06250000 4.60324611
v 0.50000000 -0.00000000 4.53268635
v 0.50000000 -0.06250000 4.52953764
v 0.50000000 -0.12500000 4.60009740
v 0.50000000 -0.12500000 4.52638892
v 0.50000000 -0.00000000 4.45897788
v 0.50000000 -0.06250000 4.45582917
v 0.50000000 -0.00000000 4.38526941
v 0.50000000 -0.18750000 4.59694868
v 0.50000000 -0.31250000 4.88548514
v 0.50000000 -0.31250000 4.81177667
v 0.50000000 -0.37500000 4.88233643
v 0.50000000 -0.37500000 4.80862795
v 0.50000000 -0.31250000 4.73806820
v 0.50000000 -0.43750000 4.87918771
v 0.50000000 0.43750000 4.87918771
v 0.50000000 0.43750000 4.95289618
v 0.50000000 0.37500000 4.88233643
v 0.50000000 0.37500000 4.80862795
v 0.50000000 0.37500000 4.95604490
v 0.50000000 0.31250000 4.81177667
v 0.50000000 0.31250000 4.88548514
v 0.50000000 0.25000000 4.81492538
v 0.50000000 0.31250000 4.73806820
v 0.50000000 0.25000000 4.74121691
v 0.50000000 0.25000000 4.66750844
v 0.50000000 0.31250000 4.95919361
v 0.50000000 0.25000000 4.88863385
v 0.50000000 0.25000000 4.96234233
v 0.50000000 0.18750000 4.67065715
v 0.50000000 0.18750000 4.74436563
v 0.50000000 0.12500000 4.67380587
v 0.50000000 0.12500000 4.74751434
v 0.50000000 0.18750000 4.81807410
v 0.50000000 0.12500000 4.82122281
v 0.50000000 0.06250000 4.67695458
v 0.50000000 0.06250000 4.75066305
v 0.50000000 0.18750000 4.89178257
v 0.50000000 0.18750000 4.59694868
v 0.50000000 0.12500000 4.60009740
v 0.50000000 0.12500000 4.52638892
v 0.50000000 0.06250000 4.52953764
v 0.50000000 0.06250000 4.60324611
v 0.50000000 0.06250000 4.45582917
v 0.50000000 0.18750000 4.96549104
v 0.50000000 0.12500000 4.89493128
v 0.50000000 0.12500000 4.96863976
v 0.50000000 0.06250000 4.82437153
v 0.50000000 0.06250000 4.89808000
v 0.50000000 0.06250000 4.97178847
v 0.50000000 0.43750000 4.02617319
v 0.50000000 0.43750000 4.14803241
v 0.50000000 0.37500000 4.07747265
v 0.50000000 0.37500000 4.19933187
v 0.50000000 0.43750000 4.26989163
v 0.50000000 0.37500000 4.32119109
v 0.50000000 0.31250000 4.12877211
v 0.50000000 0.31250000 4.25063133
v 0.50000000 0.25000000 4.18007157
v 0.50000000 0.43750000 4.39175084
v 0.50000000 0.25000000 4.30193079
v 0.50000000 0.31250000 4.37249055
v 0.50000000 0.25000000 4.42379001
v 0.50000000 0.31250000 4.49434976
v 0.50000000 0.37500000 4.44305030
v 0.50000000 0.37500000 4.56490952
v 0.50000000 0.25000000 4.54564922
v 0.50000000 0.31250000 4.61620898
v 0.50000000 0.43750000 4.51361006
v 0.50000000 0.18750000 4.23137103
v 0.50000000 0.18750000 4.35323025
v 0.50000000 0.12500000 4.28267049
v 0.50000000 0.12500000 4.40452971
v 0.50000000 0.18750000 4.47508946
v 0.50000000 0.06250000 4.33396995
v 0.50000000 0.43750000 4.63546928
v 0.50000000 0.37500000 4.68676874
v 0.50000000 0.43750000 4.75732849
v 0.50000000 -0.50000000 4.82788825
v 0.50000000 -0.43750000 4.75732849
v 0.50000000 -0.50000000 4.70602903
v 0.50000000 -0.37500000 4.68676874
v 0.50000000 -0.43750000 4.63546928
v 0.50000000 -0.37500000 4.56490952
v 0.50000000 -0.31250000 4.61620898
v 0.50000000 -0.50000000 4.58416982
v 0.50000000 -0.43750000 4.51361006
v 0.50000000 -0.50000000 4.46231060
v 0.50000000 -0.25000000 4.54564922
v 0.50000000 -0.31250000 4.49434976
v 0.50000000 -0.25000000 4.42379001
v 0.50000000 -0.31250000 4.37249055
v 0.50000000 -0.37500000 4.44305030
v 0.50000000 -0.37500000 4.32119109
v 0.50000000 -0.25000000 4.30193079
v 0.50000000 -0.31250000 4.25063133
v 0.50000000 -0.25000000 4.18007157
v 0.50000000 -0.43750000 4.39175084
v 0.50000000 -0.18750000 4.47508946
v 0.50000000 -0.12500000 4.40452971
v 0.50000000 -0.18750000 4.35323025
v 0.50000000 -0.12500000 4.28267049
v 0.50000000 -0.06250000 4.33396995
v 0.50000000 -0.18750000 4.23137103
v 0.50000000 -0.50000000 4.34045138
v 0.50000000 -0.43750000 4.26989163
v 0.50000000 -0.50000000 4.21859217
v 0.50000000 -0.37500000 4.19933187
v 0.50000000 -0.43750000 4.14803241
v 0.50000000 -0.37500000 4.07747265
v 0.50000000 -0.31250000 4.12877211
v 0.50000000 -0.50000000 4.09673295
v 0.50000000 -0.43750000 4.02617319
v 0.50000000 -0.50000000 3.97487373
v 0.50000000 -0.50000000 3.00000000
v 0.50000000 -0.43750000 3.06092961
v 0.50000000 -0.37500000 3.00000000
v 0.50000000 -0.31250000 3.06092961
v 0.50000000 -0.37500000 3.12185922
v 0.50000000 -0.25000000 3.00000000
v 0.50000000 -0.25000000 3.12185922
v 0.50000000 -0.18750000 3.06092961
v 0.50000000 -0.12500000 3.12185922
v 0.50000000 -0.31250000 3.18278883
v 0.50000000 -0.18750000 3.18278883
v 0.50000000 -0.25000000 3.24371843
v 0.50000000 -0.12500000 3.00000000
v 0.50000000 -0.06250000 3.06092961
v 0.50000000 0.00000000 3.00000000
v 0.50000000 -0.12500000 3.24371843
v 0.50000000 -0.06250000 3.18278883
v 0.50000000 0.00000000 3.24371843
v 0.50000000 0.06250000 3.18278883
v 0.50000000 0.00000000 3.12185922
v 0.50000000 0.12500000 3.12185922
v 0.50000000 0.12500000 3.24371843
v 0.50000000 0.18750000 3.18278883
v 0.50000000 0.25000000 3.24371843
v 0.50000000 0.06250000 3.06092961
v 0.50000000 -0.18750000 3.30464804
v 0.50000000 -0.06250000 3.30464804
v 0.50000000 -0.12500000 3.36557765
v 0.50000000 0.00000000 3.36557765
v 0.50000000 0.06250000 3.30464804
v 0.50000000 0.12500000 3.36557765
v 0.50000000 -0.06250000 3.42650726
v 0.50000000 0.06250000 3.42650726
v 0.50000000 0.00000000 3.48743687
v 0.50000000 0.18750000 3.30464804
v 0.50000000 0.12500000 3.00000000
v 0.50000000 0.18750000 3.06092961
v 0.50000000 0.25000000 3.00000000
v 0.50000000 0.25000000 3.12185922
v 0.50000000 0.31250000 3.06092961
v 0.50000000 0.37500000 3.12185922
v 0.50000000 0.31250000 3.18278883
v 0.50000000 0.37500000 3.00000000
v 0.50000000 0.43750000 3.06092961
v 0.50000000 0.43750000 3.18278883
v 0.50000000 0.37500000 3.24371843
v 0.50000000 0.43750000 3.30464804
v 0.50000000 0.37500000 3.36557765
v 0.50000000 0.31250000 3.30464804
v 0.50000000 0.43750000 3.42650726
v 0.50000000 0.25000000 3.36557765
v 0.50000000 0.31250000 3.42650726
v 0.50000000 0.25000000 3.48743687
v 0.50000000 0.31250000 3.54836648
v 0.50000000 0.37500000 3.48743687
v 0.50000000 0.37500000 3.60929608
v 0.50000000 0.25000000 3.60929608
v 0.50000000 0.31250000 3.67022569
v 0.50000000 0.25000000 3.73115530
v 0.50000000 0.43750000 3.54836648
v 0.50000000 0.18750000 3.42650726
v 0.50000000 0.12500000 3.48743687
v 0.50000000 0.18750000 3.54836648
v 0.50000000 0.12500000 3.60929608
v 0.50000000 0.06250000 3.54836648
v 0.50000000 0.18750000 3.67022569
v 0.50000000 0.43750000 3.67022569
v 0.50000000 0.37500000 3.73115530
v 0.50000000 0.43750000 3.79208491
v 0.50000000 0.37500000 3.85301452
v 0.50000000 0.31250000 3.79208491
v 0.50000000 0.43750000 3.91394413
v 0.50000000 -0.43750000 3.91394413
v 0.50000000 -0.50000000 3.85301452
v 0.50000000 -0.43750000 3.79208491
v 0.50000000 -0.37500000 3.85301452
v 0.50000000 -0.50000000 3.73115530
v 0.50000000 -0.37500000 3.73115530
v 0.50000000 -0.43750000 3.67022569
v 0.50000000 -0.37500000 3.60929608
v 0.50000000 -0.31250000 3.79208491
v 0.50000000 -0.31250000 3.67022569
v 0.50000000 -0.25000000 3.73115530
v 0.50000000 -0.50000000 3.60929608
v 0.50000000 -0.43750000 3.54836648
v 0.50000000 -0.50000000 3.48743687
v 0.50000000 -0.25000000 3.60929608
v 0.50000000 -0.31250000 3.54836648
v 0.50000000 -0.25000000 3.48743687
v 0.50000000 -0.31250000 3.42650726
v 0.50000000 -0.37500000 3.48743687
v 0.50000000 -0.37500000 3.36557765
v 0.50000000 -0.25000000 3.36557765
v 0.50000000 -0.31250000 3.30464804
v 0.50000000 -0.43750000 3.42650726
v 0.50000000 -0.18750000 3.67022569
v 0.50000000 -0.18750000 3.54836648
v 0.50000000 -0.12500000 3.60929608
v 0.50000000 -0.12500000 3.48743687
v 0.50000000 -0.18750000 3.42650726
v 0.50000000 -0.06250000 3.54836648
v 0.50000000 -0.50000000 3.36557765
v 0.50000000 -0.43750000 3.30464804
v 0.50000000 -0.50000000 3.24371843
v 0.50000000 -0.37500000 3.24371843
v 0.50000000 -0.43750000 3.18278883
v 0.50000000 -0.50000000 3.12185922
v 0.50000000 -0.37500000 3.96524359
v 0.50000000 -0.31250000 4.01654304
v 0.50000000 -0.31250000 3.90431398
v 0.50000000 -0.25000000 3.95561344
v 0.50000000 -0.25000000 4.06784250
v 0.50000000 -0.25000000 3.84338437
v 0.50000000 -0.18750000 4.11914196
v 0.50000000 -0.18750000 4.00691290
v 0.50000000 -0.12500000 4.05821236
v 0.50000000 -0.12500000 3.94598329
v 0.50000000 -0.18750000 3.89468383
v 0.50000000 -0.12500000 3.83375422
v 0.50000000 -0.06250000 3.99728275
v 0.50000000 -0.06250000 3.88505368
v 0.50000000 -0.00000000 3.93635314
v 0.50000000 -0.18750000 3.78245476
v 0.50000000 -0.12500000 4.17044142
v 0.50000000 -0.06250000 4.22174088
v 0.50000000 -0.06250000 4.10951181
v 0.50000000 -0.00000000 4.16081127
v 0.50000000 -0.00000000 4.27304034
v 0.50000000 -0.00000000 4.04858221
v 0.50000000 -0.12500000 3.72152515
v 0.50000000 -0.06250000 3.77282461
v 0.50000000 -0.06250000 3.66059554
v 0.50000000 -0.00000000 3.71189500
v 0.50000000 -0.00000000 3.82412407
v 0.50000000 -0.00000000 3.59966593
v 0.50000000 0.06250000 3.66059554
v 0.50000000 0.06250000 3.77282461
v 0.50000000 0.12500000 3.72152515
v 0.50000000 0.12500000 3.83375422
v 0.50000000 0.06250000 3.88505368
v 0.50000000 0.18750000 3.78245476
v 0.50000000 0.06250000 3.99728275
v 0.50000000 0.12500000 3.94598329
v 0.50000000 0.12500000 4.05821236
v 0.50000000 0.18750000 4.00691290
v 0.50000000 0.18750000 3.89468383
v 0.50000000 0.25000000 3.95561344
v 0.50000000 0.18750000 4.11914196
v 0.50000000 0.25000000 4.06784250
v 0.50000000 0.25000000 3.84338437
v 0.50000000 0.06250000 4.10951181
v 0.50000000 0.06250000 4.22174088
v 0.50000000 0.12500000 4.17044142
v 0.50000000 0.31250000 3.90431398
v 0.50000000 0.31250000 4.01654304
v 0.50000000 0.37500000 3.96524359
v -0.43750000 0.43750000 3.00000000
v -0.31250000 0.43750000 3.00000000
v -0.37500000 0.37500000 3.00000000
v -0.25000000 0.37500000 3.00000000
v -0.18750000 0.43750000 3.00000000
v -0.12500000 0.37500000 3.00000000
v -0.31250000 0.31250000 3.00000000
v -0.18750000 0.31250000 3.00000000
v -0.25000000 0.25000000 3.00000000
v -0.06250000 0.43750000 3.00000000
v -0.12500000 0.25000000 3.00000000
v -0.06250000 0.31250000 3.00000000
v 0.00000000 0.25000000 3.00000000
v 0.06250000 0.31250000 3.00000000
v 0.00000000 0.37500000 3.00000000
v 0.12500000 0.37500000 3.00000000
v 0.12500000 0.25000000 3.00000000
v 0.18750000 0.31250000 3.00000000
v 0.25000000 0.25000000 3.00000000
v 0.06250000 0.43750000 3.00000000
v -0.18750000 0.18750000 3.00000000
v -0.06250000 0.18750000 3.00000000
v -0.12500000 0.12500000 3.00000000
v 0.00000000 0.12500000 3.00000000
v 0.06250000 0.18750000 3.00000000
v 0.12500000 0.12500000 3.00000000
v -0.06250000 0.06250000 3.00000000
v 0.06250000 0.06250000 3.00000000
v 0.00000000 0.00000000 3.00000000
v 0.18750000 0.18750000 3.00000000
v 0.18750000 0.43750000 3.00000000
v 0.25000000 0.37500000 3.00000000
v 0.31250000 0.43750000 3.00000000
v 0.37500000 0.37500000 3.00000000
v 0.31250000 0.31250000 3.00000000
v 0.43750000 0.43750000 3.00000000
v -0.50000000 -0.50000000 3.00000000
v -0.43750000 -0.43750000 3.00000000
v -0.50000000 -0.37500000 3.00000000
v -0.43750000 -0.31250000 3.00000000
v -0.37500000 -0.37500000 3.00000000
v -0.50000000 -0.25000000 3.00000000
v -0.37500000 -0.25000000 3.00000000
v -0.43750000 -0.18750000 3.00000000
v -0.37500000 -0.12500000 3.00000000
v -0.31250000 -0.31250000 3.00000000
v -0.31250000 -0.18750000 3.00000000
v -0.25000000 -0.25000000 3.00000000
v -0.50000000 -0.12500000 3.00000000
v -0.43750000 -0.06250000 3.00000000
v -0.50000000 0.00000000 3.00000000
v -0.25000000 -0.12500000 3.00000000
v -0.31250000 -0.06250000 3.00000000
v -0.25000000 0.00000000 3.00000000
v -0.31250000 0.06250000 3.00000000
v -0.37500000 0.00000000 3.00000000
v -0.37500000 0.12500000 3.00000000
v -0.25000000 0.12500000 3.00000000
v -0.31250000 0.18750000 3.00000000
v -0.43750000 0.06250000 3.00000000
v -0.18750000 -0.18750000 3.00000000
v -0.18750000 -0.06250000 3.00000000
v -0.12500000 -0.12500000 3.00000000
v -0.12500000 0.00000000 3.00000000
v -0.18750000 0.06250000 3.00000000
v -0.06250000 -0.06250000 3.00000000
v -0.50000000 0.12500000 3.00000000
v -0.43750000 0.18750000 3.00000000
v -0.50000000 0.25000000 3.00000000
v -0.37500000 0.25000000 3.00000000
v -0.43750000 0.31250000 3.00000000
v -0.50000000 0.37500000 3.00000000
v 0.43750000 0.31250000 3.00000000
v 0.37500000 0.25000000 3.00000000
v 0.43750000 0.18750000 3.00000000
v 0.37500000 0.12500000 3.00000000
v 0.31250000 0.18750000 3.00000000
v 0.43750000 0.06250000 3.00000000
v 0.25000000 0.12500000 3.00000000
v 0.31250000 0.06250000 3.00000000
v 0.25000000 0.00000000 3.00000000
v 0.31250000 -0.06250000 3.00000000
v 0.37500000 0.00000000 3.00000000
v 0.37500000 -0.12500000 3.00000000
v 0.25000000 -0.12500000 3.00000000
v 0.31250000 -0.18750000 3.00000000
v 0.25000000 -0.25000000 3.00000000
v 0.43750000 -0.06250000 3.00000000
v 0.18750000 0.06250000 3.00000000
v 0.12500000 0.00000000 3.00000000
v 0.18750000 -0.06250000 3.00000000
v 0.12500000 -0.12500000 3.00000000
v 0.06250000 -0.06250000 3.00000000
v 0.18750000 -0.18750000 3.00000000
v 0.43750000 -0.18750000 3.00000000
v 0.37500000 -0.25000000 3.00000000
v 0.43750000 -0.31250000 3.00000000
v 0.37500000 -0.37500000 3.00000000
v 0.31250000 -0.31250000 3.00000000
v 0.43750000 -0.43750000 3.00000000
v 0.37500000 -0.50000000 3.00000000
v 0.31250000 -0.43750000 3.00000000
v 0.25000000 -0.50000000 3.00000000
v 0.25000000 -0.37500000 3.00000000
v 0.18750000 -0.43750000 3.00000000
v 0.12500000 -0.37500000 3.00000000
v 0.18750000 -0.31250000 3.00000000
v 0.12500000 -0.50000000 3.00000000
v 0.06250000 -0.43750000 3.00000000
v 0.00000000 -0.50000000 3.00000000
v 0.12500000 -0.25000000 3.00000000
v 0.06250000 -0.31250000 3.00000000
v 0.00000000 -0.25000000 3.00000000
v -0.06250000 -0.31250000 3.00000000
v 0.00000000 -0.37500000 3.00000000
v -0.12500000 -0.37500000 3.00000000
v -0.12500000 -0.25000000 3.00000000
v -0.18750000 -0.31250000 3.00000000
v -0.06250000 -0.43750000 3.00000000
v 0.06250000 -0.18750000 3.00000000
v 0.00000000 -0.12500000 3.00000000
v -0.06250000 -0.18750000 3.00000000
v -0.12500000 -0.50000000 3.00000000
v -0.18750000 -0.43750000 3.00000000
v -0.25000000 -0.50000000 3.00000000
v -0.25000000 -0.37500000 3.00000000
v -0.31250000 -0.43750000 3.00000000
v -0.37500000 -0.50000000 3.00000000
v 0.43750000 -0.50000000 4.88881786
v 0.31250000 -0.50000000 4.88881786
v 0.37500000 -0.50000000 4.82788825
v 0.25000000 -0.50000000 4.82788825
v 0.18750000 -0.50000000 4.88881786
v 0.12500000 -0.50000000 4.82788825
v 0.31250000 -0.50000000 4.76695864
v 0.18750000 -0.50000000 4.76695864
v 0.25000000 -0.50000000 4.70602903
v 0.06250000 -0.50000000 4.88881786
v 0.12500000 -0.50000000 4.70602903
v 0.06250000 -0.50000000 4.76695864
v 0.00000000 -0.50000000 4.70602903
v -0.06250000 -0.50000000 4.76695864
v 0.00000000 -0.50000000 4.82788825
v -0.12500000 -0.50000000 4.82788825
v -0.12500000 -0.50000000 4.70602903
v -0.18750000 -0.50000000 4.76695864
v -0.25000000 -0.50000000 4.70602903
v -0.06250000 -0.50000000 4.88881786
v 0.18750000 -0.50000000 4.64509943
v 0.06250000 -0.50000000 4.64509943
v 0.12500000 -0.50000000 4.58416982
v 0.00000000 -0.50000000 4.58416982
v -0.06250000 -0.50000000 4.64509943
v -0.12500000 -0.50000000 4.58416982
v 0.06250000 -0.50000000 4.52324021
v -0.06250000 -0.50000000 4.52324021
v 0.00000000 -0.50000000 4.46231060
v -0.18750000 -0.50000000 4.64509943
v -0.18750000 -0.50000000 4.88881786
v -0.25000000 -0.50000000 4.82788825
v -0.31250000 -0.50000000 4.88881786
v -0.37500000 -0.50000000 4.82788825
v -0.31250000 -0.50000000 4.76695864
v -0.43750000 -0.50000000 4.88881786
v -0.43750000 -0.50000000 3.06092961
v -0.31250000 -0.50000000 3.06092961
v -0.37500000 -0.50000000 3.12185922
v -0.25000000 -0.50000000 3.12185922
v -0.18750000 -0.50000000 3.06092961
v -0.12500000 -0.50000000 3.12185922
v -0.31250000 -0.50000000 3.18278883
v -0.18750000 -0.50000000 3.18278883
v -0.25000000 -0.50000000 3.24371843
v -0.06250000 -0.50000000 3.06092961
v -0.12500000 -0.50000000 3.24371843
v -0.06250000 -0.50000000 3.18278883
v 0.00000000 -0.50000000 3.24371843
v 0.06250000 -0.50000000 3.18278883
v 0.00000000 -0.50000000 3.12185922
v 0.12500000 -0.50000000 3.12185922
v 0.12500000 -0.50000000 3.24371843
v 0.18750000 -0.50000000 3.18278883
v 0.25000000 -0.50000000 3.24371843
v 0.06250000 -0.50000000 3.06092961
v -0.18750000 -0.50000000 3.30464804
v -0.06250000 -0.50000000 3.30464804
v -0.12500000 -0.50000000 3.36557765
v 0.00000000 -0.50000000 3.36557765
v 0.06250000 -0.50000000 3.30464804
v 0.12500000 -0.50000000 3.36557765
v -0.06250000 -0.50000000 3.42650726
v 0.06250000 -0.50000000 3.42650726
v 0.00000000 -0.50000000 3.48743687
v 0.18750000 -0.50000000 3.30464804
v 0.18750000 -0.50000000 3.06092961
v 0.25000000 -0.50000000 3.12185922
v 0.31250000 -0.50000000 3.06092961
v 0.37500000 -0.50000000 3.12185922
v 0.31250000 -0.50000000 3.18278883
v 0.43750000 -0.50000000 3.06092961
v 0.43750000 -0.50000000 3.18278883
v 0.37500000 -0.50000000 3.24371843
v 0.43750000 -0.50000000 3.30464804
v 0.37500000 -0.50000000 3.36557765
v 0.31250000 -0.50000000 3.30464804
v 0.43750000 -0.50000000 3.42650726
v 0.25000000 -0.50000000 3.36557765
v 0.31250000 -0.50000000 3.42650726
v 0.25000000 -0.50000000 3.48743687
v 0.31250000 -0.50000000 3.54836648
v 0.37500000 -0.50000000 3.48743687
v 0.37500000 -0.50000000 3.60929608
v 0.25000000 -0.50000000 3.60929608
v 0.31250000 -0.50000000 3.67022569
v 0.25000000 -0.50000000 3.73115530
v 0.43750000 -0.50000000 3.54836648
v 0.18750000 -0.50000000 3.42650726
v 0.12500000 -0.50000000 3.48743687
v 0.18750000 -0.50000000 3.54836648
v 0.12500000 -0.50000000 3.60929608
v 0.06250000 -0.50000000 3.54836648
v 0.18750000 -0.50000000 3.67022569
v 0.43750000 -0.50000000 3.67022569
v 0.37500000 -0.50000000 3.73115530
v 0.43750000 -0.50000000 3.79208491
v 0.37500000 -0.50000000 3.85301452
v 0.31250000 -0.50000000 3.79208491
v 0.43750000 -0.50000000 3.91394413
v -0.50000000 -0.50000000 3.97487373
v -0.43750000 -0.50000000 3.91394413
v -0.50000000 -0.50000000 3.85301452
v -0.43750000 -0.50000000 3.79208491
v -0.37500000 -0.50000000 3.85301452
v -0.50000000 -0.50000000 3.73115530
v -0.37500000 -0.50000000 3.73115530
v -0.43750000 -0.50000000 3.67022569
v -0.37500000 -0.50000000 3.60929608
v -0.31250000 -0.50000000 3.79208491
v -0.31250000 -0.50000000 3.67022569
v -0.25000000 -0.50000000 3.73115530
v -0.50000000 -0.50000000 3.60929608
v -0.43750000 -0.50000000 3.54836648
v -0.50000000 -0.50000000 3.48743687
v -0.25000000 -0.50000000 3.60929608
v -0.31250000 -0.50000000 3.54836648
v -0.25000000 -0.50000000 3.48743687
v -0.31250000 -0.50000000 3.42650726
v -0.37500000 -0.50000000 3.48743687
v -0.37500000 -0.50000000 3.36557765
v -0.25000000 -0.50000000 3.36557765
v -0.31250000 -0.50000000 3.30464804
v -0.43750000 -0.50000000 3.42650726
v -0.18750000 -0.50000000 3.67022569
v -0.18750000 -0.50000000 3.54836648
v -0.12500000 -0.50000000 3.60929608
v -0.12500000 -0.50000000 3.48743687
v -0.18750000 -0.50000000 3.42650726
v -0.06250000 -0.50000000 3.54836648
v -0.50000000 -0.50000000 3.36557765
v -0.43750000 -0.50000000 3.30464804
v -0.50000000 -0.50000000 3.24371843
v -0.37500000 -0.50000000 3.24371843
v -0.43750000 -0.50000000 3.18278883
v -0.50000000 -0.50000000 3.12185922
v 0.43750000 -0.50000000 4.03580334
v 0.43750000 -0.50000000 4.15766256
v 0.37500000 -0.50000000 4.09673295
v 0.37500000 -0.50000000 4.21859217
v 0.43750000 -0.50000000 4.27952178
v 0.37500000 -0.50000000 4.34045138
v 0.31250000 -0.50000000 4.15766256
v 0.31250000 -0.50000000 4.27952178
v 0.25000000 -0.50000000 4.21859217
v 0.43750000 -0.50000000 4.40138099
v 0.25000000 -0.50000000 4.34045138
v 0.31250000 -0.50000000 4.40138099
v 0.25000000 -0.50000000 4.46231060
v 0.31250000 -0.50000000 4.52324021
v 0.37500000 -0.50000000 4.46231060
v 0.37500000 -0.50000000 4.58416982
v 0.25000000 -0.50000000 4.58416982
v 0.31250000 -0.50000000 4.64509943
v 0.43750000 -0.50000000 4.52324021
v 0.18750000 -0.50000000 4.27952178
v 0.18750000 -0.50000000 4.40138099
v 0.12500000 -0.50000000 4.34045138
v 0.12500000 -0.50000000 4.46231060
v 0.18750000 -0.50000000 4.52324021
v 0.06250000 -0.50000000 4.40138099
v 0.43750000 -0.50000000 4.64509943
v 0.37500000 -0.50000000 4.70602903
v 0.43750000 -0.50000000 4.76695864
v 0.37500000 -0.50000000 3.97487373
v 0.31250000 -0.50000000 3.91394413
v 0.31250000 -0.50000000 4.03580334
v 0.25000000 -0.50000000 3.97487373
v 0.25000000 -0.50000000 3.85301452
v 0.25000000 -0.50000000 4.09673295
v 0.18750000 -0.50000000 3.79208491
v 0.18750000 -0.50000000 3.91394413
v 0.12500000 -0.50000000 3.85301452
v 0.12500000 -0.50000000 3.97487373
v 0.18750000 -0.50000000 4.03580334
v 0.12500000 -0.50000000 4.09673295
v 0.06250000 -0.50000000 3.91394413
v 0.06250000 -0.50000000 4.03580334
v 0.00000000 -0.50000000 3.97487373
v 0.18750000 -0.50000000 4.15766256
v 0.12500000 -0.50000000 3.73115530
v 0.06250000 -0.50000000 3.67022569
v 0.06250000 -0.50000000 3.79208491
v 0.00000000 -0.50000000 3.73115530
v 0.00000000 -0.50000000 3.60929608
v 0.00000000 -0.50000000 3.85301452
v 0.12500000 -0.50000000 4.21859217
v 0.06250000 -0.50000000 4.15766256
v 0.06250000 -0.50000000 4.27952178
v 0.00000000 -0.50000000 4.21859217
v 0.00000000 -0.50000000 4.09673295
v 0.00000000 -0.50000000 4.34045138
v -0.06250000 -0.50000000 4.40138099
v -0.06250000 -0.50000000 4.27952178
v -0.12500000 -0.50000000 4.34045138
v -0.06250000 -0.50000000 4.15766256
v -0.12500000 -0.50000000 4.21859217
v -0.12500000 -0.50000000 4.09673295
v -0.06250000 -0.50000000 4.03580334
v -0.18750000 -0.50000000 4.27952178
v -0.18750000 -0.50000000 4.15766256
v -0.25000000 -0.50000000 4.21859217
v -0.06250000 -0.50000000 3.91394413
v -0.12500000 -0.50000000 3.97487373
v -0.12500000 -0.50000000 3.85301452
v -0.18750000 -0.50000000 3.91394413
v -0.18750000 -0.50000000 4.03580334
v -0.25000000 -0.50000000 3.97487373
v -0.18750000 -0.50000000 3.79208491
v -0.25000000 -0.50000000 3.85301452
v -0.25000000 -0.50000000 4.09673295
v -0.06250000 -0.50000000 3.79208491
v -0.06250000 -0.50000000 3.67022569
v -0.12500000 -0.50000000 3.73115530
v -0.31250000 -0.50000000 4.15766256
v -0.31250000 -0.50000000 4.03580334
v -0.37500000 -0.50000000 4.09673295
v -0.31250000 -0.50000000 3.91394413
v -0.37500000 -0.50000000 3.97487373
v -0.43750000 -0.50000000 4.03580334
v -0.50000000 -0.50000000 4.82788825
v -0.43750000 -0.50000000 4.76695864
v -0.50000000 -0.50000000 4.70602903
v -0.37500000 -0.50000000 4.70602903
v -0.43750000 -0.50000000 4.64509943
v -0.37500000 -0.50000000 4.58416982
v -0.31250000 -0.50000000 4.64509943
v -0.50000000 -0.50000000 4.58416982
v -0.43750000 -0.50000000 4.52324021
v -0.50000000 -0.50000000 4.46231060
v -0.25000000 -0.50000000 4.58416982
v -0.31250000 -0.50000000 4.52324021
v -0.25000000 -0.50000000 4.46231060
v -0.31250000 -0.50000000 4.40138099
v -0.37500000 -0.50000000 4.46231060
v -0.37500000 -0.50000000 4.34045138
v -0.25000000 -0.50000000 4.34045138
v -0.31250000 -0.50000000 4.27952178
v -0.43750000 -0.50000000 4.40138099
v -0.18750000 -0.50000000 4.52324021
v -0.12500000 -0.50000000 4.46231060
v -0.18750000 -0.50000000 4.40138099
v -0.50000000 -0.50000000 4.34045138
v -0.43750000 -0.50000000 4.27952178
v -0.50000000 -0.50000000 4.21859217
v -0.37500000 -0.50000000 4.21859217
v -0.43750000 -0.50000000 4.15766256
v -0.50000000 -0.50000000 4.09673295
v -0.50000000 -0.43750000 4.87918771
v -0.50000000 -0.37500000 4.88233643
v -0.50000000 -0.37500000 4.80862795
v -0.50000000 -0.31250000 4.81177667
v -0.50000000 -0.31250000 4.88548514
v -0.50000000 -0.25000000 4.81492538
v -0.50000000 -0.31250000 4.73806820
v -0.50000000 -0.25000000 4.74121691
v -0.50000000 -0.25000000 4.66750844
v -0.50000000 -0.25000000 4.88863385
v -0.50000000 -0.18750000 4.67065715
v -0.50000000 -0.18750000 4.74436563
v -0.50000000 -0.12500000 4.67380587
v -0.50000000 -0.12500000 4.74751434
v -0.50000000 -0.18750000 4.81807410
v -0.50000000 -0.12500000 4.82122281
v -0.50000000 -0.06250000 4.67695458
v -0.50000000 -0.06250000 4.75066305
v -0.50000000 -0.00000000 4.68010330
v -0.50000000 -0.18750000 4.89178257
v -0.50000000 -0.18750000 4.59694868
v -0.50000000 -0.12500000 4.60009740
v -0.50000000 -0.12500000 4.52638892
v -0.50000000 -0.06250000 4.52953764
v -0.50000000 -0.06250000 4.60324611
v -0.50000000 -0.00000000 4.53268635
v -0.50000000 -0.06250000 4.45582917
v -0.50000000 -0.00000000 4.45897788
v -0.50000000 -0.00000000 4.38526941
v -0.50000000 -0.00000000 4.60639483
v -0.50000000 -0.12500000 4.89493128
v -0.50000000 -0.06250000 4.82437153
v -0.50000000 -0.06250000 4.89808000
v -0.50000000 -0.00000000 4.82752024
v -0.50000000 -0.00000000 4.75381177
v -0.50000000 -0.00000000 4.90122871
v -0.50000000 0.06250000 4.97178847
v -0.50000000 0.06250000 4.89808000
v -0.50000000 0.12500000 4.96863976
v -0.50000000 0.06250000 4.82437153
v -0.50000000 0.12500000 4.89493128
v -0.50000000 0.12500000 4.82122281
v -0.50000000 0.06250000 4.75066305
v -0.50000000 0.18750000 4.96549104
v -0.50000000 0.18750000 4.89178257
v -0.50000000 0.25000000 4.96234233
v -0.50000000 0.06250000 4.67695458
v -0.50000000 0.12500000 4.74751434
v -0.50000000 0.12500000 4.67380587
v -0.50000000 0.18750000 4.74436563
v -0.50000000 0.18750000 4.81807410
v -0.50000000 0.25000000 4.81492538
v -0.50000000 0.18750000 4.67065715
v -0.50000000 0.25000000 4.74121691
v -0.50000000 0.25000000 4.66750844
v -0.50000000 0.25000000 4.88863385
v -0.50000000 0.06250000 4.60324611
v -0.50000000 0.06250000 4.52953764
v -0.50000000 0.12500000 4.60009740
v -0.50000000 0.12500000 4.52638892
v -0.50000000 0.06250000 4.45582917
v -0.50000000 0.18750000 4.59694868
v -0.50000000 0.31250000 4.95919361
v -0.50000000 0.31250000 4.88548514
v -0.50000000 0.37500000 4.95604490
v -0.50000000 0.31250000 4.81177667
v -0.50000000 0.37500000 4.88233643
v -0.50000000 0.37500000 4.80862795
v -0.50000000 0.31250000 4.73806820
v -0.50000000 0.43750000 4.95289618
v -0.50000000 0.43750000 4.87918771
v -0.50000000 -0.43750000 4.02617319
v -0.50000000 -0.43750000 4.14803241
v -0.50000000 -0.37500000 4.07747265
v -0.50000000 -0.37500000 4.19933187
v -0.50000000 -0.43750000 4.26989163
v -0.50000000 -0.37500000 4.32119109
v -0.50000000 -0.31250000 4.12877211
v -0.50000000 -0.31250000 4.25063133
v -0.50000000 -0.25000000 4.18007157
v -0.50000000 -0.43750000 4.39175084
v -0.50000000 -0.25000000 4.30193079
v -0.50000000 -0.31250000 4.37249055
v -0.50000000 -0.25000000 4.42379001
v -0.50000000 -0.31250000 4.49434976
v -0.50000000 -0.37500000 4.44305030
v -0.50000000 -0.37500000 4.56490952
v -0.50000000 -0.25000000 4.54564922
v -0.50000000 -0.31250000 4.61620898
v -0.50000000 -0.43750000 4.51361006
v -0.50000000 -0.18750000 4.23137103
v -0.50000000 -0.18750000 4.35323025
v -0.50000000 -0.12500000 4.28267049
v -0.50000000 -0.12500000 4.40452971
v -0.50000000 -0.18750000 4.47508946
v -0.50000000 -0.06250000 4.33396995
v -0.50000000 -0.43750000 4.63546928
v -0.50000000 -0.37500000 4.68676874
v -0.50000000 -0.43750000 4.75732849
v -0.50000000 0.43750000 4.75732849
v -0.50000000 0.37500000 4.68676874
v -0.50000000 0.43750000 4.63546928
v -0.50000000 0.37500000 4.56490952
v -0.50000000 0.31250000 4.61620898
v -0.50000000 0.43750000 4.51361006
v -0.50000000 0.25000000 4.54564922
v -0.50000000 0.31250000 4.49434976
v -0.50000000 0.25000000 4.42379001
v -0.50000000 0.31250000 4.37249055
v -0.50000000 0.37500000 4.44305030
v -0.50000000 0.37500000 4.32119109
v -0.50000000 0.25000000 4.30193079
v -0.50000000 0.31250000 4.25063133
v -0.50000000 0.25000000 4.18007157
v -0.50000000 0.43750000 4.39175084
v -0.50000000 0.18750000 4.47508946
v -0.50000000 0.12500000 4.40452971
v -0.50000000 0.18750000 4.35323025
v -0.50000000 0.12500000 4.28267049
v -0.50000000 0.06250000 4.33396995
v -0.50000000 0.18750000 4.23137103
v -0.50000000 0.43750000 4.26989163
v -0.50000000 0.37500000 4.19933187
v -0.50000000 0.43750000 4.14803241
v -0.50000000 0.37500000 4.07747265
v -0.50000000 0.31250000 4.12877211
v -0.50000000 0.43750000 4.02617319
v -0.50000000 0.43750000 3.06092961
v -0.50000000 0.31250000 3.06092961
v -0.50000000 0.37500000 3.12185922
v -0.50000000 0.25000000 3.12185922
v -0.50000000 0.18750000 3.06092961
v -0.50000000 0.12500000 3.12185922
v -0.50000000 0.31250000 3.18278883
v -0.50000000 0.18750000 3.18278883
v -0.50000000 0.25000000 3.24371843
v -0.50000000 0.06250000 3.06092961
v -0.50000000 0.12500000 3.24371843
v -0.50000000 0.06250000 3.18278883
v -0.50000000 0.00000000 3.24371843
v -0.50000000 -0.06250000 3.18278883
v -0.50000000 0.00000000 3.12185922
v -0.50000000 -0.12500000 3.12185922
v -0.50000000 -0.12500000 3.24371843
v -0.50000000 -0.18750000 3.18278883
v -0.50000000 -0.25000000 3.24371843
v -0.50000000 -0.06250000 3.06092961
v -0.50000000 0.18750000 3.30464804
v -0.50000000 0.06250000 3.30464804
v -0.50000000 0.12500000 3.36557765
v -0.50000000 0.00000000 3.36557765
v -0.50000000 -0.06250000 3.30464804
v -0.50000000 -0.12500000 3.36557765
v -0.50000000 0.06250000 3.42650726
v -0.50000000 -0.06250000 3.42650726
v -0.50000000 0.00000000 3.48743687
v -0.50000000 -0.18750000 3.30464804
v -0.50000000 -0.18750000 3.06092961
v -0.50000000 -0.25000000 3.12185922
v -0.50000000 -0.31250000 3.06092961
v -0.50000000 -0.37500000 3.12185922
v -0.50000000 -0.31250000 3.18278883
v -0.50000000 -0.43750000 3.06092961
v -0.50000000 -0.43750000 3.18278883
v -0.50000000 -0.37500000 3.24371843
v -0.50000000 -0.43750000 3.30464804
v -0.50000000 -0.37500000 3.36557765
v -0.50000000 -0.31250000 3.30464804
v -0.50000000 -0.43750000 3.42650726
v -0.50000000 -0.25000000 3.36557765
v -0.50000000 -0.31250000 3.42650726
v -0.50000000 -0.25000000 3.48743687
v -0.50000000 -0.31250000 3.54836648
v -0.50000000 -0.37500000 3.48743687
v -0.50000000 -0.37500000 3.60929608
v -0.50000000 -0.25000000 3.60929608
v -0.50000000 -0.31250000 3.67022569
v -0.50000000 -0.25000000 3.73115530
v -0.50000000 -0.43750000 3.54836648
v -0.50000000 -0.18750000 3.42650726
v -0.50000000 -0.12500000 3.48743687
v -0.50000000 -0.18750000 3.54836648
v -0.50000000 -0.12500000 3.60929608
v -0.50000000 -0.06250000 3.54836648
v -0.50000000 -0.18750000 3.67022569
v -0.50000000 -0.43750000 3.67022569
v -0.50000000 -0.37500000 3.73115530
v -0.50000000 -0.43750000 3.79208491
v -0.50000000 -0.37500000 3.85301452
v -0.50000000 -0.31250000 3.79208491
v -0.50000000 -0.43750000 3.91394413
v -0.50000000 0.43750000 3.91394413
v -0.50000000 0.43750000 3.79208491
v -0.50000000 0.37500000 3.85301452
v -0.50000000 0.37500000 3.73115530
v -0.50000000 0.43750000 3.67022569
v -0.50000000 0.37500000 3.60929608
v -0.50000000 0.31250000 3.79208491
v -0.50000000 0.31250000 3.67022569
v -0.50000000 0.25000000 3.73115530
v -0.50000000 0.43750000 3.54836648
v -0.50000000 0.25000000 3.60929608
v -0.50000000 0.31250000 3.54836648
v -0.50000000 0.25000000 3.48743687
v -0.50000000 0.31250000 3.42650726
v -0.50000000 0.37500000 3.48743687
v -0.50000000 0.37500000 3.36557765
v -0.50000000 0.25000000 3.36557765
v -0.50000000 0.31250000 3.30464804
v -0.50000000 0.43750000 3.42650726
v -0.50000000 0.18750000 3.67022569
v -0.50000000 0.18750000 3.54836648
v -0.50000000 0.12500000 3.60929608
v -0.50000000 0.12500000 3.48743687
v -0.50000000 0.18750000 3.42650726
v -0.50000000 0.06250000 3.54836648
v -0.50000000 0.43750000 3.30464804
v -0.50000000 0.37500000 3.24371843
v -0.50000000 0.43750000 3.18278883
v -0.50000000 0.37500000 3.96524359
v -0.50000000 0.31250000 4.01654304
v -0.50000000 0.31250000 3.90431398
v -0.50000000 0.25000000 3.95561344
v -0.50000000 0.25000000 4.06784250
v -0.50000000 0.25000000 3.84338437
v -0.50000000 0.18750000 4.11914196
v -0.50000000 0.18750000 4.00691290
v -0.50000000 0.12500000 4.05821236
v -0.50000000 0.12500000 3.94598329
v -0.50000000 0.18750000 3.89468383
v -0.50000000 0.12500000 3.83375422
v -0.50000000 0.06250000 3.99728275
v -0.50000000 0.06250000 3.88505368
v -0.50000000 -0.00000000 3.93635314
v -0.50000000 0.18750000 3.78245476
v -0.50000000 0.12500000 4.17044142
v -0.50000000 0.06250000 4.22174088
v -0.50000000 0.06250000 4.10951181
v -0.50000000 -0.00000000 4.16081127
v -0.50000000 -0.00000000 4.27304034
v -0.50000000 -0.00000000 4.04858221
v -0.50000000 0.12500000 3.72152515
v -0.50000000 0.06250000 3.77282461
v -0.50000000 0.06250000 3.66059554
v -0.50000000 -0.00000000 3.71189500
v -0.50000000 -0.00000000 3.82412407
v -0.50000000 -0.00000000 3.59966593
v -0.50000000 -0.06250000 3.66059554
v -0.50000000 -0.06250000 3.77282461
v -0.50000000 -0.12500000 3.72152515
v -0.50000000 -0.12500000 3.83375422
v -0.50000000 -0.06250000 3.88505368
v -0.50000000 -0.18750000 3.78245476
v -0.50000000 -0.06250000 3.99728275
v -0.50000000 -0.12500000 3.94598329
v -0.50000000 -0.12500000 4.05821236
v -0.50000000 -0.18750000 4.00691290
v -0.50000000 -0.18750000 3.89468383
v -0.50000000 -0.25000000 3.95561344
v -0.50000000 -0.18750000 4.11914196
v -0.50000000 -0.25000000 4.06784250
v -0.50000000 -0.25000000 3.84338437
v -0.50000000 -0.06250000 4.10951181
v -0.50000000 -0.06250000 4.22174088
v -0.50000000 -0.12500000 4.17044142
v -0.50000000 -0.31250000 3.90431398
v -0.50000000 -0.31250000 4.01654304
v -0.50000000 -0.37500000 3.96524359
v 2.90105659 1.47146619 3.79719079
v 2.81176084 1.45304035 3.85968210
v 2.80356382 1.28753292 3.88851557
v 2.71426808 1.26910707 3.95100687
v 2.72246510 1.43461450 3.92217340
v 2.70607105 1.10359964 3.97984035
v 2.62497233 1.25068123 4.01349818
v 2.61677531 1.08517380 4.04233165
v 2.52747957 1.06674795 4.10482296
v 2.63316936 1.41618866 3.98466470
v 2.53567659 1.23225538 4.07598948
v 2.54387361 1.39776281 4.04715600
v 2.60857829 0.91966637 4.07116513
v 2.51928254 0.90124052 4.13365643
v 2.51108552 0.73573310 4.16248991
v 2.44638085 1.21382954 4.13848078
v 2.43818382 1.04832211 4.16731426
v 2.34888808 1.02989626 4.22980556
v 2.34069106 0.86438884 4.25863904
v 2.42998680 0.88281468 4.19614773
v 2.33249403 0.69888141 4.28747251
v 2.25139531 0.84596299 4.32113034
v 2.24319829 0.68045556 4.34996381
v 2.15390255 0.66202972 4.41245512
v 2.42178978 0.71730725 4.22498121
v 2.45457787 1.37933697 4.10964730
v 2.35708510 1.19540369 4.20097208
v 2.36528213 1.36091112 4.17213860
v 2.26778936 1.17697785 4.26346338
v 2.25959234 1.01147042 4.29229686
v 2.17029659 0.99304458 4.35478816
v 2.27598638 1.34248528 4.23462990
v 2.17849362 1.15855200 4.32595468
v 2.18669064 1.32405943 4.29712121
v 2.16209957 0.82753715 4.38362164
v 2.41359276 0.55179982 4.25381469
v 2.32429701 0.53337398 4.31630599
v 2.31609999 0.36786655 4.34513947
v 2.23500127 0.51494813 4.37879729
v 2.22680425 0.34944070 4.40763077
v 2.13750850 0.33101486 4.47012207
v 2.14570553 0.49652229 4.44128859
v 2.21860722 0.18393327 4.43646425
v 2.12931148 0.16550743 4.49895555
v -3.86574830 1.50010743 2.79386252
v -3.71775284 1.59496318 2.89018345
v -3.75319791 1.69483316 2.77192674
v -3.60520245 1.78968891 2.86824767
v -3.56975737 1.68981893 2.98650438
v -3.64064752 1.88955889 2.74999096
v -3.45720698 1.88454465 2.96456860
v -3.49265206 1.98441464 2.84631190
v -3.34465659 2.07927038 2.94263283
v -3.42176191 1.78467467 3.08282531
v -3.30921152 1.97940040 3.06088953
v -3.27376645 1.87953042 3.17914624
v -3.52809713 2.08428462 2.72805519
v -3.38010167 2.17914036 2.82437612
v -3.41554674 2.27901035 2.70611941
v -3.16121606 2.07425614 3.15721046
v -3.19666113 2.17412613 3.03895376
v -3.04866567 2.26898187 3.13527469
v -3.08411074 2.36885185 3.01701798
v -3.23210620 2.27399611 2.92069705
v -3.11955581 2.46872184 2.89876127
v -2.93611528 2.46370760 3.11333891
v -2.97156035 2.56357758 2.99508220
v -2.82356489 2.65843333 3.09140313
v -3.26755128 2.37386609 2.80244034
v -3.12577099 1.97438616 3.27546717
v -3.01322059 2.16911189 3.25353139
v -2.97777552 2.06924191 3.37178810
v -2.86522513 2.26396764 3.34985232
v -2.90067020 2.36383762 3.23159562
v -2.75267474 2.45869336 3.32791655
v -2.82978006 2.16409765 3.46810903
v -2.71722967 2.35882338 3.44617325
v -2.68178460 2.25895340 3.56442996
v -2.78811981 2.55856335 3.20965984
v -3.30299635 2.47373607 2.68418364
v -3.15500089 2.56859182 2.78050457
v -3.19044596 2.66846180 2.66224786
v -3.00700542 2.66344756 2.87682550
v -3.04245050 2.76331755 2.75856879
v -2.89445503 2.85817329 2.85488972
v -2.85900996 2.75830331 2.97314643
v -3.07789557 2.86318753 2.64031208
v -2.92990011 2.95804327 2.73663301
v -2.96534518 3.05791326 2.61837631
v -0.63709324 0.07715151 4.94029673
v -0.83973254 0.07715151 4.88440321
v -0.77418647 0.15430303 4.90565627
v -0.97682578 0.15430303 4.84976275
v -1.04237185 0.07715151 4.82850969
v -1.17946509 0.15430303 4.79386923
v -0.91127971 0.23145454 4.87101581
v -1.11391902 0.23145454 4.81512229
v -1.04837295 0.30860606 4.83637535
v -1.24501116 0.07715151 4.77261617
v -1.25101225 0.30860606 4.78048183
v -1.31655832 0.23145454 4.75922877
v -1.45365156 0.30860606 4.72458831
v -1.51919763 0.23145454 4.70333525
v -1.38210439 0.15430303 4.73797571
v -1.58474370 0.15430303 4.68208219
v -1.65629087 0.30860606 4.66869479
v -1.72183694 0.23145454 4.64744173
v -1.85893017 0.30860606 4.61280127
v -1.44765046 0.07715151 4.71672265
v -1.18546618 0.38575757 4.80173489
v -1.38810549 0.38575757 4.74584137
v -1.32255942 0.46290908 4.76709443
v -1.52519872 0.46290908 4.71120091
v -1.59074480 0.38575757 4.68994785
v -1.72783803 0.46290908 4.65530739
v -1.45965265 0.54006060 4.73245397
v -1.66229196 0.54006060 4.67656045
v -1.59674589 0.61721211 4.69781351
v -1.79338410 0.38575757 4.63405433
v -1.65028977 0.07715151 4.66082913
v -1.78738301 0.15430303 4.62618867
v -1.85292908 0.07715151 4.60493561
v -1.99002231 0.15430303 4.57029515
v -1.92447624 0.23145454 4.59154821
v -2.05556839 0.07715151 4.54904209
v 1.58116751 1.27486651 4.56887565
v 1.52763011 1.23680465 4.59370654
v 1.64866088 1.11550819 4.56373982
v 1.59512348 1.07744633 4.58857071
v 1.47409271 1.19874279 4.61853743
v 1.71615425 0.95614988 4.55860399
v 1.54158608 1.03938448 4.61340161
v 1.66261685 0.91808802 4.58343489
v 1.60907945 0.88002616 4.60826578
v 1.42055531 1.16068093 4.64336833
v 1.48804868 1.00132262 4.63823250
v 1.36701791 1.12261908 4.66819922
v 1.78364762 0.79679157 4.55346816
v 1.73011022 0.75872971 4.57829906
v 1.85114099 0.63743325 4.54833234
v 1.43451127 0.96326076 4.66306339
v 1.55554204 0.84196431 4.63309667
v 1.50200464 0.80390245 4.65792756
v 1.62303541 0.68260599 4.62796084
v 1.67657281 0.72066785 4.60312995
v 1.74406618 0.56130954 4.59799412
v 1.56949801 0.64454414 4.65279174
v 1.69052878 0.52324768 4.62282502
v 1.63699138 0.48518582 4.64765591
v 1.79760358 0.59937140 4.57316323
v 1.31348051 1.08455722 4.69303011
v 1.38097387 0.92519891 4.68789428
v 1.25994310 1.04649536 4.71786100
v 1.32743647 0.88713705 4.71272518
v 1.44846724 0.76584059 4.68275846
v 1.39492984 0.72777874 4.70758935
v 1.20640570 1.00843351 4.74269190
v 1.27389907 0.84907519 4.73755607
v 1.15286830 0.97037165 4.76752279
v 1.51596061 0.60648228 4.67762263
v 1.91863435 0.47807494 4.54319651
v 1.86509695 0.44001308 4.56802740
v 1.98612772 0.31871663 4.53806068
v 1.81155955 0.40195123 4.59285829
v 1.93259032 0.28065477 4.56289157
v 1.87905292 0.24259291 4.58772247
v 1.75802215 0.36388937 4.61768919
v 2.05362109 0.15935831 4.53292485
v 2.00008369 0.12129646 4.55775575
v 0.00000000 0.93194852 4.91237946
v -0.08096764 0.97551621 4.89703866
v -0.06250000 0.87795495 4.91705046
v -0.14346764 0.92152265 4.90170966
v -0.16193528 1.01908391 4.88169786
v -0.12500000 0.82396139 4.92172146
v -0.22443528 0.96509034 4.88636887
v -0.20596764 0.86752908 4.90638066
v -0.28693528 0.91109678 4.89103987
v -0.24290293 1.06265160 4.86635707
v -0.30540293 1.00865803 4.87102807
v -0.32387057 1.10621929 4.85101627
v -0.18750000 0.76996782 4.92639246
v -0.26846764 0.81353552 4.91105167
v -0.25000000 0.71597426 4.93106346
v -0.38637057 1.05222573 4.85568727
v -0.36790293 0.95466447 4.87569907
v -0.44887057 0.99823216 4.86035827
v -0.43040293 0.90067090 4.88037007
v -0.34943528 0.85710321 4.89571087
v -0.41193528 0.80310965 4.90038187
v -0.51137057 0.94423860 4.86502927
v -0.49290293 0.84667734 4.88504107
v -0.57387057 0.89024503 4.86970027
v -0.33096764 0.75954195 4.91572267
v -0.40483821 1.14978698 4.83567547
v -0.46733821 1.09579342 4.84034647
v -0.48580585 1.19335468 4.82033467
v -0.54830585 1.13936111 4.82500568
v -0.52983821 1.04179986 4.84501747
v -0.61080585 1.08536755 4.82967668
v -0.56677349 1.23692237 4.80499388
v -0.62927349 1.18292881 4.80966488
v -0.64774113 1.28049006 4.78965308
v -0.59233821 0.98780629 4.84968848
v -0.31250000 0.66198069 4.93573447
v -0.39346764 0.70554839 4.92039367
v -0.37500000 0.60798713 4.94040547
v -0.47443528 0.74911608 4.90505287
v -0.45596764 0.65155482 4.92506467
v -0.53693528 0.69512252 4.90972387
v -0.55540293 0.79268377 4.88971207
v -0.43750000 0.55399356 4.94507647
v -0.51846764 0.59756126 4.92973567
v 2.42956665 1.56426698 -4.08047481
v 2.27674193 1.72342344 -4.06240939
v 2.45295306 1.76294435 -3.92852172
v 2.30012834 1.92210082 -3.91045630
v 2.12391721 1.88257991 -4.04434397
v 2.47633947 1.96162173 -3.77656863
v 2.14730362 2.08125729 -3.89239088
v 2.32351475 2.12077820 -3.75850320
v 2.17069003 2.27993466 -3.74043778
v 1.97109249 2.04173637 -4.02627855
v 1.99447890 2.24041375 -3.87432545
v 1.81826777 2.20089284 -4.00821313
v 2.49972588 2.16029911 -3.62461553
v 2.34690116 2.31945558 -3.60655011
v 2.52311229 2.35897649 -3.47266244
v 1.84165418 2.39957022 -3.85626003
v 2.01786531 2.43909113 -3.72237236
v 1.86504059 2.59824760 -3.70430694
v 2.04125172 2.63776851 -3.57041927
v 2.19407644 2.47861204 -3.58848469
v 2.21746285 2.67728942 -3.43653160
v 1.88842700 2.79692497 -3.55235384
v 2.06463813 2.83644589 -3.41846617
v 1.91181341 2.99560235 -3.40040075
v 2.37028757 2.51813296 -3.45459702
v 1.66544306 2.36004930 -3.99014770
v 1.68882946 2.55872668 -3.83819461
v 1.51261834 2.51920577 -3.97208228
v 1.53600474 2.71788315 -3.82012919
v 1.71221587 2.75740406 -3.68624152
v 1.55939115 2.91656053 -3.66817609
v 1.35979362 2.67836223 -3.95401686
v 1.38318002 2.87703961 -3.80206377
v 1.20696890 2.83751870 -3.93595144
v 1.73560228 2.95608144 -3.53428842
v 2.54649870 2.55765387 -3.32070935
v 2.39367398 2.71681034 -3.30264392
v 2.56988510 2.75633125 -3.16875625
v 2.24084926 2.87596680 -3.28457850
v 2.41706039 2.91548771 -3.15069083
v 2.26423567 3.07464418 -3.13262541
v 2.08802454 3.03512327 -3.26651308
v 2.59327151 2.95500863 -3.01680316
v 2.44044679 3.11416509 -2.99873774
v 2.61665792 3.15368601 -2.86485007
v 3.19380624 0.22757117 -3.77386843
v 3.33335197 0.22757117 -3.61666232
v 3.25972213 0.45514234 -3.64692901
v 3.39926786 0.45514234 -3.48972289
v 3.47289770 0.22757117 -3.45945620
v 3.53881360 0.45514234 -3.33251678
v 3.32563802 0.68271350 -3.51998958
v 3.46518376 0.68271350 -3.36278346
v 3.39155391 0.91028467 -3.39305015
v 3.61244344 0.22757117 -3.30225009
v 3.53109965 0.91028467 -3.23584403
v 3.60472949 0.68271350 -3.20557735
v 3.67064538 0.91028467 -3.07863792
v 3.74427522 0.68271350 -3.04837123
v 3.67835933 0.45514234 -3.17531066
v 3.81790506 0.45514234 -3.01810455
v 3.81019112 0.91028467 -2.92143180
v 3.88382096 0.68271350 -2.89116512
v 3.94973685 0.91028467 -2.76422569
v 3.75198917 0.22757117 -3.14504397
v 3.45746981 1.13785584 -3.26611072
v 3.59701554 1.13785584 -3.10890460
v 3.52338570 1.36542701 -3.13917129
v 3.66293143 1.36542701 -2.98196517
v 3.73656127 1.13785584 -2.95169849
v 3.80247717 1.36542701 -2.82475906
v 3.58930159 1.59299817 -3.01223186
v 3.72884733 1.59299817 -2.85502575
v 3.65521748 1.82056934 -2.88529243
v 3.87610701 1.13785584 -2.79449237
v 3.89153491 0.22757117 -2.98783786
v 3.95745080 0.45514234 -2.86089843
v 4.03108064 0.22757117 -2.83063174
v 4.09699653 0.45514234 -2.70369231
v 4.02336669 0.68271350 -2.73395900
v 4.17062637 0.22757117 -2.67342563
v 3.55500064 0.15616932 3.47688039
v 3.42713791 0.18393327 3.59705641
v 3.47984617 0.34010260 3.50547102
v 3.60770890 0.31233865 3.38529500
v 3.35198344 0.36786655 3.62564704
v 3.53255443 0.49627192 3.41388562
v 3.40469169 0.52403587 3.53406164
v 3.45739995 0.68020520 3.44247625
v 3.66041716 0.46850797 3.29370960
v 3.58526268 0.65244125 3.32230023
v 3.71312542 0.62467730 3.20212421
v 3.27682896 0.55179982 3.65423766
v 3.32953722 0.70796915 3.56265227
v 3.20167449 0.73573310 3.68282829
v 3.63797094 0.80861057 3.23071484
v 3.51010821 0.83637452 3.35089086
v 3.56281647 0.99254385 3.25930546
v 3.43495374 1.02030779 3.37948148
v 3.38224548 0.86413847 3.47106688
v 3.30709100 1.04807174 3.49965750
v 3.48766199 1.17647712 3.28789609
v 3.35979926 1.20424107 3.40807211
v 3.41250752 1.36041039 3.31648672
v 3.25438274 0.89190242 3.59124290
v 3.76583368 0.78084662 3.11053882
v 3.69067920 0.96477990 3.13912944
v 3.81854193 0.93701595 3.01895343
v 3.74338746 1.12094922 3.04754405
v 3.61552473 1.14871317 3.16772007
v 3.66823298 1.30488249 3.07613468
v 3.87125019 1.09318527 2.92736803
v 3.79609572 1.27711854 2.95595866
v 3.92395845 1.24935460 2.83578264
v 3.54037025 1.33264644 3.19631070
v 3.12652001 0.91966637 3.71141892
v 3.17922827 1.07583569 3.61983352
v 3.05136554 1.10359964 3.74000954
v 3.23193653 1.23200502 3.52824813
v 3.10407379 1.25976897 3.64842415
v 3.15678205 1.41593829 3.55683876
v 3.28464479 1.38817434 3.43666274
v 2.97621106 1.28753292 3.76860017
v 3.02891932 1.44370224 3.67701478
v 1.07266812 0.96882953 4.78166409
v 1.07125976 0.91157519 4.79030087
v 0.99105958 0.91003308 4.80444218
v 0.99246794 0.96728742 4.79580539
v 0.98965122 0.85277874 4.81307896
v 0.91085940 0.90849096 4.81858348
v 0.90945105 0.85123662 4.82722026
v 0.82925087 0.84969450 4.84136156
v 0.91226776 0.96574530 4.80994669
v 0.83065923 0.90694884 4.83272478
v 0.83206758 0.96420318 4.82408800
v 0.90804269 0.79398228 4.83585704
v 0.82784251 0.79244016 4.84999835
v 0.82643415 0.73518582 4.85863513
v 0.75045905 0.90540673 4.84686608
v 0.74905069 0.84815239 4.85550286
v 0.66885051 0.84661027 4.86964417
v 0.66744215 0.78935593 4.87828095
v 0.74764233 0.79089805 4.86413965
v 0.66603379 0.73210159 4.88691773
v 0.58724197 0.78781381 4.89242225
v 0.58583361 0.73055947 4.90105903
v 0.50563343 0.72901736 4.91520033
v 0.74623397 0.73364371 4.87277643
v 0.75186740 0.96266107 4.83822930
v 0.67025887 0.90386461 4.86100738
v 0.67166723 0.96111895 4.85237060
v 0.59005869 0.90232249 4.87514868
v 0.58865033 0.84506815 4.88378547
v 0.50845015 0.84352604 4.89792677
v 0.59146705 0.95957683 4.86651190
v 0.50985851 0.90078038 4.88928998
v 0.51126687 0.95803472 4.88065320
v 0.50704179 0.78627170 4.90656355
v 0.74482561 0.67638937 4.88141321
v 0.66462543 0.67484725 4.89555452
v 0.66321707 0.61759291 4.90419130
v 0.58442525 0.67330514 4.90969582
v 0.58301690 0.61605080 4.91833260
v 0.50281672 0.61450868 4.93247390
v 0.50422508 0.67176302 4.92383712
v 0.58160854 0.55879646 4.92696938
v 0.50140836 0.55725434 4.94111068
v -0.77194328 3.79254958 3.16554439
v -0.76501198 3.67389083 3.27609978
v -0.63217881 3.72936789 3.23881236
v -0.62524751 3.61070914 3.34936776
v -0.75808068 3.55523208 3.38665518
v -0.49241435 3.66618620 3.31208034
v -0.61831621 3.49205039 3.45992315
v -0.48548305 3.54752745 3.42263573
v -0.47855175 3.42886870 3.53319112
v -0.75114938 3.43657334 3.49721057
v -0.61138491 3.37339165 3.57047854
v -0.74421808 3.31791459 3.60776596
v -0.35264989 3.60300451 3.38534831
v -0.34571859 3.48434576 3.49590370
v -0.21288542 3.53982282 3.45861628
v -0.60445361 3.25473290 3.68103394
v -0.47162045 3.31020996 3.64374652
v -0.46468915 3.19155121 3.75430191
v -0.33185598 3.24702827 3.71701449
v -0.33878729 3.36568701 3.60645910
v -0.19902282 3.30250532 3.67972707
v -0.32492468 3.12836952 3.82756988
v -0.19209152 3.18384658 3.79028246
v -0.18516022 3.06518783 3.90083786
v -0.20595412 3.42116407 3.56917168
v -0.73728678 3.19925584 3.71832136
v -0.59752231 3.13607415 3.79158933
v -0.73035548 3.08059710 3.82887675
v -0.59059101 3.01741541 3.90214472
v -0.45775785 3.07289247 3.86485730
v -0.45082655 2.95423372 3.97541270
v -0.72342418 2.96193835 3.93943214
v -0.58365971 2.89875666 4.01270012
v -0.71649288 2.84327961 4.04998754
v -0.31799338 3.00971078 3.93812528
v -0.07312096 3.47664113 3.53188426
v -0.06618966 3.35798238 3.64243965
v 0.06664351 3.41345944 3.60515223
v -0.05925836 3.23932363 3.75299504
v 0.07357481 3.29480069 3.71570762
v 0.08050611 3.17614194 3.82626301
v -0.05232706 3.12066489 3.86355043
v 0.20640797 3.35027775 3.67842020
v 0.21333927 3.23161900 3.78897559
v 0.34617243 3.28709606 3.75168817
v 3.83273585 1.38479314 2.86363370
v 3.70487311 1.41255709 2.98380972
v 3.74151324 1.52023168 2.89148477
v 3.61365051 1.54799563 3.01166079
v 3.57701038 1.44032104 3.10398574
v 3.48578777 1.57575958 3.13183681
v 3.65029064 1.65567022 2.91933584
v 3.52242790 1.68343417 3.03951186
v 3.55906803 1.79110876 2.94718690
v 3.44914765 1.46808499 3.22416176
v 3.43120530 1.81887271 3.06736292
v 3.39456517 1.71119812 3.15968788
v 3.30334257 1.84663666 3.18753894
v 3.26670244 1.73896207 3.27986390
v 3.35792504 1.60352353 3.25201283
v 3.23006231 1.63128748 3.37218885
v 3.17547983 1.87440061 3.30771496
v 3.13883970 1.76672602 3.40003992
v 3.04761710 1.90216456 3.42789098
v 3.32128491 1.49584893 3.34433778
v 3.46784543 1.92654730 2.97503797
v 3.33998269 1.95431125 3.09521399
v 3.37662282 2.06198585 3.00288904
v 3.24876009 2.08974980 3.12306506
v 3.21211996 1.98207520 3.21539001
v 3.12089736 2.11751374 3.24324107
v 3.28540022 2.19742439 3.03074010
v 3.15753748 2.22518834 3.15091612
v 3.19417761 2.33286293 3.05859117
v 3.08425723 2.00983915 3.33556603
v 3.19342218 1.52361288 3.46451380
v 3.10219958 1.65905143 3.49236487
v 3.06555945 1.55137683 3.58468982
v 2.97433684 1.68681538 3.61254089
v 3.01097697 1.79448997 3.52021593
v 2.93769672 1.57914078 3.70486584
v 2.74647787 2.98704642 -2.86740536
v 2.72309146 2.78836904 -3.01935845
v 2.87629781 2.82040684 -2.86996066
v 2.85291140 2.62172946 -3.02191375
v 2.69970505 2.58969167 -3.17131155
v 2.82952500 2.42305208 -3.17386684
v 3.00611776 2.65376726 -2.87251595
v 2.98273135 2.45508988 -3.02446905
v 3.13593770 2.48712767 -2.87507125
v 2.67631864 2.39101429 -3.32326464
v 3.11255129 2.28845030 -3.02702434
v 2.95934494 2.25641250 -3.17642214
v 3.08916489 2.08977292 -3.17897744
v 2.93595853 2.05773512 -3.32837523
v 2.80613859 2.22437470 -3.32581994
v 2.78275218 2.02569732 -3.47777303
v 3.06577848 1.89109554 -3.33093053
v 2.91257212 1.85905774 -3.48032833
v 3.04239207 1.69241816 -3.48288362
v 2.65293223 2.19233691 -3.47521774
v 3.26575765 2.32048809 -2.87762654
v 3.24237124 2.12181071 -3.02957964
v 3.39557759 2.15384851 -2.88018184
v 3.37219118 1.95517113 -3.03213493
v 3.21898483 1.92313333 -3.18153273
v 3.34880478 1.75649375 -3.18408803
v 3.52539754 1.98720893 -2.88273714
v 3.50201113 1.78853155 -3.03469023
v 3.19559842 1.72445595 -3.33348582
v 2.62954582 1.99365953 -3.62717083
v 2.75936577 1.82701995 -3.62972612
v 2.60615942 1.79498215 -3.77912392
v 2.73597936 1.62834257 -3.78167922
v 2.88918572 1.66038036 -3.63228142
v 2.58277301 1.59630477 -3.93107702
v 2.51685712 1.36873360 -4.05801644
v 2.67006347 1.40077140 -3.90861865
v 2.60414758 1.17320023 -4.03555808
v 2.82326982 1.43280920 -3.75922085
v 2.75735393 1.20523803 -3.88616028
v 2.91056028 1.23727582 -3.73676248
v 2.97647618 1.46484699 -3.60982305
v 2.69143804 0.97766686 -4.01309971
v 2.84464439 1.00970466 -3.86370191
v 2.77872850 0.78213349 -3.99064134
v 3.12968253 1.49688479 -3.46042525
v 3.06376664 1.26931362 -3.58736468
v 3.21697299 1.30135142 -3.43796688
v 3.15105710 1.07378025 -3.56490631
v 2.99785075 1.04174245 -3.71430411
v 3.08514121 0.84620908 -3.69184574
v 3.30426345 1.10581804 -3.41550852
v 3.23834756 0.87824688 -3.54244794
v 2.93193485 0.81417128 -3.84124354
v 3.28288888 1.52892258 -3.31102746
v 3.43609524 1.56096038 -3.16162966
v 3.37017935 1.33338921 -3.28856909
v 2.86601896 0.58660012 -3.96818297
v 3.01922532 0.61863791 -3.81878517
v 2.95330942 0.39106674 -3.94572460
v 3.17243167 0.65067571 -3.66938737
v 3.10651578 0.42310454 -3.79632680
v 3.04059988 0.19553337 -3.92326623
v -0.70301732 2.03770337 4.51148885
v -0.59789832 2.10127888 4.48515872
v -0.70470176 2.13840040 4.45380118
v -0.59958276 2.20197591 4.42747106
v -0.49277932 2.16485440 4.45882860
v -0.70638621 2.23909743 4.39611352
v -0.49446376 2.26555143 4.40114094
v -0.60126721 2.30267294 4.36978340
v -0.49614821 2.36624846 4.34345327
v -0.38766032 2.22842991 4.43249848
v -0.38934476 2.32912694 4.37481081
v -0.28254132 2.29200542 4.40616835
v -0.70807065 2.33979446 4.33842586
v -0.60295165 2.40336997 4.31209573
v -0.70975510 2.44049149 4.28073819
v -0.28422576 2.39270245 4.34848069
v -0.39102921 2.42982397 4.31712315
v -0.28591021 2.49339948 4.29079302
v -0.39271365 2.53052100 4.25943548
v -0.49783265 2.46694549 4.28576561
v -0.49951710 2.56764251 4.22807794
v -0.28759465 2.59409651 4.23310536
v -0.39439810 2.63121803 4.20174782
v -0.28927910 2.69479354 4.17541770
v -0.60463610 2.50406700 4.25440807
v -0.17742232 2.35558094 4.37983823
v -0.17910676 2.45627796 4.32215056
v -0.07230332 2.41915645 4.35350810
v -0.07398777 2.51985348 4.29582044
v -0.18079121 2.55697499 4.26446290
v -0.07567221 2.62055051 4.23813278
v 0.03281568 2.48273196 4.32717798
v 0.03113123 2.58342899 4.26949032
v 0.13793468 2.54630747 4.30084786
v -0.18247565 2.65767202 4.20677524
v -0.71143954 2.54118852 4.22305053
v -0.60632054 2.60476403 4.19672040
v -0.71312399 2.64188555 4.16536286
v -0.50120154 2.66833954 4.17039028
v -0.60800499 2.70546106 4.13903274
v -0.50288599 2.76903657 4.11270262
v -0.39608254 2.73191506 4.14406016
v -0.71480843 2.74258258 4.10767520
v -0.60968943 2.80615809 4.08134508
v -0.47685627 2.86163515 4.04405766
v -0.37005282 2.82451363 4.07541520
v -0.34402310 2.91711220 4.00677024
v -0.23721966 2.87999069 4.03812778
v -0.26324938 2.78739211 4.10677274
v -0.21118994 2.97258926 3.96948282
v -0.15644593 2.75027060 4.13813028
v -0.13041622 2.84286917 4.06948532
v -0.02361277 2.80574765 4.10084286
v 0.00241695 2.89834623 4.03219790
v -0.10438650 2.93546774 4.00084036
v 0.02844667 2.99094480 3.96355293
v 0.10922039 2.86122471 4.06355543
v 0.13525011 2.95382328 3.99491047
v 0.24205356 2.91670177 4.02626801
v -0.07835678 3.02806632 3.93219540
v -0.04964249 2.71314908 4.16948782
v 0.05716095 2.67602756 4.20084536
v 0.08319067 2.76862614 4.13220040
v 0.18999412 2.73150462 4.16355793
v 0.16396440 2.63890605 4.23220290
v 0.21602384 2.82410319 4.09491297
v 0.05447639 3.08354337 3.89490797
v 0.16127983 3.04642185 3.92626551
v 0.18730955 3.13902043 3.85762055
v 0.29411300 3.10189891 3.88897809
v 0.26808328 3.00930034 3.95762305
v 0.32014271 3.19449748 3.82033313
v -3.09150909 2.99441208 2.49647889
v -3.20405948 2.79968635 2.51841466
v -3.21767300 2.93091090 2.37458147
v -3.33022340 2.73618518 2.39651724
v -3.31660987 2.60496062 2.54035044
v -3.44277379 2.54145945 2.41845302
v -3.34383692 2.86740973 2.25268405
v -3.45638731 2.67268400 2.27461982
v -3.47000083 2.80390855 2.13078663
v -3.42916026 2.41023490 2.56228622
v -3.58255122 2.60918282 2.15272240
v -3.56893770 2.47795827 2.29655560
v -3.69510161 2.41445710 2.17465818
v -3.68148809 2.28323254 2.31849137
v -3.55532418 2.34673372 2.44038880
v -3.66787457 2.15200799 2.46232457
v -3.80765200 2.21973137 2.19659395
v -3.79403848 2.08850682 2.34042715
v -3.92020239 2.02500564 2.21852973
v -3.54171065 2.21550917 2.58422199
v -3.59616474 2.74040738 2.00888921
v -3.70871514 2.54568165 2.03082498
v -3.72232866 2.67690620 1.88699178
v -3.83487905 2.48218047 1.90892756
v -3.82126553 2.35095592 2.05276076
v -3.94742944 2.28745474 1.93086334
v -3.84849257 2.61340502 1.76509436
v -3.96104296 2.41867930 1.78703014
v -3.97465648 2.54990385 1.64319694
v -3.93381592 2.15623019 2.07469653
v -3.65426104 2.02078344 2.60615777
v -3.78042496 1.95728227 2.48426035
v -3.76681143 1.82605771 2.62809354
v -3.89297535 1.76255654 2.50619612
v -3.90658887 1.89378109 2.36236293
v -3.87936182 1.63133199 2.65002932
v -1.38057316 1.40928745 4.59433637
v -1.28896915 1.39318778 4.61875096
v -1.29587868 1.48783944 4.58398043
v -1.20427467 1.47173977 4.60839502
v -1.19736515 1.37708810 4.64316554
v -1.21118420 1.56639143 4.57362449
v -1.11267067 1.45564009 4.63280960
v -1.11958019 1.55029176 4.59803908
v -1.02797619 1.53419208 4.62245367
v -1.10576115 1.36098843 4.66758013
v -1.02106667 1.43954042 4.65722419
v -1.01415714 1.34488876 4.69199472
v -1.12648972 1.64494342 4.56326855
v -1.03488571 1.62884375 4.58768314
v -1.04179524 1.72349541 4.55291261
v -0.92946266 1.42344075 4.68163878
v -0.93637219 1.51809241 4.64686825
v -0.84476818 1.50199274 4.67128284
v -0.85167771 1.59664440 4.63651231
v -0.94328171 1.61274407 4.61209773
v -0.85858723 1.69129606 4.60174179
v -0.76007370 1.58054473 4.66092690
v -0.76698323 1.67519639 4.62615637
v -0.67537922 1.65909672 4.65057096
v -0.95019123 1.70739574 4.57732720
v -0.92255314 1.32878908 4.71640931
v -0.83785866 1.40734107 4.70605337
v -0.83094914 1.31268941 4.74082390
v -0.74625466 1.39124140 4.73046796
v -0.75316418 1.48589306 4.69569743
v -0.66156018 1.46979339 4.72011202
v -0.73934514 1.29658974 4.76523849
v -0.65465066 1.37514173 4.75488255
v -0.66846970 1.56444505 4.68534149
v -0.95710076 1.80204740 4.54255667
v -0.86549675 1.78594773 4.56697126
v -0.87240628 1.88059939 4.53220073
v -0.77389275 1.76984805 4.59138585
v -0.78080227 1.86449972 4.55661532
v -0.68919827 1.84840004 4.58102991
v -0.68228875 1.75374838 4.61580043
v -0.78771180 1.95915138 4.52184479
v -0.69610779 1.94305171 4.54625938
v 3.25449067 0.18393327 3.71697182
v 3.17933619 0.36786655 3.74556244
v 3.08184343 0.18393327 3.83688722
v 3.00668895 0.36786655 3.86547785
v 3.10418172 0.55179982 3.77415307
v 2.90919619 0.18393327 3.95680263
v 3.02902724 0.73573310 3.80274369
v 2.93153448 0.55179982 3.89406847
v 2.85638000 0.73573310 3.92265910
v 2.75888724 0.55179982 4.01398388
v 2.83404171 0.36786655 3.98539325
v 2.66139447 0.36786655 4.10530866
v 2.68373276 0.73573310 4.04257451
v 2.58624000 0.55179982 4.13389928
v 2.73654895 0.18393327 4.07671803
v 2.95387277 0.91966637 3.83133432
v 2.87871830 1.10359964 3.85992495
v 2.78122553 0.91966637 3.95124973
v 2.56390170 0.18393327 4.19663344
v 2.48874723 0.36786655 4.22522406
v 2.39125446 0.18393327 4.31654884
v -0.02050417 1.75943653 4.68016695
v -0.00069932 1.85779540 4.63275206
v -0.10581832 1.79421989 4.65908219
v -0.08601346 1.89257875 4.61166730
v 0.01910554 1.95615427 4.58533718
v -0.19113246 1.82900324 4.63799742
v -0.06620860 1.99093762 4.56425241
v -0.17132760 1.92736211 4.59058254
v -0.15152275 2.02572098 4.54316765
v 0.03891040 2.05451313 4.53792229
v -0.04640375 2.08929649 4.51683753
v 0.05871525 2.15287200 4.49050740
v -0.27644660 1.86378660 4.61691266
v -0.25664175 1.96214546 4.56949777
v -0.36176074 1.89856995 4.59582790
v -0.02659889 2.18765536 4.46942264
v -0.13171789 2.12407984 4.49575276
v -0.11191303 2.22243871 4.44833788
v -0.21703203 2.15886320 4.47466800
v -0.23683689 2.06050433 4.52208289
v -0.32215103 2.09528769 4.50099813
v -0.19722718 2.25722207 4.42725311
v -0.30234618 2.19364655 4.45358324
v -0.34195589 1.99692882 4.54841301
v 0.07852011 2.25123087 4.44309252
v -0.00679403 2.28601423 4.42200775
v 0.09832497 2.34958974 4.39567763
v 0.01301082 2.38437309 4.37459287
v -0.09210818 2.32079758 4.40092299
v 0.11812982 2.44794861 4.34826274
v -0.44707489 1.93335331 4.57474314
v -0.42727003 2.03171217 4.52732825
v -0.53238903 1.96813666 4.55365837
v -0.40746517 2.13007104 4.47991336
v -0.51258417 2.06649553 4.50624349
v -0.61770317 2.00292002 4.53257361
v -2.28567779 1.42494407 4.21250655
v -2.39068183 1.38223802 4.15459166
v -2.26510737 1.24682606 4.25191686
v -2.37011142 1.20412001 4.19400197
v -2.49568588 1.33953198 4.09667678
v -2.24453696 1.06870805 4.29132717
v -2.47511546 1.16141397 4.13608709
v -2.34954100 1.02600201 4.23341228
v -2.45454504 0.98329596 4.17549739
v -2.60068992 1.29682593 4.03876189
v -2.58011950 1.11870792 4.07817220
v -2.70569396 1.25411989 3.98084700
v -2.22396654 0.89059004 4.33073748
v -2.32897058 0.84788400 4.27282259
v -2.20339612 0.71247203 4.37014779
v -2.68512355 1.07600188 4.02025731
v -2.55954909 0.94058992 4.11758251
v -2.66455313 0.89788387 4.05966762
v -2.53897867 0.76247191 4.15699282
v -2.43397463 0.80517795 4.21490770
v -2.41340421 0.62705994 4.25431801
v -2.64398271 0.71976586 4.09907793
v -2.51840825 0.58435390 4.19640313
v -2.62341230 0.54164785 4.13848824
v -2.30840017 0.66976599 4.31223290
v -2.81069801 1.21141384 3.92293211
v -2.79012759 1.03329583 3.96234242
v -2.91570205 1.16870780 3.86501723
v -2.89513163 0.99058979 3.90442753
v -2.76955717 0.85517783 4.00175273
v -2.87456122 0.81247178 3.94383784
v -3.02070610 1.12600175 3.80710234
v -3.00013568 0.94788374 3.84651265
v -3.12571014 1.08329571 3.74918745
v -2.74898676 0.67705982 4.04116304
v -2.18282571 0.53435403 4.40955810
v -2.28782975 0.49164798 4.35164321
v -2.16225529 0.35623602 4.44896841
v -2.39283379 0.44894194 4.29372832
v -2.26725933 0.31352997 4.39105352
v -2.37226338 0.27082393 4.33313863
v -2.49783784 0.40623589 4.23581344
v -2.14168487 0.17811801 4.48837872
v -2.24668892 0.13541196 4.43046383
v -1.60689791 2.26471858 4.15799578
v -1.49391283 2.23634168 4.20218241
v -1.49559728 2.33703871 4.14449475
v -1.38261220 2.30866181 4.18868138
v -1.38092776 2.20796478 4.24636904
v -1.38429665 2.40935884 4.13099372
v -1.26962713 2.28028491 4.23286801
v -1.27131158 2.38098194 4.17518035
v -1.15832650 2.35260503 4.21936698
v -1.26794269 2.17958788 4.29055568
v -1.15664206 2.25190801 4.27705465
v -1.15495761 2.15121098 4.33474231
v -1.27299602 2.48167896 4.11749269
v -1.16001095 2.45330206 4.16167932
v -1.16169539 2.55399909 4.10399166
v -1.04365698 2.22353110 4.32124128
v -1.04534143 2.32422813 4.26355362
v -0.93235635 2.29585123 4.30774025
v -0.93404080 2.39654826 4.25005259
v -1.04702587 2.42492516 4.20586595
v -0.93572524 2.49724529 4.19236492
v -0.82105572 2.36817136 4.29423922
v -0.82274017 2.46886839 4.23655156
v -1.04871032 2.52562219 4.14817829
v -1.04197254 2.12283407 4.37892895
v -0.93067191 2.19515420 4.36542792
v -0.92898746 2.09445717 4.42311558
v -0.81768683 2.16677730 4.40961455
v -0.81937128 2.26747433 4.35192689
v -0.81600239 2.06608027 4.46730221
v -1.05039476 2.62631922 4.09049063
v -0.93740969 2.59794232 4.13467726
v -0.93909413 2.69863935 4.07698960
v -0.82442461 2.56956542 4.17886389
v -0.82610906 2.67026245 4.12117623
v -0.82779350 2.77095948 4.06348857
v -1.84835298 3.96901803 2.41464016
v -1.98797700 3.85512994 2.44010718
v -1.83402446 3.86293855 2.55044250
v -1.97364849 3.74905045 2.57590952
v -2.12760103 3.74124184 2.46557420
v -1.81969595 3.75685906 2.68624485
v -2.11327251 3.63516235 2.60137654
v -1.95931997 3.64297096 2.71171186
v -2.09894400 3.52908287 2.73717888
v -2.26722505 3.62735374 2.49104122
v -2.25289654 3.52127426 2.62684356
v -2.40684908 3.51346565 2.51650824
v -1.80536743 3.65077958 2.82204719
v -1.94499146 3.53689148 2.84751421
v -1.79103892 3.54470009 2.95784953
v -2.39252056 3.40738616 2.65231058
v -2.23856802 3.41519477 2.76264590
v -2.37819205 3.30130667 2.78811292
v -2.22423951 3.30911528 2.89844824
v -2.08461548 3.42300338 2.87298122
v -2.07028697 3.31692390 3.00878357
v -2.36386353 3.19522719 2.92391526
v -2.20991099 3.20303580 3.03425058
v -2.34953502 3.08914770 3.05971760
v -1.93066294 3.43081199 2.98331655
v -2.54647310 3.39957755 2.54197525
v -2.53214459 3.29349806 2.67777760
v -2.68609713 3.28568945 2.56744227
v -2.67176861 3.17960996 2.70324461
v -2.51781607 3.18741858 2.81357994
v -2.65744010 3.07353048 2.83904695
v -2.82572115 3.17180135 2.59290929
v -2.81139264 3.06572187 2.72871163
v -2.50348756 3.08133909 2.94938228
v -1.77671040 3.43862060 3.09365187
v -1.91633443 3.32473251 3.11911889
v -1.76238189 3.33254112 3.22945421
v -2.05595845 3.21084441 3.14458591
v -1.90200591 3.21865302 3.25492123
v -2.04162994 3.10476492 3.28038825
v -2.19558248 3.09695631 3.17005292
v -1.74805337 3.22646163 3.36525655
v -1.88767740 3.11257353 3.39072357
v -1.73372486 3.12038214 3.50105889
v -0.62106274 3.83209595 3.12179813
v -0.48129827 3.76891426 3.19506610
v -0.47018220 3.87164233 3.07805187
v -0.34153381 3.70573257 3.26833408
v -0.33041773 3.80846064 3.15131984
v -0.19065327 3.74527895 3.22458781
v -0.20176935 3.64255088 3.34160205
v -0.31930166 3.91118871 3.03430561
v -0.17953719 3.84800702 3.10757358
v -0.16842112 3.95073509 2.99055934
v -0.06200488 3.57936919 3.41487002
v -0.05088880 3.68209726 3.29785579
v 0.08887566 3.61891557 3.37112376
v 0.09999174 3.72164364 3.25410952
v -0.03977273 3.78482533 3.18084155
v 0.11110781 3.82437171 3.13709529
v 0.23975620 3.65846195 3.32737750
v 0.25087228 3.76119002 3.21036326
v 0.39063674 3.69800833 3.28363124
v -0.02865665 3.88755340 3.06382732
v 0.07775958 3.51618750 3.48813799
v 0.21752405 3.45300581 3.56140597
v 0.22864012 3.55573388 3.44439173
v 0.36840459 3.49255219 3.51765970
v 0.35728851 3.38982412 3.63467394
v 0.37952066 3.59528026 3.40064547
v -0.01754058 3.99028146 2.94681308
v 0.12222389 3.92709977 3.02008105
v 0.13333997 4.02982784 2.90306682
v 0.26198835 3.86391808 3.09334903
v 0.27310443 3.96664615 2.97633479
v 0.41286889 3.90346446 3.04960277
v 0.40175282 3.80073639 3.16661700
v 0.28422051 4.06937422 2.85932056
v 0.42398497 4.00619253 2.93258853
v 0.43510105 4.10892060 2.81557430
v -0.00256302 1.03538452 4.88335290
v -0.08353066 1.07895221 4.86801210
v -0.00512604 1.13882052 4.85432633
v -0.08609369 1.18238822 4.83898553
v -0.16449831 1.12251991 4.85267130
v -0.16706133 1.22595591 4.82364474
v -0.00768907 1.24225652 4.82529977
v -0.08865671 1.28582422 4.80995897
v -0.01025209 1.34569252 4.79627320
v -0.24546595 1.16608760 4.83733050
v -0.09121973 1.38926022 4.78093241
v -0.16962435 1.32939191 4.79461817
v -0.17218737 1.43282791 4.76559161
v -0.25059199 1.37295960 4.77927738
v -0.24802897 1.26952360 4.80830394
v -0.32899661 1.31309129 4.79296314
v -0.25315501 1.47639560 4.75025081
v -0.33155963 1.41652730 4.76393658
v -0.33412265 1.51996330 4.73491001
v -0.32643359 1.20965529 4.82198971
v -0.01281511 1.44912853 4.76724664
v -0.09378275 1.49269622 4.75190584
v -0.01537813 1.55256453 4.73822008
v -0.09634577 1.59613222 4.72287928
v -0.17475039 1.53626391 4.73656505
v -0.17731341 1.63969991 4.70753848
v -0.01794115 1.65600053 4.70919351
v -0.09890879 1.69956822 4.69385272
v -0.25571803 1.57983161 4.72122425
v -0.40740123 1.25322299 4.80664891
v -0.40996425 1.35665899 4.77762234
v -0.48836887 1.29679068 4.79130811
v -0.49093189 1.40022668 4.76228155
v -0.41252727 1.46009499 4.74859578
v -0.56933651 1.34035837 4.77596731
v 1.40945474 3.44754508 3.33584626
v 1.36883918 3.33673681 3.43825016
v 1.51176716 3.34348264 3.37297444
v 1.47115161 3.23267437 3.47537835
v 1.32822362 3.22592853 3.54065407
v 1.61407959 3.23942021 3.41010262
v 1.43053605 3.12186610 3.57778225
v 1.57346403 3.12861193 3.51250653
v 1.53284848 3.01780366 3.61491043
v 1.28760807 3.11512026 3.64305797
v 1.38992049 3.01105782 3.68018615
v 1.24699251 3.00431199 3.74546188
v 1.71639202 3.13535777 3.44723080
v 1.67577646 3.02454950 3.54963471
v 1.81870444 3.03129534 3.48435899
v 1.34930494 2.90024955 3.78259006
v 1.49223292 2.90699539 3.71731433
v 1.45161736 2.79618712 3.81971824
v 1.59454535 2.80293295 3.75444252
v 1.63516090 2.91374123 3.65203861
v 1.73747333 2.80967879 3.68916679
v 1.55392979 2.69212468 3.85684642
v 1.69685777 2.69887052 3.79157070
v 1.65624221 2.58806224 3.89397460
v 1.77808889 2.92048706 3.58676289
v 1.20637695 2.89350371 3.84786578
v 1.30868938 2.78944128 3.88499396
v 1.16576140 2.78269544 3.95026968
v 1.26807382 2.67863300 3.98739787
v 1.41100181 2.68537884 3.92212214
v 1.37038625 2.57457057 4.02452605
v 1.12514584 2.67188717 4.05267359
v 1.22745826 2.56782473 4.08980177
v 1.08453028 2.56107889 4.15507749
v 1.51331423 2.58131641 3.95925032
v 1.92101687 2.92723290 3.52148717
v 1.88040131 2.81642463 3.62389107
v 2.02332929 2.82317046 3.55861535
v 1.83978575 2.70561635 3.72629497
v 1.98271374 2.71236219 3.66101925
v 1.94209818 2.60155392 3.76342316
v 1.79917020 2.59480808 3.82869888
v 2.12564172 2.71910803 3.59574353
v 2.08502616 2.60829976 3.69814743
v 2.22795415 2.61504559 3.63287171
v 0.07381747 1.06322612 -4.88508968
v 0.18139726 1.13611103 -4.85292763
v 0.06459029 0.93032285 -4.89945347
v 0.17217007 1.00320777 -4.86729142
v 0.28897704 1.20899595 -4.82076559
v 0.05536311 0.79741959 -4.91381726
v 0.27974986 1.07609268 -4.83512938
v 0.16294289 0.87030450 -4.88165521
v 0.27052267 0.94318942 -4.84949317
v 0.39655683 1.28188086 -4.78860354
v 0.38732964 1.14897760 -4.80296733
v 0.50413661 1.35476578 -4.75644149
v 0.04613592 0.66451632 -4.92818105
v 0.15371571 0.73740124 -4.89601900
v 0.03690874 0.53161306 -4.94254484
v 0.49490943 1.22186251 -4.77080528
v 0.37810246 1.01607433 -4.81733112
v 0.48568224 1.08895925 -4.78516907
v 0.36887527 0.88317107 -4.83169491
v 0.26129549 0.81028615 -4.86385696
v 0.25206831 0.67738289 -4.87822075
v 0.47645506 0.95605599 -4.79953286
v 0.35964809 0.75026781 -4.84605870
v 0.46722787 0.82315272 -4.81389665
v 0.14448852 0.60449797 -4.91038279
v 0.61171639 1.42765070 -4.72427944
v 0.60248921 1.29474743 -4.73864323
v 0.71929618 1.50053561 -4.69211740
v 0.71006899 1.36763235 -4.70648119
v 0.59326203 1.16184417 -4.75300702
v 0.70084181 1.23472908 -4.72084498
v 0.82687596 1.57342053 -4.65995535
v 0.81764878 1.44051726 -4.67431914
v 0.93445575 1.64630544 -4.62779330
v 0.58403484 1.02894090 -4.76737081
v 0.02768155 0.39870979 -4.95690863
v 0.13526134 0.47159471 -4.92474658
v 0.01845437 0.26580653 -4.97127242
v 0.24284112 0.54447963 -4.89258454
v 0.12603415 0.33869144 -4.93911037
v 0.23361394 0.41157636 -4.90694833
v 0.35042091 0.61736454 -4.86042249
v 0.00922718 0.13290326 -4.98563621
v 0.11680697 0.20578818 -4.95347416
v -3.77324353 1.44800597 2.91327813
v -3.62524807 1.54286171 3.00959906
v -3.68073876 1.39590450 3.03269375
v -3.53274330 1.49076025 3.12901468
v -3.47725260 1.63771746 3.10591999
v -3.38474783 1.58561599 3.22533561
v -3.58823399 1.34380304 3.15210937
v -3.44023853 1.43865878 3.24843030
v -3.49572922 1.29170157 3.27152498
v -3.32925714 1.73257321 3.20224092
v -3.34773376 1.38655732 3.36784591
v -3.29224306 1.53351453 3.34475123
v -3.19973829 1.48141306 3.46416684
v -3.14424760 1.62837027 3.44107216
v -3.23675237 1.68047174 3.32165654
v -3.08875691 1.77532748 3.41797747
v -3.05174283 1.57626881 3.56048777
v -2.99625214 1.72322602 3.53739309
v -2.90374737 1.67112455 3.65680870
v -3.18126168 1.82742895 3.29856185
v -3.40322445 1.23960011 3.39094060
v -3.25522899 1.33445585 3.48726153
v -3.31071968 1.18749864 3.51035622
v -3.16272422 1.28235438 3.60667715
v -3.10723352 1.42931160 3.58358246
v -3.01472875 1.37721013 3.70299808
v -3.21821491 1.13539717 3.62977183
v -3.07021945 1.23025292 3.72609276
v -2.95923806 1.52416734 3.67990339
v -3.03326621 1.92228470 3.39488278
v -2.94076144 1.87018323 3.51429840
v -2.88527075 2.01714044 3.49120371
v -2.79276598 1.96503898 3.61061933
v -2.84825667 1.81808176 3.63371402
v -2.73727529 2.11199619 3.58752464
v 0.06294575 0.99041060 4.89503409
v 0.06038273 1.09384660 4.86600753
v 0.12589150 1.04887268 4.87768873
v 0.12332848 1.15230868 4.84866216
v 0.05781971 1.19728260 4.83698097
v 0.12076546 1.25574468 4.81963560
v 0.18883726 1.10733475 4.86034336
v 0.18627424 1.21077076 4.83131680
v 0.25178301 1.16579683 4.84299799
v 0.05525669 1.30071860 4.80795440
v 0.24921999 1.26923283 4.81397143
v 0.18371121 1.31420676 4.80229023
v 0.24665697 1.37266883 4.78494487
v 0.18114819 1.41764276 4.77326367
v 0.11820244 1.35918068 4.79060903
v 0.11563942 1.46261668 4.76158247
v 0.24409394 1.47610484 4.75591830
v 0.17858517 1.52107876 4.74423710
v 0.24153092 1.57954084 4.72689174
v 0.05269367 1.40415460 4.77892784
v 0.31472876 1.22425891 4.82565263
v 0.31216574 1.32769491 4.79662606
v 0.37767451 1.28272099 4.80830726
v 0.37511149 1.38615699 4.77928070
v 0.30960272 1.43113091 4.76759950
v 0.37254847 1.48959299 4.75025413
v 0.44062027 1.34118307 4.79096189
v 0.43805724 1.44461907 4.76193533
v 0.50356602 1.39964514 4.77361653
v 0.30703970 1.53456691 4.73857293
v 0.05013064 1.50759060 4.74990127
v 0.11307640 1.56605268 4.73255591
v 0.04756762 1.61102661 4.72087471
v 0.11051337 1.66948868 4.70352934
v 0.17602215 1.62451476 4.71521054
v 0.04500460 1.71446261 4.69184815
v -0.90649449 3.81460813 3.07168136
v -0.89216598 3.70852865 3.20748370
v -1.02671719 3.73058720 3.11362068
v -1.04104570 3.83666669 2.97781833
v -1.01238867 3.62450772 3.24942302
v -1.16126840 3.75264576 3.01975765
v -1.14693989 3.64656627 3.15555999
v -1.28149110 3.66862483 3.06169696
v -1.17559691 3.85872525 2.88395531
v -1.29581961 3.77470432 2.92589462
v -1.31014813 3.88078380 2.79009228
v -1.13261137 3.54048679 3.29136233
v -1.26716258 3.56254535 3.19749930
v -1.25283407 3.45646586 3.33330164
v -1.43037082 3.79676288 2.83203159
v -1.41604231 3.69068339 2.96783393
v -1.55059352 3.71274195 2.87397090
v -1.53626501 3.60666246 3.00977324
v -1.40171380 3.58460390 3.10363627
v -1.52193649 3.50058297 3.14557559
v -1.67081622 3.62872102 2.91591022
v -1.65648771 3.52264153 3.05171256
v -1.38738528 3.47852442 3.23943861
v -1.44469934 3.90284236 2.69622925
v -1.56492204 3.81882143 2.73816856
v -1.57925055 3.92490092 2.60236622
v -1.69947325 3.84087999 2.64430553
v -1.68514473 3.73480050 2.78010787
v -1.71380176 3.94695948 2.50850319
v -1.37305677 3.37244493 3.37524096
v -1.50760798 3.39450349 3.28137793
v -1.49327946 3.28842400 3.41718027
v -1.64215919 3.41656205 3.18751490
v -1.62783068 3.31048256 3.32331724
v -1.61350216 3.20440307 3.45911958
v -1.55565884 3.19647212 -3.51603350
v -1.51861248 3.07473282 -3.61380297
v -1.65159653 2.97807214 -3.59947971
v -1.61455018 2.85633284 -3.69724918
v -1.48156613 2.95299353 -3.71157243
v -1.74753422 2.75967215 -3.68292593
v -1.57750382 2.73459354 -3.79501865
v -1.71048787 2.63793285 -3.78069540
v -1.67344152 2.51619355 -3.87846486
v -1.44451978 2.83125423 -3.80934190
v -1.54045747 2.61285424 -3.89278812
v -1.40747343 2.70951493 -3.90711137
v -1.84347191 2.54127216 -3.76637214
v -1.80642556 2.41953287 -3.86414161
v -1.93940960 2.32287218 -3.84981836
v -1.50341112 2.49111494 -3.99055759
v -1.63639516 2.39445426 -3.97623433
v -1.59934881 2.27271496 -4.07400380
v -1.73233285 2.17605427 -4.05968055
v -1.76937921 2.29779357 -3.96191108
v -1.86531690 2.07939358 -4.04535730
v -1.69528650 2.05431497 -4.15745002
v -1.82827055 1.95765428 -4.14312676
v -1.79122419 1.83591499 -4.24089623
v -1.90236325 2.20113288 -3.94758783
v -1.37042708 2.58777563 -4.00488084
v -1.46636477 2.36937565 -4.08832706
v -1.33338072 2.46603633 -4.10265031
v -1.42931841 2.24763635 -4.18609652
v -1.56230246 2.15097566 -4.17177327
v -1.52525611 2.02923636 -4.26954274
v -1.29633437 2.34429704 -4.20041978
v -1.39227206 2.12589705 -4.28386599
v -1.25928802 2.22255774 -4.29818925
v -1.65824015 1.93257567 -4.25521949
v -2.03534729 2.10447219 -3.93326457
v -1.99830094 1.98273289 -4.03103404
v -2.13128499 1.88607221 -4.01671079
v -1.96125459 1.86099360 -4.12880351
v -2.09423863 1.76433291 -4.11448026
v -2.05719228 1.64259361 -4.21224973
v -1.92420824 1.73925430 -4.22657298
v -2.22722268 1.66767222 -4.10015700
v -2.19017633 1.54593292 -4.19792647
v -2.32316037 1.44927223 -4.18360322
v 3.07339968 2.36813576 3.13037624
v 3.03675955 2.26046117 3.22270119
v 2.95262175 2.40340860 3.20216130
v 2.91598162 2.29573400 3.29448626
v 3.00011942 2.15278658 3.31502614
v 2.87934149 2.18805941 3.38681121
v 2.83184381 2.43868143 3.27394637
v 2.79520368 2.33100684 3.36627132
v 2.71106588 2.47395426 3.34573144
v 2.96347929 2.04511199 3.40735110
v 2.67442575 2.36627967 3.43805639
v 2.75856356 2.22333224 3.45859628
v 2.63778562 2.25860508 3.53038135
v 2.72192343 2.11565765 3.55092123
v 2.84270136 2.08038482 3.47913616
v 2.80606123 1.97271023 3.57146112
v 2.60114550 2.15093048 3.62270630
v 2.68528330 2.00798306 3.64324618
v 2.56450537 2.04325589 3.71503125
v 2.92683917 1.93743739 3.49967605
v 2.59028795 2.50922709 3.41751651
v 2.55364782 2.40155250 3.50984146
v 2.46951001 2.54449993 3.48930157
v 2.43286989 2.43682533 3.58162653
v 2.51700769 2.29387791 3.60216641
v 2.39622976 2.32915074 3.67395148
v 2.34873208 2.57977276 3.56108664
v 2.31209195 2.47209817 3.65341160
v 2.48036756 2.18620332 3.69449137
v 2.89019904 1.82976280 3.59200100
v 2.76942111 1.86503563 3.66378607
v 2.85355891 1.72208821 3.68432596
v 2.73278098 1.75736104 3.75611102
v 2.64864317 1.90030847 3.73557114
v 2.81691878 1.61441362 3.77665091
v 4.50554135 0.16234941 2.09963977
v 4.41688012 0.15616932 2.28427161
v 4.43512396 0.31851874 2.17842706
v 4.52378519 0.32469883 1.99379522
v 4.34646274 0.31233865 2.36305890
v 4.45336781 0.48086815 2.07258251
v 4.36470658 0.47468806 2.25721435
v 4.38295042 0.63703748 2.15136980
v 4.54202903 0.48704824 1.88795067
v 4.47161165 0.64321757 1.96673796
v 4.56027287 0.64939766 1.78210612
v 4.27604536 0.46850797 2.44184619
v 4.29428920 0.63085739 2.33600164
v 4.20562798 0.62467730 2.52063348
v 4.48985549 0.80556698 1.86089341
v 4.40119426 0.79938689 2.04552525
v 4.41943811 0.96173631 1.93968070
v 4.33077688 0.95555622 2.12431254
v 4.31253304 0.79320680 2.23015709
v 4.24211566 0.94937613 2.30894438
v 4.34902072 1.11790563 2.01846799
v 4.26035950 1.11172554 2.20309983
v 4.27860334 1.27407496 2.09725528
v 4.22387182 0.78702671 2.41478893
v 4.57851671 0.81174707 1.67626157
v 4.50809933 0.96791640 1.75504886
v 4.59676055 0.97409649 1.57041702
v 4.52634317 1.13026581 1.64920431
v 4.43768195 1.12408572 1.83383615
v 4.45592579 1.28643514 1.72799160
v 4.61500439 1.13644590 1.46457247
v 4.54458701 1.29261523 1.54335976
v 4.63324823 1.29879532 1.35872792
v 4.36726456 1.28025505 1.91262344
v 4.13521060 0.78084662 2.59942077
v 4.15345444 0.94319604 2.49357622
v 4.06479321 0.93701595 2.67820806
v 4.17169828 1.10554545 2.38773167
v 4.08303705 1.09936536 2.57236351
v 4.10128090 1.26171478 2.46651896
v 4.18994212 1.26789487 2.28188712
v 3.99437583 1.09318527 2.75699535
v 4.01261967 1.25553469 2.65115080
v 0.43750000 0.55399356 4.94507647
v 0.43890836 0.61124790 4.93643968
v 0.37500000 0.60798713 4.94040547
v 0.44031672 0.66850224 4.92780290
v 0.37640836 0.66524147 4.93176868
v 0.37781672 0.72249581 4.92313190
v 0.44172508 0.72575658 4.91916612
v 0.31250000 0.66198069 4.93573447
v 0.31390836 0.71923503 4.92709768
v 0.25000000 0.71597426 4.93106346
v 0.44313343 0.78301092 4.91052933
v 0.37922508 0.77975015 4.91449512
v 0.38063343 0.83700449 4.90585833
v 0.31672508 0.83374371 4.90982411
v 0.31531672 0.77648937 4.91846090
v 0.25281672 0.83048294 4.91378990
v 0.31813343 0.89099805 4.90118733
v 0.25422508 0.88773728 4.90515311
v 0.25563343 0.94499162 4.89651633
v 0.25140836 0.77322860 4.92242668
v 0.44454179 0.84026526 4.90189255
v 0.44595015 0.89751960 4.89325577
v 0.38204179 0.89425883 4.89722155
v 0.38345015 0.95151317 4.88858477
v 0.44735851 0.95477394 4.88461898
v 0.31954179 0.94825239 4.89255055
v 0.18750000 0.76996782 4.92639246
v 0.18890836 0.82722216 4.91775568
v 0.12500000 0.82396139 4.92172146
v 0.19031672 0.88447650 4.90911890
v 0.12640836 0.88121573 4.91308468
v 0.12781672 0.93847007 4.90444790
v 0.19172508 0.94173084 4.90048211
v 0.06250000 0.87795495 4.91705046
v 0.06390836 0.93520929 4.90841368
v 3.93148733 1.37752201 2.72980533
v 4.02014856 1.38370210 2.54517349
v 3.93901622 1.50568942 2.62382802
v 4.10880978 1.38988219 2.36054165
v 4.02767744 1.51186951 2.43919618
v 4.11633866 1.51804960 2.25456434
v 4.19747100 1.39606228 2.17590981
v 3.94654510 1.63385683 2.51785071
v 4.03520632 1.64003692 2.33321887
v 3.95407398 1.76202425 2.41187341
v 4.28613222 1.40224237 1.99127797
v 4.20499989 1.52422969 2.06993250
v 4.29366111 1.53040978 1.88530066
v 4.21252877 1.65239710 1.96395519
v 4.12386755 1.64621701 2.14858703
v 4.13139643 1.77438443 2.04260973
v 4.30118999 1.65857719 1.77932335
v 4.22005765 1.78056452 1.85797788
v 4.30871888 1.78674461 1.67334604
v 4.04273521 1.76820434 2.22724157
v 4.37479345 1.40842246 1.80664613
v 4.46345467 1.41460255 1.62201429
v 4.38232233 1.53658987 1.70066882
v 4.47098355 1.54276996 1.51603698
v 4.55211589 1.42078264 1.43738245
v 4.38985121 1.66475728 1.59469151
v 3.96160287 1.89019166 2.30589610
v 4.05026409 1.89637175 2.12126426
v 3.96913175 2.01835907 2.19991879
v 4.13892531 1.90255184 1.93663242
v 4.05779298 2.02453916 2.01528695
v 4.14645420 2.03071925 1.83065511
v 4.22758654 1.90873193 1.75200058
v 3.97666064 2.14652648 2.09394148
v 4.06532186 2.15270657 1.90930964
v 3.98418952 2.27469390 1.98796417
v 2.06181811 0.32486574 4.50409138
v 2.07001513 0.49037317 4.47525790
v 1.99432474 0.48422406 4.50922720
v 2.00252177 0.64973148 4.48039373
v 2.07821216 0.65588060 4.44642442
v 1.92683138 0.64358237 4.51436303
v 2.08640918 0.82138803 4.41759094
v 2.01071879 0.81523891 4.45156025
v 2.01891581 0.98074634 4.42272677
v 1.94322542 0.97459723 4.45669608
v 1.93502840 0.80908980 4.48552955
v 1.86753503 0.96844811 4.49066538
v 1.95142245 1.14010466 4.42786260
v 1.87573205 1.13395554 4.46183190
v 1.88392908 1.29946297 4.43299843
v 1.85933801 0.80294068 4.51949886
v 2.09460620 0.98689546 4.38875747
v 2.10280323 1.15240289 4.35992399
v 2.02711284 1.14625377 4.39389329
v 2.03530986 1.31176120 4.36505982
v 2.11100025 1.31791032 4.33109051
v 1.95961947 1.30561209 4.39902912
v 1.79184464 0.96229899 4.52463469
v 1.80004166 1.12780642 4.49580121
v 1.72435127 1.12165731 4.52977051
v 1.73254830 1.28716474 4.50093704
v 1.80823869 1.29331385 4.46696773
v 1.65685791 1.28101562 4.53490634
v 2.45720186 3.26629197 -2.83180269
v 2.28099073 3.22677106 -2.96569036
v 2.29774580 3.37889794 -2.79875531
v 2.10477961 3.18725015 -3.09957803
v 2.12153467 3.33937703 -2.93264299
v 1.94532355 3.29985612 -3.06653066
v 1.92856848 3.14772923 -3.23346570
v 2.13828974 3.49150391 -2.76570794
v 1.96207861 3.45198300 -2.89959561
v 1.97883368 3.60410988 -2.73266056
v 1.75235735 3.10820832 -3.36735338
v 1.76911242 3.26033520 -3.20041833
v 1.59290129 3.22081429 -3.33430600
v 1.60965636 3.37294117 -3.16737095
v 1.78586749 3.41246208 -3.03348328
v 1.62641143 3.52506805 -3.00043591
v 1.43344523 3.33342026 -3.30125862
v 1.45020030 3.48554714 -3.13432358
v 1.27398917 3.44602623 -3.26821125
v 1.80262255 3.56458897 -2.86654823
v 1.57614622 3.06868741 -3.50124105
v 1.39993509 3.02916649 -3.63512872
v 1.41669016 3.18129338 -3.46819367
v 1.24047903 3.14177246 -3.60208134
v 1.22372396 2.98964558 -3.76901639
v 1.25723410 3.29389934 -3.43514630
v 1.81937762 3.71671585 -2.69961319
v 1.64316649 3.67719493 -2.83350086
v 1.65992156 3.82932181 -2.66656581
v 1.46695537 3.63767402 -2.96738853
v 1.48371044 3.78980090 -2.80045348
v 1.30749931 3.75027999 -2.93434115
v 1.29074424 3.59815311 -3.10127620
v 1.50046550 3.94192778 -2.63351844
v 1.32425438 3.90240687 -2.76740611
v 1.34100944 4.05453375 -2.60047106
v 2.19017375 2.53289796 3.70105343
v 2.27431156 2.38995054 3.72159331
v 2.15239336 2.45075033 3.76923515
v 2.23653116 2.30780291 3.78977503
v 2.35844936 2.24700311 3.74213320
v 2.32066897 2.16485548 3.81031492
v 2.11461296 2.36860270 3.83741686
v 2.19875077 2.22565528 3.85795675
v 2.07683257 2.28645507 3.90559858
v 2.44258717 2.10405569 3.76267308
v 2.16097037 2.14350765 3.92613847
v 2.28288857 2.08270785 3.87849663
v 2.24510818 2.00056022 3.94667835
v 2.36702638 1.93976043 3.89903652
v 2.40480677 2.02190806 3.83085480
v 2.48894458 1.87896063 3.85139469
v 2.32924598 1.85761280 3.96721824
v 2.45116418 1.79681300 3.91957641
v 2.41338379 1.71466537 3.98775812
v 2.52672497 1.96110826 3.78321297
v 2.03905217 2.20430744 3.97378030
v 2.12318998 2.06136002 3.99432018
v 2.00127178 2.12215981 4.04196202
v 2.08540958 1.97921239 4.06250190
v 2.20732778 1.91841259 4.01486007
v 2.16954739 1.83626496 4.08304179
v 1.96349138 2.04001218 4.11014373
v 2.04762919 1.89706476 4.13068362
v 1.92571099 1.95786455 4.17832545
v 2.29146559 1.77546517 4.03539996
v 2.61086278 1.81816084 3.80375286
v 2.57308238 1.73601321 3.87193457
v 2.69500058 1.67521341 3.82429274
v 2.65722019 1.59306578 3.89247446
v 2.53530199 1.65386558 3.94011629
v 2.77913839 1.53226599 3.84483263
v -1.71818815 3.12314334 -3.47245778
v -1.66984518 3.26411745 -3.35416966
v -1.83237450 3.19078867 -3.31059394
v -1.88071746 3.04981457 -3.42888206
v -1.78403153 3.33176278 -3.19230583
v -1.99490381 3.11745990 -3.26701823
v -1.94656084 3.25843400 -3.14873011
v -2.10909016 3.18510523 -3.10515439
v -2.04324677 2.97648579 -3.38530634
v -2.15743312 3.04413112 -3.22344251
v -2.20577609 2.90315701 -3.34173062
v -1.89821788 3.39940811 -3.03044200
v -2.06074719 3.32607933 -2.98686628
v -2.01240422 3.46705344 -2.86857816
v -2.31996243 2.97080234 -3.17986679
v -2.27161947 3.11177645 -3.06157867
v -2.43414878 3.03844767 -3.01800295
v -2.38580582 3.17942178 -2.89971484
v -2.22327650 3.25275055 -2.94329056
v -2.33746285 3.32039588 -2.78142673
v -2.54833513 3.10609300 -2.85613912
v -2.49999216 3.24706711 -2.73785101
v -2.66252148 3.17373833 -2.69427529
v -2.17493354 3.39372466 -2.82500244
v -2.36830540 2.82982823 -3.29815490
v -2.48249175 2.89747356 -3.13629107
v -2.53083471 2.75649946 -3.25457918
v -2.64502106 2.82414479 -3.09271535
v -2.59667809 2.96511889 -2.97442723
v -2.75920741 2.89179012 -2.93085151
v -2.69336402 2.68317068 -3.21100346
v -2.80755037 2.75081601 -3.04913963
v -2.85589334 2.60984190 -3.16742774
v -2.71086444 3.03276422 -2.81256340
v -2.12659057 3.53469877 -2.70671433
v -2.28911988 3.46136999 -2.66313861
v -2.24077692 3.60234410 -2.54485050
v -2.45164920 3.38804121 -2.61956289
v -2.40330623 3.52901532 -2.50127478
v -2.56583554 3.45568654 -2.45769906
v -2.61417851 3.31471243 -2.57598717
v -2.35496327 3.66998943 -2.38298666
v -2.51749258 3.59666065 -2.33941094
v -2.46914961 3.73763475 -2.22112283
v 0.43846717 3.19634391 3.80211184
v 0.41243745 3.10374534 3.87075680
v 0.53076190 3.10559177 3.85253550
v 0.38640773 3.01114677 3.93940176
v 0.50473218 3.01299319 3.92118046
v 0.47870246 2.92039462 3.98982542
v 0.36037801 2.91854819 4.00804672
v 0.62305663 3.01483962 3.90295917
v 0.59702691 2.92224105 3.97160413
v 0.71535136 2.92408748 3.95338283
v 0.33434829 2.82594962 4.07669168
v 0.45267274 2.82779605 4.05847038
v 0.42664302 2.73519747 4.12711534
v 0.54496747 2.73704390 4.10889405
v 0.57099719 2.82964248 4.04024909
v 0.66329192 2.73889033 4.09067275
v 0.51893775 2.64444533 4.17753901
v 0.63726220 2.64629176 4.15931771
v 0.61123248 2.55369318 4.22796267
v 0.68932164 2.83148890 4.02202779
v 0.30831857 2.73335105 4.14533664
v 0.28228885 2.64075247 4.21398160
v 0.40061330 2.64259890 4.19576030
v 0.37458358 2.55000033 4.26440526
v 0.25625913 2.54815390 4.28262656
v 0.49290803 2.55184676 4.24618397
v 0.80764609 2.83333533 4.00380650
v 0.78161637 2.74073676 4.07245146
v 0.89994082 2.74258318 4.05423016
v 0.75558665 2.64813818 4.14109642
v 0.87391110 2.64998461 4.12287512
v 0.84788138 2.55738604 4.19152008
v 0.72955693 2.55553961 4.20974138
v 0.99223555 2.65183104 4.10465383
v 0.96620583 2.55923247 4.17329879
v -0.57624604 1.43501004 4.74119678
v -0.49784142 1.49487834 4.72751102
v -0.58315556 1.52966170 4.70642626
v -0.50475094 1.58953001 4.69274049
v -0.41943680 1.55474665 4.71382525
v -0.59006508 1.62431336 4.67165573
v -0.34103218 1.61461496 4.70013949
v -0.42634632 1.64939832 4.67905472
v -0.34794170 1.70926662 4.66536896
v -0.43325584 1.74404998 4.64428419
v -0.51166046 1.68418167 4.65796996
v -0.51856998 1.77883333 4.62319943
v -0.35485122 1.80391829 4.63059843
v -0.44016536 1.83870164 4.60951366
v -0.59697460 1.71896503 4.63688520
v -0.26262756 1.67448327 4.68645372
v -0.18422294 1.73435158 4.67276795
v -0.26953708 1.76913493 4.65168319
v -0.60388413 1.81361669 4.60211467
v -0.52547951 1.87348500 4.58842890
v -0.61079365 1.90826835 4.56734414
v -1.57860731 2.15778969 4.21253835
v -1.46562224 2.12941279 4.25672498
v -1.55031672 2.05086080 4.26708092
v -1.43733165 2.02248390 4.31126756
v -1.35263717 2.10103589 4.30091162
v -1.32434657 1.99410700 4.35545419
v -1.52202613 1.94393191 4.32162350
v -1.40904105 1.91555500 4.36581013
v -1.49373553 1.83700301 4.37616607
v -1.23965209 2.07265899 4.34509825
v -1.38075046 1.80862611 4.42035271
v -1.29605598 1.88717810 4.40999677
v -1.26776538 1.78024921 4.46453934
v -1.18307090 1.85880120 4.45418340
v -1.21136150 1.96573009 4.39964083
v -1.09837642 1.93735319 4.44382746
v -1.15478031 1.75187231 4.50872597
v -1.07008583 1.83042430 4.49837003
v -1.12666702 2.04428208 4.38928489
v -1.46544494 1.73007412 4.43070865
v -1.35245986 1.70169722 4.47489528
v -1.43715434 1.62314523 4.48525122
v -1.32416927 1.59476833 4.52943785
v -1.23947479 1.67332032 4.51908191
v -1.40886375 1.51621634 4.53979379
v -1.01368194 2.01590518 4.43347152
v -0.98539135 1.90897629 4.48801409
v -0.90069687 1.98752828 4.47765815
v 0.60358551 2.07384352 4.50941876
v 0.67401658 2.03662609 4.51147498
v 0.66370361 2.13474794 4.46512611
v 0.73413467 2.09753052 4.46718232
v 0.74444764 1.99940867 4.51353120
v 0.72382170 2.19565236 4.42083345
v 0.80456574 2.06031309 4.46923854
v 0.79425277 2.15843494 4.42288966
v 0.86468384 2.12121752 4.42494588
v 0.81487871 1.96219125 4.51558741
v 0.87499681 2.02309567 4.47129476
v 0.88530978 1.92497383 4.51764363
v 0.78393980 2.25655678 4.37654079
v 0.85437087 2.21933936 4.37859700
v 0.84405790 2.31746121 4.33224813
v 0.94542787 1.98587825 4.47335097
v 0.93511490 2.08400009 4.42700210
v 1.00554597 2.04678267 4.42905831
v 0.99523300 2.14490451 4.38270944
v 0.92480193 2.18212194 4.38065322
v 0.98492003 2.24302636 4.33636056
v 1.06566406 2.10768709 4.38476565
v 1.05535110 2.20580894 4.33841678
v 1.12578216 2.16859151 4.34047299
v 0.91448896 2.28024378 4.33430435
v 0.95574084 1.88775640 4.51969985
v 1.01585894 1.94866082 4.47540719
v 1.02617191 1.85053898 4.52175606
v 1.08629000 1.91144340 4.47746340
v 1.07597703 2.00956525 4.43111453
v 1.14640810 1.97234782 4.43317075
v 1.09660297 1.81332156 4.52381228
v 1.15672107 1.87422598 4.47951962
v 1.16703404 1.77610413 4.52586850
v 1.13609513 2.07046967 4.38682187
v 0.90417599 2.37836563 4.28795547
v 0.97460706 2.34114820 4.29001169
v 0.96429409 2.43927005 4.24366281
v 1.04503813 2.30393078 4.29206790
v 1.03472516 2.40205263 4.24571903
v 1.10515622 2.36483520 4.24777524
v 1.11546919 2.26671336 4.29412412
v 1.02441219 2.50017447 4.19937015
v 1.09484325 2.46295705 4.20142637
v -2.38975199 1.59434344 -4.05658128
v -2.29381430 1.81274343 -3.97313507
v -2.45634361 1.73941465 -3.92955935
v -2.36040592 1.95781464 -3.84611313
v -2.19787661 2.03114341 -3.88968885
v -2.26446823 2.17621462 -3.76266692
v -2.52293523 1.88448586 -3.80253741
v -2.42699754 2.10288585 -3.71909120
v -2.58952685 2.02955707 -3.67551548
v -2.10193892 2.24954340 -3.80624264
v -2.49358916 2.24795705 -3.59206926
v -2.33105985 2.32128583 -3.63564498
v -2.39765147 2.46635704 -3.50862305
v -2.23512216 2.53968582 -3.55219877
v -2.16853054 2.39461461 -3.67922070
v -2.07259284 2.61301459 -3.59577449
v -2.30171378 2.68475703 -3.42517683
v -2.13918447 2.75808580 -3.46875255
v -2.00600122 2.46794339 -3.72279642
v -2.65611847 2.17462828 -3.54849354
v -2.56018078 2.39302826 -3.46504733
v -2.72271010 2.31969949 -3.42147161
v -2.62677240 2.53809947 -3.33802539
v -2.46424309 2.61142825 -3.38160111
v -2.78930172 2.46477069 -3.29444968
v -1.91006353 2.68634337 -3.63935021
v -1.97665515 2.83141458 -3.51232827
v -1.81412584 2.90474336 -3.55590399
v 3.76212279 1.78319780 -2.71586429
v 3.83575263 1.55562663 -2.68559760
v 3.86902809 1.74582626 -2.54643614
v 3.94265793 1.51825509 -2.51616945
v 3.90938247 1.32805547 -2.65533091
v 4.01628777 1.29068393 -2.48590277
v 3.97593340 1.70845472 -2.37700800
v 4.04956324 1.48088355 -2.34674131
v 4.08283870 1.67108318 -2.20757985
v 3.98301231 1.10048430 -2.62506423
v 4.15646854 1.44351201 -2.17731316
v 4.12319308 1.25331239 -2.31647462
v 4.23009838 1.21594084 -2.14704648
v 4.19682292 1.02574122 -2.28620794
v 4.08991762 1.06311276 -2.45563608
v 4.16354746 0.83554159 -2.42536940
v 4.30372822 0.98836968 -2.11677979
v 4.27045276 0.79817005 -2.25594125
v 4.37735806 0.76079851 -2.08651311
v 4.05664215 0.87291313 -2.59479754
v 4.18974400 1.63371164 -2.03815170
v 4.26337385 1.40614047 -2.00788502
v 4.29664931 1.59634010 -1.86872356
v 4.37027915 1.36876893 -1.83845687
v 4.33700369 1.17856930 -1.97761833
v 4.44390899 1.14119776 -1.80819019
v 4.40355461 1.55896856 -1.69929541
v 4.47718445 1.33139739 -1.66902873
v 4.51045992 1.52159702 -1.52986727
v 4.41063353 0.95099814 -1.94735165
v 4.13027199 0.64534196 -2.56453086
v 4.23717730 0.60797042 -2.39510271
v 4.20390183 0.41777080 -2.53426417
v 4.31080714 0.38039925 -2.36483602
v 4.34408260 0.57059888 -2.22567456
v 4.27753168 0.19019963 -2.50399748
v 1.27654445 3.42748895 3.38782650
v 1.23592889 3.31668068 3.49023040
v 1.14363416 3.40743282 3.43980674
v 1.10301860 3.29662455 3.54221064
v 1.19531334 3.20587241 3.59263431
v 1.06240305 3.18581628 3.64461455
v 1.01072387 3.38737670 3.49178698
v 0.97010832 3.27656842 3.59419088
v 0.87781359 3.36732057 3.54376722
v 1.15469778 3.09506413 3.69503821
v 0.83719803 3.25651230 3.64617112
v 0.92949276 3.16576015 3.69659479
v 0.79658247 3.14570402 3.74857503
v 0.88887720 3.05495188 3.79899869
v 1.02178749 3.07500800 3.74701845
v 0.98117193 2.96419973 3.84942235
v 0.75596691 3.03489575 3.85097893
v 0.84826165 2.94414360 3.90140259
v 1.11408222 2.98425586 3.79744212
v 0.74490330 3.34726444 3.59574746
v 0.70428774 3.23645617 3.69815136
v 0.61199301 3.32720831 3.64772770
v 0.57137745 3.21640004 3.75013160
v 0.66367218 3.12564789 3.80055526
v 0.47908272 3.30715218 3.69970794
v 1.07346666 2.87344759 3.89984602
v 0.94055638 2.85339146 3.95182626
v 1.03285111 2.76263931 4.00224992
v 1.95833344 1.87863891 4.19317492
v 2.08025164 1.81783912 4.14553309
v 1.99095590 1.79941327 4.20802439
v 2.11287410 1.73861348 4.16038256
v 2.20216984 1.75703932 4.09789126
v 2.23479230 1.67781368 4.11274073
v 2.02357836 1.72018763 4.22287386
v 2.14549656 1.65938784 4.17523203
v 2.05620081 1.64096199 4.23772333
v 2.32408804 1.69623953 4.05024942
v 2.17811901 1.58016220 4.19008150
v 2.26741476 1.59858804 4.12759020
v 2.30003721 1.51936240 4.14243966
v 2.38933296 1.53778825 4.07994836
v 2.35671050 1.61701389 4.06509889
v 2.47862870 1.55621409 4.01745706
v 2.42195541 1.45856261 4.09479783
v 2.51125116 1.47698845 4.03230653
v 2.44600624 1.63543973 4.00260759
v 2.08882327 1.56173635 4.25257280
v 2.21074147 1.50093656 4.20493097
v 2.12144573 1.48251071 4.26742227
v 2.24336393 1.42171092 4.21978044
v 2.33265967 1.44013676 4.15728913
v 2.15406818 1.40328507 4.28227174
v 2.56792444 1.57463994 3.95496576
v 2.60054690 1.49541430 3.96981523
v 2.68984264 1.51384014 3.90732393
v -4.90891850 0.14432667 0.74427615
v -4.91808641 0.23262222 0.60300035
v -4.86229704 0.37694889 0.75425393
v -4.85312912 0.28865335 0.89552973
v -4.87146496 0.46524444 0.61297813
v -4.80650767 0.52127557 0.90550751
v -4.81567559 0.60957111 0.76423171
v -4.75988621 0.75389779 0.91548529
v -4.79733975 0.43298002 1.04678331
v -4.75071830 0.66560224 1.05676109
v -4.74155038 0.57730669 1.19803689
v -4.82484351 0.69786666 0.62295591
v -4.76905413 0.84219334 0.77420949
v -4.77822205 0.93048888 0.63293369
v -4.69492892 0.80992891 1.20801467
v -4.70409684 0.89822446 1.06673887
v -4.64830747 1.04255113 1.21799245
v -4.65747539 1.13084668 1.07671665
v -4.71326476 0.98652001 0.92546307
v -4.66664330 1.21914223 0.93544085
v -4.60168601 1.27517336 1.22797023
v -4.61085393 1.36346890 1.08669443
v -4.55506456 1.50779558 1.23794801
v -4.72243268 1.07481556 0.78418727
v -4.68576100 0.72163337 1.34929047
v -4.63913955 0.95425559 1.35926825
v -4.62997163 0.86596004 1.50054405
v -4.58335018 1.09858226 1.51052183
v -4.59251809 1.18687781 1.36924603
v -4.53672872 1.33120448 1.52049961
v -4.57418226 1.01028671 1.65179763
v -4.52756080 1.24290893 1.66177541
v -4.51839288 1.15461339 1.80305121
v -4.54589664 1.41950003 1.37922381
v -4.73160060 1.16311110 0.64291147
v -4.67581122 1.30743778 0.79416505
v -4.68497914 1.39573332 0.65288925
v -4.62002185 1.45176445 0.94541863
v -4.62918977 1.54006000 0.80414283
v -4.57340039 1.68438667 0.95539641
v -4.56423248 1.59609112 1.09667221
v -4.63835769 1.62835554 0.66286703
v -4.58256831 1.77268222 0.81412061
v -4.59173623 1.86097776 0.67284482
v -0.66886066 4.49823151 2.07810941
v -0.68174599 4.41002127 2.21403878
v -0.53086545 4.44956764 2.17029252
v -0.54375077 4.36135740 2.30622189
v -0.69463132 4.32181102 2.34996816
v -0.39287023 4.40090378 2.26247563
v -0.55663610 4.27314716 2.44215127
v -0.40575556 4.31269354 2.39840501
v -0.41864089 4.22448330 2.53433438
v -0.70751664 4.23360078 2.48589753
v -0.56952143 4.18493692 2.57808064
v -0.72040197 4.14539054 2.62182690
v -0.25487502 4.35223992 2.35465874
v -0.26776035 4.26402967 2.49058812
v -0.11687981 4.30357605 2.44684185
v -0.58240676 4.09672668 2.71401001
v -0.43152622 4.13627305 2.67026375
v -0.44441154 4.04806281 2.80619312
v -0.29353100 4.08760919 2.76244686
v -0.28064567 4.17581943 2.62651749
v -0.14265046 4.12715557 2.71870060
v -0.30641633 3.99939895 2.89837623
v -0.15553579 4.03894533 2.85462997
v -0.12976513 4.21536581 2.58277123
v -0.73328730 4.05718030 2.75775627
v -0.59529208 4.00851644 2.84993938
v -0.74617262 3.96897006 2.89368565
v -0.60817741 3.92030619 2.98586876
v -0.45729687 3.95985257 2.94212250
v -0.75905795 3.88075982 3.02961502
v 0.02111541 4.25491219 2.53902496
v 0.00823008 4.16670195 2.67495434
v 0.15911062 4.20624832 2.63120807
v -0.00465525 4.07849170 2.81088371
v 0.14622529 4.11803808 2.76713745
v 0.29710583 4.15758446 2.72339119
v -1.71787149 3.01342420 3.58317600
v -1.60657086 3.08574433 3.56967497
v -1.59071749 2.97878638 3.65179208
v -1.70201812 2.90646625 3.66529311
v -1.47941686 3.05110651 3.63829105
v -1.57486412 2.87182844 3.73390919
v -1.46356349 2.94414856 3.72040816
v -1.44771013 2.83719062 3.80252528
v -1.68616475 2.79950831 3.74741022
v -1.55901075 2.76487049 3.81602631
v -1.67031138 2.69255036 3.82952734
v -1.35226287 3.01646869 3.70690713
v -1.33640950 2.90951075 3.78902425
v -1.22510887 2.98183088 3.77552322
v -1.54315739 2.65791254 3.89814342
v -1.43185676 2.73023267 3.88464239
v -1.41600339 2.62327473 3.96675950
v -1.30470276 2.69559486 3.95325847
v -1.32055613 2.80255280 3.87114136
v -1.19340213 2.76791498 3.93975744
v -1.28884939 2.58863691 4.03537558
v -1.17754876 2.66095704 4.02187455
v -1.20925550 2.87487293 3.85764033
v -1.65445801 2.58559242 3.91164445
v -1.52730402 2.55095460 3.98026053
v -1.63860465 2.47863447 3.99376156
v -1.51145065 2.44399665 4.06237764
v -1.40015002 2.51631678 4.04887661
v -1.62275128 2.37167653 4.07587867
v -1.09795487 2.94719306 3.84413930
v -1.08210150 2.84023511 3.92625641
v -0.97080087 2.91255524 3.91275538
v -1.06624813 2.73327717 4.00837352
v -0.95494750 2.80559730 3.99487249
v -0.84364687 2.87791742 3.98137146
v -0.09217322 0.17587138 -4.96761991
v -0.08294603 0.30877465 -4.95325612
v -0.18434644 0.35174276 -4.93523981
v -0.17511925 0.48464603 -4.92087603
v -0.07371885 0.44167791 -4.93889233
v -0.16589207 0.61754929 -4.90651224
v -0.27651966 0.52761415 -4.90285972
v -0.26729247 0.66051741 -4.88849593
v -0.36869288 0.70348553 -4.87047963
v -0.06449167 0.57458118 -4.92452854
v -0.35946569 0.83638879 -4.85611584
v -0.25806529 0.79342067 -4.87413214
v -0.35023851 0.96929206 -4.84175205
v -0.24883810 0.92632394 -4.85976835
v -0.15666489 0.75045256 -4.89214845
v -0.14743770 0.88335582 -4.87778466
v -0.34101132 1.10219532 -4.82738826
v -0.23961092 1.05922720 -4.84540456
v -0.33178414 1.23509859 -4.81302447
v -0.05526448 0.70748444 -4.91016475
v -0.46086609 0.87935691 -4.83809954
v -0.45163891 1.01226017 -4.82373575
v -0.55303931 1.05522829 -4.80571944
v -0.54381213 1.18813156 -4.79135566
v -0.44241173 1.14516344 -4.80937196
v -0.53458494 1.32103482 -4.77699187
v -0.64521253 1.23109967 -4.77333935
v -0.63598535 1.36400294 -4.75897556
v -0.73738575 1.40697106 -4.74095926
v -0.43318454 1.27806670 -4.79500817
v -0.04603730 0.84038770 -4.89580096
v -0.13821052 1.01625909 -4.86342087
v -0.03681011 0.97329097 -4.88143717
v -0.12898333 1.14916235 -4.84905708
v -0.23038374 1.19213047 -4.83104077
v -0.02758293 1.10619423 -4.86707338
v -4.46317659 1.40060304 -1.76588952
v -4.44712318 1.52565224 -1.62855411
v -4.35662023 1.55960491 -1.81957810
v -4.34056682 1.68465411 -1.68224268
v -4.43106976 1.65070144 -1.49121869
v -4.25006387 1.71860678 -1.87326667
v -4.32451340 1.80970331 -1.54490727
v -4.23401045 1.84365598 -1.73593126
v -4.21795704 1.96870518 -1.59859585
v -4.41501634 1.77575063 -1.35388328
v -4.30845998 1.93475250 -1.40757186
v -4.39896292 1.90079983 -1.21654787
v -4.14350751 1.87760865 -1.92695525
v -4.12745409 2.00265785 -1.78961984
v -4.03695115 2.03661052 -1.98064383
v -4.29240656 2.05980170 -1.27023644
v -4.20190362 2.09375437 -1.46126043
v -4.18585020 2.21880357 -1.32392502
v -4.09534726 2.25275624 -1.51494901
v -4.11140067 2.12770705 -1.65228442
v -4.00484431 2.28670892 -1.70597300
v -4.07929384 2.37780544 -1.37761360
v -3.98879089 2.41175811 -1.56863759
v -3.97273748 2.53680731 -1.43130217
v -4.02089773 2.16165972 -1.84330841
v -4.38290951 2.02584903 -1.07921246
v -4.27635314 2.18485090 -1.13290103
v -4.36685609 2.15089823 -0.94187704
v -4.26029973 2.30990010 -0.99556562
v -4.16979678 2.34385277 -1.18658961
v -4.15374337 2.46890197 -1.04925419
v -4.35080267 2.27594742 -0.80454163
v -4.24424631 2.43494929 -0.85823021
v -4.33474925 2.40099662 -0.66720622
v -4.06324042 2.50285464 -1.24027818
v -3.93039478 2.19561239 -2.03433240
v -3.91434137 2.32066159 -1.89699699
v -3.82383842 2.35461426 -2.08802098
v -3.89828795 2.44571079 -1.75966158
v -3.80778500 2.47966346 -1.95068556
v -3.79173159 2.60471266 -1.81335015
v -3.88223453 2.57075998 -1.62232616
v -3.71728206 2.51361613 -2.14170955
v -3.70122864 2.63866533 -2.00437414
v -3.61072570 2.67261800 -2.19539813
v -2.41933616 0.13541196 4.31054842
v -2.54491062 0.27082393 4.21322323
v -2.59198340 0.13541196 4.19063302
v -2.71755786 0.27082393 4.09330782
v -2.67048508 0.40623589 4.11589803
v -2.76463064 0.13541196 4.07071761
v -2.79605954 0.54164785 4.01857283
v -2.84313232 0.40623589 3.99598262
v -2.96870678 0.54164785 3.89865743
v -3.01577956 0.40623589 3.87606722
v -2.89020510 0.27082393 3.97339242
v -3.06285234 0.27082393 3.85347701
v -3.14135402 0.54164785 3.77874202
v -3.18842680 0.40623589 3.75615181
v -3.31400126 0.54164785 3.65882662
v -2.93727788 0.13541196 3.95080221
v -2.92163400 0.67705982 3.92124764
v -3.04720846 0.81247178 3.82392244
v -3.09428124 0.67705982 3.80133223
v -3.21985570 0.81247178 3.70400703
v -3.17278292 0.94788374 3.72659724
v -3.26692848 0.67705982 3.68141683
v -3.10992512 0.13541196 3.83088680
v -3.23549958 0.27082393 3.73356161
v -3.28257236 0.13541196 3.71097140
v -3.40814682 0.27082393 3.61364620
v -3.36107404 0.40623589 3.63623641
v -3.45521960 0.13541196 3.59105599
v -3.54772437 0.18751343 3.47164038
v -3.67085001 0.18751343 3.30126769
v -3.59315636 0.37502686 3.37481497
v -3.71628200 0.37502686 3.20444228
v -3.79397565 0.18751343 3.13089501
v -3.83940764 0.37502686 3.03406960
v -3.63858835 0.56254029 3.27798956
v -3.76171399 0.56254029 3.10761688
v -3.68402034 0.75005372 3.18116415
v -3.91710129 0.18751343 2.96052233
v -3.80714598 0.75005372 3.01079147
v -3.88483963 0.56254029 2.93724419
v -3.93027162 0.75005372 2.84041878
v -4.00796527 0.56254029 2.76687151
v -3.96253328 0.37502686 2.86369692
v -4.08565892 0.37502686 2.69332424
v -4.05339726 0.75005372 2.67004610
v -4.13109091 0.56254029 2.59649883
v -4.17652290 0.75005372 2.49967342
v -4.04022694 0.18751343 2.79014964
v -3.72945233 0.93756715 3.08433874
v -3.85257797 0.93756715 2.91396606
v -3.77488432 1.12508058 2.98751333
v -3.89800996 1.12508058 2.81714065
v -3.97570361 0.93756715 2.74359338
v -4.02113560 1.12508058 2.64676797
v -3.82031631 1.31259401 2.89068793
v -3.94344195 1.31259401 2.72031524
v -4.09882925 0.93756715 2.57322069
v -4.16335258 0.18751343 2.61977696
v -4.20878456 0.37502686 2.52295155
v -4.28647822 0.18751343 2.44940428
v -4.33191020 0.37502686 2.35257887
v -4.25421655 0.56254029 2.42612614
v -4.40960386 0.18751343 2.27903160
v -2.30649994 3.78188337 -2.27169980
v -2.19231359 3.71423804 -2.43356364
v -2.14385026 3.82613199 -2.32227678
v -2.02966392 3.75848666 -2.48414061
v -2.07812724 3.64659271 -2.59542747
v -1.91547757 3.69084133 -2.64600444
v -1.98120059 3.87038060 -2.37285375
v -1.86701424 3.80273527 -2.53471758
v -1.81855091 3.91462922 -2.42343072
v -1.96394090 3.57894738 -2.75729130
v -1.70436457 3.84698389 -2.58529456
v -1.75282789 3.73508994 -2.69658142
v -1.59017822 3.77933856 -2.74715839
v -1.63864155 3.66744461 -2.85844525
v -1.80129122 3.62319600 -2.80786828
v -1.68710487 3.55555067 -2.96973211
v -1.47599187 3.71169323 -2.90902222
v -1.52445520 3.59979929 -3.02030908
v -1.36180552 3.64404790 -3.07088606
v -1.84975455 3.51130205 -2.91915514
v -1.65590124 3.95887783 -2.47400770
v -1.54171489 3.89123250 -2.63587153
v -1.49325156 4.00312645 -2.52458467
v -1.37906521 3.93548112 -2.68644850
v -1.42752854 3.82358718 -2.79773536
v -1.26487887 3.86783579 -2.84831234
v -1.33060189 4.04737507 -2.57516164
v -1.21641554 3.97972974 -2.73702548
v -1.16795221 4.09162368 -2.62573862
v -1.31334220 3.75594185 -2.95959920
v -1.73556820 3.44365672 -3.08101897
v -1.57291853 3.48790534 -3.13159594
v -1.62138186 3.37601140 -3.24288280
v -1.45873218 3.42026001 -3.29345978
v -1.41026885 3.53215396 -3.18217292
v -1.50719551 3.30836607 -3.40474664
v -3.58813783 2.77793510 -2.03814246
v -3.67864078 2.74398243 -1.84711847
v -3.56554997 2.88325221 -1.88088680
v -3.76914372 2.71002976 -1.65609448
v -3.65605292 2.84929953 -1.68986281
v -3.74655586 2.81534686 -1.49883882
v -3.85964667 2.67607709 -1.46507050
v -3.54296211 2.98856931 -1.72363113
v -3.63346505 2.95461664 -1.53260714
v -3.52037424 3.09388641 -1.56637546
v -3.95014961 2.64212441 -1.27404651
v -3.83705880 2.78139419 -1.30781483
v -3.92756175 2.74744152 -1.11679084
v -3.81447094 2.88671129 -1.15055916
v -3.72396800 2.92066396 -1.34158315
v -3.70138013 3.02598107 -1.18432748
v -3.90497389 2.85275862 -0.95953517
v -3.79188308 2.99202839 -0.99330349
v -3.88238602 2.95807572 -0.80227950
v -3.61087719 3.05993374 -1.37535147
v -4.04065256 2.60817174 -1.08302252
v -4.13115550 2.57421907 -0.89199853
v -4.01806469 2.71348884 -0.92576685
v -4.10856764 2.67953617 -0.73474286
v -4.22165845 2.54026640 -0.70097454
v -3.99547683 2.81880595 -0.76851118
v -3.49778638 3.19920351 -1.40911979
v -3.58828932 3.16525084 -1.21809580
v -3.47519852 3.30452062 -1.25186412
v -3.67879227 3.13129817 -1.02707181
v -3.56570146 3.27056794 -1.06084014
v -3.65620441 3.23661527 -0.86981615
v -3.76929521 3.09734550 -0.83604782
v -3.45261065 3.40983772 -1.09460846
v -3.54311360 3.37588505 -0.90358447
v -3.43002279 3.51515482 -0.93735279
v -0.88523468 3.58986990 3.31803910
v -1.00545737 3.50584897 3.35997841
v -0.87830338 3.47121115 3.42859449
v -0.99852607 3.38719023 3.47053380
v -1.12568007 3.42182804 3.40191772
v -0.87137207 3.35255241 3.53914988
v -1.24590277 3.33780711 3.44385704
v -1.11874877 3.30316930 3.51247312
v -1.23897147 3.21914837 3.55441243
v -1.11181747 3.18451055 3.62302851
v -0.99159477 3.26853148 3.58108920
v -0.98466347 3.14987273 3.69164459
v -1.23204017 3.10048962 3.66496782
v -1.10488617 3.06585180 3.73358390
v -0.86444077 3.23389366 3.64970528
v -1.36612547 3.25378618 3.48579635
v -1.48634816 3.16976526 3.52773566
v -1.35919417 3.13512744 3.59635174
v -0.85750947 3.11523492 3.76026067
v -0.97773217 3.03121399 3.80219998
v -0.85057817 2.99657617 3.87081606
v -2.77594757 2.96585189 2.84696834
v -2.74050249 2.86598190 2.96522504
v -2.62199503 2.97366050 2.95730366
v -2.58654995 2.87379051 3.07556037
v -2.70505742 2.76611192 3.08348175
v -2.46804249 2.98146911 3.06763898
v -2.66961235 2.66624194 3.20173846
v -2.55110488 2.77392053 3.19381707
v -2.51565981 2.67405055 3.31207378
v -2.39715234 2.78172914 3.30415240
v -2.43259741 2.88159912 3.18589569
v -2.27864487 2.88940774 3.29623101
v -2.36170727 2.68185916 3.42240910
v -2.24319980 2.78953775 3.41448772
v -2.20775473 2.68966777 3.53274443
v -2.31408995 2.98927772 3.17797431
v -2.63416727 2.56637196 3.31999516
v -2.59872220 2.46650197 3.43825187
v -2.48021473 2.57418057 3.43033049
v -2.44476966 2.47431058 3.54858719
v -2.56327713 2.36663199 3.55650857
v -2.32626220 2.58198918 3.54066581
v -2.16013741 2.99708633 3.28830963
v -2.12469233 2.89721635 3.40656634
v -2.00618487 3.00489494 3.39864495
v -1.97073979 2.90502496 3.51690166
v -2.08924726 2.79734636 3.52482304
v -1.85223233 3.01270355 3.50898028
v 1.18967787 2.48567710 4.15798349
v 1.33260585 2.49242294 4.09270776
v 1.29482546 2.41027531 4.16088948
v 1.43775344 2.41702115 4.09561376
v 1.47553384 2.49916878 4.02743204
v 1.58068142 2.42376698 4.03033804
v 1.39997305 2.33487352 4.16379548
v 1.54290103 2.34161935 4.09851975
v 1.50512063 2.25947172 4.16670147
v 1.61846182 2.50591461 3.96215632
v 1.64804862 2.26621756 4.10142575
v 1.68582901 2.34836519 4.03324403
v 1.79097660 2.27296340 4.03615003
v 1.82875700 2.35511103 3.96796831
v 1.72360941 2.43051282 3.96506231
v 1.86653739 2.43725866 3.89978659
v 1.93390458 2.27970924 3.97087430
v 1.97168498 2.36185687 3.90269259
v 1.76138980 2.51266045 3.89688060
v 1.61026822 2.18406993 4.16960747
v 1.75319620 2.19081577 4.10433174
v 1.71541581 2.10866814 4.17251346
v 1.85834379 2.11541398 4.10723774
v 1.89612419 2.19756161 4.03905602
v 1.82056340 2.03326635 4.17541946
v 1.90431779 2.51940629 3.83160487
v 2.00946537 2.44400450 3.83451087
v 2.04724577 2.52615213 3.76632915
v -0.81629720 4.43207982 2.12017576
v -0.82918253 4.34386958 2.25610513
v -0.96373374 4.36592814 2.16224210
v -0.97661907 4.27771790 2.29817147
v -0.84206785 4.25565934 2.39203450
v -0.98950439 4.18950766 2.43410084
v -1.11117028 4.29977645 2.20430844
v -1.12405561 4.21156621 2.34023782
v -1.25860682 4.23362477 2.24637479
v -0.85495318 4.16744910 2.52796387
v -1.27149215 4.14541453 2.38230416
v -1.13694093 4.12335597 2.47616719
v -1.28437747 4.05720429 2.51823353
v -1.14982626 4.03514573 2.61209656
v -1.00238972 4.10129741 2.57003022
v -1.01527505 4.01308717 2.70595959
v -1.29726280 3.96899405 2.65416290
v -1.16271159 3.94693549 2.74802593
v -0.86783851 4.07923886 2.66389325
v -1.40604336 4.16747309 2.28844113
v -1.41892868 4.07926285 2.42437050
v -1.55347990 4.10132140 2.33050748
v -1.56636522 4.01311116 2.46643685
v -1.43181401 3.99105260 2.56029988
v -1.70091644 4.03516972 2.37257382
v -0.88072384 3.99102862 2.79982262
v -1.02816038 3.92487693 2.84188896
v -0.89360916 3.90281837 2.93575199
v -4.62239771 1.77594018 0.53157152
v -4.66901916 1.54331796 0.52159374
v -4.65305919 1.69090259 0.39029822
v -4.69968064 1.45828037 0.38032044
v -4.71564062 1.31069574 0.51161596
v -4.74630210 1.22565815 0.37034266
v -4.68372066 1.60586500 0.24902493
v -4.73034212 1.37324278 0.23904715
v -4.71438214 1.52082742 0.10775163
v -4.76226207 1.07807352 0.50163818
v -4.76100360 1.28820520 0.09777385
v -4.77696357 1.14062056 0.22906937
v -4.80762505 1.05558298 0.08779607
v -4.82358503 0.90799834 0.21909158
v -4.79292355 0.99303593 0.36036488
v -4.83954501 0.76041371 0.35038710
v -4.85424651 0.82296075 0.07781829
v -4.87020648 0.67537612 0.20911380
v -4.90086796 0.59033853 0.06784051
v -4.80888353 0.84545130 0.49166040
v -4.74504362 1.43578983 -0.03352167
v -4.79166507 1.20316761 -0.04349945
v -4.77570510 1.35075224 -0.17479496
v -4.82232655 1.11813002 -0.18477274
v -4.83828653 0.97054539 -0.05347723
v -4.86894801 0.88550780 -0.19475052
v -4.80636657 1.26571466 -0.31606826
v -4.85298803 1.03309243 -0.32604604
v -4.83702805 1.18067707 -0.45734155
v -4.88490798 0.73792317 -0.06345501
v -4.85550498 0.61282907 0.48168262
v -4.88616646 0.52779149 0.34040932
v -4.90212644 0.38020685 0.47170483
v -4.93278791 0.29516927 0.33043154
v -4.91682794 0.44275390 0.19913602
v -4.94874789 0.14758463 0.46172705
v 0.58472880 1.34598596 4.77285481
v 0.58649952 1.44670252 4.74264802
v 0.66766231 1.39304333 4.74188631
v 0.66589159 1.29232677 4.77209309
v 0.66943302 1.49375989 4.71167952
v 0.74882509 1.33938414 4.74112459
v 0.75059581 1.44010070 4.71091780
v 0.83175859 1.38644152 4.71015608
v 0.74705437 1.23866758 4.77133137
v 0.82998788 1.28572496 4.74036287
v 0.82821716 1.18500840 4.77056966
v 0.75236653 1.54081727 4.68071101
v 0.83352931 1.48715808 4.67994930
v 0.83530003 1.58787464 4.64974251
v 0.91115066 1.23206577 4.73960115
v 0.91292138 1.33278233 4.70939437
v 0.99408416 1.27912314 4.70863265
v 0.99585488 1.37983970 4.67842586
v 0.91469210 1.43349889 4.67918758
v 0.99762560 1.48055627 4.64821908
v 1.07701767 1.32618052 4.67766415
v 1.07878838 1.42689708 4.64745736
v 1.15995117 1.37323789 4.64669564
v 0.91646281 1.53421545 4.64898079
v 0.90937994 1.13134921 4.76980794
v 0.99231345 1.17840658 4.73883944
v 0.99054273 1.07769002 4.76904622
v 1.07347623 1.12474740 4.73807772
v 1.07524695 1.22546396 4.70787093
v 1.15640973 1.17180477 4.70710922
v 1.07170551 1.02403084 4.76828451
v 1.15463902 1.07108821 4.73731600
v 1.15818045 1.27252133 4.67690243
v 0.91823353 1.63493201 4.61877401
v 0.99939632 1.58127283 4.61801229
v 1.00116704 1.68198939 4.58780550
v 1.08055910 1.52761364 4.61725057
v 1.08232982 1.62833020 4.58704379
v 1.16349261 1.57467101 4.58628207
v 1.16172189 1.47395445 4.61648886
v 1.08410054 1.72904676 4.55683700
v 1.16526332 1.67538757 4.55607528
v 1.17013818 4.01714244 -2.68803096
v 1.15338311 3.86501556 -2.85496600
v 0.99926692 3.97975113 -2.77559085
v 1.13662804 3.71288868 -3.02190105
v 0.98251185 3.82762425 -2.94252590
v 0.96575678 3.67549736 -3.10946095
v 1.11987298 3.56076179 -3.18883610
v 0.82839565 3.94235982 -2.86315075
v 0.81164059 3.79023293 -3.03008580
v 0.65752439 3.90496850 -2.95071065
v 1.10311791 3.40863491 -3.35577114
v 0.94900171 3.52337048 -3.27639599
v 0.93224664 3.37124360 -3.44333104
v 0.77813045 3.48597917 -3.36395589
v 0.79488552 3.63810605 -3.19702084
v 0.62401425 3.60071474 -3.28458074
v 0.76137538 3.33385229 -3.53089094
v 0.60725918 3.44858786 -3.45151579
v 0.59050412 3.29646098 -3.61845083
v 0.64076932 3.75284162 -3.11764569
v 1.08636284 3.25650803 -3.52270619
v 1.06960777 3.10438115 -3.68964124
v 0.91549157 3.21911672 -3.61026609
v 0.89873651 3.06698984 -3.77720114
v 1.05285270 2.95225427 -3.85657629
v 0.74462031 3.18172541 -3.69782598
v 0.48665313 3.86757719 -3.03827054
v 0.46989806 3.71545031 -3.20520559
v 0.31578186 3.83018588 -3.12583044
v 0.45314299 3.56332343 -3.37214064
v 0.29902679 3.67805900 -3.29276549
v 0.28227173 3.52593212 -3.45970053
v 0.43638792 3.41119655 -3.53907568
v 0.14491060 3.79279457 -3.21339034
v 0.12815553 3.64066769 -3.38032538
v -0.02596066 3.75540326 -3.30095023
v 3.50025840 3.56280694 -0.23366182
v 3.51010214 3.52637064 -0.05191374
v 3.60140017 3.42522655 -0.12874031
v 3.61124391 3.38879025 0.05300777
v 3.51994588 3.48993434 0.12983434
v 3.70254194 3.28764617 -0.02381879
v 3.62108765 3.35235395 0.23475585
v 3.71238568 3.25120987 0.15792928
v 3.72222942 3.21477356 0.33967736
v 3.52978961 3.45349804 0.31158241
v 3.63093138 3.31591765 0.41650393
v 3.53963335 3.41706174 0.49333049
v 3.80368371 3.15006578 0.08110272
v 3.81352745 3.11362948 0.26285080
v 3.90482548 3.01248539 0.18602423
v 3.64077512 3.27948135 0.59825200
v 3.73207315 3.17833726 0.52142544
v 3.74191689 3.14190096 0.70317352
v 3.83321492 3.04075688 0.62634695
v 3.82337118 3.07719318 0.44459887
v 3.92451295 2.93961279 0.54952039
v 3.84305866 3.00432058 0.80809503
v 3.93435669 2.90317649 0.73126846
v 3.94420043 2.86674019 0.91301654
v 3.91466922 2.97604909 0.36777231
v 3.54947709 3.38062543 0.67507857
v 3.65061886 3.24304505 0.78000008
v 3.55932083 3.34418913 0.85682665
v 3.66046260 3.20660875 0.96174816
v 3.75176063 3.10546466 0.88492159
v 3.76160436 3.06902836 1.06666967
v 3.56916456 3.30775283 1.03857472
v 3.67030633 3.17017245 1.14349624
v 3.57900830 3.27131653 1.22032280
v 3.85290240 2.96788428 0.98984311
v 4.00596725 2.87490501 0.29094574
v 4.01581099 2.83846871 0.47269382
v 4.10710902 2.73732462 0.39586726
v 4.02565472 2.80203241 0.65444190
v 4.11695276 2.70088832 0.57761533
v 4.12679649 2.66445202 0.75936341
v 4.03549846 2.76559611 0.83618998
v 4.20825079 2.59974424 0.50078877
v 4.21809453 2.56330794 0.68253685
v 4.30939256 2.46216385 0.60571028
v 0.54537916 2.13290151 4.48334740
v 0.52557430 2.03454264 4.53076229
v 0.46736795 2.09360064 4.50469092
v 0.48717280 2.19195951 4.45727604
v 0.44756309 1.99524177 4.55210581
v 0.40916159 2.15265863 4.47861956
v 0.38935674 2.05429977 4.52603445
v 0.33115038 2.11335776 4.49996308
v 0.42896645 2.25101750 4.43120467
v 0.35095524 2.21171663 4.45254820
v 0.37076009 2.31007550 4.40513331
v 0.36955188 1.95594090 4.57344933
v 0.31134553 2.01499889 4.54737797
v 0.29154067 1.91664002 4.59479286
v 0.29274888 2.27077462 4.42647683
v 0.27294403 2.17241575 4.47389172
v 0.21473767 2.23147375 4.44782036
v 0.19493282 2.13311488 4.49523524
v 0.25313917 2.07405689 4.52130661
v 0.17512796 2.03475601 4.54265013
v 0.13672646 2.19217288 4.46916388
v 0.11692161 2.09381401 4.51657877
v 0.23333431 1.97569802 4.56872149
v 0.31255374 2.36913349 4.37906195
v 0.23454253 2.32983262 4.40040547
v 0.25434739 2.42819148 4.35299058
v 0.17633618 2.38889061 4.37433411
v 0.15653132 2.29053174 4.42174899
v 0.19614103 2.48724948 4.32691922
v 0.21352946 1.87733915 4.61613638
v 0.15532310 1.93639715 4.59006502
v 0.13551825 1.83803828 4.63747990
v 0.09711675 1.99545514 4.56399365
v 0.07731189 1.89709627 4.61140854
v 0.05750704 1.79873740 4.65882343
v -2.07613880 0.25526952 4.50963178
v -2.01059273 0.33242104 4.53088484
v -2.09670922 0.43338753 4.47022147
v -2.03116315 0.51053904 4.49147453
v -1.94504666 0.40957255 4.55213790
v -2.11727964 0.61150554 4.43081116
v -1.87950059 0.48672406 4.57339096
v -1.96561708 0.58769056 4.51272759
v -1.90007101 0.66484207 4.53398065
v -1.98618749 0.76580857 4.47331728
v -2.05173356 0.68865705 4.45206422
v -2.07230398 0.86677506 4.41265391
v -1.92064142 0.84296008 4.49457034
v -2.00675791 0.94392658 4.43390697
v -1.94121184 1.02107809 4.45516003
v -2.13785005 0.78962355 4.39140085
v -1.81395452 0.56387558 4.59464402
v -1.74840845 0.64102709 4.61589708
v -1.83452494 0.74199359 4.55523371
v -1.76897887 0.81914510 4.57648677
v -1.68286238 0.71817861 4.63715014
v -1.85509535 0.92011160 4.51582340
v -2.15842047 0.96774156 4.35199054
v -2.09287440 1.04489307 4.37324360
v -2.17899089 1.14585956 4.31258023
v -2.11344481 1.22301108 4.33383329
v -2.02732833 1.12204458 4.39449666
v -2.19956130 1.32397757 4.27316992
v 2.24267779 1.57452178 -4.14888962
v 2.08985307 1.73367825 -4.13082420
v 2.05578893 1.58477659 -4.21730444
v 1.90296421 1.74393306 -4.19923901
v 1.93702835 1.89283472 -4.11275878
v 1.75013949 1.90308952 -4.18117359
v 1.86890006 1.59503140 -4.28571925
v 1.71607534 1.75418787 -4.26765382
v 1.68201120 1.60528621 -4.35413406
v 1.78420363 2.05199118 -4.09469336
v 1.52918648 1.76444267 -4.33606864
v 1.56325062 1.91334433 -4.24958840
v 1.37636176 1.92359914 -4.31800321
v 1.41042590 2.07250080 -4.23152298
v 1.59731477 2.06224599 -4.16310817
v 1.44449005 2.22140245 -4.14504275
v 1.22353704 2.08275561 -4.29993779
v 1.25760118 2.23165726 -4.21345756
v 1.07071232 2.24191207 -4.28187237
v 1.63137891 2.21114765 -4.07662794
v 1.49512234 1.61554102 -4.42254887
v 1.34229762 1.77469748 -4.40448345
v 1.30823347 1.62579583 -4.49096368
v 1.15540875 1.78495229 -4.47289826
v 1.18947290 1.93385395 -4.38641802
v 1.00258403 1.94410876 -4.45483284
v 1.12134461 1.63605063 -4.55937849
v 0.96851989 1.79520710 -4.54131307
v 1.03664818 2.09301041 -4.36835260
v 1.47855419 2.37030411 -4.05856251
v 1.29166533 2.38055892 -4.12697733
v 1.32572947 2.52946058 -4.04049709
v 1.13884061 2.53971539 -4.10891190
v 1.10477647 2.39081373 -4.19539214
v 1.17290475 2.68861704 -4.02243167
v -1.83637896 2.90574561 3.59109739
v -1.95488642 2.79806701 3.59901877
v -1.82052559 2.79878766 3.67321450
v -1.93903306 2.69110907 3.68113588
v -2.07339389 2.69038842 3.60694015
v -1.80467222 2.69182971 3.75533161
v -2.19190136 2.58270983 3.61486154
v -2.05754052 2.58343047 3.68905726
v -2.17604799 2.47575188 3.69697865
v -2.04168715 2.47647253 3.77117437
v -1.92317969 2.58415112 3.76325299
v -1.90732632 2.47719318 3.84537010
v -2.16019462 2.36879393 3.77909576
v -2.02583378 2.36951458 3.85329148
v -2.14434125 2.26183599 3.86121287
v -1.78881885 2.58487177 3.83744872
v -2.31040883 2.47503123 3.62278292
v -2.42891629 2.36735264 3.63070430
v -2.29455546 2.36807329 3.70490003
v -2.41306292 2.26039469 3.71282141
v -2.54742376 2.25967405 3.63862568
v -2.27870209 2.26111534 3.78701714
v -1.77296548 2.47791382 3.91956583
v -1.89147295 2.37023523 3.92748721
v -1.75711211 2.37095588 4.00168294
v -1.87561958 2.26327728 4.00960432
v -2.00998042 2.26255664 3.93540859
v -1.74125874 2.26399793 4.08380005
v 2.50118917 4.03974715 -1.55707922
v 2.62607282 3.98012962 -1.39165205
v 2.64903067 3.90116915 -1.57299574
v 2.77391433 3.84155162 -1.40756856
v 2.75095648 3.92051210 -1.22622487
v 2.79687218 3.76259115 -1.58891225
v 2.89879798 3.78193410 -1.24214139
v 2.92175584 3.70297362 -1.42348508
v 3.04663949 3.64335609 -1.25805790
v 2.87584013 3.86089457 -1.06079770
v 3.02368164 3.72231657 -1.07671421
v 3.00072378 3.80127704 -0.89537052
v 2.94471369 3.62401315 -1.60482876
v 3.06959734 3.56439562 -1.43940159
v 3.09255520 3.48543514 -1.62074528
v 3.14856529 3.66269904 -0.91128703
v 3.17152315 3.58373857 -1.09263072
v 3.29640680 3.52412104 -0.92720355
v 3.31936465 3.44516057 -1.10854724
v 3.19448100 3.50477809 -1.27397441
v 3.34232251 3.36620009 -1.28989093
v 3.44424831 3.38554304 -0.94312006
v 3.46720616 3.30658256 -1.12446375
v 3.59208982 3.24696504 -0.95903657
v 3.21743885 3.42581762 -1.45531810
v 3.12560744 3.74165952 -0.72994335
v 3.27344895 3.60308152 -0.74585986
v 3.25049109 3.68204199 -0.56451617
v 3.39833260 3.54346399 -0.58043268
v 3.42129045 3.46450351 -0.76177637
v 3.54617411 3.40488599 -0.59634920
v 3.37537475 3.62242447 -0.39908899
v 3.52321625 3.48384646 -0.41500551
v 3.56913196 3.32592551 -0.77769289
v 3.24039671 3.34685714 -1.63666179
v 3.36528036 3.28723962 -1.47123461
v 3.38823821 3.20827914 -1.65257830
v 3.49016402 3.22762209 -1.30580744
v 3.51312187 3.14866161 -1.48715113
v 3.63800552 3.08904409 -1.32172395
v 3.61504767 3.16800456 -1.14038026
v 3.53607972 3.06970114 -1.66849482
v 3.66096338 3.01008361 -1.50306764
v 3.68392123 2.93112314 -1.68441133
v 0.50452863 1.34444384 4.78699611
v 0.58569141 1.29078465 4.78623439
v 0.50549123 1.28924254 4.80037569
v 0.58665402 1.23558335 4.79961398
v 0.66685420 1.23712547 4.78547268
v 0.66781680 1.18192416 4.79885226
v 0.50645384 1.23404123 4.81375528
v 0.58761662 1.18038205 4.81299356
v 0.50741644 1.17883993 4.82713486
v 0.74801698 1.18346628 4.78471096
v 0.58857923 1.12518074 4.82637315
v 0.66877941 1.12672286 4.81223185
v 0.66974201 1.07152156 4.82561143
v 0.74994219 1.07306367 4.81147013
v 0.74897959 1.12826498 4.79809054
v 0.83014237 1.07460579 4.79732883
v 0.75090480 1.01786237 4.82484971
v 0.83110498 1.01940449 4.81070841
v 0.82917977 1.12980709 4.78394924
v 0.50837905 1.12363863 4.84051445
v 0.58954183 1.06997944 4.83975273
v 0.50934166 1.06843732 4.85389403
v 0.59050444 1.01477814 4.85313232
v 0.67070462 1.01632025 4.83899101
v 0.51030426 1.01323602 4.86727362
v 0.91034255 1.07614791 4.78318753
v 0.91130516 1.02094660 4.79656711
v 0.99150534 1.02248872 4.78242581
v 1.19999084 2.38755526 4.20433236
v 1.21030381 2.28943341 4.25068124
v 1.30513843 2.31215346 4.20723836
v 1.31545140 2.21403162 4.25358723
v 1.22061678 2.19131157 4.29703011
v 1.41028602 2.23675167 4.21014435
v 1.23092975 2.09318972 4.34337899
v 1.32576437 2.11590977 4.29993611
v 1.33607734 2.01778793 4.34628498
v 1.43091196 2.04050798 4.30284210
v 1.42059899 2.13862983 4.25649323
v 1.52574657 2.06322803 4.25939922
v 1.44122493 1.94238614 4.34919098
v 1.53605954 1.96510619 4.30574810
v 1.54637251 1.86698434 4.35209697
v 1.51543360 2.16134988 4.21305035
v 1.24124272 1.99506788 4.38972787
v 1.25155569 1.89694603 4.43607674
v 1.34639031 1.91966608 4.39263386
v 1.35670328 1.82154424 4.43898274
v 1.26186866 1.79882419 4.48242562
v 1.45153790 1.84426429 4.39553986
v 1.62058119 2.08594809 4.21595634
v 1.63089416 1.98782624 4.26230522
v 1.72572878 2.01054629 4.21886234
v 1.73604175 1.91242445 4.26521121
v 1.64120713 1.88970440 4.30865409
v 1.83087637 1.93514450 4.22176833
v 0.55689526 4.02624866 2.88060829
v 0.54577918 3.92352059 2.99762253
v 0.67868947 3.94357672 2.94564229
v 0.53466310 3.82079252 3.11463676
v 0.66757339 3.84084865 3.06265652
v 0.65645732 3.73812058 3.17967076
v 0.52354703 3.71806445 3.23165100
v 0.80048368 3.86090478 3.01067628
v 0.78936760 3.75817671 3.12769052
v 0.92227789 3.77823284 3.07571028
v 0.51243095 3.61533639 3.34866523
v 0.64534124 3.63539251 3.29668499
v 0.63422516 3.53266445 3.41369923
v 0.76713545 3.55272058 3.36171899
v 0.77825153 3.65544864 3.24470475
v 0.90004574 3.57277670 3.30973875
v 0.75601937 3.44999251 3.47873322
v 0.88892966 3.47004864 3.42675298
v 0.91116181 3.67550477 3.19272451
v 0.50131488 3.51260832 3.46567947
v 0.49019880 3.40988025 3.58269370
v 0.62310909 3.42993638 3.53071346
v 1.04407210 3.69556090 3.14074427
v 1.03295603 3.59283283 3.25775851
v 1.16586631 3.61288896 3.20577827
v 1.02183995 3.49010476 3.37477274
v 1.15475024 3.51016089 3.32279250
v 1.28766053 3.53021702 3.27081226
v 4.87186267 0.16843144 -0.97446173
v 4.88238619 0.16843144 -0.76451881
v 4.86320564 0.33686287 -0.86240267
v 4.87372916 0.33686287 -0.65245975
v 4.89290971 0.16843144 -0.55457589
v 4.88425268 0.33686287 -0.44251683
v 4.85454861 0.50529431 -0.75034361
v 4.86507213 0.50529431 -0.54040069
v 4.84589158 0.67372575 -0.63828455
v 4.90343324 0.16843144 -0.34463297
v 4.85641510 0.67372575 -0.42834163
v 4.87559565 0.50529431 -0.33045777
v 4.86693863 0.67372575 -0.21839871
v 4.88611918 0.50529431 -0.12051485
v 4.89477621 0.33686287 -0.23257391
v 4.90529973 0.33686287 -0.02263099
v 4.87746215 0.67372575 -0.00845579
v 4.89664270 0.50529431 0.08942807
v 4.88798567 0.67372575 0.20148713
v 4.91395676 0.16843144 -0.13469005
v 4.83723455 0.84215718 -0.52622549
v 4.84775807 0.84215718 -0.31628257
v 4.82857752 1.01058862 -0.41416642
v 4.83910104 1.01058862 -0.20422350
v 4.85828160 0.84215718 -0.10633965
v 4.84962457 1.01058862 0.00571942
v 4.81992049 1.17902005 -0.30210736
v 4.83044402 1.17902005 -0.09216444
v 4.81126346 1.34745149 -0.19004830
v 4.86880512 0.84215718 0.10360328
v 4.92448028 0.16843144 0.07525287
v 4.91582325 0.33686287 0.18731193
v 4.93500380 0.16843144 0.28519579
v 4.92634677 0.33686287 0.39725485
v 4.90716622 0.50529431 0.29937099
v 4.94552732 0.16843144 0.49513871
v 2.48163167 3.29649508 2.82393775
v 2.34760955 3.31537633 2.88792632
v 2.44992198 3.21131389 2.92505450
v 2.31589986 3.23019514 2.98904306
v 2.21358744 3.33425758 2.95191488
v 2.41821229 3.12613271 3.02617124
v 2.18187775 3.24907639 3.05303162
v 2.28419017 3.14501396 3.09015981
v 2.15016806 3.16389521 3.15414837
v 2.07956532 3.35313883 3.01590344
v 2.04785563 3.26795764 3.11702019
v 1.94554320 3.37202008 3.07989201
v 2.38650260 3.04095152 3.12728799
v 2.25248048 3.05983277 3.19127655
v 2.35479291 2.95577034 3.22840473
v 1.91383351 3.28683889 3.18100875
v 2.01614594 3.18277646 3.21813693
v 1.88212382 3.20165771 3.28212550
v 1.98443625 3.09759527 3.31925368
v 2.11845837 3.07871402 3.25526511
v 2.08674868 2.99353284 3.35638186
v 1.85041413 3.11647652 3.38324224
v 1.95272656 3.01241409 3.42037042
v 2.22077079 2.97465159 3.29239330
v 1.81152109 3.39090133 3.14388057
v 1.77981140 3.30572014 3.24499731
v 1.67749897 3.40978258 3.20786913
v 1.64578928 3.32460139 3.30898588
v 1.74810171 3.22053896 3.34611406
v 1.54347685 3.42866383 3.27185770
v 2.32308322 2.87058915 3.32952148
v 2.18906110 2.88947040 3.39351004
v 2.29137353 2.78540796 3.43063822
v 2.05503899 2.90835165 3.45749860
v 2.15735141 2.80428921 3.49462678
v 2.25966384 2.70022678 3.53175497
v -2.93930693 3.76125195 1.48776965
v -2.94256171 3.67333461 1.62909548
v -2.80293769 3.78722271 1.60362846
v -2.80619247 3.69930537 1.74495430
v -2.94581649 3.58541728 1.77042131
v -2.66656844 3.81319347 1.71948728
v -2.80944725 3.61138804 1.88628013
v -2.66982322 3.72527613 1.86081311
v -2.67307800 3.63735880 2.00213894
v -2.94907127 3.49749994 1.91174715
v -2.81270203 3.52347070 2.02760596
v -2.95232605 3.40958260 2.05307298
v -2.53019920 3.83916423 1.83534609
v -2.53345398 3.75124690 1.97667192
v -2.39382995 3.86513499 1.95120491
v -2.81595681 3.43555336 2.16893179
v -2.67633278 3.54944146 2.14346477
v -2.67958757 3.46152412 2.28479061
v -2.53996354 3.57541222 2.25932359
v -2.53670876 3.66332956 2.11799776
v -2.40033952 3.68930032 2.23385657
v -2.54321832 3.48749489 2.40064942
v -2.40359430 3.60138298 2.37518240
v -2.39708473 3.77721766 2.09253074
v -2.95558084 3.32166527 2.19439881
v -2.81921159 3.34763603 2.31025763
v -2.95883562 3.23374793 2.33572464
v -2.82246637 3.25971869 2.45158346
v -2.68284235 3.37360679 2.42611644
v -2.96209040 3.14583059 2.47705048
v -2.25746071 3.89110575 2.06706372
v -2.26071549 3.80318842 2.20838955
v -2.12109146 3.91707651 2.18292253
v -2.26397027 3.71527108 2.34971539
v -2.12434625 3.82915918 2.32424837
v -1.98472222 3.94304727 2.29878135
v 4.29375448 0.15616932 2.45464429
v 4.22333710 0.31233865 2.53343158
v 4.17062884 0.15616932 2.62501698
v 4.10021146 0.31233865 2.70380427
v 4.15291972 0.46850797 2.61221887
v 4.04750320 0.15616932 2.79538966
v 4.08250234 0.62467730 2.69100616
v 4.02979408 0.46850797 2.78259156
v 3.95937670 0.62467730 2.86137885
v 3.90666844 0.46850797 2.95296424
v 3.97708582 0.31233865 2.87417695
v 3.85396018 0.31233865 3.04454963
v 3.83625106 0.62467730 3.03175153
v 3.78354280 0.46850797 3.12333692
v 3.92437756 0.15616932 2.96576234
v 4.01208496 0.78084662 2.76979345
v 3.94166757 0.93701595 2.84858074
v 3.88895932 0.78084662 2.94016614
v 3.80125192 0.15616932 3.13613502
v 3.73083454 0.31233865 3.21492231
v 3.67812628 0.15616932 3.30650771
v -4.82835181 0.17507538 -1.17144188
v -4.74881888 0.17507538 -1.36602165
v -4.77618393 0.35015076 -1.25636298
v -4.69665099 0.35015076 -1.45094274
v -4.66928594 0.17507538 -1.56060142
v -4.61711805 0.35015076 -1.64552251
v -4.72401604 0.52522614 -1.34128407
v -4.64448310 0.52522614 -1.53586383
v -4.67184815 0.70030152 -1.42620516
v -4.58975301 0.17507538 -1.75518119
v -4.59231521 0.70030152 -1.62078493
v -4.56495016 0.52522614 -1.73044360
v -4.51278228 0.70030152 -1.81536469
v -4.48541723 0.52522614 -1.92502337
v -4.53758512 0.35015076 -1.84010228
v -4.45805218 0.35015076 -2.03468205
v -4.43324934 0.70030152 -2.00994446
v -4.40588429 0.52522614 -2.11960314
v -4.35371640 0.70030152 -2.20452423
v -4.51022007 0.17507538 -1.94976096
v -4.61968026 0.87537690 -1.51112625
v -4.54014732 0.87537690 -1.70570602
v -4.56751237 1.05045228 -1.59604734
v -4.48797944 1.05045228 -1.79062711
v -4.46061439 0.87537690 -1.90028578
v -4.40844650 1.05045228 -1.98520688
v -4.51534448 1.22552766 -1.68096843
v -4.43581155 1.22552766 -1.87554820
v -4.38108145 0.87537690 -2.09486555
v -4.43068713 0.17507538 -2.14434073
v -4.37851924 0.35015076 -2.22926182
v -4.35115420 0.17507538 -2.33892050
v -4.29898631 0.35015076 -2.42384159
v -4.32635136 0.52522614 -2.31418291
v -4.27162126 0.17507538 -2.53350026
v -3.02729910 0.18115903 -3.93615728
v -2.84352572 0.18115903 -4.03820688
v -2.92670785 0.36231806 -3.97150670
v -2.74293448 0.36231806 -4.07355630
v -2.65975235 0.18115903 -4.14025648
v -2.55916110 0.36231806 -4.17560590
v -2.82611660 0.54347709 -4.00685612
v -2.64234323 0.54347709 -4.10890572
v -2.72552536 0.72463612 -4.04220554
v -2.47597897 0.18115903 -4.24230608
v -2.54175198 0.72463612 -4.14425514
v -2.45856985 0.54347709 -4.21095532
v -2.35797860 0.72463612 -4.24630474
v -2.27479648 0.54347709 -4.31300491
v -2.37538772 0.36231806 -4.27765549
v -2.19161435 0.36231806 -4.37970509
v -2.17420523 0.72463612 -4.34835433
v -2.09102310 0.54347709 -4.41505451
v -1.99043185 0.72463612 -4.45040393
v -2.29220559 0.18115903 -4.34435567
v -2.62493411 0.90579515 -4.07755496
v -2.44116073 0.90579515 -4.17960456
v -2.52434286 1.08695418 -4.11290438
v -2.34056949 1.08695418 -4.21495398
v -2.25738736 0.90579515 -4.28165416
v -2.15679611 1.08695418 -4.31700358
v -2.42375162 1.26811320 -4.14825380
v -2.23997824 1.26811320 -4.25030340
v -2.07361398 0.90579515 -4.38370375
v -2.10843222 0.18115903 -4.44640527
v -2.00784097 0.36231806 -4.48175469
v -1.92465884 0.18115903 -4.54845487
v -1.82406759 0.36231806 -4.58380429
v -1.90724972 0.54347709 -4.51710411
v -1.74088546 0.18115903 -4.65050447
v -2.12493854 1.44398459 -4.25327272
v -2.04175641 1.26282556 -4.31997290
v -1.92671671 1.43869694 -4.32294223
v -1.84353459 1.25753791 -4.38964241
v -1.95857428 1.08166653 -4.38667308
v -1.76035246 1.07637888 -4.45634259
v -1.72849489 1.43340929 -4.39261173
v -1.64531276 1.25225026 -4.45931191
v -1.53027306 1.42812164 -4.46228124
v -1.87539215 0.90050750 -4.45337326
v -1.44709093 1.24696262 -4.52898142
v -1.56213063 1.07109123 -4.52601209
v -1.36390880 1.06580359 -4.59568160
v -1.47894850 0.88993220 -4.59271227
v -1.67717033 0.89521985 -4.52304276
v -1.59398820 0.71406082 -4.58974294
v -1.28072667 0.88464456 -4.66238177
v -1.39576637 0.70877318 -4.65941245
v -1.19754454 0.70348553 -4.72908195
v -1.79221002 0.71934847 -4.52007344
v -1.33205123 1.42283400 -4.53195074
v -1.24886910 1.24167497 -4.59865092
v -1.13382941 1.41754635 -4.60162025
v -1.05064728 1.23638732 -4.66832043
v -1.16568697 1.06051594 -4.66535110
v -0.96746515 1.05522829 -4.73502061
v -0.93560758 1.41225870 -4.67128975
v -0.85242545 1.23109967 -4.73798993
v -1.08250484 0.87935691 -4.73205128
v -1.70902789 0.53818944 -4.58677361
v -1.51080607 0.53290179 -4.65644312
v -1.62584577 0.35703041 -4.65347379
v -1.42762394 0.35174276 -4.72314330
v -1.31258424 0.52761415 -4.72611263
v -1.54266364 0.17587138 -4.72017397
v 1.75418625 0.19553337 -4.63761342
v 1.93795963 0.19553337 -4.53556382
v 1.85066916 0.39106674 -4.55802219
v 2.03444254 0.39106674 -4.45597259
v 2.12173300 0.19553337 -4.43351422
v 2.21821592 0.39106674 -4.35392299
v 1.94715208 0.58660012 -4.47843096
v 2.13092546 0.58660012 -4.37638136
v 2.04363499 0.78213349 -4.39883973
v 2.30550638 0.19553337 -4.33146462
v 2.22740837 0.78213349 -4.29679013
v 2.31469883 0.58660012 -4.27433176
v 2.41118175 0.78213349 -4.19474053
v 2.49847221 0.58660012 -4.17228216
v 2.40198929 0.39106674 -4.25187339
v 2.58576267 0.39106674 -4.14982380
v 2.59495512 0.78213349 -4.09269094
v 2.68224558 0.58660012 -4.07023257
v 2.48927975 0.19553337 -4.22941502
v 2.14011791 0.97766686 -4.31924850
v 2.32389129 0.97766686 -4.21719890
v 2.23660082 1.17320023 -4.23965727
v 2.42037420 1.17320023 -4.13760767
v 2.50766466 0.97766686 -4.11514930
v 2.33308374 1.36873360 -4.16006604
v 2.67305313 0.19553337 -4.12736543
v 2.76953605 0.39106674 -4.04777420
v 2.85682651 0.19553337 -4.02531583
v 0.32401989 0.20578818 -4.91812474
v 0.44082685 0.41157636 -4.87159891
v 0.53123280 0.20578818 -4.88277532
v 0.64803977 0.41157636 -4.83624949
v 0.55763382 0.61736454 -4.82507307
v 0.73844572 0.20578818 -4.84742590
v 0.67444079 0.82315272 -4.77854723
v 0.76484674 0.61736454 -4.78972365
v 0.88165371 0.82315272 -4.74319781
v 0.97205966 0.61736454 -4.75437423
v 0.85525269 0.41157636 -4.80090007
v 1.06246560 0.41157636 -4.76555065
v 1.08886662 0.82315272 -4.70784839
v 1.17927257 0.61736454 -4.71902481
v 1.29607954 0.82315272 -4.67249897
v 0.94565864 0.20578818 -4.81207648
v 0.79124776 1.02894090 -4.73202139
v 0.90805473 1.23472908 -4.68549556
v 0.99846068 1.02894090 -4.69667197
v 1.11526764 1.23472908 -4.65014614
v 1.02486170 1.44051726 -4.63896972
v 1.20567359 1.02894090 -4.66132256
v 1.15287155 0.20578818 -4.77672707
v 1.26967852 0.41157636 -4.73020123
v 1.36008447 0.20578818 -4.74137765
v 1.47689144 0.41157636 -4.69485181
v 1.38648549 0.61736454 -4.68367539
v 1.56729739 0.20578818 -4.70602823
v 3.78723857 2.75493237 -1.66509332
v 3.68033326 2.79230391 -1.83452147
v 3.78365060 2.61611315 -1.81520346
v 3.89055590 2.57874161 -1.64577531
v 3.67674529 2.65348469 -1.98463160
v 3.88696793 2.43992238 -1.79588545
v 3.78006263 2.47729392 -1.96531360
v 3.88337997 2.30110316 -1.94599559
v 3.99387324 2.40255084 -1.62645731
v 3.99028527 2.26373162 -1.77656744
v 4.09719057 2.22636008 -1.60713930
v 3.67315733 2.51466546 -2.13474174
v 3.77647466 2.33847470 -2.11542373
v 3.66956936 2.37584624 -2.28485188
v 4.09360261 2.08754085 -1.75724944
v 3.98669730 2.12491239 -1.92667758
v 4.09001464 1.94872163 -1.90735957
v 3.98310933 1.98609317 -2.07678772
v 3.87979200 2.16228393 -2.09610573
v 3.87620403 2.02346471 -2.24621586
v 4.08642667 1.80990240 -2.05746971
v 3.97952136 1.84727395 -2.22689786
v 3.77288669 2.19965547 -2.26553387
v 4.20050791 2.05016931 -1.58782129
v 4.19691994 1.91135009 -1.73793143
v 4.30382524 1.87397855 -1.56850328
v 4.30023728 1.73515932 -1.71861342
v 4.19333197 1.77253086 -1.88804157
v 4.40714258 1.69778778 -1.54918528
v 3.66598139 2.23702702 -2.43496202
v 3.76929872 2.06083625 -2.41564401
v 3.66239342 2.09820779 -2.58507216
v 3.87261606 1.88464549 -2.39632600
v 3.76571076 1.92201703 -2.56575415
v 3.65880545 1.95938857 -2.73518229
v -4.34859129 1.40099199 -1.94927206
v -4.32122624 1.22591661 -2.05893074
v -4.23400598 1.40138094 -2.13265460
v -4.20664093 1.22630556 -2.24231328
v -4.29386119 1.05084123 -2.16858942
v -4.17927588 1.05123018 -2.35197196
v -4.11942067 1.40176988 -2.31603714
v -4.09205562 1.22669450 -2.42569582
v -4.00483536 1.40215883 -2.49941968
v -4.26649614 0.87576585 -2.27824809
v -3.97747031 1.22708345 -2.60907836
v -4.06469058 1.05161912 -2.53535450
v -3.95010527 1.05200807 -2.71873704
v -4.03732553 0.87654374 -2.64501317
v -4.15191084 0.87615480 -2.46163063
v -4.12454579 0.70107942 -2.57128931
v -3.92274022 0.87693269 -2.82839571
v -4.00996048 0.70146836 -2.75467185
v -3.89537517 0.70185731 -2.93805439
v -4.23913110 0.70069047 -2.38790677
v -3.89025005 1.40254778 -2.68280222
v -3.86288501 1.22747240 -2.79246090
v -3.77566475 1.40293672 -2.86618476
v -3.74829970 1.22786134 -2.97584344
v -3.83551996 1.05239702 -2.90211958
v -3.72093465 1.05278596 -3.08550211
v -3.66107944 1.40332567 -3.04956730
v -3.63371439 1.22825029 -3.15922598
v -3.54649413 1.40371462 -3.23294984
v -3.80815491 0.87732164 -3.01177825
v -4.21176605 0.52561509 -2.49756545
v -4.09718074 0.52600403 -2.68094799
v -4.18440100 0.35053971 -2.60722413
v -4.06981569 0.35092865 -2.79060667
v -3.98259543 0.52639298 -2.86433053
v -4.15703595 0.17546433 -2.71688280
v -1.33603926 1.32880374 4.62426051
v -1.24443526 1.31270407 4.64867510
v -1.29150537 1.24832003 4.65418465
v -1.19990136 1.23222036 4.67859924
v -1.15283126 1.29660439 4.67308969
v -1.10829736 1.21612069 4.70301383
v -1.24697147 1.16783632 4.68410880
v -1.15536747 1.15173665 4.70852339
v -1.20243758 1.08735262 4.71403294
v -1.06122725 1.28050472 4.69750428
v -1.11083358 1.07125294 4.73844753
v -1.06376347 1.13563698 4.73293798
v -1.01922957 1.05515327 4.76286212
v -0.97215947 1.11953731 4.75735256
v -1.01669336 1.20002101 4.72742842
v -0.92508936 1.18392134 4.75184301
v -0.92762557 1.03905360 4.78727671
v -0.88055546 1.10343763 4.78176715
v -0.83602157 1.02295392 4.81169130
v -0.96962325 1.26440505 4.72191887
v -1.15790369 1.00686891 4.74395708
v -1.06629968 0.99076924 4.76837167
v -1.11336979 0.92638520 4.77388123
v -1.02176579 0.91028553 4.79829582
v -0.97469568 0.97466956 4.79278626
v -0.93016179 0.89418585 4.82271041
v -1.06883590 0.84590149 4.80380537
v -0.97723189 0.82980182 4.82821996
v -1.02430200 0.76541778 4.83372951
v -0.88309168 0.95856989 4.81720085
v -0.87801925 1.24830538 4.74633346
v -0.83348535 1.16782167 4.77625760
v -0.78641525 1.23220570 4.77074804
v -0.74188135 1.15172199 4.80067219
v -0.78895146 1.08733796 4.80618174
v -0.69481124 1.21610603 4.79516263
v -2.61184662 3.60450766 -2.21790724
v -2.66018959 3.46353355 -2.33619536
v -2.75454363 3.47138057 -2.21469166
v -2.70853255 3.32255945 -2.45448347
v -2.80288660 3.33040646 -2.33297977
v -2.85122957 3.18943235 -2.45126788
v -2.75687552 3.18158534 -2.57277158
v -2.89724065 3.33825347 -2.21147607
v -2.94558361 3.19727937 -2.32976418
v -3.03993766 3.20512638 -2.20826048
v -2.80521849 3.04061123 -2.69105970
v -2.89957253 3.04845825 -2.56955600
v -2.94791550 2.90748414 -2.68784411
v -3.04226954 2.91533115 -2.56634041
v -2.99392658 3.05630526 -2.44805230
v -3.13662359 2.92317816 -2.44483671
v -3.09061251 2.77435705 -2.68462852
v -3.18496655 2.78220406 -2.56312482
v -3.23330952 2.64122995 -2.68141294
v -3.08828062 3.06415227 -2.32654859
v -2.85356145 2.89963713 -2.80934781
v -2.90190442 2.75866302 -2.92763593
v -2.99625846 2.76651003 -2.80613222
v -3.04460143 2.62553593 -2.92442034
v -2.95024738 2.61768891 -3.04592404
v -3.13895547 2.63338294 -2.80291664
v -3.18263467 3.07199928 -2.20504489
v -3.23097763 2.93102518 -2.32333301
v -3.32533168 2.93887219 -2.20182931
v -3.27932060 2.79005107 -2.44162112
v -3.37367464 2.79789808 -2.32011742
v -3.42201761 2.65692398 -2.43840553
v -3.32766356 2.64907696 -2.55990923
v -3.46802869 2.80574510 -2.19861372
v -3.51637165 2.66477099 -2.31690183
v -4.04262353 2.37549254 1.66317873
v -4.02901001 2.24426799 1.80701192
v -4.11059058 2.20108123 1.68316051
v -4.09697706 2.06985668 1.82699371
v -4.01539649 2.11304344 1.95084512
v -4.08336354 1.93863213 1.97082690
v -4.17855763 2.02666992 1.70314229
v -4.16494411 1.89544537 1.84697549
v -4.24652468 1.85225862 1.72312408
v -4.00178297 1.98181889 2.09467832
v -4.23291116 1.72103407 1.86695727
v -4.15133059 1.76422082 1.99080869
v -4.21929764 1.58980951 2.01079047
v -4.13771707 1.63299627 2.13464188
v -4.06975002 1.80740758 2.11466010
v -4.05613649 1.67618303 2.25849330
v -4.20568412 1.45858496 2.15462367
v -4.12410354 1.50177172 2.27847508
v -4.19207059 1.32736041 2.29845686
v -3.98816944 1.85059433 2.23851151
v -4.31449173 1.67784731 1.74310586
v -4.30087821 1.54662276 1.88693906
v -4.38245878 1.50343600 1.76308764
v -4.36884526 1.37221145 1.90692084
v -4.28726469 1.41539821 2.03077225
v -4.35523174 1.24098690 2.05075404
v -4.45042583 1.32902469 1.78306943
v -4.43681231 1.19780014 1.92690262
v -4.27365117 1.28417366 2.17460545
v -3.97455592 1.71936978 2.38234471
v -4.04252297 1.54495847 2.40232649
v -3.96094240 1.58814523 2.52617791
v -4.02890945 1.41373392 2.54615969
v -4.11049002 1.37054717 2.42230828
v -3.94732887 1.45692068 2.67001110
v -0.04951338 4.55693580 -2.05715447
v -0.22135614 4.55623634 -1.98779325
v -0.07463028 4.60547259 -1.88679064
v -0.24647304 4.60477313 -1.81742943
v -0.39319891 4.55553688 -1.91843204
v -0.09974717 4.65400938 -1.71642681
v -0.41831581 4.60407367 -1.74806821
v -0.27158994 4.65330992 -1.64706560
v -0.44343271 4.65261046 -1.57770438
v -0.56504168 4.55483742 -1.84907082
v -0.59015857 4.60337421 -1.67870699
v -0.73688444 4.55413796 -1.77970960
v -0.12486407 4.70254617 -1.54606299
v -0.29670684 4.70184671 -1.47670177
v -0.14998097 4.75108296 -1.37569916
v -0.76200134 4.60267475 -1.60934577
v -0.61527547 4.65191100 -1.50834316
v -0.78711824 4.65121154 -1.43898194
v -0.64039237 4.70044779 -1.33797933
v -0.46854961 4.70114725 -1.40734055
v -0.49366651 4.74968404 -1.23697672
v -0.81223514 4.69974833 -1.26861812
v -0.66550927 4.74898458 -1.16761551
v -0.83735204 4.74828513 -1.09825429
v -0.32182374 4.75038350 -1.30633794
v -0.90872721 4.55343850 -1.71034838
v -0.93384411 4.60197529 -1.53998456
v -1.08056998 4.55273904 -1.64098717
v -1.10568687 4.60127583 -1.47062334
v -0.95896101 4.65051208 -1.36962073
v -1.13080377 4.64981262 -1.30025951
v -1.25241274 4.55203958 -1.57162595
v -1.27752964 4.60057637 -1.40126212
v -1.42425551 4.55134012 -1.50226473
v -0.98407791 4.69904887 -1.19925690
v -0.17509787 4.79961975 -1.20533533
v -0.34694064 4.79892029 -1.13597411
v -0.20021477 4.84815654 -1.03497150
v -0.51878340 4.79822083 -1.06661289
v -0.37205754 4.84745709 -0.96561028
v -0.54390030 4.84675763 -0.89624907
v -0.69062617 4.79752138 -0.99725168
v -0.22533167 4.89669334 -0.86460767
v -0.39717444 4.89599388 -0.79524646
v -0.25044857 4.94523013 -0.69424385
v 1.15092679 4.71795295 -1.19007878
v 1.31970959 4.63317722 -1.23595383
v 1.17468712 4.63502555 -1.36637781
v 1.34346992 4.55024982 -1.41225287
v 1.48849238 4.54840150 -1.28182889
v 1.19844745 4.55209815 -1.54267685
v 1.51225271 4.46547410 -1.45812792
v 1.36723025 4.46732242 -1.58855190
v 1.53601305 4.38254670 -1.63442696
v 1.65727518 4.46362577 -1.32770395
v 1.68103551 4.38069837 -1.50400298
v 1.82605798 4.37885005 -1.37357900
v 1.22220778 4.46917075 -1.71897588
v 1.39099058 4.38439503 -1.76485094
v 1.24596812 4.38624335 -1.89527492
v 1.84981831 4.29592265 -1.54987804
v 1.70479584 4.29777098 -1.68030202
v 1.87357864 4.21299525 -1.72617707
v 1.72855618 4.21484358 -1.85660105
v 1.55977338 4.29961930 -1.81072600
v 1.58353371 4.21669190 -1.98702503
v 1.89733897 4.13006785 -1.90247611
v 1.75231651 4.13191618 -2.03290009
v 1.92109931 4.04714045 -2.07877514
v 1.41475091 4.30146763 -1.94114997
v 1.99484077 4.29407433 -1.41945406
v 2.01860111 4.21114693 -1.59575309
v 2.16362357 4.20929860 -1.46532911
v 2.18738390 4.12637120 -1.64162815
v 2.04236144 4.12821953 -1.77205213
v 2.21114424 4.04344380 -1.81792718
v 2.33240637 4.12452288 -1.51120417
v 2.35616670 4.04159548 -1.68750320
v 2.06612177 4.04529213 -1.94835116
v 1.26972845 4.30331595 -2.07157395
v 1.43851125 4.21854023 -2.11744901
v 1.29348878 4.22038855 -2.24787299
v 1.60729404 4.13376450 -2.16332407
v 1.46227158 4.13561283 -2.29374805
v 1.63105437 4.05083710 -2.33962310
v 1.77607684 4.04898878 -2.20919912
v 1.31724911 4.13746115 -2.42417202
v 1.48603191 4.05268543 -2.47004708
v -0.27248606 2.61159853 -4.25503284
v -0.43288266 2.68470773 -4.16265792
v -0.24167039 2.75457412 -4.13577251
v -0.40206698 2.82768332 -4.04339760
v -0.59327925 2.75781693 -4.07028300
v -0.21085471 2.89754971 -4.01651219
v -0.56246358 2.90079252 -3.95102268
v -0.37125131 2.97065891 -3.92413727
v -0.53164791 3.04376811 -3.83176235
v -0.75367585 2.83092613 -3.97790809
v -0.72286018 2.97390172 -3.85864776
v -0.91407245 2.90403533 -3.88553317
v -0.18003904 3.04052530 -3.89725186
v -0.34043563 3.11363450 -3.80487694
v -0.14922336 3.18350089 -3.77799154
v -0.88325677 3.04701092 -3.76627284
v -0.69204450 3.11687731 -3.73938743
v -0.85244110 3.18998651 -3.64701252
v -0.66122883 3.25985290 -3.62012711
v -0.50083223 3.18674370 -3.71250203
v -0.47001656 3.32971929 -3.59324170
v -0.82162542 3.33296210 -3.52775219
v -0.63041315 3.40282849 -3.50086678
v -0.79080975 3.47593769 -3.40849186
v -0.30961996 3.25661009 -3.68561662
v -1.07446905 2.97714452 -3.79315825
v -1.04365337 3.12012012 -3.67389793
v -1.23486564 3.05025372 -3.70078333
v -1.20404997 3.19322931 -3.58152301
v -1.01283770 3.26309571 -3.55463760
v -1.17323429 3.33620491 -3.46226268
v -1.39526224 3.12336292 -3.60840842
v -1.36444656 3.26633851 -3.48914809
v -0.98202202 3.40607130 -3.43537727
v -0.11840769 3.32647648 -3.65873121
v -0.27880428 3.39958568 -3.56635629
v -0.08759201 3.46945207 -3.53947088
v -0.43920088 3.47269488 -3.47398137
v -0.24798861 3.54256127 -3.44709597
v -0.40838521 3.61567047 -3.35472105
v -0.59959748 3.54580408 -3.38160646
v -0.05677634 3.61242766 -3.42021056
v -0.21717294 3.68553686 -3.32783564
v 2.51562276 3.92898951 -1.72055058
v 2.66346427 3.79041151 -1.73646709
v 2.53005636 3.81823186 -1.88402193
v 2.81130578 3.65183350 -1.75238361
v 2.67789786 3.67965386 -1.89993845
v 2.82573937 3.54107586 -1.91585496
v 2.95914728 3.51325550 -1.76830012
v 2.54448995 3.70747422 -2.04749329
v 2.69233146 3.56889622 -2.06340980
v 2.55892354 3.59671658 -2.21096465
v 3.10698879 3.37467750 -1.78421663
v 2.97358088 3.40249786 -1.93177147
v 3.12142239 3.26391986 -1.94768799
v 2.98801447 3.29174022 -2.09524283
v 2.84017297 3.43031822 -2.07932632
v 2.85460656 3.31956057 -2.24279767
v 3.13585598 3.15316221 -2.11115934
v 3.00244807 3.18098257 -2.25871418
v 3.15028958 3.04240457 -2.27463070
v 2.70676505 3.45813858 -2.22688116
v 3.25483030 3.23609950 -1.80013315
v 3.40267181 3.09752150 -1.81604966
v 3.26926390 3.12534186 -1.96360450
v 3.41710540 2.98676385 -1.97952101
v 3.55051332 2.95894350 -1.83196617
v 3.28369749 3.01458421 -2.12707586
v 2.57335714 3.48595894 -2.37443600
v 2.72119865 3.34738093 -2.39035251
v 2.58779073 3.37520129 -2.53790736
v 2.86904015 3.20880293 -2.40626903
v 2.73563224 3.23662329 -2.55382387
v 2.88347375 3.09804529 -2.56974038
v 3.01688166 3.07022493 -2.42218554
v 2.60222433 3.26444365 -2.70137871
v 2.75006584 3.12586565 -2.71729522
v 1.66378030 0.40132155 -4.62643700
v 1.57337435 0.60710973 -4.61526058
v 1.76026322 0.59685492 -4.54684577
v 1.66985727 0.80264310 -4.53566935
v 1.48296840 0.81289791 -4.60408416
v 1.85674613 0.79238830 -4.46725454
v 1.39256246 1.01868609 -4.59290774
v 1.57945132 1.00843128 -4.52449293
v 1.48904537 1.21421947 -4.51331652
v 1.67593423 1.20396466 -4.44490170
v 1.76634018 0.99817648 -4.45607812
v 1.86282310 1.19370985 -4.37648689
v 1.58552829 1.40975284 -4.43372529
v 1.77241715 1.39949803 -4.36531048
v 1.95322905 0.98792167 -4.38766331
v 1.30215651 1.22447427 -4.58173133
v 1.21175056 1.43026245 -4.57055491
v 1.39863942 1.42000765 -4.50214010
v 2.04971196 1.18345504 -4.30807208
v 1.95930601 1.38924322 -4.29689566
v 2.14619488 1.37898841 -4.22848085
v -1.33545072 0.17587138 -4.75552339
v -1.22041102 0.35174276 -4.75849272
v -1.12823780 0.17587138 -4.79087281
v -1.01319810 0.35174276 -4.79384214
v -1.10537132 0.52761415 -4.76146204
v -0.92102489 0.17587138 -4.82622223
v -0.99033163 0.70348553 -4.76443137
v -0.89815841 0.52761415 -4.79681146
v -0.78311871 0.70348553 -4.79978079
v -0.69094549 0.52761415 -4.83216088
v -0.80598519 0.35174276 -4.82919156
v -0.59877227 0.35174276 -4.86454098
v -0.57590579 0.70348553 -4.83513021
v -0.48373257 0.52761415 -4.86751030
v -0.71381197 0.17587138 -4.86157165
v -0.87529193 0.87935691 -4.76740070
v -0.76025223 1.05522829 -4.77037003
v -0.66807901 0.87935691 -4.80275012
v -0.50659905 0.17587138 -4.89692107
v -0.39155935 0.35174276 -4.89989040
v -0.29938614 0.17587138 -4.93227049
v 3.54692535 2.82012427 -1.98207631
v 3.54333738 2.68130505 -2.13218645
v 3.41351744 2.84794463 -2.12963115
v 3.40992947 2.70912541 -2.27974129
v 3.53974941 2.54248582 -2.28229658
v 3.28010952 2.87576499 -2.27718599
v 3.53616144 2.40366660 -2.43240672
v 3.40634150 2.57030618 -2.42985143
v 3.40275353 2.43148696 -2.57996156
v 3.27293358 2.59812654 -2.57740627
v 3.27652155 2.73694576 -2.42729613
v 3.14311364 2.76476612 -2.57485097
v 3.26934562 2.45930732 -2.72751641
v 3.13952567 2.62594690 -2.72496111
v 3.14670161 2.90358535 -2.42474084
v 3.53257348 2.26484737 -2.58251686
v 3.52898551 2.12602815 -2.73262700
v 3.39916556 2.29266773 -2.73007170
v 3.01329369 2.93140571 -2.57229568
v 3.00970573 2.79258648 -2.72240581
v 2.87988578 2.95922606 -2.71985052
v -4.01749022 0.17546433 -2.87408892
v -3.93026996 0.35092865 -2.94781278
v -3.87794449 0.17546433 -3.03129503
v -3.79072423 0.35092865 -3.10501890
v -3.84304970 0.52639298 -3.02153664
v -3.73839875 0.17546433 -3.18850115
v -3.75582944 0.70185731 -3.09526051
v -3.70350397 0.52639298 -3.17874276
v -3.61628370 0.70185731 -3.25246662
v -3.56395823 0.52639298 -3.33594887
v -3.65117849 0.35092865 -3.26222501
v -3.51163276 0.35092865 -3.41943113
v -3.47673797 0.70185731 -3.40967274
v -3.42441250 0.52639298 -3.49315499
v -3.33719224 0.70185731 -3.56687885
v -3.59885302 0.17546433 -3.34570726
v -3.66860918 0.87732164 -3.16898437
v -3.58138892 1.05278596 -3.24270823
v -3.52906344 0.87732164 -3.32619048
v -3.44184318 1.05278596 -3.39991434
v -3.49416866 1.22825029 -3.31643209
v -3.38951771 0.87732164 -3.48339660
v -3.45930729 0.17546433 -3.50291338
v -3.37208703 0.35092865 -3.57663724
v -3.31976155 0.17546433 -3.66011949
v -3.23254129 0.35092865 -3.73384336
v -3.28486676 0.52639298 -3.65036110
v -3.18021582 0.17546433 -3.81732561
v 1.16719409 4.11733401 -2.53255649
v 0.99632283 4.07994270 -2.62011638
v 0.99337874 4.18013426 -2.46464191
v 0.82545156 4.04255138 -2.70767628
v 0.82250748 4.14274295 -2.55220181
v 0.65163621 4.10535164 -2.63976171
v 0.65458030 4.00516007 -2.79523618
v 0.81956339 4.24293452 -2.39672734
v 0.64869212 4.20554321 -2.48428724
v 0.64574803 4.30573478 -2.32881277
v 0.48370904 3.96776876 -2.88279607
v 0.48076495 4.06796033 -2.72732160
v 0.30989369 4.03056902 -2.81488150
v 0.30694960 4.13076058 -2.65940703
v 0.47782086 4.16815190 -2.57184713
v 0.30400551 4.23095215 -2.50393256
v 0.13607833 4.09336927 -2.74696693
v 0.13313424 4.19356084 -2.59149246
v -0.03773702 4.15616953 -2.67905235
v 0.47487677 4.26834346 -2.41637266
v 0.31283777 3.93037745 -2.97035597
v 0.14196651 3.89298614 -3.05791587
v 0.13902242 3.99317770 -2.90244140
v -0.03184884 3.95578639 -2.99000129
v -0.02890475 3.85559482 -3.14547576
v -0.03479293 4.05597796 -2.83452682
v 0.47193268 4.36853503 -2.26089819
v 0.30106142 4.33114372 -2.34845809
v 0.29811733 4.43133529 -2.19298362
v 0.13019015 4.29375241 -2.43601799
v 0.12724607 4.39394398 -2.28054352
v -0.04362520 4.35655267 -2.36810341
v -0.04068111 4.25636110 -2.52357788
v 0.12430198 4.49413555 -2.12506905
v -0.04656929 4.45674423 -2.21262894
v 1.00087177 4.69782581 -1.29846324
v 0.97575487 4.74636260 -1.12809941
v 0.82569985 4.72623545 -1.23648387
v 0.85081675 4.67769866 -1.40684770
v 0.80058295 4.77477224 -1.06612004
v 0.67564483 4.70610831 -1.34486833
v 0.65052793 4.75464510 -1.17450451
v 0.50047291 4.73451796 -1.28288897
v 0.70076173 4.65757152 -1.51523216
v 0.52558981 4.68598117 -1.45325280
v 0.55070671 4.63744438 -1.62361662
v 0.62541103 4.80318189 -1.00414068
v 0.47535601 4.78305475 -1.11252514
v 0.45023911 4.83159154 -0.94216131
v 0.37553479 4.66585402 -1.56163726
v 0.35041789 4.71439081 -1.39127343
v 0.20036287 4.69426367 -1.49965789
v 0.17524597 4.74280046 -1.32929406
v 0.32530099 4.76292760 -1.22090960
v 0.15012907 4.79133725 -1.15893023
v 0.02519095 4.72267332 -1.43767852
v 0.00007405 4.77121011 -1.26731470
v 0.30018409 4.81146439 -1.05054577
v 0.40065169 4.61731723 -1.73200109
v 0.22547977 4.64572688 -1.67002172
v 0.25059667 4.59719009 -1.84038555
v 0.07542475 4.62559974 -1.77840618
v 0.05030785 4.67413653 -1.60804235
v 0.10054164 4.57706295 -1.94877001
v 0.27506719 4.86000118 -0.88018194
v 0.12501217 4.83987404 -0.98856641
v 0.09989527 4.88841083 -0.81820258
v -0.02504285 4.81974690 -1.09695087
v -0.05015975 4.86828369 -0.92658704
v -0.07527665 4.91682048 -0.75622321
v 1.02463210 4.61489841 -1.47476227
v 1.04839243 4.53197101 -1.65106131
v 0.87457708 4.59477126 -1.58314674
v 0.89833741 4.51184386 -1.75944577
v 1.07215276 4.44904361 -1.82736035
v 0.72452206 4.57464412 -1.69153120
v 1.09591310 4.36611621 -2.00365938
v 0.92209774 4.42891646 -1.93574481
v 0.94585807 4.34598906 -2.11204384
v 0.77204272 4.40878932 -2.04412927
v 0.74828239 4.49171672 -1.86783023
v 0.59822737 4.47158958 -1.97621470
v 0.79580305 4.32586192 -2.22042830
v 0.62198770 4.38866218 -2.15251373
v 0.57446704 4.55451698 -1.79991566
v 1.11967343 4.28318881 -2.17995842
v 1.14343376 4.20026141 -2.35625745
v 0.96961841 4.26306166 -2.28834288
v 0.42441202 4.53438983 -1.90830012
v 0.44817235 4.45146243 -2.08459916
v 0.27435700 4.51426269 -2.01668458
v 2.37060030 3.93083783 -1.85097456
v 2.38503389 3.82008019 -2.01444591
v 2.22557783 3.93268616 -1.98139854
v 2.24001142 3.82192851 -2.14486989
v 2.39946748 3.70932255 -2.17791727
v 2.08055536 3.93453448 -2.11182252
v 2.41390108 3.59856490 -2.34138862
v 2.25444502 3.71117087 -2.30834125
v 2.26887861 3.60041323 -2.47181260
v 2.10942255 3.71301920 -2.43876523
v 2.09498896 3.82377684 -2.27529387
v 1.94996649 3.82562516 -2.40571785
v 2.12385615 3.60226155 -2.60223658
v 1.96440009 3.71486752 -2.56918921
v 1.93553290 3.93638281 -2.24224650
v 2.42833467 3.48780726 -2.50485998
v 2.44276827 3.37704962 -2.66833133
v 2.28331221 3.48965559 -2.63528396
v 1.79051043 3.93823113 -2.37267048
v 1.80494403 3.82747349 -2.53614183
v 1.64548797 3.94007946 -2.50309446
v 0.87384732 4.91794335 0.22410718
v 0.90848225 4.89294455 0.04733394
v 0.73331033 4.92135420 0.10931331
v 0.76794527 4.89635540 -0.06745994
v 0.94311719 4.86794575 -0.12943931
v 0.59277335 4.92476505 -0.00548057
v 0.80258020 4.87135660 -0.24423318
v 0.62740828 4.89976625 -0.18225382
v 0.66204321 4.87476745 -0.35902706
v 0.97775212 4.84294695 -0.30621255
v 0.83721513 4.84635780 -0.42100643
v 1.01238705 4.81794815 -0.48298580
v 0.45223636 4.92817589 -0.12027445
v 0.48687129 4.90317709 -0.29704770
v 0.31169937 4.93158674 -0.23506833
v 0.87185007 4.82135900 -0.59777968
v 0.69667815 4.84976865 -0.53580031
v 0.73131308 4.82476984 -0.71257355
v 0.55614116 4.85317949 -0.65059419
v 0.52150623 4.87817829 -0.47382094
v 0.38096924 4.88158914 -0.58861482
v 0.59077610 4.82818069 -0.82736743
v 0.41560418 4.85659034 -0.76538807
v 0.34633431 4.90658794 -0.41184158
v 1.04702199 4.79294935 -0.65975904
v 0.90648500 4.79636020 -0.77455292
v 1.08165692 4.76795055 -0.83653229
v 0.94111993 4.77136140 -0.95132617
v 0.76594801 4.79977104 -0.88934680
v 1.11629185 4.74295175 -1.01330553
v 0.17116239 4.93499759 -0.34986221
v 0.20579732 4.90999879 -0.52663545
v 0.03062540 4.93840843 -0.46465609
v 0.24043226 4.88499999 -0.70340870
v 0.06526034 4.91340963 -0.64142933
v -0.10991158 4.94181928 -0.57944997
v -0.67634360 1.11854477 4.81517443
v -0.72341371 1.05416074 4.82068399
v -0.65787596 1.02098351 4.83518623
v -0.70494607 0.95659948 4.84069579
v -0.77048382 0.98977670 4.82619354
v -0.63940832 0.92342226 4.85519803
v -0.81755393 0.92539267 4.83170310
v -0.75201618 0.89221544 4.84620534
v -0.79908629 0.82783141 4.85171489
v -0.73354853 0.79465419 4.86621714
v -0.68647843 0.85903822 4.86070758
v -0.66801078 0.76147696 4.88071938
v -0.78061864 0.73027015 4.87172669
v -0.71508089 0.69709293 4.88622894
v -0.76215100 0.63270889 4.89173849
v -0.62094068 0.82586100 4.87520983
v -0.86462404 0.86100863 4.83721265
v -0.91169414 0.79662460 4.84272220
v -0.84615639 0.76344737 4.85722445
v -0.89322650 0.69906334 4.86273400
v -0.95876425 0.73224056 4.84823176
v -0.82768875 0.66588612 4.87723625
v -0.60247303 0.72829974 4.89522163
v -0.64954314 0.66391570 4.90073118
v -0.58400539 0.63073848 4.91523343
v -0.63107550 0.56635445 4.92074298
v -0.69661325 0.59953167 4.90624074
v -0.56553775 0.53317722 4.93524522
v 0.70671397 4.91805009 0.29217817
v 0.56617698 4.92146094 0.17738429
v 0.53958062 4.91815683 0.36024916
v 0.42564000 4.92487178 0.06259041
v 0.39904364 4.92156767 0.24545528
v 0.25850665 4.92497852 0.13066140
v 0.28510301 4.92828263 -0.05220346
v 0.37244727 4.91826356 0.42832015
v 0.23191029 4.92167441 0.31352627
v 0.20531392 4.91837030 0.49639113
v 0.14456603 4.93169348 -0.16699734
v 0.11796966 4.92838937 0.01586752
v -0.02256732 4.93180021 -0.09892636
v -0.04916368 4.92849610 0.08393851
v 0.09137330 4.92508526 0.19873239
v -0.07576005 4.92519199 0.26680338
v -0.18970067 4.93190695 -0.03085537
v -0.21629703 4.92860284 0.15200950
v -0.35683402 4.93201369 0.03721562
v 0.06477694 4.92178115 0.38159726
v 0.00402904 4.93510432 -0.28179122
v -0.13650795 4.93851517 -0.39658510
v -0.16310431 4.93521106 -0.21372023
v -0.30364129 4.93862191 -0.32851411
v -0.27704493 4.94192602 -0.51137898
v -0.33023766 4.93531780 -0.14564925
v 0.03818058 4.91847704 0.56446212
v -0.10235641 4.92188788 0.44966824
v -0.12895277 4.91858377 0.63253311
v -0.24289340 4.92529873 0.33487436
v -0.26948976 4.92199462 0.51773923
v -0.41002674 4.92540547 0.40294535
v -0.38343038 4.92870958 0.22008049
v -0.29608612 4.91869051 0.70060410
v -0.43662311 4.92210136 0.58581022
v -0.46321947 4.91879724 0.76867508
v -0.62808435 4.86888486 0.82039327
v -0.48892462 4.86622653 0.93235438
v -0.65378950 4.81631415 0.98407256
v -0.79294924 4.81897248 0.87211145
v -0.51462977 4.81365581 1.09603367
v -0.81865439 4.76640176 1.03579074
v -0.67949465 4.76374343 1.14775185
v -0.84435954 4.71383105 1.19947003
v -0.95781413 4.76906010 0.92382963
v -0.98351927 4.71648938 1.08750892
v -1.12267901 4.71914772 0.97554781
v -0.54033492 4.76108509 1.25971296
v -0.70519980 4.71117271 1.31143114
v -0.56604006 4.70851438 1.42339225
v -1.14838416 4.66657700 1.13922710
v -1.00922442 4.66391866 1.25118821
v -1.17408931 4.61400628 1.30290639
v -1.03492957 4.61134795 1.41486750
v -0.87006469 4.66126033 1.36314932
v -0.89576984 4.60868961 1.52682861
v -1.19979446 4.56143556 1.46658568
v -1.06063472 4.55877723 1.57854679
v -1.22549961 4.50886485 1.63026497
v -0.73090495 4.65860199 1.47511043
v -1.28754390 4.66923533 1.02726599
v -1.31324905 4.61666462 1.19094528
v -1.45240878 4.61932295 1.07898417
v -1.47811393 4.56675224 1.24266346
v -1.33895419 4.56409390 1.35462457
v -1.50381908 4.51418152 1.40634275
v -1.61727367 4.56941057 1.13070235
v -1.64297882 4.51683985 1.29438164
v -1.78213855 4.51949819 1.18242053
v -1.36465934 4.51152318 1.51830386
v -0.59174521 4.65594366 1.58707154
v -0.75661010 4.60603128 1.63878972
v -0.61745036 4.60337294 1.75075083
v -0.92147498 4.55611889 1.69050790
v -0.78231525 4.55346056 1.80246901
v -0.94718013 4.50354818 1.85418719
v -1.08633987 4.50620651 1.74222608
v -0.64315551 4.55080222 1.91443012
v -0.80802040 4.50088984 1.96614830
v 0.62650378 4.69647363 1.59706872
v 0.65742172 4.72415734 1.42544853
v 0.49028837 4.72426408 1.49351952
v 0.52120631 4.75194779 1.32189932
v 0.68833966 4.75184106 1.25382834
v 0.35407297 4.75205453 1.38997031
v 0.55212426 4.77963151 1.15027913
v 0.38499091 4.77973825 1.21835012
v 0.41590885 4.80742196 1.04672993
v 0.71925760 4.77952477 1.08220814
v 0.58304220 4.80731523 0.97865894
v 0.75017555 4.80720849 0.91058795
v 0.21785756 4.77984498 1.28642111
v 0.24877550 4.80752870 1.11480091
v 0.08164215 4.80763544 1.18287190
v 0.61396014 4.83499894 0.80703875
v 0.44682679 4.83510568 0.87510974
v 0.47774474 4.86278939 0.70348954
v 0.31061139 4.86289613 0.77156053
v 0.27969344 4.83521242 0.94318072
v 0.14347804 4.86300287 0.83963152
v 0.34152933 4.89057985 0.59994034
v 0.17439598 4.89068658 0.66801133
v 0.11256010 4.83531915 1.01125171
v 0.78109349 4.83489221 0.73896776
v 0.64487808 4.86268266 0.63541856
v 0.81201143 4.86257592 0.56734757
v 0.67579603 4.89036637 0.46379836
v 0.50866268 4.89047311 0.53186935
v 0.84292938 4.89025964 0.39572738
v -0.05457325 4.83542589 1.07932270
v -0.02365531 4.86310960 0.90770251
v -0.19078866 4.86321634 0.97577349
v 0.00726263 4.89079332 0.73608231
v -0.15987072 4.89090006 0.80415330
v -0.32700406 4.89100679 0.87222429
v 4.92327542 0.16234941 0.68873574
v 4.86359912 0.16234941 0.89029346
v 4.88184296 0.32469883 0.78444891
v 4.82216666 0.32469883 0.98600662
v 4.80392282 0.16234941 1.09185118
v 4.76249037 0.32469883 1.18756434
v 4.84041051 0.48704824 0.88016207
v 4.78073421 0.48704824 1.08171979
v 4.79897805 0.64939766 0.97587524
v 4.74424653 0.16234941 1.29340889
v 4.73930176 0.64939766 1.17743296
v 4.72105791 0.48704824 1.28327751
v 4.67962546 0.64939766 1.37899068
v 4.66138162 0.48704824 1.48483523
v 4.70281407 0.32469883 1.38912206
v 4.64313778 0.32469883 1.59067978
v 4.61994916 0.64939766 1.58054840
v 4.60170532 0.48704824 1.68639295
v 4.68457023 0.16234941 1.49496661
v 4.75754560 0.81174707 1.07158841
v 4.69786930 0.81174707 1.27314613
v 4.71611314 0.97409649 1.16730158
v 4.65643685 0.97409649 1.36885930
v 4.63819301 0.81174707 1.47470385
v 4.67468069 1.13644590 1.26301475
v 4.62489394 0.16234941 1.69652433
v 4.58346148 0.32469883 1.79223750
v 4.56521764 0.16234941 1.89808205
v 1.62937807 4.11527875 2.32585638
v 1.48009344 4.11448398 2.38707112
v 1.60188765 4.03181204 2.45210511
v 1.45260302 4.03101727 2.51331985
v 1.33080881 4.11368921 2.44828586
v 1.57439723 3.94834534 2.57835385
v 1.30331839 4.03022251 2.57453459
v 1.42511261 3.94755057 2.63956859
v 1.27582798 3.94675580 2.70078333
v 1.18152418 4.11289444 2.50950060
v 1.15403377 4.02942774 2.63574933
v 1.03223956 4.11209967 2.57071534
v 1.54690682 3.86487863 2.70460258
v 1.39762219 3.86408386 2.76581732
v 1.51941640 3.78141192 2.83085132
v 1.00474914 4.02863297 2.69696407
v 1.12654335 3.94596103 2.76199807
v 0.97725872 3.94516626 2.82321281
v 1.09905293 3.86249432 2.88824680
v 1.24833756 3.86328909 2.82703206
v 1.22084715 3.77982238 2.95328080
v 0.94976831 3.86169955 2.94946154
v 1.07156252 3.77902761 3.01449554
v 1.37013177 3.78061715 2.89206606
v 0.88295493 4.11130491 2.63193008
v 0.85546451 4.02783820 2.75817881
v 0.73367030 4.11051014 2.69314482
v 0.70617988 4.02704343 2.81939355
v 0.82797410 3.94437149 2.88442755
v 0.58438567 4.10971537 2.75435956
v 1.49192599 3.69794521 2.95710005
v 1.34264136 3.69715044 3.01831479
v 1.46443557 3.61447850 3.08334879
v 1.19335673 3.69635567 3.07952953
v 1.31515094 3.61368373 3.14456353
v 1.43694515 3.53101179 3.20959752
v -2.78642847 4.14826328 0.16651756
v -2.86687776 4.06912472 0.02853377
v -2.91672433 4.02806793 0.19950606
v -2.99717362 3.94892938 0.06152227
v -2.94732705 3.98998617 -0.10945002
v -3.04702019 3.90787258 0.23249456
v -3.07762291 3.86979082 -0.07646153
v -3.12746948 3.82873403 0.09451077
v -3.20791877 3.74959547 -0.04347303
v -3.02777634 3.91084761 -0.24743382
v -3.15807220 3.79065226 -0.21444532
v -3.10822563 3.83170905 -0.38541761
v -3.17731605 3.78767724 0.26548306
v -3.25776534 3.70853868 0.12749927
v -3.30761191 3.66748189 0.29847156
v -3.23852149 3.71151370 -0.35242911
v -3.28836806 3.67045691 -0.18145682
v -3.36881735 3.59131835 -0.31944061
v -3.41866392 3.55026156 -0.14846832
v -3.33821463 3.62940012 -0.01048453
v -3.46851049 3.50920477 0.02250397
v -3.49911321 3.47112300 -0.28645212
v -3.54895978 3.43006621 -0.11547982
v -3.62940907 3.35092766 -0.25346362
v -3.38806120 3.58834333 0.16048777
v -3.18867492 3.75257049 -0.52340141
v -3.31897078 3.63237514 -0.49041291
v -3.26912421 3.67343194 -0.66138520
v -3.39942007 3.55323659 -0.62839670
v -3.44926664 3.51217980 -0.45742441
v -3.52971593 3.43304124 -0.59540820
v -3.34957350 3.59429338 -0.79936900
v -3.47986936 3.47409803 -0.76638050
v -3.57956250 3.39198445 -0.42443591
v -3.43790777 3.54728654 0.33146006
v -3.51835706 3.46814798 0.19347626
v -3.56820363 3.42709119 0.36444856
v -3.59880635 3.38900942 0.05549247
v -3.64865292 3.34795263 0.22646476
v -3.72910221 3.26881407 0.08848097
v -3.67925564 3.30987086 -0.08249132
v -3.69849949 3.30689584 0.39743706
v -3.77894878 3.22775728 0.25945326
v -3.82879535 3.18670049 0.43042556
v 3.41892251 3.62303894 -0.11425938
v 3.42876625 3.58660263 0.06748870
v 3.33758662 3.68327093 0.00514306
v 3.34743036 3.64683463 0.18689113
v 3.43860998 3.55016633 0.24923677
v 3.35727409 3.61039833 0.36863921
v 3.25625073 3.74350293 0.12454549
v 3.26609446 3.70706663 0.30629357
v 3.17491484 3.80373493 0.24394793
v 3.44845372 3.51373003 0.43098485
v 3.18475857 3.76729863 0.42569601
v 3.27593820 3.67063033 0.48804165
v 3.19460231 3.73086232 0.60744408
v 3.28578194 3.63419403 0.66978973
v 3.36711783 3.57396203 0.55038729
v 3.37696157 3.53752573 0.73213537
v 3.20444605 3.69442602 0.78919216
v 3.29562568 3.59775773 0.85153780
v 3.21428979 3.65798972 0.97094024
v 3.45829746 3.47729373 0.61273293
v 3.09357895 3.86396692 0.36335037
v 3.10342268 3.82753062 0.54509844
v 3.01224305 3.92419892 0.48275280
v 3.02208679 3.88776262 0.66450088
v 3.11326642 3.79109432 0.72684652
v 3.03193053 3.85132632 0.84624896
v 2.93090716 3.98443092 0.60215524
v 2.94075090 3.94799462 0.78390332
v 2.84957127 4.04466291 0.72155768
v 3.12311016 3.75465802 0.90859460
v 3.46814120 3.44085743 0.79448101
v 3.38680531 3.50108943 0.91388344
v 3.47798493 3.40442113 0.97622908
v 3.39664904 3.46465313 1.09563152
v 3.30546941 3.56132142 1.03328588
v 3.48782867 3.36798483 1.15797716
v 3.75827791 2.87768398 -1.55525640
v 3.86159525 2.70149321 -1.53593840
v 3.83263459 2.82424482 -1.42610148
v 3.93595193 2.64805405 -1.40678347
v 3.96491258 2.52530245 -1.51662039
v 4.03926927 2.47186329 -1.38746546
v 3.90699128 2.77080566 -1.29694656
v 4.01030861 2.59461489 -1.27762855
v 3.98134796 2.71736649 -1.16779163
v 4.06822992 2.34911168 -1.49730238
v 4.08466529 2.54117573 -1.14847362
v 4.11362595 2.41842413 -1.25831054
v 4.18798263 2.36498497 -1.12915562
v 4.21694328 2.24223336 -1.23899253
v 4.14258660 2.29567252 -1.36814746
v 4.24590394 2.11948176 -1.34882945
v 4.29129997 2.18879420 -1.10983761
v 4.32026062 2.06604260 -1.21967453
v 4.39461730 2.01260344 -1.09051960
v 4.17154726 2.17292092 -1.47798437
v 4.05570464 2.66392733 -1.03863671
v 4.15902198 2.48773657 -1.01931870
v 4.13006132 2.61048817 -0.90948178
v 4.23337866 2.43429741 -0.89016377
v 4.26233931 2.31154580 -1.00000069
v 4.33669599 2.25810664 -0.87084577
v 4.20441800 2.55704901 -0.78032686
v 4.30773534 2.38085825 -0.76100885
v 4.27877469 2.50360985 -0.65117193
v 4.36565665 2.13535504 -0.98068268
v 4.27486459 1.99673015 -1.45866637
v 4.34922127 1.94329099 -1.32951144
v 4.37818193 1.82053939 -1.43934836
v 4.45253861 1.76710023 -1.31019343
v 4.42357796 1.88985183 -1.20035652
v 4.48149926 1.64434862 -1.42003035
v -2.80553828 4.09988687 0.33167407
v -2.93583414 3.97969152 0.36466257
v -2.82464809 4.05151045 0.49683059
v -3.06613000 3.85949617 0.39765107
v -2.95494395 3.93131510 0.52981908
v -3.08523981 3.81111975 0.56280758
v -3.19642586 3.73930082 0.43063957
v -2.84375790 4.00313403 0.66198710
v -2.97405375 3.88293868 0.69497559
v -2.86286770 3.95475762 0.82714361
v -3.32672172 3.61910547 0.46362807
v -3.21553567 3.69092440 0.59579608
v -3.34583153 3.57072905 0.62878458
v -3.23464547 3.64254799 0.76095259
v -3.10434961 3.76274333 0.72796409
v -3.12345942 3.71436692 0.89312060
v -3.36494133 3.52235264 0.79394109
v -3.25375528 3.59417157 0.92610910
v -3.38405114 3.47397622 0.95909760
v -2.99316356 3.83456227 0.86013211
v -3.45701758 3.49891012 0.49661657
v -3.58731344 3.37871477 0.52960507
v -3.47612739 3.45053370 0.66177308
v -3.60642325 3.33033835 0.69476158
v -3.71760930 3.25851942 0.56259357
v -3.49523719 3.40215729 0.82692959
v -2.88197751 3.90638120 0.99230012
v -3.01227337 3.78618585 1.02528862
v -2.90108732 3.85800478 1.15745663
v -3.14256923 3.66599050 1.05827712
v -3.03138318 3.73780943 1.19044513
v -3.16167904 3.61761409 1.22343363
v -3.27286509 3.54579515 1.09126561
v -2.92019712 3.80962837 1.32261314
v -3.05049298 3.68943302 1.35560164
v 0.46458322 4.67169336 1.65719881
v 0.60257844 4.62302950 1.74938192
v 0.44065788 4.59824923 1.80951200
v 0.30266267 4.64691310 1.71732889
v 0.57865309 4.54958537 1.90169511
v 0.27873733 4.57346897 1.86964209
v 0.41673254 4.52480510 1.96182520
v 0.25481198 4.50002484 2.02195529
v 0.14074211 4.62213283 1.77745898
v 0.11681677 4.54868870 1.92977218
v -0.02117844 4.59735257 1.83758907
v 0.55472775 4.47614124 2.05400831
v 0.39280720 4.45136098 2.11413840
v 0.53080241 4.40269711 2.20632151
v -0.04510378 4.52390844 1.98990226
v 0.09289143 4.47524457 2.08208537
v -0.06902912 4.45046431 2.14221546
v 0.06896609 4.40180045 2.23439857
v 0.23088664 4.42658071 2.17426848
v 0.20696130 4.35313658 2.32658168
v -0.09295447 4.37702018 2.29452866
v 0.04504075 4.32835632 2.38671177
v 0.36888186 4.37791685 2.26645159
v -0.18309900 4.57257230 1.89771915
v -0.20702434 4.49912817 2.05003235
v -0.34501955 4.54779204 1.95784924
v -0.36894489 4.47434791 2.11016244
v -0.23094968 4.42568404 2.20234555
v -0.50694011 4.52301177 2.01797933
v 0.50687707 4.32925298 2.35863470
v 0.34495652 4.30447272 2.41876479
v 0.48295173 4.25580885 2.51094790
v 0.18303596 4.27969245 2.47889488
v 0.32103117 4.23102859 2.57107799
v 0.45902639 4.18236472 2.66326110
v 3.84026473 1.51296055 2.75765640
v 3.84779361 1.64112796 2.65167909
v 3.74904212 1.64839909 2.78550746
v 3.75657101 1.77656650 2.67953015
v 3.85532250 1.76929537 2.54570178
v 3.65781952 1.78383763 2.81335853
v 3.86285138 1.89746279 2.43972447
v 3.76409989 1.90473392 2.57355285
v 3.77162878 2.03290133 2.46757554
v 3.67287729 2.04017246 2.60140391
v 3.66534840 1.91200505 2.70738122
v 3.57412580 2.04744359 2.73523229
v 3.68040617 2.16833987 2.49542660
v 3.58165468 2.17561100 2.62925498
v 3.58918357 2.30377841 2.52327767
v 3.56659692 1.91927618 2.84120960
v 3.87038026 2.02563020 2.33374716
v 3.87790915 2.15379761 2.22776986
v 3.77915766 2.16106874 2.36159823
v 3.78668654 2.28923615 2.25562092
v 3.88543803 2.28196502 2.12179255
v 3.68793505 2.29650728 2.38944930
v 3.47537431 2.05471472 2.86906066
v 3.48290319 2.18288213 2.76308335
v 3.38415171 2.19015326 2.89691173
v 3.39168059 2.31832067 2.79093442
v 3.49043208 2.31104954 2.65710604
v 3.29292910 2.32559180 2.92476279
v -3.06872563 3.60983344 1.50719806
v -3.07198041 3.52191610 1.64852389
v -3.19814432 3.45841492 1.52662647
v -3.20139910 3.37049759 1.66795231
v -3.07523519 3.43399876 1.78984973
v -3.20465388 3.28258025 1.80927814
v -3.32756301 3.30699641 1.54605488
v -3.33081779 3.21907907 1.68738072
v -3.45698171 3.15557790 1.56548330
v -3.07848997 3.34608143 1.93117556
v -3.46023649 3.06766056 1.70680913
v -3.33407258 3.13116174 1.82870655
v -3.46349127 2.97974323 1.84813496
v -3.33732736 3.04324440 1.97003238
v -3.20790866 3.19466291 1.95060397
v -3.21116344 3.10674558 2.09192980
v -3.46674605 2.89182589 1.98946079
v -3.34058214 2.95532706 2.11135821
v -3.08174475 3.25816409 2.07250139
v -3.58640040 3.00415939 1.58491171
v -3.58965518 2.91624205 1.72623754
v -3.71581910 2.85274087 1.60434012
v -3.71907388 2.76482354 1.74566595
v -3.59290996 2.82832471 1.86756337
v -3.84523779 2.70132236 1.62376853
v -3.08499953 3.17024675 2.21382722
v -3.21441822 3.01882824 2.23325563
v -3.08825431 3.08232942 2.35515306
v 0.32836782 4.69948381 1.55364960
v 0.19215241 4.72727427 1.45010040
v 0.16644726 4.67470355 1.61377969
v 0.03023186 4.70249400 1.51023048
v 0.05593700 4.75506472 1.34655119
v 0.00452671 4.64992328 1.67390977
v -0.08027840 4.78285517 1.24300199
v -0.10598355 4.73028445 1.40668128
v -0.24219896 4.75807491 1.30313208
v -0.26790410 4.70550419 1.46681137
v -0.13168870 4.67771374 1.57036057
v -0.29360925 4.65293347 1.63049066
v -0.40411951 4.73329464 1.36326216
v -0.42982466 4.68072392 1.52694145
v -0.15739385 4.62514302 1.73403986
v -0.21649381 4.81064562 1.13945278
v -0.35270921 4.83843608 1.03590358
v -0.37841436 4.78586536 1.19958287
v -0.31931440 4.60036275 1.79416995
v -0.45552981 4.62815321 1.69062074
v -0.48123496 4.57558249 1.85430003
v 4.35706461 0.19019963 -2.30941771
v 4.39034008 0.38039925 -2.17025626
v 4.43659755 0.19019963 -2.11483795
v 4.46987301 0.38039925 -1.97567649
v 4.42361554 0.57059888 -2.03109480
v 4.51613048 0.19019963 -1.92025818
v 4.45689100 0.76079851 -1.89193334
v 4.50314847 0.57059888 -1.83651503
v 4.53642394 0.76079851 -1.69735357
v 4.58268141 0.57059888 -1.64193526
v 4.54940595 0.38039925 -1.78109672
v 4.62893888 0.38039925 -1.58651695
v 4.61595687 0.76079851 -1.50277380
v 4.66221435 0.57059888 -1.44735549
v 4.69548981 0.76079851 -1.30819403
v 4.59566342 0.19019963 -1.72567841
v 4.49016646 0.95099814 -1.75277188
v 4.52344193 1.14119776 -1.61361042
v 4.56969940 0.95099814 -1.55819211
v 4.60297486 1.14119776 -1.41903065
v 4.55671739 1.33139739 -1.47444896
v 4.64923234 0.95099814 -1.36361234
v 4.67519636 0.19019963 -1.53109864
v 4.70847182 0.38039925 -1.39193718
v 4.75472929 0.19019963 -1.33651887
v 4.78800476 0.38039925 -1.19735741
v 4.74174728 0.57059888 -1.25277572
v 4.83426223 0.19019963 -1.14193910
v 1.03924497 4.86395969 0.16864913
v 1.07387990 4.83896089 -0.00812412
v 1.20464262 4.80997603 0.11319108
v 1.23927755 4.78497722 -0.06358217
v 1.10851484 4.81396209 -0.18489736
v 1.27391249 4.75997842 -0.24035542
v 1.37004027 4.75599236 0.05773302
v 1.40467520 4.73099356 -0.11904022
v 1.53543792 4.70200870 0.00227497
v 1.14314977 4.78896329 -0.36167061
v 1.57007285 4.67700990 -0.17449828
v 1.43931014 4.70599476 -0.29581347
v 1.60470779 4.65201110 -0.35127153
v 1.47394507 4.68099596 -0.47258672
v 1.30854742 4.73497962 -0.41712866
v 1.34318235 4.70998082 -0.59390191
v 1.63934272 4.62701229 -0.52804477
v 1.50858000 4.65599716 -0.64935996
v 1.67397766 4.60201349 -0.70481802
v 1.17778470 4.76396449 -0.53844385
v 1.70083557 4.64802503 -0.05318309
v 1.73547050 4.62302623 -0.22995633
v 1.86623322 4.59404137 -0.10864114
v 1.90086816 4.56904257 -0.28541439
v 1.77010544 4.59802743 -0.40672958
v 1.93550309 4.54404377 -0.46218763
v 2.03163087 4.54005770 -0.16409920
v 2.06626581 4.51505890 -0.34087244
v 2.19702852 4.48607404 -0.21955725
v 1.80474037 4.57302863 -0.58350283
v 1.21241964 4.73896569 -0.71521710
v 1.37781729 4.68498202 -0.77067515
v 1.24705457 4.71396689 -0.89199034
v 1.41245222 4.65998322 -0.94744840
v 1.54321494 4.63099836 -0.82613321
v 1.28168950 4.68896809 -1.06876359
v -4.24203492 1.55999386 -2.00296064
v -4.13547856 1.71899573 -2.05664921
v -4.12744962 1.56038281 -2.18634318
v -4.02089325 1.71938468 -2.24003175
v -4.02892220 1.87799760 -2.11033779
v -4.01286431 1.56077175 -2.36972572
v -3.92236584 2.03699947 -2.16402636
v -3.91433689 1.87838655 -2.29372033
v -3.80778053 2.03738842 -2.34740890
v -3.79975158 1.87877549 -2.47710287
v -3.90630795 1.71977362 -2.42341429
v -3.79172264 1.72016257 -2.60679683
v -3.69319522 2.03777736 -2.53079144
v -3.68516628 1.87916444 -2.66048541
v -3.57860991 2.03816631 -2.71417398
v -3.89827900 1.56116070 -2.55310826
v -3.81580948 2.19600134 -2.21771494
v -3.70925311 2.35500321 -2.27140352
v -3.70122417 2.19639029 -2.40109748
v -3.59466781 2.35539216 -2.45478606
v -3.60269675 2.51400508 -2.32509209
v -3.58663886 2.19677923 -2.58448002
v -3.78369369 1.56154965 -2.73649080
v -3.67713733 1.72055152 -2.79017937
v -3.66910838 1.56193859 -2.91987334
v -3.56255202 1.72094046 -2.97356191
v -3.57058097 1.87955339 -2.84386795
v -3.55452308 1.56232754 -3.10325588
v -1.79041536 4.45068817 1.33644798
v -1.65125562 4.44802983 1.44840909
v -1.79869216 4.38187815 1.49047544
v -1.65953242 4.37921981 1.60243655
v -1.51209588 4.44537150 1.56037020
v -1.52037269 4.37656148 1.71439766
v -1.80696896 4.31306813 1.64450289
v -1.66780922 4.31040980 1.75646400
v -1.81524576 4.24425811 1.79853035
v -1.37293615 4.44271316 1.67233131
v -1.67608603 4.24159978 1.91049146
v -1.52864949 4.30775146 1.86842511
v -1.53692629 4.23894144 2.02245257
v -1.38948975 4.30509313 1.98038622
v -1.38121295 4.37390314 1.82635877
v -1.24205321 4.37124481 1.93831988
v -1.39776655 4.23628311 2.13441368
v -1.25033002 4.30243479 2.09234733
v -1.23377641 4.44005483 1.78429242
v -1.82352257 4.17544809 1.95255780
v -1.68436283 4.17278976 2.06451891
v -1.83179937 4.10663807 2.10658525
v -1.69263963 4.10397974 2.21854636
v -1.54520309 4.17013142 2.17648002
v -1.84007617 4.03782805 2.26061271
v -1.09461667 4.43739649 1.89625353
v -1.10289348 4.36858647 2.05028099
v -0.95545694 4.43473816 2.00821464
v 3.10510937 2.45331695 3.02925949
v 2.98433144 2.48858978 3.10104456
v 3.01604113 2.57377097 2.99992781
v 2.89526319 2.60904380 3.07171288
v 2.86355350 2.52386261 3.17282963
v 2.77448526 2.64431663 3.14349795
v 2.92697288 2.69422499 2.97059614
v 2.80619495 2.72949782 3.04238121
v 2.83790464 2.81467900 2.94126446
v 2.74277557 2.55913545 3.24461469
v 2.71712671 2.84995184 3.01304953
v 2.68541702 2.76477065 3.11416627
v 2.59634878 2.88522467 3.08483460
v 2.56463909 2.80004348 3.18595134
v 2.65370733 2.67958947 3.21528302
v 2.53292939 2.71486230 3.28706809
v 2.47557084 2.92049750 3.15661966
v 2.44386115 2.83531632 3.25773641
v 2.62199764 2.59440828 3.31639976
v 2.74883640 2.93513302 2.91193278
v 2.62805847 2.97040586 2.98371785
v 2.65976816 3.05558704 2.88260111
v 2.53899022 3.09085988 2.95438618
v 2.50728053 3.00567869 3.05550292
v 2.57069991 3.17604106 2.85326943
v 2.50121970 2.62968111 3.38818483
v 2.41215146 2.75013513 3.35885315
v 2.38044177 2.66495395 3.45996990
v 2.46316909 4.09553801 -1.38988898
v 2.58805274 4.03592049 -1.22446180
v 2.42514901 4.15132887 -1.22269873
v 2.55003266 4.09171135 -1.05727156
v 2.71293639 3.97630296 -1.05903463
v 2.67491631 4.03209382 -0.89184438
v 2.38712892 4.20711973 -1.05550849
v 2.51201258 4.14750221 -0.89008131
v 2.34910884 4.26291059 -0.88831824
v 2.83782005 3.91668543 -0.89360745
v 2.47399250 4.20329307 -0.72289106
v 2.63689623 4.08788468 -0.72465413
v 2.59887615 4.14367554 -0.55746389
v 2.76177989 4.02826715 -0.55922696
v 2.79979997 3.97247629 -0.72641720
v 2.92468362 3.91285877 -0.56099003
v 2.72375981 4.08405802 -0.39203671
v 2.88666354 3.96864963 -0.39379978
v 2.84864346 4.02444049 -0.22660954
v 2.96270370 3.85706791 -0.72818028
v 2.31108876 4.31870146 -0.72112799
v 2.43597242 4.25908393 -0.55570082
v 2.27306868 4.37449232 -0.55393775
v 2.39795234 4.31487479 -0.38851057
v 2.56085607 4.19946640 -0.39027364
v 2.52283599 4.25525726 -0.22308339
v 2.23504860 4.43028318 -0.38674750
v 2.35993226 4.37066565 -0.22132032
v 2.68573973 4.13984888 -0.22484647
v 3.08758736 3.79745038 -0.56275310
v 3.04956728 3.85324124 -0.39556285
v 3.21247101 3.73783285 -0.39732592
v 3.17445093 3.79362371 -0.23013568
v 3.01154720 3.90903210 -0.22837261
v 3.33735467 3.67821533 -0.23189875
v 4.82560520 0.35863106 -1.02988004
v 4.77934773 0.54883069 -1.08529835
v 4.81694817 0.52706250 -0.91782098
v 4.77069070 0.71726213 -0.97323929
v 4.73309025 0.73903032 -1.14071666
v 4.80829114 0.69549394 -0.80576192
v 4.68683278 0.92922995 -1.19613497
v 4.72443322 0.90746175 -1.02865760
v 4.67817575 1.09766138 -1.08407591
v 4.71577619 1.07589319 -0.91659854
v 4.76203367 0.88569356 -0.86118023
v 4.75337664 1.05412500 -0.74912117
v 4.66951872 1.26609282 -0.97201685
v 4.70711916 1.24432463 -0.80453948
v 4.66086169 1.43452425 -0.85995778
v 4.79963411 0.86392537 -0.69370286
v 4.64057531 1.11942957 -1.25155328
v 4.59431783 1.30962920 -1.30697159
v 4.63191828 1.28786101 -1.13949422
v 4.58566080 1.47806064 -1.19491253
v 4.54806036 1.49982883 -1.36238990
v 4.62326125 1.45629245 -1.02743516
v 4.79097708 1.03235681 -0.58164380
v 4.74471961 1.22255644 -0.63706210
v 4.78232005 1.20078825 -0.46958473
v 4.73606258 1.39098787 -0.52500304
v 4.69846213 1.41275606 -0.69248041
v 4.77366302 1.36921968 -0.35752567
v 0.12685411 0.99367137 4.89106831
v 0.19076247 0.99693215 4.88710253
v 0.18979986 1.05213345 4.87372294
v 0.25370822 1.05539423 4.86975716
v 0.25467083 1.00019292 4.88313675
v 0.25274562 1.11059553 4.85637758
v 0.31857919 1.00345370 4.87917096
v 0.31761658 1.05865500 4.86579138
v 0.38152494 1.06191577 4.86182560
v 0.38056233 1.11711708 4.84844601
v 0.31665397 1.11385630 4.85241179
v 0.37959973 1.17231838 4.83506643
v 0.44447069 1.12037785 4.84448023
v 0.44350809 1.17557916 4.83110065
v 0.31569137 1.16905761 4.83903221
v 0.38248754 1.00671447 4.87520518
v 0.44639590 1.00997525 4.87123940
v 0.44543330 1.06517655 4.85785981
v 0.37863712 1.22751968 4.82168684
v 0.44254548 1.23078046 4.81772106
v 0.44158287 1.28598176 4.80434148
v -3.07962457 0.35662336 -3.85267503
v -3.13195004 0.53208768 -3.76919278
v -2.97903332 0.53778239 -3.88802445
v -3.03135880 0.71324671 -3.80454220
v -3.18427552 0.70755201 -3.68571052
v -2.87844208 0.71894141 -3.92337387
v -3.23660099 0.88301634 -3.60222827
v -3.08368427 0.88871104 -3.72105994
v -3.13600974 1.06417537 -3.63757769
v -2.98309302 1.06987007 -3.75640936
v -2.93076755 0.89440574 -3.83989162
v -2.83017630 1.07556477 -3.87524103
v -3.03541850 1.24533440 -3.67292711
v -2.88250178 1.25102910 -3.79175878
v -2.93482725 1.42649343 -3.70827653
v -2.77785083 0.90010044 -3.95872329
v -3.28892646 1.05848066 -3.51874602
v -3.34125194 1.23394499 -3.43526376
v -3.18833522 1.23963969 -3.55409544
v -3.24066069 1.41510402 -3.47061318
v -3.39357741 1.40940932 -3.35178151
v -3.08774397 1.42079872 -3.58944486
v -2.67725958 1.08125947 -3.99407271
v -2.72958506 1.25672380 -3.91059045
v -2.57666834 1.26241850 -4.02942213
v -2.62899381 1.43788283 -3.94593987
v -2.78191053 1.43218813 -3.82710820
v -2.47607709 1.44357753 -4.06477155
v 1.45047230 4.60419236 -1.11463864
v 1.58123502 4.57520750 -0.99332345
v 1.61925510 4.51941664 -1.16051370
v 1.75001782 4.49043177 -1.03919851
v 1.71199774 4.54622263 -0.87200826
v 1.78803790 4.43464091 -1.20638875
v 1.84276045 4.51723777 -0.75069307
v 1.88078053 4.46144691 -0.91788332
v 2.01154325 4.43246204 -0.79656813
v 2.04956333 4.37667118 -0.96375837
v 1.91880061 4.40565605 -1.08507356
v 2.08758341 4.32088032 -1.13094862
v 2.18032605 4.34768632 -0.84244318
v 2.21834613 4.29189546 -1.00963343
v 1.95682069 4.34986519 -1.25226381
v 1.97352317 4.48825291 -0.62937788
v 2.10428589 4.45926804 -0.50806269
v 2.14230597 4.40347718 -0.67525294
v 2.12560349 4.26508946 -1.29813887
v 2.25636621 4.23610460 -1.17682368
v 2.29438629 4.18031374 -1.34401392
v -4.51460126 1.94709352 0.79413883
v -4.50543334 1.85879798 0.93541463
v -4.43746629 2.03320929 0.91543285
v -4.49626543 1.77050243 1.07669043
v -4.42829838 1.94491374 1.05670865
v -4.41913046 1.85661819 1.19798445
v -4.48709751 1.68220688 1.21796623
v -4.36033133 2.11932505 1.03672686
v -4.35116341 2.03102950 1.17800266
v -4.28319636 2.20544081 1.15802088
v -4.47792959 1.59391134 1.35924203
v -4.40996254 1.76832264 1.33926025
v -4.40079462 1.68002710 1.48053604
v -4.33282757 1.85443840 1.46055426
v -4.34199549 1.94273395 1.31927846
v -4.26486052 2.02884971 1.44057248
v -4.32365965 1.76614286 1.60183006
v -4.25569260 1.94055416 1.58184828
v -4.27402844 2.11714526 1.29929668
v -4.46876167 1.50561579 1.50051783
v -4.45959375 1.41732024 1.64179363
v -4.39162670 1.59173155 1.62181184
v -4.20606139 2.29155657 1.27931490
v -4.19689347 2.20326102 1.42059070
v -4.12892642 2.37767233 1.40060891
v -4.18772555 2.11496547 1.56186649
v -4.11975850 2.28937678 1.54188471
v -4.05179145 2.46378809 1.52190293
v 4.30556532 2.46734460 0.44860001
v 4.20442356 2.60492499 0.34367849
v 4.30173809 2.47252535 0.29148973
v 4.20059632 2.61010574 0.18656822
v 4.10328179 2.74250537 0.23875698
v 4.09945455 2.74768612 0.08164670
v 4.29791086 2.47770610 0.13437945
v 4.19676909 2.61528649 0.02945794
v 4.29408362 2.48288685 -0.02273083
v 4.00214002 2.88008576 0.13383547
v 4.19294185 2.62046724 -0.12765234
v 4.09562732 2.75286687 -0.07546357
v 4.09180008 2.75804762 -0.23257385
v 3.99448555 2.89044726 -0.18038509
v 3.99831278 2.88526651 -0.02327481
v 3.89717101 3.02284690 -0.12819632
v 3.99065831 2.89562801 -0.33749536
v 3.89334378 3.02802765 -0.28530660
v 3.88951654 3.03320840 -0.44241688
v 3.90099825 3.01766614 0.02891395
v 4.29025639 2.48806760 -0.17984110
v 4.18911462 2.62564799 -0.28476262
v 4.28642915 2.49324835 -0.33695138
v 4.18528738 2.63082874 -0.44187289
v 4.08797285 2.76322837 -0.38968413
v 4.08414561 2.76840912 -0.54679441
v 4.28260192 2.49842910 -0.49406166
v 4.18146015 2.63600949 -0.59898317
v 3.98683108 2.90080876 -0.49460564
v 3.79985648 3.15524653 -0.07600756
v 3.79602924 3.16042728 -0.23311784
v 3.69871471 3.29282692 -0.18092907
v 3.69488747 3.29800767 -0.33803935
v 3.79220201 3.16560803 -0.39022811
v 3.59757294 3.43040730 -0.28585058
v 1.50401878 4.18792811 2.23475792
v 1.35473415 4.18713334 2.29597266
v 1.37865949 4.26057747 2.14365946
v 1.22937487 4.25978270 2.20487420
v 1.20544952 4.18633857 2.35718740
v 1.08009024 4.25898793 2.26608894
v 1.25330021 4.33322683 2.05256101
v 1.10401558 4.33243206 2.11377575
v 1.12794092 4.40587619 1.96146255
v 1.05616490 4.18554380 2.41840214
v 0.97865629 4.40508142 2.02267729
v 0.95473095 4.33163729 2.17499049
v 0.82937167 4.40428665 2.08389203
v 0.80544632 4.33084252 2.23620523
v 0.93080561 4.25819316 2.32730368
v 0.78152098 4.25739839 2.38851842
v 0.68008704 4.40349188 2.14510677
v 0.65616170 4.33004775 2.29741997
v 0.90688027 4.18474903 2.47961688
v 1.00258164 4.47852555 1.87036409
v 0.85329701 4.47773078 1.93157883
v 0.87722235 4.55117491 1.77926563
v 0.72793772 4.55038014 1.84048037
v 0.70401238 4.47693601 1.99279357
v 0.75186306 4.62382427 1.68816718
v 0.75759564 4.18395426 2.54083162
v 0.63223636 4.25660362 2.44973316
v 0.60831101 4.18315949 2.60204636
v -1.90767479 4.47309383 1.05543266
v -1.92678460 4.42471741 1.22058917
v -2.05232084 4.37831305 1.09360130
v -2.03321103 4.42668946 0.92844479
v -2.07143065 4.32993663 1.25875781
v -2.17785708 4.33190868 0.96661343
v -2.19696689 4.28353227 1.13176994
v -2.32250313 4.23712790 1.00478207
v -2.15874727 4.38028510 0.80145692
v -2.30339332 4.28550432 0.83962556
v -2.28428351 4.33388074 0.67446905
v -2.21607669 4.23515585 1.29692645
v -2.34161294 4.18875149 1.16993858
v -2.36072274 4.14037507 1.33509509
v -2.42892956 4.23909996 0.71263769
v -2.44803937 4.19072354 0.87779420
v -2.57357561 4.14431918 0.75080633
v -2.59268542 4.09594276 0.91596284
v -2.46714918 4.14234712 1.04295071
v -2.61179522 4.04756634 1.08111935
v -2.71822166 4.04953840 0.78897497
v -2.73733146 4.00116198 0.95413148
v -2.48625898 4.09397071 1.20810722
v -2.40981975 4.28747637 0.54748118
v -2.55446580 4.19269559 0.58564982
v -2.53535599 4.24107201 0.42049330
v -2.68000204 4.14629123 0.45866194
v -2.69911185 4.09791481 0.62381846
v -2.66089223 4.19466765 0.29350543
v -2.50536879 4.04559429 1.37326373
v -2.63090503 3.99918993 1.24627586
v -2.65001484 3.95081351 1.41143237
v -2.75644127 3.95278556 1.11928799
v -2.77555108 3.90440915 1.28444450
v -2.79466088 3.85603273 1.44960101
v -2.17253971 1.42298699 4.26023528
v -2.08642322 1.32202050 4.32089865
v -2.05940163 1.42102991 4.30796401
v -2.00030674 1.22105400 4.38156202
v -1.97328514 1.32006342 4.36862737
v -1.88716866 1.21909692 4.42929074
v -1.91419025 1.12008751 4.44222539
v -1.94626355 1.41907284 4.35569273
v -1.86014706 1.31810634 4.41635610
v -1.83312547 1.41711576 4.40342146
v -1.82807376 1.01912101 4.50288876
v -1.80105217 1.11813043 4.48995411
v -1.71493568 1.01716394 4.55061748
v -1.68791409 1.11617335 4.53768284
v -1.77403058 1.21713985 4.47701947
v -1.66089250 1.21518277 4.52474820
v -1.60179760 1.01520686 4.59834621
v -1.57477601 1.11421627 4.58541157
v -1.48865952 1.01324978 4.64607494
v -1.74700899 1.31614926 4.46408483
v -1.74195727 0.91815452 4.56355213
v -1.65584079 0.81718802 4.62421550
v -1.62881919 0.91619744 4.61128085
v -1.54270271 0.81523095 4.67194422
v -1.56972430 0.71622153 4.68487887
v -1.51568111 0.91424036 4.65900958
v -1.71998739 1.41515868 4.45115019
v -1.63387091 1.31419219 4.51181356
v -1.60684931 1.41320160 4.49887891
v -1.54775442 1.21322569 4.57247693
v -1.52073283 1.31223511 4.55954228
v -1.43461634 1.21126861 4.62020565
v -1.46163793 1.11225920 4.63314030
v -1.49371123 1.41124453 4.54660764
v -1.40759475 1.31027803 4.60727101
v 0.90608773 2.49832804 4.21759145
v 0.78776328 2.49648162 4.23581274
v 0.84596964 2.43742362 4.26188411
v 0.72764519 2.43557719 4.28010540
v 0.66943883 2.49463519 4.25403404
v 0.78585154 2.37651920 4.30617676
v 0.55111438 2.49278876 4.27225533
v 0.60932074 2.43373077 4.29832670
v 0.49099629 2.43188434 4.31654799
v 0.54920264 2.37282635 4.34261936
v 0.66752709 2.37467277 4.32439806
v 0.60740900 2.31376835 4.36869072
v 0.43087819 2.37097992 4.36084065
v 0.48908454 2.31192192 4.38691201
v 0.72573345 2.31561478 4.35046942
v 0.43278993 2.49094233 4.29047663
v 0.31446548 2.48909591 4.30869792
v 0.37267184 2.43003791 4.33476929
v 0.66561535 2.25471036 4.39476208
v 0.54729090 2.25286393 4.41298338
v 0.60549725 2.19380593 4.43905474
v -4.49118443 0.14432667 2.15518018
v -4.55086072 0.14432667 1.95362246
v -4.49507135 0.28865335 2.10487604
v -4.55474765 0.28865335 1.90331832
v -4.61053702 0.14432667 1.75206474
v -4.61442394 0.28865335 1.70176061
v -4.49895827 0.43298002 2.05457190
v -4.55863457 0.43298002 1.85301419
v -4.50284520 0.57730669 2.00426777
v -4.67021331 0.14432667 1.55050703
v -4.56252149 0.57730669 1.80271005
v -4.61831086 0.43298002 1.65145647
v -4.62219779 0.57730669 1.60115233
v -4.67798716 0.43298002 1.44989875
v -4.67410024 0.28865335 1.50020289
v -4.73377653 0.28865335 1.29864517
v -4.68187408 0.57730669 1.39959461
v -4.73766345 0.43298002 1.24834103
v -4.72988961 0.14432667 1.34894931
v -4.50673212 0.72163337 1.95396363
v -4.56640841 0.72163337 1.75240591
v -4.51061904 0.86596004 1.90365949
v -4.57029534 0.86596004 1.70210177
v -4.62608471 0.72163337 1.55084819
v -4.51450596 1.01028671 1.85335535
v -4.78956591 0.14432667 1.14739159
v -4.79345283 0.28865335 1.09708745
v -4.84924220 0.14432667 0.94583387
v 2.37509997 3.39884304 2.76167758
v 2.24107785 3.41772429 2.82566615
v 2.26856827 3.50119100 2.69941741
v 2.13454615 3.52007225 2.76340597
v 2.10705574 3.43660554 2.88965471
v 2.00052404 3.53895350 2.82739454
v 2.16203657 3.60353896 2.63715724
v 2.02801445 3.62242021 2.70114580
v 2.05550487 3.70588692 2.57489707
v 1.97303362 3.45548679 2.95364327
v 1.92148275 3.72476817 2.63888563
v 1.89399234 3.64130146 2.76513436
v 1.78746063 3.74364942 2.70287419
v 1.75997022 3.66018271 2.82912293
v 1.86650192 3.55783475 2.89138310
v 1.73247980 3.57671600 2.95537166
v 1.65343852 3.76253067 2.76686276
v 1.62594810 3.67906396 2.89311149
v 1.83901150 3.47436804 3.01763184
v 1.94897317 3.80823488 2.51263689
v 1.81495105 3.82711613 2.57662546
v 1.84244147 3.91058284 2.45037672
v 1.70841935 3.92946409 2.51436529
v 1.68092893 3.84599738 2.64061402
v 1.73590977 4.01293079 2.38811655
v 1.70498939 3.49324929 3.08162040
v 1.59845769 3.59559725 3.01936023
v 1.57096727 3.51213054 3.14560896
v -1.93506140 4.35590739 1.37461662
v -2.07970745 4.26112661 1.41278526
v -1.94333821 4.28709737 1.52864408
v -2.08798425 4.19231659 1.56681272
v -2.22435350 4.16634583 1.45095390
v -1.95161501 4.21828735 1.68267153
v -2.36899955 4.07156505 1.48912254
v -2.23263030 4.09753581 1.60498136
v -2.37727635 4.00275503 1.64315000
v -2.24090710 4.02872579 1.75900881
v -2.09626106 4.12350657 1.72084017
v -2.10453786 4.05469655 1.87486763
v -2.38555315 3.93394501 1.79717745
v -2.24918391 3.95991577 1.91303627
v -1.95989181 4.14947733 1.83669899
v -2.51364559 3.97678427 1.52729118
v -2.65829164 3.88200349 1.56545982
v -2.52192240 3.90797425 1.68131864
v -1.96816861 4.08066731 1.99072644
v -2.11281466 3.98588653 2.02889508
v -1.97644542 4.01185729 2.14475389
v 4.78901156 1.34136947 0.00354873
v 4.80819211 1.17293803 0.10143258
v 4.76675966 1.33528745 0.19714575
v 4.78594021 1.16685601 0.29502961
v 4.82737266 1.00450660 0.19931644
v 4.80512076 0.99842457 0.39291347
v 4.74450775 1.32920543 0.39074278
v 4.76368830 1.16077399 0.48862664
v 4.72225585 1.32312340 0.58433981
v 4.84655321 0.83607516 0.29720030
v 4.74143640 1.15469197 0.68222367
v 4.78286885 0.99234255 0.58651050
v 4.76061695 0.98626053 0.78010752
v 4.80204940 0.82391112 0.68439436
v 4.82430131 0.82999314 0.49079733
v 4.84348186 0.66156170 0.58868119
v 4.77979750 0.81782909 0.87799138
v 4.82122995 0.65547968 0.78227822
v 4.86573376 0.66764372 0.39508416
v 4.70000394 1.31704138 0.77793683
v 4.71918449 1.14860995 0.87582069
v 4.67775204 1.31095936 0.97153386
v 4.69693259 1.14252792 1.06941772
v 4.73836505 0.98017851 0.97370455
v 4.65550014 1.30487734 1.16513089
v 4.88491431 0.49921229 0.49296802
v 4.86266241 0.49313027 0.68656505
v 4.90409486 0.33078085 0.59085188
v 1.02203703 2.80927868 -3.97583661
v 0.86792083 2.92401425 -3.89646146
v 0.83710516 2.78103866 -4.01572179
v 0.68298896 2.89577423 -3.93634664
v 0.71380464 3.03874982 -3.81708631
v 0.52887277 3.01050980 -3.85697149
v 0.65217329 2.75279864 -4.05560696
v 0.49805709 2.86753421 -3.97623181
v 0.46724142 2.72455861 -4.09549214
v 0.55968844 3.15348539 -3.73771116
v 0.31312522 2.83929418 -4.01611699
v 0.34394090 2.98226978 -3.89685666
v 0.15900903 2.95402975 -3.93674184
v 0.18982470 3.09700534 -3.81748151
v 0.37475657 3.12524537 -3.77759634
v 0.22064038 3.23998094 -3.69822118
v 0.00489283 3.06876532 -3.85736669
v 0.03570851 3.21174091 -3.73810636
v 0.40557225 3.26822096 -3.65833601
v 0.28230955 2.69631859 -4.13537731
v 0.12819335 2.81105416 -4.05600216
v 0.09737768 2.66807857 -4.17526249
v -0.05673852 2.78281414 -4.09588734
v -0.02592284 2.92578973 -3.97662701
v -0.08755419 2.63983855 -4.21514766
v 0.25145605 3.38295653 -3.57896086
v 0.06652418 3.35471650 -3.61884603
v 0.09733986 3.49769210 -3.49958571
v 4.59276627 1.44421638 1.26460071
v 4.51163393 1.56620371 1.34325524
v 4.55228431 1.58963745 1.17047351
v 4.47115197 1.71162477 1.24912804
v 4.43050159 1.68819103 1.42190978
v 4.39001964 1.83361209 1.32778257
v 4.51180235 1.73505852 1.07634630
v 4.43067002 1.85704584 1.15500084
v 4.47132040 1.88047958 0.98221910
v 4.34936926 1.81017835 1.50056431
v 4.39018806 2.00246691 1.06087363
v 4.34953768 1.97903316 1.23365537
v 4.30905572 2.12445423 1.13952816
v 4.26840534 2.10102048 1.31230990
v 4.30888730 1.95559942 1.40643710
v 4.22775496 2.07758674 1.48509164
v 4.22792338 2.24644155 1.21818270
v 4.18727300 2.22300781 1.39096443
v 4.14679104 2.36842887 1.29683723
v 4.26823692 1.93216567 1.57921884
v 4.43083844 2.02590065 0.88809189
v 4.34970610 2.14788797 0.96674643
v 4.39035648 2.17132172 0.79396469
v 4.30922414 2.29330904 0.87261922
v 4.26857376 2.26987530 1.04540096
v 4.22809180 2.41529636 0.95127375
v 4.34987452 2.31674278 0.69983749
v 4.26874218 2.43873011 0.77849202
v 4.18744142 2.39186262 1.12405549
v 4.18710458 2.05415300 1.65787337
v 4.14662262 2.19957406 1.56374617
v 4.10597224 2.17614032 1.73652790
v 4.06549028 2.32156138 1.64240070
v 4.10614066 2.34499513 1.46961896
v 4.02483990 2.29812764 1.81518244
v 0.98797288 2.66037702 -4.06231685
v 0.95390874 2.51147536 -4.14879708
v 0.80304101 2.63213700 -4.10220202
v 0.76897687 2.48323534 -4.18868225
v 0.91984460 2.36257371 -4.23527731
v 0.61810914 2.60389698 -4.14208720
v 0.88578045 2.21367205 -4.32175754
v 0.73491273 2.33433369 -4.27516249
v 0.70084858 2.18543203 -4.36164272
v 0.54998086 2.30609366 -4.31504766
v 0.58404500 2.45499532 -4.22856743
v 0.39911313 2.42675530 -4.26845260
v 0.51591671 2.15719201 -4.40152790
v 0.36504899 2.27785364 -4.35493284
v 0.33098484 2.12895199 -4.44141307
v 0.43317727 2.57565696 -4.18197237
v 0.85171631 2.06477039 -4.40823778
v 0.81765216 1.91586874 -4.49471801
v 0.66678444 2.03653037 -4.44812295
v 0.63272029 1.88762871 -4.53460319
v 0.78358802 1.76696708 -4.58119824
v 0.48185257 2.00829035 -4.48800813
v 0.24824540 2.54741694 -4.22185755
v 0.21418126 2.39851528 -4.30833778
v 0.06331353 2.51917692 -4.26174272
v 0.02924939 2.37027526 -4.34822296
v 0.18011712 2.24961362 -4.39481801
v -0.12161833 2.49093689 -4.30162790
v 2.50852984 3.36260034 2.69081671
v 2.40199814 3.46494830 2.62855654
v 2.53542801 3.42870561 2.55769566
v 2.42889631 3.53105357 2.49543549
v 2.29546644 3.56729626 2.56629636
v 2.32236461 3.63340153 2.43317532
v 2.56232618 3.49481087 2.42457462
v 2.45579448 3.59715883 2.36231445
v 2.58922434 3.56091614 2.29145357
v 2.18893474 3.66964422 2.50403619
v 2.48269264 3.66326410 2.22919340
v 2.34926277 3.69950679 2.30005427
v 2.37616094 3.76561206 2.16693323
v 2.24273107 3.80185475 2.23779410
v 2.21583291 3.73574949 2.37091515
v 2.10930121 3.83809745 2.30865498
v 2.26962924 3.86796002 2.10467306
v 2.13619937 3.90420271 2.17553393
v 2.16309754 3.97030797 2.04241289
v 2.08240304 3.77199218 2.44177602
v 2.61612251 3.62702140 2.15833253
v 2.50959081 3.72936936 2.09607236
v 2.64302068 3.69312667 2.02521148
v 2.53648898 3.79547463 1.96295131
v 2.40305911 3.83171732 2.03381218
v 2.42995728 3.89782258 1.90069114
v 2.66991885 3.75923193 1.89209044
v 2.56338715 3.86157989 1.82983026
v 2.69681702 3.82533719 1.75896939
v 2.29652741 3.93406528 1.97155201
v 1.97587134 3.87434014 2.37951585
v 2.00276950 3.94044540 2.24639480
v 1.86933964 3.97668810 2.31725568
v 1.89623780 4.04279336 2.18413463
v 2.02966767 4.00655067 2.11327376
v 1.76280793 4.07903606 2.25499551
v -3.50065159 0.32292539 3.49423058
v -3.45357881 0.45833736 3.51682079
v -3.54608358 0.51043882 3.39740518
v -3.49901080 0.64585079 3.41999538
v -3.40650603 0.59374932 3.53941100
v -3.59151557 0.69795225 3.30057977
v -3.35943325 0.72916128 3.56200121
v -3.45193802 0.78126275 3.44258559
v -3.40486524 0.91667471 3.46517580
v -3.49737001 0.96877618 3.34576018
v -3.54444279 0.83336421 3.32316998
v -3.58987478 1.02087764 3.22634457
v -3.45029723 1.10418814 3.36835039
v -3.54280200 1.15628961 3.24893478
v -3.63694756 0.88546568 3.20375436
v -3.31236047 0.86457325 3.58459142
v -3.26528769 0.99998521 3.60718163
v -3.35779246 1.05208668 3.48776601
v -3.68237955 1.07297911 3.10692895
v -3.63530677 1.20839107 3.12951916
v -3.72781154 1.26049254 3.01010354
v -1.44531851 4.57439928 -1.33793006
v -1.29859264 4.62363553 -1.23692745
v -1.46638151 4.59745843 -1.17359540
v -1.31965564 4.64669468 -1.07259279
v -1.15186677 4.67287178 -1.13592484
v -1.17292977 4.69593093 -0.97159018
v -1.48744450 4.62051759 -1.00926073
v -1.34071864 4.66975384 -0.90825812
v -1.50850750 4.64357674 -0.84492607
v -1.00514090 4.72210803 -1.03492223
v -1.36178164 4.69281299 -0.74392345
v -1.19399277 4.71899009 -0.80725551
v -1.21505577 4.74204924 -0.64292084
v -1.04726690 4.76822634 -0.70625290
v -1.02620390 4.74516718 -0.87058757
v -0.87947804 4.79440343 -0.76958496
v -1.06832990 4.79128549 -0.54191823
v -0.90054104 4.81746259 -0.60525029
v -0.92160403 4.84052174 -0.44091562
v -0.85841504 4.77134428 -0.93391962
v -1.52957050 4.66663589 -0.68059140
v -1.38284464 4.71587214 -0.57958879
v -1.55063350 4.68969505 -0.51625673
v -1.40390763 4.73893130 -0.41525412
v -1.23611877 4.76510839 -0.47858618
v -1.25718177 4.78816755 -0.31425151
v -1.57169650 4.71275420 -0.35192207
v -1.42497063 4.76199045 -0.25091946
v -1.59275950 4.73581336 -0.18758740
v -1.08939290 4.81434464 -0.37758357
v -0.71168917 4.82058053 -0.83291701
v -0.73275217 4.84363968 -0.66858234
v -0.56496330 4.86981678 -0.73191440
v -0.58602630 4.89287593 -0.56757973
v -0.75381517 4.86669884 -0.50424768
v -0.41823744 4.91905303 -0.63091179
v 0.51606846 1.48391994 4.74059181
v 0.59900196 1.53097731 4.70962330
v 0.52857089 1.56819474 4.70756709
v 0.68193546 1.57803469 4.67865480
v 0.61150439 1.61525211 4.67659858
v 0.69443790 1.66230949 4.64563008
v 0.76486896 1.62509206 4.64768629
v 0.54107333 1.65246953 4.67454237
v 0.62400683 1.69952691 4.64357386
v 0.55357577 1.73674433 4.64151765
v 0.84780247 1.67214944 4.61671779
v 0.77737140 1.70936686 4.61466157
v 0.86030490 1.75642423 4.58369307
v 0.78987384 1.79364166 4.58163685
v 0.70694033 1.74658428 4.61260536
v 0.71944277 1.83085908 4.57958064
v 0.87280734 1.84069903 4.55066835
v 0.80237627 1.87791645 4.54861213
v 0.63650927 1.78380170 4.61054914
v 0.93073597 1.71920681 4.58574929
v 1.01366947 1.76626418 4.55478078
v 0.94323841 1.80348161 4.55272457
v 0.56607820 1.82101913 4.60849293
v 0.64901170 1.86807650 4.57752442
v 0.57858064 1.90529392 4.57546820
v 0.73194521 1.91513388 4.54655592
v 0.66151414 1.95235130 4.54449970
v 0.59108307 1.98956872 4.54244348
v -0.44483380 4.91574892 -0.44804692
v -0.61262266 4.88957182 -0.38471487
v -0.47143016 4.91244481 -0.26518206
v -0.63921903 4.88626771 -0.20185000
v -0.78041153 4.86339473 -0.32138281
v -0.49802652 4.90914070 -0.08231719
v -0.94820040 4.83721763 -0.25805076
v -0.80700789 4.86009062 -0.13851795
v -0.97479676 4.83391352 -0.07518589
v -0.83360426 4.85678651 0.04434692
v -0.66581539 4.88296360 -0.01898514
v -0.69241175 4.87965949 0.16387973
v -1.00139312 4.83060941 0.10767898
v -0.86020062 4.85348240 0.22721179
v -1.02798948 4.82730530 0.29054384
v -0.52462289 4.90583659 0.10054768
v -1.11598926 4.81104053 -0.19471870
v -1.28377813 4.78486344 -0.13138665
v -1.14258563 4.80773642 -0.01185383
v -1.31037449 4.78155933 0.05147822
v -1.45156700 4.75868634 -0.06805459
v -1.16918199 4.80443231 0.17101103
v -0.55121925 4.90253248 0.28341254
v -0.71900811 4.87635538 0.34674460
v -0.57781561 4.89922837 0.46627741
v -0.74560448 4.87305127 0.52960946
v -0.88679698 4.85017829 0.41007665
v -0.60441197 4.89592426 0.64914227
v -3.84702799 3.10710091 0.58202198
v -3.73584194 3.17891984 0.71418999
v -3.86526063 3.02750133 0.73361840
v -3.75407458 3.09932026 0.86578641
v -3.62465589 3.25073877 0.84635800
v -3.64288853 3.17113919 0.99795443
v -3.88349328 2.94790175 0.88521483
v -3.77230722 3.01972068 1.01738284
v -3.90172592 2.86830217 1.03681125
v -3.51346983 3.32255771 0.97852601
v -3.79053987 2.94012110 1.16897926
v -3.66112117 3.09153961 1.14955085
v -3.67935381 3.01194003 1.30114727
v -3.54993512 3.16335855 1.28171886
v -3.53170248 3.24295813 1.13012244
v -3.42051642 3.31477706 1.26229045
v -3.56816776 3.08375897 1.43331528
v -3.43874907 3.23517748 1.41388687
v -3.40228378 3.39437664 1.11069403
v -3.91995856 2.78870259 1.18840767
v -3.80877251 2.86052152 1.32057568
v -3.93819120 2.70910301 1.34000410
v -3.82700515 2.78092194 1.47217211
v -3.69758645 2.93234045 1.45274370
v -3.95642384 2.62950343 1.49160052
v -3.29109773 3.46619557 1.24286204
v -3.30933037 3.38659599 1.39445846
v -3.17991168 3.53801450 1.37503005
v -3.30991364 3.54296481 -1.09782404
v -3.33250151 3.43764771 -1.25507971
v -3.18980450 3.57077480 -1.25829530
v -3.21239236 3.46545770 -1.41555097
v -3.35508937 3.33233061 -1.41233538
v -3.23498022 3.36014060 -1.57280663
v -3.06969535 3.59858480 -1.41876655
v -3.09228321 3.49326769 -1.57602222
v -2.94958620 3.62639479 -1.57923781
v -3.37767723 3.22701350 -1.56959105
v -2.97217407 3.52107769 -1.73649348
v -3.11487108 3.38795059 -1.73327789
v -2.99476193 3.41576058 -1.89374915
v -3.13745894 3.28263349 -1.89053356
v -3.25756809 3.25482350 -1.73006230
v -3.28015595 3.14950639 -1.88731797
v -3.01734979 3.31044348 -2.05100481
v -3.16004680 3.17731639 -2.04778923
v -3.40026510 3.12169640 -1.72684672
v -2.82947705 3.65420478 -1.73970907
v -2.85206492 3.54888768 -1.89696473
v -2.70936791 3.68201477 -1.90018032
v -2.73195577 3.57669767 -2.05743599
v -2.87465278 3.44357057 -2.05422040
v -2.58925876 3.70982476 -2.06065158
v -3.42285296 3.01637930 -1.88410238
v -3.30274381 3.04418929 -2.04457364
v -3.44544082 2.91106220 -2.04135805
v -0.76927686 4.84601188 0.70086045
v -0.91046936 4.82313889 0.58132764
v -0.93414174 4.79609949 0.75257863
v -1.07533425 4.77322651 0.63304582
v -1.05166187 4.80026590 0.46179483
v -1.09900663 4.74618711 0.80429681
v -1.19285437 4.77739292 0.34226202
v -1.21652675 4.75035352 0.51351301
v -1.35771926 4.72748054 0.39398020
v -1.38139164 4.70044114 0.56523119
v -1.24019913 4.72331413 0.68476400
v -1.40506402 4.67340174 0.73648218
v -1.52258414 4.67756815 0.44569838
v -1.54625652 4.65052876 0.61694937
v -1.68744903 4.62765577 0.49741656
v -1.26387152 4.69627473 0.85601500
v -1.33404687 4.75451993 0.22272921
v -1.47523938 4.73164695 0.10319640
v -1.49891176 4.70460755 0.27444739
v -1.64010426 4.68173456 0.15491458
v -1.61643188 4.70877396 -0.01633641
v -1.66377664 4.65469517 0.32616557
v -1.42873640 4.64636235 0.90773318
v -1.56992890 4.62348936 0.78820036
v -1.59360129 4.59644997 0.95945136
v -1.73479379 4.57357698 0.83991855
v -1.71112141 4.60061638 0.66866755
v -1.75846617 4.54653758 1.01116954
v -1.88400241 4.50013322 0.88418167
v -1.86033003 4.52717262 0.71293067
v -2.00953865 4.45372886 0.75719380
v -1.98586627 4.48076825 0.58594280
v -1.83665765 4.55421201 0.54167968
v -2.13507489 4.40732449 0.63020592
v -1.81298527 4.58125141 0.37042869
v -1.96219389 4.50780765 0.41469181
v -1.93852151 4.53484705 0.24344082
v -2.08773013 4.46140329 0.28770394
v -2.11140251 4.43436389 0.45895493
v -2.23693875 4.38795953 0.33196706
v -2.06405775 4.48844268 0.11645295
v -2.21326637 4.41499892 0.16071607
v -2.18959399 4.44203832 -0.01053492
v -2.26061113 4.36092013 0.50321805
v -1.78931288 4.60829081 0.19917770
v -1.76564050 4.63533020 0.02792671
v -1.91484912 4.56188644 0.07218983
v -1.89117674 4.58892584 -0.09906116
v -1.74196812 4.66236960 -0.14332428
v -2.04038536 4.51548208 -0.05479804
v -2.38614737 4.31451577 0.37623018
v -2.36247499 4.34155516 0.20497919
v -2.51168361 4.26811141 0.24924231
v -2.48801123 4.29515080 0.07799132
v -2.33880261 4.36859456 0.03372820
v -2.63721985 4.22170704 0.12225444
v -3.92416296 3.02098515 0.46072796
v -3.94239560 2.94138557 0.61232439
v -4.01953057 2.85526981 0.49103037
v -4.03776321 2.77567023 0.64262679
v -3.96062824 2.86178599 0.76392081
v -4.05599585 2.69607065 0.79422322
v -4.11489818 2.68955447 0.52133278
v -4.13313082 2.60995489 0.67292920
v -4.21026579 2.52383913 0.55163519
v -3.97886089 2.78218641 0.91551723
v -4.22849843 2.44423955 0.70323161
v -4.15136346 2.53035531 0.82452562
v -4.24673107 2.36463997 0.85482803
v -4.16959611 2.45075573 0.97612205
v -4.07422850 2.61647107 0.94581964
v -4.09246114 2.53687149 1.09741606
v -4.26496372 2.28504039 1.00642446
v -4.18782875 2.37115615 1.12771847
v -3.99709353 2.70258683 1.06711366
v -4.30563340 2.35812379 0.58193759
v -4.32386604 2.27852421 0.73353402
v -4.40100101 2.19240845 0.61224000
v -4.41923365 2.11280887 0.76383642
v -4.34209868 2.19892463 0.88513044
v -4.49636862 2.02669310 0.64254241
v -4.01532617 2.62298725 1.21871008
v -4.11069378 2.45727191 1.24901249
v -4.03355881 2.54338767 1.37030650
v 0.45055968 1.52889386 4.72891061
v 0.46306212 1.61316866 4.69588589
v 0.38505091 1.57386779 4.71722941
v 0.39755334 1.65814258 4.68420469
v 0.47556455 1.69744346 4.66286117
v 0.31954213 1.61884171 4.70554821
v 0.48806699 1.78171825 4.62983645
v 0.41005578 1.74241738 4.65117997
v 0.42255822 1.82669218 4.61815525
v 0.34454701 1.78739130 4.63949877
v 0.33204457 1.70311651 4.67252349
v 0.26653580 1.74809043 4.66084230
v 0.35704944 1.87166610 4.60647405
v 0.27903823 1.83236523 4.62781758
v 0.25403336 1.66381563 4.69386702
v 0.50056943 1.86599305 4.59681173
v 0.51307186 1.95026785 4.56378701
v 0.43506065 1.91096697 4.58513053
v 0.18852458 1.70878956 4.68218582
v 0.20102702 1.79306435 4.64916110
v 0.12301581 1.75376348 4.67050462
v -0.16870961 3.79743081 -3.21654878
v -0.17165370 3.89762238 -3.06107431
v -0.31145855 3.83945836 -3.13214733
v -0.31440264 3.93964993 -2.97667286
v -0.17459779 3.99781395 -2.90559984
v -0.31734673 4.03984150 -2.82119839
v -0.45420749 3.88148592 -3.04774588
v -0.45715158 3.98167748 -2.89227141
v -0.59695644 3.92351347 -2.96334442
v -0.17754187 4.09800551 -2.75012537
v -0.59990053 4.02370504 -2.80786995
v -0.46009567 4.08186905 -2.73679694
v -0.60284462 4.12389661 -2.65239548
v -0.46303976 4.18206062 -2.58132247
v -0.32029082 4.14003307 -2.66572392
v -0.32323491 4.24022464 -2.51024945
v -0.60578870 4.22408817 -2.49692101
v -0.46598385 4.28225219 -2.42584800
v -0.60873279 4.32427974 -2.34144654
v -0.18048596 4.19819708 -2.59465090
v -0.73970538 3.96554102 -2.87894297
v -0.74264947 4.06573259 -2.72346850
v -0.88245432 4.00756857 -2.79454152
v -0.88539841 4.10776014 -2.63906705
v -0.74559356 4.16592416 -2.56799403
v -0.88834250 4.20795171 -2.48359258
v -1.02520327 4.04959613 -2.71014007
v -1.02814736 4.14978770 -2.55466560
v -0.74853765 4.26611573 -2.41251956
v -0.18343005 4.29838865 -2.43917643
v -0.32617900 4.34041620 -2.35477498
v -0.18637414 4.39858022 -2.28370196
v -0.32912308 4.44060777 -2.19930051
v -0.46892794 4.38244376 -2.27037353
v -0.18931823 4.49877179 -2.12822749
v 1.65986277 4.16521897 2.16667100
v 1.53450348 4.23786833 2.07557254
v 1.69034747 4.21515919 2.00748561
v 1.56498818 4.28780855 1.91638716
v 1.40914420 4.31051769 1.98447408
v 1.43962890 4.36045791 1.82528870
v 1.72083217 4.26509941 1.84830023
v 1.59547288 4.33774877 1.75720177
v 1.75131687 4.31503963 1.68911485
v 1.28378491 4.38316705 1.89337562
v 1.62595759 4.38768899 1.59801639
v 1.47011360 4.41039813 1.66610331
v 1.50059830 4.46033835 1.50691793
v 1.34475431 4.48304749 1.57500486
v 1.31426961 4.43310727 1.73419024
v 1.18891032 4.50575663 1.64309178
v 1.37523901 4.53298770 1.41581947
v 1.21939503 4.55569685 1.48390640
v 1.24987973 4.60563706 1.32472102
v 1.15842562 4.45581641 1.80227717
v 1.78180157 4.36497985 1.52992946
v 1.65644229 4.43762921 1.43883101
v 1.81228628 4.41492006 1.37074408
v 1.68692699 4.48756942 1.27964562
v 1.53108300 4.51027856 1.34773255
v 1.56156770 4.56021878 1.18854717
v 1.84277098 4.46486028 1.21155870
v 1.71741169 4.53750964 1.12046024
v 1.87325568 4.51480050 1.05237331
v 1.40572372 4.58292792 1.25663409
v 1.03306634 4.52846577 1.71117871
v 1.06355104 4.57840599 1.55199333
v 0.90770705 4.60111513 1.62008025
v 0.93819175 4.65105535 1.46089487
v 1.09403574 4.62834620 1.39280794
v 0.78234776 4.67376449 1.52898179
v 2.59387185 3.91152011 1.67064488
v 2.46044198 3.94776280 1.74150575
v 2.49092668 3.99770302 1.58232037
v 2.35749681 4.03394572 1.65318125
v 2.32701211 3.98400550 1.81236663
v 2.22406695 4.07018841 1.72404212
v 2.38798152 4.08388593 1.49399586
v 2.25455165 4.12012863 1.56485674
v 2.28503635 4.17006885 1.40567135
v 2.19358224 4.02024819 1.88322750
v 2.15160648 4.20631154 1.47653223
v 2.12112178 4.15637132 1.63571761
v 2.01817661 4.24255424 1.54739310
v 1.98769191 4.19261402 1.70657848
v 2.09063708 4.10643111 1.79490299
v 1.95720721 4.14267380 1.86576387
v 1.88474674 4.27879693 1.61825397
v 1.85426204 4.22885671 1.77743936
v 2.06015237 4.05649089 1.95408838
v 2.18209118 4.25625176 1.31734684
v 2.04866131 4.29249446 1.38820772
v 2.07914601 4.34243467 1.22902233
v 1.94571614 4.37867737 1.29988321
v 1.91523144 4.32873715 1.45906859
v 1.97620085 4.42861759 1.14069782
v 1.92672251 4.09273358 2.02494925
v 1.82377734 4.17891650 1.93662474
v 1.79329264 4.12897628 2.09581012
v 0.99877336 4.86755050 0.32764045
v 1.16417101 4.81356683 0.27218240
v 1.12369941 4.81715764 0.43117372
v 1.28909706 4.76317398 0.37571566
v 1.32956866 4.75958317 0.21672434
v 1.45449471 4.70919031 0.32025761
v 1.24862545 4.76676478 0.53470698
v 1.41402310 4.71278112 0.47924893
v 1.37355150 4.71637193 0.63824025
v 1.49496631 4.70559950 0.16126629
v 1.53894915 4.66238826 0.58278219
v 1.57942075 4.65879746 0.42379087
v 1.70434680 4.60840460 0.52732414
v 1.74481841 4.60481379 0.36833282
v 1.61989236 4.65520665 0.26479955
v 1.78529001 4.60122298 0.20934150
v 1.86974445 4.55442093 0.47186608
v 1.91021606 4.55083013 0.31287476
v 2.03514210 4.50043727 0.41640803
v 1.66036397 4.65161584 0.10580823
v 1.49847754 4.66597907 0.74177352
v 1.66387519 4.61199541 0.68631546
v 1.62340359 4.61558621 0.84530678
v 1.78880124 4.56160255 0.78984873
v 1.82927284 4.55801174 0.63085741
v 1.95419889 4.50761889 0.73439067
v 1.74832963 4.56519336 0.94884005
v 1.91372728 4.51120969 0.89338199
v 1.99467050 4.50402808 0.57539935
v 1.82576162 4.59763218 0.05035018
v 1.95068766 4.54723932 0.15388344
v 1.99115927 4.54364851 -0.00510788
v 2.11608531 4.49325565 0.09842539
v 2.07561371 4.49684646 0.25741671
v 2.15655692 4.48966485 -0.06056593
v 0.81326571 4.70144820 1.35736160
v 0.96910969 4.67873906 1.28927468
v 0.84418365 4.72913192 1.18574141
v 1.00002764 4.70642278 1.11765448
v 1.12495368 4.65602992 1.22118775
v 0.87510159 4.75681563 1.01412122
v 1.28079767 4.63332078 1.15310082
v 1.15587163 4.68371364 1.04956756
v 1.31171561 4.66100450 0.98148063
v 1.18678957 4.71139735 0.87794737
v 1.03094558 4.73410649 0.94603429
v 1.06186352 4.76179021 0.77441410
v 1.34263356 4.68868821 0.80986044
v 1.21770751 4.73908107 0.70632717
v 0.90601954 4.78449935 0.84250103
v 1.43664166 4.61061164 1.08501390
v 1.59248565 4.58790250 1.01692697
v 1.46755960 4.63829536 0.91339371
v 0.93693748 4.81218307 0.67088083
v 1.09278147 4.78947393 0.60279391
v 0.96785542 4.83986678 0.49926064
v 3.62053079 3.35144683 -0.46719427
v 3.71784533 3.21904719 -0.51938304
v 3.64348864 3.27248635 -0.64853796
v 3.74080318 3.14008672 -0.70072673
v 3.81515986 3.08664756 -0.57157180
v 3.66644650 3.19352588 -0.82988165
v 3.91247440 2.95424792 -0.62376057
v 3.83811772 3.00768708 -0.75291549
v 3.93543225 2.87528745 -0.80510425
v 3.86107557 2.92872661 -0.93425918
v 3.76376103 3.06112624 -0.88207041
v 3.78671889 2.98216577 -1.06341410
v 3.95839010 2.79632697 -0.98644794
v 3.88403342 2.84976613 -1.11560287
v 3.68940435 3.11456540 -1.01122534
v 4.00978893 2.82184828 -0.67594933
v 4.10710347 2.68944865 -0.72813809
v 4.03274679 2.74288781 -0.85729302
v 3.71236221 3.03560493 -1.19256903
v 3.80967674 2.90320529 -1.24475779
v 3.73532006 2.95664445 -1.37391272
v -4.87508325 0.14758463 -1.00787339
v -4.82291536 0.32266001 -1.09279448
v -4.86964679 0.29516927 -0.92922598
v -4.81747890 0.47024465 -1.01414707
v -4.77074747 0.49773539 -1.17771557
v -4.76531101 0.64532003 -1.09906817
v -4.86421033 0.44275390 -0.85057858
v -4.81204244 0.61782928 -0.93549967
v -4.85877388 0.59033853 -0.77193117
v -4.71857958 0.67281077 -1.26263666
v -4.80660599 0.76541391 -0.85685226
v -4.75987456 0.79290466 -1.02042076
v -4.75443810 0.94048929 -0.94177336
v -4.70770667 0.96798004 -1.10534185
v -4.71314312 0.82039541 -1.18398926
v -4.66097524 0.99547079 -1.26891035
v -4.70227021 1.11556468 -1.02669445
v -4.65553878 1.14305542 -1.19026294
v -4.65010232 1.29064006 -1.11161554
v -4.66641169 0.84788616 -1.34755775
v -4.85333742 0.73792317 -0.69328377
v -4.80116953 0.91299855 -0.77820486
v -4.84790096 0.88550780 -0.61463636
v -4.79573308 1.06058318 -0.69955746
v -4.74900164 1.08807393 -0.86312595
v -4.74356519 1.23565856 -0.78447855
v -4.84246451 1.03309243 -0.53598896
v -4.79029662 1.20816781 -0.62091005
v -4.69683375 1.26314931 -0.94804704
v -4.61424380 1.02296154 -1.43247884
v -4.60880735 1.17054617 -1.35383144
v -4.56207592 1.19803692 -1.51739993
v -4.55663946 1.34562155 -1.43875253
v -4.60337089 1.31813080 -1.27518403
v -4.50990803 1.37311230 -1.60232102
v 4.74852960 1.48679054 -0.09057848
v 4.72627770 1.48070851 0.10301855
v 4.68579574 1.62612958 0.00889134
v 4.66354383 1.62004756 0.20248837
v 4.70402579 1.47462649 0.29661558
v 4.64129193 1.61396554 0.39608540
v 4.62306187 1.76546863 0.10836117
v 4.60080997 1.75938660 0.30195819
v 4.56032801 1.90480767 0.20783099
v 4.68177389 1.46854447 0.49021260
v 4.53807611 1.89872565 0.40142802
v 4.57855807 1.75330458 0.49555522
v 4.51582420 1.89264363 0.59502504
v 4.55630616 1.74722256 0.68915225
v 4.61904003 1.60788352 0.58968243
v 4.59678812 1.60180149 0.78327945
v 4.49357230 1.88656161 0.78862207
v 4.53405426 1.74114054 0.88274928
v 4.65952198 1.46246245 0.68380963
v 4.49759415 2.04414672 0.30730081
v 4.47534224 2.03806469 0.50089784
v 4.43486029 2.18348576 0.40677064
v 4.41260838 2.17740374 0.60036766
v 4.45309034 2.03198267 0.69449487
v 4.37212642 2.32282481 0.50624046
v 4.63727008 1.45638043 0.87740666
v 4.57453622 1.59571947 0.97687648
v 4.61501818 1.45029841 1.07100368
v -3.59296017 3.33482825 -0.73261217
v -3.70605098 3.19555848 -0.69884385
v -3.64280674 3.29377146 -0.56163988
v -3.75589755 3.15450169 -0.52787156
v -3.81914178 3.05628870 -0.66507553
v -3.69265331 3.25271467 -0.39066759
v -3.93223259 2.91701893 -0.63130721
v -3.86898835 3.01523191 -0.49410324
v -3.98207916 2.87596214 -0.46033492
v -3.91883492 2.97417512 -0.32313095
v -3.80574412 3.11344490 -0.35689927
v -3.85559069 3.07238811 -0.18592697
v -4.03192573 2.83490535 -0.28936262
v -3.96868149 2.93311833 -0.15215865
v -4.08177230 2.79384855 -0.11839033
v -3.74249988 3.21165788 -0.21969530
v -4.04532340 2.77774915 -0.59753889
v -4.15841421 2.63847938 -0.56377057
v -4.09516997 2.73669236 -0.42656660
v -4.20826078 2.59742259 -0.39279827
v -4.27150502 2.49920960 -0.53000225
v -4.14501654 2.69563557 -0.25559430
v -3.79234645 3.17060109 -0.04872300
v -3.90543726 3.03133131 -0.01495468
v -3.84219302 3.12954430 0.12224929
v -3.95528383 2.99027452 0.15601761
v -4.01852806 2.89206154 0.01881364
v -3.89203959 3.08848751 0.29322158
v -4.93822437 0.14758463 0.25178413
v -4.92226439 0.29516927 0.12048862
v -4.92770085 0.14758463 0.04184121
v -4.91174087 0.29516927 -0.08945430
v -4.90630442 0.44275390 -0.01080690
v -4.91717733 0.14758463 -0.16810171
v -4.89034444 0.59033853 -0.14210241
v -4.89578090 0.44275390 -0.22074982
v -4.87982092 0.59033853 -0.35204533
v -4.88525737 0.44275390 -0.43069274
v -4.90121735 0.29516927 -0.29939722
v -4.89069383 0.29516927 -0.50934014
v -4.86929740 0.59033853 -0.56198825
v -4.87473385 0.44275390 -0.64063566
v -4.90665381 0.14758463 -0.37804463
v -4.87438446 0.73792317 -0.27339793
v -4.85842448 0.88550780 -0.40469344
v -4.86386094 0.73792317 -0.48334085
v -4.89613029 0.14758463 -0.58798755
v -4.88017031 0.29516927 -0.71928306
v -4.88560677 0.14758463 -0.79793047
v 4.51909971 1.62258043 -1.25255298
v 4.49013905 1.74533204 -1.14271606
v 4.55670015 1.60081224 -1.08507561
v 4.52773950 1.72356385 -0.97523869
v 4.46117840 1.86808364 -1.03287915
v 4.59430059 1.57904405 -0.91759824
v 4.43221774 1.99083524 -0.92304223
v 4.49877884 1.84631545 -0.86540178
v 4.46981819 1.96906705 -0.75556486
v 4.53637929 1.82454726 -0.69792441
v 4.56533994 1.70179565 -0.80776132
v 4.60294038 1.68002746 -0.64028395
v 4.50741863 1.94729886 -0.58808749
v 4.57397973 1.80277907 -0.53044703
v 4.54501908 1.92553067 -0.42061012
v 4.63190104 1.55727586 -0.75012087
v 4.40325709 2.11358685 -0.81320531
v 4.37429644 2.23633845 -0.70336840
v 4.44085753 2.09181866 -0.64572794
v 4.41189688 2.21457026 -0.53589103
v 4.34533578 2.35909006 -0.59353148
v 4.47845798 2.07005047 -0.47825057
v 4.66950148 1.53550767 -0.58264350
v 4.64054083 1.65825927 -0.47280658
v 4.70710192 1.51373948 -0.41516613
v 4.67814127 1.63649108 -0.30532921
v 4.61158017 1.78101088 -0.36296966
v 4.74470237 1.49197129 -0.24768876
v -1.31598324 3.37823246 -3.37786123
v -1.26751991 3.49012640 -3.26657437
v -1.12477096 3.44809885 -3.35097582
v -1.07630764 3.55999280 -3.23968896
v -1.21905658 3.60202035 -3.15528751
v -0.93355869 3.51796524 -3.32409041
v -1.17059325 3.71391429 -3.04400065
v -1.02784431 3.67188674 -3.12840210
v -0.97938098 3.78378069 -3.01711524
v -0.83663204 3.74175313 -3.10151669
v -0.88509537 3.62985919 -3.21280355
v -0.69388309 3.69972558 -3.18591814
v -0.78816871 3.85364708 -2.99022983
v -0.64541977 3.81161952 -3.07463128
v -0.74234642 3.58783163 -3.29720500
v -1.12212992 3.82580824 -2.93271379
v -1.07366660 3.93770218 -2.82142693
v -0.93091765 3.89567463 -2.90582838
v -0.55113415 3.65769803 -3.27031960
v -0.50267082 3.76959197 -3.15903274
v -0.35992188 3.72756442 -3.24343419
v -4.02502252 1.26940725 2.59646383
v -4.10660310 1.22622049 2.47261242
v -4.10271617 1.08189382 2.52291655
v -4.18429675 1.03870706 2.39906514
v -4.18818367 1.18303374 2.34876100
v -4.18040983 0.89438039 2.44936928
v -4.26976424 1.13984698 2.22490959
v -4.26587732 0.99552031 2.27521373
v -4.34745789 0.95233355 2.15136231
v -4.34357097 0.80800688 2.20166645
v -4.26199040 0.85119363 2.32551787
v -4.33968405 0.66368021 2.25197059
v -4.42515154 0.76482012 2.07781504
v -4.42126462 0.62049345 2.12811918
v -4.25810348 0.70686696 2.37582201
v -4.35134482 1.09666023 2.10105818
v -4.43292539 1.05347347 1.97720676
v -4.42903847 0.90914680 2.02751090
v -4.33579713 0.51935353 2.30227473
v -4.41737770 0.47616678 2.17842332
v -4.41349078 0.33184010 2.22872746
v -3.98740720 2.92277217 0.32352399
v -4.05065144 2.82455918 0.18632002
v -4.08277481 2.75705682 0.35382640
v -4.14601905 2.65884384 0.21662243
v -4.11389567 2.72634620 0.04911605
v -4.17814242 2.59134148 0.38412881
v -4.17713991 2.62813321 -0.08808792
v -4.20926328 2.56063086 0.07941846
v -4.27250752 2.46241787 -0.05778552
v -4.30463089 2.39491552 0.10972086
v -4.24138666 2.49312850 0.24692483
v -4.33675427 2.32741316 0.27722724
v -4.36787513 2.29670253 -0.02748311
v -4.39999850 2.22920018 0.14002327
v -4.46324274 2.13098719 0.00281930
v -4.27351003 2.42562614 0.41443121
v -4.24038415 2.52992023 -0.22529189
v -4.30362839 2.43170725 -0.36249587
v -4.33575176 2.36420489 -0.19498949
v -4.39899600 2.26599191 -0.33219346
v -4.36687263 2.33349426 -0.49969984
v -4.43111937 2.19848955 -0.16468708
v -4.36887764 2.25991080 0.44473362
v -4.43212188 2.16169782 0.30752965
v -4.46424525 2.09419546 0.47503603
v -4.52748949 1.99598248 0.33783206
v -4.49536611 2.06348484 0.17032568
v -4.55961286 1.92848012 0.50533844
v -4.49385461 1.49816149 -1.46498561
v -4.54058604 1.47067075 -1.30141712
v -4.47780119 1.62321069 -1.32765020
v -4.52453262 1.59571994 -1.16408170
v -4.58731747 1.44318000 -1.13784862
v -4.46174777 1.74825989 -1.19031479
v -4.63404891 1.41568925 -0.97428012
v -4.57126406 1.56822920 -1.00051321
v -4.61799549 1.54073845 -0.83694471
v -4.55521064 1.69327839 -0.86317779
v -4.50847921 1.72076914 -1.02674629
v -4.49242579 1.84581834 -0.88941088
v -4.60194207 1.66578765 -0.69960930
v -4.53915722 1.81832759 -0.72584238
v -4.58588865 1.79083684 -0.56227389
v -4.44569436 1.87330908 -1.05297937
v -4.68078034 1.38819851 -0.81071163
v -4.72751177 1.36070776 -0.64714313
v -4.66472692 1.51324770 -0.67337622
v -4.71145835 1.48575696 -0.50980772
v -4.77424320 1.33321701 -0.48357464
v -4.64867350 1.63829690 -0.53604080
v -4.42964094 1.99835828 -0.91564396
v -4.47637237 1.97086754 -0.75207546
v -4.41358752 2.12340748 -0.77830855
v -4.46031895 2.09591673 -0.61474005
v -4.52310380 1.94337679 -0.58850697
v -4.39753410 2.24845668 -0.64097313
v -0.36116100 4.49807233 -2.05886627
v -0.50096585 4.43990831 -2.12993929
v -0.53300376 4.49737287 -1.98950505
v -0.67280862 4.43920885 -2.06057807
v -0.64077071 4.38174430 -2.20101231
v -0.70484653 4.49667341 -1.92014384
v -0.78057556 4.32358028 -2.27208533
v -0.81261347 4.38104484 -2.13165109
v -0.95241833 4.32288082 -2.20272411
v -0.98445624 4.38034538 -2.06228987
v -0.84465138 4.43850939 -1.99121685
v -1.01649415 4.43780993 -1.92185564
v -1.12426109 4.32218136 -2.13336289
v -1.15629901 4.37964592 -1.99292866
v -1.29610386 4.32148190 -2.06400167
v -0.87668930 4.49597395 -1.85078262
v -0.92038041 4.26541627 -2.34315834
v -1.06018527 4.20725225 -2.41423136
v -1.09222318 4.26471681 -2.27379713
v -1.23202804 4.20655279 -2.34487015
v -1.19999012 4.14908824 -2.48530438
v -1.26406595 4.26401735 -2.20443591
v -1.04853206 4.49527449 -1.78142140
v -1.18833692 4.43711047 -1.85249442
v -1.22037483 4.49457503 -1.71206018
v -1.36017968 4.43641101 -1.78313320
v -1.32814177 4.37894646 -1.92356744
v -1.39221760 4.49387557 -1.64269897
v -3.50834271 2.50615807 -2.44659580
v -3.41398866 2.49831105 -2.56809950
v -3.50031376 2.34754514 -2.57628976
v -3.40595972 2.33969813 -2.69779346
v -3.31963462 2.49046404 -2.68960320
v -3.49228481 2.18893222 -2.70598372
v -3.22528057 2.48261703 -2.81110690
v -3.31160567 2.33185112 -2.81929716
v -3.21725163 2.32400411 -2.94080086
v -3.30357672 2.17323820 -2.94899112
v -3.39793077 2.18108521 -2.82748742
v -3.38990182 2.02247228 -2.95718139
v -3.20922268 2.16539118 -3.07049483
v -3.29554778 2.01462527 -3.07868509
v -3.20119373 2.00677826 -3.20018879
v -3.48425587 2.03031930 -2.83567769
v -3.13092653 2.47477002 -2.93261060
v -3.03657248 2.46692300 -3.05411430
v -3.12289758 2.31615709 -3.06230456
v -3.02854354 2.30831008 -3.18380827
v -2.94221844 2.45907599 -3.17561800
v -3.11486863 2.15754417 -3.19199853
v -3.47622692 1.87170637 -2.96537165
v -3.38187288 1.86385936 -3.08687535
v -3.46819798 1.71309345 -3.09506561
v -3.37384393 1.70524644 -3.21656931
v -3.28751883 1.85601235 -3.20837905
v -3.46016903 1.55448053 -3.22475958
v -1.69174539 2.15974677 4.16480962
v -1.66345480 2.05281787 4.21935220
v -1.77659288 2.05477495 4.17162347
v -1.74830228 1.94784606 4.22616604
v -1.63516420 1.94588898 4.27389477
v -1.72001169 1.84091717 4.28070862
v -1.86144036 1.94980314 4.17843732
v -1.83314977 1.84287425 4.23297989
v -1.94628785 1.84483132 4.18525116
v -1.60687361 1.83896009 4.32843734
v -1.91799725 1.73790243 4.23979374
v -1.80485918 1.73594536 4.28752246
v -1.88970666 1.63097354 4.29433631
v -1.77656858 1.62901646 4.34206504
v -1.69172110 1.73398828 4.33525119
v -1.66343050 1.62705939 4.38979377
v -1.86141607 1.52404465 4.34887889
v -1.74827799 1.52208757 4.39660761
v -1.57858302 1.73203120 4.38297992
v -2.03113533 1.73985951 4.19206501
v -2.00284474 1.63293062 4.24660758
v -2.11598282 1.63488770 4.19887886
v -2.08769223 1.52795880 4.25342143
v -1.97455415 1.52600173 4.30115016
v -2.20083030 1.52991588 4.20569270
v -1.55029242 1.62510231 4.43752249
v -1.63513991 1.52013049 4.44433634
v -1.52200183 1.51817342 4.49206507
v -1.82610623 2.15902612 4.09061390
v -1.96046706 2.15830547 4.01641817
v -1.91095371 2.05405430 4.09742774
v -2.04531455 2.05333366 4.02323202
v -2.09482790 2.15758482 3.94222244
v -1.99580120 1.94908249 4.10424159
v -2.22918874 2.15686418 3.86802671
v -2.17967539 2.05261301 3.94903629
v -2.31403622 2.05189236 3.87484056
v -2.26452287 1.94764119 3.95585013
v -2.13016204 1.94836184 4.03004586
v -2.21500952 1.84339003 4.03685971
v -2.39888371 1.94692055 3.88165441
v -2.34937036 1.84266938 3.96266398
v -2.48373119 1.84194873 3.88846825
v -2.08064868 1.84411068 4.11105544
v -2.36354957 2.15614353 3.79383099
v -2.49791041 2.15542288 3.71963526
v -2.44839706 2.05117171 3.80064483
v -2.58275789 2.05045107 3.72644911
v -2.63227125 2.15470223 3.64543953
v -2.53324454 1.94619990 3.80745868
v -2.16549617 1.73913886 4.11786928
v -2.29985701 1.73841821 4.04367356
v -2.25034366 1.63416705 4.12468313
v -2.38470449 1.63344640 4.05048740
v -2.43421784 1.73769757 3.96947783
v -2.33519114 1.52919523 4.13149698
v -1.55486727 4.44962695 -1.59212199
v -1.52282936 4.39216240 -1.73255623
v -1.68547903 4.34791378 -1.68197926
v -1.49079145 4.33469784 -1.87299046
v -1.65344112 4.29044923 -1.82241349
v -1.62140321 4.23298467 -1.96284773
v -1.45875354 4.27723329 -2.01342470
v -1.81609080 4.24620061 -1.77183652
v -1.78405289 4.18873606 -1.91227075
v -1.94670256 4.14448744 -1.86169378
v -1.42671562 4.21976873 -2.15385894
v -1.58936530 4.17552012 -2.10328196
v -1.55732739 4.11805556 -2.24371620
v -1.71997706 4.07380694 -2.19313923
v -1.75201497 4.13127150 -2.05270499
v -1.88262674 4.02955833 -2.14256225
v -1.68793915 4.01634239 -2.33357346
v -1.85058882 3.97209377 -2.28299649
v -1.91466465 4.08702288 -2.00212802
v -1.39467771 4.16230418 -2.29429317
v -1.36263980 4.10483962 -2.43472741
v -1.52528947 4.06059100 -2.38415043
v -2.07731432 4.04277427 -1.95155104
v -2.04527641 3.98530971 -2.09198528
v -2.20792609 3.94106110 -2.04140831
v -2.01323850 3.92784516 -2.23241951
v -2.17588817 3.88359654 -2.18184254
v -2.33853785 3.83934793 -2.13126557
v 1.88264305 1.87248980 4.22714423
v 1.78780843 1.84976975 4.27058711
v 1.83957512 1.78711504 4.27596300
v 1.69297382 1.82704969 4.31402999
v 1.74474050 1.76439499 4.31940588
v 1.64990588 1.74167494 4.36284876
v 1.59813920 1.80432964 4.35747287
v 1.79650718 1.70174029 4.32478178
v 1.70167257 1.67902023 4.36822466
v 1.75343925 1.61636553 4.37360055
v 1.50330458 1.78160959 4.40091575
v 1.55507126 1.71895488 4.40629164
v 1.46023665 1.69623483 4.44973452
v 1.51200333 1.63358013 4.45511042
v 1.60683795 1.65630018 4.41166754
v 1.56377001 1.57092542 4.46048631
v 1.41716871 1.61086008 4.49855330
v 1.46893540 1.54820537 4.50392919
v 1.37410078 1.52548532 4.54737207
v 1.65860463 1.59364548 4.41704343
v 1.40846996 1.75888954 4.44435863
v 1.31363534 1.73616948 4.48780151
v 1.36540203 1.67351478 4.49317740
v 1.27056741 1.65079473 4.53662028
v 1.21880073 1.71344943 4.53124439
v 1.32233409 1.58814002 4.54199618
v 1.71037132 1.53099077 4.42241932
v 1.61553670 1.50827072 4.46586221
v 1.66730338 1.44561602 4.47123810
v 1.52070208 1.48555067 4.50930509
v 1.57246876 1.42289596 4.51468098
v 1.47763415 1.40017591 4.55812386
v 1.42586746 1.46283062 4.55274797
v 1.62423545 1.36024126 4.52005687
v 1.52940083 1.33752121 4.56349975
v -1.69840343 4.67581423 -0.28562605
v -1.84761205 4.60237047 -0.24136293
v -1.80404736 4.61581511 -0.38366471
v -1.95325599 4.54237135 -0.33940159
v -1.99682068 4.52892672 -0.19709981
v -2.10246461 4.46892759 -0.29513847
v -1.90969130 4.55581599 -0.48170336
v -2.05889992 4.48237223 -0.43744024
v -2.01533523 4.49581687 -0.57974202
v -2.14602930 4.45548296 -0.15283669
v -2.16454385 4.42237311 -0.53547890
v -2.20810854 4.40892847 -0.39317712
v -2.31375247 4.34892935 -0.49121578
v -2.35731716 4.33548471 -0.34891400
v -2.25167323 4.39548383 -0.25087535
v -2.40088185 4.32204008 -0.20661223
v -2.46296109 4.27548559 -0.44695265
v -2.50652578 4.26204095 -0.30465088
v -2.61216972 4.20204183 -0.40268953
v -2.29523792 4.38203920 -0.10857357
v -2.12097916 4.43581775 -0.67778067
v -2.27018778 4.36237399 -0.63351755
v -2.22662309 4.37581862 -0.77581932
v -2.37583171 4.30237486 -0.73155620
v -2.41939640 4.28893023 -0.58925443
v -2.52504034 4.22893111 -0.68729308
v -2.33226702 4.31581950 -0.87385798
v -2.48147565 4.24237574 -0.82959486
v -2.43791096 4.25582038 -0.97189663
v -2.56860503 4.21548647 -0.54499131
v -2.44444654 4.30859544 -0.06431045
v -2.55009047 4.24859632 -0.16234911
v -2.59365516 4.23515168 -0.02004733
v -2.69929909 4.17515256 -0.11808599
v -2.65573440 4.18859719 -0.26038776
v -2.74286378 4.16170792 0.02421579
v -2.82331307 4.08256936 -0.11376800
v -2.77974838 4.09601400 -0.25606978
v -2.90376236 4.00343080 -0.25175180
v -2.86019767 4.01687544 -0.39405357
v -2.73618369 4.10945864 -0.39837155
v -2.98421165 3.92429225 -0.38973559
v -2.69261900 4.12290327 -0.54067333
v -2.81663298 4.03032008 -0.53635535
v -2.77306829 4.04376472 -0.67865712
v -2.89708227 3.95118152 -0.67433914
v -2.94064696 3.93773688 -0.53203737
v -3.02109625 3.85859833 -0.67002116
v -2.85351758 3.96462616 -0.81664092
v -2.97753156 3.87204296 -0.81232294
v -2.93396687 3.88548760 -0.95462471
v -3.06466094 3.84515369 -0.52771939
v -2.64905431 4.13634791 -0.68297510
v -2.60548963 4.14979255 -0.82527688
v -2.72950360 4.05720935 -0.82095890
v -2.68593891 4.07065399 -0.96326067
v -2.56192494 4.16323718 -0.96757865
v -2.80995289 3.97807079 -0.95894269
v -3.14511023 3.76601513 -0.66570318
v -3.10154554 3.77945977 -0.80800496
v -3.22555952 3.68687657 -0.80368698
v -3.18199483 3.70032121 -0.94598875
v -3.05798085 3.79290441 -0.95030673
v -3.30600881 3.60773802 -0.94167077
v 2.58165516 3.26363703 2.75120059
v 2.60855333 3.32974229 2.61807955
v 2.68167864 3.23077897 2.67846343
v 2.70857681 3.29688424 2.54534239
v 2.63545149 3.39584755 2.48495850
v 2.73547498 3.36298950 2.41222134
v 2.78170213 3.19792092 2.60572627
v 2.80860030 3.26402618 2.47260523
v 2.88172562 3.16506286 2.53298911
v 2.66234966 3.46195282 2.35183746
v 2.90862378 3.23116813 2.39986807
v 2.83549847 3.33013145 2.33948418
v 2.93552195 3.29727339 2.26674702
v 2.86239664 3.39623671 2.20636314
v 2.76237315 3.42909476 2.27910030
v 2.78927132 3.49520003 2.14597925
v 2.96242012 3.36337866 2.13362598
v 2.88929480 3.46234197 2.07324209
v 2.98931829 3.42948392 2.00050493
v 2.68924783 3.52805808 2.21871641
v 2.98174910 3.13220481 2.46025195
v 3.00864727 3.19831007 2.32713091
v 3.08177259 3.09934675 2.38751479
v 3.10867076 3.16545202 2.25439375
v 3.03554544 3.26441534 2.19400986
v 3.13556893 3.23155728 2.12127270
v 3.18179608 3.06648870 2.31477763
v 3.20869424 3.13259396 2.18165659
v 3.28181956 3.03363065 2.24204047
v 3.06244361 3.33052060 2.06088882
v 2.71614600 3.59416335 2.08559537
v 2.81616949 3.56130529 2.01285821
v 2.74304417 3.66026861 1.95247432
v 2.84306765 3.62741056 1.87973716
v 2.91619297 3.52844724 1.94012105
v 2.76994234 3.72637388 1.81935328
v -3.30725231 1.56017523 -3.34359125
v -3.22092721 1.71094114 -3.33540099
v -3.15433559 1.56586993 -3.46242292
v -3.06801049 1.71663584 -3.45423266
v -3.13460211 1.86170705 -3.32721072
v -3.00141887 1.57156463 -3.58125459
v -3.04827701 2.01247296 -3.31902046
v -2.98168539 1.86740175 -3.44604240
v -2.89536029 2.01816766 -3.43785213
v -2.82876867 1.87309646 -3.56487407
v -2.91509377 1.72233054 -3.57306433
v -2.76217705 1.72802525 -3.69189600
v -2.74244357 2.02386237 -3.55668381
v -2.67585195 1.87879116 -3.68370574
v -2.84850215 1.57725934 -3.70008627
v -2.96195191 2.16323887 -3.31083020
v -2.87562682 2.31400478 -3.30263994
v -2.80903519 2.16893357 -3.42966187
v -2.69558543 1.58295404 -3.81891794
v -2.60926033 1.73371995 -3.81072768
v -2.54266871 1.58864874 -3.93774961
v -1.99195450 1.54064527 -4.26759598
v -1.85897045 1.63730596 -4.28191923
v -1.79373267 1.53535763 -4.33726548
v -1.66074863 1.63201832 -4.35158874
v -1.72598641 1.73396665 -4.29624248
v -1.59551084 1.53006998 -4.40693499
v -1.59300237 1.83062734 -4.31056574
v -1.52776458 1.72867900 -4.36591199
v -1.39478054 1.82533969 -4.38023524
v -1.32954276 1.72339136 -4.43558149
v -1.46252680 1.62673067 -4.42125824
v -1.26430497 1.62144302 -4.49092775
v -1.19655871 1.82005204 -4.44990475
v -1.13132093 1.71810371 -4.50525100
v -0.99833688 1.81476440 -4.51957425
v -1.39728902 1.52478233 -4.47660449
v -1.46001832 1.92728803 -4.32488899
v -1.32703428 2.02394871 -4.33921224
v -1.26179650 1.92200038 -4.39455850
v -1.12881245 2.01866107 -4.40888175
v -1.19405024 2.12060940 -4.35353550
v -1.06357467 1.91671273 -4.46422800
v -1.19906719 1.51949469 -4.54627400
v -1.06608315 1.61615537 -4.56059725
v -1.00084536 1.51420704 -4.61594350
v -0.86786132 1.61086773 -4.63026676
v -0.93309910 1.71281606 -4.57492050
v -0.80262353 1.50891939 -4.68561301
v -1.55096244 4.51440016 -1.43596872
v -1.57202544 4.53745931 -1.27163405
v -1.67766937 4.47746019 -1.36967271
v -1.69873237 4.50051934 -1.20533804
v -1.59308844 4.56051846 -1.10729939
v -1.71979537 4.52357850 -1.04100337
v -1.80437630 4.44052022 -1.30337669
v -1.82543930 4.46357937 -1.13904203
v -1.93108323 4.40358025 -1.23708068
v -1.61415144 4.58357762 -0.94296472
v -1.95214623 4.42663941 -1.07274602
v -1.84650230 4.48663853 -0.97470736
v -1.97320923 4.44969856 -0.90841135
v -1.86756530 4.50969768 -0.81037269
v -1.74085837 4.54663765 -0.87666871
v -1.76192137 4.56969680 -0.71233404
v -1.99427223 4.47275771 -0.74407668
v -1.88862830 4.53275684 -0.64603803
v -1.63521443 4.60663677 -0.77863005
v -2.05779016 4.36664028 -1.17078467
v -2.07885316 4.38969944 -1.00645000
v -2.18449709 4.32970032 -1.10448866
v -2.20556009 4.35275947 -0.94015399
v -2.09991616 4.41275859 -0.84211534
v -2.31120403 4.29276035 -1.03819264
v -1.65627743 4.62969593 -0.61429539
v -1.78298436 4.59275596 -0.54799937
v -1.67734043 4.65275508 -0.44996072
v 4.17744415 2.53987419 0.85531858
v 4.08614611 2.64101828 0.93214515
v 4.13679377 2.51644045 1.02810032
v 4.04549573 2.61758453 1.10492688
v 3.99484808 2.74216236 1.00897171
v 4.09614339 2.49300670 1.20088206
v 3.90355005 2.84330645 1.08579828
v 3.95419770 2.71872862 1.18175345
v 3.86289967 2.81987270 1.25858001
v 3.91354732 2.69529487 1.35453519
v 4.00484535 2.59415079 1.27770862
v 3.96419497 2.57071704 1.45049036
v 3.82224929 2.79643896 1.43136175
v 3.87289694 2.67186113 1.52731692
v 3.78159891 2.77300521 1.60414349
v 4.05549301 2.46957296 1.37366379
v 3.81225202 2.94445053 1.16262484
v 3.72095398 3.04559462 1.23945141
v 3.77160164 2.92101679 1.33540658
v 3.68030361 3.02216087 1.41223314
v 3.62965595 3.14673870 1.31627797
v 3.73095126 2.89758304 1.50818832
v 4.01484263 2.44613921 1.54644553
v 3.92354459 2.54728330 1.62327209
v 3.97419225 2.42270547 1.71922727
v 3.88289421 2.52384955 1.79605383
v 3.83224656 2.64842738 1.70009866
v 3.93354187 2.39927172 1.89200900
v 3.46873439 3.34056911 1.28765362
v 3.37755476 3.43723741 1.22530798
v 3.35846048 3.40982170 1.35498445
v 3.28637513 3.53390571 1.16296234
v 3.26728085 3.50649000 1.29263881
v 3.17610122 3.60315829 1.23029317
v 3.19519550 3.63057401 1.10061670
v 3.24818657 3.47907428 1.42231527
v 3.15700694 3.57574258 1.35996963
v 3.13791266 3.54832686 1.48964610
v 3.10401588 3.72724231 1.03827106
v 3.08492159 3.69982659 1.16794753
v 2.99374197 3.79649489 1.10560189
v 2.97464768 3.76907917 1.23527835
v 3.06582731 3.67241088 1.29762399
v 2.95555340 3.74166346 1.36495482
v 2.88346806 3.86574747 1.17293271
v 2.86437377 3.83833176 1.30260918
v 2.77319414 3.93500005 1.24026354
v 3.04673303 3.64499516 1.42730046
v 3.01283625 3.82391060 0.97592542
v 2.92165662 3.92057890 0.91357978
v 2.90256234 3.89316319 1.04325625
v 2.81138271 3.98983148 0.98091061
v 2.83047699 4.01724720 0.85123414
v 2.79228843 3.96241577 1.11058707
v 3.02763875 3.61757945 1.55697692
v 2.93645912 3.71424774 1.49463128
v 2.91736484 3.68683203 1.62430774
v 2.84527949 3.81091604 1.43228564
v 2.82618521 3.78350033 1.56196210
v 2.73500558 3.88016862 1.49961646
v 2.75409986 3.90758434 1.36994000
v 2.80709093 3.75608461 1.69163857
v 2.71591130 3.85275291 1.62929293
v -3.18589966 3.63554801 -1.10214202
v -3.06188568 3.72813120 -1.10646001
v -3.06579052 3.66335800 -1.26261328
v -2.94177654 3.75594119 -1.26693126
v -2.93787171 3.82071440 -1.11077799
v -2.94568137 3.69116799 -1.42308454
v -2.81385773 3.91329759 -1.11509597
v -2.81776256 3.84852439 -1.27124924
v -2.69374858 3.94110758 -1.27556722
v -2.69765341 3.87633438 -1.43172050
v -2.82166739 3.78375119 -1.42740252
v -2.70155824 3.81156118 -1.58787377
v -2.57363943 3.96891758 -1.43603848
v -2.57754426 3.90414437 -1.59219175
v -2.45353028 3.99672757 -1.59650973
v -2.82557222 3.71897798 -1.58355579
v -2.68984375 4.00588079 -1.11941395
v -2.56582977 4.09846398 -1.12373193
v -2.56973460 4.03369078 -1.27988520
v -2.44572062 4.12627397 -1.28420318
v -2.44181579 4.19104718 -1.12804991
v -2.44962545 4.06150077 -1.44035646
v -2.70546308 3.74678797 -1.74402705
v -2.58144910 3.83937117 -1.74834503
v -2.58535393 3.77459797 -1.90449830
v -2.46133995 3.86718116 -1.90881628
v -2.45743512 3.93195436 -1.75266301
v -2.46524478 3.80240796 -2.06496956
v 1.21703001 1.61273287 4.56145118
v 1.21525929 1.51201631 4.59165796
v 1.26879669 1.55007817 4.56682707
v 1.26702597 1.44936161 4.59703386
v 1.21348857 1.41129975 4.62186475
v 1.32056338 1.48742346 4.57220297
v 1.21171785 1.31058319 4.65207154
v 1.26525526 1.34864504 4.62724064
v 1.26348454 1.24792848 4.65744743
v 1.31702194 1.28599034 4.63261654
v 1.31879266 1.38670690 4.60240975
v 1.37055934 1.32405220 4.60778565
v 1.31525122 1.18527378 4.66282332
v 1.36878862 1.22333564 4.63799243
v 1.37233006 1.42476876 4.57757886
v 1.20994714 1.20986663 4.68227832
v 1.20817642 1.10915007 4.71248511
v 1.26171382 1.14721192 4.68765422
v 1.42409674 1.36211406 4.58295475
v 1.42232603 1.26139749 4.61316154
v 1.47586343 1.29945935 4.58833065
v -2.68776194 2.00774502 3.66853422
v -2.74325263 1.86078781 3.69162891
v -2.63824859 1.90349385 3.74954379
v -2.69373928 1.75653664 3.77263848
v -2.79874332 1.71383060 3.71472359
v -2.58873524 1.79924269 3.83055337
v -2.85423402 1.56687339 3.73781828
v -2.74922997 1.60957943 3.79573317
v -2.80472067 1.46262222 3.81882785
v -2.69971662 1.50532827 3.87674274
v -2.64422593 1.65228548 3.85364805
v -2.59471258 1.54803431 3.93465763
v -2.75520732 1.35837105 3.89983743
v -2.65020327 1.40107710 3.95775231
v -2.53922189 1.69499152 3.91156294
v -2.90972471 1.41991618 3.76091296
v -2.96521540 1.27295896 3.78400765
v -2.86021136 1.31566501 3.84192254
v -2.48970854 1.59074036 3.99257252
v -2.54519923 1.44378314 4.01566720
v -2.44019518 1.48648919 4.07358209
v -0.33059852 2.46102010 -4.31577364
v -0.17973080 2.34035846 -4.36236870
v -0.38871098 2.31044166 -4.37651444
v -0.02886307 2.21969682 -4.40896376
v -0.23784326 2.18978003 -4.42310950
v -0.08697553 2.06911839 -4.46970456
v 0.12200466 2.09903519 -4.45555882
v -0.44682344 2.15986323 -4.43725525
v -0.29595572 2.03920159 -4.48385030
v -0.50493591 2.00928479 -4.49799605
v 0.27287238 1.97837355 -4.50215387
v 0.06389219 1.94845675 -4.51629962
v 0.21475992 1.82779512 -4.56289468
v 0.00577973 1.79787832 -4.57704042
v -0.14508799 1.91853996 -4.53044536
v -0.20320045 1.76796152 -4.59118617
v 0.15664746 1.67721668 -4.62363548
v -0.05233273 1.64729989 -4.63778122
v 0.09853500 1.52663825 -4.68437628
v -0.35406818 1.88862316 -4.54459111
v 0.42374011 1.85771192 -4.54874893
v 0.57460783 1.73705028 -4.59534399
v 0.36562765 1.70713348 -4.60948973
v 0.51649537 1.58647185 -4.65608479
v 0.72547556 1.61638864 -4.64193905
v 0.30751519 1.55655505 -4.67023054
v -0.56304837 1.85870636 -4.55873685
v -0.41218064 1.73804472 -4.60533191
v -0.62116083 1.70812792 -4.61947765
v -0.26131292 1.61738309 -4.65192697
v -0.47029310 1.58746629 -4.66607271
v -0.31942538 1.46680465 -4.71266777
v -0.11044519 1.49672145 -4.69852203
v -0.67927329 1.55754949 -4.68021846
v -0.52840556 1.43688785 -4.72681352
v -0.39583631 2.56296843 -4.26042739
v -0.55623290 2.63607763 -4.16805247
v -0.51918655 2.51433833 -4.26582194
v -0.67958315 2.58744753 -4.17344702
v -0.71662950 2.70918683 -4.07567755
v -0.83997974 2.66055673 -4.08107211
v -0.64253679 2.46570823 -4.27121649
v -0.80293339 2.53881743 -4.17884157
v -0.76588704 2.41707813 -4.27661104
v -0.87702610 2.78229603 -3.98330264
v -0.92628364 2.49018733 -4.18423612
v -0.96332999 2.61192663 -4.08646666
v -1.08668023 2.56329653 -4.09186121
v -1.12372659 2.68503583 -3.99409174
v -1.00037634 2.73366593 -3.98869719
v -1.16077294 2.80677513 -3.89632227
v -1.24707683 2.63640573 -3.99948629
v -1.28412318 2.75814503 -3.90171682
v -1.03742269 2.85540523 -3.89092772
v -0.88923728 2.36844803 -4.28200559
v -1.04963388 2.44155723 -4.18963068
v -1.01258753 2.31981794 -4.28740014
v -1.17298413 2.39292713 -4.19502523
v -1.21003048 2.51466643 -4.09725576
v -1.13593777 2.27118784 -4.29279469
v -1.19781929 2.92851443 -3.79855280
v -1.32116953 2.87988433 -3.80394735
v -1.35821589 3.00162362 -3.70617788
v 3.89639327 2.36956099 2.01972371
v 3.79764179 2.37683212 2.15355208
v 3.80859703 2.46442808 2.05148325
v 3.70984554 2.47169921 2.18531162
v 3.69889030 2.38410325 2.28738046
v 3.61109405 2.47897034 2.31914000
v 3.72080079 2.55929518 2.08324279
v 3.62204930 2.56656631 2.21707116
v 3.63300454 2.65416227 2.11500232
v 3.60013881 2.39137438 2.42120883
v 3.53425305 2.66143340 2.24883070
v 3.52329781 2.57383744 2.35089953
v 3.43550156 2.66870453 2.38265907
v 3.42454632 2.58110856 2.48472791
v 3.51234256 2.48624147 2.45296837
v 3.41359108 2.49351260 2.58679675
v 3.33675008 2.67597566 2.51648745
v 3.32579483 2.58837969 2.61855628
v 3.23799859 2.68324679 2.65031582
v 3.50138732 2.39864551 2.55503721
v 3.54520830 2.74902936 2.14676186
v 3.44645681 2.75630049 2.28059023
v 3.45741205 2.84389646 2.17852140
v 3.35866056 2.85116759 2.31234977
v 3.34770532 2.76357162 2.41441861
v 3.25990907 2.85843872 2.44617815
v 3.36961581 2.93876355 2.21028093
v 3.27086432 2.94603468 2.34410931
v 3.24895383 2.77084275 2.54824698
v 3.40263583 2.40591664 2.68886558
v 3.31483959 2.50078373 2.72062512
v 3.30388434 2.41318776 2.82269396
v 3.21608810 2.50805486 2.85445349
v 3.22704334 2.59565082 2.75238466
v 3.20513286 2.42045889 2.95652233
v -4.42965748 2.18095432 -0.47346675
v -4.49244233 2.02841438 -0.44723367
v -4.46178085 2.11345196 -0.30596038
v -4.52456570 1.96091202 -0.27972729
v -4.55522717 1.87587443 -0.42100059
v -4.49390422 2.04594961 -0.13845400
v -4.61801202 1.72333449 -0.39476751
v -4.58735055 1.80837207 -0.25349421
v -4.65013540 1.65583213 -0.22726113
v -4.61947392 1.74086972 -0.08598783
v -4.55668907 1.89340966 -0.11222091
v -4.58881244 1.82590730 0.05528546
v -4.68225877 1.58832977 -0.05975475
v -4.65159729 1.67336736 0.08151855
v -4.52602759 1.97844725 0.02905238
v -4.68079687 1.57079454 -0.36853442
v -4.74358172 1.41825460 -0.34230134
v -4.71292025 1.50329219 -0.20102805
v -4.55815096 1.91094489 0.19655876
v -4.62093581 1.75840495 0.22279184
v -4.59027434 1.84344253 0.36406514
v 1.99529513 4.45603330 1.01102136
v 2.03576673 4.45244250 0.85203004
v 2.11733458 4.39726610 0.96966940
v 2.15780618 4.39367530 0.81067808
v 2.07623834 4.44885169 0.69303872
v 2.19827779 4.39008449 0.65168676
v 2.23937403 4.33849891 0.92831745
v 2.27984563 4.33490810 0.76932613
v 2.36141348 4.27973171 0.88696550
v 2.11670994 4.44526088 0.53404740
v 2.40188508 4.27614090 0.72797418
v 2.32031724 4.33131729 0.61033481
v 2.44235669 4.27255009 0.56898285
v 2.36078884 4.32772648 0.45134349
v 2.23874939 4.38649368 0.49269544
v 2.27922100 4.38290287 0.33370412
v 2.48282829 4.26895928 0.40999153
v 2.40126045 4.32413567 0.29235217
v 2.52329990 4.26536848 0.25100021
v 2.15718155 4.44167007 0.37505608
v 2.48345292 4.22096451 0.84561354
v 2.52392453 4.21737370 0.68662222
v 2.60549237 4.16219731 0.80426159
v 2.64596398 4.15860650 0.64527027
v 2.56439614 4.21378289 0.52763090
v 2.68643558 4.15501569 0.48627895
v 2.72753182 4.10343011 0.76290963
v 2.76800343 4.09983930 0.60391831
v 2.60486774 4.21019209 0.36863958
v 2.19765316 4.43807926 0.21606475
v 2.31969260 4.37931207 0.17471280
v 2.23812476 4.43448846 0.05707343
v 2.36016421 4.37572126 0.01572148
v 2.44173205 4.32054487 0.13336085
v 2.27859637 4.43089765 -0.10191789
v 4.68196850 1.63131033 -0.14821893
v 4.61540741 1.77583013 -0.20585939
v 4.61923464 1.77064938 -0.04874911
v 4.55267354 1.91516917 -0.10638956
v 4.54884631 1.92034992 -0.26349984
v 4.55650078 1.90998842 0.05072071
v 4.48228521 2.06486972 -0.32114029
v 4.48611245 2.05968897 -0.16403002
v 4.41955135 2.20420876 -0.22167047
v 4.42337858 2.19902801 -0.06456019
v 4.48993968 2.05450822 -0.00691974
v 4.42720582 2.19384726 0.09255008
v 4.35681749 2.34354781 -0.12220065
v 4.36064472 2.33836706 0.03490963
v 4.49376691 2.04932747 0.15019054
v 4.41572411 2.20938951 -0.37878075
v 4.34916302 2.35390931 -0.43642120
v 4.35299025 2.34872856 -0.27931093
v 4.43103305 2.18866651 0.24966036
v 4.36447195 2.33318631 0.19201991
v 4.36829919 2.32800556 0.34913018
v 1.69992584 1.36639038 4.48608757
v 1.77561623 1.37253949 4.45211826
v 1.74299377 1.45176513 4.43726879
v 1.81868416 1.45791425 4.40329949
v 1.85130662 1.37868861 4.41814896
v 1.78606171 1.53713989 4.38845002
v 1.92699701 1.38483773 4.38417965
v 1.89437455 1.46406337 4.36933018
v 1.97006495 1.47021248 4.33536088
v 1.93744249 1.54943812 4.32051141
v 1.86175210 1.54328901 4.35448071
v 1.90482003 1.62866376 4.30566194
v 2.01313288 1.55558724 4.28654210
v 1.98051042 1.63481288 4.27169263
v 1.82912964 1.62251465 4.33963124
v 2.00268740 1.39098684 4.35021035
v 2.07837779 1.39713596 4.31624104
v 2.04575534 1.47636160 4.30139157
v 1.87219757 1.70788940 4.29081247
v 1.94788797 1.71403852 4.25684317
v 1.91526551 1.79326416 4.24199370
v 2.61296613 3.93893582 1.54096842
v 2.63206041 3.96635154 1.41129195
v 2.51002096 4.02511874 1.45264391
v 2.52911525 4.05253445 1.32296744
v 2.65115470 3.99376725 1.28161549
v 2.40707580 4.11130165 1.36431940
v 2.67024898 4.02118297 1.15193903
v 2.54820953 4.07995017 1.19329098
v 2.56730381 4.10736588 1.06361452
v 2.44526436 4.16613308 1.10496647
v 2.42617008 4.13871736 1.23464293
v 2.32322491 4.22490028 1.14631842
v 2.46435864 4.19354879 0.97529001
v 2.34231919 4.25231599 1.01664196
v 2.30413063 4.19748456 1.27599489
v 2.68934326 4.04859868 1.02226256
v 2.70843754 4.07601440 0.89258610
v 2.58639809 4.13478160 0.93393805
v 2.20118546 4.28366748 1.18767038
v 2.22027974 4.31108319 1.05799391
v 2.09824030 4.36985039 1.09934587
v 2.44150010 4.31548926 -0.10368096
v 2.52306794 4.26031287 0.01395841
v 2.60440384 4.20008087 -0.10544403
v 2.68597168 4.14490448 0.01219534
v 2.60463579 4.20513648 0.13159778
v 2.76730757 4.08467249 -0.10720710
v 2.68620363 4.14996009 0.24923714
v 2.76753952 4.08972809 0.12983470
v 2.84910737 4.03455170 0.24747407
v 2.93044326 3.97431970 0.12807163
v 2.84887541 4.02949609 0.01043227
v 3.01177915 3.91408771 0.00866920
v 3.01201110 3.91914331 0.24571100
v 3.09334699 3.85891132 0.12630856
v 2.93021131 3.96926410 -0.10897017
v 2.76777148 4.09478370 0.36687651
v 2.84933932 4.03960731 0.48451588
v 2.93067521 3.97937531 0.36511344
v 3.09311504 3.85385571 -0.11073324
v 3.17468288 3.79867932 0.00690613
v 3.25601877 3.73844732 -0.11249631
v -0.42700516 1.39391974 -4.74482982
v -0.21802497 1.42383654 -4.73068407
v -0.32560476 1.35095162 -4.76284612
v -0.11662457 1.38086842 -4.74870038
v -0.00904479 1.45375333 -4.71653833
v -0.22420435 1.30798350 -4.78086242
v 0.19993540 1.48367013 -4.70239258
v 0.09235562 1.41078522 -4.73455463
v 0.30133580 1.44070201 -4.72040889
v 0.19375602 1.36781710 -4.75257093
v -0.01522417 1.33790030 -4.76671668
v 0.08617624 1.29493218 -4.78473298
v 0.40273621 1.39773390 -4.73842519
v 0.29515642 1.32484898 -4.77058724
v -0.12280395 1.26501538 -4.79887873
v 0.40891559 1.51358693 -4.68824684
v 0.61789578 1.54350373 -4.67410109
v 0.51031599 1.47061881 -4.70626314
v -0.02140355 1.22204727 -4.81689503
v 0.18757664 1.25196407 -4.80274928
v 0.07999685 1.17907915 -4.83491133
v 3.11606461 2.54091291 2.92719065
v 3.12701986 2.62850888 2.82512182
v 3.02699637 2.66136693 2.89785898
v 3.03795161 2.74896290 2.79579014
v 3.13797510 2.71610484 2.72305298
v 2.93792813 2.78182095 2.86852730
v 3.14893034 2.80370081 2.62098414
v 3.04890686 2.83655886 2.69372130
v 3.05986210 2.92415482 2.59165247
v 2.95983862 2.95701288 2.66438963
v 2.94888337 2.86941691 2.76645846
v 2.85981513 2.98987093 2.73712679
v 2.97079386 3.04460884 2.56232079
v 2.87077037 3.07746690 2.63505795
v 2.84885989 2.90227497 2.83919562
v 3.15988559 2.89129677 2.51891531
v 3.17084083 2.97889273 2.41684647
v 3.07081735 3.01175079 2.48958363
v 2.75979164 3.02272899 2.80986395
v 2.77074689 3.11032495 2.70779511
v 2.67072340 3.14318301 2.78053227
v 2.88021625 3.65712129 1.75202245
v 2.95334156 3.55815797 1.81240634
v 2.99049016 3.58786871 1.68469163
v 3.06361547 3.48890539 1.74507551
v 3.02646688 3.45919466 1.87279022
v 3.10076407 3.51861613 1.61736080
v 3.09959220 3.36023134 1.93317411
v 3.13674079 3.38994207 1.80545940
v 3.20986611 3.29097875 1.86584328
v 3.24701470 3.32068949 1.73812857
v 3.17388938 3.41965281 1.67774469
v 3.28416329 3.35040023 1.61041387
v 3.32014002 3.22172617 1.79851246
v 3.35728861 3.25143691 1.67079775
v 3.43041393 3.15247359 1.73118164
v 3.21103798 3.44936354 1.55002998
v 3.17271752 3.26126802 1.99355799
v 3.24584284 3.16230470 2.05394188
v 3.28299143 3.19201544 1.92622717
v 3.35611675 3.09305212 1.98661105
v 3.31896815 3.06334138 2.11432576
v 3.39326534 3.12276285 1.85889634
v 3.32131189 3.38011096 1.48269916
v 3.39443721 3.28114764 1.54308304
v 3.43158580 3.31085838 1.41536833
v 3.50471112 3.21189506 1.47575222
v 3.46756252 3.18218432 1.60346693
v 3.54185971 3.24160580 1.34803751
v -2.33463302 3.90412113 -1.97511229
v -2.33072819 3.96889433 -1.81895902
v -2.20402125 4.00583430 -1.88525503
v -2.20011642 4.07060750 -1.72910176
v -2.32682335 4.03366754 -1.66280574
v -2.07340949 4.10754747 -1.79539777
v -2.32291852 4.09844074 -1.50665247
v -2.19621159 4.13538071 -1.57294848
v -2.19230676 4.20015391 -1.41679521
v -2.06559983 4.23709388 -1.48309122
v -2.06950466 4.17232067 -1.63924449
v -1.93889290 4.27403385 -1.54938723
v -2.06169500 4.30186708 -1.32693794
v -1.93498806 4.33880705 -1.39323396
v -1.94279773 4.20926064 -1.70554051
v -2.31901369 4.16321394 -1.35049919
v -2.31510886 4.22798714 -1.19434592
v -2.18840193 4.26492711 -1.26064193
v -1.81218597 4.31097381 -1.61568324
v -1.80828113 4.37574702 -1.45952997
v -1.68157420 4.41268698 -1.52582598
v -1.36306085 1.22979432 4.63719515
v -1.39008244 1.13078491 4.65012980
v -1.31852696 1.14931062 4.66711930
v -1.34554855 1.05030120 4.68005394
v -1.41710404 1.03177549 4.66306444
v -1.27399307 1.06882691 4.69704344
v -1.44412563 0.93276607 4.67599908
v -1.37257014 0.95129178 4.69298858
v -1.39959173 0.85228236 4.70592323
v -1.32803625 0.87080807 4.72291273
v -1.30101466 0.96981749 4.70997808
v -1.25648076 0.88933378 4.73990223
v -1.35505784 0.77179866 4.73584737
v -1.28350236 0.79032437 4.75283687
v -1.31052395 0.69131495 4.76577151
v -1.22945917 0.98834320 4.72696758
v -1.47114722 0.83375666 4.68893372
v -1.49816881 0.73474724 4.70186837
v -1.42661333 0.75327295 4.71885787
v -1.45363492 0.65426353 4.73179251
v -1.52519040 0.63573782 4.71480301
v -1.38207943 0.67278924 4.74878201
v -1.18492528 0.90785949 4.75689173
v -1.21194687 0.80885007 4.76982637
v -1.14039138 0.82737578 4.78681587
v -1.16741298 0.72836637 4.79975051
v -1.23896846 0.70984066 4.78276101
v -1.09585749 0.74689208 4.81674001
v 3.59250736 3.11702797 1.44399268
v 3.55535877 3.08731723 1.57170739
v 3.64315501 2.99245014 1.53994785
v 3.60600642 2.96273940 1.66766256
v 3.51821018 3.05760649 1.69942210
v 3.69380267 2.86787231 1.63590302
v 3.48106158 3.02789576 1.82713681
v 3.56885783 2.93302867 1.79537727
v 3.53170924 2.90331793 1.92309198
v 3.61950548 2.80845084 1.89133244
v 3.65665407 2.83816157 1.76361773
v 3.70730173 2.71358374 1.85957290
v 3.58235689 2.77874010 2.01904715
v 3.67015313 2.68387301 1.98728761
v 3.74445032 2.74329448 1.73185820
v 3.44391299 2.99818502 1.95485152
v 3.40676440 2.96847429 2.08256623
v 3.49456064 2.87360719 2.05080669
v 3.79509797 2.61871665 1.82781337
v 3.75794938 2.58900591 1.95552808
v 3.84574562 2.49413882 1.92376854
v -0.74451107 1.65949783 -4.62487221
v -0.80974886 1.76144616 -4.56952595
v -0.68639861 1.81007626 -4.56413140
v -0.75163640 1.91202459 -4.50878515
v -0.87498664 1.86339450 -4.51417970
v -0.62828615 1.96065469 -4.50339060
v -0.94022442 1.96534283 -4.45883345
v -0.81687418 2.01397293 -4.45343890
v -0.88211196 2.11592127 -4.39809265
v -0.75876172 2.16455136 -4.39269810
v -0.69352393 2.06260303 -4.44804435
v -0.63541147 2.21318146 -4.38730355
v -0.82399950 2.26649970 -4.33735184
v -0.70064926 2.31512980 -4.33195729
v -0.57017369 2.11123313 -4.44264980
v -1.00546221 2.06729117 -4.40348720
v -1.07069999 2.16923950 -4.34814095
v -0.94734975 2.21786960 -4.34274640
v -0.51206123 2.26181156 -4.38190900
v -0.57729901 2.36375990 -4.32656274
v -0.45394877 2.41239000 -4.32116819
v 0.58160854 0.12129646 4.94901039
v 0.58160854 0.18379646 4.94586167
v 0.66321707 0.24259291 4.92308359
v 0.66321707 0.30509291 4.91993487
v 0.58160854 0.24629646 4.94271296
v 0.66321707 0.36759291 4.91678616
v 0.74482561 0.36388937 4.89715679
v 0.74482561 0.42638937 4.89400807
v 0.82643415 0.48518582 4.87122999
v 0.58160854 0.30879646 4.93956424
v 0.82643415 0.54768582 4.86808127
v 0.74482561 0.48888937 4.89085936
v 0.82643415 0.61018582 4.86493256
v 0.74482561 0.55138937 4.88771064
v 0.66321707 0.43009291 4.91363744
v 0.66321707 0.49259291 4.91048873
v 0.82643415 0.67268582 4.86178384
v 0.74482561 0.61388937 4.88456193
v 0.58160854 0.37129646 4.93641553
v 0.90804269 0.60648228 4.84530319
v 0.90804269 0.66898228 4.84215447
v 0.98965122 0.72777874 4.81937639
v 0.98965122 0.79027874 4.81622767
v 0.90804269 0.73148228 4.83900576
v 1.07125976 0.84907519 4.79344959
v 0.58160854 0.43379646 4.93326681
v 0.66321707 0.55509291 4.90734001
v 0.58160854 0.49629646 4.93011810
v 1.79744438 0.12129646 4.61364927
v 1.67641361 0.24259291 4.64361599
v 1.59480507 0.12129646 4.66954279
v 1.47377430 0.24259291 4.69950951
v 1.55538284 0.36388937 4.67358271
v 1.39216577 0.12129646 4.72543631
v 1.43435207 0.48518582 4.70354943
v 1.35274353 0.36388937 4.72947623
v 1.23171276 0.48518582 4.75944295
v 1.15010423 0.36388937 4.78536975
v 1.27113500 0.24259291 4.75540303
v 1.06849569 0.24259291 4.81129655
v 1.02907346 0.48518582 4.81533647
v 0.94746492 0.36388937 4.84126327
v 1.18952646 0.12129646 4.78132983
v 1.31332130 0.60648228 4.73351615
v 1.19229053 0.72777874 4.76348287
v 1.11068199 0.60648228 4.78940967
v 0.98688715 0.12129646 4.83722335
v 0.86585638 0.24259291 4.86719007
v 0.78424784 0.12129646 4.89311687
v -0.56553775 0.47067722 4.93839394
v -0.63107550 0.50385445 4.92389169
v -0.56553775 0.40817722 4.94154265
v -0.63107550 0.44135445 4.92704041
v -0.69661325 0.53703167 4.90938945
v -0.56553775 0.34567722 4.94469137
v -0.76215100 0.57020889 4.89488721
v -0.69661325 0.47453167 4.91253816
v -0.76215100 0.50770889 4.89803592
v -0.69661325 0.41203167 4.91568688
v -0.63107550 0.37885445 4.93018912
v -0.63107550 0.31635445 4.93333784
v -0.76215100 0.44520889 4.90118464
v -0.69661325 0.34953167 4.91883559
v -0.76215100 0.38270889 4.90433335
v -0.56553775 0.28317722 4.94784008
v -0.82768875 0.60338612 4.88038496
v -0.89322650 0.63656334 4.86588272
v -0.82768875 0.54088612 4.88353368
v -0.89322650 0.57406334 4.86903143
v -0.95876425 0.66974056 4.85138047
v -0.82768875 0.47838612 4.88668239
v -0.56553775 0.22067722 4.95098880
v -0.63107550 0.25385445 4.93648655
v -0.56553775 0.15817722 4.95413751
v -0.63107550 0.19135445 4.93963527
v -0.69661325 0.28703167 4.92198431
v -0.56553775 0.09567722 4.95728623
v -1.03031974 0.65121485 4.83439097
v -1.10187522 0.63268914 4.81740147
v -0.96478199 0.55553763 4.85204193
v -1.03633747 0.53701192 4.83505243
v -1.17343071 0.61416343 4.80041197
v -0.89924424 0.45986041 4.86969289
v -1.24498620 0.59563773 4.78342247
v -1.10789296 0.51848621 4.81806293
v -1.17944845 0.49996050 4.80107343
v -1.04235521 0.42280899 4.83571389
v -0.97079972 0.44133470 4.85270339
v -0.90526197 0.34565747 4.87035435
v -1.11391070 0.40428328 4.81872439
v -0.97681746 0.32713177 4.85336485
v -0.83370649 0.36418318 4.88734385
v -1.31654168 0.57711202 4.76643297
v -1.38809717 0.55858631 4.74944347
v -1.25100393 0.48143479 4.78408393
v -0.76816874 0.26850596 4.90499481
v -0.83972422 0.24998025 4.88800531
v -0.70263099 0.17282874 4.92264577
v 0.31250000 0.55399356 4.94507647
v 0.25000000 0.60798713 4.94040547
v 0.18750000 0.55399356 4.94507647
v 0.12500000 0.60798713 4.94040547
v 0.18750000 0.66198069 4.93573447
v 0.06250000 0.55399356 4.94507647
v 0.12500000 0.71597426 4.93106346
v 0.06250000 0.66198069 4.93573447
v 0.00000000 0.71597426 4.93106346
v -0.06250000 0.66198069 4.93573447
v 0.00000000 0.60798713 4.94040547
v -0.12500000 0.60798713 4.94040547
v -0.12500000 0.71597426 4.93106346
v -0.18750000 0.66198069 4.93573447
v -0.06250000 0.55399356 4.94507647
v 0.06250000 0.76996782 4.92639246
v 0.00000000 0.82396139 4.92172146
v -0.06250000 0.76996782 4.92639246
v -0.18750000 0.55399356 4.94507647
v -0.25000000 0.60798713 4.94040547
v -0.31250000 0.55399356 4.94507647
f 1 2 3
f 2 4 3
f 2 5 4
f 3 4 6
f 5 7 4
f 7 8 4
f 7 9 8
f 4 8 6
f 5 10 7
f 10 11 7
f 10 12 11
f 7 11 9
f 6 8 13
f 8 14 13
f 8 9 14
f 13 14 15
f 12 16 11
f 16 17 11
f 16 18 17
f 11 17 9
f 18 19 17
f 19 20 17
f 19 21 20
f 17 20 9
f 18 22 19
f 22 23 19
f 22 24 23
f 19 23 21
f 9 20 14
f 20 25 14
f 20 21 25
f 14 25 15
f 12 26 16
f 26 27 16
f 26 28 27
f 16 27 18
f 28 29 27
f 29 30 27
f 29 31 30
f 27 30 18
f 28 32 29
f 32 33 29
f 32 34 33
f 29 33 31
f 18 30 22
f 30 35 22
f 30 31 35
f 22 35 24
f 15 25 36
f 25 37 36
f 25 21 37
f 36 37 38
f 21 39 37
f 39 40 37
f 39 41 40
f 37 40 38
f 21 23 39
f 23 42 39
f 23 24 42
f 39 42 41
f 38 40 43
f 40 44 43
f 40 41 44
f 43 44 45
f 46 47 48
f 47 49 48
f 47 50 49
f 48 49 51
f 50 52 49
f 52 53 49
f 52 54 53
f 49 53 51
f 50 55 52
f 55 56 52
f 55 57 56
f 52 56 54
f 51 53 58
f 53 59 58
f 53 54 59
f 58 59 60
f 57 61 56
f 61 62 56
f 61 63 62
f 56 62 54
f 63 64 62
f 64 65 62
f 64 66 65
f 62 65 54
f 63 67 64
f 67 68 64
f 67 69 68
f 64 68 66
f 54 65 59
f 65 70 59
f 65 66 70
f 59 70 60
f 57 71 61
f 71 72 61
f 71 73 72
f 61 72 63
f 73 74 72
f 74 75 72
f 74 76 75
f 72 75 63
f 73 77 74
f 77 78 74
f 77 79 78
f 74 78 76
f 63 75 67
f 75 80 67
f 75 76 80
f 67 80 69
f 60 70 81
f 70 82 81
f 70 66 82
f 81 82 83
f 66 84 82
f 84 85 82
f 84 86 85
f 82 85 83
f 66 68 84
f 68 87 84
f 68 69 87
f 84 87 86
f 83 85 88
f 85 89 88
f 85 86 89
f 88 89 90
f 91 92 93
f 92 94 93
f 92 95 94
f 93 94 96
f 95 97 94
f 97 98 94
f 97 99 98
f 94 98 96
f 95 100 97
f 100 101 97
f 100 102 101
f 97 101 99
f 96 98 103
f 98 104 103
f 98 99 104
f 103 104 105
f 102 106 101
f 106 107 101
f 106 108 107
f 101 107 99
f 108 109 107
f 109 110 107
f 109 111 110
f 107 110 99
f 108 112 109
f 112 113 109
f 112 114 113
f 109 113 111
f 99 110 104
f 110 115 104
f 110 111 115
f 104 115 105
f 102 116 106
f 116 117 106
f 116 118 117
f 106 117 108
f 118 119 117
f 119 120 117
f 119 121 120
f 117 120 108
f 118 122 119
f 122 123 119
f 122 124 123
f 119 123 121
f 108 120 112
f 120 125 112
f 120 121 125
f 112 125 114
f 105 115 126
f 115 127 126
f 115 111 127
f 126 127 128
f 111 129 127
f 129 130 127
f 129 131 130
f 127 130 128
f 111 113 129
f 113 132 129
f 113 114 132
f 129 132 131
f 128 130 133
f 130 134 133
f 130 131 134
f 133 134 135
f 136 137 138
f 137 139 138
f 137 140 139
f 138 139 141
f 140 142 139
f 142 143 139
f 142 144 143
f 139 143 141
f 140 145 142
f 145 146 142
f 145 147 146
f 142 146 144
f 141 143 148
f 143 149 148
f 143 144 149
f 148 149 150
f 147 151 146
f 151 152 146
f 151 153 152
f 146 152 144
f 153 154 152
f 154 155 152
f 154 156 155
f 152 155 144
f 153 157 154
f 157 158 154
f 157 159 158
f 154 158 156
f 144 155 149
f 155 160 149
f 155 156 160
f 149 160 150
f 147 161 151
f 161 162 151
f 161 163 162
f 151 162 153
f 163 164 162
f 164 165 162
f 164 166 165
f 162 165 153
f 163 167 164
f 167 168 164
f 167 169 168
f 164 168 166
f 153 165 157
f 165 170 157
f 165 166 170
f 157 170 159
f 150 160 171
f 160 172 171
f 160 156 172
f 171 172 173
f 156 174 172
f 174 175 172
f 174 176 175
f 172 175 173
f 156 158 174
f 158 177 174
f 158 159 177
f 174 177 176
f 173 175 178
f 175 179 178
f 175 176 179
f 178 179 45
f 180 181 182
f 181 183 182
f 181 184 183
f 182 183 185
f 184 186 183
f 186 187 183
f 186 188 187
f 183 187 185
f 184 189 186
f 189 190 186
f 189 191 190
f 186 190 188
f 185 187 192
f 187 193 192
f 187 188 193
f 192 193 194
f 191 195 190
f 195 196 190
f 195 197 196
f 190 196 188
f 197 198 196
f 198 199 196
f 198 200 199
f 196 199 188
f 197 201 198
f 201 202 198
f 201 203 202
f 198 202 200
f 188 199 193
f 199 204 193
f 199 200 204
f 193 204 194
f 191 205 195
f 205 206 195
f 205 207 206
f 195 206 197
f 207 208 206
f 208 209 206
f 208 210 209
f 206 209 197
f 207 211 208
f 211 212 208
f 211 213 212
f 208 212 210
f 197 209 201
f 209 214 201
f 209 210 214
f 201 214 203
f 194 204 215
f 204 216 215
f 204 200 216
f 215 216 217
f 200 218 216
f 218 219 216
f 218 220 219
f 216 219 217
f 200 202 218
f 202 221 218
f 202 203 221
f 218 221 220
f 217 219 222
f 219 223 222
f 219 220 223
f 222 223 224
f 225 226 227
f 226 228 227
f 226 229 228
f 227 228 230
f 229 231 228
f 231 232 228
f 231 233 232
f 228 232 230
f 229 234 231
f 234 235 231
f 234 236 235
f 231 235 233
f 230 232 237
f 232 238 237
f 232 233 238
f 237 238 239
f 236 240 235
f 240 241 235
f 240 242 241
f 235 241 233
f 242 243 241
f 243 244 241
f 243 245 244
f 241 244 233
f 242 246 243
f 246 247 243
f 246 248 247
f 243 247 245
f 233 244 238
f 244 249 238
f 244 245 249
f 238 249 239
f 236 250 240
f 250 251 240
f 250 252 251
f 240 251 242
f 252 253 251
f 253 254 251
f 253 255 254
f 251 254 242
f 252 256 253
f 256 257 253
f 256 258 257
f 253 257 255
f 242 254 246
f 254 259 246
f 254 255 259
f 246 259 248
f 239 249 260
f 249 261 260
f 249 245 261
f 260 261 262
f 245 263 261
f 263 264 261
f 263 265 264
f 261 264 262
f 245 247 263
f 247 266 263
f 247 248 266
f 263 266 265
f 262 264 267
f 264 268 267
f 264 265 268
f 267 268 269
f 270 271 272
f 271 273 272
f 271 274 273
f 272 273 275
f 274 276 273
f 276 277 273
f 276 278 277
f 273 277 275
f 274 279 276
f 279 280 276
f 279 281 280
f 276 280 278
f 275 277 282
f 277 283 282
f 277 278 283
f 282 283 284
f 281 285 280
f 285 286 280
f 285 287 286
f 280 286 278
f 287 288 286
f 288 289 286
f 288 290 289
f 286 289 278
f 287 291 288
f 291 292 288
f 291 293 292
f 288 292 290
f 278 289 283
f 289 294 283
f 289 290 294
f 283 294 284
f 281 295 285
f 295 296 285
f 295 297 296
f 285 296 287
f 297 298 296
f 298 299 296
f 298 300 299
f 296 299 287
f 297 301 298
f 301 302 298
f 301 303 302
f 298 302 300
f 287 299 291
f 299 304 291
f 299 300 304
f 291 304 293
f 284 294 305
f 294 306 305
f 294 290 306
f 305 306 307
f 290 308 306
f 308 309 306
f 308 310 309
f 306 309 307
f 290 292 308
f 292 311 308
f 292 293 311
f 308 311 310
f 307 309 312
f 309 313 312
f 309 310 313
f 312 313 314
f 315 316 317
f 316 318 317
f 316 319 318
f 317 318 320
f 319 321 318
f 321 322 318
f 321 323 322
f 318 322 320
f 319 324 321
f 324 325 321
f 324 326 325
f 321 325 323
f 320 322 327
f 322 328 327
f 322 323 328
f 327 328 329
f 326 330 325
f 330 331 325
f 330 332 331
f 325 331 323
f 332 333 331
f 333 334 331
f 333 335 334
f 331 334 323
f 332 336 333
f 336 337 333
f 336 338 337
f 333 337 335
f 323 334 328
f 334 339 328
f 334 335 339
f 328 339 329
f 326 340 330
f 340 341 330
f 340 342 341
f 330 341 332
f 342 343 341
f 343 344 341
f 343 345 344
f 341 344 332
f 342 346 343
f 346 347 343
f 346 348 347
f 343 347 345
f 332 344 336
f 344 349 336
f 344 345 349
f 336 349 338
f 329 339 350
f 339 351 350
f 339 335 351
f 350 351 352
f 335 353 351
f 353 354 351
f 353 355 354
f 351 354 352
f 335 337 353
f 337 356 353
f 337 338 356
f 353 356 355
f 352 354 357
f 354 358 357
f 354 355 358
f 357 358 1
f 169 359 360
f 359 361 360
f 359 362 361
f 360 361 363
f 362 364 361
f 364 365 361
f 364 366 365
f 361 365 363
f 362 367 364
f 367 368 364
f 367 369 368
f 364 368 366
f 363 365 370
f 365 371 370
f 365 366 371
f 370 371 372
f 369 373 368
f 373 374 368
f 373 375 374
f 368 374 366
f 375 376 374
f 376 377 374
f 376 378 377
f 374 377 366
f 375 379 376
f 379 380 376
f 379 381 380
f 376 380 378
f 366 377 371
f 377 382 371
f 377 378 382
f 371 382 372
f 369 383 373
f 383 384 373
f 383 385 384
f 373 384 375
f 385 386 384
f 386 387 384
f 386 388 387
f 384 387 375
f 385 389 386
f 389 390 386
f 389 391 390
f 386 390 388
f 375 387 379
f 387 392 379
f 387 388 392
f 379 392 381
f 372 382 393
f 382 394 393
f 382 378 394
f 393 394 395
f 378 396 394
f 396 397 394
f 396 398 397
f 394 397 395
f 378 380 396
f 380 399 396
f 380 381 399
f 396 399 398
f 395 397 400
f 397 401 400
f 397 398 401
f 400 401 402
f 403 404 405
f 404 406 405
f 404 407 406
f 405 406 408
f 407 409 406
f 409 410 406
f 409 411 410
f 406 410 408
f 407 412 409
f 412 413 409
f 412 414 413
f 409 413 411
f 408 410 415
f 410 416 415
f 410 411 416
f 415 416 417
f 414 418 413
f 418 419 413
f 418 420 419
f 413 419 411
f 420 421 419
f 421 422 419
f 421 423 422
f 419 422 411
f 420 424 421
f 424 425 421
f 424 426 425
f 421 425 423
f 411 422 416
f 422 427 416
f 422 423 427
f 416 427 417
f 414 428 418
f 428 429 418
f 428 430 429
f 418 429 420
f 430 431 429
f 431 432 429
f 431 433 432
f 429 432 420
f 430 434 431
f 434 435 431
f 434 436 435
f 431 435 433
f 420 432 424
f 432 437 424
f 432 433 437
f 424 437 426
f 417 427 438
f 427 439 438
f 427 423 439
f 438 439 440
f 423 441 439
f 441 442 439
f 441 443 442
f 439 442 440
f 423 425 441
f 425 444 441
f 425 426 444
f 441 444 443
f 440 442 445
f 442 446 445
f 442 443 446
f 445 446 447
f 348 448 347
f 448 449 347
f 448 450 449
f 347 449 345
f 450 451 449
f 451 452 449
f 451 453 452
f 449 452 345
f 450 454 451
f 454 455 451
f 454 456 455
f 451 455 453
f 345 452 349
f 452 457 349
f 452 453 457
f 349 457 338
f 456 458 455
f 458 459 455
f 458 460 459
f 455 459 453
f 460 461 459
f 461 462 459
f 461 463 462
f 459 462 453
f 460 464 461
f 464 465 461
f 464 466 465
f 461 465 463
f 453 462 457
f 462 467 457
f 462 463 467
f 457 467 338
f 456 468 458
f 468 469 458
f 468 470 469
f 458 469 460
f 470 471 469
f 471 472 469
f 471 473 472
f 469 472 460
f 470 474 471
f 474 475 471
f 474 476 475
f 471 475 473
f 460 472 464
f 472 477 464
f 472 473 477
f 464 477 466
f 338 467 356
f 467 478 356
f 467 463 478
f 356 478 355
f 463 479 478
f 479 480 478
f 479 481 480
f 478 480 355
f 463 465 479
f 465 482 479
f 465 466 482
f 479 482 481
f 355 480 358
f 480 483 358
f 480 481 483
f 358 483 1
f 269 484 267
f 484 485 267
f 484 486 485
f 267 485 262
f 486 487 485
f 487 488 485
f 487 489 488
f 485 488 262
f 486 490 487
f 490 491 487
f 490 492 491
f 487 491 489
f 262 488 260
f 488 493 260
f 488 489 493
f 260 493 239
f 492 494 491
f 494 495 491
f 494 496 495
f 491 495 489
f 496 497 495
f 497 498 495
f 497 499 498
f 495 498 489
f 496 500 497
f 500 501 497
f 500 502 501
f 497 501 499
f 489 498 493
f 498 503 493
f 498 499 503
f 493 503 239
f 492 504 494
f 504 505 494
f 504 506 505
f 494 505 496
f 506 507 505
f 507 508 505
f 507 509 508
f 505 508 496
f 506 510 507
f 510 511 507
f 510 303 511
f 507 511 509
f 496 508 500
f 508 512 500
f 508 509 512
f 500 512 502
f 239 503 237
f 503 513 237
f 503 499 513
f 237 513 230
f 499 514 513
f 514 515 513
f 514 516 515
f 513 515 230
f 499 501 514
f 501 517 514
f 501 502 517
f 514 517 516
f 230 515 227
f 515 518 227
f 515 516 518
f 227 518 225
f 225 518 519
f 518 520 519
f 518 516 520
f 519 520 521
f 516 522 520
f 522 523 520
f 522 524 523
f 520 523 521
f 516 517 522
f 517 525 522
f 517 502 525
f 522 525 524
f 521 523 526
f 523 527 526
f 523 524 527
f 526 527 528
f 502 529 525
f 529 530 525
f 529 531 530
f 525 530 524
f 531 532 530
f 532 533 530
f 532 534 533
f 530 533 524
f 531 535 532
f 535 536 532
f 535 281 536
f 532 536 534
f 524 533 527
f 533 537 527
f 533 534 537
f 527 537 528
f 502 512 529
f 512 538 529
f 512 509 538
f 529 538 531
f 509 539 538
f 539 540 538
f 539 297 540
f 538 540 531
f 509 511 539
f 511 301 539
f 511 303 301
f 539 301 297
f 531 540 535
f 540 295 535
f 540 297 295
f 535 295 281
f 528 537 541
f 537 542 541
f 537 534 542
f 541 542 543
f 534 544 542
f 544 545 542
f 544 274 545
f 542 545 543
f 534 536 544
f 536 279 544
f 536 281 279
f 544 279 274
f 543 545 546
f 545 271 546
f 545 274 271
f 546 271 270
f 547 548 549
f 548 550 549
f 548 551 550
f 549 550 552
f 551 553 550
f 553 554 550
f 553 555 554
f 550 554 552
f 551 556 553
f 556 557 553
f 556 558 557
f 553 557 555
f 552 554 559
f 554 560 559
f 554 555 560
f 559 560 561
f 558 562 557
f 562 563 557
f 562 564 563
f 557 563 555
f 564 565 563
f 565 566 563
f 565 567 566
f 563 566 555
f 564 568 565
f 568 569 565
f 568 570 569
f 565 569 567
f 555 566 560
f 566 571 560
f 566 567 571
f 560 571 561
f 558 572 562
f 572 573 562
f 572 574 573
f 562 573 564
f 574 575 573
f 575 576 573
f 575 577 576
f 573 576 564
f 574 578 575
f 578 579 575
f 578 580 579
f 575 579 577
f 564 576 568
f 576 581 568
f 576 577 581
f 568 581 570
f 561 571 582
f 571 583 582
f 571 567 583
f 582 583 584
f 567 585 583
f 585 586 583
f 585 587 586
f 583 586 584
f 567 569 585
f 569 588 585
f 569 570 588
f 585 588 587
f 584 586 589
f 586 590 589
f 586 587 590
f 589 590 436
f 436 590 435
f 590 591 435
f 590 587 591
f 435 591 433
f 587 592 591
f 592 593 591
f 592 594 593
f 591 593 433
f 587 588 592
f 588 595 592
f 588 570 595
f 592 595 594
f 433 593 437
f 593 596 437
f 593 594 596
f 437 596 426
f 570 597 595
f 597 598 595
f 597 599 598
f 595 598 594
f 599 600 598
f 600 601 598
f 600 602 601
f 598 601 594
f 599 603 600
f 603 604 600
f 603 605 604
f 600 604 602
f 594 601 596
f 601 606 596
f 601 602 606
f 596 606 426
f 570 581 597
f 581 607 597
f 581 577 607
f 597 607 599
f 577 608 607
f 608 609 607
f 608 610 609
f 607 609 599
f 577 579 608
f 579 611 608
f 579 580 611
f 608 611 610
f 599 609 603
f 609 612 603
f 609 610 612
f 603 612 605
f 426 606 444
f 606 613 444
f 606 602 613
f 444 613 443
f 602 614 613
f 614 615 613
f 614 616 615
f 613 615 443
f 602 604 614
f 604 617 614
f 604 605 617
f 614 617 616
f 443 615 446
f 615 618 446
f 615 616 618
f 446 618 447
f 90 619 88
f 619 620 88
f 619 621 620
f 88 620 83
f 621 622 620
f 622 623 620
f 622 624 623
f 620 623 83
f 621 625 622
f 625 626 622
f 625 627 626
f 622 626 624
f 83 623 81
f 623 628 81
f 623 624 628
f 81 628 60
f 627 629 626
f 629 630 626
f 629 631 630
f 626 630 624
f 631 632 630
f 632 633 630
f 632 634 633
f 630 633 624
f 631 635 632
f 635 636 632
f 635 637 636
f 632 636 634
f 624 633 628
f 633 638 628
f 633 634 638
f 628 638 60
f 627 639 629
f 639 640 629
f 639 641 640
f 629 640 631
f 641 642 640
f 642 643 640
f 642 644 643
f 640 643 631
f 641 645 642
f 645 646 642
f 645 647 646
f 642 646 644
f 631 643 635
f 643 648 635
f 643 644 648
f 635 648 637
f 60 638 58
f 638 649 58
f 638 634 649
f 58 649 51
f 634 650 649
f 650 651 649
f 650 652 651
f 649 651 51
f 634 636 650
f 636 653 650
f 636 637 653
f 650 653 652
f 51 651 48
f 651 654 48
f 651 652 654
f 48 654 46
f 655 656 657
f 656 658 657
f 656 659 658
f 657 658 660
f 659 661 658
f 661 662 658
f 661 663 662
f 658 662 660
f 659 664 661
f 664 665 661
f 664 666 665
f 661 665 663
f 660 662 667
f 662 668 667
f 662 663 668
f 667 668 669
f 666 670 665
f 670 671 665
f 670 672 671
f 665 671 663
f 672 673 671
f 673 674 671
f 673 675 674
f 671 674 663
f 672 676 673
f 676 677 673
f 676 678 677
f 673 677 675
f 663 674 668
f 674 679 668
f 674 675 679
f 668 679 669
f 666 680 670
f 680 681 670
f 680 682 681
f 670 681 672
f 682 683 681
f 683 684 681
f 683 685 684
f 681 684 672
f 682 686 683
f 686 687 683
f 686 213 687
f 683 687 685
f 672 684 676
f 684 688 676
f 684 685 688
f 676 688 678
f 669 679 689
f 679 690 689
f 679 675 690
f 689 690 691
f 675 692 690
f 692 693 690
f 692 694 693
f 690 693 691
f 675 677 692
f 677 695 692
f 677 678 695
f 692 695 694
f 691 693 696
f 693 697 696
f 693 694 697
f 696 697 547
f 315 317 698
f 317 699 698
f 317 320 699
f 698 699 700
f 320 701 699
f 701 702 699
f 701 703 702
f 699 702 700
f 320 327 701
f 327 704 701
f 327 329 704
f 701 704 703
f 700 702 705
f 702 706 705
f 702 703 706
f 705 706 707
f 329 708 704
f 708 709 704
f 708 710 709
f 704 709 703
f 710 711 709
f 711 712 709
f 711 713 712
f 709 712 703
f 710 714 711
f 714 715 711
f 714 15 715
f 711 715 713
f 703 712 706
f 712 716 706
f 712 713 716
f 706 716 707
f 329 350 708
f 350 717 708
f 350 352 717
f 708 717 710
f 352 718 717
f 718 719 717
f 718 6 719
f 717 719 710
f 352 357 718
f 357 3 718
f 357 1 3
f 718 3 6
f 710 719 714
f 719 13 714
f 719 6 13
f 714 13 15
f 707 716 720
f 716 721 720
f 716 713 721
f 720 721 722
f 713 723 721
f 723 724 721
f 723 38 724
f 721 724 722
f 713 715 723
f 715 36 723
f 715 15 36
f 723 36 38
f 722 724 725
f 724 43 725
f 724 38 43
f 725 43 45
f 726 727 728
f 727 729 728
f 727 730 729
f 728 729 731
f 730 732 729
f 732 733 729
f 732 734 733
f 729 733 731
f 730 735 732
f 735 736 732
f 735 737 736
f 732 736 734
f 731 733 738
f 733 739 738
f 733 734 739
f 738 739 740
f 737 741 736
f 741 742 736
f 741 743 742
f 736 742 734
f 743 744 742
f 744 745 742
f 744 746 745
f 742 745 734
f 743 747 744
f 747 748 744
f 747 558 748
f 744 748 746
f 734 745 739
f 745 749 739
f 745 746 749
f 739 749 740
f 737 750 741
f 750 751 741
f 750 752 751
f 741 751 743
f 752 753 751
f 753 754 751
f 753 574 754
f 751 754 743
f 752 755 753
f 755 578 753
f 755 580 578
f 753 578 574
f 743 754 747
f 754 572 747
f 754 574 572
f 747 572 558
f 740 749 756
f 749 757 756
f 749 746 757
f 756 757 758
f 746 759 757
f 759 760 757
f 759 551 760
f 757 760 758
f 746 748 759
f 748 556 759
f 748 558 556
f 759 556 551
f 758 760 761
f 760 548 761
f 760 551 548
f 761 548 547
f 762 763 764
f 763 765 764
f 763 766 765
f 764 765 767
f 766 768 765
f 768 769 765
f 768 770 769
f 765 769 767
f 766 771 768
f 771 772 768
f 771 773 772
f 768 772 770
f 767 769 774
f 769 775 774
f 769 770 775
f 774 775 776
f 773 777 772
f 777 778 772
f 777 779 778
f 772 778 770
f 779 780 778
f 780 781 778
f 780 782 781
f 778 781 770
f 779 783 780
f 783 784 780
f 783 785 784
f 780 784 782
f 770 781 775
f 781 786 775
f 781 782 786
f 775 786 776
f 773 787 777
f 787 788 777
f 787 789 788
f 777 788 779
f 789 790 788
f 790 791 788
f 790 792 791
f 788 791 779
f 789 793 790
f 793 794 790
f 793 795 794
f 790 794 792
f 779 791 783
f 791 796 783
f 791 792 796
f 783 796 785
f 776 786 797
f 786 798 797
f 786 782 798
f 797 798 799
f 782 800 798
f 800 801 798
f 800 802 801
f 798 801 799
f 782 784 800
f 784 803 800
f 784 785 803
f 800 803 802
f 799 801 804
f 801 805 804
f 801 802 805
f 804 805 135
f 806 807 808
f 807 809 808
f 807 810 809
f 808 809 811
f 810 812 809
f 812 813 809
f 812 814 813
f 809 813 811
f 810 815 812
f 815 816 812
f 815 817 816
f 812 816 814
f 811 813 818
f 813 819 818
f 813 814 819
f 818 819 820
f 817 821 816
f 821 822 816
f 821 823 822
f 816 822 814
f 823 824 822
f 824 825 822
f 824 826 825
f 822 825 814
f 823 827 824
f 827 828 824
f 827 561 828
f 824 828 826
f 814 825 819
f 825 829 819
f 825 826 829
f 819 829 820
f 817 830 821
f 830 831 821
f 830 832 831
f 821 831 823
f 832 833 831
f 833 834 831
f 833 552 834
f 831 834 823
f 832 835 833
f 835 549 833
f 835 547 549
f 833 549 552
f 823 834 827
f 834 559 827
f 834 552 559
f 827 559 561
f 820 829 836
f 829 837 836
f 829 826 837
f 836 837 838
f 826 839 837
f 839 840 837
f 839 584 840
f 837 840 838
f 826 828 839
f 828 582 839
f 828 561 582
f 839 582 584
f 838 840 841
f 840 589 841
f 840 584 589
f 841 589 436
f 842 843 844
f 843 845 844
f 843 846 845
f 844 845 847
f 846 848 845
f 848 849 845
f 848 850 849
f 845 849 847
f 846 851 848
f 851 852 848
f 851 853 852
f 848 852 850
f 847 849 854
f 849 855 854
f 849 850 855
f 854 855 856
f 853 857 852
f 857 858 852
f 857 859 858
f 852 858 850
f 859 860 858
f 860 861 858
f 860 862 861
f 858 861 850
f 859 863 860
f 863 864 860
f 863 865 864
f 860 864 862
f 850 861 855
f 861 866 855
f 861 862 866
f 855 866 856
f 853 867 857
f 867 868 857
f 867 869 868
f 857 868 859
f 869 870 868
f 870 871 868
f 870 872 871
f 868 871 859
f 869 873 870
f 873 874 870
f 873 90 874
f 870 874 872
f 859 871 863
f 871 875 863
f 871 872 875
f 863 875 865
f 856 866 876
f 866 877 876
f 866 862 877
f 876 877 878
f 862 879 877
f 879 880 877
f 879 881 880
f 877 880 878
f 862 864 879
f 864 882 879
f 864 865 882
f 879 882 881
f 878 880 883
f 880 884 883
f 880 881 884
f 883 884 885
f 403 405 886
f 405 887 886
f 405 408 887
f 886 887 888
f 408 889 887
f 889 890 887
f 889 891 890
f 887 890 888
f 408 415 889
f 415 892 889
f 415 417 892
f 889 892 891
f 888 890 893
f 890 894 893
f 890 891 894
f 893 894 895
f 417 896 892
f 896 897 892
f 896 898 897
f 892 897 891
f 898 899 897
f 899 900 897
f 899 901 900
f 897 900 891
f 898 902 899
f 902 903 899
f 902 904 903
f 899 903 901
f 891 900 894
f 900 905 894
f 900 901 905
f 894 905 895
f 417 438 896
f 438 906 896
f 438 440 906
f 896 906 898
f 440 907 906
f 907 908 906
f 907 909 908
f 906 908 898
f 440 445 907
f 445 910 907
f 445 447 910
f 907 910 909
f 898 908 902
f 908 911 902
f 908 909 911
f 902 911 904
f 895 905 912
f 905 913 912
f 905 901 913
f 912 913 914
f 901 915 913
f 915 916 913
f 915 917 916
f 913 916 914
f 901 903 915
f 903 918 915
f 903 904 918
f 915 918 917
f 914 916 919
f 916 920 919
f 916 917 920
f 919 920 921
f 180 922 181
f 922 923 181
f 922 924 923
f 181 923 184
f 924 925 923
f 925 926 923
f 925 927 926
f 923 926 184
f 924 928 925
f 928 929 925
f 928 930 929
f 925 929 927
f 184 926 189
f 926 931 189
f 926 927 931
f 189 931 191
f 930 932 929
f 932 933 929
f 932 934 933
f 929 933 927
f 934 935 933
f 935 936 933
f 935 937 936
f 933 936 927
f 934 938 935
f 938 939 935
f 938 940 939
f 935 939 937
f 927 936 931
f 936 941 931
f 936 937 941
f 931 941 191
f 930 942 932
f 942 943 932
f 942 944 943
f 932 943 934
f 944 945 943
f 945 946 943
f 945 947 946
f 943 946 934
f 944 948 945
f 948 949 945
f 948 726 949
f 945 949 947
f 934 946 938
f 946 950 938
f 946 947 950
f 938 950 940
f 191 941 205
f 941 951 205
f 941 937 951
f 205 951 207
f 937 952 951
f 952 953 951
f 952 954 953
f 951 953 207
f 937 939 952
f 939 955 952
f 939 940 955
f 952 955 954
f 207 953 211
f 953 956 211
f 953 954 956
f 211 956 213
f 957 958 959
f 958 960 959
f 958 961 960
f 959 960 962
f 961 963 960
f 963 964 960
f 963 965 964
f 960 964 962
f 961 966 963
f 966 967 963
f 966 968 967
f 963 967 965
f 962 964 969
f 964 970 969
f 964 965 970
f 969 970 971
f 968 972 967
f 972 973 967
f 972 974 973
f 967 973 965
f 974 975 973
f 975 976 973
f 975 977 976
f 973 976 965
f 974 978 975
f 978 979 975
f 978 980 979
f 975 979 977
f 965 976 970
f 976 981 970
f 976 977 981
f 970 981 971
f 968 982 972
f 982 983 972
f 982 984 983
f 972 983 974
f 984 985 983
f 985 986 983
f 985 987 986
f 983 986 974
f 984 988 985
f 988 989 985
f 988 990 989
f 985 989 987
f 974 986 978
f 986 991 978
f 986 987 991
f 978 991 980
f 971 981 992
f 981 993 992
f 981 977 993
f 992 993 994
f 977 995 993
f 995 996 993
f 995 997 996
f 993 996 994
f 977 979 995
f 979 998 995
f 979 980 998
f 995 998 997
f 994 996 999
f 996 1000 999
f 996 997 1000
f 999 1000 1001
f 1002 1003 1004
f 1003 1005 1004
f 1003 1006 1005
f 1004 1005 1007
f 1006 1008 1005
f 1008 1009 1005
f 1008 1010 1009
f 1005 1009 1007
f 1006 1011 1008
f 1011 1012 1008
f 1011 1013 1012
f 1008 1012 1010
f 1007 1009 1014
f 1009 1015 1014
f 1009 1010 1015
f 1014 1015 1016
f 1013 1017 1012
f 1017 1018 1012
f 1017 1019 1018
f 1012 1018 1010
f 1019 1020 1018
f 1020 1021 1018
f 1020 1022 1021
f 1018 1021 1010
f 1019 1023 1020
f 1023 1024 1020
f 1023 1025 1024
f 1020 1024 1022
f 1010 1021 1015
f 1021 1026 1015
f 1021 1022 1026
f 1015 1026 1016
f 1013 1027 1017
f 1027 1028 1017
f 1027 1029 1028
f 1017 1028 1019
f 1029 1030 1028
f 1030 1031 1028
f 1030 1032 1031
f 1028 1031 1019
f 1029 1033 1030
f 1033 1034 1030
f 1033 1035 1034
f 1030 1034 1032
f 1019 1031 1023
f 1031 1036 1023
f 1031 1032 1036
f 1023 1036 1025
f 1016 1026 1037
f 1026 1038 1037
f 1026 1022 1038
f 1037 1038 1039
f 1022 1040 1038
f 1040 1041 1038
f 1040 1042 1041
f 1038 1041 1039
f 1022 1024 1040
f 1024 1043 1040
f 1024 1025 1043
f 1040 1043 1042
f 1039 1041 1044
f 1041 1045 1044
f 1041 1042 1045
f 1044 1045 1046
f 46 1047 47
f 1047 1048 47
f 1047 1049 1048
f 47 1048 50
f 1049 1050 1048
f 1050 1051 1048
f 1050 1052 1051
f 1048 1051 50
f 1049 1053 1050
f 1053 1054 1050
f 1053 1055 1054
f 1050 1054 1052
f 50 1051 55
f 1051 1056 55
f 1051 1052 1056
f 55 1056 57
f 1055 1057 1054
f 1057 1058 1054
f 1057 1059 1058
f 1054 1058 1052
f 1059 1060 1058
f 1060 1061 1058
f 1060 1062 1061
f 1058 1061 1052
f 1059 1063 1060
f 1063 1064 1060
f 1063 1065 1064
f 1060 1064 1062
f 1052 1061 1056
f 1061 1066 1056
f 1061 1062 1066
f 1056 1066 57
f 1055 1067 1057
f 1067 1068 1057
f 1067 1069 1068
f 1057 1068 1059
f 1069 1070 1068
f 1070 1071 1068
f 1070 1072 1071
f 1068 1071 1059
f 1069 1073 1070
f 1073 1074 1070
f 1073 795 1074
f 1070 1074 1072
f 1059 1071 1063
f 1071 1075 1063
f 1071 1072 1075
f 1063 1075 1065
f 57 1066 71
f 1066 1076 71
f 1066 1062 1076
f 71 1076 73
f 1062 1077 1076
f 1077 1078 1076
f 1077 1079 1078
f 1076 1078 73
f 1062 1064 1077
f 1064 1080 1077
f 1064 1065 1080
f 1077 1080 1079
f 73 1078 77
f 1078 1081 77
f 1078 1079 1081
f 77 1081 79
f 180 1082 922
f 1082 1083 922
f 1082 1084 1083
f 922 1083 924
f 1084 1085 1083
f 1085 1086 1083
f 1085 1087 1086
f 1083 1086 924
f 1084 1088 1085
f 1088 1089 1085
f 1088 1090 1089
f 1085 1089 1087
f 924 1086 928
f 1086 1091 928
f 1086 1087 1091
f 928 1091 930
f 1090 1092 1089
f 1092 1093 1089
f 1092 1094 1093
f 1089 1093 1087
f 1094 1095 1093
f 1095 1096 1093
f 1095 1097 1096
f 1093 1096 1087
f 1094 1098 1095
f 1098 1099 1095
f 1098 1100 1099
f 1095 1099 1097
f 1087 1096 1091
f 1096 1101 1091
f 1096 1097 1101
f 1091 1101 930
f 1090 1102 1092
f 1102 1103 1092
f 1102 1104 1103
f 1092 1103 1094
f 1104 1105 1103
f 1105 1106 1103
f 1105 1107 1106
f 1103 1106 1094
f 1104 1108 1105
f 1108 1109 1105
f 1108 1110 1109
f 1105 1109 1107
f 1094 1106 1098
f 1106 1111 1098
f 1106 1107 1111
f 1098 1111 1100
f 930 1101 942
f 1101 1112 942
f 1101 1097 1112
f 942 1112 944
f 1097 1113 1112
f 1113 1114 1112
f 1113 1115 1114
f 1112 1114 944
f 1097 1099 1113
f 1099 1116 1113
f 1099 1100 1116
f 1113 1116 1115
f 944 1114 948
f 1114 1117 948
f 1114 1115 1117
f 948 1117 726
f 403 1118 1119
f 1118 1120 1119
f 1118 1121 1120
f 1119 1120 1122
f 1121 1123 1120
f 1123 1124 1120
f 1123 1125 1124
f 1120 1124 1122
f 1121 1126 1123
f 1126 1127 1123
f 1126 1128 1127
f 1123 1127 1125
f 1122 1124 1129
f 1124 1130 1129
f 1124 1125 1130
f 1129 1130 1131
f 1128 1132 1127
f 1132 1133 1127
f 1132 1134 1133
f 1127 1133 1125
f 1134 1135 1133
f 1135 1136 1133
f 1135 1137 1136
f 1133 1136 1125
f 1134 1138 1135
f 1138 1139 1135
f 1138 856 1139
f 1135 1139 1137
f 1125 1136 1130
f 1136 1140 1130
f 1136 1137 1140
f 1130 1140 1131
f 1128 1141 1132
f 1141 1142 1132
f 1141 1143 1142
f 1132 1142 1134
f 1143 1144 1142
f 1144 1145 1142
f 1144 847 1145
f 1142 1145 1134
f 1143 1146 1144
f 1146 844 1144
f 1146 842 844
f 1144 844 847
f 1134 1145 1138
f 1145 854 1138
f 1145 847 854
f 1138 854 856
f 1131 1140 1147
f 1140 1148 1147
f 1140 1137 1148
f 1147 1148 1149
f 1137 1150 1148
f 1150 1151 1148
f 1150 878 1151
f 1148 1151 1149
f 1137 1139 1150
f 1139 876 1150
f 1139 856 876
f 1150 876 878
f 1149 1151 1152
f 1151 883 1152
f 1151 878 883
f 1152 883 885
f 1153 1154 1155
f 1154 1156 1155
f 1154 1157 1156
f 1155 1156 1158
f 1157 1159 1156
f 1159 1160 1156
f 1159 1161 1160
f 1156 1160 1158
f 1157 1162 1159
f 1162 1163 1159
f 1162 1164 1163
f 1159 1163 1161
f 1158 1160 1165
f 1160 1166 1165
f 1160 1161 1166
f 1165 1166 1167
f 1164 1168 1163
f 1168 1169 1163
f 1168 1170 1169
f 1163 1169 1161
f 1170 1171 1169
f 1171 1172 1169
f 1171 1173 1172
f 1169 1172 1161
f 1170 1174 1171
f 1174 1175 1171
f 1174 1176 1175
f 1171 1175 1173
f 1161 1172 1166
f 1172 1177 1166
f 1172 1173 1177
f 1166 1177 1167
f 1164 1178 1168
f 1178 1179 1168
f 1178 1180 1179
f 1168 1179 1170
f 1180 1181 1179
f 1181 1182 1179
f 1181 1183 1182
f 1179 1182 1170
f 1180 1184 1181
f 1184 1185 1181
f 1184 1186 1185
f 1181 1185 1183
f 1170 1182 1174
f 1182 1187 1174
f 1182 1183 1187
f 1174 1187 1176
f 1167 1177 1188
f 1177 1189 1188
f 1177 1173 1189
f 1188 1189 1190
f 1173 1191 1189
f 1191 1192 1189
f 1191 1193 1192
f 1189 1192 1190
f 1173 1175 1191
f 1175 1194 1191
f 1175 1176 1194
f 1191 1194 1193
f 1190 1192 1195
f 1192 1196 1195
f 1192 1193 1196
f 1195 1196 1197
f 476 1198 475
f 1198 1199 475
f 1198 1200 1199
f 475 1199 473
f 1200 1201 1199
f 1201 1202 1199
f 1201 1203 1202
f 1199 1202 473
f 1200 1204 1201
f 1204 1205 1201
f 1204 1206 1205
f 1201 1205 1203
f 473 1202 477
f 1202 1207 477
f 1202 1203 1207
f 477 1207 466
f 1206 1208 1205
f 1208 1209 1205
f 1208 1210 1209
f 1205 1209 1203
f 1210 1211 1209
f 1211 1212 1209
f 1211 1213 1212
f 1209 1212 1203
f 1210 1214 1211
f 1214 1215 1211
f 1214 1216 1215
f 1211 1215 1213
f 1203 1212 1207
f 1212 1217 1207
f 1212 1213 1217
f 1207 1217 466
f 1206 1218 1208
f 1218 1219 1208
f 1218 1220 1219
f 1208 1219 1210
f 1220 1221 1219
f 1221 1222 1219
f 1221 1223 1222
f 1219 1222 1210
f 1220 1224 1221
f 1224 1225 1221
f 1224 1001 1225
f 1221 1225 1223
f 1210 1222 1214
f 1222 1226 1214
f 1222 1223 1226
f 1214 1226 1216
f 466 1217 482
f 1217 1227 482
f 1217 1213 1227
f 482 1227 481
f 1213 1228 1227
f 1228 1229 1227
f 1228 1230 1229
f 1227 1229 481
f 1213 1215 1228
f 1215 1231 1228
f 1215 1216 1231
f 1228 1231 1230
f 481 1229 483
f 1229 1232 483
f 1229 1230 1232
f 483 1232 1
f 1233 1234 1235
f 1234 1236 1235
f 1234 1237 1236
f 1235 1236 1238
f 1237 1239 1236
f 1239 1240 1236
f 1239 1241 1240
f 1236 1240 1238
f 1237 1242 1239
f 1242 1243 1239
f 1242 1244 1243
f 1239 1243 1241
f 1238 1240 1245
f 1240 1246 1245
f 1240 1241 1246
f 1245 1246 1247
f 1244 1248 1243
f 1248 1249 1243
f 1248 1250 1249
f 1243 1249 1241
f 1250 1251 1249
f 1251 1252 1249
f 1251 1253 1252
f 1249 1252 1241
f 1250 1254 1251
f 1254 1255 1251
f 1254 1256 1255
f 1251 1255 1253
f 1241 1252 1246
f 1252 1257 1246
f 1252 1253 1257
f 1246 1257 1247
f 1244 1258 1248
f 1258 1259 1248
f 1258 1260 1259
f 1248 1259 1250
f 1260 1261 1259
f 1261 1262 1259
f 1261 1263 1262
f 1259 1262 1250
f 1260 1264 1261
f 1264 1265 1261
f 1264 1266 1265
f 1261 1265 1263
f 1250 1262 1254
f 1262 1267 1254
f 1262 1263 1267
f 1254 1267 1256
f 1247 1257 1268
f 1257 1269 1268
f 1257 1253 1269
f 1268 1269 1270
f 1253 1271 1269
f 1271 1272 1269
f 1271 1273 1272
f 1269 1272 1270
f 1253 1255 1271
f 1255 1274 1271
f 1255 1256 1274
f 1271 1274 1273
f 1270 1272 1275
f 1272 1276 1275
f 1272 1273 1276
f 1275 1276 348
f 402 401 1277
f 401 1278 1277
f 401 398 1278
f 1277 1278 1279
f 398 1280 1278
f 1280 1281 1278
f 1280 1282 1281
f 1278 1281 1279
f 398 399 1280
f 399 1283 1280
f 399 381 1283
f 1280 1283 1282
f 1279 1281 1284
f 1281 1285 1284
f 1281 1282 1285
f 1284 1285 1286
f 381 1287 1283
f 1287 1288 1283
f 1287 1289 1288
f 1283 1288 1282
f 1289 1290 1288
f 1290 1291 1288
f 1290 1292 1291
f 1288 1291 1282
f 1289 1293 1290
f 1293 1294 1290
f 1293 1295 1294
f 1290 1294 1292
f 1282 1291 1285
f 1291 1296 1285
f 1291 1292 1296
f 1285 1296 1286
f 381 392 1287
f 392 1297 1287
f 392 388 1297
f 1287 1297 1289
f 388 1298 1297
f 1298 1299 1297
f 1298 1300 1299
f 1297 1299 1289
f 388 390 1298
f 390 1301 1298
f 390 391 1301
f 1298 1301 1300
f 1289 1299 1293
f 1299 1302 1293
f 1299 1300 1302
f 1293 1302 1295
f 1286 1296 1303
f 1296 1304 1303
f 1296 1292 1304
f 1303 1304 1305
f 1292 1306 1304
f 1306 1307 1304
f 1306 1308 1307
f 1304 1307 1305
f 1292 1294 1306
f 1294 1309 1306
f 1294 1295 1309
f 1306 1309 1308
f 1305 1307 1310
f 1307 1311 1310
f 1307 1308 1311
f 1310 1311 180
f 348 1276 1312
f 1276 1313 1312
f 1276 1273 1313
f 1312 1313 1314
f 1273 1315 1313
f 1315 1316 1313
f 1315 1317 1316
f 1313 1316 1314
f 1273 1274 1315
f 1274 1318 1315
f 1274 1256 1318
f 1315 1318 1317
f 1314 1316 1319
f 1316 1320 1319
f 1316 1317 1320
f 1319 1320 1321
f 1256 1322 1318
f 1322 1323 1318
f 1322 1324 1323
f 1318 1323 1317
f 1324 1325 1323
f 1325 1326 1323
f 1325 1327 1326
f 1323 1326 1317
f 1324 1328 1325
f 1328 1329 1325
f 1328 1330 1329
f 1325 1329 1327
f 1317 1326 1320
f 1326 1331 1320
f 1326 1327 1331
f 1320 1331 1321
f 1256 1267 1322
f 1267 1332 1322
f 1267 1263 1332
f 1322 1332 1324
f 1263 1333 1332
f 1333 1334 1332
f 1333 1335 1334
f 1332 1334 1324
f 1263 1265 1333
f 1265 1336 1333
f 1265 1266 1336
f 1333 1336 1335
f 1324 1334 1328
f 1334 1337 1328
f 1334 1335 1337
f 1328 1337 1330
f 1321 1331 1338
f 1331 1339 1338
f 1331 1327 1339
f 1338 1339 1340
f 1327 1341 1339
f 1341 1342 1339
f 1341 1343 1342
f 1339 1342 1340
f 1327 1329 1341
f 1329 1344 1341
f 1329 1330 1344
f 1341 1344 1343
f 1340 1342 1345
f 1342 1346 1345
f 1342 1343 1346
f 1345 1346 1347
f 45 44 178
f 44 1348 178
f 44 41 1348
f 178 1348 173
f 41 1349 1348
f 1349 1350 1348
f 1349 1351 1350
f 1348 1350 173
f 41 42 1349
f 42 1352 1349
f 42 24 1352
f 1349 1352 1351
f 173 1350 171
f 1350 1353 171
f 1350 1351 1353
f 171 1353 150
f 24 1354 1352
f 1354 1355 1352
f 1354 1356 1355
f 1352 1355 1351
f 1356 1357 1355
f 1357 1358 1355
f 1357 1359 1358
f 1355 1358 1351
f 1356 1360 1357
f 1360 1361 1357
f 1360 1362 1361
f 1357 1361 1359
f 1351 1358 1353
f 1358 1363 1353
f 1358 1359 1363
f 1353 1363 150
f 24 35 1354
f 35 1364 1354
f 35 31 1364
f 1354 1364 1356
f 31 1365 1364
f 1365 1366 1364
f 1365 1367 1366
f 1364 1366 1356
f 31 33 1365
f 33 1368 1365
f 33 34 1368
f 1365 1368 1367
f 1356 1366 1360
f 1366 1369 1360
f 1366 1367 1369
f 1360 1369 1362
f 150 1363 148
f 1363 1370 148
f 1363 1359 1370
f 148 1370 141
f 1359 1371 1370
f 1371 1372 1370
f 1371 1373 1372
f 1370 1372 141
f 1359 1361 1371
f 1361 1374 1371
f 1361 1362 1374
f 1371 1374 1373
f 141 1372 138
f 1372 1375 138
f 1372 1373 1375
f 138 1375 136
f 269 268 1376
f 268 1377 1376
f 268 265 1377
f 1376 1377 1378
f 265 1379 1377
f 1379 1380 1377
f 1379 1381 1380
f 1377 1380 1378
f 265 266 1379
f 266 1382 1379
f 266 248 1382
f 1379 1382 1381
f 1378 1380 1383
f 1380 1384 1383
f 1380 1381 1384
f 1383 1384 1385
f 248 1386 1382
f 1386 1387 1382
f 1386 1388 1387
f 1382 1387 1381
f 1388 1389 1387
f 1389 1390 1387
f 1389 1391 1390
f 1387 1390 1381
f 1388 1392 1389
f 1392 1393 1389
f 1392 1394 1393
f 1389 1393 1391
f 1381 1390 1384
f 1390 1395 1384
f 1390 1391 1395
f 1384 1395 1385
f 248 259 1386
f 259 1396 1386
f 259 255 1396
f 1386 1396 1388
f 255 1397 1396
f 1397 1398 1396
f 1397 1399 1398
f 1396 1398 1388
f 255 257 1397
f 257 1400 1397
f 257 258 1400
f 1397 1400 1399
f 1388 1398 1392
f 1398 1401 1392
f 1398 1399 1401
f 1392 1401 1394
f 1385 1395 1402
f 1395 1403 1402
f 1395 1391 1403
f 1402 1403 1404
f 1391 1405 1403
f 1405 1406 1403
f 1405 1407 1406
f 1403 1406 1404
f 1391 1393 1405
f 1393 1408 1405
f 1393 1394 1408
f 1405 1408 1407
f 1404 1406 1409
f 1406 1410 1409
f 1406 1407 1410
f 1409 1410 1411
f 1001 1412 1225
f 1412 1413 1225
f 1412 1414 1413
f 1225 1413 1223
f 1414 1415 1413
f 1415 1416 1413
f 1415 1417 1416
f 1413 1416 1223
f 1414 1418 1415
f 1418 1419 1415
f 1418 1420 1419
f 1415 1419 1417
f 1223 1416 1226
f 1416 1421 1226
f 1416 1417 1421
f 1226 1421 1216
f 1420 1422 1419
f 1422 1423 1419
f 1422 1424 1423
f 1419 1423 1417
f 1424 1425 1423
f 1425 1426 1423
f 1425 1427 1426
f 1423 1426 1417
f 1424 1428 1425
f 1428 1429 1425
f 1428 1430 1429
f 1425 1429 1427
f 1417 1426 1421
f 1426 1431 1421
f 1426 1427 1431
f 1421 1431 1216
f 1420 1432 1422
f 1432 1433 1422
f 1432 1434 1433
f 1422 1433 1424
f 1434 1435 1433
f 1435 1436 1433
f 1435 1437 1436
f 1433 1436 1424
f 1434 1438 1435
f 1438 1439 1435
f 1438 1440 1439
f 1435 1439 1437
f 1424 1436 1428
f 1436 1441 1428
f 1436 1437 1441
f 1428 1441 1430
f 1216 1431 1231
f 1431 1442 1231
f 1431 1427 1442
f 1231 1442 1230
f 1427 1443 1442
f 1443 1444 1442
f 1443 1445 1444
f 1442 1444 1230
f 1427 1429 1443
f 1429 1446 1443
f 1429 1430 1446
f 1443 1446 1445
f 1230 1444 1232
f 1444 1447 1232
f 1444 1445 1447
f 1232 1447 1
f 1153 1448 1449
f 1448 1450 1449
f 1448 1451 1450
f 1449 1450 1452
f 1451 1453 1450
f 1453 1454 1450
f 1453 1455 1454
f 1450 1454 1452
f 1451 1456 1453
f 1456 1457 1453
f 1456 1458 1457
f 1453 1457 1455
f 1452 1454 1459
f 1454 1460 1459
f 1454 1455 1460
f 1459 1460 1461
f 1458 1462 1457
f 1462 1463 1457
f 1462 1464 1463
f 1457 1463 1455
f 1464 1465 1463
f 1465 1466 1463
f 1465 1467 1466
f 1463 1466 1455
f 1464 1468 1465
f 1468 1469 1465
f 1468 1470 1469
f 1465 1469 1467
f 1455 1466 1460
f 1466 1471 1460
f 1466 1467 1471
f 1460 1471 1461
f 1458 1472 1462
f 1472 1473 1462
f 1472 1474 1473
f 1462 1473 1464
f 1474 1475 1473
f 1475 1476 1473
f 1475 1477 1476
f 1473 1476 1464
f 1474 1478 1475
f 1478 1479 1475
f 1478 1480 1479
f 1475 1479 1477
f 1464 1476 1468
f 1476 1481 1468
f 1476 1477 1481
f 1468 1481 1470
f 1461 1471 1482
f 1471 1483 1482
f 1471 1467 1483
f 1482 1483 1484
f 1467 1485 1483
f 1485 1486 1483
f 1485 1487 1486
f 1483 1486 1484
f 1467 1469 1485
f 1469 1488 1485
f 1469 1470 1488
f 1485 1488 1487
f 1484 1486 1489
f 1486 1490 1489
f 1486 1487 1490
f 1489 1490 1491
f 447 618 1492
f 618 1493 1492
f 618 616 1493
f 1492 1493 1494
f 616 1495 1493
f 1495 1496 1493
f 1495 1497 1496
f 1493 1496 1494
f 616 617 1495
f 617 1498 1495
f 617 605 1498
f 1495 1498 1497
f 1494 1496 1499
f 1496 1500 1499
f 1496 1497 1500
f 1499 1500 1501
f 605 1502 1498
f 1502 1503 1498
f 1502 1504 1503
f 1498 1503 1497
f 1504 1505 1503
f 1505 1506 1503
f 1505 1507 1506
f 1503 1506 1497
f 1504 1508 1505
f 1508 1509 1505
f 1508 1510 1509
f 1505 1509 1507
f 1497 1506 1500
f 1506 1511 1500
f 1506 1507 1511
f 1500 1511 1501
f 605 612 1502
f 612 1512 1502
f 612 610 1512
f 1502 1512 1504
f 610 1513 1512
f 1513 1514 1512
f 1513 1515 1514
f 1512 1514 1504
f 610 611 1513
f 611 1516 1513
f 611 580 1516
f 1513 1516 1515
f 1504 1514 1508
f 1514 1517 1508
f 1514 1515 1517
f 1508 1517 1510
f 1501 1511 1518
f 1511 1519 1518
f 1511 1507 1519
f 1518 1519 1520
f 1507 1521 1519
f 1521 1522 1519
f 1521 1523 1522
f 1519 1522 1520
f 1507 1509 1521
f 1509 1524 1521
f 1509 1510 1524
f 1521 1524 1523
f 1520 1522 1525
f 1522 1526 1525
f 1522 1523 1526
f 1525 1526 990
f 213 956 687
f 956 1527 687
f 956 954 1527
f 687 1527 685
f 954 1528 1527
f 1528 1529 1527
f 1528 1530 1529
f 1527 1529 685
f 954 955 1528
f 955 1531 1528
f 955 940 1531
f 1528 1531 1530
f 685 1529 688
f 1529 1532 688
f 1529 1530 1532
f 688 1532 678
f 940 1533 1531
f 1533 1534 1531
f 1533 1535 1534
f 1531 1534 1530
f 1535 1536 1534
f 1536 1537 1534
f 1536 1538 1537
f 1534 1537 1530
f 1535 1539 1536
f 1539 1540 1536
f 1539 740 1540
f 1536 1540 1538
f 1530 1537 1532
f 1537 1541 1532
f 1537 1538 1541
f 1532 1541 678
f 940 950 1533
f 950 1542 1533
f 950 947 1542
f 1533 1542 1535
f 947 1543 1542
f 1543 1544 1542
f 1543 731 1544
f 1542 1544 1535
f 947 949 1543
f 949 728 1543
f 949 726 728
f 1543 728 731
f 1535 1544 1539
f 1544 738 1539
f 1544 731 738
f 1539 738 740
f 678 1541 695
f 1541 1545 695
f 1541 1538 1545
f 695 1545 694
f 1538 1546 1545
f 1546 1547 1545
f 1546 758 1547
f 1545 1547 694
f 1538 1540 1546
f 1540 756 1546
f 1540 740 756
f 1546 756 758
f 694 1547 697
f 1547 761 697
f 1547 758 761
f 697 761 547
f 806 1548 807
f 1548 1549 807
f 1548 1550 1549
f 807 1549 810
f 1550 1551 1549
f 1551 1552 1549
f 1551 1553 1552
f 1549 1552 810
f 1550 1554 1551
f 1554 1555 1551
f 1554 1556 1555
f 1551 1555 1553
f 810 1552 815
f 1552 1557 815
f 1552 1553 1557
f 815 1557 817
f 1556 1558 1555
f 1558 1559 1555
f 1558 1560 1559
f 1555 1559 1553
f 1560 1561 1559
f 1561 1562 1559
f 1561 1563 1562
f 1559 1562 1553
f 1560 1564 1561
f 1564 1565 1561
f 1564 669 1565
f 1561 1565 1563
f 1553 1562 1557
f 1562 1566 1557
f 1562 1563 1566
f 1557 1566 817
f 1556 1567 1558
f 1567 1568 1558
f 1567 1569 1568
f 1558 1568 1560
f 1569 1570 1568
f 1570 1571 1568
f 1570 660 1571
f 1568 1571 1560
f 1569 1572 1570
f 1572 657 1570
f 1572 655 657
f 1570 657 660
f 1560 1571 1564
f 1571 667 1564
f 1571 660 667
f 1564 667 669
f 817 1566 830
f 1566 1573 830
f 1566 1563 1573
f 830 1573 832
f 1563 1574 1573
f 1574 1575 1573
f 1574 691 1575
f 1573 1575 832
f 1563 1565 1574
f 1565 689 1574
f 1565 669 689
f 1574 689 691
f 832 1575 835
f 1575 696 835
f 1575 691 696
f 835 696 547
f 1576 1577 1578
f 1577 1579 1578
f 1577 1580 1579
f 1578 1579 1581
f 1580 1582 1579
f 1582 1583 1579
f 1582 1584 1583
f 1579 1583 1581
f 1580 1585 1582
f 1585 1586 1582
f 1585 1587 1586
f 1582 1586 1584
f 1581 1583 1588
f 1583 1589 1588
f 1583 1584 1589
f 1588 1589 1590
f 1587 1591 1586
f 1591 1592 1586
f 1591 1593 1592
f 1586 1592 1584
f 1593 1594 1592
f 1594 1595 1592
f 1594 1596 1595
f 1592 1595 1584
f 1593 1597 1594
f 1597 1598 1594
f 1597 1599 1598
f 1594 1598 1596
f 1584 1595 1589
f 1595 1600 1589
f 1595 1596 1600
f 1589 1600 1590
f 1587 1601 1591
f 1601 1602 1591
f 1601 1603 1602
f 1591 1602 1593
f 1603 1604 1602
f 1604 1605 1602
f 1604 1606 1605
f 1602 1605 1593
f 1603 1607 1604
f 1607 1608 1604
f 1607 1609 1608
f 1604 1608 1606
f 1593 1605 1597
f 1605 1610 1597
f 1605 1606 1610
f 1597 1610 1599
f 1590 1600 1611
f 1600 1612 1611
f 1600 1596 1612
f 1611 1612 1613
f 1596 1614 1612
f 1614 1615 1612
f 1614 1616 1615
f 1612 1615 1613
f 1596 1598 1614
f 1598 1617 1614
f 1598 1599 1617
f 1614 1617 1616
f 1613 1615 1618
f 1615 1619 1618
f 1615 1616 1619
f 1618 1619 990
f 1197 1620 1195
f 1620 1621 1195
f 1620 1622 1621
f 1195 1621 1190
f 1622 1623 1621
f 1623 1624 1621
f 1623 1625 1624
f 1621 1624 1190
f 1622 1626 1623
f 1626 1627 1623
f 1626 1628 1627
f 1623 1627 1625
f 1190 1624 1188
f 1624 1629 1188
f 1624 1625 1629
f 1188 1629 1167
f 1628 1630 1627
f 1630 1631 1627
f 1630 1632 1631
f 1627 1631 1625
f 1632 1633 1631
f 1633 1634 1631
f 1633 1635 1634
f 1631 1634 1625
f 1632 1636 1633
f 1636 1637 1633
f 1636 1458 1637
f 1633 1637 1635
f 1625 1634 1629
f 1634 1638 1629
f 1634 1635 1638
f 1629 1638 1167
f 1628 1639 1630
f 1639 1640 1630
f 1639 1641 1640
f 1630 1640 1632
f 1641 1642 1640
f 1642 1643 1640
f 1642 1474 1643
f 1640 1643 1632
f 1641 1644 1642
f 1644 1478 1642
f 1644 1480 1478
f 1642 1478 1474
f 1632 1643 1636
f 1643 1472 1636
f 1643 1474 1472
f 1636 1472 1458
f 1167 1638 1165
f 1638 1645 1165
f 1638 1635 1645
f 1165 1645 1158
f 1635 1646 1645
f 1646 1647 1645
f 1646 1451 1647
f 1645 1647 1158
f 1635 1637 1646
f 1637 1456 1646
f 1637 1458 1456
f 1646 1456 1451
f 1158 1647 1155
f 1647 1448 1155
f 1647 1451 1448
f 1155 1448 1153
f 303 1648 302
f 1648 1649 302
f 1648 1650 1649
f 302 1649 300
f 1650 1651 1649
f 1651 1652 1649
f 1651 1653 1652
f 1649 1652 300
f 1650 1654 1651
f 1654 1655 1651
f 1654 1656 1655
f 1651 1655 1653
f 300 1652 304
f 1652 1657 304
f 1652 1653 1657
f 304 1657 293
f 1656 1658 1655
f 1658 1659 1655
f 1658 1660 1659
f 1655 1659 1653
f 1660 1661 1659
f 1661 1662 1659
f 1661 1663 1662
f 1659 1662 1653
f 1660 1664 1661
f 1664 1665 1661
f 1664 1666 1665
f 1661 1665 1663
f 1653 1662 1657
f 1662 1667 1657
f 1662 1663 1667
f 1657 1667 293
f 1656 1668 1658
f 1668 1669 1658
f 1668 1670 1669
f 1658 1669 1660
f 1670 1671 1669
f 1671 1672 1669
f 1671 1673 1672
f 1669 1672 1660
f 1670 1674 1671
f 1674 1675 1671
f 1674 1676 1675
f 1671 1675 1673
f 1660 1672 1664
f 1672 1677 1664
f 1672 1673 1677
f 1664 1677 1666
f 293 1667 311
f 1667 1678 311
f 1667 1663 1678
f 311 1678 310
f 1663 1679 1678
f 1679 1680 1678
f 1679 1681 1680
f 1678 1680 310
f 1663 1665 1679
f 1665 1682 1679
f 1665 1666 1682
f 1679 1682 1681
f 310 1680 313
f 1680 1683 313
f 1680 1681 1683
f 313 1683 314
f 957 1684 958
f 1684 1685 958
f 1684 1686 1685
f 958 1685 961
f 1686 1687 1685
f 1687 1688 1685
f 1687 1689 1688
f 1685 1688 961
f 1686 1690 1687
f 1690 1691 1687
f 1690 1692 1691
f 1687 1691 1689
f 961 1688 966
f 1688 1693 966
f 1688 1689 1693
f 966 1693 968
f 1692 1694 1691
f 1694 1695 1691
f 1694 1696 1695
f 1691 1695 1689
f 1696 1697 1695
f 1697 1698 1695
f 1697 1699 1698
f 1695 1698 1689
f 1696 1700 1697
f 1700 1701 1697
f 1700 1501 1701
f 1697 1701 1699
f 1689 1698 1693
f 1698 1702 1693
f 1698 1699 1702
f 1693 1702 968
f 1692 1703 1694
f 1703 1704 1694
f 1703 1705 1704
f 1694 1704 1696
f 1705 1706 1704
f 1706 1707 1704
f 1706 1494 1707
f 1704 1707 1696
f 1705 1708 1706
f 1708 1492 1706
f 1708 447 1492
f 1706 1492 1494
f 1696 1707 1700
f 1707 1499 1700
f 1707 1494 1499
f 1700 1499 1501
f 968 1702 982
f 1702 1709 982
f 1702 1699 1709
f 982 1709 984
f 1699 1710 1709
f 1710 1711 1709
f 1710 1520 1711
f 1709 1711 984
f 1699 1701 1710
f 1701 1518 1710
f 1701 1501 1518
f 1710 1518 1520
f 984 1711 988
f 1711 1525 988
f 1711 1520 1525
f 988 1525 990
f 1440 1712 1439
f 1712 1713 1439
f 1712 1714 1713
f 1439 1713 1437
f 1714 1715 1713
f 1715 1716 1713
f 1715 1717 1716
f 1713 1716 1437
f 1714 1718 1715
f 1718 1719 1715
f 1718 1720 1719
f 1715 1719 1717
f 1437 1716 1441
f 1716 1721 1441
f 1716 1717 1721
f 1441 1721 1430
f 1720 1722 1719
f 1722 1723 1719
f 1722 1724 1723
f 1719 1723 1717
f 1724 1725 1723
f 1725 1726 1723
f 1725 1727 1726
f 1723 1726 1717
f 1724 1728 1725
f 1728 1729 1725
f 1728 12 1729
f 1725 1729 1727
f 1717 1726 1721
f 1726 1730 1721
f 1726 1727 1730
f 1721 1730 1430
f 1720 1731 1722
f 1731 1732 1722
f 1731 1733 1732
f 1722 1732 1724
f 1733 1734 1732
f 1734 1735 1732
f 1734 28 1735
f 1732 1735 1724
f 1733 1736 1734
f 1736 32 1734
f 1736 34 32
f 1734 32 28
f 1724 1735 1728
f 1735 26 1728
f 1735 28 26
f 1728 26 12
f 1430 1730 1446
f 1730 1737 1446
f 1730 1727 1737
f 1446 1737 1445
f 1727 1738 1737
f 1738 1739 1737
f 1738 5 1739
f 1737 1739 1445
f 1727 1729 1738
f 1729 10 1738
f 1729 12 10
f 1738 10 5
f 1445 1739 1447
f 1739 2 1447
f 1739 5 2
f 1447 2 1
f 1740 1741 1742
f 1741 1743 1742
f 1741 1744 1743
f 1742 1743 1745
f 1744 1746 1743
f 1746 1747 1743
f 1746 1748 1747
f 1743 1747 1745
f 1744 1749 1746
f 1749 1750 1746
f 1749 1751 1750
f 1746 1750 1748
f 1745 1747 1752
f 1747 1753 1752
f 1747 1748 1753
f 1752 1753 1754
f 1751 1755 1750
f 1755 1756 1750
f 1755 1757 1756
f 1750 1756 1748
f 1757 1758 1756
f 1758 1759 1756
f 1758 1760 1759
f 1756 1759 1748
f 1757 1761 1758
f 1761 1762 1758
f 1761 1763 1762
f 1758 1762 1760
f 1748 1759 1753
f 1759 1764 1753
f 1759 1760 1764
f 1753 1764 1754
f 1751 1765 1755
f 1765 1766 1755
f 1765 1767 1766
f 1755 1766 1757
f 1767 1768 1766
f 1768 1769 1766
f 1768 1770 1769
f 1766 1769 1757
f 1767 1771 1768
f 1771 1772 1768
f 1771 1773 1772
f 1768 1772 1770
f 1757 1769 1761
f 1769 1774 1761
f 1769 1770 1774
f 1761 1774 1763
f 1754 1764 1775
f 1764 1776 1775
f 1764 1760 1776
f 1775 1776 1777
f 1760 1778 1776
f 1778 1779 1776
f 1778 1780 1779
f 1776 1779 1777
f 1760 1762 1778
f 1762 1781 1778
f 1762 1763 1781
f 1778 1781 1780
f 1777 1779 1782
f 1779 1783 1782
f 1779 1780 1783
f 1782 1783 1784
f 1785 1786 1787
f 1786 1788 1787
f 1786 1789 1788
f 1787 1788 1790
f 1789 1791 1788
f 1791 1792 1788
f 1791 1793 1792
f 1788 1792 1790
f 1789 1794 1791
f 1794 1795 1791
f 1794 1796 1795
f 1791 1795 1793
f 1790 1792 1797
f 1792 1798 1797
f 1792 1793 1798
f 1797 1798 1799
f 1796 1800 1795
f 1800 1801 1795
f 1800 1802 1801
f 1795 1801 1793
f 1802 1803 1801
f 1803 1804 1801
f 1803 1805 1804
f 1801 1804 1793
f 1802 1806 1803
f 1806 1807 1803
f 1806 895 1807
f 1803 1807 1805
f 1793 1804 1798
f 1804 1808 1798
f 1804 1805 1808
f 1798 1808 1799
f 1796 1809 1800
f 1809 1810 1800
f 1809 1811 1810
f 1800 1810 1802
f 1811 1812 1810
f 1812 1813 1810
f 1812 888 1813
f 1810 1813 1802
f 1811 1814 1812
f 1814 886 1812
f 1814 403 886
f 1812 886 888
f 1802 1813 1806
f 1813 893 1806
f 1813 888 893
f 1806 893 895
f 1799 1808 1815
f 1808 1816 1815
f 1808 1805 1816
f 1815 1816 1817
f 1805 1818 1816
f 1818 1819 1816
f 1818 914 1819
f 1816 1819 1817
f 1805 1807 1818
f 1807 912 1818
f 1807 895 912
f 1818 912 914
f 1817 1819 1820
f 1819 919 1820
f 1819 914 919
f 1820 919 921
f 885 1821 1822
f 1821 1823 1822
f 1821 1824 1823
f 1822 1823 1825
f 1824 1826 1823
f 1826 1827 1823
f 1826 1828 1827
f 1823 1827 1825
f 1824 1829 1826
f 1829 1830 1826
f 1829 1831 1830
f 1826 1830 1828
f 1825 1827 1832
f 1827 1833 1832
f 1827 1828 1833
f 1832 1833 1834
f 1831 1835 1830
f 1835 1836 1830
f 1835 1837 1836
f 1830 1836 1828
f 1837 1838 1836
f 1838 1839 1836
f 1838 1840 1839
f 1836 1839 1828
f 1837 1841 1838
f 1841 1842 1838
f 1841 820 1842
f 1838 1842 1840
f 1828 1839 1833
f 1839 1843 1833
f 1839 1840 1843
f 1833 1843 1834
f 1831 1844 1835
f 1844 1845 1835
f 1844 1846 1845
f 1835 1845 1837
f 1846 1847 1845
f 1847 1848 1845
f 1847 811 1848
f 1845 1848 1837
f 1846 1849 1847
f 1849 808 1847
f 1849 806 808
f 1847 808 811
f 1837 1848 1841
f 1848 818 1841
f 1848 811 818
f 1841 818 820
f 1834 1843 1850
f 1843 1851 1850
f 1843 1840 1851
f 1850 1851 1852
f 1840 1853 1851
f 1853 1854 1851
f 1853 838 1854
f 1851 1854 1852
f 1840 1842 1853
f 1842 836 1853
f 1842 820 836
f 1853 836 838
f 1852 1854 1855
f 1854 841 1855
f 1854 838 841
f 1855 841 436
f 1046 1856 1044
f 1856 1857 1044
f 1856 1858 1857
f 1044 1857 1039
f 1858 1859 1857
f 1859 1860 1857
f 1859 1861 1860
f 1857 1860 1039
f 1858 1862 1859
f 1862 1863 1859
f 1862 1864 1863
f 1859 1863 1861
f 1039 1860 1037
f 1860 1865 1037
f 1860 1861 1865
f 1037 1865 1016
f 1864 1866 1863
f 1866 1867 1863
f 1866 1868 1867
f 1863 1867 1861
f 1868 1869 1867
f 1869 1870 1867
f 1869 1871 1870
f 1867 1870 1861
f 1868 1872 1869
f 1872 1873 1869
f 1872 1874 1873
f 1869 1873 1871
f 1861 1870 1865
f 1870 1875 1865
f 1870 1871 1875
f 1865 1875 1016
f 1864 1876 1866
f 1876 1877 1866
f 1876 1878 1877
f 1866 1877 1868
f 1878 1879 1877
f 1879 1880 1877
f 1879 1881 1880
f 1877 1880 1868
f 1878 1882 1879
f 1882 1883 1879
f 1882 1884 1883
f 1879 1883 1881
f 1868 1880 1872
f 1880 1885 1872
f 1880 1881 1885
f 1872 1885 1874
f 1016 1875 1014
f 1875 1886 1014
f 1875 1871 1886
f 1014 1886 1007
f 1871 1887 1886
f 1887 1888 1886
f 1887 1889 1888
f 1886 1888 1007
f 1871 1873 1887
f 1873 1890 1887
f 1873 1874 1890
f 1887 1890 1889
f 1007 1888 1004
f 1888 1891 1004
f 1888 1889 1891
f 1004 1891 1002
f 1892 1893 1894
f 1893 1895 1894
f 1893 1896 1895
f 1894 1895 1897
f 1896 1898 1895
f 1898 1899 1895
f 1898 1900 1899
f 1895 1899 1897
f 1896 1901 1898
f 1901 1902 1898
f 1901 1903 1902
f 1898 1902 1900
f 1897 1899 1904
f 1899 1905 1904
f 1899 1900 1905
f 1904 1905 1906
f 1903 1907 1902
f 1907 1908 1902
f 1907 1909 1908
f 1902 1908 1900
f 1909 1910 1908
f 1910 1911 1908
f 1910 1912 1911
f 1908 1911 1900
f 1909 1913 1910
f 1913 1914 1910
f 1913 1915 1914
f 1910 1914 1912
f 1900 1911 1905
f 1911 1916 1905
f 1911 1912 1916
f 1905 1916 1906
f 1903 1917 1907
f 1917 1918 1907
f 1917 1919 1918
f 1907 1918 1909
f 1919 1920 1918
f 1920 1921 1918
f 1920 1922 1921
f 1918 1921 1909
f 1919 1923 1920
f 1923 1924 1920
f 1923 1925 1924
f 1920 1924 1922
f 1909 1921 1913
f 1921 1926 1913
f 1921 1922 1926
f 1913 1926 1915
f 1906 1916 1927
f 1916 1928 1927
f 1916 1912 1928
f 1927 1928 1929
f 1912 1930 1928
f 1930 1931 1928
f 1930 1932 1931
f 1928 1931 1929
f 1912 1914 1930
f 1914 1933 1930
f 1914 1915 1933
f 1930 1933 1932
f 1929 1931 1934
f 1931 1935 1934
f 1931 1932 1935
f 1934 1935 1936
f 135 805 1937
f 805 1938 1937
f 805 802 1938
f 1937 1938 1939
f 802 1940 1938
f 1940 1941 1938
f 1940 1942 1941
f 1938 1941 1939
f 802 803 1940
f 803 1943 1940
f 803 785 1943
f 1940 1943 1942
f 1939 1941 1944
f 1941 1945 1944
f 1941 1942 1945
f 1944 1945 1946
f 785 1947 1943
f 1947 1948 1943
f 1947 1949 1948
f 1943 1948 1942
f 1949 1950 1948
f 1950 1951 1948
f 1950 1952 1951
f 1948 1951 1942
f 1949 1953 1950
f 1953 1954 1950
f 1953 1955 1954
f 1950 1954 1952
f 1942 1951 1945
f 1951 1956 1945
f 1951 1952 1956
f 1945 1956 1946
f 785 796 1947
f 796 1957 1947
f 796 792 1957
f 1947 1957 1949
f 792 1958 1957
f 1958 1959 1957
f 1958 1960 1959
f 1957 1959 1949
f 792 794 1958
f 794 1961 1958
f 794 795 1961
f 1958 1961 1960
f 1949 1959 1953
f 1959 1962 1953
f 1959 1960 1962
f 1953 1962 1955
f 1946 1956 1963
f 1956 1964 1963
f 1956 1952 1964
f 1963 1964 1965
f 1952 1966 1964
f 1966 1967 1964
f 1966 1968 1967
f 1964 1967 1965
f 1952 1954 1966
f 1954 1969 1966
f 1954 1955 1969
f 1966 1969 1968
f 1965 1967 1970
f 1967 1971 1970
f 1967 1968 1971
f 1970 1971 1972
f 1972 1973 1974
f 1973 1975 1974
f 1973 1976 1975
f 1974 1975 1977
f 1976 1978 1975
f 1978 1979 1975
f 1978 1980 1979
f 1975 1979 1977
f 1976 1981 1978
f 1981 1982 1978
f 1981 1983 1982
f 1978 1982 1980
f 1977 1979 1984
f 1979 1985 1984
f 1979 1980 1985
f 1984 1985 1986
f 1983 1987 1982
f 1987 1988 1982
f 1987 1989 1988
f 1982 1988 1980
f 1989 1990 1988
f 1990 1991 1988
f 1990 1992 1991
f 1988 1991 1980
f 1989 1993 1990
f 1993 1994 1990
f 1993 1995 1994
f 1990 1994 1992
f 1980 1991 1985
f 1991 1996 1985
f 1991 1992 1996
f 1985 1996 1986
f 1983 1997 1987
f 1997 1998 1987
f 1997 1999 1998
f 1987 1998 1989
f 1999 2000 1998
f 2000 2001 1998
f 2000 2002 2001
f 1998 2001 1989
f 1999 2003 2000
f 2003 2004 2000
f 2003 46 2004
f 2000 2004 2002
f 1989 2001 1993
f 2001 2005 1993
f 2001 2002 2005
f 1993 2005 1995
f 1986 1996 2006
f 1996 2007 2006
f 1996 1992 2007
f 2006 2007 2008
f 1992 2009 2007
f 2009 2010 2007
f 2009 2011 2010
f 2007 2010 2008
f 1992 1994 2009
f 1994 2012 2009
f 1994 1995 2012
f 2009 2012 2011
f 2008 2010 2013
f 2010 2014 2013
f 2010 2011 2014
f 2013 2014 2015
f 1491 2016 1489
f 2016 2017 1489
f 2016 2018 2017
f 1489 2017 1484
f 2018 2019 2017
f 2019 2020 2017
f 2019 2021 2020
f 2017 2020 1484
f 2018 2022 2019
f 2022 2023 2019
f 2022 2024 2023
f 2019 2023 2021
f 1484 2020 1482
f 2020 2025 1482
f 2020 2021 2025
f 1482 2025 1461
f 2024 2026 2023
f 2026 2027 2023
f 2026 2028 2027
f 2023 2027 2021
f 2028 2029 2027
f 2029 2030 2027
f 2029 2031 2030
f 2027 2030 2021
f 2028 2032 2029
f 2032 2033 2029
f 2032 2034 2033
f 2029 2033 2031
f 2021 2030 2025
f 2030 2035 2025
f 2030 2031 2035
f 2025 2035 1461
f 2024 2036 2026
f 2036 2037 2026
f 2036 2038 2037
f 2026 2037 2028
f 2038 2039 2037
f 2039 2040 2037
f 2039 2041 2040
f 2037 2040 2028
f 2038 2042 2039
f 2042 2043 2039
f 2042 2044 2043
f 2039 2043 2041
f 2028 2040 2032
f 2040 2045 2032
f 2040 2041 2045
f 2032 2045 2034
f 1461 2035 1459
f 2035 2046 1459
f 2035 2031 2046
f 1459 2046 1452
f 2031 2047 2046
f 2047 2048 2046
f 2047 2049 2048
f 2046 2048 1452
f 2031 2033 2047
f 2033 2050 2047
f 2033 2034 2050
f 2047 2050 2049
f 1452 2048 1449
f 2048 2051 1449
f 2048 2049 2051
f 1449 2051 1153
f 1936 1935 2052
f 1935 2053 2052
f 1935 1932 2053
f 2052 2053 2054
f 1932 2055 2053
f 2055 2056 2053
f 2055 2057 2056
f 2053 2056 2054
f 1932 1933 2055
f 1933 2058 2055
f 1933 1915 2058
f 2055 2058 2057
f 2054 2056 2059
f 2056 2060 2059
f 2056 2057 2060
f 2059 2060 2061
f 1915 2062 2058
f 2062 2063 2058
f 2062 2064 2063
f 2058 2063 2057
f 2064 2065 2063
f 2065 2066 2063
f 2065 2067 2066
f 2063 2066 2057
f 2064 2068 2065
f 2068 2069 2065
f 2068 2070 2069
f 2065 2069 2067
f 2057 2066 2060
f 2066 2071 2060
f 2066 2067 2071
f 2060 2071 2061
f 1915 1926 2062
f 1926 2072 2062
f 1926 1922 2072
f 2062 2072 2064
f 1922 2073 2072
f 2073 2074 2072
f 2073 2075 2074
f 2072 2074 2064
f 1922 1924 2073
f 1924 2076 2073
f 1924 1925 2076
f 2073 2076 2075
f 2064 2074 2068
f 2074 2077 2068
f 2074 2075 2077
f 2068 2077 2070
f 2061 2071 2078
f 2071 2079 2078
f 2071 2067 2079
f 2078 2079 2080
f 2067 2081 2079
f 2081 2082 2079
f 2081 2083 2082
f 2079 2082 2080
f 2067 2069 2081
f 2069 2084 2081
f 2069 2070 2084
f 2081 2084 2083
f 2080 2082 2085
f 2082 2086 2085
f 2082 2083 2086
f 2085 2086 2087
f 403 1119 404
f 1119 2088 404
f 1119 1122 2088
f 404 2088 407
f 1122 2089 2088
f 2089 2090 2088
f 2089 2091 2090
f 2088 2090 407
f 1122 1129 2089
f 1129 2092 2089
f 1129 1131 2092
f 2089 2092 2091
f 407 2090 412
f 2090 2093 412
f 2090 2091 2093
f 412 2093 414
f 1131 2094 2092
f 2094 2095 2092
f 2094 2096 2095
f 2092 2095 2091
f 2096 2097 2095
f 2097 2098 2095
f 2097 2099 2098
f 2095 2098 2091
f 2096 2100 2097
f 2100 2101 2097
f 2100 1834 2101
f 2097 2101 2099
f 2091 2098 2093
f 2098 2102 2093
f 2098 2099 2102
f 2093 2102 414
f 1131 1147 2094
f 1147 2103 2094
f 1147 1149 2103
f 2094 2103 2096
f 1149 2104 2103
f 2104 2105 2103
f 2104 1825 2105
f 2103 2105 2096
f 1149 1152 2104
f 1152 1822 2104
f 1152 885 1822
f 2104 1822 1825
f 2096 2105 2100
f 2105 1832 2100
f 2105 1825 1832
f 2100 1832 1834
f 414 2102 428
f 2102 2106 428
f 2102 2099 2106
f 428 2106 430
f 2099 2107 2106
f 2107 2108 2106
f 2107 1852 2108
f 2106 2108 430
f 2099 2101 2107
f 2101 1850 2107
f 2101 1834 1850
f 2107 1850 1852
f 430 2108 434
f 2108 1855 434
f 2108 1852 1855
f 434 1855 436
f 90 89 874
f 89 2109 874
f 89 86 2109
f 874 2109 872
f 86 2110 2109
f 2110 2111 2109
f 2110 2112 2111
f 2109 2111 872
f 86 87 2110
f 87 2113 2110
f 87 69 2113
f 2110 2113 2112
f 872 2111 875
f 2111 2114 875
f 2111 2112 2114
f 875 2114 865
f 69 2115 2113
f 2115 2116 2113
f 2115 2117 2116
f 2113 2116 2112
f 2117 2118 2116
f 2118 2119 2116
f 2118 2120 2119
f 2116 2119 2112
f 2117 2121 2118
f 2121 2122 2118
f 2121 2123 2122
f 2118 2122 2120
f 2112 2119 2114
f 2119 2124 2114
f 2119 2120 2124
f 2114 2124 865
f 69 80 2115
f 80 2125 2115
f 80 76 2125
f 2115 2125 2117
f 76 2126 2125
f 2126 2127 2125
f 2126 2128 2127
f 2125 2127 2117
f 76 78 2126
f 78 2129 2126
f 78 79 2129
f 2126 2129 2128
f 2117 2127 2121
f 2127 2130 2121
f 2127 2128 2130
f 2121 2130 2123
f 865 2124 882
f 2124 2131 882
f 2124 2120 2131
f 882 2131 881
f 2120 2132 2131
f 2132 2133 2131
f 2132 2134 2133
f 2131 2133 881
f 2120 2122 2132
f 2122 2135 2132
f 2122 2123 2135
f 2132 2135 2134
f 881 2133 884
f 2133 2136 884
f 2133 2134 2136
f 884 2136 885
f 990 2137 989
f 2137 2138 989
f 2137 2139 2138
f 989 2138 987
f 2139 2140 2138
f 2140 2141 2138
f 2140 2142 2141
f 2138 2141 987
f 2139 2143 2140
f 2143 2144 2140
f 2143 2145 2144
f 2140 2144 2142
f 987 2141 991
f 2141 2146 991
f 2141 2142 2146
f 991 2146 980
f 2145 2147 2144
f 2147 2148 2144
f 2147 2149 2148
f 2144 2148 2142
f 2149 2150 2148
f 2150 2151 2148
f 2150 2152 2151
f 2148 2151 2142
f 2149 2153 2150
f 2153 2154 2150
f 2153 1420 2154
f 2150 2154 2152
f 2142 2151 2146
f 2151 2155 2146
f 2151 2152 2155
f 2146 2155 980
f 2145 2156 2147
f 2156 2157 2147
f 2156 2158 2157
f 2147 2157 2149
f 2158 2159 2157
f 2159 2160 2157
f 2159 1434 2160
f 2157 2160 2149
f 2158 2161 2159
f 2161 1438 2159
f 2161 1440 1438
f 2159 1438 1434
f 2149 2160 2153
f 2160 1432 2153
f 2160 1434 1432
f 2153 1432 1420
f 980 2155 998
f 2155 2162 998
f 2155 2152 2162
f 998 2162 997
f 2152 2163 2162
f 2163 2164 2162
f 2163 1414 2164
f 2162 2164 997
f 2152 2154 2163
f 2154 1418 2163
f 2154 1420 1418
f 2163 1418 1414
f 997 2164 1000
f 2164 1412 1000
f 2164 1414 1412
f 1000 1412 1001
f 1785 2165 1786
f 2165 2166 1786
f 2165 2167 2166
f 1786 2166 1789
f 2167 2168 2166
f 2168 2169 2166
f 2168 2170 2169
f 2166 2169 1789
f 2167 2171 2168
f 2171 2172 2168
f 2171 2173 2172
f 2168 2172 2170
f 1789 2169 1794
f 2169 2174 1794
f 2169 2170 2174
f 1794 2174 1796
f 2173 2175 2172
f 2175 2176 2172
f 2175 2177 2176
f 2172 2176 2170
f 2177 2178 2176
f 2178 2179 2176
f 2178 2180 2179
f 2176 2179 2170
f 2177 2181 2178
f 2181 2182 2178
f 2181 1128 2182
f 2178 2182 2180
f 2170 2179 2174
f 2179 2183 2174
f 2179 2180 2183
f 2174 2183 1796
f 2173 2184 2175
f 2184 2185 2175
f 2184 2186 2185
f 2175 2185 2177
f 2186 2187 2185
f 2187 2188 2185
f 2187 1143 2188
f 2185 2188 2177
f 2186 2189 2187
f 2189 1146 2187
f 2189 842 1146
f 2187 1146 1143
f 2177 2188 2181
f 2188 1141 2181
f 2188 1143 1141
f 2181 1141 1128
f 1796 2183 1809
f 2183 2190 1809
f 2183 2180 2190
f 1809 2190 1811
f 2180 2191 2190
f 2191 2192 2190
f 2191 1121 2192
f 2190 2192 1811
f 2180 2182 2191
f 2182 1126 2191
f 2182 1128 1126
f 2191 1126 1121
f 1811 2192 1814
f 2192 1118 1814
f 2192 1121 1118
f 1814 1118 403
f 1784 2193 1782
f 2193 2194 1782
f 2193 2195 2194
f 1782 2194 1777
f 2195 2196 2194
f 2196 2197 2194
f 2196 2198 2197
f 2194 2197 1777
f 2195 2199 2196
f 2199 2200 2196
f 2199 2201 2200
f 2196 2200 2198
f 1777 2197 1775
f 2197 2202 1775
f 2197 2198 2202
f 1775 2202 1754
f 2201 2203 2200
f 2203 2204 2200
f 2203 2205 2204
f 2200 2204 2198
f 2205 2206 2204
f 2206 2207 2204
f 2206 2208 2207
f 2204 2207 2198
f 2205 2209 2206
f 2209 2210 2206
f 2209 2211 2210
f 2206 2210 2208
f 2198 2207 2202
f 2207 2212 2202
f 2207 2208 2212
f 2202 2212 1754
f 2201 2213 2203
f 2213 2214 2203
f 2213 2215 2214
f 2203 2214 2205
f 2215 2216 2214
f 2216 2217 2214
f 2216 2218 2217
f 2214 2217 2205
f 2215 2219 2216
f 2219 2220 2216
f 2219 2221 2220
f 2216 2220 2218
f 2205 2217 2209
f 2217 2222 2209
f 2217 2218 2222
f 2209 2222 2211
f 1754 2212 1752
f 2212 2223 1752
f 2212 2208 2223
f 1752 2223 1745
f 2208 2224 2223
f 2224 2225 2223
f 2224 2226 2225
f 2223 2225 1745
f 2208 2210 2224
f 2210 2227 2224
f 2210 2211 2227
f 2224 2227 2226
f 1745 2225 1742
f 2225 2228 1742
f 2225 2226 2228
f 1742 2228 1740
f 1110 2229 2230
f 2229 2231 2230
f 2229 2232 2231
f 2230 2231 2233
f 2232 2234 2231
f 2234 2235 2231
f 2234 2236 2235
f 2231 2235 2233
f 2232 2237 2234
f 2237 2238 2234
f 2237 2239 2238
f 2234 2238 2236
f 2233 2235 2240
f 2235 2241 2240
f 2235 2236 2241
f 2240 2241 2242
f 2239 2243 2238
f 2243 2244 2238
f 2243 2245 2244
f 2238 2244 2236
f 2245 2246 2244
f 2246 2247 2244
f 2246 2248 2247
f 2244 2247 2236
f 2245 2249 2246
f 2249 2250 2246
f 2249 2251 2250
f 2246 2250 2248
f 2236 2247 2241
f 2247 2252 2241
f 2247 2248 2252
f 2241 2252 2242
f 2239 2253 2243
f 2253 2254 2243
f 2253 2255 2254
f 2243 2254 2245
f 2255 2256 2254
f 2256 2257 2254
f 2256 2258 2257
f 2254 2257 2245
f 2255 2259 2256
f 2259 2260 2256
f 2259 169 2260
f 2256 2260 2258
f 2245 2257 2249
f 2257 2261 2249
f 2257 2258 2261
f 2249 2261 2251
f 2242 2252 2262
f 2252 2263 2262
f 2252 2248 2263
f 2262 2263 2264
f 2248 2265 2263
f 2265 2266 2263
f 2265 2267 2266
f 2263 2266 2264
f 2248 2250 2265
f 2250 2268 2265
f 2250 2251 2268
f 2265 2268 2267
f 2264 2266 2269
f 2266 2270 2269
f 2266 2267 2270
f 2269 2270 1609
f 1411 1410 2271
f 1410 2272 2271
f 1410 1407 2272
f 2271 2272 2273
f 1407 2274 2272
f 2274 2275 2272
f 2274 2276 2275
f 2272 2275 2273
f 1407 1408 2274
f 1408 2277 2274
f 1408 1394 2277
f 2274 2277 2276
f 2273 2275 2278
f 2275 2279 2278
f 2275 2276 2279
f 2278 2279 2280
f 1394 2281 2277
f 2281 2282 2277
f 2281 2283 2282
f 2277 2282 2276
f 2283 2284 2282
f 2284 2285 2282
f 2284 2286 2285
f 2282 2285 2276
f 2283 2287 2284
f 2287 2288 2284
f 2287 2289 2288
f 2284 2288 2286
f 2276 2285 2279
f 2285 2290 2279
f 2285 2286 2290
f 2279 2290 2280
f 1394 1401 2281
f 1401 2291 2281
f 1401 1399 2291
f 2281 2291 2283
f 1399 2292 2291
f 2292 2293 2291
f 2292 2294 2293
f 2291 2293 2283
f 1399 1400 2292
f 1400 2295 2292
f 1400 258 2295
f 2292 2295 2294
f 2283 2293 2287
f 2293 2296 2287
f 2293 2294 2296
f 2287 2296 2289
f 2280 2290 2297
f 2290 2298 2297
f 2290 2286 2298
f 2297 2298 2299
f 2286 2300 2298
f 2300 2301 2298
f 2300 2302 2301
f 2298 2301 2299
f 2286 2288 2300
f 2288 2303 2300
f 2288 2289 2303
f 2300 2303 2302
f 2299 2301 2304
f 2301 2305 2304
f 2301 2302 2305
f 2304 2305 2306
f 2307 2308 2309
f 2308 2310 2309
f 2308 2311 2310
f 2309 2310 2312
f 2311 2313 2310
f 2313 2314 2310
f 2313 2315 2314
f 2310 2314 2312
f 2311 2316 2313
f 2316 2317 2313
f 2316 2318 2317
f 2313 2317 2315
f 2312 2314 2319
f 2314 2320 2319
f 2314 2315 2320
f 2319 2320 2321
f 2318 2322 2317
f 2322 2323 2317
f 2322 2324 2323
f 2317 2323 2315
f 2324 2325 2323
f 2325 2326 2323
f 2325 2327 2326
f 2323 2326 2315
f 2324 2328 2325
f 2328 2329 2325
f 2328 2330 2329
f 2325 2329 2327
f 2315 2326 2320
f 2326 2331 2320
f 2326 2327 2331
f 2320 2331 2321
f 2318 2332 2322
f 2332 2333 2322
f 2332 2334 2333
f 2322 2333 2324
f 2334 2335 2333
f 2335 2336 2333
f 2335 2337 2336
f 2333 2336 2324
f 2334 2338 2335
f 2338 2339 2335
f 2338 2340 2339
f 2335 2339 2337
f 2324 2336 2328
f 2336 2341 2328
f 2336 2337 2341
f 2328 2341 2330
f 2321 2331 2342
f 2331 2343 2342
f 2331 2327 2343
f 2342 2343 2344
f 2327 2345 2343
f 2345 2346 2343
f 2345 2347 2346
f 2343 2346 2344
f 2327 2329 2345
f 2329 2348 2345
f 2329 2330 2348
f 2345 2348 2347
f 2344 2346 2349
f 2346 2350 2349
f 2346 2347 2350
f 2349 2350 2351
f 1576 2352 2353
f 2352 2354 2353
f 2352 2355 2354
f 2353 2354 2356
f 2355 2357 2354
f 2357 2358 2354
f 2357 2359 2358
f 2354 2358 2356
f 2355 2360 2357
f 2360 2361 2357
f 2360 2362 2361
f 2357 2361 2359
f 2356 2358 2363
f 2358 2364 2363
f 2358 2359 2364
f 2363 2364 2365
f 2362 2366 2361
f 2366 2367 2361
f 2366 2368 2367
f 2361 2367 2359
f 2368 2369 2367
f 2369 2370 2367
f 2369 2371 2370
f 2367 2370 2359
f 2368 2372 2369
f 2372 2373 2369
f 2372 737 2373
f 2369 2373 2371
f 2359 2370 2364
f 2370 2374 2364
f 2370 2371 2374
f 2364 2374 2365
f 2362 2375 2366
f 2375 2376 2366
f 2375 2377 2376
f 2366 2376 2368
f 2377 2378 2376
f 2378 2379 2376
f 2378 752 2379
f 2376 2379 2368
f 2377 2380 2378
f 2380 755 2378
f 2380 580 755
f 2378 755 752
f 2368 2379 2372
f 2379 750 2372
f 2379 752 750
f 2372 750 737
f 2365 2374 2381
f 2374 2382 2381
f 2374 2371 2382
f 2381 2382 2383
f 2371 2384 2382
f 2384 2385 2382
f 2384 730 2385
f 2382 2385 2383
f 2371 2373 2384
f 2373 735 2384
f 2373 737 735
f 2384 735 730
f 2383 2385 2386
f 2385 727 2386
f 2385 730 727
f 2386 727 726
f 135 134 804
f 134 2387 804
f 134 131 2387
f 804 2387 799
f 131 2388 2387
f 2388 2389 2387
f 2388 2390 2389
f 2387 2389 799
f 131 132 2388
f 132 2391 2388
f 132 114 2391
f 2388 2391 2390
f 799 2389 797
f 2389 2392 797
f 2389 2390 2392
f 797 2392 776
f 114 2393 2391
f 2393 2394 2391
f 2393 2395 2394
f 2391 2394 2390
f 2395 2396 2394
f 2396 2397 2394
f 2396 2398 2397
f 2394 2397 2390
f 2395 2399 2396
f 2399 2400 2396
f 2399 2401 2400
f 2396 2400 2398
f 2390 2397 2392
f 2397 2402 2392
f 2397 2398 2402
f 2392 2402 776
f 114 125 2393
f 125 2403 2393
f 125 121 2403
f 2393 2403 2395
f 121 2404 2403
f 2404 2405 2403
f 2404 2406 2405
f 2403 2405 2395
f 121 123 2404
f 123 2407 2404
f 123 124 2407
f 2404 2407 2406
f 2395 2405 2399
f 2405 2408 2399
f 2405 2406 2408
f 2399 2408 2401
f 776 2402 774
f 2402 2409 774
f 2402 2398 2409
f 774 2409 767
f 2398 2410 2409
f 2410 2411 2409
f 2410 2412 2411
f 2409 2411 767
f 2398 2400 2410
f 2400 2413 2410
f 2400 2401 2413
f 2410 2413 2412
f 767 2411 764
f 2411 2414 764
f 2411 2412 2414
f 764 2414 762
f 225 2415 226
f 2415 2416 226
f 2415 2417 2416
f 226 2416 229
f 2417 2418 2416
f 2418 2419 2416
f 2418 2420 2419
f 2416 2419 229
f 2417 2421 2418
f 2421 2422 2418
f 2421 2423 2422
f 2418 2422 2420
f 229 2419 234
f 2419 2424 234
f 2419 2420 2424
f 234 2424 236
f 2423 2425 2422
f 2425 2426 2422
f 2425 2427 2426
f 2422 2426 2420
f 2427 2428 2426
f 2428 2429 2426
f 2428 2430 2429
f 2426 2429 2420
f 2427 2431 2428
f 2431 2432 2428
f 2431 2433 2432
f 2428 2432 2430
f 2420 2429 2424
f 2429 2434 2424
f 2429 2430 2434
f 2424 2434 236
f 2423 2435 2425
f 2435 2436 2425
f 2435 2437 2436
f 2425 2436 2427
f 2437 2438 2436
f 2438 2439 2436
f 2438 2440 2439
f 2436 2439 2427
f 2437 2441 2438
f 2441 2442 2438
f 2441 1035 2442
f 2438 2442 2440
f 2427 2439 2431
f 2439 2443 2431
f 2439 2440 2443
f 2431 2443 2433
f 236 2434 250
f 2434 2444 250
f 2434 2430 2444
f 250 2444 252
f 2430 2445 2444
f 2445 2446 2444
f 2445 2447 2446
f 2444 2446 252
f 2430 2432 2445
f 2432 2448 2445
f 2432 2433 2448
f 2445 2448 2447
f 252 2446 256
f 2446 2449 256
f 2446 2447 2449
f 256 2449 258
f 885 2136 1821
f 2136 2450 1821
f 2136 2134 2450
f 1821 2450 1824
f 2134 2451 2450
f 2451 2452 2450
f 2451 2453 2452
f 2450 2452 1824
f 2134 2135 2451
f 2135 2454 2451
f 2135 2123 2454
f 2451 2454 2453
f 1824 2452 1829
f 2452 2455 1829
f 2452 2453 2455
f 1829 2455 1831
f 2123 2456 2454
f 2456 2457 2454
f 2456 2458 2457
f 2454 2457 2453
f 2458 2459 2457
f 2459 2460 2457
f 2459 2461 2460
f 2457 2460 2453
f 2458 2462 2459
f 2462 2463 2459
f 2462 2464 2463
f 2459 2463 2461
f 2453 2460 2455
f 2460 2465 2455
f 2460 2461 2465
f 2455 2465 1831
f 2123 2130 2456
f 2130 2466 2456
f 2130 2128 2466
f 2456 2466 2458
f 2128 2467 2466
f 2467 2468 2466
f 2467 2469 2468
f 2466 2468 2458
f 2128 2129 2467
f 2129 2470 2467
f 2129 79 2470
f 2467 2470 2469
f 2458 2468 2462
f 2468 2471 2462
f 2468 2469 2471
f 2462 2471 2464
f 1831 2465 1844
f 2465 2472 1844
f 2465 2461 2472
f 1844 2472 1846
f 2461 2473 2472
f 2473 2474 2472
f 2473 2475 2474
f 2472 2474 1846
f 2461 2463 2473
f 2463 2476 2473
f 2463 2464 2476
f 2473 2476 2475
f 1846 2474 1849
f 2474 2477 1849
f 2474 2475 2477
f 1849 2477 806
f 2478 2479 2480
f 2479 2481 2480
f 2479 2482 2481
f 2480 2481 2483
f 2482 2484 2481
f 2484 2485 2481
f 2484 2486 2485
f 2481 2485 2483
f 2482 2487 2484
f 2487 2488 2484
f 2487 2489 2488
f 2484 2488 2486
f 2483 2485 2490
f 2485 2491 2490
f 2485 2486 2491
f 2490 2491 2492
f 2489 2493 2488
f 2493 2494 2488
f 2493 2495 2494
f 2488 2494 2486
f 2495 2496 2494
f 2496 2497 2494
f 2496 2498 2497
f 2494 2497 2486
f 2495 2499 2496
f 2499 2500 2496
f 2499 2501 2500
f 2496 2500 2498
f 2486 2497 2491
f 2497 2502 2491
f 2497 2498 2502
f 2491 2502 2492
f 2489 2503 2493
f 2503 2504 2493
f 2503 2505 2504
f 2493 2504 2495
f 2505 2506 2504
f 2506 2507 2504
f 2506 2508 2507
f 2504 2507 2495
f 2505 2509 2506
f 2509 2510 2506
f 2509 2307 2510
f 2506 2510 2508
f 2495 2507 2499
f 2507 2511 2499
f 2507 2508 2511
f 2499 2511 2501
f 2492 2502 2512
f 2502 2513 2512
f 2502 2498 2513
f 2512 2513 2514
f 2498 2515 2513
f 2515 2516 2513
f 2515 2517 2516
f 2513 2516 2514
f 2498 2500 2515
f 2500 2518 2515
f 2500 2501 2518
f 2515 2518 2517
f 2514 2516 2519
f 2516 2520 2519
f 2516 2517 2520
f 2519 2520 2521
f 1110 2522 2229
f 2522 2523 2229
f 2522 2524 2523
f 2229 2523 2232
f 2524 2525 2523
f 2525 2526 2523
f 2525 2527 2526
f 2523 2526 2232
f 2524 2528 2525
f 2528 2529 2525
f 2528 2530 2529
f 2525 2529 2527
f 2232 2526 2237
f 2526 2531 2237
f 2526 2527 2531
f 2237 2531 2239
f 2530 2532 2529
f 2532 2533 2529
f 2532 2534 2533
f 2529 2533 2527
f 2534 2535 2533
f 2535 2536 2533
f 2535 2537 2536
f 2533 2536 2527
f 2534 2538 2535
f 2538 2539 2535
f 2538 369 2539
f 2535 2539 2537
f 2527 2536 2531
f 2536 2540 2531
f 2536 2537 2540
f 2531 2540 2239
f 2530 2541 2532
f 2541 2542 2532
f 2541 2543 2542
f 2532 2542 2534
f 2543 2544 2542
f 2544 2545 2542
f 2544 385 2545
f 2542 2545 2534
f 2543 2546 2544
f 2546 389 2544
f 2546 391 389
f 2544 389 385
f 2534 2545 2538
f 2545 383 2538
f 2545 385 383
f 2538 383 369
f 2239 2540 2253
f 2540 2547 2253
f 2540 2537 2547
f 2253 2547 2255
f 2537 2548 2547
f 2548 2549 2547
f 2548 362 2549
f 2547 2549 2255
f 2537 2539 2548
f 2539 367 2548
f 2539 369 367
f 2548 367 362
f 2255 2549 2259
f 2549 359 2259
f 2549 362 359
f 2259 359 169
f 990 1619 2137
f 1619 2550 2137
f 1619 1616 2550
f 2137 2550 2139
f 1616 2551 2550
f 2551 2552 2550
f 2551 2553 2552
f 2550 2552 2139
f 1616 1617 2551
f 1617 2554 2551
f 1617 1599 2554
f 2551 2554 2553
f 2139 2552 2143
f 2552 2555 2143
f 2552 2553 2555
f 2143 2555 2145
f 1599 2556 2554
f 2556 2557 2554
f 2556 2558 2557
f 2554 2557 2553
f 2558 2559 2557
f 2559 2560 2557
f 2559 2561 2560
f 2557 2560 2553
f 2558 2562 2559
f 2562 2563 2559
f 2562 2564 2563
f 2559 2563 2561
f 2553 2560 2555
f 2560 2565 2555
f 2560 2561 2565
f 2555 2565 2145
f 1599 1610 2556
f 1610 2566 2556
f 1610 1606 2566
f 2556 2566 2558
f 1606 2567 2566
f 2567 2568 2566
f 2567 2569 2568
f 2566 2568 2558
f 1606 1608 2567
f 1608 2570 2567
f 1608 1609 2570
f 2567 2570 2569
f 2558 2568 2562
f 2568 2571 2562
f 2568 2569 2571
f 2562 2571 2564
f 2145 2565 2156
f 2565 2572 2156
f 2565 2561 2572
f 2156 2572 2158
f 2561 2573 2572
f 2573 2574 2572
f 2573 2575 2574
f 2572 2574 2158
f 2561 2563 2573
f 2563 2576 2573
f 2563 2564 2576
f 2573 2576 2575
f 2158 2574 2161
f 2574 2577 2161
f 2574 2575 2577
f 2161 2577 1440
f 921 920 2578
f 920 2579 2578
f 920 917 2579
f 2578 2579 2580
f 917 2581 2579
f 2581 2582 2579
f 2581 2583 2582
f 2579 2582 2580
f 917 918 2581
f 918 2584 2581
f 918 904 2584
f 2581 2584 2583
f 2580 2582 2585
f 2582 2586 2585
f 2582 2583 2586
f 2585 2586 2587
f 904 2588 2584
f 2588 2589 2584
f 2588 2590 2589
f 2584 2589 2583
f 2590 2591 2589
f 2591 2592 2589
f 2591 2593 2592
f 2589 2592 2583
f 2590 2594 2591
f 2594 2595 2591
f 2594 1692 2595
f 2591 2595 2593
f 2583 2592 2586
f 2592 2596 2586
f 2592 2593 2596
f 2586 2596 2587
f 904 911 2588
f 911 2597 2588
f 911 909 2597
f 2588 2597 2590
f 909 2598 2597
f 2598 2599 2597
f 2598 1705 2599
f 2597 2599 2590
f 909 910 2598
f 910 1708 2598
f 910 447 1708
f 2598 1708 1705
f 2590 2599 2594
f 2599 1703 2594
f 2599 1705 1703
f 2594 1703 1692
f 2587 2596 2600
f 2596 2601 2600
f 2596 2593 2601
f 2600 2601 2602
f 2593 2603 2601
f 2603 2604 2601
f 2603 1686 2604
f 2601 2604 2602
f 2593 2595 2603
f 2595 1690 2603
f 2595 1692 1690
f 2603 1690 1686
f 2602 2604 2605
f 2604 1684 2605
f 2604 1686 1684
f 2605 1684 957
f 2606 2607 2608
f 2607 2609 2608
f 2607 2610 2609
f 2608 2609 2611
f 2610 2612 2609
f 2612 2613 2609
f 2612 2614 2613
f 2609 2613 2611
f 2610 2615 2612
f 2615 2616 2612
f 2615 2617 2616
f 2612 2616 2614
f 2611 2613 2618
f 2613 2619 2618
f 2613 2614 2619
f 2618 2619 2620
f 2617 2621 2616
f 2621 2622 2616
f 2621 2623 2622
f 2616 2622 2614
f 2623 2624 2622
f 2624 2625 2622
f 2624 2626 2625
f 2622 2625 2614
f 2623 2627 2624
f 2627 2628 2624
f 2627 2629 2628
f 2624 2628 2626
f 2614 2625 2619
f 2625 2630 2619
f 2625 2626 2630
f 2619 2630 2620
f 2617 2631 2621
f 2631 2632 2621
f 2631 2633 2632
f 2621 2632 2623
f 2633 2634 2632
f 2634 2635 2632
f 2634 2636 2635
f 2632 2635 2623
f 2633 2637 2634
f 2637 2638 2634
f 2637 2639 2638
f 2634 2638 2636
f 2623 2635 2627
f 2635 2640 2627
f 2635 2636 2640
f 2627 2640 2629
f 2620 2630 2641
f 2630 2642 2641
f 2630 2626 2642
f 2641 2642 2643
f 2626 2644 2642
f 2644 2645 2642
f 2644 2646 2645
f 2642 2645 2643
f 2626 2628 2644
f 2628 2647 2644
f 2628 2629 2647
f 2644 2647 2646
f 2643 2645 2648
f 2645 2649 2648
f 2645 2646 2649
f 2648 2649 2650
f 2651 2652 2653
f 2652 2654 2653
f 2652 2655 2654
f 2653 2654 2656
f 2655 2657 2654
f 2657 2658 2654
f 2657 2659 2658
f 2654 2658 2656
f 2655 2660 2657
f 2660 2661 2657
f 2660 2662 2661
f 2657 2661 2659
f 2656 2658 2663
f 2658 2664 2663
f 2658 2659 2664
f 2663 2664 2665
f 2662 2666 2661
f 2666 2667 2661
f 2666 2668 2667
f 2661 2667 2659
f 2668 2669 2667
f 2669 2670 2667
f 2669 2671 2670
f 2667 2670 2659
f 2668 2672 2669
f 2672 2673 2669
f 2672 971 2673
f 2669 2673 2671
f 2659 2670 2664
f 2670 2674 2664
f 2670 2671 2674
f 2664 2674 2665
f 2662 2675 2666
f 2675 2676 2666
f 2675 2677 2676
f 2666 2676 2668
f 2677 2678 2676
f 2678 2679 2676
f 2678 962 2679
f 2676 2679 2668
f 2677 2680 2678
f 2680 959 2678
f 2680 957 959
f 2678 959 962
f 2668 2679 2672
f 2679 969 2672
f 2679 962 969
f 2672 969 971
f 2665 2674 2681
f 2674 2682 2681
f 2674 2671 2682
f 2681 2682 2683
f 2671 2684 2682
f 2684 2685 2682
f 2684 994 2685
f 2682 2685 2683
f 2671 2673 2684
f 2673 992 2684
f 2673 971 992
f 2684 992 994
f 2683 2685 2686
f 2685 999 2686
f 2685 994 999
f 2686 999 1001
f 2687 2688 2689
f 2688 2690 2689
f 2688 2691 2690
f 2689 2690 2692
f 2691 2693 2690
f 2693 2694 2690
f 2693 2695 2694
f 2690 2694 2692
f 2691 2696 2693
f 2696 2697 2693
f 2696 2698 2697
f 2693 2697 2695
f 2692 2694 2699
f 2694 2700 2699
f 2694 2695 2700
f 2699 2700 2701
f 2698 2702 2697
f 2702 2703 2697
f 2702 2704 2703
f 2697 2703 2695
f 2704 2705 2703
f 2705 2706 2703
f 2705 2707 2706
f 2703 2706 2695
f 2704 2708 2705
f 2708 2709 2705
f 2708 853 2709
f 2705 2709 2707
f 2695 2706 2700
f 2706 2710 2700
f 2706 2707 2710
f 2700 2710 2701
f 2698 2711 2702
f 2711 2712 2702
f 2711 2713 2712
f 2702 2712 2704
f 2713 2714 2712
f 2714 2715 2712
f 2714 869 2715
f 2712 2715 2704
f 2713 2716 2714
f 2716 873 2714
f 2716 90 873
f 2714 873 869
f 2704 2715 2708
f 2715 867 2708
f 2715 869 867
f 2708 867 853
f 2701 2710 2717
f 2710 2718 2717
f 2710 2707 2718
f 2717 2718 2719
f 2707 2720 2718
f 2720 2721 2718
f 2720 846 2721
f 2718 2721 2719
f 2707 2709 2720
f 2709 851 2720
f 2709 853 851
f 2720 851 846
f 2719 2721 2722
f 2721 843 2722
f 2721 846 843
f 2722 843 842
f 1233 1235 2723
f 1235 2724 2723
f 1235 1238 2724
f 2723 2724 2725
f 1238 2726 2724
f 2726 2727 2724
f 2726 2728 2727
f 2724 2727 2725
f 1238 1245 2726
f 1245 2729 2726
f 1245 1247 2729
f 2726 2729 2728
f 2725 2727 2730
f 2727 2731 2730
f 2727 2728 2731
f 2730 2731 2732
f 1247 2733 2729
f 2733 2734 2729
f 2733 2735 2734
f 2729 2734 2728
f 2735 2736 2734
f 2736 2737 2734
f 2736 2738 2737
f 2734 2737 2728
f 2735 2739 2736
f 2739 2740 2736
f 2739 326 2740
f 2736 2740 2738
f 2728 2737 2731
f 2737 2741 2731
f 2737 2738 2741
f 2731 2741 2732
f 1247 1268 2733
f 1268 2742 2733
f 1268 1270 2742
f 2733 2742 2735
f 1270 2743 2742
f 2743 2744 2742
f 2743 342 2744
f 2742 2744 2735
f 1270 1275 2743
f 1275 346 2743
f 1275 348 346
f 2743 346 342
f 2735 2744 2739
f 2744 340 2739
f 2744 342 340
f 2739 340 326
f 2732 2741 2745
f 2741 2746 2745
f 2741 2738 2746
f 2745 2746 2747
f 2738 2748 2746
f 2748 2749 2746
f 2748 319 2749
f 2746 2749 2747
f 2738 2740 2748
f 2740 324 2748
f 2740 326 324
f 2748 324 319
f 2747 2749 2750
f 2749 316 2750
f 2749 319 316
f 2750 316 315
f 2751 2752 2753
f 2752 2754 2753
f 2752 2755 2754
f 2753 2754 2756
f 2755 2757 2754
f 2757 2758 2754
f 2757 2759 2758
f 2754 2758 2756
f 2755 2760 2757
f 2760 2761 2757
f 2760 2762 2761
f 2757 2761 2759
f 2756 2758 2763
f 2758 2764 2763
f 2758 2759 2764
f 2763 2764 2765
f 2762 2766 2761
f 2766 2767 2761
f 2766 2768 2767
f 2761 2767 2759
f 2768 2769 2767
f 2769 2770 2767
f 2769 2771 2770
f 2767 2770 2759
f 2768 2772 2769
f 2772 2773 2769
f 2772 2774 2773
f 2769 2773 2771
f 2759 2770 2764
f 2770 2775 2764
f 2770 2771 2775
f 2764 2775 2765
f 2762 2776 2766
f 2776 2777 2766
f 2776 2778 2777
f 2766 2777 2768
f 2778 2779 2777
f 2779 2780 2777
f 2779 2781 2780
f 2777 2780 2768
f 2778 2782 2779
f 2782 2783 2779
f 2782 1892 2783
f 2779 2783 2781
f 2768 2780 2772
f 2780 2784 2772
f 2780 2781 2784
f 2772 2784 2774
f 2765 2775 2785
f 2775 2786 2785
f 2775 2771 2786
f 2785 2786 2787
f 2771 2788 2786
f 2788 2789 2786
f 2788 2790 2789
f 2786 2789 2787
f 2771 2773 2788
f 2773 2791 2788
f 2773 2774 2791
f 2788 2791 2790
f 2787 2789 2792
f 2789 2793 2792
f 2789 2790 2793
f 2792 2793 2794
f 2795 2796 2797
f 2796 2798 2797
f 2796 2799 2798
f 2797 2798 2800
f 2799 2801 2798
f 2801 2802 2798
f 2801 2803 2802
f 2798 2802 2800
f 2799 2804 2801
f 2804 2805 2801
f 2804 2806 2805
f 2801 2805 2803
f 2800 2802 2807
f 2802 2808 2807
f 2802 2803 2808
f 2807 2808 2809
f 2806 2810 2805
f 2810 2811 2805
f 2810 2812 2811
f 2805 2811 2803
f 2812 2813 2811
f 2813 2814 2811
f 2813 2815 2814
f 2811 2814 2803
f 2812 2816 2813
f 2816 2817 2813
f 2816 2818 2817
f 2813 2817 2815
f 2803 2814 2808
f 2814 2819 2808
f 2814 2815 2819
f 2808 2819 2809
f 2806 2820 2810
f 2820 2821 2810
f 2820 2822 2821
f 2810 2821 2812
f 2822 2823 2821
f 2823 2824 2821
f 2823 2825 2824
f 2821 2824 2812
f 2822 2826 2823
f 2826 2827 2823
f 2826 1197 2827
f 2823 2827 2825
f 2812 2824 2816
f 2824 2828 2816
f 2824 2825 2828
f 2816 2828 2818
f 2809 2819 2829
f 2819 2830 2829
f 2819 2815 2830
f 2829 2830 2831
f 2815 2832 2830
f 2832 2833 2830
f 2832 2834 2833
f 2830 2833 2831
f 2815 2817 2832
f 2817 2835 2832
f 2817 2818 2835
f 2832 2835 2834
f 2831 2833 2836
f 2833 2837 2836
f 2833 2834 2837
f 2836 2837 2838
f 1197 2839 2827
f 2839 2840 2827
f 2839 2841 2840
f 2827 2840 2825
f 2841 2842 2840
f 2842 2843 2840
f 2842 2844 2843
f 2840 2843 2825
f 2841 2845 2842
f 2845 2846 2842
f 2845 2847 2846
f 2842 2846 2844
f 2825 2843 2828
f 2843 2848 2828
f 2843 2844 2848
f 2828 2848 2818
f 2847 2849 2846
f 2849 2850 2846
f 2849 2851 2850
f 2846 2850 2844
f 2851 2852 2850
f 2852 2853 2850
f 2852 2854 2853
f 2850 2853 2844
f 2851 2855 2852
f 2855 2856 2852
f 2855 2857 2856
f 2852 2856 2854
f 2844 2853 2848
f 2853 2858 2848
f 2853 2854 2858
f 2848 2858 2818
f 2847 2859 2849
f 2859 2860 2849
f 2859 2861 2860
f 2849 2860 2851
f 2861 2862 2860
f 2862 2863 2860
f 2862 2864 2863
f 2860 2863 2851
f 2861 2865 2862
f 2865 2866 2862
f 2865 1884 2866
f 2862 2866 2864
f 2851 2863 2855
f 2863 2867 2855
f 2863 2864 2867
f 2855 2867 2857
f 2818 2858 2835
f 2858 2868 2835
f 2858 2854 2868
f 2835 2868 2834
f 2854 2869 2868
f 2869 2870 2868
f 2869 2871 2870
f 2868 2870 2834
f 2854 2856 2869
f 2856 2872 2869
f 2856 2857 2872
f 2869 2872 2871
f 2834 2870 2837
f 2870 2873 2837
f 2870 2871 2873
f 2837 2873 2838
f 2874 2875 2876
f 2875 2877 2876
f 2875 2878 2877
f 2876 2877 2879
f 2878 2880 2877
f 2880 2881 2877
f 2880 2882 2881
f 2877 2881 2879
f 2878 2883 2880
f 2883 2884 2880
f 2883 2885 2884
f 2880 2884 2882
f 2879 2881 2886
f 2881 2887 2886
f 2881 2882 2887
f 2886 2887 2888
f 2885 2889 2884
f 2889 2890 2884
f 2889 2891 2890
f 2884 2890 2882
f 2891 2892 2890
f 2892 2893 2890
f 2892 2894 2893
f 2890 2893 2882
f 2891 2895 2892
f 2895 2896 2892
f 2895 528 2896
f 2892 2896 2894
f 2882 2893 2887
f 2893 2897 2887
f 2893 2894 2897
f 2887 2897 2888
f 2885 2898 2889
f 2898 2899 2889
f 2898 2900 2899
f 2889 2899 2891
f 2900 2901 2899
f 2901 2902 2899
f 2901 521 2902
f 2899 2902 2891
f 2900 2903 2901
f 2903 519 2901
f 2903 225 519
f 2901 519 521
f 2891 2902 2895
f 2902 526 2895
f 2902 521 526
f 2895 526 528
f 2888 2897 2904
f 2897 2905 2904
f 2897 2894 2905
f 2904 2905 2906
f 2894 2907 2905
f 2907 2908 2905
f 2907 543 2908
f 2905 2908 2906
f 2894 2896 2907
f 2896 541 2907
f 2896 528 541
f 2907 541 543
f 2906 2908 2909
f 2908 546 2909
f 2908 543 546
f 2909 546 270
f 1046 1045 2910
f 1045 2911 2910
f 1045 1042 2911
f 2910 2911 2912
f 1042 2913 2911
f 2913 2914 2911
f 2913 2915 2914
f 2911 2914 2912
f 1042 1043 2913
f 1043 2916 2913
f 1043 1025 2916
f 2913 2916 2915
f 2912 2914 2917
f 2914 2918 2917
f 2914 2915 2918
f 2917 2918 2919
f 1025 2920 2916
f 2920 2921 2916
f 2920 2922 2921
f 2916 2921 2915
f 2922 2923 2921
f 2923 2924 2921
f 2923 2925 2924
f 2921 2924 2915
f 2922 2926 2923
f 2926 2927 2923
f 2926 2928 2927
f 2923 2927 2925
f 2915 2924 2918
f 2924 2929 2918
f 2924 2925 2929
f 2918 2929 2919
f 1025 1036 2920
f 1036 2930 2920
f 1036 1032 2930
f 2920 2930 2922
f 1032 2931 2930
f 2931 2932 2930
f 2931 2933 2932
f 2930 2932 2922
f 1032 1034 2931
f 1034 2934 2931
f 1034 1035 2934
f 2931 2934 2933
f 2922 2932 2926
f 2932 2935 2926
f 2932 2933 2935
f 2926 2935 2928
f 2919 2929 2936
f 2929 2937 2936
f 2929 2925 2937
f 2936 2937 2938
f 2925 2939 2937
f 2939 2940 2937
f 2939 2941 2940
f 2937 2940 2938
f 2925 2927 2939
f 2927 2942 2939
f 2927 2928 2942
f 2939 2942 2941
f 2938 2940 2943
f 2940 2944 2943
f 2940 2941 2944
f 2943 2944 2874
f 2521 2945 2946
f 2945 2947 2946
f 2945 2948 2947
f 2946 2947 2949
f 2948 2950 2947
f 2950 2951 2947
f 2950 2952 2951
f 2947 2951 2949
f 2948 2953 2950
f 2953 2954 2950
f 2953 2955 2954
f 2950 2954 2952
f 2949 2951 2956
f 2951 2957 2956
f 2951 2952 2957
f 2956 2957 2958
f 2955 2959 2954
f 2959 2960 2954
f 2959 2961 2960
f 2954 2960 2952
f 2961 2962 2960
f 2962 2963 2960
f 2962 2964 2963
f 2960 2963 2952
f 2961 2965 2962
f 2965 2966 2962
f 2965 1656 2966
f 2962 2966 2964
f 2952 2963 2957
f 2963 2967 2957
f 2963 2964 2967
f 2957 2967 2958
f 2955 2968 2959
f 2968 2969 2959
f 2968 2970 2969
f 2959 2969 2961
f 2970 2971 2969
f 2971 2972 2969
f 2971 1670 2972
f 2969 2972 2961
f 2970 2973 2971
f 2973 1674 2971
f 2973 1676 1674
f 2971 1674 1670
f 2961 2972 2965
f 2972 1668 2965
f 2972 1670 1668
f 2965 1668 1656
f 2958 2967 2974
f 2967 2975 2974
f 2967 2964 2975
f 2974 2975 2976
f 2964 2977 2975
f 2977 2978 2975
f 2977 1650 2978
f 2975 2978 2976
f 2964 2966 2977
f 2966 1654 2977
f 2966 1656 1654
f 2977 1654 1650
f 2976 2978 2979
f 2978 1648 2979
f 2978 1650 1648
f 2979 1648 303
f 1892 2980 2783
f 2980 2981 2783
f 2980 2982 2981
f 2783 2981 2781
f 2982 2983 2981
f 2983 2984 2981
f 2983 2985 2984
f 2981 2984 2781
f 2982 2986 2983
f 2986 2987 2983
f 2986 2988 2987
f 2983 2987 2985
f 2781 2984 2784
f 2984 2989 2784
f 2984 2985 2989
f 2784 2989 2774
f 2988 2990 2987
f 2990 2991 2987
f 2990 2992 2991
f 2987 2991 2985
f 2992 2993 2991
f 2993 2994 2991
f 2993 2995 2994
f 2991 2994 2985
f 2992 2996 2993
f 2996 2997 2993
f 2996 2998 2997
f 2993 2997 2995
f 2985 2994 2989
f 2994 2999 2989
f 2994 2995 2999
f 2989 2999 2774
f 2988 3000 2990
f 3000 3001 2990
f 3000 3002 3001
f 2990 3001 2992
f 3002 3003 3001
f 3003 3004 3001
f 3003 3005 3004
f 3001 3004 2992
f 3002 3006 3003
f 3006 3007 3003
f 3006 3008 3007
f 3003 3007 3005
f 2992 3004 2996
f 3004 3009 2996
f 3004 3005 3009
f 2996 3009 2998
f 2774 2999 2791
f 2999 3010 2791
f 2999 2995 3010
f 2791 3010 2790
f 2995 3011 3010
f 3011 3012 3010
f 3011 3013 3012
f 3010 3012 2790
f 2995 2997 3011
f 2997 3014 3011
f 2997 2998 3014
f 3011 3014 3013
f 2790 3012 2793
f 3012 3015 2793
f 3012 3013 3015
f 2793 3015 2794
f 655 3016 656
f 3016 3017 656
f 3016 3018 3017
f 656 3017 659
f 3018 3019 3017
f 3019 3020 3017
f 3019 3021 3020
f 3017 3020 659
f 3018 3022 3019
f 3022 3023 3019
f 3022 3024 3023
f 3019 3023 3021
f 659 3020 664
f 3020 3025 664
f 3020 3021 3025
f 664 3025 666
f 3024 3026 3023
f 3026 3027 3023
f 3026 3028 3027
f 3023 3027 3021
f 3028 3029 3027
f 3029 3030 3027
f 3029 3031 3030
f 3027 3030 3021
f 3028 3032 3029
f 3032 3033 3029
f 3032 3034 3033
f 3029 3033 3031
f 3021 3030 3025
f 3030 3035 3025
f 3030 3031 3035
f 3025 3035 666
f 3024 3036 3026
f 3036 3037 3026
f 3036 3038 3037
f 3026 3037 3028
f 3038 3039 3037
f 3039 3040 3037
f 3039 3041 3040
f 3037 3040 3028
f 3038 3042 3039
f 3042 3043 3039
f 3042 3044 3043
f 3039 3043 3041
f 3028 3040 3032
f 3040 3045 3032
f 3040 3041 3045
f 3032 3045 3034
f 666 3035 680
f 3035 3046 680
f 3035 3031 3046
f 680 3046 682
f 3031 3047 3046
f 3047 3048 3046
f 3047 3049 3048
f 3046 3048 682
f 3031 3033 3047
f 3033 3050 3047
f 3033 3034 3050
f 3047 3050 3049
f 682 3048 686
f 3048 3051 686
f 3048 3049 3051
f 686 3051 213
f 1491 1490 3052
f 1490 3053 3052
f 1490 1487 3053
f 3052 3053 3054
f 1487 3055 3053
f 3055 3056 3053
f 3055 3057 3056
f 3053 3056 3054
f 1487 1488 3055
f 1488 3058 3055
f 1488 1470 3058
f 3055 3058 3057
f 3054 3056 3059
f 3056 3060 3059
f 3056 3057 3060
f 3059 3060 3061
f 1470 3062 3058
f 3062 3063 3058
f 3062 3064 3063
f 3058 3063 3057
f 3064 3065 3063
f 3065 3066 3063
f 3065 3067 3066
f 3063 3066 3057
f 3064 3068 3065
f 3068 3069 3065
f 3068 3070 3069
f 3065 3069 3067
f 3057 3066 3060
f 3066 3071 3060
f 3066 3067 3071
f 3060 3071 3061
f 1470 1481 3062
f 1481 3072 3062
f 1481 1477 3072
f 3062 3072 3064
f 1477 3073 3072
f 3073 3074 3072
f 3073 3075 3074
f 3072 3074 3064
f 1477 1479 3073
f 1479 3076 3073
f 1479 1480 3076
f 3073 3076 3075
f 3064 3074 3068
f 3074 3077 3068
f 3074 3075 3077
f 3068 3077 3070
f 3061 3071 3078
f 3071 3079 3078
f 3071 3067 3079
f 3078 3079 3080
f 3067 3081 3079
f 3081 3082 3079
f 3081 3083 3082
f 3079 3082 3080
f 3067 3069 3081
f 3069 3084 3081
f 3069 3070 3084
f 3081 3084 3083
f 3080 3082 3085
f 3082 3086 3085
f 3082 3083 3086
f 3085 3086 1936
f 647 3087 646
f 3087 3088 646
f 3087 3089 3088
f 646 3088 644
f 3089 3090 3088
f 3090 3091 3088
f 3090 3092 3091
f 3088 3091 644
f 3089 3093 3090
f 3093 3094 3090
f 3093 3095 3094
f 3090 3094 3092
f 644 3091 648
f 3091 3096 648
f 3091 3092 3096
f 648 3096 637
f 3095 3097 3094
f 3097 3098 3094
f 3097 3099 3098
f 3094 3098 3092
f 3099 3100 3098
f 3100 3101 3098
f 3100 3102 3101
f 3098 3101 3092
f 3099 3103 3100
f 3103 3104 3100
f 3103 3105 3104
f 3100 3104 3102
f 3092 3101 3096
f 3101 3106 3096
f 3101 3102 3106
f 3096 3106 637
f 3095 3107 3097
f 3107 3108 3097
f 3107 3109 3108
f 3097 3108 3099
f 3109 3110 3108
f 3110 3111 3108
f 3110 3112 3111
f 3108 3111 3099
f 3109 3113 3110
f 3113 3114 3110
f 3113 1773 3114
f 3110 3114 3112
f 3099 3111 3103
f 3111 3115 3103
f 3111 3112 3115
f 3103 3115 3105
f 637 3106 653
f 3106 3116 653
f 3106 3102 3116
f 653 3116 652
f 3102 3117 3116
f 3117 3118 3116
f 3117 3119 3118
f 3116 3118 652
f 3102 3104 3117
f 3104 3120 3117
f 3104 3105 3120
f 3117 3120 3119
f 652 3118 654
f 3118 3121 654
f 3118 3119 3121
f 654 3121 46
f 3122 3123 3124
f 3123 3125 3124
f 3123 3126 3125
f 3124 3125 3127
f 3126 3128 3125
f 3128 3129 3125
f 3128 3130 3129
f 3125 3129 3127
f 3126 3131 3128
f 3131 3132 3128
f 3131 3133 3132
f 3128 3132 3130
f 3127 3129 3134
f 3129 3135 3134
f 3129 3130 3135
f 3134 3135 3136
f 3133 3137 3132
f 3137 3138 3132
f 3137 3139 3138
f 3132 3138 3130
f 3139 3140 3138
f 3140 3141 3138
f 3140 3142 3141
f 3138 3141 3130
f 3139 3143 3140
f 3143 3144 3140
f 3143 3145 3144
f 3140 3144 3142
f 3130 3141 3135
f 3141 3146 3135
f 3141 3142 3146
f 3135 3146 3136
f 3133 3147 3137
f 3147 3148 3137
f 3147 3149 3148
f 3137 3148 3139
f 3149 3150 3148
f 3150 3151 3148
f 3150 3152 3151
f 3148 3151 3139
f 3149 3153 3150
f 3153 3154 3150
f 3153 3155 3154
f 3150 3154 3152
f 3139 3151 3143
f 3151 3156 3143
f 3151 3152 3156
f 3143 3156 3145
f 3136 3146 3157
f 3146 3158 3157
f 3146 3142 3158
f 3157 3158 3159
f 3142 3160 3158
f 3160 3161 3158
f 3160 3162 3161
f 3158 3161 3159
f 3142 3144 3160
f 3144 3163 3160
f 3144 3145 3163
f 3160 3163 3162
f 3159 3161 3164
f 3161 3165 3164
f 3161 3162 3165
f 3164 3165 3166
f 3167 3168 3169
f 3168 3170 3169
f 3168 3171 3170
f 3169 3170 3172
f 3171 3173 3170
f 3173 3174 3170
f 3173 3175 3174
f 3170 3174 3172
f 3171 3176 3173
f 3176 3177 3173
f 3176 3178 3177
f 3173 3177 3175
f 3172 3174 3179
f 3174 3180 3179
f 3174 3175 3180
f 3179 3180 3181
f 3178 3182 3177
f 3182 3183 3177
f 3182 3184 3183
f 3177 3183 3175
f 3184 3185 3183
f 3185 3186 3183
f 3185 3187 3186
f 3183 3186 3175
f 3184 3188 3185
f 3188 3189 3185
f 3188 3190 3189
f 3185 3189 3187
f 3175 3186 3180
f 3186 3191 3180
f 3186 3187 3191
f 3180 3191 3181
f 3178 3192 3182
f 3192 3193 3182
f 3192 3194 3193
f 3182 3193 3184
f 3194 3195 3193
f 3195 3196 3193
f 3195 3197 3196
f 3193 3196 3184
f 3194 3198 3195
f 3198 3199 3195
f 3198 2478 3199
f 3195 3199 3197
f 3184 3196 3188
f 3196 3200 3188
f 3196 3197 3200
f 3188 3200 3190
f 3181 3191 3201
f 3191 3202 3201
f 3191 3187 3202
f 3201 3202 3203
f 3187 3204 3202
f 3204 3205 3202
f 3204 3206 3205
f 3202 3205 3203
f 3187 3189 3204
f 3189 3207 3204
f 3189 3190 3207
f 3204 3207 3206
f 3203 3205 3208
f 3205 3209 3208
f 3205 3206 3209
f 3208 3209 1411
f 3210 3211 3212
f 3211 3213 3212
f 3211 3214 3213
f 3212 3213 3215
f 3214 3216 3213
f 3216 3217 3213
f 3216 3218 3217
f 3213 3217 3215
f 3214 3219 3216
f 3219 3220 3216
f 3219 3221 3220
f 3216 3220 3218
f 3215 3217 3222
f 3217 3223 3222
f 3217 3218 3223
f 3222 3223 3224
f 3221 3225 3220
f 3225 3226 3220
f 3225 3227 3226
f 3220 3226 3218
f 3227 3228 3226
f 3228 3229 3226
f 3228 3230 3229
f 3226 3229 3218
f 3227 3231 3228
f 3231 3232 3228
f 3231 3233 3232
f 3228 3232 3230
f 3218 3229 3223
f 3229 3234 3223
f 3229 3230 3234
f 3223 3234 3224
f 3221 3235 3225
f 3235 3236 3225
f 3235 3237 3236
f 3225 3236 3227
f 3237 3238 3236
f 3238 3239 3236
f 3238 3240 3239
f 3236 3239 3227
f 3237 3241 3238
f 3241 3242 3238
f 3241 1153 3242
f 3238 3242 3240
f 3227 3239 3231
f 3239 3243 3231
f 3239 3240 3243
f 3231 3243 3233
f 3224 3234 3244
f 3234 3245 3244
f 3234 3230 3245
f 3244 3245 3246
f 3230 3247 3245
f 3247 3248 3245
f 3247 3249 3248
f 3245 3248 3246
f 3230 3232 3247
f 3232 3250 3247
f 3232 3233 3250
f 3247 3250 3249
f 3246 3248 3251
f 3248 3252 3251
f 3248 3249 3252
f 3251 3252 2306
f 2478 2480 3253
f 2480 3254 3253
f 2480 2483 3254
f 3253 3254 3255
f 2483 3256 3254
f 3256 3257 3254
f 3256 3258 3257
f 3254 3257 3255
f 2483 2490 3256
f 2490 3259 3256
f 2490 2492 3259
f 3256 3259 3258
f 3255 3257 3260
f 3257 3261 3260
f 3257 3258 3261
f 3260 3261 3262
f 2492 3263 3259
f 3263 3264 3259
f 3263 3265 3264
f 3259 3264 3258
f 3265 3266 3264
f 3266 3267 3264
f 3266 3268 3267
f 3264 3267 3258
f 3265 3269 3266
f 3269 3270 3266
f 3269 3271 3270
f 3266 3270 3268
f 3258 3267 3261
f 3267 3272 3261
f 3267 3268 3272
f 3261 3272 3262
f 2492 2512 3263
f 2512 3273 3263
f 2512 2514 3273
f 3263 3273 3265
f 2514 3274 3273
f 3274 3275 3273
f 3274 3276 3275
f 3273 3275 3265
f 2514 2519 3274
f 2519 3277 3274
f 2519 2521 3277
f 3274 3277 3276
f 3265 3275 3269
f 3275 3278 3269
f 3275 3276 3278
f 3269 3278 3271
f 3262 3272 3279
f 3272 3280 3279
f 3272 3268 3280
f 3279 3280 3281
f 3268 3282 3280
f 3282 3283 3280
f 3282 3284 3283
f 3280 3283 3281
f 3268 3270 3282
f 3270 3285 3282
f 3270 3271 3285
f 3282 3285 3284
f 3281 3283 3286
f 3283 3287 3286
f 3283 3284 3287
f 3286 3287 269
f 2874 2944 2875
f 2944 3288 2875
f 2944 2941 3288
f 2875 3288 2878
f 2941 3289 3288
f 3289 3290 3288
f 3289 3291 3290
f 3288 3290 2878
f 2941 2942 3289
f 2942 3292 3289
f 2942 2928 3292
f 3289 3292 3291
f 2878 3290 2883
f 3290 3293 2883
f 3290 3291 3293
f 2883 3293 2885
f 2928 3294 3292
f 3294 3295 3292
f 3294 3296 3295
f 3292 3295 3291
f 3296 3297 3295
f 3297 3298 3295
f 3297 3299 3298
f 3295 3298 3291
f 3296 3300 3297
f 3300 3301 3297
f 3300 2423 3301
f 3297 3301 3299
f 3291 3298 3293
f 3298 3302 3293
f 3298 3299 3302
f 3293 3302 2885
f 2928 2935 3294
f 2935 3303 3294
f 2935 2933 3303
f 3294 3303 3296
f 2933 3304 3303
f 3304 3305 3303
f 3304 2437 3305
f 3303 3305 3296
f 2933 2934 3304
f 2934 2441 3304
f 2934 1035 2441
f 3304 2441 2437
f 3296 3305 3300
f 3305 2435 3300
f 3305 2437 2435
f 3300 2435 2423
f 2885 3302 2898
f 3302 3306 2898
f 3302 3299 3306
f 2898 3306 2900
f 3299 3307 3306
f 3307 3308 3306
f 3307 2417 3308
f 3306 3308 2900
f 3299 3301 3307
f 3301 2421 3307
f 3301 2423 2421
f 3307 2421 2417
f 2900 3308 2903
f 3308 2415 2903
f 3308 2417 2415
f 2903 2415 225
f 2838 2873 3309
f 2873 3310 3309
f 2873 2871 3310
f 3309 3310 3311
f 2871 3312 3310
f 3312 3313 3310
f 3312 3314 3313
f 3310 3313 3311
f 2871 2872 3312
f 2872 3315 3312
f 2872 2857 3315
f 3312 3315 3314
f 3311 3313 3316
f 3313 3317 3316
f 3313 3314 3317
f 3316 3317 3318
f 2857 3319 3315
f 3319 3320 3315
f 3319 3321 3320
f 3315 3320 3314
f 3321 3322 3320
f 3322 3323 3320
f 3322 3324 3323
f 3320 3323 3314
f 3321 3325 3322
f 3325 3326 3322
f 3325 1864 3326
f 3322 3326 3324
f 3314 3323 3317
f 3323 3327 3317
f 3323 3324 3327
f 3317 3327 3318
f 2857 2867 3319
f 2867 3328 3319
f 2867 2864 3328
f 3319 3328 3321
f 2864 3329 3328
f 3329 3330 3328
f 3329 1878 3330
f 3328 3330 3321
f 2864 2866 3329
f 2866 1882 3329
f 2866 1884 1882
f 3329 1882 1878
f 3321 3330 3325
f 3330 1876 3325
f 3330 1878 1876
f 3325 1876 1864
f 3318 3327 3331
f 3327 3332 3331
f 3327 3324 3332
f 3331 3332 3333
f 3324 3334 3332
f 3334 3335 3332
f 3334 1858 3335
f 3332 3335 3333
f 3324 3326 3334
f 3326 1862 3334
f 3326 1864 1862
f 3334 1862 1858
f 3333 3335 3336
f 3335 1856 3336
f 3335 1858 1856
f 3336 1856 1046
f 2521 2946 3277
f 2946 3337 3277
f 2946 2949 3337
f 3277 3337 3276
f 2949 3338 3337
f 3338 3339 3337
f 3338 3340 3339
f 3337 3339 3276
f 2949 2956 3338
f 2956 3341 3338
f 2956 2958 3341
f 3338 3341 3340
f 3276 3339 3278
f 3339 3342 3278
f 3339 3340 3342
f 3278 3342 3271
f 2958 3343 3341
f 3343 3344 3341
f 3343 3345 3344
f 3341 3344 3340
f 3345 3346 3344
f 3346 3347 3344
f 3346 3348 3347
f 3344 3347 3340
f 3345 3349 3346
f 3349 3350 3346
f 3349 492 3350
f 3346 3350 3348
f 3340 3347 3342
f 3347 3351 3342
f 3347 3348 3351
f 3342 3351 3271
f 2958 2974 3343
f 2974 3352 3343
f 2974 2976 3352
f 3343 3352 3345
f 2976 3353 3352
f 3353 3354 3352
f 3353 506 3354
f 3352 3354 3345
f 2976 2979 3353
f 2979 510 3353
f 2979 303 510
f 3353 510 506
f 3345 3354 3349
f 3354 504 3349
f 3354 506 504
f 3349 504 492
f 3271 3351 3285
f 3351 3355 3285
f 3351 3348 3355
f 3285 3355 3284
f 3348 3356 3355
f 3356 3357 3355
f 3356 486 3357
f 3355 3357 3284
f 3348 3350 3356
f 3350 490 3356
f 3350 492 490
f 3356 490 486
f 3284 3357 3287
f 3357 484 3287
f 3357 486 484
f 3287 484 269
f 2794 3015 3358
f 3015 3359 3358
f 3015 3013 3359
f 3358 3359 3360
f 3013 3361 3359
f 3361 3362 3359
f 3361 3363 3362
f 3359 3362 3360
f 3013 3014 3361
f 3014 3364 3361
f 3014 2998 3364
f 3361 3364 3363
f 3360 3362 3365
f 3362 3366 3365
f 3362 3363 3366
f 3365 3366 3367
f 2998 3368 3364
f 3368 3369 3364
f 3368 3370 3369
f 3364 3369 3363
f 3370 3371 3369
f 3371 3372 3369
f 3371 3373 3372
f 3369 3372 3363
f 3370 3374 3371
f 3374 3375 3371
f 3374 3376 3375
f 3371 3375 3373
f 3363 3372 3366
f 3372 3377 3366
f 3372 3373 3377
f 3366 3377 3367
f 2998 3009 3368
f 3009 3378 3368
f 3009 3005 3378
f 3368 3378 3370
f 3005 3379 3378
f 3379 3380 3378
f 3379 3381 3380
f 3378 3380 3370
f 3005 3007 3379
f 3007 3382 3379
f 3007 3008 3382
f 3379 3382 3381
f 3370 3380 3374
f 3380 3383 3374
f 3380 3381 3383
f 3374 3383 3376
f 3367 3377 3384
f 3377 3385 3384
f 3377 3373 3385
f 3384 3385 3386
f 3373 3387 3385
f 3387 3388 3385
f 3387 3389 3388
f 3385 3388 3386
f 3373 3375 3387
f 3375 3390 3387
f 3375 3376 3390
f 3387 3390 3389
f 3386 3388 3391
f 3388 3392 3391
f 3388 3389 3392
f 3391 3392 2795
f 1411 2271 3393
f 2271 3394 3393
f 2271 2273 3394
f 3393 3394 3395
f 2273 3396 3394
f 3396 3397 3394
f 3396 3398 3397
f 3394 3397 3395
f 2273 2278 3396
f 2278 3399 3396
f 2278 2280 3399
f 3396 3399 3398
f 3395 3397 3400
f 3397 3401 3400
f 3397 3398 3401
f 3400 3401 3402
f 2280 3403 3399
f 3403 3404 3399
f 3403 3405 3404
f 3399 3404 3398
f 3405 3406 3404
f 3406 3407 3404
f 3406 3408 3407
f 3404 3407 3398
f 3405 3409 3406
f 3409 3410 3406
f 3409 3411 3410
f 3406 3410 3408
f 3398 3407 3401
f 3407 3412 3401
f 3407 3408 3412
f 3401 3412 3402
f 2280 2297 3403
f 2297 3413 3403
f 2297 2299 3413
f 3403 3413 3405
f 2299 3414 3413
f 3414 3415 3413
f 3414 3416 3415
f 3413 3415 3405
f 2299 2304 3414
f 2304 3417 3414
f 2304 2306 3417
f 3414 3417 3416
f 3405 3415 3409
f 3415 3418 3409
f 3415 3416 3418
f 3409 3418 3411
f 3402 3412 3419
f 3412 3420 3419
f 3412 3408 3420
f 3419 3420 3421
f 3408 3422 3420
f 3422 3423 3420
f 3422 3424 3423
f 3420 3423 3421
f 3408 3410 3422
f 3410 3425 3422
f 3410 3411 3425
f 3422 3425 3424
f 3421 3423 3426
f 3423 3427 3426
f 3423 3424 3427
f 3426 3427 3122
f 3167 3428 3429
f 3428 3430 3429
f 3428 3431 3430
f 3429 3430 3432
f 3431 3433 3430
f 3433 3434 3430
f 3433 3435 3434
f 3430 3434 3432
f 3431 3436 3433
f 3436 3437 3433
f 3436 3438 3437
f 3433 3437 3435
f 3432 3434 3439
f 3434 3440 3439
f 3434 3435 3440
f 3439 3440 3441
f 3438 3442 3437
f 3442 3443 3437
f 3442 3444 3443
f 3437 3443 3435
f 3444 3445 3443
f 3445 3446 3443
f 3445 3447 3446
f 3443 3446 3435
f 3444 3448 3445
f 3448 3449 3445
f 3448 3136 3449
f 3445 3449 3447
f 3435 3446 3440
f 3446 3450 3440
f 3446 3447 3450
f 3440 3450 3441
f 3438 3451 3442
f 3451 3452 3442
f 3451 3453 3452
f 3442 3452 3444
f 3453 3454 3452
f 3454 3455 3452
f 3454 3127 3455
f 3452 3455 3444
f 3453 3456 3454
f 3456 3124 3454
f 3456 3122 3124
f 3454 3124 3127
f 3444 3455 3448
f 3455 3134 3448
f 3455 3127 3134
f 3448 3134 3136
f 3441 3450 3457
f 3450 3458 3457
f 3450 3447 3458
f 3457 3458 3459
f 3447 3460 3458
f 3460 3461 3458
f 3460 3159 3461
f 3458 3461 3459
f 3447 3449 3460
f 3449 3157 3460
f 3449 3136 3157
f 3460 3157 3159
f 3459 3461 3462
f 3461 3164 3462
f 3461 3159 3164
f 3462 3164 3166
f 3167 3169 3428
f 3169 3463 3428
f 3169 3172 3463
f 3428 3463 3431
f 3172 3464 3463
f 3464 3465 3463
f 3464 3466 3465
f 3463 3465 3431
f 3172 3179 3464
f 3179 3467 3464
f 3179 3181 3467
f 3464 3467 3466
f 3431 3465 3436
f 3465 3468 3436
f 3465 3466 3468
f 3436 3468 3438
f 3181 3469 3467
f 3469 3470 3467
f 3469 3471 3470
f 3467 3470 3466
f 3471 3472 3470
f 3472 3473 3470
f 3472 3474 3473
f 3470 3473 3466
f 3471 3475 3472
f 3475 3476 3472
f 3475 3402 3476
f 3472 3476 3474
f 3466 3473 3468
f 3473 3477 3468
f 3473 3474 3477
f 3468 3477 3438
f 3181 3201 3469
f 3201 3478 3469
f 3201 3203 3478
f 3469 3478 3471
f 3203 3479 3478
f 3479 3480 3478
f 3479 3395 3480
f 3478 3480 3471
f 3203 3208 3479
f 3208 3393 3479
f 3208 1411 3393
f 3479 3393 3395
f 3471 3480 3475
f 3480 3400 3475
f 3480 3395 3400
f 3475 3400 3402
f 3438 3477 3451
f 3477 3481 3451
f 3477 3474 3481
f 3451 3481 3453
f 3474 3482 3481
f 3482 3483 3481
f 3482 3421 3483
f 3481 3483 3453
f 3474 3476 3482
f 3476 3419 3482
f 3476 3402 3419
f 3482 3419 3421
f 3453 3483 3456
f 3483 3426 3456
f 3483 3421 3426
f 3456 3426 3122
f 2478 3253 3199
f 3253 3484 3199
f 3253 3255 3484
f 3199 3484 3197
f 3255 3485 3484
f 3485 3486 3484
f 3485 3487 3486
f 3484 3486 3197
f 3255 3260 3485
f 3260 3488 3485
f 3260 3262 3488
f 3485 3488 3487
f 3197 3486 3200
f 3486 3489 3200
f 3486 3487 3489
f 3200 3489 3190
f 3262 3490 3488
f 3490 3491 3488
f 3490 3492 3491
f 3488 3491 3487
f 3492 3493 3491
f 3493 3494 3491
f 3493 3495 3494
f 3491 3494 3487
f 3492 3496 3493
f 3496 3497 3493
f 3496 1385 3497
f 3493 3497 3495
f 3487 3494 3489
f 3494 3498 3489
f 3494 3495 3498
f 3489 3498 3190
f 3262 3279 3490
f 3279 3499 3490
f 3279 3281 3499
f 3490 3499 3492
f 3281 3500 3499
f 3500 3501 3499
f 3500 1378 3501
f 3499 3501 3492
f 3281 3286 3500
f 3286 1376 3500
f 3286 269 1376
f 3500 1376 1378
f 3492 3501 3496
f 3501 1383 3496
f 3501 1378 1383
f 3496 1383 1385
f 3190 3498 3207
f 3498 3502 3207
f 3498 3495 3502
f 3207 3502 3206
f 3495 3503 3502
f 3503 3504 3502
f 3503 1404 3504
f 3502 3504 3206
f 3495 3497 3503
f 3497 1402 3503
f 3497 1385 1402
f 3503 1402 1404
f 3206 3504 3209
f 3504 1409 3209
f 3504 1404 1409
f 3209 1409 1411
f 3505 3506 3507
f 3506 3508 3507
f 3506 3509 3508
f 3507 3508 3510
f 3509 3511 3508
f 3511 3512 3508
f 3511 3513 3512
f 3508 3512 3510
f 3509 3514 3511
f 3514 3515 3511
f 3514 3516 3515
f 3511 3515 3513
f 3510 3512 3517
f 3512 3518 3517
f 3512 3513 3518
f 3517 3518 3519
f 3516 3520 3515
f 3520 3521 3515
f 3520 3522 3521
f 3515 3521 3513
f 3522 3523 3521
f 3523 3524 3521
f 3523 3525 3524
f 3521 3524 3513
f 3522 3526 3523
f 3526 3527 3523
f 3526 3441 3527
f 3523 3527 3525
f 3513 3524 3518
f 3524 3528 3518
f 3524 3525 3528
f 3518 3528 3519
f 3516 3529 3520
f 3529 3530 3520
f 3529 3531 3530
f 3520 3530 3522
f 3531 3532 3530
f 3532 3533 3530
f 3532 3432 3533
f 3530 3533 3522
f 3531 3534 3532
f 3534 3429 3532
f 3534 3167 3429
f 3532 3429 3432
f 3522 3533 3526
f 3533 3439 3526
f 3533 3432 3439
f 3526 3439 3441
f 3519 3528 3535
f 3528 3536 3535
f 3528 3525 3536
f 3535 3536 3537
f 3525 3538 3536
f 3538 3539 3536
f 3538 3459 3539
f 3536 3539 3537
f 3525 3527 3538
f 3527 3457 3538
f 3527 3441 3457
f 3538 3457 3459
f 3537 3539 3540
f 3539 3462 3540
f 3539 3459 3462
f 3540 3462 3166
f 213 3051 212
f 3051 3541 212
f 3051 3049 3541
f 212 3541 210
f 3049 3542 3541
f 3542 3543 3541
f 3542 3544 3543
f 3541 3543 210
f 3049 3050 3542
f 3050 3545 3542
f 3050 3034 3545
f 3542 3545 3544
f 210 3543 214
f 3543 3546 214
f 3543 3544 3546
f 214 3546 203
f 3034 3547 3545
f 3547 3548 3545
f 3547 3549 3548
f 3545 3548 3544
f 3549 3550 3548
f 3550 3551 3548
f 3550 3552 3551
f 3548 3551 3544
f 3549 3553 3550
f 3553 3554 3550
f 3553 3555 3554
f 3550 3554 3552
f 3544 3551 3546
f 3551 3556 3546
f 3551 3552 3556
f 3546 3556 203
f 3034 3045 3547
f 3045 3557 3547
f 3045 3041 3557
f 3547 3557 3549
f 3041 3558 3557
f 3558 3559 3557
f 3558 3560 3559
f 3557 3559 3549
f 3041 3043 3558
f 3043 3561 3558
f 3043 3044 3561
f 3558 3561 3560
f 3549 3559 3553
f 3559 3562 3553
f 3559 3560 3562
f 3553 3562 3555
f 203 3556 221
f 3556 3563 221
f 3556 3552 3563
f 221 3563 220
f 3552 3564 3563
f 3564 3565 3563
f 3564 3566 3565
f 3563 3565 220
f 3552 3554 3564
f 3554 3567 3564
f 3554 3555 3567
f 3564 3567 3566
f 220 3565 223
f 3565 3568 223
f 3565 3566 3568
f 223 3568 224
f 3505 3507 3569
f 3507 3570 3569
f 3507 3510 3570
f 3569 3570 3571
f 3510 3572 3570
f 3572 3573 3570
f 3572 3574 3573
f 3570 3573 3571
f 3510 3517 3572
f 3517 3575 3572
f 3517 3519 3575
f 3572 3575 3574
f 3571 3573 3576
f 3573 3577 3576
f 3573 3574 3577
f 3576 3577 3578
f 3519 3579 3575
f 3579 3580 3575
f 3579 3581 3580
f 3575 3580 3574
f 3581 3582 3580
f 3582 3583 3580
f 3582 3584 3583
f 3580 3583 3574
f 3581 3585 3582
f 3585 3586 3582
f 3585 3587 3586
f 3582 3586 3584
f 3574 3583 3577
f 3583 3588 3577
f 3583 3584 3588
f 3577 3588 3578
f 3519 3535 3579
f 3535 3589 3579
f 3535 3537 3589
f 3579 3589 3581
f 3537 3590 3589
f 3590 3591 3589
f 3590 3592 3591
f 3589 3591 3581
f 3537 3540 3590
f 3540 3593 3590
f 3540 3166 3593
f 3590 3593 3592
f 3581 3591 3585
f 3591 3594 3585
f 3591 3592 3594
f 3585 3594 3587
f 3578 3588 3595
f 3588 3596 3595
f 3588 3584 3596
f 3595 3596 3597
f 3584 3598 3596
f 3598 3599 3596
f 3598 3600 3599
f 3596 3599 3597
f 3584 3586 3598
f 3586 3601 3598
f 3586 3587 3601
f 3598 3601 3600
f 3597 3599 3602
f 3599 3603 3602
f 3599 3600 3603
f 3602 3603 3604
f 3604 3605 3606
f 3605 3607 3606
f 3605 3608 3607
f 3606 3607 3609
f 3608 3610 3607
f 3610 3611 3607
f 3610 3612 3611
f 3607 3611 3609
f 3608 3613 3610
f 3613 3614 3610
f 3613 3615 3614
f 3610 3614 3612
f 3609 3611 3616
f 3611 3617 3616
f 3611 3612 3617
f 3616 3617 3618
f 3615 3619 3614
f 3619 3620 3614
f 3619 3621 3620
f 3614 3620 3612
f 3621 3622 3620
f 3622 3623 3620
f 3622 3624 3623
f 3620 3623 3612
f 3621 3625 3622
f 3625 3626 3622
f 3625 3627 3626
f 3622 3626 3624
f 3612 3623 3617
f 3623 3628 3617
f 3623 3624 3628
f 3617 3628 3618
f 3615 3629 3619
f 3629 3630 3619
f 3629 3631 3630
f 3619 3630 3621
f 3631 3632 3630
f 3632 3633 3630
f 3632 3634 3633
f 3630 3633 3621
f 3631 3635 3632
f 3635 3636 3632
f 3635 3637 3636
f 3632 3636 3634
f 3621 3633 3625
f 3633 3638 3625
f 3633 3634 3638
f 3625 3638 3627
f 3618 3628 3639
f 3628 3640 3639
f 3628 3624 3640
f 3639 3640 3641
f 3624 3642 3640
f 3642 3643 3640
f 3642 3644 3643
f 3640 3643 3641
f 3624 3626 3642
f 3626 3645 3642
f 3626 3627 3645
f 3642 3645 3644
f 3641 3643 3646
f 3643 3647 3646
f 3643 3644 3647
f 3646 3647 1785
f 3648 3649 3650
f 3649 3651 3650
f 3649 3652 3651
f 3650 3651 3653
f 3652 3654 3651
f 3654 3655 3651
f 3654 3656 3655
f 3651 3655 3653
f 3652 3657 3654
f 3657 3658 3654
f 3657 3659 3658
f 3654 3658 3656
f 3653 3655 3660
f 3655 3661 3660
f 3655 3656 3661
f 3660 3661 3662
f 3659 3663 3658
f 3663 3664 3658
f 3663 3665 3664
f 3658 3664 3656
f 3665 3666 3664
f 3666 3667 3664
f 3666 3668 3667
f 3664 3667 3656
f 3665 3669 3666
f 3669 3670 3666
f 3669 3578 3670
f 3666 3670 3668
f 3656 3667 3661
f 3667 3671 3661
f 3667 3668 3671
f 3661 3671 3662
f 3659 3672 3663
f 3672 3673 3663
f 3672 3674 3673
f 3663 3673 3665
f 3674 3675 3673
f 3675 3676 3673
f 3675 3571 3676
f 3673 3676 3665
f 3674 3677 3675
f 3677 3569 3675
f 3677 3505 3569
f 3675 3569 3571
f 3665 3676 3669
f 3676 3576 3669
f 3676 3571 3576
f 3669 3576 3578
f 3662 3671 3678
f 3671 3679 3678
f 3671 3668 3679
f 3678 3679 3680
f 3668 3681 3679
f 3681 3682 3679
f 3681 3597 3682
f 3679 3682 3680
f 3668 3670 3681
f 3670 3595 3681
f 3670 3578 3595
f 3681 3595 3597
f 3680 3682 3683
f 3682 3602 3683
f 3682 3597 3602
f 3683 3602 3604
f 2650 3684 3685
f 3684 3686 3685
f 3684 3687 3686
f 3685 3686 3688
f 3687 3689 3686
f 3689 3690 3686
f 3689 3691 3690
f 3686 3690 3688
f 3687 3692 3689
f 3692 3693 3689
f 3692 3694 3693
f 3689 3693 3691
f 3688 3690 3695
f 3690 3696 3695
f 3690 3691 3696
f 3695 3696 3697
f 3694 3698 3693
f 3698 3699 3693
f 3698 3700 3699
f 3693 3699 3691
f 3700 3701 3699
f 3701 3702 3699
f 3701 3703 3702
f 3699 3702 3691
f 3700 3704 3701
f 3704 3705 3701
f 3704 1244 3705
f 3701 3705 3703
f 3691 3702 3696
f 3702 3706 3696
f 3702 3703 3706
f 3696 3706 3697
f 3694 3707 3698
f 3707 3708 3698
f 3707 3709 3708
f 3698 3708 3700
f 3709 3710 3708
f 3710 3711 3708
f 3710 1260 3711
f 3708 3711 3700
f 3709 3712 3710
f 3712 1264 3710
f 3712 1266 1264
f 3710 1264 1260
f 3700 3711 3704
f 3711 1258 3704
f 3711 1260 1258
f 3704 1258 1244
f 3697 3706 3713
f 3706 3714 3713
f 3706 3703 3714
f 3713 3714 3715
f 3703 3716 3714
f 3716 3717 3714
f 3716 1237 3717
f 3714 3717 3715
f 3703 3705 3716
f 3705 1242 3716
f 3705 1244 1242
f 3716 1242 1237
f 3715 3717 3718
f 3717 1234 3718
f 3717 1237 1234
f 3718 1234 1233
f 3719 3720 3721
f 3720 3722 3721
f 3720 3723 3722
f 3721 3722 3724
f 3723 3725 3722
f 3725 3726 3722
f 3725 3727 3726
f 3722 3726 3724
f 3723 3728 3725
f 3728 3729 3725
f 3728 3730 3729
f 3725 3729 3727
f 3724 3726 3731
f 3726 3732 3731
f 3726 3727 3732
f 3731 3732 3733
f 3730 3734 3729
f 3734 3735 3729
f 3734 3736 3735
f 3729 3735 3727
f 3736 3737 3735
f 3737 3738 3735
f 3737 3739 3738
f 3735 3738 3727
f 3736 3740 3737
f 3740 3741 3737
f 3740 2587 3741
f 3737 3741 3739
f 3727 3738 3732
f 3738 3742 3732
f 3738 3739 3742
f 3732 3742 3733
f 3730 3743 3734
f 3743 3744 3734
f 3743 3745 3744
f 3734 3744 3736
f 3745 3746 3744
f 3746 3747 3744
f 3746 2580 3747
f 3744 3747 3736
f 3745 3748 3746
f 3748 2578 3746
f 3748 921 2578
f 3746 2578 2580
f 3736 3747 3740
f 3747 2585 3740
f 3747 2580 2585
f 3740 2585 2587
f 3733 3742 3749
f 3742 3750 3749
f 3742 3739 3750
f 3749 3750 3751
f 3739 3752 3750
f 3752 3753 3750
f 3752 2602 3753
f 3750 3753 3751
f 3739 3741 3752
f 3741 2600 3752
f 3741 2587 2600
f 3752 2600 2602
f 3751 3753 3754
f 3753 2605 3754
f 3753 2602 2605
f 3754 2605 957
f 3755 3756 3757
f 3756 3758 3757
f 3756 3759 3758
f 3757 3758 3760
f 3759 3761 3758
f 3761 3762 3758
f 3761 3763 3762
f 3758 3762 3760
f 3759 3764 3761
f 3764 3765 3761
f 3764 3766 3765
f 3761 3765 3763
f 3760 3762 3767
f 3762 3768 3767
f 3762 3763 3768
f 3767 3768 3769
f 3766 3770 3765
f 3770 3771 3765
f 3770 3772 3771
f 3765 3771 3763
f 3772 3773 3771
f 3773 3774 3771
f 3773 3775 3774
f 3771 3774 3763
f 3772 3776 3773
f 3776 3777 3773
f 3776 3778 3777
f 3773 3777 3775
f 3763 3774 3768
f 3774 3779 3768
f 3774 3775 3779
f 3768 3779 3769
f 3766 3780 3770
f 3780 3781 3770
f 3780 3782 3781
f 3770 3781 3772
f 3782 3783 3781
f 3783 3784 3781
f 3783 3785 3784
f 3781 3784 3772
f 3782 3786 3783
f 3786 3787 3783
f 3786 2087 3787
f 3783 3787 3785
f 3772 3784 3776
f 3784 3788 3776
f 3784 3785 3788
f 3776 3788 3778
f 3769 3779 3789
f 3779 3790 3789
f 3779 3775 3790
f 3789 3790 3791
f 3775 3792 3790
f 3792 3793 3790
f 3792 3794 3793
f 3790 3793 3791
f 3775 3777 3792
f 3777 3795 3792
f 3777 3778 3795
f 3792 3795 3794
f 3791 3793 3796
f 3793 3797 3796
f 3793 3794 3797
f 3796 3797 3798
f 2307 3799 2308
f 3799 3800 2308
f 3799 3801 3800
f 2308 3800 2311
f 3801 3802 3800
f 3802 3803 3800
f 3802 3804 3803
f 3800 3803 2311
f 3801 3805 3802
f 3805 3806 3802
f 3805 3807 3806
f 3802 3806 3804
f 2311 3803 2316
f 3803 3808 2316
f 3803 3804 3808
f 2316 3808 2318
f 3807 3809 3806
f 3809 3810 3806
f 3809 3811 3810
f 3806 3810 3804
f 3811 3812 3810
f 3812 3813 3810
f 3812 3814 3813
f 3810 3813 3804
f 3811 3815 3812
f 3815 3816 3812
f 3815 3817 3816
f 3812 3816 3814
f 3804 3813 3808
f 3813 3818 3808
f 3813 3814 3818
f 3808 3818 2318
f 3807 3819 3809
f 3819 3820 3809
f 3819 3821 3820
f 3809 3820 3811
f 3821 3822 3820
f 3822 3823 3820
f 3822 3824 3823
f 3820 3823 3811
f 3821 3825 3822
f 3825 3826 3822
f 3825 3827 3826
f 3822 3826 3824
f 3811 3823 3815
f 3823 3828 3815
f 3823 3824 3828
f 3815 3828 3817
f 2318 3818 2332
f 3818 3829 2332
f 3818 3814 3829
f 2332 3829 2334
f 3814 3830 3829
f 3830 3831 3829
f 3830 3832 3831
f 3829 3831 2334
f 3814 3816 3830
f 3816 3833 3830
f 3816 3817 3833
f 3830 3833 3832
f 2334 3831 2338
f 3831 3834 2338
f 3831 3832 3834
f 2338 3834 2340
f 2521 3835 2945
f 3835 3836 2945
f 3835 3837 3836
f 2945 3836 2948
f 3837 3838 3836
f 3838 3839 3836
f 3838 3840 3839
f 3836 3839 2948
f 3837 3841 3838
f 3841 3842 3838
f 3841 3843 3842
f 3838 3842 3840
f 2948 3839 2953
f 3839 3844 2953
f 3839 3840 3844
f 2953 3844 2955
f 3843 3845 3842
f 3845 3846 3842
f 3845 3847 3846
f 3842 3846 3840
f 3847 3848 3846
f 3848 3849 3846
f 3848 3850 3849
f 3846 3849 3840
f 3847 3851 3848
f 3851 3852 3848
f 3851 3853 3852
f 3848 3852 3850
f 3840 3849 3844
f 3849 3854 3844
f 3849 3850 3854
f 3844 3854 2955
f 3843 3855 3845
f 3855 3856 3845
f 3855 3857 3856
f 3845 3856 3847
f 3857 3858 3856
f 3858 3859 3856
f 3858 3860 3859
f 3856 3859 3847
f 3857 3861 3858
f 3861 3862 3858
f 3861 3863 3862
f 3858 3862 3860
f 3847 3859 3851
f 3859 3864 3851
f 3859 3860 3864
f 3851 3864 3853
f 2955 3854 2968
f 3854 3865 2968
f 3854 3850 3865
f 2968 3865 2970
f 3850 3866 3865
f 3866 3867 3865
f 3866 3868 3867
f 3865 3867 2970
f 3850 3852 3866
f 3852 3869 3866
f 3852 3853 3869
f 3866 3869 3868
f 2970 3867 2973
f 3867 3870 2973
f 3867 3868 3870
f 2973 3870 1676
f 3755 3757 3871
f 3757 3872 3871
f 3757 3760 3872
f 3871 3872 3873
f 3760 3874 3872
f 3874 3875 3872
f 3874 3876 3875
f 3872 3875 3873
f 3760 3767 3874
f 3767 3877 3874
f 3767 3769 3877
f 3874 3877 3876
f 3873 3875 3878
f 3875 3879 3878
f 3875 3876 3879
f 3878 3879 3880
f 3769 3881 3877
f 3881 3882 3877
f 3881 3883 3882
f 3877 3882 3876
f 3883 3884 3882
f 3884 3885 3882
f 3884 3886 3885
f 3882 3885 3876
f 3883 3887 3884
f 3887 3888 3884
f 3887 3889 3888
f 3884 3888 3886
f 3876 3885 3879
f 3885 3890 3879
f 3885 3886 3890
f 3879 3890 3880
f 3769 3789 3881
f 3789 3891 3881
f 3789 3791 3891
f 3881 3891 3883
f 3791 3892 3891
f 3892 3893 3891
f 3892 3894 3893
f 3891 3893 3883
f 3791 3796 3892
f 3796 3895 3892
f 3796 3798 3895
f 3892 3895 3894
f 3883 3893 3887
f 3893 3896 3887
f 3893 3894 3896
f 3887 3896 3889
f 3880 3890 3897
f 3890 3898 3897
f 3890 3886 3898
f 3897 3898 3899
f 3886 3900 3898
f 3900 3901 3898
f 3900 3902 3901
f 3898 3901 3899
f 3886 3888 3900
f 3888 3903 3900
f 3888 3889 3903
f 3900 3903 3902
f 3899 3901 3904
f 3901 3905 3904
f 3901 3902 3905
f 3904 3905 2687
f 3648 3906 3907
f 3906 3908 3907
f 3906 3909 3908
f 3907 3908 3910
f 3909 3911 3908
f 3911 3912 3908
f 3911 3913 3912
f 3908 3912 3910
f 3909 3914 3911
f 3914 3915 3911
f 3914 3916 3915
f 3911 3915 3913
f 3910 3912 3917
f 3912 3918 3917
f 3912 3913 3918
f 3917 3918 3919
f 3916 3920 3915
f 3920 3921 3915
f 3920 3922 3921
f 3915 3921 3913
f 3922 3923 3921
f 3923 3924 3921
f 3923 3925 3924
f 3921 3924 3913
f 3922 3926 3923
f 3926 3927 3923
f 3926 1799 3927
f 3923 3927 3925
f 3913 3924 3918
f 3924 3928 3918
f 3924 3925 3928
f 3918 3928 3919
f 3916 3929 3920
f 3929 3930 3920
f 3929 3931 3930
f 3920 3930 3922
f 3931 3932 3930
f 3932 3933 3930
f 3932 1790 3933
f 3930 3933 3922
f 3931 3934 3932
f 3934 1787 3932
f 3934 1785 1787
f 3932 1787 1790
f 3922 3933 3926
f 3933 1797 3926
f 3933 1790 1797
f 3926 1797 1799
f 3919 3928 3935
f 3928 3936 3935
f 3928 3925 3936
f 3935 3936 3937
f 3925 3938 3936
f 3938 3939 3936
f 3938 1817 3939
f 3936 3939 3937
f 3925 3927 3938
f 3927 1815 3938
f 3927 1799 1815
f 3938 1815 1817
f 3937 3939 3940
f 3939 1820 3940
f 3939 1817 1820
f 3940 1820 921
f 348 1312 448
f 1312 3941 448
f 1312 1314 3941
f 448 3941 450
f 1314 3942 3941
f 3942 3943 3941
f 3942 3944 3943
f 3941 3943 450
f 1314 1319 3942
f 1319 3945 3942
f 1319 1321 3945
f 3942 3945 3944
f 450 3943 454
f 3943 3946 454
f 3943 3944 3946
f 454 3946 456
f 1321 3947 3945
f 3947 3948 3945
f 3947 3949 3948
f 3945 3948 3944
f 3949 3950 3948
f 3950 3951 3948
f 3950 3952 3951
f 3948 3951 3944
f 3949 3953 3950
f 3953 3954 3950
f 3953 3955 3954
f 3950 3954 3952
f 3944 3951 3946
f 3951 3956 3946
f 3951 3952 3956
f 3946 3956 456
f 1321 1338 3947
f 1338 3957 3947
f 1338 1340 3957
f 3947 3957 3949
f 1340 3958 3957
f 3958 3959 3957
f 3958 3960 3959
f 3957 3959 3949
f 1340 1345 3958
f 1345 3961 3958
f 1345 1347 3961
f 3958 3961 3960
f 3949 3959 3953
f 3959 3962 3953
f 3959 3960 3962
f 3953 3962 3955
f 456 3956 468
f 3956 3963 468
f 3956 3952 3963
f 468 3963 470
f 3952 3964 3963
f 3964 3965 3963
f 3964 3966 3965
f 3963 3965 470
f 3952 3954 3964
f 3954 3967 3964
f 3954 3955 3967
f 3964 3967 3966
f 470 3965 474
f 3965 3968 474
f 3965 3966 3968
f 474 3968 476
f 2687 3969 2688
f 3969 3970 2688
f 3969 3971 3970
f 2688 3970 2691
f 3971 3972 3970
f 3972 3973 3970
f 3972 3974 3973
f 3970 3973 2691
f 3971 3975 3972
f 3975 3976 3972
f 3975 3977 3976
f 3972 3976 3974
f 2691 3973 2696
f 3973 3978 2696
f 3973 3974 3978
f 2696 3978 2698
f 3977 3979 3976
f 3979 3980 3976
f 3979 3981 3980
f 3976 3980 3974
f 3981 3982 3980
f 3982 3983 3980
f 3982 3984 3983
f 3980 3983 3974
f 3981 3985 3982
f 3985 3986 3982
f 3985 627 3986
f 3982 3986 3984
f 3974 3983 3978
f 3983 3987 3978
f 3983 3984 3987
f 3978 3987 2698
f 3977 3988 3979
f 3988 3989 3979
f 3988 3990 3989
f 3979 3989 3981
f 3990 3991 3989
f 3991 3992 3989
f 3991 641 3992
f 3989 3992 3981
f 3990 3993 3991
f 3993 645 3991
f 3993 647 645
f 3991 645 641
f 3981 3992 3985
f 3992 639 3985
f 3992 641 639
f 3985 639 627
f 2698 3987 2711
f 3987 3994 2711
f 3987 3984 3994
f 2711 3994 2713
f 3984 3995 3994
f 3995 3996 3994
f 3995 621 3996
f 3994 3996 2713
f 3984 3986 3995
f 3986 625 3995
f 3986 627 625
f 3995 625 621
f 2713 3996 2716
f 3996 619 2716
f 3996 621 619
f 2716 619 90
f 3648 3650 3906
f 3650 3997 3906
f 3650 3653 3997
f 3906 3997 3909
f 3653 3998 3997
f 3998 3999 3997
f 3998 4000 3999
f 3997 3999 3909
f 3653 3660 3998
f 3660 4001 3998
f 3660 3662 4001
f 3998 4001 4000
f 3909 3999 3914
f 3999 4002 3914
f 3999 4000 4002
f 3914 4002 3916
f 3662 4003 4001
f 4003 4004 4001
f 4003 4005 4004
f 4001 4004 4000
f 4005 4006 4004
f 4006 4007 4004
f 4006 4008 4007
f 4004 4007 4000
f 4005 4009 4006
f 4009 4010 4006
f 4009 3618 4010
f 4006 4010 4008
f 4000 4007 4002
f 4007 4011 4002
f 4007 4008 4011
f 4002 4011 3916
f 3662 3678 4003
f 3678 4012 4003
f 3678 3680 4012
f 4003 4012 4005
f 3680 4013 4012
f 4013 4014 4012
f 4013 3609 4014
f 4012 4014 4005
f 3680 3683 4013
f 3683 3606 4013
f 3683 3604 3606
f 4013 3606 3609
f 4005 4014 4009
f 4014 3616 4009
f 4014 3609 3616
f 4009 3616 3618
f 3916 4011 3929
f 4011 4015 3929
f 4011 4008 4015
f 3929 4015 3931
f 4008 4016 4015
f 4016 4017 4015
f 4016 3641 4017
f 4015 4017 3931
f 4008 4010 4016
f 4010 3639 4016
f 4010 3618 3639
f 4016 3639 3641
f 3931 4017 3934
f 4017 3646 3934
f 4017 3641 3646
f 3934 3646 1785
f 314 1683 4018
f 1683 4019 4018
f 1683 1681 4019
f 4018 4019 4020
f 1681 4021 4019
f 4021 4022 4019
f 4021 4023 4022
f 4019 4022 4020
f 1681 1682 4021
f 1682 4024 4021
f 1682 1666 4024
f 4021 4024 4023
f 4020 4022 4025
f 4022 4026 4025
f 4022 4023 4026
f 4025 4026 4027
f 1666 4028 4024
f 4028 4029 4024
f 4028 4030 4029
f 4024 4029 4023
f 4030 4031 4029
f 4031 4032 4029
f 4031 4033 4032
f 4029 4032 4023
f 4030 4034 4031
f 4034 4035 4031
f 4034 4036 4035
f 4031 4035 4033
f 4023 4032 4026
f 4032 4037 4026
f 4032 4033 4037
f 4026 4037 4027
f 1666 1677 4028
f 1677 4038 4028
f 1677 1673 4038
f 4028 4038 4030
f 1673 4039 4038
f 4039 4040 4038
f 4039 4041 4040
f 4038 4040 4030
f 1673 1675 4039
f 1675 4042 4039
f 1675 1676 4042
f 4039 4042 4041
f 4030 4040 4034
f 4040 4043 4034
f 4040 4041 4043
f 4034 4043 4036
f 4027 4037 4044
f 4037 4045 4044
f 4037 4033 4045
f 4044 4045 4046
f 4033 4047 4045
f 4047 4048 4045
f 4047 4049 4048
f 4045 4048 4046
f 4033 4035 4047
f 4035 4050 4047
f 4035 4036 4050
f 4047 4050 4049
f 4046 4048 4051
f 4048 4052 4051
f 4048 4049 4052
f 4051 4052 2606
f 3505 4053 3506
f 4053 4054 3506
f 4053 4055 4054
f 3506 4054 3509
f 4055 4056 4054
f 4056 4057 4054
f 4056 4058 4057
f 4054 4057 3509
f 4055 4059 4056
f 4059 4060 4056
f 4059 4061 4060
f 4056 4060 4058
f 3509 4057 3514
f 4057 4062 3514
f 4057 4058 4062
f 3514 4062 3516
f 4061 4063 4060
f 4063 4064 4060
f 4063 4065 4064
f 4060 4064 4058
f 4065 4066 4064
f 4066 4067 4064
f 4066 4068 4067
f 4064 4067 4058
f 4065 4069 4066
f 4069 4070 4066
f 4069 4071 4070
f 4066 4070 4068
f 4058 4067 4062
f 4067 4072 4062
f 4067 4068 4072
f 4062 4072 3516
f 4061 4073 4063
f 4073 4074 4063
f 4073 4075 4074
f 4063 4074 4065
f 4075 4076 4074
f 4076 4077 4074
f 4076 4078 4077
f 4074 4077 4065
f 4075 4079 4076
f 4079 4080 4076
f 4079 4081 4080
f 4076 4080 4078
f 4065 4077 4069
f 4077 4082 4069
f 4077 4078 4082
f 4069 4082 4071
f 3516 4072 3529
f 4072 4083 3529
f 4072 4068 4083
f 3529 4083 3531
f 4068 4084 4083
f 4084 4085 4083
f 4084 4086 4085
f 4083 4085 3531
f 4068 4070 4084
f 4070 4087 4084
f 4070 4071 4087
f 4084 4087 4086
f 3531 4085 3534
f 4085 4088 3534
f 4085 4086 4088
f 3534 4088 3167
f 1892 1894 2980
f 1894 4089 2980
f 1894 1897 4089
f 2980 4089 2982
f 1897 4090 4089
f 4090 4091 4089
f 4090 4092 4091
f 4089 4091 2982
f 1897 1904 4090
f 1904 4093 4090
f 1904 1906 4093
f 4090 4093 4092
f 2982 4091 2986
f 4091 4094 2986
f 4091 4092 4094
f 2986 4094 2988
f 1906 4095 4093
f 4095 4096 4093
f 4095 4097 4096
f 4093 4096 4092
f 4097 4098 4096
f 4098 4099 4096
f 4098 4100 4099
f 4096 4099 4092
f 4097 4101 4098
f 4101 4102 4098
f 4101 4103 4102
f 4098 4102 4100
f 4092 4099 4094
f 4099 4104 4094
f 4099 4100 4104
f 4094 4104 2988
f 1906 1927 4095
f 1927 4105 4095
f 1927 1929 4105
f 4095 4105 4097
f 1929 4106 4105
f 4106 4107 4105
f 4106 4108 4107
f 4105 4107 4097
f 1929 1934 4106
f 1934 4109 4106
f 1934 1936 4109
f 4106 4109 4108
f 4097 4107 4101
f 4107 4110 4101
f 4107 4108 4110
f 4101 4110 4103
f 2988 4104 3000
f 4104 4111 3000
f 4104 4100 4111
f 3000 4111 3002
f 4100 4112 4111
f 4112 4113 4111
f 4112 4114 4113
f 4111 4113 3002
f 4100 4102 4112
f 4102 4115 4112
f 4102 4103 4115
f 4112 4115 4114
f 3002 4113 3006
f 4113 4116 3006
f 4113 4114 4116
f 3006 4116 3008
f 3637 4117 3636
f 4117 4118 3636
f 4117 4119 4118
f 3636 4118 3634
f 4119 4120 4118
f 4120 4121 4118
f 4120 4122 4121
f 4118 4121 3634
f 4119 4123 4120
f 4123 4124 4120
f 4123 4125 4124
f 4120 4124 4122
f 3634 4121 3638
f 4121 4126 3638
f 4121 4122 4126
f 3638 4126 3627
f 4125 4127 4124
f 4127 4128 4124
f 4127 4129 4128
f 4124 4128 4122
f 4129 4130 4128
f 4130 4131 4128
f 4130 4132 4131
f 4128 4131 4122
f 4129 4133 4130
f 4133 4134 4130
f 4133 2173 4134
f 4130 4134 4132
f 4122 4131 4126
f 4131 4135 4126
f 4131 4132 4135
f 4126 4135 3627
f 4125 4136 4127
f 4136 4137 4127
f 4136 4138 4137
f 4127 4137 4129
f 4138 4139 4137
f 4139 4140 4137
f 4139 2186 4140
f 4137 4140 4129
f 4138 4141 4139
f 4141 2189 4139
f 4141 842 2189
f 4139 2189 2186
f 4129 4140 4133
f 4140 2184 4133
f 4140 2186 2184
f 4133 2184 2173
f 3627 4135 3645
f 4135 4142 3645
f 4135 4132 4142
f 3645 4142 3644
f 4132 4143 4142
f 4143 4144 4142
f 4143 2167 4144
f 4142 4144 3644
f 4132 4134 4143
f 4134 2171 4143
f 4134 2173 2171
f 4143 2171 2167
f 3644 4144 3647
f 4144 2165 3647
f 4144 2167 2165
f 3647 2165 1785
f 476 4145 1198
f 4145 4146 1198
f 4145 4147 4146
f 1198 4146 1200
f 4147 4148 4146
f 4148 4149 4146
f 4148 4150 4149
f 4146 4149 1200
f 4147 4151 4148
f 4151 4152 4148
f 4151 4153 4152
f 4148 4152 4150
f 1200 4149 1204
f 4149 4154 1204
f 4149 4150 4154
f 1204 4154 1206
f 4153 4155 4152
f 4155 4156 4152
f 4155 4157 4156
f 4152 4156 4150
f 4157 4158 4156
f 4158 4159 4156
f 4158 4160 4159
f 4156 4159 4150
f 4157 4161 4158
f 4161 4162 4158
f 4161 2665 4162
f 4158 4162 4160
f 4150 4159 4154
f 4159 4163 4154
f 4159 4160 4163
f 4154 4163 1206
f 4153 4164 4155
f 4164 4165 4155
f 4164 4166 4165
f 4155 4165 4157
f 4166 4167 4165
f 4167 4168 4165
f 4167 2656 4168
f 4165 4168 4157
f 4166 4169 4167
f 4169 2653 4167
f 4169 2651 2653
f 4167 2653 2656
f 4157 4168 4161
f 4168 2663 4161
f 4168 2656 2663
f 4161 2663 2665
f 1206 4163 1218
f 4163 4170 1218
f 4163 4160 4170
f 1218 4170 1220
f 4160 4171 4170
f 4171 4172 4170
f 4171 2683 4172
f 4170 4172 1220
f 4160 4162 4171
f 4162 2681 4171
f 4162 2665 2681
f 4171 2681 2683
f 1220 4172 1224
f 4172 2686 1224
f 4172 2683 2686
f 1224 2686 1001
f 2478 4173 2479
f 4173 4174 2479
f 4173 4175 4174
f 2479 4174 2482
f 4175 4176 4174
f 4176 4177 4174
f 4176 4178 4177
f 4174 4177 2482
f 4175 4179 4176
f 4179 4180 4176
f 4179 4181 4180
f 4176 4180 4178
f 2482 4177 2487
f 4177 4182 2487
f 4177 4178 4182
f 2487 4182 2489
f 4181 4183 4180
f 4183 4184 4180
f 4183 4185 4184
f 4180 4184 4178
f 4185 4186 4184
f 4186 4187 4184
f 4186 4188 4187
f 4184 4187 4178
f 4185 4189 4186
f 4189 4190 4186
f 4189 4191 4190
f 4186 4190 4188
f 4178 4187 4182
f 4187 4192 4182
f 4187 4188 4192
f 4182 4192 2489
f 4181 4193 4183
f 4193 4194 4183
f 4193 4195 4194
f 4183 4194 4185
f 4195 4196 4194
f 4196 4197 4194
f 4196 4198 4197
f 4194 4197 4185
f 4195 4199 4196
f 4199 4200 4196
f 4199 4081 4200
f 4196 4200 4198
f 4185 4197 4189
f 4197 4201 4189
f 4197 4198 4201
f 4189 4201 4191
f 2489 4192 2503
f 4192 4202 2503
f 4192 4188 4202
f 2503 4202 2505
f 4188 4203 4202
f 4203 4204 4202
f 4203 4205 4204
f 4202 4204 2505
f 4188 4190 4203
f 4190 4206 4203
f 4190 4191 4206
f 4203 4206 4205
f 2505 4204 2509
f 4204 4207 2509
f 4204 4205 4207
f 2509 4207 2307
f 2606 4052 2607
f 4052 4208 2607
f 4052 4049 4208
f 2607 4208 2610
f 4049 4209 4208
f 4209 4210 4208
f 4209 4211 4210
f 4208 4210 2610
f 4049 4050 4209
f 4050 4212 4209
f 4050 4036 4212
f 4209 4212 4211
f 2610 4210 2615
f 4210 4213 2615
f 4210 4211 4213
f 2615 4213 2617
f 4036 4214 4212
f 4214 4215 4212
f 4214 4216 4215
f 4212 4215 4211
f 4216 4217 4215
f 4217 4218 4215
f 4217 4219 4218
f 4215 4218 4211
f 4216 4220 4217
f 4220 4221 4217
f 4220 4222 4221
f 4217 4221 4219
f 4211 4218 4213
f 4218 4223 4213
f 4218 4219 4223
f 4213 4223 2617
f 4036 4043 4214
f 4043 4224 4214
f 4043 4041 4224
f 4214 4224 4216
f 4041 4225 4224
f 4225 4226 4224
f 4225 4227 4226
f 4224 4226 4216
f 4041 4042 4225
f 4042 4228 4225
f 4042 1676 4228
f 4225 4228 4227
f 4216 4226 4220
f 4226 4229 4220
f 4226 4227 4229
f 4220 4229 4222
f 2617 4223 2631
f 4223 4230 2631
f 4223 4219 4230
f 2631 4230 2633
f 4219 4231 4230
f 4231 4232 4230
f 4231 4233 4232
f 4230 4232 2633
f 4219 4221 4231
f 4221 4234 4231
f 4221 4222 4234
f 4231 4234 4233
f 2633 4232 2637
f 4232 4235 2637
f 4232 4233 4235
f 2637 4235 2639
f 180 1311 1082
f 1311 4236 1082
f 1311 1308 4236
f 1082 4236 1084
f 1308 4237 4236
f 4237 4238 4236
f 4237 4239 4238
f 4236 4238 1084
f 1308 1309 4237
f 1309 4240 4237
f 1309 1295 4240
f 4237 4240 4239
f 1084 4238 1088
f 4238 4241 1088
f 4238 4239 4241
f 1088 4241 1090
f 1295 4242 4240
f 4242 4243 4240
f 4242 4244 4243
f 4240 4243 4239
f 4244 4245 4243
f 4245 4246 4243
f 4245 4247 4246
f 4243 4246 4239
f 4244 4248 4245
f 4248 4249 4245
f 4248 2530 4249
f 4245 4249 4247
f 4239 4246 4241
f 4246 4250 4241
f 4246 4247 4250
f 4241 4250 1090
f 1295 1302 4242
f 1302 4251 4242
f 1302 1300 4251
f 4242 4251 4244
f 1300 4252 4251
f 4252 4253 4251
f 4252 2543 4253
f 4251 4253 4244
f 1300 1301 4252
f 1301 2546 4252
f 1301 391 2546
f 4252 2546 2543
f 4244 4253 4248
f 4253 2541 4248
f 4253 2543 2541
f 4248 2541 2530
f 1090 4250 1102
f 4250 4254 1102
f 4250 4247 4254
f 1102 4254 1104
f 4247 4255 4254
f 4255 4256 4254
f 4255 2524 4256
f 4254 4256 1104
f 4247 4249 4255
f 4249 2528 4255
f 4249 2530 2528
f 4255 2528 2524
f 1104 4256 1108
f 4256 2522 1108
f 4256 2524 2522
f 1108 2522 1110
f 2795 3392 2796
f 3392 4257 2796
f 3392 3389 4257
f 2796 4257 2799
f 3389 4258 4257
f 4258 4259 4257
f 4258 4260 4259
f 4257 4259 2799
f 3389 3390 4258
f 3390 4261 4258
f 3390 3376 4261
f 4258 4261 4260
f 2799 4259 2804
f 4259 4262 2804
f 4259 4260 4262
f 2804 4262 2806
f 3376 4263 4261
f 4263 4264 4261
f 4263 4265 4264
f 4261 4264 4260
f 4265 4266 4264
f 4266 4267 4264
f 4266 4268 4267
f 4264 4267 4260
f 4265 4269 4266
f 4269 4270 4266
f 4269 4271 4270
f 4266 4270 4268
f 4260 4267 4262
f 4267 4272 4262
f 4267 4268 4272
f 4262 4272 2806
f 3376 3383 4263
f 3383 4273 4263
f 3383 3381 4273
f 4263 4273 4265
f 3381 4274 4273
f 4274 4275 4273
f 4274 4276 4275
f 4273 4275 4265
f 3381 3382 4274
f 3382 4277 4274
f 3382 3008 4277
f 4274 4277 4276
f 4265 4275 4269
f 4275 4278 4269
f 4275 4276 4278
f 4269 4278 4271
f 2806 4272 2820
f 4272 4279 2820
f 4272 4268 4279
f 2820 4279 2822
f 4268 4280 4279
f 4280 4281 4279
f 4280 4282 4281
f 4279 4281 2822
f 4268 4270 4280
f 4270 4283 4280
f 4270 4271 4283
f 4280 4283 4282
f 2822 4281 2826
f 4281 4284 2826
f 4281 4282 4284
f 2826 4284 1197
f 3167 4088 3168
f 4088 4285 3168
f 4088 4086 4285
f 3168 4285 3171
f 4086 4286 4285
f 4286 4287 4285
f 4286 4288 4287
f 4285 4287 3171
f 4086 4087 4286
f 4087 4289 4286
f 4087 4071 4289
f 4286 4289 4288
f 3171 4287 3176
f 4287 4290 3176
f 4287 4288 4290
f 3176 4290 3178
f 4071 4291 4289
f 4291 4292 4289
f 4291 4293 4292
f 4289 4292 4288
f 4293 4294 4292
f 4294 4295 4292
f 4294 4296 4295
f 4292 4295 4288
f 4293 4297 4294
f 4297 4298 4294
f 4297 4181 4298
f 4294 4298 4296
f 4288 4295 4290
f 4295 4299 4290
f 4295 4296 4299
f 4290 4299 3178
f 4071 4082 4291
f 4082 4300 4291
f 4082 4078 4300
f 4291 4300 4293
f 4078 4301 4300
f 4301 4302 4300
f 4301 4195 4302
f 4300 4302 4293
f 4078 4080 4301
f 4080 4199 4301
f 4080 4081 4199
f 4301 4199 4195
f 4293 4302 4297
f 4302 4193 4297
f 4302 4195 4193
f 4297 4193 4181
f 3178 4299 3192
f 4299 4303 3192
f 4299 4296 4303
f 3192 4303 3194
f 4296 4304 4303
f 4304 4305 4303
f 4304 4175 4305
f 4303 4305 3194
f 4296 4298 4304
f 4298 4179 4304
f 4298 4181 4179
f 4304 4179 4175
f 3194 4305 3198
f 4305 4173 3198
f 4305 4175 4173
f 3198 4173 2478
f 1784 1783 4306
f 1783 4307 4306
f 1783 1780 4307
f 4306 4307 4308
f 1780 4309 4307
f 4309 4310 4307
f 4309 4311 4310
f 4307 4310 4308
f 1780 1781 4309
f 1781 4312 4309
f 1781 1763 4312
f 4309 4312 4311
f 4308 4310 4313
f 4310 4314 4313
f 4310 4311 4314
f 4313 4314 4315
f 1763 4316 4312
f 4316 4317 4312
f 4316 4318 4317
f 4312 4317 4311
f 4318 4319 4317
f 4319 4320 4317
f 4319 4321 4320
f 4317 4320 4311
f 4318 4322 4319
f 4322 4323 4319
f 4322 3095 4323
f 4319 4323 4321
f 4311 4320 4314
f 4320 4324 4314
f 4320 4321 4324
f 4314 4324 4315
f 1763 1774 4316
f 1774 4325 4316
f 1774 1770 4325
f 4316 4325 4318
f 1770 4326 4325
f 4326 4327 4325
f 4326 3109 4327
f 4325 4327 4318
f 1770 1772 4326
f 1772 3113 4326
f 1772 1773 3113
f 4326 3113 3109
f 4318 4327 4322
f 4327 3107 4322
f 4327 3109 3107
f 4322 3107 3095
f 4315 4324 4328
f 4324 4329 4328
f 4324 4321 4329
f 4328 4329 4330
f 4321 4331 4329
f 4331 4332 4329
f 4331 3089 4332
f 4329 4332 4330
f 4321 4323 4331
f 4323 3093 4331
f 4323 3095 3093
f 4331 3093 3089
f 4330 4332 4333
f 4332 3087 4333
f 4332 3089 3087
f 4333 3087 647
f 2351 4334 2349
f 4334 4335 2349
f 4334 4336 4335
f 2349 4335 2344
f 4336 4337 4335
f 4337 4338 4335
f 4337 4339 4338
f 4335 4338 2344
f 4336 4340 4337
f 4340 4341 4337
f 4340 4342 4341
f 4337 4341 4339
f 2344 4338 2342
f 4338 4343 2342
f 4338 4339 4343
f 2342 4343 2321
f 4342 4344 4341
f 4344 4345 4341
f 4344 4346 4345
f 4341 4345 4339
f 4346 4347 4345
f 4347 4348 4345
f 4347 4349 4348
f 4345 4348 4339
f 4346 4350 4347
f 4350 4351 4347
f 4350 4352 4351
f 4347 4351 4349
f 4339 4348 4343
f 4348 4353 4343
f 4348 4349 4353
f 4343 4353 2321
f 4342 4354 4344
f 4354 4355 4344
f 4354 4356 4355
f 4344 4355 4346
f 4356 4357 4355
f 4357 4358 4355
f 4357 4359 4358
f 4355 4358 4346
f 4356 4360 4357
f 4360 4361 4357
f 4360 3863 4361
f 4357 4361 4359
f 4346 4358 4350
f 4358 4362 4350
f 4358 4359 4362
f 4350 4362 4352
f 2321 4353 2319
f 4353 4363 2319
f 4353 4349 4363
f 2319 4363 2312
f 4349 4364 4363
f 4364 4365 4363
f 4364 4366 4365
f 4363 4365 2312
f 4349 4351 4364
f 4351 4367 4364
f 4351 4352 4367
f 4364 4367 4366
f 2312 4365 2309
f 4365 4368 2309
f 4365 4366 4368
f 2309 4368 2307
f 3719 4369 3720
f 4369 4370 3720
f 4369 4371 4370
f 3720 4370 3723
f 4371 4372 4370
f 4372 4373 4370
f 4372 4374 4373
f 4370 4373 3723
f 4371 4375 4372
f 4375 4376 4372
f 4375 4377 4376
f 4372 4376 4374
f 3723 4373 3728
f 4373 4378 3728
f 4373 4374 4378
f 3728 4378 3730
f 4377 4379 4376
f 4379 4380 4376
f 4379 4381 4380
f 4376 4380 4374
f 4381 4382 4380
f 4382 4383 4380
f 4382 4384 4383
f 4380 4383 4374
f 4381 4385 4382
f 4385 4386 4382
f 4385 3919 4386
f 4382 4386 4384
f 4374 4383 4378
f 4383 4387 4378
f 4383 4384 4387
f 4378 4387 3730
f 4377 4388 4379
f 4388 4389 4379
f 4388 4390 4389
f 4379 4389 4381
f 4390 4391 4389
f 4391 4392 4389
f 4391 3910 4392
f 4389 4392 4381
f 4390 4393 4391
f 4393 3907 4391
f 4393 3648 3907
f 4391 3907 3910
f 4381 4392 4385
f 4392 3917 4385
f 4392 3910 3917
f 4385 3917 3919
f 3730 4387 3743
f 4387 4394 3743
f 4387 4384 4394
f 3743 4394 3745
f 4384 4395 4394
f 4395 4396 4394
f 4395 3937 4396
f 4394 4396 3745
f 4384 4386 4395
f 4386 3935 4395
f 4386 3919 3935
f 4395 3935 3937
f 3745 4396 3748
f 4396 3940 3748
f 4396 3937 3940
f 3748 3940 921
f 3637 4397 4398
f 4397 4399 4398
f 4397 4400 4399
f 4398 4399 4401
f 4400 4402 4399
f 4402 4403 4399
f 4402 4404 4403
f 4399 4403 4401
f 4400 4405 4402
f 4405 4406 4402
f 4405 4407 4406
f 4402 4406 4404
f 4401 4403 4408
f 4403 4409 4408
f 4403 4404 4409
f 4408 4409 4410
f 4407 4411 4406
f 4411 4412 4406
f 4411 4413 4412
f 4406 4412 4404
f 4413 4414 4412
f 4414 4415 4412
f 4414 4416 4415
f 4412 4415 4404
f 4413 4417 4414
f 4417 4418 4414
f 4417 3880 4418
f 4414 4418 4416
f 4404 4415 4409
f 4415 4419 4409
f 4415 4416 4419
f 4409 4419 4410
f 4407 4420 4411
f 4420 4421 4411
f 4420 4422 4421
f 4411 4421 4413
f 4422 4423 4421
f 4423 4424 4421
f 4423 3873 4424
f 4421 4424 4413
f 4422 4425 4423
f 4425 3871 4423
f 4425 3755 3871
f 4423 3871 3873
f 4413 4424 4417
f 4424 3878 4417
f 4424 3873 3878
f 4417 3878 3880
f 4410 4419 4426
f 4419 4427 4426
f 4419 4416 4427
f 4426 4427 4428
f 4416 4429 4427
f 4429 4430 4427
f 4429 3899 4430
f 4427 4430 4428
f 4416 4418 4429
f 4418 3897 4429
f 4418 3880 3897
f 4429 3897 3899
f 4428 4430 4431
f 4430 3904 4431
f 4430 3899 3904
f 4431 3904 2687
f 762 2414 4432
f 2414 4433 4432
f 2414 2412 4433
f 4432 4433 4434
f 2412 4435 4433
f 4435 4436 4433
f 4435 4437 4436
f 4433 4436 4434
f 2412 2413 4435
f 2413 4438 4435
f 2413 2401 4438
f 4435 4438 4437
f 4434 4436 4439
f 4436 4440 4439
f 4436 4437 4440
f 4439 4440 4441
f 2401 4442 4438
f 4442 4443 4438
f 4442 4444 4443
f 4438 4443 4437
f 4444 4445 4443
f 4445 4446 4443
f 4445 4447 4446
f 4443 4446 4437
f 4444 4448 4445
f 4448 4449 4445
f 4448 4450 4449
f 4445 4449 4447
f 4437 4446 4440
f 4446 4451 4440
f 4446 4447 4451
f 4440 4451 4441
f 2401 2408 4442
f 2408 4452 4442
f 2408 2406 4452
f 4442 4452 4444
f 2406 4453 4452
f 4453 4454 4452
f 4453 4455 4454
f 4452 4454 4444
f 2406 2407 4453
f 2407 4456 4453
f 2407 124 4456
f 4453 4456 4455
f 4444 4454 4448
f 4454 4457 4448
f 4454 4455 4457
f 4448 4457 4450
f 4441 4451 4458
f 4451 4459 4458
f 4451 4447 4459
f 4458 4459 4460
f 4447 4461 4459
f 4461 4462 4459
f 4461 4463 4462
f 4459 4462 4460
f 4447 4449 4461
f 4449 4464 4461
f 4449 4450 4464
f 4461 4464 4463
f 4460 4462 4465
f 4462 4466 4465
f 4462 4463 4466
f 4465 4466 655
f 990 1526 1618
f 1526 4467 1618
f 1526 1523 4467
f 1618 4467 1613
f 1523 4468 4467
f 4468 4469 4467
f 4468 4470 4469
f 4467 4469 1613
f 1523 1524 4468
f 1524 4471 4468
f 1524 1510 4471
f 4468 4471 4470
f 1613 4469 1611
f 4469 4472 1611
f 4469 4470 4472
f 1611 4472 1590
f 1510 4473 4471
f 4473 4474 4471
f 4473 4475 4474
f 4471 4474 4470
f 4475 4476 4474
f 4476 4477 4474
f 4476 4478 4477
f 4474 4477 4470
f 4475 4479 4476
f 4479 4480 4476
f 4479 2362 4480
f 4476 4480 4478
f 4470 4477 4472
f 4477 4481 4472
f 4477 4478 4481
f 4472 4481 1590
f 1510 1517 4473
f 1517 4482 4473
f 1517 1515 4482
f 4473 4482 4475
f 1515 4483 4482
f 4483 4484 4482
f 4483 2377 4484
f 4482 4484 4475
f 1515 1516 4483
f 1516 2380 4483
f 1516 580 2380
f 4483 2380 2377
f 4475 4484 4479
f 4484 2375 4479
f 4484 2377 2375
f 4479 2375 2362
f 1590 4481 1588
f 4481 4485 1588
f 4481 4478 4485
f 1588 4485 1581
f 4478 4486 4485
f 4486 4487 4485
f 4486 2355 4487
f 4485 4487 1581
f 4478 4480 4486
f 4480 2360 4486
f 4480 2362 2360
f 4486 2360 2355
f 1581 4487 1578
f 4487 2352 1578
f 4487 2355 2352
f 1578 2352 1576
f 2015 4488 4489
f 4488 4490 4489
f 4488 4491 4490
f 4489 4490 4492
f 4491 4493 4490
f 4493 4494 4490
f 4493 4495 4494
f 4490 4494 4492
f 4491 4496 4493
f 4496 4497 4493
f 4496 4498 4497
f 4493 4497 4495
f 4492 4494 4499
f 4494 4500 4499
f 4494 4495 4500
f 4499 4500 4501
f 4498 4502 4497
f 4502 4503 4497
f 4502 4504 4503
f 4497 4503 4495
f 4504 4505 4503
f 4505 4506 4503
f 4505 4507 4506
f 4503 4506 4495
f 4504 4508 4505
f 4508 4509 4505
f 4508 1751 4509
f 4505 4509 4507
f 4495 4506 4500
f 4506 4510 4500
f 4506 4507 4510
f 4500 4510 4501
f 4498 4511 4502
f 4511 4512 4502
f 4511 4513 4512
f 4502 4512 4504
f 4513 4514 4512
f 4514 4515 4512
f 4514 1767 4515
f 4512 4515 4504
f 4513 4516 4514
f 4516 1771 4514
f 4516 1773 1771
f 4514 1771 1767
f 4504 4515 4508
f 4515 1765 4508
f 4515 1767 1765
f 4508 1765 1751
f 4501 4510 4517
f 4510 4518 4517
f 4510 4507 4518
f 4517 4518 4519
f 4507 4520 4518
f 4520 4521 4518
f 4520 1744 4521
f 4518 4521 4519
f 4507 4509 4520
f 4509 1749 4520
f 4509 1751 1749
f 4520 1749 1744
f 4519 4521 4522
f 4521 1741 4522
f 4521 1744 1741
f 4522 1741 1740
f 2651 4523 2652
f 4523 4524 2652
f 4523 4525 4524
f 2652 4524 2655
f 4525 4526 4524
f 4526 4527 4524
f 4526 4528 4527
f 4524 4527 2655
f 4525 4529 4526
f 4529 4530 4526
f 4529 4531 4530
f 4526 4530 4528
f 2655 4527 2660
f 4527 4532 2660
f 4527 4528 4532
f 2660 4532 2662
f 4531 4533 4530
f 4533 4534 4530
f 4533 4535 4534
f 4530 4534 4528
f 4535 4536 4534
f 4536 4537 4534
f 4536 4538 4537
f 4534 4537 4528
f 4535 4539 4536
f 4539 4540 4536
f 4539 3733 4540
f 4536 4540 4538
f 4528 4537 4532
f 4537 4541 4532
f 4537 4538 4541
f 4532 4541 2662
f 4531 4542 4533
f 4542 4543 4533
f 4542 4544 4543
f 4533 4543 4535
f 4544 4545 4543
f 4545 4546 4543
f 4545 3724 4546
f 4543 4546 4535
f 4544 4547 4545
f 4547 3721 4545
f 4547 3719 3721
f 4545 3721 3724
f 4535 4546 4539
f 4546 3731 4539
f 4546 3724 3731
f 4539 3731 3733
f 2662 4541 2675
f 4541 4548 2675
f 4541 4538 4548
f 2675 4548 2677
f 4538 4549 4548
f 4549 4550 4548
f 4549 3751 4550
f 4548 4550 2677
f 4538 4540 4549
f 4540 3749 4549
f 4540 3733 3749
f 4549 3749 3751
f 2677 4550 2680
f 4550 3754 2680
f 4550 3751 3754
f 2680 3754 957
f 3637 4398 4117
f 4398 4551 4117
f 4398 4401 4551
f 4117 4551 4119
f 4401 4552 4551
f 4552 4553 4551
f 4552 4554 4553
f 4551 4553 4119
f 4401 4408 4552
f 4408 4555 4552
f 4408 4410 4555
f 4552 4555 4554
f 4119 4553 4123
f 4553 4556 4123
f 4553 4554 4556
f 4123 4556 4125
f 4410 4557 4555
f 4557 4558 4555
f 4557 4559 4558
f 4555 4558 4554
f 4559 4560 4558
f 4560 4561 4558
f 4560 4562 4561
f 4558 4561 4554
f 4559 4563 4560
f 4563 4564 4560
f 4563 2701 4564
f 4560 4564 4562
f 4554 4561 4556
f 4561 4565 4556
f 4561 4562 4565
f 4556 4565 4125
f 4410 4426 4557
f 4426 4566 4557
f 4426 4428 4566
f 4557 4566 4559
f 4428 4567 4566
f 4567 4568 4566
f 4567 2692 4568
f 4566 4568 4559
f 4428 4431 4567
f 4431 2689 4567
f 4431 2687 2689
f 4567 2689 2692
f 4559 4568 4563
f 4568 2699 4563
f 4568 2692 2699
f 4563 2699 2701
f 4125 4565 4136
f 4565 4569 4136
f 4565 4562 4569
f 4136 4569 4138
f 4562 4570 4569
f 4570 4571 4569
f 4570 2719 4571
f 4569 4571 4138
f 4562 4564 4570
f 4564 2717 4570
f 4564 2701 2717
f 4570 2717 2719
f 4138 4571 4141
f 4571 2722 4141
f 4571 2719 2722
f 4141 2722 842
f 2639 4572 2638
f 4572 4573 2638
f 4572 4574 4573
f 2638 4573 2636
f 4574 4575 4573
f 4575 4576 4573
f 4575 4577 4576
f 4573 4576 2636
f 4574 4578 4575
f 4578 4579 4575
f 4578 4580 4579
f 4575 4579 4577
f 2636 4576 2640
f 4576 4581 2640
f 4576 4577 4581
f 2640 4581 2629
f 4580 4582 4579
f 4582 4583 4579
f 4582 4584 4583
f 4579 4583 4577
f 4584 4585 4583
f 4585 4586 4583
f 4585 4587 4586
f 4583 4586 4577
f 4584 4588 4585
f 4588 4589 4585
f 4588 3694 4589
f 4585 4589 4587
f 4577 4586 4581
f 4586 4590 4581
f 4586 4587 4590
f 4581 4590 2629
f 4580 4591 4582
f 4591 4592 4582
f 4591 4593 4592
f 4582 4592 4584
f 4593 4594 4592
f 4594 4595 4592
f 4594 3709 4595
f 4592 4595 4584
f 4593 4596 4594
f 4596 3712 4594
f 4596 1266 3712
f 4594 3712 3709
f 4584 4595 4588
f 4595 3707 4588
f 4595 3709 3707
f 4588 3707 3694
f 2629 4590 2647
f 4590 4597 2647
f 4590 4587 4597
f 2647 4597 2646
f 4587 4598 4597
f 4598 4599 4597
f 4598 3687 4599
f 4597 4599 2646
f 4587 4589 4598
f 4589 3692 4598
f 4589 3694 3692
f 4598 3692 3687
f 2646 4599 2649
f 4599 3684 2649
f 4599 3687 3684
f 2649 3684 2650
f 258 4600 2295
f 4600 4601 2295
f 4600 4602 4601
f 2295 4601 2294
f 4602 4603 4601
f 4603 4604 4601
f 4603 4605 4604
f 4601 4604 2294
f 4602 4606 4603
f 4606 4607 4603
f 4606 4608 4607
f 4603 4607 4605
f 2294 4604 2296
f 4604 4609 2296
f 4604 4605 4609
f 2296 4609 2289
f 4608 4610 4607
f 4610 4611 4607
f 4610 4612 4611
f 4607 4611 4605
f 4612 4613 4611
f 4613 4614 4611
f 4613 4615 4614
f 4611 4614 4605
f 4612 4616 4613
f 4616 4617 4613
f 4616 3224 4617
f 4613 4617 4615
f 4605 4614 4609
f 4614 4618 4609
f 4614 4615 4618
f 4609 4618 2289
f 4608 4619 4610
f 4619 4620 4610
f 4619 4621 4620
f 4610 4620 4612
f 4621 4622 4620
f 4622 4623 4620
f 4622 3215 4623
f 4620 4623 4612
f 4621 4624 4622
f 4624 3212 4622
f 4624 3210 3212
f 4622 3212 3215
f 4612 4623 4616
f 4623 3222 4616
f 4623 3215 3222
f 4616 3222 3224
f 2289 4618 2303
f 4618 4625 2303
f 4618 4615 4625
f 2303 4625 2302
f 4615 4626 4625
f 4626 4627 4625
f 4626 3246 4627
f 4625 4627 2302
f 4615 4617 4626
f 4617 3244 4626
f 4617 3224 3244
f 4626 3244 3246
f 2302 4627 2305
f 4627 3251 2305
f 4627 3246 3251
f 2305 3251 2306
f 1266 4628 1336
f 4628 4629 1336
f 4628 4630 4629
f 1336 4629 1335
f 4630 4631 4629
f 4631 4632 4629
f 4631 4633 4632
f 4629 4632 1335
f 4630 4634 4631
f 4634 4635 4631
f 4634 4636 4635
f 4631 4635 4633
f 1335 4632 1337
f 4632 4637 1337
f 4632 4633 4637
f 1337 4637 1330
f 4636 4638 4635
f 4638 4639 4635
f 4638 4640 4639
f 4635 4639 4633
f 4640 4641 4639
f 4641 4642 4639
f 4641 4643 4642
f 4639 4642 4633
f 4640 4644 4641
f 4644 4645 4641
f 4644 4646 4645
f 4641 4645 4643
f 4633 4642 4637
f 4642 4647 4637
f 4642 4643 4647
f 4637 4647 1330
f 4636 4648 4638
f 4648 4649 4638
f 4648 4650 4649
f 4638 4649 4640
f 4650 4651 4649
f 4651 4652 4649
f 4651 4653 4652
f 4649 4652 4640
f 4650 4654 4651
f 4654 4655 4651
f 4654 2351 4655
f 4651 4655 4653
f 4640 4652 4644
f 4652 4656 4644
f 4652 4653 4656
f 4644 4656 4646
f 1330 4647 1344
f 4647 4657 1344
f 4647 4643 4657
f 1344 4657 1343
f 4643 4658 4657
f 4658 4659 4657
f 4658 4660 4659
f 4657 4659 1343
f 4643 4645 4658
f 4645 4661 4658
f 4645 4646 4661
f 4658 4661 4660
f 1343 4659 1346
f 4659 4662 1346
f 4659 4660 4662
f 1346 4662 1347
f 258 2449 4600
f 2449 4663 4600
f 2449 2447 4663
f 4600 4663 4602
f 2447 4664 4663
f 4664 4665 4663
f 4664 4666 4665
f 4663 4665 4602
f 2447 2448 4664
f 2448 4667 4664
f 2448 2433 4667
f 4664 4667 4666
f 4602 4665 4606
f 4665 4668 4606
f 4665 4666 4668
f 4606 4668 4608
f 2433 4669 4667
f 4669 4670 4667
f 4669 4671 4670
f 4667 4670 4666
f 4671 4672 4670
f 4672 4673 4670
f 4672 4674 4673
f 4670 4673 4666
f 4671 4675 4672
f 4675 4676 4672
f 4675 4677 4676
f 4672 4676 4674
f 4666 4673 4668
f 4673 4678 4668
f 4673 4674 4678
f 4668 4678 4608
f 2433 2443 4669
f 2443 4679 4669
f 2443 2440 4679
f 4669 4679 4671
f 2440 4680 4679
f 4680 4681 4679
f 4680 4682 4681
f 4679 4681 4671
f 2440 2442 4680
f 2442 4683 4680
f 2442 1035 4683
f 4680 4683 4682
f 4671 4681 4675
f 4681 4684 4675
f 4681 4682 4684
f 4675 4684 4677
f 4608 4678 4619
f 4678 4685 4619
f 4678 4674 4685
f 4619 4685 4621
f 4674 4686 4685
f 4686 4687 4685
f 4686 4688 4687
f 4685 4687 4621
f 4674 4676 4686
f 4676 4689 4686
f 4676 4677 4689
f 4686 4689 4688
f 4621 4687 4624
f 4687 4690 4624
f 4687 4688 4690
f 4624 4690 3210
f 2651 4691 4523
f 4691 4692 4523
f 4691 4693 4692
f 4523 4692 4525
f 4693 4694 4692
f 4694 4695 4692
f 4694 4696 4695
f 4692 4695 4525
f 4693 4697 4694
f 4697 4698 4694
f 4697 4699 4698
f 4694 4698 4696
f 4525 4695 4529
f 4695 4700 4529
f 4695 4696 4700
f 4529 4700 4531
f 4699 4701 4698
f 4701 4702 4698
f 4701 4703 4702
f 4698 4702 4696
f 4703 4704 4702
f 4704 4705 4702
f 4704 4706 4705
f 4702 4705 4696
f 4703 4707 4704
f 4707 4708 4704
f 4707 4709 4708
f 4704 4708 4706
f 4696 4705 4700
f 4705 4710 4700
f 4705 4706 4710
f 4700 4710 4531
f 4699 4711 4701
f 4711 4712 4701
f 4711 4713 4712
f 4701 4712 4703
f 4713 4714 4712
f 4714 4715 4712
f 4714 4716 4715
f 4712 4715 4703
f 4713 4717 4714
f 4717 4718 4714
f 4717 4719 4718
f 4714 4718 4716
f 4703 4715 4707
f 4715 4720 4707
f 4715 4716 4720
f 4707 4720 4709
f 4531 4710 4542
f 4710 4721 4542
f 4710 4706 4721
f 4542 4721 4544
f 4706 4722 4721
f 4722 4723 4721
f 4722 4724 4723
f 4721 4723 4544
f 4706 4708 4722
f 4708 4725 4722
f 4708 4709 4725
f 4722 4725 4724
f 4544 4723 4547
f 4723 4726 4547
f 4723 4724 4726
f 4547 4726 3719
f 1972 1971 1973
f 1971 4727 1973
f 1971 1968 4727
f 1973 4727 1976
f 1968 4728 4727
f 4728 4729 4727
f 4728 4730 4729
f 4727 4729 1976
f 1968 1969 4728
f 1969 4731 4728
f 1969 1955 4731
f 4728 4731 4730
f 1976 4729 1981
f 4729 4732 1981
f 4729 4730 4732
f 1981 4732 1983
f 1955 4733 4731
f 4733 4734 4731
f 4733 4735 4734
f 4731 4734 4730
f 4735 4736 4734
f 4736 4737 4734
f 4736 4738 4737
f 4734 4737 4730
f 4735 4739 4736
f 4739 4740 4736
f 4739 1055 4740
f 4736 4740 4738
f 4730 4737 4732
f 4737 4741 4732
f 4737 4738 4741
f 4732 4741 1983
f 1955 1962 4733
f 1962 4742 4733
f 1962 1960 4742
f 4733 4742 4735
f 1960 4743 4742
f 4743 4744 4742
f 4743 1069 4744
f 4742 4744 4735
f 1960 1961 4743
f 1961 1073 4743
f 1961 795 1073
f 4743 1073 1069
f 4735 4744 4739
f 4744 1067 4739
f 4744 1069 1067
f 4739 1067 1055
f 1983 4741 1997
f 4741 4745 1997
f 4741 4738 4745
f 1997 4745 1999
f 4738 4746 4745
f 4746 4747 4745
f 4746 1049 4747
f 4745 4747 1999
f 4738 4740 4746
f 4740 1053 4746
f 4740 1055 1053
f 4746 1053 1049
f 1999 4747 2003
f 4747 1047 2003
f 4747 1049 1047
f 2003 1047 46
f 3155 4748 3154
f 4748 4749 3154
f 4748 4750 4749
f 3154 4749 3152
f 4750 4751 4749
f 4751 4752 4749
f 4751 4753 4752
f 4749 4752 3152
f 4750 4754 4751
f 4754 4755 4751
f 4754 4756 4755
f 4751 4755 4753
f 3152 4752 3156
f 4752 4757 3156
f 4752 4753 4757
f 3156 4757 3145
f 4756 4758 4755
f 4758 4759 4755
f 4758 4760 4759
f 4755 4759 4753
f 4760 4761 4759
f 4761 4762 4759
f 4761 4763 4762
f 4759 4762 4753
f 4760 4764 4761
f 4764 4765 4761
f 4764 4766 4765
f 4761 4765 4763
f 4753 4762 4757
f 4762 4767 4757
f 4762 4763 4767
f 4757 4767 3145
f 4756 4768 4758
f 4768 4769 4758
f 4768 4770 4769
f 4758 4769 4760
f 4770 4771 4769
f 4771 4772 4769
f 4771 4773 4772
f 4769 4772 4760
f 4770 4774 4771
f 4774 4775 4771
f 4774 4776 4775
f 4771 4775 4773
f 4760 4772 4764
f 4772 4777 4764
f 4772 4773 4777
f 4764 4777 4766
f 3145 4767 3163
f 4767 4778 3163
f 4767 4763 4778
f 3163 4778 3162
f 4763 4779 4778
f 4779 4780 4778
f 4779 4781 4780
f 4778 4780 3162
f 4763 4765 4779
f 4765 4782 4779
f 4765 4766 4782
f 4779 4782 4781
f 3162 4780 3165
f 4780 4783 3165
f 4780 4781 4783
f 3165 4783 3166
f 1110 2230 4784
f 2230 4785 4784
f 2230 2233 4785
f 4784 4785 4786
f 2233 4787 4785
f 4787 4788 4785
f 4787 4789 4788
f 4785 4788 4786
f 2233 2240 4787
f 2240 4790 4787
f 2240 2242 4790
f 4787 4790 4789
f 4786 4788 4791
f 4788 4792 4791
f 4788 4789 4792
f 4791 4792 4793
f 2242 4794 4790
f 4794 4795 4790
f 4794 4796 4795
f 4790 4795 4789
f 4796 4797 4795
f 4797 4798 4795
f 4797 4799 4798
f 4795 4798 4789
f 4796 4800 4797
f 4800 4801 4797
f 4800 1587 4801
f 4797 4801 4799
f 4789 4798 4792
f 4798 4802 4792
f 4798 4799 4802
f 4792 4802 4793
f 2242 2262 4794
f 2262 4803 4794
f 2262 2264 4803
f 4794 4803 4796
f 2264 4804 4803
f 4804 4805 4803
f 4804 1603 4805
f 4803 4805 4796
f 2264 2269 4804
f 2269 1607 4804
f 2269 1609 1607
f 4804 1607 1603
f 4796 4805 4800
f 4805 1601 4800
f 4805 1603 1601
f 4800 1601 1587
f 4793 4802 4806
f 4802 4807 4806
f 4802 4799 4807
f 4806 4807 4808
f 4799 4809 4807
f 4809 4810 4807
f 4809 1580 4810
f 4807 4810 4808
f 4799 4801 4809
f 4801 1585 4809
f 4801 1587 1585
f 4809 1585 1580
f 4808 4810 4811
f 4810 1577 4811
f 4810 1580 1577
f 4811 1577 1576
f 3166 4783 3593
f 4783 4812 3593
f 4783 4781 4812
f 3593 4812 3592
f 4781 4813 4812
f 4813 4814 4812
f 4813 4815 4814
f 4812 4814 3592
f 4781 4782 4813
f 4782 4816 4813
f 4782 4766 4816
f 4813 4816 4815
f 3592 4814 3594
f 4814 4817 3594
f 4814 4815 4817
f 3594 4817 3587
f 4766 4818 4816
f 4818 4819 4816
f 4818 4820 4819
f 4816 4819 4815
f 4820 4821 4819
f 4821 4822 4819
f 4821 4823 4822
f 4819 4822 4815
f 4820 4824 4821
f 4824 4825 4821
f 4824 4826 4825
f 4821 4825 4823
f 4815 4822 4817
f 4822 4827 4817
f 4822 4823 4827
f 4817 4827 3587
f 4766 4777 4818
f 4777 4828 4818
f 4777 4773 4828
f 4818 4828 4820
f 4773 4829 4828
f 4829 4830 4828
f 4829 4831 4830
f 4828 4830 4820
f 4773 4775 4829
f 4775 4832 4829
f 4775 4776 4832
f 4829 4832 4831
f 4820 4830 4824
f 4830 4833 4824
f 4830 4831 4833
f 4824 4833 4826
f 3587 4827 3601
f 4827 4834 3601
f 4827 4823 4834
f 3601 4834 3600
f 4823 4835 4834
f 4835 4836 4834
f 4835 4837 4836
f 4834 4836 3600
f 4823 4825 4835
f 4825 4838 4835
f 4825 4826 4838
f 4835 4838 4837
f 3600 4836 3603
f 4836 4839 3603
f 4836 4837 4839
f 3603 4839 3604
f 3798 4840 3895
f 4840 4841 3895
f 4840 4842 4841
f 3895 4841 3894
f 4842 4843 4841
f 4843 4844 4841
f 4843 4845 4844
f 4841 4844 3894
f 4842 4846 4843
f 4846 4847 4843
f 4846 4848 4847
f 4843 4847 4845
f 3894 4844 3896
f 4844 4849 3896
f 4844 4845 4849
f 3896 4849 3889
f 4848 4850 4847
f 4850 4851 4847
f 4850 4852 4851
f 4847 4851 4845
f 4852 4853 4851
f 4853 4854 4851
f 4853 4855 4854
f 4851 4854 4845
f 4852 4856 4853
f 4856 4857 4853
f 4856 3977 4857
f 4853 4857 4855
f 4845 4854 4849
f 4854 4858 4849
f 4854 4855 4858
f 4849 4858 3889
f 4848 4859 4850
f 4859 4860 4850
f 4859 4861 4860
f 4850 4860 4852
f 4861 4862 4860
f 4862 4863 4860
f 4862 3990 4863
f 4860 4863 4852
f 4861 4864 4862
f 4864 3993 4862
f 4864 647 3993
f 4862 3993 3990
f 4852 4863 4856
f 4863 3988 4856
f 4863 3990 3988
f 4856 3988 3977
f 3889 4858 3903
f 4858 4865 3903
f 4858 4855 4865
f 3903 4865 3902
f 4855 4866 4865
f 4866 4867 4865
f 4866 3971 4867
f 4865 4867 3902
f 4855 4857 4866
f 4857 3975 4866
f 4857 3977 3975
f 4866 3975 3971
f 3902 4867 3905
f 4867 3969 3905
f 4867 3971 3969
f 3905 3969 2687
f 2087 4868 2085
f 4868 4869 2085
f 4868 4870 4869
f 2085 4869 2080
f 4870 4871 4869
f 4871 4872 4869
f 4871 4873 4872
f 4869 4872 2080
f 4870 4874 4871
f 4874 4875 4871
f 4874 4876 4875
f 4871 4875 4873
f 2080 4872 2078
f 4872 4877 2078
f 4872 4873 4877
f 2078 4877 2061
f 4876 4878 4875
f 4878 4879 4875
f 4878 4880 4879
f 4875 4879 4873
f 4880 4881 4879
f 4881 4882 4879
f 4881 4883 4882
f 4879 4882 4873
f 4880 4884 4881
f 4884 4885 4881
f 4884 3061 4885
f 4881 4885 4883
f 4873 4882 4877
f 4882 4886 4877
f 4882 4883 4886
f 4877 4886 2061
f 4876 4887 4878
f 4887 4888 4878
f 4887 4889 4888
f 4878 4888 4880
f 4889 4890 4888
f 4890 4891 4888
f 4890 3054 4891
f 4888 4891 4880
f 4889 4892 4890
f 4892 3052 4890
f 4892 1491 3052
f 4890 3052 3054
f 4880 4891 4884
f 4891 3059 4884
f 4891 3054 3059
f 4884 3059 3061
f 2061 4886 2059
f 4886 4893 2059
f 4886 4883 4893
f 2059 4893 2054
f 4883 4894 4893
f 4894 4895 4893
f 4894 3080 4895
f 4893 4895 2054
f 4883 4885 4894
f 4885 3078 4894
f 4885 3061 3078
f 4894 3078 3080
f 2054 4895 2052
f 4895 3085 2052
f 4895 3080 3085
f 2052 3085 1936
f 3604 4839 3605
f 4839 4896 3605
f 4839 4837 4896
f 3605 4896 3608
f 4837 4897 4896
f 4897 4898 4896
f 4897 4899 4898
f 4896 4898 3608
f 4837 4838 4897
f 4838 4900 4897
f 4838 4826 4900
f 4897 4900 4899
f 3608 4898 3613
f 4898 4901 3613
f 4898 4899 4901
f 3613 4901 3615
f 4826 4902 4900
f 4902 4903 4900
f 4902 4904 4903
f 4900 4903 4899
f 4904 4905 4903
f 4905 4906 4903
f 4905 4907 4906
f 4903 4906 4899
f 4904 4908 4905
f 4908 4909 4905
f 4908 4910 4909
f 4905 4909 4907
f 4899 4906 4901
f 4906 4911 4901
f 4906 4907 4911
f 4901 4911 3615
f 4826 4833 4902
f 4833 4912 4902
f 4833 4831 4912
f 4902 4912 4904
f 4831 4913 4912
f 4913 4914 4912
f 4913 4915 4914
f 4912 4914 4904
f 4831 4832 4913
f 4832 4916 4913
f 4832 4776 4916
f 4913 4916 4915
f 4904 4914 4908
f 4914 4917 4908
f 4914 4915 4917
f 4908 4917 4910
f 3615 4911 3629
f 4911 4918 3629
f 4911 4907 4918
f 3629 4918 3631
f 4907 4919 4918
f 4919 4920 4918
f 4919 4921 4920
f 4918 4920 3631
f 4907 4909 4919
f 4909 4922 4919
f 4909 4910 4922
f 4919 4922 4921
f 3631 4920 3635
f 4920 4923 3635
f 4920 4921 4923
f 3635 4923 3637
f 3637 4923 4397
f 4923 4924 4397
f 4923 4921 4924
f 4397 4924 4400
f 4921 4925 4924
f 4925 4926 4924
f 4925 4927 4926
f 4924 4926 4400
f 4921 4922 4925
f 4922 4928 4925
f 4922 4910 4928
f 4925 4928 4927
f 4400 4926 4405
f 4926 4929 4405
f 4926 4927 4929
f 4405 4929 4407
f 4910 4930 4928
f 4930 4931 4928
f 4930 4932 4931
f 4928 4931 4927
f 4932 4933 4931
f 4933 4934 4931
f 4933 4935 4934
f 4931 4934 4927
f 4932 4936 4933
f 4936 4937 4933
f 4936 4938 4937
f 4933 4937 4935
f 4927 4934 4929
f 4934 4939 4929
f 4934 4935 4939
f 4929 4939 4407
f 4910 4917 4930
f 4917 4940 4930
f 4917 4915 4940
f 4930 4940 4932
f 4915 4941 4940
f 4941 4942 4940
f 4941 4943 4942
f 4940 4942 4932
f 4915 4916 4941
f 4916 4944 4941
f 4916 4776 4944
f 4941 4944 4943
f 4932 4942 4936
f 4942 4945 4936
f 4942 4943 4945
f 4936 4945 4938
f 4407 4939 4420
f 4939 4946 4420
f 4939 4935 4946
f 4420 4946 4422
f 4935 4947 4946
f 4947 4948 4946
f 4947 4949 4948
f 4946 4948 4422
f 4935 4937 4947
f 4937 4950 4947
f 4937 4938 4950
f 4947 4950 4949
f 4422 4948 4425
f 4948 4951 4425
f 4948 4949 4951
f 4425 4951 3755
f 3798 4952 4840
f 4952 4953 4840
f 4952 4954 4953
f 4840 4953 4842
f 4954 4955 4953
f 4955 4956 4953
f 4955 4957 4956
f 4953 4956 4842
f 4954 4958 4955
f 4958 4959 4955
f 4958 4960 4959
f 4955 4959 4957
f 4842 4956 4846
f 4956 4961 4846
f 4956 4957 4961
f 4846 4961 4848
f 4960 4962 4959
f 4962 4963 4959
f 4962 4964 4963
f 4959 4963 4957
f 4964 4965 4963
f 4965 4966 4963
f 4965 4967 4966
f 4963 4966 4957
f 4964 4968 4965
f 4968 4969 4965
f 4968 4315 4969
f 4965 4969 4967
f 4957 4966 4961
f 4966 4970 4961
f 4966 4967 4970
f 4961 4970 4848
f 4960 4971 4962
f 4971 4972 4962
f 4971 4973 4972
f 4962 4972 4964
f 4973 4974 4972
f 4974 4975 4972
f 4974 4308 4975
f 4972 4975 4964
f 4973 4976 4974
f 4976 4306 4974
f 4976 1784 4306
f 4974 4306 4308
f 4964 4975 4968
f 4975 4313 4968
f 4975 4308 4313
f 4968 4313 4315
f 4848 4970 4859
f 4970 4977 4859
f 4970 4967 4977
f 4859 4977 4861
f 4967 4978 4977
f 4978 4979 4977
f 4978 4330 4979
f 4977 4979 4861
f 4967 4969 4978
f 4969 4328 4978
f 4969 4315 4328
f 4978 4328 4330
f 4861 4979 4864
f 4979 4333 4864
f 4979 4330 4333
f 4864 4333 647
f 1110 4784 1109
f 4784 4980 1109
f 4784 4786 4980
f 1109 4980 1107
f 4786 4981 4980
f 4981 4982 4980
f 4981 4983 4982
f 4980 4982 1107
f 4786 4791 4981
f 4791 4984 4981
f 4791 4793 4984
f 4981 4984 4983
f 1107 4982 1111
f 4982 4985 1111
f 4982 4983 4985
f 1111 4985 1100
f 4793 4986 4984
f 4986 4987 4984
f 4986 4988 4987
f 4984 4987 4983
f 4988 4989 4987
f 4989 4990 4987
f 4989 4991 4990
f 4987 4990 4983
f 4988 4992 4989
f 4992 4993 4989
f 4992 2365 4993
f 4989 4993 4991
f 4983 4990 4985
f 4990 4994 4985
f 4990 4991 4994
f 4985 4994 1100
f 4793 4806 4986
f 4806 4995 4986
f 4806 4808 4995
f 4986 4995 4988
f 4808 4996 4995
f 4996 4997 4995
f 4996 2356 4997
f 4995 4997 4988
f 4808 4811 4996
f 4811 2353 4996
f 4811 1576 2353
f 4996 2353 2356
f 4988 4997 4992
f 4997 2363 4992
f 4997 2356 2363
f 4992 2363 2365
f 1100 4994 1116
f 4994 4998 1116
f 4994 4991 4998
f 1116 4998 1115
f 4991 4999 4998
f 4999 5000 4998
f 4999 2383 5000
f 4998 5000 1115
f 4991 4993 4999
f 4993 2381 4999
f 4993 2365 2381
f 4999 2381 2383
f 1115 5000 1117
f 5000 2386 1117
f 5000 2383 2386
f 1117 2386 726
f 2306 5001 3417
f 5001 5002 3417
f 5001 5003 5002
f 3417 5002 3416
f 5003 5004 5002
f 5004 5005 5002
f 5004 5006 5005
f 5002 5005 3416
f 5003 5007 5004
f 5007 5008 5004
f 5007 5009 5008
f 5004 5008 5006
f 3416 5005 3418
f 5005 5010 3418
f 5005 5006 5010
f 3418 5010 3411
f 5009 5011 5008
f 5011 5012 5008
f 5011 5013 5012
f 5008 5012 5006
f 5013 5014 5012
f 5014 5015 5012
f 5014 5016 5015
f 5012 5015 5006
f 5013 5017 5014
f 5017 5018 5014
f 5017 5019 5018
f 5014 5018 5016
f 5006 5015 5010
f 5015 5020 5010
f 5015 5016 5020
f 5010 5020 3411
f 5009 5021 5011
f 5021 5022 5011
f 5021 5023 5022
f 5011 5022 5013
f 5023 5024 5022
f 5024 5025 5022
f 5024 5026 5025
f 5022 5025 5013
f 5023 5027 5024
f 5027 5028 5024
f 5027 2044 5028
f 5024 5028 5026
f 5013 5025 5017
f 5025 5029 5017
f 5025 5026 5029
f 5017 5029 5019
f 3411 5020 3425
f 5020 5030 3425
f 5020 5016 5030
f 3425 5030 3424
f 5016 5031 5030
f 5031 5032 5030
f 5031 5033 5032
f 5030 5032 3424
f 5016 5018 5031
f 5018 5034 5031
f 5018 5019 5034
f 5031 5034 5033
f 3424 5032 3427
f 5032 5035 3427
f 5032 5033 5035
f 3427 5035 3122
f 3719 5036 4369
f 5036 5037 4369
f 5036 5038 5037
f 4369 5037 4371
f 5038 5039 5037
f 5039 5040 5037
f 5039 5041 5040
f 5037 5040 4371
f 5038 5042 5039
f 5042 5043 5039
f 5042 5044 5043
f 5039 5043 5041
f 4371 5040 4375
f 5040 5045 4375
f 5040 5041 5045
f 4375 5045 4377
f 5044 5046 5043
f 5046 5047 5043
f 5046 5048 5047
f 5043 5047 5041
f 5048 5049 5047
f 5049 5050 5047
f 5049 5051 5050
f 5047 5050 5041
f 5048 5052 5049
f 5052 5053 5049
f 5052 5054 5053
f 5049 5053 5051
f 5041 5050 5045
f 5050 5055 5045
f 5050 5051 5055
f 5045 5055 4377
f 5044 5056 5046
f 5056 5057 5046
f 5056 5058 5057
f 5046 5057 5048
f 5058 5059 5057
f 5059 5060 5057
f 5059 5061 5060
f 5057 5060 5048
f 5058 5062 5059
f 5062 5063 5059
f 5062 5064 5063
f 5059 5063 5061
f 5048 5060 5052
f 5060 5065 5052
f 5060 5061 5065
f 5052 5065 5054
f 4377 5055 4388
f 5055 5066 4388
f 5055 5051 5066
f 4388 5066 4390
f 5051 5067 5066
f 5067 5068 5066
f 5067 5069 5068
f 5066 5068 4390
f 5051 5053 5067
f 5053 5070 5067
f 5053 5054 5070
f 5067 5070 5069
f 4390 5068 4393
f 5068 5071 4393
f 5068 5069 5071
f 4393 5071 3648
f 4719 5072 4718
f 5072 5073 4718
f 5072 5074 5073
f 4718 5073 4716
f 5074 5075 5073
f 5075 5076 5073
f 5075 5077 5076
f 5073 5076 4716
f 5074 5078 5075
f 5078 5079 5075
f 5078 5080 5079
f 5075 5079 5077
f 4716 5076 4720
f 5076 5081 4720
f 5076 5077 5081
f 4720 5081 4709
f 5080 5082 5079
f 5082 5083 5079
f 5082 5084 5083
f 5079 5083 5077
f 5084 5085 5083
f 5085 5086 5083
f 5085 5087 5086
f 5083 5086 5077
f 5084 5088 5085
f 5088 5089 5085
f 5088 5044 5089
f 5085 5089 5087
f 5077 5086 5081
f 5086 5090 5081
f 5086 5087 5090
f 5081 5090 4709
f 5080 5091 5082
f 5091 5092 5082
f 5091 5093 5092
f 5082 5092 5084
f 5093 5094 5092
f 5094 5095 5092
f 5094 5058 5095
f 5092 5095 5084
f 5093 5096 5094
f 5096 5062 5094
f 5096 5064 5062
f 5094 5062 5058
f 5084 5095 5088
f 5095 5056 5088
f 5095 5058 5056
f 5088 5056 5044
f 4709 5090 4725
f 5090 5097 4725
f 5090 5087 5097
f 4725 5097 4724
f 5087 5098 5097
f 5098 5099 5097
f 5098 5038 5099
f 5097 5099 4724
f 5087 5089 5098
f 5089 5042 5098
f 5089 5044 5042
f 5098 5042 5038
f 4724 5099 4726
f 5099 5036 4726
f 5099 5038 5036
f 4726 5036 3719
f 3505 5100 4053
f 5100 5101 4053
f 5100 5102 5101
f 4053 5101 4055
f 5102 5103 5101
f 5103 5104 5101
f 5103 5105 5104
f 5101 5104 4055
f 5102 5106 5103
f 5106 5107 5103
f 5106 5108 5107
f 5103 5107 5105
f 4055 5104 4059
f 5104 5109 4059
f 5104 5105 5109
f 4059 5109 4061
f 5108 5110 5107
f 5110 5111 5107
f 5110 5112 5111
f 5107 5111 5105
f 5112 5113 5111
f 5113 5114 5111
f 5113 5115 5114
f 5111 5114 5105
f 5112 5116 5113
f 5116 5117 5113
f 5116 5118 5117
f 5113 5117 5115
f 5105 5114 5109
f 5114 5119 5109
f 5114 5115 5119
f 5109 5119 4061
f 5108 5120 5110
f 5120 5121 5110
f 5120 5122 5121
f 5110 5121 5112
f 5122 5123 5121
f 5123 5124 5121
f 5123 5125 5124
f 5121 5124 5112
f 5122 5126 5123
f 5126 5127 5123
f 5126 5064 5127
f 5123 5127 5125
f 5112 5124 5116
f 5124 5128 5116
f 5124 5125 5128
f 5116 5128 5118
f 4061 5119 4073
f 5119 5129 4073
f 5119 5115 5129
f 4073 5129 4075
f 5115 5130 5129
f 5130 5131 5129
f 5130 5132 5131
f 5129 5131 4075
f 5115 5117 5130
f 5117 5133 5130
f 5117 5118 5133
f 5130 5133 5132
f 4075 5131 4079
f 5131 5134 4079
f 5131 5132 5134
f 4079 5134 4081
f 3648 5071 3649
f 5071 5135 3649
f 5071 5069 5135
f 3649 5135 3652
f 5069 5136 5135
f 5136 5137 5135
f 5136 5138 5137
f 5135 5137 3652
f 5069 5070 5136
f 5070 5139 5136
f 5070 5054 5139
f 5136 5139 5138
f 3652 5137 3657
f 5137 5140 3657
f 5137 5138 5140
f 3657 5140 3659
f 5054 5141 5139
f 5141 5142 5139
f 5141 5143 5142
f 5139 5142 5138
f 5143 5144 5142
f 5144 5145 5142
f 5144 5146 5145
f 5142 5145 5138
f 5143 5147 5144
f 5147 5148 5144
f 5147 5108 5148
f 5144 5148 5146
f 5138 5145 5140
f 5145 5149 5140
f 5145 5146 5149
f 5140 5149 3659
f 5054 5065 5141
f 5065 5150 5141
f 5065 5061 5150
f 5141 5150 5143
f 5061 5151 5150
f 5151 5152 5150
f 5151 5122 5152
f 5150 5152 5143
f 5061 5063 5151
f 5063 5126 5151
f 5063 5064 5126
f 5151 5126 5122
f 5143 5152 5147
f 5152 5120 5147
f 5152 5122 5120
f 5147 5120 5108
f 3659 5149 3672
f 5149 5153 3672
f 5149 5146 5153
f 3672 5153 3674
f 5146 5154 5153
f 5154 5155 5153
f 5154 5102 5155
f 5153 5155 3674
f 5146 5148 5154
f 5148 5106 5154
f 5148 5108 5106
f 5154 5106 5102
f 3674 5155 3677
f 5155 5100 3677
f 5155 5102 5100
f 3677 5100 3505
f 2307 4368 2510
f 4368 5156 2510
f 4368 4366 5156
f 2510 5156 2508
f 4366 5157 5156
f 5157 5158 5156
f 5157 5159 5158
f 5156 5158 2508
f 4366 4367 5157
f 4367 5160 5157
f 4367 4352 5160
f 5157 5160 5159
f 2508 5158 2511
f 5158 5161 2511
f 5158 5159 5161
f 2511 5161 2501
f 4352 5162 5160
f 5162 5163 5160
f 5162 5164 5163
f 5160 5163 5159
f 5164 5165 5163
f 5165 5166 5163
f 5165 5167 5166
f 5163 5166 5159
f 5164 5168 5165
f 5168 5169 5165
f 5168 3843 5169
f 5165 5169 5167
f 5159 5166 5161
f 5166 5170 5161
f 5166 5167 5170
f 5161 5170 2501
f 4352 4362 5162
f 4362 5171 5162
f 4362 4359 5171
f 5162 5171 5164
f 4359 5172 5171
f 5172 5173 5171
f 5172 3857 5173
f 5171 5173 5164
f 4359 4361 5172
f 4361 3861 5172
f 4361 3863 3861
f 5172 3861 3857
f 5164 5173 5168
f 5173 3855 5168
f 5173 3857 3855
f 5168 3855 3843
f 2501 5170 2518
f 5170 5174 2518
f 5170 5167 5174
f 2518 5174 2517
f 5167 5175 5174
f 5175 5176 5174
f 5175 3837 5176
f 5174 5176 2517
f 5167 5169 5175
f 5169 3841 5175
f 5169 3843 3841
f 5175 3841 3837
f 2517 5176 2520
f 5176 3835 2520
f 5176 3837 3835
f 2520 3835 2521
f 2751 5177 2752
f 5177 5178 2752
f 5177 5179 5178
f 2752 5178 2755
f 5179 5180 5178
f 5180 5181 5178
f 5180 5182 5181
f 5178 5181 2755
f 5179 5183 5180
f 5183 5184 5180
f 5183 5185 5184
f 5180 5184 5182
f 2755 5181 2760
f 5181 5186 2760
f 5181 5182 5186
f 2760 5186 2762
f 5185 5187 5184
f 5187 5188 5184
f 5187 5189 5188
f 5184 5188 5182
f 5189 5190 5188
f 5190 5191 5188
f 5190 5192 5191
f 5188 5191 5182
f 5189 5193 5190
f 5193 5194 5190
f 5193 5195 5194
f 5190 5194 5192
f 5182 5191 5186
f 5191 5196 5186
f 5191 5192 5196
f 5186 5196 2762
f 5185 5197 5187
f 5197 5198 5187
f 5197 5199 5198
f 5187 5198 5189
f 5199 5200 5198
f 5200 5201 5198
f 5200 5202 5201
f 5198 5201 5189
f 5199 5203 5200
f 5203 5204 5200
f 5203 2221 5204
f 5200 5204 5202
f 5189 5201 5193
f 5201 5205 5193
f 5201 5202 5205
f 5193 5205 5195
f 2762 5196 2776
f 5196 5206 2776
f 5196 5192 5206
f 2776 5206 2778
f 5192 5207 5206
f 5207 5208 5206
f 5207 5209 5208
f 5206 5208 2778
f 5192 5194 5207
f 5194 5210 5207
f 5194 5195 5210
f 5207 5210 5209
f 2778 5208 2782
f 5208 5211 2782
f 5208 5209 5211
f 2782 5211 1892
f 2639 5212 4572
f 5212 5213 4572
f 5212 5214 5213
f 4572 5213 4574
f 5214 5215 5213
f 5215 5216 5213
f 5215 5217 5216
f 5213 5216 4574
f 5214 5218 5215
f 5218 5219 5215
f 5218 5220 5219
f 5215 5219 5217
f 4574 5216 4578
f 5216 5221 4578
f 5216 5217 5221
f 4578 5221 4580
f 5220 5222 5219
f 5222 5223 5219
f 5222 5224 5223
f 5219 5223 5217
f 5224 5225 5223
f 5225 5226 5223
f 5225 5227 5226
f 5223 5226 5217
f 5224 5228 5225
f 5228 5229 5225
f 5228 4636 5229
f 5225 5229 5227
f 5217 5226 5221
f 5226 5230 5221
f 5226 5227 5230
f 5221 5230 4580
f 5220 5231 5222
f 5231 5232 5222
f 5231 5233 5232
f 5222 5232 5224
f 5233 5234 5232
f 5234 5235 5232
f 5234 4650 5235
f 5232 5235 5224
f 5233 5236 5234
f 5236 4654 5234
f 5236 2351 4654
f 5234 4654 4650
f 5224 5235 5228
f 5235 4648 5228
f 5235 4650 4648
f 5228 4648 4636
f 4580 5230 4591
f 5230 5237 4591
f 5230 5227 5237
f 4591 5237 4593
f 5227 5238 5237
f 5238 5239 5237
f 5238 4630 5239
f 5237 5239 4593
f 5227 5229 5238
f 5229 4634 5238
f 5229 4636 4634
f 5238 4634 4630
f 4593 5239 4596
f 5239 4628 4596
f 5239 4630 4628
f 4596 4628 1266
f 2087 2086 3787
f 2086 5240 3787
f 2086 2083 5240
f 3787 5240 3785
f 2083 5241 5240
f 5241 5242 5240
f 5241 5243 5242
f 5240 5242 3785
f 2083 2084 5241
f 2084 5244 5241
f 2084 2070 5244
f 5241 5244 5243
f 3785 5242 3788
f 5242 5245 3788
f 5242 5243 5245
f 3788 5245 3778
f 2070 5246 5244
f 5246 5247 5244
f 5246 5248 5247
f 5244 5247 5243
f 5248 5249 5247
f 5249 5250 5247
f 5249 5251 5250
f 5247 5250 5243
f 5248 5252 5249
f 5252 5253 5249
f 5252 5254 5253
f 5249 5253 5251
f 5243 5250 5245
f 5250 5255 5245
f 5250 5251 5255
f 5245 5255 3778
f 2070 2077 5246
f 2077 5256 5246
f 2077 2075 5256
f 5246 5256 5248
f 2075 5257 5256
f 5257 5258 5256
f 5257 5259 5258
f 5256 5258 5248
f 2075 2076 5257
f 2076 5260 5257
f 2076 1925 5260
f 5257 5260 5259
f 5248 5258 5252
f 5258 5261 5252
f 5258 5259 5261
f 5252 5261 5254
f 3778 5255 3795
f 5255 5262 3795
f 5255 5251 5262
f 3795 5262 3794
f 5251 5263 5262
f 5263 5264 5262
f 5263 5265 5264
f 5262 5264 3794
f 5251 5253 5263
f 5253 5266 5263
f 5253 5254 5266
f 5263 5266 5265
f 3794 5264 3797
f 5264 5267 3797
f 5264 5265 5267
f 3797 5267 3798
f 1740 2228 5268
f 2228 5269 5268
f 2228 2226 5269
f 5268 5269 5270
f 2226 5271 5269
f 5271 5272 5269
f 5271 5273 5272
f 5269 5272 5270
f 2226 2227 5271
f 2227 5274 5271
f 2227 2211 5274
f 5271 5274 5273
f 5270 5272 5275
f 5272 5276 5275
f 5272 5273 5276
f 5275 5276 5277
f 2211 5278 5274
f 5278 5279 5274
f 5278 5280 5279
f 5274 5279 5273
f 5280 5281 5279
f 5281 5282 5279
f 5281 5283 5282
f 5279 5282 5273
f 5280 5284 5281
f 5284 5285 5281
f 5284 5185 5285
f 5281 5285 5283
f 5273 5282 5276
f 5282 5286 5276
f 5282 5283 5286
f 5276 5286 5277
f 2211 2222 5278
f 2222 5287 5278
f 2222 2218 5287
f 5278 5287 5280
f 2218 5288 5287
f 5288 5289 5287
f 5288 5199 5289
f 5287 5289 5280
f 2218 2220 5288
f 2220 5203 5288
f 2220 2221 5203
f 5288 5203 5199
f 5280 5289 5284
f 5289 5197 5284
f 5289 5199 5197
f 5284 5197 5185
f 5277 5286 5290
f 5286 5291 5290
f 5286 5283 5291
f 5290 5291 5292
f 5283 5293 5291
f 5293 5294 5291
f 5293 5179 5294
f 5291 5294 5292
f 5283 5285 5293
f 5285 5183 5293
f 5285 5185 5183
f 5293 5183 5179
f 5292 5294 5295
f 5294 5177 5295
f 5294 5179 5177
f 5295 5177 2751
f 1676 3870 4228
f 3870 5296 4228
f 3870 3868 5296
f 4228 5296 4227
f 3868 5297 5296
f 5297 5298 5296
f 5297 5299 5298
f 5296 5298 4227
f 3868 3869 5297
f 3869 5300 5297
f 3869 3853 5300
f 5297 5300 5299
f 4227 5298 4229
f 5298 5301 4229
f 5298 5299 5301
f 4229 5301 4222
f 3853 5302 5300
f 5302 5303 5300
f 5302 5304 5303
f 5300 5303 5299
f 5304 5305 5303
f 5305 5306 5303
f 5305 5307 5306
f 5303 5306 5299
f 5304 5308 5305
f 5308 5309 5305
f 5308 5310 5309
f 5305 5309 5307
f 5299 5306 5301
f 5306 5311 5301
f 5306 5307 5311
f 5301 5311 4222
f 3853 3864 5302
f 3864 5312 5302
f 3864 3860 5312
f 5302 5312 5304
f 3860 5313 5312
f 5313 5314 5312
f 5313 5315 5314
f 5312 5314 5304
f 3860 3862 5313
f 3862 5316 5313
f 3862 3863 5316
f 5313 5316 5315
f 5304 5314 5308
f 5314 5317 5308
f 5314 5315 5317
f 5308 5317 5310
f 4222 5311 4234
f 5311 5318 4234
f 5311 5307 5318
f 4234 5318 4233
f 5307 5319 5318
f 5319 5320 5318
f 5319 5321 5320
f 5318 5320 4233
f 5307 5309 5319
f 5309 5322 5319
f 5309 5310 5322
f 5319 5322 5321
f 4233 5320 4235
f 5320 5323 4235
f 5320 5321 5323
f 4235 5323 2639
f 1153 2051 3242
f 2051 5324 3242
f 2051 2049 5324
f 3242 5324 3240
f 2049 5325 5324
f 5325 5326 5324
f 5325 5327 5326
f 5324 5326 3240
f 2049 2050 5325
f 2050 5328 5325
f 2050 2034 5328
f 5325 5328 5327
f 3240 5326 3243
f 5326 5329 3243
f 5326 5327 5329
f 3243 5329 3233
f 2034 5330 5328
f 5330 5331 5328
f 5330 5332 5331
f 5328 5331 5327
f 5332 5333 5331
f 5333 5334 5331
f 5333 5335 5334
f 5331 5334 5327
f 5332 5336 5333
f 5336 5337 5333
f 5336 5009 5337
f 5333 5337 5335
f 5327 5334 5329
f 5334 5338 5329
f 5334 5335 5338
f 5329 5338 3233
f 2034 2045 5330
f 2045 5339 5330
f 2045 2041 5339
f 5330 5339 5332
f 2041 5340 5339
f 5340 5341 5339
f 5340 5023 5341
f 5339 5341 5332
f 2041 2043 5340
f 2043 5027 5340
f 2043 2044 5027
f 5340 5027 5023
f 5332 5341 5336
f 5341 5021 5336
f 5341 5023 5021
f 5336 5021 5009
f 3233 5338 3250
f 5338 5342 3250
f 5338 5335 5342
f 3250 5342 3249
f 5335 5343 5342
f 5343 5344 5342
f 5343 5003 5344
f 5342 5344 3249
f 5335 5337 5343
f 5337 5007 5343
f 5337 5009 5007
f 5343 5007 5003
f 3249 5344 3252
f 5344 5001 3252
f 5344 5003 5001
f 3252 5001 2306
f 46 3121 2004
f 3121 5345 2004
f 3121 3119 5345
f 2004 5345 2002
f 3119 5346 5345
f 5346 5347 5345
f 5346 5348 5347
f 5345 5347 2002
f 3119 3120 5346
f 3120 5349 5346
f 3120 3105 5349
f 5346 5349 5348
f 2002 5347 2005
f 5347 5350 2005
f 5347 5348 5350
f 2005 5350 1995
f 3105 5351 5349
f 5351 5352 5349
f 5351 5353 5352
f 5349 5352 5348
f 5353 5354 5352
f 5354 5355 5352
f 5354 5356 5355
f 5352 5355 5348
f 5353 5357 5354
f 5357 5358 5354
f 5357 4498 5358
f 5354 5358 5356
f 5348 5355 5350
f 5355 5359 5350
f 5355 5356 5359
f 5350 5359 1995
f 3105 3115 5351
f 3115 5360 5351
f 3115 3112 5360
f 5351 5360 5353
f 3112 5361 5360
f 5361 5362 5360
f 5361 4513 5362
f 5360 5362 5353
f 3112 3114 5361
f 3114 4516 5361
f 3114 1773 4516
f 5361 4516 4513
f 5353 5362 5357
f 5362 4511 5357
f 5362 4513 4511
f 5357 4511 4498
f 1995 5359 2012
f 5359 5363 2012
f 5359 5356 5363
f 2012 5363 2011
f 5356 5364 5363
f 5364 5365 5363
f 5364 4491 5365
f 5363 5365 2011
f 5356 5358 5364
f 5358 4496 5364
f 5358 4498 4496
f 5364 4496 4491
f 2011 5365 2014
f 5365 4488 2014
f 5365 4491 4488
f 2014 4488 2015
f 3798 5267 4952
f 5267 5366 4952
f 5267 5265 5366
f 4952 5366 4954
f 5265 5367 5366
f 5367 5368 5366
f 5367 5369 5368
f 5366 5368 4954
f 5265 5266 5367
f 5266 5370 5367
f 5266 5254 5370
f 5367 5370 5369
f 4954 5368 4958
f 5368 5371 4958
f 5368 5369 5371
f 4958 5371 4960
f 5254 5372 5370
f 5372 5373 5370
f 5372 5374 5373
f 5370 5373 5369
f 5374 5375 5373
f 5375 5376 5373
f 5375 5377 5376
f 5373 5376 5369
f 5374 5378 5375
f 5378 5379 5375
f 5378 5380 5379
f 5375 5379 5377
f 5369 5376 5371
f 5376 5381 5371
f 5376 5377 5381
f 5371 5381 4960
f 5254 5261 5372
f 5261 5382 5372
f 5261 5259 5382
f 5372 5382 5374
f 5259 5383 5382
f 5383 5384 5382
f 5383 5385 5384
f 5382 5384 5374
f 5259 5260 5383
f 5260 5386 5383
f 5260 1925 5386
f 5383 5386 5385
f 5374 5384 5378
f 5384 5387 5378
f 5384 5385 5387
f 5378 5387 5380
f 4960 5381 4971
f 5381 5388 4971
f 5381 5377 5388
f 4971 5388 4973
f 5377 5389 5388
f 5389 5390 5388
f 5389 5391 5390
f 5388 5390 4973
f 5377 5379 5389
f 5379 5392 5389
f 5379 5380 5392
f 5389 5392 5391
f 4973 5390 4976
f 5390 5393 4976
f 5390 5391 5393
f 4976 5393 1784
f 1892 5211 1893
f 5211 5394 1893
f 5211 5209 5394
f 1893 5394 1896
f 5209 5395 5394
f 5395 5396 5394
f 5395 5397 5396
f 5394 5396 1896
f 5209 5210 5395
f 5210 5398 5395
f 5210 5195 5398
f 5395 5398 5397
f 1896 5396 1901
f 5396 5399 1901
f 5396 5397 5399
f 1901 5399 1903
f 5195 5400 5398
f 5400 5401 5398
f 5400 5402 5401
f 5398 5401 5397
f 5402 5403 5401
f 5403 5404 5401
f 5403 5405 5404
f 5401 5404 5397
f 5402 5406 5403
f 5406 5407 5403
f 5406 5408 5407
f 5403 5407 5405
f 5397 5404 5399
f 5404 5409 5399
f 5404 5405 5409
f 5399 5409 1903
f 5195 5205 5400
f 5205 5410 5400
f 5205 5202 5410
f 5400 5410 5402
f 5202 5411 5410
f 5411 5412 5410
f 5411 5413 5412
f 5410 5412 5402
f 5202 5204 5411
f 5204 5414 5411
f 5204 2221 5414
f 5411 5414 5413
f 5402 5412 5406
f 5412 5415 5406
f 5412 5413 5415
f 5406 5415 5408
f 1903 5409 1917
f 5409 5416 1917
f 5409 5405 5416
f 1917 5416 1919
f 5405 5417 5416
f 5417 5418 5416
f 5417 5419 5418
f 5416 5418 1919
f 5405 5407 5417
f 5407 5420 5417
f 5407 5408 5420
f 5417 5420 5419
f 1919 5418 1923
f 5418 5421 1923
f 5418 5419 5421
f 1923 5421 1925
f 3122 5035 3123
f 5035 5422 3123
f 5035 5033 5422
f 3123 5422 3126
f 5033 5423 5422
f 5423 5424 5422
f 5423 5425 5424
f 5422 5424 3126
f 5033 5034 5423
f 5034 5426 5423
f 5034 5019 5426
f 5423 5426 5425
f 3126 5424 3131
f 5424 5427 3131
f 5424 5425 5427
f 3131 5427 3133
f 5019 5428 5426
f 5428 5429 5426
f 5428 5430 5429
f 5426 5429 5425
f 5430 5431 5429
f 5431 5432 5429
f 5431 5433 5432
f 5429 5432 5425
f 5430 5434 5431
f 5434 5435 5431
f 5434 5436 5435
f 5431 5435 5433
f 5425 5432 5427
f 5432 5437 5427
f 5432 5433 5437
f 5427 5437 3133
f 5019 5029 5428
f 5029 5438 5428
f 5029 5026 5438
f 5428 5438 5430
f 5026 5439 5438
f 5439 5440 5438
f 5439 5441 5440
f 5438 5440 5430
f 5026 5028 5439
f 5028 5442 5439
f 5028 2044 5442
f 5439 5442 5441
f 5430 5440 5434
f 5440 5443 5434
f 5440 5441 5443
f 5434 5443 5436
f 3133 5437 3147
f 5437 5444 3147
f 5437 5433 5444
f 3147 5444 3149
f 5433 5445 5444
f 5445 5446 5444
f 5445 5447 5446
f 5444 5446 3149
f 5433 5435 5445
f 5435 5448 5445
f 5435 5436 5448
f 5445 5448 5447
f 3149 5446 3153
f 5446 5449 3153
f 5446 5447 5449
f 3153 5449 3155
f 1936 3086 4109
f 3086 5450 4109
f 3086 3083 5450
f 4109 5450 4108
f 3083 5451 5450
f 5451 5452 5450
f 5451 5453 5452
f 5450 5452 4108
f 3083 3084 5451
f 3084 5454 5451
f 3084 3070 5454
f 5451 5454 5453
f 4108 5452 4110
f 5452 5455 4110
f 5452 5453 5455
f 4110 5455 4103
f 3070 5456 5454
f 5456 5457 5454
f 5456 5458 5457
f 5454 5457 5453
f 5458 5459 5457
f 5459 5460 5457
f 5459 5461 5460
f 5457 5460 5453
f 5458 5462 5459
f 5462 5463 5459
f 5462 5464 5463
f 5459 5463 5461
f 5453 5460 5455
f 5460 5465 5455
f 5460 5461 5465
f 5455 5465 4103
f 3070 3077 5456
f 3077 5466 5456
f 3077 3075 5466
f 5456 5466 5458
f 3075 5467 5466
f 5467 5468 5466
f 5467 5469 5468
f 5466 5468 5458
f 3075 3076 5467
f 3076 5470 5467
f 3076 1480 5470
f 5467 5470 5469
f 5458 5468 5462
f 5468 5471 5462
f 5468 5469 5471
f 5462 5471 5464
f 4103 5465 4115
f 5465 5472 4115
f 5465 5461 5472
f 4115 5472 4114
f 5461 5473 5472
f 5473 5474 5472
f 5473 5475 5474
f 5472 5474 4114
f 5461 5463 5473
f 5463 5476 5473
f 5463 5464 5476
f 5473 5476 5475
f 4114 5474 4116
f 5474 5477 4116
f 5474 5475 5477
f 4116 5477 3008
f 806 5478 1548
f 5478 5479 1548
f 5478 5480 5479
f 1548 5479 1550
f 5480 5481 5479
f 5481 5482 5479
f 5481 5483 5482
f 5479 5482 1550
f 5480 5484 5481
f 5484 5485 5481
f 5484 5486 5485
f 5481 5485 5483
f 1550 5482 1554
f 5482 5487 1554
f 5482 5483 5487
f 1554 5487 1556
f 5486 5488 5485
f 5488 5489 5485
f 5488 5490 5489
f 5485 5489 5483
f 5490 5491 5489
f 5491 5492 5489
f 5491 5493 5492
f 5489 5492 5483
f 5490 5494 5491
f 5494 5495 5491
f 5494 4441 5495
f 5491 5495 5493
f 5483 5492 5487
f 5492 5496 5487
f 5492 5493 5496
f 5487 5496 1556
f 5486 5497 5488
f 5497 5498 5488
f 5497 5499 5498
f 5488 5498 5490
f 5499 5500 5498
f 5500 5501 5498
f 5500 4434 5501
f 5498 5501 5490
f 5499 5502 5500
f 5502 4432 5500
f 5502 762 4432
f 5500 4432 4434
f 5490 5501 5494
f 5501 4439 5494
f 5501 4434 4439
f 5494 4439 4441
f 1556 5496 1567
f 5496 5503 1567
f 5496 5493 5503
f 1567 5503 1569
f 5493 5504 5503
f 5504 5505 5503
f 5504 4460 5505
f 5503 5505 1569
f 5493 5495 5504
f 5495 4458 5504
f 5495 4441 4458
f 5504 4458 4460
f 1569 5505 1572
f 5505 4465 1572
f 5505 4460 4465
f 1572 4465 655
f 806 2477 5478
f 2477 5506 5478
f 2477 2475 5506
f 5478 5506 5480
f 2475 5507 5506
f 5507 5508 5506
f 5507 5509 5508
f 5506 5508 5480
f 2475 2476 5507
f 2476 5510 5507
f 2476 2464 5510
f 5507 5510 5509
f 5480 5508 5484
f 5508 5511 5484
f 5508 5509 5511
f 5484 5511 5486
f 2464 5512 5510
f 5512 5513 5510
f 5512 5514 5513
f 5510 5513 5509
f 5514 5515 5513
f 5515 5516 5513
f 5515 5517 5516
f 5513 5516 5509
f 5514 5518 5515
f 5518 5519 5515
f 5518 5520 5519
f 5515 5519 5517
f 5509 5516 5511
f 5516 5521 5511
f 5516 5517 5521
f 5511 5521 5486
f 2464 2471 5512
f 2471 5522 5512
f 2471 2469 5522
f 5512 5522 5514
f 2469 5523 5522
f 5523 5524 5522
f 5523 5525 5524
f 5522 5524 5514
f 2469 2470 5523
f 2470 5526 5523
f 2470 79 5526
f 5523 5526 5525
f 5514 5524 5518
f 5524 5527 5518
f 5524 5525 5527
f 5518 5527 5520
f 5486 5521 5497
f 5521 5528 5497
f 5521 5517 5528
f 5497 5528 5499
f 5517 5529 5528
f 5529 5530 5528
f 5529 5531 5530
f 5528 5530 5499
f 5517 5519 5529
f 5519 5532 5529
f 5519 5520 5532
f 5529 5532 5531
f 5499 5530 5502
f 5530 5533 5502
f 5530 5531 5533
f 5502 5533 762
f 3155 5449 5534
f 5449 5535 5534
f 5449 5447 5535
f 5534 5535 5536
f 5447 5537 5535
f 5537 5538 5535
f 5537 5539 5538
f 5535 5538 5536
f 5447 5448 5537
f 5448 5540 5537
f 5448 5436 5540
f 5537 5540 5539
f 5536 5538 5541
f 5538 5542 5541
f 5538 5539 5542
f 5541 5542 5543
f 5436 5544 5540
f 5544 5545 5540
f 5544 5546 5545
f 5540 5545 5539
f 5546 5547 5545
f 5547 5548 5545
f 5547 5549 5548
f 5545 5548 5539
f 5546 5550 5547
f 5550 5551 5547
f 5550 2024 5551
f 5547 5551 5549
f 5539 5548 5542
f 5548 5552 5542
f 5548 5549 5552
f 5542 5552 5543
f 5436 5443 5544
f 5443 5553 5544
f 5443 5441 5553
f 5544 5553 5546
f 5441 5554 5553
f 5554 5555 5553
f 5554 2038 5555
f 5553 5555 5546
f 5441 5442 5554
f 5442 2042 5554
f 5442 2044 2042
f 5554 2042 2038
f 5546 5555 5550
f 5555 2036 5550
f 5555 2038 2036
f 5550 2036 2024
f 5543 5552 5556
f 5552 5557 5556
f 5552 5549 5557
f 5556 5557 5558
f 5549 5559 5557
f 5559 5560 5557
f 5559 2018 5560
f 5557 5560 5558
f 5549 5551 5559
f 5551 2022 5559
f 5551 2024 2022
f 5559 2022 2018
f 5558 5560 5561
f 5560 2016 5561
f 5560 2018 2016
f 5561 2016 1491
f 1440 2577 5562
f 2577 5563 5562
f 2577 2575 5563
f 5562 5563 5564
f 2575 5565 5563
f 5565 5566 5563
f 5565 5567 5566
f 5563 5566 5564
f 2575 2576 5565
f 2576 5568 5565
f 2576 2564 5568
f 5565 5568 5567
f 5564 5566 5569
f 5566 5570 5569
f 5566 5567 5570
f 5569 5570 5571
f 2564 5572 5568
f 5572 5573 5568
f 5572 5574 5573
f 5568 5573 5567
f 5574 5575 5573
f 5575 5576 5573
f 5575 5577 5576
f 5573 5576 5567
f 5574 5578 5575
f 5578 5579 5575
f 5578 5580 5579
f 5575 5579 5577
f 5567 5576 5570
f 5576 5581 5570
f 5576 5577 5581
f 5570 5581 5571
f 2564 2571 5572
f 2571 5582 5572
f 2571 2569 5582
f 5572 5582 5574
f 2569 5583 5582
f 5583 5584 5582
f 5583 5585 5584
f 5582 5584 5574
f 2569 2570 5583
f 2570 5586 5583
f 2570 1609 5586
f 5583 5586 5585
f 5574 5584 5578
f 5584 5587 5578
f 5584 5585 5587
f 5578 5587 5580
f 5571 5581 5588
f 5581 5589 5588
f 5581 5577 5589
f 5588 5589 5590
f 5577 5591 5589
f 5591 5592 5589
f 5591 5593 5592
f 5589 5592 5590
f 5577 5579 5591
f 5579 5594 5591
f 5579 5580 5594
f 5591 5594 5593
f 5590 5592 5595
f 5592 5596 5595
f 5592 5593 5596
f 5595 5596 136
f 4776 5597 4944
f 5597 5598 4944
f 5597 5599 5598
f 4944 5598 4943
f 5599 5600 5598
f 5600 5601 5598
f 5600 5602 5601
f 5598 5601 4943
f 5599 5603 5600
f 5603 5604 5600
f 5603 5605 5604
f 5600 5604 5602
f 4943 5601 4945
f 5601 5606 4945
f 5601 5602 5606
f 4945 5606 4938
f 5605 5607 5604
f 5607 5608 5604
f 5607 5609 5608
f 5604 5608 5602
f 5609 5610 5608
f 5610 5611 5608
f 5610 5612 5611
f 5608 5611 5602
f 5609 5613 5610
f 5613 5614 5610
f 5613 5615 5614
f 5610 5614 5612
f 5602 5611 5606
f 5611 5616 5606
f 5611 5612 5616
f 5606 5616 4938
f 5605 5617 5607
f 5617 5618 5607
f 5617 5619 5618
f 5607 5618 5609
f 5619 5620 5618
f 5620 5621 5618
f 5620 5622 5621
f 5618 5621 5609
f 5619 5623 5620
f 5623 5624 5620
f 5623 5625 5624
f 5620 5624 5622
f 5609 5621 5613
f 5621 5626 5613
f 5621 5622 5626
f 5613 5626 5615
f 4938 5616 4950
f 5616 5627 4950
f 5616 5612 5627
f 4950 5627 4949
f 5612 5628 5627
f 5628 5629 5627
f 5628 5630 5629
f 5627 5629 4949
f 5612 5614 5628
f 5614 5631 5628
f 5614 5615 5631
f 5628 5631 5630
f 4949 5629 4951
f 5629 5632 4951
f 5629 5630 5632
f 4951 5632 3755
f 3755 5632 3756
f 5632 5633 3756
f 5632 5630 5633
f 3756 5633 3759
f 5630 5634 5633
f 5634 5635 5633
f 5634 5636 5635
f 5633 5635 3759
f 5630 5631 5634
f 5631 5637 5634
f 5631 5615 5637
f 5634 5637 5636
f 3759 5635 3764
f 5635 5638 3764
f 5635 5636 5638
f 3764 5638 3766
f 5615 5639 5637
f 5639 5640 5637
f 5639 5641 5640
f 5637 5640 5636
f 5641 5642 5640
f 5642 5643 5640
f 5642 5644 5643
f 5640 5643 5636
f 5641 5645 5642
f 5645 5646 5642
f 5645 5647 5646
f 5642 5646 5644
f 5636 5643 5638
f 5643 5648 5638
f 5643 5644 5648
f 5638 5648 3766
f 5615 5626 5639
f 5626 5649 5639
f 5626 5622 5649
f 5639 5649 5641
f 5622 5650 5649
f 5650 5651 5649
f 5650 5652 5651
f 5649 5651 5641
f 5622 5624 5650
f 5624 5653 5650
f 5624 5625 5653
f 5650 5653 5652
f 5641 5651 5645
f 5651 5654 5645
f 5651 5652 5654
f 5645 5654 5647
f 3766 5648 3780
f 5648 5655 3780
f 5648 5644 5655
f 3780 5655 3782
f 5644 5656 5655
f 5656 5657 5655
f 5656 5658 5657
f 5655 5657 3782
f 5644 5646 5656
f 5646 5659 5656
f 5646 5647 5659
f 5656 5659 5658
f 3782 5657 3786
f 5657 5660 3786
f 5657 5658 5660
f 3786 5660 2087
f 2651 5661 4691
f 5661 5662 4691
f 5661 5663 5662
f 4691 5662 4693
f 5663 5664 5662
f 5664 5665 5662
f 5664 5666 5665
f 5662 5665 4693
f 5663 5667 5664
f 5667 5668 5664
f 5667 5669 5668
f 5664 5668 5666
f 4693 5665 4697
f 5665 5670 4697
f 5665 5666 5670
f 4697 5670 4699
f 5669 5671 5668
f 5671 5672 5668
f 5671 5673 5672
f 5668 5672 5666
f 5673 5674 5672
f 5674 5675 5672
f 5674 5676 5675
f 5672 5675 5666
f 5673 5677 5674
f 5677 5678 5674
f 5677 5679 5678
f 5674 5678 5676
f 5666 5675 5670
f 5675 5680 5670
f 5675 5676 5680
f 5670 5680 4699
f 5669 5681 5671
f 5681 5682 5671
f 5681 5683 5682
f 5671 5682 5673
f 5683 5684 5682
f 5684 5685 5682
f 5684 5686 5685
f 5682 5685 5673
f 5683 5687 5684
f 5687 5688 5684
f 5687 5689 5688
f 5684 5688 5686
f 5673 5685 5677
f 5685 5690 5677
f 5685 5686 5690
f 5677 5690 5679
f 4699 5680 4711
f 5680 5691 4711
f 5680 5676 5691
f 4711 5691 4713
f 5676 5692 5691
f 5692 5693 5691
f 5692 5694 5693
f 5691 5693 4713
f 5676 5678 5692
f 5678 5695 5692
f 5678 5679 5695
f 5692 5695 5694
f 4713 5693 4717
f 5693 5696 4717
f 5693 5694 5696
f 4717 5696 4719
f 3008 5477 4277
f 5477 5697 4277
f 5477 5475 5697
f 4277 5697 4276
f 5475 5698 5697
f 5698 5699 5697
f 5698 5700 5699
f 5697 5699 4276
f 5475 5476 5698
f 5476 5701 5698
f 5476 5464 5701
f 5698 5701 5700
f 4276 5699 4278
f 5699 5702 4278
f 5699 5700 5702
f 4278 5702 4271
f 5464 5703 5701
f 5703 5704 5701
f 5703 5705 5704
f 5701 5704 5700
f 5705 5706 5704
f 5706 5707 5704
f 5706 5708 5707
f 5704 5707 5700
f 5705 5709 5706
f 5709 5710 5706
f 5709 1628 5710
f 5706 5710 5708
f 5700 5707 5702
f 5707 5711 5702
f 5707 5708 5711
f 5702 5711 4271
f 5464 5471 5703
f 5471 5712 5703
f 5471 5469 5712
f 5703 5712 5705
f 5469 5713 5712
f 5713 5714 5712
f 5713 1641 5714
f 5712 5714 5705
f 5469 5470 5713
f 5470 1644 5713
f 5470 1480 1644
f 5713 1644 1641
f 5705 5714 5709
f 5714 1639 5709
f 5714 1641 1639
f 5709 1639 1628
f 4271 5711 4283
f 5711 5715 4283
f 5711 5708 5715
f 4283 5715 4282
f 5708 5716 5715
f 5716 5717 5715
f 5716 1622 5717
f 5715 5717 4282
f 5708 5710 5716
f 5710 1626 5716
f 5710 1628 1626
f 5716 1626 1622
f 4282 5717 4284
f 5717 1620 4284
f 5717 1622 1620
f 4284 1620 1197
f 1197 1196 2839
f 1196 5718 2839
f 1196 1193 5718
f 2839 5718 2841
f 1193 5719 5718
f 5719 5720 5718
f 5719 5721 5720
f 5718 5720 2841
f 1193 1194 5719
f 1194 5722 5719
f 1194 1176 5722
f 5719 5722 5721
f 2841 5720 2845
f 5720 5723 2845
f 5720 5721 5723
f 2845 5723 2847
f 1176 5724 5722
f 5724 5725 5722
f 5724 5726 5725
f 5722 5725 5721
f 5726 5727 5725
f 5727 5728 5725
f 5727 5729 5728
f 5725 5728 5721
f 5726 5730 5727
f 5730 5731 5727
f 5730 5732 5731
f 5727 5731 5729
f 5721 5728 5723
f 5728 5733 5723
f 5728 5729 5733
f 5723 5733 2847
f 1176 1187 5724
f 1187 5734 5724
f 1187 1183 5734
f 5724 5734 5726
f 1183 5735 5734
f 5735 5736 5734
f 5735 5737 5736
f 5734 5736 5726
f 1183 1185 5735
f 1185 5738 5735
f 1185 1186 5738
f 5735 5738 5737
f 5726 5736 5730
f 5736 5739 5730
f 5736 5737 5739
f 5730 5739 5732
f 2847 5733 2859
f 5733 5740 2859
f 5733 5729 5740
f 2859 5740 2861
f 5729 5741 5740
f 5741 5742 5740
f 5741 5743 5742
f 5740 5742 2861
f 5729 5731 5741
f 5731 5744 5741
f 5731 5732 5744
f 5741 5744 5743
f 2861 5742 2865
f 5742 5745 2865
f 5742 5743 5745
f 2865 5745 1884
f 3155 5746 4748
f 5746 5747 4748
f 5746 5748 5747
f 4748 5747 4750
f 5748 5749 5747
f 5749 5750 5747
f 5749 5751 5750
f 5747 5750 4750
f 5748 5752 5749
f 5752 5753 5749
f 5752 5754 5753
f 5749 5753 5751
f 4750 5750 4754
f 5750 5755 4754
f 5750 5751 5755
f 4754 5755 4756
f 5754 5756 5753
f 5756 5757 5753
f 5756 5758 5757
f 5753 5757 5751
f 5758 5759 5757
f 5759 5760 5757
f 5759 5761 5760
f 5757 5760 5751
f 5758 5762 5759
f 5762 5763 5759
f 5762 5605 5763
f 5759 5763 5761
f 5751 5760 5755
f 5760 5764 5755
f 5760 5761 5764
f 5755 5764 4756
f 5754 5765 5756
f 5765 5766 5756
f 5765 5767 5766
f 5756 5766 5758
f 5767 5768 5766
f 5768 5769 5766
f 5768 5619 5769
f 5766 5769 5758
f 5767 5770 5768
f 5770 5623 5768
f 5770 5625 5623
f 5768 5623 5619
f 5758 5769 5762
f 5769 5617 5762
f 5769 5619 5617
f 5762 5617 5605
f 4756 5764 4768
f 5764 5771 4768
f 5764 5761 5771
f 4768 5771 4770
f 5761 5772 5771
f 5772 5773 5771
f 5772 5599 5773
f 5771 5773 4770
f 5761 5763 5772
f 5763 5603 5772
f 5763 5605 5603
f 5772 5603 5599
f 4770 5773 4774
f 5773 5597 4774
f 5773 5599 5597
f 4774 5597 4776
f 2351 2350 4655
f 2350 5774 4655
f 2350 2347 5774
f 4655 5774 4653
f 2347 5775 5774
f 5775 5776 5774
f 5775 5777 5776
f 5774 5776 4653
f 2347 2348 5775
f 2348 5778 5775
f 2348 2330 5778
f 5775 5778 5777
f 4653 5776 4656
f 5776 5779 4656
f 5776 5777 5779
f 4656 5779 4646
f 2330 5780 5778
f 5780 5781 5778
f 5780 5782 5781
f 5778 5781 5777
f 5782 5783 5781
f 5783 5784 5781
f 5783 5785 5784
f 5781 5784 5777
f 5782 5786 5783
f 5786 5787 5783
f 5786 5788 5787
f 5783 5787 5785
f 5777 5784 5779
f 5784 5789 5779
f 5784 5785 5789
f 5779 5789 4646
f 2330 2341 5780
f 2341 5790 5780
f 2341 2337 5790
f 5780 5790 5782
f 2337 5791 5790
f 5791 5792 5790
f 5791 5793 5792
f 5790 5792 5782
f 2337 2339 5791
f 2339 5794 5791
f 2339 2340 5794
f 5791 5794 5793
f 5782 5792 5786
f 5792 5795 5786
f 5792 5793 5795
f 5786 5795 5788
f 4646 5789 4661
f 5789 5796 4661
f 5789 5785 5796
f 4661 5796 4660
f 5785 5797 5796
f 5797 5798 5796
f 5797 5799 5798
f 5796 5798 4660
f 5785 5787 5797
f 5787 5800 5797
f 5787 5788 5800
f 5797 5800 5799
f 4660 5798 4662
f 5798 5801 4662
f 5798 5799 5801
f 4662 5801 1347
f 2340 3834 5802
f 3834 5803 5802
f 3834 3832 5803
f 5802 5803 5804
f 3832 5805 5803
f 5805 5806 5803
f 5805 5807 5806
f 5803 5806 5804
f 3832 3833 5805
f 3833 5808 5805
f 3833 3817 5808
f 5805 5808 5807
f 5804 5806 5809
f 5806 5810 5809
f 5806 5807 5810
f 5809 5810 5811
f 3817 5812 5808
f 5812 5813 5808
f 5812 5814 5813
f 5808 5813 5807
f 5814 5815 5813
f 5815 5816 5813
f 5815 5817 5816
f 5813 5816 5807
f 5814 5818 5815
f 5818 5819 5815
f 5818 5820 5819
f 5815 5819 5817
f 5807 5816 5810
f 5816 5821 5810
f 5816 5817 5821
f 5810 5821 5811
f 3817 3828 5812
f 3828 5822 5812
f 3828 3824 5822
f 5812 5822 5814
f 3824 5823 5822
f 5823 5824 5822
f 5823 5825 5824
f 5822 5824 5814
f 3824 3826 5823
f 3826 5826 5823
f 3826 3827 5826
f 5823 5826 5825
f 5814 5824 5818
f 5824 5827 5818
f 5824 5825 5827
f 5818 5827 5820
f 5811 5821 5828
f 5821 5829 5828
f 5821 5817 5829
f 5828 5829 5830
f 5817 5831 5829
f 5831 5832 5829
f 5831 5833 5832
f 5829 5832 5830
f 5817 5819 5831
f 5819 5834 5831
f 5819 5820 5834
f 5831 5834 5833
f 5830 5832 5835
f 5832 5836 5835
f 5832 5833 5836
f 5835 5836 4719
f 2087 5660 4868
f 5660 5837 4868
f 5660 5658 5837
f 4868 5837 4870
f 5658 5838 5837
f 5838 5839 5837
f 5838 5840 5839
f 5837 5839 4870
f 5658 5659 5838
f 5659 5841 5838
f 5659 5647 5841
f 5838 5841 5840
f 4870 5839 4874
f 5839 5842 4874
f 5839 5840 5842
f 4874 5842 4876
f 5647 5843 5841
f 5843 5844 5841
f 5843 5845 5844
f 5841 5844 5840
f 5845 5846 5844
f 5846 5847 5844
f 5846 5848 5847
f 5844 5847 5840
f 5845 5849 5846
f 5849 5850 5846
f 5849 5851 5850
f 5846 5850 5848
f 5840 5847 5842
f 5847 5852 5842
f 5847 5848 5852
f 5842 5852 4876
f 5647 5654 5843
f 5654 5853 5843
f 5654 5652 5853
f 5843 5853 5845
f 5652 5854 5853
f 5854 5855 5853
f 5854 5856 5855
f 5853 5855 5845
f 5652 5653 5854
f 5653 5857 5854
f 5653 5625 5857
f 5854 5857 5856
f 5845 5855 5849
f 5855 5858 5849
f 5855 5856 5858
f 5849 5858 5851
f 4876 5852 4887
f 5852 5859 4887
f 5852 5848 5859
f 4887 5859 4889
f 5848 5860 5859
f 5860 5861 5859
f 5860 5862 5861
f 5859 5861 4889
f 5848 5850 5860
f 5850 5863 5860
f 5850 5851 5863
f 5860 5863 5862
f 4889 5861 4892
f 5861 5864 4892
f 5861 5862 5864
f 4892 5864 1491
f 1609 2270 5586
f 2270 5865 5586
f 2270 2267 5865
f 5586 5865 5585
f 2267 5866 5865
f 5866 5867 5865
f 5866 5868 5867
f 5865 5867 5585
f 2267 2268 5866
f 2268 5869 5866
f 2268 2251 5869
f 5866 5869 5868
f 5585 5867 5587
f 5867 5870 5587
f 5867 5868 5870
f 5587 5870 5580
f 2251 5871 5869
f 5871 5872 5869
f 5871 5873 5872
f 5869 5872 5868
f 5873 5874 5872
f 5874 5875 5872
f 5874 5876 5875
f 5872 5875 5868
f 5873 5877 5874
f 5877 5878 5874
f 5877 147 5878
f 5874 5878 5876
f 5868 5875 5870
f 5875 5879 5870
f 5875 5876 5879
f 5870 5879 5580
f 2251 2261 5871
f 2261 5880 5871
f 2261 2258 5880
f 5871 5880 5873
f 2258 5881 5880
f 5881 5882 5880
f 5881 163 5882
f 5880 5882 5873
f 2258 2260 5881
f 2260 167 5881
f 2260 169 167
f 5881 167 163
f 5873 5882 5877
f 5882 161 5877
f 5882 163 161
f 5877 161 147
f 5580 5879 5594
f 5879 5883 5594
f 5879 5876 5883
f 5594 5883 5593
f 5876 5884 5883
f 5884 5885 5883
f 5884 140 5885
f 5883 5885 5593
f 5876 5878 5884
f 5878 145 5884
f 5878 147 145
f 5884 145 140
f 5593 5885 5596
f 5885 137 5596
f 5885 140 137
f 5596 137 136
f 79 1081 5526
f 1081 5886 5526
f 1081 1079 5886
f 5526 5886 5525
f 1079 5887 5886
f 5887 5888 5886
f 5887 5889 5888
f 5886 5888 5525
f 1079 1080 5887
f 1080 5890 5887
f 1080 1065 5890
f 5887 5890 5889
f 5525 5888 5527
f 5888 5891 5527
f 5888 5889 5891
f 5527 5891 5520
f 1065 5892 5890
f 5892 5893 5890
f 5892 5894 5893
f 5890 5893 5889
f 5894 5895 5893
f 5895 5896 5893
f 5895 5897 5896
f 5893 5896 5889
f 5894 5898 5895
f 5898 5899 5895
f 5898 773 5899
f 5895 5899 5897
f 5889 5896 5891
f 5896 5900 5891
f 5896 5897 5900
f 5891 5900 5520
f 1065 1075 5892
f 1075 5901 5892
f 1075 1072 5901
f 5892 5901 5894
f 1072 5902 5901
f 5902 5903 5901
f 5902 789 5903
f 5901 5903 5894
f 1072 1074 5902
f 1074 793 5902
f 1074 795 793
f 5902 793 789
f 5894 5903 5898
f 5903 787 5898
f 5903 789 787
f 5898 787 773
f 5520 5900 5532
f 5900 5904 5532
f 5900 5897 5904
f 5532 5904 5531
f 5897 5905 5904
f 5905 5906 5904
f 5905 766 5906
f 5904 5906 5531
f 5897 5899 5905
f 5899 771 5905
f 5899 773 771
f 5905 771 766
f 5531 5906 5533
f 5906 763 5533
f 5906 766 763
f 5533 763 762
f 3210 4690 5907
f 4690 5908 5907
f 4690 4688 5908
f 5907 5908 5909
f 4688 5910 5908
f 5910 5911 5908
f 5910 5912 5911
f 5908 5911 5909
f 4688 4689 5910
f 4689 5913 5910
f 4689 4677 5913
f 5910 5913 5912
f 5909 5911 5914
f 5911 5915 5914
f 5911 5912 5915
f 5914 5915 5916
f 4677 5917 5913
f 5917 5918 5913
f 5917 5919 5918
f 5913 5918 5912
f 5919 5920 5918
f 5920 5921 5918
f 5920 5922 5921
f 5918 5921 5912
f 5919 5923 5920
f 5923 5924 5920
f 5923 5925 5924
f 5920 5924 5922
f 5912 5921 5915
f 5921 5926 5915
f 5921 5922 5926
f 5915 5926 5916
f 4677 4684 5917
f 4684 5927 5917
f 4684 4682 5927
f 5917 5927 5919
f 4682 5928 5927
f 5928 5929 5927
f 5928 5930 5929
f 5927 5929 5919
f 4682 4683 5928
f 4683 5931 5928
f 4683 1035 5931
f 5928 5931 5930
f 5919 5929 5923
f 5929 5932 5923
f 5929 5930 5932
f 5923 5932 5925
f 5916 5926 5933
f 5926 5934 5933
f 5926 5922 5934
f 5933 5934 5935
f 5922 5936 5934
f 5936 5937 5934
f 5936 5938 5937
f 5934 5937 5935
f 5922 5924 5936
f 5924 5939 5936
f 5924 5925 5939
f 5936 5939 5938
f 5935 5937 5940
f 5937 5941 5940
f 5937 5938 5941
f 5940 5941 1884
f 3210 5942 3211
f 5942 5943 3211
f 5942 5944 5943
f 3211 5943 3214
f 5944 5945 5943
f 5945 5946 5943
f 5945 5947 5946
f 5943 5946 3214
f 5944 5948 5945
f 5948 5949 5945
f 5948 5950 5949
f 5945 5949 5947
f 3214 5946 3219
f 5946 5951 3219
f 5946 5947 5951
f 3219 5951 3221
f 5950 5952 5949
f 5952 5953 5949
f 5952 5954 5953
f 5949 5953 5947
f 5954 5955 5953
f 5955 5956 5953
f 5955 5957 5956
f 5953 5956 5947
f 5954 5958 5955
f 5958 5959 5955
f 5958 1164 5959
f 5955 5959 5957
f 5947 5956 5951
f 5956 5960 5951
f 5956 5957 5960
f 5951 5960 3221
f 5950 5961 5952
f 5961 5962 5952
f 5961 5963 5962
f 5952 5962 5954
f 5963 5964 5962
f 5964 5965 5962
f 5964 1180 5965
f 5962 5965 5954
f 5963 5966 5964
f 5966 1184 5964
f 5966 1186 1184
f 5964 1184 1180
f 5954 5965 5958
f 5965 1178 5958
f 5965 1180 1178
f 5958 1178 1164
f 3221 5960 3235
f 5960 5967 3235
f 5960 5957 5967
f 3235 5967 3237
f 5957 5968 5967
f 5968 5969 5967
f 5968 1157 5969
f 5967 5969 3237
f 5957 5959 5968
f 5959 1162 5968
f 5959 1164 1162
f 5968 1162 1157
f 3237 5969 3241
f 5969 1154 3241
f 5969 1157 1154
f 3241 1154 1153
f 1347 5970 3961
f 5970 5971 3961
f 5970 5972 5971
f 3961 5971 3960
f 5972 5973 5971
f 5973 5974 5971
f 5973 5975 5974
f 5971 5974 3960
f 5972 5976 5973
f 5976 5977 5973
f 5976 5978 5977
f 5973 5977 5975
f 3960 5974 3962
f 5974 5979 3962
f 5974 5975 5979
f 3962 5979 3955
f 5978 5980 5977
f 5980 5981 5977
f 5980 5982 5981
f 5977 5981 5975
f 5982 5983 5981
f 5983 5984 5981
f 5983 5985 5984
f 5981 5984 5975
f 5982 5986 5983
f 5986 5987 5983
f 5986 5988 5987
f 5983 5987 5985
f 5975 5984 5979
f 5984 5989 5979
f 5984 5985 5989
f 5979 5989 3955
f 5978 5990 5980
f 5990 5991 5980
f 5990 5992 5991
f 5980 5991 5982
f 5992 5993 5991
f 5993 5994 5991
f 5993 5995 5994
f 5991 5994 5982
f 5992 5996 5993
f 5996 5997 5993
f 5996 5689 5997
f 5993 5997 5995
f 5982 5994 5986
f 5994 5998 5986
f 5994 5995 5998
f 5986 5998 5988
f 3955 5989 3967
f 5989 5999 3967
f 5989 5985 5999
f 3967 5999 3966
f 5985 6000 5999
f 6000 6001 5999
f 6000 6002 6001
f 5999 6001 3966
f 5985 5987 6000
f 5987 6003 6000
f 5987 5988 6003
f 6000 6003 6002
f 3966 6001 3968
f 6001 6004 3968
f 6001 6002 6004
f 3968 6004 476
f 1925 5421 5386
f 5421 6005 5386
f 5421 5419 6005
f 5386 6005 5385
f 5419 6006 6005
f 6006 6007 6005
f 6006 6008 6007
f 6005 6007 5385
f 5419 5420 6006
f 5420 6009 6006
f 5420 5408 6009
f 6006 6009 6008
f 5385 6007 5387
f 6007 6010 5387
f 6007 6008 6010
f 5387 6010 5380
f 5408 6011 6009
f 6011 6012 6009
f 6011 6013 6012
f 6009 6012 6008
f 6013 6014 6012
f 6014 6015 6012
f 6014 6016 6015
f 6012 6015 6008
f 6013 6017 6014
f 6017 6018 6014
f 6017 2201 6018
f 6014 6018 6016
f 6008 6015 6010
f 6015 6019 6010
f 6015 6016 6019
f 6010 6019 5380
f 5408 5415 6011
f 5415 6020 6011
f 5415 5413 6020
f 6011 6020 6013
f 5413 6021 6020
f 6021 6022 6020
f 6021 2215 6022
f 6020 6022 6013
f 5413 5414 6021
f 5414 2219 6021
f 5414 2221 2219
f 6021 2219 2215
f 6013 6022 6017
f 6022 2213 6017
f 6022 2215 2213
f 6017 2213 2201
f 5380 6019 5392
f 6019 6023 5392
f 6019 6016 6023
f 5392 6023 5391
f 6016 6024 6023
f 6024 6025 6023
f 6024 2195 6025
f 6023 6025 5391
f 6016 6018 6024
f 6018 2199 6024
f 6018 2201 2199
f 6024 2199 2195
f 5391 6025 5393
f 6025 2193 5393
f 6025 2195 2193
f 5393 2193 1784
f 5064 6026 5127
f 6026 6027 5127
f 6026 6028 6027
f 5127 6027 5125
f 6028 6029 6027
f 6029 6030 6027
f 6029 6031 6030
f 6027 6030 5125
f 6028 6032 6029
f 6032 6033 6029
f 6032 6034 6033
f 6029 6033 6031
f 5125 6030 5128
f 6030 6035 5128
f 6030 6031 6035
f 5128 6035 5118
f 6034 6036 6033
f 6036 6037 6033
f 6036 6038 6037
f 6033 6037 6031
f 6038 6039 6037
f 6039 6040 6037
f 6039 6041 6040
f 6037 6040 6031
f 6038 6042 6039
f 6042 6043 6039
f 6042 6044 6043
f 6039 6043 6041
f 6031 6040 6035
f 6040 6045 6035
f 6040 6041 6045
f 6035 6045 5118
f 6034 6046 6036
f 6046 6047 6036
f 6046 6048 6047
f 6036 6047 6038
f 6048 6049 6047
f 6049 6050 6047
f 6049 6051 6050
f 6047 6050 6038
f 6048 6052 6049
f 6052 6053 6049
f 6052 3827 6053
f 6049 6053 6051
f 6038 6050 6042
f 6050 6054 6042
f 6050 6051 6054
f 6042 6054 6044
f 5118 6045 5133
f 6045 6055 5133
f 6045 6041 6055
f 5133 6055 5132
f 6041 6056 6055
f 6056 6057 6055
f 6056 6058 6057
f 6055 6057 5132
f 6041 6043 6056
f 6043 6059 6056
f 6043 6044 6059
f 6056 6059 6058
f 5132 6057 5134
f 6057 6060 5134
f 6057 6058 6060
f 5134 6060 4081
f 2639 5323 5212
f 5323 6061 5212
f 5323 5321 6061
f 5212 6061 5214
f 5321 6062 6061
f 6062 6063 6061
f 6062 6064 6063
f 6061 6063 5214
f 5321 5322 6062
f 5322 6065 6062
f 5322 5310 6065
f 6062 6065 6064
f 5214 6063 5218
f 6063 6066 5218
f 6063 6064 6066
f 5218 6066 5220
f 5310 6067 6065
f 6067 6068 6065
f 6067 6069 6068
f 6065 6068 6064
f 6069 6070 6068
f 6070 6071 6068
f 6070 6072 6071
f 6068 6071 6064
f 6069 6073 6070
f 6073 6074 6070
f 6073 4342 6074
f 6070 6074 6072
f 6064 6071 6066
f 6071 6075 6066
f 6071 6072 6075
f 6066 6075 5220
f 5310 5317 6067
f 5317 6076 6067
f 5317 5315 6076
f 6067 6076 6069
f 5315 6077 6076
f 6077 6078 6076
f 6077 4356 6078
f 6076 6078 6069
f 5315 5316 6077
f 5316 4360 6077
f 5316 3863 4360
f 6077 4360 4356
f 6069 6078 6073
f 6078 4354 6073
f 6078 4356 4354
f 6073 4354 4342
f 5220 6075 5231
f 6075 6079 5231
f 6075 6072 6079
f 5231 6079 5233
f 6072 6080 6079
f 6080 6081 6079
f 6080 4336 6081
f 6079 6081 5233
f 6072 6074 6080
f 6074 4340 6080
f 6074 4342 4340
f 6080 4340 4336
f 5233 6081 5236
f 6081 4334 5236
f 6081 4336 4334
f 5236 4334 2351
f 136 1375 5595
f 1375 6082 5595
f 1375 1373 6082
f 5595 6082 5590
f 1373 6083 6082
f 6083 6084 6082
f 6083 6085 6084
f 6082 6084 5590
f 1373 1374 6083
f 1374 6086 6083
f 1374 1362 6086
f 6083 6086 6085
f 5590 6084 5588
f 6084 6087 5588
f 6084 6085 6087
f 5588 6087 5571
f 1362 6088 6086
f 6088 6089 6086
f 6088 6090 6089
f 6086 6089 6085
f 6090 6091 6089
f 6091 6092 6089
f 6091 6093 6092
f 6089 6092 6085
f 6090 6094 6091
f 6094 6095 6091
f 6094 1720 6095
f 6091 6095 6093
f 6085 6092 6087
f 6092 6096 6087
f 6092 6093 6096
f 6087 6096 5571
f 1362 1369 6088
f 1369 6097 6088
f 1369 1367 6097
f 6088 6097 6090
f 1367 6098 6097
f 6098 6099 6097
f 6098 1733 6099
f 6097 6099 6090
f 1367 1368 6098
f 1368 1736 6098
f 1368 34 1736
f 6098 1736 1733
f 6090 6099 6094
f 6099 1731 6094
f 6099 1733 1731
f 6094 1731 1720
f 5571 6096 5569
f 6096 6100 5569
f 6096 6093 6100
f 5569 6100 5564
f 6093 6101 6100
f 6101 6102 6100
f 6101 1714 6102
f 6100 6102 5564
f 6093 6095 6101
f 6095 1718 6101
f 6095 1720 1718
f 6101 1718 1714
f 5564 6102 5562
f 6102 1712 5562
f 6102 1714 1712
f 5562 1712 1440
f 4719 5836 5072
f 5836 6103 5072
f 5836 5833 6103
f 5072 6103 5074
f 5833 6104 6103
f 6104 6105 6103
f 6104 6106 6105
f 6103 6105 5074
f 5833 5834 6104
f 5834 6107 6104
f 5834 5820 6107
f 6104 6107 6106
f 5074 6105 5078
f 6105 6108 5078
f 6105 6106 6108
f 5078 6108 5080
f 5820 6109 6107
f 6109 6110 6107
f 6109 6111 6110
f 6107 6110 6106
f 6111 6112 6110
f 6112 6113 6110
f 6112 6114 6113
f 6110 6113 6106
f 6111 6115 6112
f 6115 6116 6112
f 6115 6034 6116
f 6112 6116 6114
f 6106 6113 6108
f 6113 6117 6108
f 6113 6114 6117
f 6108 6117 5080
f 5820 5827 6109
f 5827 6118 6109
f 5827 5825 6118
f 6109 6118 6111
f 5825 6119 6118
f 6119 6120 6118
f 6119 6048 6120
f 6118 6120 6111
f 5825 5826 6119
f 5826 6052 6119
f 5826 3827 6052
f 6119 6052 6048
f 6111 6120 6115
f 6120 6046 6115
f 6120 6048 6046
f 6115 6046 6034
f 5080 6117 5091
f 6117 6121 5091
f 6117 6114 6121
f 5091 6121 5093
f 6114 6122 6121
f 6122 6123 6121
f 6122 6028 6123
f 6121 6123 5093
f 6114 6116 6122
f 6116 6032 6122
f 6116 6034 6032
f 6122 6032 6028
f 5093 6123 5096
f 6123 6026 5096
f 6123 6028 6026
f 5096 6026 5064
f 4081 6060 4200
f 6060 6124 4200
f 6060 6058 6124
f 4200 6124 4198
f 6058 6125 6124
f 6125 6126 6124
f 6125 6127 6126
f 6124 6126 4198
f 6058 6059 6125
f 6059 6128 6125
f 6059 6044 6128
f 6125 6128 6127
f 4198 6126 4201
f 6126 6129 4201
f 6126 6127 6129
f 4201 6129 4191
f 6044 6130 6128
f 6130 6131 6128
f 6130 6132 6131
f 6128 6131 6127
f 6132 6133 6131
f 6133 6134 6131
f 6133 6135 6134
f 6131 6134 6127
f 6132 6136 6133
f 6136 6137 6133
f 6136 3807 6137
f 6133 6137 6135
f 6127 6134 6129
f 6134 6138 6129
f 6134 6135 6138
f 6129 6138 4191
f 6044 6054 6130
f 6054 6139 6130
f 6054 6051 6139
f 6130 6139 6132
f 6051 6140 6139
f 6140 6141 6139
f 6140 3821 6141
f 6139 6141 6132
f 6051 6053 6140
f 6053 3825 6140
f 6053 3827 3825
f 6140 3825 3821
f 6132 6141 6136
f 6141 3819 6136
f 6141 3821 3819
f 6136 3819 3807
f 4191 6138 4206
f 6138 6142 4206
f 6138 6135 6142
f 4206 6142 4205
f 6135 6143 6142
f 6143 6144 6142
f 6143 3801 6144
f 6142 6144 4205
f 6135 6137 6143
f 6137 3805 6143
f 6137 3807 3805
f 6143 3805 3801
f 4205 6144 4207
f 6144 3799 4207
f 6144 3801 3799
f 4207 3799 2307
f 1884 5941 1883
f 5941 6145 1883
f 5941 5938 6145
f 1883 6145 1881
f 5938 6146 6145
f 6146 6147 6145
f 6146 6148 6147
f 6145 6147 1881
f 5938 5939 6146
f 5939 6149 6146
f 5939 5925 6149
f 6146 6149 6148
f 1881 6147 1885
f 6147 6150 1885
f 6147 6148 6150
f 1885 6150 1874
f 5925 6151 6149
f 6151 6152 6149
f 6151 6153 6152
f 6149 6152 6148
f 6153 6154 6152
f 6154 6155 6152
f 6154 6156 6155
f 6152 6155 6148
f 6153 6157 6154
f 6157 6158 6154
f 6157 1013 6158
f 6154 6158 6156
f 6148 6155 6150
f 6155 6159 6150
f 6155 6156 6159
f 6150 6159 1874
f 5925 5932 6151
f 5932 6160 6151
f 5932 5930 6160
f 6151 6160 6153
f 5930 6161 6160
f 6161 6162 6160
f 6161 1029 6162
f 6160 6162 6153
f 5930 5931 6161
f 5931 1033 6161
f 5931 1035 1033
f 6161 1033 1029
f 6153 6162 6157
f 6162 1027 6157
f 6162 1029 1027
f 6157 1027 1013
f 1874 6159 1890
f 6159 6163 1890
f 6159 6156 6163
f 1890 6163 1889
f 6156 6164 6163
f 6164 6165 6163
f 6164 1006 6165
f 6163 6165 1889
f 6156 6158 6164
f 6158 1011 6164
f 6158 1013 1011
f 6164 1011 1006
f 1889 6165 1891
f 6165 1003 1891
f 6165 1006 1003
f 1891 1003 1002
f 476 6004 4145
f 6004 6166 4145
f 6004 6002 6166
f 4145 6166 4147
f 6002 6167 6166
f 6167 6168 6166
f 6167 6169 6168
f 6166 6168 4147
f 6002 6003 6167
f 6003 6170 6167
f 6003 5988 6170
f 6167 6170 6169
f 4147 6168 4151
f 6168 6171 4151
f 6168 6169 6171
f 4151 6171 4153
f 5988 6172 6170
f 6172 6173 6170
f 6172 6174 6173
f 6170 6173 6169
f 6174 6175 6173
f 6175 6176 6173
f 6175 6177 6176
f 6173 6176 6169
f 6174 6178 6175
f 6178 6179 6175
f 6178 5669 6179
f 6175 6179 6177
f 6169 6176 6171
f 6176 6180 6171
f 6176 6177 6180
f 6171 6180 4153
f 5988 5998 6172
f 5998 6181 6172
f 5998 5995 6181
f 6172 6181 6174
f 5995 6182 6181
f 6182 6183 6181
f 6182 5683 6183
f 6181 6183 6174
f 5995 5997 6182
f 5997 5687 6182
f 5997 5689 5687
f 6182 5687 5683
f 6174 6183 6178
f 6183 5681 6178
f 6183 5683 5681
f 6178 5681 5669
f 4153 6180 4164
f 6180 6184 4164
f 6180 6177 6184
f 4164 6184 4166
f 6177 6185 6184
f 6185 6186 6184
f 6185 5663 6186
f 6184 6186 4166
f 6177 6179 6185
f 6179 5667 6185
f 6179 5669 5667
f 6185 5667 5663
f 4166 6186 4169
f 6186 5661 4169
f 6186 5663 5661
f 4169 5661 2651
f 4719 5696 5835
f 5696 6187 5835
f 5696 5694 6187
f 5835 6187 5830
f 5694 6188 6187
f 6188 6189 6187
f 6188 6190 6189
f 6187 6189 5830
f 5694 5695 6188
f 5695 6191 6188
f 5695 5679 6191
f 6188 6191 6190
f 5830 6189 5828
f 6189 6192 5828
f 6189 6190 6192
f 5828 6192 5811
f 5679 6193 6191
f 6193 6194 6191
f 6193 6195 6194
f 6191 6194 6190
f 6195 6196 6194
f 6196 6197 6194
f 6196 6198 6197
f 6194 6197 6190
f 6195 6199 6196
f 6199 6200 6196
f 6199 6201 6200
f 6196 6200 6198
f 6190 6197 6192
f 6197 6202 6192
f 6197 6198 6202
f 6192 6202 5811
f 5679 5690 6193
f 5690 6203 6193
f 5690 5686 6203
f 6193 6203 6195
f 5686 6204 6203
f 6204 6205 6203
f 6204 6206 6205
f 6203 6205 6195
f 5686 5688 6204
f 5688 6207 6204
f 5688 5689 6207
f 6204 6207 6206
f 6195 6205 6199
f 6205 6208 6199
f 6205 6206 6208
f 6199 6208 6201
f 5811 6202 5809
f 6202 6209 5809
f 6202 6198 6209
f 5809 6209 5804
f 6198 6210 6209
f 6210 6211 6209
f 6210 6212 6211
f 6209 6211 5804
f 6198 6200 6210
f 6200 6213 6210
f 6200 6201 6213
f 6210 6213 6212
f 5804 6211 5802
f 6211 6214 5802
f 6211 6212 6214
f 5802 6214 2340
f 1491 5864 5561
f 5864 6215 5561
f 5864 5862 6215
f 5561 6215 5558
f 5862 6216 6215
f 6216 6217 6215
f 6216 6218 6217
f 6215 6217 5558
f 5862 5863 6216
f 5863 6219 6216
f 5863 5851 6219
f 6216 6219 6218
f 5558 6217 5556
f 6217 6220 5556
f 6217 6218 6220
f 5556 6220 5543
f 5851 6221 6219
f 6221 6222 6219
f 6221 6223 6222
f 6219 6222 6218
f 6223 6224 6222
f 6224 6225 6222
f 6224 6226 6225
f 6222 6225 6218
f 6223 6227 6224
f 6227 6228 6224
f 6227 5754 6228
f 6224 6228 6226
f 6218 6225 6220
f 6225 6229 6220
f 6225 6226 6229
f 6220 6229 5543
f 5851 5858 6221
f 5858 6230 6221
f 5858 5856 6230
f 6221 6230 6223
f 5856 6231 6230
f 6231 6232 6230
f 6231 5767 6232
f 6230 6232 6223
f 5856 5857 6231
f 5857 5770 6231
f 5857 5625 5770
f 6231 5770 5767
f 6223 6232 6227
f 6232 5765 6227
f 6232 5767 5765
f 6227 5765 5754
f 5543 6229 5541
f 6229 6233 5541
f 6229 6226 6233
f 5541 6233 5536
f 6226 6234 6233
f 6234 6235 6233
f 6234 5748 6235
f 6233 6235 5536
f 6226 6228 6234
f 6228 5752 6234
f 6228 5754 5752
f 6234 5752 5748
f 5536 6235 5534
f 6235 5746 5534
f 6235 5748 5746
f 5534 5746 3155
f 655 4466 3016
f 4466 6236 3016
f 4466 4463 6236
f 3016 6236 3018
f 4463 6237 6236
f 6237 6238 6236
f 6237 6239 6238
f 6236 6238 3018
f 4463 4464 6237
f 4464 6240 6237
f 4464 4450 6240
f 6237 6240 6239
f 3018 6238 3022
f 6238 6241 3022
f 6238 6239 6241
f 3022 6241 3024
f 4450 6242 6240
f 6242 6243 6240
f 6242 6244 6243
f 6240 6243 6239
f 6244 6245 6243
f 6245 6246 6243
f 6245 6247 6246
f 6243 6246 6239
f 6244 6248 6245
f 6248 6249 6245
f 6248 6250 6249
f 6245 6249 6247
f 6239 6246 6241
f 6246 6251 6241
f 6246 6247 6251
f 6241 6251 3024
f 4450 4457 6242
f 4457 6252 6242
f 4457 4455 6252
f 6242 6252 6244
f 4455 6253 6252
f 6253 6254 6252
f 6253 6255 6254
f 6252 6254 6244
f 4455 4456 6253
f 4456 6256 6253
f 4456 124 6256
f 6253 6256 6255
f 6244 6254 6248
f 6254 6257 6248
f 6254 6255 6257
f 6248 6257 6250
f 3024 6251 3036
f 6251 6258 3036
f 6251 6247 6258
f 3036 6258 3038
f 6247 6259 6258
f 6259 6260 6258
f 6259 6261 6260
f 6258 6260 3038
f 6247 6249 6259
f 6249 6262 6259
f 6249 6250 6262
f 6259 6262 6261
f 3038 6260 3042
f 6260 6263 3042
f 6260 6261 6263
f 3042 6263 3044
f 2340 6214 5794
f 6214 6264 5794
f 6214 6212 6264
f 5794 6264 5793
f 6212 6265 6264
f 6265 6266 6264
f 6265 6267 6266
f 6264 6266 5793
f 6212 6213 6265
f 6213 6268 6265
f 6213 6201 6268
f 6265 6268 6267
f 5793 6266 5795
f 6266 6269 5795
f 6266 6267 6269
f 5795 6269 5788
f 6201 6270 6268
f 6270 6271 6268
f 6270 6272 6271
f 6268 6271 6267
f 6272 6273 6271
f 6273 6274 6271
f 6273 6275 6274
f 6271 6274 6267
f 6272 6276 6273
f 6276 6277 6273
f 6276 5978 6277
f 6273 6277 6275
f 6267 6274 6269
f 6274 6278 6269
f 6274 6275 6278
f 6269 6278 5788
f 6201 6208 6270
f 6208 6279 6270
f 6208 6206 6279
f 6270 6279 6272
f 6206 6280 6279
f 6280 6281 6279
f 6280 5992 6281
f 6279 6281 6272
f 6206 6207 6280
f 6207 5996 6280
f 6207 5689 5996
f 6280 5996 5992
f 6272 6281 6276
f 6281 5990 6276
f 6281 5992 5990
f 6276 5990 5978
f 5788 6278 5800
f 6278 6282 5800
f 6278 6275 6282
f 5800 6282 5799
f 6275 6283 6282
f 6283 6284 6282
f 6283 5972 6284
f 6282 6284 5799
f 6275 6277 6283
f 6277 5976 6283
f 6277 5978 5976
f 6283 5976 5972
f 5799 6284 5801
f 6284 5970 5801
f 6284 5972 5970
f 5801 5970 1347
f 1884 5745 5940
f 5745 6285 5940
f 5745 5743 6285
f 5940 6285 5935
f 5743 6286 6285
f 6286 6287 6285
f 6286 6288 6287
f 6285 6287 5935
f 5743 5744 6286
f 5744 6289 6286
f 5744 5732 6289
f 6286 6289 6288
f 5935 6287 5933
f 6287 6290 5933
f 6287 6288 6290
f 5933 6290 5916
f 5732 6291 6289
f 6291 6292 6289
f 6291 6293 6292
f 6289 6292 6288
f 6293 6294 6292
f 6294 6295 6292
f 6294 6296 6295
f 6292 6295 6288
f 6293 6297 6294
f 6297 6298 6294
f 6297 5950 6298
f 6294 6298 6296
f 6288 6295 6290
f 6295 6299 6290
f 6295 6296 6299
f 6290 6299 5916
f 5732 5739 6291
f 5739 6300 6291
f 5739 5737 6300
f 6291 6300 6293
f 5737 6301 6300
f 6301 6302 6300
f 6301 5963 6302
f 6300 6302 6293
f 5737 5738 6301
f 5738 5966 6301
f 5738 1186 5966
f 6301 5966 5963
f 6293 6302 6297
f 6302 5961 6297
f 6302 5963 5961
f 6297 5961 5950
f 5916 6299 5914
f 6299 6303 5914
f 6299 6296 6303
f 5914 6303 5909
f 6296 6304 6303
f 6304 6305 6303
f 6304 5944 6305
f 6303 6305 5909
f 6296 6298 6304
f 6298 5948 6304
f 6298 5950 5948
f 6304 5948 5944
f 5909 6305 5907
f 6305 5942 5907
f 6305 5944 5942
f 5907 5942 3210
f 224 3568 6306
f 3568 6307 6306
f 3568 3566 6307
f 6306 6307 6308
f 3566 6309 6307
f 6309 6310 6307
f 6309 6311 6310
f 6307 6310 6308
f 3566 3567 6309
f 3567 6312 6309
f 3567 3555 6312
f 6309 6312 6311
f 6308 6310 6313
f 6310 6314 6313
f 6310 6311 6314
f 6313 6314 6315
f 3555 6316 6312
f 6316 6317 6312
f 6316 6318 6317
f 6312 6317 6311
f 6318 6319 6317
f 6319 6320 6317
f 6319 6321 6320
f 6317 6320 6311
f 6318 6322 6319
f 6322 6323 6319
f 6322 6324 6323
f 6319 6323 6321
f 6311 6320 6314
f 6320 6325 6314
f 6320 6321 6325
f 6314 6325 6315
f 3555 3562 6316
f 3562 6326 6316
f 3562 3560 6326
f 6316 6326 6318
f 3560 6327 6326
f 6327 6328 6326
f 6327 6329 6328
f 6326 6328 6318
f 3560 3561 6327
f 3561 6330 6327
f 3561 3044 6330
f 6327 6330 6329
f 6318 6328 6322
f 6328 6331 6322
f 6328 6329 6331
f 6322 6331 6324
f 6315 6325 6332
f 6325 6333 6332
f 6325 6321 6333
f 6332 6333 6334
f 6321 6335 6333
f 6335 6336 6333
f 6335 6337 6336
f 6333 6336 6334
f 6321 6323 6335
f 6323 6338 6335
f 6323 6324 6338
f 6335 6338 6337
f 6334 6336 6339
f 6336 6340 6339
f 6336 6337 6340
f 6339 6340 91
f 3044 6263 6330
f 6263 6341 6330
f 6263 6261 6341
f 6330 6341 6329
f 6261 6342 6341
f 6342 6343 6341
f 6342 6344 6343
f 6341 6343 6329
f 6261 6262 6342
f 6262 6345 6342
f 6262 6250 6345
f 6342 6345 6344
f 6329 6343 6331
f 6343 6346 6331
f 6343 6344 6346
f 6331 6346 6324
f 6250 6347 6345
f 6347 6348 6345
f 6347 6349 6348
f 6345 6348 6344
f 6349 6350 6348
f 6350 6351 6348
f 6350 6352 6351
f 6348 6351 6344
f 6349 6353 6350
f 6353 6354 6350
f 6353 102 6354
f 6350 6354 6352
f 6344 6351 6346
f 6351 6355 6346
f 6351 6352 6355
f 6346 6355 6324
f 6250 6257 6347
f 6257 6356 6347
f 6257 6255 6356
f 6347 6356 6349
f 6255 6357 6356
f 6357 6358 6356
f 6357 118 6358
f 6356 6358 6349
f 6255 6256 6357
f 6256 122 6357
f 6256 124 122
f 6357 122 118
f 6349 6358 6353
f 6358 116 6353
f 6358 118 116
f 6353 116 102
f 6324 6355 6338
f 6355 6359 6338
f 6355 6352 6359
f 6338 6359 6337
f 6352 6360 6359
f 6360 6361 6359
f 6360 95 6361
f 6359 6361 6337
f 6352 6354 6360
f 6354 100 6360
f 6354 102 100
f 6360 100 95
f 6337 6361 6340
f 6361 92 6340
f 6361 95 92
f 6340 92 91
f 402 1277 6362
f 1277 6363 6362
f 1277 1279 6363
f 6362 6363 6364
f 1279 6365 6363
f 6365 6366 6363
f 6365 6367 6366
f 6363 6366 6364
f 1279 1284 6365
f 1284 6368 6365
f 1284 1286 6368
f 6365 6368 6367
f 6364 6366 6369
f 6366 6370 6369
f 6366 6367 6370
f 6369 6370 6371
f 1286 6372 6368
f 6372 6373 6368
f 6372 6374 6373
f 6368 6373 6367
f 6374 6375 6373
f 6375 6376 6373
f 6375 6377 6376
f 6373 6376 6367
f 6374 6378 6375
f 6378 6379 6375
f 6378 194 6379
f 6375 6379 6377
f 6367 6376 6370
f 6376 6380 6370
f 6376 6377 6380
f 6370 6380 6371
f 1286 1303 6372
f 1303 6381 6372
f 1303 1305 6381
f 6372 6381 6374
f 1305 6382 6381
f 6382 6383 6381
f 6382 185 6383
f 6381 6383 6374
f 1305 1310 6382
f 1310 182 6382
f 1310 180 182
f 6382 182 185
f 6374 6383 6378
f 6383 192 6378
f 6383 185 192
f 6378 192 194
f 6371 6380 6384
f 6380 6385 6384
f 6380 6377 6385
f 6384 6385 6386
f 6377 6387 6385
f 6387 6388 6385
f 6387 217 6388
f 6385 6388 6386
f 6377 6379 6387
f 6379 215 6387
f 6379 194 215
f 6387 215 217
f 6386 6388 6389
f 6388 222 6389
f 6388 217 222
f 6389 222 224
f 6390 6391 6392
f 6391 6393 6392
f 6391 6394 6393
f 6392 6393 6395
f 6394 6396 6393
f 6396 6397 6393
f 6396 6398 6397
f 6393 6397 6395
f 6394 6399 6396
f 6399 6400 6396
f 6399 6401 6400
f 6396 6400 6398
f 6395 6397 6402
f 6397 6403 6402
f 6397 6398 6403
f 6402 6403 6404
f 6401 6405 6400
f 6405 6406 6400
f 6405 6407 6406
f 6400 6406 6398
f 6407 6408 6406
f 6408 6409 6406
f 6408 6410 6409
f 6406 6409 6398
f 6407 6411 6408
f 6411 6412 6408
f 6411 372 6412
f 6408 6412 6410
f 6398 6409 6403
f 6409 6413 6403
f 6409 6410 6413
f 6403 6413 6404
f 6401 6414 6405
f 6414 6415 6405
f 6414 6416 6415
f 6405 6415 6407
f 6416 6417 6415
f 6417 6418 6415
f 6417 363 6418
f 6415 6418 6407
f 6416 6419 6417
f 6419 360 6417
f 6419 169 360
f 6417 360 363
f 6407 6418 6411
f 6418 370 6411
f 6418 363 370
f 6411 370 372
f 6404 6413 6420
f 6413 6421 6420
f 6413 6410 6421
f 6420 6421 6422
f 6410 6423 6421
f 6423 6424 6421
f 6423 395 6424
f 6421 6424 6422
f 6410 6412 6423
f 6412 393 6423
f 6412 372 393
f 6423 393 395
f 6422 6424 6425
f 6424 400 6425
f 6424 395 400
f 6425 400 402
f 45 179 6426
f 179 6427 6426
f 179 176 6427
f 6426 6427 6428
f 176 6429 6427
f 6429 6430 6427
f 6429 6431 6430
f 6427 6430 6428
f 176 177 6429
f 177 6432 6429
f 177 159 6432
f 6429 6432 6431
f 6428 6430 6433
f 6430 6434 6433
f 6430 6431 6434
f 6433 6434 6435
f 159 6436 6432
f 6436 6437 6432
f 6436 6438 6437
f 6432 6437 6431
f 6438 6439 6437
f 6439 6440 6437
f 6439 6441 6440
f 6437 6440 6431
f 6438 6442 6439
f 6442 6443 6439
f 6442 6401 6443
f 6439 6443 6441
f 6431 6440 6434
f 6440 6444 6434
f 6440 6441 6444
f 6434 6444 6435
f 159 170 6436
f 170 6445 6436
f 170 166 6445
f 6436 6445 6438
f 166 6446 6445
f 6446 6447 6445
f 6446 6416 6447
f 6445 6447 6438
f 166 168 6446
f 168 6419 6446
f 168 169 6419
f 6446 6419 6416
f 6438 6447 6442
f 6447 6414 6442
f 6447 6416 6414
f 6442 6414 6401
f 6435 6444 6448
f 6444 6449 6448
f 6444 6441 6449
f 6448 6449 6450
f 6441 6451 6449
f 6451 6452 6449
f 6451 6394 6452
f 6449 6452 6450
f 6441 6443 6451
f 6443 6399 6451
f 6443 6401 6399
f 6451 6399 6394
f 6450 6452 6453
f 6452 6391 6453
f 6452 6394 6391
f 6453 6391 6390
f 6454 6455 6456
f 6455 6457 6456
f 6455 6458 6457
f 6456 6457 6459
f 6458 6460 6457
f 6460 6461 6457
f 6460 6462 6461
f 6457 6461 6459
f 6458 6463 6460
f 6463 6464 6460
f 6463 6465 6464
f 6460 6464 6462
f 6459 6461 6466
f 6461 6467 6466
f 6461 6462 6467
f 6466 6467 6468
f 6465 6469 6464
f 6469 6470 6464
f 6469 6471 6470
f 6464 6470 6462
f 6471 6472 6470
f 6472 6473 6470
f 6472 6474 6473
f 6470 6473 6462
f 6471 6475 6472
f 6475 6476 6472
f 6475 6477 6476
f 6472 6476 6474
f 6462 6473 6467
f 6473 6478 6467
f 6473 6474 6478
f 6467 6478 6468
f 6465 6479 6469
f 6479 6480 6469
f 6479 6481 6480
f 6469 6480 6471
f 6481 6482 6480
f 6482 6483 6480
f 6482 6484 6483
f 6480 6483 6471
f 6481 6485 6482
f 6485 6486 6482
f 6485 6487 6486
f 6482 6486 6484
f 6471 6483 6475
f 6483 6488 6475
f 6483 6484 6488
f 6475 6488 6477
f 6468 6478 6489
f 6478 6490 6489
f 6478 6474 6490
f 6489 6490 6491
f 6474 6492 6490
f 6492 6493 6490
f 6492 6494 6493
f 6490 6493 6491
f 6474 6476 6492
f 6476 6495 6492
f 6476 6477 6495
f 6492 6495 6494
f 6491 6493 6496
f 6493 6497 6496
f 6493 6494 6497
f 6496 6497 6498
f 6499 6500 6501
f 6500 6502 6501
f 6500 6503 6502
f 6501 6502 6504
f 6503 6505 6502
f 6505 6506 6502
f 6505 6507 6506
f 6502 6506 6504
f 6503 6508 6505
f 6508 6509 6505
f 6508 6510 6509
f 6505 6509 6507
f 6504 6506 6511
f 6506 6512 6511
f 6506 6507 6512
f 6511 6512 6513
f 6510 6514 6509
f 6514 6515 6509
f 6514 6516 6515
f 6509 6515 6507
f 6516 6517 6515
f 6517 6518 6515
f 6517 6519 6518
f 6515 6518 6507
f 6516 6520 6517
f 6520 6521 6517
f 6520 6522 6521
f 6517 6521 6519
f 6507 6518 6512
f 6518 6523 6512
f 6518 6519 6523
f 6512 6523 6513
f 6510 6524 6514
f 6524 6525 6514
f 6524 6526 6525
f 6514 6525 6516
f 6526 6527 6525
f 6527 6528 6525
f 6527 6529 6528
f 6525 6528 6516
f 6526 6530 6527
f 6530 6531 6527
f 6530 6532 6531
f 6527 6531 6529
f 6516 6528 6520
f 6528 6533 6520
f 6528 6529 6533
f 6520 6533 6522
f 6513 6523 6534
f 6523 6535 6534
f 6523 6519 6535
f 6534 6535 6536
f 6519 6537 6535
f 6537 6538 6535
f 6537 6539 6538
f 6535 6538 6536
f 6519 6521 6537
f 6521 6540 6537
f 6521 6522 6540
f 6537 6540 6539
f 6536 6538 6541
f 6538 6542 6541
f 6538 6539 6542
f 6541 6542 6543
f 6544 6545 6546
f 6545 6547 6546
f 6545 6548 6547
f 6546 6547 6549
f 6548 6550 6547
f 6550 6551 6547
f 6550 6552 6551
f 6547 6551 6549
f 6548 6553 6550
f 6553 6554 6550
f 6553 6555 6554
f 6550 6554 6552
f 6549 6551 6556
f 6551 6557 6556
f 6551 6552 6557
f 6556 6557 6558
f 6555 6559 6554
f 6559 6560 6554
f 6559 6561 6560
f 6554 6560 6552
f 6561 6562 6560
f 6562 6563 6560
f 6562 6564 6563
f 6560 6563 6552
f 6561 6565 6562
f 6565 6566 6562
f 6565 6567 6566
f 6562 6566 6564
f 6552 6563 6557
f 6563 6568 6557
f 6563 6564 6568
f 6557 6568 6558
f 6555 6569 6559
f 6569 6570 6559
f 6569 6571 6570
f 6559 6570 6561
f 6571 6572 6570
f 6572 6573 6570
f 6572 6574 6573
f 6570 6573 6561
f 6571 6575 6572
f 6575 6576 6572
f 6575 6532 6576
f 6572 6576 6574
f 6561 6573 6565
f 6573 6577 6565
f 6573 6574 6577
f 6565 6577 6567
f 6558 6568 6578
f 6568 6579 6578
f 6568 6564 6579
f 6578 6579 6580
f 6564 6581 6579
f 6581 6582 6579
f 6581 6583 6582
f 6579 6582 6580
f 6564 6566 6581
f 6566 6584 6581
f 6566 6567 6584
f 6581 6584 6583
f 6580 6582 6585
f 6582 6586 6585
f 6582 6583 6586
f 6585 6586 6487
f 6543 6542 6587
f 6542 6588 6587
f 6542 6539 6588
f 6587 6588 6589
f 6539 6590 6588
f 6590 6591 6588
f 6590 6592 6591
f 6588 6591 6589
f 6539 6540 6590
f 6540 6593 6590
f 6540 6522 6593
f 6590 6593 6592
f 6589 6591 6594
f 6591 6595 6594
f 6591 6592 6595
f 6594 6595 6596
f 6522 6597 6593
f 6597 6598 6593
f 6597 6599 6598
f 6593 6598 6592
f 6599 6600 6598
f 6600 6601 6598
f 6600 6602 6601
f 6598 6601 6592
f 6599 6603 6600
f 6603 6604 6600
f 6603 6555 6604
f 6600 6604 6602
f 6592 6601 6595
f 6601 6605 6595
f 6601 6602 6605
f 6595 6605 6596
f 6522 6533 6597
f 6533 6606 6597
f 6533 6529 6606
f 6597 6606 6599
f 6529 6607 6606
f 6607 6608 6606
f 6607 6571 6608
f 6606 6608 6599
f 6529 6531 6607
f 6531 6575 6607
f 6531 6532 6575
f 6607 6575 6571
f 6599 6608 6603
f 6608 6569 6603
f 6608 6571 6569
f 6603 6569 6555
f 6596 6605 6609
f 6605 6610 6609
f 6605 6602 6610
f 6609 6610 6611
f 6602 6612 6610
f 6612 6613 6610
f 6612 6548 6613
f 6610 6613 6611
f 6602 6604 6612
f 6604 6553 6612
f 6604 6555 6553
f 6612 6553 6548
f 6611 6613 6614
f 6613 6545 6614
f 6613 6548 6545
f 6614 6545 6544
f 6487 6586 6615
f 6586 6616 6615
f 6586 6583 6616
f 6615 6616 6617
f 6583 6618 6616
f 6618 6619 6616
f 6618 6620 6619
f 6616 6619 6617
f 6583 6584 6618
f 6584 6621 6618
f 6584 6567 6621
f 6618 6621 6620
f 6617 6619 6622
f 6619 6623 6622
f 6619 6620 6623
f 6622 6623 6624
f 6567 6625 6621
f 6625 6626 6621
f 6625 6627 6626
f 6621 6626 6620
f 6627 6628 6626
f 6628 6629 6626
f 6628 6630 6629
f 6626 6629 6620
f 6627 6631 6628
f 6631 6632 6628
f 6631 6633 6632
f 6628 6632 6630
f 6620 6629 6623
f 6629 6634 6623
f 6629 6630 6634
f 6623 6634 6624
f 6567 6577 6625
f 6577 6635 6625
f 6577 6574 6635
f 6625 6635 6627
f 6574 6636 6635
f 6636 6637 6635
f 6636 6638 6637
f 6635 6637 6627
f 6574 6576 6636
f 6576 6639 6636
f 6576 6532 6639
f 6636 6639 6638
f 6627 6637 6631
f 6637 6640 6631
f 6637 6638 6640
f 6631 6640 6633
f 6624 6634 6641
f 6634 6642 6641
f 6634 6630 6642
f 6641 6642 6643
f 6630 6644 6642
f 6644 6645 6642
f 6644 6646 6645
f 6642 6645 6643
f 6630 6632 6644
f 6632 6647 6644
f 6632 6633 6647
f 6644 6647 6646
f 6643 6645 6648
f 6645 6649 6648
f 6645 6646 6649
f 6648 6649 6650
f 6650 6649 6651
f 6649 6652 6651
f 6649 6646 6652
f 6651 6652 6653
f 6646 6654 6652
f 6654 6655 6652
f 6654 6656 6655
f 6652 6655 6653
f 6646 6647 6654
f 6647 6657 6654
f 6647 6633 6657
f 6654 6657 6656
f 6653 6655 6658
f 6655 6659 6658
f 6655 6656 6659
f 6658 6659 6660
f 6633 6661 6657
f 6661 6662 6657
f 6661 6663 6662
f 6657 6662 6656
f 6663 6664 6662
f 6664 6665 6662
f 6664 6666 6665
f 6662 6665 6656
f 6663 6667 6664
f 6667 6668 6664
f 6667 6510 6668
f 6664 6668 6666
f 6656 6665 6659
f 6665 6669 6659
f 6665 6666 6669
f 6659 6669 6660
f 6633 6640 6661
f 6640 6670 6661
f 6640 6638 6670
f 6661 6670 6663
f 6638 6671 6670
f 6671 6672 6670
f 6671 6526 6672
f 6670 6672 6663
f 6638 6639 6671
f 6639 6530 6671
f 6639 6532 6530
f 6671 6530 6526
f 6663 6672 6667
f 6672 6524 6667
f 6672 6526 6524
f 6667 6524 6510
f 6660 6669 6673
f 6669 6674 6673
f 6669 6666 6674
f 6673 6674 6675
f 6666 6676 6674
f 6676 6677 6674
f 6676 6503 6677
f 6674 6677 6675
f 6666 6668 6676
f 6668 6508 6676
f 6668 6510 6508
f 6676 6508 6503
f 6675 6677 6678
f 6677 6500 6678
f 6677 6503 6500
f 6678 6500 6499
f 6544 6546 6679
f 6546 6680 6679
f 6546 6549 6680
f 6679 6680 6681
f 6549 6682 6680
f 6682 6683 6680
f 6682 6684 6683
f 6680 6683 6681
f 6549 6556 6682
f 6556 6685 6682
f 6556 6558 6685
f 6682 6685 6684
f 6681 6683 6686
f 6683 6687 6686
f 6683 6684 6687
f 6686 6687 6688
f 6558 6689 6685
f 6689 6690 6685
f 6689 6691 6690
f 6685 6690 6684
f 6691 6692 6690
f 6692 6693 6690
f 6692 6694 6693
f 6690 6693 6684
f 6691 6695 6692
f 6695 6696 6692
f 6695 6465 6696
f 6692 6696 6694
f 6684 6693 6687
f 6693 6697 6687
f 6693 6694 6697
f 6687 6697 6688
f 6558 6578 6689
f 6578 6698 6689
f 6578 6580 6698
f 6689 6698 6691
f 6580 6699 6698
f 6699 6700 6698
f 6699 6481 6700
f 6698 6700 6691
f 6580 6585 6699
f 6585 6485 6699
f 6585 6487 6485
f 6699 6485 6481
f 6691 6700 6695
f 6700 6479 6695
f 6700 6481 6479
f 6695 6479 6465
f 6688 6697 6701
f 6697 6702 6701
f 6697 6694 6702
f 6701 6702 6703
f 6694 6704 6702
f 6704 6705 6702
f 6704 6458 6705
f 6702 6705 6703
f 6694 6696 6704
f 6696 6463 6704
f 6696 6465 6463
f 6704 6463 6458
f 6703 6705 6706
f 6705 6455 6706
f 6705 6458 6455
f 6706 6455 6454
f 6498 6497 6707
f 6497 6708 6707
f 6497 6494 6708
f 6707 6708 6709
f 6494 6710 6708
f 6710 6711 6708
f 6710 6712 6711
f 6708 6711 6709
f 6494 6495 6710
f 6495 6713 6710
f 6495 6477 6713
f 6710 6713 6712
f 6709 6711 6714
f 6711 6715 6714
f 6711 6712 6715
f 6714 6715 6716
f 6477 6717 6713
f 6717 6718 6713
f 6717 6719 6718
f 6713 6718 6712
f 6719 6720 6718
f 6720 6721 6718
f 6720 6722 6721
f 6718 6721 6712
f 6719 6723 6720
f 6723 6724 6720
f 6723 6624 6724
f 6720 6724 6722
f 6712 6721 6715
f 6721 6725 6715
f 6721 6722 6725
f 6715 6725 6716
f 6477 6488 6717
f 6488 6726 6717
f 6488 6484 6726
f 6717 6726 6719
f 6484 6727 6726
f 6727 6728 6726
f 6727 6617 6728
f 6726 6728 6719
f 6484 6486 6727
f 6486 6615 6727
f 6486 6487 6615
f 6727 6615 6617
f 6719 6728 6723
f 6728 6622 6723
f 6728 6617 6622
f 6723 6622 6624
f 6716 6725 6729
f 6725 6730 6729
f 6725 6722 6730
f 6729 6730 6731
f 6722 6732 6730
f 6732 6733 6730
f 6732 6643 6733
f 6730 6733 6731
f 6722 6724 6732
f 6724 6641 6732
f 6724 6624 6641
f 6732 6641 6643
f 6731 6733 6734
f 6733 6648 6734
f 6733 6643 6648
f 6734 6648 6650
f 91 6735 6339
f 6735 6736 6339
f 6735 6737 6736
f 6339 6736 6334
f 6737 6738 6736
f 6738 6739 6736
f 6738 6740 6739
f 6736 6739 6334
f 6737 6741 6738
f 6741 6742 6738
f 6741 6743 6742
f 6738 6742 6740
f 6334 6739 6332
f 6739 6744 6332
f 6739 6740 6744
f 6332 6744 6315
f 6743 6745 6742
f 6745 6746 6742
f 6745 6747 6746
f 6742 6746 6740
f 6747 6748 6746
f 6748 6749 6746
f 6748 6750 6749
f 6746 6749 6740
f 6747 6751 6748
f 6751 6752 6748
f 6751 6753 6752
f 6748 6752 6750
f 6740 6749 6744
f 6749 6754 6744
f 6749 6750 6754
f 6744 6754 6315
f 6743 6755 6745
f 6755 6756 6745
f 6755 6757 6756
f 6745 6756 6747
f 6757 6758 6756
f 6758 6759 6756
f 6758 6760 6759
f 6756 6759 6747
f 6757 6761 6758
f 6761 6762 6758
f 6761 6763 6762
f 6758 6762 6760
f 6747 6759 6751
f 6759 6764 6751
f 6759 6760 6764
f 6751 6764 6753
f 6315 6754 6313
f 6754 6765 6313
f 6754 6750 6765
f 6313 6765 6308
f 6750 6766 6765
f 6766 6767 6765
f 6766 6768 6767
f 6765 6767 6308
f 6750 6752 6766
f 6752 6769 6766
f 6752 6753 6769
f 6766 6769 6768
f 6308 6767 6306
f 6767 6770 6306
f 6767 6768 6770
f 6306 6770 224
f 6498 6771 6772
f 6771 6773 6772
f 6771 6774 6773
f 6772 6773 6775
f 6774 6776 6773
f 6776 6777 6773
f 6776 6778 6777
f 6773 6777 6775
f 6774 6779 6776
f 6779 6780 6776
f 6779 6781 6780
f 6776 6780 6778
f 6775 6777 6782
f 6777 6783 6782
f 6777 6778 6783
f 6782 6783 6784
f 6781 6785 6780
f 6785 6786 6780
f 6785 6787 6786
f 6780 6786 6778
f 6787 6788 6786
f 6788 6789 6786
f 6788 6790 6789
f 6786 6789 6778
f 6787 6791 6788
f 6791 6792 6788
f 6791 6743 6792
f 6788 6792 6790
f 6778 6789 6783
f 6789 6793 6783
f 6789 6790 6793
f 6783 6793 6784
f 6781 6794 6785
f 6794 6795 6785
f 6794 6796 6795
f 6785 6795 6787
f 6796 6797 6795
f 6797 6798 6795
f 6797 6757 6798
f 6795 6798 6787
f 6796 6799 6797
f 6799 6761 6797
f 6799 6763 6761
f 6797 6761 6757
f 6787 6798 6791
f 6798 6755 6791
f 6798 6757 6755
f 6791 6755 6743
f 6784 6793 6800
f 6793 6801 6800
f 6793 6790 6801
f 6800 6801 6802
f 6790 6803 6801
f 6803 6804 6801
f 6803 6737 6804
f 6801 6804 6802
f 6790 6792 6803
f 6792 6741 6803
f 6792 6743 6741
f 6803 6741 6737
f 6802 6804 6805
f 6804 6735 6805
f 6804 6737 6735
f 6805 6735 91
f 6650 6806 6734
f 6806 6807 6734
f 6806 6808 6807
f 6734 6807 6731
f 6808 6809 6807
f 6809 6810 6807
f 6809 6811 6810
f 6807 6810 6731
f 6808 6812 6809
f 6812 6813 6809
f 6812 6814 6813
f 6809 6813 6811
f 6731 6810 6729
f 6810 6815 6729
f 6810 6811 6815
f 6729 6815 6716
f 6814 6816 6813
f 6816 6817 6813
f 6816 6818 6817
f 6813 6817 6811
f 6818 6819 6817
f 6819 6820 6817
f 6819 6821 6820
f 6817 6820 6811
f 6818 6822 6819
f 6822 6823 6819
f 6822 6781 6823
f 6819 6823 6821
f 6811 6820 6815
f 6820 6824 6815
f 6820 6821 6824
f 6815 6824 6716
f 6814 6825 6816
f 6825 6826 6816
f 6825 6827 6826
f 6816 6826 6818
f 6827 6828 6826
f 6828 6829 6826
f 6828 6796 6829
f 6826 6829 6818
f 6827 6830 6828
f 6830 6799 6828
f 6830 6763 6799
f 6828 6799 6796
f 6818 6829 6822
f 6829 6794 6822
f 6829 6796 6794
f 6822 6794 6781
f 6716 6824 6714
f 6824 6831 6714
f 6824 6821 6831
f 6714 6831 6709
f 6821 6832 6831
f 6832 6833 6831
f 6832 6774 6833
f 6831 6833 6709
f 6821 6823 6832
f 6823 6779 6832
f 6823 6781 6779
f 6832 6779 6774
f 6709 6833 6707
f 6833 6771 6707
f 6833 6774 6771
f 6707 6771 6498
f 224 6770 6834
f 6770 6835 6834
f 6770 6768 6835
f 6834 6835 6836
f 6768 6837 6835
f 6837 6838 6835
f 6837 6839 6838
f 6835 6838 6836
f 6768 6769 6837
f 6769 6840 6837
f 6769 6753 6840
f 6837 6840 6839
f 6836 6838 6841
f 6838 6842 6841
f 6838 6839 6842
f 6841 6842 6843
f 6753 6844 6840
f 6844 6845 6840
f 6844 6846 6845
f 6840 6845 6839
f 6846 6847 6845
f 6847 6848 6845
f 6847 6849 6848
f 6845 6848 6839
f 6846 6850 6847
f 6850 6851 6847
f 6850 6852 6851
f 6847 6851 6849
f 6839 6848 6842
f 6848 6853 6842
f 6848 6849 6853
f 6842 6853 6843
f 6753 6764 6844
f 6764 6854 6844
f 6764 6760 6854
f 6844 6854 6846
f 6760 6855 6854
f 6855 6856 6854
f 6855 6857 6856
f 6854 6856 6846
f 6760 6762 6855
f 6762 6858 6855
f 6762 6763 6858
f 6855 6858 6857
f 6846 6856 6850
f 6856 6859 6850
f 6856 6857 6859
f 6850 6859 6852
f 6843 6853 6860
f 6853 6861 6860
f 6853 6849 6861
f 6860 6861 6862
f 6849 6863 6861
f 6863 6864 6861
f 6863 6865 6864
f 6861 6864 6862
f 6849 6851 6863
f 6851 6866 6863
f 6851 6852 6866
f 6863 6866 6865
f 6862 6864 6867
f 6864 6868 6867
f 6864 6865 6868
f 6867 6868 6869
f 6870 6871 6872
f 6871 6873 6872
f 6871 6874 6873
f 6872 6873 6875
f 6874 6876 6873
f 6876 6877 6873
f 6876 6878 6877
f 6873 6877 6875
f 6874 6879 6876
f 6879 6880 6876
f 6879 6881 6880
f 6876 6880 6878
f 6875 6877 6882
f 6877 6883 6882
f 6877 6878 6883
f 6882 6883 6884
f 6881 6885 6880
f 6885 6886 6880
f 6885 6887 6886
f 6880 6886 6878
f 6887 6888 6886
f 6888 6889 6886
f 6888 6890 6889
f 6886 6889 6878
f 6887 6891 6888
f 6891 6892 6888
f 6891 6893 6892
f 6888 6892 6890
f 6878 6889 6883
f 6889 6894 6883
f 6889 6890 6894
f 6883 6894 6884
f 6881 6895 6885
f 6895 6896 6885
f 6895 6897 6896
f 6885 6896 6887
f 6897 6898 6896
f 6898 6899 6896
f 6898 6900 6899
f 6896 6899 6887
f 6897 6901 6898
f 6901 6902 6898
f 6901 6903 6902
f 6898 6902 6900
f 6887 6899 6891
f 6899 6904 6891
f 6899 6900 6904
f 6891 6904 6893
f 6884 6894 6905
f 6894 6906 6905
f 6894 6890 6906
f 6905 6906 6907
f 6890 6908 6906
f 6908 6909 6906
f 6908 6910 6909
f 6906 6909 6907
f 6890 6892 6908
f 6892 6911 6908
f 6892 6893 6911
f 6908 6911 6910
f 6907 6909 6912
f 6909 6913 6912
f 6909 6910 6913
f 6912 6913 6499
f 6499 6913 6678
f 6913 6914 6678
f 6913 6910 6914
f 6678 6914 6675
f 6910 6915 6914
f 6915 6916 6914
f 6915 6917 6916
f 6914 6916 6675
f 6910 6911 6915
f 6911 6918 6915
f 6911 6893 6918
f 6915 6918 6917
f 6675 6916 6673
f 6916 6919 6673
f 6916 6917 6919
f 6673 6919 6660
f 6893 6920 6918
f 6920 6921 6918
f 6920 6922 6921
f 6918 6921 6917
f 6922 6923 6921
f 6923 6924 6921
f 6923 6925 6924
f 6921 6924 6917
f 6922 6926 6923
f 6926 6927 6923
f 6926 6928 6927
f 6923 6927 6925
f 6917 6924 6919
f 6924 6929 6919
f 6924 6925 6929
f 6919 6929 6660
f 6893 6904 6920
f 6904 6930 6920
f 6904 6900 6930
f 6920 6930 6922
f 6900 6931 6930
f 6931 6932 6930
f 6931 6933 6932
f 6930 6932 6922
f 6900 6902 6931
f 6902 6934 6931
f 6902 6903 6934
f 6931 6934 6933
f 6922 6932 6926
f 6932 6935 6926
f 6932 6933 6935
f 6926 6935 6928
f 6660 6929 6658
f 6929 6936 6658
f 6929 6925 6936
f 6658 6936 6653
f 6925 6937 6936
f 6937 6938 6936
f 6937 6939 6938
f 6936 6938 6653
f 6925 6927 6937
f 6927 6940 6937
f 6927 6928 6940
f 6937 6940 6939
f 6653 6938 6651
f 6938 6941 6651
f 6938 6939 6941
f 6651 6941 6650
f 6869 6942 6943
f 6942 6944 6943
f 6942 6945 6944
f 6943 6944 6946
f 6945 6947 6944
f 6947 6948 6944
f 6947 6949 6948
f 6944 6948 6946
f 6945 6950 6947
f 6950 6951 6947
f 6950 6952 6951
f 6947 6951 6949
f 6946 6948 6953
f 6948 6954 6953
f 6948 6949 6954
f 6953 6954 6955
f 6952 6956 6951
f 6956 6957 6951
f 6956 6958 6957
f 6951 6957 6949
f 6958 6959 6957
f 6959 6960 6957
f 6959 6961 6960
f 6957 6960 6949
f 6958 6962 6959
f 6962 6963 6959
f 6962 6881 6963
f 6959 6963 6961
f 6949 6960 6954
f 6960 6964 6954
f 6960 6961 6964
f 6954 6964 6955
f 6952 6965 6956
f 6965 6966 6956
f 6965 6967 6966
f 6956 6966 6958
f 6967 6968 6966
f 6968 6969 6966
f 6968 6897 6969
f 6966 6969 6958
f 6967 6970 6968
f 6970 6901 6968
f 6970 6903 6901
f 6968 6901 6897
f 6958 6969 6962
f 6969 6895 6962
f 6969 6897 6895
f 6962 6895 6881
f 6955 6964 6971
f 6964 6972 6971
f 6964 6961 6972
f 6971 6972 6973
f 6961 6974 6972
f 6974 6975 6972
f 6974 6874 6975
f 6972 6975 6973
f 6961 6963 6974
f 6963 6879 6974
f 6963 6881 6879
f 6974 6879 6874
f 6973 6975 6976
f 6975 6871 6976
f 6975 6874 6871
f 6976 6871 6870
f 6869 6868 6942
f 6868 6977 6942
f 6868 6865 6977
f 6942 6977 6945
f 6865 6978 6977
f 6978 6979 6977
f 6978 6980 6979
f 6977 6979 6945
f 6865 6866 6978
f 6866 6981 6978
f 6866 6852 6981
f 6978 6981 6980
f 6945 6979 6950
f 6979 6982 6950
f 6979 6980 6982
f 6950 6982 6952
f 6852 6983 6981
f 6983 6984 6981
f 6983 6985 6984
f 6981 6984 6980
f 6985 6986 6984
f 6986 6987 6984
f 6986 6988 6987
f 6984 6987 6980
f 6985 6989 6986
f 6989 6990 6986
f 6989 6991 6990
f 6986 6990 6988
f 6980 6987 6982
f 6987 6992 6982
f 6987 6988 6992
f 6982 6992 6952
f 6852 6859 6983
f 6859 6993 6983
f 6859 6857 6993
f 6983 6993 6985
f 6857 6994 6993
f 6994 6995 6993
f 6994 6996 6995
f 6993 6995 6985
f 6857 6858 6994
f 6858 6997 6994
f 6858 6763 6997
f 6994 6997 6996
f 6985 6995 6989
f 6995 6998 6989
f 6995 6996 6998
f 6989 6998 6991
f 6952 6992 6965
f 6992 6999 6965
f 6992 6988 6999
f 6965 6999 6967
f 6988 7000 6999
f 7000 7001 6999
f 7000 7002 7001
f 6999 7001 6967
f 6988 6990 7000
f 6990 7003 7000
f 6990 6991 7003
f 7000 7003 7002
f 6967 7001 6970
f 7001 7004 6970
f 7001 7002 7004
f 6970 7004 6903
f 6903 7004 6934
f 7004 7005 6934
f 7004 7002 7005
f 6934 7005 6933
f 7002 7006 7005
f 7006 7007 7005
f 7006 7008 7007
f 7005 7007 6933
f 7002 7003 7006
f 7003 7009 7006
f 7003 6991 7009
f 7006 7009 7008
f 6933 7007 6935
f 7007 7010 6935
f 7007 7008 7010
f 6935 7010 6928
f 6991 7011 7009
f 7011 7012 7009
f 7011 7013 7012
f 7009 7012 7008
f 7013 7014 7012
f 7014 7015 7012
f 7014 7016 7015
f 7012 7015 7008
f 7013 7017 7014
f 7017 7018 7014
f 7017 6814 7018
f 7014 7018 7016
f 7008 7015 7010
f 7015 7019 7010
f 7015 7016 7019
f 7010 7019 6928
f 6991 6998 7011
f 6998 7020 7011
f 6998 6996 7020
f 7011 7020 7013
f 6996 7021 7020
f 7021 7022 7020
f 7021 6827 7022
f 7020 7022 7013
f 6996 6997 7021
f 6997 6830 7021
f 6997 6763 6830
f 7021 6830 6827
f 7013 7022 7017
f 7022 6825 7017
f 7022 6827 6825
f 7017 6825 6814
f 6928 7019 6940
f 7019 7023 6940
f 7019 7016 7023
f 6940 7023 6939
f 7016 7024 7023
f 7024 7025 7023
f 7024 6808 7025
f 7023 7025 6939
f 7016 7018 7024
f 7018 6812 7024
f 7018 6814 6812
f 7024 6812 6808
f 6939 7025 6941
f 7025 6806 6941
f 7025 6808 6806
f 6941 6806 6650
f 6543 7026 6541
f 7026 7027 6541
f 7026 7028 7027
f 6541 7027 6536
f 7028 7029 7027
f 7029 7030 7027
f 7029 7031 7030
f 7027 7030 6536
f 7028 7032 7029
f 7032 7033 7029
f 7032 7034 7033
f 7029 7033 7031
f 6536 7030 6534
f 7030 7035 6534
f 7030 7031 7035
f 6534 7035 6513
f 7034 7036 7033
f 7036 7037 7033
f 7036 7038 7037
f 7033 7037 7031
f 7038 7039 7037
f 7039 7040 7037
f 7039 7041 7040
f 7037 7040 7031
f 7038 7042 7039
f 7042 7043 7039
f 7042 7044 7043
f 7039 7043 7041
f 7031 7040 7035
f 7040 7045 7035
f 7040 7041 7045
f 7035 7045 6513
f 7034 7046 7036
f 7046 7047 7036
f 7046 7048 7047
f 7036 7047 7038
f 7048 7049 7047
f 7049 7050 7047
f 7049 7051 7050
f 7047 7050 7038
f 7048 7052 7049
f 7052 7053 7049
f 7052 7054 7053
f 7049 7053 7051
f 7038 7050 7042
f 7050 7055 7042
f 7050 7051 7055
f 7042 7055 7044
f 6513 7045 6511
f 7045 7056 6511
f 7045 7041 7056
f 6511 7056 6504
f 7041 7057 7056
f 7057 7058 7056
f 7057 7059 7058
f 7056 7058 6504
f 7041 7043 7057
f 7043 7060 7057
f 7043 7044 7060
f 7057 7060 7059
f 6504 7058 6501
f 7058 7061 6501
f 7058 7059 7061
f 6501 7061 6499
f 7062 7063 7064
f 7063 7065 7064
f 7063 7066 7065
f 7064 7065 7067
f 7066 7068 7065
f 7068 7069 7065
f 7068 7070 7069
f 7065 7069 7067
f 7066 7071 7068
f 7071 7072 7068
f 7071 7073 7072
f 7068 7072 7070
f 7067 7069 7074
f 7069 7075 7074
f 7069 7070 7075
f 7074 7075 7076
f 7073 7077 7072
f 7077 7078 7072
f 7077 7079 7078
f 7072 7078 7070
f 7079 7080 7078
f 7080 7081 7078
f 7080 7082 7081
f 7078 7081 7070
f 7079 7083 7080
f 7083 7084 7080
f 7083 7034 7084
f 7080 7084 7082
f 7070 7081 7075
f 7081 7085 7075
f 7081 7082 7085
f 7075 7085 7076
f 7073 7086 7077
f 7086 7087 7077
f 7086 7088 7087
f 7077 7087 7079
f 7088 7089 7087
f 7089 7090 7087
f 7089 7048 7090
f 7087 7090 7079
f 7088 7091 7089
f 7091 7052 7089
f 7091 7054 7052
f 7089 7052 7048
f 7079 7090 7083
f 7090 7046 7083
f 7090 7048 7046
f 7083 7046 7034
f 7076 7085 7092
f 7085 7093 7092
f 7085 7082 7093
f 7092 7093 7094
f 7082 7095 7093
f 7095 7096 7093
f 7095 7028 7096
f 7093 7096 7094
f 7082 7084 7095
f 7084 7032 7095
f 7084 7034 7032
f 7095 7032 7028
f 7094 7096 7097
f 7096 7026 7097
f 7096 7028 7026
f 7097 7026 6543
f 6499 7061 6912
f 7061 7098 6912
f 7061 7059 7098
f 6912 7098 6907
f 7059 7099 7098
f 7099 7100 7098
f 7099 7101 7100
f 7098 7100 6907
f 7059 7060 7099
f 7060 7102 7099
f 7060 7044 7102
f 7099 7102 7101
f 6907 7100 6905
f 7100 7103 6905
f 7100 7101 7103
f 6905 7103 6884
f 7044 7104 7102
f 7104 7105 7102
f 7104 7106 7105
f 7102 7105 7101
f 7106 7107 7105
f 7107 7108 7105
f 7107 7109 7108
f 7105 7108 7101
f 7106 7110 7107
f 7110 7111 7107
f 7110 7112 7111
f 7107 7111 7109
f 7101 7108 7103
f 7108 7113 7103
f 7108 7109 7113
f 7103 7113 6884
f 7044 7055 7104
f 7055 7114 7104
f 7055 7051 7114
f 7104 7114 7106
f 7051 7115 7114
f 7115 7116 7114
f 7115 7117 7116
f 7114 7116 7106
f 7051 7053 7115
f 7053 7118 7115
f 7053 7054 7118
f 7115 7118 7117
f 7106 7116 7110
f 7116 7119 7110
f 7116 7117 7119
f 7110 7119 7112
f 6884 7113 6882
f 7113 7120 6882
f 7113 7109 7120
f 6882 7120 6875
f 7109 7121 7120
f 7121 7122 7120
f 7121 7123 7122
f 7120 7122 6875
f 7109 7111 7121
f 7111 7124 7121
f 7111 7112 7124
f 7121 7124 7123
f 6875 7122 6872
f 7122 7125 6872
f 7122 7123 7125
f 6872 7125 6870
f 6870 7125 7126
f 7125 7127 7126
f 7125 7123 7127
f 7126 7127 7128
f 7123 7129 7127
f 7129 7130 7127
f 7129 7131 7130
f 7127 7130 7128
f 7123 7124 7129
f 7124 7132 7129
f 7124 7112 7132
f 7129 7132 7131
f 7128 7130 7133
f 7130 7134 7133
f 7130 7131 7134
f 7133 7134 7135
f 7112 7136 7132
f 7136 7137 7132
f 7136 7138 7137
f 7132 7137 7131
f 7138 7139 7137
f 7139 7140 7137
f 7139 7141 7140
f 7137 7140 7131
f 7138 7142 7139
f 7142 7143 7139
f 7142 7073 7143
f 7139 7143 7141
f 7131 7140 7134
f 7140 7144 7134
f 7140 7141 7144
f 7134 7144 7135
f 7112 7119 7136
f 7119 7145 7136
f 7119 7117 7145
f 7136 7145 7138
f 7117 7146 7145
f 7146 7147 7145
f 7146 7088 7147
f 7145 7147 7138
f 7117 7118 7146
f 7118 7091 7146
f 7118 7054 7091
f 7146 7091 7088
f 7138 7147 7142
f 7147 7086 7142
f 7147 7088 7086
f 7142 7086 7073
f 7135 7144 7148
f 7144 7149 7148
f 7144 7141 7149
f 7148 7149 7150
f 7141 7151 7149
f 7151 7152 7149
f 7151 7066 7152
f 7149 7152 7150
f 7141 7143 7151
f 7143 7071 7151
f 7143 7073 7071
f 7151 7071 7066
f 7150 7152 7153
f 7152 7063 7153
f 7152 7066 7063
f 7153 7063 7062
f 224 7154 6389
f 7154 7155 6389
f 7154 7156 7155
f 6389 7155 6386
f 7156 7157 7155
f 7157 7158 7155
f 7157 7159 7158
f 7155 7158 6386
f 7156 7160 7157
f 7160 7161 7157
f 7160 7162 7161
f 7157 7161 7159
f 6386 7158 6384
f 7158 7163 6384
f 7158 7159 7163
f 6384 7163 6371
f 7162 7164 7161
f 7164 7165 7161
f 7164 7166 7165
f 7161 7165 7159
f 7166 7167 7165
f 7167 7168 7165
f 7167 7169 7168
f 7165 7168 7159
f 7166 7170 7167
f 7170 7171 7167
f 7170 7172 7171
f 7167 7171 7169
f 7159 7168 7163
f 7168 7173 7163
f 7168 7169 7173
f 7163 7173 6371
f 7162 7174 7164
f 7174 7175 7164
f 7174 7176 7175
f 7164 7175 7166
f 7176 7177 7175
f 7177 7178 7175
f 7177 7179 7178
f 7175 7178 7166
f 7176 7180 7177
f 7180 7181 7177
f 7180 7182 7181
f 7177 7181 7179
f 7166 7178 7170
f 7178 7183 7170
f 7178 7179 7183
f 7170 7183 7172
f 6371 7173 6369
f 7173 7184 6369
f 7173 7169 7184
f 6369 7184 6364
f 7169 7185 7184
f 7185 7186 7184
f 7185 7187 7186
f 7184 7186 6364
f 7169 7171 7185
f 7171 7188 7185
f 7171 7172 7188
f 7185 7188 7187
f 6364 7186 6362
f 7186 7189 6362
f 7186 7187 7189
f 6362 7189 402
f 7062 7190 7153
f 7190 7191 7153
f 7190 7192 7191
f 7153 7191 7150
f 7192 7193 7191
f 7193 7194 7191
f 7193 7195 7194
f 7191 7194 7150
f 7192 7196 7193
f 7196 7197 7193
f 7196 7198 7197
f 7193 7197 7195
f 7150 7194 7148
f 7194 7199 7148
f 7194 7195 7199
f 7148 7199 7135
f 7198 7200 7197
f 7200 7201 7197
f 7200 7202 7201
f 7197 7201 7195
f 7202 7203 7201
f 7203 7204 7201
f 7203 7205 7204
f 7201 7204 7195
f 7202 7206 7203
f 7206 7207 7203
f 7206 7208 7207
f 7203 7207 7205
f 7195 7204 7199
f 7204 7209 7199
f 7204 7205 7209
f 7199 7209 7135
f 7198 7210 7200
f 7210 7211 7200
f 7210 7212 7211
f 7200 7211 7202
f 7212 7213 7211
f 7213 7214 7211
f 7213 7215 7214
f 7211 7214 7202
f 7212 7216 7213
f 7216 7217 7213
f 7216 7218 7217
f 7213 7217 7215
f 7202 7214 7206
f 7214 7219 7206
f 7214 7215 7219
f 7206 7219 7208
f 7135 7209 7133
f 7209 7220 7133
f 7209 7205 7220
f 7133 7220 7128
f 7205 7221 7220
f 7221 7222 7220
f 7221 7223 7222
f 7220 7222 7128
f 7205 7207 7221
f 7207 7224 7221
f 7207 7208 7224
f 7221 7224 7223
f 7128 7222 7126
f 7222 7225 7126
f 7222 7223 7225
f 7126 7225 6870
f 6870 7225 6976
f 7225 7226 6976
f 7225 7223 7226
f 6976 7226 6973
f 7223 7227 7226
f 7227 7228 7226
f 7227 7229 7228
f 7226 7228 6973
f 7223 7224 7227
f 7224 7230 7227
f 7224 7208 7230
f 7227 7230 7229
f 6973 7228 6971
f 7228 7231 6971
f 7228 7229 7231
f 6971 7231 6955
f 7208 7232 7230
f 7232 7233 7230
f 7232 7234 7233
f 7230 7233 7229
f 7234 7235 7233
f 7235 7236 7233
f 7235 7237 7236
f 7233 7236 7229
f 7234 7238 7235
f 7238 7239 7235
f 7238 7240 7239
f 7235 7239 7237
f 7229 7236 7231
f 7236 7241 7231
f 7236 7237 7241
f 7231 7241 6955
f 7208 7219 7232
f 7219 7242 7232
f 7219 7215 7242
f 7232 7242 7234
f 7215 7243 7242
f 7243 7244 7242
f 7243 7245 7244
f 7242 7244 7234
f 7215 7217 7243
f 7217 7246 7243
f 7217 7218 7246
f 7243 7246 7245
f 7234 7244 7238
f 7244 7247 7238
f 7244 7245 7247
f 7238 7247 7240
f 6955 7241 6953
f 7241 7248 6953
f 7241 7237 7248
f 6953 7248 6946
f 7237 7249 7248
f 7249 7250 7248
f 7249 7251 7250
f 7248 7250 6946
f 7237 7239 7249
f 7239 7252 7249
f 7239 7240 7252
f 7249 7252 7251
f 6946 7250 6943
f 7250 7253 6943
f 7250 7251 7253
f 6943 7253 6869
f 7254 7255 7256
f 7255 7257 7256
f 7255 7258 7257
f 7256 7257 7259
f 7258 7260 7257
f 7260 7261 7257
f 7260 7262 7261
f 7257 7261 7259
f 7258 7263 7260
f 7263 7264 7260
f 7263 7265 7264
f 7260 7264 7262
f 7259 7261 7266
f 7261 7267 7266
f 7261 7262 7267
f 7266 7267 7268
f 7265 7269 7264
f 7269 7270 7264
f 7269 7271 7270
f 7264 7270 7262
f 7271 7272 7270
f 7272 7273 7270
f 7272 7274 7273
f 7270 7273 7262
f 7271 7275 7272
f 7275 7276 7272
f 7275 7198 7276
f 7272 7276 7274
f 7262 7273 7267
f 7273 7277 7267
f 7273 7274 7277
f 7267 7277 7268
f 7265 7278 7269
f 7278 7279 7269
f 7278 7280 7279
f 7269 7279 7271
f 7280 7281 7279
f 7281 7282 7279
f 7281 7212 7282
f 7279 7282 7271
f 7280 7283 7281
f 7283 7216 7281
f 7283 7218 7216
f 7281 7216 7212
f 7271 7282 7275
f 7282 7210 7275
f 7282 7212 7210
f 7275 7210 7198
f 7268 7277 7284
f 7277 7285 7284
f 7277 7274 7285
f 7284 7285 7286
f 7274 7287 7285
f 7287 7288 7285
f 7287 7192 7288
f 7285 7288 7286
f 7274 7276 7287
f 7276 7196 7287
f 7276 7198 7196
f 7287 7196 7192
f 7286 7288 7289
f 7288 7190 7289
f 7288 7192 7190
f 7289 7190 7062
f 6869 7290 6867
f 7290 7291 6867
f 7290 7292 7291
f 6867 7291 6862
f 7292 7293 7291
f 7293 7294 7291
f 7293 7295 7294
f 7291 7294 6862
f 7292 7296 7293
f 7296 7297 7293
f 7296 7298 7297
f 7293 7297 7295
f 6862 7294 6860
f 7294 7299 6860
f 7294 7295 7299
f 6860 7299 6843
f 7298 7300 7297
f 7300 7301 7297
f 7300 7302 7301
f 7297 7301 7295
f 7302 7303 7301
f 7303 7304 7301
f 7303 7305 7304
f 7301 7304 7295
f 7302 7306 7303
f 7306 7307 7303
f 7306 7162 7307
f 7303 7307 7305
f 7295 7304 7299
f 7304 7308 7299
f 7304 7305 7308
f 7299 7308 6843
f 7298 7309 7300
f 7309 7310 7300
f 7309 7311 7310
f 7300 7310 7302
f 7311 7312 7310
f 7312 7313 7310
f 7312 7176 7313
f 7310 7313 7302
f 7311 7314 7312
f 7314 7180 7312
f 7314 7182 7180
f 7312 7180 7176
f 7302 7313 7306
f 7313 7174 7306
f 7313 7176 7174
f 7306 7174 7162
f 6843 7308 6841
f 7308 7315 6841
f 7308 7305 7315
f 6841 7315 6836
f 7305 7316 7315
f 7316 7317 7315
f 7316 7156 7317
f 7315 7317 6836
f 7305 7307 7316
f 7307 7160 7316
f 7307 7162 7160
f 7316 7160 7156
f 6836 7317 6834
f 7317 7154 6834
f 7317 7156 7154
f 6834 7154 224
f 6869 7253 7290
f 7253 7318 7290
f 7253 7251 7318
f 7290 7318 7292
f 7251 7319 7318
f 7319 7320 7318
f 7319 7321 7320
f 7318 7320 7292
f 7251 7252 7319
f 7252 7322 7319
f 7252 7240 7322
f 7319 7322 7321
f 7292 7320 7296
f 7320 7323 7296
f 7320 7321 7323
f 7296 7323 7298
f 7240 7324 7322
f 7324 7325 7322
f 7324 7326 7325
f 7322 7325 7321
f 7326 7327 7325
f 7327 7328 7325
f 7327 7329 7328
f 7325 7328 7321
f 7326 7330 7327
f 7330 7331 7327
f 7330 7332 7331
f 7327 7331 7329
f 7321 7328 7323
f 7328 7333 7323
f 7328 7329 7333
f 7323 7333 7298
f 7240 7247 7324
f 7247 7334 7324
f 7247 7245 7334
f 7324 7334 7326
f 7245 7335 7334
f 7335 7336 7334
f 7335 7337 7336
f 7334 7336 7326
f 7245 7246 7335
f 7246 7338 7335
f 7246 7218 7338
f 7335 7338 7337
f 7326 7336 7330
f 7336 7339 7330
f 7336 7337 7339
f 7330 7339 7332
f 7298 7333 7309
f 7333 7340 7309
f 7333 7329 7340
f 7309 7340 7311
f 7329 7341 7340
f 7341 7342 7340
f 7341 7343 7342
f 7340 7342 7311
f 7329 7331 7341
f 7331 7344 7341
f 7331 7332 7344
f 7341 7344 7343
f 7311 7342 7314
f 7342 7345 7314
f 7342 7343 7345
f 7314 7345 7182
f 7182 7345 7346
f 7345 7347 7346
f 7345 7343 7347
f 7346 7347 7348
f 7343 7349 7347
f 7349 7350 7347
f 7349 7351 7350
f 7347 7350 7348
f 7343 7344 7349
f 7344 7352 7349
f 7344 7332 7352
f 7349 7352 7351
f 7348 7350 7353
f 7350 7354 7353
f 7350 7351 7354
f 7353 7354 7355
f 7332 7356 7352
f 7356 7357 7352
f 7356 7358 7357
f 7352 7357 7351
f 7358 7359 7357
f 7359 7360 7357
f 7359 7361 7360
f 7357 7360 7351
f 7358 7362 7359
f 7362 7363 7359
f 7362 7265 7363
f 7359 7363 7361
f 7351 7360 7354
f 7360 7364 7354
f 7360 7361 7364
f 7354 7364 7355
f 7332 7339 7356
f 7339 7365 7356
f 7339 7337 7365
f 7356 7365 7358
f 7337 7366 7365
f 7366 7367 7365
f 7366 7280 7367
f 7365 7367 7358
f 7337 7338 7366
f 7338 7283 7366
f 7338 7218 7283
f 7366 7283 7280
f 7358 7367 7362
f 7367 7278 7362
f 7367 7280 7278
f 7362 7278 7265
f 7355 7364 7368
f 7364 7369 7368
f 7364 7361 7369
f 7368 7369 7370
f 7361 7371 7369
f 7371 7372 7369
f 7371 7258 7372
f 7369 7372 7370
f 7361 7363 7371
f 7363 7263 7371
f 7363 7265 7263
f 7371 7263 7258
f 7370 7372 7373
f 7372 7255 7373
f 7372 7258 7255
f 7373 7255 7254
f 402 7189 7374
f 7189 7375 7374
f 7189 7187 7375
f 7374 7375 7376
f 7187 7377 7375
f 7377 7378 7375
f 7377 7379 7378
f 7375 7378 7376
f 7187 7188 7377
f 7188 7380 7377
f 7188 7172 7380
f 7377 7380 7379
f 7376 7378 7381
f 7378 7382 7381
f 7378 7379 7382
f 7381 7382 7383
f 7172 7384 7380
f 7384 7385 7380
f 7384 7386 7385
f 7380 7385 7379
f 7386 7387 7385
f 7387 7388 7385
f 7387 7389 7388
f 7385 7388 7379
f 7386 7390 7387
f 7390 7391 7387
f 7390 7355 7391
f 7387 7391 7389
f 7379 7388 7382
f 7388 7392 7382
f 7388 7389 7392
f 7382 7392 7383
f 7172 7183 7384
f 7183 7393 7384
f 7183 7179 7393
f 7384 7393 7386
f 7179 7394 7393
f 7394 7395 7393
f 7394 7348 7395
f 7393 7395 7386
f 7179 7181 7394
f 7181 7346 7394
f 7181 7182 7346
f 7394 7346 7348
f 7386 7395 7390
f 7395 7353 7390
f 7395 7348 7353
f 7390 7353 7355
f 7383 7392 7396
f 7392 7397 7396
f 7392 7389 7397
f 7396 7397 7398
f 7389 7399 7397
f 7399 7400 7397
f 7399 7370 7400
f 7397 7400 7398
f 7389 7391 7399
f 7391 7368 7399
f 7391 7355 7368
f 7399 7368 7370
f 7398 7400 7401
f 7400 7373 7401
f 7400 7370 7373
f 7401 7373 7254
f 402 7402 6425
f 7402 7403 6425
f 7402 7404 7403
f 6425 7403 6422
f 7404 7405 7403
f 7405 7406 7403
f 7405 7407 7406
f 7403 7406 6422
f 7404 7408 7405
f 7408 7409 7405
f 7408 7410 7409
f 7405 7409 7407
f 6422 7406 6420
f 7406 7411 6420
f 7406 7407 7411
f 6420 7411 6404
f 7410 7412 7409
f 7412 7413 7409
f 7412 7414 7413
f 7409 7413 7407
f 7414 7415 7413
f 7415 7416 7413
f 7415 7417 7416
f 7413 7416 7407
f 7414 7418 7415
f 7418 7419 7415
f 7418 7420 7419
f 7415 7419 7417
f 7407 7416 7411
f 7416 7421 7411
f 7416 7417 7421
f 7411 7421 6404
f 7410 7422 7412
f 7422 7423 7412
f 7422 7424 7423
f 7412 7423 7414
f 7424 7425 7423
f 7425 7426 7423
f 7425 7427 7426
f 7423 7426 7414
f 7424 7428 7425
f 7428 7429 7425
f 7428 7430 7429
f 7425 7429 7427
f 7414 7426 7418
f 7426 7431 7418
f 7426 7427 7431
f 7418 7431 7420
f 6404 7421 6402
f 7421 7432 6402
f 7421 7417 7432
f 6402 7432 6395
f 7417 7433 7432
f 7433 7434 7432
f 7433 7435 7434
f 7432 7434 6395
f 7417 7419 7433
f 7419 7436 7433
f 7419 7420 7436
f 7433 7436 7435
f 6395 7434 6392
f 7434 7437 6392
f 7434 7435 7437
f 6392 7437 6390
f 6390 7437 7438
f 7437 7439 7438
f 7437 7435 7439
f 7438 7439 7440
f 7435 7441 7439
f 7441 7442 7439
f 7441 7443 7442
f 7439 7442 7440
f 7435 7436 7441
f 7436 7444 7441
f 7436 7420 7444
f 7441 7444 7443
f 7440 7442 7445
f 7442 7446 7445
f 7442 7443 7446
f 7445 7446 7447
f 7420 7448 7444
f 7448 7449 7444
f 7448 7450 7449
f 7444 7449 7443
f 7450 7451 7449
f 7451 7452 7449
f 7451 7453 7452
f 7449 7452 7443
f 7450 7454 7451
f 7454 7455 7451
f 7454 7456 7455
f 7451 7455 7453
f 7443 7452 7446
f 7452 7457 7446
f 7452 7453 7457
f 7446 7457 7447
f 7420 7431 7448
f 7431 7458 7448
f 7431 7427 7458
f 7448 7458 7450
f 7427 7459 7458
f 7459 7460 7458
f 7459 7461 7460
f 7458 7460 7450
f 7427 7429 7459
f 7429 7462 7459
f 7429 7430 7462
f 7459 7462 7461
f 7450 7460 7454
f 7460 7463 7454
f 7460 7461 7463
f 7454 7463 7456
f 7447 7457 7464
f 7457 7465 7464
f 7457 7453 7465
f 7464 7465 7466
f 7453 7467 7465
f 7467 7468 7465
f 7467 7469 7468
f 7465 7468 7466
f 7453 7455 7467
f 7455 7470 7467
f 7455 7456 7470
f 7467 7470 7469
f 7466 7468 7471
f 7468 7472 7471
f 7468 7469 7472
f 7471 7472 6454
f 7254 7473 7401
f 7473 7474 7401
f 7473 7475 7474
f 7401 7474 7398
f 7475 7476 7474
f 7476 7477 7474
f 7476 7478 7477
f 7474 7477 7398
f 7475 7479 7476
f 7479 7480 7476
f 7479 7481 7480
f 7476 7480 7478
f 7398 7477 7396
f 7477 7482 7396
f 7477 7478 7482
f 7396 7482 7383
f 7481 7483 7480
f 7483 7484 7480
f 7483 7485 7484
f 7480 7484 7478
f 7485 7486 7484
f 7486 7487 7484
f 7486 7488 7487
f 7484 7487 7478
f 7485 7489 7486
f 7489 7490 7486
f 7489 7410 7490
f 7486 7490 7488
f 7478 7487 7482
f 7487 7491 7482
f 7487 7488 7491
f 7482 7491 7383
f 7481 7492 7483
f 7492 7493 7483
f 7492 7494 7493
f 7483 7493 7485
f 7494 7495 7493
f 7495 7496 7493
f 7495 7424 7496
f 7493 7496 7485
f 7494 7497 7495
f 7497 7428 7495
f 7497 7430 7428
f 7495 7428 7424
f 7485 7496 7489
f 7496 7422 7489
f 7496 7424 7422
f 7489 7422 7410
f 7383 7491 7381
f 7491 7498 7381
f 7491 7488 7498
f 7381 7498 7376
f 7488 7499 7498
f 7499 7500 7498
f 7499 7404 7500
f 7498 7500 7376
f 7488 7490 7499
f 7490 7408 7499
f 7490 7410 7408
f 7499 7408 7404
f 7376 7500 7374
f 7500 7402 7374
f 7500 7404 7402
f 7374 7402 402
f 6454 7472 6706
f 7472 7501 6706
f 7472 7469 7501
f 6706 7501 6703
f 7469 7502 7501
f 7502 7503 7501
f 7502 7504 7503
f 7501 7503 6703
f 7469 7470 7502
f 7470 7505 7502
f 7470 7456 7505
f 7502 7505 7504
f 6703 7503 6701
f 7503 7506 6701
f 7503 7504 7506
f 6701 7506 6688
f 7456 7507 7505
f 7507 7508 7505
f 7507 7509 7508
f 7505 7508 7504
f 7509 7510 7508
f 7510 7511 7508
f 7510 7512 7511
f 7508 7511 7504
f 7509 7513 7510
f 7513 7514 7510
f 7513 7515 7514
f 7510 7514 7512
f 7504 7511 7506
f 7511 7516 7506
f 7511 7512 7516
f 7506 7516 6688
f 7456 7463 7507
f 7463 7517 7507
f 7463 7461 7517
f 7507 7517 7509
f 7461 7518 7517
f 7518 7519 7517
f 7518 7520 7519
f 7517 7519 7509
f 7461 7462 7518
f 7462 7521 7518
f 7462 7430 7521
f 7518 7521 7520
f 7509 7519 7513
f 7519 7522 7513
f 7519 7520 7522
f 7513 7522 7515
f 6688 7516 6686
f 7516 7523 6686
f 7516 7512 7523
f 6686 7523 6681
f 7512 7524 7523
f 7524 7525 7523
f 7524 7526 7525
f 7523 7525 6681
f 7512 7514 7524
f 7514 7527 7524
f 7514 7515 7527
f 7524 7527 7526
f 6681 7525 6679
f 7525 7528 6679
f 7525 7526 7528
f 6679 7528 6544
f 6543 7529 7097
f 7529 7530 7097
f 7529 7531 7530
f 7097 7530 7094
f 7531 7532 7530
f 7532 7533 7530
f 7532 7534 7533
f 7530 7533 7094
f 7531 7535 7532
f 7535 7536 7532
f 7535 7537 7536
f 7532 7536 7534
f 7094 7533 7092
f 7533 7538 7092
f 7533 7534 7538
f 7092 7538 7076
f 7537 7539 7536
f 7539 7540 7536
f 7539 7541 7540
f 7536 7540 7534
f 7541 7542 7540
f 7542 7543 7540
f 7542 7544 7543
f 7540 7543 7534
f 7541 7545 7542
f 7545 7546 7542
f 7545 7547 7546
f 7542 7546 7544
f 7534 7543 7538
f 7543 7548 7538
f 7543 7544 7548
f 7538 7548 7076
f 7537 7549 7539
f 7549 7550 7539
f 7549 7551 7550
f 7539 7550 7541
f 7551 7552 7550
f 7552 7553 7550
f 7552 7554 7553
f 7550 7553 7541
f 7551 7555 7552
f 7555 7556 7552
f 7555 7557 7556
f 7552 7556 7554
f 7541 7553 7545
f 7553 7558 7545
f 7553 7554 7558
f 7545 7558 7547
f 7076 7548 7074
f 7548 7559 7074
f 7548 7544 7559
f 7074 7559 7067
f 7544 7560 7559
f 7560 7561 7559
f 7560 7562 7561
f 7559 7561 7067
f 7544 7546 7560
f 7546 7563 7560
f 7546 7547 7563
f 7560 7563 7562
f 7067 7561 7064
f 7561 7564 7064
f 7561 7562 7564
f 7064 7564 7062
f 7062 7564 7289
f 7564 7565 7289
f 7564 7562 7565
f 7289 7565 7286
f 7562 7566 7565
f 7566 7567 7565
f 7566 7568 7567
f 7565 7567 7286
f 7562 7563 7566
f 7563 7569 7566
f 7563 7547 7569
f 7566 7569 7568
f 7286 7567 7284
f 7567 7570 7284
f 7567 7568 7570
f 7284 7570 7268
f 7547 7571 7569
f 7571 7572 7569
f 7571 7573 7572
f 7569 7572 7568
f 7573 7574 7572
f 7574 7575 7572
f 7574 7576 7575
f 7572 7575 7568
f 7573 7577 7574
f 7577 7578 7574
f 7577 7579 7578
f 7574 7578 7576
f 7568 7575 7570
f 7575 7580 7570
f 7575 7576 7580
f 7570 7580 7268
f 7547 7558 7571
f 7558 7581 7571
f 7558 7554 7581
f 7571 7581 7573
f 7554 7582 7581
f 7582 7583 7581
f 7582 7584 7583
f 7581 7583 7573
f 7554 7556 7582
f 7556 7585 7582
f 7556 7557 7585
f 7582 7585 7584
f 7573 7583 7577
f 7583 7586 7577
f 7583 7584 7586
f 7577 7586 7579
f 7268 7580 7266
f 7580 7587 7266
f 7580 7576 7587
f 7266 7587 7259
f 7576 7588 7587
f 7588 7589 7587
f 7588 7590 7589
f 7587 7589 7259
f 7576 7578 7588
f 7578 7591 7588
f 7578 7579 7591
f 7588 7591 7590
f 7259 7589 7256
f 7589 7592 7256
f 7589 7590 7592
f 7256 7592 7254
f 6544 7593 6614
f 7593 7594 6614
f 7593 7595 7594
f 6614 7594 6611
f 7595 7596 7594
f 7596 7597 7594
f 7596 7598 7597
f 7594 7597 6611
f 7595 7599 7596
f 7599 7600 7596
f 7599 7601 7600
f 7596 7600 7598
f 6611 7597 6609
f 7597 7602 6609
f 7597 7598 7602
f 6609 7602 6596
f 7601 7603 7600
f 7603 7604 7600
f 7603 7605 7604
f 7600 7604 7598
f 7605 7606 7604
f 7606 7607 7604
f 7606 7608 7607
f 7604 7607 7598
f 7605 7609 7606
f 7609 7610 7606
f 7609 7537 7610
f 7606 7610 7608
f 7598 7607 7602
f 7607 7611 7602
f 7607 7608 7611
f 7602 7611 6596
f 7601 7612 7603
f 7612 7613 7603
f 7612 7614 7613
f 7603 7613 7605
f 7614 7615 7613
f 7615 7616 7613
f 7615 7551 7616
f 7613 7616 7605
f 7614 7617 7615
f 7617 7555 7615
f 7617 7557 7555
f 7615 7555 7551
f 7605 7616 7609
f 7616 7549 7609
f 7616 7551 7549
f 7609 7549 7537
f 6596 7611 6594
f 7611 7618 6594
f 7611 7608 7618
f 6594 7618 6589
f 7608 7619 7618
f 7619 7620 7618
f 7619 7531 7620
f 7618 7620 6589
f 7608 7610 7619
f 7610 7535 7619
f 7610 7537 7535
f 7619 7535 7531
f 6589 7620 6587
f 7620 7529 6587
f 7620 7531 7529
f 6587 7529 6543
f 6544 7528 7593
f 7528 7621 7593
f 7528 7526 7621
f 7593 7621 7595
f 7526 7622 7621
f 7622 7623 7621
f 7622 7624 7623
f 7621 7623 7595
f 7526 7527 7622
f 7527 7625 7622
f 7527 7515 7625
f 7622 7625 7624
f 7595 7623 7599
f 7623 7626 7599
f 7623 7624 7626
f 7599 7626 7601
f 7515 7627 7625
f 7627 7628 7625
f 7627 7629 7628
f 7625 7628 7624
f 7629 7630 7628
f 7630 7631 7628
f 7630 7632 7631
f 7628 7631 7624
f 7629 7633 7630
f 7633 7634 7630
f 7633 7635 7634
f 7630 7634 7632
f 7624 7631 7626
f 7631 7636 7626
f 7631 7632 7636
f 7626 7636 7601
f 7515 7522 7627
f 7522 7637 7627
f 7522 7520 7637
f 7627 7637 7629
f 7520 7638 7637
f 7638 7639 7637
f 7638 7640 7639
f 7637 7639 7629
f 7520 7521 7638
f 7521 7641 7638
f 7521 7430 7641
f 7638 7641 7640
f 7629 7639 7633
f 7639 7642 7633
f 7639 7640 7642
f 7633 7642 7635
f 7601 7636 7612
f 7636 7643 7612
f 7636 7632 7643
f 7612 7643 7614
f 7632 7644 7643
f 7644 7645 7643
f 7644 7646 7645
f 7643 7645 7614
f 7632 7634 7644
f 7634 7647 7644
f 7634 7635 7647
f 7644 7647 7646
f 7614 7645 7617
f 7645 7648 7617
f 7645 7646 7648
f 7617 7648 7557
f 7557 7648 7585
f 7648 7649 7585
f 7648 7646 7649
f 7585 7649 7584
f 7646 7650 7649
f 7650 7651 7649
f 7650 7652 7651
f 7649 7651 7584
f 7646 7647 7650
f 7647 7653 7650
f 7647 7635 7653
f 7650 7653 7652
f 7584 7651 7586
f 7651 7654 7586
f 7651 7652 7654
f 7586 7654 7579
f 7635 7655 7653
f 7655 7656 7653
f 7655 7657 7656
f 7653 7656 7652
f 7657 7658 7656
f 7658 7659 7656
f 7658 7660 7659
f 7656 7659 7652
f 7657 7661 7658
f 7661 7662 7658
f 7661 7481 7662
f 7658 7662 7660
f 7652 7659 7654
f 7659 7663 7654
f 7659 7660 7663
f 7654 7663 7579
f 7635 7642 7655
f 7642 7664 7655
f 7642 7640 7664
f 7655 7664 7657
f 7640 7665 7664
f 7665 7666 7664
f 7665 7494 7666
f 7664 7666 7657
f 7640 7641 7665
f 7641 7497 7665
f 7641 7430 7497
f 7665 7497 7494
f 7657 7666 7661
f 7666 7492 7661
f 7666 7494 7492
f 7661 7492 7481
f 7579 7663 7591
f 7663 7667 7591
f 7663 7660 7667
f 7591 7667 7590
f 7660 7668 7667
f 7668 7669 7667
f 7668 7475 7669
f 7667 7669 7590
f 7660 7662 7668
f 7662 7479 7668
f 7662 7481 7479
f 7668 7479 7475
f 7590 7669 7592
f 7669 7473 7592
f 7669 7475 7473
f 7592 7473 7254
f 7670 7671 7672
f 7671 7673 7672
f 7671 7674 7673
f 7672 7673 7675
f 7674 7676 7673
f 7676 7677 7673
f 7676 7678 7677
f 7673 7677 7675
f 7674 7679 7676
f 7679 7680 7676
f 7679 7681 7680
f 7676 7680 7678
f 7675 7677 7682
f 7677 7683 7682
f 7677 7678 7683
f 7682 7683 7684
f 7681 7685 7680
f 7685 7686 7680
f 7685 7687 7686
f 7680 7686 7678
f 7687 7688 7686
f 7688 7689 7686
f 7688 7690 7689
f 7686 7689 7678
f 7687 7691 7688
f 7691 7692 7688
f 7691 7693 7692
f 7688 7692 7690
f 7678 7689 7683
f 7689 7694 7683
f 7689 7690 7694
f 7683 7694 7684
f 7681 7695 7685
f 7695 7696 7685
f 7695 7697 7696
f 7685 7696 7687
f 7697 7698 7696
f 7698 7699 7696
f 7698 7700 7699
f 7696 7699 7687
f 7697 7701 7698
f 7701 7702 7698
f 7701 7703 7702
f 7698 7702 7700
f 7687 7699 7691
f 7699 7704 7691
f 7699 7700 7704
f 7691 7704 7693
f 7684 7694 7705
f 7694 7706 7705
f 7694 7690 7706
f 7705 7706 7707
f 7690 7708 7706
f 7708 7709 7706
f 7708 7710 7709
f 7706 7709 7707
f 7690 7692 7708
f 7692 7711 7708
f 7692 7693 7711
f 7708 7711 7710
f 7707 7709 7712
f 7709 7713 7712
f 7709 7710 7713
f 7712 7713 135
f 7714 7715 7716
f 7715 7717 7716
f 7715 7718 7717
f 7716 7717 7719
f 7718 7720 7717
f 7720 7721 7717
f 7720 7722 7721
f 7717 7721 7719
f 7718 7723 7720
f 7723 7724 7720
f 7723 7725 7724
f 7720 7724 7722
f 7719 7721 7726
f 7721 7727 7726
f 7721 7722 7727
f 7726 7727 7728
f 7725 7729 7724
f 7729 7730 7724
f 7729 7731 7730
f 7724 7730 7722
f 7731 7732 7730
f 7732 7733 7730
f 7732 7734 7733
f 7730 7733 7722
f 7731 7735 7732
f 7735 7736 7732
f 7735 7737 7736
f 7732 7736 7734
f 7722 7733 7727
f 7733 7738 7727
f 7733 7734 7738
f 7727 7738 7728
f 7725 7739 7729
f 7739 7740 7729
f 7739 7741 7740
f 7729 7740 7731
f 7741 7742 7740
f 7742 7743 7740
f 7742 7744 7743
f 7740 7743 7731
f 7741 7745 7742
f 7745 7746 7742
f 7745 7747 7746
f 7742 7746 7744
f 7731 7743 7735
f 7743 7748 7735
f 7743 7744 7748
f 7735 7748 7737
f 7728 7738 7749
f 7738 7750 7749
f 7738 7734 7750
f 7749 7750 7751
f 7734 7752 7750
f 7752 7753 7750
f 7752 7754 7753
f 7750 7753 7751
f 7734 7736 7752
f 7736 7755 7752
f 7736 7737 7755
f 7752 7755 7754
f 7751 7753 7756
f 7753 7757 7756
f 7753 7754 7757
f 7756 7757 7758
f 6390 7759 6453
f 7759 7760 6453
f 7759 7761 7760
f 6453 7760 6450
f 7761 7762 7760
f 7762 7763 7760
f 7762 7764 7763
f 7760 7763 6450
f 7761 7765 7762
f 7765 7766 7762
f 7765 7767 7766
f 7762 7766 7764
f 6450 7763 6448
f 7763 7768 6448
f 7763 7764 7768
f 6448 7768 6435
f 7767 7769 7766
f 7769 7770 7766
f 7769 7771 7770
f 7766 7770 7764
f 7771 7772 7770
f 7772 7773 7770
f 7772 7774 7773
f 7770 7773 7764
f 7771 7775 7772
f 7775 7776 7772
f 7775 7777 7776
f 7772 7776 7774
f 7764 7773 7768
f 7773 7778 7768
f 7773 7774 7778
f 7768 7778 6435
f 7767 7779 7769
f 7779 7780 7769
f 7779 7781 7780
f 7769 7780 7771
f 7781 7782 7780
f 7782 7783 7780
f 7782 7784 7783
f 7780 7783 7771
f 7781 7785 7782
f 7785 7786 7782
f 7785 7787 7786
f 7782 7786 7784
f 7771 7783 7775
f 7783 7788 7775
f 7783 7784 7788
f 7775 7788 7777
f 6435 7778 6433
f 7778 7789 6433
f 7778 7774 7789
f 6433 7789 6428
f 7774 7790 7789
f 7790 7791 7789
f 7790 7792 7791
f 7789 7791 6428
f 7774 7776 7790
f 7776 7793 7790
f 7776 7777 7793
f 7790 7793 7792
f 6428 7791 6426
f 7791 7794 6426
f 7791 7792 7794
f 6426 7794 45
f 7795 7796 7797
f 7796 7798 7797
f 7796 7799 7798
f 7797 7798 7800
f 7799 7801 7798
f 7801 7802 7798
f 7801 7803 7802
f 7798 7802 7800
f 7799 7804 7801
f 7804 7805 7801
f 7804 7806 7805
f 7801 7805 7803
f 7800 7802 7807
f 7802 7808 7807
f 7802 7803 7808
f 7807 7808 7809
f 7806 7810 7805
f 7810 7811 7805
f 7810 7812 7811
f 7805 7811 7803
f 7812 7813 7811
f 7813 7814 7811
f 7813 7815 7814
f 7811 7814 7803
f 7812 7816 7813
f 7816 7817 7813
f 7816 7818 7817
f 7813 7817 7815
f 7803 7814 7808
f 7814 7819 7808
f 7814 7815 7819
f 7808 7819 7809
f 7806 7820 7810
f 7820 7821 7810
f 7820 7822 7821
f 7810 7821 7812
f 7822 7823 7821
f 7823 7824 7821
f 7823 7825 7824
f 7821 7824 7812
f 7822 7826 7823
f 7826 7827 7823
f 7826 7828 7827
f 7823 7827 7825
f 7812 7824 7816
f 7824 7829 7816
f 7824 7825 7829
f 7816 7829 7818
f 7809 7819 7830
f 7819 7831 7830
f 7819 7815 7831
f 7830 7831 7832
f 7815 7833 7831
f 7833 7834 7831
f 7833 7835 7834
f 7831 7834 7832
f 7815 7817 7833
f 7817 7836 7833
f 7817 7818 7836
f 7833 7836 7835
f 7832 7834 7837
f 7834 7838 7837
f 7834 7835 7838
f 7837 7838 135
f 7839 7840 7841
f 7840 7842 7841
f 7840 7843 7842
f 7841 7842 7844
f 7843 7845 7842
f 7845 7846 7842
f 7845 7847 7846
f 7842 7846 7844
f 7843 7848 7845
f 7848 7849 7845
f 7848 7850 7849
f 7845 7849 7847
f 7844 7846 7851
f 7846 7852 7851
f 7846 7847 7852
f 7851 7852 7853
f 7850 7854 7849
f 7854 7855 7849
f 7854 7856 7855
f 7849 7855 7847
f 7856 7857 7855
f 7857 7858 7855
f 7857 7859 7858
f 7855 7858 7847
f 7856 7860 7857
f 7860 7861 7857
f 7860 7862 7861
f 7857 7861 7859
f 7847 7858 7852
f 7858 7863 7852
f 7858 7859 7863
f 7852 7863 7853
f 7850 7864 7854
f 7864 7865 7854
f 7864 7866 7865
f 7854 7865 7856
f 7866 7867 7865
f 7867 7868 7865
f 7867 7869 7868
f 7865 7868 7856
f 7866 7870 7867
f 7870 7871 7867
f 7870 7872 7871
f 7867 7871 7869
f 7856 7868 7860
f 7868 7873 7860
f 7868 7869 7873
f 7860 7873 7862
f 7853 7863 7874
f 7863 7875 7874
f 7863 7859 7875
f 7874 7875 7876
f 7859 7877 7875
f 7877 7878 7875
f 7877 7879 7878
f 7875 7878 7876
f 7859 7861 7877
f 7861 7880 7877
f 7861 7862 7880
f 7877 7880 7879
f 7876 7878 7881
f 7878 7882 7881
f 7878 7879 7882
f 7881 7882 6454
f 7883 7884 7885
f 7884 7886 7885
f 7884 7887 7886
f 7885 7886 7888
f 7887 7889 7886
f 7889 7890 7886
f 7889 7891 7890
f 7886 7890 7888
f 7887 7892 7889
f 7892 7893 7889
f 7892 7894 7893
f 7889 7893 7891
f 7888 7890 7895
f 7890 7896 7895
f 7890 7891 7896
f 7895 7896 7897
f 7894 7898 7893
f 7898 7899 7893
f 7898 7900 7899
f 7893 7899 7891
f 7900 7901 7899
f 7901 7902 7899
f 7901 7903 7902
f 7899 7902 7891
f 7900 7904 7901
f 7904 7905 7901
f 7904 7906 7905
f 7901 7905 7903
f 7891 7902 7896
f 7902 7907 7896
f 7902 7903 7907
f 7896 7907 7897
f 7894 7908 7898
f 7908 7909 7898
f 7908 7910 7909
f 7898 7909 7900
f 7910 7911 7909
f 7911 7912 7909
f 7911 7913 7912
f 7909 7912 7900
f 7910 7914 7911
f 7914 7915 7911
f 7914 7916 7915
f 7911 7915 7913
f 7900 7912 7904
f 7912 7917 7904
f 7912 7913 7917
f 7904 7917 7906
f 7897 7907 7918
f 7907 7919 7918
f 7907 7903 7919
f 7918 7919 7920
f 7903 7921 7919
f 7921 7922 7919
f 7921 7923 7922
f 7919 7922 7920
f 7903 7905 7921
f 7905 7924 7921
f 7905 7906 7924
f 7921 7924 7923
f 7920 7922 7925
f 7922 7926 7925
f 7922 7923 7926
f 7925 7926 7927
f 2795 7928 3391
f 7928 7929 3391
f 7928 7930 7929
f 3391 7929 3386
f 7930 7931 7929
f 7931 7932 7929
f 7931 7933 7932
f 7929 7932 3386
f 7930 7934 7931
f 7934 7935 7931
f 7934 7936 7935
f 7931 7935 7933
f 3386 7932 3384
f 7932 7937 3384
f 7932 7933 7937
f 3384 7937 3367
f 7936 7938 7935
f 7938 7939 7935
f 7938 7940 7939
f 7935 7939 7933
f 7940 7941 7939
f 7941 7942 7939
f 7941 7943 7942
f 7939 7942 7933
f 7940 7944 7941
f 7944 7945 7941
f 7944 7946 7945
f 7941 7945 7943
f 7933 7942 7937
f 7942 7947 7937
f 7942 7943 7947
f 7937 7947 3367
f 7936 7948 7938
f 7948 7949 7938
f 7948 7950 7949
f 7938 7949 7940
f 7950 7951 7949
f 7951 7952 7949
f 7951 7953 7952
f 7949 7952 7940
f 7950 7954 7951
f 7954 7955 7951
f 7954 7956 7955
f 7951 7955 7953
f 7940 7952 7944
f 7952 7957 7944
f 7952 7953 7957
f 7944 7957 7946
f 3367 7947 3365
f 7947 7958 3365
f 7947 7943 7958
f 3365 7958 3360
f 7943 7959 7958
f 7959 7960 7958
f 7959 7961 7960
f 7958 7960 3360
f 7943 7945 7959
f 7945 7962 7959
f 7945 7946 7962
f 7959 7962 7961
f 3360 7960 3358
f 7960 7963 3358
f 7960 7961 7963
f 3358 7963 2794
f 1972 7964 7965
f 7964 7966 7965
f 7964 7967 7966
f 7965 7966 7968
f 7967 7969 7966
f 7969 7970 7966
f 7969 7971 7970
f 7966 7970 7968
f 7967 7972 7969
f 7972 7973 7969
f 7972 7974 7973
f 7969 7973 7971
f 7968 7970 7975
f 7970 7976 7975
f 7970 7971 7976
f 7975 7976 7977
f 7974 7978 7973
f 7978 7979 7973
f 7978 7980 7979
f 7973 7979 7971
f 7980 7981 7979
f 7981 7982 7979
f 7981 7983 7982
f 7979 7982 7971
f 7980 7984 7981
f 7984 7985 7981
f 7984 7986 7985
f 7981 7985 7983
f 7971 7982 7976
f 7982 7987 7976
f 7982 7983 7987
f 7976 7987 7977
f 7974 7988 7978
f 7988 7989 7978
f 7988 7990 7989
f 7978 7989 7980
f 7990 7991 7989
f 7991 7992 7989
f 7991 7993 7992
f 7989 7992 7980
f 7990 7994 7991
f 7994 7995 7991
f 7994 7996 7995
f 7991 7995 7993
f 7980 7992 7984
f 7992 7997 7984
f 7992 7993 7997
f 7984 7997 7986
f 7977 7987 7998
f 7987 7999 7998
f 7987 7983 7999
f 7998 7999 8000
f 7983 8001 7999
f 8001 8002 7999
f 8001 8003 8002
f 7999 8002 8000
f 7983 7985 8001
f 7985 8004 8001
f 7985 7986 8004
f 8001 8004 8003
f 8000 8002 8005
f 8002 8006 8005
f 8002 8003 8006
f 8005 8006 7670
f 7828 8007 8008
f 8007 8009 8008
f 8007 8010 8009
f 8008 8009 8011
f 8010 8012 8009
f 8012 8013 8009
f 8012 8014 8013
f 8009 8013 8011
f 8010 8015 8012
f 8015 8016 8012
f 8015 8017 8016
f 8012 8016 8014
f 8011 8013 8018
f 8013 8019 8018
f 8013 8014 8019
f 8018 8019 8020
f 8017 8021 8016
f 8021 8022 8016
f 8021 8023 8022
f 8016 8022 8014
f 8023 8024 8022
f 8024 8025 8022
f 8024 8026 8025
f 8022 8025 8014
f 8023 8027 8024
f 8027 8028 8024
f 8027 8029 8028
f 8024 8028 8026
f 8014 8025 8019
f 8025 8030 8019
f 8025 8026 8030
f 8019 8030 8020
f 8017 8031 8021
f 8031 8032 8021
f 8031 8033 8032
f 8021 8032 8023
f 8033 8034 8032
f 8034 8035 8032
f 8034 8036 8035
f 8032 8035 8023
f 8033 8037 8034
f 8037 8038 8034
f 8037 8039 8038
f 8034 8038 8036
f 8023 8035 8027
f 8035 8040 8027
f 8035 8036 8040
f 8027 8040 8029
f 8020 8030 8041
f 8030 8042 8041
f 8030 8026 8042
f 8041 8042 8043
f 8026 8044 8042
f 8044 8045 8042
f 8044 8046 8045
f 8042 8045 8043
f 8026 8028 8044
f 8028 8047 8044
f 8028 8029 8047
f 8044 8047 8046
f 8043 8045 8048
f 8045 8049 8048
f 8045 8046 8049
f 8048 8049 6498
f 8050 8051 8052
f 8051 8053 8052
f 8051 8054 8053
f 8052 8053 8055
f 8054 8056 8053
f 8056 8057 8053
f 8056 8058 8057
f 8053 8057 8055
f 8054 8059 8056
f 8059 8060 8056
f 8059 8061 8060
f 8056 8060 8058
f 8055 8057 8062
f 8057 8063 8062
f 8057 8058 8063
f 8062 8063 8064
f 8061 8065 8060
f 8065 8066 8060
f 8065 8067 8066
f 8060 8066 8058
f 8067 8068 8066
f 8068 8069 8066
f 8068 8070 8069
f 8066 8069 8058
f 8067 8071 8068
f 8071 8072 8068
f 8071 8073 8072
f 8068 8072 8070
f 8058 8069 8063
f 8069 8074 8063
f 8069 8070 8074
f 8063 8074 8064
f 8061 8075 8065
f 8075 8076 8065
f 8075 8077 8076
f 8065 8076 8067
f 8077 8078 8076
f 8078 8079 8076
f 8078 8080 8079
f 8076 8079 8067
f 8077 8081 8078
f 8081 8082 8078
f 8081 8083 8082
f 8078 8082 8080
f 8067 8079 8071
f 8079 8084 8071
f 8079 8080 8084
f 8071 8084 8073
f 8064 8074 8085
f 8074 8086 8085
f 8074 8070 8086
f 8085 8086 8087
f 8070 8088 8086
f 8088 8089 8086
f 8088 8090 8089
f 8086 8089 8087
f 8070 8072 8088
f 8072 8091 8088
f 8072 8073 8091
f 8088 8091 8090
f 8087 8089 8092
f 8089 8093 8092
f 8089 8090 8093
f 8092 8093 8094
f 7996 8095 7995
f 8095 8096 7995
f 8095 8097 8096
f 7995 8096 7993
f 8097 8098 8096
f 8098 8099 8096
f 8098 8100 8099
f 8096 8099 7993
f 8097 8101 8098
f 8101 8102 8098
f 8101 8103 8102
f 8098 8102 8100
f 7993 8099 7997
f 8099 8104 7997
f 8099 8100 8104
f 7997 8104 7986
f 8103 8105 8102
f 8105 8106 8102
f 8105 8107 8106
f 8102 8106 8100
f 8107 8108 8106
f 8108 8109 8106
f 8108 8110 8109
f 8106 8109 8100
f 8107 8111 8108
f 8111 8112 8108
f 8111 8113 8112
f 8108 8112 8110
f 8100 8109 8104
f 8109 8114 8104
f 8109 8110 8114
f 8104 8114 7986
f 8103 8115 8105
f 8115 8116 8105
f 8115 8117 8116
f 8105 8116 8107
f 8117 8118 8116
f 8118 8119 8116
f 8118 8120 8119
f 8116 8119 8107
f 8117 8121 8118
f 8121 8122 8118
f 8121 8123 8122
f 8118 8122 8120
f 8107 8119 8111
f 8119 8124 8111
f 8119 8120 8124
f 8111 8124 8113
f 7986 8114 8004
f 8114 8125 8004
f 8114 8110 8125
f 8004 8125 8003
f 8110 8126 8125
f 8126 8127 8125
f 8126 8128 8127
f 8125 8127 8003
f 8110 8112 8126
f 8112 8129 8126
f 8112 8113 8129
f 8126 8129 8128
f 8003 8127 8006
f 8127 8130 8006
f 8127 8128 8130
f 8006 8130 7670
f 7927 8131 7925
f 8131 8132 7925
f 8131 8133 8132
f 7925 8132 7920
f 8133 8134 8132
f 8134 8135 8132
f 8134 8136 8135
f 8132 8135 7920
f 8133 8137 8134
f 8137 8138 8134
f 8137 8139 8138
f 8134 8138 8136
f 7920 8135 7918
f 8135 8140 7918
f 8135 8136 8140
f 7918 8140 7897
f 8139 8141 8138
f 8141 8142 8138
f 8141 8143 8142
f 8138 8142 8136
f 8143 8144 8142
f 8144 8145 8142
f 8144 8146 8145
f 8142 8145 8136
f 8143 8147 8144
f 8147 8148 8144
f 8147 8149 8148
f 8144 8148 8146
f 8136 8145 8140
f 8145 8150 8140
f 8145 8146 8150
f 8140 8150 7897
f 8139 8151 8141
f 8151 8152 8141
f 8151 8153 8152
f 8141 8152 8143
f 8153 8154 8152
f 8154 8155 8152
f 8154 8156 8155
f 8152 8155 8143
f 8153 8157 8154
f 8157 8158 8154
f 8157 7956 8158
f 8154 8158 8156
f 8143 8155 8147
f 8155 8159 8147
f 8155 8156 8159
f 8147 8159 8149
f 7897 8150 7895
f 8150 8160 7895
f 8150 8146 8160
f 7895 8160 7888
f 8146 8161 8160
f 8161 8162 8160
f 8161 8163 8162
f 8160 8162 7888
f 8146 8148 8161
f 8148 8164 8161
f 8148 8149 8164
f 8161 8164 8163
f 7888 8162 7885
f 8162 8165 7885
f 8162 8163 8165
f 7885 8165 7883
f 7883 8165 8166
f 8165 8167 8166
f 8165 8163 8167
f 8166 8167 8168
f 8163 8169 8167
f 8169 8170 8167
f 8169 8171 8170
f 8167 8170 8168
f 8163 8164 8169
f 8164 8172 8169
f 8164 8149 8172
f 8169 8172 8171
f 8168 8170 8173
f 8170 8174 8173
f 8170 8171 8174
f 8173 8174 8175
f 8149 8176 8172
f 8176 8177 8172
f 8176 8178 8177
f 8172 8177 8171
f 8178 8179 8177
f 8179 8180 8177
f 8179 8181 8180
f 8177 8180 8171
f 8178 8182 8179
f 8182 8183 8179
f 8182 7936 8183
f 8179 8183 8181
f 8171 8180 8174
f 8180 8184 8174
f 8180 8181 8184
f 8174 8184 8175
f 8149 8159 8176
f 8159 8185 8176
f 8159 8156 8185
f 8176 8185 8178
f 8156 8186 8185
f 8186 8187 8185
f 8186 7950 8187
f 8185 8187 8178
f 8156 8158 8186
f 8158 7954 8186
f 8158 7956 7954
f 8186 7954 7950
f 8178 8187 8182
f 8187 7948 8182
f 8187 7950 7948
f 8182 7948 7936
f 8175 8184 8188
f 8184 8189 8188
f 8184 8181 8189
f 8188 8189 8190
f 8181 8191 8189
f 8191 8192 8189
f 8191 7930 8192
f 8189 8192 8190
f 8181 8183 8191
f 8183 7934 8191
f 8183 7936 7934
f 8191 7934 7930
f 8190 8192 8193
f 8192 7928 8193
f 8192 7930 7928
f 8193 7928 2795
f 8194 8195 8196
f 8195 8197 8196
f 8195 8198 8197
f 8196 8197 8199
f 8198 8200 8197
f 8200 8201 8197
f 8200 8202 8201
f 8197 8201 8199
f 8198 8203 8200
f 8203 8204 8200
f 8203 8205 8204
f 8200 8204 8202
f 8199 8201 8206
f 8201 8207 8206
f 8201 8202 8207
f 8206 8207 8208
f 8205 8209 8204
f 8209 8210 8204
f 8209 8211 8210
f 8204 8210 8202
f 8211 8212 8210
f 8212 8213 8210
f 8212 8214 8213
f 8210 8213 8202
f 8211 8215 8212
f 8215 8216 8212
f 8215 8217 8216
f 8212 8216 8214
f 8202 8213 8207
f 8213 8218 8207
f 8213 8214 8218
f 8207 8218 8208
f 8205 8219 8209
f 8219 8220 8209
f 8219 8221 8220
f 8209 8220 8211
f 8221 8222 8220
f 8222 8223 8220
f 8222 8224 8223
f 8220 8223 8211
f 8221 8225 8222
f 8225 8226 8222
f 8225 8227 8226
f 8222 8226 8224
f 8211 8223 8215
f 8223 8228 8215
f 8223 8224 8228
f 8215 8228 8217
f 8208 8218 8229
f 8218 8230 8229
f 8218 8214 8230
f 8229 8230 8231
f 8214 8232 8230
f 8232 8233 8230
f 8232 8234 8233
f 8230 8233 8231
f 8214 8216 8232
f 8216 8235 8232
f 8216 8217 8235
f 8232 8235 8234
f 8231 8233 8236
f 8233 8237 8236
f 8233 8234 8237
f 8236 8237 8083
f 8083 8237 8082
f 8237 8238 8082
f 8237 8234 8238
f 8082 8238 8080
f 8234 8239 8238
f 8239 8240 8238
f 8239 8241 8240
f 8238 8240 8080
f 8234 8235 8239
f 8235 8242 8239
f 8235 8217 8242
f 8239 8242 8241
f 8080 8240 8084
f 8240 8243 8084
f 8240 8241 8243
f 8084 8243 8073
f 8217 8244 8242
f 8244 8245 8242
f 8244 8246 8245
f 8242 8245 8241
f 8246 8247 8245
f 8247 8248 8245
f 8247 8249 8248
f 8245 8248 8241
f 8246 8250 8247
f 8250 8251 8247
f 8250 8252 8251
f 8247 8251 8249
f 8241 8248 8243
f 8248 8253 8243
f 8248 8249 8253
f 8243 8253 8073
f 8217 8228 8244
f 8228 8254 8244
f 8228 8224 8254
f 8244 8254 8246
f 8224 8255 8254
f 8255 8256 8254
f 8255 8257 8256
f 8254 8256 8246
f 8224 8226 8255
f 8226 8258 8255
f 8226 8227 8258
f 8255 8258 8257
f 8246 8256 8250
f 8256 8259 8250
f 8256 8257 8259
f 8250 8259 8252
f 8073 8253 8091
f 8253 8260 8091
f 8253 8249 8260
f 8091 8260 8090
f 8249 8261 8260
f 8261 8262 8260
f 8261 8263 8262
f 8260 8262 8090
f 8249 8251 8261
f 8251 8264 8261
f 8251 8252 8264
f 8261 8264 8263
f 8090 8262 8093
f 8262 8265 8093
f 8262 8263 8265
f 8093 8265 8094
f 7758 8266 7756
f 8266 8267 7756
f 8266 8268 8267
f 7756 8267 7751
f 8268 8269 8267
f 8269 8270 8267
f 8269 8271 8270
f 8267 8270 7751
f 8268 8272 8269
f 8272 8273 8269
f 8272 8274 8273
f 8269 8273 8271
f 7751 8270 7749
f 8270 8275 7749
f 8270 8271 8275
f 7749 8275 7728
f 8274 8276 8273
f 8276 8277 8273
f 8276 8278 8277
f 8273 8277 8271
f 8278 8279 8277
f 8279 8280 8277
f 8279 8281 8280
f 8277 8280 8271
f 8278 8282 8279
f 8282 8283 8279
f 8282 8284 8283
f 8279 8283 8281
f 8271 8280 8275
f 8280 8285 8275
f 8280 8281 8285
f 8275 8285 7728
f 8274 8286 8276
f 8286 8287 8276
f 8286 8288 8287
f 8276 8287 8278
f 8288 8289 8287
f 8289 8290 8287
f 8289 8291 8290
f 8287 8290 8278
f 8288 8292 8289
f 8292 8293 8289
f 8292 8294 8293
f 8289 8293 8291
f 8278 8290 8282
f 8290 8295 8282
f 8290 8291 8295
f 8282 8295 8284
f 7728 8285 7726
f 8285 8296 7726
f 8285 8281 8296
f 7726 8296 7719
f 8281 8297 8296
f 8297 8298 8296
f 8297 8299 8298
f 8296 8298 7719
f 8281 8283 8297
f 8283 8300 8297
f 8283 8284 8300
f 8297 8300 8299
f 7719 8298 7716
f 8298 8301 7716
f 8298 8299 8301
f 7716 8301 7714
f 8302 8303 8304
f 8303 8305 8304
f 8303 8306 8305
f 8304 8305 8307
f 8306 8308 8305
f 8308 8309 8305
f 8308 8310 8309
f 8305 8309 8307
f 8306 8311 8308
f 8311 8312 8308
f 8311 8313 8312
f 8308 8312 8310
f 8307 8309 8314
f 8309 8315 8314
f 8309 8310 8315
f 8314 8315 8316
f 8313 8317 8312
f 8317 8318 8312
f 8317 8319 8318
f 8312 8318 8310
f 8319 8320 8318
f 8320 8321 8318
f 8320 8322 8321
f 8318 8321 8310
f 8319 8323 8320
f 8323 8324 8320
f 8323 8325 8324
f 8320 8324 8322
f 8310 8321 8315
f 8321 8326 8315
f 8321 8322 8326
f 8315 8326 8316
f 8313 8327 8317
f 8327 8328 8317
f 8327 8329 8328
f 8317 8328 8319
f 8329 8330 8328
f 8330 8331 8328
f 8330 8332 8331
f 8328 8331 8319
f 8329 8333 8330
f 8333 8334 8330
f 8333 7872 8334
f 8330 8334 8332
f 8319 8331 8323
f 8331 8335 8323
f 8331 8332 8335
f 8323 8335 8325
f 8316 8326 8336
f 8326 8337 8336
f 8326 8322 8337
f 8336 8337 8338
f 8322 8339 8337
f 8339 8340 8337
f 8339 8341 8340
f 8337 8340 8338
f 8322 8324 8339
f 8324 8342 8339
f 8324 8325 8342
f 8339 8342 8341
f 8338 8340 8343
f 8340 8344 8343
f 8340 8341 8344
f 8343 8344 8194
f 1972 7965 1970
f 7965 8345 1970
f 7965 7968 8345
f 1970 8345 1965
f 7968 8346 8345
f 8346 8347 8345
f 8346 8348 8347
f 8345 8347 1965
f 7968 7975 8346
f 7975 8349 8346
f 7975 7977 8349
f 8346 8349 8348
f 1965 8347 1963
f 8347 8350 1963
f 8347 8348 8350
f 1963 8350 1946
f 7977 8351 8349
f 8351 8352 8349
f 8351 8353 8352
f 8349 8352 8348
f 8353 8354 8352
f 8354 8355 8352
f 8354 8356 8355
f 8352 8355 8348
f 8353 8357 8354
f 8357 8358 8354
f 8357 7684 8358
f 8354 8358 8356
f 8348 8355 8350
f 8355 8359 8350
f 8355 8356 8359
f 8350 8359 1946
f 7977 7998 8351
f 7998 8360 8351
f 7998 8000 8360
f 8351 8360 8353
f 8000 8361 8360
f 8361 8362 8360
f 8361 7675 8362
f 8360 8362 8353
f 8000 8005 8361
f 8005 7672 8361
f 8005 7670 7672
f 8361 7672 7675
f 8353 8362 8357
f 8362 7682 8357
f 8362 7675 7682
f 8357 7682 7684
f 1946 8359 1944
f 8359 8363 1944
f 8359 8356 8363
f 1944 8363 1939
f 8356 8364 8363
f 8364 8365 8363
f 8364 7707 8365
f 8363 8365 1939
f 8356 8358 8364
f 8358 7705 8364
f 8358 7684 7705
f 8364 7705 7707
f 1939 8365 1937
f 8365 7712 1937
f 8365 7707 7712
f 1937 7712 135
f 8366 8367 8368
f 8367 8369 8368
f 8367 8370 8369
f 8368 8369 8371
f 8370 8372 8369
f 8372 8373 8369
f 8372 8374 8373
f 8369 8373 8371
f 8370 8375 8372
f 8375 8376 8372
f 8375 8377 8376
f 8372 8376 8374
f 8371 8373 8378
f 8373 8379 8378
f 8373 8374 8379
f 8378 8379 8380
f 8377 8381 8376
f 8381 8382 8376
f 8381 8383 8382
f 8376 8382 8374
f 8383 8384 8382
f 8384 8385 8382
f 8384 8386 8385
f 8382 8385 8374
f 8383 8387 8384
f 8387 8388 8384
f 8387 8205 8388
f 8384 8388 8386
f 8374 8385 8379
f 8385 8389 8379
f 8385 8386 8389
f 8379 8389 8380
f 8377 8390 8381
f 8390 8391 8381
f 8390 8392 8391
f 8381 8391 8383
f 8392 8393 8391
f 8393 8394 8391
f 8393 8221 8394
f 8391 8394 8383
f 8392 8395 8393
f 8395 8225 8393
f 8395 8227 8225
f 8393 8225 8221
f 8383 8394 8387
f 8394 8219 8387
f 8394 8221 8219
f 8387 8219 8205
f 8380 8389 8396
f 8389 8397 8396
f 8389 8386 8397
f 8396 8397 8398
f 8386 8399 8397
f 8399 8400 8397
f 8399 8198 8400
f 8397 8400 8398
f 8386 8388 8399
f 8388 8203 8399
f 8388 8205 8203
f 8399 8203 8198
f 8398 8400 8401
f 8400 8195 8401
f 8400 8198 8195
f 8401 8195 8194
f 8402 8403 8404
f 8403 8405 8404
f 8403 8406 8405
f 8404 8405 8407
f 8406 8408 8405
f 8408 8409 8405
f 8408 8410 8409
f 8405 8409 8407
f 8406 8411 8408
f 8411 8412 8408
f 8411 8413 8412
f 8408 8412 8410
f 8407 8409 8414
f 8409 8415 8414
f 8409 8410 8415
f 8414 8415 8416
f 8413 8417 8412
f 8417 8418 8412
f 8417 8419 8418
f 8412 8418 8410
f 8419 8420 8418
f 8420 8421 8418
f 8420 8422 8421
f 8418 8421 8410
f 8419 8423 8420
f 8423 8424 8420
f 8423 8425 8424
f 8420 8424 8422
f 8410 8421 8415
f 8421 8426 8415
f 8421 8422 8426
f 8415 8426 8416
f 8413 8427 8417
f 8427 8428 8417
f 8427 8429 8428
f 8417 8428 8419
f 8429 8430 8428
f 8430 8431 8428
f 8430 8432 8431
f 8428 8431 8419
f 8429 8433 8430
f 8433 8434 8430
f 8433 8435 8434
f 8430 8434 8432
f 8419 8431 8423
f 8431 8436 8423
f 8431 8432 8436
f 8423 8436 8425
f 8416 8426 8437
f 8426 8438 8437
f 8426 8422 8438
f 8437 8438 8439
f 8422 8440 8438
f 8440 8441 8438
f 8440 8442 8441
f 8438 8441 8439
f 8422 8424 8440
f 8424 8443 8440
f 8424 8425 8443
f 8440 8443 8442
f 8439 8441 8444
f 8441 8445 8444
f 8441 8442 8445
f 8444 8445 45
f 8446 8447 8448
f 8447 8449 8448
f 8447 8450 8449
f 8448 8449 8451
f 8450 8452 8449
f 8452 8453 8449
f 8452 8454 8453
f 8449 8453 8451
f 8450 8455 8452
f 8455 8456 8452
f 8455 8457 8456
f 8452 8456 8454
f 8451 8453 8458
f 8453 8459 8458
f 8453 8454 8459
f 8458 8459 8460
f 8457 8461 8456
f 8461 8462 8456
f 8461 8463 8462
f 8456 8462 8454
f 8463 8464 8462
f 8464 8465 8462
f 8464 8466 8465
f 8462 8465 8454
f 8463 8467 8464
f 8467 8468 8464
f 8467 8208 8468
f 8464 8468 8466
f 8454 8465 8459
f 8465 8469 8459
f 8465 8466 8469
f 8459 8469 8460
f 8457 8470 8461
f 8470 8471 8461
f 8470 8472 8471
f 8461 8471 8463
f 8472 8473 8471
f 8473 8474 8471
f 8473 8199 8474
f 8471 8474 8463
f 8472 8475 8473
f 8475 8196 8473
f 8475 8194 8196
f 8473 8196 8199
f 8463 8474 8467
f 8474 8206 8467
f 8474 8199 8206
f 8467 8206 8208
f 8460 8469 8476
f 8469 8477 8476
f 8469 8466 8477
f 8476 8477 8478
f 8466 8479 8477
f 8479 8480 8477
f 8479 8231 8480
f 8477 8480 8478
f 8466 8468 8479
f 8468 8229 8479
f 8468 8208 8229
f 8479 8229 8231
f 8478 8480 8481
f 8480 8236 8481
f 8480 8231 8236
f 8481 8236 8083
f 8482 8483 8484
f 8483 8485 8484
f 8483 8486 8485
f 8484 8485 8487
f 8486 8488 8485
f 8488 8489 8485
f 8488 8490 8489
f 8485 8489 8487
f 8486 8491 8488
f 8491 8492 8488
f 8491 8493 8492
f 8488 8492 8490
f 8487 8489 8494
f 8489 8495 8494
f 8489 8490 8495
f 8494 8495 8496
f 8493 8497 8492
f 8497 8498 8492
f 8497 8499 8498
f 8492 8498 8490
f 8499 8500 8498
f 8500 8501 8498
f 8500 8502 8501
f 8498 8501 8490
f 8499 8503 8500
f 8503 8504 8500
f 8503 8505 8504
f 8500 8504 8502
f 8490 8501 8495
f 8501 8506 8495
f 8501 8502 8506
f 8495 8506 8496
f 8493 8507 8497
f 8507 8508 8497
f 8507 8509 8508
f 8497 8508 8499
f 8509 8510 8508
f 8510 8511 8508
f 8510 8512 8511
f 8508 8511 8499
f 8509 8513 8510
f 8513 8514 8510
f 8513 7758 8514
f 8510 8514 8512
f 8499 8511 8503
f 8511 8515 8503
f 8511 8512 8515
f 8503 8515 8505
f 8496 8506 8516
f 8506 8517 8516
f 8506 8502 8517
f 8516 8517 8518
f 8502 8519 8517
f 8519 8520 8517
f 8519 8521 8520
f 8517 8520 8518
f 8502 8504 8519
f 8504 8522 8519
f 8504 8505 8522
f 8519 8522 8521
f 8518 8520 8523
f 8520 8524 8523
f 8520 8521 8524
f 8523 8524 8525
f 8050 8052 8526
f 8052 8527 8526
f 8052 8055 8527
f 8526 8527 8528
f 8055 8529 8527
f 8529 8530 8527
f 8529 8531 8530
f 8527 8530 8528
f 8055 8062 8529
f 8062 8532 8529
f 8062 8064 8532
f 8529 8532 8531
f 8528 8530 8533
f 8530 8534 8533
f 8530 8531 8534
f 8533 8534 8535
f 8064 8536 8532
f 8536 8537 8532
f 8536 8538 8537
f 8532 8537 8531
f 8538 8539 8537
f 8539 8540 8537
f 8539 8541 8540
f 8537 8540 8531
f 8538 8542 8539
f 8542 8543 8539
f 8542 8544 8543
f 8539 8543 8541
f 8531 8540 8534
f 8540 8545 8534
f 8540 8541 8545
f 8534 8545 8535
f 8064 8085 8536
f 8085 8546 8536
f 8085 8087 8546
f 8536 8546 8538
f 8087 8547 8546
f 8547 8548 8546
f 8547 8549 8548
f 8546 8548 8538
f 8087 8092 8547
f 8092 8550 8547
f 8092 8094 8550
f 8547 8550 8549
f 8538 8548 8542
f 8548 8551 8542
f 8548 8549 8551
f 8542 8551 8544
f 8535 8545 8552
f 8545 8553 8552
f 8545 8541 8553
f 8552 8553 8554
f 8541 8555 8553
f 8555 8556 8553
f 8555 8557 8556
f 8553 8556 8554
f 8541 8543 8555
f 8543 8558 8555
f 8543 8544 8558
f 8555 8558 8557
f 8554 8556 8559
f 8556 8560 8559
f 8556 8557 8560
f 8559 8560 8561
f 7839 8562 7840
f 8562 8563 7840
f 8562 8564 8563
f 7840 8563 7843
f 8564 8565 8563
f 8565 8566 8563
f 8565 8567 8566
f 8563 8566 7843
f 8564 8568 8565
f 8568 8569 8565
f 8568 8570 8569
f 8565 8569 8567
f 7843 8566 7848
f 8566 8571 7848
f 8566 8567 8571
f 7848 8571 7850
f 8570 8572 8569
f 8572 8573 8569
f 8572 8574 8573
f 8569 8573 8567
f 8574 8575 8573
f 8575 8576 8573
f 8575 8577 8576
f 8573 8576 8567
f 8574 8578 8575
f 8578 8579 8575
f 8578 8580 8579
f 8575 8579 8577
f 8567 8576 8571
f 8576 8581 8571
f 8576 8577 8581
f 8571 8581 7850
f 8570 8582 8572
f 8582 8583 8572
f 8582 8584 8583
f 8572 8583 8574
f 8584 8585 8583
f 8585 8586 8583
f 8585 8587 8586
f 8583 8586 8574
f 8584 8588 8585
f 8588 8589 8585
f 8588 8366 8589
f 8585 8589 8587
f 8574 8586 8578
f 8586 8590 8578
f 8586 8587 8590
f 8578 8590 8580
f 7850 8581 7864
f 8581 8591 7864
f 8581 8577 8591
f 7864 8591 7866
f 8577 8592 8591
f 8592 8593 8591
f 8592 8594 8593
f 8591 8593 7866
f 8577 8579 8592
f 8579 8595 8592
f 8579 8580 8595
f 8592 8595 8594
f 7866 8593 7870
f 8593 8596 7870
f 8593 8594 8596
f 7870 8596 7872
f 8597 8598 8599
f 8598 8600 8599
f 8598 8601 8600
f 8599 8600 8602
f 8601 8603 8600
f 8603 8604 8600
f 8603 8605 8604
f 8600 8604 8602
f 8601 8606 8603
f 8606 8607 8603
f 8606 8608 8607
f 8603 8607 8605
f 8602 8604 8609
f 8604 8610 8609
f 8604 8605 8610
f 8609 8610 8611
f 8608 8612 8607
f 8612 8613 8607
f 8612 8614 8613
f 8607 8613 8605
f 8614 8615 8613
f 8615 8616 8613
f 8615 8617 8616
f 8613 8616 8605
f 8614 8618 8615
f 8618 8619 8615
f 8618 8620 8619
f 8615 8619 8617
f 8605 8616 8610
f 8616 8621 8610
f 8616 8617 8621
f 8610 8621 8611
f 8608 8622 8612
f 8622 8623 8612
f 8622 8624 8623
f 8612 8623 8614
f 8624 8625 8623
f 8625 8626 8623
f 8625 8627 8626
f 8623 8626 8614
f 8624 8628 8625
f 8628 8629 8625
f 8628 8630 8629
f 8625 8629 8627
f 8614 8626 8618
f 8626 8631 8618
f 8626 8627 8631
f 8618 8631 8620
f 8611 8621 8632
f 8621 8633 8632
f 8621 8617 8633
f 8632 8633 8634
f 8617 8635 8633
f 8635 8636 8633
f 8635 8637 8636
f 8633 8636 8634
f 8617 8619 8635
f 8619 8638 8635
f 8619 8620 8638
f 8635 8638 8637
f 8634 8636 8639
f 8636 8640 8639
f 8636 8637 8640
f 8639 8640 8641
f 8642 8643 8644
f 8643 8645 8644
f 8643 8646 8645
f 8644 8645 8647
f 8646 8648 8645
f 8648 8649 8645
f 8648 8650 8649
f 8645 8649 8647
f 8646 8651 8648
f 8651 8652 8648
f 8651 8653 8652
f 8648 8652 8650
f 8647 8649 8654
f 8649 8655 8654
f 8649 8650 8655
f 8654 8655 8656
f 8653 8657 8652
f 8657 8658 8652
f 8657 8659 8658
f 8652 8658 8650
f 8659 8660 8658
f 8660 8661 8658
f 8660 8662 8661
f 8658 8661 8650
f 8659 8663 8660
f 8663 8664 8660
f 8663 8665 8664
f 8660 8664 8662
f 8650 8661 8655
f 8661 8666 8655
f 8661 8662 8666
f 8655 8666 8656
f 8653 8667 8657
f 8667 8668 8657
f 8667 8669 8668
f 8657 8668 8659
f 8669 8670 8668
f 8670 8671 8668
f 8670 8672 8671
f 8668 8671 8659
f 8669 8673 8670
f 8673 8674 8670
f 8673 8675 8674
f 8670 8674 8672
f 8659 8671 8663
f 8671 8676 8663
f 8671 8672 8676
f 8663 8676 8665
f 8656 8666 8677
f 8666 8678 8677
f 8666 8662 8678
f 8677 8678 8679
f 8662 8680 8678
f 8680 8681 8678
f 8680 8682 8681
f 8678 8681 8679
f 8662 8664 8680
f 8664 8683 8680
f 8664 8665 8683
f 8680 8683 8682
f 8679 8681 8684
f 8681 8685 8684
f 8681 8682 8685
f 8684 8685 1046
f 7714 8686 7715
f 8686 8687 7715
f 8686 8688 8687
f 7715 8687 7718
f 8688 8689 8687
f 8689 8690 8687
f 8689 8691 8690
f 8687 8690 7718
f 8688 8692 8689
f 8692 8693 8689
f 8692 8694 8693
f 8689 8693 8691
f 7718 8690 7723
f 8690 8695 7723
f 8690 8691 8695
f 7723 8695 7725
f 8694 8696 8693
f 8696 8697 8693
f 8696 8698 8697
f 8693 8697 8691
f 8698 8699 8697
f 8699 8700 8697
f 8699 8701 8700
f 8697 8700 8691
f 8698 8702 8699
f 8702 8703 8699
f 8702 8704 8703
f 8699 8703 8701
f 8691 8700 8695
f 8700 8705 8695
f 8700 8701 8705
f 8695 8705 7725
f 8694 8706 8696
f 8706 8707 8696
f 8706 8708 8707
f 8696 8707 8698
f 8708 8709 8707
f 8709 8710 8707
f 8709 8711 8710
f 8707 8710 8698
f 8708 8712 8709
f 8712 8713 8709
f 8712 8435 8713
f 8709 8713 8711
f 8698 8710 8702
f 8710 8714 8702
f 8710 8711 8714
f 8702 8714 8704
f 7725 8705 7739
f 8705 8715 7739
f 8705 8701 8715
f 7739 8715 7741
f 8701 8716 8715
f 8716 8717 8715
f 8716 8718 8717
f 8715 8717 7741
f 8701 8703 8716
f 8703 8719 8716
f 8703 8704 8719
f 8716 8719 8718
f 7741 8717 7745
f 8717 8720 7745
f 8717 8718 8720
f 7745 8720 7747
f 7839 8721 8562
f 8721 8722 8562
f 8721 8723 8722
f 8562 8722 8564
f 8723 8724 8722
f 8724 8725 8722
f 8724 8726 8725
f 8722 8725 8564
f 8723 8727 8724
f 8727 8728 8724
f 8727 8729 8728
f 8724 8728 8726
f 8564 8725 8568
f 8725 8730 8568
f 8725 8726 8730
f 8568 8730 8570
f 8729 8731 8728
f 8731 8732 8728
f 8731 8733 8732
f 8728 8732 8726
f 8733 8734 8732
f 8734 8735 8732
f 8734 8736 8735
f 8732 8735 8726
f 8733 8737 8734
f 8737 8738 8734
f 8737 8739 8738
f 8734 8738 8736
f 8726 8735 8730
f 8735 8740 8730
f 8735 8736 8740
f 8730 8740 8570
f 8729 8741 8731
f 8741 8742 8731
f 8741 8743 8742
f 8731 8742 8733
f 8743 8744 8742
f 8744 8745 8742
f 8744 8746 8745
f 8742 8745 8733
f 8743 8747 8744
f 8747 8748 8744
f 8747 8749 8748
f 8744 8748 8746
f 8733 8745 8737
f 8745 8750 8737
f 8745 8746 8750
f 8737 8750 8739
f 8570 8740 8582
f 8740 8751 8582
f 8740 8736 8751
f 8582 8751 8584
f 8736 8752 8751
f 8752 8753 8751
f 8752 8754 8753
f 8751 8753 8584
f 8736 8738 8752
f 8738 8755 8752
f 8738 8739 8755
f 8752 8755 8754
f 8584 8753 8588
f 8753 8756 8588
f 8753 8754 8756
f 8588 8756 8366
f 8050 8757 8758
f 8757 8759 8758
f 8757 8760 8759
f 8758 8759 8761
f 8760 8762 8759
f 8762 8763 8759
f 8762 8764 8763
f 8759 8763 8761
f 8760 8765 8762
f 8765 8766 8762
f 8765 8767 8766
f 8762 8766 8764
f 8761 8763 8768
f 8763 8769 8768
f 8763 8764 8769
f 8768 8769 8770
f 8767 8771 8766
f 8771 8772 8766
f 8771 8773 8772
f 8766 8772 8764
f 8773 8774 8772
f 8774 8775 8772
f 8774 8776 8775
f 8772 8775 8764
f 8773 8777 8774
f 8777 8778 8774
f 8777 8496 8778
f 8774 8778 8776
f 8764 8775 8769
f 8775 8779 8769
f 8775 8776 8779
f 8769 8779 8770
f 8767 8780 8771
f 8780 8781 8771
f 8780 8782 8781
f 8771 8781 8773
f 8782 8783 8781
f 8783 8784 8781
f 8783 8487 8784
f 8781 8784 8773
f 8782 8785 8783
f 8785 8484 8783
f 8785 8482 8484
f 8783 8484 8487
f 8773 8784 8777
f 8784 8494 8777
f 8784 8487 8494
f 8777 8494 8496
f 8770 8779 8786
f 8779 8787 8786
f 8779 8776 8787
f 8786 8787 8788
f 8776 8789 8787
f 8789 8790 8787
f 8789 8518 8790
f 8787 8790 8788
f 8776 8778 8789
f 8778 8516 8789
f 8778 8496 8516
f 8789 8516 8518
f 8788 8790 8791
f 8790 8523 8791
f 8790 8518 8523
f 8791 8523 8525
f 8792 8793 8794
f 8793 8795 8794
f 8793 8796 8795
f 8794 8795 8797
f 8796 8798 8795
f 8798 8799 8795
f 8798 8800 8799
f 8795 8799 8797
f 8796 8801 8798
f 8801 8802 8798
f 8801 8803 8802
f 8798 8802 8800
f 8797 8799 8804
f 8799 8805 8804
f 8799 8800 8805
f 8804 8805 8806
f 8803 8807 8802
f 8807 8808 8802
f 8807 8809 8808
f 8802 8808 8800
f 8809 8810 8808
f 8810 8811 8808
f 8810 8812 8811
f 8808 8811 8800
f 8809 8813 8810
f 8813 8814 8810
f 8813 8815 8814
f 8810 8814 8812
f 8800 8811 8805
f 8811 8816 8805
f 8811 8812 8816
f 8805 8816 8806
f 8803 8817 8807
f 8817 8818 8807
f 8817 8819 8818
f 8807 8818 8809
f 8819 8820 8818
f 8820 8821 8818
f 8820 8822 8821
f 8818 8821 8809
f 8819 8823 8820
f 8823 8824 8820
f 8823 8825 8824
f 8820 8824 8822
f 8809 8821 8813
f 8821 8826 8813
f 8821 8822 8826
f 8813 8826 8815
f 8806 8816 8827
f 8816 8828 8827
f 8816 8812 8828
f 8827 8828 8829
f 8812 8830 8828
f 8830 8831 8828
f 8830 8832 8831
f 8828 8831 8829
f 8812 8814 8830
f 8814 8833 8830
f 8814 8815 8833
f 8830 8833 8832
f 8829 8831 8834
f 8831 8835 8834
f 8831 8832 8835
f 8834 8835 8836
f 8123 8837 8122
f 8837 8838 8122
f 8837 8839 8838
f 8122 8838 8120
f 8839 8840 8838
f 8840 8841 8838
f 8840 8842 8841
f 8838 8841 8120
f 8839 8843 8840
f 8843 8844 8840
f 8843 8845 8844
f 8840 8844 8842
f 8120 8841 8124
f 8841 8846 8124
f 8841 8842 8846
f 8124 8846 8113
f 8845 8847 8844
f 8847 8848 8844
f 8847 8849 8848
f 8844 8848 8842
f 8849 8850 8848
f 8850 8851 8848
f 8850 8852 8851
f 8848 8851 8842
f 8849 8853 8850
f 8853 8854 8850
f 8853 8855 8854
f 8850 8854 8852
f 8842 8851 8846
f 8851 8856 8846
f 8851 8852 8856
f 8846 8856 8113
f 8845 8857 8847
f 8857 8858 8847
f 8857 8859 8858
f 8847 8858 8849
f 8859 8860 8858
f 8860 8861 8858
f 8860 8862 8861
f 8858 8861 8849
f 8859 8863 8860
f 8863 8864 8860
f 8863 8641 8864
f 8860 8864 8862
f 8849 8861 8853
f 8861 8865 8853
f 8861 8862 8865
f 8853 8865 8855
f 8113 8856 8129
f 8856 8866 8129
f 8856 8852 8866
f 8129 8866 8128
f 8852 8867 8866
f 8867 8868 8866
f 8867 8869 8868
f 8866 8868 8128
f 8852 8854 8867
f 8854 8870 8867
f 8854 8855 8870
f 8867 8870 8869
f 8128 8868 8130
f 8868 8871 8130
f 8868 8869 8871
f 8130 8871 7670
f 2015 8872 8873
f 8872 8874 8873
f 8872 8875 8874
f 8873 8874 8876
f 8875 8877 8874
f 8877 8878 8874
f 8877 8879 8878
f 8874 8878 8876
f 8875 8880 8877
f 8880 8881 8877
f 8880 8882 8881
f 8877 8881 8879
f 8876 8878 8883
f 8878 8884 8883
f 8878 8879 8884
f 8883 8884 8885
f 8882 8886 8881
f 8886 8887 8881
f 8886 8888 8887
f 8881 8887 8879
f 8888 8889 8887
f 8889 8890 8887
f 8889 8891 8890
f 8887 8890 8879
f 8888 8892 8889
f 8892 8893 8889
f 8892 8894 8893
f 8889 8893 8891
f 8879 8890 8884
f 8890 8895 8884
f 8890 8891 8895
f 8884 8895 8885
f 8882 8896 8886
f 8896 8897 8886
f 8896 8898 8897
f 8886 8897 8888
f 8898 8899 8897
f 8899 8900 8897
f 8899 8901 8900
f 8897 8900 8888
f 8898 8902 8899
f 8902 8903 8899
f 8902 8904 8903
f 8899 8903 8901
f 8888 8900 8892
f 8900 8905 8892
f 8900 8901 8905
f 8892 8905 8894
f 8885 8895 8906
f 8895 8907 8906
f 8895 8891 8907
f 8906 8907 8908
f 8891 8909 8907
f 8909 8910 8907
f 8909 8911 8910
f 8907 8910 8908
f 8891 8893 8909
f 8893 8912 8909
f 8893 8894 8912
f 8909 8912 8911
f 8908 8910 8913
f 8910 8914 8913
f 8910 8911 8914
f 8913 8914 7996
f 6498 8049 8915
f 8049 8916 8915
f 8049 8046 8916
f 8915 8916 8917
f 8046 8918 8916
f 8918 8919 8916
f 8918 8920 8919
f 8916 8919 8917
f 8046 8047 8918
f 8047 8921 8918
f 8047 8029 8921
f 8918 8921 8920
f 8917 8919 8922
f 8919 8923 8922
f 8919 8920 8923
f 8922 8923 8924
f 8029 8925 8921
f 8925 8926 8921
f 8925 8927 8926
f 8921 8926 8920
f 8927 8928 8926
f 8928 8929 8926
f 8928 8930 8929
f 8926 8929 8920
f 8927 8931 8928
f 8931 8932 8928
f 8931 8933 8932
f 8928 8932 8930
f 8920 8929 8923
f 8929 8934 8923
f 8929 8930 8934
f 8923 8934 8924
f 8029 8040 8925
f 8040 8935 8925
f 8040 8036 8935
f 8925 8935 8927
f 8036 8936 8935
f 8936 8937 8935
f 8936 8938 8937
f 8935 8937 8927
f 8036 8038 8936
f 8038 8939 8936
f 8038 8039 8939
f 8936 8939 8938
f 8927 8937 8931
f 8937 8940 8931
f 8937 8938 8940
f 8931 8940 8933
f 8924 8934 8941
f 8934 8942 8941
f 8934 8930 8942
f 8941 8942 8943
f 8930 8944 8942
f 8944 8945 8942
f 8944 8946 8945
f 8942 8945 8943
f 8930 8932 8944
f 8932 8947 8944
f 8932 8933 8947
f 8944 8947 8946
f 8943 8945 8948
f 8945 8949 8948
f 8945 8946 8949
f 8948 8949 7839
f 7996 8914 8950
f 8914 8951 8950
f 8914 8911 8951
f 8950 8951 8952
f 8911 8953 8951
f 8953 8954 8951
f 8953 8955 8954
f 8951 8954 8952
f 8911 8912 8953
f 8912 8956 8953
f 8912 8894 8956
f 8953 8956 8955
f 8952 8954 8957
f 8954 8958 8957
f 8954 8955 8958
f 8957 8958 8959
f 8894 8960 8956
f 8960 8961 8956
f 8960 8962 8961
f 8956 8961 8955
f 8962 8963 8961
f 8963 8964 8961
f 8963 8965 8964
f 8961 8964 8955
f 8962 8966 8963
f 8966 8967 8963
f 8966 8968 8967
f 8963 8967 8965
f 8955 8964 8958
f 8964 8969 8958
f 8964 8965 8969
f 8958 8969 8959
f 8894 8905 8960
f 8905 8970 8960
f 8905 8901 8970
f 8960 8970 8962
f 8901 8971 8970
f 8971 8972 8970
f 8971 8973 8972
f 8970 8972 8962
f 8901 8903 8971
f 8903 8974 8971
f 8903 8904 8974
f 8971 8974 8973
f 8962 8972 8966
f 8972 8975 8966
f 8972 8973 8975
f 8966 8975 8968
f 8959 8969 8976
f 8969 8977 8976
f 8969 8965 8977
f 8976 8977 8978
f 8965 8979 8977
f 8979 8980 8977
f 8979 8981 8980
f 8977 8980 8978
f 8965 8967 8979
f 8967 8982 8979
f 8967 8968 8982
f 8979 8982 8981
f 8978 8980 8983
f 8980 8984 8983
f 8980 8981 8984
f 8983 8984 8985
f 135 7713 7837
f 7713 8986 7837
f 7713 7710 8986
f 7837 8986 7832
f 7710 8987 8986
f 8987 8988 8986
f 8987 8989 8988
f 8986 8988 7832
f 7710 7711 8987
f 7711 8990 8987
f 7711 7693 8990
f 8987 8990 8989
f 7832 8988 7830
f 8988 8991 7830
f 8988 8989 8991
f 7830 8991 7809
f 7693 8992 8990
f 8992 8993 8990
f 8992 8994 8993
f 8990 8993 8989
f 8994 8995 8993
f 8995 8996 8993
f 8995 8997 8996
f 8993 8996 8989
f 8994 8998 8995
f 8998 8999 8995
f 8998 9000 8999
f 8995 8999 8997
f 8989 8996 8991
f 8996 9001 8991
f 8996 8997 9001
f 8991 9001 7809
f 7693 7704 8992
f 7704 9002 8992
f 7704 7700 9002
f 8992 9002 8994
f 7700 9003 9002
f 9003 9004 9002
f 9003 9005 9004
f 9002 9004 8994
f 7700 7702 9003
f 7702 9006 9003
f 7702 7703 9006
f 9003 9006 9005
f 8994 9004 8998
f 9004 9007 8998
f 9004 9005 9007
f 8998 9007 9000
f 7809 9001 7807
f 9001 9008 7807
f 9001 8997 9008
f 7807 9008 7800
f 8997 9009 9008
f 9009 9010 9008
f 9009 9011 9010
f 9008 9010 7800
f 8997 8999 9009
f 8999 9012 9009
f 8999 9000 9012
f 9009 9012 9011
f 7800 9010 7797
f 9010 9013 7797
f 9010 9011 9013
f 7797 9013 7795
f 7927 7926 9014
f 7926 9015 9014
f 7926 7923 9015
f 9014 9015 9016
f 7923 9017 9015
f 9017 9018 9015
f 9017 9019 9018
f 9015 9018 9016
f 7923 7924 9017
f 7924 9020 9017
f 7924 7906 9020
f 9017 9020 9019
f 9016 9018 9021
f 9018 9022 9021
f 9018 9019 9022
f 9021 9022 9023
f 7906 9024 9020
f 9024 9025 9020
f 9024 9026 9025
f 9020 9025 9019
f 9026 9027 9025
f 9027 9028 9025
f 9027 9029 9028
f 9025 9028 9019
f 9026 9030 9027
f 9030 9031 9027
f 9030 9032 9031
f 9027 9031 9029
f 9019 9028 9022
f 9028 9033 9022
f 9028 9029 9033
f 9022 9033 9023
f 7906 7917 9024
f 7917 9034 9024
f 7917 7913 9034
f 9024 9034 9026
f 7913 9035 9034
f 9035 9036 9034
f 9035 9037 9036
f 9034 9036 9026
f 7913 7915 9035
f 7915 9038 9035
f 7915 7916 9038
f 9035 9038 9037
f 9026 9036 9030
f 9036 9039 9030
f 9036 9037 9039
f 9030 9039 9032
f 9023 9033 9040
f 9033 9041 9040
f 9033 9029 9041
f 9040 9041 9042
f 9029 9043 9041
f 9043 9044 9041
f 9043 9045 9044
f 9041 9044 9042
f 9029 9031 9043
f 9031 9046 9043
f 9031 9032 9046
f 9043 9046 9045
f 9042 9044 9047
f 9044 9048 9047
f 9044 9045 9048
f 9047 9048 9049
f 8641 9050 8864
f 9050 9051 8864
f 9050 9052 9051
f 8864 9051 8862
f 9052 9053 9051
f 9053 9054 9051
f 9053 9055 9054
f 9051 9054 8862
f 9052 9056 9053
f 9056 9057 9053
f 9056 9058 9057
f 9053 9057 9055
f 8862 9054 8865
f 9054 9059 8865
f 9054 9055 9059
f 8865 9059 8855
f 9058 9060 9057
f 9060 9061 9057
f 9060 9062 9061
f 9057 9061 9055
f 9062 9063 9061
f 9063 9064 9061
f 9063 9065 9064
f 9061 9064 9055
f 9062 9066 9063
f 9066 9067 9063
f 9066 9068 9067
f 9063 9067 9065
f 9055 9064 9059
f 9064 9069 9059
f 9064 9065 9069
f 9059 9069 8855
f 9058 9070 9060
f 9070 9071 9060
f 9070 9072 9071
f 9060 9071 9062
f 9072 9073 9071
f 9073 9074 9071
f 9073 9075 9074
f 9071 9074 9062
f 9072 9076 9073
f 9076 9077 9073
f 9076 9078 9077
f 9073 9077 9075
f 9062 9074 9066
f 9074 9079 9066
f 9074 9075 9079
f 9066 9079 9068
f 8855 9069 8870
f 9069 9080 8870
f 9069 9065 9080
f 8870 9080 8869
f 9065 9081 9080
f 9081 9082 9080
f 9081 9083 9082
f 9080 9082 8869
f 9065 9067 9081
f 9067 9084 9081
f 9067 9068 9084
f 9081 9084 9083
f 8869 9082 8871
f 9082 9085 8871
f 9082 9083 9085
f 8871 9085 7670
f 8792 9086 9087
f 9086 9088 9087
f 9086 9089 9088
f 9087 9088 9090
f 9089 9091 9088
f 9091 9092 9088
f 9091 9093 9092
f 9088 9092 9090
f 9089 9094 9091
f 9094 9095 9091
f 9094 9096 9095
f 9091 9095 9093
f 9090 9092 9097
f 9092 9098 9097
f 9092 9093 9098
f 9097 9098 9099
f 9096 9100 9095
f 9100 9101 9095
f 9100 9102 9101
f 9095 9101 9093
f 9102 9103 9101
f 9103 9104 9101
f 9103 9105 9104
f 9101 9104 9093
f 9102 9106 9103
f 9106 9107 9103
f 9106 9108 9107
f 9103 9107 9105
f 9093 9104 9098
f 9104 9109 9098
f 9104 9105 9109
f 9098 9109 9099
f 9096 9110 9100
f 9110 9111 9100
f 9110 9112 9111
f 9100 9111 9102
f 9112 9113 9111
f 9113 9114 9111
f 9113 9115 9114
f 9111 9114 9102
f 9112 9116 9113
f 9116 9117 9113
f 9116 9118 9117
f 9113 9117 9115
f 9102 9114 9106
f 9114 9119 9106
f 9114 9115 9119
f 9106 9119 9108
f 9099 9109 9120
f 9109 9121 9120
f 9109 9105 9121
f 9120 9121 9122
f 9105 9123 9121
f 9123 9124 9121
f 9123 9125 9124
f 9121 9124 9122
f 9105 9107 9123
f 9107 9126 9123
f 9107 9108 9126
f 9123 9126 9125
f 9122 9124 9127
f 9124 9128 9127
f 9124 9125 9128
f 9127 9128 9129
f 8094 8265 9130
f 8265 9131 9130
f 8265 8263 9131
f 9130 9131 9132
f 8263 9133 9131
f 9133 9134 9131
f 9133 9135 9134
f 9131 9134 9132
f 8263 8264 9133
f 8264 9136 9133
f 8264 8252 9136
f 9133 9136 9135
f 9132 9134 9137
f 9134 9138 9137
f 9134 9135 9138
f 9137 9138 9139
f 8252 9140 9136
f 9140 9141 9136
f 9140 9142 9141
f 9136 9141 9135
f 9142 9143 9141
f 9143 9144 9141
f 9143 9145 9144
f 9141 9144 9135
f 9142 9146 9143
f 9146 9147 9143
f 9146 9148 9147
f 9143 9147 9145
f 9135 9144 9138
f 9144 9149 9138
f 9144 9145 9149
f 9138 9149 9139
f 8252 8259 9140
f 8259 9150 9140
f 8259 8257 9150
f 9140 9150 9142
f 8257 9151 9150
f 9151 9152 9150
f 9151 9153 9152
f 9150 9152 9142
f 8257 8258 9151
f 8258 9154 9151
f 8258 8227 9154
f 9151 9154 9153
f 9142 9152 9146
f 9152 9155 9146
f 9152 9153 9155
f 9146 9155 9148
f 9139 9149 9156
f 9149 9157 9156
f 9149 9145 9157
f 9156 9157 9158
f 9145 9159 9157
f 9159 9160 9157
f 9159 9161 9160
f 9157 9160 9158
f 9145 9147 9159
f 9147 9162 9159
f 9147 9148 9162
f 9159 9162 9161
f 9158 9160 9163
f 9160 9164 9163
f 9160 9161 9164
f 9163 9164 8630
f 7872 8596 8334
f 8596 9165 8334
f 8596 8594 9165
f 8334 9165 8332
f 8594 9166 9165
f 9166 9167 9165
f 9166 9168 9167
f 9165 9167 8332
f 8594 8595 9166
f 8595 9169 9166
f 8595 8580 9169
f 9166 9169 9168
f 8332 9167 8335
f 9167 9170 8335
f 9167 9168 9170
f 8335 9170 8325
f 8580 9171 9169
f 9171 9172 9169
f 9171 9173 9172
f 9169 9172 9168
f 9173 9174 9172
f 9174 9175 9172
f 9174 9176 9175
f 9172 9175 9168
f 9173 9177 9174
f 9177 9178 9174
f 9177 8380 9178
f 9174 9178 9176
f 9168 9175 9170
f 9175 9179 9170
f 9175 9176 9179
f 9170 9179 8325
f 8580 8590 9171
f 8590 9180 9171
f 8590 8587 9180
f 9171 9180 9173
f 8587 9181 9180
f 9181 9182 9180
f 9181 8371 9182
f 9180 9182 9173
f 8587 8589 9181
f 8589 8368 9181
f 8589 8366 8368
f 9181 8368 8371
f 9173 9182 9177
f 9182 8378 9177
f 9182 8371 8378
f 9177 8378 8380
f 8325 9179 8342
f 9179 9183 8342
f 9179 9176 9183
f 8342 9183 8341
f 9176 9184 9183
f 9184 9185 9183
f 9184 8398 9185
f 9183 9185 8341
f 9176 9178 9184
f 9178 8396 9184
f 9178 8380 8396
f 9184 8396 8398
f 8341 9185 8344
f 9185 8401 8344
f 9185 8398 8401
f 8344 8401 8194
f 8446 9186 8447
f 9186 9187 8447
f 9186 9188 9187
f 8447 9187 8450
f 9188 9189 9187
f 9189 9190 9187
f 9189 9191 9190
f 9187 9190 8450
f 9188 9192 9189
f 9192 9193 9189
f 9192 9194 9193
f 9189 9193 9191
f 8450 9190 8455
f 9190 9195 8455
f 9190 9191 9195
f 8455 9195 8457
f 9194 9196 9193
f 9196 9197 9193
f 9196 9198 9197
f 9193 9197 9191
f 9198 9199 9197
f 9199 9200 9197
f 9199 9201 9200
f 9197 9200 9191
f 9198 9202 9199
f 9202 9203 9199
f 9202 8316 9203
f 9199 9203 9201
f 9191 9200 9195
f 9200 9204 9195
f 9200 9201 9204
f 9195 9204 8457
f 9194 9205 9196
f 9205 9206 9196
f 9205 9207 9206
f 9196 9206 9198
f 9207 9208 9206
f 9208 9209 9206
f 9208 8307 9209
f 9206 9209 9198
f 9207 9210 9208
f 9210 8304 9208
f 9210 8302 8304
f 9208 8304 8307
f 9198 9209 9202
f 9209 8314 9202
f 9209 8307 8314
f 9202 8314 8316
f 8457 9204 8470
f 9204 9211 8470
f 9204 9201 9211
f 8470 9211 8472
f 9201 9212 9211
f 9212 9213 9211
f 9212 8338 9213
f 9211 9213 8472
f 9201 9203 9212
f 9203 8336 9212
f 9203 8316 8336
f 9212 8336 8338
f 8472 9213 8475
f 9213 8343 8475
f 9213 8338 8343
f 8475 8343 8194
f 9214 9215 9216
f 9215 9217 9216
f 9215 9218 9217
f 9216 9217 9219
f 9218 9220 9217
f 9220 9221 9217
f 9220 9222 9221
f 9217 9221 9219
f 9218 9223 9220
f 9223 9224 9220
f 9223 9225 9224
f 9220 9224 9222
f 9219 9221 9226
f 9221 9227 9226
f 9221 9222 9227
f 9226 9227 9228
f 9225 9229 9224
f 9229 9230 9224
f 9229 9231 9230
f 9224 9230 9222
f 9231 9232 9230
f 9232 9233 9230
f 9232 9234 9233
f 9230 9233 9222
f 9231 9235 9232
f 9235 9236 9232
f 9235 9237 9236
f 9232 9236 9234
f 9222 9233 9227
f 9233 9238 9227
f 9233 9234 9238
f 9227 9238 9228
f 9225 9239 9229
f 9239 9240 9229
f 9239 9241 9240
f 9229 9240 9231
f 9241 9242 9240
f 9242 9243 9240
f 9242 9244 9243
f 9240 9243 9231
f 9241 9245 9242
f 9245 9246 9242
f 9245 9247 9246
f 9242 9246 9244
f 9231 9243 9235
f 9243 9248 9235
f 9243 9244 9248
f 9235 9248 9237
f 9228 9238 9249
f 9238 9250 9249
f 9238 9234 9250
f 9249 9250 9251
f 9234 9252 9250
f 9252 9253 9250
f 9252 9254 9253
f 9250 9253 9251
f 9234 9236 9252
f 9236 9255 9252
f 9236 9237 9255
f 9252 9255 9254
f 9251 9253 9256
f 9253 9257 9256
f 9253 9254 9257
f 9256 9257 8630
f 8836 9258 8834
f 9258 9259 8834
f 9258 9260 9259
f 8834 9259 8829
f 9260 9261 9259
f 9261 9262 9259
f 9261 9263 9262
f 9259 9262 8829
f 9260 9264 9261
f 9264 9265 9261
f 9264 9266 9265
f 9261 9265 9263
f 8829 9262 8827
f 9262 9267 8827
f 9262 9263 9267
f 8827 9267 8806
f 9266 9268 9265
f 9268 9269 9265
f 9268 9270 9269
f 9265 9269 9263
f 9270 9271 9269
f 9271 9272 9269
f 9271 9273 9272
f 9269 9272 9263
f 9270 9274 9271
f 9274 9275 9271
f 9274 9096 9275
f 9271 9275 9273
f 9263 9272 9267
f 9272 9276 9267
f 9272 9273 9276
f 9267 9276 8806
f 9266 9277 9268
f 9277 9278 9268
f 9277 9279 9278
f 9268 9278 9270
f 9279 9280 9278
f 9280 9281 9278
f 9280 9112 9281
f 9278 9281 9270
f 9279 9282 9280
f 9282 9116 9280
f 9282 9118 9116
f 9280 9116 9112
f 9270 9281 9274
f 9281 9110 9274
f 9281 9112 9110
f 9274 9110 9096
f 8806 9276 8804
f 9276 9283 8804
f 9276 9273 9283
f 8804 9283 8797
f 9273 9284 9283
f 9284 9285 9283
f 9284 9089 9285
f 9283 9285 8797
f 9273 9275 9284
f 9275 9094 9284
f 9275 9096 9094
f 9284 9094 9089
f 8797 9285 8794
f 9285 9086 8794
f 9285 9089 9086
f 8794 9086 8792
f 7956 9286 7955
f 9286 9287 7955
f 9286 9288 9287
f 7955 9287 7953
f 9288 9289 9287
f 9289 9290 9287
f 9289 9291 9290
f 9287 9290 7953
f 9288 9292 9289
f 9292 9293 9289
f 9292 9294 9293
f 9289 9293 9291
f 7953 9290 7957
f 9290 9295 7957
f 9290 9291 9295
f 7957 9295 7946
f 9294 9296 9293
f 9296 9297 9293
f 9296 9298 9297
f 9293 9297 9291
f 9298 9299 9297
f 9299 9300 9297
f 9299 9301 9300
f 9297 9300 9291
f 9298 9302 9299
f 9302 9303 9299
f 9302 9304 9303
f 9299 9303 9301
f 9291 9300 9295
f 9300 9305 9295
f 9300 9301 9305
f 9295 9305 7946
f 9294 9306 9296
f 9306 9307 9296
f 9306 9308 9307
f 9296 9307 9298
f 9308 9309 9307
f 9309 9310 9307
f 9309 9311 9310
f 9307 9310 9298
f 9308 9312 9309
f 9312 9313 9309
f 9312 9314 9313
f 9309 9313 9311
f 9298 9310 9302
f 9310 9315 9302
f 9310 9311 9315
f 9302 9315 9304
f 7946 9305 7962
f 9305 9316 7962
f 9305 9301 9316
f 7962 9316 7961
f 9301 9317 9316
f 9317 9318 9316
f 9317 9319 9318
f 9316 9318 7961
f 9301 9303 9317
f 9303 9320 9317
f 9303 9304 9320
f 9317 9320 9319
f 7961 9318 7963
f 9318 9321 7963
f 9318 9319 9321
f 7963 9321 2794
f 8597 9322 8598
f 9322 9323 8598
f 9322 9324 9323
f 8598 9323 8601
f 9324 9325 9323
f 9325 9326 9323
f 9325 9327 9326
f 9323 9326 8601
f 9324 9328 9325
f 9328 9329 9325
f 9328 9330 9329
f 9325 9329 9327
f 8601 9326 8606
f 9326 9331 8606
f 9326 9327 9331
f 8606 9331 8608
f 9330 9332 9329
f 9332 9333 9329
f 9332 9334 9333
f 9329 9333 9327
f 9334 9335 9333
f 9335 9336 9333
f 9335 9337 9336
f 9333 9336 9327
f 9334 9338 9335
f 9338 9339 9335
f 9338 9139 9339
f 9335 9339 9337
f 9327 9336 9331
f 9336 9340 9331
f 9336 9337 9340
f 9331 9340 8608
f 9330 9341 9332
f 9341 9342 9332
f 9341 9343 9342
f 9332 9342 9334
f 9343 9344 9342
f 9344 9345 9342
f 9344 9132 9345
f 9342 9345 9334
f 9343 9346 9344
f 9346 9130 9344
f 9346 8094 9130
f 9344 9130 9132
f 9334 9345 9338
f 9345 9137 9338
f 9345 9132 9137
f 9338 9137 9139
f 8608 9340 8622
f 9340 9347 8622
f 9340 9337 9347
f 8622 9347 8624
f 9337 9348 9347
f 9348 9349 9347
f 9348 9158 9349
f 9347 9349 8624
f 9337 9339 9348
f 9339 9156 9348
f 9339 9139 9156
f 9348 9156 9158
f 8624 9349 8628
f 9349 9163 8628
f 9349 9158 9163
f 8628 9163 8630
f 9078 9350 9077
f 9350 9351 9077
f 9350 9352 9351
f 9077 9351 9075
f 9352 9353 9351
f 9353 9354 9351
f 9353 9355 9354
f 9351 9354 9075
f 9352 9356 9353
f 9356 9357 9353
f 9356 9358 9357
f 9353 9357 9355
f 9075 9354 9079
f 9354 9359 9079
f 9354 9355 9359
f 9079 9359 9068
f 9358 9360 9357
f 9360 9361 9357
f 9360 9362 9361
f 9357 9361 9355
f 9362 9363 9361
f 9363 9364 9361
f 9363 9365 9364
f 9361 9364 9355
f 9362 9366 9363
f 9366 9367 9363
f 9366 7681 9367
f 9363 9367 9365
f 9355 9364 9359
f 9364 9368 9359
f 9364 9365 9368
f 9359 9368 9068
f 9358 9369 9360
f 9369 9370 9360
f 9369 9371 9370
f 9360 9370 9362
f 9371 9372 9370
f 9372 9373 9370
f 9372 7697 9373
f 9370 9373 9362
f 9371 9374 9372
f 9374 7701 9372
f 9374 7703 7701
f 9372 7701 7697
f 9362 9373 9366
f 9373 7695 9366
f 9373 7697 7695
f 9366 7695 7681
f 9068 9368 9084
f 9368 9375 9084
f 9368 9365 9375
f 9084 9375 9083
f 9365 9376 9375
f 9376 9377 9375
f 9376 7674 9377
f 9375 9377 9083
f 9365 9367 9376
f 9367 7679 9376
f 9367 7681 7679
f 9376 7679 7674
f 9083 9377 9085
f 9377 7671 9085
f 9377 7674 7671
f 9085 7671 7670
f 2650 9378 9379
f 9378 9380 9379
f 9378 9381 9380
f 9379 9380 9382
f 9381 9383 9380
f 9383 9384 9380
f 9383 9385 9384
f 9380 9384 9382
f 9381 9386 9383
f 9386 9387 9383
f 9386 9388 9387
f 9383 9387 9385
f 9382 9384 9389
f 9384 9390 9389
f 9384 9385 9390
f 9389 9390 9391
f 9388 9392 9387
f 9392 9393 9387
f 9392 9394 9393
f 9387 9393 9385
f 9394 9395 9393
f 9395 9396 9393
f 9395 9397 9396
f 9393 9396 9385
f 9394 9398 9395
f 9398 9399 9395
f 9398 9400 9399
f 9395 9399 9397
f 9385 9396 9390
f 9396 9401 9390
f 9396 9397 9401
f 9390 9401 9391
f 9388 9402 9392
f 9402 9403 9392
f 9402 9404 9403
f 9392 9403 9394
f 9404 9405 9403
f 9405 9406 9403
f 9405 9407 9406
f 9403 9406 9394
f 9404 9408 9405
f 9408 9409 9405
f 9408 9410 9409
f 9405 9409 9407
f 9394 9406 9398
f 9406 9411 9398
f 9406 9407 9411
f 9398 9411 9400
f 9391 9401 9412
f 9401 9413 9412
f 9401 9397 9413
f 9412 9413 9414
f 9397 9415 9413
f 9415 9416 9413
f 9415 9417 9416
f 9413 9416 9414
f 9397 9399 9415
f 9399 9418 9415
f 9399 9400 9418
f 9415 9418 9417
f 9414 9416 9419
f 9416 9420 9419
f 9416 9417 9420
f 9419 9420 9421
f 9422 9423 9424
f 9423 9425 9424
f 9423 9426 9425
f 9424 9425 9427
f 9426 9428 9425
f 9428 9429 9425
f 9428 9430 9429
f 9425 9429 9427
f 9426 9431 9428
f 9431 9432 9428
f 9431 9433 9432
f 9428 9432 9430
f 9427 9429 9434
f 9429 9435 9434
f 9429 9430 9435
f 9434 9435 9436
f 9433 9437 9432
f 9437 9438 9432
f 9437 9439 9438
f 9432 9438 9430
f 9439 9440 9438
f 9440 9441 9438
f 9440 9442 9441
f 9438 9441 9430
f 9439 9443 9440
f 9443 9444 9440
f 9443 8535 9444
f 9440 9444 9442
f 9430 9441 9435
f 9441 9445 9435
f 9441 9442 9445
f 9435 9445 9436
f 9433 9446 9437
f 9446 9447 9437
f 9446 9448 9447
f 9437 9447 9439
f 9448 9449 9447
f 9449 9450 9447
f 9449 8528 9450
f 9447 9450 9439
f 9448 9451 9449
f 9451 8526 9449
f 9451 8050 8526
f 9449 8526 8528
f 9439 9450 9443
f 9450 8533 9443
f 9450 8528 8533
f 9443 8533 8535
f 9436 9445 9452
f 9445 9453 9452
f 9445 9442 9453
f 9452 9453 9454
f 9442 9455 9453
f 9455 9456 9453
f 9455 8554 9456
f 9453 9456 9454
f 9442 9444 9455
f 9444 8552 9455
f 9444 8535 8552
f 9455 8552 8554
f 9454 9456 9457
f 9456 8559 9457
f 9456 8554 8559
f 9457 8559 8561
f 8525 9458 9459
f 9458 9460 9459
f 9458 9461 9460
f 9459 9460 9462
f 9461 9463 9460
f 9463 9464 9460
f 9463 9465 9464
f 9460 9464 9462
f 9461 9466 9463
f 9466 9467 9463
f 9466 9468 9467
f 9463 9467 9465
f 9462 9464 9469
f 9464 9470 9469
f 9464 9465 9470
f 9469 9470 9471
f 9468 9472 9467
f 9472 9473 9467
f 9472 9474 9473
f 9467 9473 9465
f 9474 9475 9473
f 9475 9476 9473
f 9475 9477 9476
f 9473 9476 9465
f 9474 9478 9475
f 9478 9479 9475
f 9478 8460 9479
f 9475 9479 9477
f 9465 9476 9470
f 9476 9480 9470
f 9476 9477 9480
f 9470 9480 9471
f 9468 9481 9472
f 9481 9482 9472
f 9481 9483 9482
f 9472 9482 9474
f 9483 9484 9482
f 9484 9485 9482
f 9484 8451 9485
f 9482 9485 9474
f 9483 9486 9484
f 9486 8448 9484
f 9486 8446 8448
f 9484 8448 8451
f 9474 9485 9478
f 9485 8458 9478
f 9485 8451 8458
f 9478 8458 8460
f 9471 9480 9487
f 9480 9488 9487
f 9480 9477 9488
f 9487 9488 9489
f 9477 9490 9488
f 9490 9491 9488
f 9490 8478 9491
f 9488 9491 9489
f 9477 9479 9490
f 9479 8476 9490
f 9479 8460 8476
f 9490 8476 8478
f 9489 9491 9492
f 9491 8481 9492
f 9491 8478 8481
f 9492 8481 8083
f 1046 9493 8684
f 9493 9494 8684
f 9493 9495 9494
f 8684 9494 8679
f 9495 9496 9494
f 9496 9497 9494
f 9496 9498 9497
f 9494 9497 8679
f 9495 9499 9496
f 9499 9500 9496
f 9499 9501 9500
f 9496 9500 9498
f 8679 9497 8677
f 9497 9502 8677
f 9497 9498 9502
f 8677 9502 8656
f 9501 9503 9500
f 9503 9504 9500
f 9503 9505 9504
f 9500 9504 9498
f 9505 9506 9504
f 9506 9507 9504
f 9506 9508 9507
f 9504 9507 9498
f 9505 9509 9506
f 9509 9510 9506
f 9509 9511 9510
f 9506 9510 9508
f 9498 9507 9502
f 9507 9512 9502
f 9507 9508 9512
f 9502 9512 8656
f 9501 9513 9503
f 9513 9514 9503
f 9513 9515 9514
f 9503 9514 9505
f 9515 9516 9514
f 9516 9517 9514
f 9516 9518 9517
f 9514 9517 9505
f 9515 9519 9516
f 9519 9520 9516
f 9519 9521 9520
f 9516 9520 9518
f 9505 9517 9509
f 9517 9522 9509
f 9517 9518 9522
f 9509 9522 9511
f 8656 9512 8654
f 9512 9523 8654
f 9512 9508 9523
f 8654 9523 8647
f 9508 9524 9523
f 9524 9525 9523
f 9524 9526 9525
f 9523 9525 8647
f 9508 9510 9524
f 9510 9527 9524
f 9510 9511 9527
f 9524 9527 9526
f 8647 9525 8644
f 9525 9528 8644
f 9525 9526 9528
f 8644 9528 8642
f 9529 9530 9531
f 9530 9532 9531
f 9530 9533 9532
f 9531 9532 9534
f 9533 9535 9532
f 9535 9536 9532
f 9535 9537 9536
f 9532 9536 9534
f 9533 9538 9535
f 9538 9539 9535
f 9538 9540 9539
f 9535 9539 9537
f 9534 9536 9541
f 9536 9542 9541
f 9536 9537 9542
f 9541 9542 9543
f 9540 9544 9539
f 9544 9545 9539
f 9544 9546 9545
f 9539 9545 9537
f 9546 9547 9545
f 9547 9548 9545
f 9547 9549 9548
f 9545 9548 9537
f 9546 9550 9547
f 9550 9551 9547
f 9550 9552 9551
f 9547 9551 9549
f 9537 9548 9542
f 9548 9553 9542
f 9548 9549 9553
f 9542 9553 9543
f 9540 9554 9544
f 9554 9555 9544
f 9554 9556 9555
f 9544 9555 9546
f 9556 9557 9555
f 9557 9558 9555
f 9557 9559 9558
f 9555 9558 9546
f 9556 9560 9557
f 9560 9561 9557
f 9560 9562 9561
f 9557 9561 9559
f 9546 9558 9550
f 9558 9563 9550
f 9558 9559 9563
f 9550 9563 9552
f 9543 9553 9564
f 9553 9565 9564
f 9553 9549 9565
f 9564 9565 9566
f 9549 9567 9565
f 9567 9568 9565
f 9567 9569 9568
f 9565 9568 9566
f 9549 9551 9567
f 9551 9570 9567
f 9551 9552 9570
f 9567 9570 9569
f 9566 9568 9571
f 9568 9572 9571
f 9568 9569 9572
f 9571 9572 9573
f 45 8445 725
f 8445 9574 725
f 8445 8442 9574
f 725 9574 722
f 8442 9575 9574
f 9575 9576 9574
f 9575 9577 9576
f 9574 9576 722
f 8442 8443 9575
f 8443 9578 9575
f 8443 8425 9578
f 9575 9578 9577
f 722 9576 720
f 9576 9579 720
f 9576 9577 9579
f 720 9579 707
f 8425 9580 9578
f 9580 9581 9578
f 9580 9582 9581
f 9578 9581 9577
f 9582 9583 9581
f 9583 9584 9581
f 9583 9585 9584
f 9581 9584 9577
f 9582 9586 9583
f 9586 9587 9583
f 9586 9588 9587
f 9583 9587 9585
f 9577 9584 9579
f 9584 9589 9579
f 9584 9585 9589
f 9579 9589 707
f 8425 8436 9580
f 8436 9590 9580
f 8436 8432 9590
f 9580 9590 9582
f 8432 9591 9590
f 9591 9592 9590
f 9591 9593 9592
f 9590 9592 9582
f 8432 8434 9591
f 8434 9594 9591
f 8434 8435 9594
f 9591 9594 9593
f 9582 9592 9586
f 9592 9595 9586
f 9592 9593 9595
f 9586 9595 9588
f 707 9589 705
f 9589 9596 705
f 9589 9585 9596
f 705 9596 700
f 9585 9597 9596
f 9597 9598 9596
f 9597 9599 9598
f 9596 9598 700
f 9585 9587 9597
f 9587 9600 9597
f 9587 9588 9600
f 9597 9600 9599
f 700 9598 698
f 9598 9601 698
f 9598 9599 9601
f 698 9601 315
f 315 9602 2750
f 9602 9603 2750
f 9602 9604 9603
f 2750 9603 2747
f 9604 9605 9603
f 9605 9606 9603
f 9605 9607 9606
f 9603 9606 2747
f 9604 9608 9605
f 9608 9609 9605
f 9608 9610 9609
f 9605 9609 9607
f 2747 9606 2745
f 9606 9611 2745
f 9606 9607 9611
f 2745 9611 2732
f 9610 9612 9609
f 9612 9613 9609
f 9612 9614 9613
f 9609 9613 9607
f 9614 9615 9613
f 9615 9616 9613
f 9615 9617 9616
f 9613 9616 9607
f 9614 9618 9615
f 9618 9619 9615
f 9618 9620 9619
f 9615 9619 9617
f 9607 9616 9611
f 9616 9621 9611
f 9616 9617 9621
f 9611 9621 2732
f 9610 9622 9612
f 9622 9623 9612
f 9622 9624 9623
f 9612 9623 9614
f 9624 9625 9623
f 9625 9626 9623
f 9625 9627 9626
f 9623 9626 9614
f 9624 9628 9625
f 9628 9629 9625
f 9628 7714 9629
f 9625 9629 9627
f 9614 9626 9618
f 9626 9630 9618
f 9626 9627 9630
f 9618 9630 9620
f 2732 9621 2730
f 9621 9631 2730
f 9621 9617 9631
f 2730 9631 2725
f 9617 9632 9631
f 9632 9633 9631
f 9632 9634 9633
f 9631 9633 2725
f 9617 9619 9632
f 9619 9635 9632
f 9619 9620 9635
f 9632 9635 9634
f 2725 9633 2723
f 9633 9636 2723
f 9633 9634 9636
f 2723 9636 1233
f 9129 9637 9127
f 9637 9638 9127
f 9637 9639 9638
f 9127 9638 9122
f 9639 9640 9638
f 9640 9641 9638
f 9640 9642 9641
f 9638 9641 9122
f 9639 9643 9640
f 9643 9644 9640
f 9643 9645 9644
f 9640 9644 9642
f 9122 9641 9120
f 9641 9646 9120
f 9641 9642 9646
f 9120 9646 9099
f 9645 9647 9644
f 9647 9648 9644
f 9647 9649 9648
f 9644 9648 9642
f 9649 9650 9648
f 9650 9651 9648
f 9650 9652 9651
f 9648 9651 9642
f 9649 9653 9650
f 9653 9654 9650
f 9653 9655 9654
f 9650 9654 9652
f 9642 9651 9646
f 9651 9656 9646
f 9651 9652 9656
f 9646 9656 9099
f 9645 9657 9647
f 9657 9658 9647
f 9657 9659 9658
f 9647 9658 9649
f 9659 9660 9658
f 9660 9661 9658
f 9660 9662 9661
f 9658 9661 9649
f 9659 9663 9660
f 9663 9664 9660
f 9663 9665 9664
f 9660 9664 9662
f 9649 9661 9653
f 9661 9666 9653
f 9661 9662 9666
f 9653 9666 9655
f 9099 9656 9097
f 9656 9667 9097
f 9656 9652 9667
f 9097 9667 9090
f 9652 9668 9667
f 9668 9669 9667
f 9668 9670 9669
f 9667 9669 9090
f 9652 9654 9668
f 9654 9671 9668
f 9654 9655 9671
f 9668 9671 9670
f 9090 9669 9087
f 9669 9672 9087
f 9669 9670 9672
f 9087 9672 8792
f 9573 9572 9673
f 9572 9674 9673
f 9572 9569 9674
f 9673 9674 9675
f 9569 9676 9674
f 9676 9677 9674
f 9676 9678 9677
f 9674 9677 9675
f 9569 9570 9676
f 9570 9679 9676
f 9570 9552 9679
f 9676 9679 9678
f 9675 9677 9680
f 9677 9681 9680
f 9677 9678 9681
f 9680 9681 9682
f 9552 9683 9679
f 9683 9684 9679
f 9683 9685 9684
f 9679 9684 9678
f 9685 9686 9684
f 9686 9687 9684
f 9686 9688 9687
f 9684 9687 9678
f 9685 9689 9686
f 9689 9690 9686
f 9689 9691 9690
f 9686 9690 9688
f 9678 9687 9681
f 9687 9692 9681
f 9687 9688 9692
f 9681 9692 9682
f 9552 9563 9683
f 9563 9693 9683
f 9563 9559 9693
f 9683 9693 9685
f 9559 9694 9693
f 9694 9695 9693
f 9694 9696 9695
f 9693 9695 9685
f 9559 9561 9694
f 9561 9697 9694
f 9561 9562 9697
f 9694 9697 9696
f 9685 9695 9689
f 9695 9698 9689
f 9695 9696 9698
f 9689 9698 9691
f 9682 9692 9699
f 9692 9700 9699
f 9692 9688 9700
f 9699 9700 9701
f 9688 9702 9700
f 9702 9703 9700
f 9702 9704 9703
f 9700 9703 9701
f 9688 9690 9702
f 9690 9705 9702
f 9690 9691 9705
f 9702 9705 9704
f 9701 9703 9706
f 9703 9707 9706
f 9703 9704 9707
f 9706 9707 9708
f 8050 8758 8051
f 8758 9709 8051
f 8758 8761 9709
f 8051 9709 8054
f 8761 9710 9709
f 9710 9711 9709
f 9710 9712 9711
f 9709 9711 8054
f 8761 8768 9710
f 8768 9713 9710
f 8768 8770 9713
f 9710 9713 9712
f 8054 9711 8059
f 9711 9714 8059
f 9711 9712 9714
f 8059 9714 8061
f 8770 9715 9713
f 9715 9716 9713
f 9715 9717 9716
f 9713 9716 9712
f 9717 9718 9716
f 9718 9719 9716
f 9718 9720 9719
f 9716 9719 9712
f 9717 9721 9718
f 9721 9722 9718
f 9721 9471 9722
f 9718 9722 9720
f 9712 9719 9714
f 9719 9723 9714
f 9719 9720 9723
f 9714 9723 8061
f 8770 8786 9715
f 8786 9724 9715
f 8786 8788 9724
f 9715 9724 9717
f 8788 9725 9724
f 9725 9726 9724
f 9725 9462 9726
f 9724 9726 9717
f 8788 8791 9725
f 8791 9459 9725
f 8791 8525 9459
f 9725 9459 9462
f 9717 9726 9721
f 9726 9469 9721
f 9726 9462 9469
f 9721 9469 9471
f 8061 9723 8075
f 9723 9727 8075
f 9723 9720 9727
f 8075 9727 8077
f 9720 9728 9727
f 9728 9729 9727
f 9728 9489 9729
f 9727 9729 8077
f 9720 9722 9728
f 9722 9487 9728
f 9722 9471 9487
f 9728 9487 9489
f 8077 9729 8081
f 9729 9492 8081
f 9729 9489 9492
f 8081 9492 8083
f 7758 7757 8514
f 7757 9730 8514
f 7757 7754 9730
f 8514 9730 8512
f 7754 9731 9730
f 9731 9732 9730
f 9731 9733 9732
f 9730 9732 8512
f 7754 7755 9731
f 7755 9734 9731
f 7755 7737 9734
f 9731 9734 9733
f 8512 9732 8515
f 9732 9735 8515
f 9732 9733 9735
f 8515 9735 8505
f 7737 9736 9734
f 9736 9737 9734
f 9736 9738 9737
f 9734 9737 9733
f 9738 9739 9737
f 9739 9740 9737
f 9739 9741 9740
f 9737 9740 9733
f 9738 9742 9739
f 9742 9743 9739
f 9742 9744 9743
f 9739 9743 9741
f 9733 9740 9735
f 9740 9745 9735
f 9740 9741 9745
f 9735 9745 8505
f 7737 7748 9736
f 7748 9746 9736
f 7748 7744 9746
f 9736 9746 9738
f 7744 9747 9746
f 9747 9748 9746
f 9747 9749 9748
f 9746 9748 9738
f 7744 7746 9747
f 7746 9750 9747
f 7746 7747 9750
f 9747 9750 9749
f 9738 9748 9742
f 9748 9751 9742
f 9748 9749 9751
f 9742 9751 9744
f 8505 9745 8522
f 9745 9752 8522
f 9745 9741 9752
f 8522 9752 8521
f 9741 9753 9752
f 9753 9754 9752
f 9753 9755 9754
f 9752 9754 8521
f 9741 9743 9753
f 9743 9756 9753
f 9743 9744 9756
f 9753 9756 9755
f 8521 9754 8524
f 9754 9757 8524
f 9754 9755 9757
f 8524 9757 8525
f 8630 9758 8629
f 9758 9759 8629
f 9758 9760 9759
f 8629 9759 8627
f 9760 9761 9759
f 9761 9762 9759
f 9761 9763 9762
f 9759 9762 8627
f 9760 9764 9761
f 9764 9765 9761
f 9764 9766 9765
f 9761 9765 9763
f 8627 9762 8631
f 9762 9767 8631
f 9762 9763 9767
f 8631 9767 8620
f 9766 9768 9765
f 9768 9769 9765
f 9768 9770 9769
f 9765 9769 9763
f 9770 9771 9769
f 9771 9772 9769
f 9771 9773 9772
f 9769 9772 9763
f 9770 9774 9771
f 9774 9775 9771
f 9774 9058 9775
f 9771 9775 9773
f 9763 9772 9767
f 9772 9776 9767
f 9772 9773 9776
f 9767 9776 8620
f 9766 9777 9768
f 9777 9778 9768
f 9777 9779 9778
f 9768 9778 9770
f 9779 9780 9778
f 9780 9781 9778
f 9780 9072 9781
f 9778 9781 9770
f 9779 9782 9780
f 9782 9076 9780
f 9782 9078 9076
f 9780 9076 9072
f 9770 9781 9774
f 9781 9070 9774
f 9781 9072 9070
f 9774 9070 9058
f 8620 9776 8638
f 9776 9783 8638
f 9776 9773 9783
f 8638 9783 8637
f 9773 9784 9783
f 9784 9785 9783
f 9784 9052 9785
f 9783 9785 8637
f 9773 9775 9784
f 9775 9056 9784
f 9775 9058 9056
f 9784 9056 9052
f 8637 9785 8640
f 9785 9050 8640
f 9785 9052 9050
f 8640 9050 8641
f 9422 9786 9423
f 9786 9787 9423
f 9786 9788 9787
f 9423 9787 9426
f 9788 9789 9787
f 9789 9790 9787
f 9789 9791 9790
f 9787 9790 9426
f 9788 9792 9789
f 9792 9793 9789
f 9792 9794 9793
f 9789 9793 9791
f 9426 9790 9431
f 9790 9795 9431
f 9790 9791 9795
f 9431 9795 9433
f 9794 9796 9793
f 9796 9797 9793
f 9796 9798 9797
f 9793 9797 9791
f 9798 9799 9797
f 9799 9800 9797
f 9799 9801 9800
f 9797 9800 9791
f 9798 9802 9799
f 9802 9803 9799
f 9802 8767 9803
f 9799 9803 9801
f 9791 9800 9795
f 9800 9804 9795
f 9800 9801 9804
f 9795 9804 9433
f 9794 9805 9796
f 9805 9806 9796
f 9805 9807 9806
f 9796 9806 9798
f 9807 9808 9806
f 9808 9809 9806
f 9808 8782 9809
f 9806 9809 9798
f 9807 9810 9808
f 9810 8785 9808
f 9810 8482 8785
f 9808 8785 8782
f 9798 9809 9802
f 9809 8780 9802
f 9809 8782 8780
f 9802 8780 8767
f 9433 9804 9446
f 9804 9811 9446
f 9804 9801 9811
f 9446 9811 9448
f 9801 9812 9811
f 9812 9813 9811
f 9812 8760 9813
f 9811 9813 9448
f 9801 9803 9812
f 9803 8765 9812
f 9803 8767 8765
f 9812 8765 8760
f 9448 9813 9451
f 9813 8757 9451
f 9813 8760 8757
f 9451 8757 8050
f 9421 9814 9419
f 9814 9815 9419
f 9814 9816 9815
f 9419 9815 9414
f 9816 9817 9815
f 9817 9818 9815
f 9817 9819 9818
f 9815 9818 9414
f 9816 9820 9817
f 9820 9821 9817
f 9820 9822 9821
f 9817 9821 9819
f 9414 9818 9412
f 9818 9823 9412
f 9818 9819 9823
f 9412 9823 9391
f 9822 9824 9821
f 9824 9825 9821
f 9824 9826 9825
f 9821 9825 9819
f 9826 9827 9825
f 9827 9828 9825
f 9827 9829 9828
f 9825 9828 9819
f 9826 9830 9827
f 9830 9831 9827
f 9830 9832 9831
f 9827 9831 9829
f 9819 9828 9823
f 9828 9833 9823
f 9828 9829 9833
f 9823 9833 9391
f 9822 9834 9824
f 9834 9835 9824
f 9834 9836 9835
f 9824 9835 9826
f 9836 9837 9835
f 9837 9838 9835
f 9837 9839 9838
f 9835 9838 9826
f 9836 9840 9837
f 9840 9841 9837
f 9840 9842 9841
f 9837 9841 9839
f 9826 9838 9830
f 9838 9843 9830
f 9838 9839 9843
f 9830 9843 9832
f 9391 9833 9389
f 9833 9844 9389
f 9833 9829 9844
f 9389 9844 9382
f 9829 9845 9844
f 9845 9846 9844
f 9845 9847 9846
f 9844 9846 9382
f 9829 9831 9845
f 9831 9848 9845
f 9831 9832 9848
f 9845 9848 9847
f 9382 9846 9379
f 9846 9849 9379
f 9846 9847 9849
f 9379 9849 2650
f 8749 9850 9851
f 9850 9852 9851
f 9850 9853 9852
f 9851 9852 9854
f 9853 9855 9852
f 9855 9856 9852
f 9855 9857 9856
f 9852 9856 9854
f 9853 9858 9855
f 9858 9859 9855
f 9858 9860 9859
f 9855 9859 9857
f 9854 9856 9861
f 9856 9862 9861
f 9856 9857 9862
f 9861 9862 9863
f 9860 9864 9859
f 9864 9865 9859
f 9864 9866 9865
f 9859 9865 9857
f 9866 9867 9865
f 9867 9868 9865
f 9867 9869 9868
f 9865 9868 9857
f 9866 9870 9867
f 9870 9871 9867
f 9870 9872 9871
f 9867 9871 9869
f 9857 9868 9862
f 9868 9873 9862
f 9868 9869 9873
f 9862 9873 9863
f 9860 9874 9864
f 9874 9875 9864
f 9874 9876 9875
f 9864 9875 9866
f 9876 9877 9875
f 9877 9878 9875
f 9877 9879 9878
f 9875 9878 9866
f 9876 9880 9877
f 9880 9881 9877
f 9880 7828 9881
f 9877 9881 9879
f 9866 9878 9870
f 9878 9882 9870
f 9878 9879 9882
f 9870 9882 9872
f 9863 9873 9883
f 9873 9884 9883
f 9873 9869 9884
f 9883 9884 9885
f 9869 9886 9884
f 9886 9887 9884
f 9886 9888 9887
f 9884 9887 9885
f 9869 9871 9886
f 9871 9889 9886
f 9871 9872 9889
f 9886 9889 9888
f 9885 9887 9890
f 9887 9891 9890
f 9887 9888 9891
f 9890 9891 9247
f 9049 9048 9892
f 9048 9893 9892
f 9048 9045 9893
f 9892 9893 9894
f 9045 9895 9893
f 9895 9896 9893
f 9895 9897 9896
f 9893 9896 9894
f 9045 9046 9895
f 9046 9898 9895
f 9046 9032 9898
f 9895 9898 9897
f 9894 9896 9899
f 9896 9900 9899
f 9896 9897 9900
f 9899 9900 9901
f 9032 9902 9898
f 9902 9903 9898
f 9902 9904 9903
f 9898 9903 9897
f 9904 9905 9903
f 9905 9906 9903
f 9905 9907 9906
f 9903 9906 9897
f 9904 9908 9905
f 9908 9909 9905
f 9908 9910 9909
f 9905 9909 9907
f 9897 9906 9900
f 9906 9911 9900
f 9906 9907 9911
f 9900 9911 9901
f 9032 9039 9902
f 9039 9912 9902
f 9039 9037 9912
f 9902 9912 9904
f 9037 9913 9912
f 9913 9914 9912
f 9913 9915 9914
f 9912 9914 9904
f 9037 9038 9913
f 9038 9916 9913
f 9038 7916 9916
f 9913 9916 9915
f 9904 9914 9908
f 9914 9917 9908
f 9914 9915 9917
f 9908 9917 9910
f 9901 9911 9918
f 9911 9919 9918
f 9911 9907 9919
f 9918 9919 9920
f 9907 9921 9919
f 9921 9922 9919
f 9921 9923 9922
f 9919 9922 9920
f 9907 9909 9921
f 9909 9924 9921
f 9909 9910 9924
f 9921 9924 9923
f 9920 9922 9925
f 9922 9926 9925
f 9922 9923 9926
f 9925 9926 9927
f 9928 9929 9930
f 9929 9931 9930
f 9929 9932 9931
f 9930 9931 9933
f 9932 9934 9931
f 9934 9935 9931
f 9934 9936 9935
f 9931 9935 9933
f 9932 9937 9934
f 9937 9938 9934
f 9937 9939 9938
f 9934 9938 9936
f 9933 9935 9940
f 9935 9941 9940
f 9935 9936 9941
f 9940 9941 9942
f 9939 9943 9938
f 9943 9944 9938
f 9943 9945 9944
f 9938 9944 9936
f 9945 9946 9944
f 9946 9947 9944
f 9946 9948 9947
f 9944 9947 9936
f 9945 9949 9946
f 9949 9950 9946
f 9949 9951 9950
f 9946 9950 9948
f 9936 9947 9941
f 9947 9952 9941
f 9947 9948 9952
f 9941 9952 9942
f 9939 9953 9943
f 9953 9954 9943
f 9953 9955 9954
f 9943 9954 9945
f 9955 9956 9954
f 9956 9957 9954
f 9956 9958 9957
f 9954 9957 9945
f 9955 9959 9956
f 9959 9960 9956
f 9959 9961 9960
f 9956 9960 9958
f 9945 9957 9949
f 9957 9962 9949
f 9957 9958 9962
f 9949 9962 9951
f 9942 9952 9963
f 9952 9964 9963
f 9952 9948 9964
f 9963 9964 9965
f 9948 9966 9964
f 9966 9967 9964
f 9966 9968 9967
f 9964 9967 9965
f 9948 9950 9966
f 9950 9969 9966
f 9950 9951 9969
f 9966 9969 9968
f 9965 9967 9970
f 9967 9971 9970
f 9967 9968 9971
f 9970 9971 9972
f 9214 9973 9974
f 9973 9975 9974
f 9973 9976 9975
f 9974 9975 9977
f 9976 9978 9975
f 9978 9979 9975
f 9978 9980 9979
f 9975 9979 9977
f 9976 9981 9978
f 9981 9982 9978
f 9981 9983 9982
f 9978 9982 9980
f 9977 9979 9984
f 9979 9985 9984
f 9979 9980 9985
f 9984 9985 9986
f 9983 9987 9982
f 9987 9988 9982
f 9987 9989 9988
f 9982 9988 9980
f 9989 9990 9988
f 9990 9991 9988
f 9990 9992 9991
f 9988 9991 9980
f 9989 9993 9990
f 9993 9994 9990
f 9993 8377 9994
f 9990 9994 9992
f 9980 9991 9985
f 9991 9995 9985
f 9991 9992 9995
f 9985 9995 9986
f 9983 9996 9987
f 9996 9997 9987
f 9996 9998 9997
f 9987 9997 9989
f 9998 9999 9997
f 9999 10000 9997
f 9999 8392 10000
f 9997 10000 9989
f 9998 10001 9999
f 10001 8395 9999
f 10001 8227 8395
f 9999 8395 8392
f 9989 10000 9993
f 10000 8390 9993
f 10000 8392 8390
f 9993 8390 8377
f 9986 9995 10002
f 9995 10003 10002
f 9995 9992 10003
f 10002 10003 10004
f 9992 10005 10003
f 10005 10006 10003
f 10005 8370 10006
f 10003 10006 10004
f 9992 9994 10005
f 9994 8375 10005
f 9994 8377 8375
f 10005 8375 8370
f 10004 10006 10007
f 10006 8367 10007
f 10006 8370 8367
f 10007 8367 8366
f 45 7794 8444
f 7794 10008 8444
f 7794 7792 10008
f 8444 10008 8439
f 7792 10009 10008
f 10009 10010 10008
f 10009 10011 10010
f 10008 10010 8439
f 7792 7793 10009
f 7793 10012 10009
f 7793 7777 10012
f 10009 10012 10011
f 8439 10010 8437
f 10010 10013 8437
f 10010 10011 10013
f 8437 10013 8416
f 7777 10014 10012
f 10014 10015 10012
f 10014 10016 10015
f 10012 10015 10011
f 10016 10017 10015
f 10017 10018 10015
f 10017 10019 10018
f 10015 10018 10011
f 10016 10020 10017
f 10020 10021 10017
f 10020 10022 10021
f 10017 10021 10019
f 10011 10018 10013
f 10018 10023 10013
f 10018 10019 10023
f 10013 10023 8416
f 7777 7788 10014
f 7788 10024 10014
f 7788 7784 10024
f 10014 10024 10016
f 7784 10025 10024
f 10025 10026 10024
f 10025 10027 10026
f 10024 10026 10016
f 7784 7786 10025
f 7786 10028 10025
f 7786 7787 10028
f 10025 10028 10027
f 10016 10026 10020
f 10026 10029 10020
f 10026 10027 10029
f 10020 10029 10022
f 8416 10023 8414
f 10023 10030 8414
f 10023 10019 10030
f 8414 10030 8407
f 10019 10031 10030
f 10031 10032 10030
f 10031 10033 10032
f 10030 10032 8407
f 10019 10021 10031
f 10021 10034 10031
f 10021 10022 10034
f 10031 10034 10033
f 8407 10032 8404
f 10032 10035 8404
f 10032 10033 10035
f 8404 10035 8402
f 7883 10036 7884
f 10036 10037 7884
f 10036 10038 10037
f 7884 10037 7887
f 10038 10039 10037
f 10039 10040 10037
f 10039 10041 10040
f 10037 10040 7887
f 10038 10042 10039
f 10042 10043 10039
f 10042 10044 10043
f 10039 10043 10041
f 7887 10040 7892
f 10040 10045 7892
f 10040 10041 10045
f 7892 10045 7894
f 10044 10046 10043
f 10046 10047 10043
f 10046 10048 10047
f 10043 10047 10041
f 10048 10049 10047
f 10049 10050 10047
f 10049 10051 10050
f 10047 10050 10041
f 10048 10052 10049
f 10052 10053 10049
f 10052 10054 10053
f 10049 10053 10051
f 10041 10050 10045
f 10050 10055 10045
f 10050 10051 10055
f 10045 10055 7894
f 10044 10056 10046
f 10056 10057 10046
f 10056 10058 10057
f 10046 10057 10048
f 10058 10059 10057
f 10059 10060 10057
f 10059 10061 10060
f 10057 10060 10048
f 10058 10062 10059
f 10062 10063 10059
f 10062 8675 10063
f 10059 10063 10061
f 10048 10060 10052
f 10060 10064 10052
f 10060 10061 10064
f 10052 10064 10054
f 7894 10055 7908
f 10055 10065 7908
f 10055 10051 10065
f 7908 10065 7910
f 10051 10066 10065
f 10066 10067 10065
f 10066 10068 10067
f 10065 10067 7910
f 10051 10053 10066
f 10053 10069 10066
f 10053 10054 10069
f 10066 10069 10068
f 7910 10067 7914
f 10067 10070 7914
f 10067 10068 10070
f 7914 10070 7916
f 8525 9757 9458
f 9757 10071 9458
f 9757 9755 10071
f 9458 10071 9461
f 9755 10072 10071
f 10072 10073 10071
f 10072 10074 10073
f 10071 10073 9461
f 9755 9756 10072
f 9756 10075 10072
f 9756 9744 10075
f 10072 10075 10074
f 9461 10073 9466
f 10073 10076 9466
f 10073 10074 10076
f 9466 10076 9468
f 9744 10077 10075
f 10077 10078 10075
f 10077 10079 10078
f 10075 10078 10074
f 10079 10080 10078
f 10080 10081 10078
f 10080 10082 10081
f 10078 10081 10074
f 10079 10083 10080
f 10083 10084 10080
f 10083 10085 10084
f 10080 10084 10082
f 10074 10081 10076
f 10081 10086 10076
f 10081 10082 10086
f 10076 10086 9468
f 9744 9751 10077
f 9751 10087 10077
f 9751 9749 10087
f 10077 10087 10079
f 9749 10088 10087
f 10088 10089 10087
f 10088 10090 10089
f 10087 10089 10079
f 9749 9750 10088
f 9750 10091 10088
f 9750 7747 10091
f 10088 10091 10090
f 10079 10089 10083
f 10089 10092 10083
f 10089 10090 10092
f 10083 10092 10085
f 9468 10086 9481
f 10086 10093 9481
f 10086 10082 10093
f 9481 10093 9483
f 10082 10094 10093
f 10094 10095 10093
f 10094 10096 10095
f 10093 10095 9483
f 10082 10084 10094
f 10084 10097 10094
f 10084 10085 10097
f 10094 10097 10096
f 9483 10095 9486
f 10095 10098 9486
f 10095 10096 10098
f 9486 10098 8446
f 10099 10100 10101
f 10100 10102 10101
f 10100 10103 10102
f 10101 10102 10104
f 10103 10105 10102
f 10105 10106 10102
f 10105 10107 10106
f 10102 10106 10104
f 10103 10108 10105
f 10108 10109 10105
f 10108 10110 10109
f 10105 10109 10107
f 10104 10106 10111
f 10106 10112 10111
f 10106 10107 10112
f 10111 10112 10113
f 10110 10114 10109
f 10114 10115 10109
f 10114 10116 10115
f 10109 10115 10107
f 10116 10117 10115
f 10117 10118 10115
f 10117 10119 10118
f 10115 10118 10107
f 10116 10120 10117
f 10120 10121 10117
f 10120 10122 10121
f 10117 10121 10119
f 10107 10118 10112
f 10118 10123 10112
f 10118 10119 10123
f 10112 10123 10113
f 10110 10124 10114
f 10124 10125 10114
f 10124 10126 10125
f 10114 10125 10116
f 10126 10127 10125
f 10127 10128 10125
f 10127 10129 10128
f 10125 10128 10116
f 10126 10130 10127
f 10130 10131 10127
f 10130 9928 10131
f 10127 10131 10129
f 10116 10128 10120
f 10128 10132 10120
f 10128 10129 10132
f 10120 10132 10122
f 10113 10123 10133
f 10123 10134 10133
f 10123 10119 10134
f 10133 10134 10135
f 10119 10136 10134
f 10136 10137 10134
f 10136 10138 10137
f 10134 10137 10135
f 10119 10121 10136
f 10121 10139 10136
f 10121 10122 10139
f 10136 10139 10138
f 10135 10137 10140
f 10137 10141 10140
f 10137 10138 10141
f 10140 10141 10142
f 8749 10143 9850
f 10143 10144 9850
f 10143 10145 10144
f 9850 10144 9853
f 10145 10146 10144
f 10146 10147 10144
f 10146 10148 10147
f 10144 10147 9853
f 10145 10149 10146
f 10149 10150 10146
f 10149 10151 10150
f 10146 10150 10148
f 9853 10147 9858
f 10147 10152 9858
f 10147 10148 10152
f 9858 10152 9860
f 10151 10153 10150
f 10153 10154 10150
f 10153 10155 10154
f 10150 10154 10148
f 10155 10156 10154
f 10156 10157 10154
f 10156 10158 10157
f 10154 10157 10148
f 10155 10159 10156
f 10159 10160 10156
f 10159 8017 10160
f 10156 10160 10158
f 10148 10157 10152
f 10157 10161 10152
f 10157 10158 10161
f 10152 10161 9860
f 10151 10162 10153
f 10162 10163 10153
f 10162 10164 10163
f 10153 10163 10155
f 10164 10165 10163
f 10165 10166 10163
f 10165 8033 10166
f 10163 10166 10155
f 10164 10167 10165
f 10167 8037 10165
f 10167 8039 8037
f 10165 8037 8033
f 10155 10166 10159
f 10166 8031 10159
f 10166 8033 8031
f 10159 8031 8017
f 9860 10161 9874
f 10161 10168 9874
f 10161 10158 10168
f 9874 10168 9876
f 10158 10169 10168
f 10169 10170 10168
f 10169 8010 10170
f 10168 10170 9876
f 10158 10160 10169
f 10160 8015 10169
f 10160 8017 8015
f 10169 8015 8010
f 9876 10170 9880
f 10170 8007 9880
f 10170 8010 8007
f 9880 8007 7828
f 8630 9257 9758
f 9257 10171 9758
f 9257 9254 10171
f 9758 10171 9760
f 9254 10172 10171
f 10172 10173 10171
f 10172 10174 10173
f 10171 10173 9760
f 9254 9255 10172
f 9255 10175 10172
f 9255 9237 10175
f 10172 10175 10174
f 9760 10173 9764
f 10173 10176 9764
f 10173 10174 10176
f 9764 10176 9766
f 9237 10177 10175
f 10177 10178 10175
f 10177 10179 10178
f 10175 10178 10174
f 10179 10180 10178
f 10180 10181 10178
f 10180 10182 10181
f 10178 10181 10174
f 10179 10183 10180
f 10183 10184 10180
f 10183 10185 10184
f 10180 10184 10182
f 10174 10181 10176
f 10181 10186 10176
f 10181 10182 10186
f 10176 10186 9766
f 9237 9248 10177
f 9248 10187 10177
f 9248 9244 10187
f 10177 10187 10179
f 9244 10188 10187
f 10188 10189 10187
f 10188 10190 10189
f 10187 10189 10179
f 9244 9246 10188
f 9246 10191 10188
f 9246 9247 10191
f 10188 10191 10190
f 10179 10189 10183
f 10189 10192 10183
f 10189 10190 10192
f 10183 10192 10185
f 9766 10186 9777
f 10186 10193 9777
f 10186 10182 10193
f 9777 10193 9779
f 10182 10194 10193
f 10194 10195 10193
f 10194 10196 10195
f 10193 10195 9779
f 10182 10184 10194
f 10184 10197 10194
f 10184 10185 10197
f 10194 10197 10196
f 9779 10195 9782
f 10195 10198 9782
f 10195 10196 10198
f 9782 10198 9078
f 8561 8560 10199
f 8560 10200 10199
f 8560 8557 10200
f 10199 10200 10201
f 8557 10202 10200
f 10202 10203 10200
f 10202 10204 10203
f 10200 10203 10201
f 8557 8558 10202
f 8558 10205 10202
f 8558 8544 10205
f 10202 10205 10204
f 10201 10203 10206
f 10203 10207 10206
f 10203 10204 10207
f 10206 10207 10208
f 8544 10209 10205
f 10209 10210 10205
f 10209 10211 10210
f 10205 10210 10204
f 10211 10212 10210
f 10212 10213 10210
f 10212 10214 10213
f 10210 10213 10204
f 10211 10215 10212
f 10215 10216 10212
f 10215 9330 10216
f 10212 10216 10214
f 10204 10213 10207
f 10213 10217 10207
f 10213 10214 10217
f 10207 10217 10208
f 8544 8551 10209
f 8551 10218 10209
f 8551 8549 10218
f 10209 10218 10211
f 8549 10219 10218
f 10219 10220 10218
f 10219 9343 10220
f 10218 10220 10211
f 8549 8550 10219
f 8550 9346 10219
f 8550 8094 9346
f 10219 9346 9343
f 10211 10220 10215
f 10220 9341 10215
f 10220 9343 9341
f 10215 9341 9330
f 10208 10217 10221
f 10217 10222 10221
f 10217 10214 10222
f 10221 10222 10223
f 10214 10224 10222
f 10224 10225 10222
f 10224 9324 10225
f 10222 10225 10223
f 10214 10216 10224
f 10216 9328 10224
f 10216 9330 9328
f 10224 9328 9324
f 10223 10225 10226
f 10225 9322 10226
f 10225 9324 9322
f 10226 9322 8597
f 2751 10227 5295
f 10227 10228 5295
f 10227 10229 10228
f 5295 10228 5292
f 10229 10230 10228
f 10230 10231 10228
f 10230 10232 10231
f 10228 10231 5292
f 10229 10233 10230
f 10233 10234 10230
f 10233 10235 10234
f 10230 10234 10232
f 5292 10231 5290
f 10231 10236 5290
f 10231 10232 10236
f 5290 10236 5277
f 10235 10237 10234
f 10237 10238 10234
f 10237 10239 10238
f 10234 10238 10232
f 10239 10240 10238
f 10240 10241 10238
f 10240 10242 10241
f 10238 10241 10232
f 10239 10243 10240
f 10243 10244 10240
f 10243 10245 10244
f 10240 10244 10242
f 10232 10241 10236
f 10241 10246 10236
f 10241 10242 10246
f 10236 10246 5277
f 10235 10247 10237
f 10247 10248 10237
f 10247 10249 10248
f 10237 10248 10239
f 10249 10250 10248
f 10250 10251 10248
f 10250 10252 10251
f 10248 10251 10239
f 10249 10253 10250
f 10253 10254 10250
f 10253 10255 10254
f 10250 10254 10252
f 10239 10251 10243
f 10251 10256 10243
f 10251 10252 10256
f 10243 10256 10245
f 5277 10246 5275
f 10246 10257 5275
f 10246 10242 10257
f 5275 10257 5270
f 10242 10258 10257
f 10258 10259 10257
f 10258 10260 10259
f 10257 10259 5270
f 10242 10244 10258
f 10244 10261 10258
f 10244 10245 10261
f 10258 10261 10260
f 5270 10259 5268
f 10259 10262 5268
f 10259 10260 10262
f 5268 10262 1740
f 10263 10264 10265
f 10264 10266 10265
f 10264 10267 10266
f 10265 10266 10268
f 10267 10269 10266
f 10269 10270 10266
f 10269 10271 10270
f 10266 10270 10268
f 10267 10272 10269
f 10272 10273 10269
f 10272 10274 10273
f 10269 10273 10271
f 10268 10270 10275
f 10270 10276 10275
f 10270 10271 10276
f 10275 10276 10277
f 10274 10278 10273
f 10278 10279 10273
f 10278 10280 10279
f 10273 10279 10271
f 10280 10281 10279
f 10281 10282 10279
f 10281 10283 10282
f 10279 10282 10271
f 10280 10284 10281
f 10284 10285 10281
f 10284 8611 10285
f 10281 10285 10283
f 10271 10282 10276
f 10282 10286 10276
f 10282 10283 10286
f 10276 10286 10277
f 10274 10287 10278
f 10287 10288 10278
f 10287 10289 10288
f 10278 10288 10280
f 10289 10290 10288
f 10290 10291 10288
f 10290 8602 10291
f 10288 10291 10280
f 10289 10292 10290
f 10292 8599 10290
f 10292 8597 8599
f 10290 8599 8602
f 10280 10291 10284
f 10291 8609 10284
f 10291 8602 8609
f 10284 8609 8611
f 10277 10286 10293
f 10286 10294 10293
f 10286 10283 10294
f 10293 10294 10295
f 10283 10296 10294
f 10296 10297 10294
f 10296 8634 10297
f 10294 10297 10295
f 10283 10285 10296
f 10285 8632 10296
f 10285 8611 8632
f 10296 8632 8634
f 10295 10297 10298
f 10297 8639 10298
f 10297 8634 8639
f 10298 8639 8641
f 10299 10300 10301
f 10300 10302 10301
f 10300 10303 10302
f 10301 10302 10304
f 10303 10305 10302
f 10305 10306 10302
f 10305 10307 10306
f 10302 10306 10304
f 10303 10308 10305
f 10308 10309 10305
f 10308 10310 10309
f 10305 10309 10307
f 10304 10306 10311
f 10306 10312 10311
f 10306 10307 10312
f 10311 10312 10313
f 10310 10314 10309
f 10314 10315 10309
f 10314 10316 10315
f 10309 10315 10307
f 10316 10317 10315
f 10317 10318 10315
f 10317 10319 10318
f 10315 10318 10307
f 10316 10320 10317
f 10320 10321 10317
f 10320 8493 10321
f 10317 10321 10319
f 10307 10318 10312
f 10318 10322 10312
f 10318 10319 10322
f 10312 10322 10313
f 10310 10323 10314
f 10323 10324 10314
f 10323 10325 10324
f 10314 10324 10316
f 10325 10326 10324
f 10326 10327 10324
f 10326 8509 10327
f 10324 10327 10316
f 10325 10328 10326
f 10328 8513 10326
f 10328 7758 8513
f 10326 8513 8509
f 10316 10327 10320
f 10327 8507 10320
f 10327 8509 8507
f 10320 8507 8493
f 10313 10322 10329
f 10322 10330 10329
f 10322 10319 10330
f 10329 10330 10331
f 10319 10332 10330
f 10332 10333 10330
f 10332 8486 10333
f 10330 10333 10331
f 10319 10321 10332
f 10321 8491 10332
f 10321 8493 8491
f 10332 8491 8486
f 10331 10333 10334
f 10333 8483 10334
f 10333 8486 8483
f 10334 8483 8482
f 2015 8873 2013
f 8873 10335 2013
f 8873 8876 10335
f 2013 10335 2008
f 8876 10336 10335
f 10336 10337 10335
f 10336 10338 10337
f 10335 10337 2008
f 8876 8883 10336
f 8883 10339 10336
f 8883 8885 10339
f 10336 10339 10338
f 2008 10337 2006
f 10337 10340 2006
f 10337 10338 10340
f 2006 10340 1986
f 8885 10341 10339
f 10341 10342 10339
f 10341 10343 10342
f 10339 10342 10338
f 10343 10344 10342
f 10344 10345 10342
f 10344 10346 10345
f 10342 10345 10338
f 10343 10347 10344
f 10347 10348 10344
f 10347 7974 10348
f 10344 10348 10346
f 10338 10345 10340
f 10345 10349 10340
f 10345 10346 10349
f 10340 10349 1986
f 8885 8906 10341
f 8906 10350 10341
f 8906 8908 10350
f 10341 10350 10343
f 8908 10351 10350
f 10351 10352 10350
f 10351 7990 10352
f 10350 10352 10343
f 8908 8913 10351
f 8913 7994 10351
f 8913 7996 7994
f 10351 7994 7990
f 10343 10352 10347
f 10352 7988 10347
f 10352 7990 7988
f 10347 7988 7974
f 1986 10349 1984
f 10349 10353 1984
f 10349 10346 10353
f 1984 10353 1977
f 10346 10354 10353
f 10354 10355 10353
f 10354 7967 10355
f 10353 10355 1977
f 10346 10348 10354
f 10348 7972 10354
f 10348 7974 7972
f 10354 7972 7967
f 1977 10355 1974
f 10355 7964 1974
f 10355 7967 7964
f 1974 7964 1972
f 2606 10356 4051
f 10356 10357 4051
f 10356 10358 10357
f 4051 10357 4046
f 10358 10359 10357
f 10359 10360 10357
f 10359 10361 10360
f 10357 10360 4046
f 10358 10362 10359
f 10362 10363 10359
f 10362 10364 10363
f 10359 10363 10361
f 4046 10360 4044
f 10360 10365 4044
f 10360 10361 10365
f 4044 10365 4027
f 10364 10366 10363
f 10366 10367 10363
f 10366 10368 10367
f 10363 10367 10361
f 10368 10369 10367
f 10369 10370 10367
f 10369 10371 10370
f 10367 10370 10361
f 10368 10372 10369
f 10372 10373 10369
f 10372 10374 10373
f 10369 10373 10371
f 10361 10370 10365
f 10370 10375 10365
f 10370 10371 10375
f 10365 10375 4027
f 10364 10376 10366
f 10376 10377 10366
f 10376 10378 10377
f 10366 10377 10368
f 10378 10379 10377
f 10379 10380 10377
f 10379 10381 10380
f 10377 10380 10368
f 10378 10382 10379
f 10382 10383 10379
f 10382 9529 10383
f 10379 10383 10381
f 10368 10380 10372
f 10380 10384 10372
f 10380 10381 10384
f 10372 10384 10374
f 4027 10375 4025
f 10375 10385 4025
f 10375 10371 10385
f 4025 10385 4020
f 10371 10386 10385
f 10386 10387 10385
f 10386 10388 10387
f 10385 10387 4020
f 10371 10373 10386
f 10373 10389 10386
f 10373 10374 10389
f 10386 10389 10388
f 4020 10387 4018
f 10387 10390 4018
f 10387 10388 10390
f 4018 10390 314
f 270 10391 2909
f 10391 10392 2909
f 10391 10393 10392
f 2909 10392 2906
f 10393 10394 10392
f 10394 10395 10392
f 10394 10396 10395
f 10392 10395 2906
f 10393 10397 10394
f 10397 10398 10394
f 10397 10399 10398
f 10394 10398 10396
f 2906 10395 2904
f 10395 10400 2904
f 10395 10396 10400
f 2904 10400 2888
f 10399 10401 10398
f 10401 10402 10398
f 10401 10403 10402
f 10398 10402 10396
f 10403 10404 10402
f 10404 10405 10402
f 10404 10406 10405
f 10402 10405 10396
f 10403 10407 10404
f 10407 10408 10404
f 10407 10409 10408
f 10404 10408 10406
f 10396 10405 10400
f 10405 10410 10400
f 10405 10406 10410
f 10400 10410 2888
f 10399 10411 10401
f 10411 10412 10401
f 10411 10413 10412
f 10401 10412 10403
f 10413 10414 10412
f 10414 10415 10412
f 10414 10416 10415
f 10412 10415 10403
f 10413 10417 10414
f 10417 10418 10414
f 10417 8836 10418
f 10414 10418 10416
f 10403 10415 10407
f 10415 10419 10407
f 10415 10416 10419
f 10407 10419 10409
f 2888 10410 2886
f 10410 10420 2886
f 10410 10406 10420
f 2886 10420 2879
f 10406 10421 10420
f 10421 10422 10420
f 10421 10423 10422
f 10420 10422 2879
f 10406 10408 10421
f 10408 10424 10421
f 10408 10409 10424
f 10421 10424 10423
f 2879 10422 2876
f 10422 10425 2876
f 10422 10423 10425
f 2876 10425 2874
f 8836 10426 10418
f 10426 10427 10418
f 10426 10428 10427
f 10418 10427 10416
f 10428 10429 10427
f 10429 10430 10427
f 10429 10431 10430
f 10427 10430 10416
f 10428 10432 10429
f 10432 10433 10429
f 10432 10434 10433
f 10429 10433 10431
f 10416 10430 10419
f 10430 10435 10419
f 10430 10431 10435
f 10419 10435 10409
f 10434 10436 10433
f 10436 10437 10433
f 10436 10438 10437
f 10433 10437 10431
f 10438 10439 10437
f 10439 10440 10437
f 10439 10441 10440
f 10437 10440 10431
f 10438 10442 10439
f 10442 10443 10439
f 10442 10444 10443
f 10439 10443 10441
f 10431 10440 10435
f 10440 10445 10435
f 10440 10441 10445
f 10435 10445 10409
f 10434 10446 10436
f 10446 10447 10436
f 10446 10448 10447
f 10436 10447 10438
f 10448 10449 10447
f 10449 10450 10447
f 10449 10451 10450
f 10447 10450 10438
f 10448 10452 10449
f 10452 10453 10449
f 10452 9521 10453
f 10449 10453 10451
f 10438 10450 10442
f 10450 10454 10442
f 10450 10451 10454
f 10442 10454 10444
f 10409 10445 10424
f 10445 10455 10424
f 10445 10441 10455
f 10424 10455 10423
f 10441 10456 10455
f 10456 10457 10455
f 10456 10458 10457
f 10455 10457 10423
f 10441 10443 10456
f 10443 10459 10456
f 10443 10444 10459
f 10456 10459 10458
f 10423 10457 10425
f 10457 10460 10425
f 10457 10458 10460
f 10425 10460 2874
f 2838 10461 2836
f 10461 10462 2836
f 10461 10463 10462
f 2836 10462 2831
f 10463 10464 10462
f 10464 10465 10462
f 10464 10466 10465
f 10462 10465 2831
f 10463 10467 10464
f 10467 10468 10464
f 10467 10469 10468
f 10464 10468 10466
f 2831 10465 2829
f 10465 10470 2829
f 10465 10466 10470
f 2829 10470 2809
f 10469 10471 10468
f 10471 10472 10468
f 10471 10473 10472
f 10468 10472 10466
f 10473 10474 10472
f 10474 10475 10472
f 10474 10476 10475
f 10472 10475 10466
f 10473 10477 10474
f 10477 10478 10474
f 10477 8175 10478
f 10474 10478 10476
f 10466 10475 10470
f 10475 10479 10470
f 10475 10476 10479
f 10470 10479 2809
f 10469 10480 10471
f 10480 10481 10471
f 10480 10482 10481
f 10471 10481 10473
f 10482 10483 10481
f 10483 10484 10481
f 10483 8168 10484
f 10481 10484 10473
f 10482 10485 10483
f 10485 8166 10483
f 10485 7883 8166
f 10483 8166 8168
f 10473 10484 10477
f 10484 8173 10477
f 10484 8168 8173
f 10477 8173 8175
f 2809 10479 2807
f 10479 10486 2807
f 10479 10476 10486
f 2807 10486 2800
f 10476 10487 10486
f 10487 10488 10486
f 10487 8190 10488
f 10486 10488 2800
f 10476 10478 10487
f 10478 8188 10487
f 10478 8175 8188
f 10487 8188 8190
f 2800 10488 2797
f 10488 8193 2797
f 10488 8190 8193
f 2797 8193 2795
f 1046 8685 3336
f 8685 10489 3336
f 8685 8682 10489
f 3336 10489 3333
f 8682 10490 10489
f 10490 10491 10489
f 10490 10492 10491
f 10489 10491 3333
f 8682 8683 10490
f 8683 10493 10490
f 8683 8665 10493
f 10490 10493 10492
f 3333 10491 3331
f 10491 10494 3331
f 10491 10492 10494
f 3331 10494 3318
f 8665 10495 10493
f 10495 10496 10493
f 10495 10497 10496
f 10493 10496 10492
f 10497 10498 10496
f 10498 10499 10496
f 10498 10500 10499
f 10496 10499 10492
f 10497 10501 10498
f 10501 10502 10498
f 10501 10503 10502
f 10498 10502 10500
f 10492 10499 10494
f 10499 10504 10494
f 10499 10500 10504
f 10494 10504 3318
f 8665 8676 10495
f 8676 10505 10495
f 8676 8672 10505
f 10495 10505 10497
f 8672 10506 10505
f 10506 10507 10505
f 10506 10508 10507
f 10505 10507 10497
f 8672 8674 10506
f 8674 10509 10506
f 8674 8675 10509
f 10506 10509 10508
f 10497 10507 10501
f 10507 10510 10501
f 10507 10508 10510
f 10501 10510 10503
f 3318 10504 3316
f 10504 10511 3316
f 10504 10500 10511
f 3316 10511 3311
f 10500 10512 10511
f 10512 10513 10511
f 10512 10514 10513
f 10511 10513 3311
f 10500 10502 10512
f 10502 10515 10512
f 10502 10503 10515
f 10512 10515 10514
f 3311 10513 3309
f 10513 10516 3309
f 10513 10514 10516
f 3309 10516 2838
f 10142 10517 10518
f 10517 10519 10518
f 10517 10520 10519
f 10518 10519 10521
f 10520 10522 10519
f 10522 10523 10519
f 10522 10524 10523
f 10519 10523 10521
f 10520 10525 10522
f 10525 10526 10522
f 10525 10527 10526
f 10522 10526 10524
f 10521 10523 10528
f 10523 10529 10528
f 10523 10524 10529
f 10528 10529 10530
f 10527 10531 10526
f 10531 10532 10526
f 10531 10533 10532
f 10526 10532 10524
f 10533 10534 10532
f 10534 10535 10532
f 10534 10536 10535
f 10532 10535 10524
f 10533 10537 10534
f 10537 10538 10534
f 10537 9294 10538
f 10534 10538 10536
f 10524 10535 10529
f 10535 10539 10529
f 10535 10536 10539
f 10529 10539 10530
f 10527 10540 10531
f 10540 10541 10531
f 10540 10542 10541
f 10531 10541 10533
f 10542 10543 10541
f 10543 10544 10541
f 10543 9308 10544
f 10541 10544 10533
f 10542 10545 10543
f 10545 9312 10543
f 10545 9314 9312
f 10543 9312 9308
f 10533 10544 10537
f 10544 9306 10537
f 10544 9308 9306
f 10537 9306 9294
f 10530 10539 10546
f 10539 10547 10546
f 10539 10536 10547
f 10546 10547 10548
f 10536 10549 10547
f 10549 10550 10547
f 10549 9288 10550
f 10547 10550 10548
f 10536 10538 10549
f 10538 9292 10549
f 10538 9294 9292
f 10549 9292 9288
f 10548 10550 10551
f 10550 9286 10551
f 10550 9288 9286
f 10551 9286 7956
f 9529 10552 10383
f 10552 10553 10383
f 10552 10554 10553
f 10383 10553 10381
f 10554 10555 10553
f 10555 10556 10553
f 10555 10557 10556
f 10553 10556 10381
f 10554 10558 10555
f 10558 10559 10555
f 10558 10560 10559
f 10555 10559 10557
f 10381 10556 10384
f 10556 10561 10384
f 10556 10557 10561
f 10384 10561 10374
f 10560 10562 10559
f 10562 10563 10559
f 10562 10564 10563
f 10559 10563 10557
f 10564 10565 10563
f 10565 10566 10563
f 10565 10567 10566
f 10563 10566 10557
f 10564 10568 10565
f 10568 10569 10565
f 10568 10570 10569
f 10565 10569 10567
f 10557 10566 10561
f 10566 10571 10561
f 10566 10567 10571
f 10561 10571 10374
f 10560 10572 10562
f 10572 10573 10562
f 10572 10574 10573
f 10562 10573 10564
f 10574 10575 10573
f 10575 10576 10573
f 10575 10577 10576
f 10573 10576 10564
f 10574 10578 10575
f 10578 10579 10575
f 10578 10580 10579
f 10575 10579 10577
f 10564 10576 10568
f 10576 10581 10568
f 10576 10577 10581
f 10568 10581 10570
f 10374 10571 10389
f 10571 10582 10389
f 10571 10567 10582
f 10389 10582 10388
f 10567 10583 10582
f 10583 10584 10582
f 10583 10585 10584
f 10582 10584 10388
f 10567 10569 10583
f 10569 10586 10583
f 10569 10570 10586
f 10583 10586 10585
f 10388 10584 10390
f 10584 10587 10390
f 10584 10585 10587
f 10390 10587 314
f 8302 10588 8303
f 10588 10589 8303
f 10588 10590 10589
f 8303 10589 8306
f 10590 10591 10589
f 10591 10592 10589
f 10591 10593 10592
f 10589 10592 8306
f 10590 10594 10591
f 10594 10595 10591
f 10594 10596 10595
f 10591 10595 10593
f 8306 10592 8311
f 10592 10597 8311
f 10592 10593 10597
f 8311 10597 8313
f 10596 10598 10595
f 10598 10599 10595
f 10598 10600 10599
f 10595 10599 10593
f 10600 10601 10599
f 10601 10602 10599
f 10601 10603 10602
f 10599 10602 10593
f 10600 10604 10601
f 10604 10605 10601
f 10604 10606 10605
f 10601 10605 10603
f 10593 10602 10597
f 10602 10607 10597
f 10602 10603 10607
f 10597 10607 8313
f 10596 10608 10598
f 10608 10609 10598
f 10608 10610 10609
f 10598 10609 10600
f 10610 10611 10609
f 10611 10612 10609
f 10611 10613 10612
f 10609 10612 10600
f 10610 10614 10611
f 10614 10615 10611
f 10614 10616 10615
f 10611 10615 10613
f 10600 10612 10604
f 10612 10617 10604
f 10612 10613 10617
f 10604 10617 10606
f 8313 10607 8327
f 10607 10618 8327
f 10607 10603 10618
f 8327 10618 8329
f 10603 10619 10618
f 10619 10620 10618
f 10619 10621 10620
f 10618 10620 8329
f 10603 10605 10619
f 10605 10622 10619
f 10605 10606 10622
f 10619 10622 10621
f 8329 10620 8333
f 10620 10623 8333
f 10620 10621 10623
f 8333 10623 7872
f 9129 9128 10624
f 9128 10625 10624
f 9128 9125 10625
f 10624 10625 10626
f 9125 10627 10625
f 10627 10628 10625
f 10627 10629 10628
f 10625 10628 10626
f 9125 9126 10627
f 9126 10630 10627
f 9126 9108 10630
f 10627 10630 10629
f 10626 10628 10631
f 10628 10632 10631
f 10628 10629 10632
f 10631 10632 10633
f 9108 10634 10630
f 10634 10635 10630
f 10634 10636 10635
f 10630 10635 10629
f 10636 10637 10635
f 10637 10638 10635
f 10637 10639 10638
f 10635 10638 10629
f 10636 10640 10637
f 10640 10641 10637
f 10640 10642 10641
f 10637 10641 10639
f 10629 10638 10632
f 10638 10643 10632
f 10638 10639 10643
f 10632 10643 10633
f 9108 9119 10634
f 9119 10644 10634
f 9119 9115 10644
f 10634 10644 10636
f 9115 10645 10644
f 10645 10646 10644
f 10645 10647 10646
f 10644 10646 10636
f 9115 9117 10645
f 9117 10648 10645
f 9117 9118 10648
f 10645 10648 10647
f 10636 10646 10640
f 10646 10649 10640
f 10646 10647 10649
f 10640 10649 10642
f 10633 10643 10650
f 10643 10651 10650
f 10643 10639 10651
f 10650 10651 10652
f 10639 10653 10651
f 10653 10654 10651
f 10653 10655 10654
f 10651 10654 10652
f 10639 10641 10653
f 10641 10656 10653
f 10641 10642 10656
f 10653 10656 10655
f 10652 10654 10657
f 10654 10658 10657
f 10654 10655 10658
f 10657 10658 9573
f 8294 10659 8293
f 10659 10660 8293
f 10659 10661 10660
f 8293 10660 8291
f 10661 10662 10660
f 10662 10663 10660
f 10662 10664 10663
f 10660 10663 8291
f 10661 10665 10662
f 10665 10666 10662
f 10665 10667 10666
f 10662 10666 10664
f 8291 10663 8295
f 10663 10668 8295
f 10663 10664 10668
f 8295 10668 8284
f 10667 10669 10666
f 10669 10670 10666
f 10669 10671 10670
f 10666 10670 10664
f 10671 10672 10670
f 10672 10673 10670
f 10672 10674 10673
f 10670 10673 10664
f 10671 10675 10672
f 10675 10676 10672
f 10675 10677 10676
f 10672 10676 10674
f 10664 10673 10668
f 10673 10678 10668
f 10673 10674 10678
f 10668 10678 8284
f 10667 10679 10669
f 10679 10680 10669
f 10679 10681 10680
f 10669 10680 10671
f 10681 10682 10680
f 10682 10683 10680
f 10682 10684 10683
f 10680 10683 10671
f 10681 10685 10682
f 10685 10686 10682
f 10685 9410 10686
f 10682 10686 10684
f 10671 10683 10675
f 10683 10687 10675
f 10683 10684 10687
f 10675 10687 10677
f 8284 10678 8300
f 10678 10688 8300
f 10678 10674 10688
f 8300 10688 8299
f 10674 10689 10688
f 10689 10690 10688
f 10689 10691 10690
f 10688 10690 8299
f 10674 10676 10689
f 10676 10692 10689
f 10676 10677 10692
f 10689 10692 10691
f 8299 10690 8301
f 10690 10693 8301
f 10690 10691 10693
f 8301 10693 7714
f 10694 10695 10696
f 10695 10697 10696
f 10695 10698 10697
f 10696 10697 10699
f 10698 10700 10697
f 10700 10701 10697
f 10700 10702 10701
f 10697 10701 10699
f 10698 10703 10700
f 10703 10704 10700
f 10703 10705 10704
f 10700 10704 10702
f 10699 10701 10706
f 10701 10707 10706
f 10701 10702 10707
f 10706 10707 10708
f 10705 10709 10704
f 10709 10710 10704
f 10709 10711 10710
f 10704 10710 10702
f 10711 10712 10710
f 10712 10713 10710
f 10712 10714 10713
f 10710 10713 10702
f 10711 10715 10712
f 10715 10716 10712
f 10715 10717 10716
f 10712 10716 10714
f 10702 10713 10707
f 10713 10718 10707
f 10713 10714 10718
f 10707 10718 10708
f 10705 10719 10709
f 10719 10720 10709
f 10719 10721 10720
f 10709 10720 10711
f 10721 10722 10720
f 10722 10723 10720
f 10722 10724 10723
f 10720 10723 10711
f 10721 10725 10722
f 10725 10726 10722
f 10725 10727 10726
f 10722 10726 10724
f 10711 10723 10715
f 10723 10728 10715
f 10723 10724 10728
f 10715 10728 10717
f 10708 10718 10729
f 10718 10730 10729
f 10718 10714 10730
f 10729 10730 10731
f 10714 10732 10730
f 10732 10733 10730
f 10732 10734 10733
f 10730 10733 10731
f 10714 10716 10732
f 10716 10735 10732
f 10716 10717 10735
f 10732 10735 10734
f 10731 10733 10736
f 10733 10737 10736
f 10733 10734 10737
f 10736 10737 10738
f 10739 10740 10741
f 10740 10742 10741
f 10740 10743 10742
f 10741 10742 10744
f 10743 10745 10742
f 10745 10746 10742
f 10745 10747 10746
f 10742 10746 10744
f 10743 10748 10745
f 10748 10749 10745
f 10748 10750 10749
f 10745 10749 10747
f 10744 10746 10751
f 10746 10752 10751
f 10746 10747 10752
f 10751 10752 10753
f 10750 10754 10749
f 10754 10755 10749
f 10754 10756 10755
f 10749 10755 10747
f 10756 10757 10755
f 10757 10758 10755
f 10757 10759 10758
f 10755 10758 10747
f 10756 10760 10757
f 10760 10761 10757
f 10760 10762 10761
f 10757 10761 10759
f 10747 10758 10752
f 10758 10763 10752
f 10758 10759 10763
f 10752 10763 10753
f 10750 10764 10754
f 10764 10765 10754
f 10764 10766 10765
f 10754 10765 10756
f 10766 10767 10765
f 10767 10768 10765
f 10767 10769 10768
f 10765 10768 10756
f 10766 10770 10767
f 10770 10771 10767
f 10770 10099 10771
f 10767 10771 10769
f 10756 10768 10760
f 10768 10772 10760
f 10768 10769 10772
f 10760 10772 10762
f 10753 10763 10773
f 10763 10774 10773
f 10763 10759 10774
f 10773 10774 10775
f 10759 10776 10774
f 10776 10777 10774
f 10776 10778 10777
f 10774 10777 10775
f 10759 10761 10776
f 10761 10779 10776
f 10761 10762 10779
f 10776 10779 10778
f 10775 10777 10780
f 10777 10781 10780
f 10777 10778 10781
f 10780 10781 9049
f 10782 10783 10784
f 10783 10785 10784
f 10783 10786 10785
f 10784 10785 10787
f 10786 10788 10785
f 10788 10789 10785
f 10788 10790 10789
f 10785 10789 10787
f 10786 10791 10788
f 10791 10792 10788
f 10791 10793 10792
f 10788 10792 10790
f 10787 10789 10794
f 10789 10795 10794
f 10789 10790 10795
f 10794 10795 10796
f 10793 10797 10792
f 10797 10798 10792
f 10797 10799 10798
f 10792 10798 10790
f 10799 10800 10798
f 10800 10801 10798
f 10800 10802 10801
f 10798 10801 10790
f 10799 10803 10800
f 10803 10804 10800
f 10803 10805 10804
f 10800 10804 10802
f 10790 10801 10795
f 10801 10806 10795
f 10801 10802 10806
f 10795 10806 10796
f 10793 10807 10797
f 10807 10808 10797
f 10807 10809 10808
f 10797 10808 10799
f 10809 10810 10808
f 10810 10811 10808
f 10810 10812 10811
f 10808 10811 10799
f 10809 10813 10810
f 10813 10814 10810
f 10813 8792 10814
f 10810 10814 10812
f 10799 10811 10803
f 10811 10815 10803
f 10811 10812 10815
f 10803 10815 10805
f 10796 10806 10816
f 10806 10817 10816
f 10806 10802 10817
f 10816 10817 10818
f 10802 10819 10817
f 10819 10820 10817
f 10819 10821 10820
f 10817 10820 10818
f 10802 10804 10819
f 10804 10822 10819
f 10804 10805 10822
f 10819 10822 10821
f 10818 10820 10823
f 10820 10824 10823
f 10820 10821 10824
f 10823 10824 9927
f 10099 10101 10825
f 10101 10826 10825
f 10101 10104 10826
f 10825 10826 10827
f 10104 10828 10826
f 10828 10829 10826
f 10828 10830 10829
f 10826 10829 10827
f 10104 10111 10828
f 10111 10831 10828
f 10111 10113 10831
f 10828 10831 10830
f 10827 10829 10832
f 10829 10833 10832
f 10829 10830 10833
f 10832 10833 10834
f 10113 10835 10831
f 10835 10836 10831
f 10835 10837 10836
f 10831 10836 10830
f 10837 10838 10836
f 10838 10839 10836
f 10838 10840 10839
f 10836 10839 10830
f 10837 10841 10838
f 10841 10842 10838
f 10841 10843 10842
f 10838 10842 10840
f 10830 10839 10833
f 10839 10844 10833
f 10839 10840 10844
f 10833 10844 10834
f 10113 10133 10835
f 10133 10845 10835
f 10133 10135 10845
f 10835 10845 10837
f 10135 10846 10845
f 10846 10847 10845
f 10846 10848 10847
f 10845 10847 10837
f 10135 10140 10846
f 10140 10849 10846
f 10140 10142 10849
f 10846 10849 10848
f 10837 10847 10841
f 10847 10850 10841
f 10847 10848 10850
f 10841 10850 10843
f 10834 10844 10851
f 10844 10852 10851
f 10844 10840 10852
f 10851 10852 10853
f 10840 10854 10852
f 10854 10855 10852
f 10854 10856 10855
f 10852 10855 10853
f 10840 10842 10854
f 10842 10857 10854
f 10842 10843 10857
f 10854 10857 10856
f 10853 10855 10858
f 10855 10859 10858
f 10855 10856 10859
f 10858 10859 7927
f 2838 10516 10461
f 10516 10860 10461
f 10516 10514 10860
f 10461 10860 10463
f 10514 10861 10860
f 10861 10862 10860
f 10861 10863 10862
f 10860 10862 10463
f 10514 10515 10861
f 10515 10864 10861
f 10515 10503 10864
f 10861 10864 10863
f 10463 10862 10467
f 10862 10865 10467
f 10862 10863 10865
f 10467 10865 10469
f 10503 10866 10864
f 10866 10867 10864
f 10866 10868 10867
f 10864 10867 10863
f 10868 10869 10867
f 10869 10870 10867
f 10869 10871 10870
f 10867 10870 10863
f 10868 10872 10869
f 10872 10873 10869
f 10872 10044 10873
f 10869 10873 10871
f 10863 10870 10865
f 10870 10874 10865
f 10870 10871 10874
f 10865 10874 10469
f 10503 10510 10866
f 10510 10875 10866
f 10510 10508 10875
f 10866 10875 10868
f 10508 10876 10875
f 10876 10877 10875
f 10876 10058 10877
f 10875 10877 10868
f 10508 10509 10876
f 10509 10062 10876
f 10509 8675 10062
f 10876 10062 10058
f 10868 10877 10872
f 10877 10056 10872
f 10877 10058 10056
f 10872 10056 10044
f 10469 10874 10480
f 10874 10878 10480
f 10874 10871 10878
f 10480 10878 10482
f 10871 10879 10878
f 10879 10880 10878
f 10879 10038 10880
f 10878 10880 10482
f 10871 10873 10879
f 10873 10042 10879
f 10873 10044 10042
f 10879 10042 10038
f 10482 10880 10485
f 10880 10036 10485
f 10880 10038 10036
f 10485 10036 7883
f 2874 10460 2943
f 10460 10881 2943
f 10460 10458 10881
f 2943 10881 2938
f 10458 10882 10881
f 10882 10883 10881
f 10882 10884 10883
f 10881 10883 2938
f 10458 10459 10882
f 10459 10885 10882
f 10459 10444 10885
f 10882 10885 10884
f 2938 10883 2936
f 10883 10886 2936
f 10883 10884 10886
f 2936 10886 2919
f 10444 10887 10885
f 10887 10888 10885
f 10887 10889 10888
f 10885 10888 10884
f 10889 10890 10888
f 10890 10891 10888
f 10890 10892 10891
f 10888 10891 10884
f 10889 10893 10890
f 10893 10894 10890
f 10893 9501 10894
f 10890 10894 10892
f 10884 10891 10886
f 10891 10895 10886
f 10891 10892 10895
f 10886 10895 2919
f 10444 10454 10887
f 10454 10896 10887
f 10454 10451 10896
f 10887 10896 10889
f 10451 10897 10896
f 10897 10898 10896
f 10897 9515 10898
f 10896 10898 10889
f 10451 10453 10897
f 10453 9519 10897
f 10453 9521 9519
f 10897 9519 9515
f 10889 10898 10893
f 10898 9513 10893
f 10898 9515 9513
f 10893 9513 9501
f 2919 10895 2917
f 10895 10899 2917
f 10895 10892 10899
f 2917 10899 2912
f 10892 10900 10899
f 10900 10901 10899
f 10900 9495 10901
f 10899 10901 2912
f 10892 10894 10900
f 10894 9499 10900
f 10894 9501 9499
f 10900 9499 9495
f 2912 10901 2910
f 10901 9493 2910
f 10901 9495 9493
f 2910 9493 1046
f 10142 10518 10849
f 10518 10902 10849
f 10518 10521 10902
f 10849 10902 10848
f 10521 10903 10902
f 10903 10904 10902
f 10903 10905 10904
f 10902 10904 10848
f 10521 10528 10903
f 10528 10906 10903
f 10528 10530 10906
f 10903 10906 10905
f 10848 10904 10850
f 10904 10907 10850
f 10904 10905 10907
f 10850 10907 10843
f 10530 10908 10906
f 10908 10909 10906
f 10908 10910 10909
f 10906 10909 10905
f 10910 10911 10909
f 10911 10912 10909
f 10911 10913 10912
f 10909 10912 10905
f 10910 10914 10911
f 10914 10915 10911
f 10914 8139 10915
f 10911 10915 10913
f 10905 10912 10907
f 10912 10916 10907
f 10912 10913 10916
f 10907 10916 10843
f 10530 10546 10908
f 10546 10917 10908
f 10546 10548 10917
f 10908 10917 10910
f 10548 10918 10917
f 10918 10919 10917
f 10918 8153 10919
f 10917 10919 10910
f 10548 10551 10918
f 10551 8157 10918
f 10551 7956 8157
f 10918 8157 8153
f 10910 10919 10914
f 10919 8151 10914
f 10919 8153 8151
f 10914 8151 8139
f 10843 10916 10857
f 10916 10920 10857
f 10916 10913 10920
f 10857 10920 10856
f 10913 10921 10920
f 10921 10922 10920
f 10921 8133 10922
f 10920 10922 10856
f 10913 10915 10921
f 10915 8137 10921
f 10915 8139 8137
f 10921 8137 8133
f 10856 10922 10859
f 10922 8131 10859
f 10922 8133 8131
f 10859 8131 7927
f 314 10587 312
f 10587 10923 312
f 10587 10585 10923
f 312 10923 307
f 10585 10924 10923
f 10924 10925 10923
f 10924 10926 10925
f 10923 10925 307
f 10585 10586 10924
f 10586 10927 10924
f 10586 10570 10927
f 10924 10927 10926
f 307 10925 305
f 10925 10928 305
f 10925 10926 10928
f 305 10928 284
f 10570 10929 10927
f 10929 10930 10927
f 10929 10931 10930
f 10927 10930 10926
f 10931 10932 10930
f 10932 10933 10930
f 10932 10934 10933
f 10930 10933 10926
f 10931 10935 10932
f 10935 10936 10932
f 10935 10937 10936
f 10932 10936 10934
f 10926 10933 10928
f 10933 10938 10928
f 10933 10934 10938
f 10928 10938 284
f 10570 10581 10929
f 10581 10939 10929
f 10581 10577 10939
f 10929 10939 10931
f 10577 10940 10939
f 10940 10941 10939
f 10940 10942 10941
f 10939 10941 10931
f 10577 10579 10940
f 10579 10943 10940
f 10579 10580 10943
f 10940 10943 10942
f 10931 10941 10935
f 10941 10944 10935
f 10941 10942 10944
f 10935 10944 10937
f 284 10938 282
f 10938 10945 282
f 10938 10934 10945
f 282 10945 275
f 10934 10946 10945
f 10946 10947 10945
f 10946 10948 10947
f 10945 10947 275
f 10934 10936 10946
f 10936 10949 10946
f 10936 10937 10949
f 10946 10949 10948
f 275 10947 272
f 10947 10950 272
f 10947 10948 10950
f 272 10950 270
f 9049 9892 10951
f 9892 10952 10951
f 9892 9894 10952
f 10951 10952 10953
f 9894 10954 10952
f 10954 10955 10952
f 10954 10956 10955
f 10952 10955 10953
f 9894 9899 10954
f 9899 10957 10954
f 9899 9901 10957
f 10954 10957 10956
f 10953 10955 10958
f 10955 10959 10958
f 10955 10956 10959
f 10958 10959 10960
f 9901 10961 10957
f 10961 10962 10957
f 10961 10963 10962
f 10957 10962 10956
f 10963 10964 10962
f 10964 10965 10962
f 10964 10966 10965
f 10962 10965 10956
f 10963 10967 10964
f 10967 10968 10964
f 10967 10969 10968
f 10964 10968 10966
f 10956 10965 10959
f 10965 10970 10959
f 10965 10966 10970
f 10959 10970 10960
f 9901 9918 10961
f 9918 10971 10961
f 9918 9920 10971
f 10961 10971 10963
f 9920 10972 10971
f 10972 10973 10971
f 10972 10974 10973
f 10971 10973 10963
f 9920 9925 10972
f 9925 10975 10972
f 9925 9927 10975
f 10972 10975 10974
f 10963 10973 10967
f 10973 10976 10967
f 10973 10974 10976
f 10967 10976 10969
f 10960 10970 10977
f 10970 10978 10977
f 10970 10966 10978
f 10977 10978 10979
f 10966 10980 10978
f 10980 10981 10978
f 10980 10982 10981
f 10978 10981 10979
f 10966 10968 10980
f 10968 10983 10980
f 10968 10969 10983
f 10980 10983 10982
f 10979 10981 10984
f 10981 10985 10984
f 10981 10982 10985
f 10984 10985 10694
f 10739 10986 10987
f 10986 10988 10987
f 10986 10989 10988
f 10987 10988 10990
f 10989 10991 10988
f 10991 10992 10988
f 10991 10993 10992
f 10988 10992 10990
f 10989 10994 10991
f 10994 10995 10991
f 10994 10996 10995
f 10991 10995 10993
f 10990 10992 10997
f 10992 10998 10997
f 10992 10993 10998
f 10997 10998 10999
f 10996 11000 10995
f 11000 11001 10995
f 11000 11002 11001
f 10995 11001 10993
f 11002 11003 11001
f 11003 11004 11001
f 11003 11005 11004
f 11001 11004 10993
f 11002 11006 11003
f 11006 11007 11003
f 11006 10708 11007
f 11003 11007 11005
f 10993 11004 10998
f 11004 11008 10998
f 11004 11005 11008
f 10998 11008 10999
f 10996 11009 11000
f 11009 11010 11000
f 11009 11011 11010
f 11000 11010 11002
f 11011 11012 11010
f 11012 11013 11010
f 11012 10699 11013
f 11010 11013 11002
f 11011 11014 11012
f 11014 10696 11012
f 11014 10694 10696
f 11012 10696 10699
f 11002 11013 11006
f 11013 10706 11006
f 11013 10699 10706
f 11006 10706 10708
f 10999 11008 11015
f 11008 11016 11015
f 11008 11005 11016
f 11015 11016 11017
f 11005 11018 11016
f 11018 11019 11016
f 11018 10731 11019
f 11016 11019 11017
f 11005 11007 11018
f 11007 10729 11018
f 11007 10708 10729
f 11018 10729 10731
f 11017 11019 11020
f 11019 10736 11020
f 11019 10731 10736
f 11020 10736 10738
f 10739 10741 10986
f 10741 11021 10986
f 10741 10744 11021
f 10986 11021 10989
f 10744 11022 11021
f 11022 11023 11021
f 11022 11024 11023
f 11021 11023 10989
f 10744 10751 11022
f 10751 11025 11022
f 10751 10753 11025
f 11022 11025 11024
f 10989 11023 10994
f 11023 11026 10994
f 11023 11024 11026
f 10994 11026 10996
f 10753 11027 11025
f 11027 11028 11025
f 11027 11029 11028
f 11025 11028 11024
f 11029 11030 11028
f 11030 11031 11028
f 11030 11032 11031
f 11028 11031 11024
f 11029 11033 11030
f 11033 11034 11030
f 11033 10960 11034
f 11030 11034 11032
f 11024 11031 11026
f 11031 11035 11026
f 11031 11032 11035
f 11026 11035 10996
f 10753 10773 11027
f 10773 11036 11027
f 10773 10775 11036
f 11027 11036 11029
f 10775 11037 11036
f 11037 11038 11036
f 11037 10953 11038
f 11036 11038 11029
f 10775 10780 11037
f 10780 10951 11037
f 10780 9049 10951
f 11037 10951 10953
f 11029 11038 11033
f 11038 10958 11033
f 11038 10953 10958
f 11033 10958 10960
f 10996 11035 11009
f 11035 11039 11009
f 11035 11032 11039
f 11009 11039 11011
f 11032 11040 11039
f 11040 11041 11039
f 11040 10979 11041
f 11039 11041 11011
f 11032 11034 11040
f 11034 10977 11040
f 11034 10960 10977
f 11040 10977 10979
f 11011 11041 11014
f 11041 10984 11014
f 11041 10979 10984
f 11014 10984 10694
f 10099 10825 10771
f 10825 11042 10771
f 10825 10827 11042
f 10771 11042 10769
f 10827 11043 11042
f 11043 11044 11042
f 11043 11045 11044
f 11042 11044 10769
f 10827 10832 11043
f 10832 11046 11043
f 10832 10834 11046
f 11043 11046 11045
f 10769 11044 10772
f 11044 11047 10772
f 11044 11045 11047
f 10772 11047 10762
f 10834 11048 11046
f 11048 11049 11046
f 11048 11050 11049
f 11046 11049 11045
f 11050 11051 11049
f 11051 11052 11049
f 11051 11053 11052
f 11049 11052 11045
f 11050 11054 11051
f 11054 11055 11051
f 11054 9023 11055
f 11051 11055 11053
f 11045 11052 11047
f 11052 11056 11047
f 11052 11053 11056
f 11047 11056 10762
f 10834 10851 11048
f 10851 11057 11048
f 10851 10853 11057
f 11048 11057 11050
f 10853 11058 11057
f 11058 11059 11057
f 11058 9016 11059
f 11057 11059 11050
f 10853 10858 11058
f 10858 9014 11058
f 10858 7927 9014
f 11058 9014 9016
f 11050 11059 11054
f 11059 9021 11054
f 11059 9016 9021
f 11054 9021 9023
f 10762 11056 10779
f 11056 11060 10779
f 11056 11053 11060
f 10779 11060 10778
f 11053 11061 11060
f 11061 11062 11060
f 11061 9042 11062
f 11060 11062 10778
f 11053 11055 11061
f 11055 9040 11061
f 11055 9023 9040
f 11061 9040 9042
f 10778 11062 10781
f 11062 9047 10781
f 11062 9042 9047
f 10781 9047 9049
f 11063 11064 11065
f 11064 11066 11065
f 11064 11067 11066
f 11065 11066 11068
f 11067 11069 11066
f 11069 11070 11066
f 11069 11071 11070
f 11066 11070 11068
f 11067 11072 11069
f 11072 11073 11069
f 11072 11074 11073
f 11069 11073 11071
f 11068 11070 11075
f 11070 11076 11075
f 11070 11071 11076
f 11075 11076 11077
f 11074 11078 11073
f 11078 11079 11073
f 11078 11080 11079
f 11073 11079 11071
f 11080 11081 11079
f 11081 11082 11079
f 11081 11083 11082
f 11079 11082 11071
f 11080 11084 11081
f 11084 11085 11081
f 11084 10999 11085
f 11081 11085 11083
f 11071 11082 11076
f 11082 11086 11076
f 11082 11083 11086
f 11076 11086 11077
f 11074 11087 11078
f 11087 11088 11078
f 11087 11089 11088
f 11078 11088 11080
f 11089 11090 11088
f 11090 11091 11088
f 11090 10990 11091
f 11088 11091 11080
f 11089 11092 11090
f 11092 10987 11090
f 11092 10739 10987
f 11090 10987 10990
f 11080 11091 11084
f 11091 10997 11084
f 11091 10990 10997
f 11084 10997 10999
f 11077 11086 11093
f 11086 11094 11093
f 11086 11083 11094
f 11093 11094 11095
f 11083 11096 11094
f 11096 11097 11094
f 11096 11017 11097
f 11094 11097 11095
f 11083 11085 11096
f 11085 11015 11096
f 11085 10999 11015
f 11096 11015 11017
f 11095 11097 11098
f 11097 11020 11098
f 11097 11017 11020
f 11098 11020 10738
f 7872 10623 7871
f 10623 11099 7871
f 10623 10621 11099
f 7871 11099 7869
f 10621 11100 11099
f 11100 11101 11099
f 11100 11102 11101
f 11099 11101 7869
f 10621 10622 11100
f 10622 11103 11100
f 10622 10606 11103
f 11100 11103 11102
f 7869 11101 7873
f 11101 11104 7873
f 11101 11102 11104
f 7873 11104 7862
f 10606 11105 11103
f 11105 11106 11103
f 11105 11107 11106
f 11103 11106 11102
f 11107 11108 11106
f 11108 11109 11106
f 11108 11110 11109
f 11106 11109 11102
f 11107 11111 11108
f 11111 11112 11108
f 11111 11113 11112
f 11108 11112 11110
f 11102 11109 11104
f 11109 11114 11104
f 11109 11110 11114
f 11104 11114 7862
f 10606 10617 11105
f 10617 11115 11105
f 10617 10613 11115
f 11105 11115 11107
f 10613 11116 11115
f 11116 11117 11115
f 11116 11118 11117
f 11115 11117 11107
f 10613 10615 11116
f 10615 11119 11116
f 10615 10616 11119
f 11116 11119 11118
f 11107 11117 11111
f 11117 11120 11111
f 11117 11118 11120
f 11111 11120 11113
f 7862 11114 7880
f 11114 11121 7880
f 11114 11110 11121
f 7880 11121 7879
f 11110 11122 11121
f 11122 11123 11121
f 11122 11124 11123
f 11121 11123 7879
f 11110 11112 11122
f 11112 11125 11122
f 11112 11113 11125
f 11122 11125 11124
f 7879 11123 7882
f 11123 11126 7882
f 11123 11124 11126
f 7882 11126 6454
f 11063 11065 11127
f 11065 11128 11127
f 11065 11068 11128
f 11127 11128 11129
f 11068 11130 11128
f 11130 11131 11128
f 11130 11132 11131
f 11128 11131 11129
f 11068 11075 11130
f 11075 11133 11130
f 11075 11077 11133
f 11130 11133 11132
f 11129 11131 11134
f 11131 11135 11134
f 11131 11132 11135
f 11134 11135 11136
f 11077 11137 11133
f 11137 11138 11133
f 11137 11139 11138
f 11133 11138 11132
f 11139 11140 11138
f 11140 11141 11138
f 11140 11142 11141
f 11138 11141 11132
f 11139 11143 11140
f 11143 11144 11140
f 11143 11145 11144
f 11140 11144 11142
f 11132 11141 11135
f 11141 11146 11135
f 11141 11142 11146
f 11135 11146 11136
f 11077 11093 11137
f 11093 11147 11137
f 11093 11095 11147
f 11137 11147 11139
f 11095 11148 11147
f 11148 11149 11147
f 11148 11150 11149
f 11147 11149 11139
f 11095 11098 11148
f 11098 11151 11148
f 11098 10738 11151
f 11148 11151 11150
f 11139 11149 11143
f 11149 11152 11143
f 11149 11150 11152
f 11143 11152 11145
f 11136 11146 11153
f 11146 11154 11153
f 11146 11142 11154
f 11153 11154 11155
f 11142 11156 11154
f 11156 11157 11154
f 11156 11158 11157
f 11154 11157 11155
f 11142 11144 11156
f 11144 11159 11156
f 11144 11145 11159
f 11156 11159 11158
f 11155 11157 11160
f 11157 11161 11160
f 11157 11158 11161
f 11160 11161 11162
f 11162 11163 11164
f 11163 11165 11164
f 11163 11166 11165
f 11164 11165 11167
f 11166 11168 11165
f 11168 11169 11165
f 11168 11170 11169
f 11165 11169 11167
f 11166 11171 11168
f 11171 11172 11168
f 11171 11173 11172
f 11168 11172 11170
f 11167 11169 11174
f 11169 11175 11174
f 11169 11170 11175
f 11174 11175 11176
f 11173 11177 11172
f 11177 11178 11172
f 11177 11179 11178
f 11172 11178 11170
f 11179 11180 11178
f 11180 11181 11178
f 11180 11182 11181
f 11178 11181 11170
f 11179 11183 11180
f 11183 11184 11180
f 11183 11185 11184
f 11180 11184 11182
f 11170 11181 11175
f 11181 11186 11175
f 11181 11182 11186
f 11175 11186 11176
f 11173 11187 11177
f 11187 11188 11177
f 11187 11189 11188
f 11177 11188 11179
f 11189 11190 11188
f 11190 11191 11188
f 11190 11192 11191
f 11188 11191 11179
f 11189 11193 11190
f 11193 11194 11190
f 11193 11195 11194
f 11190 11194 11192
f 11179 11191 11183
f 11191 11196 11183
f 11191 11192 11196
f 11183 11196 11185
f 11176 11186 11197
f 11186 11198 11197
f 11186 11182 11198
f 11197 11198 11199
f 11182 11200 11198
f 11200 11201 11198
f 11200 11202 11201
f 11198 11201 11199
f 11182 11184 11200
f 11184 11203 11200
f 11184 11185 11203
f 11200 11203 11202
f 11199 11201 11204
f 11201 11205 11204
f 11201 11202 11205
f 11204 11205 9422
f 11206 11207 11208
f 11207 11209 11208
f 11207 11210 11209
f 11208 11209 11211
f 11210 11212 11209
f 11212 11213 11209
f 11212 11214 11213
f 11209 11213 11211
f 11210 11215 11212
f 11215 11216 11212
f 11215 11217 11216
f 11212 11216 11214
f 11211 11213 11218
f 11213 11219 11218
f 11213 11214 11219
f 11218 11219 11220
f 11217 11221 11216
f 11221 11222 11216
f 11221 11223 11222
f 11216 11222 11214
f 11223 11224 11222
f 11224 11225 11222
f 11224 11226 11225
f 11222 11225 11214
f 11223 11227 11224
f 11227 11228 11224
f 11227 11136 11228
f 11224 11228 11226
f 11214 11225 11219
f 11225 11229 11219
f 11225 11226 11229
f 11219 11229 11220
f 11217 11230 11221
f 11230 11231 11221
f 11230 11232 11231
f 11221 11231 11223
f 11232 11233 11231
f 11233 11234 11231
f 11233 11129 11234
f 11231 11234 11223
f 11232 11235 11233
f 11235 11127 11233
f 11235 11063 11127
f 11233 11127 11129
f 11223 11234 11227
f 11234 11134 11227
f 11234 11129 11134
f 11227 11134 11136
f 11220 11229 11236
f 11229 11237 11236
f 11229 11226 11237
f 11236 11237 11238
f 11226 11239 11237
f 11239 11240 11237
f 11239 11155 11240
f 11237 11240 11238
f 11226 11228 11239
f 11228 11153 11239
f 11228 11136 11153
f 11239 11153 11155
f 11238 11240 11241
f 11240 11160 11241
f 11240 11155 11160
f 11241 11160 11162
f 1740 11242 4522
f 11242 11243 4522
f 11242 11244 11243
f 4522 11243 4519
f 11244 11245 11243
f 11245 11246 11243
f 11245 11247 11246
f 11243 11246 4519
f 11244 11248 11245
f 11248 11249 11245
f 11248 11250 11249
f 11245 11249 11247
f 4519 11246 4517
f 11246 11251 4517
f 11246 11247 11251
f 4517 11251 4501
f 11250 11252 11249
f 11252 11253 11249
f 11252 11254 11253
f 11249 11253 11247
f 11254 11255 11253
f 11255 11256 11253
f 11255 11257 11256
f 11253 11256 11247
f 11254 11258 11255
f 11258 11259 11255
f 11258 8882 11259
f 11255 11259 11257
f 11247 11256 11251
f 11256 11260 11251
f 11256 11257 11260
f 11251 11260 4501
f 11250 11261 11252
f 11261 11262 11252
f 11261 11263 11262
f 11252 11262 11254
f 11263 11264 11262
f 11264 11265 11262
f 11264 8898 11265
f 11262 11265 11254
f 11263 11266 11264
f 11266 8902 11264
f 11266 8904 8902
f 11264 8902 8898
f 11254 11265 11258
f 11265 8896 11258
f 11265 8898 8896
f 11258 8896 8882
f 4501 11260 4499
f 11260 11267 4499
f 11260 11257 11267
f 4499 11267 4492
f 11257 11268 11267
f 11268 11269 11267
f 11268 8875 11269
f 11267 11269 4492
f 11257 11259 11268
f 11259 8880 11268
f 11259 8882 8880
f 11268 8880 8875
f 4492 11269 4489
f 11269 8872 4489
f 11269 8875 8872
f 4489 8872 2015
f 11270 11271 11272
f 11271 11273 11272
f 11271 11274 11273
f 11272 11273 11275
f 11274 11276 11273
f 11276 11277 11273
f 11276 11278 11277
f 11273 11277 11275
f 11274 11279 11276
f 11279 11280 11276
f 11279 11281 11280
f 11276 11280 11278
f 11275 11277 11282
f 11277 11283 11282
f 11277 11278 11283
f 11282 11283 11284
f 11281 11285 11280
f 11285 11286 11280
f 11285 11287 11286
f 11280 11286 11278
f 11287 11288 11286
f 11288 11289 11286
f 11288 11290 11289
f 11286 11289 11278
f 11287 11291 11288
f 11291 11292 11288
f 11291 10208 11292
f 11288 11292 11290
f 11278 11289 11283
f 11289 11293 11283
f 11289 11290 11293
f 11283 11293 11284
f 11281 11294 11285
f 11294 11295 11285
f 11294 11296 11295
f 11285 11295 11287
f 11296 11297 11295
f 11297 11298 11295
f 11297 10201 11298
f 11295 11298 11287
f 11296 11299 11297
f 11299 10199 11297
f 11299 8561 10199
f 11297 10199 10201
f 11287 11298 11291
f 11298 10206 11291
f 11298 10201 10206
f 11291 10206 10208
f 11284 11293 11300
f 11293 11301 11300
f 11293 11290 11301
f 11300 11301 11302
f 11290 11303 11301
f 11303 11304 11301
f 11303 10223 11304
f 11301 11304 11302
f 11290 11292 11303
f 11292 10221 11303
f 11292 10208 10221
f 11303 10221 10223
f 11302 11304 11305
f 11304 10226 11305
f 11304 10223 10226
f 11305 10226 8597
f 11306 11307 11308
f 11307 11309 11308
f 11307 11310 11309
f 11308 11309 11311
f 11310 11312 11309
f 11312 11313 11309
f 11312 11314 11313
f 11309 11313 11311
f 11310 11315 11312
f 11315 11316 11312
f 11315 11317 11316
f 11312 11316 11314
f 11311 11313 11318
f 11313 11319 11318
f 11313 11314 11319
f 11318 11319 11320
f 11317 11321 11316
f 11321 11322 11316
f 11321 11323 11322
f 11316 11322 11314
f 11323 11324 11322
f 11324 11325 11322
f 11324 11326 11325
f 11322 11325 11314
f 11323 11327 11324
f 11327 11328 11324
f 11327 11329 11328
f 11324 11328 11326
f 11314 11325 11319
f 11325 11330 11319
f 11325 11326 11330
f 11319 11330 11320
f 11317 11331 11321
f 11331 11332 11321
f 11331 11333 11332
f 11321 11332 11323
f 11333 11334 11332
f 11334 11335 11332
f 11334 11336 11335
f 11332 11335 11323
f 11333 11337 11334
f 11337 11338 11334
f 11337 9708 11338
f 11334 11338 11336
f 11323 11335 11327
f 11335 11339 11327
f 11335 11336 11339
f 11327 11339 11329
f 11320 11330 11340
f 11330 11341 11340
f 11330 11326 11341
f 11340 11341 11342
f 11326 11343 11341
f 11343 11344 11341
f 11343 11345 11344
f 11341 11344 11342
f 11326 11328 11343
f 11328 11346 11343
f 11328 11329 11346
f 11343 11346 11345
f 11342 11344 11347
f 11344 11348 11347
f 11344 11345 11348
f 11347 11348 11349
f 9928 11350 9929
f 11350 11351 9929
f 11350 11352 11351
f 9929 11351 9932
f 11352 11353 11351
f 11353 11354 11351
f 11353 11355 11354
f 11351 11354 9932
f 11352 11356 11353
f 11356 11357 11353
f 11356 11358 11357
f 11353 11357 11355
f 9932 11354 9937
f 11354 11359 9937
f 11354 11355 11359
f 9937 11359 9939
f 11358 11360 11357
f 11360 11361 11357
f 11360 11362 11361
f 11357 11361 11355
f 11362 11363 11361
f 11363 11364 11361
f 11363 11365 11364
f 11361 11364 11355
f 11362 11366 11363
f 11366 11367 11363
f 11366 11368 11367
f 11363 11367 11365
f 11355 11364 11359
f 11364 11369 11359
f 11364 11365 11369
f 11359 11369 9939
f 11358 11370 11360
f 11370 11371 11360
f 11370 11372 11371
f 11360 11371 11362
f 11372 11373 11371
f 11373 11374 11371
f 11373 11375 11374
f 11371 11374 11362
f 11372 11376 11373
f 11376 11377 11373
f 11376 11378 11377
f 11373 11377 11375
f 11362 11374 11366
f 11374 11379 11366
f 11374 11375 11379
f 11366 11379 11368
f 9939 11369 9953
f 11369 11380 9953
f 11369 11365 11380
f 9953 11380 9955
f 11365 11381 11380
f 11381 11382 11380
f 11381 11383 11382
f 11380 11382 9955
f 11365 11367 11381
f 11367 11384 11381
f 11367 11368 11384
f 11381 11384 11383
f 9955 11382 9959
f 11382 11385 9959
f 11382 11383 11385
f 9959 11385 9961
f 10142 11386 10517
f 11386 11387 10517
f 11386 11388 11387
f 10517 11387 10520
f 11388 11389 11387
f 11389 11390 11387
f 11389 11391 11390
f 11387 11390 10520
f 11388 11392 11389
f 11392 11393 11389
f 11392 11394 11393
f 11389 11393 11391
f 10520 11390 10525
f 11390 11395 10525
f 11390 11391 11395
f 10525 11395 10527
f 11394 11396 11393
f 11396 11397 11393
f 11396 11398 11397
f 11393 11397 11391
f 11398 11399 11397
f 11399 11400 11397
f 11399 11401 11400
f 11397 11400 11391
f 11398 11402 11399
f 11402 11403 11399
f 11402 11404 11403
f 11399 11403 11401
f 11391 11400 11395
f 11400 11405 11395
f 11400 11401 11405
f 11395 11405 10527
f 11394 11406 11396
f 11406 11407 11396
f 11406 11408 11407
f 11396 11407 11398
f 11408 11409 11407
f 11409 11410 11407
f 11409 11411 11410
f 11407 11410 11398
f 11408 11412 11409
f 11412 11413 11409
f 11412 11414 11413
f 11409 11413 11411
f 11398 11410 11402
f 11410 11415 11402
f 11410 11411 11415
f 11402 11415 11404
f 10527 11405 10540
f 11405 11416 10540
f 11405 11401 11416
f 10540 11416 10542
f 11401 11417 11416
f 11417 11418 11416
f 11417 11419 11418
f 11416 11418 10542
f 11401 11403 11417
f 11403 11420 11417
f 11403 11404 11420
f 11417 11420 11419
f 10542 11418 10545
f 11418 11421 10545
f 11418 11419 11421
f 10545 11421 9314
f 11306 11308 11422
f 11308 11423 11422
f 11308 11311 11423
f 11422 11423 11424
f 11311 11425 11423
f 11425 11426 11423
f 11425 11427 11426
f 11423 11426 11424
f 11311 11318 11425
f 11318 11428 11425
f 11318 11320 11428
f 11425 11428 11427
f 11424 11426 11429
f 11426 11430 11429
f 11426 11427 11430
f 11429 11430 11431
f 11320 11432 11428
f 11432 11433 11428
f 11432 11434 11433
f 11428 11433 11427
f 11434 11435 11433
f 11435 11436 11433
f 11435 11437 11436
f 11433 11436 11427
f 11434 11438 11435
f 11438 11439 11435
f 11438 11440 11439
f 11435 11439 11437
f 11427 11436 11430
f 11436 11441 11430
f 11436 11437 11441
f 11430 11441 11431
f 11320 11340 11432
f 11340 11442 11432
f 11340 11342 11442
f 11432 11442 11434
f 11342 11443 11442
f 11443 11444 11442
f 11443 11445 11444
f 11442 11444 11434
f 11342 11347 11443
f 11347 11446 11443
f 11347 11349 11446
f 11443 11446 11445
f 11434 11444 11438
f 11444 11447 11438
f 11444 11445 11447
f 11438 11447 11440
f 11431 11441 11448
f 11441 11449 11448
f 11441 11437 11449
f 11448 11449 11450
f 11437 11451 11449
f 11451 11452 11449
f 11451 11453 11452
f 11449 11452 11450
f 11437 11439 11451
f 11439 11454 11451
f 11439 11440 11454
f 11451 11454 11453
f 11450 11452 11455
f 11452 11456 11455
f 11452 11453 11456
f 11455 11456 10299
f 11206 11457 11458
f 11457 11459 11458
f 11457 11460 11459
f 11458 11459 11461
f 11460 11462 11459
f 11462 11463 11459
f 11462 11464 11463
f 11459 11463 11461
f 11460 11465 11462
f 11465 11466 11462
f 11465 11467 11466
f 11462 11466 11464
f 11461 11463 11468
f 11463 11469 11468
f 11463 11464 11469
f 11468 11469 11470
f 11467 11471 11466
f 11471 11472 11466
f 11471 11473 11472
f 11466 11472 11464
f 11473 11474 11472
f 11474 11475 11472
f 11474 11476 11475
f 11472 11475 11464
f 11473 11477 11474
f 11477 11478 11474
f 11477 9436 11478
f 11474 11478 11476
f 11464 11475 11469
f 11475 11479 11469
f 11475 11476 11479
f 11469 11479 11470
f 11467 11480 11471
f 11480 11481 11471
f 11480 11482 11481
f 11471 11481 11473
f 11482 11483 11481
f 11483 11484 11481
f 11483 9427 11484
f 11481 11484 11473
f 11482 11485 11483
f 11485 9424 11483
f 11485 9422 9424
f 11483 9424 9427
f 11473 11484 11477
f 11484 9434 11477
f 11484 9427 9434
f 11477 9434 9436
f 11470 11479 11486
f 11479 11487 11486
f 11479 11476 11487
f 11486 11487 11488
f 11476 11489 11487
f 11489 11490 11487
f 11489 9454 11490
f 11487 11490 11488
f 11476 11478 11489
f 11478 9452 11489
f 11478 9436 9452
f 11489 9452 9454
f 11488 11490 11491
f 11490 9457 11491
f 11490 9454 9457
f 11491 9457 8561
f 7996 8950 8095
f 8950 11492 8095
f 8950 8952 11492
f 8095 11492 8097
f 8952 11493 11492
f 11493 11494 11492
f 11493 11495 11494
f 11492 11494 8097
f 8952 8957 11493
f 8957 11496 11493
f 8957 8959 11496
f 11493 11496 11495
f 8097 11494 8101
f 11494 11497 8101
f 11494 11495 11497
f 8101 11497 8103
f 8959 11498 11496
f 11498 11499 11496
f 11498 11500 11499
f 11496 11499 11495
f 11500 11501 11499
f 11501 11502 11499
f 11501 11503 11502
f 11499 11502 11495
f 11500 11504 11501
f 11504 11505 11501
f 11504 11506 11505
f 11501 11505 11503
f 11495 11502 11497
f 11502 11507 11497
f 11502 11503 11507
f 11497 11507 8103
f 8959 8976 11498
f 8976 11508 11498
f 8976 8978 11508
f 11498 11508 11500
f 8978 11509 11508
f 11509 11510 11508
f 11509 11511 11510
f 11508 11510 11500
f 8978 8983 11509
f 8983 11512 11509
f 8983 8985 11512
f 11509 11512 11511
f 11500 11510 11504
f 11510 11513 11504
f 11510 11511 11513
f 11504 11513 11506
f 8103 11507 8115
f 11507 11514 8115
f 11507 11503 11514
f 8115 11514 8117
f 11503 11515 11514
f 11515 11516 11514
f 11515 11517 11516
f 11514 11516 8117
f 11503 11505 11515
f 11505 11518 11515
f 11505 11506 11518
f 11515 11518 11517
f 8117 11516 8121
f 11516 11519 8121
f 11516 11517 11519
f 8121 11519 8123
f 10299 11520 10300
f 11520 11521 10300
f 11520 11522 11521
f 10300 11521 10303
f 11522 11523 11521
f 11523 11524 11521
f 11523 11525 11524
f 11521 11524 10303
f 11522 11526 11523
f 11526 11527 11523
f 11526 11528 11527
f 11523 11527 11525
f 10303 11524 10308
f 11524 11529 10308
f 11524 11525 11529
f 10308 11529 10310
f 11528 11530 11527
f 11530 11531 11527
f 11530 11532 11531
f 11527 11531 11525
f 11532 11533 11531
f 11533 11534 11531
f 11533 11535 11534
f 11531 11534 11525
f 11532 11536 11533
f 11536 11537 11533
f 11536 8274 11537
f 11533 11537 11535
f 11525 11534 11529
f 11534 11538 11529
f 11534 11535 11538
f 11529 11538 10310
f 11528 11539 11530
f 11539 11540 11530
f 11539 11541 11540
f 11530 11540 11532
f 11541 11542 11540
f 11542 11543 11540
f 11542 8288 11543
f 11540 11543 11532
f 11541 11544 11542
f 11544 8292 11542
f 11544 8294 8292
f 11542 8292 8288
f 11532 11543 11536
f 11543 8286 11536
f 11543 8288 8286
f 11536 8286 8274
f 10310 11538 10323
f 11538 11545 10323
f 11538 11535 11545
f 10323 11545 10325
f 11535 11546 11545
f 11546 11547 11545
f 11546 8268 11547
f 11545 11547 10325
f 11535 11537 11546
f 11537 8272 11546
f 11537 8274 8272
f 11546 8272 8268
f 10325 11547 10328
f 11547 8266 10328
f 11547 8268 8266
f 10328 8266 7758
f 11206 11208 11457
f 11208 11548 11457
f 11208 11211 11548
f 11457 11548 11460
f 11211 11549 11548
f 11549 11550 11548
f 11549 11551 11550
f 11548 11550 11460
f 11211 11218 11549
f 11218 11552 11549
f 11218 11220 11552
f 11549 11552 11551
f 11460 11550 11465
f 11550 11553 11465
f 11550 11551 11553
f 11465 11553 11467
f 11220 11554 11552
f 11554 11555 11552
f 11554 11556 11555
f 11552 11555 11551
f 11556 11557 11555
f 11557 11558 11555
f 11557 11559 11558
f 11555 11558 11551
f 11556 11560 11557
f 11560 11561 11557
f 11560 11176 11561
f 11557 11561 11559
f 11551 11558 11553
f 11558 11562 11553
f 11558 11559 11562
f 11553 11562 11467
f 11220 11236 11554
f 11236 11563 11554
f 11236 11238 11563
f 11554 11563 11556
f 11238 11564 11563
f 11564 11565 11563
f 11564 11167 11565
f 11563 11565 11556
f 11238 11241 11564
f 11241 11164 11564
f 11241 11162 11164
f 11564 11164 11167
f 11556 11565 11560
f 11565 11174 11560
f 11565 11167 11174
f 11560 11174 11176
f 11467 11562 11480
f 11562 11566 11480
f 11562 11559 11566
f 11480 11566 11482
f 11559 11567 11566
f 11567 11568 11566
f 11567 11199 11568
f 11566 11568 11482
f 11559 11561 11567
f 11561 11197 11567
f 11561 11176 11197
f 11567 11197 11199
f 11482 11568 11485
f 11568 11204 11485
f 11568 11199 11204
f 11485 11204 9422
f 2794 9321 2792
f 9321 11569 2792
f 9321 9319 11569
f 2792 11569 2787
f 9319 11570 11569
f 11570 11571 11569
f 11570 11572 11571
f 11569 11571 2787
f 9319 9320 11570
f 9320 11573 11570
f 9320 9304 11573
f 11570 11573 11572
f 2787 11571 2785
f 11571 11574 2785
f 11571 11572 11574
f 2785 11574 2765
f 9304 11575 11573
f 11575 11576 11573
f 11575 11577 11576
f 11573 11576 11572
f 11577 11578 11576
f 11578 11579 11576
f 11578 11580 11579
f 11576 11579 11572
f 11577 11581 11578
f 11581 11582 11578
f 11581 11583 11582
f 11578 11582 11580
f 11572 11579 11574
f 11579 11584 11574
f 11579 11580 11584
f 11574 11584 2765
f 9304 9315 11575
f 9315 11585 11575
f 9315 9311 11585
f 11575 11585 11577
f 9311 11586 11585
f 11586 11587 11585
f 11586 11588 11587
f 11585 11587 11577
f 9311 9313 11586
f 9313 11589 11586
f 9313 9314 11589
f 11586 11589 11588
f 11577 11587 11581
f 11587 11590 11581
f 11587 11588 11590
f 11581 11590 11583
f 2765 11584 2763
f 11584 11591 2763
f 11584 11580 11591
f 2763 11591 2756
f 11580 11592 11591
f 11592 11593 11591
f 11592 11594 11593
f 11591 11593 2756
f 11580 11582 11592
f 11582 11595 11592
f 11582 11583 11595
f 11592 11595 11594
f 2756 11593 2753
f 11593 11596 2753
f 11593 11594 11596
f 2753 11596 2751
f 11063 11597 11064
f 11597 11598 11064
f 11597 11599 11598
f 11064 11598 11067
f 11599 11600 11598
f 11600 11601 11598
f 11600 11602 11601
f 11598 11601 11067
f 11599 11603 11600
f 11603 11604 11600
f 11603 11605 11604
f 11600 11604 11602
f 11067 11601 11072
f 11601 11606 11072
f 11601 11602 11606
f 11072 11606 11074
f 11605 11607 11604
f 11607 11608 11604
f 11607 11609 11608
f 11604 11608 11602
f 11609 11610 11608
f 11610 11611 11608
f 11610 11612 11611
f 11608 11611 11602
f 11609 11613 11610
f 11613 11614 11610
f 11613 11615 11614
f 11610 11614 11612
f 11602 11611 11606
f 11611 11616 11606
f 11611 11612 11616
f 11606 11616 11074
f 11605 11617 11607
f 11617 11618 11607
f 11617 11619 11618
f 11607 11618 11609
f 11619 11620 11618
f 11620 11621 11618
f 11620 11622 11621
f 11618 11621 11609
f 11619 11623 11620
f 11623 11624 11620
f 11623 11625 11624
f 11620 11624 11622
f 11609 11621 11613
f 11621 11626 11613
f 11621 11622 11626
f 11613 11626 11615
f 11074 11616 11087
f 11616 11627 11087
f 11616 11612 11627
f 11087 11627 11089
f 11612 11628 11627
f 11628 11629 11627
f 11628 11630 11629
f 11627 11629 11089
f 11612 11614 11628
f 11614 11631 11628
f 11614 11615 11631
f 11628 11631 11630
f 11089 11629 11092
f 11629 11632 11092
f 11629 11630 11632
f 11092 11632 10739
f 9529 9531 10552
f 9531 11633 10552
f 9531 9534 11633
f 10552 11633 10554
f 9534 11634 11633
f 11634 11635 11633
f 11634 11636 11635
f 11633 11635 10554
f 9534 9541 11634
f 9541 11637 11634
f 9541 9543 11637
f 11634 11637 11636
f 10554 11635 10558
f 11635 11638 10558
f 11635 11636 11638
f 10558 11638 10560
f 9543 11639 11637
f 11639 11640 11637
f 11639 11641 11640
f 11637 11640 11636
f 11641 11642 11640
f 11642 11643 11640
f 11642 11644 11643
f 11640 11643 11636
f 11641 11645 11642
f 11645 11646 11642
f 11645 11647 11646
f 11642 11646 11644
f 11636 11643 11638
f 11643 11648 11638
f 11643 11644 11648
f 11638 11648 10560
f 9543 9564 11639
f 9564 11649 11639
f 9564 9566 11649
f 11639 11649 11641
f 9566 11650 11649
f 11650 11651 11649
f 11650 11652 11651
f 11649 11651 11641
f 9566 9571 11650
f 9571 11653 11650
f 9571 9573 11653
f 11650 11653 11652
f 11641 11651 11645
f 11651 11654 11645
f 11651 11652 11654
f 11645 11654 11647
f 10560 11648 10572
f 11648 11655 10572
f 11648 11644 11655
f 10572 11655 10574
f 11644 11656 11655
f 11656 11657 11655
f 11656 11658 11657
f 11655 11657 10574
f 11644 11646 11656
f 11646 11659 11656
f 11646 11647 11659
f 11656 11659 11658
f 10574 11657 10578
f 11657 11660 10578
f 11657 11658 11660
f 10578 11660 10580
f 11195 11661 11194
f 11661 11662 11194
f 11661 11663 11662
f 11194 11662 11192
f 11663 11664 11662
f 11664 11665 11662
f 11664 11666 11665
f 11662 11665 11192
f 11663 11667 11664
f 11667 11668 11664
f 11667 11669 11668
f 11664 11668 11666
f 11192 11665 11196
f 11665 11670 11196
f 11665 11666 11670
f 11196 11670 11185
f 11669 11671 11668
f 11671 11672 11668
f 11671 11673 11672
f 11668 11672 11666
f 11673 11674 11672
f 11674 11675 11672
f 11674 11676 11675
f 11672 11675 11666
f 11673 11677 11674
f 11677 11678 11674
f 11677 9794 11678
f 11674 11678 11676
f 11666 11675 11670
f 11675 11679 11670
f 11675 11676 11679
f 11670 11679 11185
f 11669 11680 11671
f 11680 11681 11671
f 11680 11682 11681
f 11671 11681 11673
f 11682 11683 11681
f 11683 11684 11681
f 11683 9807 11684
f 11681 11684 11673
f 11682 11685 11683
f 11685 9810 11683
f 11685 8482 9810
f 11683 9810 9807
f 11673 11684 11677
f 11684 9805 11677
f 11684 9807 9805
f 11677 9805 9794
f 11185 11679 11203
f 11679 11686 11203
f 11679 11676 11686
f 11203 11686 11202
f 11676 11687 11686
f 11687 11688 11686
f 11687 9788 11688
f 11686 11688 11202
f 11676 11678 11687
f 11678 9792 11687
f 11678 9794 9792
f 11687 9792 9788
f 11202 11688 11205
f 11688 9786 11205
f 11688 9788 9786
f 11205 9786 9422
f 8123 11689 8837
f 11689 11690 8837
f 11689 11691 11690
f 8837 11690 8839
f 11691 11692 11690
f 11692 11693 11690
f 11692 11694 11693
f 11690 11693 8839
f 11691 11695 11692
f 11695 11696 11692
f 11695 11697 11696
f 11692 11696 11694
f 8839 11693 8843
f 11693 11698 8843
f 11693 11694 11698
f 8843 11698 8845
f 11697 11699 11696
f 11699 11700 11696
f 11699 11701 11700
f 11696 11700 11694
f 11701 11702 11700
f 11702 11703 11700
f 11702 11704 11703
f 11700 11703 11694
f 11701 11705 11702
f 11705 11706 11702
f 11705 10277 11706
f 11702 11706 11704
f 11694 11703 11698
f 11703 11707 11698
f 11703 11704 11707
f 11698 11707 8845
f 11697 11708 11699
f 11708 11709 11699
f 11708 11710 11709
f 11699 11709 11701
f 11710 11711 11709
f 11711 11712 11709
f 11711 10268 11712
f 11709 11712 11701
f 11710 11713 11711
f 11713 10265 11711
f 11713 10263 10265
f 11711 10265 10268
f 11701 11712 11705
f 11712 10275 11705
f 11712 10268 10275
f 11705 10275 10277
f 8845 11707 8857
f 11707 11714 8857
f 11707 11704 11714
f 8857 11714 8859
f 11704 11715 11714
f 11715 11716 11714
f 11715 10295 11716
f 11714 11716 8859
f 11704 11706 11715
f 11706 10293 11715
f 11706 10277 10293
f 11715 10293 10295
f 8859 11716 8863
f 11716 10298 8863
f 11716 10295 10298
f 8863 10298 8641
f 10099 11717 10100
f 11717 11718 10100
f 11717 11719 11718
f 10100 11718 10103
f 11719 11720 11718
f 11720 11721 11718
f 11720 11722 11721
f 11718 11721 10103
f 11719 11723 11720
f 11723 11724 11720
f 11723 11725 11724
f 11720 11724 11722
f 10103 11721 10108
f 11721 11726 10108
f 11721 11722 11726
f 10108 11726 10110
f 11725 11727 11724
f 11727 11728 11724
f 11727 11729 11728
f 11724 11728 11722
f 11729 11730 11728
f 11730 11731 11728
f 11730 11732 11731
f 11728 11731 11722
f 11729 11733 11730
f 11733 11734 11730
f 11733 11735 11734
f 11730 11734 11732
f 11722 11731 11726
f 11731 11736 11726
f 11731 11732 11736
f 11726 11736 10110
f 11725 11737 11727
f 11737 11738 11727
f 11737 11739 11738
f 11727 11738 11729
f 11739 11740 11738
f 11740 11741 11738
f 11740 11742 11741
f 11738 11741 11729
f 11739 11743 11740
f 11743 11744 11740
f 11743 11625 11744
f 11740 11744 11742
f 11729 11741 11733
f 11741 11745 11733
f 11741 11742 11745
f 11733 11745 11735
f 10110 11736 10124
f 11736 11746 10124
f 11736 11732 11746
f 10124 11746 10126
f 11732 11747 11746
f 11747 11748 11746
f 11747 11749 11748
f 11746 11748 10126
f 11732 11734 11747
f 11734 11750 11747
f 11734 11735 11750
f 11747 11750 11749
f 10126 11748 10130
f 11748 11751 10130
f 11748 11749 11751
f 10130 11751 9928
f 2751 11596 10227
f 11596 11752 10227
f 11596 11594 11752
f 10227 11752 10229
f 11594 11753 11752
f 11753 11754 11752
f 11753 11755 11754
f 11752 11754 10229
f 11594 11595 11753
f 11595 11756 11753
f 11595 11583 11756
f 11753 11756 11755
f 10229 11754 10233
f 11754 11757 10233
f 11754 11755 11757
f 10233 11757 10235
f 11583 11758 11756
f 11758 11759 11756
f 11758 11760 11759
f 11756 11759 11755
f 11760 11761 11759
f 11761 11762 11759
f 11761 11763 11762
f 11759 11762 11755
f 11760 11764 11761
f 11764 11765 11761
f 11764 11766 11765
f 11761 11765 11763
f 11755 11762 11757
f 11762 11767 11757
f 11762 11763 11767
f 11757 11767 10235
f 11583 11590 11758
f 11590 11768 11758
f 11590 11588 11768
f 11758 11768 11760
f 11588 11769 11768
f 11769 11770 11768
f 11769 11771 11770
f 11768 11770 11760
f 11588 11589 11769
f 11589 11772 11769
f 11589 9314 11772
f 11769 11772 11771
f 11760 11770 11764
f 11770 11773 11764
f 11770 11771 11773
f 11764 11773 11766
f 10235 11767 10247
f 11767 11774 10247
f 11767 11763 11774
f 10247 11774 10249
f 11763 11775 11774
f 11775 11776 11774
f 11775 11777 11776
f 11774 11776 10249
f 11763 11765 11775
f 11765 11778 11775
f 11765 11766 11778
f 11775 11778 11777
f 10249 11776 10253
f 11776 11779 10253
f 11776 11777 11779
f 10253 11779 10255
f 7839 8949 8721
f 8949 11780 8721
f 8949 8946 11780
f 8721 11780 8723
f 8946 11781 11780
f 11781 11782 11780
f 11781 11783 11782
f 11780 11782 8723
f 8946 8947 11781
f 8947 11784 11781
f 8947 8933 11784
f 11781 11784 11783
f 8723 11782 8727
f 11782 11785 8727
f 11782 11783 11785
f 8727 11785 8729
f 8933 11786 11784
f 11786 11787 11784
f 11786 11788 11787
f 11784 11787 11783
f 11788 11789 11787
f 11789 11790 11787
f 11789 11791 11790
f 11787 11790 11783
f 11788 11792 11789
f 11792 11793 11789
f 11792 10151 11793
f 11789 11793 11791
f 11783 11790 11785
f 11790 11794 11785
f 11790 11791 11794
f 11785 11794 8729
f 8933 8940 11786
f 8940 11795 11786
f 8940 8938 11795
f 11786 11795 11788
f 8938 11796 11795
f 11796 11797 11795
f 11796 10164 11797
f 11795 11797 11788
f 8938 8939 11796
f 8939 10167 11796
f 8939 8039 10167
f 11796 10167 10164
f 11788 11797 11792
f 11797 10162 11792
f 11797 10164 10162
f 11792 10162 10151
f 8729 11794 8741
f 11794 11798 8741
f 11794 11791 11798
f 8741 11798 8743
f 11791 11799 11798
f 11799 11800 11798
f 11799 10145 11800
f 11798 11800 8743
f 11791 11793 11799
f 11793 10149 11799
f 11793 10151 10149
f 11799 10149 10145
f 8743 11800 8747
f 11800 10143 8747
f 11800 10145 10143
f 8747 10143 8749
f 270 10950 10391
f 10950 11801 10391
f 10950 10948 11801
f 10391 11801 10393
f 10948 11802 11801
f 11802 11803 11801
f 11802 11804 11803
f 11801 11803 10393
f 10948 10949 11802
f 10949 11805 11802
f 10949 10937 11805
f 11802 11805 11804
f 10393 11803 10397
f 11803 11806 10397
f 11803 11804 11806
f 10397 11806 10399
f 10937 11807 11805
f 11807 11808 11805
f 11807 11809 11808
f 11805 11808 11804
f 11809 11810 11808
f 11810 11811 11808
f 11810 11812 11811
f 11808 11811 11804
f 11809 11813 11810
f 11813 11814 11810
f 11813 11815 11814
f 11810 11814 11812
f 11804 11811 11806
f 11811 11816 11806
f 11811 11812 11816
f 11806 11816 10399
f 10937 10944 11807
f 10944 11817 11807
f 10944 10942 11817
f 11807 11817 11809
f 10942 11818 11817
f 11818 11819 11817
f 11818 11820 11819
f 11817 11819 11809
f 10942 10943 11818
f 10943 11821 11818
f 10943 10580 11821
f 11818 11821 11820
f 11809 11819 11813
f 11819 11822 11813
f 11819 11820 11822
f 11813 11822 11815
f 10399 11816 10411
f 11816 11823 10411
f 11816 11812 11823
f 10411 11823 10413
f 11812 11824 11823
f 11824 11825 11823
f 11824 11826 11825
f 11823 11825 10413
f 11812 11814 11824
f 11814 11827 11824
f 11814 11815 11827
f 11824 11827 11826
f 10413 11825 10417
f 11825 11828 10417
f 11825 11826 11828
f 10417 11828 8836
f 10739 11632 10740
f 11632 11829 10740
f 11632 11630 11829
f 10740 11829 10743
f 11630 11830 11829
f 11830 11831 11829
f 11830 11832 11831
f 11829 11831 10743
f 11630 11631 11830
f 11631 11833 11830
f 11631 11615 11833
f 11830 11833 11832
f 10743 11831 10748
f 11831 11834 10748
f 11831 11832 11834
f 10748 11834 10750
f 11615 11835 11833
f 11835 11836 11833
f 11835 11837 11836
f 11833 11836 11832
f 11837 11838 11836
f 11838 11839 11836
f 11838 11840 11839
f 11836 11839 11832
f 11837 11841 11838
f 11841 11842 11838
f 11841 11725 11842
f 11838 11842 11840
f 11832 11839 11834
f 11839 11843 11834
f 11839 11840 11843
f 11834 11843 10750
f 11615 11626 11835
f 11626 11844 11835
f 11626 11622 11844
f 11835 11844 11837
f 11622 11845 11844
f 11845 11846 11844
f 11845 11739 11846
f 11844 11846 11837
f 11622 11624 11845
f 11624 11743 11845
f 11624 11625 11743
f 11845 11743 11739
f 11837 11846 11841
f 11846 11737 11841
f 11846 11739 11737
f 11841 11737 11725
f 10750 11843 10764
f 11843 11847 10764
f 11843 11840 11847
f 10764 11847 10766
f 11840 11848 11847
f 11848 11849 11847
f 11848 11719 11849
f 11847 11849 10766
f 11840 11842 11848
f 11842 11723 11848
f 11842 11725 11723
f 11848 11723 11719
f 10766 11849 10770
f 11849 11717 10770
f 11849 11719 11717
f 10770 11717 10099
f 9421 9420 11850
f 9420 11851 11850
f 9420 9417 11851
f 11850 11851 11852
f 9417 11853 11851
f 11853 11854 11851
f 11853 11855 11854
f 11851 11854 11852
f 9417 9418 11853
f 9418 11856 11853
f 9418 9400 11856
f 11853 11856 11855
f 11852 11854 11857
f 11854 11858 11857
f 11854 11855 11858
f 11857 11858 11859
f 9400 11860 11856
f 11860 11861 11856
f 11860 11862 11861
f 11856 11861 11855
f 11862 11863 11861
f 11863 11864 11861
f 11863 11865 11864
f 11861 11864 11855
f 11862 11866 11863
f 11866 11867 11863
f 11866 10667 11867
f 11863 11867 11865
f 11855 11864 11858
f 11864 11868 11858
f 11864 11865 11868
f 11858 11868 11859
f 9400 9411 11860
f 9411 11869 11860
f 9411 9407 11869
f 11860 11869 11862
f 9407 11870 11869
f 11870 11871 11869
f 11870 10681 11871
f 11869 11871 11862
f 9407 9409 11870
f 9409 10685 11870
f 9409 9410 10685
f 11870 10685 10681
f 11862 11871 11866
f 11871 10679 11866
f 11871 10681 10679
f 11866 10679 10667
f 11859 11868 11872
f 11868 11873 11872
f 11868 11865 11873
f 11872 11873 11874
f 11865 11875 11873
f 11875 11876 11873
f 11875 10661 11876
f 11873 11876 11874
f 11865 11867 11875
f 11867 10665 11875
f 11867 10667 10665
f 11875 10665 10661
f 11874 11876 11877
f 11876 10659 11877
f 11876 10661 10659
f 11877 10659 8294
f 9972 11878 9970
f 11878 11879 9970
f 11878 11880 11879
f 9970 11879 9965
f 11880 11881 11879
f 11881 11882 11879
f 11881 11883 11882
f 11879 11882 9965
f 11880 11884 11881
f 11884 11885 11881
f 11884 11886 11885
f 11881 11885 11883
f 9965 11882 9963
f 11882 11887 9963
f 11882 11883 11887
f 9963 11887 9942
f 11886 11888 11885
f 11888 11889 11885
f 11888 11890 11889
f 11885 11889 11883
f 11890 11891 11889
f 11891 11892 11889
f 11891 11893 11892
f 11889 11892 11883
f 11890 11894 11891
f 11894 11895 11891
f 11894 11896 11895
f 11891 11895 11893
f 11883 11892 11887
f 11892 11897 11887
f 11892 11893 11897
f 11887 11897 9942
f 11886 11898 11888
f 11898 11899 11888
f 11898 11900 11899
f 11888 11899 11890
f 11900 11901 11899
f 11901 11902 11899
f 11901 11903 11902
f 11899 11902 11890
f 11900 11904 11901
f 11904 11905 11901
f 11904 11414 11905
f 11901 11905 11903
f 11890 11902 11894
f 11902 11906 11894
f 11902 11903 11906
f 11894 11906 11896
f 9942 11897 9940
f 11897 11907 9940
f 11897 11893 11907
f 9940 11907 9933
f 11893 11908 11907
f 11908 11909 11907
f 11908 11910 11909
f 11907 11909 9933
f 11893 11895 11908
f 11895 11911 11908
f 11895 11896 11911
f 11908 11911 11910
f 9933 11909 9930
f 11909 11912 9930
f 11909 11910 11912
f 9930 11912 9928
f 11270 11913 11271
f 11913 11914 11271
f 11913 11915 11914
f 11271 11914 11274
f 11915 11916 11914
f 11916 11917 11914
f 11916 11918 11917
f 11914 11917 11274
f 11915 11919 11916
f 11919 11920 11916
f 11919 11921 11920
f 11916 11920 11918
f 11274 11917 11279
f 11917 11922 11279
f 11917 11918 11922
f 11279 11922 11281
f 11921 11923 11920
f 11923 11924 11920
f 11923 11925 11924
f 11920 11924 11918
f 11925 11926 11924
f 11926 11927 11924
f 11926 11928 11927
f 11924 11927 11918
f 11925 11929 11926
f 11929 11930 11926
f 11929 11470 11930
f 11926 11930 11928
f 11918 11927 11922
f 11927 11931 11922
f 11927 11928 11931
f 11922 11931 11281
f 11921 11932 11923
f 11932 11933 11923
f 11932 11934 11933
f 11923 11933 11925
f 11934 11935 11933
f 11935 11936 11933
f 11935 11461 11936
f 11933 11936 11925
f 11934 11937 11935
f 11937 11458 11935
f 11937 11206 11458
f 11935 11458 11461
f 11925 11936 11929
f 11936 11468 11929
f 11936 11461 11468
f 11929 11468 11470
f 11281 11931 11294
f 11931 11938 11294
f 11931 11928 11938
f 11294 11938 11296
f 11928 11939 11938
f 11939 11940 11938
f 11939 11488 11940
f 11938 11940 11296
f 11928 11930 11939
f 11930 11486 11939
f 11930 11470 11486
f 11939 11486 11488
f 11296 11940 11299
f 11940 11491 11299
f 11940 11488 11491
f 11299 11491 8561
f 11195 11941 11942
f 11941 11943 11942
f 11941 11944 11943
f 11942 11943 11945
f 11944 11946 11943
f 11946 11947 11943
f 11946 11948 11947
f 11943 11947 11945
f 11944 11949 11946
f 11949 11950 11946
f 11949 11951 11950
f 11946 11950 11948
f 11945 11947 11952
f 11947 11953 11952
f 11947 11948 11953
f 11952 11953 11954
f 11951 11955 11950
f 11955 11956 11950
f 11955 11957 11956
f 11950 11956 11948
f 11957 11958 11956
f 11958 11959 11956
f 11958 11960 11959
f 11956 11959 11948
f 11957 11961 11958
f 11961 11962 11958
f 11961 11431 11962
f 11958 11962 11960
f 11948 11959 11953
f 11959 11963 11953
f 11959 11960 11963
f 11953 11963 11954
f 11951 11964 11955
f 11964 11965 11955
f 11964 11966 11965
f 11955 11965 11957
f 11966 11967 11965
f 11967 11968 11965
f 11967 11424 11968
f 11965 11968 11957
f 11966 11969 11967
f 11969 11422 11967
f 11969 11306 11422
f 11967 11422 11424
f 11957 11968 11961
f 11968 11429 11961
f 11968 11424 11429
f 11961 11429 11431
f 11954 11963 11970
f 11963 11971 11970
f 11963 11960 11971
f 11970 11971 11972
f 11960 11973 11971
f 11973 11974 11971
f 11973 11450 11974
f 11971 11974 11972
f 11960 11962 11973
f 11962 11448 11973
f 11962 11431 11448
f 11973 11448 11450
f 11972 11974 11975
f 11974 11455 11975
f 11974 11450 11455
f 11975 11455 10299
f 8402 10035 11976
f 10035 11977 11976
f 10035 10033 11977
f 11976 11977 11978
f 10033 11979 11977
f 11979 11980 11977
f 11979 11981 11980
f 11977 11980 11978
f 10033 10034 11979
f 10034 11982 11979
f 10034 10022 11982
f 11979 11982 11981
f 11978 11980 11983
f 11980 11984 11983
f 11980 11981 11984
f 11983 11984 11985
f 10022 11986 11982
f 11986 11987 11982
f 11986 11988 11987
f 11982 11987 11981
f 11988 11989 11987
f 11989 11990 11987
f 11989 11991 11990
f 11987 11990 11981
f 11988 11992 11989
f 11992 11993 11989
f 11992 11994 11993
f 11989 11993 11991
f 11981 11990 11984
f 11990 11995 11984
f 11990 11991 11995
f 11984 11995 11985
f 10022 10029 11986
f 10029 11996 11986
f 10029 10027 11996
f 11986 11996 11988
f 10027 11997 11996
f 11997 11998 11996
f 11997 11999 11998
f 11996 11998 11988
f 10027 10028 11997
f 10028 12000 11997
f 10028 7787 12000
f 11997 12000 11999
f 11988 11998 11992
f 11998 12001 11992
f 11998 11999 12001
f 11992 12001 11994
f 11985 11995 12002
f 11995 12003 12002
f 11995 11991 12003
f 12002 12003 12004
f 11991 12005 12003
f 12005 12006 12003
f 12005 12007 12006
f 12003 12006 12004
f 11991 11993 12005
f 11993 12008 12005
f 11993 11994 12008
f 12005 12008 12007
f 12004 12006 12009
f 12006 12010 12009
f 12006 12007 12010
f 12009 12010 8302
f 8630 9164 9256
f 9164 12011 9256
f 9164 9161 12011
f 9256 12011 9251
f 9161 12012 12011
f 12012 12013 12011
f 12012 12014 12013
f 12011 12013 9251
f 9161 9162 12012
f 9162 12015 12012
f 9162 9148 12015
f 12012 12015 12014
f 9251 12013 9249
f 12013 12016 9249
f 12013 12014 12016
f 9249 12016 9228
f 9148 12017 12015
f 12017 12018 12015
f 12017 12019 12018
f 12015 12018 12014
f 12019 12020 12018
f 12020 12021 12018
f 12020 12022 12021
f 12018 12021 12014
f 12019 12023 12020
f 12023 12024 12020
f 12023 9983 12024
f 12020 12024 12022
f 12014 12021 12016
f 12021 12025 12016
f 12021 12022 12025
f 12016 12025 9228
f 9148 9155 12017
f 9155 12026 12017
f 9155 9153 12026
f 12017 12026 12019
f 9153 12027 12026
f 12027 12028 12026
f 12027 9998 12028
f 12026 12028 12019
f 9153 9154 12027
f 9154 10001 12027
f 9154 8227 10001
f 12027 10001 9998
f 12019 12028 12023
f 12028 9996 12023
f 12028 9998 9996
f 12023 9996 9983
f 9228 12025 9226
f 12025 12029 9226
f 12025 12022 12029
f 9226 12029 9219
f 12022 12030 12029
f 12030 12031 12029
f 12030 9976 12031
f 12029 12031 9219
f 12022 12024 12030
f 12024 9981 12030
f 12024 9983 9981
f 12030 9981 9976
f 9219 12031 9216
f 12031 9973 9216
f 12031 9976 9973
f 9216 9973 9214
f 1233 12032 3718
f 12032 12033 3718
f 12032 12034 12033
f 3718 12033 3715
f 12034 12035 12033
f 12035 12036 12033
f 12035 12037 12036
f 12033 12036 3715
f 12034 12038 12035
f 12038 12039 12035
f 12038 12040 12039
f 12035 12039 12037
f 3715 12036 3713
f 12036 12041 3713
f 12036 12037 12041
f 3713 12041 3697
f 12040 12042 12039
f 12042 12043 12039
f 12042 12044 12043
f 12039 12043 12037
f 12044 12045 12043
f 12045 12046 12043
f 12045 12047 12046
f 12043 12046 12037
f 12044 12048 12045
f 12048 12049 12045
f 12048 9388 12049
f 12045 12049 12047
f 12037 12046 12041
f 12046 12050 12041
f 12046 12047 12050
f 12041 12050 3697
f 12040 12051 12042
f 12051 12052 12042
f 12051 12053 12052
f 12042 12052 12044
f 12053 12054 12052
f 12054 12055 12052
f 12054 9404 12055
f 12052 12055 12044
f 12053 12056 12054
f 12056 9408 12054
f 12056 9410 9408
f 12054 9408 9404
f 12044 12055 12048
f 12055 9402 12048
f 12055 9404 9402
f 12048 9402 9388
f 3697 12050 3695
f 12050 12057 3695
f 12050 12047 12057
f 3695 12057 3688
f 12047 12058 12057
f 12058 12059 12057
f 12058 9381 12059
f 12057 12059 3688
f 12047 12049 12058
f 12049 9386 12058
f 12049 9388 9386
f 12058 9386 9381
f 3688 12059 3685
f 12059 9378 3685
f 12059 9381 9378
f 3685 9378 2650
f 10263 12060 10264
f 12060 12061 10264
f 12060 12062 12061
f 10264 12061 10267
f 12062 12063 12061
f 12063 12064 12061
f 12063 12065 12064
f 12061 12064 10267
f 12062 12066 12063
f 12066 12067 12063
f 12066 12068 12067
f 12063 12067 12065
f 10267 12064 10272
f 12064 12069 10272
f 12064 12065 12069
f 10272 12069 10274
f 12068 12070 12067
f 12070 12071 12067
f 12070 12072 12071
f 12067 12071 12065
f 12072 12073 12071
f 12073 12074 12071
f 12073 12075 12074
f 12071 12074 12065
f 12072 12076 12073
f 12076 12077 12073
f 12076 11284 12077
f 12073 12077 12075
f 12065 12074 12069
f 12074 12078 12069
f 12074 12075 12078
f 12069 12078 10274
f 12068 12079 12070
f 12079 12080 12070
f 12079 12081 12080
f 12070 12080 12072
f 12081 12082 12080
f 12082 12083 12080
f 12082 11275 12083
f 12080 12083 12072
f 12081 12084 12082
f 12084 11272 12082
f 12084 11270 11272
f 12082 11272 11275
f 12072 12083 12076
f 12083 11282 12076
f 12083 11275 11282
f 12076 11282 11284
f 10274 12078 10287
f 12078 12085 10287
f 12078 12075 12085
f 10287 12085 10289
f 12075 12086 12085
f 12086 12087 12085
f 12086 11302 12087
f 12085 12087 10289
f 12075 12077 12086
f 12077 11300 12086
f 12077 11284 11300
f 12086 11300 11302
f 10289 12087 10292
f 12087 11305 10292
f 12087 11302 11305
f 10292 11305 8597
f 11195 11942 11661
f 11942 12088 11661
f 11942 11945 12088
f 11661 12088 11663
f 11945 12089 12088
f 12089 12090 12088
f 12089 12091 12090
f 12088 12090 11663
f 11945 11952 12089
f 11952 12092 12089
f 11952 11954 12092
f 12089 12092 12091
f 11663 12090 11667
f 12090 12093 11667
f 12090 12091 12093
f 11667 12093 11669
f 11954 12094 12092
f 12094 12095 12092
f 12094 12096 12095
f 12092 12095 12091
f 12096 12097 12095
f 12097 12098 12095
f 12097 12099 12098
f 12095 12098 12091
f 12096 12100 12097
f 12100 12101 12097
f 12100 10313 12101
f 12097 12101 12099
f 12091 12098 12093
f 12098 12102 12093
f 12098 12099 12102
f 12093 12102 11669
f 11954 11970 12094
f 11970 12103 12094
f 11970 11972 12103
f 12094 12103 12096
f 11972 12104 12103
f 12104 12105 12103
f 12104 10304 12105
f 12103 12105 12096
f 11972 11975 12104
f 11975 10301 12104
f 11975 10299 10301
f 12104 10301 10304
f 12096 12105 12100
f 12105 10311 12100
f 12105 10304 10311
f 12100 10311 10313
f 11669 12102 11680
f 12102 12106 11680
f 12102 12099 12106
f 11680 12106 11682
f 12099 12107 12106
f 12107 12108 12106
f 12107 10331 12108
f 12106 12108 11682
f 12099 12101 12107
f 12101 10329 12107
f 12101 10313 10329
f 12107 10329 10331
f 11682 12108 11685
f 12108 10334 11685
f 12108 10331 10334
f 11685 10334 8482
f 10255 12109 10254
f 12109 12110 10254
f 12109 12111 12110
f 10254 12110 10252
f 12111 12112 12110
f 12112 12113 12110
f 12112 12114 12113
f 12110 12113 10252
f 12111 12115 12112
f 12115 12116 12112
f 12115 12117 12116
f 12112 12116 12114
f 10252 12113 10256
f 12113 12118 10256
f 12113 12114 12118
f 10256 12118 10245
f 12117 12119 12116
f 12119 12120 12116
f 12119 12121 12120
f 12116 12120 12114
f 12121 12122 12120
f 12122 12123 12120
f 12122 12124 12123
f 12120 12123 12114
f 12121 12125 12122
f 12125 12126 12122
f 12125 11250 12126
f 12122 12126 12124
f 12114 12123 12118
f 12123 12127 12118
f 12123 12124 12127
f 12118 12127 10245
f 12117 12128 12119
f 12128 12129 12119
f 12128 12130 12129
f 12119 12129 12121
f 12130 12131 12129
f 12131 12132 12129
f 12131 11263 12132
f 12129 12132 12121
f 12130 12133 12131
f 12133 11266 12131
f 12133 8904 11266
f 12131 11266 11263
f 12121 12132 12125
f 12132 11261 12125
f 12132 11263 11261
f 12125 11261 11250
f 10245 12127 10261
f 12127 12134 10261
f 12127 12124 12134
f 10261 12134 10260
f 12124 12135 12134
f 12135 12136 12134
f 12135 11244 12136
f 12134 12136 10260
f 12124 12126 12135
f 12126 11248 12135
f 12126 11250 11248
f 12135 11248 11244
f 10260 12136 10262
f 12136 11242 10262
f 12136 11244 11242
f 10262 11242 1740
f 7916 12137 9916
f 12137 12138 9916
f 12137 12139 12138
f 9916 12138 9915
f 12139 12140 12138
f 12140 12141 12138
f 12140 12142 12141
f 12138 12141 9915
f 12139 12143 12140
f 12143 12144 12140
f 12143 12145 12144
f 12140 12144 12142
f 9915 12141 9917
f 12141 12146 9917
f 12141 12142 12146
f 9917 12146 9910
f 12145 12147 12144
f 12147 12148 12144
f 12147 12149 12148
f 12144 12148 12142
f 12149 12150 12148
f 12150 12151 12148
f 12150 12152 12151
f 12148 12151 12142
f 12149 12153 12150
f 12153 12154 12150
f 12153 10796 12154
f 12150 12154 12152
f 12142 12151 12146
f 12151 12155 12146
f 12151 12152 12155
f 12146 12155 9910
f 12145 12156 12147
f 12156 12157 12147
f 12156 12158 12157
f 12147 12157 12149
f 12158 12159 12157
f 12159 12160 12157
f 12159 10787 12160
f 12157 12160 12149
f 12158 12161 12159
f 12161 10784 12159
f 12161 10782 10784
f 12159 10784 10787
f 12149 12160 12153
f 12160 10794 12153
f 12160 10787 10794
f 12153 10794 10796
f 9910 12155 9924
f 12155 12162 9924
f 12155 12152 12162
f 9924 12162 9923
f 12152 12163 12162
f 12163 12164 12162
f 12163 10818 12164
f 12162 12164 9923
f 12152 12154 12163
f 12154 10816 12163
f 12154 10796 10816
f 12163 10816 10818
f 9923 12164 9926
f 12164 10823 9926
f 12164 10818 10823
f 9926 10823 9927
f 8904 12165 8974
f 12165 12166 8974
f 12165 12167 12166
f 8974 12166 8973
f 12167 12168 12166
f 12168 12169 12166
f 12168 12170 12169
f 12166 12169 8973
f 12167 12171 12168
f 12171 12172 12168
f 12171 12173 12172
f 12168 12172 12170
f 8973 12169 8975
f 12169 12174 8975
f 12169 12170 12174
f 8975 12174 8968
f 12173 12175 12172
f 12175 12176 12172
f 12175 12177 12176
f 12172 12176 12170
f 12177 12178 12176
f 12178 12179 12176
f 12178 12180 12179
f 12176 12179 12170
f 12177 12181 12178
f 12181 12182 12178
f 12181 12183 12182
f 12178 12182 12180
f 12170 12179 12174
f 12179 12184 12174
f 12179 12180 12184
f 12174 12184 8968
f 12173 12185 12175
f 12185 12186 12175
f 12185 12187 12186
f 12175 12186 12177
f 12187 12188 12186
f 12188 12189 12186
f 12188 12190 12189
f 12186 12189 12177
f 12187 12191 12188
f 12191 12192 12188
f 12191 9972 12192
f 12188 12192 12190
f 12177 12189 12181
f 12189 12193 12181
f 12189 12190 12193
f 12181 12193 12183
f 8968 12184 8982
f 12184 12194 8982
f 12184 12180 12194
f 8982 12194 8981
f 12180 12195 12194
f 12195 12196 12194
f 12195 12197 12196
f 12194 12196 8981
f 12180 12182 12195
f 12182 12198 12195
f 12182 12183 12198
f 12195 12198 12197
f 8981 12196 8984
f 12196 12199 8984
f 12196 12197 12199
f 8984 12199 8985
f 7916 10070 12137
f 10070 12200 12137
f 10070 10068 12200
f 12137 12200 12139
f 10068 12201 12200
f 12201 12202 12200
f 12201 12203 12202
f 12200 12202 12139
f 10068 10069 12201
f 10069 12204 12201
f 10069 10054 12204
f 12201 12204 12203
f 12139 12202 12143
f 12202 12205 12143
f 12202 12203 12205
f 12143 12205 12145
f 10054 12206 12204
f 12206 12207 12204
f 12206 12208 12207
f 12204 12207 12203
f 12208 12209 12207
f 12209 12210 12207
f 12209 12211 12210
f 12207 12210 12203
f 12208 12212 12209
f 12212 12213 12209
f 12212 12214 12213
f 12209 12213 12211
f 12203 12210 12205
f 12210 12215 12205
f 12210 12211 12215
f 12205 12215 12145
f 10054 10064 12206
f 10064 12216 12206
f 10064 10061 12216
f 12206 12216 12208
f 10061 12217 12216
f 12217 12218 12216
f 12217 12219 12218
f 12216 12218 12208
f 10061 10063 12217
f 10063 12220 12217
f 10063 8675 12220
f 12217 12220 12219
f 12208 12218 12212
f 12218 12221 12212
f 12218 12219 12221
f 12212 12221 12214
f 12145 12215 12156
f 12215 12222 12156
f 12215 12211 12222
f 12156 12222 12158
f 12211 12223 12222
f 12223 12224 12222
f 12223 12225 12224
f 12222 12224 12158
f 12211 12213 12223
f 12213 12226 12223
f 12213 12214 12226
f 12223 12226 12225
f 12158 12224 12161
f 12224 12227 12161
f 12224 12225 12227
f 12161 12227 10782
f 10263 12228 12060
f 12228 12229 12060
f 12228 12230 12229
f 12060 12229 12062
f 12230 12231 12229
f 12231 12232 12229
f 12231 12233 12232
f 12229 12232 12062
f 12230 12234 12231
f 12234 12235 12231
f 12234 12236 12235
f 12231 12235 12233
f 12062 12232 12066
f 12232 12237 12066
f 12232 12233 12237
f 12066 12237 12068
f 12236 12238 12235
f 12238 12239 12235
f 12238 12240 12239
f 12235 12239 12233
f 12240 12241 12239
f 12241 12242 12239
f 12241 12243 12242
f 12239 12242 12233
f 12240 12244 12241
f 12244 12245 12241
f 12244 12246 12245
f 12241 12245 12243
f 12233 12242 12237
f 12242 12247 12237
f 12242 12243 12247
f 12237 12247 12068
f 12236 12248 12238
f 12248 12249 12238
f 12248 12250 12249
f 12238 12249 12240
f 12250 12251 12249
f 12251 12252 12249
f 12251 12253 12252
f 12249 12252 12240
f 12250 12254 12251
f 12254 12255 12251
f 12254 12256 12255
f 12251 12255 12253
f 12240 12252 12244
f 12252 12257 12244
f 12252 12253 12257
f 12244 12257 12246
f 12068 12247 12079
f 12247 12258 12079
f 12247 12243 12258
f 12079 12258 12081
f 12243 12259 12258
f 12259 12260 12258
f 12259 12261 12260
f 12258 12260 12081
f 12243 12245 12259
f 12245 12262 12259
f 12245 12246 12262
f 12259 12262 12261
f 12081 12260 12084
f 12260 12263 12084
f 12260 12261 12263
f 12084 12263 11270
f 315 9601 9602
f 9601 12264 9602
f 9601 9599 12264
f 9602 12264 9604
f 9599 12265 12264
f 12265 12266 12264
f 12265 12267 12266
f 12264 12266 9604
f 9599 9600 12265
f 9600 12268 12265
f 9600 9588 12268
f 12265 12268 12267
f 9604 12266 9608
f 12266 12269 9608
f 12266 12267 12269
f 9608 12269 9610
f 9588 12270 12268
f 12270 12271 12268
f 12270 12272 12271
f 12268 12271 12267
f 12272 12273 12271
f 12273 12274 12271
f 12273 12275 12274
f 12271 12274 12267
f 12272 12276 12273
f 12276 12277 12273
f 12276 8694 12277
f 12273 12277 12275
f 12267 12274 12269
f 12274 12278 12269
f 12274 12275 12278
f 12269 12278 9610
f 9588 9595 12270
f 9595 12279 12270
f 9595 9593 12279
f 12270 12279 12272
f 9593 12280 12279
f 12280 12281 12279
f 12280 8708 12281
f 12279 12281 12272
f 9593 9594 12280
f 9594 8712 12280
f 9594 8435 8712
f 12280 8712 8708
f 12272 12281 12276
f 12281 8706 12276
f 12281 8708 8706
f 12276 8706 8694
f 9610 12278 9622
f 12278 12282 9622
f 12278 12275 12282
f 9622 12282 9624
f 12275 12283 12282
f 12283 12284 12282
f 12283 8688 12284
f 12282 12284 9624
f 12275 12277 12283
f 12277 8692 12283
f 12277 8694 8692
f 12283 8692 8688
f 9624 12284 9628
f 12284 8686 9628
f 12284 8688 8686
f 9628 8686 7714
f 10727 12285 10726
f 12285 12286 10726
f 12285 12287 12286
f 10726 12286 10724
f 12287 12288 12286
f 12288 12289 12286
f 12288 12290 12289
f 12286 12289 10724
f 12287 12291 12288
f 12291 12292 12288
f 12291 12293 12292
f 12288 12292 12290
f 10724 12289 10728
f 12289 12294 10728
f 12289 12290 12294
f 10728 12294 10717
f 12293 12295 12292
f 12295 12296 12292
f 12295 12297 12296
f 12292 12296 12290
f 12297 12298 12296
f 12298 12299 12296
f 12298 12300 12299
f 12296 12299 12290
f 12297 12301 12298
f 12301 12302 12298
f 12301 12303 12302
f 12298 12302 12300
f 12290 12299 12294
f 12299 12304 12294
f 12299 12300 12304
f 12294 12304 10717
f 12293 12305 12295
f 12305 12306 12295
f 12305 12307 12306
f 12295 12306 12297
f 12307 12308 12306
f 12308 12309 12306
f 12308 12310 12309
f 12306 12309 12297
f 12307 12311 12308
f 12311 12312 12308
f 12311 12313 12312
f 12308 12312 12310
f 12297 12309 12301
f 12309 12314 12301
f 12309 12310 12314
f 12301 12314 12303
f 10717 12304 10735
f 12304 12315 10735
f 12304 12300 12315
f 10735 12315 10734
f 12300 12316 12315
f 12316 12317 12315
f 12316 12318 12317
f 12315 12317 10734
f 12300 12302 12316
f 12302 12319 12316
f 12302 12303 12319
f 12316 12319 12318
f 10734 12317 10737
f 12317 12320 10737
f 12317 12318 12320
f 10737 12320 10738
f 8749 9851 12321
f 9851 12322 12321
f 9851 9854 12322
f 12321 12322 12323
f 9854 12324 12322
f 12324 12325 12322
f 12324 12326 12325
f 12322 12325 12323
f 9854 9861 12324
f 9861 12327 12324
f 9861 9863 12327
f 12324 12327 12326
f 12323 12325 12328
f 12325 12329 12328
f 12325 12326 12329
f 12328 12329 12330
f 9863 12331 12327
f 12331 12332 12327
f 12331 12333 12332
f 12327 12332 12326
f 12333 12334 12332
f 12334 12335 12332
f 12334 12336 12335
f 12332 12335 12326
f 12333 12337 12334
f 12337 12338 12334
f 12337 9225 12338
f 12334 12338 12336
f 12326 12335 12329
f 12335 12339 12329
f 12335 12336 12339
f 12329 12339 12330
f 9863 9883 12331
f 9883 12340 12331
f 9883 9885 12340
f 12331 12340 12333
f 9885 12341 12340
f 12341 12342 12340
f 12341 9241 12342
f 12340 12342 12333
f 9885 9890 12341
f 9890 9245 12341
f 9890 9247 9245
f 12341 9245 9241
f 12333 12342 12337
f 12342 9239 12337
f 12342 9241 9239
f 12337 9239 9225
f 12330 12339 12343
f 12339 12344 12343
f 12339 12336 12344
f 12343 12344 12345
f 12336 12346 12344
f 12346 12347 12344
f 12346 9218 12347
f 12344 12347 12345
f 12336 12338 12346
f 12338 9223 12346
f 12338 9225 9223
f 12346 9223 9218
f 12345 12347 12348
f 12347 9215 12348
f 12347 9218 9215
f 12348 9215 9214
f 10738 12320 11151
f 12320 12349 11151
f 12320 12318 12349
f 11151 12349 11150
f 12318 12350 12349
f 12350 12351 12349
f 12350 12352 12351
f 12349 12351 11150
f 12318 12319 12350
f 12319 12353 12350
f 12319 12303 12353
f 12350 12353 12352
f 11150 12351 11152
f 12351 12354 11152
f 12351 12352 12354
f 11152 12354 11145
f 12303 12355 12353
f 12355 12356 12353
f 12355 12357 12356
f 12353 12356 12352
f 12357 12358 12356
f 12358 12359 12356
f 12358 12360 12359
f 12356 12359 12352
f 12357 12361 12358
f 12361 12362 12358
f 12361 12363 12362
f 12358 12362 12360
f 12352 12359 12354
f 12359 12364 12354
f 12359 12360 12364
f 12354 12364 11145
f 12303 12314 12355
f 12314 12365 12355
f 12314 12310 12365
f 12355 12365 12357
f 12310 12366 12365
f 12366 12367 12365
f 12366 12368 12367
f 12365 12367 12357
f 12310 12312 12366
f 12312 12369 12366
f 12312 12313 12369
f 12366 12369 12368
f 12357 12367 12361
f 12367 12370 12361
f 12367 12368 12370
f 12361 12370 12363
f 11145 12364 11159
f 12364 12371 11159
f 12364 12360 12371
f 11159 12371 11158
f 12360 12372 12371
f 12372 12373 12371
f 12372 12374 12373
f 12371 12373 11158
f 12360 12362 12372
f 12362 12375 12372
f 12362 12363 12375
f 12372 12375 12374
f 11158 12373 11161
f 12373 12376 11161
f 12373 12374 12376
f 11161 12376 11162
f 11349 12377 11446
f 12377 12378 11446
f 12377 12379 12378
f 11446 12378 11445
f 12379 12380 12378
f 12380 12381 12378
f 12380 12382 12381
f 12378 12381 11445
f 12379 12383 12380
f 12383 12384 12380
f 12383 12385 12384
f 12380 12384 12382
f 11445 12381 11447
f 12381 12386 11447
f 12381 12382 12386
f 11447 12386 11440
f 12385 12387 12384
f 12387 12388 12384
f 12387 12389 12388
f 12384 12388 12382
f 12389 12390 12388
f 12390 12391 12388
f 12390 12392 12391
f 12388 12391 12382
f 12389 12393 12390
f 12393 12394 12390
f 12393 11528 12394
f 12390 12394 12392
f 12382 12391 12386
f 12391 12395 12386
f 12391 12392 12395
f 12386 12395 11440
f 12385 12396 12387
f 12396 12397 12387
f 12396 12398 12397
f 12387 12397 12389
f 12398 12399 12397
f 12399 12400 12397
f 12399 11541 12400
f 12397 12400 12389
f 12398 12401 12399
f 12401 11544 12399
f 12401 8294 11544
f 12399 11544 11541
f 12389 12400 12393
f 12400 11539 12393
f 12400 11541 11539
f 12393 11539 11528
f 11440 12395 11454
f 12395 12402 11454
f 12395 12392 12402
f 11454 12402 11453
f 12392 12403 12402
f 12403 12404 12402
f 12403 11522 12404
f 12402 12404 11453
f 12392 12394 12403
f 12394 11526 12403
f 12394 11528 11526
f 12403 11526 11522
f 11453 12404 11456
f 12404 11520 11456
f 12404 11522 11520
f 11456 11520 10299
f 9708 12405 9706
f 12405 12406 9706
f 12405 12407 12406
f 9706 12406 9701
f 12407 12408 12406
f 12408 12409 12406
f 12408 12410 12409
f 12406 12409 9701
f 12407 12411 12408
f 12411 12412 12408
f 12411 12413 12412
f 12408 12412 12410
f 9701 12409 9699
f 12409 12414 9699
f 12409 12410 12414
f 9699 12414 9682
f 12413 12415 12412
f 12415 12416 12412
f 12415 12417 12416
f 12412 12416 12410
f 12417 12418 12416
f 12418 12419 12416
f 12418 12420 12419
f 12416 12419 12410
f 12417 12421 12418
f 12421 12422 12418
f 12421 10633 12422
f 12418 12422 12420
f 12410 12419 12414
f 12419 12423 12414
f 12419 12420 12423
f 12414 12423 9682
f 12413 12424 12415
f 12424 12425 12415
f 12424 12426 12425
f 12415 12425 12417
f 12426 12427 12425
f 12427 12428 12425
f 12427 10626 12428
f 12425 12428 12417
f 12426 12429 12427
f 12429 10624 12427
f 12429 9129 10624
f 12427 10624 10626
f 12417 12428 12421
f 12428 10631 12421
f 12428 10626 10631
f 12421 10631 10633
f 9682 12423 9680
f 12423 12430 9680
f 12423 12420 12430
f 9680 12430 9675
f 12420 12431 12430
f 12431 12432 12430
f 12431 10652 12432
f 12430 12432 9675
f 12420 12422 12431
f 12422 10650 12431
f 12422 10633 10650
f 12431 10650 10652
f 9675 12432 9673
f 12432 10657 9673
f 12432 10652 10657
f 9673 10657 9573
f 11162 12376 11163
f 12376 12433 11163
f 12376 12374 12433
f 11163 12433 11166
f 12374 12434 12433
f 12434 12435 12433
f 12434 12436 12435
f 12433 12435 11166
f 12374 12375 12434
f 12375 12437 12434
f 12375 12363 12437
f 12434 12437 12436
f 11166 12435 11171
f 12435 12438 11171
f 12435 12436 12438
f 11171 12438 11173
f 12363 12439 12437
f 12439 12440 12437
f 12439 12441 12440
f 12437 12440 12436
f 12441 12442 12440
f 12442 12443 12440
f 12442 12444 12443
f 12440 12443 12436
f 12441 12445 12442
f 12445 12446 12442
f 12445 12447 12446
f 12442 12446 12444
f 12436 12443 12438
f 12443 12448 12438
f 12443 12444 12448
f 12438 12448 11173
f 12363 12370 12439
f 12370 12449 12439
f 12370 12368 12449
f 12439 12449 12441
f 12368 12450 12449
f 12450 12451 12449
f 12450 12452 12451
f 12449 12451 12441
f 12368 12369 12450
f 12369 12453 12450
f 12369 12313 12453
f 12450 12453 12452
f 12441 12451 12445
f 12451 12454 12445
f 12451 12452 12454
f 12445 12454 12447
f 11173 12448 11187
f 12448 12455 11187
f 12448 12444 12455
f 11187 12455 11189
f 12444 12456 12455
f 12456 12457 12455
f 12456 12458 12457
f 12455 12457 11189
f 12444 12446 12456
f 12446 12459 12456
f 12446 12447 12459
f 12456 12459 12458
f 11189 12457 11193
f 12457 12460 11193
f 12457 12458 12460
f 11193 12460 11195
f 11195 12460 11941
f 12460 12461 11941
f 12460 12458 12461
f 11941 12461 11944
f 12458 12462 12461
f 12462 12463 12461
f 12462 12464 12463
f 12461 12463 11944
f 12458 12459 12462
f 12459 12465 12462
f 12459 12447 12465
f 12462 12465 12464
f 11944 12463 11949
f 12463 12466 11949
f 12463 12464 12466
f 11949 12466 11951
f 12447 12467 12465
f 12467 12468 12465
f 12467 12469 12468
f 12465 12468 12464
f 12469 12470 12468
f 12470 12471 12468
f 12470 12472 12471
f 12468 12471 12464
f 12469 12473 12470
f 12473 12474 12470
f 12473 12475 12474
f 12470 12474 12472
f 12464 12471 12466
f 12471 12476 12466
f 12471 12472 12476
f 12466 12476 11951
f 12447 12454 12467
f 12454 12477 12467
f 12454 12452 12477
f 12467 12477 12469
f 12452 12478 12477
f 12478 12479 12477
f 12478 12480 12479
f 12477 12479 12469
f 12452 12453 12478
f 12453 12481 12478
f 12453 12313 12481
f 12478 12481 12480
f 12469 12479 12473
f 12479 12482 12473
f 12479 12480 12482
f 12473 12482 12475
f 11951 12476 11964
f 12476 12483 11964
f 12476 12472 12483
f 11964 12483 11966
f 12472 12484 12483
f 12484 12485 12483
f 12484 12486 12485
f 12483 12485 11966
f 12472 12474 12484
f 12474 12487 12484
f 12474 12475 12487
f 12484 12487 12486
f 11966 12485 11969
f 12485 12488 11969
f 12485 12486 12488
f 11969 12488 11306
f 11349 12489 12377
f 12489 12490 12377
f 12489 12491 12490
f 12377 12490 12379
f 12491 12492 12490
f 12492 12493 12490
f 12492 12494 12493
f 12490 12493 12379
f 12491 12495 12492
f 12495 12496 12492
f 12495 12497 12496
f 12492 12496 12494
f 12379 12493 12383
f 12493 12498 12383
f 12493 12494 12498
f 12383 12498 12385
f 12497 12499 12496
f 12499 12500 12496
f 12499 12501 12500
f 12496 12500 12494
f 12501 12502 12500
f 12502 12503 12500
f 12502 12504 12503
f 12500 12503 12494
f 12501 12505 12502
f 12505 12506 12502
f 12505 11859 12506
f 12502 12506 12504
f 12494 12503 12498
f 12503 12507 12498
f 12503 12504 12507
f 12498 12507 12385
f 12497 12508 12499
f 12508 12509 12499
f 12508 12510 12509
f 12499 12509 12501
f 12510 12511 12509
f 12511 12512 12509
f 12511 11852 12512
f 12509 12512 12501
f 12510 12513 12511
f 12513 11850 12511
f 12513 9421 11850
f 12511 11850 11852
f 12501 12512 12505
f 12512 11857 12505
f 12512 11852 11857
f 12505 11857 11859
f 12385 12507 12396
f 12507 12514 12396
f 12507 12504 12514
f 12396 12514 12398
f 12504 12515 12514
f 12515 12516 12514
f 12515 11874 12516
f 12514 12516 12398
f 12504 12506 12515
f 12506 11872 12515
f 12506 11859 11872
f 12515 11872 11874
f 12398 12516 12401
f 12516 11877 12401
f 12516 11874 11877
f 12401 11877 8294
f 8749 12321 8748
f 12321 12517 8748
f 12321 12323 12517
f 8748 12517 8746
f 12323 12518 12517
f 12518 12519 12517
f 12518 12520 12519
f 12517 12519 8746
f 12323 12328 12518
f 12328 12521 12518
f 12328 12330 12521
f 12518 12521 12520
f 8746 12519 8750
f 12519 12522 8750
f 12519 12520 12522
f 8750 12522 8739
f 12330 12523 12521
f 12523 12524 12521
f 12523 12525 12524
f 12521 12524 12520
f 12525 12526 12524
f 12526 12527 12524
f 12526 12528 12527
f 12524 12527 12520
f 12525 12529 12526
f 12529 12530 12526
f 12529 9986 12530
f 12526 12530 12528
f 12520 12527 12522
f 12527 12531 12522
f 12527 12528 12531
f 12522 12531 8739
f 12330 12343 12523
f 12343 12532 12523
f 12343 12345 12532
f 12523 12532 12525
f 12345 12533 12532
f 12533 12534 12532
f 12533 9977 12534
f 12532 12534 12525
f 12345 12348 12533
f 12348 9974 12533
f 12348 9214 9974
f 12533 9974 9977
f 12525 12534 12529
f 12534 9984 12529
f 12534 9977 9984
f 12529 9984 9986
f 8739 12531 8755
f 12531 12535 8755
f 12531 12528 12535
f 8755 12535 8754
f 12528 12536 12535
f 12536 12537 12535
f 12536 10004 12537
f 12535 12537 8754
f 12528 12530 12536
f 12530 10002 12536
f 12530 9986 10002
f 12536 10002 10004
f 8754 12537 8756
f 12537 10007 8756
f 12537 10004 10007
f 8756 10007 8366
f 9927 12538 10975
f 12538 12539 10975
f 12538 12540 12539
f 10975 12539 10974
f 12540 12541 12539
f 12541 12542 12539
f 12541 12543 12542
f 12539 12542 10974
f 12540 12544 12541
f 12544 12545 12541
f 12544 12546 12545
f 12541 12545 12543
f 10974 12542 10976
f 12542 12547 10976
f 12542 12543 12547
f 10976 12547 10969
f 12546 12548 12545
f 12548 12549 12545
f 12548 12550 12549
f 12545 12549 12543
f 12550 12551 12549
f 12551 12552 12549
f 12551 12553 12552
f 12549 12552 12543
f 12550 12554 12551
f 12554 12555 12551
f 12554 12556 12555
f 12551 12555 12553
f 12543 12552 12547
f 12552 12557 12547
f 12552 12553 12557
f 12547 12557 10969
f 12546 12558 12548
f 12558 12559 12548
f 12558 12560 12559
f 12548 12559 12550
f 12560 12561 12559
f 12561 12562 12559
f 12561 12563 12562
f 12559 12562 12550
f 12560 12564 12561
f 12564 12565 12561
f 12564 9665 12565
f 12561 12565 12563
f 12550 12562 12554
f 12562 12566 12554
f 12562 12563 12566
f 12554 12566 12556
f 10969 12557 10983
f 12557 12567 10983
f 12557 12553 12567
f 10983 12567 10982
f 12553 12568 12567
f 12568 12569 12567
f 12568 12570 12569
f 12567 12569 10982
f 12553 12555 12568
f 12555 12571 12568
f 12555 12556 12571
f 12568 12571 12570
f 10982 12569 10985
f 12569 12572 10985
f 12569 12570 12572
f 10985 12572 10694
f 11270 12573 11913
f 12573 12574 11913
f 12573 12575 12574
f 11913 12574 11915
f 12575 12576 12574
f 12576 12577 12574
f 12576 12578 12577
f 12574 12577 11915
f 12575 12579 12576
f 12579 12580 12576
f 12579 12581 12580
f 12576 12580 12578
f 11915 12577 11919
f 12577 12582 11919
f 12577 12578 12582
f 11919 12582 11921
f 12581 12583 12580
f 12583 12584 12580
f 12583 12585 12584
f 12580 12584 12578
f 12585 12586 12584
f 12586 12587 12584
f 12586 12588 12587
f 12584 12587 12578
f 12585 12589 12586
f 12589 12590 12586
f 12589 12591 12590
f 12586 12590 12588
f 12578 12587 12582
f 12587 12592 12582
f 12587 12588 12592
f 12582 12592 11921
f 12581 12593 12583
f 12593 12594 12583
f 12593 12595 12594
f 12583 12594 12585
f 12595 12596 12594
f 12596 12597 12594
f 12596 12598 12597
f 12594 12597 12585
f 12595 12599 12596
f 12599 12600 12596
f 12599 12601 12600
f 12596 12600 12598
f 12585 12597 12589
f 12597 12602 12589
f 12597 12598 12602
f 12589 12602 12591
f 11921 12592 11932
f 12592 12603 11932
f 12592 12588 12603
f 11932 12603 11934
f 12588 12604 12603
f 12604 12605 12603
f 12604 12606 12605
f 12603 12605 11934
f 12588 12590 12604
f 12590 12607 12604
f 12590 12591 12607
f 12604 12607 12606
f 11934 12605 11937
f 12605 12608 11937
f 12605 12606 12608
f 11937 12608 11206
f 12256 12609 12255
f 12609 12610 12255
f 12609 12611 12610
f 12255 12610 12253
f 12611 12612 12610
f 12612 12613 12610
f 12612 12614 12613
f 12610 12613 12253
f 12611 12615 12612
f 12615 12616 12612
f 12615 12617 12616
f 12612 12616 12614
f 12253 12613 12257
f 12613 12618 12257
f 12613 12614 12618
f 12257 12618 12246
f 12617 12619 12616
f 12619 12620 12616
f 12619 12621 12620
f 12616 12620 12614
f 12621 12622 12620
f 12622 12623 12620
f 12622 12624 12623
f 12620 12623 12614
f 12621 12625 12622
f 12625 12626 12622
f 12625 12581 12626
f 12622 12626 12624
f 12614 12623 12618
f 12623 12627 12618
f 12623 12624 12627
f 12618 12627 12246
f 12617 12628 12619
f 12628 12629 12619
f 12628 12630 12629
f 12619 12629 12621
f 12630 12631 12629
f 12631 12632 12629
f 12631 12595 12632
f 12629 12632 12621
f 12630 12633 12631
f 12633 12599 12631
f 12633 12601 12599
f 12631 12599 12595
f 12621 12632 12625
f 12632 12593 12625
f 12632 12595 12593
f 12625 12593 12581
f 12246 12627 12262
f 12627 12634 12262
f 12627 12624 12634
f 12262 12634 12261
f 12624 12635 12634
f 12635 12636 12634
f 12635 12575 12636
f 12634 12636 12261
f 12624 12626 12635
f 12626 12579 12635
f 12626 12581 12579
f 12635 12579 12575
f 12261 12636 12263
f 12636 12573 12263
f 12636 12575 12573
f 12263 12573 11270
f 11063 12637 11597
f 12637 12638 11597
f 12637 12639 12638
f 11597 12638 11599
f 12639 12640 12638
f 12640 12641 12638
f 12640 12642 12641
f 12638 12641 11599
f 12639 12643 12640
f 12643 12644 12640
f 12643 12645 12644
f 12640 12644 12642
f 11599 12641 11603
f 12641 12646 11603
f 12641 12642 12646
f 11603 12646 11605
f 12645 12647 12644
f 12647 12648 12644
f 12647 12649 12648
f 12644 12648 12642
f 12649 12650 12648
f 12650 12651 12648
f 12650 12652 12651
f 12648 12651 12642
f 12649 12653 12650
f 12653 12654 12650
f 12653 12655 12654
f 12650 12654 12652
f 12642 12651 12646
f 12651 12656 12646
f 12651 12652 12656
f 12646 12656 11605
f 12645 12657 12647
f 12657 12658 12647
f 12657 12659 12658
f 12647 12658 12649
f 12659 12660 12658
f 12660 12661 12658
f 12660 12662 12661
f 12658 12661 12649
f 12659 12663 12660
f 12663 12664 12660
f 12663 12601 12664
f 12660 12664 12662
f 12649 12661 12653
f 12661 12665 12653
f 12661 12662 12665
f 12653 12665 12655
f 11605 12656 11617
f 12656 12666 11617
f 12656 12652 12666
f 11617 12666 11619
f 12652 12667 12666
f 12667 12668 12666
f 12667 12669 12668
f 12666 12668 11619
f 12652 12654 12667
f 12654 12670 12667
f 12654 12655 12670
f 12667 12670 12669
f 11619 12668 11623
f 12668 12671 11623
f 12668 12669 12671
f 11623 12671 11625
f 11206 12608 11207
f 12608 12672 11207
f 12608 12606 12672
f 11207 12672 11210
f 12606 12673 12672
f 12673 12674 12672
f 12673 12675 12674
f 12672 12674 11210
f 12606 12607 12673
f 12607 12676 12673
f 12607 12591 12676
f 12673 12676 12675
f 11210 12674 11215
f 12674 12677 11215
f 12674 12675 12677
f 11215 12677 11217
f 12591 12678 12676
f 12678 12679 12676
f 12678 12680 12679
f 12676 12679 12675
f 12680 12681 12679
f 12681 12682 12679
f 12681 12683 12682
f 12679 12682 12675
f 12680 12684 12681
f 12684 12685 12681
f 12684 12645 12685
f 12681 12685 12683
f 12675 12682 12677
f 12682 12686 12677
f 12682 12683 12686
f 12677 12686 11217
f 12591 12602 12678
f 12602 12687 12678
f 12602 12598 12687
f 12678 12687 12680
f 12598 12688 12687
f 12688 12689 12687
f 12688 12659 12689
f 12687 12689 12680
f 12598 12600 12688
f 12600 12663 12688
f 12600 12601 12663
f 12688 12663 12659
f 12680 12689 12684
f 12689 12657 12684
f 12689 12659 12657
f 12684 12657 12645
f 11217 12686 11230
f 12686 12690 11230
f 12686 12683 12690
f 11230 12690 11232
f 12683 12691 12690
f 12691 12692 12690
f 12691 12639 12692
f 12690 12692 11232
f 12683 12685 12691
f 12685 12643 12691
f 12685 12645 12643
f 12691 12643 12639
f 11232 12692 11235
f 12692 12637 11235
f 12692 12639 12637
f 11235 12637 11063
f 9928 11912 10131
f 11912 12693 10131
f 11912 11910 12693
f 10131 12693 10129
f 11910 12694 12693
f 12694 12695 12693
f 12694 12696 12695
f 12693 12695 10129
f 11910 11911 12694
f 11911 12697 12694
f 11911 11896 12697
f 12694 12697 12696
f 10129 12695 10132
f 12695 12698 10132
f 12695 12696 12698
f 10132 12698 10122
f 11896 12699 12697
f 12699 12700 12697
f 12699 12701 12700
f 12697 12700 12696
f 12701 12702 12700
f 12702 12703 12700
f 12702 12704 12703
f 12700 12703 12696
f 12701 12705 12702
f 12705 12706 12702
f 12705 11394 12706
f 12702 12706 12704
f 12696 12703 12698
f 12703 12707 12698
f 12703 12704 12707
f 12698 12707 10122
f 11896 11906 12699
f 11906 12708 12699
f 11906 11903 12708
f 12699 12708 12701
f 11903 12709 12708
f 12709 12710 12708
f 12709 11408 12710
f 12708 12710 12701
f 11903 11905 12709
f 11905 11412 12709
f 11905 11414 11412
f 12709 11412 11408
f 12701 12710 12705
f 12710 11406 12705
f 12710 11408 11406
f 12705 11406 11394
f 10122 12707 10139
f 12707 12711 10139
f 12707 12704 12711
f 10139 12711 10138
f 12704 12712 12711
f 12712 12713 12711
f 12712 11388 12713
f 12711 12713 10138
f 12704 12706 12712
f 12706 11392 12712
f 12706 11394 11392
f 12712 11392 11388
f 10138 12713 10141
f 12713 11386 10141
f 12713 11388 11386
f 10141 11386 10142
f 2606 12714 10356
f 12714 12715 10356
f 12714 12716 12715
f 10356 12715 10358
f 12716 12717 12715
f 12717 12718 12715
f 12717 12719 12718
f 12715 12718 10358
f 12716 12720 12717
f 12720 12721 12717
f 12720 12722 12721
f 12717 12721 12719
f 10358 12718 10362
f 12718 12723 10362
f 12718 12719 12723
f 10362 12723 10364
f 12722 12724 12721
f 12724 12725 12721
f 12724 12726 12725
f 12721 12725 12719
f 12726 12727 12725
f 12727 12728 12725
f 12727 12729 12728
f 12725 12728 12719
f 12726 12730 12727
f 12730 12731 12727
f 12730 12732 12731
f 12727 12731 12729
f 12719 12728 12723
f 12728 12733 12723
f 12728 12729 12733
f 12723 12733 10364
f 12722 12734 12724
f 12734 12735 12724
f 12734 12736 12735
f 12724 12735 12726
f 12736 12737 12735
f 12737 12738 12735
f 12737 12739 12738
f 12735 12738 12726
f 12736 12740 12737
f 12740 12741 12737
f 12740 9842 12741
f 12737 12741 12739
f 12726 12738 12730
f 12738 12742 12730
f 12738 12739 12742
f 12730 12742 12732
f 10364 12733 10376
f 12733 12743 10376
f 12733 12729 12743
f 10376 12743 10378
f 12729 12744 12743
f 12744 12745 12743
f 12744 12746 12745
f 12743 12745 10378
f 12729 12731 12744
f 12731 12747 12744
f 12731 12732 12747
f 12744 12747 12746
f 10378 12745 10382
f 12745 12748 10382
f 12745 12746 12748
f 10382 12748 9529
f 10255 12749 12109
f 12749 12750 12109
f 12749 12751 12750
f 12109 12750 12111
f 12751 12752 12750
f 12752 12753 12750
f 12752 12754 12753
f 12750 12753 12111
f 12751 12755 12752
f 12755 12756 12752
f 12755 12757 12756
f 12752 12756 12754
f 12111 12753 12115
f 12753 12758 12115
f 12753 12754 12758
f 12115 12758 12117
f 12757 12759 12756
f 12759 12760 12756
f 12759 12761 12760
f 12756 12760 12754
f 12761 12762 12760
f 12762 12763 12760
f 12762 12764 12763
f 12760 12763 12754
f 12761 12765 12762
f 12765 12766 12762
f 12765 12173 12766
f 12762 12766 12764
f 12754 12763 12758
f 12763 12767 12758
f 12763 12764 12767
f 12758 12767 12117
f 12757 12768 12759
f 12768 12769 12759
f 12768 12770 12769
f 12759 12769 12761
f 12770 12771 12769
f 12771 12772 12769
f 12771 12187 12772
f 12769 12772 12761
f 12770 12773 12771
f 12773 12191 12771
f 12773 9972 12191
f 12771 12191 12187
f 12761 12772 12765
f 12772 12185 12765
f 12772 12187 12185
f 12765 12185 12173
f 12117 12767 12128
f 12767 12774 12128
f 12767 12764 12774
f 12128 12774 12130
f 12764 12775 12774
f 12775 12776 12774
f 12775 12167 12776
f 12774 12776 12130
f 12764 12766 12775
f 12766 12171 12775
f 12766 12173 12171
f 12775 12171 12167
f 12130 12776 12133
f 12776 12165 12133
f 12776 12167 12165
f 12133 12165 8904
f 9708 9707 11338
f 9707 12777 11338
f 9707 9704 12777
f 11338 12777 11336
f 9704 12778 12777
f 12778 12779 12777
f 12778 12780 12779
f 12777 12779 11336
f 9704 9705 12778
f 9705 12781 12778
f 9705 9691 12781
f 12778 12781 12780
f 11336 12779 11339
f 12779 12782 11339
f 12779 12780 12782
f 11339 12782 11329
f 9691 12783 12781
f 12783 12784 12781
f 12783 12785 12784
f 12781 12784 12780
f 12785 12786 12784
f 12786 12787 12784
f 12786 12788 12787
f 12784 12787 12780
f 12785 12789 12786
f 12789 12790 12786
f 12789 12791 12790
f 12786 12790 12788
f 12780 12787 12782
f 12787 12792 12782
f 12787 12788 12792
f 12782 12792 11329
f 9691 9698 12783
f 9698 12793 12783
f 9698 9696 12793
f 12783 12793 12785
f 9696 12794 12793
f 12794 12795 12793
f 12794 12796 12795
f 12793 12795 12785
f 9696 9697 12794
f 9697 12797 12794
f 9697 9562 12797
f 12794 12797 12796
f 12785 12795 12789
f 12795 12798 12789
f 12795 12796 12798
f 12789 12798 12791
f 11329 12792 11346
f 12792 12799 11346
f 12792 12788 12799
f 11346 12799 11345
f 12788 12800 12799
f 12800 12801 12799
f 12800 12802 12801
f 12799 12801 11345
f 12788 12790 12800
f 12790 12803 12800
f 12790 12791 12803
f 12800 12803 12802
f 11345 12801 11348
f 12801 12804 11348
f 12801 12802 12804
f 11348 12804 11349
f 2650 9849 2648
f 9849 12805 2648
f 9849 9847 12805
f 2648 12805 2643
f 9847 12806 12805
f 12806 12807 12805
f 12806 12808 12807
f 12805 12807 2643
f 9847 9848 12806
f 9848 12809 12806
f 9848 9832 12809
f 12806 12809 12808
f 2643 12807 2641
f 12807 12810 2641
f 12807 12808 12810
f 2641 12810 2620
f 9832 12811 12809
f 12811 12812 12809
f 12811 12813 12812
f 12809 12812 12808
f 12813 12814 12812
f 12814 12815 12812
f 12814 12816 12815
f 12812 12815 12808
f 12813 12817 12814
f 12817 12818 12814
f 12817 12722 12818
f 12814 12818 12816
f 12808 12815 12810
f 12815 12819 12810
f 12815 12816 12819
f 12810 12819 2620
f 9832 9843 12811
f 9843 12820 12811
f 9843 9839 12820
f 12811 12820 12813
f 9839 12821 12820
f 12821 12822 12820
f 12821 12736 12822
f 12820 12822 12813
f 9839 9841 12821
f 9841 12740 12821
f 9841 9842 12740
f 12821 12740 12736
f 12813 12822 12817
f 12822 12734 12817
f 12822 12736 12734
f 12817 12734 12722
f 2620 12819 2618
f 12819 12823 2618
f 12819 12816 12823
f 2618 12823 2611
f 12816 12824 12823
f 12824 12825 12823
f 12824 12716 12825
f 12823 12825 2611
f 12816 12818 12824
f 12818 12720 12824
f 12818 12722 12720
f 12824 12720 12716
f 2611 12825 2608
f 12825 12714 2608
f 12825 12716 12714
f 2608 12714 2606
f 9314 11421 11772
f 11421 12826 11772
f 11421 11419 12826
f 11772 12826 11771
f 11419 12827 12826
f 12827 12828 12826
f 12827 12829 12828
f 12826 12828 11771
f 11419 11420 12827
f 11420 12830 12827
f 11420 11404 12830
f 12827 12830 12829
f 11771 12828 11773
f 12828 12831 11773
f 12828 12829 12831
f 11773 12831 11766
f 11404 12832 12830
f 12832 12833 12830
f 12832 12834 12833
f 12830 12833 12829
f 12834 12835 12833
f 12835 12836 12833
f 12835 12837 12836
f 12833 12836 12829
f 12834 12838 12835
f 12838 12839 12835
f 12838 12840 12839
f 12835 12839 12837
f 12829 12836 12831
f 12836 12841 12831
f 12836 12837 12841
f 12831 12841 11766
f 11404 11415 12832
f 11415 12842 12832
f 11415 11411 12842
f 12832 12842 12834
f 11411 12843 12842
f 12843 12844 12842
f 12843 12845 12844
f 12842 12844 12834
f 11411 11413 12843
f 11413 12846 12843
f 11413 11414 12846
f 12843 12846 12845
f 12834 12844 12838
f 12844 12847 12838
f 12844 12845 12847
f 12838 12847 12840
f 11766 12841 11778
f 12841 12848 11778
f 12841 12837 12848
f 11778 12848 11777
f 12837 12849 12848
f 12849 12850 12848
f 12849 12851 12850
f 12848 12850 11777
f 12837 12839 12849
f 12839 12852 12849
f 12839 12840 12852
f 12849 12852 12851
f 11777 12850 11779
f 12850 12853 11779
f 12850 12851 12853
f 11779 12853 10255
f 8792 9672 10814
f 9672 12854 10814
f 9672 9670 12854
f 10814 12854 10812
f 9670 12855 12854
f 12855 12856 12854
f 12855 12857 12856
f 12854 12856 10812
f 9670 9671 12855
f 9671 12858 12855
f 9671 9655 12858
f 12855 12858 12857
f 10812 12856 10815
f 12856 12859 10815
f 12856 12857 12859
f 10815 12859 10805
f 9655 12860 12858
f 12860 12861 12858
f 12860 12862 12861
f 12858 12861 12857
f 12862 12863 12861
f 12863 12864 12861
f 12863 12865 12864
f 12861 12864 12857
f 12862 12866 12863
f 12866 12867 12863
f 12866 12546 12867
f 12863 12867 12865
f 12857 12864 12859
f 12864 12868 12859
f 12864 12865 12868
f 12859 12868 10805
f 9655 9666 12860
f 9666 12869 12860
f 9666 9662 12869
f 12860 12869 12862
f 9662 12870 12869
f 12870 12871 12869
f 12870 12560 12871
f 12869 12871 12862
f 9662 9664 12870
f 9664 12564 12870
f 9664 9665 12564
f 12870 12564 12560
f 12862 12871 12866
f 12871 12558 12866
f 12871 12560 12558
f 12866 12558 12546
f 10805 12868 10822
f 12868 12872 10822
f 12868 12865 12872
f 10822 12872 10821
f 12865 12873 12872
f 12873 12874 12872
f 12873 12540 12874
f 12872 12874 10821
f 12865 12867 12873
f 12867 12544 12873
f 12867 12546 12544
f 12873 12544 12540
f 10821 12874 10824
f 12874 12538 10824
f 12874 12540 12538
f 10824 12538 9927
f 7714 10693 9629
f 10693 12875 9629
f 10693 10691 12875
f 9629 12875 9627
f 10691 12876 12875
f 12876 12877 12875
f 12876 12878 12877
f 12875 12877 9627
f 10691 10692 12876
f 10692 12879 12876
f 10692 10677 12879
f 12876 12879 12878
f 9627 12877 9630
f 12877 12880 9630
f 12877 12878 12880
f 9630 12880 9620
f 10677 12881 12879
f 12881 12882 12879
f 12881 12883 12882
f 12879 12882 12878
f 12883 12884 12882
f 12884 12885 12882
f 12884 12886 12885
f 12882 12885 12878
f 12883 12887 12884
f 12887 12888 12884
f 12887 12040 12888
f 12884 12888 12886
f 12878 12885 12880
f 12885 12889 12880
f 12885 12886 12889
f 12880 12889 9620
f 10677 10687 12881
f 10687 12890 12881
f 10687 10684 12890
f 12881 12890 12883
f 10684 12891 12890
f 12891 12892 12890
f 12891 12053 12892
f 12890 12892 12883
f 10684 10686 12891
f 10686 12056 12891
f 10686 9410 12056
f 12891 12056 12053
f 12883 12892 12887
f 12892 12051 12887
f 12892 12053 12051
f 12887 12051 12040
f 9620 12889 9635
f 12889 12893 9635
f 12889 12886 12893
f 9635 12893 9634
f 12886 12894 12893
f 12894 12895 12893
f 12894 12034 12895
f 12893 12895 9634
f 12886 12888 12894
f 12888 12038 12894
f 12888 12040 12038
f 12894 12038 12034
f 9634 12895 9636
f 12895 12032 9636
f 12895 12034 12032
f 9636 12032 1233
f 11349 12804 12489
f 12804 12896 12489
f 12804 12802 12896
f 12489 12896 12491
f 12802 12897 12896
f 12897 12898 12896
f 12897 12899 12898
f 12896 12898 12491
f 12802 12803 12897
f 12803 12900 12897
f 12803 12791 12900
f 12897 12900 12899
f 12491 12898 12495
f 12898 12901 12495
f 12898 12899 12901
f 12495 12901 12497
f 12791 12902 12900
f 12902 12903 12900
f 12902 12904 12903
f 12900 12903 12899
f 12904 12905 12903
f 12905 12906 12903
f 12905 12907 12906
f 12903 12906 12899
f 12904 12908 12905
f 12908 12909 12905
f 12908 12910 12909
f 12905 12909 12907
f 12899 12906 12901
f 12906 12911 12901
f 12906 12907 12911
f 12901 12911 12497
f 12791 12798 12902
f 12798 12912 12902
f 12798 12796 12912
f 12902 12912 12904
f 12796 12913 12912
f 12913 12914 12912
f 12913 12915 12914
f 12912 12914 12904
f 12796 12797 12913
f 12797 12916 12913
f 12797 9562 12916
f 12913 12916 12915
f 12904 12914 12908
f 12914 12917 12908
f 12914 12915 12917
f 12908 12917 12910
f 12497 12911 12508
f 12911 12918 12508
f 12911 12907 12918
f 12508 12918 12510
f 12907 12919 12918
f 12919 12920 12918
f 12919 12921 12920
f 12918 12920 12510
f 12907 12909 12919
f 12909 12922 12919
f 12909 12910 12922
f 12919 12922 12921
f 12510 12920 12513
f 12920 12923 12513
f 12920 12921 12923
f 12513 12923 9421
f 9529 12748 9530
f 12748 12924 9530
f 12748 12746 12924
f 9530 12924 9533
f 12746 12925 12924
f 12925 12926 12924
f 12925 12927 12926
f 12924 12926 9533
f 12746 12747 12925
f 12747 12928 12925
f 12747 12732 12928
f 12925 12928 12927
f 9533 12926 9538
f 12926 12929 9538
f 12926 12927 12929
f 9538 12929 9540
f 12732 12930 12928
f 12930 12931 12928
f 12930 12932 12931
f 12928 12931 12927
f 12932 12933 12931
f 12933 12934 12931
f 12933 12935 12934
f 12931 12934 12927
f 12932 12936 12933
f 12936 12937 12933
f 12936 12938 12937
f 12933 12937 12935
f 12927 12934 12929
f 12934 12939 12929
f 12934 12935 12939
f 12929 12939 9540
f 12732 12742 12930
f 12742 12940 12930
f 12742 12739 12940
f 12930 12940 12932
f 12739 12941 12940
f 12941 12942 12940
f 12941 12943 12942
f 12940 12942 12932
f 12739 12741 12941
f 12741 12944 12941
f 12741 9842 12944
f 12941 12944 12943
f 12932 12942 12936
f 12942 12945 12936
f 12942 12943 12945
f 12936 12945 12938
f 9540 12939 9554
f 12939 12946 9554
f 12939 12935 12946
f 9554 12946 9556
f 12935 12947 12946
f 12947 12948 12946
f 12947 12949 12948
f 12946 12948 9556
f 12935 12937 12947
f 12937 12950 12947
f 12937 12938 12950
f 12947 12950 12949
f 9556 12948 9560
f 12948 12951 9560
f 12948 12949 12951
f 9560 12951 9562
f 10694 12572 10695
f 12572 12952 10695
f 12572 12570 12952
f 10695 12952 10698
f 12570 12953 12952
f 12953 12954 12952
f 12953 12955 12954
f 12952 12954 10698
f 12570 12571 12953
f 12571 12956 12953
f 12571 12556 12956
f 12953 12956 12955
f 10698 12954 10703
f 12954 12957 10703
f 12954 12955 12957
f 10703 12957 10705
f 12556 12958 12956
f 12958 12959 12956
f 12958 12960 12959
f 12956 12959 12955
f 12960 12961 12959
f 12961 12962 12959
f 12961 12963 12962
f 12959 12962 12955
f 12960 12964 12961
f 12964 12965 12961
f 12964 12966 12965
f 12961 12965 12963
f 12955 12962 12957
f 12962 12967 12957
f 12962 12963 12967
f 12957 12967 10705
f 12556 12566 12958
f 12566 12968 12958
f 12566 12563 12968
f 12958 12968 12960
f 12563 12969 12968
f 12969 12970 12968
f 12969 12971 12970
f 12968 12970 12960
f 12563 12565 12969
f 12565 12972 12969
f 12565 9665 12972
f 12969 12972 12971
f 12960 12970 12964
f 12970 12973 12964
f 12970 12971 12973
f 12964 12973 12966
f 10705 12967 10719
f 12967 12974 10719
f 12967 12963 12974
f 10719 12974 10721
f 12963 12975 12974
f 12975 12976 12974
f 12975 12977 12976
f 12974 12976 10721
f 12963 12965 12975
f 12965 12978 12975
f 12965 12966 12978
f 12975 12978 12977
f 10721 12976 10725
f 12976 12979 10725
f 12976 12977 12979
f 10725 12979 10727
f 9573 10658 11653
f 10658 12980 11653
f 10658 10655 12980
f 11653 12980 11652
f 10655 12981 12980
f 12981 12982 12980
f 12981 12983 12982
f 12980 12982 11652
f 10655 10656 12981
f 10656 12984 12981
f 10656 10642 12984
f 12981 12984 12983
f 11652 12982 11654
f 12982 12985 11654
f 12982 12983 12985
f 11654 12985 11647
f 10642 12986 12984
f 12986 12987 12984
f 12986 12988 12987
f 12984 12987 12983
f 12988 12989 12987
f 12989 12990 12987
f 12989 12991 12990
f 12987 12990 12983
f 12988 12992 12989
f 12992 12993 12989
f 12992 12994 12993
f 12989 12993 12991
f 12983 12990 12985
f 12990 12995 12985
f 12990 12991 12995
f 12985 12995 11647
f 10642 10649 12986
f 10649 12996 12986
f 10649 10647 12996
f 12986 12996 12988
f 10647 12997 12996
f 12997 12998 12996
f 12997 12999 12998
f 12996 12998 12988
f 10647 10648 12997
f 10648 13000 12997
f 10648 9118 13000
f 12997 13000 12999
f 12988 12998 12992
f 12998 13001 12992
f 12998 12999 13001
f 12992 13001 12994
f 11647 12995 11659
f 12995 13002 11659
f 12995 12991 13002
f 11659 13002 11658
f 12991 13003 13002
f 13003 13004 13002
f 13003 13005 13004
f 13002 13004 11658
f 12991 12993 13003
f 12993 13006 13003
f 12993 12994 13006
f 13003 13006 13005
f 11658 13004 11660
f 13004 13007 11660
f 13004 13005 13007
f 11660 13007 10580
f 8446 13008 9186
f 13008 13009 9186
f 13008 13010 13009
f 9186 13009 9188
f 13010 13011 13009
f 13011 13012 13009
f 13011 13013 13012
f 13009 13012 9188
f 13010 13014 13011
f 13014 13015 13011
f 13014 13016 13015
f 13011 13015 13013
f 9188 13012 9192
f 13012 13017 9192
f 13012 13013 13017
f 9192 13017 9194
f 13016 13018 13015
f 13018 13019 13015
f 13018 13020 13019
f 13015 13019 13013
f 13020 13021 13019
f 13021 13022 13019
f 13021 13023 13022
f 13019 13022 13013
f 13020 13024 13021
f 13024 13025 13021
f 13024 11985 13025
f 13021 13025 13023
f 13013 13022 13017
f 13022 13026 13017
f 13022 13023 13026
f 13017 13026 9194
f 13016 13027 13018
f 13027 13028 13018
f 13027 13029 13028
f 13018 13028 13020
f 13029 13030 13028
f 13030 13031 13028
f 13030 11978 13031
f 13028 13031 13020
f 13029 13032 13030
f 13032 11976 13030
f 13032 8402 11976
f 13030 11976 11978
f 13020 13031 13024
f 13031 11983 13024
f 13031 11978 11983
f 13024 11983 11985
f 9194 13026 9205
f 13026 13033 9205
f 13026 13023 13033
f 9205 13033 9207
f 13023 13034 13033
f 13034 13035 13033
f 13034 12004 13035
f 13033 13035 9207
f 13023 13025 13034
f 13025 12002 13034
f 13025 11985 12002
f 13034 12002 12004
f 9207 13035 9210
f 13035 12009 9210
f 13035 12004 12009
f 9210 12009 8302
f 8446 10098 13008
f 10098 13036 13008
f 10098 10096 13036
f 13008 13036 13010
f 10096 13037 13036
f 13037 13038 13036
f 13037 13039 13038
f 13036 13038 13010
f 10096 10097 13037
f 10097 13040 13037
f 10097 10085 13040
f 13037 13040 13039
f 13010 13038 13014
f 13038 13041 13014
f 13038 13039 13041
f 13014 13041 13016
f 10085 13042 13040
f 13042 13043 13040
f 13042 13044 13043
f 13040 13043 13039
f 13044 13045 13043
f 13045 13046 13043
f 13045 13047 13046
f 13043 13046 13039
f 13044 13048 13045
f 13048 13049 13045
f 13048 13050 13049
f 13045 13049 13047
f 13039 13046 13041
f 13046 13051 13041
f 13046 13047 13051
f 13041 13051 13016
f 10085 10092 13042
f 10092 13052 13042
f 10092 10090 13052
f 13042 13052 13044
f 10090 13053 13052
f 13053 13054 13052
f 13053 13055 13054
f 13052 13054 13044
f 10090 10091 13053
f 10091 13056 13053
f 10091 7747 13056
f 13053 13056 13055
f 13044 13054 13048
f 13054 13057 13048
f 13054 13055 13057
f 13048 13057 13050
f 13016 13051 13027
f 13051 13058 13027
f 13051 13047 13058
f 13027 13058 13029
f 13047 13059 13058
f 13059 13060 13058
f 13059 13061 13060
f 13058 13060 13029
f 13047 13049 13059
f 13049 13062 13059
f 13049 13050 13062
f 13059 13062 13061
f 13029 13060 13032
f 13060 13063 13032
f 13060 13061 13063
f 13032 13063 8402
f 10727 12979 13064
f 12979 13065 13064
f 12979 12977 13065
f 13064 13065 13066
f 12977 13067 13065
f 13067 13068 13065
f 13067 13069 13068
f 13065 13068 13066
f 12977 12978 13067
f 12978 13070 13067
f 12978 12966 13070
f 13067 13070 13069
f 13066 13068 13071
f 13068 13072 13071
f 13068 13069 13072
f 13071 13072 13073
f 12966 13074 13070
f 13074 13075 13070
f 13074 13076 13075
f 13070 13075 13069
f 13076 13077 13075
f 13077 13078 13075
f 13077 13079 13078
f 13075 13078 13069
f 13076 13080 13077
f 13080 13081 13077
f 13080 9645 13081
f 13077 13081 13079
f 13069 13078 13072
f 13078 13082 13072
f 13078 13079 13082
f 13072 13082 13073
f 12966 12973 13074
f 12973 13083 13074
f 12973 12971 13083
f 13074 13083 13076
f 12971 13084 13083
f 13084 13085 13083
f 13084 9659 13085
f 13083 13085 13076
f 12971 12972 13084
f 12972 9663 13084
f 12972 9665 9663
f 13084 9663 9659
f 13076 13085 13080
f 13085 9657 13080
f 13085 9659 9657
f 13080 9657 9645
f 13073 13082 13086
f 13082 13087 13086
f 13082 13079 13087
f 13086 13087 13088
f 13079 13089 13087
f 13089 13090 13087
f 13089 9639 13090
f 13087 13090 13088
f 13079 13081 13089
f 13081 9643 13089
f 13081 9645 9643
f 13089 9643 9639
f 13088 13090 13091
f 13090 9637 13091
f 13090 9639 9637
f 13091 9637 9129
f 9078 10198 13092
f 10198 13093 13092
f 10198 10196 13093
f 13092 13093 13094
f 10196 13095 13093
f 13095 13096 13093
f 13095 13097 13096
f 13093 13096 13094
f 10196 10197 13095
f 10197 13098 13095
f 10197 10185 13098
f 13095 13098 13097
f 13094 13096 13099
f 13096 13100 13099
f 13096 13097 13100
f 13099 13100 13101
f 10185 13102 13098
f 13102 13103 13098
f 13102 13104 13103
f 13098 13103 13097
f 13104 13105 13103
f 13105 13106 13103
f 13105 13107 13106
f 13103 13106 13097
f 13104 13108 13105
f 13108 13109 13105
f 13108 13110 13109
f 13105 13109 13107
f 13097 13106 13100
f 13106 13111 13100
f 13106 13107 13111
f 13100 13111 13101
f 10185 10192 13102
f 10192 13112 13102
f 10192 10190 13112
f 13102 13112 13104
f 10190 13113 13112
f 13113 13114 13112
f 13113 13115 13114
f 13112 13114 13104
f 10190 10191 13113
f 10191 13116 13113
f 10191 9247 13116
f 13113 13116 13115
f 13104 13114 13108
f 13114 13117 13108
f 13114 13115 13117
f 13108 13117 13110
f 13101 13111 13118
f 13111 13119 13118
f 13111 13107 13119
f 13118 13119 13120
f 13107 13121 13119
f 13121 13122 13119
f 13121 13123 13122
f 13119 13122 13120
f 13107 13109 13121
f 13109 13124 13121
f 13109 13110 13124
f 13121 13124 13123
f 13120 13122 13125
f 13122 13126 13125
f 13122 13123 13126
f 13125 13126 7795
f 12313 13127 12481
f 13127 13128 12481
f 13127 13129 13128
f 12481 13128 12480
f 13129 13130 13128
f 13130 13131 13128
f 13130 13132 13131
f 13128 13131 12480
f 13129 13133 13130
f 13133 13134 13130
f 13133 13135 13134
f 13130 13134 13132
f 12480 13131 12482
f 13131 13136 12482
f 13131 13132 13136
f 12482 13136 12475
f 13135 13137 13134
f 13137 13138 13134
f 13137 13139 13138
f 13134 13138 13132
f 13139 13140 13138
f 13140 13141 13138
f 13140 13142 13141
f 13138 13141 13132
f 13139 13143 13140
f 13143 13144 13140
f 13143 13145 13144
f 13140 13144 13142
f 13132 13141 13136
f 13141 13146 13136
f 13141 13142 13146
f 13136 13146 12475
f 13135 13147 13137
f 13147 13148 13137
f 13147 13149 13148
f 13137 13148 13139
f 13149 13150 13148
f 13150 13151 13148
f 13150 13152 13151
f 13148 13151 13139
f 13149 13153 13150
f 13153 13154 13150
f 13153 13155 13154
f 13150 13154 13152
f 13139 13151 13143
f 13151 13156 13143
f 13151 13152 13156
f 13143 13156 13145
f 12475 13146 12487
f 13146 13157 12487
f 13146 13142 13157
f 12487 13157 12486
f 13142 13158 13157
f 13158 13159 13157
f 13158 13160 13159
f 13157 13159 12486
f 13142 13144 13158
f 13144 13161 13158
f 13144 13145 13161
f 13158 13161 13160
f 12486 13159 12488
f 13159 13162 12488
f 13159 13160 13162
f 12488 13162 11306
f 11306 13162 11307
f 13162 13163 11307
f 13162 13160 13163
f 11307 13163 11310
f 13160 13164 13163
f 13164 13165 13163
f 13164 13166 13165
f 13163 13165 11310
f 13160 13161 13164
f 13161 13167 13164
f 13161 13145 13167
f 13164 13167 13166
f 11310 13165 11315
f 13165 13168 11315
f 13165 13166 13168
f 11315 13168 11317
f 13145 13169 13167
f 13169 13170 13167
f 13169 13171 13170
f 13167 13170 13166
f 13171 13172 13170
f 13172 13173 13170
f 13172 13174 13173
f 13170 13173 13166
f 13171 13175 13172
f 13175 13176 13172
f 13175 13177 13176
f 13172 13176 13174
f 13166 13173 13168
f 13173 13178 13168
f 13173 13174 13178
f 13168 13178 11317
f 13145 13156 13169
f 13156 13179 13169
f 13156 13152 13179
f 13169 13179 13171
f 13152 13180 13179
f 13180 13181 13179
f 13180 13182 13181
f 13179 13181 13171
f 13152 13154 13180
f 13154 13183 13180
f 13154 13155 13183
f 13180 13183 13182
f 13171 13181 13175
f 13181 13184 13175
f 13181 13182 13184
f 13175 13184 13177
f 11317 13178 11331
f 13178 13185 11331
f 13178 13174 13185
f 11331 13185 11333
f 13174 13186 13185
f 13186 13187 13185
f 13186 13188 13187
f 13185 13187 11333
f 13174 13176 13186
f 13176 13189 13186
f 13176 13177 13189
f 13186 13189 13188
f 11333 13187 11337
f 13187 13190 11337
f 13187 13188 13190
f 11337 13190 9708
f 10263 13191 12228
f 13191 13192 12228
f 13191 13193 13192
f 12228 13192 12230
f 13193 13194 13192
f 13194 13195 13192
f 13194 13196 13195
f 13192 13195 12230
f 13193 13197 13194
f 13197 13198 13194
f 13197 13199 13198
f 13194 13198 13196
f 12230 13195 12234
f 13195 13200 12234
f 13195 13196 13200
f 12234 13200 12236
f 13199 13201 13198
f 13201 13202 13198
f 13201 13203 13202
f 13198 13202 13196
f 13203 13204 13202
f 13204 13205 13202
f 13204 13206 13205
f 13202 13205 13196
f 13203 13207 13204
f 13207 13208 13204
f 13207 13209 13208
f 13204 13208 13206
f 13196 13205 13200
f 13205 13210 13200
f 13205 13206 13210
f 13200 13210 12236
f 13199 13211 13201
f 13211 13212 13201
f 13211 13213 13212
f 13201 13212 13203
f 13213 13214 13212
f 13214 13215 13212
f 13214 13216 13215
f 13212 13215 13203
f 13213 13217 13214
f 13217 13218 13214
f 13217 13219 13218
f 13214 13218 13216
f 13203 13215 13207
f 13215 13220 13207
f 13215 13216 13220
f 13207 13220 13209
f 12236 13210 12248
f 13210 13221 12248
f 13210 13206 13221
f 12248 13221 12250
f 13206 13222 13221
f 13222 13223 13221
f 13222 13224 13223
f 13221 13223 12250
f 13206 13208 13222
f 13208 13225 13222
f 13208 13209 13225
f 13222 13225 13224
f 12250 13223 12254
f 13223 13226 12254
f 13223 13224 13226
f 12254 13226 12256
f 10580 13007 11821
f 13007 13227 11821
f 13007 13005 13227
f 11821 13227 11820
f 13005 13228 13227
f 13228 13229 13227
f 13228 13230 13229
f 13227 13229 11820
f 13005 13006 13228
f 13006 13231 13228
f 13006 12994 13231
f 13228 13231 13230
f 11820 13229 11822
f 13229 13232 11822
f 13229 13230 13232
f 11822 13232 11815
f 12994 13233 13231
f 13233 13234 13231
f 13233 13235 13234
f 13231 13234 13230
f 13235 13236 13234
f 13236 13237 13234
f 13236 13238 13237
f 13234 13237 13230
f 13235 13239 13236
f 13239 13240 13236
f 13239 9266 13240
f 13236 13240 13238
f 13230 13237 13232
f 13237 13241 13232
f 13237 13238 13241
f 13232 13241 11815
f 12994 13001 13233
f 13001 13242 13233
f 13001 12999 13242
f 13233 13242 13235
f 12999 13243 13242
f 13243 13244 13242
f 13243 9279 13244
f 13242 13244 13235
f 12999 13000 13243
f 13000 9282 13243
f 13000 9118 9282
f 13243 9282 9279
f 13235 13244 13239
f 13244 9277 13239
f 13244 9279 9277
f 13239 9277 9266
f 11815 13241 11827
f 13241 13245 11827
f 13241 13238 13245
f 11827 13245 11826
f 13238 13246 13245
f 13246 13247 13245
f 13246 9260 13247
f 13245 13247 11826
f 13238 13240 13246
f 13240 9264 13246
f 13240 9266 9264
f 13246 9264 9260
f 11826 13247 11828
f 13247 9258 11828
f 13247 9260 9258
f 11828 9258 8836
f 8836 8835 10426
f 8835 13248 10426
f 8835 8832 13248
f 10426 13248 10428
f 8832 13249 13248
f 13249 13250 13248
f 13249 13251 13250
f 13248 13250 10428
f 8832 8833 13249
f 8833 13252 13249
f 8833 8815 13252
f 13249 13252 13251
f 10428 13250 10432
f 13250 13253 10432
f 13250 13251 13253
f 10432 13253 10434
f 8815 13254 13252
f 13254 13255 13252
f 13254 13256 13255
f 13252 13255 13251
f 13256 13257 13255
f 13257 13258 13255
f 13257 13259 13258
f 13255 13258 13251
f 13256 13260 13257
f 13260 13261 13257
f 13260 13262 13261
f 13257 13261 13259
f 13251 13258 13253
f 13258 13263 13253
f 13258 13259 13263
f 13253 13263 10434
f 8815 8826 13254
f 8826 13264 13254
f 8826 8822 13264
f 13254 13264 13256
f 8822 13265 13264
f 13265 13266 13264
f 13265 13267 13266
f 13264 13266 13256
f 8822 8824 13265
f 8824 13268 13265
f 8824 8825 13268
f 13265 13268 13267
f 13256 13266 13260
f 13266 13269 13260
f 13266 13267 13269
f 13260 13269 13262
f 10434 13263 10446
f 13263 13270 10446
f 13263 13259 13270
f 10446 13270 10448
f 13259 13271 13270
f 13271 13272 13270
f 13271 13273 13272
f 13270 13272 10448
f 13259 13261 13271
f 13261 13274 13271
f 13261 13262 13274
f 13271 13274 13273
f 10448 13272 10452
f 13272 13275 10452
f 13272 13273 13275
f 10452 13275 9521
f 10727 13276 12285
f 13276 13277 12285
f 13276 13278 13277
f 12285 13277 12287
f 13278 13279 13277
f 13279 13280 13277
f 13279 13281 13280
f 13277 13280 12287
f 13278 13282 13279
f 13282 13283 13279
f 13282 13284 13283
f 13279 13283 13281
f 12287 13280 12291
f 13280 13285 12291
f 13280 13281 13285
f 12291 13285 12293
f 13284 13286 13283
f 13286 13287 13283
f 13286 13288 13287
f 13283 13287 13281
f 13288 13289 13287
f 13289 13290 13287
f 13289 13291 13290
f 13287 13290 13281
f 13288 13292 13289
f 13292 13293 13289
f 13292 13135 13293
f 13289 13293 13291
f 13281 13290 13285
f 13290 13294 13285
f 13290 13291 13294
f 13285 13294 12293
f 13284 13295 13286
f 13295 13296 13286
f 13295 13297 13296
f 13286 13296 13288
f 13297 13298 13296
f 13298 13299 13296
f 13298 13149 13299
f 13296 13299 13288
f 13297 13300 13298
f 13300 13153 13298
f 13300 13155 13153
f 13298 13153 13149
f 13288 13299 13292
f 13299 13147 13292
f 13299 13149 13147
f 13292 13147 13135
f 12293 13294 12305
f 13294 13301 12305
f 13294 13291 13301
f 12305 13301 12307
f 13291 13302 13301
f 13302 13303 13301
f 13302 13129 13303
f 13301 13303 12307
f 13291 13293 13302
f 13293 13133 13302
f 13293 13135 13133
f 13302 13133 13129
f 12307 13303 12311
f 13303 13127 12311
f 13303 13129 13127
f 12311 13127 12313
f 9972 9971 12192
f 9971 13304 12192
f 9971 9968 13304
f 12192 13304 12190
f 9968 13305 13304
f 13305 13306 13304
f 13305 13307 13306
f 13304 13306 12190
f 9968 9969 13305
f 9969 13308 13305
f 9969 9951 13308
f 13305 13308 13307
f 12190 13306 12193
f 13306 13309 12193
f 13306 13307 13309
f 12193 13309 12183
f 9951 13310 13308
f 13310 13311 13308
f 13310 13312 13311
f 13308 13311 13307
f 13312 13313 13311
f 13313 13314 13311
f 13313 13315 13314
f 13311 13314 13307
f 13312 13316 13313
f 13316 13317 13313
f 13316 13318 13317
f 13313 13317 13315
f 13307 13314 13309
f 13314 13319 13309
f 13314 13315 13319
f 13309 13319 12183
f 9951 9962 13310
f 9962 13320 13310
f 9962 9958 13320
f 13310 13320 13312
f 9958 13321 13320
f 13321 13322 13320
f 13321 13323 13322
f 13320 13322 13312
f 9958 9960 13321
f 9960 13324 13321
f 9960 9961 13324
f 13321 13324 13323
f 13312 13322 13316
f 13322 13325 13316
f 13322 13323 13325
f 13316 13325 13318
f 12183 13319 12198
f 13319 13326 12198
f 13319 13315 13326
f 12198 13326 12197
f 13315 13327 13326
f 13327 13328 13326
f 13327 13329 13328
f 13326 13328 12197
f 13315 13317 13327
f 13317 13330 13327
f 13317 13318 13330
f 13327 13330 13329
f 12197 13328 12199
f 13328 13331 12199
f 13328 13329 13331
f 12199 13331 8985
f 9961 11385 13332
f 11385 13333 13332
f 11385 11383 13333
f 13332 13333 13334
f 11383 13335 13333
f 13335 13336 13333
f 13335 13337 13336
f 13333 13336 13334
f 11383 11384 13335
f 11384 13338 13335
f 11384 11368 13338
f 13335 13338 13337
f 13334 13336 13339
f 13336 13340 13339
f 13336 13337 13340
f 13339 13340 13341
f 11368 13342 13338
f 13342 13343 13338
f 13342 13344 13343
f 13338 13343 13337
f 13344 13345 13343
f 13345 13346 13343
f 13345 13347 13346
f 13343 13346 13337
f 13344 13348 13345
f 13348 13349 13345
f 13348 13350 13349
f 13345 13349 13347
f 13337 13346 13340
f 13346 13351 13340
f 13346 13347 13351
f 13340 13351 13341
f 11368 11379 13342
f 11379 13352 13342
f 11379 11375 13352
f 13342 13352 13344
f 11375 13353 13352
f 13353 13354 13352
f 13353 13355 13354
f 13352 13354 13344
f 11375 11377 13353
f 11377 13356 13353
f 11377 11378 13356
f 13353 13356 13355
f 13344 13354 13348
f 13354 13357 13348
f 13354 13355 13357
f 13348 13357 13350
f 13341 13351 13358
f 13351 13359 13358
f 13351 13347 13359
f 13358 13359 13360
f 13347 13361 13359
f 13361 13362 13359
f 13361 13363 13362
f 13359 13362 13360
f 13347 13349 13361
f 13349 13364 13361
f 13349 13350 13364
f 13361 13364 13363
f 13360 13362 13365
f 13362 13366 13365
f 13362 13363 13366
f 13365 13366 12256
f 9708 13190 12405
f 13190 13367 12405
f 13190 13188 13367
f 12405 13367 12407
f 13188 13368 13367
f 13368 13369 13367
f 13368 13370 13369
f 13367 13369 12407
f 13188 13189 13368
f 13189 13371 13368
f 13189 13177 13371
f 13368 13371 13370
f 12407 13369 12411
f 13369 13372 12411
f 13369 13370 13372
f 12411 13372 12413
f 13177 13373 13371
f 13373 13374 13371
f 13373 13375 13374
f 13371 13374 13370
f 13375 13376 13374
f 13376 13377 13374
f 13376 13378 13377
f 13374 13377 13370
f 13375 13379 13376
f 13379 13380 13376
f 13379 13381 13380
f 13376 13380 13378
f 13370 13377 13372
f 13377 13382 13372
f 13377 13378 13382
f 13372 13382 12413
f 13177 13184 13373
f 13184 13383 13373
f 13184 13182 13383
f 13373 13383 13375
f 13182 13384 13383
f 13384 13385 13383
f 13384 13386 13385
f 13383 13385 13375
f 13182 13183 13384
f 13183 13387 13384
f 13183 13155 13387
f 13384 13387 13386
f 13375 13385 13379
f 13385 13388 13379
f 13385 13386 13388
f 13379 13388 13381
f 12413 13382 12424
f 13382 13389 12424
f 13382 13378 13389
f 12424 13389 12426
f 13378 13390 13389
f 13390 13391 13389
f 13390 13392 13391
f 13389 13391 12426
f 13378 13380 13390
f 13380 13393 13390
f 13380 13381 13393
f 13390 13393 13392
f 12426 13391 12429
f 13391 13394 12429
f 13391 13392 13394
f 12429 13394 9129
f 9247 9891 13116
f 9891 13395 13116
f 9891 9888 13395
f 13116 13395 13115
f 9888 13396 13395
f 13396 13397 13395
f 13396 13398 13397
f 13395 13397 13115
f 9888 9889 13396
f 9889 13399 13396
f 9889 9872 13399
f 13396 13399 13398
f 13115 13397 13117
f 13397 13400 13117
f 13397 13398 13400
f 13117 13400 13110
f 9872 13401 13399
f 13401 13402 13399
f 13401 13403 13402
f 13399 13402 13398
f 13403 13404 13402
f 13404 13405 13402
f 13404 13406 13405
f 13402 13405 13398
f 13403 13407 13404
f 13407 13408 13404
f 13407 7806 13408
f 13404 13408 13406
f 13398 13405 13400
f 13405 13409 13400
f 13405 13406 13409
f 13400 13409 13110
f 9872 9882 13401
f 9882 13410 13401
f 9882 9879 13410
f 13401 13410 13403
f 9879 13411 13410
f 13411 13412 13410
f 13411 7822 13412
f 13410 13412 13403
f 9879 9881 13411
f 9881 7826 13411
f 9881 7828 7826
f 13411 7826 7822
f 13403 13412 13407
f 13412 7820 13407
f 13412 7822 7820
f 13407 7820 7806
f 13110 13409 13124
f 13409 13413 13124
f 13409 13406 13413
f 13124 13413 13123
f 13406 13414 13413
f 13414 13415 13413
f 13414 7799 13415
f 13413 13415 13123
f 13406 13408 13414
f 13408 7804 13414
f 13408 7806 7804
f 13414 7804 7799
f 13123 13415 13126
f 13415 7796 13126
f 13415 7799 7796
f 13126 7796 7795
f 7747 8720 13056
f 8720 13416 13056
f 8720 8718 13416
f 13056 13416 13055
f 8718 13417 13416
f 13417 13418 13416
f 13417 13419 13418
f 13416 13418 13055
f 8718 8719 13417
f 8719 13420 13417
f 8719 8704 13420
f 13417 13420 13419
f 13055 13418 13057
f 13418 13421 13057
f 13418 13419 13421
f 13057 13421 13050
f 8704 13422 13420
f 13422 13423 13420
f 13422 13424 13423
f 13420 13423 13419
f 13424 13425 13423
f 13425 13426 13423
f 13425 13427 13426
f 13423 13426 13419
f 13424 13428 13425
f 13428 13429 13425
f 13428 8413 13429
f 13425 13429 13427
f 13419 13426 13421
f 13426 13430 13421
f 13426 13427 13430
f 13421 13430 13050
f 8704 8714 13422
f 8714 13431 13422
f 8714 8711 13431
f 13422 13431 13424
f 8711 13432 13431
f 13432 13433 13431
f 13432 8429 13433
f 13431 13433 13424
f 8711 8713 13432
f 8713 8433 13432
f 8713 8435 8433
f 13432 8433 8429
f 13424 13433 13428
f 13433 8427 13428
f 13433 8429 8427
f 13428 8427 8413
f 13050 13430 13062
f 13430 13434 13062
f 13430 13427 13434
f 13062 13434 13061
f 13427 13435 13434
f 13435 13436 13434
f 13435 8406 13436
f 13434 13436 13061
f 13427 13429 13435
f 13429 8411 13435
f 13429 8413 8411
f 13435 8411 8406
f 13061 13436 13063
f 13436 8403 13063
f 13436 8406 8403
f 13063 8403 8402
f 10782 12227 13437
f 12227 13438 13437
f 12227 12225 13438
f 13437 13438 13439
f 12225 13440 13438
f 13440 13441 13438
f 13440 13442 13441
f 13438 13441 13439
f 12225 12226 13440
f 12226 13443 13440
f 12226 12214 13443
f 13440 13443 13442
f 13439 13441 13444
f 13441 13445 13444
f 13441 13442 13445
f 13444 13445 13446
f 12214 13447 13443
f 13447 13448 13443
f 13447 13449 13448
f 13443 13448 13442
f 13449 13450 13448
f 13450 13451 13448
f 13450 13452 13451
f 13448 13451 13442
f 13449 13453 13450
f 13453 13454 13450
f 13453 13455 13454
f 13450 13454 13452
f 13442 13451 13445
f 13451 13456 13445
f 13451 13452 13456
f 13445 13456 13446
f 12214 12221 13447
f 12221 13457 13447
f 12221 12219 13457
f 13447 13457 13449
f 12219 13458 13457
f 13458 13459 13457
f 13458 13460 13459
f 13457 13459 13449
f 12219 12220 13458
f 12220 13461 13458
f 12220 8675 13461
f 13458 13461 13460
f 13449 13459 13453
f 13459 13462 13453
f 13459 13460 13462
f 13453 13462 13455
f 13446 13456 13463
f 13456 13464 13463
f 13456 13452 13464
f 13463 13464 13465
f 13452 13466 13464
f 13466 13467 13464
f 13466 13468 13467
f 13464 13467 13465
f 13452 13454 13466
f 13454 13469 13466
f 13454 13455 13469
f 13466 13469 13468
f 13465 13467 13470
f 13467 13471 13470
f 13467 13468 13471
f 13470 13471 9521
f 10782 13472 10783
f 13472 13473 10783
f 13472 13474 13473
f 10783 13473 10786
f 13474 13475 13473
f 13475 13476 13473
f 13475 13477 13476
f 13473 13476 10786
f 13474 13478 13475
f 13478 13479 13475
f 13478 13480 13479
f 13475 13479 13477
f 10786 13476 10791
f 13476 13481 10791
f 13476 13477 13481
f 10791 13481 10793
f 13480 13482 13479
f 13482 13483 13479
f 13482 13484 13483
f 13479 13483 13477
f 13484 13485 13483
f 13485 13486 13483
f 13485 13487 13486
f 13483 13486 13477
f 13484 13488 13485
f 13488 13489 13485
f 13488 8803 13489
f 13485 13489 13487
f 13477 13486 13481
f 13486 13490 13481
f 13486 13487 13490
f 13481 13490 10793
f 13480 13491 13482
f 13491 13492 13482
f 13491 13493 13492
f 13482 13492 13484
f 13493 13494 13492
f 13494 13495 13492
f 13494 8819 13495
f 13492 13495 13484
f 13493 13496 13494
f 13496 8823 13494
f 13496 8825 8823
f 13494 8823 8819
f 13484 13495 13488
f 13495 8817 13488
f 13495 8819 8817
f 13488 8817 8803
f 10793 13490 10807
f 13490 13497 10807
f 13490 13487 13497
f 10807 13497 10809
f 13487 13498 13497
f 13498 13499 13497
f 13498 8796 13499
f 13497 13499 10809
f 13487 13489 13498
f 13489 8801 13498
f 13489 8803 8801
f 13498 8801 8796
f 10809 13499 10813
f 13499 8793 10813
f 13499 8796 8793
f 10813 8793 8792
f 8985 13500 11512
f 13500 13501 11512
f 13500 13502 13501
f 11512 13501 11511
f 13502 13503 13501
f 13503 13504 13501
f 13503 13505 13504
f 13501 13504 11511
f 13502 13506 13503
f 13506 13507 13503
f 13506 13508 13507
f 13503 13507 13505
f 11511 13504 11513
f 13504 13509 11513
f 13504 13505 13509
f 11513 13509 11506
f 13508 13510 13507
f 13510 13511 13507
f 13510 13512 13511
f 13507 13511 13505
f 13512 13513 13511
f 13513 13514 13511
f 13513 13515 13514
f 13511 13514 13505
f 13512 13516 13513
f 13516 13517 13513
f 13516 13518 13517
f 13513 13517 13515
f 13505 13514 13509
f 13514 13519 13509
f 13514 13515 13519
f 13509 13519 11506
f 13508 13520 13510
f 13520 13521 13510
f 13520 13522 13521
f 13510 13521 13512
f 13522 13523 13521
f 13523 13524 13521
f 13523 13525 13524
f 13521 13524 13512
f 13522 13526 13523
f 13526 13527 13523
f 13526 13219 13527
f 13523 13527 13525
f 13512 13524 13516
f 13524 13528 13516
f 13524 13525 13528
f 13516 13528 13518
f 11506 13519 11518
f 13519 13529 11518
f 13519 13515 13529
f 11518 13529 11517
f 13515 13530 13529
f 13530 13531 13529
f 13530 13532 13531
f 13529 13531 11517
f 13515 13517 13530
f 13517 13533 13530
f 13517 13518 13533
f 13530 13533 13532
f 11517 13531 11519
f 13531 13534 11519
f 13531 13532 13534
f 11519 13534 8123
f 9562 12951 12916
f 12951 13535 12916
f 12951 12949 13535
f 12916 13535 12915
f 12949 13536 13535
f 13536 13537 13535
f 13536 13538 13537
f 13535 13537 12915
f 12949 12950 13536
f 12950 13539 13536
f 12950 12938 13539
f 13536 13539 13538
f 12915 13537 12917
f 13537 13540 12917
f 13537 13538 13540
f 12917 13540 12910
f 12938 13541 13539
f 13541 13542 13539
f 13541 13543 13542
f 13539 13542 13538
f 13543 13544 13542
f 13544 13545 13542
f 13544 13546 13545
f 13542 13545 13538
f 13543 13547 13544
f 13547 13548 13544
f 13547 9822 13548
f 13544 13548 13546
f 13538 13545 13540
f 13545 13549 13540
f 13545 13546 13549
f 13540 13549 12910
f 12938 12945 13541
f 12945 13550 13541
f 12945 12943 13550
f 13541 13550 13543
f 12943 13551 13550
f 13551 13552 13550
f 13551 9836 13552
f 13550 13552 13543
f 12943 12944 13551
f 12944 9840 13551
f 12944 9842 9840
f 13551 9840 9836
f 13543 13552 13547
f 13552 9834 13547
f 13552 9836 9834
f 13547 9834 9822
f 12910 13549 12922
f 13549 13553 12922
f 13549 13546 13553
f 12922 13553 12921
f 13546 13554 13553
f 13554 13555 13553
f 13554 9816 13555
f 13553 13555 12921
f 13546 13548 13554
f 13548 9820 13554
f 13548 9822 9820
f 13554 9820 9816
f 12921 13555 12923
f 13555 9814 12923
f 13555 9816 9814
f 12923 9814 9421
f 12601 13556 12664
f 13556 13557 12664
f 13556 13558 13557
f 12664 13557 12662
f 13558 13559 13557
f 13559 13560 13557
f 13559 13561 13560
f 13557 13560 12662
f 13558 13562 13559
f 13562 13563 13559
f 13562 13564 13563
f 13559 13563 13561
f 12662 13560 12665
f 13560 13565 12665
f 13560 13561 13565
f 12665 13565 12655
f 13564 13566 13563
f 13566 13567 13563
f 13566 13568 13567
f 13563 13567 13561
f 13568 13569 13567
f 13569 13570 13567
f 13569 13571 13570
f 13567 13570 13561
f 13568 13572 13569
f 13572 13573 13569
f 13572 13574 13573
f 13569 13573 13571
f 13561 13570 13565
f 13570 13575 13565
f 13570 13571 13575
f 13565 13575 12655
f 13564 13576 13566
f 13576 13577 13566
f 13576 13578 13577
f 13566 13577 13568
f 13578 13579 13577
f 13579 13580 13577
f 13579 13581 13580
f 13577 13580 13568
f 13578 13582 13579
f 13582 13583 13579
f 13582 11378 13583
f 13579 13583 13581
f 13568 13580 13572
f 13580 13584 13572
f 13580 13581 13584
f 13572 13584 13574
f 12655 13575 12670
f 13575 13585 12670
f 13575 13571 13585
f 12670 13585 12669
f 13571 13586 13585
f 13586 13587 13585
f 13586 13588 13587
f 13585 13587 12669
f 13571 13573 13586
f 13573 13589 13586
f 13573 13574 13589
f 13586 13589 13588
f 12669 13587 12671
f 13587 13590 12671
f 13587 13588 13590
f 12671 13590 11625
f 10255 12853 12749
f 12853 13591 12749
f 12853 12851 13591
f 12749 13591 12751
f 12851 13592 13591
f 13592 13593 13591
f 13592 13594 13593
f 13591 13593 12751
f 12851 12852 13592
f 12852 13595 13592
f 12852 12840 13595
f 13592 13595 13594
f 12751 13593 12755
f 13593 13596 12755
f 13593 13594 13596
f 12755 13596 12757
f 12840 13597 13595
f 13597 13598 13595
f 13597 13599 13598
f 13595 13598 13594
f 13599 13600 13598
f 13600 13601 13598
f 13600 13602 13601
f 13598 13601 13594
f 13599 13603 13600
f 13603 13604 13600
f 13603 11886 13604
f 13600 13604 13602
f 13594 13601 13596
f 13601 13605 13596
f 13601 13602 13605
f 13596 13605 12757
f 12840 12847 13597
f 12847 13606 13597
f 12847 12845 13606
f 13597 13606 13599
f 12845 13607 13606
f 13607 13608 13606
f 13607 11900 13608
f 13606 13608 13599
f 12845 12846 13607
f 12846 11904 13607
f 12846 11414 11904
f 13607 11904 11900
f 13599 13608 13603
f 13608 11898 13603
f 13608 11900 11898
f 13603 11898 11886
f 12757 13605 12768
f 13605 13609 12768
f 13605 13602 13609
f 12768 13609 12770
f 13602 13610 13609
f 13610 13611 13609
f 13610 11880 13611
f 13609 13611 12770
f 13602 13604 13610
f 13604 11884 13610
f 13604 11886 11884
f 13610 11884 11880
f 12770 13611 12773
f 13611 11878 12773
f 13611 11880 11878
f 12773 11878 9972
f 7795 9013 13125
f 9013 13612 13125
f 9013 9011 13612
f 13125 13612 13120
f 9011 13613 13612
f 13613 13614 13612
f 13613 13615 13614
f 13612 13614 13120
f 9011 9012 13613
f 9012 13616 13613
f 9012 9000 13616
f 13613 13616 13615
f 13120 13614 13118
f 13614 13617 13118
f 13614 13615 13617
f 13118 13617 13101
f 9000 13618 13616
f 13618 13619 13616
f 13618 13620 13619
f 13616 13619 13615
f 13620 13621 13619
f 13621 13622 13619
f 13621 13623 13622
f 13619 13622 13615
f 13620 13624 13621
f 13624 13625 13621
f 13624 9358 13625
f 13621 13625 13623
f 13615 13622 13617
f 13622 13626 13617
f 13622 13623 13626
f 13617 13626 13101
f 9000 9007 13618
f 9007 13627 13618
f 9007 9005 13627
f 13618 13627 13620
f 9005 13628 13627
f 13628 13629 13627
f 13628 9371 13629
f 13627 13629 13620
f 9005 9006 13628
f 9006 9374 13628
f 9006 7703 9374
f 13628 9374 9371
f 13620 13629 13624
f 13629 9369 13624
f 13629 9371 9369
f 13624 9369 9358
f 13101 13626 13099
f 13626 13630 13099
f 13626 13623 13630
f 13099 13630 13094
f 13623 13631 13630
f 13631 13632 13630
f 13631 9352 13632
f 13630 13632 13094
f 13623 13625 13631
f 13625 9356 13631
f 13625 9358 9356
f 13631 9356 9352
f 13094 13632 13092
f 13632 9350 13092
f 13632 9352 9350
f 13092 9350 9078
f 12256 13366 12609
f 13366 13633 12609
f 13366 13363 13633
f 12609 13633 12611
f 13363 13634 13633
f 13634 13635 13633
f 13634 13636 13635
f 13633 13635 12611
f 13363 13364 13634
f 13364 13637 13634
f 13364 13350 13637
f 13634 13637 13636
f 12611 13635 12615
f 13635 13638 12615
f 13635 13636 13638
f 12615 13638 12617
f 13350 13639 13637
f 13639 13640 13637
f 13639 13641 13640
f 13637 13640 13636
f 13641 13642 13640
f 13642 13643 13640
f 13642 13644 13643
f 13640 13643 13636
f 13641 13645 13642
f 13645 13646 13642
f 13645 13564 13646
f 13642 13646 13644
f 13636 13643 13638
f 13643 13647 13638
f 13643 13644 13647
f 13638 13647 12617
f 13350 13357 13639
f 13357 13648 13639
f 13357 13355 13648
f 13639 13648 13641
f 13355 13649 13648
f 13649 13650 13648
f 13649 13578 13650
f 13648 13650 13641
f 13355 13356 13649
f 13356 13582 13649
f 13356 11378 13582
f 13649 13582 13578
f 13641 13650 13645
f 13650 13576 13645
f 13650 13578 13576
f 13645 13576 13564
f 12617 13647 12628
f 13647 13651 12628
f 13647 13644 13651
f 12628 13651 12630
f 13644 13652 13651
f 13652 13653 13651
f 13652 13558 13653
f 13651 13653 12630
f 13644 13646 13652
f 13646 13562 13652
f 13646 13564 13562
f 13652 13562 13558
f 12630 13653 12633
f 13653 13556 12633
f 13653 13558 13556
f 12633 13556 12601
f 11625 13590 11744
f 13590 13654 11744
f 13590 13588 13654
f 11744 13654 11742
f 13588 13655 13654
f 13655 13656 13654
f 13655 13657 13656
f 13654 13656 11742
f 13588 13589 13655
f 13589 13658 13655
f 13589 13574 13658
f 13655 13658 13657
f 11742 13656 11745
f 13656 13659 11745
f 13656 13657 13659
f 11745 13659 11735
f 13574 13660 13658
f 13660 13661 13658
f 13660 13662 13661
f 13658 13661 13657
f 13662 13663 13661
f 13663 13664 13661
f 13663 13665 13664
f 13661 13664 13657
f 13662 13666 13663
f 13666 13667 13663
f 13666 11358 13667
f 13663 13667 13665
f 13657 13664 13659
f 13664 13668 13659
f 13664 13665 13668
f 13659 13668 11735
f 13574 13584 13660
f 13584 13669 13660
f 13584 13581 13669
f 13660 13669 13662
f 13581 13670 13669
f 13670 13671 13669
f 13670 11372 13671
f 13669 13671 13662
f 13581 13583 13670
f 13583 11376 13670
f 13583 11378 11376
f 13670 11376 11372
f 13662 13671 13666
f 13671 11370 13666
f 13671 11372 11370
f 13666 11370 11358
f 11735 13668 11750
f 13668 13672 11750
f 13668 13665 13672
f 11750 13672 11749
f 13665 13673 13672
f 13673 13674 13672
f 13673 11352 13674
f 13672 13674 11749
f 13665 13667 13673
f 13667 11356 13673
f 13667 11358 11356
f 13673 11356 11352
f 11749 13674 11751
f 13674 11350 11751
f 13674 11352 11350
f 11751 11350 9928
f 9521 13471 9520
f 13471 13675 9520
f 13471 13468 13675
f 9520 13675 9518
f 13468 13676 13675
f 13676 13677 13675
f 13676 13678 13677
f 13675 13677 9518
f 13468 13469 13676
f 13469 13679 13676
f 13469 13455 13679
f 13676 13679 13678
f 9518 13677 9522
f 13677 13680 9522
f 13677 13678 13680
f 9522 13680 9511
f 13455 13681 13679
f 13681 13682 13679
f 13681 13683 13682
f 13679 13682 13678
f 13683 13684 13682
f 13684 13685 13682
f 13684 13686 13685
f 13682 13685 13678
f 13683 13687 13684
f 13687 13688 13684
f 13687 8653 13688
f 13684 13688 13686
f 13678 13685 13680
f 13685 13689 13680
f 13685 13686 13689
f 13680 13689 9511
f 13455 13462 13681
f 13462 13690 13681
f 13462 13460 13690
f 13681 13690 13683
f 13460 13691 13690
f 13691 13692 13690
f 13691 8669 13692
f 13690 13692 13683
f 13460 13461 13691
f 13461 8673 13691
f 13461 8675 8673
f 13691 8673 8669
f 13683 13692 13687
f 13692 8667 13687
f 13692 8669 8667
f 13687 8667 8653
f 9511 13689 9527
f 13689 13693 9527
f 13689 13686 13693
f 9527 13693 9526
f 13686 13694 13693
f 13694 13695 13693
f 13694 8646 13695
f 13693 13695 9526
f 13686 13688 13694
f 13688 8651 13694
f 13688 8653 8651
f 13694 8651 8646
f 9526 13695 9528
f 13695 8643 9528
f 13695 8646 8643
f 9528 8643 8642
f 8123 13534 11689
f 13534 13696 11689
f 13534 13532 13696
f 11689 13696 11691
f 13532 13697 13696
f 13697 13698 13696
f 13697 13699 13698
f 13696 13698 11691
f 13532 13533 13697
f 13533 13700 13697
f 13533 13518 13700
f 13697 13700 13699
f 11691 13698 11695
f 13698 13701 11695
f 13698 13699 13701
f 11695 13701 11697
f 13518 13702 13700
f 13702 13703 13700
f 13702 13704 13703
f 13700 13703 13699
f 13704 13705 13703
f 13705 13706 13703
f 13705 13707 13706
f 13703 13706 13699
f 13704 13708 13705
f 13708 13709 13705
f 13708 13199 13709
f 13705 13709 13707
f 13699 13706 13701
f 13706 13710 13701
f 13706 13707 13710
f 13701 13710 11697
f 13518 13528 13702
f 13528 13711 13702
f 13528 13525 13711
f 13702 13711 13704
f 13525 13712 13711
f 13712 13713 13711
f 13712 13213 13713
f 13711 13713 13704
f 13525 13527 13712
f 13527 13217 13712
f 13527 13219 13217
f 13712 13217 13213
f 13704 13713 13708
f 13713 13211 13708
f 13713 13213 13211
f 13708 13211 13199
f 11697 13710 11708
f 13710 13714 11708
f 13710 13707 13714
f 11708 13714 11710
f 13707 13715 13714
f 13715 13716 13714
f 13715 13193 13716
f 13714 13716 11710
f 13707 13709 13715
f 13709 13197 13715
f 13709 13199 13197
f 13715 13197 13193
f 11710 13716 11713
f 13716 13191 11713
f 13716 13193 13191
f 11713 13191 10263
f 12256 13226 13365
f 13226 13717 13365
f 13226 13224 13717
f 13365 13717 13360
f 13224 13718 13717
f 13718 13719 13717
f 13718 13720 13719
f 13717 13719 13360
f 13224 13225 13718
f 13225 13721 13718
f 13225 13209 13721
f 13718 13721 13720
f 13360 13719 13358
f 13719 13722 13358
f 13719 13720 13722
f 13358 13722 13341
f 13209 13723 13721
f 13723 13724 13721
f 13723 13725 13724
f 13721 13724 13720
f 13725 13726 13724
f 13726 13727 13724
f 13726 13728 13727
f 13724 13727 13720
f 13725 13729 13726
f 13729 13730 13726
f 13729 13731 13730
f 13726 13730 13728
f 13720 13727 13722
f 13727 13732 13722
f 13727 13728 13732
f 13722 13732 13341
f 13209 13220 13723
f 13220 13733 13723
f 13220 13216 13733
f 13723 13733 13725
f 13216 13734 13733
f 13734 13735 13733
f 13734 13736 13735
f 13733 13735 13725
f 13216 13218 13734
f 13218 13737 13734
f 13218 13219 13737
f 13734 13737 13736
f 13725 13735 13729
f 13735 13738 13729
f 13735 13736 13738
f 13729 13738 13731
f 13341 13732 13339
f 13732 13739 13339
f 13732 13728 13739
f 13339 13739 13334
f 13728 13740 13739
f 13740 13741 13739
f 13740 13742 13741
f 13739 13741 13334
f 13728 13730 13740
f 13730 13743 13740
f 13730 13731 13743
f 13740 13743 13742
f 13334 13741 13332
f 13741 13744 13332
f 13741 13742 13744
f 13332 13744 9961
f 9129 13394 13091
f 13394 13745 13091
f 13394 13392 13745
f 13091 13745 13088
f 13392 13746 13745
f 13746 13747 13745
f 13746 13748 13747
f 13745 13747 13088
f 13392 13393 13746
f 13393 13749 13746
f 13393 13381 13749
f 13746 13749 13748
f 13088 13747 13086
f 13747 13750 13086
f 13747 13748 13750
f 13086 13750 13073
f 13381 13751 13749
f 13751 13752 13749
f 13751 13753 13752
f 13749 13752 13748
f 13753 13754 13752
f 13754 13755 13752
f 13754 13756 13755
f 13752 13755 13748
f 13753 13757 13754
f 13757 13758 13754
f 13757 13284 13758
f 13754 13758 13756
f 13748 13755 13750
f 13755 13759 13750
f 13755 13756 13759
f 13750 13759 13073
f 13381 13388 13751
f 13388 13760 13751
f 13388 13386 13760
f 13751 13760 13753
f 13386 13761 13760
f 13761 13762 13760
f 13761 13297 13762
f 13760 13762 13753
f 13386 13387 13761
f 13387 13300 13761
f 13387 13155 13300
f 13761 13300 13297
f 13753 13762 13757
f 13762 13295 13757
f 13762 13297 13295
f 13757 13295 13284
f 13073 13759 13071
f 13759 13763 13071
f 13759 13756 13763
f 13071 13763 13066
f 13756 13764 13763
f 13764 13765 13763
f 13764 13278 13765
f 13763 13765 13066
f 13756 13758 13764
f 13758 13282 13764
f 13758 13284 13282
f 13764 13282 13278
f 13066 13765 13064
f 13765 13276 13064
f 13765 13278 13276
f 13064 13276 10727
f 8302 12010 10588
f 12010 13766 10588
f 12010 12007 13766
f 10588 13766 10590
f 12007 13767 13766
f 13767 13768 13766
f 13767 13769 13768
f 13766 13768 10590
f 12007 12008 13767
f 12008 13770 13767
f 12008 11994 13770
f 13767 13770 13769
f 10590 13768 10594
f 13768 13771 10594
f 13768 13769 13771
f 10594 13771 10596
f 11994 13772 13770
f 13772 13773 13770
f 13772 13774 13773
f 13770 13773 13769
f 13774 13775 13773
f 13775 13776 13773
f 13775 13777 13776
f 13773 13776 13769
f 13774 13778 13775
f 13778 13779 13775
f 13778 13780 13779
f 13775 13779 13777
f 13769 13776 13771
f 13776 13781 13771
f 13776 13777 13781
f 13771 13781 10596
f 11994 12001 13772
f 12001 13782 13772
f 12001 11999 13782
f 13772 13782 13774
f 11999 13783 13782
f 13783 13784 13782
f 13783 13785 13784
f 13782 13784 13774
f 11999 12000 13783
f 12000 13786 13783
f 12000 7787 13786
f 13783 13786 13785
f 13774 13784 13778
f 13784 13787 13778
f 13784 13785 13787
f 13778 13787 13780
f 10596 13781 10608
f 13781 13788 10608
f 13781 13777 13788
f 10608 13788 10610
f 13777 13789 13788
f 13789 13790 13788
f 13789 13791 13790
f 13788 13790 10610
f 13777 13779 13789
f 13779 13792 13789
f 13779 13780 13792
f 13789 13792 13791
f 10610 13790 10614
f 13790 13793 10614
f 13790 13791 13793
f 10614 13793 10616
f 9961 13744 13324
f 13744 13794 13324
f 13744 13742 13794
f 13324 13794 13323
f 13742 13795 13794
f 13795 13796 13794
f 13795 13797 13796
f 13794 13796 13323
f 13742 13743 13795
f 13743 13798 13795
f 13743 13731 13798
f 13795 13798 13797
f 13323 13796 13325
f 13796 13799 13325
f 13796 13797 13799
f 13325 13799 13318
f 13731 13800 13798
f 13800 13801 13798
f 13800 13802 13801
f 13798 13801 13797
f 13802 13803 13801
f 13803 13804 13801
f 13803 13805 13804
f 13801 13804 13797
f 13802 13806 13803
f 13806 13807 13803
f 13806 13508 13807
f 13803 13807 13805
f 13797 13804 13799
f 13804 13808 13799
f 13804 13805 13808
f 13799 13808 13318
f 13731 13738 13800
f 13738 13809 13800
f 13738 13736 13809
f 13800 13809 13802
f 13736 13810 13809
f 13810 13811 13809
f 13810 13522 13811
f 13809 13811 13802
f 13736 13737 13810
f 13737 13526 13810
f 13737 13219 13526
f 13810 13526 13522
f 13802 13811 13806
f 13811 13520 13806
f 13811 13522 13520
f 13806 13520 13508
f 13318 13808 13330
f 13808 13812 13330
f 13808 13805 13812
f 13330 13812 13329
f 13805 13813 13812
f 13813 13814 13812
f 13813 13502 13814
f 13812 13814 13329
f 13805 13807 13813
f 13807 13506 13813
f 13807 13508 13506
f 13813 13506 13502
f 13329 13814 13331
f 13814 13500 13331
f 13814 13502 13500
f 13331 13500 8985
f 9521 13275 13470
f 13275 13815 13470
f 13275 13273 13815
f 13470 13815 13465
f 13273 13816 13815
f 13816 13817 13815
f 13816 13818 13817
f 13815 13817 13465
f 13273 13274 13816
f 13274 13819 13816
f 13274 13262 13819
f 13816 13819 13818
f 13465 13817 13463
f 13817 13820 13463
f 13817 13818 13820
f 13463 13820 13446
f 13262 13821 13819
f 13821 13822 13819
f 13821 13823 13822
f 13819 13822 13818
f 13823 13824 13822
f 13824 13825 13822
f 13824 13826 13825
f 13822 13825 13818
f 13823 13827 13824
f 13827 13828 13824
f 13827 13480 13828
f 13824 13828 13826
f 13818 13825 13820
f 13825 13829 13820
f 13825 13826 13829
f 13820 13829 13446
f 13262 13269 13821
f 13269 13830 13821
f 13269 13267 13830
f 13821 13830 13823
f 13267 13831 13830
f 13831 13832 13830
f 13831 13493 13832
f 13830 13832 13823
f 13267 13268 13831
f 13268 13496 13831
f 13268 8825 13496
f 13831 13496 13493
f 13823 13832 13827
f 13832 13491 13827
f 13832 13493 13491
f 13827 13491 13480
f 13446 13829 13444
f 13829 13833 13444
f 13829 13826 13833
f 13444 13833 13439
f 13826 13834 13833
f 13834 13835 13833
f 13834 13474 13835
f 13833 13835 13439
f 13826 13828 13834
f 13828 13478 13834
f 13828 13480 13478
f 13834 13478 13474
f 13439 13835 13437
f 13835 13472 13437
f 13835 13474 13472
f 13437 13472 10782
f 91 13836 6805
f 13836 13837 6805
f 13836 13838 13837
f 6805 13837 6802
f 13838 13839 13837
f 13839 13840 13837
f 13839 13841 13840
f 13837 13840 6802
f 13838 13842 13839
f 13842 13843 13839
f 13842 13844 13843
f 13839 13843 13841
f 6802 13840 6800
f 13840 13845 6800
f 13840 13841 13845
f 6800 13845 6784
f 13844 13846 13843
f 13846 13847 13843
f 13846 13848 13847
f 13843 13847 13841
f 13848 13849 13847
f 13849 13850 13847
f 13849 13851 13850
f 13847 13850 13841
f 13848 13852 13849
f 13852 13853 13849
f 13852 8020 13853
f 13849 13853 13851
f 13841 13850 13845
f 13850 13854 13845
f 13850 13851 13854
f 13845 13854 6784
f 13844 13855 13846
f 13855 13856 13846
f 13855 13857 13856
f 13846 13856 13848
f 13857 13858 13856
f 13858 13859 13856
f 13858 8011 13859
f 13856 13859 13848
f 13857 13860 13858
f 13860 8008 13858
f 13860 7828 8008
f 13858 8008 8011
f 13848 13859 13852
f 13859 8018 13852
f 13859 8011 8018
f 13852 8018 8020
f 6784 13854 6782
f 13854 13861 6782
f 13854 13851 13861
f 6782 13861 6775
f 13851 13862 13861
f 13862 13863 13861
f 13862 8043 13863
f 13861 13863 6775
f 13851 13853 13862
f 13853 8041 13862
f 13853 8020 8041
f 13862 8041 8043
f 6775 13863 6772
f 13863 8048 6772
f 13863 8043 8048
f 6772 8048 6498
f 135 7838 133
f 7838 13864 133
f 7838 7835 13864
f 133 13864 128
f 7835 13865 13864
f 13865 13866 13864
f 13865 13867 13866
f 13864 13866 128
f 7835 7836 13865
f 7836 13868 13865
f 7836 7818 13868
f 13865 13868 13867
f 128 13866 126
f 13866 13869 126
f 13866 13867 13869
f 126 13869 105
f 7818 13870 13868
f 13870 13871 13868
f 13870 13872 13871
f 13868 13871 13867
f 13872 13873 13871
f 13873 13874 13871
f 13873 13875 13874
f 13871 13874 13867
f 13872 13876 13873
f 13876 13877 13873
f 13876 13844 13877
f 13873 13877 13875
f 13867 13874 13869
f 13874 13878 13869
f 13874 13875 13878
f 13869 13878 105
f 7818 7829 13870
f 7829 13879 13870
f 7829 7825 13879
f 13870 13879 13872
f 7825 13880 13879
f 13880 13881 13879
f 13880 13857 13881
f 13879 13881 13872
f 7825 7827 13880
f 7827 13860 13880
f 7827 7828 13860
f 13880 13860 13857
f 13872 13881 13876
f 13881 13855 13876
f 13881 13857 13855
f 13876 13855 13844
f 105 13878 103
f 13878 13882 103
f 13878 13875 13882
f 103 13882 96
f 13875 13883 13882
f 13883 13884 13882
f 13883 13838 13884
f 13882 13884 96
f 13875 13877 13883
f 13877 13842 13883
f 13877 13844 13842
f 13883 13842 13838
f 96 13884 93
f 13884 13836 93
f 13884 13838 13836
f 93 13836 91
f 6454 11126 7471
f 11126 13885 7471
f 11126 11124 13885
f 7471 13885 7466
f 11124 13886 13885
f 13886 13887 13885
f 13886 13888 13887
f 13885 13887 7466
f 11124 11125 13886
f 11125 13889 13886
f 11125 11113 13889
f 13886 13889 13888
f 7466 13887 7464
f 13887 13890 7464
f 13887 13888 13890
f 7464 13890 7447
f 11113 13891 13889
f 13891 13892 13889
f 13891 13893 13892
f 13889 13892 13888
f 13893 13894 13892
f 13894 13895 13892
f 13894 13896 13895
f 13892 13895 13888
f 13893 13897 13894
f 13897 13898 13894
f 13897 13899 13898
f 13894 13898 13896
f 13888 13895 13890
f 13895 13900 13890
f 13895 13896 13900
f 13890 13900 7447
f 11113 11120 13891
f 11120 13901 13891
f 11120 11118 13901
f 13891 13901 13893
f 11118 13902 13901
f 13902 13903 13901
f 13902 13904 13903
f 13901 13903 13893
f 11118 11119 13902
f 11119 13905 13902
f 11119 10616 13905
f 13902 13905 13904
f 13893 13903 13897
f 13903 13906 13897
f 13903 13904 13906
f 13897 13906 13899
f 7447 13900 7445
f 13900 13907 7445
f 13900 13896 13907
f 7445 13907 7440
f 13896 13908 13907
f 13908 13909 13907
f 13908 13910 13909
f 13907 13909 7440
f 13896 13898 13908
f 13898 13911 13908
f 13898 13899 13911
f 13908 13911 13910
f 7440 13909 7438
f 13909 13912 7438
f 13909 13910 13912
f 7438 13912 6390
f 10616 13793 13905
f 13793 13913 13905
f 13793 13791 13913
f 13905 13913 13904
f 13791 13914 13913
f 13914 13915 13913
f 13914 13916 13915
f 13913 13915 13904
f 13791 13792 13914
f 13792 13917 13914
f 13792 13780 13917
f 13914 13917 13916
f 13904 13915 13906
f 13915 13918 13906
f 13915 13916 13918
f 13906 13918 13899
f 13780 13919 13917
f 13919 13920 13917
f 13919 13921 13920
f 13917 13920 13916
f 13921 13922 13920
f 13922 13923 13920
f 13922 13924 13923
f 13920 13923 13916
f 13921 13925 13922
f 13925 13926 13922
f 13925 7767 13926
f 13922 13926 13924
f 13916 13923 13918
f 13923 13927 13918
f 13923 13924 13927
f 13918 13927 13899
f 13780 13787 13919
f 13787 13928 13919
f 13787 13785 13928
f 13919 13928 13921
f 13785 13929 13928
f 13929 13930 13928
f 13929 7781 13930
f 13928 13930 13921
f 13785 13786 13929
f 13786 7785 13929
f 13786 7787 7785
f 13929 7785 7781
f 13921 13930 13925
f 13930 7779 13925
f 13930 7781 7779
f 13925 7779 7767
f 13899 13927 13911
f 13927 13931 13911
f 13927 13924 13931
f 13911 13931 13910
f 13924 13932 13931
f 13932 13933 13931
f 13932 7761 13933
f 13931 13933 13910
f 13924 13926 13932
f 13926 7765 13932
f 13926 7767 7765
f 13932 7765 7761
f 13910 13933 13912
f 13933 7759 13912
f 13933 7761 7759
f 13912 7759 6390
f 6498 8915 6496
f 8915 13934 6496
f 8915 8917 13934
f 6496 13934 6491
f 8917 13935 13934
f 13935 13936 13934
f 13935 13937 13936
f 13934 13936 6491
f 8917 8922 13935
f 8922 13938 13935
f 8922 8924 13938
f 13935 13938 13937
f 6491 13936 6489
f 13936 13939 6489
f 13936 13937 13939
f 6489 13939 6468
f 8924 13940 13938
f 13940 13941 13938
f 13940 13942 13941
f 13938 13941 13937
f 13942 13943 13941
f 13943 13944 13941
f 13943 13945 13944
f 13941 13944 13937
f 13942 13946 13943
f 13946 13947 13943
f 13946 7853 13947
f 13943 13947 13945
f 13937 13944 13939
f 13944 13948 13939
f 13944 13945 13948
f 13939 13948 6468
f 8924 8941 13940
f 8941 13949 13940
f 8941 8943 13949
f 13940 13949 13942
f 8943 13950 13949
f 13950 13951 13949
f 13950 7844 13951
f 13949 13951 13942
f 8943 8948 13950
f 8948 7841 13950
f 8948 7839 7841
f 13950 7841 7844
f 13942 13951 13946
f 13951 7851 13946
f 13951 7844 7851
f 13946 7851 7853
f 6468 13948 6466
f 13948 13952 6466
f 13948 13945 13952
f 6466 13952 6459
f 13945 13953 13952
f 13953 13954 13952
f 13953 7876 13954
f 13952 13954 6459
f 13945 13947 13953
f 13947 7874 13953
f 13947 7853 7874
f 13953 7874 7876
f 6459 13954 6456
f 13954 7881 6456
f 13954 7876 7881
f 6456 7881 6454
