v -2.31957088 -0.93251861 -2.97492732
v -2.45749728 -0.45902844 -2.75718338
v -2.45691731 -0.46212264 -3.23972200
v 2.45458376 -0.47436119 -4.20736955
v 2.36868853 -0.79957155 -3.64932305
v 2.28286927 -1.01907208 -4.13939308
v 2.47114148 -0.37876087 -3.72968155
v -2.36244719 -0.81782838 2.74989841
v -2.27787057 -1.03019691 3.19604768
v -2.44977875 -0.49858207 3.23016368
v -2.50000000 -0.00000000 2.00000000
v -2.44594444 -0.51706459 2.28515829
v -2.50000000 -0.00000000 2.50000000
v 2.39336162 -0.72237119 -2.15747204
v 2.30965846 -0.95680603 -2.57837821
v 2.45841682 -0.45407789 -2.68674497
v 2.35836936 -0.82951430 -3.05450350
v 2.46419675 -0.42158556 -3.26787687
v 2.48135565 -0.30475259 -2.24869399
v -2.33880098 -0.88318173 -3.58654530
v -2.35639551 -0.83510492 3.65291319
v -2.46250000 -0.43138585 1.75000000
v 2.46200408 -0.43420721 1.23356602
v 2.33704204 -0.88782571 0.97174700
v 2.46534662 -0.41480843 0.75044567
v -2.28289121 -1.01902292 -1.21310574
v -2.34878382 -0.85627949 -0.79586764
v -2.44612960 -0.51618791 -1.23756516
v 2.45974608 -0.44682123 0.19247695
v 2.31498847 -0.94383707 0.09840997
v 2.39353474 -0.72179736 -0.32292903
v 2.28386364 -1.01684161 5.00000000
v 2.37302534 -0.78660709 4.48793016
v 2.44536900 -0.51977923 5.00000000
v 2.48015690 -0.31435924 -0.25879506
v 2.34749085 -0.85981784 -1.63124252
v 2.46559847 -0.41330882 -1.77534138
v 2.46163362 -0.43630254 -1.29387244
v -2.35613689 -0.83583429 -2.46719552
v 2.37103005 -0.79260110 -1.15652148
v -2.47178370 -0.37454682 2.75000000
v -2.34702204 -0.86109671 -1.64658591
v 1.72094750 -1.81337798 -3.35148420
v 1.52021348 -1.98467906 -3.74838105
v 1.87934689 -1.64865257 -3.72853052
v 1.34418391 -2.10788273 -3.36981581
v 1.19879817 -2.19382838 -4.11748519
v 1.15094051 -2.21930979 -3.73061949
v 0.72775845 -2.39172901 -3.87834234
v 2.37324417 -0.78594665 -4.57019822
v 0.77715051 -2.37613911 -4.25478381
v 2.22555209 -1.13882303 -3.32853800
v -2.46250000 -0.43138585 -0.75000000
v -2.27276892 -1.04140358 -4.09402266
v -2.16335819 -1.25294905 -3.79735660
v 1.98537100 -1.51930971 4.03496989
v 2.24572560 -1.09850650 4.03275601
v 2.15585816 -1.26581025 4.52214860
v -2.40247821 -0.69144665 -4.00098288
v 1.84099737 -1.69136887 4.52530606
v 2.36552497 -0.80888295 0.55358743
v 1.45828442 -2.03061729 4.52691784
v 1.00064061 -2.29100815 4.51347381
v 1.21450705 -2.18517107 4.04705330
v 1.25000000 -2.16506351 5.00000000
v 0.26132116 -2.48630474 5.00000000
v 0.50527157 -2.44840778 4.51968232
v 0.77254249 -2.37764129 5.00000000
v 2.47518870 -0.35134154 4.63032909
v 1.81403627 -1.72025359 3.59361463
v 1.63543381 -1.89086125 4.06998512
v 1.42626239 -2.05323540 3.60073359
v 2.37680443 -0.77511334 1.43943259
v 1.18268597 -2.20255622 1.40915358
v 0.94534909 -2.31437143 1.85937526
v 0.70878961 -2.39741888 1.41865889
v 0.95529446 -2.31028407 0.96982700
v -1.65824985 -1.87088413 -4.23413128
v -1.25000000 -2.16506351 -4.24836821
v -1.35094875 -2.10355353 -3.84296033
v -1.71675732 -1.81734540 -3.82030011
v 0.46293141 -2.45676505 0.97867583
v -2.50000000 -0.00000000 -2.50000000
v -2.46960777 -0.38863537 -2.24985213
v 1.79629148 -1.73877454 1.83429565
v 1.39979802 -2.07136803 1.84666410
v 1.61139427 -1.91138916 1.39747935
v 0.71238272 -2.39635366 0.53383457
v 2.09125908 -1.36990344 0.95705873
v 2.20269339 -1.18243047 0.52360730
v -2.17297435 -1.23619678 -3.39975784
v 1.67282652 -1.85786206 5.00000000
v 2.02254249 -1.46946313 5.00000000
v 0.20605648 -2.49149367 0.54394335
v 0.46297819 -2.45675623 0.09959033
v 0.71405468 -2.39585599 -0.34664870
v 0.95683522 -2.30964637 0.09032632
v 1.38441632 -2.08167996 -1.66684596
v 0.93415673 -2.31891164 -1.66206763
v 1.16745886 -2.21066502 -2.10255034
v -0.01694266 -2.49994259 4.52745720
v -0.28159664 -2.48409004 4.07591602
v 0.23548626 -2.48888453 4.05111425
v 0.19927945 -2.49204488 -0.33389950
v -2.14809115 -1.27894660 3.64038788
v -2.34679686 -0.86171020 1.87209020
v -2.24968663 -1.09037152 4.07692121
v -2.01930708 -1.47390601 4.09733321
v -1.85425634 -1.67682242 3.64325316
v -2.01539278 -1.47925385 3.18735585
v 2.33879233 -0.88320465 1.82103615
v 2.46285435 -0.42935819 1.75795568
v 2.40322897 -0.68883271 2.24932801
v 1.59605860 -1.92421333 -1.23497131
v 1.39640246 -2.07365865 -0.79185948
v 1.17072733 -2.20893584 -1.23044353
v 2.46689787 -0.40548108 3.75359319
v 2.34786534 -0.85879469 3.55384568
v 2.46699831 -0.40486956 3.26506768
v -1.25652140 -2.16128526 1.42633852
v -1.67407113 -1.85674065 1.42375241
v -1.48251925 -2.01299197 0.98406389
v -0.56002931 -2.43646612 0.98736514
v -0.79770731 -2.36931700 1.42923636
v -1.04302921 -2.27202334 0.98373901
v -0.02426662 -2.49988222 3.61477065
v -0.54086041 -2.44079291 3.63377614
v -1.26160890 -2.15831948 2.31077802
v -1.47610859 -2.01769756 1.86087636
v -1.03409979 -2.27610141 1.87043419
v -1.67174199 -1.85883800 3.19845908
v 1.61022443 -1.91237478 2.27236174
v 1.41557039 -2.06062138 2.71102644
v 1.18384358 -2.20193424 2.27935545
v -0.52954788 -2.44327220 4.54111259
v 0.44758589 -2.45960706 -0.77498185
v -0.75481521 -2.38332834 -4.24255025
v -0.91895732 -2.32497687 -3.85062135
v 0.68997704 -2.40290068 -1.22253706
v 0.94813502 -2.31323150 -0.78740946
v -0.56435776 -2.43546717 0.11071059
v -0.80457409 -2.36699399 0.55480766
v -1.04781691 -2.26981931 0.11069824
v -1.67447410 -1.85637725 2.29609461
v -1.47463908 -2.01877180 2.75771265
v -1.27281628 -2.15172924 0.54676200
v -0.81500177 -2.36342381 -0.33088588
v -1.85289961 -1.67832149 2.74048140
v -0.31517679 -2.48005314 -0.33059639
v -2.47008380 -0.38559826 -0.22947294
v -2.38981077 -0.73403304 -0.43388823
v -2.35666674 -0.83433919 0.06527814
v 0.43889707 -2.46117235 -1.65636893
v 0.18451250 -2.49318173 -2.09666500
v 0.68711685 -2.40372012 -2.09943962
v -0.03458284 -2.49976079 2.73980189
v 0.21199342 -2.49099554 2.29794847
v 0.47783678 -2.45390954 2.72373935
v 2.37966045 -0.76630031 3.05147001
v 0.26132116 -2.48630474 -5.00000000
v 0.52286007 -2.44471212 -4.55628768
v -0.00000000 -2.50000000 -4.54758572
v 2.45868179 -0.45264098 2.71865657
v 2.32332219 -0.92313271 2.68831964
v 2.16414566 -1.25158841 -4.54873311
v -0.26132116 -2.48630474 5.00000000
v -2.46368622 -0.42455885 -1.75033220
v -2.15623093 -1.26517515 -1.62994529
v -2.25480313 -1.07975129 -2.05540511
v -2.02756533 -1.46252482 -2.08041444
v 0.43851297 -2.46124082 -2.53981740
v -0.81784459 -2.36244158 -1.20864569
v -0.56842932 -2.43452010 -0.76677571
v -1.05262521 -2.26759347 -0.76814066
v -1.47409559 -2.01916869 3.65008929
v -1.02047243 -2.28224364 4.54657998
v -0.77254249 -2.37764129 5.00000000
v -0.29037518 -2.48307919 3.18393790
v 0.22595176 -2.48976822 3.17036106
v -1.86793669 -1.66156929 -1.64134486
v -1.69241175 -1.84003871 -2.08349107
v -1.67446687 -1.85638377 4.09890719
v 0.18241890 -2.49333579 -2.98228734
v -0.07252951 -2.49894767 -2.53698893
v 2.02130017 -1.47117152 -4.09975130
v 1.85735339 -1.67339129 -4.54866103
v -1.25000000 -2.16506351 5.00000000
v 1.01779937 -2.28343698 -4.55027334
v 0.77254249 -2.37764129 -5.00000000
v -1.85687700 -1.67391989 4.54996988
v -1.47166125 -2.02094364 4.54726124
v -0.79206825 -2.37120811 3.19686192
v -2.00236201 -1.49684548 -4.11332160
v -2.16088619 -1.25720757 -4.55315026
v 1.67591613 -1.85507550 -4.11907500
v 0.68860414 -2.40329448 -2.98533120
v 2.02254249 -1.46946313 -5.00000000
v 2.14484353 -1.28438554 -3.69458696
v -1.67282652 -1.85786206 5.00000000
v -1.46960760 -2.02243752 -4.55475764
v -1.85423812 -1.67684256 -4.56528726
v -1.67282652 -1.85786206 -5.00000000
v -0.78439796 -2.37375648 4.09227560
v -2.01910894 -1.47417743 0.54961632
v -2.25374191 -1.08196460 0.53922437
v -2.14750186 -1.27993583 0.10499130
v 1.25000000 -2.16506351 -5.00000000
v 1.96964867 -1.53963766 2.26592011
v 2.11380280 -1.33485494 2.69665869
v 1.80707999 -1.72755952 2.70588963
v -2.46528253 -0.41518918 0.25194086
v -0.55197913 -2.43830249 1.87215656
v -0.32132399 -2.47926418 -1.21074926
v -0.79678393 -2.36962769 2.31455120
v -2.16864968 -1.24376789 -2.51851802
v -1.86142500 -1.66886098 0.11046333
v -0.29960651 -2.48198226 2.30926419
v 2.10278355 -1.35214694 -0.79762401
v 2.20966092 -1.16935821 -1.21471960
v 2.32486780 -0.91923322 -0.78045255
v 2.23849130 -1.11317416 2.25870975
v -0.77254249 -2.37764129 -5.00000000
v -0.51874079 -2.44558950 -4.54819221
v -1.01684161 -2.28386364 -4.54758572
v -2.16075162 -1.25743884 4.55337372
v 2.28386364 -1.01684161 -5.00000000
v -1.25000000 -2.16506351 -5.00000000
v 2.22997153 -1.13014468 1.39260370
v 1.96570121 -1.54467432 1.39011186
v -2.02172922 -1.47058185 -0.32580602
v -2.24885392 -1.09208793 -0.35130222
v -2.15261874 -1.27131135 -0.77341553
v 1.95392044 -1.55954958 -1.23420104
v -2.02254249 -1.46946313 -5.00000000
v -2.02254249 -1.46946313 5.00000000
v -2.03359005 -1.45413600 -2.96023501
v -1.03284778 -2.27666982 2.75773806
v 1.79246149 -1.74272253 0.08021258
v 2.09071892 -1.37072769 0.07581042
v 1.94612902 -1.56926156 0.50419298
v -1.25555286 -2.16184805 4.09660414
v -2.28386364 -1.01684161 5.00000000
v -2.28386364 -1.01684161 -5.00000000
v 1.91923371 -1.60204306 -2.94977502
v 2.08023418 -1.38658781 -2.54864565
v 1.78131066 -1.75411867 -2.55011224
v 0.93468302 -2.31869956 -2.54234372
v 1.38662997 -2.08020608 -2.54559364
v 1.67282652 -1.85786206 -5.00000000
v 1.47077367 -2.02158968 -4.54798570
v -1.49455824 -2.00406977 -1.64509917
v 1.16478616 -2.21207441 -2.98718602
v -1.25822632 -2.16029316 3.20262431
v -1.86445605 -1.66547399 -0.76404306
v 1.58621692 -1.93233431 -2.97331515
v 1.97698220 -1.53020959 3.14517332
v 2.22021865 -1.14918630 3.11579947
v 2.12301936 -1.32014727 3.58302431
v -2.26824544 -1.05121959 2.30482578
v -1.87280752 -1.65607729 -2.52207731
v -1.02856293 -2.27860885 3.64758842
v -0.54799904 -2.43920008 2.75352492
v 2.44536900 -0.51977923 -5.00000000
v 1.95096788 -1.56324161 -2.11064884
v 1.59491266 -1.92516327 -2.10846661
v -0.26132116 -2.48630474 -5.00000000
v 2.22582573 -1.13828812 -2.11221549
v 2.10041414 -1.35582464 -1.67351958
v 1.78430950 -1.75106813 -1.67076693
v 0.93046648 -2.32039482 -3.41775861
v -2.24887309 -1.09204846 1.44495625
v -2.36630724 -0.80659162 0.99069583
v -2.15636969 -1.26493863 0.98813031
v -1.05739957 -2.26537108 -1.64811961
v -1.28479383 -2.14459899 -2.08725301
v 2.11252154 -1.33688172 1.82660033
v 2.22970525 -1.13066993 -0.36241520
v -0.57577772 -2.43279264 -1.65068190
v -0.82334528 -2.36053014 -2.09076170
v -1.28056771 -2.14712513 -1.20696220
v -1.68775070 -1.84431494 -1.20384373
v -1.49032181 -2.00722219 -0.76677337
v -2.02457998 -1.46665467 -1.20071365
v -0.25020577 -2.48744790 -4.24957137
v -0.39086211 -2.46925633 -3.86121852
v 1.78791419 -1.74738743 -0.79416867
v 0.18896704 -2.49284806 -1.21317863
v -0.04782734 -2.49954247 1.86828052
v 1.95732672 -1.55527236 -0.35868670
v -1.68433962 -1.84743066 -0.32773736
v -0.30275137 -2.48160061 1.43015377
v 0.20360144 -2.49169550 1.42792714
v -1.85838812 -1.67224209 0.98554797
v -2.15217840 -1.27205666 2.73780987
v -0.05337653 -2.49943012 0.98989395
v 1.60975618 -1.91276895 0.52002427
v 1.18917162 -2.19906136 0.52508587
v -1.06215034 -2.26314751 -2.53039612
v -0.30760847 -2.48100323 0.55068170
v 0.43476210 -2.46190615 -3.42935496
v 0.45818588 -2.45765451 1.86271189
v -1.68156138 -1.84995982 0.54705829
v 1.79448630 -1.74063750 0.95487848
v -2.01648166 -1.47776917 1.42350719
v 0.73507617 -2.38949012 3.15817391
v 0.96533465 -2.30610690 2.71586222
v 0.48900196 -2.45170901 3.60459606
v -0.32698313 -2.47852416 -2.09377251
v -2.01407635 -1.48104573 2.29810569
v -2.15435029 -1.26837488 1.86136809
v -1.69697313 -1.83583283 -2.96350531
v -1.49890008 -2.00082447 -2.52588764
v 1.60451814 -1.91716498 -0.35500545
v -0.06959769 -2.49903104 -1.65328150
v 1.40514373 -2.06774541 0.08441852
v 1.20566780 -2.19006054 3.15425877
v -0.06310435 -2.49920344 -0.77058416
v -0.05698630 -2.49935043 0.11039502
v 1.41023339 -2.06427755 0.95922244
v -1.27718819 -2.14913711 -0.33004222
v -1.48730226 -2.00946062 0.10855223
v -1.86571342 -1.66406533 -3.38937294
v -1.85544878 -1.67550285 1.85926055
v 1.62456115 -1.90021079 3.14953478
v 1.18565104 -2.20096152 -0.35157587
v 2.50000000 0.00000000 -1.00000000
v 2.50000000 0.00000000 -1.50000000
v 2.50000000 0.00000000 1.50000000
v 2.50000000 0.00000000 1.00000000
v 2.50000000 0.00000000 0.50000000
v 2.50000000 0.00000000 -0.00000000
v -0.58038594 -2.43169738 -2.53478632
v -2.50000000 -0.00000000 -0.00000000
v -2.50000000 -0.00000000 0.50000000
v -2.50000000 -0.00000000 -1.00000000
v -2.50000000 -0.00000000 -0.50000000
v -2.50000000 -0.00000000 1.50000000
v -2.50000000 -0.00000000 -2.00000000
v -2.50000000 -0.00000000 -1.50000000
v -0.33128444 -2.47795291 -2.97980787
v -0.58706833 -2.43009275 -3.42208021
v -0.07828372 -2.49877403 -3.42631585
v 0.12198337 -2.49702224 -3.86295560
v -2.46898196 -0.39259149 3.75455121
v -0.82856051 -2.35870462 -2.97447359
v 0.97837393 -2.30060524 3.59976976
v 0.74167914 -2.38744886 4.04680814
v 2.50000000 0.00000000 3.00000000
v 2.50000000 0.00000000 2.50000000
v 2.50000000 0.00000000 -2.50000000
v 2.50000000 0.00000000 -3.00000000
v -2.50000000 -0.00000000 -3.50000000
v -2.50000000 -0.00000000 -3.00000000
v -2.50000000 -0.00000000 3.00000000
v -2.50000000 -0.00000000 3.50000000
v -1.49927087 -2.00054664 -3.40468160
v -2.50000000 -0.00000000 -4.00000000
v -2.47180965 -0.37437553 -3.74193777
v -2.50000000 -0.00000000 1.00000000
v -2.47102495 -0.37952035 0.75786820
v -2.46948111 -0.38943938 1.25350828
v 2.50000000 0.00000000 3.50000000
v -2.37536151 -0.77952402 4.53228671
v -2.40229640 -0.69207803 3.99885942
v -2.50000000 -0.00000000 -4.50000000
v -2.47413187 -0.35870812 -4.25015923
v -2.50000000 -0.00000000 4.00000000
v -2.47521889 -0.35112883 4.24950631
v -2.50000000 -0.00000000 4.50000000
v 2.50000000 0.00000000 -3.50000000
v 2.50000000 0.00000000 -4.00000000
v 2.50000000 0.00000000 4.00000000
v -2.37972313 -0.76610561 -4.52326286
v -1.29119914 -2.14074865 -2.96753995
v 0.31879413 -2.47959075 -4.23331692
v -1.07534603 -2.25690738 -3.41577907
v 0.71310903 -2.39613762 2.28750284
v 2.48218239 -0.29794395 2.25052981
v -2.44536900 -0.51977923 5.00000000
v -2.44536900 -0.51977923 -5.00000000
v 2.46175108 -0.43563935 -0.77151068
v 2.50000000 0.00000000 -0.50000000
v 2.50000000 0.00000000 2.00000000
v 2.50000000 0.00000000 -4.50000000
v 2.50000000 0.00000000 -2.00000000
v 2.16547562 -1.24928593 -2.97198033
v 2.47030999 -0.38414656 4.24550308
v 2.50000000 0.00000000 -5.00000000
v 2.47146963 -0.37661366 -4.62842078
v -2.47375244 -0.36131545 -4.63687950
v -2.50000000 -0.00000000 -5.00000000
v -2.50000000 -0.00000000 5.00000000
v -2.47376704 -0.36121552 4.63698902
v -2.39941990 -0.70198587 1.50265514
v -2.39748558 -0.70856397 -2.00546124
v 2.50000000 0.00000000 5.00000000
v 2.50000000 0.00000000 4.50000000
v 2.39674785 -0.71105538 4.03367091
v -1.96847848 -1.54113350 -3.74092179
v -2.40282082 -0.69025511 0.51563486
v 2.03547107 -1.45150182 -3.32524125
v 0.39664726 2.46833109 -0.44428171
v 0.20338026 2.49154074 -0.50115558
v 0.31290793 2.28856056 -0.58481550
v -0.67064308 2.22970478 -0.37861442
v -0.69982359 2.01929368 -0.46838207
v -0.54614705 2.13106591 -0.54630992
v -1.00000000 2.11574890 0.41212712
v -1.00000000 1.94020995 0.31077966
v -0.98012089 2.10848864 0.17884140
v 0.92772716 1.69622987 -0.26108472
v 0.98300452 1.60152195 -0.09674342
v 0.93884458 1.85054645 -0.13859855
v 0.92960824 1.04916967 -0.62922666
v 0.87193153 0.94063140 -0.83170080
v 0.95322519 0.83365344 -0.67711202
v 0.98834006 1.78277017 0.04406397
v 0.82798476 1.12194406 -0.80914540
v -0.73188619 1.19846908 -0.90430862
v -0.59714042 1.11830140 -1.08997717
v -0.59184822 1.30637800 -0.98590909
v -0.98293231 2.29876378 0.30699256
v 0.10435562 2.34568365 -0.60351592
v 0.64060345 2.09745560 -0.48509659
v 0.50537732 2.29430363 -0.48117359
v 0.47007807 2.12009000 -0.60453392
v 0.67221551 2.25887508 -0.36012786
v -0.48541494 2.31618788 -0.48168547
v 1.00000000 1.94020995 0.31077966
v 1.00000000 2.11574890 0.41212712
v 0.98105895 2.10715835 0.18349099
v -0.76774880 1.01548509 -0.96298595
v -0.86022698 1.09331810 -0.76696845
v 0.00212818 1.17751206 -1.28426209
v -0.08286363 1.34873246 -1.18143943
v -0.20791169 1.16333124 -1.26721903
v -0.88056848 0.92014180 -0.82539140
v 0.98293231 2.29876378 0.30699256
v -0.79990743 2.07033127 -0.30705758
v 0.44436603 1.29608711 -1.09553790
v 0.58849426 1.11991729 -1.09639352
v 0.60630860 1.29488534 -0.98005055
v -0.97948289 1.62465442 -0.10411016
v -0.91665286 1.76113496 -0.25412499
v -0.95278661 1.81940164 -0.10958314
v 0.43634238 1.94416184 -0.72591599
v 0.60356416 1.93984650 -0.61008959
v -0.93689373 1.57381217 -0.30445999
v -0.31098424 1.31071437 -1.15010457
v 0.78019414 2.06768406 -0.33793156
v 0.81229601 2.21480543 -0.20415633
v 0.29135265 2.09469700 -0.70463189
v -0.98854133 1.77874445 0.04325491
v -0.93097880 2.32019025 0.10861781
v -0.57402264 2.43312337 -0.34976900
v 0.25241056 1.92723758 -0.81402154
v 0.39454485 1.14145478 -1.21140926
v -0.99114226 1.91529127 0.14304347
v 0.99236172 1.91364211 0.15299436
v -0.94510805 0.98010354 -0.62084564
v 0.91197011 2.17414708 -0.02788026
v 0.88759853 2.03131067 -0.16849904
v -0.41697139 2.04403244 -0.67880836
v -0.36417289 2.22379894 -0.60089899
v 0.86402579 1.25517804 -0.66605486
v -0.90809757 2.18389231 -0.03207109
v 0.95911464 1.97853175 0.00610388
v 0.98459304 0.88663756 -0.49941332
v 0.15426579 2.20172214 -0.67911427
v 0.93097880 2.32019025 0.10861781
v -0.92136843 1.14724048 -0.59586247
v -0.98092403 1.05574788 -0.42432869
v 0.84356402 2.35334558 -0.07007240
v -0.95708103 0.81599232 -0.67294354
v -0.84356402 2.35334558 -0.07007240
v 0.72263814 2.39327774 -0.22576058
v -0.72263814 2.39327774 -0.22576057
v 0.10726573 2.05861195 -0.76889928
v -0.98459304 1.41325440 -0.19537095
v -0.02666734 2.20723961 -0.68934058
v -0.05182302 2.37237345 -0.59285957
v 0.57402265 2.43312337 -0.34976899
v -0.47699945 1.25775987 -1.09810353
v -1.00000000 2.29128785 0.51347458
v 1.00000000 2.29128785 0.51347458
v 0.70596507 1.17563515 -0.94846059
v -0.46311338 1.86108673 -0.75831214
v -0.58849250 1.94381408 -0.62071797
v 0.75520268 1.01927248 -0.97782005
v -0.95087884 1.98178865 -0.02266776
v -0.39664726 2.46833109 -0.44428172
v -0.08666452 2.01310740 -0.79748902
v -0.22846755 2.12808294 -0.70491229
v -0.27958294 1.94714360 -0.79387006
v -0.13661160 1.83855342 -0.89178663
v -0.81061253 2.22121323 -0.20315591
v -0.62742632 1.75897970 -0.69299119
v 0.66913061 0.90747080 -1.14358230
v -0.85199110 1.70651586 -0.42869439
v -0.73431513 1.83163182 -0.53572875
v -0.82415330 1.89440870 -0.36964774
v -0.98581886 0.87473123 -0.49814842
v 0.06073619 1.89076300 -0.87033734
v -0.76732532 1.64220072 -0.60173703
v 0.20690897 1.75729083 -0.92454179
v -0.87490609 1.51887566 -0.49169074
v -0.20338026 2.49154074 -0.50115558
v -0.19359942 2.30217592 -0.61309356
v 0.56774097 1.77627590 -0.73442557
v 1.00000000 1.58913206 0.10808475
v -1.00000000 1.58913206 0.10808475
v -0.50691633 1.67718359 -0.83642507
v -0.32832919 1.76682342 -0.88001292
v 0.39531788 1.77594904 -0.84470011
v -0.89507166 1.94540783 -0.20112610
v 0.80901699 0.82979101 -1.00903696
v 0.91354546 0.73926671 -0.85224427
v -0.91354546 0.73926671 -0.85224427
v -0.80901699 0.82979101 -1.00903696
v 1.00000000 1.76467101 0.20943221
v -1.00000000 1.76467101 0.20943221
v 0.01053953 1.71939172 -0.97134621
v -0.89639369 1.32829423 -0.55434121
v -0.79891723 1.45105801 -0.66611657
v 0.50000000 0.96891109 -1.25000000
v -0.66913061 0.90747080 -1.14358230
v -0.50000000 0.96891109 -1.25000000
v 0.00000000 2.50000000 -0.52072594
v 0.98693825 1.40235227 -0.18577374
v 1.00000000 1.41359312 0.00673729
v -1.00000000 1.41359312 0.00673729
v -0.82951191 1.26354896 -0.72477833
v -0.66574641 1.57127388 -0.76383791
v 0.83794761 1.73412451 -0.43838243
v 0.90606955 1.55222213 -0.40181225
v -0.10452846 1.03315933 -1.36128123
v 0.10452846 1.03315933 -1.36128123
v -0.18600265 1.66219678 -0.98428146
v -0.37530184 1.58586878 -0.96409430
v 0.15746251 1.58916903 -1.03218952
v 1.00000000 1.23805417 -0.09461017
v -1.00000000 1.23805417 -0.09461017
v 0.52576722 1.61876954 -0.85702522
v 0.34871483 1.61288204 -0.96042188
v 0.48342149 1.45787398 -0.97850781
v -0.55009228 1.49314889 -0.91162606
v 0.86178880 1.88559778 -0.30649246
v 0.81084056 1.58354571 -0.57094878
v 0.78126243 1.43177401 -0.70353317
v 0.88375541 1.40468947 -0.53874432
v -0.03845940 1.54766864 -1.06970042
v 0.98608482 1.22861163 -0.29202271
v -0.98634252 1.22994967 -0.28947669
v 0.30149619 1.44788956 -1.07443095
v 0.26156163 1.29043612 -1.17886912
v 1.00000000 1.06251522 -0.19595763
v -1.00000000 1.06251522 -0.19595763
v 0.74995288 1.91384063 -0.46826899
v -1.00000000 0.88697628 -0.29730508
v -1.00000000 0.71143733 -0.39865254
v 0.11531326 1.42598666 -1.13310503
v 0.68171287 1.60807819 -0.72577850
v 0.71724466 1.76121039 -0.59718586
v 1.00000000 0.88697628 -0.29730508
v 0.98474784 1.05990554 -0.39836790
v -0.70267886 1.38228902 -0.83291383
v -0.23527053 1.48433795 -1.07470617
v -0.42369732 1.40980667 -1.04138099
v 0.74780094 1.28804394 -0.83238080
v -0.30901699 1.01142664 -1.32363910
v -0.40525460 1.14319703 -1.20500766
v 0.64436006 1.45384936 -0.85304595
v 1.00000000 0.71143733 -0.39865254
v -0.87520380 2.09191267 -0.16022618
v 0.10197462 1.28615635 -1.21551945
v -0.97814760 0.63985423 -0.68005681
v 0.97814760 0.63985423 -0.68005681
v 0.94191206 1.23187634 -0.48599419
v -0.95492471 1.21628630 -0.44994853
v 0.20066385 1.15639240 -1.27297172
v 0.30901699 1.01142664 -1.32363910
v -0.32517535 2.36498835 -0.53592130
v -0.94711411 1.38018036 -0.38309349
v -1.00000000 0.53589838 -0.50000000
v -0.98888841 0.73777328 -0.55510494
v 0.95011983 1.39247023 -0.36559191
v 1.00000000 0.53589838 -0.50000000
v 0.98889209 0.73773903 -0.55509647
v 0.95587409 1.54819721 -0.25477307
v -0.84875832 0.97749268 0.36553825
v -0.87534843 0.78909279 0.20447106
v -0.94023504 1.01806445 0.17158445
v -0.12617109 0.37972520 0.55530612
v -0.01520316 0.19881079 0.45994947
v -0.21566611 0.20720536 0.43775615
v -0.95251709 0.91413487 0.06996407
v -0.80901912 0.55441579 0.18940359
v -0.91114735 0.63358035 0.03222653
v -0.13075083 2.21411382 1.61370587
v -0.28792245 2.16961863 1.54903210
v -0.22934793 2.33564460 1.66300539
v -0.94976746 0.78479457 0.00507133
v 0.38888280 2.32257286 1.59534786
v 0.18962935 2.20213432 1.59575113
v 0.23723593 2.34711121 1.66744043
v -0.78273247 1.97229741 1.04794286
v -0.76943318 2.19211184 1.19375406
v -0.64856790 1.98216662 1.21391152
v 0.06549691 0.33140544 0.53415708
v -0.45336997 2.13679775 1.45349017
v -0.39791453 2.31537901 1.58673186
v 0.34755361 2.14476350 1.51159534
v 0.87257360 0.47523675 0.02902818
v 0.88548083 0.68437382 0.12228385
v 0.94945525 0.69168481 -0.04759336
v 0.98340603 1.58605956 0.31579457
v 0.92463409 1.56758054 0.53541737
v 0.98291552 1.75993464 0.41922867
v -0.86686555 2.15510092 1.01051373
v -0.55119022 2.28729274 1.47462659
v 0.04517690 2.26611949 1.65246521
v 0.11295061 2.39695142 1.72179063
v -0.47731918 1.97507553 1.34557931
v -0.60685421 2.14043295 1.34414965
v 0.95398590 0.53486727 -0.15435665
v 0.85389716 1.79182253 0.82606254
v 0.93683273 1.95009694 0.72037641
v 0.93590243 1.76952480 0.61898859
v 0.52388043 2.26254004 1.48044149
v 0.78856295 0.52771748 0.20536452
v 0.84840833 1.61588206 0.73476075
v -0.51265298 0.41576260 0.42206072
v -0.66950488 0.47710747 0.32377745
v -0.60252833 0.61396036 0.46663271
v 0.73081467 1.47071198 0.82788569
v 0.74137796 1.64706411 0.91643718
v 0.85810899 1.97171944 0.92187297
v 0.93757727 2.13079196 0.82239057
v 0.50175423 2.08938433 1.39573330
v 0.65095953 2.22582093 1.35222477
v 0.63875493 2.04419707 1.25925509
v -0.87753606 1.96963978 0.88146219
v -0.32437991 1.84459244 1.34783715
v -0.36875728 1.68785994 1.23840916
v -0.51425104 1.82290756 1.23337213
v -0.98041271 0.71740993 -0.16778123
v -0.94891299 0.52257668 -0.14333955
v -0.95484229 1.61591024 0.46662179
v -0.90089178 1.45744818 0.53324760
v -0.96197646 1.44486478 0.34017807
v 0.93931263 1.40415049 0.39741987
v -0.94225839 2.13407109 0.80939933
v -0.98888492 1.60559479 0.28927379
v 0.21528958 2.49056574 1.75585145
v 0.36588397 2.47307944 1.69306312
v -0.33785612 0.37728610 0.49522673
v -0.74733770 0.64263384 0.32885805
v -0.07866076 2.31430338 1.67788524
v 0.48785540 1.91512631 1.30426395
v 0.52192039 2.44487612 1.58684120
v 0.66406527 2.41018965 1.44545658
v -0.97294587 1.31618978 0.21727558
v -0.92778527 1.15853750 0.29031646
v -0.98765647 1.21986914 0.07575788
v 0.01071317 1.96210291 1.47805384
v 0.02409987 2.11923252 1.56850355
v 0.17738497 2.04238091 1.50615686
v -0.44591485 0.52398093 0.52666348
v 0.98431990 2.11701671 0.61653966
v 0.83159935 1.43728024 0.66170604
v 0.99060525 0.90140750 -0.13106502
v 0.98704834 0.71663458 -0.21041128
v -0.67967752 2.28433101 1.35644366
v 0.52349795 0.42239543 0.41830500
v 0.58778525 0.28811079 0.29111213
v 0.41807596 0.23377434 0.37451251
v 0.95594631 0.84991799 0.02025191
v -0.20668589 1.56640549 1.22473105
v -0.17314489 1.73439328 1.32921171
v 0.16862037 1.87797516 1.41301485
v 0.33568523 1.97336208 1.41761818
v -0.02403649 1.62948523 1.28574958
v -0.04451243 1.45774589 1.18578494
v 0.98428100 1.93816189 0.51352831
v -0.52192039 2.44487612 1.58684120
v -0.36588387 2.47307946 1.69306317
v -0.14455043 2.05695955 1.52075829
v -0.00348041 1.79776825 1.38323445
v 0.76928779 2.18838018 1.19180177
v 0.32526352 1.80358146 1.32380903
v -0.12235003 2.40359531 1.72434061
v 0.15431568 1.70872350 1.31799996
v -0.98577506 1.94946068 0.51019114
v -0.98567947 2.12504536 0.61221125
v 0.78099038 2.37485257 1.28265815
v 0.87375755 2.34232795 1.10440515
v -0.31053603 2.00671897 1.44679266
v 0.75777905 2.00621813 1.10234458
v 0.98486930 2.29792911 0.71631064
v -0.98486930 2.29792911 0.71631064
v 0.13828540 1.53620916 1.22113636
v -0.22814742 1.39702181 1.12141700
v 0.47613439 1.74088549 1.21111156
v 0.31135716 1.63103225 1.22957963
v 0.86509571 2.15695601 1.01512374
v -0.53516179 1.65876377 1.12371943
v 0.62611885 1.86582401 1.16818483
v -0.15922545 1.89636546 1.42543519
v 0.11949539 1.36262619 1.12373835
v 0.74780984 1.82552818 1.01118878
v -0.82394347 1.29942722 0.59516005
v -0.81162902 1.46430377 0.71056022
v 0.94211577 2.31572484 0.91452299
v -0.70524942 1.30369897 0.76192553
v -0.56243678 1.31995822 0.90743008
v -0.57711841 1.14967152 0.79736038
v 0.68481171 0.74849494 0.46419612
v 0.69535334 0.93006081 0.55741615
v 0.80079481 0.89155643 0.39693421
v 0.61472312 1.68882091 1.07640207
v -0.41695140 1.17925854 0.92098472
v -0.43266618 1.00726889 0.81317101
v -0.58818682 0.28799755 0.29070968
v -0.74302832 0.35742383 0.16975252
v 0.81186879 1.07389335 0.48477182
v -0.38641432 1.52149578 1.13404445
v -0.86499938 0.44046133 0.02429687
v -0.94211577 2.31572484 0.91452299
v -0.66882285 1.81020383 1.09415016
v -0.69247746 1.47256487 0.87383123
v -0.87375755 2.34232795 1.10440515
v -0.66913061 0.16432597 0.14358230
v -0.06323245 1.28526846 1.08503880
v -0.41017810 0.23373864 0.37864116
v 0.10452846 0.03863744 0.36128123
v 0.20724747 0.22411936 0.44962461
v -0.21528947 2.49056575 1.75585148
v -0.10452846 0.03863744 0.36128123
v 0.79856187 0.71261877 0.29705852
v 0.89557389 0.87145818 0.20747660
v 0.46308342 1.56520839 1.11770047
v -0.80901699 0.24200576 0.00903696
v -0.89659810 1.63559208 0.64626202
v 0.91354546 0.33253006 -0.14775573
v 0.80901699 0.24200576 0.00903696
v -0.91354546 0.33253006 -0.14775573
v -0.59119241 0.97890857 0.68707331
v -0.72930281 0.96417117 0.53729920
v -0.71805007 1.13451512 0.64927323
v 0.50000000 0.10288568 0.25000000
v -0.50000000 0.10288568 0.25000000
v 0.30901699 0.06037013 0.32363910
v -0.30901699 0.06037013 0.32363910
v 0.66913061 0.16432597 0.14358230
v -0.83353383 1.13054749 0.48125640
v -0.91250835 1.29565707 0.41098648
v -0.60416285 0.80725486 0.57680342
v -0.24400265 1.22417124 1.01717373
v -0.44728380 0.83464151 0.70523444
v -0.88882138 1.80219213 0.76024095
v -0.80265764 1.63441106 0.82293621
v 0.98438991 1.41331833 0.20980756
v 0.94180656 1.22476214 0.28587441
v -0.79222229 1.80055732 0.93478711
v -0.68017450 1.64163035 0.98484815
v -0.07915808 1.11107366 0.98315477
v 0.10315801 1.18787642 1.02495988
v 0.08753266 1.01260559 0.92549542
v -0.40189494 1.35083723 1.02784803
v -0.54854642 1.49020220 1.01643590
v 0.70636843 1.11055032 0.64912372
v -0.78099038 2.37485257 1.28265815
v 0.71701061 1.29063070 0.74064307
v 0.59124004 1.33418223 0.89215035
v 0.67594583 0.57320727 0.37249838
v -0.73886622 0.79668767 0.42866420
v -0.11023149 0.76076870 0.77749266
v -0.09463818 0.93623782 0.88065402
v 0.07292216 0.83590546 0.82483547
v -0.25980026 1.05104556 0.91247123
v -0.27541190 0.87730625 0.80715594
v 0.04708221 0.48549405 0.62431904
v 0.05769807 0.65829481 0.72344251
v 0.22714655 0.57025504 0.64435317
v -0.98721957 1.77936507 0.40193581
v 0.98471815 1.23345039 0.10382940
v 0.81963168 1.25435452 0.57631820
v 0.29673917 1.45619322 1.13402364
v 0.57879738 1.15573343 0.79948719
v 0.21195117 0.39033337 0.54442404
v 0.43574816 1.21221451 0.92978103
v 0.44959198 1.38902760 1.02397221
v 0.98399093 1.05019956 0.00272099
v 0.56568072 0.97631410 0.70646832
v 0.55284386 0.79669948 0.61276807
v 0.40772449 0.85638453 0.73939560
v -0.98489844 1.06101725 0.00309435
v 0.74283598 0.34520597 0.16294504
v -0.98496412 0.89936890 -0.09066528
v 0.28127617 1.28095623 1.03824100
v -0.12624736 0.58451345 0.67352946
v 0.60361080 1.51173459 0.98401793
v -0.45677758 0.66742158 0.60313454
v 0.42184909 1.03468666 0.83490333
v -0.29008337 0.70383920 0.70201068
v -0.99132633 1.47344806 0.19304922
v 0.54067896 0.61592016 0.51756820
v 0.94082275 1.06443755 0.19647913
v 0.26622373 1.10482314 0.94149772
v -0.29631243 0.53227545 0.60075247
v 0.25127547 0.92731469 0.84363699
v 0.23713783 0.74947443 0.74507207
v 0.97814760 0.43194254 -0.31994319
v -0.97814760 0.43194254 -0.31994319
v 0.35305974 0.35465719 0.47569908
v -0.00433756 2.39381478 1.72735821
v 0.39481881 0.67736005 0.64256445
v 0.37889672 0.50066377 0.54826216
v 0.87551581 1.02900738 0.34263576
v -0.94529590 1.96514635 0.70185635
v 0.88105221 1.21697849 0.43941710
v 0.88123394 1.38452685 0.53576016
v -0.66406527 2.41018965 1.44545658
v 0.99034570 0.58664964 -0.31063464
v -0.98889209 0.58910377 -0.29765264
v -0.06847281 2.49900967 1.78529027
v 0.06847291 2.49900967 1.78529026
v -0.94903645 1.79256787 0.58946118
v 0.67662000 0.42566121 0.28659794
v 0.94892601 0.95820047 0.10812274
v 0.48194801 0.68619019 -0.76031304
v 0.60205710 0.78770205 -0.93613675
v 0.36884199 0.79270943 -0.94480978
v 0.46573884 0.21339173 0.05859790
v 0.32288553 0.31648203 -0.11995973
v 0.23936456 0.22282895 0.04225217
v 0.33536390 0.90680318 -1.14242594
v 0.49507872 0.87271931 -1.08339095
v 0.21763743 0.84515393 -1.03564632
v 0.03764576 0.85969887 -1.06083889
v -0.16189289 0.93395018 -1.18944594
v -0.16988339 0.83895761 -1.02491398
v 0.64698058 0.69796088 -0.78070047
v 0.01287144 0.96250286 -1.23890063
v 0.53171755 0.32196073 -0.12944912
v 0.63267794 0.42251949 -0.30362200
v 0.41005462 0.40768433 -0.27792673
v -0.52496312 0.46838650 -0.38306598
v -0.66318715 0.54928753 -0.52319069
v -0.68868152 0.43498589 -0.32521444
v -0.83292815 0.48804271 -0.41711154
v -0.75364338 0.66338674 -0.72081631
v -0.54153034 0.65130182 -0.69988462
v -0.38370452 0.82528051 -1.00122455
v -0.34285101 0.91806719 -1.16193579
v 0.34122521 0.14742643 0.17285316
v 0.71715526 0.32472499 -0.13423696
v -0.59084951 0.81138418 -0.97715540
v -0.44944283 0.74173990 -0.85652797
v -0.47439518 0.20711401 0.06947124
v -0.30229361 0.29457772 -0.08202034
v -0.49800797 0.30199299 -0.09486397
v -0.29187427 0.20409747 0.07469605
v 0.01699843 0.20962797 0.06511693
v -0.16900120 0.14195727 0.18232603
v 0.00342557 0.11338201 0.23181984
v 0.78591028 0.66624439 -0.72576591
v 0.61540580 0.60655588 -0.62238237
v 0.80933911 0.57667137 -0.57062088
v 0.16951066 0.93645747 -1.19378868
v 0.81363008 0.48788428 -0.41683712
v 0.66294092 0.52359106 -0.47868309
v 0.81103127 0.39992027 -0.26447900
v -0.84491043 0.57897857 -0.57461708
v -0.43871176 0.56367389 -0.54810858
v -0.14600471 0.22805080 0.03320767
v -0.50737148 0.88506685 -1.10477752
v -0.34204479 0.65828674 -0.71198284
v -0.22979199 0.57166786 -0.56195455
v -0.13650341 0.66530044 -0.72413093
v -0.24973532 0.75045971 -0.87163111
v -0.02235372 0.57827840 -0.57340434
v -0.04296032 0.75705121 -0.88304792
v -0.11535579 0.48487557 -0.41162589
v 0.09282774 0.49102239 -0.42227250
v 0.18633554 0.58447619 -0.58413923
v -0.00085088 0.39755076 -0.26037488
v -0.20854855 0.39136074 -0.24965346
v 0.30143238 0.49721192 -0.43299308
v 0.39502748 0.59067450 -0.59487501
v -0.08609890 0.30679395 -0.10317948
v 0.27995683 0.67793297 -0.74601112
v 0.49864420 0.50627887 -0.44869750
v 0.11544310 0.31207774 -0.11233127
v -0.70543309 0.33158234 -0.14611424
v 0.16913061 0.13804991 0.18909377
v 0.20696541 0.40367153 -0.27097637
v 0.07156759 0.67137150 -0.73464633
v 0.16493063 0.76518982 -0.89714441
v -0.32208762 0.47738943 -0.39865952
v -0.40269059 0.38391787 -0.23676203
v 0.74958173 0.74311186 -0.85890427
v -0.60018299 0.72514843 -0.82779070
v -0.63419974 0.25038038 -0.00546831
v -0.56772078 0.37674465 -0.22433765
v -0.73668521 0.74856109 -0.86834260
v 0.63947793 0.25147612 -0.00736618
v -0.35426461 0.13774657 0.18961917
v -0.83258687 0.40109047 -0.26650584
v 2.45881144 0.45193617 1.29725283
v 2.36730428 0.80366067 0.95027551
v 2.31920957 0.93341681 1.42797631
v 0.00680329 2.49999074 1.90903767
v 0.11830294 2.49719931 2.08251487
v 0.17551334 2.49383140 1.90667608
v -2.21152948 1.16582047 1.30818656
v -2.04576439 1.43695793 1.61998440
v -2.00634553 1.49150179 1.29080449
v -1.10139835 2.24430873 0.15391442
v -1.24766756 2.16640847 -0.05235121
v -1.30163668 2.13441841 0.22805269
v 0.30420408 2.48142295 -0.85619644
v 0.55616155 2.43735191 -0.76496361
v 0.55548963 2.43750513 -0.99318165
v -0.98252357 2.29883610 -4.48727761
v -0.43636090 2.46162328 -4.59315178
v -0.77254249 2.37764129 -5.00000000
v 0.31401806 2.48020013 2.05331902
v 0.47023524 2.45537753 2.24421045
v 0.50327635 2.44881868 1.98261725
v -2.37202663 0.78961361 1.95390281
v -2.37547005 0.77919321 2.46435250
v -2.23894467 1.11226200 2.14932033
v -1.19631272 2.19518470 2.11423652
v -1.02610960 2.27971470 1.87527608
v -1.22450454 2.17958451 1.77677834
v -2.23077951 1.12854898 -0.84823259
v -2.38083631 0.76263914 -0.99667819
v -2.36266752 0.81719164 -0.49238929
v 0.99240534 2.29458747 -4.50825341
v 0.55915249 2.43666750 -4.14086238
v 0.93569207 2.31829255 -3.99096055
v -2.39590927 0.71387588 1.01120144
v -2.37592990 0.77778990 1.49597329
v 2.45443031 0.47515455 -0.70982531
v 2.36214426 0.81870293 -0.68748218
v 2.37163095 0.79080127 -0.37364789
v 1.19476080 2.19602975 -1.60150713
v 1.25875251 2.15998660 -1.21696844
v 1.47957276 2.01515867 -1.45485336
v -1.73786453 1.79717191 3.31787920
v -1.43519328 2.04700275 3.33101755
v -1.57377780 1.94247869 2.94039734
v 0.29474617 2.48256414 -1.11731798
v -2.18498713 1.21483795 -0.49841581
v 1.00676042 2.28832547 -1.31274579
v -2.21907732 1.15138866 1.73320486
v 0.35586693 2.47454212 3.57009036
v 0.79542136 2.37008541 3.40380508
v 0.52183438 2.44493126 3.18048486
v -2.24192609 1.10624022 2.55784004
v 2.46423308 0.42137316 -0.20644284
v -1.88384981 1.64350536 2.91554381
v -2.08470106 1.37986286 2.62000489
v -2.14008658 1.29229618 2.94115377
v 2.16174708 1.25572671 -3.77162907
v 2.13214818 1.30535211 -3.28608941
v 2.33321773 0.89782794 -3.52976488
v -2.25718164 1.07477022 0.89334115
v 1.66722012 1.86289481 3.26684147
v 1.36613629 2.09372196 3.06708386
v 1.35816477 2.09890173 3.46675222
v -1.89899892 1.62597758 2.52111941
v -2.02206019 1.47012673 3.31159622
v 1.48867577 2.00844329 -0.43827513
v 1.50446713 1.99664185 -0.77000822
v 1.27080239 2.15291925 -0.61385370
v -2.46691018 0.40540617 -2.74072246
v -2.36849697 0.80013881 -2.43362454
v -2.35725811 0.83266692 -2.98561665
v 2.44698090 0.51213715 3.21848969
v 2.33610991 0.89027551 3.53720640
v 2.45900304 0.45089252 3.73693234
v 2.31939926 0.93294538 3.10740260
v -0.06060147 2.49926538 2.06181199
v 0.28480503 2.48372424 2.42734299
v 0.04024928 2.49967598 2.28050793
v 0.03447190 2.49976233 2.55986536
v -1.25000000 2.16506351 -5.00000000
v 0.46566927 2.45624757 -2.62642859
v 0.72263646 2.39328155 -2.86784402
v 0.29765789 2.48221671 -3.02673994
v -2.32576814 0.91695288 -3.45695188
v -2.46073157 0.44136169 -3.74229081
v -2.45729975 0.46008472 -3.25480541
v -1.43988773 2.04370334 1.93682522
v 1.26922230 2.15385114 -0.89412394
v 1.49002039 2.00744595 -1.12274409
v 0.66345252 2.41035905 -3.28624213
v 1.35264202 2.10246512 0.53749368
v 1.29589973 2.13790643 0.26579178
v 1.15735224 2.21597287 0.41165205
v 1.57034424 1.94525550 2.88937863
v 0.75845979 2.38217102 -0.64541557
v 0.78054074 2.37502761 -0.87882333
v -1.46865465 2.02312964 0.05179381
v -2.46082528 0.44083893 2.78808840
v -2.40288626 0.69002727 3.27392057
v -2.32869782 0.90948693 2.89303952
v -0.08800997 2.49845037 -2.18103637
v -0.41147952 2.46590442 -1.90489533
v -0.03922376 2.49969228 -1.83693807
v -0.17195489 2.49407929 -2.94563000
v -0.09480807 2.49820164 -3.27233058
v -0.49662039 2.45017717 -3.32030360
v -2.22229106 1.14517355 -2.63557215
v 0.50726817 2.44799490 -4.55575498
v -0.56249063 2.43589907 -2.97975632
v -0.63866249 2.41704576 -4.20246243
v -2.45081486 0.49346381 0.27789198
v -2.46914883 0.39154065 0.81975195
v -2.37740680 0.77326379 0.64026653
v 2.36578643 0.80811790 -4.00513458
v 0.69541100 2.40133370 3.81272272
v 2.29664215 0.98764104 -3.11206399
v -0.24115610 2.48834156 1.96907756
v -0.22991972 2.48940493 2.19541423
v -1.39173785 2.07679218 4.05281941
v -1.74146970 1.79367870 4.08078081
v -1.46946313 2.02254249 4.54758572
v 0.28147526 2.48410380 2.70871790
v 0.57575773 2.43279737 2.51181920
v 1.73559371 1.79936502 0.68404545
v 1.56185822 1.95207554 0.47829095
v 1.51650401 1.98751493 0.73395799
v 0.33629545 2.47727781 1.85617548
v 2.40828478 0.67094293 1.69413582
v 2.47923469 0.32155145 1.83029929
v 1.45837860 2.03054964 4.55834974
v 0.98735603 2.29676470 4.52199174
v 1.25000000 2.16506351 5.00000000
v 1.15826182 2.21549758 0.64628363
v -0.43201991 2.46238884 -2.31092365
v 0.83422085 2.35670863 2.11044652
v 0.84793213 2.35181018 1.84974608
v 0.68362257 2.40471624 1.91121745
v 2.20936945 1.16990881 1.10323139
v 0.66607815 2.40963481 2.11433930
v -0.45968353 2.45737483 4.29381816
v -0.57119289 2.43387318 4.66066841
v -0.08017312 2.49871412 4.57744137
v 1.11359584 2.23828155 0.17788380
v 1.22886502 2.17712902 -0.01302229
v 0.54486153 2.43990285 2.85689345
v 0.07636256 2.49883348 -0.97471920
v -0.10495533 2.49779590 -0.87278399
v 0.09034361 2.49836707 -0.70995610
v -1.86104548 1.66928420 4.55030692
v -0.39571961 2.46848253 2.07659923
v -2.13450001 1.30150286 -4.55630529
v -1.95372965 1.55978859 -4.10323834
v -1.84979391 1.68174388 -4.55445836
v -1.46946313 2.02254249 -4.54758572
v -1.76733250 1.76820130 1.21671106
v -1.57057521 1.94506902 1.13808851
v -1.73100829 1.80377667 0.88546002
v -0.13452778 2.49637783 -0.67991798
v -2.47273440 0.36821814 2.22761883
v 0.05637402 2.49936431 -1.23263015
v 1.28620386 2.14375363 -0.39873970
v -0.04917863 2.49951625 3.74555745
v -0.04331847 2.49962467 3.44143381
v -0.44459365 2.46014969 3.61489744
v 0.71712546 2.39493864 1.67458534
v 0.85114757 2.35064838 1.48029368
v 1.03834844 2.27416633 -0.05320467
v 0.42727790 2.46321611 4.60155610
v 0.77254249 2.37764129 5.00000000
v 0.24975742 2.48749296 2.22679817
v 1.94323195 1.57284761 2.68795018
v 1.99479524 1.50691471 2.20544397
v 1.78332986 1.75206581 2.38153391
v 0.58926241 2.42956165 -0.55488709
v -0.93882331 2.31702628 -0.29562936
v -1.02871649 2.27853953 -0.07664958
v 2.38045148 0.76383947 -1.40276555
v 2.47002060 0.38600287 -1.19319705
v 2.46378279 0.42399809 -1.76294032
v 2.23502833 1.12011088 -4.23173097
v 0.34908836 2.47550749 -0.64128960
v 2.44554775 0.51893758 -3.22166409
v 0.92781036 2.32145815 1.68267732
v -1.24179653 2.16977911 -1.62925777
v -1.15705719 2.21612695 -1.28356049
v -0.95816221 2.30909618 -1.53490456
v 2.16521158 1.24974349 2.46348591
v 1.91285720 1.60965131 3.97159487
v 1.60922722 1.91321399 4.14741670
v 1.87153834 1.65751146 4.50351687
v 1.26606040 2.15571126 1.52593138
v 1.20342239 2.19129518 1.26245909
v 1.05491197 2.26653055 1.50388753
v 0.97027876 2.30403106 1.28003112
v -0.26132116 2.48630474 5.00000000
v -2.34875214 0.85636638 -3.98095799
v 0.52677041 2.44387253 -2.25443493
v 0.53371042 2.44236631 -1.90579363
v 0.85975175 2.34751505 -2.09768682
v -0.96547775 2.30604699 2.09813782
v -1.43877534 2.04448662 0.69414950
v -1.19019227 2.19850912 0.64298388
v -1.33736382 2.11221637 0.47496879
v -0.88435217 2.33835866 -1.27939214
v 0.76923071 2.37871480 -1.74575277
v 2.39285073 0.72406171 -2.87087437
v -1.03205011 2.27703152 2.35236282
v -1.27310501 2.15155842 2.45871825
v -2.18168732 1.22075405 -1.80143598
v -2.36078893 0.82260295 -1.92352303
v -2.29084736 1.00100868 -1.54427202
v -0.39219707 2.46904464 -1.16924678
v -0.30134790 2.48177143 -0.87694335
v -0.16654424 2.49444644 -1.06825986
v -2.19206204 1.20202496 -4.16289518
v 0.00000000 2.50000000 -4.54758572
v -0.19667010 2.49225217 -4.10565901
v -2.48254974 0.29486743 3.25000000
v -1.29284429 2.13975551 0.87736580
v -1.10779437 2.24115855 0.87303058
v -1.54942647 1.96195760 -2.12508714
v -1.55503177 1.95751787 -2.60329828
v -1.81525996 1.71896226 -2.30913149
v 1.56983734 1.94566460 -0.11403493
v 1.74990016 1.78545496 -0.30390690
v -0.34743010 2.47574076 -0.63728830
v -2.36043634 0.82361415 -4.53568191
v -2.46250000 0.43138585 -4.25000000
v 1.79146324 1.74374868 1.67743643
v 1.60580089 1.91609068 1.48256877
v 1.55967824 1.95381775 1.83066945
v 0.28787087 2.48337077 -1.39954756
v 1.75632022 1.77914004 0.34091046
v 1.62295438 1.90158331 0.91342351
v 1.33550834 2.11339004 2.37072673
v 1.35318873 2.10211329 2.04664692
v 1.09168776 2.24904821 2.18968269
v 1.37004327 2.09116748 -0.21111646
v 1.07486932 2.25713446 3.23540600
v 1.05060638 2.26852953 3.64730031
v -0.38288426 2.47050595 1.87449953
v -1.21572108 2.18449588 -2.82009044
v -1.30232376 2.13399925 -2.36067350
v 2.45246094 0.48521682 4.22114691
v 2.37344329 0.78534511 3.87748578
v 2.31210638 0.95087542 4.19777543
v -1.41397717 2.06171495 1.60915225
v -0.20393911 2.49166788 2.42776524
v -0.76988032 2.37850463 -1.02771486
v -0.53757789 2.44151797 -0.97687691
v -0.63181262 2.41884535 -1.23868006
v 2.04067079 1.44418237 -4.18580875
v 2.37474504 0.78140003 4.57313330
v 1.14750219 2.22108954 -0.23536658
v 0.92672316 2.32189237 -0.27010883
v -1.16284033 2.21309791 -0.65508504
v -0.94351003 2.31512177 -0.54526066
v -0.91622255 2.32605594 -0.81812420
v -1.51563092 1.98818080 0.89338450
v -0.74964754 2.38495882 -0.64461155
v -2.22019152 1.14923872 -2.20493291
v -1.12056040 2.23480299 -0.26553452
v -0.69656510 2.40099918 3.32261057
v -1.07449681 2.25731181 3.29804970
v -0.87384211 2.34230655 3.63764473
v 2.46472729 0.41847267 0.74497482
v 1.41471048 2.06121185 0.07687589
v -0.99808213 2.29212392 -1.06800297
v 1.58583842 1.93264495 0.18678098
v -1.35784952 2.09910568 1.07359234
v 0.21704550 2.49056043 3.27478321
v -1.63517921 1.89108143 1.73130345
v -2.46412941 0.42197899 -0.24241076
v -2.46707323 0.40441274 -0.74507471
v 0.82765520 2.35902244 2.69719678
v 2.11055974 1.33997671 4.18800596
v -2.47136958 0.37726965 -1.73604841
v -2.46471314 0.41855600 -2.23309202
v 0.62347282 2.42100839 4.22496504
v -1.77061802 1.76491128 -0.28448807
v -1.51913272 1.98550643 -0.28899756
v -1.58934543 1.92976193 -0.54642223
v -0.73315312 2.39008086 -2.07574042
v 1.10430009 2.24288236 -0.45761578
v 1.72476246 1.80974983 -0.96736028
v -2.46464646 0.41894849 1.74015604
v -2.47080551 0.38094634 1.26526232
v -1.15107143 2.21924189 0.39429684
v -2.26881466 1.04999048 -1.19690116
v -2.40553679 0.68072957 -1.46603797
v 2.37704626 0.77437142 -2.15038164
v 2.36894466 0.79881236 -1.77494878
v 0.13807632 2.49618407 -2.70625026
v 0.84595467 2.35252220 2.38982489
v 1.00564736 2.28881484 -0.71788431
v 2.46773208 0.40037282 -2.26875473
v -2.35278965 0.84521056 0.30182206
v -1.19989868 2.19322665 1.50497271
v -1.15815129 2.21555537 1.23032157
v -1.37301903 2.08921486 1.32534468
v 1.80589296 1.72880034 1.00901762
v 1.57752632 1.93943567 1.16592539
v 1.79070569 1.74452662 1.33249892
v -1.81960977 1.71435711 -0.62879281
v -1.59725595 1.92321955 1.41920459
v -1.39707584 2.07320503 -0.75098910
v -1.19529192 2.19574070 -0.94427023
v -0.34164234 2.47654609 3.93091251
v -2.36787031 0.80199141 -0.03906958
v -0.33728255 2.47714361 3.27522751
v 1.05920986 2.26452522 1.07295976
v 2.11524611 1.33256666 0.61113347
v 2.25709168 1.07495914 0.72758615
v 2.23245308 1.12523476 0.29211622
v 1.08073601 2.25433131 2.53638463
v -0.11185410 2.49749648 1.88942029
v 2.46405842 0.42239332 0.26079440
v 2.37708844 0.77424191 0.49656980
v 1.75848052 1.77700486 0.01676218
v 0.00998837 2.49998005 -1.52110225
v -1.02524255 2.28010476 -2.52525555
v -0.86065808 2.34718292 1.48797491
v -0.86458511 2.34573924 1.73275393
v -0.68369797 2.40469480 1.64210602
v 0.25357768 2.48710642 -1.70806682
v 1.57331890 1.94285039 2.20144897
v 1.45336432 2.03414163 0.32497397
v 1.42817094 2.05190832 1.57787351
v -0.83261050 2.35727804 3.06640763
v -1.89405242 1.63173693 3.69920264
v 0.22280352 2.49005193 -2.04546541
v 1.67282652 1.85786206 5.00000000
v -1.67282652 1.85786206 5.00000000
v -0.99276973 2.29442983 -1.85054233
v 0.55615432 2.43735356 -1.27704682
v 0.79947104 2.36872245 -1.14882023
v -1.63860105 1.88811721 -0.85667170
v -1.43637434 2.04617418 -1.06702107
v 2.24972070 1.09030123 -0.15974459
v 2.09578165 1.36297442 0.01014955
v 1.30763949 2.13074610 4.22848523
v -2.21420987 1.16072161 0.14820001
v -2.27111885 1.04499720 -0.25199293
v -1.34188260 2.10934850 -0.49139662
v 0.26132116 2.48630474 -5.00000000
v 2.19050686 1.20485671 3.79384780
v -2.05854507 1.41858810 1.96940735
v -1.47391347 2.01930163 2.26485060
v -2.03501003 1.45214812 4.11073922
v -2.15686939 1.26408641 3.69716860
v 0.30573282 2.48123506 3.96829833
v 2.36221207 0.81850727 0.05452247
v -1.68121389 1.85027562 -1.18869734
v -1.47991442 2.01490776 -1.40942969
v -0.53405030 2.44229201 -0.76364791
v -0.56419048 2.43550592 -0.55068655
v 1.73933629 1.79574755 -0.63075220
v -0.70978627 2.39712399 -1.74497868
v 2.46760350 0.40116450 -2.74957975
v 2.46250000 0.43138585 -4.25000000
v 2.36883734 0.79913056 -4.54449703
v -0.20823405 2.49131262 -1.34382539
v -1.66812709 1.86208270 2.06147265
v 1.25000000 2.16506351 -5.00000000
v 1.49742110 2.00193158 -4.51755053
v 1.18958816 2.19883606 1.91980438
v -2.07412455 1.39571034 2.30985242
v -2.16038996 1.25806010 4.54936501
v -1.81692087 1.71720662 1.52818971
v -1.02897022 2.27842496 1.64791870
v -1.40821655 2.06565393 -0.12387141
v -1.61701262 1.90663845 -0.09356382
v 1.89090370 1.63538473 -4.56541635
v 2.16267258 1.25413210 -4.57957079
v 1.04327507 2.27191046 -3.12494421
v -0.25683675 2.48677198 -1.64318340
v 0.26132116 2.48630474 5.00000000
v -1.59024397 1.92902154 3.68467446
v -1.30760938 2.13076459 3.05554464
v -1.81488270 1.71936057 -2.71951871
v -1.55587109 1.95685083 -2.99486984
v -1.84753165 1.68422885 -3.15626209
v 0.19307888 2.49253296 -2.39754900
v 2.02432403 1.46700792 1.14494023
v 1.25867947 2.16002917 -4.18696731
v -0.17482113 2.49388002 -3.58598280
v 0.90958475 2.32865961 -0.49780931
v -2.46682065 0.40595061 -1.23304371
v 1.98949985 1.51389905 1.50753386
v -1.82425285 1.70941556 0.03657553
v -2.24909927 1.09158255 4.09047729
v 1.79399638 1.74114244 2.02927861
v 0.19397494 2.49246338 -3.87467667
v 0.24935568 2.48753326 -3.45989632
v -1.25000000 2.16506351 5.00000000
v -1.03646925 2.27502340 -2.21094010
v -2.10669626 1.34604267 1.05195238
v 1.96795140 1.54180649 0.81708410
v -1.98914210 1.51436909 -0.39610576
v 1.40581502 2.06728908 1.34689555
v -1.85194662 1.67937301 1.85356890
v 2.02254249 1.46946313 -5.00000000
v -2.02254249 1.46946313 -5.00000000
v 2.47904848 0.32298392 2.73390808
v -0.66099303 2.41103468 3.98301515
v -2.28386364 1.01684161 5.00000000
v -2.37110992 0.79236212 4.51558676
v -2.44536900 0.51977923 5.00000000
v -1.94667975 1.56857833 0.98608036
v -1.58552903 1.93289878 -3.42768153
v -1.28330705 2.14548899 -1.98309481
v -1.24835155 2.16601440 -3.26606880
v 1.65518803 1.87359349 3.71866223
v 0.77254249 2.37764129 -5.00000000
v 1.71149465 1.82230241 -1.31125249
v -2.25153030 1.08655939 3.30400464
v 2.40408118 0.68585251 2.86514205
v -2.12598910 1.31535939 -0.16505372
v -1.91175714 1.61095767 0.66524415
v -1.85604791 1.67483914 0.33018492
v -2.06476462 1.40952016 0.42945252
v 0.00202806 2.49999918 3.14080800
v -0.25122480 2.48734519 2.96803509
v 1.92793898 1.59155624 3.52629365
v -1.29114460 2.14078154 -3.69518580
v 1.94533250 1.57024886 0.49864967
v 2.17496011 1.23269970 4.56618955
v 2.02254249 1.46946313 5.00000000
v -2.02254249 1.46946313 5.00000000
v 1.67282652 1.85786206 -5.00000000
v -1.67282652 1.85786206 -5.00000000
v -0.26132116 2.48630474 -5.00000000
v -0.93048347 2.32038801 -3.52690932
v -0.57709347 2.43248086 -3.77713151
v -0.76305716 2.38070237 -2.45294039
v -1.25087205 2.16455980 3.66790233
v 1.01812885 2.28329009 1.91199137
v -1.51379193 1.98958136 -1.75972553
v 1.94560858 1.56990676 3.11315722
v 0.52795693 2.44361648 -1.57443220
v -1.03649574 2.27501134 4.01412118
v 1.93684116 1.58071070 0.16687875
v 1.33906901 2.11113576 3.88272008
v 2.15533449 1.26670172 2.88707498
v -0.84298157 2.35358919 -2.80033638
v -0.88724984 2.33726073 -3.14641510
v -1.76835775 1.76717596 -1.89925261
v -2.00261614 1.49650547 -2.04816533
v -2.01684439 1.47727407 0.12996045
v 2.15104449 1.27397315 3.31975480
v -1.02715399 2.27924432 1.45336685
v 2.28386364 1.01684161 5.00000000
v -0.79905607 2.36886247 2.26393128
v -0.73740010 2.38877397 2.04511374
v -0.54583160 2.43968602 1.76550067
v -1.55374256 1.95854130 0.52883211
v -1.60295672 1.91847068 0.71837122
v -1.12242698 2.23386608 -0.45261788
v 0.82415452 2.36024773 -2.47498835
v 0.21844429 2.49043813 -4.23285255
v 0.77398106 2.37717339 -1.43888211
v 1.44980837 2.03667761 -1.81234850
v 0.51052465 2.44731783 1.77394429
v 0.80625805 2.36642092 3.02792630
v 1.10188083 2.24407189 -2.70327914
v 1.36395888 2.09514109 -2.95919773
v 2.46073905 0.44132000 -3.75147316
v 1.07755956 2.25585137 2.86851784
v 2.15017453 1.27544090 1.37648853
v 1.13870352 2.22561324 -2.32860294
v 1.17657196 2.20582829 -1.96004892
v -0.74121185 2.38759397 -0.43088425
v -1.97450054 1.53341046 -0.11229962
v -1.71547881 1.81855229 2.67347221
v -2.03784307 1.44816975 -2.45982008
v 1.02509516 2.28017103 -1.01928009
v 2.44536900 0.51977923 5.00000000
v 2.28386364 1.01684161 -5.00000000
v -2.28386364 1.01684161 -5.00000000
v 1.00545471 2.28889948 4.05307540
v -1.01258412 2.28575445 4.70724534
v 1.94118035 1.57537895 -0.15473032
v 2.11674658 1.33018190 0.87466034
v -2.06869952 1.40373869 -2.88496614
v 1.31963865 2.12333554 -3.37618630
v -1.16820911 2.21026864 4.36459768
v -0.95689096 2.30962328 1.26762921
v -1.88708127 1.63979397 -3.60763781
v 1.33076782 2.11637828 2.70690510
v -1.72473546 1.80977557 -1.53606235
v -1.62626134 1.89875592 -3.87155019
v 1.68009924 1.85128780 -2.39127399
v 1.68290769 1.84873516 -2.02140768
v 1.90875548 1.61451309 -2.22210601
v -2.46058610 0.44217195 3.72405910
v 1.79308648 1.74207947 -4.22303923
v 0.97459440 2.30220889 -3.54783233
v -1.32506704 2.11995220 -4.13967330
v 0.59673263 2.42773766 -3.71892467
v 1.56389833 1.95044149 2.54142000
v 1.91424054 1.60800596 -2.61426380
v 1.12417879 2.23298501 0.86119510
v 1.25728026 2.16084390 1.01778787
v 1.93640079 1.58125014 -0.48006135
v -1.50486801 1.99633972 2.58095741
v 2.17167751 1.23847357 2.05351568
v 2.32170500 0.92719247 2.26392002
v 1.92982102 1.58927368 -0.81387750
v -1.70226380 1.83092816 2.38400770
v -2.13010721 1.30867997 -1.40889927
v -1.96449508 1.54620797 -1.65919674
v -1.86406169 1.66591537 -0.96565577
v -0.71465773 2.39567617 1.83890974
v -1.07941144 2.25496584 2.94439007
v -0.96477974 2.30633910 -3.96186850
v -1.29685583 2.13732659 -0.28336827
v -2.33792121 0.88550799 3.69014360
v -1.90937965 1.61377487 -1.30735471
v 2.25572858 1.07781657 -1.57213917
v 2.08930941 1.37287515 -1.73526919
v 2.10133866 1.35439132 -1.35820923
v 2.44536900 0.51977923 -5.00000000
v -2.44536900 0.51977923 -5.00000000
v 2.30313710 0.97239884 2.67035674
v -2.47229255 0.37117318 4.23511404
v 0.97212195 2.30325398 -1.60420422
v -0.71472375 2.39565648 -0.83540421
v 0.74321453 2.38697134 -0.42018440
v 1.92242822 1.59820829 -1.15578094
v -0.13674806 2.49625719 -2.54057157
v -1.72937270 1.80534486 0.56063118
v -1.88641981 1.64055487 2.18353277
v -2.02924384 1.46019501 -0.74082549
v -0.47303397 2.45483989 -1.43267705
v -2.14263475 1.28806689 -3.77630498
v -2.09367272 1.36621176 -3.33675644
v 2.11221230 1.33737025 -2.44900881
v -0.52171778 2.44495615 3.07402722
v 1.86069237 1.66967779 -3.88289985
v 1.55898600 1.95437014 -4.05600572
v 1.60268238 1.91869987 -3.63110417
v -0.47257863 2.45492758 -2.68615539
v 1.65704856 1.87194820 -2.78798559
v 1.40220734 2.06973780 -2.55540589
v 1.99130826 1.51151957 1.85206625
v 2.48070151 0.31003227 2.26586938
v 1.63171983 1.89406716 -3.20467546
v 1.88444712 1.64282046 -3.45491236
v -0.40984161 2.46617717 2.54095789
v -0.40584306 2.46683834 2.30411306
v -1.04010331 2.27336427 1.06872634
v 1.69443374 1.83817689 -1.65843542
v 0.03032499 2.49981607 2.84011208
v 1.42911286 2.05125241 -2.17722664
v -0.19766226 2.49217368 2.68482887
v 1.91092885 1.61194011 -1.50873108
v 2.31925409 0.93330620 1.85691834
v 2.16729434 1.24612809 1.67909284
v 1.32535451 2.11977249 1.77338904
v 2.29120850 1.00018179 -2.67113463
v 2.11831456 1.32768347 -2.85771095
v 2.10749651 1.34478938 -0.99244100
v 2.25782793 1.07341186 -0.82229650
v 2.26399130 1.06035060 -1.18318118
v -2.22099471 1.14768572 -3.06719129
v -2.39749923 0.70851779 4.00459629
v -0.06844551 2.49906287 4.13004069
v -0.83111183 2.35780685 4.37022652
v -2.23428628 1.12159030 0.52854075
v 2.24908866 1.09160441 -1.95972451
v -2.10056039 1.35559804 0.76523355
v 1.27786943 2.14873212 -3.80088744
v -2.08313447 1.38222675 -1.07734563
v 0.27164601 2.48519787 3.00012363
v 2.47140685 0.37702544 4.62798665
v -0.56008668 2.43645294 1.96233011
v 2.09798842 1.35957515 -0.65454405
v -2.47264463 0.36882043 4.62976475
v 2.08767461 1.37535985 0.31083687
v -1.29700951 2.13723333 2.76523027
v -1.05582398 2.26610585 2.63613355
v 2.42549431 0.60578656 2.05326531
v 1.31156643 2.12833115 0.80126891
v 1.75113146 1.78424735 2.69941965
v 1.77723291 1.75825003 2.95954969
v 1.89718587 1.62809268 -3.02574454
v 1.14132727 2.22426888 1.71873809
v 2.09997332 1.35650729 -0.32462992
v -0.82674376 2.35934202 2.51712253
v -0.58715705 2.43007132 2.17539628
v -0.60913472 2.42465562 2.40633940
v 2.41461513 0.64779146 2.46315101
v -1.49360590 2.00477964 0.30581604
v -1.65015224 1.87803024 0.12674610
v -0.84023155 2.35457235 2.78631151
v 2.47285113 0.36743335 -4.63809452
v -2.47122772 0.37819776 -4.63475277
v 0.66879117 2.40888322 2.28346117
v -0.43465922 2.46192432 2.80907117
v -0.86748584 2.34466806 1.91302099
v 1.90330279 1.62093753 -1.86047203
v 2.38610761 0.74598290 -0.99608378
v 0.98295608 2.29865120 -1.83951558
v -1.67028583 1.86014657 0.35872074
v -1.18952486 2.19887030 1.00771143
v 2.39517439 0.71633765 -2.50203061
v 0.22965204 2.48942964 4.29631241
v -0.47800733 2.45387632 -1.66753726
v -0.77254249 2.37764129 5.00000000
v -0.71521888 2.39550870 -1.48718203
v -0.63869154 2.41703809 2.85991925
v 2.26705777 1.05377848 -2.29179112
v 1.44716347 2.03855780 0.96183773
v -0.62629650 2.42027947 2.64529086
v -1.67125007 1.85928029 -4.26180018
v 2.10157177 1.35402957 -2.07203108
v 1.39210131 2.07654857 1.14474977
v 2.25323138 1.08302740 -0.50662522
v 0.43721342 -1.99351260 -5.00000000
v -0.02103641 -2.02218690 -5.00000000
v 0.16715899 -1.49439214 -5.00000000
v -0.36225049 -1.66157301 -5.00000000
v -0.78222182 -1.36323139 -5.00000000
v -0.79043764 -1.87023303 -5.00000000
v -1.80830176 -1.03501469 -5.00000000
v -1.65299995 -0.58693192 -5.00000000
v -1.26606245 -1.05943565 -5.00000000
v -1.18039161 -0.49573777 -5.00000000
v 1.63581132 0.30547642 -5.00000000
v 2.11296717 0.25430784 -5.00000000
v 2.02254249 -0.21257778 -5.00000000
v -0.43823861 -2.10099178 -5.00000000
v 1.52728697 -0.20666740 -5.00000000
v -1.64143638 0.27302743 -5.00000000
v -1.54546491 0.82098908 -5.00000000
v -1.13400663 0.50242194 -5.00000000
v 1.92500433 -0.62142033 -5.00000000
v 1.47309722 -0.72064239 -5.00000000
v 1.13187177 0.63038618 -5.00000000
v 1.56862880 0.86869977 -5.00000000
v -0.17274770 1.53322110 -5.00000000
v -0.43582877 1.99356808 -5.00000000
v 0.01815493 2.04824182 -5.00000000
v -0.58434670 1.61399120 -5.00000000
v -1.98329111 0.66671603 -5.00000000
v 1.96111304 0.65886136 -5.00000000
v 0.67219912 -1.59487451 -5.00000000
v -1.99250337 -0.20407293 -5.00000000
v -2.11251997 0.25108995 -5.00000000
v -1.55333365 -0.15895848 -5.00000000
v -1.09944600 1.02175548 -5.00000000
v 0.33264146 1.68751365 -5.00000000
v -1.20727067 -1.64285478 -5.00000000
v 1.07896044 -0.42592268 -5.00000000
v 0.64018589 -0.14068462 -5.00000000
v 1.10046258 0.09371605 -5.00000000
v 0.67036307 0.38193225 -5.00000000
v 0.69845892 0.90298427 -5.00000000
v 1.16156967 1.14215602 -5.00000000
v -0.62309802 1.20459534 -5.00000000
v -0.20146177 0.94530086 -5.00000000
v -0.67203500 0.71622036 -5.00000000
v -0.23412481 0.43046524 -5.00000000
v 0.23272741 0.66556863 -5.00000000
v 0.17506078 -0.37672561 -5.00000000
v 0.61280671 -0.66225623 -5.00000000
v 0.20346176 0.14514853 -5.00000000
v -0.75394093 -0.84430923 -5.00000000
v -0.72568242 -0.32276166 -5.00000000
v -0.29109489 -0.61306201 -5.00000000
v -0.26266666 -0.09122186 -5.00000000
v -1.15097512 -0.01843266 -5.00000000
v -0.70041099 0.19430819 -5.00000000
v 0.14665076 -0.89859281 -5.00000000
v -0.30872747 -1.11840284 -5.00000000
v -0.88925015 1.90934577 -5.00000000
v -1.51428393 1.36486020 -5.00000000
v 1.79786666 -1.05201356 -5.00000000
v 1.18878194 -1.63213260 -5.00000000
v 1.19536900 1.64528428 -5.00000000
v 1.01718239 -0.88508122 -5.00000000
v 0.58113127 -1.14472293 -5.00000000
v 0.26488929 1.18041401 -5.00000000
v 0.73020454 1.41806875 -5.00000000
v 0.86497714 -1.94277046 -5.00000000
v 0.97080782 -1.27076337 -5.00000000
v 1.34384807 -1.16372142 -5.00000000
v 0.78465576 1.89833807 -5.00000000
v -1.59540078 -1.41292606 -5.00000000
v 1.61535240 -1.42169539 -5.00000000
v -1.02679609 1.46444545 -5.00000000
v 1.59516285 1.36320109 -5.00000000
v 0.43386316 2.09960791 -5.00000000
v -2.05031572 -0.67169519 -5.00000000
v -1.28077864 1.76409472 -5.00000000
v -1.88479673 1.08216390 -5.00000000
v 1.88626217 1.07541339 -5.00000000
v 0.43721342 1.99351260 5.00000000
v -0.02103641 2.02218690 5.00000000
v 0.16715899 1.49439214 5.00000000
v -0.36225049 1.66157301 5.00000000
v -0.78222182 1.36323139 5.00000000
v -0.79043764 1.87023303 5.00000000
v -1.80830176 1.03501469 5.00000000
v -1.65299995 0.58693192 5.00000000
v -1.26606245 1.05943565 5.00000000
v -1.18039161 0.49573777 5.00000000
v 1.63581132 -0.30547642 5.00000000
v 2.11296717 -0.25430784 5.00000000
v 2.02254249 0.21257778 5.00000000
v -0.43823861 2.10099178 5.00000000
v 1.52728697 0.20666740 5.00000000
v -1.64143638 -0.27302743 5.00000000
v -1.54546491 -0.82098908 5.00000000
v -1.13400663 -0.50242194 5.00000000
v 1.92500433 0.62142033 5.00000000
v 1.47309722 0.72064239 5.00000000
v 1.13187177 -0.63038618 5.00000000
v 1.56862880 -0.86869977 5.00000000
v -0.17274770 -1.53322110 5.00000000
v -0.43582877 -1.99356808 5.00000000
v 0.01815493 -2.04824182 5.00000000
v -0.58434670 -1.61399120 5.00000000
v -1.98329111 -0.66671603 5.00000000
v 1.96111304 -0.65886136 5.00000000
v 0.67219912 1.59487451 5.00000000
v -1.99250337 0.20407293 5.00000000
v -2.11251997 -0.25108995 5.00000000
v -1.55333365 0.15895848 5.00000000
v -1.09944600 -1.02175548 5.00000000
v 0.33264146 -1.68751365 5.00000000
v -1.20727067 1.64285478 5.00000000
v 1.07896044 0.42592268 5.00000000
v 0.64018589 0.14068462 5.00000000
v 1.10046258 -0.09371605 5.00000000
v 0.67036307 -0.38193225 5.00000000
v 0.69845892 -0.90298427 5.00000000
v 1.16156967 -1.14215602 5.00000000
v -0.62309802 -1.20459534 5.00000000
v -0.20146177 -0.94530086 5.00000000
v -0.67203500 -0.71622036 5.00000000
v -0.23412481 -0.43046524 5.00000000
v 0.23272741 -0.66556863 5.00000000
v 0.17506078 0.37672561 5.00000000
v 0.61280671 0.66225623 5.00000000
v 0.20346176 -0.14514853 5.00000000
v -0.75394093 0.84430923 5.00000000
v -0.72568242 0.32276166 5.00000000
v -0.29109489 0.61306201 5.00000000
v -0.26266666 0.09122186 5.00000000
v -1.15097512 0.01843266 5.00000000
v -0.70041099 -0.19430819 5.00000000
v 0.14665076 0.89859281 5.00000000
v -0.30872747 1.11840284 5.00000000
v -0.88925015 -1.90934577 5.00000000
v -1.51428393 -1.36486020 5.00000000
v 1.79786666 1.05201356 5.00000000
v 1.18878194 1.63213260 5.00000000
v 1.19536900 -1.64528428 5.00000000
v 1.01718239 0.88508122 5.00000000
v 0.58113127 1.14472293 5.00000000
v 0.26488929 -1.18041401 5.00000000
v 0.73020454 -1.41806875 5.00000000
v 0.86497714 1.94277046 5.00000000
v 0.97080782 1.27076337 5.00000000
v 1.34384807 1.16372142 5.00000000
v 0.78465576 -1.89833807 5.00000000
v -1.59540078 1.41292606 5.00000000
v 1.61535240 1.42169539 5.00000000
v -1.02679609 -1.46444545 5.00000000
v 1.59516285 -1.36320109 5.00000000
v 0.43386316 -2.09960791 5.00000000
v -2.05031572 0.67169519 5.00000000
v -1.28077864 -1.76409472 5.00000000
v -1.88479673 -1.08216390 5.00000000
v 1.88626217 -1.07541339 5.00000000
f 1 2 3
f 4 5 6
f 7 5 4
f 8 9 10
f 11 12 13
f 14 15 16
f 17 5 18
f 16 19 14
f 3 20 1
f 9 21 10
f 22 12 11
f 23 24 25
f 26 27 28
f 29 30 31
f 32 33 34
f 31 35 29
f 36 37 38
f 39 2 1
f 38 40 36
f 10 41 8
f 28 42 26
f 43 44 45
f 46 44 43
f 47 48 49
f 50 4 6
f 49 51 47
f 18 5 7
f 17 52 5
f 28 27 53
f 54 55 20
f 56 57 58
f 20 59 54
f 58 33 32
f 58 60 56
f 25 24 61
f 62 63 64
f 65 63 62
f 66 67 68
f 68 63 65
f 12 41 13
f 68 67 63
f 33 69 34
f 70 71 72
f 64 71 62
f 23 73 24
f 74 75 76
f 74 76 77
f 78 79 80
f 81 78 80
f 77 76 82
f 83 2 84
f 85 86 87
f 82 88 77
f 89 90 24
f 57 33 58
f 1 20 91
f 92 60 93
f 94 88 82
f 95 96 97
f 98 99 100
f 101 102 103
f 104 96 95
f 9 105 21
f 22 106 12
f 107 105 108
f 15 17 16
f 109 105 110
f 111 112 113
f 114 115 116
f 21 105 107
f 117 118 119
f 120 121 122
f 123 124 125
f 93 60 58
f 74 86 75
f 101 67 66
f 62 60 92
f 126 102 127
f 72 71 64
f 128 129 130
f 87 86 74
f 110 131 109
f 56 71 70
f 132 86 85
f 133 134 132
f 103 102 126
f 135 102 101
f 136 96 104
f 79 137 138
f 95 88 94
f 136 139 140
f 129 121 120
f 141 142 143
f 97 88 95
f 144 128 145
f 136 140 96
f 142 146 143
f 108 105 109
f 144 129 128
f 116 115 140
f 110 105 9
f 143 147 141
f 80 79 138
f 60 71 56
f 145 131 148
f 116 99 98
f 29 61 30
f 141 147 149
f 150 151 152
f 62 71 60
f 145 148 144
f 153 154 155
f 103 67 101
f 148 131 110
f 156 157 158
f 116 98 114
f 118 159 119
f 125 124 120
f 160 161 162
f 163 164 113
f 24 90 61
f 165 50 6
f 166 135 101
f 167 42 28
f 168 169 170
f 155 154 171
f 172 173 174
f 129 120 130
f 109 131 175
f 176 135 177
f 84 2 39
f 123 125 142
f 126 178 179
f 180 170 181
f 182 108 109
f 183 171 184
f 165 185 186
f 187 176 177
f 188 161 189
f 168 170 180
f 190 182 191
f 158 179 156
f 192 178 127
f 193 54 194
f 185 195 186
f 45 195 185
f 132 134 86
f 196 171 183
f 190 108 182
f 165 186 197
f 6 198 185
f 165 6 185
f 199 190 191
f 200 201 202
f 176 203 135
f 204 205 206
f 203 102 135
f 189 161 160
f 207 188 189
f 208 209 210
f 177 135 166
f 150 152 211
f 122 125 120
f 130 124 212
f 213 173 172
f 214 128 130
f 39 1 215
f 201 193 194
f 204 206 216
f 217 157 156
f 218 219 220
f 100 99 155
f 221 209 208
f 222 223 224
f 225 108 190
f 226 50 165
f 149 147 173
f 227 224 200
f 182 109 175
f 89 228 229
f 230 231 232
f 233 219 218
f 234 201 194
f 225 190 235
f 215 1 236
f 237 128 214
f 238 239 240
f 182 241 191
f 182 175 241
f 242 225 235
f 234 194 243
f 244 245 246
f 100 247 248
f 249 186 250
f 186 195 250
f 251 180 181
f 248 247 252
f 179 178 156
f 253 237 192
f 230 232 254
f 145 128 237
f 171 154 184
f 255 248 252
f 173 147 174
f 255 246 248
f 256 257 258
f 8 12 259
f 181 170 260
f 225 107 108
f 226 165 197
f 93 58 32
f 175 253 261
f 249 250 207
f 65 62 92
f 46 255 252
f 253 145 237
f 127 178 126
f 237 262 192
f 191 176 187
f 260 215 236
f 263 50 226
f 253 192 261
f 246 264 265
f 237 214 262
f 162 223 266
f 170 169 215
f 246 265 248
f 267 36 268
f 175 261 241
f 169 39 215
f 198 45 185
f 264 268 269
f 260 170 215
f 227 200 202
f 199 191 187
f 139 116 140
f 270 252 196
f 216 206 230
f 160 162 266
f 166 101 66
f 236 1 91
f 214 217 262
f 271 272 273
f 274 251 275
f 276 111 221
f 267 14 36
f 220 31 277
f 255 244 246
f 278 274 279
f 222 224 227
f 280 281 251
f 264 267 268
f 218 220 277
f 197 186 249
f 282 254 281
f 283 26 168
f 100 155 247
f 251 181 275
f 264 269 265
f 137 284 285
f 120 124 130
f 214 212 217
f 229 228 276
f 254 283 281
f 214 130 212
f 195 47 250
f 233 218 286
f 268 219 233
f 153 139 287
f 274 275 279
f 202 201 234
f 235 190 199
f 212 288 217
f 218 277 289
f 111 113 221
f 250 188 207
f 210 209 256
f 36 219 268
f 274 280 251
f 276 228 111
f 287 139 136
f 280 172 174
f 280 282 281
f 290 230 254
f 291 292 288
f 268 233 269
f 254 232 283
f 212 291 288
f 289 239 238
f 266 223 222
f 230 206 231
f 293 273 204
f 252 247 196
f 274 172 280
f 294 8 259
f 291 123 295
f 283 168 180
f 238 240 296
f 213 172 278
f 273 205 204
f 218 289 286
f 297 88 97
f 275 298 279
f 272 205 273
f 77 88 297
f 295 123 299
f 282 290 254
f 300 196 183
f 247 171 196
f 292 301 288
f 283 232 26
f 302 204 216
f 31 30 277
f 303 229 87
f 304 271 273
f 270 46 252
f 292 76 301
f 303 89 229
f 281 180 251
f 240 303 296
f 290 216 230
f 305 158 306
f 261 203 241
f 302 293 204
f 103 126 307
f 246 245 264
f 233 286 114
f 278 279 308
f 299 123 142
f 76 75 301
f 256 258 70
f 295 82 292
f 229 276 85
f 309 259 310
f 283 180 281
f 265 100 248
f 260 236 311
f 181 260 312
f 289 238 313
f 213 278 314
f 238 296 315
f 299 142 141
f 142 125 146
f 127 203 261
f 82 76 292
f 291 295 292
f 276 221 208
f 300 270 196
f 217 156 262
f 278 172 274
f 192 127 261
f 316 306 133
f 267 15 14
f 317 136 104
f 318 95 94
f 240 89 303
f 277 239 289
f 264 245 267
f 318 149 104
f 317 213 287
f 303 87 319
f 280 174 282
f 290 320 321
f 293 304 273
f 321 302 216
f 295 299 94
f 236 91 322
f 304 310 271
f 314 153 287
f 241 176 191
f 233 114 269
f 282 320 290
f 317 173 213
f 303 319 296
f 318 141 149
f 238 315 313
f 323 129 144
f 289 313 286
f 229 85 87
f 312 298 275
f 320 143 321
f 290 321 216
f 299 318 94
f 318 104 95
f 320 147 143
f 149 317 104
f 317 287 136
f 87 74 319
f 267 245 15
f 294 9 8
f 315 297 97
f 210 256 324
f 30 239 277
f 213 314 287
f 127 102 203
f 295 94 82
f 74 77 319
f 302 122 293
f 175 131 253
f 96 140 325
f 256 209 257
f 309 294 259
f 326 38 327
f 328 23 329
f 330 29 331
f 286 115 114
f 181 312 275
f 279 332 308
f 155 171 247
f 315 97 325
f 296 297 315
f 323 121 129
f 149 173 317
f 314 154 153
f 278 308 314
f 299 141 318
f 316 305 306
f 333 211 334
f 335 53 336
f 337 22 11
f 338 167 339
f 315 325 313
f 304 323 310
f 340 341 342
f 336 150 333
f 339 28 335
f 279 298 332
f 97 96 325
f 174 320 282
f 332 184 308
f 47 188 250
f 258 57 56
f 340 183 184
f 342 300 183
f 276 208 85
f 313 115 286
f 319 297 296
f 323 309 310
f 342 343 300
f 174 147 320
f 332 340 184
f 77 297 319
f 256 70 324
f 260 311 312
f 304 121 323
f 21 344 10
f 293 121 304
f 300 343 49
f 341 285 342
f 140 115 325
f 265 98 100
f 302 146 122
f 300 49 270
f 241 203 176
f 143 146 321
f 325 115 313
f 321 146 302
f 340 342 183
f 208 132 85
f 340 345 341
f 346 64 347
f 323 144 309
f 346 307 305
f 184 154 308
f 122 121 293
f 114 98 269
f 333 150 211
f 335 28 53
f 138 137 285
f 332 298 345
f 210 133 132
f 332 345 340
f 348 163 349
f 350 16 351
f 324 316 133
f 352 3 353
f 354 10 355
f 53 150 336
f 167 28 339
f 236 322 311
f 308 154 314
f 347 103 307
f 316 346 305
f 208 210 132
f 210 324 133
f 258 56 70
f 294 110 9
f 81 80 356
f 64 63 347
f 346 347 307
f 269 98 265
f 357 358 352
f 70 72 324
f 359 360 361
f 362 119 348
f 253 131 145
f 285 343 342
f 346 72 64
f 322 81 356
f 212 124 291
f 324 72 316
f 322 356 311
f 363 364 107
f 365 366 357
f 367 368 369
f 370 7 371
f 372 117 362
f 309 148 294
f 144 148 309
f 54 373 194
f 316 72 346
f 298 374 345
f 312 374 298
f 288 157 217
f 294 148 110
f 311 374 312
f 54 59 373
f 348 119 163
f 126 179 307
f 352 358 3
f 284 375 343
f 306 134 133
f 374 376 345
f 291 124 123
f 305 179 158
f 225 363 107
f 306 377 134
f 356 374 311
f 366 358 357
f 117 119 362
f 262 178 192
f 376 138 341
f 258 118 57
f 146 125 122
f 158 377 306
f 356 376 374
f 112 378 113
f 285 284 343
f 347 67 103
f 301 157 288
f 328 112 23
f 345 376 341
f 80 376 356
f 80 138 376
f 341 138 285
f 375 51 49
f 379 363 242
f 243 373 380
f 359 361 337
f 368 364 363
f 209 164 257
f 139 99 116
f 153 99 139
f 14 37 36
f 307 179 305
f 17 18 16
f 155 99 153
f 220 381 31
f 373 59 366
f 63 67 347
f 343 375 49
f 382 381 326
f 156 178 262
f 211 360 334
f 113 164 221
f 301 377 157
f 361 360 272
f 383 112 328
f 83 84 338
f 371 4 384
f 16 18 351
f 205 152 206
f 157 377 158
f 257 118 258
f 168 42 169
f 327 37 385
f 370 18 7
f 193 78 81
f 29 25 61
f 134 377 75
f 86 134 75
f 23 25 329
f 330 25 29
f 353 2 83
f 12 106 259
f 75 377 301
f 337 361 22
f 113 378 163
f 310 106 271
f 220 40 381
f 37 19 385
f 152 151 231
f 194 373 243
f 242 363 225
f 221 164 209
f 20 55 91
f 334 360 359
f 382 35 381
f 351 18 370
f 231 27 232
f 354 41 10
f 326 381 38
f 15 386 17
f 61 90 30
f 10 344 355
f 7 4 371
f 372 387 117
f 367 344 368
f 240 90 89
f 30 90 239
f 338 84 167
f 257 159 118
f 245 386 15
f 45 44 195
f 381 40 38
f 388 389 263
f 384 389 388
f 38 37 327
f 201 78 193
f 8 41 12
f 329 25 330
f 36 40 219
f 47 51 188
f 14 19 37
f 381 35 31
f 3 2 353
f 350 19 16
f 29 35 331
f 358 20 3
f 380 390 391
f 392 393 379
f 271 394 272
f 46 43 255
f 163 378 349
f 169 395 39
f 391 390 365
f 369 393 392
f 34 69 396
f 259 106 310
f 206 152 231
f 396 69 397
f 383 378 112
f 49 48 270
f 272 394 361
f 397 387 372
f 13 41 354
f 26 42 168
f 118 398 57
f 355 344 367
f 39 395 84
f 91 399 322
f 89 24 228
f 232 27 26
f 272 400 205
f 6 5 198
f 117 398 118
f 81 399 193
f 358 59 20
f 239 90 240
f 244 386 245
f 205 400 152
f 112 73 23
f 24 73 228
f 386 401 52
f 360 400 272
f 379 393 363
f 373 390 380
f 244 401 386
f 57 398 33
f 111 73 112
f 42 395 169
f 119 159 163
f 263 389 50
f 106 394 271
f 366 390 373
f 363 393 368
f 193 55 54
f 200 78 201
f 200 79 78
f 161 375 162
f 164 159 257
f 161 51 375
f 385 19 350
f 228 73 111
f 224 137 79
f 387 398 117
f 224 79 200
f 223 137 224
f 55 399 91
f 331 35 382
f 162 375 284
f 231 151 27
f 223 284 137
f 219 40 220
f 107 364 21
f 198 401 45
f 188 51 161
f 53 151 150
f 344 364 368
f 162 284 223
f 255 43 244
f 195 44 47
f 4 389 384
f 270 48 46
f 163 159 164
f 365 390 366
f 368 393 369
f 211 400 360
f 349 378 383
f 387 69 33
f 322 399 81
f 152 400 211
f 366 59 358
f 5 52 198
f 50 389 4
f 361 394 22
f 22 394 106
f 167 395 42
f 33 398 387
f 84 395 167
f 397 69 387
f 21 364 344
f 27 151 53
f 52 401 198
f 386 52 17
f 244 43 401
f 46 48 44
f 401 43 45
f 44 48 47
f 193 399 55
f 402 403 404
f 405 406 407
f 408 409 410
f 411 412 413
f 414 415 416
f 412 417 413
f 415 414 418
f 419 420 421
f 422 408 410
f 403 423 404
f 424 425 426
f 425 424 427
f 428 405 407
f 429 430 431
f 420 419 432
f 432 419 433
f 434 435 436
f 437 432 433
f 430 438 431
f 406 405 439
f 440 441 442
f 425 402 404
f 443 444 445
f 426 446 447
f 444 443 448
f 435 449 436
f 424 426 447
f 424 450 427
f 450 451 427
f 446 426 452
f 453 443 445
f 454 422 410
f 428 455 405
f 456 446 452
f 441 440 457
f 410 409 458
f 429 431 459
f 437 433 460
f 461 451 462
f 407 463 464
f 426 425 404
f 414 465 418
f 466 454 410
f 461 462 467
f 468 414 416
f 404 423 469
f 438 470 431
f 471 472 460
f 473 451 461
f 474 437 460
f 475 454 466
f 451 476 427
f 455 477 405
f 478 456 452
f 428 407 464
f 417 467 413
f 467 462 413
f 443 479 448
f 480 423 481
f 482 425 427
f 421 420 483
f 484 408 422
f 438 430 485
f 442 441 486
f 487 463 488
f 489 415 418
f 462 451 450
f 466 410 490
f 482 402 425
f 491 455 428
f 492 493 494
f 487 494 463
f 494 493 463
f 423 480 469
f 495 492 494
f 473 476 451
f 477 475 496
f 497 487 488
f 488 463 407
f 441 498 489
f 499 500 501
f 472 502 460
f 478 503 456
f 504 497 500
f 503 505 456
f 504 499 506
f 507 508 481
f 446 509 447
f 510 417 412
f 453 511 443
f 512 513 487
f 504 500 499
f 492 480 493
f 514 446 456
f 444 501 515
f 501 500 406
f 516 415 489
f 512 487 497
f 493 480 508
f 513 495 494
f 516 517 415
f 518 519 437
f 495 503 492
f 487 513 494
f 505 514 456
f 470 473 461
f 510 520 417
f 521 511 453
f 522 503 495
f 499 501 444
f 523 524 506
f 525 498 441
f 526 527 420
f 522 505 503
f 403 528 423
f 492 478 480
f 514 509 446
f 477 496 405
f 529 530 412
f 531 479 443
f 498 516 489
f 524 504 506
f 530 510 412
f 511 531 443
f 532 524 523
f 533 497 504
f 411 534 535
f 536 537 434
f 538 495 513
f 500 497 488
f 539 513 512
f 492 503 478
f 540 505 522
f 541 530 529
f 531 542 479
f 522 495 538
f 543 544 545
f 431 461 467
f 405 496 439
f 544 514 505
f 470 461 431
f 533 504 524
f 532 523 471
f 512 497 533
f 512 533 546
f 462 450 547
f 548 549 550
f 406 500 488
f 534 548 535
f 547 534 411
f 522 538 551
f 541 529 552
f 479 542 553
f 538 513 539
f 544 505 540
f 554 555 440
f 556 541 552
f 542 557 553
f 506 499 448
f 544 554 545
f 539 512 546
f 558 450 424
f 548 550 535
f 540 522 551
f 496 475 466
f 426 404 452
f 554 440 545
f 559 560 502
f 544 540 554
f 550 549 465
f 554 540 561
f 543 509 514
f 562 563 509
f 564 556 565
f 557 559 472
f 566 524 532
f 567 539 568
f 554 561 555
f 543 514 544
f 533 524 566
f 538 539 567
f 547 450 558
f 476 482 427
f 547 558 534
f 567 568 449
f 533 566 546
f 538 567 551
f 534 563 548
f 534 558 563
f 565 556 552
f 557 472 553
f 562 509 543
f 548 563 562
f 465 549 569
f 548 562 549
f 566 532 419
f 527 570 571
f 568 539 546
f 561 540 551
f 558 424 447
f 549 562 572
f 472 559 502
f 562 543 572
f 573 564 468
f 509 563 447
f 463 493 464
f 543 545 572
f 569 549 572
f 563 558 447
f 499 444 448
f 468 565 414
f 572 545 442
f 490 515 574
f 569 572 442
f 564 565 468
f 420 527 571
f 467 417 459
f 567 449 435
f 551 567 435
f 561 551 435
f 568 546 421
f 435 434 575
f 546 566 421
f 566 419 421
f 545 440 442
f 440 555 457
f 437 519 432
f 526 420 432
f 489 418 486
f 576 518 474
f 517 577 416
f 466 490 574
f 525 441 457
f 571 570 436
f 493 508 464
f 453 490 458
f 431 467 459
f 406 488 407
f 449 571 436
f 515 501 439
f 536 434 436
f 465 414 578
f 565 552 578
f 518 437 474
f 547 411 413
f 415 517 416
f 519 526 432
f 528 507 481
f 472 471 579
f 457 555 580
f 452 404 469
f 581 525 457
f 491 428 582
f 434 537 580
f 490 410 458
f 508 480 481
f 508 507 582
f 550 465 578
f 521 453 458
f 523 506 583
f 417 520 459
f 419 532 433
f 441 489 486
f 428 464 582
f 449 568 483
f 414 565 578
f 584 576 585
f 578 552 586
f 577 587 588
f 571 449 483
f 560 584 585
f 587 573 588
f 570 536 436
f 561 435 575
f 490 453 445
f 501 406 439
f 506 448 583
f 462 547 413
f 448 479 583
f 581 457 580
f 465 569 418
f 523 583 579
f 515 490 445
f 480 478 469
f 479 553 583
f 550 578 586
f 552 529 586
f 420 571 483
f 434 580 575
f 586 529 589
f 583 553 579
f 471 523 579
f 515 439 574
f 535 550 586
f 418 569 486
f 576 474 585
f 532 471 433
f 416 577 588
f 412 411 589
f 537 581 580
f 507 491 582
f 478 452 469
f 433 471 460
f 535 586 589
f 409 521 458
f 529 412 589
f 568 421 483
f 474 502 585
f 502 560 585
f 553 472 579
f 464 508 582
f 520 429 459
f 468 416 588
f 423 528 481
f 573 468 588
f 411 535 589
f 444 515 445
f 569 442 486
f 496 466 574
f 555 561 575
f 439 496 574
f 502 474 460
f 580 555 575
f 590 591 592
f 593 594 595
f 591 596 592
f 597 598 591
f 599 600 601
f 591 598 602
f 603 604 605
f 606 607 608
f 594 593 609
f 596 591 602
f 610 611 600
f 604 603 612
f 613 614 615
f 600 611 601
f 616 617 618
f 607 606 619
f 611 610 620
f 605 621 622
f 623 608 624
f 625 613 615
f 626 627 628
f 612 603 629
f 613 630 614
f 626 628 631
f 632 633 634
f 631 635 636
f 637 638 627
f 639 640 641
f 605 604 621
f 619 606 642
f 608 607 624
f 610 624 620
f 643 644 645
f 646 598 647
f 610 623 624
f 617 628 618
f 648 649 650
f 616 651 617
f 652 619 642
f 653 648 650
f 654 655 605
f 639 612 629
f 623 643 645
f 626 637 627
f 593 595 656
f 597 591 657
f 608 623 645
f 599 601 658
f 598 646 602
f 626 631 636
f 659 639 641
f 660 661 629
f 662 663 664
f 665 666 667
f 664 663 592
f 632 634 668
f 638 669 627
f 670 635 631
f 671 672 615
f 620 624 673
f 674 675 676
f 677 671 615
f 655 603 605
f 667 666 604
f 640 639 629
f 678 644 679
f 663 590 592
f 680 665 667
f 603 660 629
f 485 430 669
f 655 660 603
f 644 643 679
f 681 639 659
f 678 682 683
f 430 684 669
f 685 686 611
f 531 662 664
f 681 667 612
f 665 687 666
f 666 687 599
f 681 680 667
f 680 688 665
f 641 640 689
f 690 681 659
f 601 691 658
f 681 612 639
f 690 692 680
f 693 408 694
f 695 696 689
f 697 610 600
f 690 680 681
f 698 641 689
f 699 485 669
f 669 684 627
f 700 652 694
f 683 682 701
f 702 678 683
f 666 599 621
f 703 690 659
f 680 692 688
f 703 704 690
f 682 678 679
f 408 484 694
f 705 638 637
f 644 706 645
f 707 703 659
f 665 708 687
f 709 683 701
f 698 710 707
f 690 704 692
f 711 649 712
f 713 638 705
f 714 715 716
f 717 718 719
f 707 720 703
f 721 722 716
f 723 724 633
f 724 597 633
f 705 637 698
f 718 725 719
f 702 726 678
f 597 727 598
f 640 695 689
f 652 728 619
f 729 606 608
f 627 684 628
f 698 707 641
f 715 714 730
f 728 731 619
f 723 732 724
f 733 702 683
f 731 607 619
f 723 632 734
f 715 721 716
f 707 710 720
f 724 727 597
f 735 594 736
f 686 737 601
f 594 738 595
f 614 739 740
f 698 637 710
f 614 740 677
f 709 733 683
f 723 633 632
f 703 741 704
f 742 727 724
f 649 743 712
f 744 745 613
f 742 746 727
f 747 748 749
f 675 750 676
f 751 723 734
f 676 752 736
f 665 688 708
f 753 734 595
f 754 750 675
f 751 732 723
f 739 717 719
f 722 747 716
f 749 711 714
f 749 755 711
f 752 735 736
f 750 752 676
f 755 748 590
f 738 753 595
f 696 705 689
f 703 720 741
f 749 748 755
f 732 742 724
f 756 663 662
f 753 751 734
f 630 739 614
f 747 757 748
f 711 755 756
f 735 738 594
f 663 755 590
f 710 637 626
f 484 700 694
f 638 699 669
f 749 714 716
f 697 623 610
f 733 758 702
f 713 699 638
f 667 604 612
f 692 704 701
f 700 728 652
f 756 755 663
f 722 759 747
f 696 713 705
f 760 761 743
f 651 762 763
f 707 659 641
f 764 765 761
f 764 761 760
f 729 765 764
f 510 530 762
f 766 767 768
f 616 762 651
f 702 758 769
f 706 770 765
f 702 769 726
f 726 769 770
f 661 695 640
f 718 771 725
f 731 772 607
f 770 769 715
f 430 429 684
f 773 774 635
f 520 510 616
f 775 717 739
f 726 770 706
f 729 764 606
f 706 765 729
f 748 776 590
f 511 521 653
f 733 766 758
f 777 778 779
f 780 781 722
f 782 783 784
f 521 409 785
f 530 541 786
f 725 771 787
f 704 741 788
f 661 640 629
f 748 757 776
f 409 408 693
f 747 759 757
f 747 749 716
f 616 510 762
f 761 765 730
f 773 635 670
f 762 530 786
f 769 758 721
f 789 774 773
f 790 736 609
f 740 739 719
f 770 715 730
f 778 766 768
f 765 770 730
f 791 792 774
f 780 722 721
f 789 773 771
f 763 762 786
f 541 556 793
f 794 795 796
f 557 542 797
f 714 711 712
f 715 769 721
f 773 670 787
f 653 521 785
f 409 693 785
f 777 779 783
f 758 766 780
f 771 773 787
f 711 756 649
f 722 781 759
f 782 784 790
f 630 613 798
f 758 780 721
f 709 767 733
f 775 739 630
f 559 557 799
f 791 774 789
f 733 767 766
f 789 771 794
f 779 778 768
f 788 741 792
f 682 692 701
f 788 792 800
f 710 626 636
f 788 800 709
f 541 793 786
f 777 783 801
f 780 766 778
f 792 741 802
f 780 778 781
f 564 573 672
f 560 559 646
f 757 759 803
f 635 774 802
f 791 789 804
f 801 782 593
f 801 783 782
f 781 778 777
f 759 781 805
f 794 771 718
f 800 792 791
f 662 531 806
f 761 730 712
f 776 757 634
f 794 796 804
f 741 720 802
f 795 718 717
f 807 717 775
f 794 718 795
f 807 775 674
f 795 717 807
f 799 797 596
f 763 786 808
f 557 797 799
f 789 794 804
f 774 792 802
f 803 759 805
f 781 777 805
f 709 800 767
f 730 714 712
f 599 687 600
f 729 608 645
f 757 803 634
f 788 709 701
f 800 791 809
f 786 793 808
f 646 559 799
f 803 805 810
f 805 801 810
f 777 801 805
f 726 706 644
f 704 788 701
f 779 811 812
f 767 800 809
f 791 804 809
f 628 684 618
f 801 593 810
f 684 429 618
f 520 616 618
f 768 767 809
f 670 631 617
f 705 698 689
f 743 761 712
f 688 692 682
f 687 708 697
f 631 628 617
f 598 727 647
f 687 697 600
f 784 783 812
f 811 796 812
f 720 710 636
f 635 802 636
f 678 726 644
f 802 720 636
f 590 776 591
f 429 520 618
f 813 744 625
f 746 814 647
f 736 594 609
f 779 768 811
f 697 643 623
f 809 804 811
f 674 676 815
f 621 816 622
f 817 807 818
f 763 808 819
f 804 796 811
f 783 779 812
f 768 809 811
f 796 795 817
f 795 807 817
f 697 708 643
f 613 745 798
f 754 675 798
f 694 652 820
f 677 793 671
f 763 819 821
f 784 817 818
f 784 812 817
f 611 686 601
f 708 688 679
f 606 764 642
f 812 796 817
f 643 708 679
f 706 729 645
f 688 682 679
f 790 784 818
f 734 632 656
f 651 763 821
f 807 674 818
f 744 613 625
f 727 746 647
f 604 666 621
f 651 821 822
f 823 685 620
f 595 734 656
f 736 790 815
f 542 531 664
f 693 694 820
f 624 607 673
f 745 754 798
f 764 760 642
f 740 719 819
f 634 633 657
f 685 611 620
f 808 740 819
f 593 782 609
f 793 556 671
f 649 756 650
f 564 672 671
f 810 593 656
f 587 813 824
f 814 584 825
f 573 587 824
f 584 560 825
f 676 736 815
f 591 776 657
f 607 772 673
f 646 799 602
f 652 642 820
f 634 803 668
f 826 827 816
f 693 820 828
f 654 605 622
f 674 775 829
f 675 674 829
f 656 632 668
f 785 693 828
f 793 677 830
f 621 599 658
f 776 634 657
f 633 597 657
f 810 656 668
f 827 654 622
f 617 651 822
f 737 826 691
f 785 828 648
f 820 760 828
f 653 785 648
f 601 737 691
f 823 620 673
f 760 743 828
f 797 542 664
f 670 617 822
f 672 625 615
f 818 674 815
f 813 625 824
f 647 814 825
f 531 511 806
f 797 664 592
f 642 760 820
f 511 653 806
f 782 790 609
f 775 630 829
f 556 564 671
f 828 743 648
f 596 797 592
f 798 675 829
f 743 649 648
f 614 677 615
f 756 662 650
f 719 725 819
f 772 823 673
f 625 672 824
f 646 647 825
f 672 573 824
f 560 646 825
f 819 725 821
f 725 787 821
f 677 740 830
f 821 787 822
f 803 810 668
f 787 670 822
f 799 596 602
f 740 808 830
f 808 793 830
f 630 798 829
f 790 818 815
f 816 827 622
f 826 816 691
f 816 621 658
f 653 650 806
f 691 816 658
f 650 662 806
f 831 832 833
f 834 835 836
f 837 833 838
f 833 837 839
f 840 841 842
f 832 831 843
f 841 840 844
f 835 834 845
f 846 847 845
f 848 849 850
f 849 851 850
f 833 832 838
f 852 849 853
f 854 842 855
f 842 841 855
f 834 836 856
f 857 846 845
f 858 859 854
f 860 861 862
f 861 860 863
f 864 865 866
f 867 868 869
f 847 835 845
f 870 840 839
f 846 871 872
f 871 846 873
f 852 874 849
f 869 868 872
f 853 849 875
f 865 864 876
f 858 854 877
f 844 840 870
f 853 875 878
f 875 849 848
f 878 875 879
f 878 879 880
f 878 880 881
f 880 879 882
f 881 880 883
f 882 879 884
f 882 884 885
f 882 885 886
f 885 884 887
f 887 884 888
f 886 885 889
f 886 889 890
f 887 888 891
f 886 890 892
f 891 888 861
f 890 889 893
f 887 891 894
f 894 891 864
f 892 890 831
f 893 889 847
f 892 831 833
f 584 814 851
f 518 576 852
f 516 498 832
f 525 581 837
f 577 517 867
f 813 587 871
f 526 519 858
f 750 754 834
f 753 738 865
f 536 570 841
f 745 744 857
f 746 742 895
f 732 751 860
f 735 752 896
f 890 893 868
f 831 890 868
f 885 887 897
f 889 885 897
f 847 889 897
f 887 894 897
f 847 897 835
f 897 894 835
f 898 892 899
f 886 892 898
f 880 882 898
f 883 898 899
f 883 880 898
f 882 886 898
f 883 899 840
f 892 833 899
f 888 900 901
f 875 848 900
f 888 884 900
f 879 875 900
f 900 848 901
f 864 896 836
f 884 879 900
f 861 888 901
f 853 878 859
f 537 536 844
f 536 841 844
f 894 864 836
f 896 864 866
f 883 840 842
f 859 881 854
f 854 881 842
f 878 881 859
f 902 832 843
f 852 853 903
f 893 847 846
f 835 894 836
f 899 833 839
f 891 861 876
f 862 895 904
f 881 883 842
f 895 862 905
f 874 851 849
f 893 846 872
f 836 896 856
f 861 901 862
f 861 863 876
f 846 857 873
f 906 852 903
f 868 867 843
f 901 848 905
f 837 870 839
f 852 576 874
f 738 735 866
f 865 738 866
f 584 851 874
f 871 587 869
f 525 837 838
f 516 832 902
f 867 517 902
f 518 852 906
f 813 871 873
f 750 834 856
f 576 584 874
f 519 518 906
f 517 516 902
f 735 896 866
f 587 577 869
f 498 525 838
f 744 813 873
f 832 498 838
f 857 744 873
f 858 519 906
f 752 750 856
f 577 867 869
f 896 752 856
f 895 742 904
f 732 860 904
f 841 570 855
f 871 869 872
f 742 732 904
f 570 527 855
f 581 537 870
f 526 858 877
f 745 857 907
f 834 754 907
f 831 868 843
f 753 865 908
f 860 751 908
f 851 814 909
f 746 895 909
f 837 581 870
f 840 899 839
f 527 526 877
f 754 745 907
f 864 891 876
f 857 845 907
f 845 834 907
f 848 850 905
f 868 893 872
f 751 753 908
f 814 746 909
f 537 844 870
f 853 859 903
f 860 862 904
f 865 863 908
f 863 860 908
f 895 850 909
f 850 851 909
f 859 858 903
f 863 865 876
f 855 527 877
f 854 855 877
f 862 901 905
f 850 895 905
f 858 906 903
f 867 902 843
f 910 911 912
f 913 914 915
f 916 917 918
f 919 920 921
f 922 923 924
f 925 926 927
f 928 929 930
f 931 932 933
f 934 935 936
f 937 938 939
f 940 941 942
f 916 943 944
f 945 946 947
f 948 949 950
f 951 952 953
f 954 922 924
f 937 939 955
f 956 949 948
f 957 917 916
f 958 959 960
f 933 932 961
f 945 947 962
f 963 964 965
f 966 967 968
f 969 943 916
f 970 971 972
f 973 964 963
f 953 963 951
f 974 963 965
f 975 976 977
f 978 979 980
f 981 982 983
f 984 982 981
f 913 985 914
f 986 987 988
f 989 925 927
f 990 991 992
f 993 994 995
f 996 934 936
f 997 976 998
f 992 991 999
f 1000 1001 1002
f 1003 971 970
f 923 1004 1005
f 921 920 1006
f 1007 1008 1009
f 1010 1011 1012
f 1013 1014 1015
f 980 979 1016
f 1017 941 940
f 1015 1018 1013
f 1019 926 925
f 1020 1021 1022
f 945 962 382
f 966 968 1023
f 1024 959 958
f 968 967 1025
f 1026 1027 985
f 1028 1029 1030
f 1031 1032 986
f 1033 1034 1035
f 1036 915 928
f 1037 1038 910
f 1039 1040 1041
f 1042 1000 1002
f 1043 1011 1010
f 1044 1045 1046
f 911 1047 912
f 930 929 1048
f 1049 1050 1051
f 1052 1001 1053
f 1054 1032 1031
f 1055 1056 1057
f 1030 1029 1058
f 1059 1027 1026
f 1060 1061 1062
f 1063 925 989
f 1064 1065 1066
f 1057 1056 1067
f 1007 1068 13
f 977 976 997
f 1055 954 1069
f 977 1070 975
f 1071 1072 1073
f 995 980 993
f 661 1074 1075
f 470 1052 1076
f 1040 1077 1078
f 986 1079 987
f 1080 1081 1082
f 1083 1004 923
f 475 1084 1085
f 1086 1087 1088
f 1023 1089 966
f 402 1083 1090
f 1091 968 1025
f 1075 1074 1092
f 1093 1094 1095
f 1096 1081 1080
f 1097 1098 1099
f 1100 1101 1102
f 1102 1101 1103
f 1051 1050 1104
f 334 1021 1020
f 910 1038 328
f 1105 994 993
f 1106 1107 1108
f 1109 935 934
f 1110 1111 1112
f 912 1037 910
f 1094 1113 1095
f 1108 1107 1114
f 1048 1044 1046
f 1025 1115 1091
f 951 963 974
f 1116 934 1117
f 1118 1119 1120
f 1121 1122 1123
f 1060 1124 1061
f 1125 926 1126
f 1007 1127 1008
f 915 914 928
f 1111 1128 1129
f 1109 934 1116
f 1130 1131 1132
f 975 1133 1134
f 1088 1087 327
f 1067 1122 1135
f 1105 1136 1137
f 1138 1139 1140
f 1069 954 1141
f 1142 1034 1033
f 1085 920 919
f 1035 1143 1033
f 1144 1145 1146
f 975 1147 1133
f 654 915 1036
f 1148 1149 972
f 1041 1040 1078
f 686 1150 737
f 1151 1131 1152
f 1153 1154 1155
f 924 923 1005
f 1156 996 936
f 988 987 1157
f 1105 1124 1136
f 1158 1159 1160
f 966 1089 1161
f 1162 1153 1155
f 1163 1164 1076
f 1165 1166 1167
f 1152 1131 1130
f 1065 1168 1066
f 1167 1166 1169
f 1110 1128 1111
f 1170 1119 1118
f 1084 1171 1085
f 1150 1026 737
f 1052 1053 1076
f 1172 1173 1174
f 1055 922 954
f 1175 911 910
f 1001 1176 1053
f 1177 1113 1094
f 1178 1034 1142
f 1068 932 931
f 1179 1128 1168
f 1180 1072 958
f 1181 996 1156
f 1182 939 1183
f 939 938 1183
f 1184 1032 1054
f 382 962 331
f 1099 1185 1097
f 338 1186 1187
f 1188 1077 1040
f 987 1027 1157
f 1189 1190 1191
f 1192 1011 1043
f 1126 926 1019
f 1121 1159 1122
f 1057 922 1055
f 1163 1193 1164
f 1083 923 1090
f 485 1042 1002
f 998 976 1194
f 1160 1159 1121
f 972 971 1148
f 329 1175 910
f 1195 944 1196
f 1090 923 922
f 1112 1111 1197
f 336 1182 1183
f 13 1068 11
f 1198 1199 938
f 1088 1200 1201
f 1013 1202 992
f 1203 1032 1184
f 1204 1193 977
f 1137 994 1105
f 1205 1200 1088
f 1022 1206 1020
f 1207 1208 1209
f 1156 1207 1209
f 1119 1199 1120
f 958 1072 1071
f 1210 1211 1212
f 1189 1191 1213
f 950 949 998
f 1156 1209 1214
f 1007 932 1068
f 1215 1165 1216
f 1073 1217 1071
f 1020 1218 1182
f 1073 1072 1219
f 1103 1101 1220
f 1181 1156 1214
f 1221 1222 1223
f 1146 1203 1224
f 992 1014 1013
f 913 1225 985
f 1226 1227 1175
f 1103 1220 696
f 1186 1119 1187
f 1228 1178 1142
f 1229 1069 1141
f 1152 1230 1151
f 1231 1232 1233
f 337 1195 1196
f 1012 1229 1234
f 1229 1141 1234
f 1224 1203 1184
f 1140 1145 1235
f 1000 1236 1001
f 1139 1237 1140
f 1172 1238 1173
f 1099 1098 1039
f 1073 1172 1174
f 985 1027 987
f 1123 1055 1069
f 998 949 997
f 1177 1094 1216
f 1059 1026 1150
f 1239 951 974
f 1012 1234 1240
f 1212 1139 1138
f 1241 1099 1039
f 1030 1058 1242
f 1093 1095 1243
f 1244 924 1245
f 1246 1215 1247
f 1216 1094 1247
f 1223 1248 1249
f 1144 1146 1224
f 1039 1250 1040
f 1251 1252 1218
f 1009 932 1007
f 1215 1216 1247
f 960 1180 958
f 1215 1191 1253
f 985 1225 1026
f 1165 1167 1216
f 1125 1017 1254
f 1255 1154 982
f 1235 1145 1144
f 1256 917 957
f 1117 934 1257
f 1258 1239 1259
f 928 1079 929
f 1024 958 1260
f 1191 1190 1253
f 438 1052 470
f 1226 1261 1227
f 1262 1247 1263
f 1239 974 1259
f 1264 1169 1265
f 1141 954 1244
f 1266 975 1134
f 1187 979 978
f 944 943 1196
f 1243 1267 1192
f 350 1268 1205
f 1187 978 83
f 1214 1065 1064
f 1267 1011 1192
f 482 1083 402
f 1228 1133 1178
f 1269 1270 1023
f 1182 1218 939
f 1271 1123 1069
f 477 1084 475
f 1155 1154 1255
f 1272 996 1181
f 1195 931 944
f 1273 940 1274
f 1244 954 924
f 1257 996 1272
f 1227 911 1175
f 1145 1275 1146
f 1276 933 961
f 1058 1258 1277
f 1181 1214 1278
f 1279 1232 1231
f 924 1005 1245
f 1226 1175 330
f 1215 1253 1165
f 1020 1182 333
f 1010 1012 1240
f 1006 1280 1281
f 1067 1056 1122
f 1282 1161 1283
f 999 991 1284
f 1011 1285 1012
f 1286 1051 1104
f 1287 952 951
f 660 1074 661
f 1134 1133 1228
f 952 1288 953
f 1289 1290 1291
f 1211 1139 1212
f 1292 1240 1106
f 1293 1210 1212
f 1261 1223 1227
f 975 1070 1147
f 942 1294 940
f 1263 1094 1093
f 1015 1014 1295
f 987 1079 914
f 1004 1296 1204
f 1183 1297 335
f 1298 1212 1138
f 958 1071 1260
f 1073 1219 1172
f 1095 1267 1243
f 1189 1299 1281
f 1205 1088 385
f 1258 1259 1300
f 1297 1186 339
f 1148 959 1149
f 1301 1140 1235
f 1005 1004 1204
f 1302 1295 1303
f 1261 1248 1223
f 1204 1296 1193
f 337 1196 359
f 329 910 328
f 1241 1039 1041
f 1304 1030 1242
f 334 1020 333
f 331 1226 330
f 1305 1243 1192
f 336 1183 335
f 326 945 382
f 918 1306 916
f 1307 1033 1210
f 1257 934 996
f 1120 1199 1198
f 931 957 944
f 1149 959 1024
f 1308 1189 1213
f 1100 1309 1101
f 1272 1181 1310
f 1311 1282 1283
f 1060 1062 1312
f 349 1313 348
f 354 1007 13
f 1314 1073 1174
f 331 962 1226
f 1246 1191 1215
f 339 1186 338
f 1031 986 988
f 1315 1316 1317
f 1186 1199 1119
f 1303 992 999
f 11 1195 337
f 1064 1066 1318
f 1291 1290 1319
f 1320 1093 1243
f 362 981 983
f 1262 1246 1247
f 1290 1151 1321
f 970 972 1322
f 1179 1168 1065
f 1323 1017 940
f 1324 998 1194
f 974 965 1325
f 11 1068 1195
f 981 1326 984
f 1327 1252 1251
f 978 980 995
f 350 1205 385
f 338 1187 83
f 1328 1329 1330
f 957 916 944
f 1319 1290 1321
f 1266 976 975
f 1168 1128 1110
f 1032 929 986
f 1331 1332 1219
f 1136 1124 1060
f 1020 1206 1218
f 1333 970 1322
f 1319 1321 1334
f 827 915 654
f 1335 1142 1033
f 1313 981 348
f 1239 1287 951
f 1336 1099 1337
f 1338 1058 1277
f 1273 1274 1339
f 1340 1063 989
f 1341 1125 1254
f 1058 1029 1258
f 1208 1179 1209
f 699 1042 485
f 1156 936 1207
f 1342 1015 1343
f 1344 1192 1043
f 1174 1173 1345
f 1146 1275 1346
f 1347 1263 1093
f 695 1103 696
f 1160 1113 1158
f 1158 1113 1177
f 1274 1282 1339
f 1340 1062 1063
f 1348 970 1333
f 1247 1094 1263
f 1141 1244 1349
f 330 1175 329
f 992 1202 990
f 333 1182 336
f 1229 1271 1069
f 1323 940 1273
f 1350 1174 1345
f 1351 1228 1142
f 1091 1268 351
f 353 978 995
f 972 1149 1352
f 1096 1080 1353
f 1354 1355 1151
f 965 961 1009
f 507 1067 1135
f 962 947 1261
f 1090 1057 403
f 1302 1126 1295
f 1135 1265 491
f 1240 1107 1106
f 1356 1132 1357
f 1090 922 1057
f 1329 1299 1358
f 1353 1348 1359
f 385 1088 327
f 1337 1099 1241
f 1242 1058 1338
f 1258 1300 1277
f 1223 1222 1227
f 1207 1360 1208
f 1292 1010 1240
f 1301 1138 1140
f 1361 1162 1336
f 1167 1158 1177
f 1290 1131 1151
f 1362 1363 1109
f 1321 1342 1334
f 1053 1176 1147
f 335 1297 339
f 1333 1322 1097
f 685 1233 1364
f 1254 1017 1323
f 1365 1366 1110
f 351 1268 350
f 83 978 353
f 1084 1367 1171
f 1194 976 1266
f 528 1057 1067
f 1368 1106 1108
f 1135 1264 1265
f 1346 1045 1044
f 1085 919 454
f 1126 1369 1125
f 1244 1245 1370
f 1371 948 950
f 655 1036 1372
f 960 959 1373
f 961 932 1009
f 1284 1374 1375
f 370 1376 1091
f 936 1279 1207
f 1166 1367 1084
f 1377 1224 1184
f 1015 1295 1343
f 1361 1336 1337
f 1338 1277 1315
f 1110 1366 1168
f 1293 1378 1047
f 370 1091 351
f 353 995 352
f 1181 1278 1310
f 1379 1108 1380
f 455 1265 1381
f 1213 1191 1246
f 1308 1382 1189
f 963 1383 973
f 1357 1132 1384
f 1353 1080 1348
f 1271 1121 1123
f 1382 1299 1189
f 1005 1204 1385
f 1386 1162 1361
f 1373 1184 1054
f 1147 1176 1133
f 1311 1283 1387
f 1388 1060 1312
f 1287 1345 952
f 1339 1282 1311
f 1312 1062 1340
f 1344 1305 1192
f 1149 1024 1389
f 974 1325 1259
f 1141 1349 1234
f 1304 1390 1030
f 1265 1169 1381
f 1269 1023 1376
f 1391 1134 1228
f 1047 1392 1293
f 995 994 352
f 1298 1293 1212
f 1277 1316 1315
f 1231 1233 823
f 348 981 362
f 1384 1289 1393
f 982 1154 983
f 1394 1284 1375
f 1030 1395 1028
f 422 919 1197
f 1305 1320 1243
f 357 994 1137
f 371 1376 370
f 1281 1280 1190
f 1239 1029 1287
f 1208 1360 1396
f 1183 938 1297
f 957 933 1256
f 1324 950 998
f 1345 1173 952
f 1214 1064 1278
f 990 1292 1106
f 1291 1319 1397
f 1398 1144 1224
f 737 1225 826
f 1399 1262 1263
f 1319 1334 1400
f 1293 1307 1210
f 1401 1402 1403
f 919 921 1197
f 362 983 372
f 367 1404 355
f 1024 1260 1188
f 1282 1405 1161
f 965 1009 1325
f 1008 1127 1404
f 1376 968 1091
f 1406 999 1284
f 1049 1217 1314
f 352 994 357
f 1269 1376 371
f 1362 1109 1116
f 1384 1132 1289
f 1320 1347 1093
f 1350 1314 1174
f 1076 1164 473
f 1063 1407 925
f 1408 1303 999
f 1066 1328 1318
f 1409 1235 1144
f 1348 1333 1359
f 1204 977 997
f 384 1269 371
f 357 1137 365
f 1030 1390 1395
f 1401 1403 1410
f 1411 1220 1412
f 1413 1266 1134
f 972 1352 1322
f 1226 962 1261
f 1365 1110 1112
f 1197 1111 484
f 1373 959 1148
f 1167 1177 1216
f 1229 1285 1271
f 1178 1236 1034
f 1074 1045 1092
f 1307 1335 1033
f 1117 1257 1414
f 1195 1068 931
f 1415 1096 1416
f 1417 1194 1266
f 1151 1355 1321
f 685 1364 686
f 655 1372 660
f 1257 1272 1418
f 1118 1419 1420
f 1371 1380 948
f 1421 1213 1246
f 1364 1233 1422
f 1346 1044 1146
f 1170 979 1119
f 1173 1238 1423
f 772 1396 1231
f 1342 1343 1424
f 1336 1185 1099
f 1171 1367 1425
f 1404 1426 1008
f 1289 1291 1393
f 1379 1368 1108
f 1368 990 1106
f 1355 1018 1015
f 1419 1427 1420
f 1319 1400 1397
f 1335 1351 1142
f 354 1127 1007
f 1287 1029 1028
f 1218 1206 1251
f 1428 1429 1430
f 1387 1270 1431
f 1432 1136 1388
f 1096 1353 1433
f 359 1021 334
f 369 1434 367
f 1300 1316 1277
f 1351 1391 1228
f 948 1435 956
f 939 1252 955
f 1033 1143 1210
f 1169 1436 1167
f 476 1164 1437
f 823 1233 685
f 1162 1155 1336
f 1209 1065 1214
f 1394 1406 1284
f 1005 1385 1245
f 1425 1367 1253
f 1342 1355 1015
f 1244 1370 1349
f 1438 1324 1194
f 1026 1225 737
f 1053 1163 1076
f 1295 1126 1343
f 1439 1043 1010
f 1082 1301 1235
f 1322 1098 1097
f 1066 1366 1440
f 1272 1310 1441
f 1442 1308 1213
f 1036 930 1372
f 1149 1389 1352
f 1132 1131 1289
f 372 1153 397
f 1415 1081 1096
f 1078 1077 1286
f 1258 1029 1239
f 1271 1285 1443
f 1342 1424 1334
f 1373 1377 1184
f 1347 1399 1263
f 1066 1440 1328
f 1406 1408 999
f 1193 1070 977
f 1423 1288 1173
f 1408 1302 1303
f 1444 993 1445
f 700 1111 1129
f 1259 1426 1300
f 1403 1446 1410
f 713 1220 1411
f 1171 920 1085
f 1353 1359 984
f 1088 1201 1086
f 1444 1105 993
f 953 1383 963
f 1332 1447 1219
f 1377 1398 1224
f 1448 1449 1450
f 1451 1344 1043
f 1384 1393 1016
f 1357 1384 1170
f 1452 1375 1453
f 1454 1298 1138
f 1291 1397 1445
f 367 1434 1404
f 507 1135 491
f 402 1090 403
f 1204 997 1385
f 349 1455 1313
f 1211 1309 1139
f 491 1265 455
f 1343 1019 1424
f 1456 1394 1375
f 1292 1439 1010
f 1413 1417 1266
f 661 1075 695
f 772 1231 823
f 1012 1285 1229
f 1096 1433 1416
f 1349 1107 1234
f 1456 1457 1450
f 1398 1409 1144
f 1458 1157 1459
f 1409 1082 1235
f 1270 1089 1023
f 1129 1460 728
f 1283 1270 1387
f 1388 1136 1060
f 422 1197 484
f 485 1002 438
f 1381 1166 1084
f 1457 966 1448
f 1461 1371 950
f 731 1460 1396
f 1333 1097 1255
f 528 1067 507
f 403 1057 528
f 1291 1445 1393
f 1274 1405 1282
f 1462 1031 988
f 1463 1379 1380
f 1028 1350 1345
f 1133 1176 1178
f 1262 1421 1246
f 1417 1438 1194
f 1391 1413 1134
f 1451 1354 1344
f 1019 925 1424
f 1464 988 1157
f 1449 1405 1274
f 1397 1444 1445
f 1463 1401 1453
f 1334 1407 1400
f 1024 1188 1389
f 1429 1465 1430
f 1257 1418 1414
f 1272 1441 1418
f 1353 984 1433
f 1329 1358 1330
f 1384 1016 1170
f 1118 1120 1419
f 1439 1451 1043
f 454 919 422
f 1466 912 1467
f 1400 1061 1397
f 1140 1468 1145
f 1406 942 1408
f 911 1222 1047
f 1469 1025 1470
f 1471 1472 1473
f 1357 1118 1420
f 1446 1469 1470
f 1456 1450 1394
f 980 1474 993
f 1300 1475 1316
f 1071 1476 1260
f 470 1076 473
f 475 1085 454
f 1364 1150 686
f 983 1153 372
f 1477 1049 1314
f 1457 1448 1450
f 1284 991 1374
f 1064 1318 918
f 1401 1410 1452
f 927 926 1341
f 1452 1456 1375
f 1330 1251 1478
f 1245 956 1370
f 1220 1101 1412
f 1428 1479 1429
f 1157 1027 1459
f 731 1396 772
f 1439 1013 1451
f 1234 1107 1240
f 1446 1470 1410
f 1328 1330 1480
f 1135 1122 1264
f 1163 1070 1193
f 1046 1074 1372
f 1253 1367 1165
f 1009 1008 1325
f 1421 1442 1213
f 1305 1152 1320
f 327 1087 326
f 1449 1481 1450
f 1371 1463 1380
f 1463 1453 1379
f 700 1129 728
f 713 1411 699
f 1016 979 1170
f 1415 1416 1466
f 1036 928 930
f 1324 1461 950
f 1023 968 1376
f 1196 1021 359
f 1357 1170 1118
f 1401 1452 1453
f 1399 1427 1262
f 1047 1378 912
f 1333 1255 1359
f 696 1220 713
f 1443 1160 1121
f 1379 1374 1368
f 1375 1374 1453
f 1287 1028 1345
f 1264 1436 1169
f 654 1036 655
f 1356 1420 1399
f 1397 1061 1444
f 455 1381 477
f 1169 1166 1381
f 938 1199 1297
f 1482 1198 937
f 826 913 827
f 1356 1357 1420
f 1473 1428 1430
f 484 1111 700
f 1359 982 984
f 997 949 1385
f 916 1306 969
f 1483 1054 1031
f 1016 1474 980
f 1352 1098 1322
f 940 1294 1274
f 1442 955 1308
f 1151 1230 1354
f 1164 1296 1437
f 1075 1103 695
f 473 1164 476
f 326 1087 945
f 1404 1127 355
f 1438 1465 1324
f 1454 1415 1467
f 1301 1454 1138
f 1271 1443 1121
f 396 1484 1386
f 1471 1430 1438
f 1461 1402 1371
f 1114 1107 1349
f 921 1112 1197
f 960 1373 1054
f 397 1484 396
f 1310 1256 1441
f 1075 1092 1102
f 1002 1052 438
f 1485 1059 1150
f 1190 1425 1253
f 1146 1044 1203
f 1478 969 1480
f 1453 1374 1379
f 1471 1486 1472
f 1343 1126 1019
f 1317 1487 392
f 1179 1065 1209
f 1046 1045 1074
f 1442 937 955
f 1303 1014 992
f 1223 1488 1221
f 1356 1130 1132
f 1394 1481 1406
f 1420 1427 1399
f 1415 1466 1467
f 1350 1477 1314
f 1450 1481 1394
f 1117 1414 1489
f 1082 1081 1301
f 1116 1117 1490
f 392 1487 369
f 1416 1491 1466
f 1262 1427 1421
f 1411 1412 1492
f 1064 918 1278
f 1417 1471 1438
f 1493 1494 1080
f 1398 1003 1409
f 1370 1114 1349
f 1441 973 1418
f 1419 1198 1482
f 1463 1402 1401
f 1456 1495 1457
f 1411 1042 699
f 1255 982 1359
f 1316 1475 1434
f 1289 1131 1290
f 1092 1346 1496
f 1368 991 990
f 1125 1369 1017
f 476 1437 482
f 1347 1356 1399
f 1391 1497 1413
f 931 933 957
f 1371 1402 1463
f 1454 1467 1298
f 1330 1478 1480
f 1362 1116 1498
f 1080 1494 1348
f 1499 1362 1500
f 1167 1436 1158
f 1373 1148 1377
f 1328 1480 1318
f 1424 1407 1334
f 1385 956 1245
f 1286 1077 1051
f 1471 1473 1430
f 1473 1086 1428
f 1324 1465 1461
f 925 1407 1424
f 1462 1483 1031
f 1313 1455 1501
f 1307 1221 1335
f 1464 1462 988
f 921 1006 1502
f 1430 1465 1438
f 1385 949 956
f 1499 1459 1059
f 1006 1281 1503
f 728 1460 731
f 1470 1495 1410
f 1458 1464 1157
f 1490 1504 1498
f 1406 1481 942
f 1381 1084 477
f 1478 1022 969
f 1489 1423 1490
f 1410 1495 1452
f 1222 1392 1047
f 1414 953 1489
f 1188 1040 1389
f 1308 1327 1382
f 1433 1326 1501
f 1452 1495 1456
f 1462 1331 1483
f 1483 960 1054
f 1431 1505 388
f 391 1506 1432
f 1325 1426 1259
f 1193 1296 1164
f 1219 1072 1331
f 1203 1507 1032
f 1210 1143 1211
f 990 1202 1292
f 1035 1034 1000
f 1374 991 1368
f 1496 1100 1102
f 1500 1458 1459
f 1437 1083 482
f 1051 1476 1049
f 1508 1447 1332
f 1363 1509 1109
f 1470 967 1495
f 388 1505 384
f 365 1506 391
f 1492 1000 1042
f 1117 1489 1490
f 1082 1493 1080
f 1231 1360 1279
f 1116 1490 1498
f 955 1327 1308
f 1320 1130 1347
f 1502 1365 1112
f 1476 1217 1049
f 1485 1499 1059
f 1466 1037 912
f 920 1280 1006
f 1495 967 1457
f 1364 1422 1485
f 947 1248 1261
f 1173 1288 952
f 1002 1001 1052
f 1301 1081 1454
f 1075 1102 1103
f 985 987 914
f 1053 1147 1163
f 1358 1299 1382
f 1402 1510 1403
f 1454 1081 1415
f 1499 1500 1459
f 1362 1498 1500
f 1472 1511 1473
f 1008 1426 1325
f 970 1494 1003
f 1092 1496 1102
f 1114 1512 1108
f 930 1046 1372
f 1328 1440 1329
f 1329 1513 1503
f 1278 917 1310
f 1152 1130 1320
f 942 941 1408
f 1492 1035 1000
f 1189 1281 1190
f 1457 967 966
f 1310 917 1256
f 921 1502 1112
f 1411 1492 1042
f 1123 1056 1055
f 1458 1508 1464
f 1006 1503 1502
f 1396 1460 1208
f 993 1474 1445
f 1496 1468 1100
f 1354 1230 1344
f 1208 1514 1179
f 1437 1004 1083
f 1372 1074 660
f 912 1378 1467
f 1034 1236 1000
f 945 1087 1511
f 1419 1482 1427
f 1439 1202 1013
f 1354 1018 1355
f 1091 1115 1268
f 1347 1130 1356
f 1351 1249 1391
f 1331 1072 1180
f 1268 1515 1205
f 1423 1504 1490
f 1316 1487 1317
f 1413 1486 1417
f 1377 971 1398
f 1119 979 1187
f 1122 1056 1123
f 1364 1485 1150
f 1491 1037 1466
f 1298 1378 1293
f 930 1048 1046
f 1313 1326 981
f 1140 1237 1468
f 1459 1027 1059
f 1393 1474 1016
f 1227 1222 911
f 1433 1501 1416
f 1380 1512 948
f 918 917 1278
f 1442 1482 937
f 1408 941 1302
f 1218 1252 939
f 1302 1369 1126
f 1028 1395 1350
f 1260 1516 1188
f 1473 1511 1086
f 1025 967 1470
f 1417 1486 1471
f 913 915 827
f 1314 1217 1073
f 1256 933 1276
f 1429 1510 1465
f 1318 1306 918
f 1511 1087 1086
f 1398 971 1003
f 937 1198 938
f 983 1154 1153
f 1499 1363 1362
f 1341 926 1125
f 966 1161 1448
f 1086 1201 1428
f 1267 1517 1011
f 1421 1482 1442
f 1465 1510 1461
f 956 1435 1370
f 1148 971 1377
f 1391 1249 1497
f 1104 1050 1518
f 969 1306 1480
f 1497 1486 1413
f 1427 1482 1421
f 1251 1206 1478
f 1095 1519 1267
f 1305 1230 1152
f 1256 1276 1441
f 1441 1276 973
f 1219 1447 1172
f 1274 1294 1449
f 1501 1326 1313
f 1061 1124 1444
f 1447 1520 1238
f 1297 1199 1186
f 1469 1521 1515
f 1013 1018 1451
f 936 935 1279
f 1412 1522 1492
f 1048 1507 1044
f 1504 1523 1498
f 1414 1383 953
f 1503 1299 1329
f 965 964 961
f 1292 1202 1439
f 1407 1524 1400
f 973 1383 1418
f 1422 1363 1485
f 1249 1488 1223
f 1348 1494 970
f 1461 1510 1402
f 1061 1524 1062
f 914 1079 928
f 328 1038 383
f 1409 1493 1082
f 935 1232 1279
f 1295 1014 1303
f 961 964 1276
f 1255 1185 1155
f 1462 1332 1331
f 1001 1236 1176
f 1352 1250 1098
f 1321 1355 1342
f 1158 1436 1159
f 1022 943 969
f 1188 1516 1077
f 1485 1363 1499
f 1428 1201 1479
f 1159 1436 1264
f 1510 1525 1403
f 1021 943 1022
f 1396 1360 1231
f 1108 1512 1380
f 1500 1523 1458
f 1270 1505 1431
f 1432 1506 1136
f 1429 1525 1510
f 1443 1517 1519
f 1483 1180 960
f 1062 1524 1063
f 953 1288 1489
f 1492 1522 1035
f 1040 1250 1389
f 1221 1392 1222
f 1498 1523 1500
f 1279 1360 1207
f 1464 1332 1462
f 1293 1392 1307
f 1458 1523 1508
f 1309 1526 1101
f 1527 946 1472
f 1515 1521 1200
f 1221 1488 1335
f 1331 1180 1483
f 947 946 1527
f 1449 1294 1481
f 1101 1526 1412
f 1418 1383 1414
f 1403 1525 1446
f 1211 1143 1522
f 948 1512 1435
f 1097 1185 1255
f 1249 1248 1497
f 929 1079 986
f 1508 1332 1464
f 1098 1250 1039
f 1386 1484 1162
f 1400 1524 1061
f 1327 1358 1382
f 1344 1230 1305
f 1165 1367 1166
f 1063 1524 1407
f 1518 1390 1304
f 1481 1294 942
f 1196 943 1021
f 1269 1505 1270
f 1136 1506 1137
f 1478 1206 1022
f 355 1127 354
f 383 1455 349
f 1161 1405 1448
f 1120 1198 1419
f 1489 1288 1423
f 1446 1521 1469
f 1351 1488 1249
f 1416 1501 1491
f 1350 1395 1477
f 1100 1237 1309
f 1480 1306 1318
f 1434 1487 1316
f 1460 1514 1208
f 1443 1519 1160
f 935 1509 1232
f 369 1487 1434
f 1389 1250 1352
f 1153 1484 397
f 1071 1217 1476
f 1496 1275 1468
f 1502 1513 1365
f 1451 1018 1354
f 1044 1507 1203
f 1330 1358 1251
f 1447 1238 1172
f 1176 1236 1178
f 384 1505 1269
f 1137 1506 365
f 1122 1159 1264
f 1444 1124 1105
f 1003 1493 1409
f 1129 1514 1460
f 955 1252 1327
f 1335 1488 1351
f 1248 1527 1497
f 1201 1200 1479
f 1283 1089 1270
f 1092 1045 1346
f 1155 1185 1336
f 1426 1475 1300
f 1190 1280 1425
f 1522 1526 1211
f 1309 1237 1139
f 1467 1378 1298
f 1525 1521 1446
f 1370 1435 1114
f 1519 1517 1267
f 1477 1050 1049
f 1233 1232 1422
f 1434 1475 1404
f 1479 1525 1429
f 1017 1369 941
f 1486 1527 1472
f 1251 1358 1327
f 1445 1474 1393
f 947 1527 1248
f 1162 1484 1153
f 1147 1070 1163
f 1281 1299 1503
f 1469 1115 1025
f 1365 1513 1440
f 1404 1475 1426
f 1171 1425 920
f 929 1507 1048
f 1211 1526 1309
f 1032 1507 929
f 1511 946 945
f 1448 1405 1449
f 1390 1050 1477
f 1468 1275 1145
f 1238 1520 1504
f 1422 1509 1363
f 984 1326 1433
f 1479 1521 1525
f 1423 1238 1504
f 1276 964 973
f 1307 1392 1221
f 1011 1517 1285
f 1346 1275 1496
f 1503 1513 1502
f 1522 1143 1035
f 1476 1516 1260
f 1497 1527 1486
f 1455 1038 1491
f 1285 1517 1443
f 1077 1516 1051
f 1051 1516 1476
f 1472 946 1511
f 826 1225 913
f 1109 1509 935
f 1437 1296 1004
f 1395 1390 1477
f 941 1369 1302
f 1491 1038 1037
f 1515 1115 1469
f 383 1038 1455
f 1468 1237 1100
f 1232 1509 1422
f 1440 1366 1365
f 1518 1050 1390
f 1501 1455 1491
f 1268 1115 1515
f 1440 1513 1329
f 1412 1526 1522
f 1205 1515 1200
f 1508 1520 1447
f 1504 1520 1523
f 1200 1521 1479
f 1519 1113 1160
f 1161 1089 1283
f 1168 1366 1066
f 1523 1520 1508
f 1095 1113 1519
f 1003 1494 1493
f 1435 1512 1114
f 1425 1280 920
f 1128 1514 1129
f 1179 1514 1128
f 1528 1529 1530
f 1529 1531 1530
f 1532 1531 1533
f 1534 1535 1536
f 1536 1535 1537
f 1538 1539 1540
f 1533 1531 1541
f 1542 1538 1540
f 1543 1544 1545
f 1542 1546 1547
f 1540 1546 1542
f 1548 1549 1538
f 1550 1551 1552
f 1550 1553 1551
f 1554 1544 1543
f 1538 1549 1555
f 1530 1556 1528
f 1557 1558 1543
f 1541 1531 1529
f 1543 1559 1557
f 1545 1544 1560
f 1552 1561 1550
f 1536 1532 1562
f 1532 1533 1562
f 1563 1564 1565
f 1548 1565 1566
f 1565 1564 1566
f 1567 1548 1566
f 1568 1549 1548
f 1569 1550 1570
f 1571 1570 1572
f 1569 1570 1571
f 1572 1570 1573
f 1574 1564 1575
f 1575 1564 1563
f 1576 1564 1574
f 1577 1536 1537
f 1577 1537 1578
f 1577 1578 1579
f 1579 1578 1580
f 1578 1537 1581
f 1582 1578 1581
f 1583 1530 1584
f 927 1585 989
f 1388 1554 1432
f 1431 1555 1387
f 263 1540 388
f 222 1541 266
f 1340 1586 1312
f 197 1587 226
f 207 1588 249
f 1339 1589 1273
f 391 1557 380
f 202 1562 227
f 1254 1552 1341
f 160 1528 189
f 243 1534 234
f 1575 1563 1590
f 1591 1530 1583
f 1575 1590 1591
f 1584 1577 1579
f 1575 1591 1583
f 1560 1569 1571
f 1545 1560 1571
f 1574 1575 1583
f 1583 1584 1579
f 1582 1581 1545
f 1582 1545 1571
f 1574 1583 1579
f 1582 1571 1572
f 1580 1578 1582
f 1574 1579 1580
f 1580 1582 1572
f 1576 1574 1580
f 1576 1580 1572
f 1576 1572 1573
f 1566 1564 1576
f 1566 1576 1573
f 1570 1550 1592
f 1573 1570 1592
f 1567 1566 1573
f 1567 1573 1592
f 1567 1592 1593
f 1568 1548 1567
f 1568 1567 1593
f 1577 1532 1536
f 1581 1543 1545
f 1548 1538 1565
f 1568 1593 1589
f 1584 1532 1577
f 1594 1556 1588
f 1595 1596 1588
f 1589 1597 1273
f 1273 1597 1323
f 1556 1595 1588
f 1550 1561 1592
f 1565 1542 1563
f 1555 1539 1538
f 1562 1598 1536
f 1563 1547 1590
f 1588 1596 1599
f 1561 1597 1593
f 1537 1559 1581
f 1536 1598 1534
f 1565 1538 1542
f 1543 1558 1554
f 1592 1561 1593
f 1584 1531 1532
f 1591 1556 1530
f 1586 1600 1560
f 1593 1597 1589
f 1560 1544 1586
f 1547 1546 1587
f 1601 1568 1589
f 1535 1559 1537
f 1560 1600 1569
f 1601 1549 1568
f 1542 1547 1563
f 1311 1601 1339
f 227 1533 222
f 927 1551 1585
f 1339 1601 1589
f 1540 1539 388
f 189 1594 207
f 388 1539 1431
f 249 1599 197
f 234 1598 202
f 197 1599 1587
f 1588 1599 249
f 1541 1529 266
f 1341 1551 927
f 1587 1546 226
f 1554 1558 1432
f 1431 1539 1555
f 1432 1558 391
f 1552 1551 1341
f 207 1594 1588
f 1528 1594 189
f 222 1533 1541
f 263 1546 1540
f 266 1529 160
f 1562 1533 227
f 160 1529 1528
f 391 1558 1557
f 226 1546 263
f 202 1598 1562
f 1534 1598 234
f 1561 1602 1597
f 1323 1602 1254
f 1530 1531 1584
f 1557 1603 380
f 243 1603 1534
f 1585 1553 1600
f 1600 1553 1569
f 1340 1604 1586
f 1585 1604 989
f 1388 1605 1554
f 1586 1605 1312
f 1555 1606 1387
f 1547 1596 1590
f 1254 1602 1552
f 380 1603 243
f 1590 1595 1591
f 989 1604 1340
f 1557 1559 1535
f 1312 1605 1388
f 1569 1553 1550
f 1581 1559 1543
f 1597 1602 1323
f 1535 1603 1557
f 1534 1603 1535
f 1387 1606 1311
f 1552 1602 1561
f 1586 1604 1600
f 1549 1606 1555
f 1554 1605 1544
f 1544 1605 1586
f 1600 1604 1585
f 1551 1553 1585
f 1601 1606 1549
f 1590 1596 1595
f 1587 1596 1547
f 1311 1606 1601
f 1528 1556 1594
f 1591 1595 1556
f 1599 1596 1587
f 1607 1608 1609
f 1608 1610 1609
f 1611 1610 1612
f 1613 1614 1615
f 1615 1614 1616
f 1617 1618 1619
f 1612 1610 1620
f 1621 1617 1619
f 1622 1623 1624
f 1621 1625 1626
f 1619 1625 1621
f 1627 1628 1617
f 1629 1630 1631
f 1629 1632 1630
f 1633 1623 1622
f 1617 1628 1634
f 1609 1635 1607
f 1636 1637 1622
f 1620 1610 1608
f 1622 1638 1636
f 1624 1623 1639
f 1631 1640 1629
f 1615 1611 1641
f 1611 1612 1641
f 1642 1643 1644
f 1627 1644 1645
f 1644 1643 1645
f 1646 1627 1645
f 1647 1628 1627
f 1648 1629 1649
f 1650 1649 1651
f 1648 1649 1650
f 1651 1649 1652
f 1653 1643 1654
f 1654 1643 1642
f 1655 1643 1653
f 1656 1615 1616
f 1656 1616 1657
f 1656 1657 1658
f 1658 1657 1659
f 1657 1616 1660
f 1661 1657 1660
f 1662 1609 1663
f 177 1664 187
f 242 1633 379
f 34 1634 32
f 1386 1619 396
f 392 1636 1317
f 1518 1620 1104
f 199 1665 235
f 1337 1666 1361
f 1041 1667 1241
f 92 1668 65
f 66 1631 166
f 1242 1641 1304
f 1286 1607 1078
f 1315 1613 1338
f 1654 1642 1669
f 1670 1609 1662
f 1654 1669 1670
f 1639 1648 1650
f 1654 1670 1662
f 1663 1656 1658
f 1653 1654 1662
f 1662 1663 1658
f 1624 1639 1650
f 1661 1660 1624
f 1653 1662 1658
f 1661 1624 1650
f 1661 1650 1651
f 1653 1658 1659
f 1659 1657 1661
f 1659 1661 1651
f 1655 1653 1659
f 1655 1659 1651
f 1655 1651 1652
f 1645 1643 1655
f 1645 1655 1652
f 1649 1629 1671
f 1646 1645 1652
f 1652 1649 1671
f 1646 1652 1671
f 1646 1671 1672
f 1647 1627 1646
f 1647 1646 1672
f 1656 1611 1615
f 1660 1622 1624
f 1627 1617 1644
f 1647 1672 1668
f 1663 1611 1656
f 1673 1635 1667
f 1674 1675 1667
f 1668 1676 65
f 65 1676 68
f 1635 1674 1667
f 1629 1640 1671
f 1644 1621 1642
f 1634 1618 1617
f 1641 1677 1615
f 1642 1626 1669
f 1667 1675 1678
f 1640 1676 1672
f 1616 1638 1660
f 1615 1677 1613
f 1644 1617 1621
f 1622 1637 1633
f 1671 1640 1672
f 1663 1610 1611
f 1670 1635 1609
f 1665 1679 1639
f 1672 1676 1668
f 1639 1623 1665
f 1626 1625 1666
f 1680 1647 1668
f 1614 1638 1616
f 1639 1679 1648
f 1680 1628 1647
f 1621 1626 1642
f 93 1680 92
f 1304 1612 1518
f 177 1630 1664
f 92 1680 1668
f 1078 1673 1041
f 1241 1678 1337
f 1633 1637 379
f 1337 1678 1666
f 1667 1678 1241
f 1620 1608 1104
f 1619 1618 396
f 379 1637 392
f 166 1630 177
f 1386 1625 1619
f 1666 1625 1361
f 396 1618 34
f 1631 1630 166
f 34 1618 1634
f 1361 1625 1386
f 1041 1673 1667
f 1607 1673 1078
f 1518 1612 1620
f 1338 1677 1242
f 392 1637 1636
f 1104 1608 1286
f 1641 1612 1304
f 1286 1608 1607
f 1242 1677 1641
f 1613 1677 1338
f 1640 1681 1676
f 68 1681 66
f 1609 1610 1663
f 1636 1682 1317
f 1315 1682 1613
f 1664 1632 1679
f 1679 1632 1648
f 199 1683 1665
f 1664 1683 187
f 242 1684 1633
f 1665 1684 235
f 1634 1685 32
f 1626 1675 1669
f 66 1681 1631
f 1317 1682 1315
f 1669 1674 1670
f 187 1683 199
f 1636 1638 1614
f 235 1684 242
f 1648 1632 1629
f 1660 1638 1622
f 1676 1681 68
f 1614 1682 1636
f 1613 1682 1614
f 32 1685 93
f 1631 1681 1640
f 1665 1683 1679
f 1628 1685 1634
f 1633 1684 1623
f 1623 1684 1665
f 1679 1683 1664
f 1630 1632 1664
f 1680 1685 1628
f 1669 1675 1674
f 1666 1675 1626
f 93 1685 1680
f 1607 1635 1673
f 1670 1674 1635
f 1678 1675 1666
