v 0.24639601 -0.14978600 0.34390700
v 0.26249301 -0.15826300 0.34138799
v 0.26815400 -0.14331800 0.34171399
v 0.25578800 -0.12967899 0.34414500
v 0.28001201 -0.15815300 0.33917001
v 0.28837600 -0.14089800 0.33920899
v 0.27596501 -0.12582900 0.34178600
v 0.07560900 -0.53790301 -0.27426201
v 0.06051860 -0.54752201 -0.26431000
v 0.05587070 -0.53444898 -0.28098300
v 0.07366170 -0.52683401 -0.28710899
v 0.07651640 -0.54822999 -0.26076400
v 0.09457760 -0.54181403 -0.26581299
v 0.09060230 -0.52833700 -0.28282899
v -0.19450399 -0.55977201 -0.08545930
v -0.17772201 -0.56326699 -0.07441370
v -0.19442700 -0.55595201 -0.06446530
v -0.17385900 -0.56067401 -0.05608020
v -0.17995501 -0.56558299 -0.09424690
v -0.16330799 -0.56921500 -0.08540640
v -0.15892600 -0.56712502 -0.06699140
v -0.26924101 -0.51820499 -0.03741110
v -0.28546199 -0.50887299 -0.03485800
v -0.28388301 -0.51441401 -0.05267820
v -0.26761800 -0.52349502 -0.05524950
v -0.29985100 -0.50455999 -0.04915270
v -0.29729101 -0.51031297 -0.06740060
v -0.28096801 -0.51996303 -0.07057870
v -0.51674598 0.09159410 0.13380800
v -0.52181399 0.10316800 0.11697500
v -0.52638602 0.08603480 0.11294300
v -0.52251601 0.07272210 0.12660301
v -0.53513998 0.08249490 0.09260680
v -0.53113598 0.06947040 0.10700000
v -0.53013998 0.09881820 0.09838320
v -0.25407299 -0.50772500 0.01946570
v -0.23971500 -0.51787198 0.00996854
v -0.23866899 -0.51133901 0.02964870
v -0.22404499 -0.52111101 0.02031040
v -0.25330201 -0.50077498 0.03909790
v -0.23684400 -0.50489998 0.04885100
v -0.22246300 -0.51491702 0.03937410
v -0.14186300 -0.54579502 0.02904130
v -0.13957900 -0.53981400 0.04782430
v -0.15693900 -0.53854102 0.03832820
v -0.12409900 -0.54653800 0.03899920
v -0.12202700 -0.54045898 0.05734950
v -0.13785000 -0.53327298 0.06669890
v -0.15486300 -0.53241801 0.05706760
v -0.08588390 -0.56997299 -0.01428600
v -0.06752750 -0.56915498 -0.00326416
v -0.08242480 -0.56434602 0.00715554
v -0.09989480 -0.56387299 -0.00047898
v -0.06472150 -0.56396699 0.01499960
v -0.07865850 -0.55850899 0.02702910
v -0.09565340 -0.55855399 0.01936950
v -0.05355250 -0.54254001 0.07915250
v -0.06453530 -0.54743600 0.06349540
v -0.04297210 -0.54896897 0.06436820
v -0.05327870 -0.55342698 0.04975910
v -0.03225730 -0.55475098 0.04988140
v -0.02060460 -0.54941702 0.06602010
v -0.03574090 -0.54437399 0.07771450
v -0.03117870 -0.52630198 0.12390100
v -0.03686670 -0.51937902 0.13975200
v -0.05287290 -0.52396703 0.12613100
v -0.04690280 -0.53079700 0.11024900
v -0.05673220 -0.51806802 0.13945100
v -0.06808600 -0.52790600 0.11281700
v -0.07630380 -0.51971298 0.13033000
v -0.11297100 -0.55815703 0.01064040
v -0.12718999 -0.55230701 0.01990000
v -0.12988301 -0.55781698 0.00000950
v -0.11616100 -0.56245601 -0.00632829
v -0.14640400 -0.55692101 -0.01055310
v -0.12931600 -0.56360698 -0.02067290
v -0.14432900 -0.55158001 0.00950958
v -0.08926110 -0.52471000 0.11392800
v -0.11097800 -0.52165800 0.11203800
v -0.09906760 -0.52942699 0.09804030
v -0.10101700 -0.51698601 0.12791200
v -0.13414900 -0.51869297 0.10624200
v -0.11824700 -0.52697200 0.09481840
v -0.12337500 -0.51377797 0.12465000
v -0.32074699 -0.50310898 -0.16155700
v -0.32950199 -0.49614999 -0.17187800
v -0.31020400 -0.50674897 -0.17780501
v -0.33442500 -0.49485299 -0.15294600
v -0.32223499 -0.49660900 -0.18990600
v -0.34589800 -0.48600599 -0.16426601
v -0.33967301 -0.48687500 -0.18340100
v -0.18550400 -0.51402402 -0.27304101
v -0.20022000 -0.50217098 -0.28012601
v -0.18283400 -0.50139499 -0.28725401
v -0.19636101 -0.48922700 -0.29420301
v -0.20549300 -0.51444501 -0.26390201
v -0.21318100 -0.48746800 -0.28953600
v -0.21768500 -0.49952900 -0.27543300
v -0.16764700 -0.52523798 -0.26657701
v -0.18769901 -0.52531701 -0.25857201
v -0.17281900 -0.53597403 -0.25033200
v -0.18984300 -0.53569800 -0.24225400
v -0.20431601 -0.52720100 -0.24748600
v 0.02097550 -0.55160302 0.05956350
v 0.04200160 -0.55098599 0.05807580
v 0.03428580 -0.54580700 0.07328770
v 0.03002150 -0.55650699 0.04431860
v 0.05491950 -0.54457098 0.07236390
v 0.05065890 -0.55583102 0.04223480
v 0.06214190 -0.54987401 0.05627550
v 0.07210000 -0.56965601 -0.00922740
v 0.05748240 -0.57453901 -0.02159530
v 0.07609230 -0.57368499 -0.02654220
v 0.09073160 -0.56842101 -0.01468830
v 0.08616390 -0.56420600 0.00293664
v 0.06676570 -0.56531602 0.00785246
v 0.05280380 -0.57034302 -0.00454906
v 0.09882800 -0.52748799 0.10135800
v 0.11249200 -0.51988602 0.11350300
v 0.09194510 -0.52150702 0.11879500
v 0.10678500 -0.51387101 0.13029701
v 0.08544910 -0.51518101 0.13585800
v 0.07072190 -0.52164602 0.12568700
v 0.07695950 -0.52893901 0.10591000
v 0.12695400 -0.55787700 -0.00070263
v 0.10683100 -0.56262702 -0.00354038
v 0.12244300 -0.56399500 -0.01873560
v 0.13649800 -0.55938500 -0.01310540
v 0.10715500 -0.56843698 -0.02493970
v 0.12330400 -0.56926298 -0.04053650
v 0.13823199 -0.56316102 -0.02899690
v 0.15709700 -0.53104103 0.05699690
v 0.14833300 -0.53809500 0.04396480
v 0.16718100 -0.53422499 0.03974980
v 0.15499499 -0.54189497 0.02715450
v 0.17593700 -0.52632099 0.05376920
v 0.17407300 -0.53771901 0.02283170
v 0.18747500 -0.52837902 0.03691380
v 0.13321900 -0.51738399 0.10815200
v 0.11882900 -0.52532101 0.09680240
v 0.12722901 -0.51185399 0.12463600
v 0.13875499 -0.52263099 0.09183210
v 0.15608400 -0.51439399 0.10031000
v 0.14776500 -0.50917101 0.11868100
v -0.31633899 0.03624860 0.34028000
v -0.33166900 0.04924710 0.33771300
v -0.33457100 0.03156740 0.33742100
v -0.31539300 0.05277970 0.34014601
v -0.35021800 0.04303350 0.33460000
v -0.32598999 0.06649170 0.33822000
v -0.34762001 0.06290640 0.33474499
v -0.10017800 -0.58702600 -0.15070800
v -0.08679890 -0.58943200 -0.13569400
v -0.10376800 -0.58668900 -0.13099900
v -0.11725100 -0.58406001 -0.14493001
v -0.09030950 -0.58810401 -0.11613900
v -0.10790100 -0.58493799 -0.11211900
v -0.12110100 -0.58322603 -0.12579800
v -0.40773699 -0.28991601 0.19449800
v -0.39583400 -0.29665601 0.20688100
v -0.40557900 -0.27969801 0.21143100
v -0.41702199 -0.27283800 0.19879700
v -0.39359000 -0.28707799 0.22317500
v -0.40287200 -0.26812801 0.22984000
v -0.41466701 -0.26253799 0.21533500
v 0.46088800 0.36881301 -0.18684000
v 0.45889699 0.36215100 -0.20712800
v 0.44907701 0.37704900 -0.20083100
v 0.44540301 0.36840501 -0.22265001
v 0.47102299 0.35377300 -0.19335499
v 0.46887401 0.34670201 -0.21206699
v 0.45705500 0.35135800 -0.22653300
v -0.11392700 -0.45722201 0.25225201
v -0.11986400 -0.46296901 0.23829199
v -0.10074500 -0.46474800 0.24336900
v -0.13277499 -0.45353100 0.24972500
v -0.12794700 -0.46738899 0.22530501
v -0.10846300 -0.47270501 0.22393399
v -0.14049900 -0.45928001 0.23437400
v -0.17651500 -0.45409101 0.22005400
v -0.17226700 -0.44612399 0.23830000
v -0.19009000 -0.44427699 0.22802199
v -0.19439700 -0.45189101 0.20971601
v -0.15921600 -0.45649201 0.22807699
v -0.16328099 -0.46424299 0.20973501
v -0.18083800 -0.46138799 0.20198900
v 0.57530499 -0.15780801 -0.09932680
v 0.58596301 -0.15083501 -0.10782100
v 0.58888501 -0.14735401 -0.09152830
v 0.57531297 -0.15310900 -0.08048920
v 0.60315901 -0.14318700 -0.10539500
v 0.58869302 -0.14195600 -0.07071390
v 0.60570198 -0.14154200 -0.08427510
v 0.17105301 -0.56828600 -0.10122300
v 0.15681399 -0.57361501 -0.11792100
v 0.17807700 -0.56763798 -0.11732700
v 0.15148801 -0.57336903 -0.09866780
v 0.19158199 -0.56230301 -0.10447100
v 0.18729199 -0.56170499 -0.08829800
v 0.16622700 -0.56713599 -0.08249790
v 0.21646801 -0.55539602 -0.12946300
v 0.20213699 -0.56059003 -0.13971400
v 0.21905400 -0.55391002 -0.14875300
v 0.23461300 -0.54765397 -0.13606000
v 0.22649300 -0.55076098 -0.11799700
v 0.21128400 -0.55611700 -0.11047700
v 0.19783400 -0.56168097 -0.12157800
v 0.13656101 -0.57533199 -0.17775699
v 0.11796900 -0.57794899 -0.18397900
v 0.13610201 -0.57188302 -0.19513100
v 0.11761300 -0.57379401 -0.20117401
v 0.15384801 -0.56967998 -0.18722300
v 0.13500901 -0.56611001 -0.21224099
v 0.15319200 -0.56436199 -0.20534700
v 0.18036300 -0.54450899 -0.23135000
v 0.17008600 -0.55520600 -0.21561700
v 0.16246299 -0.54751700 -0.23497300
v 0.18779300 -0.54943001 -0.21643500
v 0.14991800 -0.55737603 -0.22303700
v 0.17036600 -0.56267202 -0.19564199
v 0.18766700 -0.55511999 -0.20133300
v -0.47650501 -0.23678800 0.11963000
v -0.48031899 -0.24460700 0.10216400
v -0.46994901 -0.25402701 0.11455700
v -0.48505300 -0.22972600 0.10795300
v -0.46650100 -0.24487400 0.13233700
v -0.47399500 -0.22638901 0.13594700
v -0.48394501 -0.21926001 0.12125400
v -0.16623400 -0.10456000 -0.41159901
v -0.18308900 -0.09961440 -0.41131201
v -0.16860899 -0.08258060 -0.41177601
v -0.17688300 -0.12111800 -0.41113800
v -0.15414201 -0.09343180 -0.41191199
v -0.14827800 -0.10903800 -0.41184199
v -0.15889500 -0.12386500 -0.41148400
v -0.52845597 -0.22432400 0.00172863
v -0.53046101 -0.20703600 0.01663730
v -0.53715003 -0.20397601 -0.00041701
v -0.52225500 -0.22210000 0.02307920
v -0.53713202 -0.21651000 -0.01651190
v -0.52996099 -0.23484600 -0.01812260
v -0.52134502 -0.24470501 -0.00426804
v -0.51797599 -0.23872900 0.01424110
v -0.43281999 -0.35436901 -0.25852501
v -0.43760601 -0.36473700 -0.24344400
v -0.44633299 -0.35095599 -0.24668400
v -0.44566500 -0.33995101 -0.25701901
v -0.45196000 -0.35690099 -0.23296200
v -0.46054801 -0.33898899 -0.23963900
v -0.20078000 -0.28664401 0.33465499
v -0.20998199 -0.26877099 0.33608699
v -0.22029100 -0.28356999 0.33318499
v -0.21208400 -0.30135801 0.33141199
v -0.19162600 -0.26935601 0.33770800
v -0.18228000 -0.28696400 0.33628699
v -0.19225900 -0.30667701 0.33247301
v 0.10963700 -0.53024602 -0.27693701
v 0.13168301 -0.52887201 -0.27309999
v 0.11658700 -0.54088098 -0.26214701
v 0.13641900 -0.54049200 -0.25670701
v 0.12103300 -0.52036500 -0.28533500
v 0.13817801 -0.51436901 -0.28727600
v 0.15302899 -0.52043098 -0.27644500
v 0.14865100 -0.53144199 -0.26469001
v -0.10983800 -0.15421900 0.35804299
v -0.11812500 -0.13600400 0.35946500
v -0.12825100 -0.15238900 0.35651100
v -0.13815799 -0.13241000 0.35774100
v -0.11858900 -0.17094100 0.35522601
v -0.13683499 -0.17045499 0.35365301
v -0.14652000 -0.15337899 0.35462299
v -0.53601098 0.12083800 0.07173930
v -0.52815503 0.13419899 0.08393120
v -0.53216302 0.14172800 0.06848840
v -0.53086799 0.11492300 0.08846980
v -0.54051697 0.13078000 0.05320220
v -0.54292101 0.10954100 0.05950490
v -0.53820801 0.09850600 0.07775640
v -0.01690280 -0.29642999 0.34292701
v -0.02806000 -0.30983999 0.34093499
v -0.00829248 -0.31360400 0.34036800
v -0.03255300 -0.29057401 0.34367800
v -0.00054449 -0.29362300 0.34321901
v -0.01599360 -0.27739400 0.34557399
v -0.10617100 -0.32739601 0.33605900
v -0.09555470 -0.34767801 0.33325601
v -0.08638940 -0.33140501 0.33637899
v -0.11357300 -0.34714800 0.33235300
v -0.09233420 -0.31175199 0.33906701
v -0.10939700 -0.30578700 0.33900601
v -0.12183800 -0.31541800 0.33694500
v -0.12575901 -0.33054900 0.33443999
v -0.26483399 -0.24343100 -0.40267301
v -0.28290200 -0.24035899 -0.40126801
v -0.27058199 -0.22348200 -0.40364999
v -0.27875701 -0.25939500 -0.39984500
v -0.25049800 -0.22573701 -0.40488201
v -0.24879099 -0.25106201 -0.40333000
v -0.26226899 -0.26568499 -0.40095901
v -0.36234501 0.38251799 0.13245200
v -0.34443399 0.39266899 0.14317299
v -0.35307500 0.39536399 0.12469400
v -0.35398400 0.37969199 0.15052000
v -0.33525601 0.38907701 0.16327199
v -0.32579800 0.40489900 0.14926900
v -0.33817700 0.40319699 0.13391300
v -0.03556030 -0.24392900 -0.40998000
v -0.01651350 -0.24899900 -0.40992799
v -0.03244630 -0.26302201 -0.40936401
v -0.05014260 -0.25764701 -0.40937001
v -0.01329720 -0.26708099 -0.40932399
v -0.03013360 -0.28123301 -0.40861499
v -0.04869420 -0.27736101 -0.40860501
v -0.24071500 -0.14663000 -0.40867001
v -0.23750000 -0.12872700 -0.40915099
v -0.22418800 -0.14451601 -0.40927601
v -0.23178200 -0.16332600 -0.40857199
v -0.25208601 -0.16033900 -0.40781099
v -0.25461999 -0.13483401 -0.40834999
v -0.17271499 -0.33943400 -0.40033701
v -0.15880799 -0.32818699 -0.40249899
v -0.15014800 -0.34318700 -0.40125701
v -0.14161800 -0.32756400 -0.40331101
v -0.17372100 -0.31889299 -0.40250200
v -0.15628199 -0.31204799 -0.40401101
v -0.03878450 -0.18593600 -0.41167501
v -0.02755430 -0.19646500 -0.41144001
v -0.04331170 -0.20375100 -0.41116700
v -0.05962410 -0.18979999 -0.41140401
v -0.03384390 -0.16810000 -0.41204599
v -0.01811280 -0.17981000 -0.41183701
v -0.04948670 -0.17499100 -0.41185099
v -0.08328130 -0.32141399 -0.40571201
v -0.09833520 -0.30844399 -0.40621600
v -0.08086770 -0.30045900 -0.40701500
v -0.06552920 -0.31074101 -0.40668201
v -0.10219800 -0.32706001 -0.40479001
v -0.08783720 -0.34397501 -0.40361801
v -0.06824590 -0.33223200 -0.40514201
v 0.38695300 -0.45349801 -0.12762301
v 0.40133899 -0.44082400 -0.12420300
v 0.39118499 -0.44861299 -0.10920600
v 0.40461200 -0.43633500 -0.10502400
v 0.39355201 -0.44750699 -0.14331800
v 0.40763599 -0.43479499 -0.14084700
v 0.41666400 -0.42641601 -0.12155300
v 0.28441101 0.51528800 -0.19508199
v 0.28478399 0.51977700 -0.17670999
v 0.30070299 0.50926101 -0.18355501
v 0.26649800 0.52622497 -0.18909000
v 0.30090800 0.51283997 -0.16498099
v 0.28501901 0.52267599 -0.15742201
v 0.26997501 0.52919602 -0.16761000
v 0.31961501 -0.46614501 0.02416080
v 0.33167800 -0.45246899 0.03676630
v 0.31371200 -0.46320999 0.04153480
v 0.32045701 -0.45254001 0.05539340
v 0.29709300 -0.47186899 0.04668340
v 0.30282500 -0.47484899 0.03015880
v 0.30491000 -0.46145299 0.05957210
v 0.37296900 -0.44915199 -0.04085650
v 0.35930300 -0.46234199 -0.04875970
v 0.37433600 -0.45331401 -0.05951380
v 0.38896501 -0.43861300 -0.05098790
v 0.35899800 -0.46686000 -0.06570140
v 0.37419599 -0.45780799 -0.07947340
v 0.38911799 -0.44393900 -0.07161180
v 0.32702500 -0.49249601 -0.07801560
v 0.32635599 -0.48927599 -0.06090250
v 0.30909601 -0.50227600 -0.07038430
v 0.31500700 -0.50221503 -0.09030240
v 0.34143400 -0.48445299 -0.08840760
v 0.32847899 -0.49426201 -0.09408770
v 0.34264299 -0.48027200 -0.07097800
v 0.30972600 -0.49742499 -0.05081440
v 0.29378200 -0.50836599 -0.05625830
v 0.28958401 -0.51428801 -0.07275400
v 0.27701101 -0.51497197 -0.04563220
v 0.29225099 -0.50470197 -0.03902750
v 0.27930701 -0.51749200 -0.06078280
v 0.33631101 -0.45700499 0.01761530
v 0.35226700 -0.44856399 0.00866873
v 0.34905601 -0.44383600 0.02636340
v 0.36476001 -0.43524900 0.01647580
v 0.34039700 -0.46090001 -0.00035196
v 0.35549599 -0.45311001 -0.01054770
v 0.36698401 -0.44073701 -0.00197180
v -0.54477602 -0.10982300 0.05538010
v -0.54074001 -0.09963120 0.07100820
v -0.54808998 -0.08978430 0.05584210
v -0.53769600 -0.11967100 0.06891740
v -0.54405397 -0.07964000 0.07049390
v -0.53316599 -0.11000900 0.08552660
v -0.53627902 -0.09016610 0.08647100
v -0.24018601 -0.15172599 0.34457901
v -0.25960001 -0.15449101 0.34210601
v -0.24566300 -0.17002600 0.34248501
v -0.25409400 -0.13606399 0.34410501
v -0.27333099 -0.13874900 0.34157500
v -0.27936399 -0.15673400 0.33951700
v -0.26530799 -0.17251800 0.33998901
v -0.56960601 -0.15095100 -0.06228190
v -0.57280099 -0.15102400 -0.08095290
v -0.56601101 -0.16938400 -0.07032490
v -0.57031000 -0.16542201 -0.09148390
v -0.55902302 -0.18988600 -0.06762710
v -0.55873001 -0.18114799 -0.05196760
v -0.56447297 -0.18235900 -0.08621590
v -0.56389302 -0.16520900 -0.05307750
v -0.57748097 -0.11625600 -0.06300550
v -0.58234698 -0.09779960 -0.07130760
v -0.58061600 -0.11325300 -0.07771460
v -0.57602203 -0.13233000 -0.07403660
v -0.58475500 -0.09866610 -0.08855020
v -0.58158898 -0.11778600 -0.09128850
v 0.20861800 -0.43912101 0.22001500
v 0.18913300 -0.44657901 0.22204500
v 0.19769301 -0.45079401 0.20686600
v 0.19947401 -0.43507200 0.23534700
v 0.21650900 -0.44368601 0.20413400
v 0.22910701 -0.43114999 0.21588600
v 0.21792100 -0.42724699 0.23358200
v 0.18808600 -0.41466200 0.27856699
v 0.17998600 -0.42674899 0.26565900
v 0.19866399 -0.41919100 0.26405901
v 0.17008901 -0.42122599 0.28079900
v 0.20532700 -0.40655601 0.27800801
v 0.19419000 -0.40312499 0.28966701
v 0.17854300 -0.40786400 0.29285800
v 0.20766300 -0.39379099 0.29219201
v 0.22153100 -0.39668900 0.27943099
v 0.18923999 -0.39241701 0.30287400
v 0.22367200 -0.38291800 0.29437399
v 0.20748800 -0.38045901 0.30492401
v 0.24712700 -0.42841199 0.20243500
v 0.26399899 -0.42440999 0.19119699
v 0.26238900 -0.41677001 0.20699000
v 0.24958999 -0.43621999 0.18477499
v 0.27899101 -0.41108200 0.19780600
v 0.28048700 -0.41876799 0.18198000
v 0.26566100 -0.43193799 0.17479201
v -0.54092503 -0.20190901 -0.22837800
v -0.54220301 -0.18762600 -0.23485200
v -0.53048599 -0.20542000 -0.24297300
v -0.54985797 -0.19087400 -0.21823099
v -0.53555900 -0.21754301 -0.22731400
v -0.54549301 -0.20862600 -0.21405500
v -0.42859599 -0.18697400 0.26108301
v -0.41968000 -0.20467100 0.26258999
v -0.41723999 -0.19124700 0.27563500
v -0.43004701 -0.20088001 0.24755201
v -0.40994501 -0.20657299 0.27586800
v -0.40893701 -0.22033501 0.26699701
v -0.41954699 -0.21893600 0.25067201
v -0.34829500 -0.03204710 -0.40400800
v -0.35986099 -0.01243580 -0.40291700
v -0.34039199 -0.01493640 -0.40490299
v -0.35314000 0.00474469 -0.40367901
v -0.32636300 -0.03565660 -0.40589100
v -0.33403200 0.00324882 -0.40551001
v -0.32111901 -0.01464600 -0.40646601
v -0.23640600 0.12718201 0.34738100
v -0.21657400 0.12116600 0.35010901
v -0.21924201 0.13984700 0.34849599
v -0.20118999 0.13202301 0.35105500
v -0.22860301 0.11034100 0.34932101
v -0.21437301 0.10223100 0.35144499
v -0.19819100 0.11373000 0.35267901
v -0.44784901 0.33070099 0.05629470
v -0.46145701 0.31269401 0.05450180
v -0.44957101 0.31832501 0.07202280
v -0.45699400 0.32841399 0.03941430
v -0.43766701 0.33339599 0.07375950
v -0.43439299 0.34629899 0.05973610
v -0.44314599 0.34490201 0.04282280
v -0.09782300 0.16995400 0.35678199
v -0.09075850 0.18488599 0.35539699
v -0.11161300 0.18158001 0.35435399
v -0.08111020 0.16428900 0.35876700
v -0.11028400 0.15982001 0.35699400
v -0.09548930 0.15497200 0.35883901
v -0.22112601 0.05998160 0.35242900
v -0.22653000 0.03895950 0.35225800
v -0.20594700 0.04794750 0.35469601
v -0.20745100 0.03035440 0.35491300
v -0.23992901 0.05421470 0.35022900
v -0.24736400 0.03547010 0.34963500
v -0.23830600 0.02216290 0.35095900
v -0.22347800 0.01821380 0.35294601
v -0.08016030 0.11084600 0.36683699
v -0.09853430 0.10363200 0.36560300
v -0.08528970 0.09181050 0.36959299
v -0.06774050 0.09776450 0.37125501
v -0.09190570 0.12358600 0.36339700
v -0.07274630 0.12939300 0.36454701
v -0.06158810 0.11542700 0.36825800
v -0.20761000 0.01439860 0.35514000
v -0.21753800 0.00050377 0.35386500
v -0.19073300 0.02029990 0.35742199
v -0.19724600 0.00262959 0.35673499
v -0.16267399 0.17266400 0.35135499
v -0.17356101 0.15677100 0.35182500
v -0.15635900 0.15289100 0.35380501
v -0.18111400 0.17473300 0.34944800
v -0.14473499 0.16936600 0.35317400
v -0.15196601 0.18840900 0.35062701
v -0.17092100 0.19109100 0.34878299
v 0.10321200 -0.37556800 -0.39882699
v 0.09604870 -0.39357200 -0.39562699
v 0.08402970 -0.37922299 -0.39901099
v 0.09250970 -0.36085400 -0.40124801
v 0.07721820 -0.39776200 -0.39528900
v 0.06536960 -0.38321099 -0.39879200
v 0.07264360 -0.36166301 -0.40168801
v 0.01542780 -0.37377399 -0.40129200
v -0.00298199 -0.37636799 -0.40100300
v 0.00367406 -0.35839501 -0.40317899
v 0.00919559 -0.38920000 -0.39903399
v 0.02298260 -0.35613200 -0.40326199
v 0.02595540 -0.38974100 -0.39876401
v 0.03439670 -0.37216499 -0.40122101
v 0.14027700 0.03306880 -0.41254601
v 0.12995701 0.05208630 -0.41264999
v 0.14940600 0.05224800 -0.41236001
v 0.13972899 0.06577170 -0.41241500
v 0.16903500 0.05662350 -0.41191599
v 0.16191700 0.03812430 -0.41215599
v 0.15693000 0.07049230 -0.41205299
v 0.34967601 -0.06311980 -0.40320799
v 0.33732599 -0.07814050 -0.40402400
v 0.33361000 -0.06125760 -0.40474001
v 0.33929101 -0.04499870 -0.40444899
v 0.31920600 -0.06834710 -0.40571201
v 0.32113901 -0.04856610 -0.40583199
v 0.36372700 0.01204460 -0.40235600
v 0.37631199 0.03004780 -0.40051600
v 0.38444701 0.00946099 -0.39944801
v 0.35894701 0.03543890 -0.40266401
v 0.37505999 -0.01162580 -0.40073299
v 0.35479701 -0.00766820 -0.40325001
v 0.34235200 0.00823759 -0.40451699
v 0.34777701 0.02341450 -0.40399301
v 0.22264300 0.08036710 -0.41037101
v 0.21648601 0.10088700 -0.41038099
v 0.23287299 0.09658890 -0.40990099
v 0.23043700 0.11439500 -0.40968901
v 0.20110200 0.08698440 -0.41091701
v 0.20049401 0.10384600 -0.41077301
v 0.20975199 0.12164600 -0.41022599
v 0.29456601 0.05556700 -0.40765899
v 0.29968801 0.07038990 -0.40728301
v 0.31428099 0.06006930 -0.40644300
v 0.31428900 0.07580180 -0.40630099
v 0.28124699 0.07468820 -0.40815800
v 0.29954299 0.08609600 -0.40702999
v -0.46796101 0.17482500 -0.32081300
v -0.46434101 0.19225900 -0.31831601
v -0.45487300 0.18029600 -0.32946900
v -0.47815099 0.18086199 -0.31052601
v -0.46291199 0.16129000 -0.32849699
v -0.47925001 0.15890899 -0.31576899
v 0.27048501 -0.07049430 -0.40864199
v 0.26966301 -0.09269970 -0.40841001
v 0.25477600 -0.08139370 -0.40918201
v 0.25277901 -0.10258300 -0.40893900
v 0.28582501 -0.08343610 -0.40771499
v 0.28461000 -0.10484700 -0.40736699
v 0.26684600 -0.11442100 -0.40807101
v 0.33126801 -0.38440400 -0.31277901
v 0.34496400 -0.36905900 -0.31447700
v 0.34775400 -0.38375300 -0.30282301
v 0.32746401 -0.37004700 -0.32423300
v 0.33479801 -0.39853799 -0.30045199
v 0.31824601 -0.39972800 -0.30957499
v 0.31414101 -0.38604200 -0.32130900
v -0.26298901 0.14195301 -0.40799299
v -0.28049499 0.14687900 -0.40694901
v -0.26643699 0.16264801 -0.40726900
v -0.24888100 0.15770499 -0.40815401
v -0.28412199 0.16759101 -0.40599501
v -0.27022201 0.18307000 -0.40626001
v -0.25235099 0.17823900 -0.40736699
v -0.12149000 0.25988999 -0.40835699
v -0.11808700 0.27866101 -0.40751001
v -0.10274300 0.26960999 -0.40820199
v -0.13670699 0.26962301 -0.40753901
v -0.10516600 0.25125399 -0.40895200
v -0.12136800 0.24095701 -0.40907800
v -0.14034100 0.24874100 -0.40836200
v -0.09859670 0.17665000 -0.41140100
v -0.08274000 0.17667200 -0.41151500
v -0.09245470 0.16131701 -0.41176701
v -0.09511980 0.19361500 -0.41095701
v -0.10994400 0.16455901 -0.41152701
v -0.11271400 0.18359600 -0.41103801
v -0.17357200 0.30943999 -0.40354499
v -0.17569201 0.32934499 -0.40125799
v -0.16029900 0.31648600 -0.40340400
v -0.18802400 0.30913100 -0.40281701
v -0.16317600 0.29580900 -0.40503699
v -0.18001300 0.29163200 -0.40467101
v -0.15937200 0.54839802 0.00564603
v -0.14918900 0.54544002 0.02326440
v -0.13820200 0.55310702 0.00798800
v -0.13317600 0.54935598 0.02335830
v -0.14144000 0.55745202 -0.00903482
v -0.12201000 0.56031299 -0.00404196
v -0.12008900 0.55511200 0.01437660
v -0.54139400 0.06567330 -0.27442700
v -0.53676897 0.08752790 -0.27619600
v -0.53046501 0.07363970 -0.28560099
v -0.54970998 0.07490780 -0.26234299
v -0.53178602 0.05615510 -0.28641599
v -0.54245001 0.04856520 -0.27531099
v -0.55304301 0.05227130 -0.26089099
v 0.19135500 0.21396400 0.34410700
v 0.17280699 0.21055999 0.34618500
v 0.18734500 0.19670700 0.34620100
v 0.20617500 0.19889601 0.34410900
v 0.20850401 0.21364300 0.34244901
v 0.19980399 0.22869800 0.34173399
v 0.17810000 0.23090100 0.34353501
v -0.14595400 0.37014300 -0.39714000
v -0.14467600 0.35273901 -0.40005800
v -0.16566201 0.35336101 -0.39855900
v -0.16438700 0.37428701 -0.39449301
v -0.14777300 0.38751200 -0.39245000
v -0.12552500 0.38507101 -0.39535299
v -0.12713900 0.36540300 -0.39913499
v 0.03874170 -0.12105700 0.36880100
v 0.01596840 -0.12650800 0.36897099
v 0.03008980 -0.13942000 0.36569399
v 0.02045210 -0.10888000 0.37306201
v 0.00990672 -0.14719500 0.36502200
v -0.00352679 -0.13024101 0.36861300
v 0.00143056 -0.11245000 0.37282300
v 0.10615700 -0.17454600 0.35516700
v 0.08592690 -0.17664900 0.35632601
v 0.09854880 -0.19158299 0.35357800
v 0.09507300 -0.16017300 0.35788700
v 0.11816300 -0.18809301 0.35261700
v 0.12735701 -0.16689400 0.35433400
v 0.11231100 -0.15929000 0.35656801
v 0.12491500 -0.14677900 0.35691699
v 0.14294200 -0.14771999 0.35502800
v 0.10659200 -0.14463300 0.35893300
v 0.11862500 -0.13209200 0.35934600
v 0.13562700 -0.13034999 0.35777000
v -0.00466584 0.21558300 0.35422599
v -0.02436450 0.21005200 0.35485300
v -0.00802205 0.19894201 0.35665801
v 0.01060270 0.20423999 0.35580400
v -0.02563250 0.19253100 0.35738599
v -0.00904450 0.18125300 0.35936001
v 0.00522361 0.18903500 0.35815001
v 0.27499700 0.19552401 0.33660701
v 0.25734401 0.18732101 0.33948800
v 0.27075800 0.17260800 0.33907700
v 0.25715199 0.20727000 0.33767399
v 0.28782001 0.17690700 0.33656701
v 0.29214299 0.19447400 0.33447501
v 0.28767601 0.21213600 0.33329299
v 0.27030000 0.21902700 0.33486301
v 0.27330700 -0.23894900 -0.40230900
v 0.25864801 -0.24836700 -0.40282500
v 0.25624099 -0.23163700 -0.40418801
v 0.24233299 -0.24533600 -0.40416101
v 0.25495499 -0.21210399 -0.40533400
v 0.23939200 -0.22390100 -0.40561399
v 0.26980701 -0.22181100 -0.40380099
v 0.18661800 -0.26394999 -0.40590200
v 0.20818301 -0.26623499 -0.40468901
v 0.20051201 -0.28325301 -0.40386999
v 0.19715700 -0.25098300 -0.40617701
v 0.17993400 -0.28244001 -0.40496200
v 0.16639900 -0.25191301 -0.40733501
v 0.16905500 -0.26877600 -0.40632600
v 0.18148001 -0.24177399 -0.40734300
v -0.57457298 0.11243100 -0.04603290
v -0.57118100 0.13110299 -0.04786050
v -0.57652599 0.12144900 -0.06336060
v -0.57898200 0.10495100 -0.05989250
v -0.56923401 0.12038100 -0.03053650
v -0.57205600 0.10236600 -0.02838680
v -0.57774198 0.09451980 -0.04634640
v 0.14335801 -0.11335200 0.35875899
v 0.15746100 -0.13018800 0.35538200
v 0.16257100 -0.11004800 0.35670799
v 0.15120099 -0.09522140 0.35955301
v 0.12065100 -0.11521800 0.36128801
v 0.13212100 -0.09738300 0.36188999
v -0.36772200 -0.00169453 0.33119899
v -0.35337099 -0.01736430 0.33406100
v -0.34823099 -0.00076965 0.33508500
v -0.33629501 -0.01331520 0.33716100
v -0.37260601 -0.02216900 0.32982701
v -0.35489801 -0.03618820 0.33352399
v -0.33669001 -0.02863210 0.33698800
v -0.38617900 -0.07425250 0.32565001
v -0.37045601 -0.06585830 0.32972899
v -0.38638300 -0.05464400 0.32603601
v -0.37108201 -0.08646020 0.32889500
v -0.40216601 -0.06450200 0.32087201
v -0.40123400 -0.08413160 0.32037500
v -0.38620701 -0.09125170 0.32482401
v 0.06922060 -0.22888701 0.35038701
v 0.06835180 -0.24419899 0.34840801
v 0.08529550 -0.23763999 0.34850299
v 0.08530050 -0.22229999 0.35047099
v 0.07812400 -0.25487900 0.34657201
v 0.10016800 -0.24961300 0.34622201
v 0.10325800 -0.22666800 0.34893799
v 0.02925540 -0.27655500 -0.40875801
v 0.04304610 -0.26394701 -0.40922400
v 0.04942080 -0.28218299 -0.40832499
v 0.06337500 -0.26971701 -0.40877900
v 0.06915020 -0.28820601 -0.40779999
v 0.05280370 -0.30234599 -0.40720099
v 0.03646900 -0.29179299 -0.40794399
v 0.15573600 -0.18036300 0.35042799
v 0.16709299 -0.19327401 0.34818000
v 0.17487900 -0.17507701 0.34924299
v 0.18638401 -0.18755201 0.34703499
v 0.16387600 -0.16496401 0.35118601
v 0.17963700 -0.15702701 0.35044399
v 0.19383900 -0.16873600 0.34803599
v 0.44199201 -0.39812499 -0.10317300
v 0.42990801 -0.41255999 -0.11152200
v 0.44178501 -0.40043899 -0.12278300
v 0.42992800 -0.40951800 -0.09225320
v 0.43079099 -0.41254300 -0.13158201
v 0.41747099 -0.42354399 -0.09965270
v 0.29989800 -0.26334101 0.32456601
v 0.28126901 -0.27955300 0.32566699
v 0.30096799 -0.28011999 0.32046300
v 0.31894499 -0.26726201 0.31737700
v 0.28178900 -0.26028001 0.32867399
v 0.31369999 -0.24734500 0.32398799
v 0.29615799 -0.24608500 0.32814199
v 0.21440400 -0.28181899 0.33437499
v 0.23172800 -0.27440399 0.33363301
v 0.21629900 -0.26343799 0.33653101
v 0.23370500 -0.25571799 0.33566800
v 0.21855500 -0.24516700 0.33838600
v 0.19885699 -0.25204101 0.33939901
v 0.19911900 -0.27194399 0.33701000
v 0.28802201 -0.23070200 0.33155099
v 0.30664700 -0.22916500 0.32837901
v 0.29635999 -0.21340200 0.33212399
v 0.27695701 -0.21728800 0.33461699
v 0.26887000 -0.23530100 0.33381599
v 0.27992499 -0.24534300 0.33104500
v -0.51728302 0.04091770 0.14739600
v -0.52455598 0.03964620 0.12967101
v -0.52143401 0.02319490 0.13968000
v -0.51483798 0.02406350 0.15749000
v -0.52862400 0.02071670 0.12270000
v -0.52334899 0.00278148 0.13572600
v -0.51698399 0.01010710 0.15075500
v -0.50441700 0.21373101 0.07797970
v -0.51379400 0.19720000 0.07092020
v -0.50765097 0.19517700 0.08796960
v -0.51713002 0.17683400 0.08048530
v -0.51081401 0.21463200 0.06119650
v -0.52001899 0.19925000 0.05295010
v -0.52256399 0.18215901 0.06222810
v -0.51360899 0.25912100 -0.00135907
v -0.51469702 0.26755399 -0.01868990
v -0.52299398 0.25027499 -0.01831460
v -0.50385797 0.27829000 -0.00155379
v -0.52155697 0.24185100 -0.00077360
v -0.51226199 0.24931499 0.01650900
v -0.50438702 0.26589000 0.01582530
v -0.82262701 -0.05963660 -0.01173010
v -0.80595601 -0.06147470 -0.02192170
v -0.80696201 -0.06163380 -0.00300208
v -0.82132602 -0.05335370 -0.02881560
v -0.82357502 -0.06185740 0.00634305
v -0.83584201 -0.04744720 -0.01765040
v -0.83885598 -0.05359020 -0.00123348
v -0.53200901 0.00316367 0.11566800
v -0.53498501 -0.01340110 0.10812800
v -0.52742499 -0.01406140 0.12606201
v -0.52955598 -0.03092440 0.11914000
v -0.51983601 -0.01798470 0.14386199
v -0.52344400 -0.03030530 0.13396899
v 0.52284199 -0.25323799 -0.21679100
v 0.51449299 -0.27123201 -0.21534300
v 0.51081997 -0.26179400 -0.23165999
v 0.52405298 -0.26372600 -0.20063400
v 0.51969397 -0.24352500 -0.23160300
v 0.53108001 -0.23376100 -0.21725200
v 0.53237998 -0.24473301 -0.20221500
v 0.51547599 -0.23302600 -0.24583501
v 0.50675899 -0.25132501 -0.24609800
v 0.50197899 -0.23746599 -0.26098600
v 0.51213503 -0.22148401 -0.25728399
v 0.52741998 -0.22433899 -0.23199800
v 0.52241802 -0.21413700 -0.24656200
v 0.03238280 0.25869000 -0.40932000
v 0.05172040 0.25889701 -0.40921199
v 0.04810050 0.24367701 -0.40982601
v 0.04512910 0.27543700 -0.40846300
v 0.01420210 0.26806900 -0.40895700
v 0.02802160 0.28180599 -0.40825200
v 0.02900680 0.23716700 -0.41012901
v 0.01331980 0.24837901 -0.40976501
v 0.13976701 -0.28092501 -0.40654099
v 0.13432500 -0.26172599 -0.40777200
v 0.15216100 -0.26449201 -0.40710399
v 0.12157600 -0.27959400 -0.40718400
v 0.14789701 -0.29835999 -0.40503600
v 0.15917400 -0.28214300 -0.40580100
v 0.12847000 -0.29824600 -0.40578401
v -0.12665100 0.34687501 -0.40167999
v -0.10990100 0.33645800 -0.40338799
v -0.12653100 0.32775599 -0.40370101
v -0.10997600 0.35579500 -0.40118101
v -0.11120100 0.31687099 -0.40508199
v -0.09299340 0.34522700 -0.40291801
v -0.09358610 0.32613701 -0.40472299
v -0.20552100 0.27677101 0.33594400
v -0.22744501 0.27157700 0.33424300
v -0.21484900 0.25750101 0.33746600
v -0.19467901 0.25794199 0.33940101
v -0.18864100 0.29024199 0.33576199
v -0.20642400 0.29838401 0.33281001
v -0.18281800 0.27300799 0.33855200
v -0.22366101 0.28944099 0.33212399
v -0.84993100 0.00862330 0.20999700
v -0.85798103 0.02285790 0.19945300
v -0.86337298 0.00707314 0.19885300
v -0.85949898 -0.00798537 0.20318601
v -0.87194401 0.01472650 0.18688001
v -0.87243801 -0.00461570 0.18895900
v -0.48566300 0.12277800 0.19064200
v -0.47687501 0.13216101 0.20449300
v -0.48199701 0.14215100 0.18748400
v -0.47310200 0.15174299 0.19998901
v -0.49089000 0.13190600 0.17416000
v -0.48662299 0.15138800 0.17119101
v -0.47705701 0.16230200 0.18417899
v -0.44102800 0.14309500 0.26805499
v -0.43403700 0.16171101 0.26903400
v -0.44406801 0.15638000 0.25459000
v -0.43017101 0.14844400 0.28232399
v -0.43712300 0.17457600 0.25493401
v -0.42619199 0.18013500 0.27000299
v -0.42316300 0.16706100 0.28293300
v 0.08195230 0.16661200 -0.41171500
v 0.10134400 0.17409199 -0.41131401
v 0.09405540 0.15568499 -0.41183701
v 0.07922640 0.14677000 -0.41211301
v 0.06448530 0.15827499 -0.41199499
v 0.06808080 0.17887500 -0.41152799
v 0.08581430 0.18711101 -0.41115400
v 0.05638230 -0.00027982 -0.41352499
v 0.05694510 0.01727390 -0.41348401
v 0.07274590 0.01412460 -0.41338301
v 0.07790250 -0.00331906 -0.41333899
v 0.04978960 -0.01904740 -0.41352901
v 0.03535750 -0.00530023 -0.41360801
v 0.06614460 -0.01503300 -0.41343200
v 0.04164580 0.01327930 -0.41356400
v 0.12976401 -0.24245000 -0.40877399
v 0.14792401 -0.24496201 -0.40821499
v 0.11635300 -0.26070300 -0.40829900
v 0.35497099 0.07382020 -0.40256900
v 0.36174199 0.09265970 -0.40104201
v 0.37446901 0.07632630 -0.39975399
v 0.36967599 0.05424250 -0.40106699
v 0.37973800 0.09283360 -0.39802399
v 0.39359099 0.08157860 -0.39545801
v 0.38909799 0.06208460 -0.39759901
v 0.31668001 -0.15941601 0.33382499
v 0.32716000 -0.14707300 0.33305600
v 0.30959699 -0.13929801 0.33633500
v 0.33470699 -0.16300800 0.33028999
v 0.32939401 -0.13115200 0.33371401
v 0.34597799 -0.14477400 0.32960999
v 0.29709899 -0.07036940 0.34157401
v 0.27727401 -0.07346710 0.34422001
v 0.28996500 -0.08883370 0.34183499
v 0.28439501 -0.05513530 0.34383199
v 0.30966699 -0.08414280 0.33917099
v 0.31711000 -0.06494100 0.33876699
v 0.30291900 -0.05186470 0.34130600
v 0.18169400 -0.22171199 -0.40827700
v 0.19736800 -0.23286700 -0.40713200
v 0.20265999 -0.21128000 -0.40788999
v 0.16347300 -0.23213500 -0.40838301
v 0.16456699 -0.21308500 -0.40907300
v 0.18455000 -0.20251200 -0.40885499
v 0.14369400 -0.22363700 -0.40918899
v 0.12192900 -0.22512500 -0.40959200
v 0.11099900 -0.24285600 -0.40914601
v -0.02244890 0.11141200 0.49769300
v -0.02633180 0.10766800 0.47975799
v -0.03916100 0.10472900 0.49283299
v -0.00859057 0.11353100 0.48637199
v -0.04239340 0.09789910 0.47541600
v -0.02736920 0.09379340 0.46364599
v -0.01080670 0.10268100 0.46945599
v -0.42021000 0.35922700 0.06722560
v -0.41107199 0.37435499 0.05840770
v -0.42687801 0.36242500 0.04728520
v -0.41436800 0.37872201 0.04283520
v -0.42338899 0.37517700 0.03005620
v -0.43735000 0.35919899 0.02975870
v -0.46450499 0.36080599 -0.04945200
v -0.47473001 0.34487501 -0.04362260
v -0.46381801 0.35462400 -0.03081740
v -0.45273101 0.37001199 -0.03465580
v -0.46326599 0.36785001 -0.06727560
v -0.47572100 0.35060701 -0.06489730
v -0.45269600 0.37620801 -0.05193460
v -0.42812300 0.41545701 -0.09987890
v -0.42366800 0.41600800 -0.07910940
v -0.41456899 0.42738101 -0.09138250
v -0.40912399 0.42858300 -0.07332910
v -0.43671200 0.40429899 -0.08794210
v -0.43205801 0.40417701 -0.06655510
v -0.41860801 0.41592801 -0.05956890
v -0.03117590 -0.49883699 0.18750300
v -0.01980690 -0.50562501 0.17336801
v -0.00896579 -0.50004101 0.18629700
v -0.00228960 -0.50756902 0.16919500
v -0.03831430 -0.50664401 0.16917700
v -0.02216110 -0.51280099 0.15648200
v -0.38888901 0.44156399 -0.05289900
v -0.40390199 0.42897099 -0.05618080
v -0.39801899 0.42898601 -0.03871140
v -0.41249099 0.41617399 -0.04146360
v -0.38357499 0.44027001 -0.03419600
v -0.39116001 0.42853901 -0.01969470
v -0.40454000 0.41745299 -0.02330060
v -0.37768900 0.43826199 -0.01397860
v -0.38532400 0.42610499 0.00064253
v -0.37153199 0.43618199 0.00566734
v -0.36383599 0.44810399 -0.00966123
v -0.38059601 0.42253700 0.01964870
v -0.36269301 0.43614700 0.02367040
v -0.35617399 0.44801900 0.00715650
v -0.47141501 0.33413300 -0.00777977
v -0.46300301 0.34737301 -0.01150160
v -0.47344300 0.33895299 -0.02465310
v -0.46330500 0.33788899 0.00711485
v -0.48121801 0.32329300 -0.01514550
v -0.47486699 0.32303199 0.00403688
v 0.04586850 -0.38726300 -0.39866701
v 0.05338960 -0.36919901 -0.40121201
v 0.04176190 -0.35426301 -0.40320000
v 0.05783930 -0.35253900 -0.40308699
v -0.29789501 0.08524760 0.34169400
v -0.28152400 0.07809330 0.34420899
v -0.27968201 0.09496100 0.34377500
v -0.28966001 0.06379020 0.34351900
v -0.26567400 0.08236410 0.34608299
v -0.27136701 0.06414420 0.34593800
v -0.20884800 0.19126500 0.34521401
v -0.21897800 0.20720799 0.34261501
v -0.22718400 0.18962900 0.34346601
v -0.21852300 0.17633700 0.34560099
v -0.23525600 0.20384300 0.34119099
v -0.24509400 0.18948400 0.34143800
v -0.23599400 0.17012300 0.34420899
v -0.12810600 0.23059300 0.34760901
v -0.11339100 0.21640900 0.35016501
v -0.10842500 0.23393500 0.34833801
v -0.12347200 0.24872699 0.34568000
v -0.13077401 0.21486300 0.34926301
v -0.14858700 0.22364800 0.34703800
v -0.14279300 0.24390700 0.34508699
v -0.10201800 0.48756599 0.19354600
v -0.08452640 0.49104199 0.19236299
v -0.09793380 0.49546701 0.17700900
v -0.09380060 0.48237601 0.20830700
v -0.11856300 0.48712200 0.18651500
v -0.11328400 0.48029399 0.20448001
v -0.05635810 -0.08366260 0.46850300
v -0.06546200 -0.06722080 0.45924899
v -0.04701440 -0.07231760 0.45217299
v -0.03870720 -0.09051980 0.46522301
v -0.07392970 -0.07695840 0.47415599
v -0.04731200 -0.09929010 0.48077300
v -0.06446600 -0.09147590 0.48523501
v 0.10348300 0.26218700 -0.40834799
v 0.09240080 0.28113899 -0.40762001
v 0.10971500 0.27680501 -0.40748200
v 0.10287400 0.29520300 -0.40655199
v 0.08295910 0.26533100 -0.40856200
v 0.07315130 0.28544599 -0.40767199
v 0.08292980 0.30114999 -0.40658700
v 0.00308612 0.31832701 -0.40626499
v 0.00048984 0.33776700 -0.40478301
v 0.01963640 0.32709199 -0.40558600
v -0.01620140 0.32851401 -0.40550399
v 0.02142900 0.30440900 -0.40705800
v 0.00206429 0.29866499 -0.40743899
v -0.01393770 0.30997899 -0.40676999
v -0.53359002 0.26947701 -0.14797799
v -0.52683300 0.28307301 -0.14445999
v -0.52568799 0.28255400 -0.16336900
v -0.51925498 0.29581201 -0.14990500
v -0.53063798 0.27523401 -0.12967400
v -0.52249902 0.29063299 -0.13018000
v 0.44629401 -0.07980260 0.28035101
v 0.45106801 -0.09430450 0.26768699
v 0.45624399 -0.07558220 0.26452401
v 0.45194501 -0.06162300 0.27569500
v 0.44044101 -0.09725340 0.28386301
v 0.43372801 -0.08241540 0.29575300
v 0.44043699 -0.06545010 0.29163900
v -0.25450000 0.06750880 -0.40962401
v -0.25460699 0.08791840 -0.40932399
v -0.23802100 0.07584510 -0.41008201
v -0.27111000 0.07921690 -0.40877301
v -0.26991799 0.05733370 -0.40908101
v -0.25410700 0.04628760 -0.40982801
v -0.23838100 0.05471820 -0.41028601
v -0.30198601 -0.00927085 -0.40770900
v -0.31573400 0.00466847 -0.40691900
v -0.29810500 0.01123940 -0.40793300
v -0.31058499 0.02209420 -0.40719599
v -0.32595900 0.02236430 -0.40612301
v -0.31989101 0.35132399 0.24674600
v -0.31924000 0.33930901 0.26548699
v -0.30645600 0.35295099 0.26208800
v -0.32969201 0.33669299 0.25497499
v -0.30676401 0.34058699 0.27848500
v -0.32040900 0.32595399 0.28086701
v -0.33240300 0.32470399 0.26793200
v -0.23470099 0.40050799 0.26650101
v -0.25155601 0.39056700 0.26623800
v -0.23896600 0.38662800 0.28300300
v -0.25457099 0.37966701 0.27956900
v -0.24898800 0.40144199 0.25127399
v -0.26559401 0.39076301 0.25141799
v -0.26635599 0.37976500 0.26808801
v -0.24965200 0.37120599 0.29389799
v -0.26546401 0.36829001 0.28470200
v -0.26108101 0.35490999 0.30074999
v -0.27978101 0.36723900 0.27245101
v -0.27870101 0.35518900 0.28832999
v -0.81272399 0.06259610 0.00490823
v -0.80445802 0.06291010 -0.01018310
v -0.81985599 0.05901110 -0.01443140
v -0.80276000 0.06155130 -0.02669440
v -0.79603702 0.05885480 0.00313049
v -0.78957897 0.06060880 -0.01439740
v -0.33456200 -0.06918790 -0.40472600
v -0.34044299 -0.05159070 -0.40448400
v -0.32211599 -0.05885710 -0.40594700
v -0.32085401 -0.08064040 -0.40567601
v -0.30658001 -0.04956120 -0.40711901
v -0.30498701 -0.07172420 -0.40696001
v -0.45777300 0.31074500 -0.26693401
v -0.44125599 0.31475499 -0.28013501
v -0.45543399 0.29743999 -0.27822700
v -0.47014400 0.29371101 -0.26563299
v -0.44797501 0.32723001 -0.26469401
v -0.47080800 0.30884701 -0.25358301
v -0.46040401 0.32189700 -0.25539401
v 0.15451901 -0.42692801 -0.36078599
v 0.15191901 -0.44085801 -0.34761900
v 0.13711400 -0.43600801 -0.35703400
v 0.13916300 -0.42224699 -0.37192801
v 0.12225000 -0.44759899 -0.35017601
v 0.12027200 -0.43221101 -0.36739600
v 0.13657500 -0.44905901 -0.34455299
v 0.54987699 -0.03272870 0.05825480
v 0.54800200 -0.01360400 0.06533540
v 0.54360700 -0.03629730 0.07504110
v 0.54532200 -0.05326960 0.06706250
v 0.54084498 -0.02033110 0.08399730
v 0.53693199 -0.03921500 0.09192750
v 0.53896302 -0.05710800 0.08308970
v 0.55626202 -0.07700610 0.02996030
v 0.54991001 -0.07881520 0.04630320
v 0.55019599 -0.09288440 0.03950470
v 0.55700201 -0.09137390 0.02046740
v 0.56598598 -0.07544650 0.01376430
v 0.56408101 -0.06091620 0.02276120
v 0.55440903 -0.06324410 0.03999330
v 0.52329302 -0.11916900 0.09970320
v 0.52535301 -0.13612901 0.08478400
v 0.53114200 -0.11406700 0.08278420
v 0.52830201 -0.10026100 0.09608030
v 0.53363502 -0.12784301 0.06871780
v 0.53601402 -0.09444690 0.07872830
v 0.53849101 -0.10934700 0.06574470
v 0.42839900 -0.38561699 -0.01171530
v 0.41639599 -0.39308801 0.00129477
v 0.41762599 -0.39944199 -0.01705070
v 0.42939699 -0.39109299 -0.02801950
v 0.43950000 -0.37905499 -0.02694530
v 0.43956500 -0.37126100 -0.00885000
v 0.42827699 -0.37772599 0.00609187
v 0.44202501 -0.39442599 -0.08435450
v 0.42940801 -0.40579301 -0.07350690
v 0.44100201 -0.39080501 -0.06571500
v 0.41688800 -0.42033800 -0.08046230
v 0.42729101 -0.40279400 -0.05490960
v 0.41576099 -0.41680199 -0.06226290
v 0.48000199 -0.31686601 -0.00988125
v 0.46963200 -0.33038601 -0.00573667
v 0.47590801 -0.33026800 -0.02494770
v 0.46498001 -0.34326801 -0.01936320
v 0.46137500 -0.33309600 0.01178840
v 0.45993999 -0.34220800 -0.00227420
v 0.47302499 -0.31665200 0.01085530
v 0.28621200 0.11997700 0.34063900
v 0.29683301 0.13752501 0.33816701
v 0.27743801 0.13537800 0.34086400
v 0.27067199 0.11520400 0.34290999
v 0.30057299 0.11459000 0.33894500
v 0.28521699 0.09862920 0.34177700
v 0.33717799 0.03717450 0.33625999
v 0.31608599 0.03653770 0.33943501
v 0.33014500 0.02030690 0.33756599
v 0.35310900 0.02083660 0.33391199
v 0.30896801 0.01914340 0.34073001
v 0.34114000 0.00301523 0.33597100
v 0.32052201 0.00340676 0.33917001
v 0.44806999 -0.29059100 0.10871800
v 0.43586299 -0.29720500 0.12469800
v 0.43741801 -0.30826199 0.10653200
v 0.44892099 -0.27767199 0.12318700
v 0.42778200 -0.31353801 0.11834600
v 0.42105299 -0.31111401 0.13474301
v 0.43921801 -0.28150401 0.13810000
v 0.42605901 -0.29703799 0.14421600
v 0.34863499 0.47741500 -0.07699980
v 0.35561299 0.46841601 -0.06069660
v 0.36487800 0.46525401 -0.07713420
v 0.35724899 0.47404599 -0.09308490
v 0.37179500 0.45606899 -0.06176550
v 0.37306401 0.46183601 -0.09402970
v 0.38079399 0.45266101 -0.07883210
v -0.00939500 0.06563870 0.52122301
v -0.01544710 0.04806170 0.52280802
v 0.00466292 0.05227700 0.52261901
v -0.00025373 0.03552850 0.52354199
v 0.01021600 0.06904070 0.52088898
v 0.01877230 0.03844580 0.52313101
v 0.02487290 0.05512100 0.52178901
v 0.10288500 -0.27759400 -0.40778601
v 0.10934400 -0.29611000 -0.40651399
v 0.08939240 -0.29236600 -0.40722200
v 0.11758100 -0.31648800 -0.40475500
v 0.09585020 -0.31009701 -0.40589300
v 0.06543200 0.23000000 0.35091501
v 0.08584920 0.22357599 0.35091701
v 0.07796220 0.24045300 0.34901899
v 0.06947270 0.21171799 0.35322699
v 0.06407070 0.24962300 0.34827101
v 0.04895450 0.23868699 0.35024601
v 0.04920280 0.21675999 0.35325301
v 0.13940801 0.21418799 0.34866399
v 0.12024500 0.20694301 0.35098699
v 0.13685200 0.19446400 0.35109901
v 0.12060500 0.18440200 0.35360801
v 0.12468400 0.22778200 0.34812599
v 0.10667200 0.22539499 0.34957501
v 0.10065100 0.20792800 0.35216501
v 0.10835100 0.19296700 0.35355699
v 0.13597199 0.17178600 0.35360000
v 0.15216400 0.18443000 0.35079700
v 0.15446299 0.20333400 0.34859699
v 0.15300500 0.16790999 0.35236901
v 0.16779600 0.17337300 0.35037601
v 0.16951001 0.19192401 0.34839499
v 0.42416400 -0.09342600 -0.38276300
v 0.40683201 -0.10035600 -0.39117199
v 0.41090500 -0.08110480 -0.39097100
v 0.41887099 -0.11244000 -0.38338101
v 0.43287599 -0.10534400 -0.37030399
v 0.43822399 -0.08608570 -0.36894000
v 0.42775699 -0.07465190 -0.38173699
v -0.22984000 0.54169601 -0.05751930
v -0.21373600 0.54547000 -0.04612580
v -0.21595100 0.54839498 -0.06260000
v -0.19858401 0.55357403 -0.05789940
v -0.22755700 0.54645097 -0.07635450
v -0.21082000 0.55320698 -0.07755080
v -0.34976101 0.40114999 -0.29065099
v -0.35000500 0.41667899 -0.27746400
v -0.33598199 0.41514999 -0.28864300
v -0.33530599 0.39853501 -0.30191600
v -0.36352500 0.40485901 -0.27725899
v -0.36515000 0.38911399 -0.28897101
v -0.35107201 0.38495699 -0.30177000
v 0.46604899 0.00272951 -0.34621999
v 0.45370400 -0.00687135 -0.35935301
v 0.45492700 0.01890140 -0.35774499
v 0.44181699 0.00792018 -0.37422401
v 0.46712101 -0.01736290 -0.34485301
v 0.45773399 -0.03019330 -0.35326299
v 0.44664401 -0.02730120 -0.36715499
v 0.44298401 -0.01114570 -0.37323499
v -0.17448300 0.43197599 0.26238000
v -0.19153599 0.42974499 0.25402901
v -0.19174200 0.41921499 0.27123699
v -0.17084999 0.42352700 0.27789199
v -0.17609400 0.44046301 0.24610600
v -0.15830800 0.44378099 0.25189099
v -0.15611100 0.43529600 0.26811299
v -0.44734800 0.20154400 -0.32834899
v -0.47783700 0.20170900 -0.30382401
v -0.46056300 0.21090600 -0.31494299
v -0.02473670 0.37920099 0.32851100
v -0.02015600 0.40107799 0.32274699
v -0.03865010 0.39494601 0.32394901
v -0.00655239 0.38898900 0.32657701
v -0.03213290 0.41404599 0.31685299
v -0.01356710 0.41957700 0.31426501
v -0.00121596 0.40737501 0.32069001
v 0.47887400 0.04152950 0.22816400
v 0.48544601 0.04672940 0.21257301
v 0.47868401 0.06057890 0.22434101
v 0.47157300 0.05503700 0.24066000
v 0.48527601 0.03018340 0.21576400
v 0.47173500 0.03615290 0.24377701
v 0.47988299 0.02290580 0.22827700
v 0.46217501 -0.00519442 0.26517799
v 0.45999300 -0.02451780 0.26785299
v 0.46834400 -0.01821220 0.25240600
v 0.47074699 0.00051749 0.24830700
v 0.45454800 0.00673808 0.27861601
v 0.45288900 -0.01190220 0.28105101
v 0.46349600 0.01341910 0.26228300
v -0.14233799 0.41508701 -0.37871099
v -0.12738501 0.41775399 -0.38022599
v -0.13454001 0.40186700 -0.38829401
v -0.14023300 0.42853200 -0.36697599
v -0.11045200 0.42133701 -0.38093299
v -0.11535000 0.40400100 -0.38988200
v -0.12397100 0.43302599 -0.36705199
v 0.33677500 -0.38857800 0.15857400
v 0.32530400 -0.40151101 0.15279800
v 0.34022799 -0.39492300 0.14166200
v 0.32347599 -0.39328900 0.17018600
v 0.31365499 -0.41409701 0.14616001
v 0.31076199 -0.40689099 0.16371900
v 0.32859799 -0.40810299 0.13538800
v 0.38054201 -0.37568000 0.10808300
v 0.39087999 -0.36266500 0.11191700
v 0.38171101 -0.36473799 0.12488500
v 0.36893001 -0.37997600 0.12082700
v 0.39268801 -0.36972499 0.09612320
v 0.38116100 -0.38488099 0.09027390
v 0.36871099 -0.39009500 0.10306300
v -0.26055101 0.47227001 0.10032700
v -0.25019899 0.46989000 0.11792300
v -0.24365100 0.48009700 0.10237000
v -0.26834500 0.46118400 0.11528200
v -0.25267899 0.48317599 0.08472050
v -0.27009600 0.47486699 0.08238350
v -0.27722600 0.46417499 0.09737460
v -0.19844300 0.49401799 0.11631800
v -0.18489701 0.49499601 0.12553900
v -0.18593800 0.50216103 0.10750800
v -0.20280100 0.49931601 0.09944270
v -0.21473300 0.48814201 0.11477500
v -0.20152600 0.48596901 0.13215099
v -0.28000700 0.48957399 0.03294280
v -0.29459101 0.48542100 0.02120410
v -0.29841599 0.47813901 0.03423950
v -0.28841200 0.47803900 0.04977490
v -0.28434801 0.49428099 0.01297730
v -0.27050999 0.48766601 0.05138360
v -0.26065201 0.49829099 0.03735550
v -0.26736200 0.50139201 0.01932030
v -0.19171700 0.52253902 0.05076150
v -0.17681700 0.52313697 0.06236050
v -0.17317601 0.53089398 0.04471970
v -0.18598300 0.53121299 0.03235220
v -0.19311500 0.51495302 0.06932100
v -0.21095200 0.51256800 0.05836140
v -0.20474599 0.52234298 0.03838750
v -0.19377799 0.53895301 0.00184432
v -0.17720801 0.54672903 -0.00567577
v -0.19421300 0.54454601 -0.01712020
v -0.17971100 0.53985202 0.01339830
v -0.20841800 0.53151000 0.00824750
v -0.19815899 0.53129202 0.02020040
v -0.20934600 0.53643203 -0.00853767
v -0.28108901 0.50630301 -0.01728330
v -0.27417201 0.50406802 0.00098080
v -0.26660901 0.51218200 -0.01132000
v -0.25570300 0.51253599 0.00413710
v -0.26840100 0.51678097 -0.03006230
v -0.25363401 0.52018601 -0.01639050
v 0.64073002 -0.06188420 -0.18197000
v 0.65816402 -0.05158820 -0.17576200
v 0.65027797 -0.07297730 -0.17201699
v 0.64259797 -0.04332800 -0.18673500
v 0.66646397 -0.06902080 -0.16440301
v 0.67452902 -0.05042140 -0.16578101
v 0.67056799 -0.03140540 -0.17253201
v 0.65539402 -0.03070390 -0.18221600
v 0.56721801 -0.09853230 -0.22377799
v 0.56904697 -0.11565800 -0.21390700
v 0.55906498 -0.11141200 -0.23294801
v 0.57809901 -0.10127800 -0.20572101
v 0.55590898 -0.09232670 -0.24376000
v 0.56594300 -0.08349360 -0.23023300
v 0.57548898 -0.08426600 -0.21511801
v -0.21757101 0.53956199 -0.21698600
v -0.23435900 0.52793097 -0.22604500
v -0.23339000 0.53745598 -0.20624299
v -0.21556200 0.53151399 -0.23386601
v -0.21584100 0.54679197 -0.19990700
v -0.19953500 0.54845399 -0.21188501
v -0.20305701 0.54098898 -0.22568899
v -0.19833601 0.56252599 -0.15224899
v -0.19877300 0.56299102 -0.13108601
v -0.18336800 0.56784999 -0.14364500
v -0.18209299 0.56794298 -0.12340000
v -0.21364500 0.55773199 -0.13941500
v -0.21483900 0.55664098 -0.11630400
v -0.19605200 0.56279600 -0.11141800
v -0.31306601 0.50326198 -0.18211301
v -0.31103900 0.50855601 -0.16279300
v -0.29791901 0.51367199 -0.17682700
v -0.29559001 0.51809901 -0.15828300
v -0.32541999 0.49868500 -0.16724700
v -0.32341400 0.50224799 -0.14742000
v -0.30789301 0.51211900 -0.14375500
v -0.26236999 0.53647101 -0.14679900
v -0.27447701 0.53062099 -0.13449900
v -0.25785601 0.53883702 -0.12748300
v -0.27085200 0.53176701 -0.11604000
v -0.24357900 0.54535401 -0.12264000
v -0.25321701 0.53960103 -0.10683700
v -0.24428500 0.54504299 -0.14237700
v -0.30170199 0.51551300 -0.12379800
v -0.29141101 0.52160603 -0.13997801
v -0.28523701 0.52477801 -0.12458500
v -0.31972101 0.50495899 -0.12909999
v -0.31477401 0.50711900 -0.11398000
v -0.30233499 0.51339602 -0.10383000
v -0.28633901 0.52292597 -0.10925500
v 0.50741798 0.01458810 -0.30999401
v 0.52051800 0.00674067 -0.29790899
v 0.50706297 -0.00795379 -0.31053501
v 0.52032900 -0.00975973 -0.29822499
v 0.52008301 0.02658070 -0.29756299
v 0.53251398 0.01882190 -0.28518799
v 0.53285003 -0.00448586 -0.28528899
v -0.07671410 0.53769797 0.08413760
v -0.09517310 0.53569502 0.08195060
v -0.08483210 0.52971202 0.10131300
v -0.10693100 0.52886999 0.09377200
v -0.08681830 0.54171699 0.06996080
v -0.10193800 0.54184699 0.06286330
v -0.11365500 0.53494298 0.07490360
v 0.77530301 -0.05618410 -0.02824800
v 0.78175497 -0.04529650 -0.01887950
v 0.77666098 -0.06488720 -0.01397040
v 0.78482300 -0.05290800 -0.00176437
v 0.77662200 -0.03939050 -0.03627310
v 0.78315198 -0.02643560 -0.02501380
v 0.78855699 -0.03345520 -0.00621603
v 0.45913601 0.16801400 0.21198900
v 0.45774099 0.15301999 0.22520000
v 0.46717000 0.15231900 0.20640500
v 0.46667600 0.13517700 0.21794300
v 0.46763000 0.16855700 0.19413900
v 0.47667101 0.13574199 0.19631100
v 0.47526100 0.15379500 0.18806800
v 0.46013001 0.18396500 0.19774599
v 0.45137599 0.18397699 0.21526900
v 0.45165101 0.19978100 0.20155700
v 0.46943399 0.18508600 0.17751400
v 0.45985299 0.20021001 0.18456800
v 0.84574699 -0.05421530 0.22428100
v 0.83924198 -0.05329100 0.20459700
v 0.85238999 -0.04542810 0.21106300
v 0.86263698 -0.04144550 0.22299300
v 0.82648897 -0.06091500 0.21522801
v 0.82967001 -0.05997570 0.23422700
v 0.84549302 -0.05646640 0.24261300
v 0.86017799 -0.04946500 0.23971300
v 0.07461780 0.47493100 0.22977000
v 0.06507180 0.48469400 0.21187200
v 0.05521600 0.47702301 0.23068100
v 0.04386230 0.48457801 0.21693701
v 0.04651170 0.47024101 0.24650200
v 0.03439770 0.47766900 0.23329800
v 0.06677050 0.46838400 0.24545600
v -0.68205303 -0.05893440 0.21009199
v -0.65983599 -0.05490350 0.20718300
v -0.66944999 -0.05766660 0.22532600
v -0.64869702 -0.05812990 0.22404900
v -0.68984699 -0.05632480 0.22570600
v -0.67902398 -0.04476810 0.24050900
v -0.65817600 -0.04993490 0.23840301
v -0.19435801 -0.03057090 0.35705101
v -0.18549401 -0.01001620 0.35863900
v -0.20646000 -0.01452460 0.35543299
v -0.17327300 -0.02190990 0.36055899
v -0.17675200 0.00858216 0.35982800
v -0.16466200 -0.00336339 0.36208701
v 0.32665899 0.17877001 0.33059901
v 0.32265699 0.19727001 0.32958499
v 0.30671200 0.18287700 0.33343601
v 0.30484301 0.20491500 0.33164600
v 0.33756801 0.20942600 0.32480901
v 0.34143099 0.19165599 0.32621899
v 0.31971300 0.21608800 0.32770401
v 0.26507601 0.24004699 0.33309901
v 0.25240299 0.22732601 0.33616200
v 0.24637300 0.24638100 0.33469400
v 0.23307900 0.23459201 0.33759299
v 0.23918000 0.21579100 0.33891201
v 0.28041801 0.24311399 -0.40111500
v 0.28163201 0.26040801 -0.39934999
v 0.29617500 0.24808100 -0.39896101
v 0.28880301 0.22913800 -0.40144500
v 0.26589099 0.24803799 -0.40194201
v 0.27016601 0.22875300 -0.40308499
v 0.41716900 0.33053300 0.11390600
v 0.42002600 0.31728199 0.12812500
v 0.42965299 0.31565899 0.11169400
v 0.40751299 0.33201599 0.12999199
v 0.42640701 0.32919300 0.09761010
v 0.41367000 0.34406400 0.09931260
v 0.40440199 0.34510800 0.11546400
v 0.49337700 0.30805799 -0.03543450
v 0.48395601 0.31960899 -0.02769250
v 0.48865500 0.30695701 -0.01702170
v 0.49923101 0.29292500 -0.02438550
v 0.47740000 0.32268199 -0.01318000
v 0.48172000 0.30884200 0.00004813
v 0.49319500 0.29255900 -0.00475227
v 0.09991950 0.51226997 -0.29815000
v 0.09095010 0.52720302 -0.28479800
v 0.10816600 0.52241403 -0.28629801
v 0.07828610 0.51875597 -0.29556099
v 0.10548300 0.53389502 -0.27394801
v 0.08628140 0.53965598 -0.27133301
v 0.07116740 0.53219903 -0.28259900
v 0.17277101 0.33789101 0.32935199
v 0.15830800 0.32598799 0.33260101
v 0.17626899 0.31931201 0.33223301
v 0.15527099 0.34469199 0.32959399
v 0.19026400 0.33292001 0.32859400
v 0.18505900 0.35158300 0.32495499
v 0.16867800 0.35383400 0.32635701
v 0.22175300 -0.46932799 0.14637500
v 0.23871499 -0.46335301 0.14162400
v 0.23380999 -0.45695099 0.16011900
v 0.25419301 -0.45156699 0.14875400
v 0.22732700 -0.47452101 0.12927000
v 0.24339500 -0.46915901 0.12358300
v 0.25218299 -0.46004799 0.13339099
v 0.27689701 -0.47490099 0.06861700
v 0.27297899 -0.47062799 0.08385860
v 0.25942001 -0.48310301 0.07266290
v 0.26515001 -0.48534900 0.05961990
v 0.25510100 -0.47868001 0.08837680
v 0.24203500 -0.49023700 0.07669530
v 0.24837500 -0.49452800 0.05840540
v 0.32966599 -0.41589299 0.11861800
v 0.31511599 -0.42760599 0.11745300
v 0.32815501 -0.42607301 0.10065400
v 0.31011301 -0.43815801 0.10322900
v 0.33514100 -0.43022400 0.08105480
v 0.34487000 -0.41775599 0.09062190
v 0.31895101 -0.43950900 0.08690540
v 0.34292501 -0.41054299 0.10782200
v 0.40748301 -0.41269699 -0.02469930
v 0.42229900 -0.40170500 -0.03608430
v 0.40456399 -0.40794101 -0.00515625
v 0.41249099 -0.41454101 -0.04402980
v 0.39785200 -0.42577401 -0.03537550
v 0.39222401 -0.42300299 -0.01333080
v 0.45063800 0.28961101 -0.28435400
v 0.43686399 0.29934400 -0.29087099
v 0.44632101 0.30936399 -0.27644199
v 0.46022001 0.29971001 -0.26891899
v 0.43354699 0.31633401 -0.28365400
v 0.45481601 0.32052001 -0.25983700
v 0.43830699 0.32769999 -0.27170801
v 0.62001002 0.08951940 -0.17917299
v 0.63639402 0.09572370 -0.16652100
v 0.63852602 0.07962450 -0.17573901
v 0.61981201 0.07409550 -0.18752600
v 0.65606397 0.08545980 -0.16260400
v 0.65577400 0.06669190 -0.17273900
v 0.63870603 0.06344990 -0.18324500
v 0.06988990 0.24946900 -0.40940100
v 0.06361820 0.26989800 -0.40857801
v -0.05868980 0.58482403 -0.06606470
v -0.06275240 0.58112502 -0.04923840
v -0.03897530 0.58376098 -0.05236190
v -0.04017230 0.58733797 -0.07186390
v -0.04934610 0.57950598 -0.03625520
v -0.02792200 0.58014899 -0.03343430
v -0.01550920 0.58327800 -0.04569330
v -0.02106580 0.58670300 -0.06367300
v -0.04296360 0.59001201 -0.09042840
v -0.06151120 0.58945799 -0.09810540
v -0.05612280 0.58765900 -0.08129670
v -0.04707290 0.59191698 -0.10950700
v -0.02811250 0.59214997 -0.10157900
v -0.02444510 0.58970898 -0.08236950
v 0.53881902 0.23848900 -0.18863700
v 0.53824300 0.24862000 -0.16895400
v 0.54477203 0.23206000 -0.17243600
v 0.53178400 0.25580299 -0.18431200
v 0.54590702 0.22052100 -0.19026200
v 0.53072000 0.24568100 -0.20380101
v 0.53819102 0.22693899 -0.20604900
v -0.30502900 -0.17366000 -0.40377101
v -0.29285300 -0.18969400 -0.40393400
v -0.31251800 -0.19234200 -0.40191999
v -0.28716099 -0.17031600 -0.40532801
v -0.32333499 -0.17574200 -0.40176901
v -0.31549799 -0.15628199 -0.40362599
v -0.29960600 -0.15654799 -0.40499601
v -0.04250060 0.58510000 -0.19897699
v -0.06086530 0.58453900 -0.19552800
v -0.04999780 0.58925498 -0.17982900
v -0.06763260 0.58825397 -0.17552900
v -0.07581450 0.57797003 -0.20974199
v -0.05387090 0.57891399 -0.21343300
v -0.07559720 0.58403301 -0.19135700
v 0.52438498 -0.26929399 -0.07664330
v 0.53084201 -0.25264299 -0.06740220
v 0.52270001 -0.26557600 -0.05841780
v 0.52561402 -0.25454301 -0.04806070
v 0.51568699 -0.27956000 -0.05951960
v 0.51567602 -0.27070099 -0.04039550
v -0.24035600 -0.07356470 -0.41003001
v -0.25629100 -0.06462630 -0.40954199
v -0.23814200 -0.05303200 -0.41031101
v -0.22242001 -0.06314230 -0.41069999
v -0.25616199 -0.08684900 -0.40922099
v -0.23876400 -0.09365810 -0.40976900
v -0.22594699 -0.08040320 -0.41040301
v 0.25550401 0.45514801 0.13904200
v 0.24281301 0.45484999 0.15396599
v 0.25849500 0.44476101 0.15720201
v 0.23982000 0.46477601 0.13623500
v 0.27054700 0.44518501 0.14189500
v 0.26868099 0.45455101 0.12429900
v 0.25260901 0.46493801 0.12130700
v 0.35743400 0.42465299 0.05487980
v 0.35014400 0.42256999 0.07224230
v 0.36661601 0.41177100 0.06575530
v 0.35840100 0.41039801 0.08287390
v 0.37431601 0.39840099 0.07800670
v 0.38205501 0.39926499 0.06186790
v 0.37482700 0.41325200 0.04696830
v 0.29518899 0.48967201 0.00194241
v 0.28232199 0.49146900 0.01834030
v 0.30113101 0.47887400 0.02216430
v 0.28537899 0.48335001 0.03530530
v 0.31640500 0.46488801 0.03268450
v 0.32048801 0.46846601 0.01621050
v 0.31179199 0.47851601 0.00453971
v 0.30040401 0.47168499 0.04180570
v 0.34861499 0.44270900 0.02983130
v 0.35144699 0.44748399 0.01278330
v 0.33422500 0.45611599 0.02338130
v 0.33812499 0.45972499 0.00654776
v 0.36440799 0.43422899 0.01978720
v 0.36662599 0.43968299 0.00145252
v 0.35359201 0.45264900 -0.00551344
v 0.52429998 -0.27915499 -0.10854000
v 0.53242499 -0.26335400 -0.10979300
v 0.52926499 -0.26583701 -0.09525570
v 0.51940101 -0.28416100 -0.09255160
v 0.53830802 -0.24921900 -0.10349900
v 0.53522903 -0.25041199 -0.08566310
v 0.04196740 -0.32077399 -0.40616801
v 0.03171240 -0.33824599 -0.40490901
v 0.02135970 -0.32324901 -0.40621501
v 0.01208270 -0.34069601 -0.40486300
v 0.00980039 -0.30848801 -0.40719399
v 0.03056130 -0.30638900 -0.40719900
v 0.00103415 -0.32568499 -0.40609601
v 0.08471560 -0.20640700 -0.41083100
v 0.06429530 -0.20506001 -0.41106099
v 0.07597260 -0.18978301 -0.41132301
v 0.05571310 -0.18968301 -0.41145501
v 0.09624980 -0.19150400 -0.41103801
v 0.08520540 -0.17434999 -0.41153499
v 0.06538100 -0.17349800 -0.41173100
v 0.11999400 0.51228100 0.12723400
v 0.11660400 0.50441200 0.14754400
v 0.13538100 0.50499499 0.13560300
v 0.13744301 0.49695501 0.15290800
v 0.10089500 0.51363999 0.13328101
v 0.10539600 0.49911401 0.16528200
v 0.12486700 0.49430099 0.16646500
v 0.09482070 0.50742602 0.15054999
v -0.21912999 -0.20136601 0.34252799
v -0.21226200 -0.18402900 0.34488499
v -0.23214699 -0.18565100 0.34263000
v -0.19906200 -0.20043100 0.34463200
v -0.20652500 -0.16648699 0.34709701
v -0.19003101 -0.18273400 0.34727901
v -0.22617900 -0.16775000 0.34484801
v 0.38863501 0.30823201 0.19782899
v 0.37382501 0.31856599 0.20867801
v 0.38119501 0.30353600 0.21690901
v 0.39456999 0.29144999 0.20972800
v 0.36733600 0.31358200 0.22615400
v 0.37528399 0.29807299 0.23379301
v 0.38725400 0.28999600 0.22423600
v -0.10139100 -0.36289999 -0.40083399
v -0.10932300 -0.34479901 -0.40282300
v -0.08386790 -0.36657500 -0.40096900
v -0.12029300 -0.36159900 -0.40020701
v -0.09725150 -0.38358399 -0.39745599
v -0.11417000 -0.38033399 -0.39719799
v 0.19409600 0.55688000 -0.18998501
v 0.19425499 0.55108100 -0.20725900
v 0.17835300 0.55989301 -0.19748899
v 0.20976099 0.55045497 -0.19172899
v 0.18575799 0.54696000 -0.22333799
v 0.17343201 0.55457902 -0.21560800
v 0.21492900 0.54272902 -0.20822699
v 0.20202100 0.54104298 -0.22323900
v 0.12333100 0.56265599 -0.22665900
v 0.10759000 0.57104599 -0.21574999
v 0.12376200 0.57093000 -0.20787300
v 0.10579600 0.56248599 -0.23340300
v 0.14000300 0.56314701 -0.21770400
v 0.13890500 0.55391997 -0.23588300
v 0.12004400 0.55207503 -0.24570701
v 0.43957099 0.40319601 -0.12798899
v 0.43890199 0.40289500 -0.11234900
v 0.45048901 0.39018399 -0.11878900
v 0.42569000 0.41687399 -0.11571200
v 0.44526699 0.39391401 -0.10057700
v 0.43152300 0.40847400 -0.09771240
v 0.44066599 0.40177199 -0.14592899
v 0.44019201 0.39977199 -0.16387500
v 0.42774299 0.41501200 -0.15315400
v 0.42796001 0.41228700 -0.16788200
v 0.45263600 0.38678300 -0.15704100
v 0.44951400 0.38490900 -0.17894199
v 0.43481001 0.40154001 -0.17996700
v 0.40067199 0.44098499 -0.11572900
v 0.38911000 0.44924301 -0.09916470
v 0.40410900 0.43558601 -0.09647850
v 0.39553300 0.44005799 -0.07938290
v 0.40956399 0.42691201 -0.07892120
v 0.41779900 0.42225000 -0.09634490
v 0.41215801 0.42985299 -0.11059700
v -0.01689470 -0.18646900 0.35861501
v -0.03412670 -0.18460301 0.35860300
v -0.02972610 -0.20383500 0.35585001
v -0.04801490 -0.19912700 0.35603800
v -0.03758670 -0.16499400 0.36159599
v -0.02088940 -0.16748901 0.36162999
v -0.05114570 -0.17939000 0.35878199
v -0.02569270 -0.25693500 0.34839499
v -0.01598110 -0.24051800 0.35073701
v -0.03795200 -0.23860200 0.35079500
v -0.02369680 -0.22233000 0.35327300
v -0.04301920 -0.25615099 0.34830499
v -0.05825000 -0.24822100 0.34900299
v -0.04311160 -0.21818100 0.35353601
v -0.05893290 -0.22999400 0.35143000
v 0.05733210 -0.25755399 0.34702799
v 0.03579830 -0.25647601 0.34781200
v 0.04653340 -0.27347600 0.34522000
v 0.06733480 -0.27143499 0.34481001
v 0.02630400 -0.27522999 0.34545201
v 0.03864640 -0.29038799 0.34309000
v 0.05866240 -0.28759301 0.34291899
v -0.41253701 0.34523901 0.10537400
v -0.39609900 0.35920000 0.11361100
v -0.40125901 0.36390501 0.09619610
v -0.40435001 0.34486899 0.12126900
v -0.39021501 0.35409099 0.13202100
v -0.37987199 0.37108901 0.12247800
v -0.38588300 0.37508601 0.10503600
v -0.47514400 0.29707000 0.04622060
v -0.47014400 0.31236500 0.03477610
v -0.46915400 0.29390299 0.06465070
v -0.45894799 0.30457899 0.07220180
v -0.52570599 0.28228801 -0.11052700
v -0.51612902 0.29746801 -0.09885310
v -0.51590103 0.30102301 -0.11667700
v -0.52349102 0.28159401 -0.08952130
v -0.51421702 0.29578501 -0.08076250
v -0.50598198 0.31196800 -0.08852030
v -0.50695097 0.31431299 -0.10590300
v -0.44051200 0.40375999 -0.10934600
v -0.44927001 0.39185101 -0.09606380
v -0.44482601 0.39242899 -0.07620350
v -0.45244101 0.39100099 -0.11605100
v -0.46137699 0.37828600 -0.10111700
v -0.45771101 0.37875500 -0.08258410
v -0.38132900 0.45959201 -0.10890700
v -0.39429101 0.44816101 -0.10395400
v -0.38298100 0.45463699 -0.08674760
v -0.39964199 0.44038999 -0.08717400
v -0.39260900 0.45144299 -0.12401700
v -0.40559900 0.43952301 -0.11830300
v -0.40637901 0.43700600 -0.10195600
v -0.31009200 0.42066401 0.14251900
v -0.30748701 0.41372201 0.15918900
v -0.29113701 0.42790100 0.15442500
v -0.29539299 0.43448299 0.13575700
v -0.31248000 0.42788500 0.12503700
v -0.32615599 0.41457799 0.13082799
v -0.33317000 0.43500900 0.07890170
v -0.33195099 0.42787200 0.09570230
v -0.31790599 0.44161901 0.08889280
v -0.31920600 0.44975901 0.06890250
v -0.34820199 0.42075500 0.08397930
v -0.34848300 0.42835799 0.06753250
v -0.33525500 0.44014999 0.06426870
v -0.32595399 0.47905499 -0.01828740
v -0.31560099 0.48937401 -0.02939340
v -0.33226299 0.48074099 -0.03757250
v -0.32078400 0.49098000 -0.04723630
v -0.33640501 0.48311201 -0.05718830
v -0.34785900 0.47270101 -0.04817490
v -0.34342200 0.46934599 -0.02607080
v -0.30464801 0.50969499 -0.08646590
v -0.31848201 0.50300902 -0.09870600
v -0.32169899 0.49831501 -0.08180770
v -0.30703199 0.50511801 -0.06978150
v -0.28772500 0.52003199 -0.09162940
v -0.29019901 0.51578403 -0.07412090
v -0.29176000 0.45689401 0.09402390
v -0.28749600 0.46559200 0.08029890
v -0.30373400 0.45449001 0.08220690
v -0.30273500 0.44676501 0.10045700
v -0.28606099 0.45297199 0.11009900
v -0.28702700 0.50827402 -0.03525320
v -0.29832900 0.49824899 -0.02305310
v -0.29154199 0.49642399 -0.00531453
v -0.30403599 0.49975500 -0.04055980
v -0.30916700 0.48783299 -0.01164330
v 0.18471900 0.49116501 0.13156199
v 0.16765399 0.49725899 0.13130499
v 0.17191100 0.48968500 0.14519200
v 0.19116600 0.48206601 0.14635400
v 0.17596500 0.50026399 0.11769600
v 0.19627801 0.49283001 0.11748400
v 0.20395300 0.48321500 0.13221100
v 0.33982801 -0.18467100 0.32685199
v 0.35176799 -0.16613400 0.32616201
v 0.35960999 -0.18389800 0.32141000
v 0.36487901 -0.15112200 0.32451600
v 0.36658800 -0.16827901 0.32165399
v -0.05016340 0.04919410 -0.41339901
v -0.06912410 0.04856590 -0.41334301
v -0.06126800 0.06523740 -0.41326401
v -0.07809600 0.06207170 -0.41320601
v -0.07869210 0.07858260 -0.41301799
v -0.05429760 0.08137920 -0.41312599
v -0.03933150 0.06632930 -0.41331199
v 0.17634600 0.52341098 -0.26407200
v 0.19099000 0.52743602 -0.25213200
v 0.19451401 0.51490402 -0.26683399
v 0.18037300 0.50918102 -0.27895200
v 0.17238000 0.53587699 -0.24904899
v 0.15616900 0.53164798 -0.26140100
v 0.16387500 0.51637298 -0.27678999
v -0.02748730 0.52619702 -0.29340300
v -0.01193120 0.52919602 -0.29094201
v -0.01138760 0.51478797 -0.30509600
v 0.00331786 0.52502900 -0.29514700
v -0.02142140 0.54081601 -0.27752900
v -0.00201508 0.53896999 -0.28015399
v 0.50363702 0.29486600 -0.04449240
v 0.50925303 0.27978900 -0.03393580
v 0.51382101 0.28100300 -0.05444700
v 0.51336300 0.26581201 -0.02246820
v 0.51895702 0.26616201 -0.04370060
v 0.50363302 0.27856299 -0.01256940
v 0.40129101 0.43039101 -0.06158850
v 0.41530401 0.41715300 -0.06228510
v 0.42348900 0.41320500 -0.07991330
v 0.40670899 0.42032701 -0.04466540
v 0.42137000 0.40656099 -0.04725070
v 0.42948401 0.40316200 -0.06452590
v 0.44746599 0.36760101 -0.02254960
v 0.43994099 0.36980000 -0.00628329
v 0.45299700 0.35443899 -0.00837515
v 0.43401700 0.38265899 -0.02011070
v 0.44508600 0.35671699 0.00787414
v 0.43205801 0.37147501 0.01022000
v 0.42627001 0.38420200 -0.00295898
v 0.39242700 0.41914201 -0.00359756
v 0.37877199 0.42661399 0.00844431
v 0.39034501 0.41304901 0.01583550
v 0.38119799 0.43195900 -0.01086720
v 0.40106899 0.40747899 0.00487349
v 0.40592399 0.40947199 -0.01206700
v 0.39655200 0.42328301 -0.02515140
v 0.36193201 0.38547400 0.12343900
v 0.34695300 0.39807701 0.12553100
v 0.35001999 0.38752601 0.13938200
v 0.36502001 0.37463000 0.13689201
v 0.35712701 0.39711699 0.11034800
v 0.37222001 0.38475299 0.10690900
v 0.37652001 0.37278700 0.12027900
v 0.17738201 -0.02577180 0.35930499
v 0.18987501 -0.01148680 0.35763901
v 0.16901900 -0.01080630 0.36086601
v 0.17782500 0.00601201 0.35948300
v 0.16120000 -0.02829420 0.36186799
v 0.14992800 -0.01329110 0.36409500
v 0.15743101 0.00432853 0.36286899
v 0.22978100 -0.49164701 -0.27734801
v 0.24697100 -0.47887200 -0.28173301
v 0.24574900 -0.49266201 -0.26786500
v 0.23081200 -0.47819600 -0.28999200
v 0.21074601 -0.50044698 -0.27667800
v 0.21560100 -0.48900801 -0.28641200
v 0.22770099 -0.50569397 -0.26231101
v 0.17261299 -0.51381803 -0.27724600
v 0.17651901 -0.49983999 -0.29051301
v 0.19134501 -0.50704300 -0.27758801
v 0.18640800 -0.52180398 -0.26211300
v 0.15775099 -0.50695801 -0.28938299
v 0.16589700 -0.52696902 -0.26391599
v 0.53126502 -0.17308401 0.04154720
v 0.53623801 -0.17671700 0.02368040
v 0.53945202 -0.15882701 0.03001400
v 0.54422402 -0.16219699 0.01199650
v 0.52667099 -0.19359300 0.03450110
v 0.53283900 -0.19406600 0.01587490
v 0.54096502 -0.17977799 0.00547038
v 0.49201301 -0.25080901 0.06065600
v 0.50189602 -0.24384899 0.04439950
v 0.50011897 -0.23374100 0.06121570
v 0.49343300 -0.26070100 0.04436360
v 0.48939499 -0.24028701 0.07932150
v 0.48119000 -0.25893000 0.07614980
v 0.48288700 -0.26795399 0.06071000
v 0.53867197 -0.21334200 -0.02878050
v 0.53092200 -0.22807300 -0.02286790
v 0.53694201 -0.22647201 -0.04271280
v 0.53319198 -0.21426100 -0.01033520
v 0.54420501 -0.21083900 -0.04712840
v 0.54543501 -0.19736201 -0.03228860
v 0.54018700 -0.20125100 -0.01722450
v -0.16335100 -0.28495601 0.33816001
v -0.17158300 -0.30250901 0.33510900
v -0.15159400 -0.29981101 0.33709300
v -0.14362200 -0.28299600 0.33990699
v -0.15410601 -0.26753700 0.34107801
v -0.17334400 -0.26875699 0.33937401
v -0.00651754 0.39760801 -0.39720699
v -0.00573151 0.37600601 -0.40068600
v -0.02427880 0.38463601 -0.39931500
v -0.02812740 0.40395299 -0.39547399
v 0.00896608 0.38398299 -0.39960200
v 0.01599410 0.39807400 -0.39717001
v 0.00470063 0.41523501 -0.39267600
v -0.01524110 0.41800001 -0.39129499
v 0.23491000 0.28268701 0.33136499
v 0.23982900 0.26451099 0.33322901
v 0.25110200 0.27502099 0.33035499
v 0.25884500 0.25959000 0.33140099
v 0.22072800 0.27094799 0.33460900
v 0.22644100 0.25269300 0.33625299
v 0.11442300 0.55969000 0.00247866
v 0.10485200 0.56484199 -0.00900584
v 0.09239590 0.56246197 0.00664832
v 0.10835000 0.55545998 0.01961550
v 0.12814300 0.55275500 0.01517550
v 0.13405401 0.55711901 -0.00313956
v 0.12187300 0.56336403 -0.01576050
v 0.54898298 0.22914900 -0.12216700
v 0.54985100 0.22326800 -0.10480500
v 0.55532700 0.21282400 -0.12168000
v 0.55783200 0.20217299 -0.10691400
v 0.54118800 0.24111401 -0.09659860
v 0.54231298 0.24305500 -0.11517300
v 0.54749799 0.22275101 -0.08504530
v 0.55452102 0.20568800 -0.08947150
v -0.51241702 -0.30200201 -0.09041670
v -0.50212997 -0.31604901 -0.08009550
v -0.51005101 -0.30161899 -0.07463540
v -0.51871401 -0.28729901 -0.07899080
v -0.50217301 -0.31003499 -0.06241400
v -0.51273602 -0.29186699 -0.06164970
v 0.34707299 0.47009099 -0.04359460
v 0.33798200 0.48089600 -0.05982440
v 0.33323801 0.47948900 -0.04181040
v 0.32183099 0.48886299 -0.04874050
v 0.33696899 0.47249800 -0.02741950
v 0.31948900 0.48453701 -0.02836480
v 0.07148160 0.50095701 0.17391300
v 0.08823920 0.50207400 0.16565900
v 0.07507820 0.50793099 0.15669200
v 0.05470440 0.50699502 0.16440800
v 0.06093340 0.51290101 0.14935200
v 0.07793720 0.51554298 0.13785900
v 0.65654302 0.01536720 -0.18424900
v 0.67090398 0.00611803 -0.17580400
v 0.65790403 -0.00043025 -0.18403400
v 0.64257699 0.00288331 -0.19217800
v 0.66558403 -0.01353870 -0.17830600
v 0.64876699 -0.01375080 -0.18824500
v 0.46540499 0.26676601 0.10246000
v 0.45399901 0.28356200 0.10582500
v 0.45618001 0.26974699 0.11891000
v 0.46680799 0.25346899 0.11549000
v 0.46300799 0.28063101 0.08974920
v 0.47425601 0.26352200 0.08635460
v 0.47633001 0.24930800 0.09901310
v 0.24113400 -0.52996898 -0.03538580
v 0.25917199 -0.52249002 -0.03950550
v 0.25304300 -0.52062601 -0.02238920
v 0.24666600 -0.53199399 -0.05370870
v 0.23427600 -0.52791703 -0.01782640
v 0.22298400 -0.53628302 -0.03031520
v 0.22960500 -0.53840500 -0.04924630
v 0.20407499 -0.55418700 -0.07616730
v 0.20736299 -0.55555201 -0.09296120
v 0.22278100 -0.54796898 -0.08168830
v 0.21804900 -0.54627299 -0.06317250
v 0.20025700 -0.55190098 -0.05860970
v 0.18527700 -0.55961198 -0.07171700
v 0.51798803 0.27891299 -0.19256000
v 0.50958502 0.29238799 -0.19667800
v 0.51589400 0.28941599 -0.17858100
v 0.50596899 0.30584300 -0.18269400
v 0.51410598 0.27579600 -0.20852099
v 0.50308597 0.29144600 -0.21449900
v 0.49923599 0.30756101 -0.20182900
v 0.23410800 0.35416800 -0.38977101
v 0.22660699 0.33508700 -0.39609399
v 0.21381000 0.35041201 -0.39471701
v 0.24597500 0.33625600 -0.39284000
v 0.23819999 0.31931800 -0.39722800
v 0.21856800 0.31577501 -0.39948300
v 0.20795400 0.33154300 -0.39843801
v 0.11466900 -0.43699700 0.28749800
v 0.10149600 -0.43379501 0.29617801
v 0.10070400 -0.44440100 0.28111601
v 0.12096400 -0.42644000 0.29802501
v 0.12063600 -0.44287300 0.27460101
v 0.13229400 -0.43259400 0.28548801
v 0.08809680 -0.46816400 0.23800200
v 0.09812690 -0.47418299 0.22140200
v 0.10799100 -0.46537599 0.23574100
v 0.11809100 -0.47094101 0.21935000
v 0.09712930 -0.45961300 0.25253201
v 0.11808100 -0.45696300 0.24827400
v 0.12876700 -0.46208301 0.23201799
v -0.08556050 -0.47380999 0.23061199
v -0.07640530 -0.48379901 0.21226300
v -0.06461550 -0.47825301 0.22733000
v -0.06813030 -0.46960199 0.24423400
v -0.05713770 -0.48662400 0.21064900
v -0.04431610 -0.48176301 0.22347701
v -0.04892880 -0.47360101 0.24018300
v -0.41334900 -0.25209701 0.22927600
v -0.40627500 -0.25023299 0.24330699
v -0.41887099 -0.23471500 0.23689599
v -0.42300799 -0.24498400 0.21904799
v -0.31086701 -0.31394699 0.29972801
v -0.32264701 -0.31993899 0.28382599
v -0.30819499 -0.33177599 0.28656000
v -0.29583600 -0.32928401 0.29943299
v -0.31753400 -0.33596501 0.27139300
v -0.30217901 -0.34755200 0.27421200
v -0.29260501 -0.34402600 0.28827399
v 0.76749700 -0.07337420 -0.02921350
v 0.77817398 -0.07190060 0.00347872
v 0.76835698 -0.08271570 -0.00903440
v -0.03166370 0.59358001 -0.12037000
v -0.04926470 0.59294599 -0.12859800
v -0.01365100 0.59371901 -0.11448900
v -0.01797850 0.59455103 -0.13395400
v -0.03425570 0.59403801 -0.13644899
v 0.21192300 -0.24725001 -0.40565500
v 0.21197200 -0.22835600 -0.40670100
v 0.00498274 0.58212602 -0.03985280
v 0.01948140 0.58436000 -0.05248000
v -0.00093932 0.58583897 -0.05770150
v 0.01362600 0.58780903 -0.07036680
v -0.00576358 0.58896798 -0.07580150
v -0.01705730 0.55406702 0.05483890
v 0.00176796 0.55628598 0.04960730
v -0.01332710 0.56016999 0.03803900
v 0.00719205 0.56297100 0.03004640
v -0.03033840 0.55735701 0.04403240
v -0.01388870 0.56568903 0.02140210
v -0.03245610 0.56201899 0.02998930
v -0.08717310 0.54783899 0.05347170
v -0.08686450 0.55428499 0.03537430
v -0.10372900 0.54853499 0.04381580
v -0.11962000 0.54892302 0.03349290
v -0.12112300 0.54117000 0.05424770
v -0.10354100 0.55508500 0.02462890
v 0.32007301 0.35332599 0.24016400
v 0.30903500 0.35179499 0.25691599
v 0.32743800 0.33898801 0.25041300
v 0.30385900 0.36564600 0.24339600
v 0.28911400 0.36775300 0.25841200
v 0.29623401 0.35245699 0.27145201
v 0.30904600 0.34146801 0.27095300
v 0.32156301 0.33409500 0.26490000
v 0.55432498 0.13825300 -0.23393101
v 0.56201798 0.12218300 -0.22638901
v 0.55304903 0.12242300 -0.24182799
v 0.56073397 0.14049500 -0.22024900
v 0.54567599 0.14146399 -0.24648300
v 0.55073398 0.15740000 -0.23104100
v -0.42910999 -0.37979299 -0.23762000
v -0.41523701 -0.38474301 -0.24887399
v -0.42045799 -0.39489099 -0.23092300
v -0.43420699 -0.38826099 -0.21917801
v -0.40667799 -0.40055999 -0.24165800
v -0.40973699 -0.41016999 -0.22497199
v -0.42355901 -0.40320000 -0.21346501
v 0.49366701 0.06580340 -0.31865200
v 0.50653100 0.05656190 -0.30807400
v 0.49441499 0.04544560 -0.31977299
v 0.48333099 0.05510460 -0.32836601
v 0.50512803 0.07769960 -0.30708900
v 0.49089900 0.08557740 -0.31870699
v 0.47959000 0.07205740 -0.32972199
v 0.07447680 -0.58623999 -0.08745630
v 0.05916680 -0.58908302 -0.09541950
v 0.07897450 -0.58759999 -0.10360900
v 0.06579160 -0.59041500 -0.11600900
v 0.06462410 -0.58541399 -0.07466540
v 0.04710220 -0.58757001 -0.07751210
v 0.03840960 -0.59057200 -0.09364950
v 0.04632540 -0.59191799 -0.11124700
v -0.00086914 0.49923700 -0.31905499
v 0.00798862 0.48470801 -0.33139199
v -0.01146650 0.48688301 -0.32963800
v -0.02054640 0.50065500 -0.31760401
v 0.01917640 0.49639201 -0.32111099
v 0.00995076 0.51076603 -0.30876499
v -0.00703232 -0.58736902 -0.06516530
v 0.00502574 -0.58519900 -0.05447220
v -0.01034180 -0.58385098 -0.04766600
v 0.00648690 -0.58171099 -0.03888460
v -0.02837290 -0.58550102 -0.05745710
v -0.00867672 -0.58019799 -0.03200620
v -0.02490310 -0.58114201 -0.03700340
v 0.08277120 -0.58286601 -0.07254650
v 0.09364670 -0.57855999 -0.05751870
v 0.07297560 -0.58126998 -0.05732900
v 0.10131000 -0.58033401 -0.07427620
v 0.08328540 -0.57672697 -0.04267740
v 0.11521200 -0.57533300 -0.06064150
v 0.10338700 -0.57361501 -0.04277140
v 0.03477520 -0.50253898 0.17762500
v 0.03000690 -0.49489099 0.19498301
v 0.01272880 -0.50060302 0.18429200
v 0.02085550 -0.50957799 0.16330600
v 0.05833040 -0.50030297 0.17791601
v 0.04562330 -0.49629000 0.18957099
v 0.04606760 -0.50859302 0.16199000
v 0.04882440 -0.52135903 0.13191600
v 0.03537120 -0.52762997 0.11927800
v 0.05654780 -0.52758199 0.11517900
v 0.04176300 -0.53367800 0.10316000
v 0.02658460 -0.52167702 0.13462800
v 0.01342610 -0.52781498 0.12119900
v 0.02183760 -0.53377998 0.10571600
v 0.13774399 -0.49703199 0.15264700
v 0.15285800 -0.48749000 0.16443500
v 0.13494800 -0.49006200 0.17007600
v 0.15042600 -0.48019099 0.18190500
v 0.13244100 -0.48275200 0.18733600
v 0.11663300 -0.49128699 0.17704600
v 0.11899500 -0.49873301 0.15917300
v 0.08923600 0.31266299 0.33847901
v 0.10775100 0.29874301 0.33969700
v 0.10847200 0.32176501 0.33627701
v 0.12514099 0.30793899 0.33745700
v 0.08992450 0.33209199 0.33545801
v 0.10611300 0.34362599 0.33284000
v 0.12268400 0.33867201 0.33282101
v 0.12673201 0.32318601 0.33511001
v 0.60141599 0.11541400 -0.17008300
v 0.61365700 0.11963800 -0.15600200
v 0.61864698 0.10505000 -0.16857600
v 0.63112199 0.11174300 -0.15501300
v 0.60364401 0.10067800 -0.18157600
v -0.06541450 0.37373501 0.32898599
v -0.05806590 0.39116600 0.32466400
v -0.08039390 0.38910499 0.32449701
v -0.04565150 0.37627900 0.32872200
v -0.05043090 0.40913001 0.31862199
v -0.06946430 0.40600699 0.31933999
v 0.61404699 -0.08244690 0.00672740
v 0.61690003 -0.06618880 0.01586200
v 0.59784698 -0.06679210 0.00977851
v 0.63031203 -0.08071940 0.01425950
v 0.63044798 -0.09784730 0.00220740
v 0.61204797 -0.09777930 -0.00421676
v 0.59734601 -0.08560120 0.00074811
v -0.16843900 0.28689501 0.33792299
v -0.14781301 0.28427199 0.33972999
v -0.15573400 0.30438799 0.33644801
v -0.17461100 0.30135101 0.33545199
v -0.13592200 0.29966399 0.33836100
v -0.14074899 0.31619200 0.33570501
v -0.15319800 0.32639900 0.33329099
v -0.17096201 0.31799400 0.33327001
v -0.08867110 0.40743899 0.31640500
v -0.10205100 0.39559701 0.32053399
v -0.10699200 0.41249499 0.31062001
v -0.09882180 0.37830299 0.32655701
v -0.12108100 0.40057799 0.31604901
v -0.11790300 0.38395301 0.32358700
v -0.07473080 -0.52146298 -0.29344299
v -0.08253270 -0.50727397 -0.30561399
v -0.06255980 -0.51289898 -0.30314401
v -0.06961930 -0.49830401 -0.31518799
v -0.05528180 -0.52718300 -0.28995401
v -0.05046890 -0.50309497 -0.31312901
v -0.04272690 -0.51715899 -0.30101299
v -0.16605000 0.55192798 -0.22661300
v -0.18476200 0.54559600 -0.22829901
v -0.17973600 0.55651098 -0.20785800
v -0.18231399 0.56265599 -0.18591300
v -0.16551100 0.56537801 -0.19446900
v -0.15863299 0.56105202 -0.21182400
v -0.19790900 0.55518001 -0.19424900
v -0.20565601 0.55797499 -0.09590740
v -0.19386500 0.55914003 -0.07808370
v -0.22261100 0.55152202 -0.09523130
v -0.19071101 0.56272900 -0.09437320
v 0.50596601 -0.28846300 -0.21281500
v 0.50277501 -0.27906999 -0.22957900
v 0.51543301 -0.28186399 -0.19818801
v 0.49668601 -0.29402700 -0.22531299
v 0.50550097 -0.29950401 -0.19656900
v 0.49594101 -0.30520099 -0.21223600
v -0.36154401 -0.33324000 0.21343900
v -0.37242600 -0.31830600 0.21727100
v -0.37428799 -0.32787499 0.20039199
v -0.36239901 -0.34301701 0.19725500
v -0.35890099 -0.32438299 0.23013200
v -0.34793699 -0.33911401 0.22571000
v -0.34946001 -0.34802401 0.21001901
v 0.68158400 -0.06680290 -0.15477100
v 0.68669599 -0.05062140 -0.15696700
v 0.68434000 -0.03297530 -0.16271600
v 0.69687402 -0.04083300 -0.15126701
v 0.69568002 -0.06094160 -0.14583901
v -0.41533399 -0.34827000 0.09440130
v -0.41529101 -0.33850601 0.11027700
v -0.42655101 -0.33402199 0.09512450
v -0.42592600 -0.32417601 0.11162700
v -0.42563400 -0.34495801 0.07904680
v -0.43698099 -0.32950500 0.08051640
v -0.43697301 -0.31885901 0.09725980
v -0.67879999 -0.02565770 0.24879500
v -0.66439301 -0.03212900 0.24727800
v -0.66917998 -0.01075660 0.25154001
v -0.64627498 -0.03693950 0.24631400
v -0.65182197 -0.01755190 0.25139701
v 0.67644602 -0.06117550 0.05339190
v 0.66811901 -0.04384330 0.05329430
v 0.66450602 -0.05806070 0.04434490
v 0.65466601 -0.04509110 0.04177480
v 0.65839201 -0.02523970 0.04945740
v 0.67386001 -0.02878400 0.06302700
v 0.68119103 -0.04686260 0.06588720
v -0.13825300 0.50097197 0.14457200
v -0.12831600 0.50796402 0.13393800
v -0.14929201 0.50499099 0.12831400
v -0.13484800 0.51398402 0.11572200
v -0.16850400 0.49645001 0.13500300
v -0.15343399 0.49569800 0.14726600
v -0.16847000 0.50403202 0.11716600
v -0.15339200 0.51226097 0.10808300
v -0.11547400 0.51554102 0.12268300
v -0.10889500 0.50909102 0.14117900
v -0.12243500 0.50133598 0.15237100
v -0.10308300 0.50242698 0.15896000
v -0.08866940 0.51046199 0.14630599
v -0.09605680 0.51656598 0.12914300
v -0.16735300 0.53933001 0.02613400
v -0.13678201 0.54312402 0.03889770
v -0.15486300 0.53768098 0.04100190
v -0.26314300 -0.48254299 -0.27068299
v -0.26757500 -0.49526599 -0.25311700
v -0.27911100 -0.48323101 -0.25961000
v -0.25178900 -0.49457601 -0.26397300
v -0.28339100 -0.49386999 -0.24268299
v -0.26944500 -0.50613499 -0.23557299
v -0.25438800 -0.50613999 -0.24742199
v -0.23088600 0.53619802 -0.03716340
v -0.19640200 0.54919899 -0.03640980
v -0.21164601 0.54123902 -0.02751270
v -0.03117750 -0.56701797 0.01324480
v -0.01459850 -0.56430799 0.02325110
v -0.02895780 -0.56082600 0.03257550
v -0.01651840 -0.57046402 0.00328647
v -0.04637140 -0.56316799 0.02248540
v -0.04907030 -0.56860203 0.00450326
v -0.03346620 -0.57261097 -0.00593469
v -0.01586100 -0.52073699 0.13843399
v -0.00941517 -0.52865797 0.11976400
v -0.02678420 -0.53359997 0.10627300
v 0.00432630 -0.53335601 0.10807200
v 0.00472901 -0.52174503 0.13617000
v -0.00911448 -0.53696901 0.09903930
v -0.07359490 -0.49944299 0.17841600
v -0.06064050 -0.50672901 0.16505200
v -0.05295310 -0.50021797 0.18140200
v -0.06626020 -0.49261099 0.19552900
v -0.08454500 -0.49087399 0.19417299
v -0.09294370 -0.49806601 0.17524700
v -0.08237090 -0.50588000 0.16098700
v -0.17703800 -0.47656700 0.17321999
v -0.18537700 -0.48091799 0.15691499
v -0.16444100 -0.48655200 0.16131900
v -0.17137700 -0.49120200 0.14537500
v -0.15761700 -0.48075500 0.17874201
v -0.14471699 -0.49058199 0.16578400
v -0.14978699 -0.49636000 0.14932600
v -0.14528200 -0.50974399 0.12102400
v -0.15677500 -0.51316100 0.10464300
v -0.14954901 -0.52000898 0.09264330
v -0.17792900 -0.50802600 0.10053300
v -0.16698600 -0.50472599 0.11742200
v -0.16869999 -0.51701802 0.08573980
v -0.24081400 0.47279701 -0.29177701
v -0.23349400 0.46376601 -0.30294800
v -0.24956800 0.46262699 -0.29673201
v -0.25881001 0.47157201 -0.28388500
v -0.24806499 0.44883299 -0.30889601
v -0.26430801 0.45548400 -0.29571801
v -0.30839801 -0.45451200 0.07353190
v -0.30875599 -0.44544500 0.09296470
v -0.32425201 -0.44126701 0.07879410
v -0.32390201 -0.43330699 0.09616830
v -0.32846501 -0.44624299 0.06107500
v -0.34195700 -0.43382499 0.06629100
v -0.33869499 -0.42848301 0.08304520
v 0.56698298 -0.16885200 -0.08762910
v 0.56729400 -0.17347500 -0.10586000
v 0.57470202 -0.16058400 -0.11997900
v -0.19069099 -0.51032400 0.08342320
v -0.19859700 -0.50215203 0.09634580
v -0.18794200 -0.49907199 0.11343700
v -0.21330900 -0.50357401 0.07814340
v -0.21564700 -0.49625900 0.09382650
v -0.20805299 -0.49299800 0.10906700
v -0.83258599 -0.06127980 0.05837530
v -0.82120103 -0.05580530 0.07244970
v -0.83915597 -0.06228830 0.07454360
v -0.85246801 -0.05841430 0.06106170
v -0.81492299 -0.05415250 0.05476320
v -0.82711101 -0.06085020 0.04201800
v -0.84652603 -0.05876010 0.04475540
v -0.23935699 -0.52438998 -0.00922070
v -0.25427499 -0.52133399 -0.02212990
v -0.23787300 -0.53041703 -0.02755730
v -0.25665599 -0.51385802 -0.00209669
v -0.22421899 -0.52752298 0.00127767
v -0.22232699 -0.53412801 -0.01755300
v -0.17786101 -0.54721498 -0.00776369
v -0.16091500 -0.54989201 0.00023583
v -0.17592300 -0.54204398 0.01096370
v -0.16398500 -0.55453002 -0.01918520
v -0.19276001 -0.53919500 0.00250335
v -0.19302200 -0.54411298 -0.01388120
v -0.18235500 -0.55087203 -0.02593740
v -0.15489300 -0.57489502 -0.11591100
v -0.13859300 -0.57896900 -0.11676800
v -0.15037300 -0.57449198 -0.09888560
v -0.13337401 -0.57805699 -0.09535090
v -0.16651601 -0.57075202 -0.10535100
v -0.14516400 -0.57293099 -0.07991320
v -0.52282399 -0.00248313 0.25550899
v -0.51916403 -0.02029970 0.25440001
v -0.50337398 -0.00769546 0.25584701
v -0.53915399 -0.01551580 0.25494799
v -0.54090202 0.00353741 0.25541401
v -0.52312201 0.01676930 0.25402200
v -0.50630802 0.01041270 0.25503200
v -0.07492910 0.43661100 -0.37498799
v -0.09054580 0.44124499 -0.36632401
v -0.07551920 0.44730699 -0.36186799
v -0.05833040 0.44700399 -0.36560100
v -0.08741460 0.45351800 -0.35224599
v -0.06965760 0.45875800 -0.35018900
v -0.18748499 0.45182201 -0.32888901
v -0.20855001 0.45240101 -0.32161599
v -0.19690800 0.46575701 -0.31491899
v -0.18075500 0.46564800 -0.32011899
v -0.16736899 0.45886999 -0.32926700
v -0.16896600 0.44424799 -0.34054801
v -0.20304100 0.43839499 -0.33401901
v -0.18568200 0.43598700 -0.34165001
v 0.48543301 0.06574050 0.20789801
v 0.47170600 0.07415030 0.23509701
v 0.47849500 0.07964610 0.21877800
v -0.50260597 0.25610501 0.03396510
v -0.49877599 0.24761900 0.05437430
v -0.49209800 0.26609799 0.04786950
v -0.48613200 0.26281199 0.06646710
v -0.48075399 0.27987301 0.05703820
v -0.48688701 0.28247201 0.03849530
v -0.49640700 0.27038699 0.03118930
v -0.56580299 0.17263301 -0.07316290
v -0.56599700 0.16249301 -0.05949880
v -0.55863899 0.18429799 -0.05576030
v -0.56024700 0.19104899 -0.07471380
v -0.55327803 0.20419601 -0.06222860
v -0.54984999 0.20232400 -0.04410070
v -0.55341202 0.18582600 -0.03591930
v -0.56040400 0.16879600 -0.04266110
v 0.00082185 0.34253299 0.33560699
v -0.02009520 0.34300199 0.33548999
v -0.00506090 0.32485500 0.33843800
v 0.01721290 0.32807899 0.33782601
v -0.01934500 0.31409401 0.34005001
v -0.00444819 0.30538800 0.34139499
v 0.01448280 0.31073201 0.34050801
v -0.02828660 0.32752800 0.33790299
v -0.33596301 0.23752600 0.31987700
v -0.35098499 0.23510800 0.31488499
v -0.34220701 0.21882100 0.32159799
v -0.34837699 0.25139099 0.31057101
v -0.32145801 0.22532099 0.32587299
v -0.31806201 0.24342801 0.32363400
v -0.33171901 0.25575399 0.31655800
v 0.43784600 0.14465800 0.26769200
v 0.43491799 0.16182999 0.26262799
v 0.42660201 0.15292500 0.28095400
v 0.44668201 0.15379100 0.24623400
v 0.42846000 0.13496800 0.28596300
v 0.43928099 0.12639600 0.27421901
v 0.44754300 0.13499001 0.25593701
v -0.22724700 0.23992200 0.33821499
v -0.23270400 0.25645199 0.33563700
v -0.24802800 0.24795300 0.33480299
v -0.24779101 0.26574600 0.33250001
v -0.22027600 0.44118401 0.20804299
v -0.22806799 0.42969900 0.22227600
v -0.20908400 0.43753400 0.22530000
v -0.21926799 0.42469099 0.23954400
v -0.20460901 0.42994800 0.24314500
v -0.19230101 0.43890801 0.23681600
v -0.19140400 0.44843501 0.21939200
v -0.20400900 0.44830000 0.20919800
v -0.17430900 -0.53640801 0.02928930
v -0.17221899 -0.53064799 0.04747160
v -0.19005500 -0.52786100 0.03852540
v -0.18737900 -0.52224398 0.05628930
v -0.19176100 -0.53352302 0.02065420
v -0.20753200 -0.52447701 0.02983290
v -0.20533299 -0.51869702 0.04811870
v -0.35242599 -0.44184300 0.03013940
v -0.36847800 -0.43432501 0.01759060
v -0.35626200 -0.44677901 0.01078480
v -0.36453900 -0.42943001 0.03633120
v -0.37148499 -0.43925199 -0.00124356
v -0.38521999 -0.42391199 0.00748031
v -0.37781799 -0.42314199 0.02488090
v -0.11194100 -0.49601200 0.17204800
v -0.10336400 -0.50405902 0.15728900
v -0.10208900 -0.48937899 0.19091600
v -0.12860100 -0.49235901 0.17159200
v -0.12669700 -0.49992600 0.15531600
v -0.12028400 -0.48745301 0.18666400
v 0.00032547 -0.49249700 0.20287400
v -0.01808120 -0.49191800 0.20379899
v -0.01162160 -0.55718303 0.04477250
v 0.00057566 -0.55141199 0.06150020
v -0.00518917 -0.54462302 0.07945530
v 0.00952783 -0.55696899 0.04530770
v 0.01388850 -0.54597902 0.07526080
v -0.04383300 -0.58162701 -0.04300570
v -0.06433560 -0.58092397 -0.04720950
v -0.05093270 -0.58471602 -0.05997150
v -0.05684210 -0.57757902 -0.03040640
v -0.07211090 -0.58385903 -0.06635790
v -0.08443380 -0.57896298 -0.04906670
v -0.07637760 -0.57610703 -0.03245810
v -0.46824700 -0.31020901 0.04031480
v -0.45796001 -0.32738599 0.03651880
v -0.45758101 -0.31771100 0.05348200
v -0.46744901 -0.30037400 0.05758380
v -0.46966001 -0.31812000 0.02342800
v -0.47957101 -0.30058900 0.02742510
v -0.47775000 -0.29290000 0.04419930
v -0.39905000 -0.31639501 0.17406100
v -0.41265899 -0.30862501 0.16029800
v -0.39930701 -0.32826599 0.15673900
v -0.41240501 -0.32026899 0.14421700
v -0.39462301 -0.34375301 0.14146499
v -0.38529500 -0.34509999 0.15594000
v -0.38709599 -0.33287099 0.17132500
v -0.40471900 -0.33269399 0.14012700
v -0.07322150 -0.57984900 -0.20725100
v -0.05660600 -0.58031303 -0.21085100
v -0.05951950 -0.58516502 -0.19583400
v -0.08162590 -0.58429199 -0.18939100
v -0.06347450 -0.57394803 -0.22374900
v -0.08349380 -0.57304603 -0.22019801
v -0.08994060 -0.57827097 -0.20481101
v 0.15646601 -0.49414799 0.14709701
v 0.17254400 -0.48308000 0.16004600
v 0.16500100 -0.47839299 0.17579401
v 0.17450300 -0.49104300 0.14088100
v 0.18706299 -0.48253101 0.14980300
v 0.19295999 -0.47413599 0.16302700
v 0.18088201 -0.47192201 0.17757399
v 0.09003130 0.00796385 0.45817900
v 0.07875310 -0.00456830 0.44644201
v 0.07445460 0.01447080 0.44336700
v 0.08305880 0.02725340 0.45495701
v 0.06105310 0.02288810 0.42933899
v 0.06885410 0.03377840 0.44422001
v 0.06700940 0.00176830 0.43156701
v 0.15361500 -0.56758702 -0.06493140
v 0.16317500 -0.56195903 -0.05096500
v 0.14395601 -0.56612003 -0.04682030
v 0.13484900 -0.57127601 -0.06069170
v 0.16999200 -0.56317902 -0.06578680
v 0.14550599 -0.57223397 -0.07981890
v 0.08115130 -0.49893400 0.17458899
v 0.07616600 -0.49199200 0.19103500
v 0.06798230 -0.50656402 0.16145501
v 0.10071800 -0.49866000 0.16793400
v 0.09776370 -0.49016199 0.18761501
v 0.08645950 -0.50441599 0.16050901
v 0.03072900 -0.58882499 -0.07857380
v 0.03476620 -0.58583403 -0.06296290
v 0.05356500 -0.58366501 -0.05930030
v 0.04022680 -0.58181101 -0.04538240
v 0.02141700 -0.58380699 -0.04988930
v 0.01455620 -0.58776200 -0.06920780
v -0.44295400 -0.37316799 -0.22630900
v -0.45487800 -0.36443001 -0.21893200
v -0.44886199 -0.37876201 -0.20715100
v -0.46480000 -0.34908700 -0.22218999
v -0.46337000 -0.36106300 -0.20714900
v -0.04607620 0.59317499 -0.14719100
v -0.02654770 0.59410000 -0.15098800
v -0.03874910 0.59228802 -0.16530100
v -0.05817150 0.59125203 -0.15982801
v -0.06450330 0.59170502 -0.13958000
v 0.25467300 -0.53734702 -0.10759900
v 0.25125501 -0.53993201 -0.12890700
v 0.26672599 -0.53241497 -0.12218200
v 0.23955201 -0.54463398 -0.11332500
v 0.27169901 -0.52866501 -0.10411200
v 0.26113299 -0.53217000 -0.08919070
v 0.24172300 -0.54123199 -0.09016120
v 0.38714299 0.44325599 -0.06203510
v 0.37805101 0.44652101 -0.04578440
v 0.39254999 0.43342501 -0.04438600
v 0.38172200 0.43799701 -0.02895420
v 0.36903301 0.44972101 -0.03222680
v 0.36256501 0.45875901 -0.04507170
v -0.13898601 -0.31482500 0.33590999
v -0.15861000 -0.31666201 0.33417699
v -0.14477199 -0.33127001 0.33302701
v -0.14907700 -0.34622699 0.33012900
v -0.13227400 -0.34709099 0.33120200
v -0.16267900 -0.33462599 0.33096200
v -0.49353501 0.27757201 -0.24867500
v -0.50538403 0.26365900 -0.24245600
v -0.50181299 0.28210700 -0.23266201
v -0.51274198 0.26916900 -0.22551200
v -0.49135500 0.29591799 -0.23656800
v -0.49825999 0.29843101 -0.22243799
v -0.50739300 0.28834200 -0.21584700
v -0.25586101 -0.34680501 -0.38520601
v -0.26845601 -0.35466400 -0.37364799
v -0.27427301 -0.33817300 -0.38243601
v -0.28546000 -0.34752101 -0.36827999
v -0.25903699 -0.32849699 -0.39151400
v -0.29364401 -0.32950601 -0.37707099
v -0.27698100 -0.32058200 -0.38940501
v 0.00326639 -0.24347700 0.35025501
v -0.00214435 -0.22334200 0.35313299
v -0.00628056 -0.25916299 0.34810799
v 0.01382180 -0.26010600 0.34777501
v 0.02069510 -0.24604300 0.34961399
v 0.01719570 -0.23079000 0.35180500
v -0.27804199 0.42708001 0.17264199
v -0.27091599 0.43863899 0.15907200
v -0.28027299 0.44009399 0.14459500
v -0.25971401 0.43697500 0.17519900
v -0.25165400 0.44846100 0.16147400
v -0.26385599 0.44943100 0.14564200
v -0.00516331 -0.39559799 -0.39765701
v -0.02261500 -0.38031200 -0.40029100
v -0.01570670 -0.36071700 -0.40295801
v -0.03524310 -0.39167199 -0.39818901
v -0.02172150 -0.40252301 -0.39599401
v -0.04396200 -0.37597901 -0.40068299
v -0.03564840 -0.36064401 -0.40281999
v 0.06622190 -0.11376800 -0.41280201
v 0.08089160 -0.10487000 -0.41276199
v 0.07986450 -0.12237900 -0.41256300
v 0.06973300 -0.13416100 -0.41246301
v 0.06406470 -0.09203500 -0.41300800
v 0.05327160 -0.12686300 -0.41267699
v 0.04969380 -0.10776300 -0.41293800
v -0.30447501 -0.09384420 -0.40660399
v -0.28816199 -0.08523750 -0.40772200
v -0.28748599 -0.10704500 -0.40732101
v -0.30473199 -0.11460600 -0.40603200
v -0.32233599 -0.10114000 -0.40502700
v 0.08326170 -0.27441901 -0.40832001
v 0.09723460 -0.25944701 -0.40875199
v 0.07758980 -0.25634399 -0.40917400
v -0.16357400 0.00953445 -0.41232601
v -0.16549499 -0.00890951 -0.41232499
v -0.18198200 -0.00221505 -0.41199401
v -0.18369000 -0.02154990 -0.41191599
v -0.14462800 0.00307820 -0.41262400
v -0.15182000 -0.01491600 -0.41252100
v -0.16617900 -0.02746590 -0.41224000
v 0.37796900 -0.42042899 0.02440580
v 0.39303401 -0.40568501 0.02613920
v 0.38368300 -0.40894401 0.03861500
v 0.37163001 -0.41674101 0.04512350
v 0.39443699 -0.39589000 0.04385580
v 0.38205701 -0.40250599 0.05482160
v 0.35481700 -0.47826701 -0.15575300
v 0.35855299 -0.47619301 -0.13660701
v 0.34378999 -0.48701200 -0.13964801
v 0.34807000 -0.48346099 -0.12131500
v 0.33945799 -0.48938301 -0.15692700
v 0.32790101 -0.49817100 -0.14144100
v 0.33210999 -0.49492300 -0.12438000
v 0.40398300 -0.43385899 -0.08565750
v 0.40278399 -0.43065399 -0.06723740
v 0.39100599 -0.44610000 -0.09042400
v 0.29947600 -0.43754601 0.11992800
v 0.30274600 -0.42701599 0.13641500
v 0.28892401 -0.43743101 0.13460401
v 0.29318801 -0.44797400 0.10678000
v 0.28307500 -0.44630101 0.12407900
v 0.23863100 0.54157299 -0.17947400
v 0.22309200 0.54881102 -0.17644100
v 0.23835000 0.54478401 -0.16114201
v 0.21897399 0.55316198 -0.15873900
v 0.20337699 0.55711001 -0.17314599
v 0.22802199 0.54248798 -0.19313499
v -0.34122699 -0.11466600 0.33335200
v -0.33823001 -0.09221600 0.33492699
v -0.35638800 -0.10009300 0.33134100
v -0.35523099 -0.07888530 0.33244401
v -0.35866299 -0.11980400 0.32976401
v -0.37607399 -0.10680800 0.32648000
v -0.50735903 -0.17876799 -0.28410301
v -0.52149898 -0.16553999 -0.27342299
v -0.51109302 -0.15735900 -0.28769600
v -0.52100003 -0.18235800 -0.26708800
v -0.52455097 -0.14788900 -0.27590901
v -0.53297299 -0.15542699 -0.26318499
v -0.53318202 -0.16924600 -0.25731999
v -0.33859500 0.10785900 -0.40360099
v -0.32196701 0.10187700 -0.40534699
v -0.33676100 0.08678200 -0.40437400
v -0.32027400 0.08050640 -0.40590000
v -0.32543799 0.12316700 -0.40432400
v -0.30803400 0.11679100 -0.40597200
v -0.30512801 0.09568050 -0.40667701
v -0.16265699 0.24038599 0.34411901
v -0.18349600 0.24096800 0.34241199
v -0.17123000 0.22434200 0.34526199
v -0.17392600 0.25633201 0.34136501
v -0.20424999 0.24137300 0.34045100
v -0.19193500 0.22517100 0.34340200
v -0.30255601 0.02228920 0.34246901
v -0.29872599 0.04471010 0.34268901
v -0.32062501 0.01754650 0.33975101
v -0.28487900 0.02696860 0.34485799
v -0.29037699 0.00685447 0.34421501
v -0.30849099 0.00227379 0.34161201
v -0.26649401 0.15501399 0.34182599
v -0.25559500 0.17291000 0.34168401
v -0.27390701 0.17582101 0.33916399
v -0.28268799 0.16310500 0.33911601
v -0.28385201 0.14589500 0.34028399
v -0.27005401 0.13341001 0.34291700
v -0.25228599 0.14003500 0.34465399
v -0.24915600 0.15697400 0.34377500
v 0.25600901 -0.17342000 -0.40695500
v 0.25775799 -0.15452699 -0.40746900
v 0.27502200 -0.16463000 -0.40620899
v 0.23799799 -0.16425900 -0.40807700
v 0.27331600 -0.18471800 -0.40546799
v 0.25525001 -0.19261600 -0.40619999
v 0.23746900 -0.18325201 -0.40746701
v -0.28709301 -0.02118440 -0.40843201
v -0.28350699 -0.00028931 -0.40865099
v -0.30591601 -0.02909780 -0.40735000
v -0.27144301 -0.03285180 -0.40911400
v -0.28928301 -0.04163840 -0.40817699
v -0.26874301 -0.01204620 -0.40929899
v 0.01200220 0.08235960 -0.41325301
v 0.00973234 0.10037400 -0.41312501
v 0.02812780 0.09295250 -0.41313899
v 0.02638850 0.11196000 -0.41295600
v 0.00958535 0.11576800 -0.41295201
v -0.00724580 0.10972900 -0.41299999
v -0.00988524 0.09029780 -0.41318601
v 0.31019801 -0.46965799 -0.25077599
v 0.32674700 -0.46792999 -0.23840800
v 0.31045300 -0.48134401 -0.23445900
v 0.32865900 -0.47649801 -0.22244599
v 0.29415599 -0.48144099 -0.24850100
v 0.30254501 -0.49319199 -0.22349200
v 0.29132801 -0.49321899 -0.23442200
v 0.31641901 -0.48820201 -0.21595500
v -0.29789999 0.03277310 -0.40782800
v -0.28229001 0.02190730 -0.40867600
v -0.03114880 0.30227700 -0.40718400
v -0.03283640 0.28346899 -0.40819901
v -0.04863770 0.29499200 -0.40753299
v -0.04561810 0.31463701 -0.40632001
v -0.04917630 0.27588299 -0.40847799
v -0.06565730 0.28643501 -0.40781400
v -0.06333450 0.30626601 -0.40670601
v 0.17936601 -0.20591401 0.34586799
v 0.16013101 -0.21111000 0.34691799
v 0.14769600 -0.19824700 0.34922999
v 0.14130799 -0.21655799 0.34773099
v 0.15506800 -0.22894800 0.34538499
v 0.17362501 -0.22320101 0.34457299
v 0.22595701 0.20231301 0.34171501
v 0.21995901 0.22298500 0.34027800
v 0.22120500 0.18332100 0.34393200
v 0.23967300 0.18354100 0.34186301
v 0.24428700 0.19901501 0.33997300
v 0.07227030 0.32482401 0.33718899
v 0.07013490 0.30656701 0.34002599
v 0.05349000 0.31914699 0.33855999
v 0.08655340 0.29420400 0.34125999
v 0.05054460 0.30104500 0.34135601
v 0.06692530 0.28861201 0.34272000
v 0.51435298 -0.28843901 -0.07636060
v 0.50595099 -0.30232000 -0.07322790
v 0.50822598 -0.30358201 -0.09019370
v 0.49755400 -0.31660700 -0.07498040
v 0.50858200 -0.29361299 -0.06225910
v 0.49971101 -0.30751899 -0.05932670
v 0.30842799 -0.17627600 0.33379301
v 0.28893799 -0.17792600 0.33649901
v 0.30272800 -0.19486900 0.33301401
v 0.28478500 -0.19913501 0.33526999
v 0.31459999 -0.21063100 0.32916999
v 0.32078400 -0.19189800 0.33015400
v 0.00864171 0.37605700 0.32945701
v -0.00728662 0.37244600 0.33026600
v 0.00560892 0.35885400 0.33276600
v 0.02440930 0.36309600 0.33181000
v 0.01204250 0.39356399 0.32516599
v 0.02419130 0.37965000 0.32850900
v -0.49812299 0.29490900 -0.01232890
v -0.49134001 0.29518399 0.00744291
v -0.48681799 0.30894300 -0.00370240
v -0.49220899 0.31026599 -0.02341960
v -0.50388902 0.29526499 -0.03332100
v -0.50736898 0.28253099 -0.02009120
v -0.53757602 0.26106000 -0.13370900
v -0.53548402 0.26372299 -0.11679200
v -0.54328400 0.24813201 -0.12721001
v -0.53239399 0.26638201 -0.09791640
v -0.54113299 0.24993400 -0.10700400
v 0.44657701 0.08450260 0.27809900
v 0.43408099 0.09539760 0.29246700
v 0.43818799 0.07519500 0.29267901
v 0.44148999 0.10655900 0.27862301
v 0.44807899 0.06531620 0.28116199
v 0.45589900 0.06610490 0.26761100
v 0.45677200 0.08437410 0.26107800
v 0.45020300 0.09887580 0.26768801
v 0.49896100 0.07437300 0.17438100
v 0.50581002 0.05869320 0.16285400
v 0.50538802 0.07977780 0.15741900
v 0.51221502 0.06746770 0.14500199
v 0.49846399 0.05566580 0.18091901
v 0.51247400 0.05100040 0.14875300
v 0.50915903 0.04086740 0.15887800
v 0.50306797 0.03909310 0.17361701
v -0.25674701 0.53517002 -0.08605130
v -0.27338201 0.52586901 -0.07991220
v -0.25972801 0.53038198 -0.06713910
v -0.27606100 0.52095401 -0.06204830
v -0.26280099 0.52468002 -0.04891920
v -0.24608301 0.53358603 -0.05289120
v -0.24363500 0.53879100 -0.07205950
v -0.16413100 0.55830002 -0.03322560
v -0.17907500 0.55172902 -0.02492690
v -0.16096701 0.55413097 -0.01463210
v -0.18102700 0.55621898 -0.04473130
v -0.14515400 0.56127000 -0.02587830
v -0.16471900 0.56265199 -0.05216020
v -0.15094200 0.56370199 -0.04099420
v -0.14106800 0.53570402 0.05640010
v -0.12945300 0.53358698 0.06959080
v -0.14493600 0.52720898 0.07613280
v -0.12602900 0.52783501 0.08635870
v 0.53848797 -0.24797399 -0.17107700
v 0.54005998 -0.23705800 -0.18714499
v 0.54612899 -0.23045400 -0.17040400
v 0.53186202 -0.25602901 -0.18611801
v 0.54030198 -0.22512400 -0.20250200
v 0.54772103 -0.21865000 -0.18572900
v 0.45166999 -0.28130099 -0.28796801
v 0.43442601 -0.28014201 -0.30293599
v 0.44580600 -0.26402101 -0.30175900
v 0.46022499 -0.26523501 -0.28878701
v 0.43311399 -0.26218599 -0.31262401
v 0.45418999 -0.24779600 -0.30230400
v 0.43942100 -0.24628000 -0.31467399
v -0.23256700 0.37511200 0.30082899
v -0.24199501 0.35980999 0.30813900
v -0.44691300 0.21010700 0.20692900
v -0.45960200 0.19254200 0.19705801
v -0.45054400 0.19064000 0.21688201
v -0.45537499 0.21210200 0.18818299
v -0.43448800 0.23038401 0.21154800
v -0.44377500 0.22788800 0.19596100
v -0.43663701 0.21799500 0.21930800
v -0.44046500 0.20349599 0.22515500
v 0.21653600 0.36887401 -0.38809201
v 0.25335100 0.34898701 -0.38624701
v 0.24966800 0.36260501 -0.37908700
v 0.23212300 0.37283301 -0.37971699
v 0.12530200 0.26238701 -0.40782601
v 0.12191700 0.28535199 -0.40666300
v 0.35946199 0.14728700 -0.39878201
v 0.37211400 0.16236900 -0.39498299
v 0.37806299 0.14230600 -0.39513499
v 0.38877100 0.15912500 -0.38913900
v 0.35308400 0.16984899 -0.39827299
v 0.37052399 0.18382201 -0.39324600
v 0.38310501 0.17597000 -0.38963601
v 0.08523060 0.45973599 -0.34714201
v 0.07421220 0.45034900 -0.35936001
v 0.06521270 0.46634999 -0.34419900
v 0.09091990 0.44809800 -0.35817200
v 0.08176530 0.47174299 -0.33650100
v 0.09977180 0.46776700 -0.33709899
v 0.10445000 0.45385900 -0.34943399
v 0.45479399 0.37671599 -0.07232070
v 0.46484199 0.36297899 -0.06919490
v 0.46293500 0.36991999 -0.08608510
v 0.45071900 0.38473099 -0.08599750
v 0.44330800 0.38890401 -0.06787100
v 0.45166501 0.37502399 -0.05495480
v 0.17901701 0.47952399 0.16220200
v 0.15749200 0.48926601 0.15697099
v 0.16317099 0.48142701 0.17065001
v 0.14489099 0.48783499 0.16904600
v 0.17742200 0.47195700 0.18017700
v 0.15778400 0.47751600 0.18307400
v -0.31012100 0.47671399 0.01839740
v -0.31505001 0.46770599 0.03352050
v -0.30367801 0.46963400 0.04712160
v -0.32812101 0.46562001 0.01573100
v -0.33036399 0.45660499 0.03470200
v -0.31654999 0.45967299 0.05049840
v -0.35220999 0.47889599 -0.08921320
v -0.36864099 0.46786800 -0.09654870
v -0.36647800 0.46594900 -0.07765080
v -0.35774300 0.47737899 -0.10621400
v -0.35128999 0.47525400 -0.06817570
v -0.33766001 0.48660299 -0.07614090
v -0.33485600 0.49178299 -0.09441190
v -0.34442800 0.48714101 -0.10916200
v -0.37204000 0.36873499 0.13952599
v -0.36976901 0.38576701 0.11433400
v 0.41543099 0.42584100 -0.16338700
v 0.40167901 0.43940300 -0.15773401
v 0.41357100 0.42971101 -0.14534600
v 0.40361300 0.43364701 -0.17826600
v 0.41993400 0.41751999 -0.17987899
v 0.31213400 0.42325601 -0.29543200
v 0.31917599 0.40688401 -0.30384499
v 0.30282500 0.41150099 -0.30996099
v 0.29575700 0.42729101 -0.30180401
v 0.32816499 0.41821101 -0.28917399
v 0.31963700 0.43459299 -0.28064901
v 0.30266199 0.43901101 -0.28784999
v 0.14579600 0.53605998 0.05135720
v 0.14811000 0.52779597 0.07178770
v 0.16378801 0.52880698 0.05706970
v 0.12998100 0.53590900 0.06250230
v 0.16962899 0.52057803 0.07360480
v 0.15771200 0.51833498 0.08859290
v 0.13771001 0.52296400 0.09079480
v 0.12958500 0.52989900 0.07853750
v 0.31542900 0.44190300 0.08746270
v 0.31475899 0.43308601 0.10700000
v 0.32686299 0.43011501 0.09490280
v 0.33305901 0.43278599 0.07917140
v 0.30004999 0.44537401 0.10220500
v 0.30034101 0.45202601 0.08755140
v 0.30784801 0.45418799 0.07167440
v 0.32367900 0.44501901 0.06758310
v 0.53583699 0.25815001 -0.12834699
v 0.54433697 0.24044800 -0.13628200
v 0.53717703 0.25518900 -0.14838500
v 0.52903801 0.27139500 -0.14413500
v 0.53089601 0.26498500 -0.16363101
v 0.54310298 0.24144700 -0.15554400
v 0.75569499 0.09902130 0.06068510
v 0.74599898 0.10393500 0.04435770
v 0.73658401 0.10270500 0.05885850
v 0.72502500 0.10609800 0.04392000
v 0.74530298 0.09804800 0.07559550
v 0.72643900 0.09550490 0.07070970
v 0.71924698 0.10033700 0.05616880
v 0.76937902 -0.03864990 -0.05394600
v 0.76984298 -0.05525960 -0.04272800
v 0.76371402 -0.05386450 -0.05820470
v 0.76146901 -0.06895950 -0.05010100
v 0.75915700 -0.04366430 -0.07275590
v 0.75503802 -0.06335170 -0.06882110
v -0.00997266 0.54232001 0.08608540
v -0.02012380 0.53537601 0.10274900
v -0.00091305 0.53613901 0.10180800
v -0.02977960 0.54084402 0.08789420
v -0.01417940 0.52890098 0.11906300
v -0.03087910 0.52939600 0.11624600
v -0.04007770 0.53414500 0.10297400
v 0.52804601 0.09949490 -0.28074399
v 0.54039598 0.08165350 -0.26995000
v 0.52936298 0.07624520 -0.28343901
v 0.53997201 0.05802030 -0.27379400
v 0.55145198 0.06769110 -0.25787601
v 0.55107301 0.08665110 -0.25484100
v 0.54076201 0.10222400 -0.26512000
v -0.24956800 0.53431100 -0.19490799
v -0.26641899 0.52924901 -0.18370700
v -0.25078699 0.53852397 -0.17678501
v -0.23236200 0.54424798 -0.18595500
v -0.26586300 0.53304398 -0.16568600
v -0.25238901 0.54041499 -0.15934800
v -0.23862199 0.54576600 -0.16447000
v 0.66444302 -0.09850400 -0.14707901
v 0.64563799 -0.10117700 -0.15665500
v 0.65734202 -0.08640420 -0.16088299
v 0.63855600 -0.08997390 -0.16860700
v 0.67443597 -0.08368060 -0.15133201
v -0.23392600 0.51396799 0.02885820
v -0.24198100 0.50599998 0.04087330
v -0.22306700 0.51393098 0.04171850
v -0.23204599 0.50457799 0.05662480
v -0.21818000 0.52268100 0.02267870
v -0.15148400 0.42648900 0.28382501
v -0.13791101 0.43704599 0.27486300
v -0.13188700 0.42752799 0.29066700
v -0.14026700 0.44616699 0.25819299
v -0.12285800 0.44595799 0.26719099
v -0.12199600 0.43679199 0.28197801
v 0.07641970 0.14947701 0.36143601
v 0.09385720 0.13887200 0.36130899
v 0.09714760 0.15738000 0.35872000
v 0.08287050 0.17149700 0.35797200
v 0.07796090 0.12873900 0.36452901
v 0.06094400 0.13448501 0.36513400
v 0.05391650 0.14997900 0.36282599
v 0.06376140 0.16508400 0.35991099
v -0.46567699 0.23930500 -0.29965299
v -0.47886801 0.23107100 -0.29148000
v -0.47693399 0.24667899 -0.28608900
v -0.48991099 0.23329499 -0.27944800
v -0.46150899 0.25684100 -0.29519799
v -0.47344300 0.26405200 -0.28047201
v -0.48754501 0.25281900 -0.27199599
v 0.05416580 0.32641101 -0.40534100
v 0.03530620 0.33696601 -0.40471500
v 0.04929790 0.34416401 -0.40398800
v 0.03546390 0.35954100 -0.40252900
v 0.06723940 0.33885100 -0.40414199
v 0.05734510 0.35797301 -0.40246400
v -0.41865301 0.39631900 -0.00455762
v -0.41734701 0.40527201 -0.02417480
v -0.42940801 0.39224699 -0.02295600
v -0.43062201 0.38307300 -0.00376452
v -0.40682799 0.40822899 -0.00494017
v -0.41979101 0.38695499 0.01376420
v -0.40641999 0.40045801 0.01436460
v 0.37991601 -0.09648990 0.32538000
v 0.36812001 -0.07695680 0.32929701
v 0.35936299 -0.09319950 0.33048099
v 0.36473301 -0.11185300 0.32815400
v 0.34884101 -0.07563160 0.33319700
v 0.34949601 -0.10695100 0.33159700
v 0.34009001 -0.09342420 0.33395800
v -0.76691902 -0.04037540 -0.01579370
v -0.75373602 -0.03352550 -0.02742210
v -0.76237100 -0.02431190 -0.01105620
v -0.77356702 -0.03144930 0.00189293
v -0.75911200 -0.04768580 -0.03393600
v -0.77560598 -0.05342550 -0.02368220
v -0.78033102 -0.04709520 -0.00439600
v -0.52865899 0.22472499 0.00029741
v -0.52737403 0.21432599 0.01654150
v -0.51984298 0.23240900 0.01682370
v -0.53423101 0.20938800 0.00172060
v -0.53705102 0.21484999 -0.01437380
v -0.53070498 0.23261800 -0.01742920
v 0.26114899 -0.28669700 0.32822499
v 0.25399101 -0.30844399 0.32496801
v 0.27209800 -0.30056801 0.32289401
v 0.24419700 -0.28911000 0.33027801
v 0.26721600 -0.27026701 0.32968801
v 0.25024301 -0.26783299 0.33233300
v 0.56090599 -0.18788600 -0.09266850
v 0.56668699 -0.17915100 -0.12434400
v 0.56171799 -0.19166601 -0.10944200
v -0.43449301 -0.02428510 0.30464101
v -0.43319100 -0.00268829 0.30627501
v -0.44632101 -0.00897446 0.29405299
v -0.44476399 0.01033740 0.29583201
v -0.41943100 -0.01429570 0.31433499
v -0.43113300 0.01636940 0.30759600
v -0.41756701 0.00476834 0.31580201
v -0.53494501 0.03474990 -0.28501800
v -0.54405701 0.01616040 -0.27585101
v -0.54831201 0.03394360 -0.26926601
v -0.55385399 0.01864220 -0.26318699
v -0.55270702 0.00203796 -0.26491001
v -0.53959101 -0.00323406 -0.28100699
v -0.53379500 0.01547880 -0.28767401
v -0.20714501 0.23936100 -0.40680900
v -0.19859500 0.22411500 -0.40779200
v -0.21521901 0.22360700 -0.40723699
v -0.22883400 0.23353200 -0.40607801
v -0.18400100 0.24006800 -0.40755501
v -0.21781300 0.25378099 -0.40544701
v -0.19676401 0.25589699 -0.40627301
v 0.31801400 -0.44578701 -0.27163801
v 0.32589200 -0.45598900 -0.25454700
v 0.30708399 -0.45864400 -0.26598299
v 0.33496600 -0.44032800 -0.26427701
v 0.30031800 -0.44779801 -0.28134099
v 0.31126300 -0.43690100 -0.28456900
v 0.32729200 -0.43123600 -0.27882901
v 0.28573400 -0.00545966 -0.40838799
v 0.26801899 -0.00738675 -0.40920699
v 0.27664599 0.00872628 -0.40888599
v 0.29110000 0.01549370 -0.40809700
v 0.27789399 -0.02538540 -0.40865499
v 0.29653201 -0.02046430 -0.40766001
v 0.30370000 0.00047055 -0.40731299
v -0.12818199 0.11036100 0.36081100
v -0.14575601 0.11138600 0.35875899
v -0.13689700 0.09001860 0.36196300
v -0.15903699 0.09598090 0.35849500
v -0.11706600 0.09612860 0.36411399
v -0.12055100 0.07631570 0.36618799
v -0.13577300 0.06605540 0.36431500
v -0.15139300 0.07529100 0.36089501
v 0.42948699 -0.34738600 0.06165620
v 0.41790900 -0.36439201 0.05581020
v 0.42884299 -0.35910401 0.04181080
v 0.44032601 -0.34424299 0.04316900
v 0.41715500 -0.35468400 0.07474390
v 0.42666200 -0.33803499 0.08328150
v 0.43554401 -0.33272001 0.07345790
v 0.44219500 -0.33307099 0.05839240
v 0.52554703 -0.20796800 0.02213440
v 0.52880299 -0.21199501 0.00721331
v 0.52019298 -0.22488099 0.01727320
v 0.51850599 -0.21559399 0.03335920
v 0.34388399 -0.46499801 -0.01949750
v 0.32924899 -0.47256699 -0.01072280
v 0.32418600 -0.46953601 0.00720581
v 0.33292499 -0.47555199 -0.02740380
v 0.31933501 -0.48344001 -0.02327910
v 0.31342199 -0.48122200 -0.00525796
v 0.01355010 0.28662500 -0.40807101
v 0.04135850 0.29605499 -0.40739700
v -0.13214900 -0.08601470 0.36337900
v -0.11397700 -0.08521530 0.36608800
v -0.12260500 -0.06818020 0.36660200
v -0.12393800 -0.10009000 0.36297899
v -0.10328500 -0.06977790 0.36969799
v -0.10843500 -0.10250900 0.36470500
v -0.09483620 -0.08709980 0.36874300
v -0.22321600 -0.31329799 0.32819000
v -0.22595499 -0.33040401 0.32384899
v -0.20936000 -0.32037100 0.32806501
v -0.23836000 -0.31533399 0.32594401
v -0.23106800 -0.29774499 0.33001399
v -0.42976901 -0.34194800 -0.27156800
v -0.44357899 -0.32727700 -0.26916501
v -0.42883500 -0.32753599 -0.28265300
v -0.45848101 -0.32541201 -0.25431401
v -0.45519900 -0.31472799 -0.26613700
v -0.44421700 -0.31214601 -0.27886799
v -0.50852698 -0.22510301 0.05700280
v -0.50157201 -0.24184300 0.05501590
v -0.49785599 -0.23339900 0.07394910
v -0.51191002 -0.23481400 0.03625240
v -0.50629699 -0.21607500 0.07226840
v -0.51429898 -0.20683201 0.06155070
v -0.51761103 -0.21617000 0.04294280
v -0.53732300 -0.25737500 -0.17196900
v -0.52649599 -0.27134100 -0.18896900
v -0.52993399 -0.27339801 -0.16780700
v -0.53721601 -0.26152900 -0.15621600
v -0.52255303 -0.28861099 -0.16079600
v -0.52214700 -0.28464299 -0.17824399
v -0.53081697 -0.27488899 -0.14863300
v 0.16709900 -0.57084399 -0.15440600
v 0.15293400 -0.57313001 -0.16836900
v 0.16969199 -0.56757802 -0.17652600
v 0.18504100 -0.56452900 -0.16605499
v 0.18675900 -0.56057298 -0.18406500
v -0.12141600 -0.44885099 0.26400599
v -0.09872960 -0.45409599 0.26373500
v -0.14382300 -0.44384399 0.26109999
v -0.13053900 -0.43909299 0.27593100
v -0.10883500 -0.44330001 0.27837601
v -0.35340399 -0.29704499 0.27272999
v -0.34702301 -0.31233799 0.26321501
v -0.33792001 -0.30850101 0.27890900
v -0.34381601 -0.29260799 0.28815499
v -0.35959500 -0.27898601 0.28321201
v -0.36755401 -0.28673199 0.26507801
v -0.36149701 -0.30238599 0.25542101
v 0.11997700 -0.53758502 0.06463360
v 0.11375400 -0.54510498 0.04752490
v 0.13046700 -0.54162401 0.04680740
v 0.10565500 -0.54088598 0.06358440
v 0.12375700 -0.54874700 0.03032810
v 0.10602400 -0.55208898 0.03107180
v 0.09735360 -0.54724503 0.04975660
v -0.14148401 -0.54525697 -0.24987100
v -0.12899201 -0.54055202 -0.26083201
v -0.12287600 -0.55275297 -0.24520500
v -0.11071200 -0.54677701 -0.25760600
v -0.14713500 -0.53273398 -0.26480299
v -0.11555500 -0.53447503 -0.27188599
v -0.13270600 -0.52727801 -0.27563500
v -0.27670699 -0.39246100 0.23610599
v -0.26959100 -0.38513300 0.25588000
v -0.28572699 -0.37690699 0.25069699
v -0.26030499 -0.39732900 0.24652199
v -0.25490999 -0.39065799 0.26285699
v -0.25924900 -0.38031000 0.27298900
v -0.27691799 -0.37196401 0.26697099
v -0.29256901 -0.51390398 -0.18977500
v -0.30522999 -0.50395697 -0.19899701
v -0.28829601 -0.50984401 -0.20857200
v -0.30180800 -0.49809700 -0.21751300
v -0.31762499 -0.49295601 -0.20819999
v -0.09145300 -0.55250198 0.03942040
v -0.07335290 -0.55261600 0.04620720
v -0.08617300 -0.54569101 0.06080370
v -0.10577300 -0.54670900 0.04910290
v -0.07295240 -0.54043001 0.07950990
v -0.09094820 -0.53743899 0.08087710
v -0.10484000 -0.54024702 0.06737350
v -0.30064100 -0.48632699 0.00778081
v -0.31554300 -0.48132399 -0.00475423
v -0.30159301 -0.49227801 -0.01136790
v -0.31366599 -0.47544199 0.01517090
v -0.31558099 -0.48757300 -0.02408010
v -0.32993701 -0.47632399 -0.01850010
v -0.32912800 -0.47037899 0.00067427
v 0.23230800 -0.16688000 0.34419701
v 0.22385700 -0.15000699 0.34643599
v 0.21313100 -0.16599600 0.34632799
v 0.20027401 -0.14941800 0.34903699
v 0.23576000 -0.13327201 0.34629500
v 0.21537000 -0.13457900 0.34851700
v 0.22236900 -0.18353599 0.34389800
v 0.20475000 -0.18320400 0.34569299
v 0.25031900 -0.16991501 0.34193599
v 0.23937100 -0.18628800 0.34186101
v 0.25709301 -0.18789600 0.33971199
v 0.24773400 -0.20499399 0.33933100
v 0.22862500 -0.20512100 0.34136900
v 0.29865700 -0.15810600 0.33665201
v 0.26908001 -0.17312300 0.33943301
v 0.27367800 -0.18832099 0.33765900
v 0.26603699 -0.20366000 0.33730400
v 0.25774899 -0.22163200 0.33659399
v 0.21342500 -0.19730601 0.34359899
v 0.19781899 -0.20116600 0.34469199
v 0.21057899 -0.21392100 0.34230101
v 0.19245400 -0.21911600 0.34340999
v 0.22310300 -0.22648700 0.33986500
v 0.20536201 -0.23254500 0.34091499
v 0.24024500 -0.22337800 0.33838299
v 0.23343100 -0.23896700 0.33753699
v 0.46250400 0.03817540 -0.34766901
v 0.46949199 0.02066760 -0.34250599
v 0.44973701 0.04171020 -0.36151800
v 0.44253299 0.02875410 -0.37273100
v 0.49459100 0.02531490 -0.32081300
v 0.48304701 0.01877440 -0.33088300
v 0.47923100 0.03690860 -0.33308101
v 0.47039601 0.05578620 -0.33891600
v 0.49263501 0.00378058 -0.32313001
v 0.47812200 0.00720368 -0.33543599
v 0.49250299 -0.01985320 -0.32303700
v 0.47979301 -0.02994010 -0.33327600
v 0.47966799 -0.00901411 -0.33412099
v 0.49033099 -0.04354240 -0.32372299
v 0.47704601 -0.05133300 -0.33419201
v 0.46904701 -0.03611800 -0.34204400
v -0.19474301 -0.56201500 -0.10592800
v -0.20949300 -0.55634099 -0.09992090
v -0.20678000 -0.55858099 -0.11712000
v -0.22100900 -0.55318701 -0.11670000
v -0.19543400 -0.56256598 -0.12743300
v -0.21176800 -0.55704999 -0.13632300
v -0.21443599 -0.54879498 -0.06438830
v -0.21084900 -0.55327499 -0.08139240
v -0.20587100 -0.54836798 -0.04788210
v -0.22837099 -0.54589498 -0.07862420
v -0.23291600 -0.54089099 -0.06211470
v -0.22139700 -0.54318601 -0.05082150
v -0.24188800 -0.54196697 -0.08915640
v -0.24889500 -0.54055899 -0.10318400
v -0.22808000 -0.54878002 -0.09798260
v -0.25853601 -0.53445798 -0.08918840
v -0.24651900 -0.53755802 -0.07504850
v -0.17768499 -0.56463498 -0.17894000
v -0.19767600 -0.55597103 -0.18778500
v -0.18156300 -0.55867398 -0.19749700
v -0.19804600 -0.55051398 -0.20549500
v -0.16246000 -0.56555402 -0.19457600
v -0.18130600 -0.55253202 -0.21525300
v -0.16589899 -0.55949700 -0.20988400
v -0.18073501 -0.56646699 -0.15842199
v -0.16372900 -0.57142103 -0.16436900
v -0.16628499 -0.57206303 -0.14591099
v -0.14914000 -0.57653898 -0.15176800
v -0.15523100 -0.57108402 -0.18048900
v -0.14709400 -0.57545900 -0.16734999
v -0.18155000 -0.56713098 -0.13784200
v -0.16744401 -0.57173699 -0.12599599
v -0.15179500 -0.57634598 -0.13296300
v -0.18129000 -0.56696898 -0.11597900
v -0.22995199 -0.55032700 -0.13395000
v -0.22314399 -0.55275297 -0.14968400
v -0.23758000 -0.54684699 -0.15161800
v -0.21059000 -0.55635899 -0.15897900
v -0.22641701 -0.54984403 -0.16655999
v -0.27052099 -0.51246601 -0.01983630
v -0.25309500 -0.52691001 -0.04038700
v -0.26993901 -0.50283200 0.01021890
v -0.26865399 -0.49675801 0.02869780
v -0.28450999 -0.49186099 0.01836430
v -0.28642899 -0.49717599 0.00046343
v -0.27345201 -0.50638300 -0.00556003
v -0.28668201 -0.50287700 -0.01722460
v -0.30095801 -0.49861100 -0.03033580
v -0.31461701 -0.49396101 -0.04316250
v -0.31544900 -0.49875501 -0.06365400
v -0.32718799 -0.48865500 -0.05311770
v -0.32915899 -0.48275599 -0.03729030
v -0.32093400 -0.50148499 -0.09774460
v -0.30924299 -0.50619602 -0.08214330
v -0.32662800 -0.49549800 -0.08205270
v -0.30417499 -0.51183802 -0.09965120
v -0.33758199 -0.49083900 -0.09913130
v -0.31571901 -0.50634998 -0.11122900
v -0.33068699 -0.49707699 -0.11473200
v -0.29256701 -0.51640099 -0.08571280
v -0.33456200 -0.48740301 -0.06792370
v -0.34146500 -0.48588201 -0.08352020
v -0.35192901 -0.47609800 -0.07242200
v -0.34131101 -0.47890699 -0.05252550
v -0.29270300 -0.45616201 0.09245560
v -0.29451901 -0.44710401 0.10946400
v -0.27796400 -0.45694301 0.11037400
v -0.31015101 -0.43612501 0.11050900
v -0.28033701 -0.44773501 0.12691499
v -0.29668400 -0.43757799 0.12635601
v -0.31733900 -0.45771801 0.05259470
v -0.33517700 -0.44941899 0.04279010
v -0.34746099 -0.43744701 0.04895320
v -0.32558000 -0.45915800 0.03594620
v -0.34027699 -0.45355299 0.02403170
v -0.29091299 -0.47757199 0.04529430
v -0.29988101 -0.46654600 0.05867610
v -0.31018201 -0.46892700 0.03722700
v -0.29772499 -0.48087400 0.02695210
v -0.32691699 -0.46471399 0.01990070
v -0.28878599 -0.46561700 0.07676890
v -0.27515799 -0.46599701 0.09423500
v -0.28155801 -0.47601601 0.06241510
v -0.27027401 -0.47556901 0.07869520
v -0.35517401 -0.46808901 -0.04980480
v -0.36781201 -0.46272600 -0.06686130
v -0.36469901 -0.46961200 -0.08931230
v -0.36726201 -0.45683500 -0.04315750
v -0.37669399 -0.45265400 -0.05418960
v -0.38362899 -0.45024300 -0.06829980
v -0.37855899 -0.45785800 -0.08560260
v -0.35190001 -0.48029599 -0.09588620
v -0.34349099 -0.47170401 -0.03329120
v -0.35682100 -0.46010500 -0.02804050
v -0.34393099 -0.46493599 -0.01366730
v -0.34293401 -0.45891100 0.00527053
v -0.35780999 -0.45258701 -0.00813505
v -0.37217799 -0.44610700 -0.02212780
v -0.38604000 -0.43109500 -0.01267610
v -0.38793299 -0.43607599 -0.03119720
v -0.37838900 -0.44684601 -0.03911860
v -0.24145900 -0.47608700 0.11235700
v -0.24221601 -0.48355600 0.09443190
v -0.22701900 -0.48733100 0.10264200
v -0.23093700 -0.49296901 0.08496500
v -0.22059099 -0.48267299 0.12001500
v -0.26057699 -0.46627301 0.11188800
v -0.25730899 -0.47559601 0.09505760
v -0.24610300 -0.46578500 0.12972800
v -0.26337600 -0.45700800 0.12842400
v -0.27048901 -0.48813701 0.04794360
v -0.28258401 -0.48693699 0.03409470
v -0.25166300 -0.49413401 0.05776490
v -0.23406300 -0.49877101 0.06735600
v -0.25049999 -0.48655999 0.07743240
v -0.26501700 -0.48419499 0.06499200
v -0.41846001 -0.03405270 0.31427401
v -0.40268001 -0.04472720 0.32085001
v -0.40380201 -0.02533140 0.32062599
v -0.41722700 -0.05442530 0.31463999
v -0.42908299 -0.04361200 0.30831900
v -0.21942700 -0.50902098 0.05815510
v -0.20080900 -0.51345402 0.06609960
v 0.51414901 -0.04070530 -0.30300400
v 0.51373303 -0.02288050 -0.30426699
v 0.52488399 -0.02492240 -0.29330000
v 0.52665699 -0.04521970 -0.29015899
v 0.50281399 -0.03188480 -0.31374201
v 0.50167900 -0.05399200 -0.31329900
v 0.51521301 -0.06027880 -0.30035201
v 0.50733602 0.03528450 -0.30905300
v 0.48743400 -0.06771270 -0.32408401
v 0.49314600 -0.08879840 -0.31660801
v 0.47794199 -0.08762780 -0.32947600
v 0.46859699 -0.07098380 -0.33963600
v 0.50329202 -0.07393840 -0.30981600
v -0.16984200 -0.52445102 0.06604050
v -0.15896501 -0.54434502 0.01956030
v -0.12107600 -0.53367102 0.07598020
v -0.13575700 -0.52624297 0.08616610
v -0.15284100 -0.52563101 0.07608650
v -0.06818050 -0.57345301 -0.01884790
v -0.10735100 -0.56752098 -0.01858800
v -0.09580300 -0.57343203 -0.03303830
v -0.06082610 -0.55840898 0.03320750
v -0.38725799 -0.03502080 0.32588801
v -0.10927300 -0.55259597 0.03009950
v -0.04388400 -0.55821598 0.03796090
v -0.02276140 -0.54139799 0.08686570
v -0.04115110 -0.53792101 0.09321520
v -0.07998290 -0.53259599 0.09737590
v -0.06081660 -0.53531700 0.09587000
v -0.04683430 -0.51299000 0.15313700
v -0.06963940 -0.51281703 0.14855900
v -0.09156410 -0.51178998 0.14392500
v -0.14980000 -0.56121200 -0.03004340
v -0.13561200 -0.56734699 -0.04094780
v -0.11611100 -0.57020599 -0.03518040
v -0.10660200 -0.53374702 0.08356390
v -0.11368500 -0.50907600 0.14080100
v -0.13570000 -0.50542998 0.13730700
v 0.50415301 -0.27475500 -0.00709646
v 0.50621498 -0.28143901 -0.02661200
v 0.51242399 -0.26496500 -0.01768980
v 0.49902400 -0.28883401 -0.01591290
v 0.50881797 -0.25906000 0.00382490
v 0.49497601 -0.28733301 -0.00027059
v 0.49965999 -0.27126700 0.01232390
v 0.49712300 -0.29894099 -0.02970910
v 0.50545502 -0.29181099 -0.04549180
v 0.49037200 -0.30230200 -0.01371560
v 0.48645201 -0.31567001 -0.02820310
v 0.49319601 -0.31202000 -0.04419340
v 0.51717901 -0.24896500 -0.00777643
v 0.52054501 -0.25425500 -0.02819420
v 0.52409202 -0.24087600 -0.01894750
v 0.52889699 -0.24102300 -0.03644110
v 0.48648301 -0.33369800 -0.07529330
v 0.48874700 -0.32507500 -0.05917970
v 0.47590300 -0.34405100 -0.05926330
v 0.47531500 -0.35091200 -0.07898500
v 0.49689800 -0.32223499 -0.09139160
v 0.48571700 -0.33917901 -0.09181230
v 0.46455801 -0.36262000 -0.06832660
v 0.46287099 -0.35883000 -0.05027020
v 0.45229301 -0.37505299 -0.05836030
v 0.47061899 -0.34393299 -0.03906260
v 0.45891100 -0.35648799 -0.03113110
v 0.45062900 -0.37078401 -0.04045690
v 0.46472400 -0.36740601 -0.08723290
v 0.45348501 -0.37893400 -0.07651070
v 0.52976000 -0.27113101 -0.12348900
v 0.51502001 -0.29631501 -0.10869900
v 0.52077502 -0.28851500 -0.12526600
v 0.50558698 -0.31246799 -0.10889500
v 0.51200300 -0.30418199 -0.12712499
v 0.49510899 -0.32862899 -0.10747700
v 0.50162703 -0.32109299 -0.12767699
v -0.30757901 -0.51145500 -0.15752500
v -0.32090700 -0.50397903 -0.14495599
v -0.29426399 -0.51720703 -0.17011701
v -0.29332000 -0.52019000 -0.14953500
v -0.30573201 -0.51346803 -0.13755700
v -0.27899200 -0.52331901 -0.18051399
v -0.27991700 -0.52595401 -0.16138200
v -0.26274699 -0.53319103 -0.17105700
v -0.27571401 -0.52016097 -0.19881400
v -0.26512700 -0.52864999 -0.18859801
v -0.34501901 -0.47829100 -0.19858199
v -0.34497601 -0.47013900 -0.21645300
v -0.33103901 -0.48144299 -0.21402299
v -0.33164600 -0.48771799 -0.19886300
v -0.35666999 -0.47521901 -0.17948900
v -0.35870999 -0.46704400 -0.20097101
v -0.34814200 -0.48577800 -0.14273299
v -0.35942400 -0.47684601 -0.15577701
v -0.36055601 -0.47662199 -0.13319901
v -0.37086299 -0.46654701 -0.16773900
v -0.37181601 -0.46775401 -0.14650400
v -0.32966799 -0.47251600 -0.23098899
v -0.31555399 -0.48514301 -0.22595701
v -0.37184000 -0.45418000 -0.20677300
v -0.38486201 -0.43987700 -0.21337400
v -0.37161401 -0.44465700 -0.22475401
v -0.38448000 -0.44804701 -0.19561701
v -0.37107599 -0.46191999 -0.18782900
v -0.35855401 -0.45823801 -0.21955900
v -0.35792801 -0.44797200 -0.23655100
v -0.34411299 -0.46064600 -0.23344100
v -0.34447101 -0.44867101 -0.24907801
v -0.32985801 -0.46091801 -0.24707200
v -0.26864499 -0.51633197 -0.21731800
v -0.25765300 -0.52794498 -0.20241900
v -0.28536701 -0.50307500 -0.22590400
v -0.24749000 -0.52696300 -0.21649399
v -0.25312001 -0.51664400 -0.23155300
v -0.31728801 -0.45786101 -0.26118699
v -0.31334600 -0.47386301 -0.24464799
v -0.30225199 -0.46664399 -0.26237199
v -0.33202499 -0.44643199 -0.26228899
v -0.31924599 -0.44250700 -0.27568299
v -0.30425599 -0.45225200 -0.27629399
v -0.29971200 -0.48962799 -0.23461300
v -0.29538399 -0.48049700 -0.25083801
v 0.44001901 -0.36344400 -0.23727000
v 0.44952199 -0.36559799 -0.21978000
v 0.43638799 -0.37823001 -0.22375900
v 0.45220700 -0.35009301 -0.23557600
v 0.42878899 -0.37483901 -0.23919900
v 0.44016501 -0.34900001 -0.25184801
v 0.42728999 -0.36419100 -0.25229499
v 0.45783499 -0.36560500 -0.20264401
v 0.44309500 -0.38234600 -0.20422100
v 0.46195501 -0.35130501 -0.21825400
v 0.45330000 -0.37822300 -0.18647800
v 0.46588099 -0.36274999 -0.18576699
v 0.47075301 -0.34994099 -0.20107301
v 0.46413499 -0.33605501 -0.23394300
v 0.45299500 -0.33421400 -0.25026101
v 0.46548799 -0.31925499 -0.24816801
v 0.47569501 -0.32152501 -0.23182300
v 0.47384101 -0.33656001 -0.21655300
v 0.43904600 -0.33271599 -0.26633999
v 0.45440400 -0.31672499 -0.26282001
v 0.42565301 -0.35076699 -0.26591000
v 0.44269401 -0.31332099 -0.27656400
v 0.43033701 -0.32409999 -0.28050700
v 0.42155999 -0.33723700 -0.27954200
v 0.50400901 -0.30969000 -0.18083900
v 0.49257001 -0.32682899 -0.18239699
v 0.49451399 -0.31690100 -0.19734199
v 0.50185603 -0.31796101 -0.16489699
v 0.51207399 -0.30184299 -0.16384900
v 0.51426899 -0.29254001 -0.18113600
v 0.49843100 -0.32576200 -0.14859700
v 0.49073100 -0.33403799 -0.16647500
v 0.50839400 -0.31050900 -0.14616300
v 0.48749900 -0.34117299 -0.14998500
v 0.49294201 -0.33439100 -0.13584200
v -0.40670401 -0.39488199 0.02565190
v -0.39063400 -0.41140401 0.02464500
v -0.39292100 -0.40142101 0.04105640
v -0.37814701 -0.41595000 0.03975530
v -0.40103799 -0.40813500 0.00936193
v -0.40699601 -0.38568801 0.04386280
v -0.39391699 -0.39247900 0.05706470
v -0.40751800 -0.37690899 0.05979120
v -0.39392999 -0.38404101 0.07330620
v -0.37936899 -0.40724599 0.05550650
v -0.38071099 -0.39803299 0.07145670
v -0.42034999 -0.37713099 0.03187550
v -0.42066699 -0.36873201 0.04736300
v -0.42322001 -0.38177299 0.01575940
v -0.43265301 -0.36824599 0.02127070
v -0.43346301 -0.36055300 0.03423430
v -0.42596000 -0.38613999 -0.00052751
v -0.41369700 -0.39504901 0.00953056
v -0.43928999 -0.36805901 0.00503668
v -0.41277200 -0.40211600 -0.00455797
v -0.42559701 -0.39345601 -0.01669210
v -0.43861800 -0.37697399 -0.01272450
v -0.45013601 -0.37573701 -0.04378730
v -0.44951600 -0.38205200 -0.06059880
v -0.43819201 -0.39058200 -0.04597380
v -0.46152499 -0.36661300 -0.05871980
v -0.43698800 -0.39695600 -0.06202900
v -0.45979699 -0.37362099 -0.07521660
v -0.44721001 -0.38928899 -0.07693370
v -0.43804899 -0.38456401 -0.02931790
v -0.42561400 -0.40000099 -0.03333970
v -0.41250399 -0.40920100 -0.02142210
v -0.42741001 -0.40338200 -0.04845650
v -0.41405699 -0.41493699 -0.04177880
v -0.45004699 -0.36933100 -0.02693360
v -0.45149899 -0.36076301 -0.01152250
v -0.46154001 -0.36070001 -0.04166030
v -0.46035299 -0.35603699 -0.02625270
v -0.40606701 -0.36966199 0.07609830
v -0.39289600 -0.37573600 0.09040710
v -0.40414399 -0.36210701 0.09301130
v -0.39228699 -0.36642399 0.10772700
v -0.41488901 -0.35710800 0.08054200
v -0.40384701 -0.35260999 0.10941300
v -0.42110601 -0.35891899 0.06433820
v -0.38076499 -0.38919699 0.08824700
v -0.38053700 -0.37992299 0.10540200
v -0.36754599 -0.40241900 0.08671470
v -0.36792299 -0.39322999 0.10333900
v -0.38104999 -0.36960900 0.12258500
v -0.36865801 -0.38332000 0.12009600
v -0.39284000 -0.35586101 0.12471500
v -0.37012500 -0.37239501 0.13684900
v -0.38265800 -0.35799599 0.13962901
v -0.49220201 -0.31902400 -0.04572760
v -0.47966400 -0.33189401 -0.03163590
v -0.48757699 -0.31690499 -0.02485000
v -0.48240799 -0.33595100 -0.05167960
v -0.47120899 -0.34617200 -0.03736270
v -0.46579900 -0.34415099 -0.01621330
v -0.47604600 -0.32786500 -0.01211400
v -0.47271800 -0.35102400 -0.05598790
v -0.47181299 -0.35765499 -0.07340170
v -0.48268899 -0.34194899 -0.07091270
v -0.45439100 -0.35010600 0.00295188
v -0.46541199 -0.33668599 0.00022419
v -0.45876500 -0.33653000 0.01797230
v -0.44481000 -0.35426301 0.01934190
v -0.43555301 -0.34099001 0.06441760
v -0.43418300 -0.35148501 0.04915090
v -0.40415099 -0.34238899 0.12562700
v -0.41452700 -0.32898200 0.12682000
v -0.44666499 -0.33464199 0.05049880
v -0.44640201 -0.34408301 0.03457330
v -0.47258601 -0.32337800 0.00617618
v -0.48189700 -0.30662799 0.01099590
v -0.48461500 -0.31197101 -0.00628877
v -0.31940800 -0.39550400 0.17515400
v -0.32115799 -0.38579500 0.18979600
v -0.33446601 -0.38230401 0.17658800
v -0.33576700 -0.37224999 0.19176000
v -0.33266401 -0.39261499 0.16120000
v -0.34865901 -0.36807501 0.17899901
v -0.34702900 -0.37879801 0.16345701
v -0.30530199 -0.39825201 0.18955900
v -0.30916700 -0.38732401 0.20370100
v -0.32355100 -0.37664899 0.20209900
v -0.29131499 -0.39976901 0.20513301
v -0.30081600 -0.38489500 0.21903400
v -0.31685501 -0.37404901 0.21573000
v -0.29347700 -0.38105300 0.23490500
v -0.28728700 -0.39311299 0.22220400
v -0.30918100 -0.37056300 0.23178300
v -0.30197501 -0.36647099 0.24751399
v -0.29412901 -0.36238801 0.26264599
v -0.31058401 -0.35141599 0.25917301
v -0.28495601 -0.35841900 0.27759400
v -0.32477099 -0.36040199 0.22683699
v -0.33805901 -0.35156700 0.22170199
v -0.33435100 -0.36304501 0.20895500
v -0.31779701 -0.35583201 0.24338600
v -0.33308899 -0.34650001 0.23634200
v -0.23397700 -0.41752401 0.23821600
v -0.24838801 -0.41811699 0.22227500
v -0.23280799 -0.42689100 0.22217800
v -0.21789899 -0.42580399 0.23850399
v -0.23437400 -0.40918401 0.25246000
v -0.24821100 -0.40825200 0.24033201
v -0.21964200 -0.41593400 0.25436699
v -0.24421500 -0.39993501 0.25857401
v -0.24039300 -0.39030999 0.27672201
v -0.22698200 -0.40423900 0.26727101
v -0.23120300 -0.38219699 0.29371601
v -0.22059700 -0.39728799 0.28286099
v -0.24854900 -0.37534001 0.28890601
v -0.27573299 -0.40453601 0.21607199
v -0.26256999 -0.40662301 0.22762400
v -0.30444399 -0.40753299 0.17397800
v -0.31787699 -0.40542600 0.15943401
v -0.29002500 -0.41069400 0.18698800
v -0.29158500 -0.41774300 0.17192800
v -0.30277100 -0.41721299 0.15824500
v -0.26146099 -0.41743600 0.20910300
v -0.27542800 -0.41460201 0.19802700
v 0.06732130 0.01812330 0.52085900
v 0.08590020 0.01622340 0.51773298
v 0.07568280 0.03525110 0.51879698
v 0.05669200 0.03756760 0.52105999
v 0.09339580 0.03413690 0.51283997
v 0.08355210 0.05254050 0.51322401
v 0.06556390 0.05384970 0.51814002
v 0.07720300 -0.00178339 0.51975000
v 0.05849510 0.00178748 0.52188498
v 0.04854670 0.02082980 0.52241200
v 0.03903630 0.00497112 0.52324897
v 0.02959690 0.02207910 0.52337301
v 0.01718650 0.00565014 0.52401900
v 0.04872120 -0.01003140 0.52252102
v 0.03099440 -0.01084360 0.52352899
v 0.06583260 -0.01989330 0.52062398
v 0.08706330 -0.02083520 0.51682502
v 0.04559830 -0.02530670 0.52223301
v 0.05833880 -0.04066430 0.52019900
v 0.07781140 -0.03927710 0.51695400
v 0.11011300 0.00091913 0.48701200
v 0.10754700 -0.01499540 0.49044299
v 0.10148900 -0.00536448 0.47294399
v 0.10889800 -0.00119437 0.50303698
v 0.10319700 -0.01958760 0.50739700
v 0.10472000 -0.03347310 0.49404600
v 0.09833690 -0.02474620 0.47345400
v -0.13622200 -0.55629498 -0.23388800
v -0.11614400 -0.56371099 -0.22785400
v -0.10325000 -0.55717999 -0.24425700
v -0.09424800 -0.56574601 -0.23201400
v -0.10209200 -0.57215297 -0.21460700
v -0.08206970 -0.55855399 -0.24756201
v -0.07281930 -0.56659299 -0.23624600
v -0.16767900 -0.51145399 -0.28180200
v -0.16623600 -0.49739599 -0.29614300
v -0.18014300 -0.48674601 -0.30168501
v -0.15073299 -0.50656903 -0.29179999
v -0.15070200 -0.49188900 -0.30538601
v -0.16502300 -0.48123199 -0.31080601
v -0.08401440 -0.53947902 -0.27261999
v -0.06831720 -0.54926699 -0.26309499
v -0.09076460 -0.54953599 -0.25856599
v -0.06812250 -0.53547502 -0.27974400
v -0.04850520 -0.54210597 -0.27433500
v -0.04849570 -0.55557799 -0.25695100
v -0.06363220 -0.55959201 -0.24949500
v -0.10010300 -0.54051203 -0.26822099
v -0.08424340 -0.52850801 -0.28492901
v -0.09971550 -0.52978301 -0.28060701
v -0.09680660 -0.51636797 -0.29479700
v -0.11625100 -0.52135599 -0.28599399
v -0.13372400 -0.51418501 -0.28901100
v -0.11683700 -0.50786299 -0.29892001
v -0.13436700 -0.50033402 -0.30183300
v -0.15060399 -0.51980901 -0.27836800
v -0.10169800 -0.50065798 -0.30838099
v -0.11947100 -0.49297401 -0.31162500
v -0.08836590 -0.49219999 -0.31778601
v -0.10608700 -0.48469600 -0.32116401
v -0.03149640 -0.55129600 -0.26431701
v -0.03025200 -0.54052299 -0.27780700
v -0.03610960 -0.53008002 -0.28865901
v -0.15076900 -0.55831701 -0.22269000
v -0.15694100 -0.54770398 -0.23929600
v -0.16631900 -0.55301702 -0.22464401
v -0.17683800 -0.54514802 -0.23336001
v -0.15750700 -0.53742599 -0.25482500
v -0.11958000 -0.57170099 -0.20753700
v -0.13979900 -0.57085198 -0.19714200
v -0.13438500 -0.56509101 -0.21675999
v -0.15016501 -0.56471997 -0.20806900
v 0.53454298 -0.23946001 -0.05613690
v 0.53987801 -0.23635501 -0.07541600
v -0.19399300 -0.54437298 -0.22400400
v -0.20386000 -0.53639400 -0.23274601
v -0.21081400 -0.54159200 -0.21696000
v -0.21789201 -0.53143799 -0.23184000
v -0.22085699 -0.52071702 -0.24744400
v -0.45883900 -0.03542540 0.27614799
v -0.45761001 -0.01531710 0.27960101
v -0.46816099 -0.02312340 0.26554000
v -0.44866401 -0.02808990 0.29059100
v -0.46756399 -0.04379820 0.26222101
v -0.45727199 -0.05795770 0.27418599
v -0.45089400 -0.04511460 0.28611800
v -0.45403701 0.02445350 0.28320599
v -0.44300300 0.02952910 0.29688799
v -0.45209301 0.04396280 0.28422800
v -0.43982199 0.04813450 0.29812500
v -0.42899200 0.03501040 0.30849800
v 0.02034410 -0.56196499 0.02941060
v 0.03976940 -0.56114298 0.02868580
v 0.03068010 -0.56575102 0.01622940
v 0.01429640 -0.56827199 0.01027920
v 0.00214921 -0.56269097 0.02849560
v 0.05938830 -0.56061101 0.02521350
v 0.04751230 -0.56578499 0.01225420
v 0.07005630 -0.55496299 0.03876460
v 0.07852930 -0.55980802 0.02064280
v 0.08047170 -0.54850399 0.05349690
v 0.08828350 -0.55387199 0.03445750
v 0.07424700 -0.54270798 0.07161140
v 0.09168800 -0.54115897 0.06902320
v 0.08653960 -0.53494102 0.08738610
v 0.06762430 -0.53716302 0.08789850
v 0.04782250 -0.53929597 0.08748180
v 0.05921890 -0.53317899 0.10036400
v 0.09736910 -0.55844098 0.01597470
v 0.11623400 -0.55551898 0.01413240
v 0.03341250 -0.57023001 0.00084935
v 0.03827130 -0.57469499 -0.01631790
v 0.01898120 -0.57411098 -0.01034380
v 0.06108840 -0.57885498 -0.04066940
v 0.09260880 -0.57227302 -0.03029020
v 0.10083800 -0.50698799 0.14877500
v 0.08025800 -0.50997603 0.14973500
v 0.12224100 -0.50565100 0.14154100
v 0.10659700 -0.53372300 0.08182240
v 0.12720700 -0.53018200 0.07967450
v 0.13796900 -0.55002201 0.01579370
v 0.14630900 -0.55315202 -0.00084164
v 0.15995400 -0.54560798 0.01117370
v 0.13922200 -0.54445398 0.03215680
v 0.30263701 -0.19343600 -0.40264499
v 0.30676901 -0.21328400 -0.40090701
v 0.28898501 -0.19967800 -0.40350300
v 0.29290399 -0.17681099 -0.40437701
v 0.31028700 -0.18014599 -0.40265301
v 0.31851500 -0.19425000 -0.40093300
v 0.15660200 -0.55971599 -0.03420560
v 0.15209800 -0.55642700 -0.01718980
v 0.16577201 -0.54906702 -0.00515026
v 0.17042200 -0.55259299 -0.02195240
v 0.13797399 -0.53440702 0.06168370
v 0.14627101 -0.52737403 0.07471100
v 0.16487101 -0.52370399 0.07014330
v 0.15531300 -0.52083600 0.08507680
v 0.17955901 -0.54157102 0.00553853
v 0.19215401 -0.53375500 0.01636190
v 0.19799601 -0.53789401 -0.00290882
v 0.18480501 -0.54531997 -0.01202290
v 0.20462599 -0.52532101 0.02755430
v 0.20941700 -0.53009301 0.00791421
v 0.22052599 -0.52165502 0.01984590
v 0.20327500 -0.51983702 0.04433310
v 0.21735699 -0.51601601 0.03945680
v 0.18101400 -0.51928902 0.06757210
v 0.19328301 -0.51922399 0.05607480
v 0.17209600 -0.51621503 0.08311050
v 0.19339301 -0.51157200 0.07572170
v 0.17916600 -0.50887698 0.09532330
v 0.16834401 -0.50539201 0.11264100
v 0.19655401 -0.50445902 0.09077740
v 0.18846899 -0.50084102 0.10669000
v 0.16112500 -0.50041699 0.12964900
v 0.14188001 -0.50342602 0.13557699
v 0.18032999 -0.49647200 0.12373900
v -0.30734801 0.06645150 0.34097499
v -0.31828499 0.08397400 0.33881101
v -0.33270600 0.10058000 0.33584601
v -0.33705801 0.08105430 0.33599299
v -0.31167701 0.10190300 0.33900800
v -0.35335800 0.07930430 0.33323601
v -0.34827700 0.09229000 0.33361501
v -0.36700001 0.07010160 0.33081201
v -0.36620399 0.09119410 0.33011699
v -0.38097501 0.01789820 0.32826501
v -0.36043599 0.01473910 0.33273900
v -0.36666799 0.03239170 0.33146900
v -0.38321799 0.04004900 0.32765001
v -0.36688399 0.05125880 0.33128500
v -0.35103399 0.02740400 0.33453000
v -0.32321501 0.11763000 0.33643600
v -0.34166899 0.12040500 0.33325699
v -0.35349399 0.10729500 0.33189601
v -0.46152699 -0.16264300 -0.32914701
v -0.45337701 -0.18129800 -0.33005500
v -0.46866500 -0.17769100 -0.31926599
v -0.47719899 -0.15364000 -0.31904000
v -0.47610700 -0.19231901 -0.30864999
v -0.45912501 -0.19983500 -0.31974301
v -0.48329899 -0.17234901 -0.30892199
v -0.29327399 0.10679200 0.34137800
v -0.27490801 0.11406100 0.34343901
v -0.28787500 0.12631300 0.34103599
v -0.30544299 0.12056800 0.33891800
v -0.30056900 0.14030500 0.33837801
v -0.31711301 0.13557100 0.33626100
v -0.33210501 0.13237900 0.33409199
v -0.32960600 0.14952201 0.33325401
v -0.31312501 0.15563500 0.33541301
v -0.38341701 0.05957450 0.32712600
v -0.38290000 0.07867610 0.32653099
v -0.39923599 0.06998300 0.32157901
v -0.39955699 0.05089580 0.32240799
v 0.35103899 -0.42150399 0.07249700
v 0.34204599 -0.43350801 0.06228770
v 0.35722801 -0.42515001 0.05367600
v 0.34636801 -0.43836799 0.04383720
v 0.36748701 -0.41027999 0.06606330
v 0.36152500 -0.43014199 0.03466400
v -0.41197601 0.08409410 0.31527701
v -0.39684099 0.08576830 0.32168800
v -0.40266299 0.10002100 0.31829399
v -0.41686001 0.06420640 0.31404200
v -0.42751801 0.08277880 0.30526301
v -0.41997501 0.10272200 0.30807799
v -0.42717400 0.05152600 0.30879000
v -0.41438100 0.04267160 0.31683999
v -0.43395600 0.06544720 0.30145600
v 0.00684247 -0.59265101 -0.10171600
v 0.01916720 -0.59078503 -0.08909440
v -0.00029999 -0.59035498 -0.08321930
v 0.02655420 -0.59256798 -0.10722100
v -0.03903540 -0.58805698 -0.07393050
v -0.03115090 -0.59069997 -0.08823590
v -0.01980100 -0.58935201 -0.07714010
v -0.01459290 -0.59223503 -0.09721040
v -0.03906870 -0.59339303 -0.12063500
v -0.02019020 -0.59384602 -0.11584000
v -0.03551080 -0.59226900 -0.10336500
v -0.05712820 -0.59108698 -0.10737200
v -0.04820160 -0.58978802 -0.08959560
v -0.02232120 -0.59440899 -0.13384300
v -0.05596280 -0.59253699 -0.12848300
v -0.03929760 -0.59378397 -0.13913999
v -0.00361477 -0.59382498 -0.11284700
v 0.01371140 -0.59397697 -0.12224700
v -0.00464789 -0.59446299 -0.12921099
v -0.07036650 -0.59140199 -0.14109500
v -0.08380810 -0.58915901 -0.15588000
v -0.06679320 -0.59073001 -0.16114500
v -0.07289670 -0.59062803 -0.12104000
v -0.05383210 -0.59266102 -0.14852899
v 0.02510290 -0.59383702 -0.13863900
v 0.03425130 -0.59339499 -0.12549999
v 0.04020310 -0.59287798 -0.14535201
v 0.05242270 -0.59231800 -0.13015200
v -0.01042010 -0.59290200 -0.16742601
v 0.00344211 -0.59080398 -0.18086500
v 0.00814093 -0.59297103 -0.16255000
v 0.02343470 -0.59114099 -0.17509900
v -0.01677350 -0.59010202 -0.18493500
v -0.00314849 -0.58656198 -0.19857700
v 0.01731790 -0.58787900 -0.19315299
v -0.00676436 -0.59431303 -0.14838500
v 0.01042950 -0.59410799 -0.14312001
v -0.02406280 -0.59403700 -0.15273800
v -0.03901350 -0.59332198 -0.15612000
v -0.02943130 -0.59226400 -0.17045100
v -0.04860830 -0.59158301 -0.16800500
v -0.05613080 -0.58699101 -0.07504290
v -0.06671170 -0.58779800 -0.08722430
v -0.07775180 -0.58839703 -0.10169800
v -0.09620720 -0.58528399 -0.09728690
v -0.08507630 -0.58485502 -0.08255850
v -0.11658400 -0.58089000 -0.17698500
v -0.10431700 -0.57908303 -0.19410001
v -0.09703820 -0.58528399 -0.17240700
v -0.11219100 -0.58406502 -0.16159400
v -0.07909000 -0.58814400 -0.17234400
v -0.06275320 -0.58879101 -0.17939401
v -0.03990380 -0.58890700 -0.18676700
v -0.41105801 -0.43412799 -0.14520100
v -0.42218599 -0.42205101 -0.15993500
v -0.40784699 -0.43585899 -0.15956800
v -0.39686999 -0.44663700 -0.15011300
v -0.41032600 -0.43094200 -0.17422000
v -0.39648399 -0.44491300 -0.16780099
v -0.42502800 -0.42095700 -0.14081000
v -0.42432401 -0.42145401 -0.12512800
v -0.43713799 -0.40850300 -0.13120100
v -0.43670899 -0.40836200 -0.15212800
v -0.42831799 -0.41625699 -0.11166900
v -0.44077599 -0.40302399 -0.11144400
v -0.45003501 -0.39401799 -0.12661099
v -0.44893900 -0.39533699 -0.14535300
v -0.41261601 -0.43275800 -0.12830900
v -0.39858201 -0.44552800 -0.13232499
v -0.40074199 -0.44273701 -0.11443900
v -0.41472700 -0.42959201 -0.11163300
v -0.43647599 -0.40243199 -0.18308000
v -0.44835699 -0.38832399 -0.18723200
v -0.43667501 -0.39548701 -0.20109800
v -0.44685200 -0.39537400 -0.16628800
v -0.45884800 -0.38004801 -0.17368200
v -0.46003699 -0.37285301 -0.19174699
v -0.43415701 -0.40888801 -0.16797800
v -0.42372799 -0.41661000 -0.17899001
v -0.45262301 -0.38916600 -0.10841600
v -0.45983601 -0.38201499 -0.12099400
v -0.46452701 -0.37433499 -0.10659700
v -0.46057200 -0.38178000 -0.13681500
v -0.46975300 -0.36962199 -0.12368900
v -0.45989999 -0.38178799 -0.15486699
v -0.46998700 -0.36802500 -0.16379701
v -0.47282100 -0.36611199 -0.14342700
v -0.30274701 -0.38648400 -0.32817400
v -0.28519699 -0.40126300 -0.32701001
v -0.30350399 -0.40202799 -0.31749099
v -0.28964099 -0.38070300 -0.33859101
v -0.29144201 -0.41676500 -0.31327799
v -0.27276200 -0.41996300 -0.31987599
v -0.26463500 -0.40869999 -0.33140901
v -0.27289501 -0.39184800 -0.33930400
v -0.28902400 -0.44503599 -0.29205200
v -0.30638701 -0.43928301 -0.28714401
v -0.29936099 -0.42928001 -0.29961199
v -0.28088999 -0.43196499 -0.30716100
v -0.27129000 -0.44461200 -0.30162600
v -0.27227601 -0.45683199 -0.29039001
v -0.28873700 -0.46054199 -0.27781200
v -0.31909001 -0.42641401 -0.29018599
v -0.30981600 -0.41481000 -0.30497199
v -0.33724499 -0.41477001 -0.28804499
v -0.32595500 -0.41083300 -0.29857999
v -0.33431301 -0.43083999 -0.27604699
v -0.32151899 -0.39986700 -0.30922300
v -0.34008500 -0.39627299 -0.30047300
v -0.33197001 -0.38375801 -0.31420401
v -0.31588200 -0.38957900 -0.31937799
v -0.35260299 -0.40301400 -0.28681600
v -0.35024300 -0.41913199 -0.27488500
v -0.35847300 -0.38547301 -0.29622799
v -0.36603501 -0.39301401 -0.28499699
v -0.34955999 -0.37615699 -0.30863699
v -0.36760300 -0.36783499 -0.30254599
v -0.37525299 -0.37808901 -0.28972501
v -0.33899000 -0.36669400 -0.32104799
v -0.35725501 -0.35857499 -0.31520101
v -0.32047901 -0.37537599 -0.32598200
v -0.32577699 -0.35908800 -0.33300501
v -0.34468299 -0.34988299 -0.32786000
v -0.29302600 -0.36094701 -0.35122901
v -0.30682600 -0.36897999 -0.33727500
v -0.31202301 -0.35236800 -0.34547800
v -0.25290200 -0.42429501 -0.32546800
v -0.24334200 -0.43979099 -0.31782401
v -0.26208401 -0.43579701 -0.31302100
v -0.25447699 -0.45276299 -0.30275401
v -0.21629199 0.42223799 -0.34199700
v -0.22070201 0.43824399 -0.32803899
v -0.23103601 0.42539200 -0.33363000
v -0.22058900 0.40500799 -0.35548100
v -0.23407200 0.41096601 -0.34356600
v -0.20344400 0.41359401 -0.35504499
v -0.19931901 0.42636099 -0.34458801
v -0.25571299 0.43059999 -0.31965601
v -0.24573199 0.41948301 -0.33190200
v -0.26234800 0.41261399 -0.32955399
v -0.27278000 0.42304999 -0.31756300
v -0.23830201 0.43626001 -0.32268101
v -0.26749200 0.43984300 -0.30730700
v -0.25155199 0.40255299 -0.34193000
v -0.27145001 0.39479300 -0.33807400
v -0.23826399 0.39569899 -0.35463300
v -0.25620201 0.38700601 -0.35224500
v -0.28937501 0.38284600 -0.33772200
v -0.27325100 0.37783599 -0.35039401
v -0.29044801 0.39817801 -0.32648900
v -0.28936300 0.36768800 -0.34925300
v -0.30553800 0.37150699 -0.33693001
v -0.30603299 0.38783601 -0.32554001
v -0.22209799 0.47943500 -0.29367101
v -0.23977700 0.48380700 -0.28156000
v -0.22735400 0.45136899 -0.31549799
v -0.38325000 -0.30325699 0.21982400
v -0.38525400 -0.31266201 0.20342900
v -0.36971301 -0.30783701 0.23575500
v -0.38208601 -0.29453000 0.23307000
v -0.39763299 -0.30643499 0.19026799
v -0.41954300 -0.28233701 0.18235700
v -0.40981299 -0.29951799 0.17799500
v -0.37486899 -0.27018699 0.27198300
v -0.38668099 -0.26257101 0.26225501
v -0.38122100 -0.27653900 0.25588399
v -0.39446899 -0.26439300 0.24803600
v -0.38870901 -0.28048399 0.23934300
v -0.37498599 -0.29199100 0.24763800
v -0.32806000 -0.30332601 0.29393801
v -0.31832501 -0.29397801 0.30733401
v -0.33368599 -0.28574401 0.30195999
v -0.32337600 -0.27444500 0.31368801
v -0.34730399 -0.27829099 0.29640001
v -0.33997899 -0.26799500 0.30775300
v -0.37045199 -0.26008299 0.28671101
v -0.38458401 -0.25307301 0.27446300
v -0.35578099 -0.26408499 0.29841000
v -0.34810799 -0.24843501 0.31167901
v -0.36535999 -0.24759600 0.30033001
v -0.36102399 -0.23154500 0.31129101
v -0.38016099 -0.24279100 0.28848401
v -0.37388900 -0.23310800 0.30114499
v -0.39555499 -0.23484300 0.27460200
v -0.38602901 -0.22566301 0.29288301
v -0.39670601 -0.24932700 0.25983801
v -0.40807801 -0.23476800 0.25549600
v -0.39921501 -0.21639900 0.28345400
v -0.33201599 -0.32398301 0.26831800
v -0.34085199 -0.32529500 0.25507900
v -0.34385899 -0.33205301 0.24164900
v -0.32765001 -0.33921799 0.25419700
v -0.29218799 -0.29125199 -0.39389899
v -0.29334199 -0.31071901 -0.38792899
v -0.30846301 -0.29785299 -0.38811901
v -0.27676401 -0.30112600 -0.39453501
v -0.30955800 -0.31475300 -0.37794599
v -0.25594199 0.48637700 -0.27025399
v -0.25044101 0.50018400 -0.25683099
v -0.23726100 0.49661800 -0.26850700
v -0.23525400 0.50807798 -0.25550100
v -0.21931501 0.50849998 -0.26344600
v -0.22145300 0.49412999 -0.27917999
v -0.27645999 0.47581199 -0.26927501
v -0.26808900 0.49145299 -0.25659499
v -0.28546700 0.48496300 -0.25233799
v -0.27898100 0.46053401 -0.28307399
v -0.29528499 0.46146500 -0.27202699
v -0.29342499 0.47286600 -0.26124200
v -0.12998500 -0.48002201 0.19728500
v -0.12842000 -0.47375399 0.21158700
v -0.14832000 -0.47432101 0.19849101
v -0.11273800 -0.48088199 0.20445700
v -0.13908800 -0.48427200 0.18294500
v -0.08376400 -0.46337500 0.25190201
v -0.09445610 -0.48179901 0.21043099
v -0.06851630 -0.46131900 0.26004800
v -0.07774250 -0.45346799 0.27090299
v -0.14531100 -0.46609700 0.21784200
v 0.06141590 -0.52001798 -0.29589200
v 0.04038810 -0.52537298 -0.29268301
v 0.03471230 -0.53814602 -0.27926001
v 0.02460370 -0.51721197 -0.30195400
v 0.04616940 -0.51249701 -0.30509800
v 0.01975210 -0.52996898 -0.28940800
v -0.17409199 -0.41733900 0.28565601
v -0.15736800 -0.42316401 0.28627399
v -0.16502400 -0.41074601 0.29744601
v -0.18470401 -0.40650800 0.29322800
v -0.17151800 -0.42670599 0.27317700
v -0.18903600 -0.41599801 0.27836800
v -0.13777600 -0.42836899 0.28805599
v -0.11722200 -0.43276900 0.29014099
v -0.12433400 -0.42043301 0.30127999
v -0.14490899 -0.41589600 0.29967499
v -0.15178700 -0.43392500 0.27321199
v -0.16711500 -0.43774301 0.25717899
v -0.15363701 -0.44925600 0.24538800
v -0.18742999 -0.42628801 0.26284099
v -0.18656000 -0.43597600 0.24631400
v -0.20702200 -0.41289699 0.26995799
v -0.20289400 -0.40283000 0.28742799
v -0.20279300 -0.42550701 0.25225800
v -0.20331600 -0.43487999 0.23478700
v -0.21048300 -0.44220001 0.21424200
v -0.21818300 -0.43336901 0.22417800
v -0.13287701 -0.40645799 0.31074399
v -0.15388000 -0.40182999 0.30891100
v -0.11153800 -0.41068301 0.31181100
v -0.12151200 -0.39499000 0.31890100
v -0.14256699 -0.39103201 0.31764299
v -0.10301200 -0.42480201 0.30215299
v -0.09882670 -0.43584499 0.29147500
v -0.06805330 -0.44290501 0.28740200
v -0.08125980 -0.43042800 0.29947400
v -0.08815480 -0.44388101 0.28274301
v -0.04567460 -0.44493201 0.28817499
v -0.03902310 -0.45841599 0.27028099
v -0.02448040 -0.45305800 0.28049099
v -0.02749440 -0.44247600 0.29347801
v -0.03819580 -0.43182501 0.30299300
v -0.05881600 -0.43091100 0.30166000
v -0.05853050 -0.45426100 0.27386299
v -0.21158101 -0.45105001 0.19569001
v -0.22857100 -0.44220001 0.19677299
v -0.22782101 -0.43533799 0.21107399
v -0.19683000 -0.45837599 0.19453301
v -0.20750000 -0.46033800 0.18060100
v -0.22584200 -0.45193800 0.17997800
v -0.18804599 -0.46682999 0.18454599
v -0.19785701 -0.47052100 0.16821800
v -0.21852800 -0.46285900 0.16489500
v -0.16893101 -0.47109100 0.19111601
v -0.33129600 0.46847701 -0.23496300
v -0.32655501 0.45725200 -0.25399399
v -0.34359601 0.45379201 -0.24279600
v -0.34838200 0.46262699 -0.22427499
v -0.33663100 0.44243199 -0.26203600
v -0.35573700 0.44101700 -0.24719000
v -0.36037901 0.45000899 -0.23000400
v 0.04534110 -0.54610002 -0.26838300
v -0.31768200 0.46941900 -0.24694800
v -0.30920100 0.46391600 -0.25999701
v -0.30267099 0.47780600 -0.24840100
v -0.31531000 0.44824699 -0.27190101
v 0.02524680 -0.47740600 0.23376700
v 0.01011780 -0.48471400 0.21940900
v 0.02780090 -0.48637599 0.21387500
v 0.00426376 -0.47628799 0.23799101
v 0.01563510 -0.49220899 0.20254999
v -0.01003120 -0.48314101 0.22327900
v 0.04713400 -0.47390401 0.23768300
v 0.05903290 -0.47926399 0.22329900
v 0.06809870 -0.47106799 0.23852301
v 0.07889020 -0.47681901 0.22272100
v 0.05553560 -0.46594501 0.25261199
v 0.07694270 -0.46255100 0.25385001
v 0.03038480 -0.45362201 0.28013301
v 0.04140300 -0.46082801 0.26577100
v 0.04973110 -0.45414701 0.27711800
v 0.06364080 -0.45786199 0.26723999
v 0.04497450 -0.44668201 0.28971401
v 0.06583250 -0.44936001 0.28282401
v 0.01021050 -0.45114300 0.28498599
v -0.00936472 -0.44697300 0.29002300
v -0.00409239 -0.45812199 0.27410099
v 0.00473277 -0.43826500 0.30011499
v -0.01643500 -0.43419299 0.30279300
v -0.01917530 -0.46357301 0.26348400
v -0.00004540 -0.46756101 0.25641200
v -0.01431410 -0.47308299 0.24483299
v 0.01584430 -0.47047299 0.24949200
v 0.01767660 -0.46190000 0.26642200
v 0.08169640 -0.44096699 0.29208601
v 0.08517050 -0.45289299 0.27101499
v 0.10766600 -0.45141199 0.26457399
v 0.04747880 -0.48799801 0.20697100
v 0.04119440 -0.48097599 0.22365400
v 0.06888320 -0.48523200 0.20754200
v 0.05966660 -0.49260199 0.19431899
v 0.06837720 -0.42852601 0.30640101
v 0.08831740 -0.42625299 0.30582300
v 0.05899210 -0.43930501 0.29764801
v -0.38106701 0.37872800 -0.28511900
v -0.39731899 0.36898601 -0.27960700
v -0.39316401 0.38482699 -0.27020001
v -0.37798300 0.39474800 -0.27430901
v -0.38468999 0.36262500 -0.29405901
v -0.36784700 0.37305799 -0.29886499
v -0.41286299 0.35900399 -0.27387699
v -0.41046301 0.37568200 -0.26198101
v -0.40116000 0.35259399 -0.28838599
v -0.42296901 0.36402801 -0.25988501
v -0.42758501 0.35014501 -0.26695800
v -0.41742799 0.34234300 -0.28219399
v -0.40209100 0.39027900 -0.25673601
v -0.38895100 0.40077901 -0.25912100
v -0.42682600 0.37422600 -0.24578500
v -0.41511801 0.38791099 -0.24486600
v -0.42957699 0.38636300 -0.22771201
v -0.44097900 0.36934200 -0.23276301
v -0.43560800 0.35949299 -0.25004199
v 0.13392401 -0.57906502 -0.11373000
v 0.11081500 -0.58407497 -0.11953000
v 0.12097600 -0.58243197 -0.13319400
v 0.11794500 -0.58126003 -0.10202600
v 0.14069401 -0.57816499 -0.13174900
v 0.13385400 -0.57687598 -0.09289730
v 0.15646200 -0.57425702 -0.13658100
v 0.14768200 -0.57612699 -0.14968300
v 0.17097700 -0.57026702 -0.13378599
v 0.18547000 -0.56585300 -0.14764000
v 0.18658599 -0.56570601 -0.13170300
v -0.06991500 -0.41681600 0.31240299
v -0.09022510 -0.41462800 0.31193501
v -0.08087180 -0.40031001 0.32033801
v -0.04836060 -0.41589299 0.31456101
v -0.06234920 -0.40028599 0.32147500
v 0.20203100 -0.55955499 -0.15756400
v 0.21613000 -0.55277801 -0.16802301
v 0.19995800 -0.55816901 -0.17330100
v 0.23339599 -0.54689699 -0.15921900
v 0.12898999 -0.58025801 -0.14833100
v 0.13738100 -0.57732600 -0.16200800
v 0.10086600 -0.58595198 -0.13782901
v 0.08755370 -0.58780497 -0.12250200
v 0.09882920 -0.58492798 -0.10581900
v 0.15561500 -0.53904903 -0.25155401
v 0.14364900 -0.54938102 -0.24034201
v 0.17400099 -0.53580201 -0.24854700
v 0.19830400 -0.54109401 -0.22615400
v 0.19162300 -0.53327101 -0.24390399
v 0.20691100 -0.55207998 -0.18783499
v 0.20348300 -0.54693103 -0.20788300
v 0.22113800 -0.54289502 -0.19930400
v 0.22780800 -0.54567301 -0.17951401
v 0.21576600 -0.53764099 -0.21885300
v 0.20933700 -0.53065801 -0.23747499
v 0.23246200 -0.53350300 -0.21218900
v 0.24887700 -0.52860200 -0.20596600
v 0.23833100 -0.53756100 -0.19237900
v 0.24324299 -0.52312398 -0.22507000
v 0.22642300 -0.52697098 -0.23151600
v 0.24743900 -0.53853500 -0.17215399
v 0.24926101 -0.54044998 -0.15011100
v 0.26449701 -0.53241998 -0.16050100
v 0.26561901 -0.52878100 -0.17899600
v 0.25305599 -0.53201503 -0.18885200
v -0.43946099 -0.09211510 0.29225701
v -0.43932801 -0.07616760 0.29588500
v -0.44911501 -0.07681300 0.28258801
v -0.44959801 -0.09444830 0.27599999
v -0.44546300 -0.06067140 0.29059601
v -0.45782501 -0.07891720 0.26641601
v -0.19941100 -0.42932701 -0.34255201
v -0.21181300 -0.43502900 -0.33341700
v -0.21409500 -0.41983300 -0.34507000
v -0.23175800 -0.42634401 -0.33261600
v -0.19640601 -0.41859499 -0.35358399
v -0.21156500 -0.40434301 -0.36129799
v -0.22887699 -0.40929401 -0.34840801
v -0.24573700 -0.41188601 -0.33811799
v -0.24370199 -0.39760000 -0.35133800
v -0.25723100 -0.39954600 -0.34176901
v -0.18178500 -0.43239701 -0.34645700
v -0.17672800 -0.42169201 -0.35934800
v -0.16150400 -0.43419200 -0.35224301
v -0.17056900 -0.41234800 -0.37285599
v -0.19064400 -0.40822300 -0.36738199
v -0.15632100 -0.42451701 -0.36602801
v -0.26330501 -0.37041500 -0.36282000
v -0.24634100 -0.38172799 -0.36391699
v -0.25992301 -0.38584700 -0.35131899
v -0.27666000 -0.37484300 -0.34998700
v -0.19993500 -0.39376301 -0.37654600
v -0.18049499 -0.39858299 -0.38061401
v -0.21735500 -0.38619399 -0.37495100
v -0.20527200 -0.37624800 -0.38590199
v -0.18721600 -0.38322499 -0.38778999
v -0.56022102 -0.00869093 0.25510901
v -0.57092601 -0.02745880 0.25205100
v -0.55254298 -0.03002290 0.25222099
v -0.58217698 -0.01033510 0.25445700
v -0.55665100 0.01259620 0.25461999
v -0.57552499 0.00806682 0.25467601
v -0.54685497 -0.04977930 0.24250700
v -0.53375399 -0.03421660 0.25141200
v -0.52550399 -0.04896610 0.24372400
v -0.51348102 -0.03679160 0.25061801
v -0.50691003 -0.31710801 -0.13930900
v -0.51360399 -0.30485800 -0.15474600
v -0.50280201 -0.32202700 -0.15811600
v -0.50564498 -0.31323999 -0.17579500
v -0.51535100 -0.30288899 -0.13098601
v -0.51456600 -0.29820600 -0.17651001
v -0.52303898 -0.28966901 -0.14057000
v -0.53564101 -0.25573799 -0.08452430
v -0.53661901 -0.25828999 -0.10156700
v -0.52820200 -0.27092800 -0.08613080
v -0.53237599 -0.25659901 -0.06829290
v -0.52999997 -0.27328399 -0.10942300
v -0.52164799 -0.28721201 -0.09904460
v -0.52297300 -0.27267700 -0.06208430
v -0.53862399 -0.25816801 -0.12090300
v -0.54558903 -0.24124099 -0.11089100
v -0.54135901 -0.24618299 -0.09297640
v -0.54643601 -0.24260400 -0.13238800
v -0.55308098 -0.22576000 -0.12439300
v -0.55249000 -0.22302701 -0.10494100
v -0.54670399 -0.23265900 -0.08973650
v -0.51564401 -0.28881499 -0.19444400
v -0.50636798 -0.30443999 -0.19464000
v -0.50594300 -0.29334500 -0.21234600
v -0.51575798 -0.27745801 -0.20989300
v -0.53113103 -0.27420899 -0.12944700
v -0.52308202 -0.28838399 -0.11982700
v -0.53894198 -0.25900701 -0.13977800
v -0.49693099 -0.33245301 -0.14186600
v -0.50024599 -0.32730699 -0.12670000
v -0.49112999 -0.34044600 -0.12462900
v -0.50703800 -0.31591800 -0.11898500
v -0.49700499 -0.33006501 -0.10941700
v -0.51461703 -0.30216199 -0.10977000
v -0.50440300 -0.31704000 -0.09896440
v -0.54509598 -0.24477001 -0.15378900
v -0.54467499 -0.24055301 -0.17433500
v -0.55220002 -0.22656199 -0.16201299
v -0.55302900 -0.22696100 -0.14314499
v -0.53568798 -0.25244001 -0.18962499
v -0.54290402 -0.23488000 -0.19244200
v -0.55089402 -0.22316600 -0.18019500
v -0.56410700 -0.19274800 -0.16501901
v -0.55798298 -0.20840500 -0.17188600
v -0.55890602 -0.21049100 -0.15377600
v -0.56175798 -0.18931800 -0.18524300
v -0.55566502 -0.20689400 -0.18700200
v -0.52556598 -0.26133600 -0.20585699
v -0.53374702 -0.24427100 -0.20615301
v -0.61664099 -0.05107900 0.23895399
v -0.59695500 -0.04856410 0.24116699
v -0.60768700 -0.03395870 0.24890099
v -0.62685400 -0.03746260 0.24692500
v -0.58932197 -0.02983660 0.25066400
v -0.61978400 -0.01920590 0.25249901
v -0.60120499 -0.01392630 0.25372601
v -0.63608199 -0.00708975 0.25354400
v -0.63604599 -0.02372160 0.25100601
v -0.47666299 -0.28295100 0.06134860
v -0.48489401 -0.26795599 0.06242700
v -0.48652300 -0.27570701 0.04772660
v -0.49425700 -0.25860301 0.05196250
v -0.49722800 -0.26498601 0.03525890
v -0.48888701 -0.28285301 0.03102460
v -0.46722099 -0.28901601 0.07477700
v -0.47772500 -0.26897699 0.07777930
v -0.46606001 -0.27881199 0.09170230
v -0.45710999 -0.29617399 0.08760550
v -0.45753101 -0.30687600 0.07058150
v -0.49041101 -0.25298700 0.06854470
v -0.50329900 -0.24971700 0.04036410
v -0.50785702 -0.25197300 0.02474520
v -0.50040698 -0.27023500 0.01887970
v -0.51144999 -0.25695801 0.00753092
v -0.21509400 0.46583501 -0.30844399
v -0.43630201 0.40860999 -0.15445700
v -0.44042301 0.40031299 -0.17285299
v -0.44791600 0.39565900 -0.15279900
v -0.42799899 0.41413999 -0.17274500
v -0.44496301 0.38862100 -0.19293401
v -0.45203999 0.38770500 -0.17141300
v -0.43149701 0.40492499 -0.19012500
v -0.48534399 -0.24923500 0.08496900
v -0.47389999 -0.26155001 0.09639900
v -0.49065599 -0.23171601 0.09267310
v -0.46305099 -0.27052799 0.10940100
v -0.45934701 -0.26224101 0.12749700
v -0.45197999 -0.27840701 0.12281400
v -0.45529100 -0.28674901 0.10488000
v -0.45577401 -0.25383201 0.14469001
v -0.44798201 -0.27077299 0.14060301
v -0.46349001 -0.23545800 0.14869800
v -0.45217100 -0.24606600 0.16080500
v -0.44404101 -0.26357201 0.15738200
v -0.49263200 -0.21576799 0.10477200
v -0.49202499 -0.20188200 0.11918300
v -0.50076902 -0.19978000 0.10099400
v -0.50006801 -0.21579000 0.08732160
v -0.47137699 -0.21480700 0.15276000
v -0.48077801 -0.19783901 0.14796899
v -0.48217401 -0.20804700 0.13578901
v -0.47417101 -0.19674900 0.16304900
v -0.45943201 -0.22807799 0.16478300
v -0.46376699 -0.21126300 0.17213900
v -0.48969600 -0.19027101 0.13452600
v -0.48486501 -0.18041401 0.15303899
v -0.52497399 -0.20737199 0.03234540
v -0.52285701 -0.19774100 0.04816680
v -0.53051603 -0.19182301 0.03287410
v -0.53044897 -0.24507000 -0.03648910
v -0.53774601 -0.22696400 -0.03418060
v -0.53774297 -0.23853000 -0.05401240
v -0.52946198 -0.25543001 -0.05217620
v -0.52259398 -0.25349799 -0.02237070
v -0.52270901 -0.26338300 -0.04106890
v -0.51360703 -0.26374599 -0.00940282
v -0.50304401 -0.27590600 0.00276138
v -0.51451099 -0.27205801 -0.02713070
v -0.50489199 -0.28244799 -0.01379830
v -0.50552601 -0.16395999 0.11889600
v -0.50044900 -0.18357500 0.11565500
v -0.49559700 -0.17297700 0.13488001
v -0.50101501 -0.15510200 0.13530700
v -0.49196899 -0.16103899 0.15143800
v -0.50769198 -0.18622300 0.09671920
v -0.50956100 -0.19853100 0.08112570
v -0.51582003 -0.17873000 0.08318330
v -0.51090699 -0.17095600 0.10129400
v -0.63760298 -0.05179060 0.23774500
v -0.62692398 -0.05944770 0.22476999
v -0.60544997 -0.05983220 0.22663300
v -0.56285101 -0.04321080 0.24679500
v -0.53242201 -0.05827700 0.23002300
v -0.55072701 -0.05967230 0.22445500
v -0.56597400 -0.05674430 0.23480600
v -0.39306501 -0.40435299 -0.25224400
v -0.39557201 -0.41572201 -0.23632300
v -0.38114899 -0.41938600 -0.24783500
v -0.40320101 -0.39047101 -0.25608799
v -0.39237100 -0.38984400 -0.26653701
v -0.37922600 -0.40632799 -0.26302600
v -0.42281801 -0.36933899 -0.25556499
v 0.58905703 -0.14699000 -0.12237500
v -0.39095199 -0.37459099 -0.28030100
v -0.40658501 -0.37426299 -0.26723501
v -0.40197000 -0.35856000 -0.28351301
v -0.38556600 -0.36148101 -0.29424301
v -0.37870401 -0.39128900 -0.27655700
v -0.41740999 -0.35705400 -0.27134499
v -0.42950299 -0.27630299 -0.31170800
v -0.41777700 -0.29316601 -0.31195399
v -0.43152601 -0.29426301 -0.30071300
v -0.41536400 -0.27607399 -0.32206300
v -0.41647801 -0.31086600 -0.30312300
v -0.40317401 -0.30799800 -0.31445900
v -0.40597299 -0.29180601 -0.32098901
v -0.41400099 -0.32773200 -0.29479799
v -0.39631501 -0.34358799 -0.29816800
v -0.41404599 -0.34308800 -0.28454599
v -0.43064100 -0.31120500 -0.29153299
v -0.39968500 -0.32541600 -0.30699000
v -0.47102001 -0.26543999 -0.28116000
v -0.47449499 -0.24438700 -0.28881800
v -0.46209201 -0.25369999 -0.29565600
v -0.46559599 -0.23240700 -0.30230299
v -0.45707801 -0.27380300 -0.28990000
v -0.45095700 -0.26172000 -0.30152500
v -0.45223001 -0.24368501 -0.30864599
v -0.44780001 -0.29364300 -0.28705201
v -0.44302499 -0.27730599 -0.30035999
v -0.46593001 -0.28403199 -0.27534801
v -0.45986599 -0.30050600 -0.27089900
v -0.49655101 -0.26950401 -0.24897601
v -0.49183699 -0.25902000 -0.26238900
v -0.48221001 -0.27448100 -0.26372299
v -0.48329100 -0.25443801 -0.27487200
v -0.48969099 -0.28670201 -0.24534000
v -0.47540799 -0.29290301 -0.25900701
v -0.47269699 -0.32084700 -0.24016701
v -0.46822599 -0.30935699 -0.25538701
v -0.48195601 -0.30359301 -0.24238700
v -0.47543901 -0.33220100 -0.22463199
v -0.48554501 -0.31524199 -0.22628701
v -0.48679900 -0.32659701 -0.20971499
v -0.47579199 -0.34342301 -0.20852900
v -0.49468601 -0.29800600 -0.22834501
v -0.49664801 -0.30983001 -0.21136101
v -0.50407201 -0.27941999 -0.23001100
v -0.88172901 0.00253731 0.17393699
v -0.87939203 0.02298480 0.17161700
v -0.88789302 0.01074610 0.15758599
v -0.86675203 0.03337890 0.18456300
v -0.87201101 0.04151430 0.16763300
v -0.88360202 0.02997460 0.15431499
v -0.88651800 0.03261800 0.12147100
v -0.89007300 0.01759480 0.13711201
v -0.88475400 0.03582160 0.13866501
v -0.87742901 0.04837360 0.13094200
v -0.87511498 0.04717370 0.14978001
v -0.22915500 -0.35120299 0.31582299
v -0.24292000 -0.33391699 0.32001999
v -0.24856400 -0.34943399 0.31063500
v -0.26054299 -0.33276901 0.31547499
v -0.25513300 -0.31632301 0.32280600
v -0.25635600 -0.26104200 0.33208501
v -0.26053199 -0.28055301 0.32879499
v -0.24107900 -0.27770600 0.33170500
v -0.27396899 -0.26543400 0.32918799
v -0.23912700 -0.25613299 0.33463201
v -0.26995999 -0.24598500 0.33226800
v -0.25205499 -0.24128100 0.33490899
v -0.24903899 -0.29750901 0.32772800
v -0.26643199 -0.29936901 0.32435399
v -0.27817100 -0.28402001 0.32533699
v -0.27313399 -0.31634399 0.31784701
v -0.28457800 -0.30109999 0.31929401
v -0.22674100 -0.26786399 0.33454800
v -0.21154100 -0.34035501 0.32297999
v -0.21061300 -0.35958099 0.31699100
v -0.19583499 -0.34846801 0.32350501
v -0.22230400 -0.37118000 0.30702999
v -0.19241200 -0.36636499 0.31855601
v -0.20430000 -0.37721899 0.30970699
v -0.18451799 -0.38257700 0.31281900
v -0.19529800 -0.39288500 0.30169001
v -0.17501000 -0.39726201 0.30596000
v -0.17282800 -0.37098700 0.32072100
v -0.16360199 -0.38687301 0.31564099
v -0.20207199 -0.25156099 0.33884901
v -0.18337999 -0.25148499 0.34053901
v -0.19456799 -0.23415300 0.34147999
v -0.16421001 -0.25124601 0.34219599
v -0.17506200 -0.23440699 0.34319100
v -0.22093000 -0.25233299 0.33696100
v -0.21395500 -0.23476900 0.33959100
v -0.23340100 -0.23720300 0.33737901
v -0.16284700 -0.35532799 0.32678199
v -0.17944100 -0.34018299 0.32800001
v -0.18093701 -0.35643399 0.32409301
v -0.15248100 -0.37464601 0.32269800
v -0.14160000 -0.36165899 0.32752600
v -0.17719100 -0.32080200 0.33180001
v -0.19448499 -0.32886201 0.32807499
v -0.87554902 0.04953410 0.09351430
v -0.85898697 0.06085130 0.09131010
v -0.86795700 0.05411460 0.07614160
v -0.84951901 0.06214200 0.07452250
v -0.88081199 0.03833330 0.07922740
v -0.87347001 0.04365030 0.06086310
v -0.85859299 0.05668300 0.05904580
v -0.88776797 0.01958320 0.08058980
v -0.88627398 0.03059480 0.09956530
v -0.89137602 0.00910247 0.09638800
v -0.88234597 0.02680610 0.06329640
v -0.88904798 -0.00205164 0.07713530
v -0.88619101 0.01065200 0.06500330
v 0.06563240 -0.55792099 -0.24868500
v 0.04557460 -0.55804700 -0.25173700
v 0.10445300 -0.55151701 -0.25015000
v 0.12417500 -0.55024898 -0.24632999
v 0.10475300 -0.51789099 -0.29141799
v 0.12205400 -0.50858200 -0.29700601
v 0.10436600 -0.50416499 -0.30494800
v 0.08423550 -0.51470602 -0.29820499
v 0.14125299 -0.50057900 -0.30010301
v 0.12374200 -0.49483699 -0.30950901
v 0.16031200 -0.49297300 -0.30198699
v 0.14296199 -0.48653999 -0.31226301
v 0.03091270 -0.50419903 -0.31388599
v 0.00138926 -0.52167100 -0.29825300
v 0.01035440 -0.50770497 -0.31130201
v 0.06748730 -0.50671202 -0.30844700
v 0.05169110 -0.49915600 -0.31701601
v 0.07156130 -0.49230400 -0.32076699
v 0.08752250 -0.49898601 -0.31268200
v 0.26472801 -0.01963990 0.34706500
v 0.25891900 -0.04011340 0.34761199
v 0.27478999 -0.03740330 0.34550101
v 0.26584601 -0.05650030 0.34629300
v 0.24566300 -0.03291010 0.34954599
v 0.24607000 -0.05635750 0.34895101
v 0.17844599 -0.48504400 -0.30357701
v 0.16177399 -0.47847801 -0.31418499
v 0.19635800 -0.49169600 -0.29124701
v 0.18106000 -0.46748999 -0.31747800
v 0.19576301 -0.47588700 -0.30569300
v 0.16276200 -0.46350899 -0.32612500
v 0.14427400 -0.47203600 -0.32398301
v 0.14757000 -0.45666900 -0.33547401
v 0.12706301 -0.46325901 -0.33495301
v 0.12545399 -0.48021200 -0.32161999
v 0.10665000 -0.48957899 -0.31762201
v 0.10835600 -0.47424400 -0.32981399
v 0.09025630 -0.48373201 -0.32519200
v -0.52747899 0.05536870 0.11952000
v -0.51933903 0.05742100 0.13805200
v -0.53551298 0.05205890 0.10112500
v -0.53209400 0.03697290 0.11222300
v -0.54244000 0.04845360 0.08484920
v -0.53956300 0.06465090 0.08764540
v -0.54790699 0.05453510 0.06893070
v -0.53981400 0.03467120 0.09397070
v -0.54701400 0.03449160 0.07561610
v -0.34865901 -0.33200401 -0.33651000
v -0.33004901 -0.32912099 -0.35149699
v -0.33035001 -0.34336600 -0.34049699
v -0.35879099 -0.31498900 -0.34003001
v -0.34233701 -0.31642601 -0.35145301
v -0.36880100 -0.32640901 -0.32696599
v -0.36318600 -0.34224701 -0.32136300
v -0.37567300 -0.30921799 -0.33198801
v -0.38659099 -0.31889600 -0.31974399
v -0.39209601 -0.30058599 -0.32579201
v -0.36748201 -0.29764700 -0.34391999
v -0.38335401 -0.29010999 -0.33699900
v -0.33733699 -0.28625301 -0.37902001
v -0.32403201 -0.30099100 -0.37869501
v -0.33846900 -0.30179501 -0.36590600
v -0.35064900 -0.28656301 -0.36647600
v -0.35260701 -0.30140600 -0.35333499
v -0.32602701 -0.31556201 -0.36528000
v -0.36169699 -0.28691000 -0.35518101
v -0.37492001 -0.27946001 -0.34921300
v -0.36506999 -0.27057800 -0.36449799
v -0.37483200 -0.25199801 -0.36837301
v -0.38175300 -0.26194799 -0.35431001
v -0.39034399 -0.24533799 -0.35653099
v -0.39576501 -0.25581801 -0.34568900
v -0.39098901 -0.27118599 -0.34155101
v -0.38346201 -0.23581301 -0.37086001
v -0.40043101 -0.22744299 -0.35712600
v -0.40580001 -0.24280401 -0.34429201
v -0.40858701 -0.26055101 -0.33385900
v -0.39974099 -0.28117999 -0.33035201
v -0.42613000 -0.25827101 -0.32243299
v -0.43900201 -0.23810001 -0.32126501
v -0.42155400 -0.24256700 -0.33247700
v -0.43075401 -0.22740000 -0.33171499
v -0.41711399 -0.22751200 -0.34236601
v -0.38883701 -0.21959400 -0.37359601
v -0.40215799 -0.20902801 -0.36483499
v -0.41512099 -0.21157600 -0.35090399
v -0.39044499 -0.20224901 -0.37887299
v -0.40307400 -0.19424801 -0.37226900
v -0.41431999 -0.19528300 -0.36000299
v -0.57868701 0.12710200 -0.08204450
v -0.58132601 0.10878400 -0.07614180
v -0.58315700 0.11411200 -0.09553650
v -0.58271599 0.08890610 -0.06640800
v -0.58520800 0.09564250 -0.08763360
v -0.58808100 0.08409030 -0.09795770
v -0.58713597 0.09919970 -0.10919300
v -0.58982497 0.07920430 -0.11405000
v -0.58903801 0.09074810 -0.12933500
v -0.58723700 0.10700900 -0.12618600
v -0.58431399 0.11937000 -0.11512500
v -0.58681399 0.07690320 -0.08207780
v -0.58848101 0.05774040 -0.08117890
v -0.58504099 0.06749460 -0.06498860
v -0.58665401 0.04745950 -0.06487390
v -0.58069497 0.07652920 -0.04816740
v -0.58280700 0.05741730 -0.04865240
v -0.56422901 0.12788101 -0.01769820
v -0.56549698 0.13848600 -0.03131600
v -0.56596702 0.11211400 -0.01261040
v -0.55965501 0.14317700 -0.01416890
v -0.56005299 0.12669700 -0.00250523
v -0.56643403 0.14998101 -0.04652520
v -0.57257801 0.14165200 -0.06595470
v -0.56038201 0.15611400 -0.02876680
v -0.10789200 -0.18906200 0.35391101
v -0.09993200 -0.17223600 0.35661200
v -0.12691300 -0.18824400 0.35249799
v -0.08873430 -0.18977199 0.35517299
v -0.11561200 -0.20576499 0.35130900
v -0.09587320 -0.20636800 0.35260400
v -0.09073770 -0.15591000 0.35952699
v -0.09923500 -0.13857999 0.36105600
v -0.07973870 -0.14029400 0.36268100
v -0.08095250 -0.17319600 0.35790199
v -0.07150400 -0.15651900 0.36099899
v -0.09033100 -0.10496600 0.36675599
v -0.10502800 -0.12059800 0.36278999
v -0.08693700 -0.12345500 0.36440000
v -0.12299000 -0.11719700 0.36112800
v -0.09327310 -0.05551440 0.37373999
v -0.08321750 -0.07260250 0.37304801
v -0.07544820 -0.05679390 0.37874800
v -0.06159200 -0.07248360 0.37804401
v -0.08499740 -0.03974630 0.37926599
v -0.07162150 -0.04118000 0.38601500
v -0.06011330 -0.05229650 0.38678399
v -0.07340090 -0.09074310 0.37155300
v 0.24517800 0.44522500 0.17122300
v 0.22857399 0.45556000 0.16764700
v 0.22672300 0.46459600 0.15054400
v -0.07291810 -0.11052500 0.36810899
v -0.15096100 -0.05191900 0.36317700
v -0.14118899 -0.06874930 0.36359701
v -0.13249800 -0.05104390 0.36633700
v -0.16022500 -0.06862140 0.36071801
v -0.15014800 -0.08621870 0.36080599
v -0.12569900 -0.03201660 0.36880299
v -0.10959400 -0.02636740 0.37286401
v -0.12020700 -0.01422770 0.37082699
v -0.13549601 -0.01488910 0.36739099
v -0.11270900 -0.04941650 0.37022299
v -0.14304499 -0.03384060 0.36535999
v -0.16135500 -0.03561540 0.36217499
v -0.17018799 -0.05225810 0.36013600
v -0.14009900 -0.10706100 0.36017001
v -0.19863100 -0.09899010 0.35344800
v -0.18619201 -0.11439200 0.35385701
v -0.17914701 -0.09822810 0.35597101
v -0.19060500 -0.08244320 0.35553199
v -0.20424300 -0.11770600 0.35141000
v -0.21053600 -0.08351570 0.35284001
v -0.21662501 -0.10289500 0.35091901
v -0.17241500 -0.12801500 0.35435799
v -0.16962899 -0.11258600 0.35600799
v -0.19166100 -0.13219900 0.35176599
v -0.15490501 -0.12066600 0.35705301
v -0.15828700 -0.13958900 0.35484400
v -0.17885700 -0.14550801 0.35204101
v -0.15963200 -0.10145000 0.35819101
v -0.16621700 -0.15757500 0.35220200
v -0.15580000 -0.17156100 0.35177800
v -0.17378500 -0.17294900 0.34988400
v -0.18659700 -0.16314501 0.34954000
v -0.14647500 -0.18785000 0.35085201
v -0.16737600 -0.18719800 0.34902301
v -0.15683500 -0.20347700 0.34821299
v -0.13582000 -0.20464700 0.34986600
v -0.51356101 0.11353500 0.13188399
v -0.50824201 0.10713300 0.14739400
v -0.51390201 0.07378870 0.14584200
v -0.50806099 0.08979670 0.15416500
v -0.02589340 -0.21245299 -0.41098100
v -0.01161190 -0.19934499 -0.41136900
v -0.00683652 -0.21793801 -0.41085199
v -0.04328200 -0.22407900 -0.41053799
v -0.02150970 -0.23058200 -0.41045600
v -0.50962400 0.13454200 0.12946300
v -0.51790702 0.12221700 0.11672600
v -0.50500101 0.12717700 0.14471000
v -0.52511102 0.11294400 0.10408700
v -0.52296197 0.12882100 0.10038600
v -0.31257701 -0.32850000 -0.36479101
v -0.30177501 -0.34289199 -0.36033699
v -0.31715399 -0.33914599 -0.35245201
v -0.32232001 -0.28324801 -0.38829601
v -0.33559501 -0.26826099 -0.38795099
v -0.30580500 -0.27800101 -0.39387500
v -0.31885299 -0.26332900 -0.39383399
v -0.51952201 0.14740901 0.09685320
v -0.51434797 0.14168000 0.11345800
v -0.19587900 -0.56018299 -0.16932300
v -0.21296699 -0.55283302 -0.17848100
v -0.21710600 -0.54620498 -0.19826700
v -0.54688001 0.11733500 0.04399280
v -0.54779702 0.13023600 0.03301640
v -0.55323797 0.11370400 0.02767010
v -0.55451798 0.12768701 0.01465860
v -0.54181498 0.14717899 0.03793300
v -0.54840797 0.14528300 0.02028430
v 0.04437940 -0.57716000 -0.21889000
v 0.05522850 -0.56842101 -0.23385900
v 0.06513020 -0.57679802 -0.21523100
v 0.07394260 -0.56630599 -0.23381300
v 0.03639070 -0.56925499 -0.23529600
v 0.02451730 -0.57688302 -0.22214100
v 0.01892310 -0.56997901 -0.23598200
v 0.02453200 -0.56172901 -0.24885599
v 0.00492600 -0.57445902 -0.22829100
v 0.00464855 -0.56506300 -0.24482900
v -0.55734003 0.01480590 0.05012790
v -0.55104703 0.01658720 0.06723460
v -0.55365598 0.03430860 0.05796490
v -0.55401897 -0.00266534 0.05963780
v -0.56078100 0.03259690 0.03811200
v -0.56324601 0.01126790 0.03309650
v -0.56010997 -0.00502244 0.04229330
v -0.54734302 0.00034900 0.07761040
v -0.54394799 0.01778450 0.08562580
v -0.53627199 0.01909870 0.10463400
v -0.53983700 0.00232432 0.09671040
v 0.00583787 -0.27633199 0.34559399
v 0.01918690 -0.29227099 0.34317499
v -0.05165690 -0.28522700 0.34411001
v -0.03741950 -0.27199000 0.34619799
v -0.05717210 -0.26653299 0.34653699
v -0.06383000 -0.29966700 0.34177601
v -0.07496920 -0.31573999 0.33914700
v -0.05788870 -0.32081100 0.33886799
v -0.08144000 -0.29518801 0.34182000
v -0.04594940 -0.30500999 0.34142601
v -0.07104580 -0.27935001 0.34434900
v -0.02347560 -0.32956699 0.33792400
v -0.04095100 -0.32537401 0.33847499
v 0.01210030 -0.30931100 0.34081799
v -0.00672018 -0.33581200 0.33688200
v 0.00579235 -0.32475600 0.33858401
v 0.00976978 -0.34181699 0.33578601
v -0.00334383 -0.35652399 0.33324999
v 0.01392910 -0.36126101 0.33229300
v 0.02682190 -0.34582201 0.33487001
v 0.02157590 -0.32643199 0.33811000
v -0.01974590 -0.35024801 0.33444700
v -0.01722220 -0.37074700 0.33059001
v -0.03112320 -0.36306101 0.33213100
v -0.03614300 -0.34554699 0.33526501
v 0.26337901 0.43301699 0.17507400
v 0.22915401 0.44739601 0.18382700
v 0.24611700 0.43652499 0.18768600
v 0.03942620 -0.33160999 0.33693799
v 0.05332450 -0.32136199 0.33817399
v 0.03336370 -0.31011799 0.34035200
v 0.05285480 -0.30395901 0.34077799
v 0.05816190 -0.33974200 0.33509600
v 0.06737860 -0.31477499 0.33873799
v 0.07305980 -0.32947600 0.33628300
v -0.07989200 -0.34890699 0.33379000
v -0.08435920 -0.36535001 0.33050200
v -0.06925130 -0.33698601 0.33608600
v -0.06548230 -0.36087099 0.33207801
v -0.05284440 -0.34248501 0.33558899
v -0.04629070 -0.36321101 0.33202699
v -0.07295300 -0.38253301 0.32696000
v -0.05484830 -0.38159099 0.32783300
v -0.09178670 -0.38282499 0.32579800
v -0.03479930 -0.38222501 0.32796299
v -0.04671530 -0.39757299 0.32316601
v -0.07796660 -0.25811401 0.34692100
v -0.09220620 -0.27576101 0.34394801
v -0.09662380 -0.29429901 0.34127501
v -0.07588380 -0.48303199 -0.32720101
v -0.06537170 -0.47233900 -0.33765501
v -0.05766850 -0.48773000 -0.32542199
v -0.08119830 -0.46904799 -0.33838999
v -0.09316170 -0.47578701 -0.33076400
v -0.05819000 -0.46204999 -0.34836599
v -0.04604100 -0.47488901 -0.33751199
v -0.04325770 -0.45931900 -0.35296401
v -0.07479370 -0.45861000 -0.34960601
v -0.06190680 -0.44974500 -0.36229900
v -0.10989500 -0.46803200 -0.33434200
v -0.11336300 -0.45448101 -0.34574899
v -0.09521670 -0.45856699 -0.34596401
v -0.08553310 -0.44712001 -0.36131701
v -0.10641300 -0.44501001 -0.35840100
v 0.02595120 -0.46603900 -0.34688699
v 0.01317830 -0.45495099 -0.35929701
v 0.03306000 -0.45491701 -0.35822701
v 0.00739167 -0.46720999 -0.34661299
v 0.04299400 -0.46404299 -0.34750801
v 0.02142120 -0.47957599 -0.33513701
v 0.04023320 -0.47614300 -0.33699700
v -0.02820190 -0.47000301 -0.34322500
v -0.02987270 -0.48292801 -0.33169100
v -0.01432210 -0.48227301 -0.33294600
v -0.01039720 -0.46813601 -0.34566101
v -0.02446960 -0.45678100 -0.35689801
v 0.02133910 -0.44635600 -0.36900601
v -0.00558444 -0.45513499 -0.35931700
v 0.00306050 -0.44223699 -0.37373501
v -0.19098400 -0.44207600 -0.33516899
v -0.20446400 -0.44994399 -0.32453600
v -0.22467300 -0.44396701 -0.32187599
v -0.58971697 0.06774150 -0.09814000
v -0.59117299 0.04943790 -0.09856000
v -0.58967102 0.03835370 -0.08101280
v -0.58122897 0.02920260 -0.03289310
v -0.58429098 0.03773850 -0.04915140
v -0.58513701 0.01789820 -0.04919560
v -0.58775699 0.02692660 -0.06520900
v -0.57986099 0.04823930 -0.03220510
v -0.07604350 -0.40875301 -0.39198399
v -0.08626030 -0.42349800 -0.38371801
v -0.09317420 -0.40494099 -0.39193600
v -0.08109140 -0.38822299 -0.39727899
v -0.10484200 -0.42006499 -0.38280401
v -0.10965700 -0.40078199 -0.39184499
v -0.06700540 -0.39451700 -0.39651901
v -0.05794250 -0.41018599 -0.39266101
v -0.06643040 -0.42556301 -0.38500699
v -0.29935101 -0.23783199 -0.39978799
v -0.29002899 -0.22299400 -0.40199301
v -0.29892200 -0.25657400 -0.39779499
v -0.30972800 -0.22510500 -0.39972901
v -0.31526899 -0.24367000 -0.39717200
v -0.28074101 -0.20582899 -0.40396699
v -0.30105901 -0.20759401 -0.40203699
v -0.26180500 -0.20487501 -0.40536401
v -0.27389100 -0.18685500 -0.40548101
v -0.23056500 -0.21969400 -0.40632701
v -0.24386699 -0.20291400 -0.40650499
v -0.22513799 -0.20018300 -0.40749601
v -0.23854800 -0.18239500 -0.40767100
v -0.25637299 -0.18399800 -0.40669999
v -0.21669701 -0.23664400 -0.40612400
v -0.23420800 -0.24014400 -0.40499100
v -0.20890900 -0.21779300 -0.40738201
v -0.22099499 -0.25308201 -0.40495199
v -0.20472200 -0.25644299 -0.40557501
v -0.19751500 -0.23977301 -0.40682900
v -0.23294900 -0.26243800 -0.40357000
v -0.21531899 -0.27141300 -0.40397900
v -0.24642400 -0.27479500 -0.40152901
v -0.22915500 -0.28425601 -0.40198499
v -0.20902900 -0.07761470 -0.41092300
v -0.18960001 -0.07588540 -0.41141301
v -0.20019500 -0.09608350 -0.41093099
v -0.20462300 -0.05746060 -0.41120699
v -0.21915300 -0.09500180 -0.41038701
v -0.15675101 -0.06380250 -0.41213700
v -0.14742801 -0.07891060 -0.41215000
v -0.17525899 -0.06150110 -0.41181999
v -0.13661200 -0.06264570 -0.41244501
v -0.14372601 -0.04710420 -0.41246101
v -0.16251400 -0.04599170 -0.41217500
v 0.45601699 0.33713701 -0.24410900
v 0.46804500 0.32088801 -0.24330600
v 0.46757299 0.33540899 -0.22920400
v 0.47053999 0.30461201 -0.25380901
v 0.48162699 0.30548000 -0.23806800
v 0.47930300 0.32035401 -0.22673801
v -0.11261800 -0.15121800 -0.41160601
v -0.13216101 -0.15318701 -0.41130799
v -0.12647299 -0.13451500 -0.41175699
v -0.10794900 -0.13661900 -0.41192099
v -0.11877000 -0.16723600 -0.41115999
v -0.09750350 -0.16780099 -0.41144401
v -0.09489460 -0.14742400 -0.41187000
v -0.58821899 0.00447053 -0.06595500
v -0.59121698 -0.00063068 -0.08683580
v -0.58974302 -0.01504420 -0.07645140
v -0.59224200 -0.01823240 -0.09746430
v -0.58651298 -0.01514000 -0.05675180
v -0.58800799 -0.03118360 -0.06714630
v -0.59082502 -0.03215150 -0.08742970
v -0.17868100 -0.15555499 -0.41033500
v -0.18631200 -0.13869600 -0.41053599
v -0.16652600 -0.14325801 -0.41093501
v -0.19435900 -0.15759400 -0.40985700
v -0.16507301 -0.16694599 -0.41035700
v -0.18177600 -0.17325801 -0.40976301
v 0.01790610 -0.24069899 -0.41020900
v 0.01245290 -0.22259200 -0.41073701
v 0.03385890 -0.22580400 -0.41062099
v 0.02486560 -0.20744400 -0.41114700
v 0.03744500 -0.24592499 -0.40997300
v 0.05334820 -0.23405699 -0.41026899
v 0.04413850 -0.20666100 -0.41111299
v 0.05250540 -0.21883699 -0.41075599
v 0.02270990 -0.25892600 -0.40957001
v 0.05757370 -0.25163800 -0.40958700
v 0.00681904 -0.27427599 -0.40898299
v -0.00187063 -0.29372901 -0.40803200
v -0.01232510 -0.28235999 -0.40864500
v 0.01840520 -0.29145300 -0.40808001
v -0.02311600 -0.29674801 -0.40782499
v -0.01103830 -0.31084999 -0.40704000
v -0.06478130 -0.28946301 -0.40782800
v -0.06606360 -0.26879999 -0.40874600
v -0.08403980 -0.27823099 -0.40805399
v -0.04587440 -0.29868501 -0.40756300
v -0.10058600 -0.26127201 -0.40852901
v -0.08281890 -0.25637800 -0.40900299
v -0.10006100 -0.24280100 -0.40923801
v -0.11850100 -0.24880400 -0.40870300
v -0.11753500 -0.26474401 -0.40808499
v -0.10588300 -0.27798000 -0.40768200
v -0.05166420 -0.24031700 -0.40994099
v -0.24401300 -0.29677099 -0.39935601
v -0.22616600 -0.30468699 -0.40013099
v -0.24248500 -0.31698900 -0.39673501
v -0.21052700 -0.29101899 -0.40263700
v -0.20654100 -0.31214699 -0.40093401
v -0.22503600 -0.32503900 -0.39771900
v -0.26075599 -0.28827700 -0.39863700
v -0.26012799 -0.30926901 -0.39555699
v -0.27647999 -0.28006199 -0.39781201
v -0.19588700 -0.27599901 -0.40470901
v -0.19116400 -0.29422301 -0.40358400
v -0.17333700 -0.27953199 -0.40555599
v -0.18525900 -0.25987300 -0.40626600
v -0.18788700 -0.30979300 -0.40248200
v -0.19145200 -0.32664001 -0.40051499
v -0.17278400 -0.29999900 -0.40414801
v -0.20569500 -0.19658899 -0.40833700
v -0.18584301 -0.19209500 -0.40907899
v -0.18950200 -0.21019600 -0.40837100
v -0.16971999 -0.20623299 -0.40906399
v -0.17312600 -0.22438200 -0.40836099
v -0.19002099 -0.22656301 -0.40774301
v -0.27019000 -0.16560499 -0.40662500
v -0.26995501 -0.14294800 -0.40738201
v -0.28605399 -0.14937700 -0.40619600
v -0.27057999 -0.12035300 -0.40790400
v -0.28715101 -0.12819301 -0.40678999
v -0.25245300 -0.11083000 -0.40892500
v -0.27130499 -0.09821360 -0.40832800
v -0.23055699 -0.11102900 -0.40973100
v -0.21205699 -0.10968600 -0.41035101
v -0.21738400 -0.12569000 -0.40987399
v -0.14032000 -0.36004701 -0.39946899
v -0.16090199 -0.35759801 -0.39859399
v -0.12952900 -0.34442601 -0.40202799
v -0.15292700 -0.37461099 -0.39610001
v -0.13281401 -0.37746000 -0.39681000
v -0.17855000 -0.35593501 -0.39751899
v -0.17316100 -0.37138399 -0.39476499
v -0.19282900 -0.34608901 -0.39778200
v -0.19175100 -0.36537001 -0.39362699
v -0.15438600 -0.29369700 -0.40540999
v -0.13759500 -0.31018701 -0.40487599
v -0.13435300 -0.29308301 -0.40615001
v -0.14958100 -0.27425900 -0.40680701
v -0.12202800 -0.32773501 -0.40404001
v -0.11787800 -0.31045899 -0.40552700
v -0.09616800 -0.20678000 -0.41045600
v -0.09878680 -0.22464100 -0.40987501
v -0.11590900 -0.21307001 -0.40995899
v -0.11825800 -0.23070601 -0.40934500
v -0.07981090 -0.21758200 -0.41035399
v -0.08207770 -0.23644900 -0.40971500
v -0.06198840 -0.11441900 -0.41271701
v -0.06426430 -0.13049200 -0.41245699
v -0.07868670 -0.11663200 -0.41253701
v -0.04815780 -0.12172700 -0.41269901
v -0.06674900 -0.09940020 -0.41288599
v -0.04936020 -0.10392600 -0.41293401
v 0.02495530 -0.13624001 -0.41259199
v 0.03174840 -0.15769200 -0.41219601
v 0.01287790 -0.15108500 -0.41237301
v 0.01506800 -0.17039099 -0.41200799
v 0.00869374 -0.13076100 -0.41268900
v -0.00157701 -0.16539100 -0.41212499
v -0.00312159 -0.14588000 -0.41245601
v 0.01844570 -0.18926901 -0.41160399
v 0.02932660 -0.17596900 -0.41185001
v 0.03628500 -0.19077800 -0.41151100
v 0.00635647 -0.20408200 -0.41125101
v 0.00120165 -0.18474001 -0.41172701
v -0.09563510 -0.29199800 -0.40718201
v -0.11357700 -0.29364699 -0.40670601
v -0.12710001 -0.27747700 -0.40726301
v -0.03193590 -0.31365201 -0.40677199
v -0.05065730 -0.32096699 -0.40616700
v -0.03663100 -0.32975900 -0.40564901
v -0.01904760 -0.32783300 -0.40588301
v -0.04974490 -0.34282500 -0.40444300
v -0.02772780 -0.34443599 -0.40450999
v -0.06895660 -0.35273999 -0.40314099
v -0.05343820 -0.36060801 -0.40255401
v 0.34251300 -0.47283399 -0.21104901
v 0.35806099 -0.46255699 -0.20804800
v 0.34718201 -0.47609299 -0.19518800
v 0.34329200 -0.46500599 -0.22458400
v 0.33169499 -0.48313501 -0.20483901
v 0.37224999 -0.45515701 -0.19864300
v 0.36225200 -0.46698701 -0.18816300
v 0.37344801 -0.44700500 -0.21354100
v 0.37717199 -0.45585701 -0.18325099
v 0.38659799 -0.44175899 -0.19942300
v 0.38249999 -0.45542401 -0.16240200
v 0.39129299 -0.44418001 -0.17884900
v 0.39825901 -0.44164401 -0.15967301
v 0.41168600 -0.42898399 -0.15913600
v 0.40323001 -0.43433401 -0.17357799
v 0.41505301 -0.41654101 -0.19566201
v 0.40168199 -0.43122399 -0.19008800
v 0.40068799 -0.42491499 -0.20786700
v 0.41452700 -0.40947399 -0.21172200
v 0.38688001 -0.43171400 -0.21911900
v 0.39984301 -0.41438600 -0.22684300
v 0.37707499 -0.46067199 -0.11301900
v 0.38036001 -0.45599201 -0.09686710
v 0.36735699 -0.46636099 -0.09756180
v 0.37268400 -0.46533400 -0.13187499
v 0.36267501 -0.47223800 -0.11693000
v 0.38126600 -0.45820600 -0.14413300
v 0.36937401 -0.46751201 -0.15121099
v 0.28504801 -0.48304701 0.03686760
v 0.26641199 -0.49025699 0.04545470
v 0.27266899 -0.49421501 0.02629230
v 0.25311801 -0.49966300 0.03910260
v 0.28013599 -0.47950000 0.05294420
v 0.24393199 -0.50823897 0.02802680
v 0.25304800 -0.51050299 0.00904530
v 0.25864199 -0.50310898 0.02243600
v 0.23301300 -0.50608301 0.04749660
v 0.23014000 -0.51369298 0.03077960
v 0.23653400 -0.51680601 0.01337840
v 0.26926601 -0.50273901 0.00794115
v 0.26269799 -0.51148200 -0.00836022
v 0.27980500 -0.50224203 -0.00777650
v 0.27354199 -0.51133400 -0.02630140
v 0.24475500 -0.51916498 -0.00522111
v 0.30545899 -0.49044099 -0.01771770
v 0.29184601 -0.49980599 -0.02177320
v 0.30751500 -0.49399501 -0.03345300
v 0.29668099 -0.49144199 -0.00474096
v 0.30524600 -0.48008400 0.01221400
v 0.29074800 -0.48518401 0.02265080
v 0.28594700 -0.49292600 0.00931128
v 0.13892500 -0.31536901 -0.40406099
v 0.15878500 -0.31371701 -0.40332001
v 0.15277800 -0.33097199 -0.40203199
v 0.13371401 -0.33317599 -0.40266001
v 0.30209300 -0.44957399 0.09043080
v 0.28455099 -0.45884699 0.09471870
v 0.29240599 -0.46186399 0.07683480
v 0.31097001 -0.45109200 0.07370840
v 0.29090199 -0.46952999 0.06148960
v 0.33361900 -0.44399101 0.05300370
v 0.37903699 -0.43447101 -0.01237350
v 0.36983600 -0.44538301 -0.02139110
v 0.38391101 -0.43630400 -0.02949480
v 0.35818899 -0.45765600 -0.03042180
v 0.34436500 -0.47050700 -0.03801640
v 0.32638100 -0.48439601 -0.04229500
v 0.34322000 -0.47600099 -0.05469980
v 0.33770001 -0.48960200 -0.10679200
v 0.35275599 -0.47815201 -0.10196700
v 0.35680401 -0.47208500 -0.08302740
v 0.29890001 -0.51157898 -0.08804500
v 0.26369399 -0.52464902 -0.05725360
v 0.27072200 -0.52462101 -0.07364610
v 0.25253901 -0.53332603 -0.07240970
v 0.28034201 -0.52205497 -0.08825470
v 0.30624899 -0.50975198 -0.10649700
v 0.28963399 -0.51905602 -0.10371500
v 0.37919000 -0.42793199 0.00397832
v 0.39186499 -0.41470701 0.00806133
v 0.32672399 -0.44184399 0.06929890
v -0.12299800 0.56558198 -0.02379830
v -0.10441100 0.56639200 -0.01361450
v -0.10431900 0.56097698 0.00522367
v -0.55478001 -0.08095060 0.04111080
v -0.55157101 -0.10161600 0.04084240
v -0.55809498 -0.09314270 0.02626700
v -0.54744297 -0.12227800 0.04084280
v -0.55439001 -0.11350900 0.02614520
v -0.53558499 -0.13935800 0.06246200
v -0.54154098 -0.12731200 0.05429470
v -0.54167199 -0.14148800 0.04443780
v -0.53405702 -0.15911700 0.05213070
v -0.53056902 -0.13050200 0.08084650
v -0.52824700 -0.15049399 0.07368430
v -0.52575499 -0.11998000 0.09862290
v -0.52323103 -0.14080100 0.09256640
v -0.52847701 -0.09950300 0.10183100
v -0.52025300 -0.10859700 0.11755200
v -0.51836699 -0.13134800 0.11005700
v -0.82686400 0.06148980 0.16135800
v -0.84467900 0.06367500 0.15185501
v -0.84325498 0.06202740 0.17056800
v -0.82656097 0.06247630 0.18067500
v -0.81188297 0.04840880 0.15368600
v -0.82810599 0.05719400 0.14129400
v -0.80862802 0.05693030 0.17196800
v -0.32567200 -0.20240700 0.32849899
v -0.33890000 -0.21506400 0.32397601
v -0.32258400 -0.22270399 0.32652801
v -0.33453801 -0.23637600 0.32111400
v -0.34321401 -0.19263899 0.32620299
v -0.35487601 -0.21259600 0.31960201
v -0.34799799 -0.22905301 0.31844699
v -0.31123599 -0.21180400 0.33007199
v -0.30455601 -0.22766900 0.32939601
v -0.31703001 -0.24212000 0.32477900
v -0.32367700 -0.18308400 0.33104900
v -0.33721399 -0.17008400 0.33004001
v -0.31830001 -0.16391200 0.33361301
v -0.35721999 -0.17514300 0.32500201
v -0.34919801 -0.15457000 0.32917199
v -0.33115000 -0.14980400 0.33274299
v -0.37402400 -0.16923399 0.32059801
v -0.39070901 -0.17142899 0.31186801
v -0.37492001 -0.18421599 0.31671101
v -0.39033499 -0.19090800 0.30539301
v -0.38318300 -0.15743101 0.31929299
v -0.40198600 -0.18083000 0.30023900
v -0.39799699 -0.15181001 0.31309301
v -0.40734300 -0.16470000 0.30201501
v -0.36293799 -0.19646800 0.31963599
v -0.37809700 -0.19973999 0.31108499
v -0.36738700 -0.15596899 0.32470199
v -0.36238199 -0.13839801 0.32759500
v -0.38329101 -0.14001100 0.32154101
v -0.26260900 -0.08211510 0.34612399
v -0.28257799 -0.08402320 0.34338999
v -0.27500999 -0.10220200 0.34354100
v -0.25992799 -0.10227400 0.34547600
v -0.27518299 -0.06392710 0.34512499
v -0.24608099 -0.09430880 0.34767500
v -0.24303199 -0.07381910 0.34905699
v -0.25729400 -0.05965660 0.34765100
v -0.30846399 -0.10406900 0.33890700
v -0.29280999 -0.10429700 0.34107399
v -0.30060801 -0.08694670 0.34079301
v -0.31871501 -0.09083750 0.33802700
v -0.29319599 -0.06719870 0.34256199
v -0.31133601 -0.07155600 0.33987200
v -0.34433901 -0.13466799 0.33159399
v -0.32634300 -0.12983701 0.33484501
v -0.30615199 -0.12315600 0.33818501
v -0.32365799 -0.11009300 0.33636701
v -0.31238699 -0.14446300 0.33592400
v -0.28500301 -0.12214900 0.34113500
v -0.29297999 -0.14086600 0.33887801
v -0.26643601 -0.11999300 0.34363899
v -0.44023901 0.18466701 -0.33953500
v -0.44597399 0.16407999 -0.34142399
v -0.29890499 -0.15943800 0.33673599
v -0.28471401 -0.17491101 0.33738300
v -0.30417600 -0.17787001 0.33450499
v -0.30836001 -0.19591700 0.33221301
v -0.29490900 -0.21173400 0.33268100
v -0.28956699 -0.19336700 0.33515599
v -0.25180399 -0.18824799 0.34022900
v -0.27092800 -0.19104500 0.33773100
v -0.25823399 -0.20701499 0.33775899
v -0.27670699 -0.21028200 0.33523500
v -0.83476400 0.06029360 0.12328400
v -0.84711599 0.06312270 0.13237099
v -0.82195503 0.05033400 0.12339300
v -0.84872502 0.06252320 0.11015500
v -0.82992798 0.05790430 0.10660700
v -0.55818999 -0.17145900 -0.03694160
v -0.55157799 -0.18997300 -0.03431180
v -0.56479299 -0.15345900 -0.04330830
v -0.55816400 -0.15836699 -0.02241480
v -0.55119097 -0.17879000 -0.01894240
v -0.57507402 -0.15076999 -0.09801400
v -0.57808101 -0.13605100 -0.09399380
v -0.57059598 -0.12052500 -0.03543370
v -0.57482398 -0.11493300 -0.04854760
v -0.57147199 -0.13370600 -0.05169930
v -0.56559002 -0.13954100 -0.03227250
v -0.57491899 -0.10124900 -0.03781530
v -0.56998301 -0.10585900 -0.02139850
v -0.56561202 -0.12495300 -0.01938060
v -0.56815702 -0.17773999 -0.10585800
v -0.57361299 -0.16024899 -0.11082800
v -0.56246901 -0.19451800 -0.10175800
v -0.57088900 -0.17252600 -0.12456400
v -0.56499898 -0.19148999 -0.12025600
v -0.58325601 -0.12456800 -0.12439800
v -0.57901102 -0.14061600 -0.11446800
v -0.58273101 -0.12172600 -0.10856400
v -0.58604002 -0.10254400 -0.10575500
v -0.58633798 -0.10814600 -0.12319100
v -0.58117402 -0.13502000 -0.13559701
v -0.57638001 -0.15361901 -0.12965800
v -0.39706501 -0.15216100 -0.38952601
v -0.41187099 -0.14627600 -0.38250801
v -0.39372101 -0.13637801 -0.39266399
v -0.40733701 -0.12560201 -0.38862899
v -0.38069701 -0.14793600 -0.39490601
v -0.37384099 -0.12930501 -0.39762700
v -0.38784599 -0.11841000 -0.39563000
v -0.39412901 -0.18299900 -0.38371500
v -0.38807899 -0.16516399 -0.39065000
v -0.37815499 -0.17786001 -0.39245701
v -0.36998299 -0.16315500 -0.39591101
v -0.40520301 -0.16532999 -0.38232100
v -0.41970599 -0.16393401 -0.36993700
v -0.42279100 -0.13061699 -0.37755600
v -0.42727500 -0.14798500 -0.36768699
v -0.37594399 -0.21201301 -0.38634700
v -0.37688699 -0.19377200 -0.38992199
v -0.36050901 -0.20363000 -0.39386001
v -0.36074200 -0.18201201 -0.39609399
v -0.34678501 -0.23497400 -0.39243901
v -0.36537501 -0.24117200 -0.38321501
v -0.36103699 -0.22270501 -0.39075899
v -0.34235701 -0.21352801 -0.39627799
v -0.37586999 -0.22721601 -0.38274699
v -0.43173900 -0.09596840 -0.37661499
v -0.43307099 -0.11662100 -0.37082401
v -0.44422299 -0.10543000 -0.36081901
v -0.44329801 -0.12485500 -0.35658500
v -0.41966599 -0.11193800 -0.38335899
v -0.43356800 -0.13353600 -0.36542600
v -0.44102699 -0.01374670 -0.37503201
v -0.45367301 -0.02511370 -0.36200801
v -0.45329201 -0.00385089 -0.36237699
v -0.46547601 -0.01113480 -0.34962600
v -0.45263699 0.01559580 -0.36289200
v -0.46449301 0.00897848 -0.35034201
v -0.44105199 0.00518445 -0.37488401
v 0.17835400 -0.45776400 0.20841400
v 0.18008900 -0.44228399 0.23739800
v 0.16959600 -0.45301700 0.22433101
v 0.16722900 -0.46939999 0.19294600
v 0.18805900 -0.46175799 0.19277599
v 0.20698300 -0.45456100 0.19121499
v 0.20006700 -0.46442300 0.17720801
v 0.22266901 -0.44825301 0.18912300
v 0.21912199 -0.45655099 0.17568500
v 0.23367800 -0.43903899 0.19625200
v 0.23558401 -0.44713601 0.17820400
v 0.24697100 -0.41974801 0.21850000
v 0.08476990 -0.55488300 -0.24955601
v 0.20851199 -0.42311099 0.24919000
v 0.22569200 -0.41451001 0.24863200
v 0.21636499 -0.41019100 0.26396200
v 0.18994500 -0.43105900 0.25054899
v 0.17053400 -0.43787700 0.25279200
v 0.16097499 -0.43296599 0.26808399
v 0.16018599 -0.44832501 0.24018800
v 0.15052600 -0.44358799 0.25571400
v 0.32601100 -0.38138300 0.18679000
v 0.32183900 -0.37486300 0.20368800
v 0.30883101 -0.38973200 0.19667301
v 0.31000501 -0.39800400 0.18063299
v 0.33904499 -0.36428601 0.19563501
v 0.33536601 -0.38139299 0.17312700
v 0.34416899 -0.36901101 0.18023100
v 0.31627899 -0.36996201 0.21943200
v 0.31043699 -0.36474600 0.23553000
v 0.29896101 -0.37793300 0.22952400
v 0.32664901 -0.35581800 0.22714500
v 0.30481100 -0.38348001 0.21277100
v 0.33348200 -0.35972500 0.21120600
v 0.29486799 -0.37057501 0.24629000
v 0.28047499 -0.38476199 0.24091101
v 0.28038400 -0.37359399 0.25825700
v 0.30764899 -0.35681701 0.25130600
v 0.29357401 -0.36039001 0.26275399
v 0.28798801 -0.39063701 0.22225299
v 0.27083600 -0.39850700 0.22936399
v 0.26540500 -0.38539800 0.25667900
v 0.26096100 -0.39636800 0.24406800
v 0.29271200 -0.39702600 0.20540100
v 0.27654099 -0.40374699 0.21365499
v 0.29495201 -0.40450600 0.18935999
v 0.27569199 -0.35125300 0.29010800
v 0.27938199 -0.36228600 0.27435100
v 0.29153499 -0.34922999 0.27875301
v 0.28766400 -0.33827901 0.29394200
v 0.30693901 -0.34664100 0.26641101
v 0.30474001 -0.33653799 0.28103599
v 0.26600200 -0.37470099 0.27130800
v 0.26661000 -0.36383000 0.28414601
v 0.25300300 -0.37339300 0.28459701
v 0.25062400 -0.38620901 0.26986301
v 0.24099299 -0.36869001 0.29838800
v 0.25953001 -0.35764900 0.29668999
v 0.25092900 -0.34916201 0.30891299
v 0.23723000 -0.38527301 0.28234500
v 0.23624100 -0.35683900 0.31048900
v 0.22354899 -0.36886701 0.30713001
v 0.23458301 -0.39965501 0.26451799
v 0.24264000 -0.40602100 0.24694100
v 0.25058699 -0.39516899 0.25685099
v 0.26179799 -0.40970901 0.22027400
v 0.25260001 -0.40855199 0.23232201
v 0.25098100 -0.44425100 0.16731200
v 0.26795200 -0.43871200 0.15850200
v -0.19938201 -0.14937700 0.34941599
v -0.20799300 -0.13503200 0.34962299
v -0.22021700 -0.14758199 0.34718901
v 0.29615000 -0.41254100 0.17320500
v 0.28216600 -0.42603001 0.16590901
v 0.29829001 -0.42002901 0.15617999
v -0.50273401 -0.01341510 -0.31689301
v -0.48953700 -0.00521904 -0.32815900
v -0.49145001 -0.02571480 -0.32609501
v -0.50434500 -0.03369470 -0.31483099
v -0.50102401 0.00693712 -0.31838500
v -0.51442301 -0.00283921 -0.30658400
v -0.51562500 -0.02249870 -0.30504999
v -0.47835800 -0.01853410 -0.33739999
v -0.48115799 -0.04195070 -0.33377099
v -0.49435601 -0.04335330 -0.32278100
v -0.48807299 0.01570230 -0.32920301
v -0.47556201 0.02328270 -0.33956599
v -0.47672400 0.00217731 -0.33905801
v -0.49918801 0.02802740 -0.31923100
v -0.51224703 0.01746440 -0.30822799
v -0.48659000 0.03737990 -0.32938799
v -0.49753001 0.04993050 -0.31905401
v -0.51006699 0.03858780 -0.30892199
v -0.48514500 0.05926760 -0.32867599
v -0.49682000 0.07208770 -0.31735501
v -0.50864601 0.06022430 -0.30825999
v -0.56843299 -0.11246400 -0.22150500
v -0.56582302 -0.09736300 -0.23203500
v -0.55935597 -0.11752300 -0.23690499
v -0.57515198 -0.09338950 -0.21537800
v -0.55579299 -0.10207700 -0.24726801
v -0.57342303 -0.07865000 -0.22521301
v -0.56144398 -0.08119730 -0.24373899
v -0.55226701 -0.13718100 -0.24210100
v -0.56197399 -0.13258199 -0.22640599
v -0.54940200 -0.12151100 -0.25167900
v -0.55511498 -0.15379600 -0.22988600
v -0.54389900 -0.15434200 -0.24851300
v -0.53931499 -0.13907699 -0.26025900
v -0.54413998 -0.17048800 -0.24088600
v -0.55278301 -0.17352700 -0.22384000
v -0.53221101 -0.18595800 -0.25068599
v -0.06119050 -0.03251330 0.39642799
v -0.04622700 -0.04766530 0.39759400
v -0.04949530 -0.03810210 0.41092601
v -0.05874440 -0.01946080 0.41038200
v -0.06754610 -0.01150040 0.39389700
v -0.07704060 -0.02443750 0.38660601
v -0.88790798 -0.02165990 0.08492470
v -0.88081300 -0.03646000 0.07488020
v -0.88371801 -0.03781570 0.09596070
v -0.88387501 -0.02022740 0.06468440
v -0.88977498 -0.02250650 0.10511800
v -0.89183998 -0.00823406 0.09465830
v -0.42532200 -0.17355300 0.27530101
v -0.43873200 -0.18200000 0.24655700
v -0.43619600 -0.16853300 0.26080400
v -0.44103101 -0.19618200 0.23055799
v -0.44834000 -0.17563900 0.23264401
v -0.45292300 -0.18490300 0.21641500
v -0.44828400 -0.20228399 0.21141200
v -0.43856099 -0.21195599 0.22166900
v -0.42980701 -0.21509001 0.23524800
v -0.13530099 -0.21783200 -0.40945500
v -0.13229300 -0.19963400 -0.41007099
v -0.13868099 -0.23854500 -0.40869799
v -0.15099600 -0.20260300 -0.40962601
v -0.15402900 -0.22149201 -0.40895101
v -0.44283199 -0.14975800 0.26087499
v -0.45356300 -0.14028201 0.24539100
v -0.44605801 -0.16216899 0.24666899
v -0.43770999 -0.13841601 0.27654299
v -0.44766799 -0.13104300 0.26273000
v -0.43207201 -0.15582199 0.27572101
v -0.42647299 -0.14239800 0.29097301
v -0.42050499 -0.16022900 0.28992099
v -0.41339701 -0.14645700 0.30334300
v -0.41340801 -0.17810901 0.28913999
v -0.44197699 -0.12325900 0.27726299
v -0.44956601 -0.11243000 0.26861700
v -0.44029701 -0.10894300 0.28570300
v -0.45626599 -0.11855700 0.25196600
v -0.45738399 -0.09848670 0.25912601
v -0.43233600 -0.12468200 0.29086101
v -0.41931501 -0.12796199 0.30376601
v -0.42679200 -0.10745500 0.30212501
v -0.57215899 -0.05706330 -0.00447164
v -0.57379001 -0.03694050 -0.00468711
v -0.57714498 -0.05160930 -0.02082230
v -0.57977599 -0.03395170 -0.02656770
v -0.56905597 -0.04835700 0.00864806
v -0.56704301 -0.03580250 0.01784720
v -0.57711798 -0.01775310 -0.01357510
v -0.57044798 -0.02100910 0.00944661
v -0.57382202 -0.07143700 -0.01580400
v -0.57868099 -0.06724560 -0.03265650
v -0.58180797 -0.04904440 -0.03911830
v -0.18307400 -0.45613599 -0.32646501
v -0.19737700 -0.46419600 -0.31558600
v -0.16745301 -0.44694799 -0.33848301
v -0.16214500 -0.46439001 -0.32559499
v -0.17948700 -0.47095501 -0.31538901
v -0.55620599 -0.02411710 0.05170500
v -0.56350100 -0.02186970 0.03103690
v -0.56039602 -0.03935930 0.03727270
v -0.55404401 -0.04720350 0.05339830
v -0.55757999 -0.05979800 0.04030120
v -0.56363398 -0.05289790 0.02443620
v -0.56643701 -0.00643595 0.02341370
v -0.56849200 0.00685274 0.01700290
v -0.57248402 -0.00508858 0.00387190
v -0.54962403 -0.01799370 0.07059930
v -0.54389900 -0.03187010 0.08365460
v -0.54262799 -0.01445330 0.08920570
v -0.54959202 -0.03775210 0.06744480
v -0.56941301 -0.07448060 -0.00127749
v -0.56675297 -0.06500020 0.01114150
v -0.56436199 -0.08423810 0.01124560
v -0.56089902 -0.07289540 0.02644270
v -0.55124402 -0.06895520 0.05510180
v -0.58249003 -0.01796620 -0.03623190
v -0.58434403 -0.03226740 -0.04716120
v -0.58459300 -0.00092267 -0.04553870
v -0.58094299 -0.00547112 -0.02817770
v -0.57286698 0.01266650 0.00206801
v -0.57744998 0.02064300 -0.01552620
v -0.57745200 0.00186732 -0.01387790
v -0.58159101 0.01058040 -0.03151070
v -0.57236600 0.03018730 0.00159544
v -0.57656097 0.03891240 -0.01585920
v 0.02251760 -0.43503401 -0.37928101
v 0.04206820 -0.43114299 -0.38116801
v 0.03884950 -0.44434801 -0.36987299
v 0.02771950 -0.41994700 -0.38872501
v 0.05729440 -0.44104499 -0.37144801
v 0.05872680 -0.42818999 -0.38232800
v 0.04881950 -0.41673401 -0.38963699
v -0.61848998 -0.05786790 -0.18109301
v -0.62854302 -0.05787910 -0.16282500
v -0.63579798 -0.05565000 -0.17880499
v -0.62421203 -0.04616080 -0.19411799
v -0.64600599 -0.05972590 -0.16137600
v -0.64150101 -0.04224630 -0.18828000
v -0.65385097 -0.05242900 -0.17484100
v 0.40648901 -0.38027599 0.04989340
v 0.41763201 -0.37442300 0.03737020
v 0.40573201 -0.39021701 0.03161620
v 0.40629801 -0.37088299 0.06776000
v 0.39430299 -0.38699001 0.06147280
v 0.42857200 -0.36875099 0.02374700
v 0.41688001 -0.38423100 0.01922380
v 0.43973401 -0.35391501 0.02639480
v 0.43981099 -0.36271900 0.00869461
v 0.40525499 -0.36200899 0.08563110
v 0.41521201 -0.34560201 0.09393040
v 0.39380300 -0.37820101 0.07868530
v 0.40247899 -0.35444400 0.10407300
v 0.45059800 -0.34800300 0.01086990
v 0.45109901 -0.33873501 0.02740230
v 0.46235901 -0.32290399 0.02781370
v 0.45214599 -0.32861799 0.04299380
v 0.45194200 -0.35587901 -0.00922378
v 0.44852000 -0.36664000 -0.02356390
v 0.40530199 -0.33524999 0.12943600
v 0.41673100 -0.32494801 0.12321200
v 0.40744701 -0.32422701 0.14179000
v 0.39520299 -0.33803999 0.14362700
v 0.39613900 -0.32616699 0.15967700
v 0.41024399 -0.31061900 0.15585899
v 0.52757102 0.27452400 -0.12528200
v 0.53324997 0.26029000 -0.10636000
v 0.43814901 -0.31969601 0.08824490
v 0.42507899 -0.32702699 0.10370000
v 0.41074499 -0.33933699 0.11274900
v 0.45295101 -0.31779900 0.05905380
v 0.46294099 -0.31225801 0.04439970
v 0.46272999 -0.30174401 0.06108880
v 0.45140800 -0.30887300 0.07617220
v 0.44394100 -0.32242200 0.07191390
v 0.47238699 -0.30659601 0.02997390
v 0.47303501 -0.29531699 0.04611310
v 0.48230800 -0.28938299 0.03161490
v 0.48036999 -0.30069900 0.01856400
v 0.44904900 -0.30086401 0.09281310
v 0.45948100 -0.28397501 0.09324630
v 0.46121401 -0.29280001 0.07754820
v 0.47135800 -0.27616599 0.07687970
v 0.47276700 -0.28513500 0.06158690
v 0.45901901 -0.27305901 0.10795000
v 0.46980801 -0.26711100 0.09181220
v 0.38346300 -0.35271499 0.14167900
v 0.39589500 -0.34948301 0.12455400
v 0.37077799 -0.36809599 0.13813300
v 0.38388699 -0.34105200 0.15925600
v 0.37217799 -0.35616800 0.15574200
v 0.07891920 -0.38511601 0.32501900
v 0.08232860 -0.40028000 0.31969199
v 0.09621390 -0.39231399 0.32173601
v 0.09409560 -0.37380299 0.32719100
v 0.11427300 -0.40112901 0.31676400
v 0.09462210 -0.40992400 0.31466499
v 0.11087800 -0.38179800 0.32418701
v 0.06600980 -0.39894301 0.32145399
v 0.05952390 -0.38010201 0.32723501
v 0.07712800 -0.36660600 0.32949600
v -0.11533200 0.57235497 -0.04463740
v -0.13392501 0.56754601 -0.04061400
v -0.12836801 0.57284600 -0.05870400
v -0.14674100 0.56806397 -0.05596940
v 0.07585320 -0.41415200 0.31435099
v 0.05607530 -0.41425300 0.31609100
v 0.04647950 -0.42736399 0.30900401
v 0.04691610 -0.39841700 0.32287800
v 0.03523660 -0.41365001 0.31739700
v 0.10791600 -0.41933700 0.30763200
v -0.85789198 0.03823510 0.01141480
v -0.84564000 0.05246660 0.00924369
v -0.84692597 0.04278060 -0.00585775
v -0.83585000 0.05388070 -0.00648457
v -0.83958101 0.06026460 0.02495890
v -0.82976699 0.06063500 0.00655040
v -0.85548902 0.04980640 0.02646240
v 0.09035490 -0.45399699 -0.35095799
v 0.10774600 -0.45904601 -0.34274399
v 0.09118930 -0.46829799 -0.33750001
v 0.10586300 -0.44514000 -0.35766199
v 0.07401580 -0.46175501 -0.34606600
v 0.08906130 -0.44090301 -0.36598599
v 0.07330470 -0.44819799 -0.36072201
v -0.35026300 -0.06937700 -0.40310201
v -0.33825001 -0.08691090 -0.40393001
v -0.37878999 -0.03481120 -0.40021899
v -0.36130300 -0.04898980 -0.40226400
v -0.38122299 -0.05487120 -0.39931899
v -0.36481899 -0.02848550 -0.40220800
v -0.39598200 -0.04109930 -0.39704499
v -0.37781999 -0.01417540 -0.40066901
v -0.39471400 -0.02116080 -0.39778700
v -0.36813399 0.04343210 -0.40165100
v -0.34984800 0.04183510 -0.40375200
v -0.36250001 0.02411710 -0.40254000
v -0.34362701 0.02269810 -0.40457001
v -0.37514099 0.00730037 -0.40106499
v -0.38162699 0.02958630 -0.40000099
v -0.39417800 -0.00113240 -0.39816001
v -0.41125900 -0.01068050 -0.39353999
v -0.41194299 0.00848235 -0.39352301
v -0.39606199 0.01848770 -0.39768499
v -0.36821499 -0.07074240 -0.40084499
v -0.38753000 -0.07336060 -0.39767599
v -0.37558800 -0.08913350 -0.39918399
v -0.35672700 -0.08907230 -0.40178001
v -0.38564000 0.09306350 -0.39741001
v -0.40058699 0.08402950 -0.39467901
v -0.40086201 0.10606300 -0.39306200
v -0.41460401 0.09746430 -0.38899800
v -0.38642001 0.07152410 -0.39820701
v -0.40368101 0.06094900 -0.39461100
v -0.41323799 0.07819160 -0.39098600
v -0.38490301 0.11355500 -0.39647001
v -0.40082100 0.12619400 -0.39113200
v -0.41576800 0.11813900 -0.38543701
v -0.01018180 0.46632600 0.25845999
v 0.00317733 0.45903799 0.27169600
v 0.00784408 0.46901101 0.25316599
v 0.02122580 0.46094501 0.26720300
v 0.02648670 0.47012401 0.24967700
v 0.01394020 0.47780800 0.23521701
v -0.00668296 0.47682801 0.23752400
v -0.41482201 0.02777190 -0.39197299
v -0.40013900 0.03851480 -0.39632401
v -0.41821599 0.04692660 -0.38961601
v -0.38572901 0.05031410 -0.39899600
v -0.37001500 0.08265000 -0.40044099
v -0.35336700 0.07436230 -0.40285799
v -0.37037101 0.06285680 -0.40101099
v -0.35549000 0.05704500 -0.40294400
v -0.35324001 0.09396110 -0.40237099
v -0.36923999 0.10242600 -0.39982101
v -0.35391000 0.11116300 -0.40172100
v -0.33743501 0.06344680 -0.40469801
v -0.33197001 0.04224660 -0.40546101
v -0.42997199 -0.21245299 -0.33792499
v -0.44380000 -0.21589699 -0.32596901
v -0.44287199 -0.19760400 -0.33294600
v -0.42766899 -0.19603600 -0.34606501
v -0.43805301 -0.18073800 -0.34267700
v -0.47007999 -0.21192300 -0.30677199
v -0.45531401 -0.22270600 -0.31464699
v -0.48503500 -0.20497900 -0.29616401
v -0.47927999 -0.22388400 -0.29376701
v -0.07523200 0.35530499 0.33231601
v -0.09661770 0.36091900 0.33047199
v -0.09511040 0.34403101 0.33355901
v -0.08265360 0.37168300 0.32893401
v -0.05326800 0.35850200 0.33231699
v -0.07883830 0.33504099 0.33560100
v -0.06016850 0.34036800 0.33527300
v -0.46572599 -0.14259499 -0.33084899
v -0.45375100 -0.15075900 -0.33860800
v -0.47801200 -0.12667701 -0.32458499
v -0.46491301 -0.12524299 -0.33538601
v -0.45378399 -0.13415900 -0.34290799
v -0.48998299 -0.15500399 -0.30818999
v -0.49750301 -0.16633300 -0.29817399
v -0.49071199 -0.13673700 -0.31205401
v -0.50158900 -0.14603600 -0.30021101
v -0.44661000 -0.16497201 -0.34062299
v -0.49132800 -0.18588300 -0.29742000
v -0.49933800 -0.19877000 -0.28463000
v -0.51110399 -0.19394501 -0.27386501
v 0.62443298 -0.13872100 -0.09360590
v 0.62087703 -0.13702001 -0.11397600
v 0.63642299 -0.13506800 -0.10617500
v 0.60507101 -0.13800099 -0.12593800
v 0.62114501 -0.13071699 -0.13258900
v 0.63739401 -0.13072699 -0.12149400
v -0.62252998 -0.04898620 -0.14751600
v -0.61009997 -0.06073990 -0.16279501
v -0.60614699 -0.05126630 -0.14473800
v -0.63941503 -0.05262220 -0.14574300
v -0.61574101 -0.03462710 -0.13885000
v -0.63556302 -0.03500100 -0.13403100
v -0.23556900 0.14861301 0.34598601
v -0.21933199 0.15946101 0.34693500
v -0.20147300 0.17235900 0.34766200
v -0.20329100 0.15100800 0.34931999
v -0.24380000 0.10700100 0.34764299
v -0.25649101 0.12082300 0.34534901
v -0.23063800 0.09299420 0.34994000
v -0.24787299 0.08734460 0.34807700
v -0.26146999 0.10146000 0.34576699
v -0.21442300 0.08099150 0.35244700
v -0.23431300 0.07341340 0.35031801
v -0.19699900 0.09577430 0.35384300
v -0.19591600 0.08063360 0.35472199
v -0.20212901 0.06547330 0.35460100
v -0.17895000 0.10636800 0.35537899
v -0.17923300 0.08912730 0.35636300
v -0.18231601 0.12447500 0.35365900
v -0.16363899 0.11729300 0.35626900
v -0.18627800 0.14308700 0.35173401
v -0.16847700 0.13715400 0.35405400
v -0.18924700 0.15985200 0.34999999
v -0.15627800 0.01521790 0.36326900
v -0.14468700 0.00165108 0.36569500
v -0.13470700 0.02125420 0.36743301
v -0.12544499 0.00217351 0.36986801
v -0.15363300 -0.01724970 0.36393201
v -0.15174200 0.03398270 0.36343700
v -0.13519900 0.04372690 0.36610499
v -0.11831100 0.03430400 0.37051100
v -0.11274900 0.01561210 0.37296301
v -0.15066800 0.05415710 0.36247399
v -0.12050400 0.05511650 0.36830199
v -0.16825600 0.04453140 0.36006999
v -0.17094100 0.02673320 0.36031801
v -0.18800800 0.03756820 0.35737699
v -0.10291800 0.08408160 0.36812699
v -0.07187470 0.08245920 0.37417799
v -0.08525300 0.07158210 0.37375700
v -0.07252720 0.18302201 0.35681501
v -0.07965990 0.20370500 0.35364801
v -0.06017410 0.19598401 0.35569701
v -0.06155780 0.16525701 0.35997301
v -0.05666990 0.17989799 0.35813400
v -0.10129900 0.20100699 0.35272300
v -0.09398400 0.21916400 0.35092899
v -0.06005420 0.21400400 0.35322201
v -0.07488670 0.22476199 0.35115999
v -0.14122300 0.20325001 0.34983599
v -0.13272101 0.18490200 0.35245401
v -0.12139500 0.20004800 0.35155699
v -0.12705401 0.16573800 0.35495400
v -0.12307100 0.14521700 0.35750800
v -0.13966800 0.14928301 0.35561001
v -0.10497800 0.13833000 0.36004201
v -0.12040500 0.12729099 0.35973999
v -0.13518199 0.12871300 0.35809499
v -0.11029700 0.11597400 0.36228999
v -0.08496370 0.14285600 0.36135900
v -0.06636500 0.14751799 0.36227900
v -0.18583900 0.05447360 0.35709000
v -0.16673100 0.06292570 0.35932600
v -0.18273500 0.07178340 0.35675699
v -0.16649400 0.07961260 0.35847500
v -0.25264800 0.06812010 0.34821099
v -0.25934201 0.04951540 0.34784201
v -0.26638401 0.03075790 0.34724000
v -0.27866301 0.04616300 0.34539101
v -0.25393301 0.01597630 0.34897900
v -0.27227101 0.01130330 0.34661499
v -0.05533020 0.08369410 0.37742999
v -0.06352300 0.06859230 0.37981200
v -0.04984440 0.10046200 0.37316000
v -0.03708880 0.08600610 0.37925601
v -0.04396180 0.06956770 0.38488299
v -0.04555920 0.11582700 0.36982000
v -0.03290790 0.10399000 0.37379399
v -0.05115520 0.13254000 0.36597899
v -0.03192930 0.12256500 0.36935899
v -0.04695840 0.15123600 0.36299801
v -0.03068270 0.14001900 0.36580199
v -0.04334690 0.16822401 0.36046001
v -0.02743380 0.15668200 0.36291900
v -0.23863199 0.00217387 0.35101500
v -0.25912300 -0.00367861 0.34832200
v -0.22706801 -0.01597710 0.35251901
v -0.24649400 -0.01874830 0.34988099
v -0.10489700 0.06497640 0.37059700
v -0.09071510 0.05526310 0.37529901
v -0.10373200 0.04577720 0.37306699
v -0.15148599 0.13215700 0.35619801
v -0.16071500 0.20699599 0.34796199
v -0.18050700 0.20843400 0.34616899
v -0.19012000 0.19161800 0.34697801
v 0.11512900 -0.38955200 -0.39545900
v 0.12266400 -0.37155101 -0.39840600
v 0.11116700 -0.35719699 -0.40096501
v 0.01341430 -0.40658301 -0.39471099
v -0.00683085 -0.41495901 -0.39227599
v 0.00748124 -0.42563200 -0.38641000
v -0.01208970 -0.43212301 -0.38365200
v -0.02583090 -0.42127499 -0.38999799
v 0.03641470 -0.40412501 -0.39513499
v 0.05763550 -0.40119600 -0.39511800
v -0.59302902 -0.03477790 -0.10939400
v -0.59570199 -0.02120930 -0.11915400
v -0.59897000 -0.03856330 -0.13077000
v -0.59293997 -0.05187110 -0.11744900
v -0.59123999 -0.04874070 -0.09773220
v -0.60689902 -0.02079670 -0.13349301
v -0.60012800 -0.00659023 -0.12582600
v -0.61286002 -0.00600836 -0.13369800
v -0.62577999 -0.01490280 -0.13285901
v -0.59376103 -0.00481457 -0.10742500
v -0.60767698 0.00845743 -0.13108900
v -0.59665799 0.00946212 -0.11772200
v 0.09748000 0.04251790 -0.41307399
v 0.11000400 0.05614000 -0.41285199
v 0.11811000 0.03801390 -0.41284701
v 0.10487000 0.02468150 -0.41303501
v 0.08525930 0.02879980 -0.41324100
v 0.07608130 0.04590450 -0.41322601
v 0.08930880 0.05968090 -0.41302899
v 0.07577660 0.09099910 -0.41284299
v 0.09469890 0.09393890 -0.41263801
v 0.08236410 0.07642160 -0.41293901
v 0.06258240 0.07915920 -0.41305399
v 0.10269500 0.07419140 -0.41276699
v 0.06773030 0.06203630 -0.41316301
v 0.11149300 0.10639500 -0.41231799
v 0.11677500 0.08795960 -0.41246399
v 0.09436440 0.11570000 -0.41237900
v 0.10925700 0.12341200 -0.41213000
v 0.12561101 0.12005000 -0.41195700
v 0.13054700 0.10177900 -0.41211599
v 0.18668200 0.05948610 -0.41146499
v 0.18027399 0.07527110 -0.41149899
v 0.16314700 0.08814810 -0.41170999
v 0.18375500 0.09503340 -0.41122800
v 0.20217399 0.06917350 -0.41100001
v 0.17212901 -0.01154250 -0.41199800
v 0.18490300 -0.02115920 -0.41171601
v 0.17130999 -0.03161710 -0.41203600
v 0.18992899 -0.00481435 -0.41156900
v 0.15718000 0.00017481 -0.41227499
v 0.17463300 0.00760403 -0.41192299
v 0.15620100 -0.02122670 -0.41229999
v 0.35778001 -0.08357480 -0.40163100
v 0.36723799 -0.06034090 -0.40107399
v 0.37827700 -0.07566130 -0.39889699
v 0.38449001 -0.05329070 -0.39853200
v 0.37351999 -0.09722720 -0.39882499
v 0.39675900 -0.06793720 -0.39554501
v 0.39194399 -0.08851740 -0.39578801
v 0.33874199 -0.09717120 -0.40332201
v 0.35576501 -0.10686600 -0.40103900
v 0.32008201 -0.08778460 -0.40525699
v 0.31974599 -0.10692000 -0.40477201
v 0.33723000 -0.11686400 -0.40278101
v 0.30228901 -0.07565230 -0.40678301
v 0.30218700 -0.09605840 -0.40642199
v 0.30343601 -0.05496450 -0.40694401
v 0.28633100 -0.06177050 -0.40790999
v 0.30816501 -0.03450310 -0.40682200
v 0.28959900 -0.04092700 -0.40789899
v 0.32712099 -0.02896640 -0.40553600
v 0.31536299 -0.01422390 -0.40647301
v 0.34602600 -0.02571250 -0.40396300
v 0.33474001 -0.00978206 -0.40505099
v 0.35688099 -0.04292290 -0.40269399
v 0.36195800 -0.02412390 -0.40227500
v 0.39447099 0.02776840 -0.39740500
v 0.38617900 0.04428290 -0.39873001
v 0.39460301 -0.00902587 -0.39763400
v 0.41311699 -0.00729690 -0.39288899
v 0.40644899 -0.02637120 -0.39471000
v 0.38916299 -0.03033540 -0.39831099
v 0.40361500 0.00987876 -0.39554101
v 0.32225901 0.00568495 -0.40606499
v 0.32884699 0.02645000 -0.40555599
v 0.30847901 0.02121680 -0.40699601
v -0.31459799 0.03987850 -0.40678400
v 0.26035401 0.07014410 -0.40913999
v 0.27425599 0.05133320 -0.40868899
v 0.25314400 0.05227720 -0.40955600
v 0.23954500 0.06635980 -0.40994301
v 0.26453599 0.08999930 -0.40872601
v 0.24532001 0.08417740 -0.40958601
v 0.23371100 0.04793130 -0.41024300
v 0.24494500 0.03662300 -0.40993199
v 0.22981501 0.02815530 -0.41044500
v 0.24587800 0.01881700 -0.40995800
v 0.26024100 0.03424070 -0.40940100
v 0.15125801 0.15222400 -0.41095501
v 0.14189699 0.13438500 -0.41147101
v 0.13071300 0.15278500 -0.41132301
v 0.11940100 0.13752700 -0.41178599
v 0.16782400 0.13824500 -0.41090801
v 0.15730900 0.12022600 -0.41141400
v 0.14104800 0.11579300 -0.41176799
v 0.11022500 0.33040899 -0.40372899
v 0.09754030 0.35067299 -0.40225801
v 0.11699600 0.35116601 -0.40142199
v 0.08795180 0.33426601 -0.40406799
v 0.07780410 0.35334799 -0.40253100
v 0.08572270 0.37019500 -0.40030101
v 0.10428000 0.36911801 -0.39971101
v 0.22251999 0.15531901 -0.40895900
v 0.22703600 0.13445701 -0.40935901
v 0.20785600 0.14364301 -0.40977699
v 0.24688500 0.12333700 -0.40882701
v 0.24466500 0.14477700 -0.40836900
v 0.29258099 0.03631170 -0.40789700
v 0.27645800 0.02790600 -0.40878299
v 0.31123000 0.04112990 -0.40674001
v 0.26460800 0.14696400 -0.40737301
v 0.28148699 0.14115299 -0.40662301
v 0.26485401 0.13034700 -0.40783501
v 0.28626800 0.11942100 -0.40699100
v 0.26604301 0.11057400 -0.40826100
v 0.30378500 0.10378600 -0.40630800
v 0.28298700 0.09765730 -0.40770099
v 0.32071200 0.08980930 -0.40545800
v 0.32642701 0.10679000 -0.40441701
v 0.30921701 0.12097400 -0.40541199
v 0.33337399 0.07109150 -0.40479901
v 0.34882900 0.05454810 -0.40353900
v 0.33008799 0.04881470 -0.40533099
v 0.34172499 0.09126390 -0.40348101
v 0.16171101 -0.10344400 -0.41169700
v 0.15176401 -0.08428270 -0.41207999
v 0.16983300 -0.08740370 -0.41173500
v 0.18173200 -0.11000400 -0.41114199
v 0.14749700 -0.11762500 -0.41172001
v 0.14582500 -0.09900380 -0.41200501
v 0.16745301 -0.12334500 -0.41127899
v 0.13388400 -0.08638720 -0.41230100
v 0.13077100 -0.10466900 -0.41213599
v 0.11588100 -0.09239100 -0.41247001
v 0.11938600 -0.07389990 -0.41258499
v 0.13775800 -0.06845390 -0.41239801
v 0.11388000 -0.01434230 -0.41291699
v 0.12126200 -0.03531310 -0.41278401
v 0.10088700 -0.02774000 -0.41304800
v 0.12866500 -0.01842710 -0.41271099
v 0.10341900 -0.04599900 -0.41293699
v 0.12136800 -0.05570600 -0.41268200
v 0.14042500 -0.03037850 -0.41253099
v 0.13918900 -0.04994490 -0.41249099
v -0.32526001 0.25485799 -0.39388901
v -0.33785799 0.24118800 -0.39326200
v -0.34279200 0.26039499 -0.38700300
v -0.32915699 0.27657700 -0.38729200
v -0.34625199 0.27846700 -0.37623900
v -0.35784301 0.26304600 -0.37612700
v -0.35561499 0.24562800 -0.38580701
v 0.25430900 -0.06070550 -0.40938100
v 0.23818500 -0.07291590 -0.40988100
v 0.23784900 -0.09181130 -0.40966299
v 0.23596799 -0.05477130 -0.41010201
v 0.22381300 -0.08369740 -0.41023999
v 0.21763299 -0.06773860 -0.41060701
v 0.25950399 -0.02515840 -0.40942001
v 0.26993099 -0.04658580 -0.40883800
v 0.24971600 -0.04112940 -0.40968099
v 0.30068401 -0.11603000 -0.40599501
v 0.28160799 -0.12552600 -0.40698099
v 0.29778600 -0.13560501 -0.40559599
v 0.31772700 -0.12621200 -0.40429401
v 0.26190501 -0.13513900 -0.40777299
v 0.27783599 -0.14525200 -0.40664899
v 0.24829900 -0.12333500 -0.40867600
v 0.23921500 -0.14368699 -0.40856999
v 0.23130600 -0.12792200 -0.40925899
v 0.21635100 -0.11856300 -0.40995499
v 0.23459201 -0.11107900 -0.40946499
v 0.21935900 -0.09990680 -0.41014999
v 0.27824500 -0.48089001 -0.26097101
v 0.26220101 -0.49235001 -0.25813401
v 0.26239401 -0.47972801 -0.27237901
v 0.27738100 -0.49294299 -0.24639700
v 0.24746899 -0.50397003 -0.25284699
v 0.26281101 -0.50203198 -0.24486500
v 0.28091800 -0.45151401 -0.28928101
v 0.27816299 -0.46769401 -0.27542800
v 0.26325300 -0.46531799 -0.28627300
v 0.26245600 -0.45101801 -0.29920900
v 0.24685401 -0.46461400 -0.29495600
v 0.29366699 -0.46995199 -0.26284701
v 0.29174599 -0.45912799 -0.27571100
v 0.27721500 -0.43657500 -0.30373701
v 0.29644701 -0.43383801 -0.29581001
v 0.42191499 -0.38823399 -0.23196800
v 0.40720400 -0.39746401 -0.23988800
v 0.41604599 -0.38049099 -0.24857500
v 0.41400501 -0.40170899 -0.22508600
v 0.39309999 -0.40608001 -0.24651700
v 0.40135500 -0.38844299 -0.25662401
v 0.35184500 -0.43415400 -0.25616401
v 0.36190599 -0.42019501 -0.26212701
v 0.36864799 -0.42868599 -0.24619099
v 0.35678101 -0.44293600 -0.24102800
v 0.34462100 -0.42517900 -0.27144200
v 0.34224400 -0.44658899 -0.25113201
v 0.37834501 -0.41372499 -0.25366199
v 0.37033001 -0.40763500 -0.26733300
v 0.38458499 -0.39655101 -0.26493099
v 0.35514200 -0.41061199 -0.27667001
v 0.36767399 -0.39683801 -0.27880499
v 0.39457601 -0.37829700 -0.27211601
v 0.41126901 -0.36850601 -0.26517999
v 0.40005299 -0.36325401 -0.27935299
v 0.38673800 -0.36621800 -0.28754699
v 0.37905800 -0.38254699 -0.28134099
v 0.36340800 -0.38363701 -0.29217300
v 0.37363800 -0.37041500 -0.29426900
v 0.36124501 -0.36830601 -0.30430400
v 0.35080901 -0.39828801 -0.28999299
v 0.33625299 -0.41423300 -0.28712800
v 0.32250100 -0.41067201 -0.29883999
v 0.31639400 -0.42414701 -0.29198200
v 0.34235200 -0.45593101 -0.23933201
v 0.28949201 -0.42036301 -0.31003299
v 0.30656999 -0.41586500 -0.30424899
v 0.30122900 -0.40309700 -0.31648099
v 0.40325999 -0.11747800 -0.39053801
v 0.38881701 -0.10921100 -0.39515701
v 0.41499600 -0.06184790 -0.39027199
v 0.40199900 -0.04699200 -0.39513201
v 0.42148599 -0.04149990 -0.38834301
v 0.42973900 -0.05810390 -0.38196599
v 0.42166999 -0.02209120 -0.38958201
v 0.24825400 -0.40958801 -0.33666801
v 0.23770200 -0.42458999 -0.33024701
v 0.22943100 -0.41271901 -0.34240800
v 0.25566900 -0.42289400 -0.32403499
v 0.21914500 -0.42788801 -0.33495000
v 0.22947299 -0.43951100 -0.32233199
v 0.24551000 -0.43536699 -0.31916901
v 0.25238901 -0.38001701 -0.35945600
v 0.26976699 -0.37975800 -0.34853801
v 0.25877199 -0.39422801 -0.34318700
v 0.27638200 -0.39322001 -0.33533999
v 0.24133401 -0.39724600 -0.34943300
v 0.26632100 -0.40811399 -0.32972199
v 0.22366300 -0.40154001 -0.35509899
v 0.21070100 -0.41640800 -0.34778300
v 0.20598100 -0.40372801 -0.36376601
v 0.22363800 -0.38924801 -0.36942500
v 0.23632300 -0.38838699 -0.36155501
v 0.20099400 -0.43206599 -0.33872801
v 0.19063000 -0.42102700 -0.35299799
v 0.18340001 -0.43832999 -0.34001401
v 0.21059200 -0.44363201 -0.32619300
v 0.19242901 -0.44921401 -0.32826799
v 0.26825199 -0.36581001 -0.36182600
v 0.28399199 -0.36729100 -0.34991899
v 0.28433999 -0.38025600 -0.34034100
v -0.27695501 0.12569200 -0.40768799
v -0.29430699 0.13150400 -0.40648299
v -0.29060701 0.11015700 -0.40725499
v -0.25966501 0.12142900 -0.40855899
v -0.27140099 0.10261300 -0.40839201
v -0.29810500 0.15245900 -0.40549001
v -0.31184700 0.13781001 -0.40491799
v -0.30181500 0.17306601 -0.40434501
v -0.31577599 0.15858001 -0.40369800
v -0.28812501 0.18810900 -0.40475500
v -0.30581200 0.19389200 -0.40285000
v -0.31915399 0.17958000 -0.40229800
v -0.27478299 0.20338100 -0.40494099
v -0.29304400 0.20854799 -0.40312600
v -0.25690600 0.19884899 -0.40627399
v -0.26168799 0.21918800 -0.40494499
v -0.28015301 0.22321001 -0.40331200
v -0.22155599 0.19089900 -0.40811700
v -0.23272701 0.17230900 -0.40829700
v -0.23952000 0.19423400 -0.40730599
v -0.22745501 0.21078600 -0.40719900
v -0.24403000 0.21552800 -0.40616801
v -0.23381200 0.15251701 -0.40882701
v -0.21804300 0.15622699 -0.40925300
v -0.24364600 0.13562000 -0.40887401
v -0.22373700 0.13768800 -0.40952700
v -0.27263799 0.29437199 -0.39712301
v -0.26340500 0.27513099 -0.40062299
v -0.28124800 0.27635601 -0.39844400
v -0.25463799 0.29286900 -0.39940399
v -0.27383900 0.25770500 -0.40131801
v -0.25562999 0.25525001 -0.40308401
v -0.24572399 0.27261099 -0.40235001
v -0.24888401 0.23584101 -0.40481901
v -0.26729801 0.23862600 -0.40334901
v -0.23734801 0.25327301 -0.40441900
v -0.28634700 0.24226700 -0.40133601
v -0.29276401 0.26070201 -0.39878699
v -0.30606601 0.24774501 -0.39828900
v -0.29924399 0.22848500 -0.40102401
v -0.29782900 0.27650201 -0.39598700
v -0.31143799 0.26685500 -0.39488101
v -0.11423900 0.29762101 -0.40641400
v -0.09922590 0.28790000 -0.40728900
v -0.13245900 0.28902999 -0.40651500
v -0.09599540 0.30686301 -0.40613499
v -0.12891901 0.30847201 -0.40522701
v -0.08354960 0.27814201 -0.40800500
v -0.08092280 0.29700601 -0.40701801
v -0.08702760 0.26045200 -0.40877700
v -0.06602020 0.26572099 -0.40876400
v -0.08912940 0.24257401 -0.40946999
v -0.07431890 0.25088501 -0.40931100
v -0.10458200 0.23201901 -0.40964901
v -0.08719110 0.22439501 -0.41010299
v -0.07230890 0.23523401 -0.40991500
v -0.13324299 0.23073301 -0.40918201
v -0.11882200 0.22144100 -0.40978399
v -0.14862999 0.22984301 -0.40885600
v -0.13507500 0.21172100 -0.40978000
v -0.16181201 0.24514399 -0.40794700
v -0.16705400 0.22746000 -0.40850499
v -0.15562400 0.26282299 -0.40730399
v -0.17574300 0.25855601 -0.40687501
v -0.15038800 0.28171599 -0.40641701
v -0.16874801 0.27630699 -0.40610299
v -0.14643900 0.30167401 -0.40516999
v -0.13902500 0.15490299 -0.41126400
v -0.15020800 0.14381699 -0.41128400
v -0.15808500 0.16153800 -0.41077301
v -0.16665800 0.14372800 -0.41098201
v -0.17235500 0.17635000 -0.41004100
v -0.15644000 0.18013200 -0.41032001
v -0.17918800 0.15925100 -0.41032600
v -0.14231800 0.17510600 -0.41074699
v -0.18293101 0.19144800 -0.40930399
v -0.16410100 0.19411300 -0.40971100
v -0.17347699 0.20930400 -0.40897900
v -0.15501900 0.21175800 -0.40934399
v -0.14638600 0.19442800 -0.41010001
v -0.04166060 0.11777700 -0.41275799
v -0.06118920 0.12361500 -0.41257900
v -0.04881590 0.13779201 -0.41244799
v -0.03344330 0.13407899 -0.41257399
v -0.06712420 0.14138700 -0.41228199
v -0.03562630 0.15321700 -0.41223100
v -0.05579340 0.15603100 -0.41208601
v -0.10848800 0.10089300 -0.41247401
v -0.09315910 0.11222900 -0.41250399
v -0.08851330 0.09540140 -0.41274899
v -0.07475380 0.10941000 -0.41267899
v -0.10852500 0.11673500 -0.41226101
v -0.09803330 0.12969001 -0.41220501
v -0.07970120 0.12673700 -0.41241500
v -0.15632600 0.33624700 -0.40149000
v -0.19021200 0.34483099 -0.39796001
v -0.18178500 0.36376899 -0.39502999
v -0.14360300 0.32132199 -0.40362400
v -0.14030400 0.33760500 -0.40216801
v -0.18794701 0.27293101 -0.40557101
v -0.19796801 0.28905800 -0.40397900
v -0.20769100 0.27099699 -0.40479401
v -0.20613800 0.30556199 -0.40200099
v -0.21710899 0.28768501 -0.40293899
v -0.19624700 0.32462701 -0.40047899
v -0.21353200 0.31850299 -0.39989501
v -0.22530399 0.30488101 -0.40059999
v -0.19175500 0.17442501 -0.40956801
v -0.20238400 0.19012800 -0.40877900
v -0.21165700 0.17365199 -0.40897200
v -0.19893999 0.15786900 -0.40980500
v -0.14378200 0.07693580 -0.41225299
v -0.14949200 0.09430540 -0.41198900
v -0.12801801 0.09276100 -0.41231701
v -0.14080299 0.11122600 -0.41189301
v -0.12535600 0.07261450 -0.41255400
v -0.10535200 0.08223960 -0.41271999
v -0.12350100 0.11324900 -0.41210401
v -0.16539200 0.07985380 -0.41186801
v -0.17688800 0.06120300 -0.41179800
v -0.18743899 0.07593450 -0.41145501
v -0.15770200 0.06110720 -0.41214600
v -0.17131899 0.04439170 -0.41201100
v -0.19065900 0.04443130 -0.41160899
v -0.19376700 0.06017440 -0.41142800
v -0.19781099 0.10707800 -0.41091099
v -0.20239800 0.08903140 -0.41098300
v -0.21662700 0.10282700 -0.41039801
v -0.22087300 0.08325890 -0.41052100
v -0.23668200 0.09802220 -0.40979400
v -0.22930500 0.11855900 -0.40970701
v -0.21104300 0.12186700 -0.41026801
v -0.22720601 0.27070799 -0.40372699
v -0.23630400 0.28928399 -0.40140599
v -0.29160401 0.29215199 -0.39441600
v -0.26414999 0.31428501 -0.39474300
v -0.28470299 0.30990201 -0.39210099
v -0.24419600 0.30858001 -0.39835200
v -0.22986700 0.32229501 -0.39778599
v -0.24796601 0.32795799 -0.39430201
v -0.21154600 0.33373800 -0.39782301
v -0.23115399 0.33978701 -0.39424700
v -0.21279500 0.34975401 -0.39454201
v 0.32202300 -0.22934900 -0.39736700
v 0.34096900 -0.22436699 -0.39414600
v 0.33626300 -0.24239901 -0.39169699
v 0.32770100 -0.21042800 -0.39854300
v 0.35743400 -0.21548900 -0.39105001
v 0.35574999 -0.23508701 -0.38626799
v 0.34378999 -0.20710699 -0.39611399
v 0.37022400 -0.20211001 -0.38966301
v 0.37429100 -0.22326601 -0.38066199
v 0.35422501 -0.19373900 -0.39542401
v 0.38575301 -0.20460500 -0.38044500
v 0.38044801 -0.18914700 -0.38837099
v 0.36691400 -0.18021400 -0.39425400
v -0.49463999 -0.07993880 0.19545600
v -0.50325000 -0.06909200 0.20765200
v -0.50261301 -0.06539390 0.19334300
v -0.48956800 -0.08025130 0.21161100
v -0.50082302 -0.07515440 0.17817700
v -0.49375099 -0.09546740 0.18420500
v -0.48633000 -0.09595930 0.20083199
v -0.51727802 -0.06266060 0.21845201
v -0.51492900 -0.05519970 0.20156699
v -0.53353202 -0.05768600 0.21358299
v -0.51533401 -0.03946200 0.18883400
v -0.50677198 -0.05455740 0.18288100
v -0.53110701 -0.04458500 0.20001601
v -0.51075900 -0.04152040 0.16855100
v -0.50790900 -0.06236480 0.16431800
v -0.51496100 -0.05555560 0.14862300
v -0.51298600 -0.07492130 0.14764300
v -0.50646400 -0.07966130 0.16130200
v -0.52019203 -0.07057870 0.13215600
v -0.52328098 -0.04901760 0.13065401
v -0.51711899 -0.03682460 0.14850301
v -0.52751100 -0.06634170 0.11627500
v -0.53150201 -0.04747940 0.11151300
v 0.28728101 -0.22344001 -0.40212700
v 0.27221200 -0.20511600 -0.40452099
v -0.43520901 0.09818030 0.29490399
v -0.44710901 0.09399230 0.28012800
v -0.44137499 0.08003380 0.29149801
v -0.45329100 0.07627450 0.27544799
v -0.44169801 0.11207800 0.28177500
v -0.45220500 0.10697400 0.26659900
v -0.45609701 0.08991690 0.26626500
v 0.32717499 -0.17495500 -0.40113899
v 0.33701599 -0.19095001 -0.39877200
v 0.34828600 -0.17063700 -0.39859399
v 0.31890601 -0.24589901 -0.39567101
v 0.30454999 -0.23639300 -0.39920899
v 0.35127500 -0.14796899 -0.39966601
v 0.36723500 -0.15939400 -0.39613101
v 0.36997199 -0.13939001 -0.39704001
v 0.38567701 -0.15227699 -0.39172599
v 0.38260001 -0.17151999 -0.39015299
v 0.33489501 -0.13657500 -0.40224099
v 0.33207399 -0.15592501 -0.40165499
v 0.31490999 -0.14523099 -0.40386099
v 0.35376099 -0.12767600 -0.40040499
v 0.37173700 -0.11876300 -0.39799601
v 0.39032999 -0.13135999 -0.39262900
v -0.39001200 -0.01810700 0.32539901
v -0.37085700 -0.04488760 0.32996500
v -0.48686099 -0.11338800 0.19065000
v -0.47907600 -0.11175100 0.20817000
v -0.47892699 -0.13156000 0.19792400
v -0.47948900 -0.09344700 0.21781400
v -0.47149599 -0.10795900 0.22607300
v -0.47112900 -0.12563901 0.21758600
v -0.50152498 -0.09459710 0.16732700
v -0.50356901 -0.11037200 0.15592200
v -0.49502900 -0.11232400 0.17369699
v -0.50949502 -0.09333820 0.14984199
v -0.58512902 -0.05921530 0.22966599
v -0.59302098 -0.05929590 0.21345299
v -0.57858402 -0.04566870 0.24383700
v -0.57029998 -0.05911890 0.21584600
v -0.50506800 -0.12513401 0.14471699
v -0.49650100 -0.12786700 0.16226999
v -0.51204902 -0.10859400 0.13722700
v -0.40303901 -0.00672511 0.32151300
v -0.38554499 -0.00261398 0.32692999
v 0.06478830 0.26977700 0.34543601
v 0.04628480 0.28107101 0.34433600
v 0.04885780 0.25970700 0.34731001
v 0.08030830 0.25726399 0.34661400
v 0.08302950 0.27608699 0.34391901
v 0.03081350 0.29686099 0.34236100
v 0.02474050 0.27948400 0.34497499
v 0.01104960 0.29302400 0.34315899
v 0.03412520 0.31450400 0.33967799
v 0.01683270 0.26000699 0.34786099
v 0.03373570 0.24891900 0.34917101
v 0.03454520 0.26656601 0.34665599
v 0.01765870 0.23969001 0.35071599
v 0.00455204 0.27557600 0.34572700
v 0.00314401 0.24693100 0.34980899
v -0.00524074 0.25893199 0.34811199
v 0.03299910 0.22898699 0.35195801
v 0.13485201 0.26384100 0.34290600
v 0.11556200 0.26336899 0.34413299
v 0.12842900 0.24675100 0.34549999
v 0.11114200 0.24430600 0.34687600
v 0.14425100 0.24889299 0.34414899
v 0.14253300 0.23266900 0.34623799
v 0.15756600 -0.06508010 -0.41215199
v 0.17765500 -0.07108460 -0.41173199
v 0.18801600 -0.08953250 -0.41124400
v 0.09771500 0.26116800 0.34534299
v 0.10176100 0.27987599 0.34262100
v 0.12170100 0.28026199 0.34153000
v 0.09378060 0.24206200 0.34809300
v -0.53831601 -0.02675270 -0.28124300
v -0.52742702 -0.01317870 -0.29370701
v -0.52589798 -0.03017930 -0.29447299
v -0.52559799 0.00632230 -0.29599199
v -0.56253397 -0.02491320 -0.25102699
v -0.55103701 -0.03427630 -0.26552600
v -0.56162000 -0.04270330 -0.25034800
v -0.55129898 -0.01594720 -0.26612100
v -0.54074299 -0.04724140 -0.27735701
v -0.55164802 -0.05319500 -0.26303399
v -0.52227300 0.08753800 -0.29177201
v -0.52668798 0.10589800 -0.28365600
v -0.54687399 0.09278180 -0.26267901
v -0.53942800 0.10739200 -0.26865101
v -0.52007800 0.06820580 -0.29679400
v -0.52111602 0.04738510 -0.29792401
v -0.50912100 0.08180160 -0.30520499
v 0.37311599 -0.03694070 -0.40063900
v -0.56303000 0.01128690 -0.25125501
v -0.57087398 0.02377970 -0.24035600
v -0.55948299 0.03121940 -0.25433001
v -0.56526899 0.04489090 -0.24445200
v -0.57475197 0.00277772 -0.23787700
v -0.58395600 0.01577610 -0.22860999
v -0.57831103 0.03863190 -0.22955000
v -0.52295202 0.02670450 -0.29781601
v 0.18476000 0.17855000 0.34817401
v 0.20249499 0.18224099 0.34600699
v 0.21273600 0.24093400 0.33905599
v 0.19255500 0.24603701 0.34047899
v 0.20659600 0.25865501 0.33761001
v 0.18734100 0.26442000 0.33876100
v 0.17364500 0.25207499 0.34147501
v 0.16788200 0.27124399 0.33957601
v 0.15942700 0.24077000 0.34398499
v 0.15472700 0.25979200 0.34203100
v 0.15813200 0.22197200 0.34625000
v -0.02197390 -0.13523901 0.36741301
v -0.02551390 -0.15185501 0.36420700
v -0.00997414 -0.14885201 0.36497000
v -0.03915770 -0.14549100 0.36481500
v -0.01991330 -0.11516800 0.37199101
v -0.03839510 -0.12676500 0.36842501
v -0.00388074 -0.16682400 0.36180899
v 0.00032307 -0.51481903 0.15238801
v 0.01791350 -0.51647800 0.14772099
v 0.09774350 -0.11103500 0.36461201
v 0.07740270 -0.10831400 0.36742201
v 0.08242240 -0.12515999 0.36411101
v 0.10211300 -0.12769400 0.36169001
v 0.09224380 -0.09373270 0.36784801
v 0.11201000 -0.09728480 0.36463901
v 0.05728470 -0.10698000 0.36992499
v 0.06221780 -0.12317500 0.36637601
v 0.04995840 -0.13801201 0.36469999
v 0.03863250 -0.10214900 0.37325501
v 0.06935860 -0.14062899 0.36279300
v 0.08788750 -0.14281000 0.36090401
v 0.07644470 -0.15954600 0.35934201
v 0.02788620 -0.15784401 0.36252800
v 0.04231210 -0.15151601 0.36287600
v 0.04549750 -0.16815799 0.35998800
v 0.05853760 -0.15622699 0.36107600
v 0.01473760 -0.18618900 0.35836399
v 0.02630170 -0.19565199 0.35660499
v 0.02929550 -0.17697300 0.35932899
v 0.04545740 -0.18703599 0.35712099
v 0.00669080 -0.20283100 0.35601300
v 0.04012780 -0.20569301 0.35469401
v 0.01939020 -0.21362901 0.35418299
v 0.05208320 -0.21981600 0.35229200
v 0.03540650 -0.23616000 0.35061100
v 0.05248950 -0.24078000 0.34945101
v 0.03309120 -0.22109500 0.35276499
v 0.05946070 -0.19852699 0.35486200
v 0.07264650 -0.21114600 0.35253701
v 0.06468580 -0.17744400 0.35752201
v 0.07862620 -0.19357599 0.35453799
v 0.09198380 -0.20848700 0.35185501
v 0.11088200 -0.20684400 0.35089099
v 0.12915599 -0.20276600 0.35011801
v 0.12319200 -0.22162500 0.34834501
v 0.13697200 -0.18379299 0.35163200
v 0.14754499 -0.16529700 0.35268900
v 0.16168600 -0.14977500 0.35292301
v -0.04902650 0.25281301 0.34835601
v -0.06565150 0.26359501 0.34638700
v -0.06960100 0.24390399 0.34888300
v -0.08385920 0.25563300 0.34674999
v -0.05574950 0.23239100 0.35091901
v -0.08891600 0.23754400 0.34887400
v -0.04087350 0.22110599 0.35292900
v -0.03587440 0.23822001 0.35069099
v -0.02096860 0.22652200 0.35255599
v -0.04295250 0.20388500 0.35528699
v -0.02683940 0.25475401 0.34855601
v -0.03497190 0.26657599 0.34678200
v -0.01502880 0.24272500 0.35035300
v -0.01648970 0.27118400 0.34633899
v -0.02990460 0.28200600 0.34466001
v -0.00909204 0.28796500 0.34395301
v -0.02406830 0.29900399 0.34225100
v -0.04885930 0.27373299 0.34547701
v -0.04434330 0.29285100 0.34284100
v -0.00068588 0.23192300 0.35190901
v 0.01504660 0.22159800 0.35326299
v -0.04252210 0.18606400 0.35785800
v -0.02575490 0.17416300 0.36015901
v -0.00870963 0.16339700 0.36222401
v 0.00781152 0.17306601 0.36064300
v 0.01016100 0.15315400 0.36396500
v -0.01101720 0.14633299 0.36517200
v 0.21182700 -0.38874799 -0.37724400
v 0.19696800 -0.39353299 -0.37903500
v 0.20658800 -0.37670901 -0.38696700
v 0.22359399 -0.37407300 -0.38226900
v 0.21427800 0.13436900 0.34860700
v 0.19844200 0.14655299 0.34946701
v 0.19586700 0.12870100 0.35115901
v 0.21596700 0.15320399 0.34698701
v 0.21151400 0.11625100 0.35023201
v 0.23134100 0.14215000 0.34603000
v 0.23019800 0.12253000 0.34753001
v 0.23294000 0.16397800 0.34420201
v 0.24822700 0.14848401 0.34356701
v 0.24411400 0.13102500 0.34527099
v 0.25298500 0.16799299 0.34156200
v 0.26581600 0.15223700 0.34118700
v 0.25965801 0.13208100 0.34329301
v 0.21530500 0.16942100 0.34575701
v 0.20001400 0.16478500 0.34779599
v 0.18289600 0.15980600 0.35004199
v 0.18041900 0.14164799 0.35183901
v 0.16549900 0.15537000 0.35225499
v 0.28331700 0.15584500 0.33875600
v 0.30026999 0.16088501 0.33611301
v 0.31522700 0.16600800 0.33352599
v 0.25310400 -0.34573999 -0.38462001
v 0.23905000 -0.33400699 -0.39329401
v 0.25562200 -0.32691500 -0.39218000
v 0.24353600 -0.31317201 -0.39734900
v 0.23598599 -0.35596400 -0.38597101
v 0.22255599 -0.33949399 -0.39461601
v 0.22593001 -0.31865299 -0.39820901
v 0.20443600 -0.34477299 -0.39613101
v 0.18925400 -0.33457500 -0.39924401
v 0.20856400 -0.32545799 -0.39873400
v 0.18712001 -0.35025501 -0.39715800
v 0.21645300 -0.35868999 -0.39094099
v 0.19719800 -0.36246899 -0.39362699
v 0.26957700 -0.33579499 -0.38378099
v 0.27087200 -0.32008600 -0.39095601
v 0.26242700 -0.30757901 -0.39589700
v 0.28488600 -0.32285899 -0.38427001
v 0.28121901 -0.30536500 -0.39238301
v 0.25184900 -0.29365000 -0.39905301
v 0.23155400 -0.29835200 -0.40031299
v 0.24024700 -0.27970800 -0.40142101
v 0.27347699 -0.28952900 -0.39708200
v 0.26254299 -0.27609801 -0.39985800
v 0.29355800 -0.28927299 -0.39298201
v 0.28673801 -0.27061701 -0.39767000
v 0.29790100 -0.30734801 -0.38511699
v 0.30820501 -0.27504200 -0.39231300
v 0.31095400 -0.29271200 -0.38479701
v 0.12389100 0.01964890 -0.41277501
v 0.27097699 -0.25847501 -0.40081301
v 0.25009799 -0.26286200 -0.40221199
v 0.22832599 -0.26168799 -0.40380600
v 0.22603200 -0.23770100 -0.40551299
v 0.22018000 -0.28267601 -0.40267599
v 0.21082100 -0.30301699 -0.40137300
v 0.19260500 -0.31616801 -0.40125501
v 0.18979000 -0.29864901 -0.40311700
v 0.16873200 -0.34591100 -0.39930800
v 0.17288999 -0.32597199 -0.40147600
v 0.16874801 -0.29766300 -0.40419000
v 0.17696700 -0.31064701 -0.40270501
v -0.50198299 -0.24974300 -0.25534800
v -0.49420401 -0.24096300 -0.27022800
v 0.28887501 -0.24796399 -0.39993599
v 0.30557099 -0.25682199 -0.39653400
v 0.25307000 -0.36301199 -0.37443700
v 0.23876201 -0.37514701 -0.37375399
v -0.59524101 -0.05886670 -0.13455801
v -0.59759200 -0.06763910 -0.15104400
v -0.59186798 -0.07794880 -0.13728000
v -0.59145600 -0.07063150 -0.11990000
v 0.16139300 -0.39889300 -0.38562101
v 0.16912800 -0.38162199 -0.39201000
v 0.17938800 -0.39557201 -0.38283601
v 0.15114300 -0.38479000 -0.39334199
v 0.18798700 -0.37960601 -0.38968301
v 0.17760099 -0.36425701 -0.39559099
v 0.15891901 -0.36544499 -0.39705700
v 0.14747500 -0.34911600 -0.40023199
v -0.57653397 -0.13635901 -0.18326800
v -0.58285099 -0.11738400 -0.17243600
v -0.57786900 -0.12017500 -0.19176000
v -0.57853103 -0.13989900 -0.16624600
v -0.58700800 -0.10617100 -0.15608101
v -0.58912599 -0.09415960 -0.17122699
v -0.58364803 -0.10117700 -0.18690300
v -0.58260000 -0.12663500 -0.15387399
v -0.58201498 -0.05907700 -0.21900401
v -0.58237302 -0.03836090 -0.22534400
v -0.57192802 -0.05036180 -0.23493201
v -0.57049400 -0.06644550 -0.23365100
v -0.58305699 -0.07626190 -0.20755599
v -0.59348297 -0.06200390 -0.20084301
v -0.59552199 -0.04475500 -0.21169300
v -0.60254502 -0.06450370 -0.18324500
v -0.59664398 -0.07504040 -0.16877501
v -0.59021199 -0.07978260 -0.18776500
v -0.60778302 -0.05178090 -0.19757199
v -0.57283700 -0.15523601 -0.17851900
v -0.56950098 -0.15118600 -0.19623800
v -0.57246900 -0.13575301 -0.19887400
v -0.58213502 -0.09084010 -0.19978499
v -0.57676899 -0.10716000 -0.20410900
v -0.57079399 -0.12567601 -0.20994601
v -0.56525803 -0.14433600 -0.21312900
v -0.00127581 0.01761510 0.52408397
v -0.01589630 0.01307100 0.52405500
v -0.00307695 -0.00026629 0.52429199
v -0.00988343 -0.01936530 0.52399802
v 0.01105670 -0.01396340 0.52409101
v -0.02194600 -0.00107116 0.52401000
v -0.01807110 0.02987260 0.52361000
v 0.01311670 0.02362650 0.52381003
v 0.00688114 -0.03240440 0.52355403
v 0.02551770 -0.02753840 0.52332097
v 0.02073750 -0.04269160 0.52275598
v 0.03840090 -0.04228720 0.52186698
v -0.19654000 -0.11864900 -0.41064599
v 0.03781270 0.03904750 0.52226502
v -0.45669401 -0.09677940 -0.34887800
v -0.45515499 -0.11512200 -0.34644699
v -0.46850899 -0.10866700 -0.33586699
v -0.44497800 -0.08672490 -0.36364001
v -0.45674801 -0.07842640 -0.35186499
v -0.47093400 -0.08687800 -0.33748600
v -0.44634399 -0.06687700 -0.36577600
v -0.45717201 -0.05887810 -0.35438401
v -0.44884700 -0.04607010 -0.36624700
v -0.45884401 -0.04131330 -0.35478801
v -0.46839300 -0.05087960 -0.34420800
v -0.46646300 -0.06902370 -0.34384501
v -0.47771600 -0.06566110 -0.33445400
v -0.48637301 -0.08123300 -0.32550800
v -0.49090099 -0.06051470 -0.32413301
v 0.04123680 0.09919040 0.48076200
v 0.02629720 0.10804300 0.48675600
v 0.04246680 0.09760540 0.49933299
v 0.05792000 0.09136460 0.48953700
v 0.02611570 0.10686300 0.50152498
v 0.02959810 0.09269380 0.51151401
v 0.04442190 0.07988480 0.51274502
v 0.05957960 0.08389940 0.50529200
v 0.04518800 0.05813300 0.51960599
v 0.02878970 0.07324760 0.51859498
v 0.05781200 0.06969160 0.51491201
v 0.34879100 -0.48034501 -0.17509501
v 0.36618400 -0.46803901 -0.16994500
v 0.33323801 -0.48847699 -0.18730700
v 0.33036700 -0.49402300 -0.17081100
v 0.31788599 -0.49510899 -0.19805001
v 0.31610200 -0.50099802 -0.18143700
v 0.30142400 -0.50704902 -0.19202100
v 0.30337799 -0.49997500 -0.20862500
v -0.56863201 0.07412990 -0.00010242
v -0.57410902 0.05830180 -0.01277120
v -0.56806499 0.05673070 0.00936078
v -0.57187301 0.04511200 0.00005771
v -0.56333202 0.06986450 0.01936170
v -0.56695300 0.03999520 0.01780520
v -0.56201702 0.05229450 0.02992290
v -0.57304502 0.07574340 -0.01660580
v -0.57798499 0.06687590 -0.03158250
v -0.54321498 0.07684070 0.07402190
v -0.55554599 0.05132410 0.04913660
v -0.55060101 0.07022210 0.05667630
v -0.55732602 0.06737970 0.03863850
v -0.54623502 0.08991830 0.06037070
v -0.55326098 0.08435180 0.04321160
v -0.57522398 0.08483410 -0.02980050
v -0.56324601 0.08788480 0.01103440
v -0.56852001 0.09250930 -0.00944620
v -0.56075698 0.10804300 0.00757304
v -0.55695403 0.09669600 0.02622400
v -0.54992902 0.10190500 0.04409250
v -0.55905700 0.08139160 0.02754390
v 0.02372010 -0.09043570 0.37880000
v 0.04019320 -0.08425430 0.37862599
v 0.00696008 -0.09402610 0.37862700
v 0.01328970 -0.07572260 0.38768300
v 0.02795390 -0.07448420 0.38569900
v 0.17774700 -0.12137500 0.35388499
v 0.17861301 -0.13953400 0.35220000
v 0.19564000 -0.13043500 0.35108399
v 0.19594200 -0.11199400 0.35249099
v 0.18110600 -0.10212400 0.35507599
v 0.16256700 -0.07848990 0.35937300
v 0.16796300 -0.09354720 0.35747400
v 0.18402100 -0.08136510 0.35621300
v 0.17668900 -0.06341810 0.35827699
v 0.14088200 -0.07737680 0.36259201
v 0.15675600 -0.06131100 0.36132401
v -0.47774100 -0.05127930 0.24983500
v -0.49143699 -0.05889990 0.23788400
v -0.47473601 -0.06966650 0.24212700
v -0.49382401 -0.04206700 0.24880400
v -0.46623701 -0.06388710 0.25718901
v -0.48011699 -0.03218150 0.25533399
v -0.50718802 -0.04934730 0.24375001
v -0.51259398 -0.05823500 0.23302400
v -0.46503499 -0.08357910 0.25014800
v -0.47240201 -0.08883430 0.23425500
v -0.46419001 -0.10362000 0.24282099
v -0.01075900 -0.09666080 0.37763301
v -0.00312911 -0.07836600 0.38633099
v -0.03029040 -0.09592970 0.37659800
v -0.02068060 -0.08043770 0.38289499
v -0.05883840 -0.10327300 0.37129599
v -0.04133660 -0.10869500 0.37214699
v -0.05122710 -0.09135460 0.37500399
v -0.05585720 -0.11924100 0.36851099
v -0.46651500 -0.00274412 0.26848400
v -0.45565400 0.00438859 0.28204200
v -0.34027901 0.01476780 0.33649501
v -0.32767701 -0.00000045 0.33860499
v -0.39873701 0.03087080 0.32328001
v -0.40005699 0.01166270 0.32288000
v -0.35530201 -0.05695180 0.33304501
v -0.33885100 -0.04764120 0.33627999
v -0.34042200 -0.06874240 0.33542100
v -0.41662100 -0.07506380 0.31411201
v -0.43140599 -0.06315290 0.30493000
v -0.42844301 -0.08573050 0.30500400
v -0.41434601 -0.09566070 0.31344500
v -0.44052100 -0.04371830 0.29841501
v -0.41515601 0.02339820 0.31695500
v 0.11798200 -0.25891000 0.34412900
v 0.11945600 -0.24032600 0.34632400
v 0.10394500 -0.26671001 0.34388101
v 0.13497899 -0.25323001 0.34383801
v 0.13229699 -0.27197301 0.34171101
v 0.11524400 -0.27778399 0.34189999
v 0.13735300 -0.23502199 0.34587699
v 0.14924400 -0.26769200 0.34118000
v 0.15469800 -0.24847500 0.34313500
v 0.16751800 -0.26515701 0.34022400
v 0.16887200 -0.23775500 0.34336999
v 0.17679401 -0.25064400 0.34128699
v 0.08772550 -0.26820201 0.34441501
v 0.09778640 -0.28293100 0.34204200
v 0.07904350 -0.28554299 0.34246400
v 0.10997900 -0.29655099 0.33963701
v 0.12795700 -0.29063401 0.33952600
v 0.09195300 -0.30074501 0.33983999
v 0.12218000 -0.30614501 0.33768299
v 0.10647200 -0.31629199 0.33695501
v 0.14563300 -0.28652301 0.33903101
v 0.13928699 -0.30428299 0.33698899
v 0.16280700 -0.28230199 0.33842200
v 0.16003200 -0.30185500 0.33602199
v 0.20952500 -0.12029000 0.35026100
v 0.45378700 -0.38284001 -0.09553150
v 0.45289099 -0.38680401 -0.11484300
v 0.46519199 -0.37068999 -0.10936500
v 0.47518501 -0.35549799 -0.09730190
v 0.42770600 -0.40839401 -0.18205599
v 0.41431999 -0.42263299 -0.17797400
v 0.42916900 -0.40060401 -0.19915800
v 0.42441800 -0.41592199 -0.16314900
v 0.43696499 -0.40252399 -0.16634201
v 0.44079700 -0.39333200 -0.18510300
v 0.43171701 -0.41063300 -0.14970499
v 0.44297999 -0.39879900 -0.14600000
v 0.42079201 -0.42208999 -0.14312799
v 0.45130199 -0.38995901 -0.13259999
v 0.44904101 -0.38883701 -0.16795500
v 0.45578000 -0.38393500 -0.14977600
v 0.46072599 -0.37461600 -0.16886801
v 0.42759201 -0.39377999 -0.21527800
v 0.46091101 -0.37800500 -0.13051200
v 0.47128701 -0.36416700 -0.13051300
v 0.47772899 -0.35477799 -0.11552100
v 0.48487300 -0.34360999 -0.10595700
v 0.48984900 -0.33829501 -0.12068000
v 0.47196999 -0.36020899 -0.16785499
v 0.46644199 -0.37030199 -0.14967600
v 0.47971800 -0.34553400 -0.18227200
v 0.48147601 -0.34780899 -0.16443001
v 0.47666800 -0.35623199 -0.14938900
v 0.48309800 -0.33386901 -0.19924299
v 0.48514599 -0.32128701 -0.21436299
v 0.12794700 -0.31945801 0.33540601
v 0.14824200 -0.31939399 0.33422399
v 0.13642700 -0.33455300 0.33253199
v 0.11598800 -0.33369401 0.33379400
v 0.16774300 -0.31975299 0.33288300
v 0.18125799 -0.30649701 0.33387101
v 0.17618100 -0.29263300 0.33614200
v 0.18702200 -0.32282799 0.33087999
v 0.19574700 -0.29188901 0.33468699
v 0.20106000 -0.31086299 0.33153701
v 0.22018400 -0.31697801 0.32847300
v 0.23449400 -0.30503300 0.32892501
v 0.21566001 -0.29969400 0.33180401
v 0.22855601 -0.29011399 0.33190000
v 0.18119800 -0.27827701 0.33760899
v 0.18504100 -0.26361400 0.33914399
v 0.26915199 -0.33914399 0.30579501
v 0.25446501 -0.33014700 0.31760600
v 0.26945099 -0.31993601 0.31652901
v 0.28494900 -0.32565600 0.30651000
v 0.23858599 -0.32265100 0.32437700
v 0.22279000 -0.33461601 0.32385200
v 0.20534900 -0.32859799 0.32794899
v 0.28737399 -0.29362801 0.32070699
v 0.30061001 -0.29687199 0.31457999
v 0.28490299 -0.30956399 0.31530201
v 0.31382599 -0.28418601 0.31399301
v 0.31538600 -0.29816100 0.30601799
v 0.32760501 -0.28255799 0.30644000
v 0.34598500 -0.24790400 0.31170601
v 0.33881000 -0.23540200 0.31869000
v 0.33007601 -0.24969700 0.31806001
v 0.33940101 -0.26696700 0.30657101
v 0.35134801 -0.23125200 0.31482899
v 0.35599101 -0.25768501 0.30028799
v 0.36121500 -0.23859400 0.30658701
v 0.18655901 -0.23615000 0.34214300
v 0.26530099 -0.25401101 0.33206800
v 0.24969800 -0.24280700 0.33531600
v 0.15768200 -0.33701399 0.33062401
v 0.14421700 -0.34828600 0.32956699
v 0.17527300 -0.33357701 0.32993299
v 0.17503200 -0.34926701 0.32659799
v 0.15920299 -0.35685000 0.32639199
v 0.19064900 -0.34018201 0.32710499
v 0.20720100 -0.34693599 0.32285199
v 0.19159600 -0.35828099 0.32188401
v 0.32558700 -0.22801200 0.32415000
v 0.34413999 -0.21893901 0.32036901
v 0.33300000 -0.20586400 0.32578501
v -0.07479270 0.04556180 0.51813698
v -0.06595480 0.06350210 0.51564997
v -0.08524040 0.05567780 0.51266903
v -0.05738200 0.04502720 0.52054799
v -0.09171790 0.03429680 0.51485002
v -0.07200440 0.03015330 0.51996398
v 0.03350410 -0.46859601 0.25128299
v -0.51323801 -0.02276410 0.16272300
v -0.51500201 -0.00522763 0.15607600
v -0.51344800 -0.00799348 0.17480800
v -0.51259702 0.00806106 0.16793101
v -0.51501799 -0.02432930 0.18022500
v -0.54148299 0.00302391 0.19000800
v -0.54887998 -0.01724850 0.19097701
v -0.56171799 -0.00050223 0.18991400
v -0.55803502 0.01782450 0.19189000
v -0.57264602 -0.01711810 0.19071899
v -0.58181602 -0.00084967 0.18929499
v -0.57361299 0.01356850 0.19075599
v -0.50097102 -0.07363460 -0.31440100
v -0.49568400 -0.09418620 -0.31610999
v -0.50956899 -0.08637750 -0.30532700
v -0.50350398 -0.10480300 -0.30776000
v -0.48206100 -0.10267500 -0.32586500
v -0.49234501 -0.11547700 -0.31521299
v -0.51677501 -0.06437540 -0.30127099
v -0.50441098 -0.05384970 -0.31343099
v -0.51635098 -0.04252320 -0.30334601
v -0.52330399 -0.08208480 -0.29292300
v -0.51493901 -0.10224400 -0.29773399
v -0.62344801 0.00689718 -0.13323399
v -0.63957298 0.00561560 -0.12535600
v -0.61506599 0.02385940 -0.13613901
v -0.63289398 0.02761040 -0.13270600
v -0.60572898 0.05197870 -0.14787400
v -0.61897802 0.04029860 -0.14187001
v -0.60381800 0.03868740 -0.13630000
v -0.59543902 0.05453420 -0.13446400
v -0.59462303 0.04088070 -0.11800200
v -0.60082400 0.02449770 -0.12707099
v -0.56365699 -0.00762434 -0.25055999
v -0.57694697 -0.01867980 -0.23483101
v -0.58869302 -0.00517894 -0.22583100
v -0.68179202 -0.05426090 -0.11479300
v -0.68272603 -0.04226740 -0.10330500
v -0.69480997 -0.05314970 -0.10183100
v -0.69939798 -0.06030710 -0.11321900
v -0.66668999 -0.04341330 -0.11733400
v -0.66827601 -0.05575050 -0.12950499
v -0.68690699 -0.06008240 -0.12957600
v -0.67483002 -0.05996370 -0.14444000
v -0.66426301 -0.05807720 -0.15957300
v -0.65634698 -0.05827880 -0.14465900
v -0.65207702 -0.04626240 -0.13153499
v -0.49748001 0.09586680 -0.31343701
v -0.51292002 0.10220600 -0.29824099
v -0.49134800 0.11664700 -0.31510699
v -0.50503999 0.11775500 -0.30260700
v -0.48212901 0.10111000 -0.32568699
v -0.48431000 0.08070450 -0.32685599
v -0.56567699 0.08111370 -0.23650900
v -0.55639303 0.08695180 -0.25029901
v -0.56026602 0.06606030 -0.24841000
v -0.56160599 0.10160500 -0.23790701
v -0.55113298 0.10607500 -0.25322700
v -0.54427397 0.12351400 -0.25775599
v -0.53157300 0.12403500 -0.27364701
v -0.55610597 0.12033200 -0.24103300
v -0.54941899 0.13795801 -0.24523500
v -0.53708899 0.14066701 -0.26185700
v -0.56156200 -0.06144550 -0.24773499
v -0.57124299 -0.03428580 -0.23856600
v -0.59344500 -0.02537480 -0.21986900
v -0.57011300 0.05974680 -0.23469600
v -0.57867700 0.05683560 -0.22325900
v -0.57426000 0.07513630 -0.22331300
v -0.37206000 0.11138700 0.32768801
v -0.36005300 0.12579501 0.32937300
v -0.37800601 0.12945201 0.32453400
v -0.38493001 0.09730750 0.32500499
v -0.39018300 0.11454900 0.32204399
v -0.34163001 0.16279000 0.32996100
v -0.35610601 0.15839900 0.32732600
v -0.34736401 0.14153700 0.33066401
v -0.36601901 0.14480101 0.32625100
v -0.38911501 0.19762599 0.30513600
v -0.37988299 0.18296701 0.31558499
v -0.37340599 0.19892000 0.31489900
v -0.39598599 0.17813499 0.30708599
v -0.36273199 0.18904500 0.32141200
v -0.36985201 0.16667500 0.32256201
v -0.38793901 0.16452900 0.31565300
v -0.38249299 0.14775300 0.32091501
v -0.39652500 0.14905500 0.31432801
v -0.39734101 0.13151599 0.31676400
v -0.32346001 0.20751300 0.32795700
v -0.30469599 0.21664600 0.33026299
v -0.30422699 0.19681799 0.33273599
v -0.34270501 0.19690700 0.32543001
v -0.32365200 0.18949300 0.33034801
v -0.35207599 0.17665499 0.32622901
v -0.33707500 0.18049499 0.32896101
v -0.35938901 0.20774999 0.31849101
v -0.36199701 0.22549801 0.31219399
v -0.37567300 0.21381301 0.30855599
v -0.32551900 0.16982201 0.33220801
v -0.30953899 0.17634600 0.33413199
v -0.29723099 0.16029200 0.33735299
v -0.29242900 0.17855400 0.33642301
v -0.26328701 0.19122300 0.33909199
v -0.28280601 0.19341400 0.33632201
v -0.28693399 0.21030600 0.33389199
v -0.27074599 0.20542400 0.33673599
v -0.49848101 0.21127801 0.09475330
v -0.50117099 0.19316299 0.10537200
v -0.50922400 0.17785101 0.09918560
v -0.50912601 0.22916000 0.04976600
v -0.51715899 0.21372600 0.04572890
v -0.50114298 0.23129000 0.06752360
v -0.51845503 0.22220100 0.03273350
v -0.51009297 0.23981801 0.03457990
v -0.52631098 0.20186000 0.03302990
v -0.53586298 0.19487800 0.01271040
v -0.52829200 0.18426500 0.04482780
v -0.53490901 0.18195000 0.02829330
v -0.54752803 0.22174700 -0.06694400
v -0.54636401 0.21640299 -0.05128690
v -0.53995699 0.23196401 -0.05136810
v -0.54080498 0.23969799 -0.07181390
v -0.54850298 0.22650000 -0.08360090
v -0.55490702 0.20969699 -0.08278720
v -0.54030401 0.22055900 -0.03409040
v -0.53192699 0.24083801 -0.03475260
v -0.53241098 0.24934600 -0.05229780
v -0.52376801 0.25867400 -0.03569840
v -0.51489502 0.27618399 -0.03542640
v -0.52405298 0.26769301 -0.05502350
v -0.51349998 0.28600201 -0.05077660
v -0.54508197 0.17967100 0.00004702
v -0.55333000 0.16297700 -0.01057540
v -0.54780698 0.16178900 0.00852365
v -0.55422002 0.14451000 0.00292218
v -0.54126501 0.17668000 0.01482590
v -0.54193503 0.16293600 0.02500150
v -0.52972603 0.16946900 0.05394170
v -0.53553802 0.16615200 0.04052240
v -0.53481001 0.15202400 0.05384530
v -0.54540598 0.20132101 -0.02592240
v -0.54137999 0.19747500 -0.00737361
v -0.54919899 0.18341801 -0.01777220
v -0.50856501 -0.25920400 -0.23979799
v -0.48264500 0.24470100 0.09618120
v -0.49048001 0.24676199 0.07558540
v -0.49449399 0.22977699 0.08520090
v -0.48874900 0.22557300 0.10306600
v -0.71482998 0.02756810 -0.06865300
v -0.72595602 0.02279380 -0.05592630
v -0.71608901 0.00853812 -0.06406620
v -0.72826302 0.00507954 -0.05126020
v -0.72795397 0.04072890 -0.06150820
v -0.73784202 0.03518160 -0.04733160
v -0.73566598 0.01943730 -0.04450650
v -0.70369601 0.01451830 -0.07683860
v -0.70605499 -0.00377047 -0.07322520
v -0.72015601 -0.01219530 -0.05989210
v -0.69238800 0.00169342 -0.08577480
v -0.69599903 -0.01566730 -0.08330320
v -0.70907098 -0.01922430 -0.07167860
v 0.55375600 0.00385384 0.05018430
v 0.55491298 -0.01406630 0.04654920
v 0.56352299 0.00192244 0.03179970
v 0.55873603 0.02057520 0.03855710
v 0.54819500 0.00676736 0.06519140
v 0.55086499 0.02156570 0.05675310
v 0.55672097 -0.03101400 0.04103410
v 0.56179798 -0.01607120 0.03220420
v 0.56696999 -0.02960070 0.02544320
v 0.55181402 -0.04905630 0.05010390
v 0.56033599 -0.04628220 0.03229460
v 0.58058798 0.00371677 0.02116550
v 0.57274300 0.02201290 0.02361970
v 0.57333797 -0.01256650 0.02192890
v 0.60005200 0.00459580 0.02234750
v 0.58924901 0.01665070 0.02041000
v 0.59158802 -0.01199880 0.01980660
v -0.78042197 -0.06139390 -0.05402940
v -0.77564102 -0.05916630 -0.07223580
v -0.76245302 -0.06191120 -0.06072850
v -0.79125202 -0.05295440 -0.06632300
v -0.75900602 -0.06166450 -0.07895180
v -0.78439701 -0.04604770 -0.08259450
v -0.77085298 -0.05378140 -0.08669970
v 0.60679299 -0.04877950 0.01744890
v 0.62323999 -0.04990820 0.02375450
v 0.63424802 -0.06517000 0.02346500
v 0.59568602 -0.10122400 -0.01025720
v 0.58042800 -0.09360800 -0.00409924
v 0.57963997 -0.10904500 -0.01532010
v 0.59481001 -0.11500700 -0.02358300
v 0.60815102 -0.10988300 -0.01587670
v 0.59993899 -0.02951830 0.01921360
v 0.61606598 -0.03192720 0.02467480
v 0.61227798 -0.01086170 0.02561570
v 0.58986098 -0.04671450 0.01403740
v 0.58239198 -0.02888140 0.01763400
v -0.67078298 -0.02904760 -0.10673600
v -0.68809903 -0.02899240 -0.09294240
v -0.67909300 -0.01226140 -0.09713970
v -0.69963402 -0.04392430 -0.09032470
v -0.70432103 -0.03148210 -0.07938180
v -0.65353101 -0.03104110 -0.12076800
v -0.66054302 -0.01616280 -0.11146700
v -0.64363098 -0.01623980 -0.12353600
v -0.66782200 -0.00252789 -0.10529800
v -0.65396899 -0.00113195 -0.11523900
v -0.54987103 -0.05299600 0.20810600
v -0.56326801 -0.04744170 0.20250300
v -0.54791600 -0.03693400 0.19669400
v -0.49948701 -0.06814660 0.22281200
v -0.61457998 -0.05781650 0.21137001
v -0.60129499 -0.04704210 0.20200001
v -0.62250501 -0.04520990 0.20032300
v -0.63659698 -0.05600040 0.20967899
v -0.68092197 -0.00761246 0.18607099
v -0.67902702 0.01286360 0.18708900
v -0.66687900 0.00034550 0.18662800
v -0.66400999 -0.01794020 0.18808199
v -0.69651997 0.00417815 0.18503900
v -0.67932898 -0.02865340 0.18888600
v -0.69717902 -0.01699720 0.18533599
v -0.65991199 0.01590950 0.18810301
v -0.65101200 -0.00314694 0.18771200
v -0.63896698 0.01565520 0.18894701
v -0.64664102 -0.02433070 0.19041000
v -0.63347501 -0.00812094 0.18871300
v -0.71396500 -0.00703126 0.18245000
v -0.71258301 0.01294590 0.18398000
v -0.69419199 0.02631140 0.19049001
v -0.73061597 0.00185920 0.17937200
v -0.71472800 0.03115920 0.18969899
v -0.73011702 0.02032660 0.18159300
v -0.61984998 0.04714460 0.20028500
v -0.60235399 0.03383680 0.19408400
v -0.62089097 0.02746370 0.19128200
v -0.63468599 0.03567220 0.19339900
v -0.60746700 0.01794850 0.19003400
v -0.62028301 0.00662448 0.18860801
v -0.49826401 -0.02480250 0.25394300
v -0.48238099 -0.01097800 0.25852999
v -0.47667399 0.01055730 0.26074901
v -0.49112400 0.00452600 0.25679699
v -0.50568902 0.02934130 0.25177601
v -0.48984101 0.02195730 0.25585499
v -0.48836699 0.04078040 0.25190800
v -0.52220601 0.03622750 0.24866401
v -0.50497299 0.04631400 0.24419400
v -0.42625001 -0.04133280 -0.38710901
v -0.44018999 -0.03334550 -0.37689701
v -0.42711201 -0.02165430 -0.38604999
v -0.43732101 -0.05416830 -0.37835100
v -0.44768700 0.05053020 -0.36710000
v -0.45024300 0.03377340 -0.36521599
v -0.46114299 0.04800690 -0.35232201
v -0.43381399 0.03634520 -0.38073200
v -0.46324801 0.02920960 -0.35102299
v -0.44142500 0.02173900 -0.37469900
v -0.78867602 -0.06088810 -0.03428750
v -0.76900601 -0.05848210 -0.04236190
v -0.79472703 -0.05746150 -0.05018950
v -0.79104197 -0.05873470 -0.01314290
v -0.80642903 -0.05558190 -0.03968370
v 0.53811502 -0.25310999 -0.12156800
v -0.68426800 0.00426226 -0.17261000
v -0.69820601 -0.00945440 -0.16373099
v -0.69796699 0.01217750 -0.16298801
v -0.71212697 0.00130355 -0.15501800
v -0.71271199 -0.01518580 -0.15366399
v -0.70462501 -0.02857850 -0.15615501
v -0.68888903 -0.02822320 -0.16670001
v -0.68123400 -0.01377330 -0.17424600
v -0.68336499 0.02266280 -0.17057700
v -0.69526798 0.03388930 -0.15971400
v -0.71120203 0.02075160 -0.15381600
v -0.67977202 0.03871850 -0.16791201
v -0.68072098 0.05105900 -0.15803701
v -0.71094900 0.03925950 -0.14838099
v -0.69579899 0.05120370 -0.14861301
v -0.73880100 0.01665300 -0.13517000
v -0.72524899 0.00954005 -0.14598601
v -0.73762202 0.00160488 -0.13711300
v -0.72701597 -0.01035520 -0.14390200
v -0.72497302 0.02766490 -0.14311799
v -0.75092798 0.00529049 -0.12636800
v -0.74425000 -0.01124560 -0.13079500
v -0.66932201 0.01517220 -0.18099201
v -0.66875100 -0.00237844 -0.18227300
v -0.65418100 0.00638091 -0.19036900
v -0.66803700 0.03302220 -0.17757700
v -0.65387499 0.02548280 -0.18832700
v 0.65790099 -0.13292199 -0.04315400
v 0.67175901 -0.12914400 -0.02905650
v 0.65223497 -0.12535800 -0.02362000
v 0.67026401 -0.12202500 -0.01181630
v 0.68643200 -0.12988500 -0.03599130
v 0.67491800 -0.13264801 -0.04806430
v 0.69007099 -0.12566800 -0.01800390
v 0.66364503 -0.13516100 -0.06005960
v 0.67827302 -0.13174801 -0.06751070
v 0.64789701 -0.13604800 -0.05998540
v 0.66073298 -0.13435300 -0.07807560
v -0.53588200 0.04087790 0.19707100
v -0.52499098 0.05366630 0.20555501
v -0.51487797 0.04510690 0.19250500
v -0.54147100 0.05522850 0.20722900
v -0.51986802 0.02845140 0.18859300
v -0.53822303 0.02168990 0.19219400
v -0.55747902 0.03564960 0.19620800
v -0.55662799 0.05168400 0.20441701
v -0.51229399 0.02376880 0.17532501
v -0.52094501 0.00860879 0.18479000
v -0.50977999 0.04114350 0.17766500
v -0.51204997 0.03799760 0.16364700
v 0.65293002 -0.12956500 -0.10992400
v 0.64703798 -0.13482501 -0.09341730
v 0.66696602 -0.12864900 -0.09767930
v 0.65410697 -0.12125400 -0.12645100
v 0.66988999 -0.11968000 -0.11482000
v -0.67229700 0.03117570 0.19192900
v -0.65195698 0.03307770 0.19287600
v -0.66285300 0.04646940 0.20226300
v -0.68298501 0.04494020 0.20066300
v -0.64231801 0.04809720 0.20244101
v 0.60589600 -0.12907700 -0.14448901
v 0.59127200 -0.13933501 -0.13975400
v 0.59230602 -0.12938000 -0.15733400
v 0.60561401 -0.11731800 -0.16135800
v 0.58165699 -0.14402799 -0.15489100
v 0.58273000 -0.13423499 -0.16913401
v 0.58917302 -0.11906600 -0.17599399
v 0.57835400 -0.15294200 -0.13819601
v 0.57284200 -0.16044000 -0.15612400
v 0.56989598 -0.16992100 -0.14008901
v 0.57513201 -0.14874899 -0.17180800
v 0.56810898 -0.16615300 -0.17464601
v 0.56637597 -0.17812601 -0.15906300
v 0.56875402 -0.15175200 -0.18915600
v 0.57662600 -0.13377200 -0.18463400
v 0.56818700 -0.13523600 -0.20387200
v 0.56157601 -0.15651500 -0.20594500
v 0.56218302 -0.17069501 -0.19274300
v -0.67837501 -0.04775930 0.19648901
v -0.66147703 -0.03835540 0.19370399
v -0.64295298 -0.04327910 0.19772901
v -0.60172498 0.00130973 0.18885800
v -0.59429002 -0.01627250 0.19038101
v -0.61480999 -0.01325110 0.18961000
v -0.58722001 -0.03249910 0.19497199
v -0.60831797 -0.03086960 0.19438601
v -0.71127898 0.01877630 0.24778000
v -0.70431000 0.03711190 0.24351500
v -0.72534001 0.03135000 0.24403501
v -0.71775800 0.04823770 0.23684201
v -0.73745602 0.04503810 0.23721001
v -0.74813902 0.02670690 0.24231100
v -0.73248100 0.01285780 0.24658801
v -0.71895200 0.00023479 0.24877200
v -0.69778401 0.00620075 0.25050899
v -0.70618403 -0.01304920 0.24948500
v -0.67529303 0.01099550 0.25159299
v -0.69018400 0.02531920 0.24831200
v -0.68685400 -0.00913562 0.25106901
v -0.69851297 0.05299920 0.23244500
v -0.68469602 0.04455070 0.24137200
v -0.68236601 0.05641940 0.22849999
v -0.66568798 0.05235350 0.23453000
v -0.67075402 0.03380640 0.24738300
v -0.53294200 0.25554299 -0.06819740
v -0.52875000 0.26752999 -0.07762930
v -0.53730100 0.25278100 -0.08645490
v -0.63688099 0.01096520 0.25358200
v -0.65501499 0.00255269 0.25301000
v -0.65562803 0.02219000 0.25143400
v 0.06615560 -0.00342698 0.39708400
v 0.06038610 -0.02065800 0.40179101
v 0.07366930 -0.01954450 0.38711300
v 0.08287870 -0.00440760 0.38297999
v 0.09492820 -0.02034150 0.37692600
v 0.08061160 -0.03571450 0.38049299
v 0.06257320 -0.03420360 0.39119101
v -0.53698403 -0.02997540 0.10145700
v -0.52960700 -0.02775700 0.19111000
v -0.52659500 -0.01061450 0.18663999
v -0.50412297 0.05937620 0.23240601
v -0.50157499 0.06672760 0.21586099
v -0.51655400 0.05993210 0.21932299
v -0.48938501 0.06998440 0.22993401
v -0.52362901 0.05329620 0.23652300
v -0.48821399 0.05696760 0.24335600
v -0.54530197 0.05575110 0.23476601
v -0.53931803 0.04220250 0.24642700
v -0.53431898 0.05953390 0.22062600
v -0.55787897 0.04422000 0.24534400
v -0.56509298 0.05645400 0.23283701
v -0.55299598 0.06017670 0.21868700
v -0.47226599 0.05389270 0.25640100
v -0.47436899 0.03181360 0.26024401
v -0.46222001 0.03920310 0.27000201
v -0.45907301 0.05858470 0.27101099
v -0.46383300 0.07615540 0.25740299
v -0.47590700 0.07153540 0.24284700
v 0.47751299 -0.30433699 -0.24531201
v 0.48689300 -0.30684099 -0.22890601
v 0.48998001 -0.29014301 -0.23996601
v 0.49564299 -0.27090800 -0.24705400
v 0.48325700 -0.26848400 -0.26366901
v 0.49516299 -0.25628799 -0.25775599
v 0.48015600 -0.28627700 -0.25579801
v 0.46712801 -0.30102900 -0.26060301
v 0.46774599 -0.28106400 -0.27277499
v 0.45523599 -0.29829401 -0.27472800
v 0.44131699 -0.29634199 -0.28853199
v 0.42916700 -0.31031600 -0.29038399
v 0.42756301 -0.29649299 -0.29978901
v 0.47407699 -0.26046801 -0.27813801
v 0.48757401 -0.24943200 -0.27033201
v 0.46646699 -0.25010100 -0.29078799
v 0.47799700 -0.24100401 -0.28451300
v 0.49135199 -0.22940101 -0.27696100
v 0.50394797 -0.21639501 -0.26966301
v 0.46576700 -0.23400900 -0.29868701
v 0.48026800 -0.22202700 -0.29108199
v 0.46756500 -0.21607099 -0.30442801
v 0.49404299 -0.20925400 -0.28327399
v 0.48278901 -0.20270900 -0.29640800
v 0.50729603 -0.19619399 -0.27467301
v 0.51616901 -0.20394400 -0.26067501
v 0.52027899 -0.18476100 -0.26373801
v 0.52783799 -0.19524400 -0.24833199
v 0.35046700 -0.30365399 0.26544601
v 0.33535400 -0.31762800 0.26889899
v 0.34851500 -0.31684500 0.25164399
v 0.33551800 -0.33010101 0.25241199
v 0.32872000 -0.31116599 0.28422400
v 0.31843200 -0.32363200 0.28190601
v 0.32110500 -0.33301601 0.26750201
v 0.34075901 -0.30086401 0.28099000
v 0.35931599 -0.30446500 0.25140101
v 0.36175799 -0.31224999 0.23736501
v 0.34897000 -0.32888699 0.23442000
v 0.36392400 -0.29161999 0.26020899
v 0.35388300 -0.28855899 0.27762601
v 0.37128901 -0.29676899 0.24221000
v 0.37732601 -0.28188500 0.25087199
v 0.36810699 -0.27572501 0.27193201
v 0.36999500 -0.24836700 0.29375401
v 0.37648299 -0.25853401 0.27776101
v 0.38263300 -0.24073400 0.28544199
v 0.38849199 -0.24981500 0.26879400
v 0.38267899 -0.26663500 0.25997001
v 0.36521101 -0.26389199 0.28707099
v 0.41503200 -0.23863500 0.23525199
v 0.41118199 -0.25898299 0.21931000
v 0.42369500 -0.23857801 0.21879300
v 0.40268201 -0.25830001 0.23557600
v 0.39727601 -0.27599901 0.22412500
v 0.40397999 -0.27955201 0.20774600
v 0.42208001 -0.25090501 0.20813701
v 0.41657600 -0.26542300 0.20167400
v 0.38453999 -0.28774899 0.23168901
v 0.39023301 -0.27180299 0.24146099
v 0.39506200 -0.25568900 0.25171301
v 0.37603801 -0.30405599 0.22501700
v 0.39019501 -0.29557499 0.21198200
v 0.36453900 -0.32057101 0.22154599
v 0.37783700 -0.31385300 0.20886900
v 0.36570501 -0.33026999 0.20585200
v 0.35456300 -0.33475801 0.21739601
v -0.32947400 0.14393400 -0.40301400
v -0.33491600 0.16621000 -0.40114501
v -0.34733999 0.14938700 -0.40047500
v -0.34527600 0.12833500 -0.40196300
v -0.33581099 0.18922301 -0.39948300
v -0.32309800 0.20102701 -0.40039399
v -0.35104799 0.18154299 -0.39765000
v -0.33828101 0.20839199 -0.39739701
v -0.35143399 0.20234500 -0.39549601
v -0.31146300 0.21490300 -0.40072399
v -0.33019099 0.22171800 -0.39737701
v -0.31868100 0.23512600 -0.39774400
v -0.35023099 0.22485401 -0.39274001
v -0.35255200 0.16520000 -0.39867100
v -0.36784199 0.17373300 -0.39514500
v -0.36601999 0.15586901 -0.39697301
v -0.36694399 0.19319899 -0.39300001
v -0.36639601 0.21336100 -0.38981199
v -0.38148001 0.20250700 -0.38566399
v -0.38318899 0.18310800 -0.38965800
v -0.29791701 0.32111600 -0.38302201
v -0.30433500 0.30425200 -0.38786700
v -0.31569400 0.31408599 -0.37594801
v -0.32255799 0.29692599 -0.38235599
v -0.31059200 0.28594700 -0.39132801
v -0.02928680 -0.06790460 0.38729399
v -0.04027110 -0.07876970 0.38043901
v -0.01381770 -0.06568870 0.39380500
v -0.04479380 -0.06224510 0.38675901
v -0.02928100 -0.05731800 0.39741799
v -0.03440180 -0.05103430 0.41127199
v 0.06313750 0.23079000 -0.41011801
v 0.08274980 0.23135200 -0.40988299
v 0.09311030 0.24692000 -0.40917999
v 0.09014220 0.21037400 -0.41043800
v 0.10047000 0.19471100 -0.41076300
v 0.10981900 0.21070400 -0.41016400
v 0.07401550 0.21726701 -0.41043001
v 0.10252600 0.22912800 -0.40967301
v 0.07236390 0.19932100 -0.41096199
v -0.23862401 -0.54604900 -0.11728700
v -0.24690901 -0.54320103 -0.13488300
v -0.00292988 0.25865501 -0.40935099
v -0.00492201 0.24007100 -0.41007400
v 0.01120600 0.22932300 -0.41042900
v -0.02324590 0.25136000 -0.40962100
v -0.00661946 0.22148500 -0.41072801
v -0.02267200 0.23105100 -0.41040200
v -0.00075101 0.27845201 -0.40847999
v -0.01778860 0.27082101 -0.40881899
v -0.01541480 0.29054400 -0.40785801
v -0.03348720 0.26712999 -0.40895399
v -0.05801080 0.24638900 -0.40963900
v -0.04469570 0.25738999 -0.40930101
v -0.03982810 0.23900700 -0.41004601
v -0.00525391 0.14715999 -0.41242099
v -0.01649640 0.15959100 -0.41217500
v 0.00146729 0.16200300 -0.41214100
v -0.00912073 0.17999201 -0.41177601
v -0.01937310 0.14069299 -0.41250700
v -0.02836370 0.17325100 -0.41186199
v -0.08395000 0.37470701 -0.39947999
v -0.10752900 0.37349400 -0.39882001
v -0.10190500 0.39032000 -0.39567101
v -0.09418050 0.36171600 -0.40096900
v -0.25719100 -0.53814298 -0.11934900
v -0.07588170 0.33587199 -0.40419701
v -0.07795360 0.31653601 -0.40576300
v -0.05970340 0.32619900 -0.40529400
v -0.05815300 0.34535700 -0.40359700
v -0.04025320 0.35478699 -0.40293700
v -0.03863720 0.33450201 -0.40485600
v -0.02009020 0.34656101 -0.40394199
v -0.02932830 0.31888300 -0.40613601
v -0.04366350 0.39077201 -0.39795899
v -0.04198150 0.37309700 -0.40075800
v -0.06256360 0.38143200 -0.39908400
v -0.06186870 0.39572701 -0.39641601
v -0.06052400 0.36397400 -0.40153500
v -0.08082290 0.39306501 -0.39609000
v -0.00272574 0.35662699 -0.40299299
v -0.02253370 0.36520100 -0.40198201
v -0.26623800 0.31047601 0.32003400
v -0.27385899 0.32610899 0.31212100
v -0.28547901 0.31138599 0.31377101
v -0.27710399 0.29525101 0.32121500
v -0.29067600 0.32692599 0.30337200
v -0.29746100 0.29758900 0.31435400
v -0.30361700 0.31242600 0.30477300
v -0.25585201 0.32639101 0.31823099
v -0.24619401 0.31114000 0.32458600
v -0.23724900 0.32781100 0.32261300
v -0.22466800 0.31021100 0.32857001
v -0.25683999 0.29525900 0.32585299
v -0.23861399 0.29766199 0.32874101
v -0.24863200 0.34315100 0.31416801
v -0.23131900 0.34594101 0.31867900
v -0.22393100 0.36320201 0.31333899
v -0.26354399 0.33916199 0.30991599
v -0.27725399 0.34135801 0.30123299
v -0.21908300 0.33076400 0.32546100
v -0.21357401 0.34949300 0.32163399
v -0.18919900 0.30868399 0.33304700
v -0.20487399 0.31817901 0.32988501
v -0.20089500 0.33731800 0.32679400
v -0.18618500 0.32787701 0.33025199
v -0.20476501 0.36635000 0.31730899
v -0.19733299 0.35381600 0.32343200
v -0.18586101 0.36634901 0.32107800
v -0.18344200 0.34766099 0.32664600
v -0.16825600 0.33811501 0.33003700
v -0.16655000 0.36030900 0.32517901
v -0.15065800 0.34592801 0.32994601
v -0.26653299 0.27752599 0.32753599
v -0.26595399 0.25721800 0.33104399
v -0.24370199 0.28270000 0.33049899
v -0.28381300 0.26473901 0.32663801
v -0.28914601 0.28191301 0.32148999
v -0.04882920 0.40720099 -0.39408699
v -0.07098030 0.40786600 -0.39247099
v -0.05740910 0.41936299 -0.38936600
v -0.09387480 0.40922600 -0.38981301
v -0.07545360 0.42243099 -0.38581100
v -0.18606900 0.39702299 -0.37969199
v -0.20482500 0.40064299 -0.36815599
v -0.18819501 0.40960601 -0.36702600
v -0.17085500 0.40713099 -0.37651899
v -0.18244900 0.38161400 -0.38934901
v -0.20192499 0.38800299 -0.38035399
v -0.16692100 0.39181501 -0.38764399
v -0.15299000 0.40391800 -0.38342100
v -0.15748900 0.42060500 -0.36859101
v -0.67917001 0.04355850 -0.10873600
v -0.66513598 0.02934840 -0.11253600
v -0.66410702 0.04460590 -0.12048200
v -0.68209797 0.05655580 -0.12313500
v -0.69178599 0.03893840 -0.09543410
v -0.67906702 0.02641870 -0.10122100
v -0.69778001 0.05462350 -0.10616900
v -0.70332599 0.03293270 -0.08187830
v -0.69143897 0.02062750 -0.08919650
v -0.71747601 0.04473560 -0.07539580
v -0.70713800 0.04886070 -0.08974100
v -0.63520902 0.04842500 -0.14060000
v -0.64845598 0.04440110 -0.13021199
v -0.64954799 0.02778760 -0.12246800
v -0.66422701 0.05653560 -0.13405500
v -0.65009701 0.05667090 -0.14125299
v -0.71867001 0.05982140 -0.09777130
v -0.71470302 0.06117090 -0.11087000
v -0.73516601 0.05959580 -0.10685500
v -0.70240498 0.05993410 -0.12221900
v -0.72139901 0.05680950 -0.12276500
v -0.18675400 0.42206201 -0.35379499
v -0.17429300 0.41814601 -0.36432499
v -0.21501701 0.36564201 -0.38903901
v -0.23179699 0.35717899 -0.38839099
v -0.23007700 0.37371701 -0.37883800
v -0.19846700 0.37323999 -0.38949299
v -0.19848500 0.35882300 -0.39422199
v -0.21453400 0.37920499 -0.38173199
v -0.81058198 -0.02037740 -0.06893320
v -0.79858297 -0.01591460 -0.08276870
v -0.79957700 -0.03583030 -0.07408940
v -0.80781502 -0.00236553 -0.07480930
v -0.78746498 -0.02859000 -0.08966780
v -0.78635001 -0.00992353 -0.09534720
v -0.79541099 0.00351962 -0.08752830
v -0.77326500 -0.00674036 -0.10728900
v -0.75939298 -0.00834057 -0.11885100
v -0.76550800 -0.02397470 -0.11053200
v -0.76639998 0.01155090 -0.11309400
v -0.77737403 -0.02173490 -0.10068800
v -0.78184599 0.00828575 -0.10016900
v -0.81244498 -0.03450770 -0.06090590
v -0.82242697 -0.02384690 -0.05377190
v -0.81997102 -0.00715373 -0.06100540
v -0.83364701 -0.02681840 -0.03832510
v -0.83199501 -0.00987412 -0.04576680
v -0.84425098 -0.01201950 -0.02779210
v -0.82651001 0.00740374 -0.05349120
v -0.83763701 0.00562758 -0.03872360
v -0.80528700 -0.04742580 -0.05722590
v -0.82030499 -0.04149620 -0.04527140
v -0.83217299 -0.04092090 -0.03155420
v -0.84313798 -0.03114980 -0.02251320
v -0.85427397 -0.02065180 -0.00989825
v -0.84960300 -0.03831250 -0.00636330
v -0.86421299 -0.01030380 0.00454292
v -0.87112200 0.00191267 0.01800850
v -0.86247897 0.00825963 0.00114738
v -0.85515201 -0.00294835 -0.01208170
v -0.86140400 -0.02837200 0.00673169
v -0.87155801 -0.01888100 0.02338480
v -0.76045299 -0.05609480 0.21926400
v -0.74421901 -0.05876570 0.21555801
v -0.75117302 -0.04601400 0.23202001
v -0.73099202 -0.05202550 0.22717100
v -0.73215002 -0.03719200 0.23985800
v -0.74662000 -0.02633930 0.24222900
v -0.77252102 -0.04747410 0.22751600
v -0.76648498 -0.03168930 0.23724601
v -0.75776798 -0.05821580 0.20302799
v -0.73895800 -0.05661380 0.19833700
v -0.72487003 -0.06036510 0.21162000
v -0.84011900 0.02701290 0.21182500
v -0.83286798 0.00702159 0.22037099
v -0.84356397 -0.00853267 0.21488699
v -0.47058800 0.08846980 -0.33713499
v -0.45853901 0.07861640 -0.34992900
v -0.47090501 0.06637950 -0.34022301
v -0.45764399 0.06240140 -0.35424501
v -0.44610101 0.08735660 -0.36170900
v -0.44712099 0.06825610 -0.36491901
v -0.45616099 0.09763360 -0.34844199
v -0.42597499 0.08646640 -0.38375899
v -0.43607900 0.07588430 -0.37572300
v -0.43630901 0.09358050 -0.37276500
v -0.42824700 0.10623400 -0.37895599
v -0.44115299 0.10805300 -0.36277699
v -0.47406000 0.04453090 -0.33962801
v -0.46758899 0.10797300 -0.33646199
v -0.45284301 0.11614800 -0.34767699
v -0.46320501 0.12744300 -0.33618799
v -0.45058000 0.13234800 -0.34573701
v -0.44002599 0.12778300 -0.35804200
v -0.47747499 0.12149400 -0.32584199
v -0.43339601 0.15642899 -0.35605901
v -0.43116799 0.17155400 -0.35262999
v -0.42061299 0.15981400 -0.36912799
v -0.42961499 0.14219800 -0.36590099
v -0.44204500 0.14518400 -0.35060301
v -0.41573501 0.12349000 0.30698100
v -0.40615499 0.11459100 0.31505200
v -0.46116599 0.09891370 0.25293499
v -0.45710301 0.11947500 0.25166300
v -0.46588200 0.11169500 0.23784600
v -0.46948400 0.09055930 0.24047600
v -0.46127701 0.13419899 0.23525900
v -0.46812400 0.14194000 0.21674100
v -0.47108799 0.12265400 0.22174799
v -0.47427499 0.10325300 0.22438499
v -0.47983500 0.11347600 0.20750900
v -0.49443400 0.11265600 0.17601299
v -0.49975401 0.12066000 0.16036899
v -0.49590999 0.13998200 0.15786301
v -0.50224602 0.10408300 0.16230400
v -0.48873001 0.10397800 0.19205900
v -0.48323199 0.09548110 0.20957400
v -0.49851301 0.09223530 0.17453399
v -0.49235299 0.08661530 0.19393000
v -0.44153100 0.18662000 0.23745701
v -0.45186999 0.17252401 0.22838700
v -0.44578600 0.16908599 0.24273400
v -0.42952999 0.19146800 0.25583300
v -0.43122301 0.20343301 0.24280900
v -0.47108701 0.18205500 0.18181300
v -0.46747401 0.17193700 0.19715300
v -0.46588099 0.20020600 0.17741100
v -0.45910099 0.17520501 0.21189100
v -0.45125401 0.13816699 0.25251400
v -0.45286500 0.15372001 0.23964600
v -0.45994499 0.15585600 0.22413900
v -0.46557501 0.15964600 0.21010800
v -0.48150900 0.17072400 0.16832399
v -0.47622800 0.18934400 0.16479801
v -0.49147201 0.15916900 0.15488100
v -0.48653701 0.17778100 0.15169001
v -0.50083899 0.14729100 0.14180399
v -0.49651799 0.16644099 0.13806500
v -0.43625900 0.13004699 0.28207800
v -0.42973799 0.11672900 0.29568300
v -0.42416599 0.13539100 0.29522401
v -0.41016001 0.14190100 0.30663100
v -0.41803700 0.15399601 0.29528299
v -0.40384999 0.16009100 0.30664000
v -0.41076201 0.17222300 0.29601300
v -0.41455701 0.18492401 0.28461200
v -0.40323800 0.18749700 0.29708600
v -0.44715500 0.12517400 0.26705101
v 0.17163800 -0.40770999 -0.37545201
v 0.18702701 -0.40770301 -0.36908501
v 0.17244899 -0.41850701 -0.36341000
v -0.36837101 0.23160601 -0.38381201
v -0.37224501 0.24807100 -0.37175000
v -0.38392699 0.23041800 -0.37180099
v -0.37934300 0.21896200 -0.38185200
v -0.35932800 0.27939901 -0.36302501
v -0.34801400 0.29676199 -0.36097801
v -0.33659300 0.29137599 -0.37584299
v 0.33991700 -0.31767100 -0.34915301
v 0.32537699 -0.32658100 -0.35335401
v 0.32782900 -0.31262299 -0.36258700
v 0.33193001 -0.33526000 -0.34274700
v 0.31339201 -0.32671699 -0.36324701
v 0.31523800 -0.34095600 -0.35018301
v 0.40918201 -0.26210800 -0.33012101
v 0.41331699 -0.24157301 -0.33604100
v 0.42436600 -0.25112000 -0.32384700
v 0.43033201 -0.22960600 -0.32809001
v 0.42042100 -0.27121401 -0.31783599
v 0.38334101 -0.26631001 -0.34910300
v 0.39799300 -0.25424501 -0.34268299
v 0.39380801 -0.27448899 -0.33557999
v 0.37832999 -0.28523600 -0.34138501
v 0.40465599 -0.28282201 -0.32356501
v 0.38898700 -0.29494601 -0.32833201
v 0.41518101 -0.22213601 -0.34271801
v 0.41464499 -0.20073500 -0.35247999
v 0.42862099 -0.20855400 -0.33729199
v 0.42941001 -0.18855000 -0.34403601
v 0.44327900 -0.21174100 -0.32510400
v 0.44248399 -0.19313200 -0.33206701
v 0.40190899 -0.21824200 -0.35717699
v 0.40013301 -0.20212001 -0.36765000
v 0.40723899 -0.18325099 -0.36812600
v 0.39041701 -0.21706000 -0.37060601
v 0.39383700 -0.18636601 -0.38017201
v 0.40053099 -0.23554200 -0.34967399
v 0.38571200 -0.24838801 -0.35759801
v 0.38720900 -0.23176000 -0.36541599
v 0.41979799 -0.17799300 -0.35701001
v 0.35326400 -0.28200200 -0.36466101
v 0.36852399 -0.27540499 -0.35614800
v 0.36247599 -0.29303300 -0.34900901
v 0.34450701 -0.29976100 -0.35898799
v 0.35674700 -0.30997199 -0.34235799
v 0.37326899 -0.30387101 -0.33440199
v 0.34954000 -0.32722300 -0.33666301
v 0.36671799 -0.32173699 -0.32889700
v 0.35629001 -0.33915499 -0.32558200
v 0.34050599 -0.34273499 -0.33311301
v 0.30214900 -0.35692599 -0.34711301
v 0.32352400 -0.35386801 -0.33635899
v 0.31027901 -0.37105200 -0.33295101
v 0.34196401 -0.35514501 -0.32488701
v 0.30012000 -0.34136599 -0.36164001
v 0.29604399 -0.37225500 -0.33965501
v 0.28486499 -0.35387501 -0.36145499
v 0.29577199 -0.38798100 -0.32946301
v 0.28404099 -0.40634501 -0.32271600
v 0.26881701 -0.35171300 -0.37383801
v 0.28514799 -0.33964899 -0.37364799
v 0.37259001 -0.43776399 -0.23000900
v 0.35865200 -0.45227900 -0.22584701
v 0.38422301 -0.42242500 -0.23670900
v 0.41025701 -0.35147399 -0.27948499
v -0.57739902 0.14742801 -0.16153599
v -0.57765698 0.13668300 -0.17779700
v -0.58147597 0.13121399 -0.16241400
v -0.58158600 0.13528800 -0.14601199
v -0.58244199 0.11808500 -0.17292701
v -0.58495098 0.11722000 -0.15396699
v -0.56413102 0.19551399 -0.11985500
v -0.56776702 0.18563101 -0.13410699
v -0.57035398 0.17647400 -0.12194900
v -0.56609499 0.18631700 -0.10518800
v -0.57568997 0.15818501 -0.12417900
v -0.57228500 0.17008300 -0.13989399
v -0.57200801 0.16750200 -0.10658900
v -0.57699299 0.15286200 -0.14290500
v -0.57177699 0.16728200 -0.16095200
v -0.57247198 0.15505999 -0.17935000
v -0.56734997 0.18549401 -0.14977600
v -0.56505603 0.18718000 -0.16764700
v -0.56674403 0.17280699 -0.18192799
v -0.56119603 0.20342900 -0.15351801
v -0.55825901 0.20542599 -0.17158000
v -0.55444598 0.22028901 -0.15657900
v -0.56039798 0.19062699 -0.18576500
v -0.55333400 0.20852900 -0.18972600
v -0.55095601 0.22256300 -0.17612199
v -0.58069700 0.13853800 -0.12441900
v -0.57685101 0.14947701 -0.10641200
v -0.58504999 0.12064400 -0.13457701
v -0.58033699 0.13211501 -0.10220500
v -0.56642503 0.11538600 -0.22429401
v -0.57562298 0.10810000 -0.20590700
v -0.56970799 0.12839200 -0.21006100
v -0.57060999 0.09595370 -0.22302000
v -0.56050003 0.13357900 -0.22773901
v -0.58686000 0.09790120 -0.16446100
v -0.58228999 0.10491500 -0.18506500
v -0.57720500 0.12329400 -0.19187200
v -0.58767003 0.08687620 -0.18098500
v -0.58197403 0.09367240 -0.19510300
v -0.57163101 0.14192700 -0.19543301
v -0.56370598 0.14655100 -0.21337400
v -0.56614202 0.15979400 -0.19791600
v -0.56030399 0.17693099 -0.20086400
v -0.55788499 0.16399600 -0.21665300
v -0.55163002 0.18082500 -0.21954100
v -0.55385298 0.19412400 -0.20392901
v 0.35977301 -0.35304999 -0.31503701
v 0.37698999 -0.35320199 -0.30325401
v 0.37302199 -0.33591801 -0.31662399
v 0.38457799 -0.31657800 -0.31988701
v 0.40080601 -0.30257300 -0.31622699
v 0.38873801 -0.33505699 -0.30633700
v 0.40061200 -0.32054701 -0.30649000
v 0.39452699 -0.35045201 -0.29249999
v 0.40493700 -0.33652300 -0.29363301
v -0.59181100 0.06052800 -0.11615200
v -0.59119397 0.07234870 -0.13258301
v -0.62262499 0.05523560 -0.15251200
v -0.60857898 0.06324400 -0.16116500
v -0.59547597 0.06650670 -0.14966901
v -0.58984900 0.08403670 -0.14847299
v -0.58767998 0.10267500 -0.14341199
v -0.59490800 0.07642920 -0.16664700
v -0.66627097 0.04980940 -0.16925600
v -0.66224700 0.06013180 -0.15311401
v -0.64925802 0.05798580 -0.16914400
v -0.64143300 0.06020890 -0.15390299
v -0.67987198 0.05939240 -0.14250000
v -0.70898598 0.05379480 -0.13698800
v -0.69372302 0.05924230 -0.13523100
v 0.28914100 -0.50332397 -0.21878700
v 0.27308401 -0.50595999 -0.23000500
v 0.27641600 -0.51415402 -0.20959300
v 0.29020801 -0.50958800 -0.20318501
v 0.25384501 -0.51220298 -0.23605999
v 0.26036799 -0.51867700 -0.21791600
v -0.58900797 0.04821130 -0.21588600
v -0.59377003 0.02921360 -0.21927799
v -0.60376602 0.04311070 -0.20798500
v -0.59556001 0.06052890 -0.20160000
v -0.58335501 0.06722410 -0.21126400
v -0.63745302 0.03674510 -0.19328500
v -0.61965698 0.04002960 -0.20077699
v -0.62525898 0.02132240 -0.20367000
v -0.62546003 0.05364180 -0.18726200
v -0.61007702 0.05672700 -0.19396800
v -0.60948700 0.02464900 -0.21104699
v 0.24288499 -0.44999301 -0.30889001
v 0.22866800 -0.46529901 -0.30227700
v 0.22124299 -0.45418900 -0.31421801
v 0.21167500 -0.46700200 -0.30752000
v 0.21260101 -0.47847399 -0.29724699
v 0.26017100 -0.43701601 -0.31149101
v 0.27280200 -0.42231101 -0.31671399
v 0.20154400 -0.45998201 -0.31678101
v -0.10342400 0.01534010 0.51141602
v -0.11050300 0.00084260 0.50598800
v -0.09646310 -0.00588746 0.51536202
v -0.10946200 -0.01661820 0.50423503
v -0.08599480 0.01412820 0.51853001
v -0.07742850 -0.00332606 0.52037901
v -0.09732160 -0.02893340 0.51294601
v -0.08145070 -0.02249080 0.51906598
v -0.06689790 0.01366010 0.52136201
v -0.05912830 -0.00239227 0.52232403
v -0.05020850 0.01222380 0.52277601
v -0.05231620 0.02786710 0.52209699
v -0.75692201 0.04439260 0.23436500
v -0.74581301 0.05778140 0.22246499
v -0.76406300 0.05546190 0.22371399
v -0.76147598 0.06172780 0.20917299
v -0.72858500 0.05664250 0.22780800
v -0.72755498 0.06009340 0.21256700
v -0.74347401 0.05908530 0.20266700
v -0.71121103 0.05613400 0.20763800
v -0.71225101 0.05858380 0.22197799
v -0.69375002 0.05623300 0.21393600
v -0.72427601 0.04920610 0.19700500
v -0.70265901 0.04414050 0.19943599
v -0.01048970 -0.04026230 0.52308100
v -0.02412790 -0.03158690 0.52339703
v 0.00600410 -0.05351350 0.52213401
v -0.01464220 -0.05926720 0.52152401
v -0.02903280 -0.04741700 0.52231598
v -0.01779290 -0.07815930 0.51830101
v -0.03307880 -0.06613450 0.52022201
v -0.03513490 -0.08595810 0.51565099
v -0.01811870 -0.09661650 0.51090902
v -0.00252840 -0.07018350 0.52024502
v -0.00080215 -0.08620590 0.51593101
v 0.03923650 -0.09140130 0.51192999
v 0.01852640 -0.09027110 0.51461202
v 0.02123070 -0.10426200 0.50448698
v 0.00081786 -0.10270100 0.50709403
v 0.03441690 -0.07534430 0.51838303
v 0.01429260 -0.07274810 0.51964200
v -0.42874101 0.12449200 -0.37314299
v -0.41523901 0.13946401 -0.38101700
v -0.27504101 -0.35399500 0.29220599
v -0.26663101 -0.36745700 0.28296900
v -0.25689399 -0.36084199 0.29806101
v 0.04784070 0.14958800 -0.41223001
v 0.04215470 0.12776600 -0.41263601
v 0.03032800 0.14461701 -0.41238800
v 0.02041850 0.12865800 -0.41271701
v 0.04380600 0.10600300 -0.41291699
v 0.06030450 0.11777900 -0.41264901
v 0.06179840 0.13755600 -0.41236901
v 0.13237000 0.18733899 -0.41051000
v 0.12140800 0.17084099 -0.41109100
v 0.11523000 0.19079199 -0.41067499
v 0.12758701 0.20742600 -0.41000399
v 0.04660330 -0.09227620 -0.41308200
v 0.03382920 -0.08420360 -0.41317201
v 0.05094120 -0.07604190 -0.41318101
v 0.03595320 -0.06468300 -0.41330200
v 0.06961470 -0.06945080 -0.41311201
v 0.05146110 -0.05659690 -0.41330600
v -0.01501410 -0.03329150 -0.41353601
v -0.00011395 -0.03787340 -0.41353801
v -0.01183760 -0.05110280 -0.41346899
v -0.00023383 -0.02147210 -0.41358101
v 0.00487833 -0.05339690 -0.41344401
v 0.01606700 -0.03399150 -0.41353199
v -0.02174480 0.02872950 -0.41353899
v -0.01321560 0.01213570 -0.41358501
v -0.03355870 0.01399470 -0.41353899
v -0.00160465 0.02783700 -0.41355601
v -0.02692750 -0.00208897 -0.41355100
v -0.00549787 -0.00419299 -0.41359401
v 0.00661747 0.01080260 -0.41360101
v 0.03501340 0.03082590 -0.41350701
v 0.02958880 0.05063210 -0.41341701
v 0.05235810 0.04618910 -0.41335401
v 0.04731700 0.06549880 -0.41325399
v 0.04959550 0.02887450 -0.41346401
v 0.06566420 0.03132930 -0.41336799
v -0.00475857 0.05944590 -0.41338301
v -0.01915640 0.07316250 -0.41329601
v -0.00147880 0.07424720 -0.41329899
v -0.02193010 0.05804920 -0.41338599
v -0.03286280 0.08569240 -0.41317099
v -0.08326670 -0.00636482 -0.41327000
v -0.06798940 0.00442256 -0.41339901
v -0.06367850 -0.01248940 -0.41341501
v -0.04781890 -0.00001095 -0.41349399
v -0.07899900 -0.02445540 -0.41328201
v -0.04275180 -0.01797690 -0.41349101
v -0.06154480 -0.03059530 -0.41339800
v -0.14798699 0.02345940 -0.41251200
v -0.13504700 0.03834330 -0.41262901
v -0.12949800 0.01940770 -0.41279000
v -0.11708800 0.03400710 -0.41290000
v -0.10995200 0.01617150 -0.41301900
v -0.12286600 0.00217500 -0.41287899
v 0.50350899 -0.25465801 0.02565040
v 0.49281299 -0.27226001 0.02985260
v 0.48961601 -0.28653699 0.01645740
v 0.48345000 -0.27784699 0.04593680
v 0.52379900 -0.23074301 -0.00249580
v 0.51403302 -0.24267600 0.01184480
v 0.51124001 -0.23530900 0.02987450
v 0.51425999 -0.19642800 0.06519450
v 0.51711202 -0.20513600 0.04871420
v 0.52285302 -0.18534200 0.05342700
v 0.51827699 -0.17801300 0.07191070
v 0.52649599 -0.16662499 0.06007050
v 0.50960499 -0.22547100 0.04626460
v 0.50797403 -0.21545400 0.06168610
v 0.53711897 -0.19739699 -0.00170742
v -0.19589899 -0.56185901 -0.14885201
v 0.31187701 -0.16379400 -0.40334001
v 0.29455200 -0.15493301 -0.40519100
v 0.05362980 -0.09287080 0.37352601
v 0.07201970 -0.08930200 0.37151799
v 0.05691490 -0.07710480 0.37756801
v 0.07215090 -0.06774510 0.37622699
v 0.05736420 -0.06147650 0.38321599
v 0.04202700 -0.06680450 0.38624501
v 0.08546690 -0.05438590 0.37538701
v 0.08866670 -0.07450150 0.37125799
v 0.10285000 -0.06078130 0.37051001
v 0.09878900 -0.04097520 0.37357801
v 0.06784130 -0.04978140 0.38307801
v 0.11713000 -0.04906960 0.36874500
v 0.13172600 -0.03865310 0.36667100
v 0.11382500 -0.02973040 0.37077501
v 0.13119200 -0.02004130 0.36746699
v 0.11621400 -0.01088610 0.37114599
v 0.12146700 -0.06794470 0.36644301
v 0.10646700 -0.07987340 0.36760601
v 0.13667600 -0.05704760 0.36475700
v 0.12300400 -0.08412490 0.36461699
v 0.15089200 -0.04421620 0.36310399
v 0.14474800 -0.02908710 0.36470500
v 0.17272601 -0.04425290 0.35957700
v 0.19300200 -0.04963320 0.35651201
v 0.19266500 -0.03174580 0.35696200
v 0.21147500 -0.03776000 0.35423300
v 0.19406900 -0.06498970 0.35578001
v 0.21080600 -0.05605040 0.35380700
v 0.21010099 -0.01932570 0.35470101
v 0.19480599 0.00561505 0.35690099
v 0.20680299 -0.00374957 0.35521999
v 0.02423270 -0.44307399 0.29530400
v -0.77971601 -0.02208450 0.01856490
v -0.76952100 -0.01383660 0.00464993
v -0.77731198 -0.00178292 0.02097190
v -0.75853503 -0.00578729 -0.01166560
v -0.76804698 0.00430036 0.00402688
v 0.18858600 0.24412800 -0.40677601
v 0.20865500 0.23801900 -0.40621901
v 0.19841300 0.22389600 -0.40737101
v 0.20014399 0.25848401 -0.40544999
v 0.17735800 0.23068599 -0.40783101
v 0.16805100 0.24991800 -0.40721601
v 0.18088600 0.26385301 -0.40597799
v 0.22878499 0.23305100 -0.40547600
v 0.21886900 0.21820700 -0.40674999
v 0.21901099 0.25222799 -0.40487099
v 0.23961499 0.21498600 -0.40586400
v 0.24995600 0.23321600 -0.40419701
v 0.23584899 0.24693200 -0.40423501
v 0.20873301 0.20299099 -0.40786499
v 0.22840300 0.19924100 -0.40716499
v 0.18828300 0.21060599 -0.40831199
v 0.19831200 0.18911900 -0.40876999
v 0.21856800 0.17970601 -0.40834001
v 0.16675700 0.21756700 -0.40872601
v 0.14394601 0.22060500 -0.40921000
v 0.15593800 0.23645400 -0.40823001
v 0.15838000 0.20251200 -0.40952501
v 0.17844300 0.19803999 -0.40910301
v 0.14738201 0.25552300 -0.40757200
v 0.13501699 0.24146301 -0.40855801
v 0.16084400 0.26897499 -0.40642500
v 0.14088900 0.27547899 -0.40669101
v 0.18800400 0.15000200 -0.41018999
v 0.20200001 0.16581400 -0.40936801
v 0.18070100 0.16661100 -0.40997601
v 0.18721300 0.18039601 -0.40941599
v 0.23572899 0.18375400 -0.40748101
v 0.24891099 0.17724800 -0.40711001
v 0.23659401 0.16623101 -0.40807000
v 0.25044701 0.19519000 -0.40623501
v 0.29754901 0.15607201 -0.40497801
v 0.29724899 0.13534500 -0.40583199
v 0.27643299 0.16027100 -0.40621901
v 0.47771001 -0.19239300 0.15158100
v 0.47006899 -0.19196001 0.16821600
v 0.46878099 -0.20913500 0.15571900
v 0.47628301 -0.20947100 0.13932700
v 0.48603699 -0.17686000 0.14631601
v 0.47811401 -0.17552599 0.16433200
v 0.48551100 -0.19303299 0.13421200
v 0.49452201 -0.16173699 0.13917600
v 0.48698899 -0.16009200 0.15671299
v 0.49427199 -0.17725401 0.12804300
v 0.49653900 -0.14451499 0.14636500
v 0.50260001 -0.16080500 0.12187500
v 0.50205898 -0.14780800 0.13203000
v 0.44301099 -0.18744200 0.22955599
v 0.43935600 -0.20520701 0.22148301
v 0.45019600 -0.18894300 0.21290800
v 0.43265301 -0.20264700 0.23753500
v 0.42786399 -0.22138099 0.22891700
v 0.43554100 -0.22196899 0.21284200
v 0.44682699 -0.20606799 0.20500299
v 0.46133199 -0.20880800 0.17192400
v 0.46284199 -0.19418000 0.18172300
v 0.45408201 -0.20762999 0.18835600
v 0.45756999 -0.19034900 0.19604400
v 0.45148599 -0.22403499 0.17814900
v 0.44366801 -0.22253500 0.19580600
v 0.46857500 -0.17660600 0.18373799
v 0.47876799 -0.15755200 0.17610000
v 0.48982599 -0.14192501 0.16265300
v 0.46882600 -0.15897700 0.19629499
v 0.47539201 -0.14668199 0.19074599
v 0.48352000 -0.13785601 0.17887899
v 0.47170299 -0.24164900 0.11672400
v 0.46042100 -0.25931600 0.12116900
v 0.46988299 -0.25572801 0.10514600
v 0.46328101 -0.24337800 0.13289200
v 0.45093000 -0.26163200 0.13813800
v 0.45906100 -0.22550300 0.16068700
v 0.44877300 -0.23989201 0.16733100
v 0.45600399 -0.24240001 0.14946000
v 0.46638599 -0.22638699 0.14408100
v 0.44520599 -0.25566199 0.15703601
v 0.44080299 -0.23812000 0.18542799
v 0.43744400 -0.25325200 0.17536999
v 0.27305400 0.19461000 -0.40489599
v 0.28658000 0.17667800 -0.40483800
v 0.26619199 0.17807700 -0.40610200
v 0.29306301 0.19421200 -0.40341699
v 0.30841601 0.17728201 -0.40306300
v 0.26021400 0.21265800 -0.40478799
v 0.28025001 0.21118701 -0.40344501
v 0.32431599 -0.17555299 0.33110699
v 0.33323401 -0.11227800 0.33411601
v 0.34810001 -0.12374200 0.33075601
v 0.36452699 -0.13160200 0.32658100
v 0.31460601 -0.11822400 0.33679101
v 0.29566401 -0.12275500 0.33929601
v 0.38069800 -0.13953300 0.32107401
v 0.38091299 -0.11922800 0.32328999
v 0.39607599 -0.12942700 0.31596300
v 0.39529100 -0.14931799 0.31289300
v 0.38013801 -0.15950300 0.31830800
v 0.40116400 -0.03405130 0.32243800
v 0.38376400 -0.02831670 0.32752699
v 0.38903600 -0.05170190 0.32506701
v 0.40543401 -0.05152610 0.31986299
v 0.41462001 -0.02112980 0.31709000
v 0.39727199 -0.01417940 0.32421100
v 0.41709700 -0.04092500 0.31486899
v 0.24506401 -0.11434800 0.34640601
v 0.22638901 -0.11783000 0.34844100
v 0.26383299 -0.11078600 0.34423801
v 0.25200400 -0.09470130 0.34660500
v 0.23373900 -0.09867930 0.34872100
v 0.28309199 -0.10751700 0.34186700
v 0.27056000 -0.09186350 0.34433299
v 0.30223900 -0.10358800 0.33937800
v 0.38576499 -0.07489700 0.32477400
v 0.39643899 -0.10926200 0.31848401
v 0.39894599 -0.08941250 0.31933299
v 0.25815299 -0.07523390 0.34669900
v 0.23980500 -0.07879270 0.34895799
v 0.32112199 -0.09821230 0.33678600
v 0.32930401 -0.07830700 0.33635199
v 0.33805799 -0.05671460 0.33565301
v 0.32093501 -0.04547790 0.33873999
v 0.35847101 -0.05856990 0.33197501
v 0.35303599 -0.03860500 0.33355001
v 0.33616099 -0.03369930 0.33652300
v 0.20255400 -0.18916699 -0.40865901
v 0.18707500 -0.18535800 -0.40929499
v 0.16937400 -0.19394100 -0.40953100
v 0.19921300 -0.16842499 -0.40940201
v 0.17700399 -0.17451499 -0.40990001
v 0.22009499 -0.19544700 -0.40777400
v 0.21941800 -0.17554601 -0.40846699
v 0.22260100 -0.21573700 -0.40683001
v 0.23782800 -0.20288400 -0.40667301
v 0.20071200 -0.14654200 -0.40993899
v 0.21910900 -0.15633000 -0.40904400
v 0.21744099 -0.13751800 -0.40955600
v 0.02585470 -0.59288001 -0.15628900
v 0.12746499 -0.12301900 -0.41193199
v 0.13904200 -0.13743900 -0.41152099
v 0.11180600 -0.12739500 -0.41208100
v 0.12092000 -0.14124601 -0.41172001
v 0.11299400 -0.11087900 -0.41229701
v -0.06052750 0.00245853 0.40177101
v -0.07226750 0.00728986 0.38869300
v -0.08418920 -0.00625016 0.38314700
v -0.07782130 0.02394700 0.38383701
v -0.05973220 0.02356320 0.39638299
v -0.06483110 0.03861530 0.38687500
v -0.04832370 0.04283400 0.39796299
v -0.05702190 0.01728390 0.41273001
v -0.04920370 0.03614630 0.41244900
v -0.40589100 0.36961100 0.07744650
v -0.39667299 0.38472700 0.06757420
v -0.39125401 0.37972200 0.08705200
v -0.41525701 0.35396400 0.08606210
v -0.40151501 0.38966301 0.04790860
v -0.43277299 0.37234700 0.01418870
v -0.40891701 0.39038000 0.03054030
v -0.26805601 -0.53187001 -0.10474700
v -0.48506200 0.33309400 -0.05231310
v -0.49444801 0.31482801 -0.04207240
v -0.48403901 0.32749599 -0.03395950
v -0.49503800 0.32079801 -0.06018350
v -0.48661101 0.33606401 -0.06807080
v -0.45272401 0.36244500 -0.01617650
v -0.42749199 0.40190399 -0.04407270
v -0.44126299 0.37772501 -0.01996650
v -0.44048300 0.38564700 -0.03822030
v -0.45223901 0.38119200 -0.06694860
v -0.44119301 0.39107701 -0.05666780
v -0.41794801 0.42705500 -0.11053600
v -0.39361399 0.44198799 -0.07044950
v -0.39164200 0.40600201 0.03366330
v -0.39458299 0.41323301 0.01128970
v -0.38778701 0.39872399 0.05710080
v -0.37680599 0.41124299 0.05197350
v -0.37377599 0.42120701 0.03619370
v -0.37548301 0.39016700 0.09639990
v -0.38189799 0.39405799 0.07762220
v -0.35904199 0.39987901 0.10646800
v -0.36431801 0.40548500 0.08679100
v -0.36306301 0.41535801 0.06915960
v -0.37513700 0.40488499 0.06865580
v -0.36254600 0.42359301 0.05242040
v -0.37832099 0.45391899 -0.06631910
v -0.37402001 0.45229599 -0.04755430
v -0.36310601 0.46401301 -0.05864770
v -0.35901099 0.46168000 -0.03937240
v -0.36943099 0.44993001 -0.02839560
v -0.39666599 0.41853601 -0.00657423
v -0.35950300 0.43203801 0.03938950
v -0.34619999 0.44392699 0.03649360
v -0.34738499 0.43630001 0.05183670
v -0.34452900 0.45164201 0.02093160
v -0.34228501 0.45889699 0.00647020
v -0.35679299 0.45815599 -0.02279380
v -0.34926799 0.45900699 -0.00833440
v -0.44233701 0.36846599 -0.00139265
v -0.44370899 0.35908499 0.01485660
v -0.45297700 0.35315999 0.00350734
v -0.47884801 0.31031799 0.01601720
v -0.46595499 0.32593000 0.02221390
v -0.45210400 0.34366599 0.02407780
v 0.05293160 0.08955340 0.47478700
v 0.05476410 0.07840140 0.46336499
v 0.03873690 0.08976830 0.46543100
v 0.06692320 0.08011840 0.47767001
v 0.03915410 0.07637270 0.45319000
v 0.07052300 0.06448750 0.46377599
v 0.05474750 0.06664440 0.45313799
v -0.27739200 0.40797901 -0.32596499
v -0.73177201 -0.01817350 0.18068300
v -0.74920201 -0.02661840 0.17916700
v -0.74849498 -0.00661019 0.17565700
v -0.76500702 -0.01256850 0.17077000
v -0.73223698 -0.04016920 0.18664500
v -0.75533700 -0.04673870 0.18691801
v -0.76635200 -0.03130480 0.17533100
v -0.79316598 -0.05553860 0.18401900
v -0.80762601 -0.05698030 0.16992700
v -0.79228199 -0.04661070 0.16852701
v -0.81340498 -0.05992190 0.18978700
v -0.80435902 -0.04566860 0.15377800
v -0.81888300 -0.05680240 0.15340200
v -0.82628602 -0.06220070 0.17054699
v -0.04457580 -0.05650730 0.43665501
v -0.05902490 -0.05389490 0.44520700
v -0.05512050 -0.03807420 0.42798799
v -0.04257210 -0.04787470 0.42310500
v -0.02947060 -0.05818300 0.42701501
v -0.03277390 -0.06750150 0.44067299
v 0.10974800 -0.40650800 -0.39032200
v 0.12571600 -0.40195900 -0.39080200
v 0.09103150 -0.41082299 -0.38967001
v 0.10651600 -0.42171001 -0.38088700
v 0.12461100 -0.41625300 -0.38214701
v 0.07318640 -0.43416801 -0.37560901
v 0.07085140 -0.41652200 -0.38817000
v 0.08875060 -0.42656001 -0.37963101
v 0.14099000 -0.36818501 -0.39784601
v 0.13361500 -0.38718200 -0.39444199
v 0.12932099 -0.35237199 -0.40074900
v -0.77653301 0.02680840 -0.10151000
v -0.78388399 0.03968630 -0.08912700
v -0.76889098 0.04491470 -0.09870100
v -0.77419102 0.05543330 -0.08186630
v -0.76258701 0.03218500 -0.11102100
v -0.75528002 0.05798940 -0.09473790
v -0.75291997 0.04871170 -0.10896000
v -0.79294801 0.04755580 -0.07399450
v -0.78698599 0.05841190 -0.06302240
v -0.76816899 0.06187390 -0.06517260
v -0.80444098 0.05078290 -0.05671920
v -0.79677600 0.05979570 -0.04482370
v -0.77754402 0.06152860 -0.04857010
v -0.79026598 0.02193210 -0.09031530
v -0.79640400 0.03354620 -0.08032500
v 0.72644198 0.02639440 -0.12493900
v 0.72397703 0.00887217 -0.12990400
v 0.71278298 0.02321240 -0.14010499
v 0.73744398 0.00971686 -0.11259500
v 0.73869199 0.02898930 -0.10842700
v 0.72824198 0.04359800 -0.11912800
v 0.71365398 0.04318990 -0.13545300
v -0.00766345 -0.34314600 -0.40469199
v 0.05076970 -0.33696899 -0.40472299
v 0.11613900 -0.33776799 -0.40288901
v 0.10003500 -0.32829201 -0.40432101
v 0.10120300 -0.34506699 -0.40269500
v 0.06208100 -0.32074499 -0.40583500
v 0.07525840 -0.30602601 -0.40661901
v 0.08140160 -0.32381701 -0.40518901
v 0.06867020 -0.33943400 -0.40412000
v -0.46428800 0.25615099 0.12340900
v -0.46112400 0.24618299 0.14130799
v -0.45332599 0.26515001 0.13544901
v -0.47201201 0.23576701 0.12950400
v -0.45649701 0.27570799 0.11590600
v -0.47025400 0.26112500 0.10474100
v -0.47372499 0.24739800 0.11320900
v -0.45101899 0.25413799 0.15306200
v -0.45752901 0.23605300 0.15968500
v -0.46703500 0.22647500 0.14980900
v -0.38121399 0.31919700 0.19903500
v -0.39440799 0.30414501 0.19742900
v -0.38331401 0.30808800 0.21136300
v -0.39053899 0.31981400 0.18239500
v -0.37197399 0.31814301 0.21617000
v -0.36765099 0.33151001 0.20381200
v -0.37686300 0.33296400 0.18661800
v -0.40324500 0.30746600 0.17730001
v -0.41562101 0.29655200 0.16945100
v -0.40815699 0.29232901 0.18873700
v -0.41036701 0.31174800 0.15839800
v -0.39886299 0.32025799 0.16727300
v -0.42425200 0.26508701 0.19295201
v -0.42020601 0.28110701 0.18098100
v -0.43156201 0.26985201 0.17320700
v -0.43359700 0.25633800 0.18511499
v -0.41308400 0.27650300 0.20005099
v -0.41657200 0.26131701 0.21202201
v -0.43036100 0.24697100 0.20188300
v -0.44143000 0.25711101 0.16883400
v -0.44102699 0.27208900 0.15183701
v -0.44896400 0.24382199 0.16873500
v -0.44153100 0.24302000 0.18435501
v -0.45185500 0.22908901 0.17854200
v -0.46185899 0.21786100 0.16921900
v -0.41955501 0.24620201 0.22355600
v -0.42749000 0.23059200 0.22481400
v -0.42783499 0.28492901 0.16157600
v -0.43400300 0.28812000 0.14542100
v -0.42291099 0.30032599 0.15049000
v -0.44399199 0.28266299 0.13260700
v -0.43195000 0.29984099 0.13362101
v -0.44304001 0.29512501 0.11819000
v -0.06835690 -0.09067340 0.50206399
v -0.05285680 -0.10202100 0.49745899
v -0.05267010 -0.09121930 0.51123297
v -0.06734100 -0.07628190 0.51353902
v -0.03632700 -0.10326800 0.50606698
v -0.05062570 -0.07181140 0.51805800
v -0.67308402 0.05572450 0.21550199
v -0.65342200 0.05590360 0.21735200
v -0.64394999 0.05588830 0.23258100
v -0.63233399 0.05769610 0.21580200
v -0.07449510 0.00923167 0.43982500
v -0.06361410 0.01247960 0.42776701
v -0.07069200 -0.00446372 0.43429801
v -0.06125930 -0.00237841 0.41813499
v -0.06830770 0.02491900 0.43844000
v -0.05534690 0.03083840 0.42672899
v -0.20001100 0.20869300 0.34435901
v -0.21233100 0.22462399 0.34148201
v -0.23219800 0.22023100 0.33983901
v -0.24850300 0.22996800 0.33686101
v -0.25172299 0.20942099 0.33868700
v -0.03348060 -0.46868899 0.25228101
v -0.77354997 0.05378070 -0.01875360
v -0.75994998 0.04213040 -0.02462890
v -0.76667500 0.05618870 -0.03484990
v -0.78436202 0.06159780 -0.03158680
v -0.76877302 0.03885970 -0.00861628
v -0.78097099 0.05053120 -0.00175843
v -0.80433398 0.05761210 0.02077780
v -0.78916901 0.04784490 0.01567140
v -0.79760700 0.04654220 0.03326660
v -0.78528601 0.03300190 0.02497770
v -0.77724898 0.03522550 0.00813483
v -0.01946700 0.09037810 0.37860101
v -0.02506930 0.07308160 0.38611299
v -0.01669190 0.10969700 0.37306601
v -0.00250797 0.09685660 0.37685099
v -0.00611880 0.07875120 0.38408300
v -0.79564703 0.04040720 0.16186200
v -0.80041301 0.02955320 0.14892900
v -0.79116601 0.05009160 0.17342900
v -0.77905798 0.03754160 0.17030500
v -0.78371400 0.02039040 0.16052800
v -0.74417502 0.04718190 0.18808600
v -0.76193702 0.04169370 0.17944001
v -0.76035702 0.05671100 0.19222400
v -0.74694502 0.03012960 0.17941700
v -0.73132998 0.03602040 0.18633600
v -0.10357600 0.25151601 0.34637600
v -0.09680550 0.26874700 0.34443700
v -0.11714000 0.26630500 0.34378400
v -0.10747900 0.28313801 0.34203500
v -0.08650040 0.28525999 0.34262601
v -0.07914850 0.27179000 0.34476799
v -0.15555300 0.25510901 0.34287700
v -0.13915899 0.26449201 0.34278700
v -0.16111200 0.27018300 0.34061801
v -0.12784500 0.28218400 0.34116200
v 0.10968400 -0.58374703 -0.15267400
v 0.10184800 -0.58303201 -0.17229301
v 0.08851910 -0.58699697 -0.15827300
v 0.12092300 -0.58008897 -0.16619700
v -0.85709602 -0.05083260 0.18026300
v -0.83634400 -0.05949630 0.18471199
v -0.84458297 -0.05066810 0.19371900
v -0.84822601 -0.05845190 0.16809900
v -0.85753298 -0.03884050 0.19319800
v -0.87154597 -0.03617060 0.17742400
v -0.86948502 -0.04721930 0.16109000
v -0.82740599 -0.05318460 0.20097899
v -0.84019601 -0.03989660 0.20546500
v -0.80932802 -0.05281740 0.21034400
v -0.82201499 -0.03988110 0.21508799
v -0.32411399 -0.05854150 0.33839199
v -0.32045400 -0.03885110 0.33940500
v -0.30608401 -0.05186030 0.34121400
v -0.32720801 -0.07665160 0.33733299
v -0.31745601 -0.01785290 0.34012401
v -0.30176800 -0.03236470 0.34222001
v -0.29646400 -0.01294550 0.34323499
v -0.28327501 -0.02787450 0.34486601
v -0.27782899 -0.00830271 0.34583801
v -0.26498699 -0.02341350 0.34739599
v -0.27019301 -0.04364740 0.34635401
v -0.25250900 -0.03897800 0.34880400
v -0.23457700 -0.03419880 0.35127401
v -0.23942800 -0.05395880 0.35018501
v -0.78031802 -0.01713290 0.23769000
v -0.78645802 -0.03501980 0.23175099
v -0.75992399 -0.01313840 0.24233700
v -0.79970002 -0.01932900 0.23208299
v -0.77294499 0.00050669 0.24054100
v -0.79314500 -0.00099860 0.23546900
v -0.69992101 -0.04462570 0.23779701
v -0.70348603 -0.06019910 0.21065401
v -0.71080101 -0.05476830 0.22470900
v -0.36316201 0.24396101 0.30469900
v -0.37385499 0.25244099 0.29025701
v -0.37820601 0.23252399 0.29815200
v -0.35901600 0.26247099 0.29804099
v -0.34636900 0.31082001 0.26687500
v -0.34945700 0.29665899 0.27947599
v -0.33482000 0.31092900 0.28143099
v -0.36025199 0.29807600 0.26295900
v -0.35565799 0.31260401 0.25062901
v -0.34199399 0.32522801 0.25350201
v -0.38767999 0.24270999 0.28125301
v -0.39192900 0.22811601 0.28658000
v -0.39030501 0.21529500 0.29582301
v -0.40029401 0.23164400 0.27219099
v -0.40250501 0.21543200 0.28062201
v -0.35117099 0.28108600 0.29178900
v -0.33528000 0.29724300 0.29337999
v -0.33142900 0.28449401 0.30444300
v -0.36419800 0.28399101 0.27388799
v -0.36879399 0.26920599 0.28260601
v -0.34235901 0.26906100 0.30610999
v -0.38361999 0.25830501 0.27291000
v -0.39714301 0.24721999 0.26304501
v -0.37925401 0.27251101 0.26455900
v -0.39383799 0.26121199 0.25357100
v -0.09858300 0.02771230 0.37616000
v -0.09176280 0.01081810 0.37944099
v -0.08458550 0.04007760 0.37910500
v 0.54338402 -0.24233900 -0.13843800
v 0.53451502 -0.26226300 -0.13804001
v 0.53682101 -0.25580201 -0.15415099
v 0.52807498 -0.27423599 -0.15207200
v 0.52643299 -0.27879500 -0.13742401
v 0.54351503 -0.24059699 -0.15685400
v 0.53013599 -0.26621300 -0.16907200
v 0.54504800 -0.23650099 -0.11710500
v 0.54502398 -0.23176900 -0.09586730
v -0.13510901 0.13248999 -0.41167101
v -0.15356299 0.12794100 -0.41147399
v 0.55467701 -0.20049500 -0.07993990
v 0.54936701 -0.20753300 -0.06473200
v 0.54784501 -0.21916600 -0.08004620
v 0.54249400 -0.22389901 -0.06193010
v 0.55413598 -0.20932700 -0.09745080
v 0.55087501 -0.22424300 -0.13305300
v 0.54962897 -0.22655299 -0.15203100
v 0.55155700 -0.22028500 -0.11388100
v 0.55724299 -0.20793501 -0.13003500
v 0.55638897 -0.20960100 -0.14833200
v 0.55738300 -0.20565900 -0.11443700
v 0.56190997 -0.19463500 -0.12477700
v -0.00163953 0.06245770 0.40781799
v -0.00885606 0.06370730 0.42463100
v 0.00984810 0.06060210 0.42070600
v 0.00579600 0.06879480 0.43521899
v -0.02090080 0.05938020 0.41159201
v -0.02775420 0.06250260 0.43083701
v -0.01186590 0.07363130 0.44021901
v 0.10442800 0.01222020 0.47510201
v 0.11012000 0.01571790 0.49366501
v 0.09079530 -0.01012710 0.45981500
v 0.09595610 0.02337380 0.46595600
v -0.05676750 0.05841610 0.44664899
v -0.04201870 0.06744400 0.44511700
v -0.04537870 0.05009020 0.43055701
v -0.06050500 0.04227520 0.43978801
v -0.03734010 0.05147880 0.41349101
v -0.05749530 0.08675680 0.47336599
v -0.05495400 0.09481330 0.49033999
v -0.04244930 0.08347450 0.45978501
v -0.07014170 0.08372200 0.48939800
v -0.07270090 0.07474090 0.47334301
v -0.05717920 0.07330560 0.45871300
v -0.02737730 0.07772280 0.44854599
v -0.07651740 0.03574590 0.44971299
v -0.06998870 0.05015290 0.45098200
v -0.08420150 0.04741680 0.46139401
v -0.07218090 0.06203970 0.46043900
v -0.08504540 -0.00235281 0.45002499
v -0.07635970 -0.01970300 0.44362801
v -0.08977700 -0.02108360 0.45717800
v -0.08282690 0.01770740 0.44986099
v -0.10030800 -0.00621766 0.46489999
v -0.09662830 0.01146320 0.46185201
v -0.10320300 -0.02376920 0.47092599
v -0.11232200 -0.02245060 0.48734501
v -0.11102500 -0.00971321 0.47740400
v -0.11537500 -0.00411478 0.49197701
v -0.11020900 0.00861030 0.47795001
v -0.11002300 0.02826420 0.48561999
v -0.10341100 0.02393570 0.47123799
v -0.09895020 0.04026670 0.47335100
v -0.09145350 0.02968410 0.46077499
v 0.09935240 -0.58001101 -0.19078900
v 0.08057060 -0.58508700 -0.18110500
v -0.02815580 -0.08032090 0.45086500
v -0.02077060 -0.09582750 0.46453199
v -0.01080910 -0.08354370 0.45029300
v -0.02921150 -0.10549800 0.47964799
v -0.01023300 -0.10796500 0.48016599
v -0.00298513 -0.09689660 0.46428800
v 0.36993101 -0.24522100 -0.37373799
v 0.37375200 -0.25958800 -0.36241901
v 0.35992801 -0.26423100 -0.37098101
v 0.34927699 -0.25333801 -0.38291901
v -0.51482099 -0.13750701 -0.28962201
v -0.52016097 -0.11795400 -0.28907701
v -0.50520700 -0.12354200 -0.30233601
v -0.52824998 -0.13031501 -0.27680299
v -0.52791101 -0.09836770 -0.28524101
v -0.53305000 -0.11253800 -0.27594399
v -0.54280198 -0.06326740 -0.27361700
v -0.53162903 -0.06388020 -0.28637999
v -0.53811198 -0.08046410 -0.27677801
v -0.55125397 -0.07178180 -0.26093599
v -0.53900301 -0.09696900 -0.27251801
v -0.54924601 -0.08945620 -0.26025200
v 0.12248300 0.22674100 -0.40942001
v 0.11425800 0.24479701 -0.40888000
v 0.07493610 0.31999201 -0.40545899
v 0.06009600 0.30524299 -0.40666500
v 0.03857450 0.31623900 -0.40620300
v 0.05653200 0.28718400 -0.40775299
v 0.09573100 0.31529799 -0.40534499
v 0.13502000 0.29661101 -0.40556300
v 0.11547800 0.30733100 -0.40540200
v 0.15477701 0.28828999 -0.40545499
v 0.14890300 0.30794200 -0.40425900
v 0.12976000 0.31748700 -0.40417200
v 0.05801540 0.39932799 -0.39542699
v 0.07209010 0.38621399 -0.39824599
v 0.05028000 0.37887201 -0.39993101
v 0.06817150 0.36990201 -0.40088299
v 0.07842510 0.40500599 -0.39276201
v 0.09417170 0.39048201 -0.39610499
v 0.03720100 0.39679801 -0.39686501
v 0.02741390 0.38050100 -0.39996499
v 0.01382630 0.36717999 -0.40178201
v 0.16165499 0.32137600 -0.40255699
v 0.16849500 0.30188000 -0.40393499
v 0.14415801 0.32474801 -0.40301099
v 0.18071599 0.31649801 -0.40204599
v 0.15155900 0.33887801 -0.40127200
v 0.17425799 0.33785999 -0.40013301
v 0.17472200 0.28287399 -0.40503901
v 0.18821301 0.29746199 -0.40332100
v 0.19424200 0.27853701 -0.40443200
v 0.13094801 0.33659199 -0.40237901
v -0.15271100 -0.41532499 -0.37733001
v -0.15994400 -0.40266299 -0.38432601
v 0.12248700 0.37003401 -0.39838201
v 0.13873200 0.35625499 -0.39963499
v 0.13755099 0.37553301 -0.39613199
v 0.16089299 0.35520399 -0.39867800
v 0.15289600 0.37290901 -0.39562500
v 0.01716500 0.34766999 -0.40384701
v -0.44106901 -0.14626800 -0.35218200
v -0.43266901 -0.16409200 -0.35469800
v -0.24639800 0.36473399 -0.37763199
v -0.24809401 0.34704301 -0.38804299
v -0.27978700 0.32766801 -0.38706100
v -0.26352099 0.33622199 -0.38807499
v -0.27663800 0.34522200 -0.37655199
v -0.26166999 0.35474199 -0.37706101
v -0.50503898 0.16187499 -0.29176700
v -0.51787001 0.15927100 -0.27908501
v -0.51162797 0.17540100 -0.28066501
v -0.50981301 0.14025000 -0.29284501
v -0.53010702 0.15866099 -0.26475400
v -0.52190900 0.17993000 -0.26708701
v -0.52434099 0.14103200 -0.27718201
v -0.56027502 -0.20740400 -0.13466500
v -0.56429499 -0.19561701 -0.14894401
v -0.53506100 0.26346600 -0.16571200
v -0.52813500 0.27236801 -0.18110900
v -0.51842999 0.28971100 -0.18208100
v -0.51427698 0.30076700 -0.16869400
v -0.51208401 0.29239801 -0.19899200
v -0.52143300 0.27888799 -0.19388799
v -0.51806802 0.27478600 -0.20859300
v -0.50725800 0.30600101 -0.18656699
v -0.49978399 0.30820200 -0.20586801
v -0.53583503 0.25499499 -0.18355800
v -0.52793998 0.26310399 -0.19811501
v -0.51362002 0.30582300 -0.13552900
v -0.50961202 0.31109700 -0.15421900
v -0.50532597 0.31928501 -0.14051500
v -0.50634903 0.31744701 -0.12392800
v -0.49741000 0.33021200 -0.11326600
v -0.49627599 0.33320701 -0.13410500
v -0.48751900 0.34520999 -0.11850500
v -0.48897800 0.34108201 -0.10222800
v -0.49657300 0.32844800 -0.09508680
v -0.50351602 0.31689599 -0.17164700
v -0.49640700 0.32178000 -0.18888900
v -0.49982899 0.32645500 -0.15453900
v -0.49351299 0.33257300 -0.17083000
v -0.16648500 0.09720870 -0.41169000
v -0.15950100 0.11109900 -0.41162699
v -0.81402099 -0.04510770 0.13553500
v -0.80270600 -0.02856920 0.14289699
v -0.80727702 -0.02782330 0.12512399
v -0.79287899 -0.03101820 0.15765500
v -0.79339898 -0.01225860 0.15102901
v -0.80181903 -0.01065980 0.13510001
v -0.80476099 -0.01255270 0.11564300
v -0.80355501 0.00445238 0.12532800
v -0.80428702 0.00140756 0.10189900
v -0.80466801 -0.01600210 0.09788730
v -0.80801398 -0.02879890 0.10457100
v -0.40561801 0.15858600 -0.38315299
v -0.39691699 0.14419000 -0.39042199
v -0.38278899 0.13170899 -0.39570099
v -0.37979901 0.14649400 -0.39515299
v -0.36374199 0.13866401 -0.39867100
v -0.38628501 0.16223100 -0.39160901
v -0.43461600 0.05639830 -0.37922701
v -0.42212901 0.06611370 -0.38699499
v 0.43406701 -0.11361100 0.28738701
v 0.44564700 -0.11185400 0.27034700
v 0.42696401 -0.09849900 0.29911900
v 0.43842900 -0.12821200 0.27501699
v 0.42480901 -0.13006499 0.29303500
v 0.42219499 -0.11327500 0.30077499
v 0.44079301 -0.14323400 0.26331800
v 0.44143301 -0.16116200 0.25173599
v 0.45033500 -0.14199200 0.24590100
v 0.45186701 -0.15667200 0.23374200
v 0.45808399 -0.12503600 0.23978600
v 0.44874501 -0.12655000 0.25741300
v 0.45951501 -0.14058100 0.22795400
v 0.46581101 -0.10836100 0.23238499
v 0.45644000 -0.10756100 0.25176901
v 0.46531200 -0.09103810 0.24093699
v 0.46703100 -0.12387100 0.22182600
v 0.47325999 -0.09142340 0.22429900
v 0.47485599 -0.10672400 0.21420400
v 0.45892400 -0.08885870 0.25467300
v -0.36629599 0.12120100 -0.39939499
v 0.09660050 0.04504420 0.37475699
v 0.11180100 0.03579460 0.37139001
v 0.11306300 0.05432120 0.36969301
v 0.09777530 0.02815850 0.37578401
v 0.12559700 0.04380160 0.36784700
v 0.12665799 0.02647930 0.36843401
v 0.10909600 0.01720940 0.37306201
v 0.14022000 0.03997740 0.36512700
v 0.13220000 0.06073170 0.36535200
v 0.15164500 0.05512270 0.36237299
v 0.11369100 0.07200100 0.36748201
v 0.14820901 0.07430580 0.36165401
v 0.13003500 0.08137970 0.36370701
v 0.16725500 0.05047410 0.36010000
v 0.18265399 0.05633080 0.35754699
v 0.16614100 0.06692350 0.35947201
v 0.17756900 0.03800080 0.35894501
v 0.15800101 0.03653530 0.36208799
v -0.40074301 -0.05937770 -0.39538100
v -0.40777701 -0.07676760 -0.39293799
v -0.39549699 -0.09060110 -0.39547500
v -0.41174901 -0.04693250 -0.39306501
v -0.42146000 -0.06228300 -0.38839200
v -0.41157100 -0.02993940 -0.39327499
v -0.42721900 -0.00262170 -0.38584101
v -0.43502301 -0.07486670 -0.37737599
v -0.42358100 -0.08111450 -0.38614801
v -0.41469100 -0.09430120 -0.38892701
v 0.06262880 0.01599580 0.39854100
v 0.06145110 0.00802444 0.41457599
v 0.07424140 0.01188350 0.38690200
v 0.06226140 -0.00978679 0.41692099
v 0.04883750 0.04102380 0.40442401
v 0.05763050 0.03440550 0.39582899
v 0.04842950 0.05247960 0.39063501
v 0.06597520 0.04408800 0.38518500
v 0.05632590 0.02618870 0.41145000
v 0.06777920 0.02712590 0.38861400
v -0.19543800 0.00918543 -0.41165400
v -0.21260799 0.00329177 -0.41120100
v -0.20635800 0.02700710 -0.41131899
v -0.22519800 0.01916410 -0.41083100
v -0.20770200 0.04994350 -0.41115299
v -0.22300100 0.04059300 -0.41081300
v -0.18560500 0.02769390 -0.41181201
v -0.26468500 0.01093950 -0.40947399
v -0.24990299 -0.00480742 -0.41004500
v -0.24371400 0.01380280 -0.41025999
v -0.25328800 -0.02399510 -0.40989399
v -0.23697899 -0.01671070 -0.41046199
v -0.23037900 -0.00100415 -0.41068199
v -0.28616801 0.06736530 -0.40815699
v -0.28406799 0.04505550 -0.40846899
v -0.26843399 0.03457470 -0.40928501
v -0.30069199 0.05422210 -0.40748000
v -0.28795400 0.08880890 -0.40778801
v -0.30311301 0.07495950 -0.40711001
v -0.31823000 0.05996180 -0.40631700
v -0.27262899 -0.05377700 -0.40890801
v -0.25486600 -0.04374940 -0.40976399
v -0.28919700 -0.06296340 -0.40796900
v 0.03587900 -0.06785560 0.44386500
v 0.01827670 -0.06507670 0.43201199
v 0.03309660 -0.05516690 0.42635101
v 0.04825290 -0.05219820 0.43761799
v 0.01914740 -0.05892600 0.41428700
v 0.03549120 -0.04907130 0.40917501
v 0.04631570 -0.04138740 0.42214501
v 0.04966980 -0.07691210 0.45913300
v 0.03248020 -0.08506850 0.45822501
v 0.05262160 -0.06329740 0.44987199
v 0.01833760 -0.07778240 0.44723701
v 0.00413126 -0.08513260 0.45192900
v 0.01489060 -0.09299100 0.46147600
v 0.00899698 -0.10615300 0.47747600
v 0.02776020 -0.09972910 0.47282499
v -0.10116600 -0.05339750 0.49139401
v -0.10488100 -0.03922880 0.48086399
v -0.09615350 -0.05349940 0.47576800
v -0.09012200 -0.06772830 0.48205799
v -0.08245400 -0.06049520 0.46684301
v -0.09103900 -0.04072180 0.46442401
v 0.12687799 0.10014900 0.36214700
v 0.14461300 0.09307150 0.36050999
v 0.14004400 0.11444800 0.35895699
v 0.12263000 0.11672600 0.36082399
v 0.10956300 0.10865900 0.36347800
v 0.11195900 0.08995960 0.36549801
v 0.16497600 0.08736750 0.35825601
v 0.18565500 0.09363590 0.35502699
v 0.17221899 0.10649200 0.35575199
v 0.18304200 0.07515450 0.35653901
v 0.15606400 0.10391400 0.35802400
v 0.19157401 0.11136300 0.35298601
v 0.20528799 0.09885970 0.35215601
v 0.19792099 0.08302690 0.35405400
v 0.15834901 0.12029600 0.35620901
v 0.12630200 0.13237800 0.35863900
v 0.14377899 0.13503100 0.35645100
v -0.51011902 -0.14460400 0.12136900
v -0.51502901 -0.15210500 0.10498500
v 0.20173199 0.06488900 0.35445300
v 0.21430400 0.08376510 0.35185099
v 0.22245000 0.06787670 0.35149300
v 0.21578500 0.04915360 0.35306501
v 0.19681101 0.04344640 0.35594001
v 0.24091800 0.07322350 0.34878099
v 0.23038299 0.08475600 0.34969300
v 0.23536000 0.05433010 0.35018399
v 0.24608999 0.09227440 0.34725800
v 0.25892800 0.07717210 0.34619600
v 0.25165001 0.06078270 0.34775800
v 0.31461599 0.14825600 0.33493701
v 0.31585899 0.12865400 0.33599901
v 0.33233500 0.14082700 0.33273599
v 0.33012900 0.15968899 0.33165899
v -0.29294699 0.36573499 0.25958300
v -0.29331800 0.35414800 0.27584401
v -0.30469000 0.36511001 0.24564999
v -0.29175800 0.37585300 0.24505100
v -0.27969801 0.37872300 0.25505099
v -0.33571899 0.34009099 0.24112999
v -0.32948801 0.35431701 0.22858401
v -0.31498599 0.36623001 0.23016500
v -0.32115501 0.38988200 0.18246999
v -0.33595300 0.37783900 0.18133201
v -0.34961700 0.37374499 0.16724800
v -0.31718200 0.40095100 0.16869700
v -0.35173899 0.36188200 0.18310900
v -0.33692601 0.36705899 0.19750001
v -0.34856501 0.35511300 0.19874699
v -0.36980301 0.34749299 0.17675400
v -0.36215201 0.36040300 0.16908900
v -0.36179301 0.34547201 0.19269900
v -0.32295799 0.37923399 0.19797100
v -0.32539999 0.36745000 0.21372400
v -0.33929500 0.35534599 0.21250100
v -0.31077000 0.37912300 0.21505199
v -0.30754000 0.39047500 0.20038000
v -0.29458800 0.39041901 0.21741700
v -0.29971999 0.37812901 0.23115200
v -0.30457300 0.40089300 0.18620700
v -0.29076701 0.40173501 0.20277900
v -0.35354099 0.34324199 0.20919800
v -0.34430599 0.34200400 0.22544700
v -0.35861701 0.32970601 0.22127099
v -0.35015300 0.32753101 0.23783500
v -0.24510400 0.42119500 0.22060500
v -0.24772000 0.41091499 0.23618899
v -0.23414201 0.41956899 0.23468500
v -0.22960900 0.41243199 0.25144601
v -0.26442301 0.40083700 0.23562500
v -0.26173100 0.41142499 0.22011200
v -0.28187200 0.38876301 0.23592301
v -0.27813900 0.40114099 0.21936300
v -0.27393299 0.41263101 0.20402500
v -0.28680101 0.41374400 0.18632700
v -0.26757500 0.42475301 0.18924300
v -0.25669399 0.42291901 0.20489800
v 0.44984800 0.16895700 0.22969399
v 0.45622799 0.13868600 0.23713601
v -0.30223799 0.40947199 0.17415699
v -0.29305699 0.41871500 0.16939799
v 0.40999800 0.08855370 0.31435400
v 0.42096600 0.10359700 0.30376300
v 0.40514901 0.11060500 0.31334001
v 0.41795000 0.12400200 0.30073699
v 0.39371800 0.09014380 0.32113001
v 0.38702801 0.10655100 0.32197100
v 0.39093199 0.12463500 0.31888801
v 0.40466300 0.13395099 0.30968201
v -0.48320600 -0.07598990 0.22742499
v 0.37273100 0.13239799 0.32476699
v 0.36827600 0.14854500 0.32461500
v 0.35199100 0.13624600 0.32960400
v 0.34816900 0.15364499 0.32897401
v 0.38221601 0.16017500 0.31803301
v 0.36281100 0.16574900 0.32409200
v 0.38846201 0.14294399 0.31777701
v 0.35814199 0.11985200 0.32936999
v 0.33607900 0.12093600 0.33336300
v -0.48846900 0.18735600 -0.29944199
v -0.49125999 0.16942701 -0.30243099
v -0.50042403 0.18165401 -0.29001001
v -0.49458501 0.20043901 -0.28888199
v -0.50860399 0.19370300 -0.27702600
v -0.50208300 0.21586500 -0.27456501
v -0.48669201 0.21687999 -0.28993699
v -0.47128701 0.22092000 -0.30238500
v -0.49670601 0.25858799 -0.25796500
v -0.50886202 0.24473600 -0.25086600
v -0.50016499 0.23804399 -0.26568499
v -0.51215303 0.22457699 -0.25847301
v -0.52022099 0.23297200 -0.24215800
v -0.51689702 0.25110099 -0.23389700
v -0.51658398 0.20359300 -0.26359800
v -0.52899802 0.19313900 -0.25207400
v -0.52385002 0.21340699 -0.24885900
v -0.45592800 0.23005401 -0.31149900
v -0.44530401 0.22238100 -0.32251999
v -0.44972599 0.24934199 -0.30838200
v -0.44251800 0.23982701 -0.31788599
v -0.43664899 0.28738800 -0.30046999
v -0.44479501 0.26859200 -0.30341500
v -0.45121300 0.28363401 -0.29026100
v -0.45968199 0.27062899 -0.28984600
v -0.43190500 0.25696799 -0.31843799
v -0.42688900 0.27741900 -0.31290600
v -0.41002500 0.29146001 -0.31811100
v -0.42380100 0.29363999 -0.30715799
v -0.41491801 0.27073801 -0.32448801
v -0.41576901 0.30802599 -0.30524600
v -0.39854601 0.28164500 -0.33072099
v -0.39081600 0.29959700 -0.32700500
v -0.39990100 0.31090599 -0.31506601
v -0.42213899 0.32369101 -0.29077601
v -0.43054000 0.30530301 -0.29538500
v -0.44307199 0.29850599 -0.28890699
v -0.48239201 0.27426401 -0.26489499
v -0.43308601 0.33359700 -0.27445200
v -0.40768799 0.32163700 -0.30341300
v -0.40550801 0.33601999 -0.29606801
v -0.46650499 0.28060901 -0.27778700
v -0.48214501 0.29297000 -0.25187200
v -0.48086399 0.31078601 -0.23854600
v -0.46889001 0.32506400 -0.24177100
v -0.47766700 0.32734400 -0.22571900
v -0.48959401 0.31249899 -0.22216700
v -0.45548400 0.33625901 -0.24835300
v -0.46350601 0.34164801 -0.23183000
v -0.44172999 0.34355199 -0.25767499
v -0.44925001 0.35268301 -0.23982701
v -0.49526200 0.14951099 -0.30431101
v -0.53543502 0.17366301 -0.25169399
v -0.54242498 0.15546399 -0.24900800
v 0.39606199 -0.20760500 0.29219601
v 0.38931900 -0.19163400 0.30535001
v 0.38143501 -0.21117200 0.30433300
v 0.38932499 -0.22359300 0.29015899
v 0.37096301 -0.19803201 0.31448400
v 0.36342600 -0.21753301 0.31285399
v 0.37554699 -0.22935900 0.30039701
v 0.37701300 -0.17946100 0.31582099
v 0.39280400 -0.16976900 0.30983099
v 0.40230700 -0.19346100 0.29296499
v 0.40273800 -0.22058100 0.27396700
v 0.40875599 -0.20231900 0.27910000
v 0.40756801 -0.15867200 0.30183101
v 0.40398601 -0.17761099 0.29828799
v 0.41745201 -0.16695499 0.28755900
v 0.42127201 -0.14937501 0.29047301
v 0.41001901 -0.13974600 0.30486199
v 0.16570200 -0.44731501 -0.33820900
v 0.17042799 -0.43148199 -0.35036501
v 0.15656801 -0.41400999 -0.37461501
v 0.05416780 0.04276180 0.43556800
v 0.04644690 0.04013710 0.41983101
v 0.14214200 -0.40495101 -0.38614401
v 0.03594030 0.05160240 0.40429899
v 0.02967620 0.06321930 0.39128199
v 0.06296980 0.06202060 0.38081199
v 0.04519340 0.06998690 0.38241601
v 0.54318500 -0.00020270 0.07855290
v 0.53779501 -0.00692852 0.09233300
v 0.53791898 0.01091380 0.09156910
v 0.53316301 -0.02116190 0.10335100
v 0.53236300 -0.00045439 0.10586600
v 0.54045802 -0.12479700 0.05166350
v 0.54514802 -0.10844600 0.04723410
v 0.54650301 -0.12529799 0.03323720
v 0.53596401 -0.13924199 0.05496060
v 0.54108900 -0.14132200 0.03863110
v 0.54367602 -0.08995170 0.05969340
v 0.55127901 -0.10838900 0.02828030
v 0.47979599 -0.03824050 0.22594100
v 0.47861901 -0.05847150 0.22408600
v 0.48586699 -0.04697250 0.21129400
v 0.48732701 -0.02642850 0.21130501
v 0.47123501 -0.05216570 0.24115600
v 0.47391599 -0.02974360 0.23970000
v 0.48121101 -0.01757570 0.22540601
v 0.47539800 -0.01190460 0.23839100
v 0.48013100 0.00322664 0.22858100
v 0.49433100 -0.01646210 0.19667800
v 0.49377301 -0.03869310 0.19537200
v 0.49928901 -0.02645780 0.18449301
v 0.49066299 -0.05699780 0.19863600
v 0.49692699 -0.05840990 0.18420599
v 0.50161499 -0.04243180 0.17677100
v 0.48463100 -0.06719050 0.20875700
v 0.49105000 -0.07395900 0.19275101
v 0.47833899 -0.07615650 0.21938100
v 0.48271000 -0.08830000 0.20551801
v 0.51974899 -0.01999130 0.13635500
v 0.52270597 -0.04007860 0.12680200
v 0.52644902 -0.02616720 0.11966500
v 0.52628702 -0.00954256 0.12094300
v 0.52992100 -0.04029080 0.10933200
v 0.52139503 0.02186540 0.13170099
v 0.52016902 0.00216798 0.13597600
v 0.52662498 0.01005890 0.11976700
v 0.51354998 -0.00455074 0.15197800
v 0.51407403 0.01411050 0.15021300
v 0.49630401 0.00222549 0.19259501
v 0.50572503 0.00602160 0.17049900
v 0.49889100 0.02112980 0.18573999
v 0.50786698 0.02481730 0.16423599
v 0.50795102 -0.01058570 0.16511001
v 0.50145000 -0.01045170 0.18044300
v 0.50552899 -0.02594780 0.16979200
v 0.51240897 -0.02375950 0.15370899
v 0.50888300 -0.04243410 0.15958700
v 0.51584500 -0.04052040 0.14323699
v 0.51226801 -0.13722000 -0.28924099
v 0.51122701 -0.15746500 -0.28426000
v 0.49927101 -0.14985600 -0.29849201
v 0.49835700 -0.16951101 -0.29339400
v 0.52297902 -0.14636000 -0.27453101
v 0.52236700 -0.16608700 -0.26836899
v 0.50991899 -0.17678100 -0.27906001
v 0.50043702 -0.12964800 -0.30271900
v 0.48535299 -0.14225000 -0.31284600
v 0.48573199 -0.16347601 -0.30674300
v 0.48985100 -0.12249700 -0.31372100
v 0.47723901 -0.12424200 -0.32357800
v 0.47162399 -0.16017701 -0.31948701
v 0.46870601 -0.14244100 -0.32630801
v 0.53678501 -0.11488600 -0.26617301
v 0.53377801 -0.13514400 -0.26447201
v 0.52455300 -0.12550400 -0.27871799
v 0.54295200 -0.12504800 -0.25479400
v 0.53324801 -0.15518700 -0.25828201
v 0.54296201 -0.14189801 -0.24907900
v 0.49869299 -0.10898600 -0.30858800
v 0.51344597 -0.11426800 -0.29352000
v 0.50764102 -0.09361790 -0.30307499
v 0.52814198 -0.10511200 -0.27927700
v 0.51972502 -0.09604180 -0.29070699
v 0.48471299 -0.10559600 -0.32107699
v 0.51757598 -0.07917780 -0.29573199
v 0.52992803 -0.08546630 -0.28113699
v 0.52832001 -0.06561840 -0.28618699
v -0.77578098 0.01787260 0.01541280
v -0.78357399 0.01668860 0.03173830
v -0.78479701 0.00248876 0.03731040
v -0.79116303 0.01585290 0.04833180
v -0.79313803 0.03233610 0.04236890
v 0.07655310 -0.34731099 0.33317500
v 0.09301940 -0.35497499 0.33112901
v 0.09421040 -0.33494699 0.33458400
v 0.10753500 -0.34692100 0.33197200
v 0.08511510 -0.31688300 0.33777499
v 0.06104320 -0.35884199 0.33162299
v 0.10946000 -0.36294699 0.32882100
v 0.12585700 -0.35113201 0.33019900
v 0.12595400 -0.37114099 0.32595101
v 0.14268500 -0.36376199 0.32630000
v 0.04746520 -0.36781299 0.33037001
v 0.03885360 -0.38220799 0.32756701
v 0.04428180 -0.35104200 0.33357000
v 0.03167890 -0.36488599 0.33133000
v 0.12555100 -0.38729101 0.32136700
v 0.13571700 -0.39765000 0.31541601
v 0.14114100 -0.38132200 0.32148001
v 0.15525100 -0.39135900 0.31459701
v 0.15871000 -0.37465501 0.32131600
v 0.19127400 -0.37551501 0.31399900
v 0.17550600 -0.36730900 0.32132700
v 0.17387700 -0.38418499 0.31384099
v 0.20754500 -0.36482099 0.31533200
v 0.22302000 -0.35265201 0.31704000
v -0.14998600 -0.25473699 -0.40783301
v -0.15951601 -0.24031700 -0.40815601
v -0.16593800 -0.25955200 -0.40707600
v -0.13451800 -0.25955200 -0.40796700
v -0.83766901 -0.06040480 0.15410399
v -0.83046502 -0.05746820 0.13792600
v -0.85011202 -0.05931260 0.13932499
v -0.82570201 -0.05387890 0.12070500
v -0.84348702 -0.06083660 0.12310700
v -0.85567099 -0.06211420 0.10804700
v -0.84680903 -0.06320710 0.09132180
v -0.83655900 -0.06041520 0.10613800
v -0.86321902 -0.05946400 0.09413090
v -0.82872498 -0.05827150 0.08917590
v -0.85828698 -0.05890140 0.07814310
v -0.83426601 -0.02475870 0.21645001
v -0.81709301 -0.02243990 0.22521900
v -0.82830602 -0.00964120 0.22293200
v -0.81377000 -0.00081354 0.22876599
v -0.79065597 0.03217940 0.23124900
v -0.80296803 0.01692250 0.23130301
v -0.78350198 0.01552630 0.23712100
v -0.80892301 0.03584120 0.22408400
v -0.82116598 0.02114300 0.22345901
v 0.56028903 -0.18151200 -0.07545460
v 0.56556100 -0.16367100 -0.06932270
v -0.30846900 0.32986799 -0.36832699
v -0.32424799 0.32354599 -0.36023501
v -0.33198401 0.30660200 -0.36812899
v -0.34009200 0.31616300 -0.35284999
v -0.33101001 0.33511701 -0.34574199
v -0.35645300 0.31046399 -0.34431499
v -0.34745800 0.32788801 -0.33952999
v -0.25922999 0.37154001 -0.36410600
v -0.24261101 0.38081801 -0.36571801
v -0.27463099 0.36200199 -0.36307600
v -0.30424100 0.35605800 -0.34890100
v -0.32150999 0.35644501 -0.33769801
v -0.32104701 0.37624800 -0.32507199
v -0.31562001 0.34089601 -0.35265800
v -0.33879101 0.34642801 -0.33357200
v -0.33602399 0.36442199 -0.32420099
v -0.11252800 -0.19588900 -0.41050401
v 0.59210801 -0.12720600 -0.03897100
v 0.61243403 -0.12197300 -0.02936420
v 0.58029598 -0.12059700 -0.02683490
v 0.61019200 -0.13174900 -0.04811650
v 0.57302600 -0.13176499 -0.03289620
v 0.59533000 -0.13467500 -0.05548190
v 0.58003300 -0.13705800 -0.05079140
v 0.55176800 -0.17003600 -0.02301360
v 0.55546200 -0.15529300 -0.02139380
v 0.54833400 -0.16658001 -0.00653531
v 0.54533398 -0.18448700 -0.01521010
v 0.55156398 -0.14978699 -0.00237638
v 0.55735701 -0.16402900 -0.03822980
v 0.55168003 -0.18093100 -0.03562560
v 0.55083102 -0.19417199 -0.05009360
v 0.55779999 -0.17619100 -0.05539110
v 0.55520099 -0.13329799 -0.00062072
v 0.56014800 -0.13952801 -0.01923770
v 0.56601202 -0.12235800 -0.01567840
v 0.56503302 -0.14660800 -0.04000030
v 0.57205802 -0.14854200 -0.06139470
v 0.56308502 -0.15886600 -0.05312470
v 0.55241001 -0.12325900 0.01536940
v 0.55758500 -0.10589900 0.01020430
v 0.55841500 -0.11831900 0.00018357
v 0.54730600 -0.14258200 0.01810730
v 0.56625497 -0.10547800 -0.00512484
v 0.58088899 -0.07773520 0.00510886
v 0.56633002 -0.09014620 0.00483935
v 0.49981299 -0.12619901 0.15006100
v 0.50597501 -0.13135301 0.13336501
v 0.50981599 -0.11151600 0.13513100
v 0.50111401 -0.10899300 0.15618099
v 0.49259999 -0.12349500 0.16755100
v -0.17824900 -0.24236500 -0.40746799
v 0.50811398 -0.09400340 0.14676601
v 0.51621401 -0.09285940 0.12835300
v 0.51362097 -0.07687090 0.13994700
v 0.51976103 -0.10613800 0.11451300
v 0.52456498 -0.08829470 0.10995400
v 0.52104199 -0.07494370 0.12291500
v 0.50009203 -0.09274560 0.16566800
v 0.50623602 -0.07716030 0.15719900
v 0.54728401 -0.06851920 0.05738100
v 0.54066402 -0.07431000 0.07368620
v 0.53306103 -0.07840400 0.09207730
v 0.53253001 -0.05769810 0.09939430
v 0.52772701 -0.07192950 0.10763100
v 0.49860001 -0.07620030 0.17512500
v 0.49173701 -0.09106740 0.18501700
v 0.49287799 -0.10684000 0.17562300
v 0.50424200 -0.05991860 0.16690600
v 0.51142597 -0.05953500 0.14998600
v 0.51840502 -0.05828970 0.13359401
v 0.52558500 -0.05722870 0.11661900
v 0.51486802 -0.12368800 0.11732700
v 0.51760298 -0.13770300 0.10271900
v 0.51804000 -0.15220299 0.09232550
v 0.51094502 -0.15701000 0.10559100
v 0.51227802 -0.17188101 0.09139880
v 0.50298101 -0.17541900 0.11008600
v 0.50959003 -0.14236400 0.11846300
v 0.52958602 -0.14728200 0.06651890
v 0.52189100 -0.15869500 0.07813170
v 0.53414500 -0.15502600 0.04831700
v 0.40457100 -0.39995900 0.01340050
v 0.43811199 -0.38756299 -0.04545460
v 0.48182800 -0.32933599 -0.04313290
v 0.48465699 -0.30231500 0.00367373
v 0.24952400 0.11272900 0.34573799
v 0.22752400 0.10228700 0.34913000
v 0.26510501 0.09600160 0.34457600
v 0.30416301 0.09325330 0.33938301
v 0.32179499 0.08934880 0.33700600
v 0.31769401 0.10895100 0.33677900
v 0.33253500 0.10288300 0.33486900
v 0.37554899 0.05392890 0.32884699
v 0.35697800 0.04253250 0.33290699
v 0.37221301 0.03263920 0.33024600
v 0.38950300 0.04531100 0.32568699
v 0.38888299 0.02462460 0.32640201
v 0.37362400 0.01238320 0.33019200
v 0.37811899 0.07477910 0.32715899
v 0.36078301 0.06288630 0.33159101
v 0.39541501 0.06865590 0.32246599
v 0.36067501 0.08470620 0.33066201
v 0.37833101 0.09148100 0.32598299
v 0.34263000 0.05515990 0.33498499
v 0.32303599 0.05357030 0.33803499
v 0.33044401 0.07092630 0.33639401
v 0.34726700 0.07161830 0.33371499
v 0.30356300 0.05460710 0.34081301
v 0.31176499 0.07246910 0.33907399
v 0.40440601 0.05507080 0.32044700
v 0.41435000 0.06959110 0.31446299
v 0.41827700 0.05099760 0.31354600
v 0.40431699 0.03749570 0.32095599
v 0.42505199 0.08367640 0.30475700
v 0.42930099 0.06388620 0.30393001
v 0.36816800 0.10397200 0.32787800
v 0.37594801 0.11796400 0.32483301
v 0.34901401 0.10377900 0.33207801
v 0.34023201 0.08726530 0.33428699
v 0.25229099 0.04203840 0.34820399
v 0.23070800 0.03626740 0.35132900
v 0.24313000 0.02482930 0.34984201
v 0.27331400 0.03903030 0.34540799
v 0.26745301 0.05869500 0.34567201
v 0.25920999 0.02222000 0.34765899
v 0.29386100 0.03482440 0.34265101
v 0.28528100 0.05659680 0.34330499
v 0.27679700 0.01893460 0.34528300
v 0.29174501 0.01499590 0.34325200
v 0.27667901 0.07742190 0.34378901
v 0.29404399 0.07544380 0.34147799
v 0.34206200 -0.34487501 0.22159100
v 0.35137200 -0.34719399 0.20362499
v 0.33351201 -0.34206101 0.23825300
v 0.37721601 -0.32470500 0.19496401
v 0.36771601 -0.33891901 0.18993101
v 0.38347301 -0.32897499 0.17805099
v 0.38814101 -0.31194299 0.19392399
v 0.37104699 -0.34632099 0.17322600
v 0.39719799 -0.31342900 0.17584699
v 0.35582900 -0.35422400 0.18578801
v 0.35942599 -0.36118200 0.16898200
v 0.36019301 -0.37092501 0.15133899
v 0.34804299 -0.37515700 0.16397800
v 0.44050699 -0.26995000 0.14979900
v 0.43024200 -0.28266001 0.15466700
v 0.43377000 -0.26807401 0.16558200
v 0.41782501 -0.29510000 0.16259000
v 0.42184299 -0.28091300 0.17302801
v 0.40681699 -0.30249700 0.17333101
v 0.41135699 -0.29160899 0.17920899
v 0.06230290 0.05232700 0.44855601
v 0.04284570 0.06066630 0.44195500
v 0.03950670 0.05104510 0.42971301
v 0.02831070 0.05321510 0.41865200
v 0.01775720 0.06007050 0.40507901
v 0.02442860 0.06116780 0.43182299
v 0.00452295 0.08109720 0.44881701
v 0.02268980 0.07285210 0.44445601
v 0.02171480 0.08664490 0.45665899
v 0.48075601 -0.23960000 0.09938730
v 0.47863501 -0.25216699 0.09017450
v 0.09980940 -0.04260370 0.48105699
v 0.09830880 -0.05154250 0.49550501
v 0.09147110 -0.05635800 0.47871599
v 0.08910910 -0.03984670 0.46559101
v 0.08647920 -0.06785910 0.49375501
v 0.07874020 -0.07036900 0.47692600
v 0.07857710 -0.05403470 0.46301699
v 0.08358180 -0.02241160 0.45434800
v 0.06854840 -0.01870610 0.43661201
v 0.07434570 -0.03659350 0.45016199
v 0.02367380 -0.10835800 0.48933399
v 0.04092010 -0.10086100 0.49868801
v 0.00390942 -0.11176500 0.49401301
v 0.03970240 -0.10130400 0.48382300
v 0.34505400 0.48649499 -0.14328600
v 0.35280800 0.48010200 -0.15773299
v 0.33330801 0.49322101 -0.16093300
v 0.36312100 0.47333300 -0.14182501
v 0.32786199 0.49796501 -0.14090300
v 0.35568899 0.47864300 -0.12683800
v 0.33926800 0.49026400 -0.12653100
v 0.33513400 0.49211600 -0.11090400
v 0.32369700 0.50036401 -0.12179100
v 0.32343799 0.49852401 -0.10063600
v 0.30784100 0.50963801 -0.11431500
v 0.31136000 0.50842100 -0.13392100
v 0.31536600 0.50541401 -0.15343900
v 0.31669101 0.50220001 -0.17262900
v 0.33053800 0.49126601 -0.18253000
v 0.31547499 0.49808601 -0.19222000
v 0.29873800 0.51582599 -0.14555000
v 0.29451001 0.51803201 -0.12602100
v 0.28158501 0.52550799 -0.13828100
v 0.33266199 0.48913699 -0.08027770
v 0.32203501 0.49334401 -0.06738480
v 0.34122500 0.48584500 -0.09476230
v -0.17275900 0.12698200 -0.41116899
v -0.17874300 0.11021200 -0.41131699
v 0.31880400 0.49899599 -0.08441270
v 0.30767399 0.50418502 -0.07633470
v 0.30649900 0.50825101 -0.09546900
v 0.22073101 -0.02003790 -0.41075701
v 0.23030300 -0.03706880 -0.41040400
v 0.21065900 -0.03603590 -0.41102701
v 0.21973500 -0.04981640 -0.41068700
v 0.24061900 -0.02242740 -0.41011101
v 0.38733000 0.45308599 -0.12147800
v 0.37804100 0.45988899 -0.10979700
v 0.00748564 0.10824400 0.47690099
v 0.02339520 0.10002900 0.47026199
v 0.00523332 0.09531920 0.46203101
v 0.01025470 0.11339600 0.49433899
v -0.38921401 0.27100900 -0.34246001
v -0.38138399 0.25877801 -0.35548499
v -0.39755899 0.25387299 -0.34455901
v -0.40370700 0.26568800 -0.33458900
v -0.37346900 0.27641699 -0.35180500
v -0.38128999 0.28872499 -0.33898801
v 0.26240200 0.01293210 -0.40942299
v -0.06579320 -0.05644910 0.51850301
v -0.04789730 -0.05208620 0.52103102
v -0.06288200 -0.03536230 0.52092803
v -0.04155520 -0.03420130 0.52266902
v -0.08184430 -0.04228300 0.51691902
v -0.06699260 -0.01715490 0.52148300
v -0.05053590 -0.01861580 0.52275199
v -0.04062790 -0.00118902 0.52342302
v 0.24816300 -0.00379417 -0.40990400
v 0.21100000 -0.00112652 -0.41102800
v 0.22932699 0.00857129 -0.41049799
v 0.23011000 -0.00755071 -0.41048700
v -0.22273000 0.38967901 -0.36898801
v -0.81432903 -0.04215890 0.11376800
v -0.82243502 -0.05255910 0.10392600
v -0.81425798 -0.04469890 0.09046870
v -0.80203998 -0.01180120 0.08278510
v -0.80057698 -0.02629270 0.06639120
v -0.79703099 -0.00758205 0.06614020
v -0.80114901 0.00702040 0.08113660
v -0.80575800 -0.02891860 0.08451260
v -0.36467201 0.29351801 -0.34863299
v -0.37329301 0.30603400 -0.33519599
v -0.36515999 0.32547501 -0.32966700
v -0.38310000 0.31762499 -0.32260200
v -0.35282201 0.33933401 -0.32941401
v -0.36234400 0.34627399 -0.31947500
v -0.34857699 0.35349101 -0.32363799
v -0.35354301 0.36651501 -0.31253400
v -0.37254101 0.35556099 -0.30723599
v -0.33619699 0.38128400 -0.31327099
v -0.85196000 -0.02470900 0.20574600
v -0.86734998 -0.02283050 0.19147800
v -0.87908798 -0.01795910 0.17570300
v -0.88726002 -0.00974362 0.16006500
v -0.88203198 -0.02945150 0.16033900
v 0.10265300 -0.43389800 -0.37080100
v -0.39909700 0.22541299 -0.35896799
v -0.39397401 0.21139801 -0.37310600
v -0.40665099 0.21043500 -0.36002699
v -0.38955900 0.24203800 -0.35799801
v -0.40604299 0.23725800 -0.34584099
v -0.41596299 0.21821600 -0.34655899
v 0.60809398 -0.13803700 -0.06587670
v 0.62758398 -0.13599101 -0.05842260
v 0.64038903 -0.13179401 -0.04149240
v 0.62478101 -0.12991400 -0.04032810
v 0.62101799 -0.13902199 -0.07605320
v 0.63835198 -0.13736500 -0.07676010
v 0.63728201 -0.12219200 -0.13788600
v 0.62122601 -0.11992500 -0.14942400
v -0.05404690 -0.43830401 -0.37681299
v -0.03262530 -0.43633300 -0.38040999
v -0.03948440 -0.44761801 -0.36724001
v -0.01870690 -0.44526899 -0.37104601
v -0.04597530 -0.42503399 -0.38731900
v 0.57840198 -0.06150390 0.01172890
v 0.57310200 -0.04529330 0.01826890
v 0.90174699 -0.03278100 0.29589701
v 0.91617101 -0.03197180 0.29258201
v 0.90860498 -0.02011340 0.29982600
v 0.92077500 -0.01631920 0.29563600
v 0.90919203 -0.03668810 0.27992001
v 0.92265302 -0.02464460 0.28069299
v 0.89195901 -0.01103760 0.30168101
v 0.88361901 -0.03233760 0.29872200
v 0.87257999 -0.01465940 0.30176601
v 0.89318502 -0.04450140 0.28926900
v 0.86509699 -0.03446790 0.29764700
v 0.87503999 -0.04669680 0.29061401
v -0.10783500 0.03179660 0.50290799
v -0.11413400 0.01430840 0.49719399
v -0.09955920 0.04920100 0.50495398
v -0.10363900 0.04583410 0.48945400
v -0.07856510 0.07318380 0.50457102
v -0.09184180 0.06439830 0.50285500
v -0.08489010 0.07188130 0.48938799
v -0.09677550 0.05995250 0.49250799
v -0.06335740 0.08328530 0.50520003
v -0.04773440 0.09187120 0.50549102
v -0.03162130 0.09759420 0.50788200
v -0.05283030 0.07618190 0.51403898
v -0.03796800 0.07830930 0.51505399
v -0.03599710 0.04194430 0.52247101
v -0.02799050 0.06193360 0.52064502
v -0.04616580 0.06055160 0.51950699
v -0.02142380 0.08137750 0.51701200
v -0.03358780 0.01853320 0.52344698
v -0.00453246 0.11224300 0.50380301
v -0.01503280 0.10037100 0.51158398
v 0.00048218 0.09945720 0.51407599
v -0.00382547 0.08366730 0.51846701
v 0.04498830 0.08727250 0.37678301
v 0.04615570 0.10570000 0.37209299
v 0.02905450 0.09595620 0.37595299
v 0.02771220 0.07796400 0.38251999
v 0.06211840 0.09757770 0.37212899
v 0.06190380 0.07943920 0.37616199
v -0.00033825 0.11621500 0.37172899
v 0.01403870 0.10516900 0.37430900
v 0.01418050 0.12214100 0.37020099
v 0.01189820 0.08637040 0.38059700
v 0.03072460 0.11739100 0.37057900
v 0.04845650 0.12208100 0.36846700
v 0.06273950 0.11643900 0.36832899
v 0.04145670 0.13561000 0.36619300
v 0.02199700 0.13623200 0.36692700
v 0.03247950 0.15117100 0.36370999
v 0.00344528 0.13458900 0.36758801
v -0.01457170 0.12882601 0.36867201
v 0.02516930 0.16788501 0.36118701
v 0.04406500 0.16503300 0.36091200
v -0.21022201 0.20735300 -0.40799099
v 0.07832360 0.10865000 0.36785701
v 0.07856070 0.08944670 0.37110999
v 0.09445370 0.09933730 0.36695299
v 0.09347480 0.11916700 0.36415300
v 0.02928800 0.20994300 0.35469699
v 0.04127400 0.19674200 0.35631099
v 0.02253700 0.18883200 0.35795999
v 0.09300410 0.19020601 0.35490501
v 0.08507960 0.20560500 0.35333800
v 0.07602590 0.19252600 0.35552201
v 0.05877470 0.19752300 0.35557699
v 0.06721160 0.18072499 0.35753900
v 0.10322200 0.17578299 0.35602701
v 0.14762200 0.15320800 0.35429201
v 0.16188601 0.13802700 0.35417801
v 0.12994900 0.15098301 0.35630900
v 0.10916200 0.12762700 0.36109999
v 0.11176400 0.14596400 0.35865700
v 0.17684300 0.12421800 0.35370001
v 0.05205800 0.18085501 0.35819200
v 0.03665620 0.17992499 0.35894501
v 0.11633700 0.16441500 0.35621101
v -0.58575398 -0.04782250 -0.05837030
v -0.58893102 -0.04778210 -0.07784470
v -0.58910698 -0.06470950 -0.08863510
v -0.58641797 -0.06425510 -0.06958740
v -0.57906300 -0.09865840 -0.05426660
v -0.58321100 -0.08091460 -0.06176050
v -0.57928002 -0.08266180 -0.04360460
v -0.58294499 -0.06483240 -0.05069750
v -0.58622998 -0.08106520 -0.08062310
v -0.59039301 0.01847550 -0.08162520
v -0.59264201 0.01270390 -0.09943040
v 0.40360701 -0.14836100 -0.38431400
v 0.41103300 -0.13065800 -0.38423699
v 0.41908100 -0.14404000 -0.37249601
v 0.42624900 -0.12496700 -0.37165499
v -0.53820097 -0.04426280 0.09588120
v -0.53515601 -0.06067660 0.09937800
v -0.54273999 -0.05075620 0.08267860
v -0.54730999 -0.05888660 0.06858960
v -0.53970701 -0.07053300 0.08492980
v -0.53179997 -0.07972050 0.10163800
v -0.52431601 -0.08642180 0.11724300
v -0.18263800 0.22250900 -0.40829501
v -0.19187599 0.20715301 -0.40855500
v -0.87558699 0.03090740 0.04523060
v -0.86481202 0.04688500 0.04334750
v -0.86740202 0.03431150 0.02814880
v -0.87471300 0.01632560 0.03088940
v -0.88113201 0.01293400 0.04858020
v -0.56730998 0.02275340 0.01959500
v -0.86959499 -0.04942610 0.06622240
v -0.87375498 -0.05018860 0.08582290
v -0.87622201 -0.03587220 0.05497040
v -0.86432397 -0.04970100 0.04788630
v -0.12815900 -0.44566599 -0.35119700
v -0.14606200 -0.45444900 -0.33793801
v -0.14829899 -0.44305801 -0.34752300
v -0.14050500 -0.43441799 -0.36018300
v -0.85718602 0.05007110 0.17887101
v -0.86014998 0.05687880 0.16081500
v -0.84149498 0.05493820 0.18911099
v -0.88218099 -0.03755540 0.14050201
v -0.88887602 -0.01790740 0.14390799
v -0.86847800 -0.05226950 0.14172100
v -0.88960600 -0.02111020 0.12519801
v -0.88457203 -0.03780500 0.11751900
v -0.87705201 -0.04917610 0.12701599
v -0.89270300 -0.00476420 0.11115700
v -0.89115000 0.01440040 0.11539300
v -0.89227498 -0.00201113 0.12953299
v -0.89122403 -0.00043668 0.14564601
v 0.91339701 0.03045890 0.27062601
v 0.91974699 0.02910080 0.28366199
v 0.92163301 0.01545120 0.27229100
v 0.90794402 0.03823420 0.28282899
v 0.90639901 0.02061190 0.25840300
v 0.90016299 0.03717000 0.26570499
v -0.28981599 0.41429600 -0.31571499
v -0.28515801 0.43066600 -0.30585799
v -0.30259699 0.42212299 -0.30318299
v -0.30604300 0.40493000 -0.31393099
v -0.32107100 0.39405999 -0.31324899
v -0.32009599 0.41427800 -0.29911101
v -0.32613200 0.43107200 -0.28115901
v -0.31073400 0.43363300 -0.28886801
v -0.33926001 0.42830700 -0.27469099
v -0.37476301 0.41124600 -0.26195699
v -0.38538301 0.41747800 -0.24483800
v -0.36772299 0.42704001 -0.25207499
v -0.36202300 0.41870701 -0.26599601
v -0.50539100 0.07419900 0.16506200
v -0.51086700 0.05584860 0.15934600
v -0.50489801 0.05952140 0.18132401
v -0.49912700 0.07634410 0.18122099
v 0.02740070 -0.05795480 0.52119601
v 0.04773750 -0.05869900 0.51957101
v 0.05482650 -0.07567630 0.51477802
v 0.06741920 -0.05791740 0.51609200
v 0.05872020 -0.08906510 0.50397801
v 0.05587990 -0.09342860 0.48764601
v 0.07284110 -0.08272790 0.49116200
v 0.07327960 -0.07373200 0.50652200
v 0.09577680 -0.00240763 0.51495999
v 0.09577150 -0.03811070 0.50908601
v 0.08548990 -0.05620290 0.50852799
v -0.86316103 -0.05844610 0.12466400
v -0.87400699 -0.05252840 0.10774100
v 0.44667700 -0.09815180 -0.35593200
v 0.43975800 -0.11778900 -0.35778999
v 0.45466900 -0.11111200 -0.34503299
v 0.43299001 -0.13794500 -0.35894001
v 0.44731700 -0.13100900 -0.34675300
v -0.57189399 0.16094300 -0.08972280
v -0.57075602 0.15605800 -0.07467920
v -0.57576799 0.14396000 -0.08712290
v 0.47006801 -0.10666800 -0.33287001
v 0.46217901 -0.09168410 -0.34238601
v 0.46233800 -0.12585101 -0.33519700
v 0.44212401 -0.06538400 -0.36811000
v 0.43829301 -0.04486120 -0.37542400
v 0.45024699 -0.04732570 -0.36047000
v 0.45537800 -0.06359180 -0.35302699
v 0.45254201 -0.07950340 -0.35403201
v 0.46310201 -0.05080270 -0.34641001
v 0.43490100 -0.02607910 -0.38090500
v 0.43094900 -0.00769835 -0.38422701
v -0.16638200 0.46563500 0.20373900
v -0.17381801 0.45610300 0.21769001
v -0.15483800 0.46095601 0.22113800
v -0.14582101 0.47010300 0.20817900
v -0.18882801 0.45845100 0.20129900
v -0.15548199 0.47502699 0.19150600
v -0.17790300 0.46928900 0.18755800
v -0.17908700 0.44745100 0.23090300
v -0.16326800 0.45116901 0.23484500
v -0.14244200 0.45556599 0.23934899
v -0.13794699 0.46485499 0.22370300
v -0.12266200 0.46429801 0.23309000
v -0.12324700 0.45536801 0.25019500
v -0.10443000 0.47272900 0.22451100
v -0.12588100 0.47223499 0.21526200
v -0.10548000 0.46284801 0.24410000
v -0.08729630 0.46842399 0.24010199
v -0.08227890 0.47714999 0.22372299
v -0.13365100 0.47875899 0.19702600
v -0.10622300 0.45328999 0.26160899
v -0.08885240 0.45931301 0.25729999
v -0.09005720 0.44918299 0.27432299
v -0.10712800 0.44238299 0.27883700
v -0.09229960 0.43744999 0.29069600
v -0.11112600 0.42864099 0.29565400
v -0.09310300 0.42357501 0.30513999
v -0.12527999 0.41578600 0.30478400
v -0.07194570 0.45469600 0.27078199
v -0.07057680 0.46389499 0.25436601
v -0.05278680 0.45890400 0.26769301
v -0.05164230 0.46771300 0.25138101
v -0.06780500 0.47255501 0.23781000
v -0.21412501 0.40904900 0.27042100
v -0.19810900 0.40576500 0.28599000
v -0.20865899 0.42060000 0.25611800
v -0.18115100 0.41077101 0.28915501
v -0.16342600 0.41474700 0.29320899
v -0.14446799 0.41664299 0.29866600
v -0.15546501 0.40606201 0.30526599
v -0.17061800 0.40066600 0.30453900
v -0.48338199 -0.16383800 0.16825999
v -0.48153201 -0.14807400 0.18256100
v -0.48977599 -0.14597300 0.16609600
v -0.47472200 -0.16603699 0.18529300
v -0.48808900 -0.13003300 0.17928600
v -0.47273800 -0.15198000 0.19878100
v -0.47024301 -0.14049999 0.21106200
v -0.46381599 -0.15502200 0.21548399
v -0.46270499 -0.13992400 0.22688800
v -0.46425000 -0.17164700 0.20324700
v -0.45687899 -0.16924600 0.22024100
v -0.45902100 -0.19127899 0.19897100
v -0.46814901 -0.18115400 0.18818900
v -0.46313599 -0.12288700 0.23546100
v -0.82149798 0.05394390 0.08858990
v -0.81659901 0.04590680 0.10525100
v -0.80986500 0.03886060 0.08916320
v -0.80948800 0.03162220 0.10446700
v -0.81169999 0.03470490 0.12069600
v -0.80299902 0.02700080 0.07653800
v -0.79691499 0.01217120 0.06436300
v -0.79960400 0.03120780 0.05975830
v -0.81148303 0.04663610 0.07081660
v -0.80511999 0.02047760 0.09424290
v -0.85168302 0.04007310 0.19628000
v -0.40968201 -0.11487200 0.31338900
v -0.40339199 -0.13333599 0.31384900
v -0.39120901 -0.12056100 0.32091400
v -0.39707199 -0.10278900 0.32041901
v 0.64458698 -0.07751510 0.02274120
v 0.65977299 -0.08311720 0.02736070
v 0.65287799 -0.06491560 0.03315570
v 0.64600098 -0.09107660 0.01501610
v 0.64985299 -0.10508600 0.00401630
v 0.64013201 -0.11387100 -0.01021280
v 0.62291199 -0.11139900 -0.01320020
v 0.66338700 -0.09820100 0.01762410
v 0.66702300 -0.11163300 0.00411726
v 0.67982399 -0.10607400 0.01727030
v 0.67854899 -0.09058210 0.03233210
v 0.67028499 -0.07353820 0.04026010
v 0.18389300 0.56301600 -0.17835701
v 0.18885800 0.56412399 -0.15932000
v 0.20402500 0.55930799 -0.15452300
v 0.17122599 0.56917399 -0.16429999
v 0.19553500 0.56286299 -0.14080700
v 0.17654400 0.56898600 -0.14523099
v 0.20564599 0.55894399 -0.12173500
v 0.21348500 0.55641401 -0.14065900
v 0.18482900 0.56626302 -0.12717600
v 0.22622500 0.55140102 -0.12859701
v 0.22206201 0.55164301 -0.10783300
v 0.20187300 0.55852801 -0.10043600
v 0.19073901 0.56343502 -0.11121800
v 0.15129200 0.56949002 -0.07067320
v 0.16207100 0.56397998 -0.05785520
v 0.17187200 0.56507301 -0.07786180
v 0.14175400 0.56816602 -0.05331560
v 0.15574200 0.57098597 -0.08600690
v 0.13883100 0.57474798 -0.08428330
v 0.13138001 0.57333201 -0.06703790
v 0.16532201 0.56996500 -0.09792640
v 0.18374901 0.56407201 -0.09562310
v 0.17430300 0.56878299 -0.11314000
v 0.15521801 0.57448900 -0.11617300
v 0.14649500 0.57522500 -0.10073600
v 0.19474700 0.55785602 -0.07891330
v 0.18159600 0.55882400 -0.06109000
v 0.19924800 0.55221701 -0.05820230
v 0.21259899 0.55012900 -0.07254080
v 0.21126901 0.55355000 -0.08955390
v 0.17073500 0.55830002 -0.04393660
v 0.15074800 0.56273299 -0.03976990
v 0.18722101 0.55370498 -0.04639470
v 0.18066899 0.55181903 -0.03041220
v 0.16111800 0.55656999 -0.02639810
v 0.09251080 0.03871370 0.46834400
v 0.07764300 0.04568120 0.45758900
v 0.08736580 0.05540460 0.47285599
v 0.09356350 0.05985320 0.48881999
v 0.08167540 0.06958040 0.48274401
v 0.07333290 0.07967570 0.49558300
v 0.08682760 0.06648170 0.50097102
v 0.10469500 0.02932860 0.48081201
v 0.10003500 0.04603400 0.48514599
v 0.10508200 0.03297740 0.49935701
v -0.11454300 0.34872299 0.33184099
v -0.11569000 0.36643100 0.32832599
v -0.09531490 0.32876799 0.33600000
v -0.08581570 0.31669700 0.33817399
v -0.10552300 0.31485200 0.33766201
v -0.11208200 0.33150399 0.33484599
v -0.01397030 0.35907200 0.33271801
v 0.02119670 0.34514999 0.33499399
v -0.03731020 0.31099200 0.34029999
v -0.04844050 0.32529700 0.33792400
v -0.05649170 0.30617401 0.34062701
v -0.04440430 0.42644799 0.30849901
v -0.02607250 0.43091199 0.30545601
v -0.06245760 0.42234200 0.31099400
v -0.05842160 0.43702701 0.29816401
v -0.03980500 0.44095400 0.29476801
v -0.03348980 0.36013201 0.33232301
v -0.04064230 0.34307200 0.33524799
v -0.07563060 0.30215201 0.34065801
v -0.06702210 0.32110301 0.33811700
v -0.09623720 0.29967299 0.34023699
v -0.06501390 0.28524601 0.34340301
v -0.07831260 0.41870400 0.31180501
v -0.07665920 0.43187499 0.30118200
v -0.45835301 0.37619200 -0.18517600
v -0.46245399 0.37616101 -0.16860500
v -0.45525500 0.37154299 -0.20356201
v -0.46756399 0.36147201 -0.19358499
v -0.47063199 0.36392099 -0.17594600
v -0.42508301 0.42033601 -0.15738200
v -0.42880100 0.41762701 -0.14020000
v -0.44239500 0.40311801 -0.13240400
v -0.42083800 0.41050199 -0.20461001
v -0.43341199 0.39503300 -0.20788001
v -0.42277500 0.40088499 -0.21795700
v -0.44376299 0.37903500 -0.21463200
v -0.38972899 0.44736800 -0.18621300
v -0.39079899 0.43999299 -0.20307399
v -0.40375799 0.43430501 -0.18796600
v -0.37909901 0.45100001 -0.20094600
v -0.39966300 0.44211900 -0.17333101
v -0.38666600 0.45417100 -0.16683900
v -0.37530899 0.45869401 -0.18725400
v -0.40427500 0.42568699 -0.20670401
v -0.38787299 0.43454301 -0.21824700
v -0.37585500 0.44559199 -0.21706600
v -0.41364399 0.42956400 -0.16982900
v -0.41780299 0.42022699 -0.18874501
v -0.40180501 0.44251299 -0.15693200
v -0.41547599 0.43043199 -0.14876400
v -0.40971801 0.41299099 -0.21976900
v -0.18292700 0.09309230 -0.41141701
v -0.54890501 -0.21680400 -0.19740801
v -0.55439401 -0.19807900 -0.20121001
v -0.55865598 -0.17993200 -0.20535301
v -0.83982003 0.06218220 0.05792030
v -0.84908700 0.05863260 0.04217050
v -0.83075702 0.06235450 0.04106170
v -0.82954198 0.05967220 0.07311760
v -0.82108599 0.05720230 0.05615770
v 0.44532400 0.01686420 0.29162699
v 0.44537601 0.03590210 0.28995201
v 0.43402800 0.02547500 0.30318201
v 0.43173200 0.00721284 0.30567300
v 0.45517901 0.02563600 0.27625400
v 0.44351199 -0.00156242 0.29426301
v 0.44241700 0.05522440 0.29113600
v 0.43279099 0.04428060 0.30280900
v 0.45412400 0.04679320 0.27480599
v 0.49163699 0.03218250 0.20108300
v 0.48902801 0.01414590 0.20871601
v 0.49710700 0.03876680 0.18761200
v 0.49192399 0.05147300 0.19683599
v 0.46428001 0.06911700 0.25147799
v 0.46457201 0.08818680 0.24484800
v 0.46366400 0.05031080 0.25696400
v 0.42010799 0.03202610 0.31322899
v 0.42135999 0.01583830 0.31320900
v 0.40633300 0.01827510 0.32064801
v 0.41315600 -0.00049295 0.31771901
v 0.39257500 0.00508153 0.32560399
v 0.42934000 -0.01063760 0.30784801
v 0.44184399 -0.01942790 0.29595599
v 0.42965001 -0.02933640 0.30726901
v 0.45046100 -0.03038560 0.28320900
v 0.44059700 -0.03557240 0.29619101
v 0.45674101 -0.04342890 0.27100500
v 0.46579599 -0.03791760 0.25499901
v 0.46178901 -0.05690470 0.25912800
v 0.44598499 -0.04810370 0.28706500
v 0.46364301 0.03172460 0.26015899
v 0.47201800 0.01797040 0.24505100
v 0.48831001 -0.00591774 0.21059200
v -0.54511398 -0.10736300 -0.26183599
v -0.53940302 -0.12287600 -0.26526600
v 0.10266400 0.01608390 0.50986499
v -0.50801301 -0.20996200 -0.27012199
v -0.49413899 -0.21970300 -0.28087601
v -0.50527698 -0.22904600 -0.26368400
v -0.48544601 -0.23604500 -0.28231800
v -0.52022201 -0.19959900 -0.25999901
v -0.51728398 -0.21815801 -0.25450501
v -0.35051000 -0.27119899 -0.37844801
v -0.09302240 0.42769399 -0.37959999
v -0.10762700 0.43642700 -0.36782899
v -0.17036700 0.42996600 -0.35314700
v -0.15378200 0.43649000 -0.35309801
v -0.13549501 0.45835000 -0.33791900
v -0.11942500 0.44862601 -0.35104400
v -0.13730800 0.44280699 -0.35215300
v -0.15171500 0.45121101 -0.33978400
v -0.12042200 0.49061999 -0.31435201
v -0.13358600 0.47651699 -0.32332399
v -0.13771400 0.49381199 -0.30770600
v -0.15170000 0.48295701 -0.31361699
v -0.15059300 0.46695501 -0.32711199
v -0.11914900 0.46530899 -0.33554900
v -0.11614800 0.47855601 -0.32535699
v -0.10264000 0.44752300 -0.35598600
v -0.10300700 0.45905399 -0.34387201
v -0.08435750 0.46704301 -0.34002101
v -0.06445130 0.47438699 -0.33661899
v -0.08418610 0.48148000 -0.32818401
v -0.10145800 0.47312999 -0.33228701
v -0.06911190 0.49036399 -0.32271600
v -0.05059180 0.48727500 -0.32724601
v -0.04260650 0.47439399 -0.33868799
v -0.05199310 0.46138999 -0.34989700
v 0.53968102 -0.07175760 -0.27164900
v 0.53787100 -0.05007460 -0.27707201
v 0.54781002 -0.05575060 -0.26349699
v 0.54640400 -0.03374360 -0.26799199
v 0.53635103 -0.02763160 -0.28081700
v 0.54169202 -0.09353380 -0.26449999
v 0.54833299 -0.10947400 -0.25100601
v 0.55027097 -0.07532350 -0.25652501
v 0.69612700 -0.11323300 0.01583850
v 0.69128603 -0.10231600 0.02837460
v 0.70597899 -0.10765900 0.03151020
v 0.70278698 -0.12104600 -0.00103963
v 0.68437898 -0.11790400 0.00126580
v 0.71366501 -0.11600300 0.01539750
v 0.71519899 -0.10117000 0.04926580
v 0.71734500 -0.09186340 0.06945680
v 0.70274597 -0.08742940 0.05955590
v 0.69648498 -0.09481310 0.04234700
v 0.72887200 -0.09980720 0.06096340
v 0.73563701 -0.10470000 0.04595080
v 0.72415501 -0.11014600 0.03164320
v 0.72149199 -0.11884800 -0.00250125
v 0.73164201 -0.11307300 0.01371930
v 0.73932898 -0.11112000 -0.00373406
v 0.74654901 -0.10616400 0.01117280
v 0.74275500 -0.10672200 0.02822210
v -0.86654800 0.05751420 0.10550500
v -0.83942503 0.06176080 0.09037940
v -0.87853098 0.04706850 0.11172700
v -0.86444002 0.05830410 0.12225700
v 0.32147399 -0.34314901 0.25332201
v 0.32030100 -0.35251799 0.24108900
v 0.31801999 -0.41891700 0.13046899
v 0.28533599 -0.43227899 0.14947701
v 0.34898099 -0.38290101 0.14911400
v 0.35608301 -0.38485000 0.13378900
v 0.34284601 -0.40168199 0.12479400
v 0.35614401 -0.39527500 0.11489400
v 0.35651401 -0.40417200 0.09758740
v 0.36913899 -0.39926901 0.08492690
v 0.35796601 -0.41087100 0.08205570
v 0.38141799 -0.39404300 0.07250220
v 0.71090198 -0.12335300 -0.01889540
v 0.71813500 -0.12052300 -0.03759770
v 0.72886097 -0.11684800 -0.02016440
v 0.73346603 -0.11129700 -0.03787690
v 0.74510902 -0.10593900 -0.02039630
v 0.70157701 -0.12656000 -0.03613340
v 0.72222799 -0.11366600 -0.05673700
v 0.70746303 -0.12242100 -0.05584450
v -0.20492400 -0.14071900 -0.40995201
v 0.75635999 -0.09862580 -0.00221522
v 0.75802398 -0.09170720 -0.02261010
v 0.76938498 -0.08765960 0.01058590
v 0.75797302 -0.09888110 0.02035610
v -0.12672800 -0.07663210 -0.41246101
v -0.13457100 -0.09466270 -0.41218701
v 0.54691601 0.03919310 0.06475350
v 0.54353499 0.02247490 0.07619010
v 0.53981602 0.04408240 0.08231620
v 0.53596097 0.02982850 0.09462590
v 0.57551998 0.04231990 0.01710770
v 0.56273001 0.03836480 0.02927560
v 0.56583601 0.05712780 0.02146660
v 0.55405301 0.03724490 0.04641350
v 0.55644399 0.05447180 0.03828980
v 0.54994899 0.05155550 0.05420710
v 0.54370701 0.05782850 0.06877050
v 0.52452499 0.12713000 0.08994050
v 0.52073002 0.11779000 0.10426300
v 0.52845001 0.10545200 0.09090710
v 0.53160501 0.11737900 0.07708450
v 0.51707000 0.13932601 0.10127300
v 0.52722502 0.13899800 0.07604430
v 0.52072102 0.14636900 0.08796720
v 0.51584500 0.11071700 0.11956300
v 0.51281899 0.13108200 0.11636600
v 0.50788701 0.12356200 0.13226400
v 0.52378100 0.09742880 0.10602200
v 0.51781899 0.09170800 0.12289900
v 0.51020497 0.10453700 0.13598999
v 0.53201503 0.08336900 0.09077460
v 0.53572601 0.09711000 0.07588760
v 0.52502400 0.07874110 0.10992500
v 0.54112899 0.07811770 0.06914890
v 0.53660601 0.06335190 0.08550990
v 0.53047299 0.06675270 0.10015400
v 0.54949301 0.06717800 0.05191220
v 0.54885799 0.08407550 0.04757980
v 0.55814999 0.07404360 0.03080160
v 0.54635203 0.13593300 0.02533080
v 0.55386198 0.12161800 0.01351810
v 0.55144000 0.13897499 0.00717463
v 0.54772002 0.11920400 0.03258470
v 0.54521102 0.15035699 0.01806940
v 0.53942299 0.13622700 0.04519270
v 0.53947198 0.15219200 0.03373390
v 0.53753698 0.11045000 0.06514130
v 0.54233199 0.09671080 0.05867740
v 0.54199499 0.11549600 0.05056750
v 0.53490603 0.12831700 0.06244660
v 0.55514097 0.10501100 0.02104190
v 0.56229901 0.09053650 0.01442600
v 0.56425798 0.10872100 0.00079131
v 0.55449402 0.09054270 0.03055600
v 0.54844803 0.10156100 0.04019580
v 0.58118701 0.10905900 -0.01500110
v 0.56685501 0.12373100 -0.01445970
v 0.57729799 0.12381100 -0.02856670
v 0.57451397 0.09246250 -0.00067387
v 0.59190899 0.09565750 -0.00651663
v 0.60289800 0.11000600 -0.01656930
v 0.59534901 0.11984400 -0.02902580
v 0.56979299 0.07532030 0.01204720
v 0.57938403 0.06092620 0.01100710
v 0.58463502 0.07907880 0.00339416
v 0.59317702 0.04935090 0.01478420
v 0.59017497 0.03178180 0.01854910
v 0.51861697 0.07307820 0.12753500
v 0.52502102 0.06008620 0.11560000
v 0.51832402 0.05418820 0.13359500
v 0.51162398 0.08595440 0.14017300
v 0.53174400 0.04810670 0.10180500
v 0.52372098 0.04111780 0.12315200
v 0.52864999 0.02884680 0.11293200
v -0.23757599 0.46882400 0.13433500
v -0.25728601 0.45958900 0.13203099
v -0.24408400 0.45905200 0.14800800
v -0.27858499 0.44852400 0.12915801
v -0.21869101 0.47754300 0.13481300
v -0.23228200 0.47837701 0.11897900
v -0.22382000 0.46796000 0.15016600
v -0.22892800 0.48669600 0.10351900
v -0.23526099 0.49063101 0.08719800
v -0.21876299 0.49580401 0.09246210
v -0.26162201 0.48567900 0.06782420
v -0.24292099 0.49412900 0.07023460
v -0.25181499 0.49628201 0.05413870
v -0.22421700 0.50134301 0.07328630
v -0.27994999 0.47635901 0.06572570
v -0.20697699 0.50589299 0.07930840
v -0.18991999 0.50841302 0.08858160
v -0.20213400 0.47672999 0.15171900
v -0.18541799 0.48713699 0.14302801
v -0.16939101 0.48946500 0.15026100
v -0.17948601 0.48149100 0.16004001
v -0.17171800 0.51050699 0.09875130
v -0.29999501 0.46489900 0.06379780
v -0.24996901 0.50834799 0.02406400
v -0.17592099 0.51648098 0.08026530
v -0.15779901 0.51843703 0.08949040
v -0.16286699 0.52324098 0.07342250
v -0.15903600 0.52996403 0.05867860
v -0.22574000 0.53249401 -0.01685770
v -0.22326100 0.52739698 0.00250082
v -0.23708500 0.51804900 0.01313360
v -0.23956200 0.52319300 -0.00553103
v -0.23997100 0.52825701 -0.02246890
v -0.25018999 0.52709401 -0.03492430
v -0.27741101 0.51646101 -0.04622220
v 0.12818900 -0.41260400 0.30796701
v 0.14862300 -0.40666899 0.30664000
v 0.14086699 -0.42033300 0.29682201
v 0.16834299 -0.39989299 0.30520901
v 0.16012400 -0.41430601 0.29493701
v 0.15155800 -0.42716399 0.28311899
v 0.14132600 -0.43843901 0.27088800
v -0.13966499 0.05815420 -0.41244501
v -0.12270200 0.05328000 -0.41272300
v -0.10549300 0.04940270 -0.41298199
v -0.11097100 0.06566010 -0.41280401
v 0.66193998 0.00818553 0.05411210
v 0.65590501 -0.00623475 0.04923420
v 0.66785401 -0.01020170 0.05928120
v 0.64719200 0.00679444 0.04301290
v 0.64398098 -0.01215770 0.04073940
v 0.64073998 0.03825810 0.03542820
v 0.63638902 0.01902860 0.03582820
v 0.65439498 0.02652220 0.04639940
v 0.62380600 0.02982570 0.02875880
v 0.63100100 -0.00047544 0.03397670
v 0.61871302 0.01052590 0.02833500
v 0.67088401 0.02228910 0.06111020
v 0.67569703 0.00464839 0.06745440
v 0.25368899 0.53582603 -0.17423700
v 0.24652401 0.53465903 -0.19225401
v 0.23386100 0.53459501 -0.20844300
v 0.25235301 0.52667999 -0.20759600
v 0.30015799 0.50412500 -0.20194800
v 0.28566700 0.50802702 -0.21293899
v 0.26941499 0.51819402 -0.20863301
v 0.25663599 0.53731102 -0.15432499
v 0.24291000 0.54433399 -0.14020400
v 0.22873600 0.55022699 -0.14531700
v 0.63589001 -0.11242800 -0.15106900
v 0.65196902 -0.11134400 -0.14226000
v 0.68163401 -0.09582100 -0.13630500
v 0.68512398 -0.10738000 -0.12016900
v 0.66908002 -0.10931300 -0.13132800
v 0.69046599 -0.07966320 -0.14102501
v 0.69891500 -0.09105990 -0.12443600
v 0.70524597 -0.07051150 -0.13257100
v 0.62387699 -0.10554700 -0.16377100
v 0.60416901 -0.10490000 -0.17540000
v 0.61889100 -0.09021410 -0.17811599
v 0.63492298 -0.07815940 -0.17736900
v 0.62403899 -0.07179840 -0.18598400
v 0.62723202 -0.05340130 -0.19158700
v 0.37476000 0.44313800 -0.21839900
v 0.36214101 0.44694400 -0.22933300
v 0.36535501 0.45466399 -0.21173400
v 0.35032499 0.46064600 -0.22265500
v 0.37769300 0.43168801 -0.23188300
v 0.34714401 0.45096600 -0.24069600
v 0.36073801 0.43655699 -0.24484099
v 0.38069800 0.44586101 -0.20271300
v 0.37059700 0.45823300 -0.19315401
v 0.35449100 0.46721199 -0.20348200
v 0.34283099 0.47964099 -0.19381200
v 0.34608600 0.48241600 -0.17474701
v 0.35860601 0.47061399 -0.18470199
v 0.33922699 0.47387499 -0.21367300
v 0.32804599 0.48644501 -0.20311800
v 0.33541700 0.46550399 -0.23281500
v 0.32420701 0.47930300 -0.22331300
v 0.31989300 0.47002599 -0.24184100
v 0.33167401 0.45504099 -0.25015000
v 0.58935398 -0.10365300 -0.18920800
v 0.58908802 -0.08524550 -0.19897100
v 0.60089201 -0.09317320 -0.18586700
v 0.57844800 -0.11797500 -0.19556500
v 0.58318400 -0.06775560 -0.21099500
v 0.59856898 -0.06601330 -0.20100200
v 0.59276098 -0.05064400 -0.20970701
v 0.57132000 -0.06811910 -0.22563100
v 0.57823497 -0.05099520 -0.22101900
v 0.56088501 -0.07210220 -0.24124300
v 0.55637401 -0.05948340 -0.25080600
v 0.56591398 -0.05069080 -0.23758601
v -0.09633250 -0.04883970 0.50787002
v -0.08209980 -0.06181950 0.51249701
v -0.09184840 -0.06721740 0.49944401
v -0.08025440 -0.07787960 0.50519300
v -0.14127600 0.50922400 -0.29245099
v -0.15443400 0.49827901 -0.29931700
v -0.12385400 0.50498801 -0.30061001
v -0.18657900 0.49197599 -0.29519299
v -0.16910800 0.48838699 -0.30407599
v -0.18408699 0.47801399 -0.30865800
v -0.16682900 0.47373301 -0.31738499
v -0.17050700 0.50291002 -0.29001999
v -0.15619300 0.51126599 -0.28628999
v -0.14693300 0.52379000 -0.27537900
v -0.12768400 0.51898301 -0.28585601
v -0.07001830 0.52002102 -0.29553899
v -0.08875190 0.51017898 -0.30226499
v -0.09208040 0.52246201 -0.28959799
v -0.07958300 0.53245300 -0.28107801
v -0.11155900 0.52646297 -0.28145301
v -0.10851400 0.51410502 -0.29491499
v -0.09680370 0.53250402 -0.27783400
v -0.12850800 0.53212202 -0.27084601
v -0.11018100 0.53839499 -0.26776299
v -0.12366200 0.54450101 -0.25595000
v -0.14244901 0.53832400 -0.25848800
v -0.16710000 0.51752800 -0.27596900
v -0.18746200 0.50697303 -0.27988601
v -0.18059200 0.52256101 -0.26488999
v -0.16232300 0.53257900 -0.25907800
v -0.15383300 0.54555303 -0.24338400
v -0.16911601 0.54277998 -0.24145900
v -0.13545400 0.55055398 -0.24281199
v -0.14703400 0.55626798 -0.22770900
v -0.03765280 -0.10920900 0.49265799
v -0.01829860 -0.11012000 0.49699900
v -0.24319801 0.51417702 -0.24230400
v -0.26032600 0.50533003 -0.24309599
v -0.22647500 0.51958603 -0.24517199
v -0.25337201 0.51803398 -0.22816899
v -0.26748601 0.51695698 -0.21648400
v -0.25017700 0.52757198 -0.21199900
v -0.26857901 0.50906700 -0.23052000
v -0.26661000 0.52399999 -0.20042500
v -0.28282100 0.50527000 -0.22352600
v -0.28354400 0.51277298 -0.20613100
v -0.21346501 0.55276400 -0.18172701
v -0.19782899 0.56006402 -0.17400999
v -0.21243501 0.55662400 -0.16110700
v -0.22484501 0.55069500 -0.16933300
v -0.28309399 0.51884902 -0.18913899
v -0.29917300 0.50787401 -0.19505000
v -0.28187200 0.52358401 -0.17151301
v -0.16776399 0.57187498 -0.15470500
v -0.15139100 0.57538497 -0.16397300
v -0.16725101 0.56944400 -0.17497499
v -0.15015800 0.57219601 -0.18342701
v -0.18307500 0.56623602 -0.16472900
v -0.16729701 0.57269299 -0.13439500
v -0.22716500 0.55192798 -0.15040100
v -0.22939600 0.55159402 -0.12959200
v -0.23393799 0.54859698 -0.11018300
v -0.31526899 0.49541399 -0.20252700
v -0.29839200 0.50136298 -0.21341100
v -0.30972299 0.49142301 -0.22038800
v -0.32393301 0.48289701 -0.21888600
v -0.32829100 0.49234101 -0.18626399
v -0.33323601 0.48348501 -0.20331800
v -0.35529000 0.47734901 -0.17317200
v -0.34934199 0.48368299 -0.15872000
v -0.33990899 0.48825699 -0.17156699
v -0.34458199 0.48073900 -0.18888800
v -0.33740500 0.49244899 -0.15235101
v -0.27089801 0.52982301 -0.09791520
v -0.23994400 0.54367799 -0.09144960
v -0.11565600 -0.06097000 -0.41273999
v -0.12435500 -0.04672020 -0.41273201
v -0.27911901 0.52750301 -0.15306400
v -0.35406899 0.48140499 -0.12324800
v -0.33714300 0.49340799 -0.13063100
v -0.35100400 0.48359999 -0.14203700
v -0.32901901 0.49791801 -0.11283300
v -0.34291700 -0.10787000 -0.40275401
v -0.33823901 -0.12626299 -0.40259799
v -0.35471600 -0.12537199 -0.40059301
v -0.32299700 -0.12048600 -0.40434799
v -0.36701599 -0.10849200 -0.39966300
v -0.32628599 -0.13961001 -0.40327999
v -0.30563399 -0.13690500 -0.40522900
v -0.34453300 -0.14235100 -0.40106499
v -0.33378401 -0.15881100 -0.40150800
v -0.40233499 -0.10766700 -0.39250401
v -0.38485101 -0.10293000 -0.39716399
v -0.36236101 -0.14437000 -0.39852801
v -0.35202700 -0.16148700 -0.39899200
v -0.34143600 -0.17800200 -0.39937899
v -0.34719101 -0.19484600 -0.39734101
v -0.33138800 -0.19468300 -0.39952001
v -0.12983800 -0.11444500 -0.41203001
v -0.11505400 -0.10319200 -0.41236001
v -0.11673600 -0.08803710 -0.41249701
v 0.42989299 0.03595410 -0.38343000
v 0.41502300 0.02890220 -0.39158699
v 0.41977900 0.05013170 -0.38762501
v 0.43192500 0.02188690 -0.38319099
v 0.43603900 0.04834470 -0.37572801
v 0.42339599 0.00921672 -0.38831899
v 0.40770599 0.06662690 -0.39181200
v 0.40232599 0.04691570 -0.39505801
v 0.42629001 0.06905890 -0.38011101
v 0.41133699 0.08612260 -0.38804701
v -0.09383870 -0.05742410 -0.41302299
v -0.10714800 -0.04688950 -0.41294301
v -0.09348120 -0.03697010 -0.41312000
v -0.11115700 -0.03190590 -0.41295499
v 0.05776750 0.35725299 0.33224601
v 0.06121090 0.37678900 0.32847601
v 0.04154270 0.37278500 0.32960901
v 0.04817980 0.39239100 0.32488799
v 0.04009900 0.35092199 0.33370599
v 0.03043660 0.39359000 0.32479799
v 0.10185600 0.38255799 0.32507601
v 0.09485320 0.39941600 0.32026801
v 0.08071880 0.38440499 0.32610300
v 0.07485490 0.40385601 0.32011500
v 0.11498600 0.39581800 0.31899199
v 0.08615620 0.41544199 0.31267399
v 0.10626300 0.41173899 0.31201401
v -0.14244100 -0.12461700 -0.41173500
v -0.11176300 -0.12098700 -0.41214001
v 0.07532250 0.36368600 0.33062500
v 0.07340060 0.34395400 0.33409500
v 0.05574930 0.33774301 0.33557999
v 0.09016310 0.35198200 0.33213699
v 0.09082980 0.36948901 0.32892701
v 0.10559700 0.36400700 0.32899100
v 0.12017900 0.37805301 0.32405001
v 0.12162800 0.35837299 0.32895601
v 0.68719399 -0.06251780 0.06448550
v 0.69731998 -0.07168520 0.06988170
v 0.69448203 -0.05250180 0.08000740
v 0.70691299 -0.06686190 0.08704620
v 0.68658000 -0.03291640 0.07698140
v 0.69755697 -0.03514630 0.09248720
v 0.70563501 -0.05078670 0.09851690
v 0.72096002 -0.08092560 0.08948700
v 0.73297501 -0.09416970 0.07734520
v 0.73847198 -0.08852090 0.09568820
v 0.72976899 -0.07650850 0.10960000
v 0.70842803 -0.08035850 0.07583080
v 0.71642798 -0.06487330 0.10415300
v 0.71440601 -0.04882190 0.11648500
v 0.72435898 -0.06219590 0.12268700
v 0.70702302 -0.03402690 0.10970500
v 0.72207600 -0.04664050 0.13545300
v 0.71497798 -0.03195620 0.12821200
v 0.04497650 0.08532020 -0.41311100
v 0.02976840 0.07271460 -0.41328299
v 0.70769697 0.01650840 0.11525000
v 0.71346498 0.03224940 0.12153900
v 0.70457900 0.03182600 0.10323400
v 0.69698900 0.01421450 0.09568400
v 0.70408601 -0.00054463 0.10947300
v 0.71209902 0.00154564 0.12724400
v 0.71609402 0.01917530 0.13460900
v 0.71664602 -0.01468480 0.13767999
v 0.71905100 0.00384215 0.14523600
v 0.72327000 -0.01327760 0.15538099
v 0.70939100 -0.01636000 0.11950300
v 0.72252703 -0.03083580 0.14748999
v 0.81607902 0.03282590 0.29239601
v 0.82868701 0.02681840 0.30002201
v 0.82793599 0.04424870 0.28594899
v 0.84510398 0.03447910 0.29862699
v 0.80757701 0.04011050 0.28097099
v 0.81494898 0.05283110 0.26632300
v 0.83651298 0.05515780 0.26930699
v 0.84769899 0.04859090 0.28613600
v 0.81251001 0.01711610 0.29915300
v 0.82605499 0.00686854 0.30436501
v 0.84394902 0.01526150 0.30417401
v 0.07730710 0.10758400 -0.41263101
v 0.06038350 0.09809680 -0.41288000
v 0.51890999 0.04710950 -0.29723600
v 0.51791698 0.06798100 -0.29612601
v 0.53113103 0.04005740 -0.28534299
v 0.52824801 0.05814190 -0.28679001
v 0.55159903 0.10458600 -0.24955100
v 0.56216902 0.10433500 -0.23261400
v 0.56020999 0.09069840 -0.24000400
v 0.54276699 0.12205900 -0.25713599
v 0.52079499 0.11938500 -0.28431100
v 0.50902402 0.12952600 -0.29413399
v 0.52089298 0.13880000 -0.27896100
v 0.50447899 0.15172800 -0.29267299
v 0.51318097 0.10889700 -0.29449499
v 0.49895599 0.11772900 -0.30630299
v 0.49464500 0.13821800 -0.30582300
v 0.53486502 0.13985200 -0.26205400
v 0.53823799 0.16130500 -0.24944600
v 0.52821398 0.15352200 -0.26581600
v 0.53229302 0.18450300 -0.24754800
v 0.52654803 0.17069601 -0.26134601
v 0.54285002 0.17870399 -0.23377900
v 0.53147298 0.12016600 -0.27202499
v 0.54245400 0.03355310 -0.27319399
v 0.54370397 0.01117800 -0.27268901
v 0.55279303 0.02585410 -0.26065299
v 0.55184799 0.04737060 -0.26006800
v 0.51671702 0.08855600 -0.29460499
v 0.50252903 0.09768490 -0.30666599
v 0.48776001 0.10474600 -0.31847799
v 0.47566801 0.09097390 -0.33053201
v 0.48456401 0.12447400 -0.31760401
v 0.47292700 0.11003200 -0.32975000
v 0.51716501 0.15932500 -0.27676901
v 0.50662702 0.16896001 -0.28509200
v 0.51498401 0.17869300 -0.27230600
v 0.56201202 0.03936750 -0.24652199
v 0.56329298 0.02044160 -0.24625900
v 0.55509597 0.00309616 -0.25799301
v 0.56715101 0.00322053 -0.24056201
v 0.57463700 0.01863490 -0.22993000
v 0.57069498 0.03302070 -0.23440200
v 0.56234199 0.05791620 -0.24334300
v 0.57262200 0.04880660 -0.22919001
v 0.57333201 0.06625910 -0.22457799
v 0.56209600 0.07537170 -0.24045500
v 0.58104903 0.03536280 -0.22028700
v 0.58663398 0.05427340 -0.21176200
v -0.10707100 -0.03580210 0.49915701
v -0.10163900 0.52282298 0.11146000
v -0.12101400 0.52167702 0.10463900
v -0.08510740 0.52289498 0.11825200
v -0.06830410 0.52548599 0.11751100
v -0.06147630 0.53345603 0.09977290
v -0.04836440 0.52731502 0.11809800
v -0.05554060 0.52005601 0.13380300
v -0.07622690 0.51812202 0.13275599
v -0.05968130 0.54172802 0.07928000
v -0.04728280 0.53908300 0.08922100
v -0.06714290 0.51252699 0.14849800
v -0.04499860 0.51437497 0.14938000
v -0.05877250 0.50703001 0.16340700
v -0.08163670 0.50459802 0.16223601
v -0.03625980 0.50818002 0.16527100
v -0.05043080 0.50133902 0.17845200
v -0.07328980 0.49930099 0.17717899
v -0.02265390 0.54754502 0.07162580
v -0.00358167 0.54934800 0.06823450
v -0.03670690 0.55208099 0.05734320
v -0.04203770 0.54539698 0.07404530
v 0.01110830 0.14493400 -0.41244099
v 0.01994590 0.16105400 -0.41211301
v 0.03595990 0.16066600 -0.41206500
v 0.01089430 0.54413903 0.08144880
v 0.01835600 0.53657699 0.09994230
v 0.03123300 0.54273498 0.08301350
v 0.00711511 0.52876401 0.11955900
v 0.02610770 0.53077900 0.11329900
v 0.03781810 0.53514498 0.10092600
v -0.07245020 0.54540497 0.06557120
v -0.05543100 0.54942399 0.06012800
v -0.05017920 0.55680698 0.04105370
v -0.07012890 0.55259299 0.04679970
v -0.06955760 0.55881798 0.02887690
v -0.05186500 0.56301701 0.02202540
v -0.03222340 0.52231002 0.13290299
v -0.02334630 0.51516700 0.15081000
v -0.00943193 0.52183300 0.13613200
v -0.00545478 0.50157601 0.18324600
v -0.01471600 0.50839502 0.16717499
v -0.02761680 0.50062197 0.18388200
v 0.00721731 0.50792199 0.16839799
v -0.00192883 0.51478302 0.15273100
v 0.01129430 0.52074099 0.13838600
v 0.02396640 0.52541900 0.12629600
v 0.03264190 0.51984698 0.13845199
v 0.02004670 0.51381803 0.15401500
v 0.75642699 -0.08476880 -0.04152250
v 0.75099999 -0.07953060 -0.06107460
v 0.74623698 -0.09201160 -0.05321080
v 0.74674499 -0.09907640 -0.03774700
v 0.74357098 -0.07559780 -0.07936300
v 0.74761701 -0.05779520 -0.08598440
v 0.73567802 -0.07086430 -0.09568910
v 0.74951702 -0.03948360 -0.09141440
v 0.73900002 -0.05191940 -0.10229400
v 0.73872101 -0.09102210 -0.06970510
v 0.73030102 -0.08868360 -0.08698680
v -0.00183428 0.12927499 -0.41272399
v 0.75922698 -0.01225330 -0.08034470
v 0.75761300 -0.02816330 -0.08131240
v 0.75000399 -0.02056280 -0.09491870
v 0.76588798 -0.02462630 -0.06598380
v 0.74046099 -0.03216570 -0.10688200
v 0.74044698 -0.01160280 -0.10930600
v 0.73101598 -0.02316610 -0.12078800
v 0.72992200 -0.04410650 -0.11740600
v 0.77540100 -0.02026310 -0.04592390
v 0.74961698 -0.00135279 -0.09596710
v 0.75941002 0.00521243 -0.07968070
v 0.76808101 -0.00694023 -0.06331510
v 0.77588600 -0.00033336 -0.04644720
v 0.77500600 0.01797180 -0.04646850
v 0.78243601 0.00917148 -0.03008370
v 0.76795000 0.01096910 -0.06277340
v 0.78306401 -0.00876578 -0.02883390
v 0.79544097 -0.00447260 0.00638618
v 0.79489797 -0.02213170 0.00890185
v 0.78957701 -0.01538400 -0.00992422
v 0.78922099 0.00210181 -0.01239920
v 0.79223597 -0.04074460 0.01164120
v 0.79903001 -0.02983740 0.02673560
v 0.78694999 -0.05957170 0.01547790
v 0.79476398 -0.04868300 0.02908690
v 0.44864100 0.11623700 0.26332399
v 0.45604801 0.12198200 0.24673900
v 0.45699200 0.10291500 0.25383201
v 0.46273199 0.12475400 0.23194900
v 0.46392399 0.10774000 0.23793200
v 0.46998000 0.11407500 0.22238800
v 0.42355999 0.17032200 0.27595201
v 0.42931500 0.17971399 0.26010701
v 0.43991500 0.17283900 0.24588799
v 0.47769299 0.09917270 0.21292099
v 0.47610599 0.11881100 0.20695999
v 0.48402500 0.10272700 0.19734800
v 0.48260999 0.11854400 0.19280700
v 0.48415801 0.14134701 0.17644200
v 0.48713601 0.12443700 0.17947499
v 0.48216501 0.15818600 0.16985200
v 0.49094701 0.14671400 0.15788300
v 0.49351600 0.12946400 0.16234399
v 0.41608801 0.14409600 0.29713899
v 0.43053499 0.11559400 0.29034099
v 0.44215199 0.18627000 0.23136801
v 0.44304001 0.20090801 0.21757001
v 0.47470999 0.16854000 0.17900600
v 0.47956699 0.17555501 0.16307700
v 0.47662300 0.19219300 0.15608300
v 0.48645499 0.18088201 0.14362501
v 0.48841301 0.16429700 0.15167899
v 0.45070201 0.21585900 0.18890700
v 0.45809299 0.21491900 0.17480201
v 0.46671501 0.20416200 0.16677000
v 0.42110199 0.19844501 0.25995100
v 0.40960699 0.20262100 0.27508900
v 0.41954499 0.18658200 0.27141801
v 0.41144300 0.21774200 0.26023400
v 0.41222700 0.18194801 0.28516400
v 0.39868999 0.21179099 0.28441900
v 0.40099999 0.19543600 0.29173300
v 0.40029201 0.22403599 0.27251101
v 0.42260101 0.21073399 0.24696600
v 0.43203700 0.19158299 0.24611400
v 0.43342000 0.20438100 0.23277301
v 0.42384201 0.22257499 0.23375601
v 0.43386799 0.21815901 0.21951801
v 0.44244799 0.21686099 0.20439801
v 0.44070601 0.23288199 0.19200000
v 0.45022401 0.23003300 0.17593700
v 0.42513201 0.23285501 0.22157800
v 0.43213499 0.23367500 0.20775500
v 0.41437599 0.16298200 0.29229799
v -0.02651310 0.10351000 -0.41300201
v -0.02169760 0.12183100 -0.41278899
v -0.57450598 -0.08657510 -0.02606620
v -0.01544240 -0.40949801 0.31928000
v -0.03154750 -0.40354800 0.32131401
v -0.02602100 -0.42058000 0.31303501
v -0.00229775 -0.42238301 0.31258401
v -0.00172234 -0.40635100 0.32075500
v -0.01377250 -0.39180201 0.32560301
v -0.56421000 -0.11255800 -0.00469630
v -0.55989999 -0.13147800 -0.00383287
v -0.56855100 -0.09162890 -0.00681841
v -0.56144398 -0.10310400 0.01069640
v -0.55738503 -0.12243300 0.01135160
v -0.04625980 0.09796090 -0.41297400
v -0.05779970 0.10818500 -0.41278800
v -0.58869398 -0.08174580 -0.10156600
v -0.58919799 -0.08949600 -0.12117300
v -0.59097600 -0.06373330 -0.10519900
v 0.19465800 0.34544200 -0.39756599
v 0.18037000 0.35817799 -0.39662501
v 0.19899800 0.36411601 -0.39311901
v 0.18371899 0.37708899 -0.39105600
v 0.16885100 0.37060800 -0.39506900
v 0.20063700 0.38230699 -0.38501301
v 0.25058401 0.30400899 -0.39794800
v 0.25838900 0.32010001 -0.39417201
v 0.27024701 0.30253801 -0.39544800
v 0.26529199 0.33621600 -0.38755500
v 0.27728599 0.31961700 -0.39006001
v -0.58881402 -0.09706540 -0.13926500
v -0.59177101 -0.08615230 -0.15471300
v -0.58521497 -0.11611100 -0.13959500
v 0.79427201 -0.07558590 0.09916840
v 0.78380001 -0.08237900 0.11740700
v 0.77635401 -0.08745920 0.10117600
v 0.79961199 -0.07254320 0.11907500
v 0.78273398 -0.08507560 0.08735280
v 0.79122901 -0.07696480 0.07780020
v 0.80845702 -0.05800530 0.10337500
v 0.80179298 -0.06298730 0.08290910
v 0.82426202 -0.06088020 0.19610000
v 0.80880898 -0.06592160 0.20716800
v 0.80816197 -0.06820840 0.18837699
v 0.79128402 -0.06924740 0.19862799
v 0.82353300 -0.05862160 0.17544501
v 0.80881101 -0.06863190 0.17254899
v 0.79149598 -0.07298040 0.17697100
v 0.81648397 -0.06300710 0.16066100
v 0.82600498 -0.05077960 0.15507600
v 0.81488597 -0.06116700 0.14397800
v 0.80332899 -0.07090400 0.15798600
v 0.82404101 -0.04440450 0.13506700
v 0.83354402 -0.03265150 0.15085500
v 0.83496398 -0.04114810 0.16833501
v 0.85530001 -0.02146160 0.19333100
v 0.86075997 -0.03091330 0.20816800
v 0.84839100 -0.03921660 0.19672100
v 0.84422398 -0.03119010 0.18055600
v 0.83612400 -0.04847160 0.18649399
v -0.40722600 0.19496100 -0.36813200
v -0.39612699 0.19091600 -0.38073599
v -0.41770700 0.19917400 -0.35400799
v -0.40849799 0.17585500 -0.37568799
v -0.41884100 0.18064600 -0.36190200
v 0.76742202 -0.09320600 0.08416230
v 0.75675201 -0.09163710 0.09902450
v 0.74992400 -0.09661810 0.08092670
v 0.76137698 -0.09723620 0.06454910
v 0.77715099 -0.08850370 0.07039860
v -0.57816499 -0.14669800 -0.14852101
v -0.57313699 -0.16600700 -0.14272501
v -0.57395601 -0.15985200 -0.16093799
v -0.56745398 -0.18566699 -0.13746500
v -0.56916398 -0.17882200 -0.15497901
v 0.51458597 0.20085999 0.05888010
v 0.50470901 0.21301500 0.07143410
v 0.50814599 0.19563000 0.08017670
v 0.51721197 0.18190899 0.06986480
v 0.49856699 0.21084900 0.08868550
v 0.50079101 0.19264200 0.10064100
v 0.51106203 0.17816600 0.08840010
v 0.53197402 0.16910399 0.04169300
v 0.53041500 0.18447199 0.03244200
v 0.52353603 0.18461201 0.05113770
v 0.52590001 0.16767000 0.05922580
v 0.53949898 0.16751400 0.02119680
v 0.53343803 0.15485300 0.04881270
v 0.52241099 0.20052600 0.03866210
v 0.52946198 0.19861899 0.02072550
v 0.52173299 0.21570800 0.02341390
v 0.51500702 0.21700600 0.04052870
v 0.53621101 0.18369600 0.01626550
v 0.52966201 0.21046300 0.00642014
v 0.53731298 0.19265300 0.00345595
v 0.01739890 0.02954290 -0.41354099
v 0.00843373 0.04530670 -0.41346800
v 0.01356860 0.06362850 -0.41336200
v 0.51275498 0.23540901 0.02431070
v 0.50703400 0.23243500 0.04375460
v 0.50228798 0.24952599 0.03479910
v 0.52179700 0.22823900 0.00755747
v 0.51440901 0.24604300 0.00500627
v 0.50526798 0.25654501 0.01666150
v 0.50902498 0.21784100 0.05540070
v 0.50119799 0.23002800 0.06162970
v 0.49891499 0.24389499 0.05092510
v 0.49482101 0.22883999 0.07877150
v 0.49211901 0.24524499 0.06629610
v 0.54514199 0.18435000 -0.01356750
v 0.53806400 0.20273800 -0.01089240
v 0.54566902 0.19512101 -0.02864800
v 0.53018802 0.22097100 -0.00875565
v 0.53824300 0.21288399 -0.02523860
v 0.54338002 0.17485499 0.00230952
v 0.55170703 0.17737199 -0.03069850
v 0.55065602 0.16570801 -0.01384180
v 0.54475999 0.20594899 -0.04004710
v 0.55154198 0.19149700 -0.04846460
v 0.53835702 0.22227700 -0.04013070
v 0.54558003 0.21254499 -0.05441800
v 0.52270597 0.23858701 -0.00984096
v 0.53058797 0.23111901 -0.02517250
v 0.87462097 0.05169890 0.27437299
v 0.89214498 0.04657260 0.27964300
v 0.88441402 0.04437360 0.26028600
v 0.86695701 0.05019080 0.25516599
v 0.89145899 0.02905100 0.24958000
v 0.87662399 0.03864410 0.24209701
v 0.89425302 0.01471750 0.30254999
v 0.90860802 -0.00025827 0.30258700
v 0.91222900 0.02289890 0.29802001
v 0.87694401 0.00672437 0.30299199
v 0.89571601 0.03591880 0.29594001
v 0.87925899 0.02815950 0.30146101
v -0.23494300 -0.45563599 -0.30890501
v 0.60174102 0.06625530 -0.19925900
v 0.58484399 0.07429230 -0.20789300
v 0.60537702 0.04855790 -0.20257300
v 0.59987801 0.08445740 -0.19303700
v 0.62062299 0.05830120 -0.19365600
v 0.59901798 -0.01850850 -0.21107601
v 0.58376497 -0.01638680 -0.22064701
v 0.59422398 -0.00043633 -0.21333800
v 0.61139798 -0.00448944 -0.20567299
v 0.58770102 -0.03432430 -0.21654201
v 0.60121602 -0.03488140 -0.20839199
v 0.61390603 -0.02441010 -0.20353800
v 0.60451502 0.01458450 -0.20771700
v 0.58785599 0.01767070 -0.21617600
v 0.59569502 0.03406140 -0.20946600
v 0.57924998 0.00155559 -0.22468799
v 0.62443697 0.01075580 -0.20003700
v 0.62955898 -0.01240320 -0.19771700
v 0.61333603 0.02988820 -0.20267101
v 0.63154697 0.02990640 -0.19508301
v 0.64112598 0.01814030 -0.19214299
v -0.02085010 0.44490099 0.29149801
v -0.01601560 0.45643201 0.27603599
v -0.03584840 0.45291600 0.27983001
v -0.03175090 0.46355900 0.26229799
v -0.05524500 0.44902000 0.28332901
v -0.00705686 0.43543199 0.30250999
v -0.00158136 0.44832799 0.28830701
v 0.01245220 0.43860599 0.29963800
v 0.00571928 0.42417100 0.31165701
v 0.01739520 0.45046699 0.28457901
v 0.03380250 0.43994999 0.29663500
v 0.05215600 0.44611901 0.28742501
v 0.03583890 0.45292500 0.27920499
v 0.05535970 0.43412000 0.30093199
v 0.02498140 0.42606199 0.30966201
v 0.04433450 0.42421901 0.30986300
v 0.02360040 0.48487401 0.21928100
v 0.00245664 0.48657200 0.21683399
v 0.03383900 0.49057499 0.20560201
v 0.01787720 0.49272701 0.20256400
v 0.03988920 0.46250099 0.26243401
v 0.05533960 0.45579699 0.27180600
v 0.05735610 0.46333799 0.25781399
v 0.07128170 0.44890299 0.27985701
v 0.06761530 0.44032201 0.29272401
v 0.07582210 0.45834199 0.26227000
v 0.09074220 0.44800100 0.27588901
v 0.08484470 0.43902501 0.29063401
v 0.08853820 0.46528801 0.24475700
v 0.09785910 0.45506501 0.26104599
v 0.09292430 0.47365901 0.22614600
v 0.10802600 0.46625599 0.23504300
v 0.10685200 0.45942000 0.24915700
v 0.06878980 0.49368799 0.19120900
v 0.04988280 0.49224499 0.19909000
v 0.08371250 0.48722401 0.20059000
v 0.08157810 0.48043400 0.21595800
v 0.00914312 0.06981790 0.39149299
v -0.01300960 0.06527280 0.39540300
v 0.69844103 0.01836220 -0.15401199
v 0.69957697 0.03647160 -0.15008000
v 0.68479502 0.03287060 -0.16289300
v 0.71070898 0.00463007 -0.14374000
v 0.69684702 -0.00087014 -0.15628700
v 0.68433201 0.01296580 -0.16600700
v 0.71771300 0.06035820 -0.12501000
v 0.70377803 0.06349680 -0.13759799
v 0.70761597 0.07552520 -0.12750299
v 0.72958499 0.06034010 -0.11044600
v 0.71809602 0.07855990 -0.11327000
v 0.64998603 0.03203240 -0.18583000
v 0.66884798 0.02889790 -0.17491101
v 0.65499002 0.04871220 -0.17935000
v 0.67058700 0.04968430 -0.16902500
v 0.67145699 0.06782910 -0.16169700
v 0.68539101 0.05113450 -0.15772000
v 0.68764001 0.06719260 -0.14959000
v 0.69233501 0.08277380 -0.13674000
v 0.69876999 0.05214250 -0.14677000
v 0.67488497 0.08303400 -0.15094900
v 0.68188500 -0.01054500 -0.16738600
v 0.69605798 -0.02065740 -0.15557601
v -0.37288001 -0.21558800 0.30923799
v -0.38909400 -0.20840000 0.29923201
v -0.40355399 -0.19678600 0.29019400
v 0.56419098 0.15100500 -0.04330950
v 0.56552100 0.15970600 -0.05999050
v 0.55778903 0.17029200 -0.04636060
v 0.55702299 0.15807299 -0.02907970
v 0.55856597 0.17974700 -0.06361720
v 0.60717797 0.13045700 -0.04417570
v 0.62173498 0.13548200 -0.05393970
v 0.60825002 0.13828300 -0.06439030
v 0.62918103 0.13065700 -0.04016810
v 0.58647603 0.13041000 -0.04249890
v 0.59091198 0.13809700 -0.05890370
v 0.61647600 0.12193400 -0.02741830
v 0.57698900 0.14847800 -0.07030180
v 0.56694102 0.16526701 -0.07851440
v 0.58015901 0.15036200 -0.08821830
v 0.57481599 0.14273900 -0.05371320
v 0.59354597 0.14324901 -0.07715510
v 0.61791903 0.14009701 -0.10536200
v 0.59776402 0.14464700 -0.09569620
v 0.61203802 0.14208700 -0.08390380
v 0.63032597 0.14001000 -0.08924160
v 0.62569499 0.13955900 -0.07021300
v 0.57229698 0.13569400 -0.03985590
v 0.56464899 0.13854399 -0.02777480
v 0.55913699 0.18701600 -0.08005990
v 0.56422597 0.17648999 -0.09140050
v 0.57160902 0.16251400 -0.09833640
v -0.28800100 -0.04751500 0.34384000
v -0.23307601 -0.10925900 0.34845501
v -0.24917901 -0.11584800 0.34604099
v -0.22895300 -0.08767250 0.35023299
v -0.23626301 -0.13158600 0.34654501
v -0.22046199 -0.12438100 0.34895301
v -0.18953000 -0.05065640 0.35725099
v -0.20115000 -0.06656950 0.35494101
v -0.18064000 -0.06741910 0.35778001
v -0.22263101 -0.06632890 0.35204300
v -0.20820899 -0.04902010 0.35458100
v -0.21576899 -0.03166290 0.35389900
v -0.22419500 -0.04741750 0.35240000
v -0.16984700 -0.08376080 0.35825899
v -0.17829700 -0.03791040 0.35939899
v 0.37435099 0.19064200 0.31526101
v 0.35887501 0.18430901 0.32238701
v 0.37398601 0.17534301 0.31875500
v 0.38874501 0.17477800 0.31138301
v 0.35749501 0.20483699 0.31911001
v 0.37559500 0.20785700 0.30917999
v 0.38929200 0.19231699 0.30497599
v 0.34825099 0.22403599 0.31815201
v 0.33309400 0.22494601 0.32304400
v 0.34455299 0.17262401 0.32774499
v 0.30210599 0.22703500 0.32925200
v 0.32091001 0.23516899 0.32385600
v 0.28252101 0.23262900 0.33167300
v 0.29311800 0.24383000 0.32861799
v 0.30833599 0.24769400 0.32487699
v 0.30892700 0.29947400 0.30799201
v 0.30110401 0.28547099 0.31762001
v 0.31897900 0.28382501 0.31070599
v 0.29450899 0.30065599 0.31473199
v 0.32469699 0.29677400 0.29859301
v 0.29786500 0.31461000 0.30597901
v 0.31353399 0.31264001 0.29557699
v 0.27862799 0.25503400 0.32925400
v 0.28941301 0.27240300 0.32441801
v 0.26863700 0.27719200 0.32733801
v 0.25064000 0.29093099 0.32795101
v 0.28332099 0.29057699 0.32144901
v 0.26649600 0.29859701 0.32348099
v 0.33128601 0.27037001 0.31073400
v 0.31066701 0.26770401 0.32011801
v 0.32608899 0.25393099 0.31854299
v 0.29583699 0.25783899 0.32597601
v 0.34810400 0.27391201 0.29623201
v 0.33373401 0.28323701 0.30169201
v 0.34379801 0.25731000 0.30916700
v 0.45892701 0.11650400 -0.34011099
v 0.44604999 0.10891600 -0.35448700
v 0.44702700 0.12414600 -0.34914401
v 0.45529500 0.13554101 -0.33900800
v 0.45921099 0.09554460 -0.34412399
v 0.47009200 0.13006701 -0.32822800
v 0.43505400 0.12323300 -0.36239001
v 0.44022799 0.13887700 -0.35189801
v 0.45136201 0.07697650 -0.35498199
v 0.46511599 0.07527140 -0.34141901
v 0.45674500 0.05796520 -0.35136700
v 0.44342199 0.06190110 -0.36561301
v 0.43851700 0.07800850 -0.36835200
v 0.44293800 0.09251180 -0.36158299
v 0.42756799 0.08958750 -0.37654299
v 0.43166599 0.10676000 -0.37066200
v 0.41558999 0.10499100 -0.38399300
v 0.42140201 0.12267300 -0.37720501
v 0.43226400 0.15539899 -0.35456899
v 0.44815901 0.15311500 -0.34057900
v 0.43952399 0.16955300 -0.34299099
v 0.45634401 0.16725799 -0.32998499
v 0.46453199 0.14957599 -0.32826599
v 0.41246000 0.13996100 -0.37973601
v 0.42629701 0.13971600 -0.36656401
v 0.41816700 0.15731500 -0.36870500
v 0.40498701 0.12198100 -0.38798201
v 0.40426800 0.15862100 -0.38042399
v 0.39619499 0.14019901 -0.38890901
v 0.42373300 0.17247500 -0.35702801
v 0.03345650 0.58612299 -0.06606240
v 0.04673940 0.58770001 -0.08134810
v 0.02726070 0.58933902 -0.08401150
v 0.04052100 0.59054899 -0.09845310
v 0.02184940 0.59201401 -0.10265400
v 0.00839867 0.59074801 -0.08895110
v 0.02467320 0.58034599 -0.03430810
v 0.04143720 0.58178401 -0.04659640
v 0.09040750 0.56861597 -0.01409600
v 0.07402880 0.56767702 -0.00179593
v 0.09149870 0.57350701 -0.03458290
v 0.07496100 0.57300800 -0.02274310
v 0.10755300 0.56870800 -0.02579240
v 0.07226850 0.58196098 -0.06203430
v 0.07546640 0.57767397 -0.04314760
v 0.09206350 0.57822001 -0.05697990
v 0.08411580 0.58325303 -0.07772460
v 0.10879300 0.57287699 -0.04438170
v 0.11220000 0.57608700 -0.06261270
v 0.10146600 0.58054298 -0.07716670
v 0.14038400 0.16874100 -0.41080099
v 0.15016100 0.18546100 -0.41021699
v 0.14231700 0.20179000 -0.40993401
v 0.32991800 0.14158900 -0.40285999
v 0.31335601 0.13959000 -0.40444401
v 0.31909099 0.15726100 -0.40315899
v 0.32973301 0.12467200 -0.40350500
v 0.31169799 0.19940600 -0.40137699
v 0.33154401 0.21146999 -0.39796501
v 0.32640100 0.18963900 -0.40049201
v 0.34178299 0.19839901 -0.39775401
v 0.33049801 0.17131300 -0.40121499
v 0.34136301 0.18360400 -0.39905399
v 0.33995101 0.15334000 -0.40114599
v 0.34643099 0.13332000 -0.40134099
v 0.36553499 0.12698500 -0.39889699
v 0.38583201 0.12331900 -0.39479399
v 0.29908600 0.26696500 -0.39642999
v 0.31679699 0.25136000 -0.39552501
v 0.30725399 0.23232301 -0.39917001
v 0.31712201 0.27142900 -0.39200801
v 0.33547801 0.24425100 -0.39289400
v 0.32575500 0.23162200 -0.39680600
v 0.33475399 0.26007599 -0.38917199
v 0.29913601 0.21311300 -0.40164301
v 0.31519201 0.21744600 -0.39962500
v 0.24946600 0.25547799 -0.40268800
v 0.26503900 0.26831600 -0.40022600
v 0.23141900 0.26441801 -0.40332201
v 0.24662200 0.27485299 -0.40135899
v 0.34506100 0.22931300 -0.39294201
v 0.35299700 0.21202300 -0.39380401
v 0.35070801 0.24604900 -0.38684800
v 0.36522099 0.22702700 -0.38530800
v 0.35599500 0.19255801 -0.39585999
v 0.06378210 -0.05125580 0.44933701
v 0.06545310 -0.06693560 0.46187401
v 0.05967250 -0.03666830 0.43605101
v 0.05714700 -0.02612080 0.41984299
v 0.04989470 -0.03550370 0.40544099
v 0.05605870 0.45339200 -0.35977301
v 0.06652220 0.43654901 -0.37446201
v 0.04628840 0.44167000 -0.37291101
v 0.05212460 0.42790401 -0.38228801
v 0.08692730 0.43743399 -0.37023899
v 0.08309280 0.42283300 -0.38301101
v 0.06451810 0.41752300 -0.38737699
v 0.12242800 0.43195900 -0.36736199
v 0.14070700 0.42234901 -0.37107801
v 0.11884700 0.41766199 -0.38041800
v 0.13311000 0.40629700 -0.38448399
v 0.13900501 0.43856999 -0.35576800
v 0.16220701 0.41705999 -0.36867601
v 0.15641400 0.43126699 -0.35657001
v 0.15246899 0.40662301 -0.38079101
v 0.10565100 0.44031301 -0.36308700
v 0.10287400 0.42691001 -0.37650201
v 0.12222100 0.44625300 -0.35279301
v 0.13675199 0.45416799 -0.34092399
v 0.15318200 0.44688600 -0.34269801
v 0.11926700 0.46127400 -0.33886200
v 0.15041000 0.46390799 -0.32884601
v 0.13335399 0.47050601 -0.32758299
v 0.17543100 0.42331299 -0.35616001
v 0.17012601 0.43906799 -0.34362400
v 0.18790600 0.43090701 -0.34401301
v 0.16688000 0.45623001 -0.33051500
v 0.18350001 0.44798601 -0.33199400
v 0.44481099 0.28599000 0.12189100
v 0.44720200 0.27166900 0.13530099
v 0.43581599 0.28773999 0.13772599
v 0.45764899 0.25578201 0.13259600
v 0.43836600 0.27307200 0.15141299
v 0.44892800 0.25715300 0.14917800
v 0.46014100 0.29461899 0.07680870
v 0.45118999 0.29740599 0.09281220
v 0.47164601 0.27783999 0.07360490
v 0.44807401 0.31114301 0.07950750
v 0.46894699 0.29183701 0.06049900
v 0.45724201 0.30820799 0.06348240
v 0.44201300 0.29994300 0.10885500
v 0.43265700 0.30205899 0.12489900
v 0.43893799 0.31364000 0.09547220
v 0.42346200 0.30345601 0.14094600
v 0.40924099 0.31867200 0.14645800
v 0.42728099 0.28859401 0.15342200
v 0.41560501 0.30222800 0.15765700
v 0.43550700 0.32733199 0.08165840
v 0.42259499 0.34300801 0.08318660
v 0.44484100 0.32458001 0.06599990
v 0.43170300 0.34094301 0.06776180
v 0.49589100 0.31185099 -0.05401150
v 0.50623101 0.29812199 -0.06305150
v 0.46562299 0.33875501 -0.01084410
v 0.47385100 0.33552101 -0.02963630
v 0.46035501 0.35192600 -0.02457530
v 0.46975300 0.32554901 0.00326500
v 0.45766100 0.34144700 0.00575495
v 0.47342601 0.31249100 0.01652150
v 0.46123800 0.32892501 0.01975420
v 0.46414801 0.31686401 0.03328790
v 0.47608501 0.30043501 0.02965660
v 0.48540699 0.29533201 0.01273470
v 0.44884101 0.34449300 0.02234800
v 0.45172501 0.33291900 0.03639950
v 0.43617001 0.35952100 0.02424260
v 0.43869701 0.34876999 0.03872520
v -0.09700940 -0.10935900 -0.41247201
v -0.10051800 -0.09120690 -0.41266400
v 0.45448700 0.32099599 0.04997730
v 0.46653301 0.30482101 0.04685700
v 0.44155800 0.33727700 0.05247960
v 0.42788801 0.35388899 0.05385230
v 0.41821399 0.35695800 0.06875880
v 0.42553300 0.36469400 0.03908770
v 0.41277099 0.37195399 0.05276890
v 0.40949100 0.35775101 0.08481350
v 0.40434399 0.37145501 0.07083450
v 0.40047899 0.35830599 0.10120200
v 0.39572299 0.37152901 0.08732540
v 0.47998399 0.27565601 0.05669850
v 0.47777200 0.28881600 0.04351340
v 0.48677799 0.27487499 0.04082120
v 0.48708400 0.28376999 0.02670550
v 0.49728400 0.27664900 0.00930045
v 0.49557501 0.26686701 0.02888510
v 0.50822699 0.26330599 -0.00203511
v -0.54437900 -0.19769700 -0.01717460
v -0.54412401 -0.18511000 -0.00135503
v -0.53731197 -0.18893400 0.01589950
v -0.55019200 -0.16713400 -0.00295418
v -0.54326701 -0.17129400 0.01541120
v -0.55538100 -0.14972299 -0.00388810
v -0.54889399 -0.15418400 0.01338430
v -0.56116903 -0.14156599 -0.01695520
v -0.55407703 -0.13917500 0.00952976
v -0.54219401 -0.15663099 0.03151140
v -0.54933602 -0.13633400 0.02600220
v -0.53627300 -0.17405100 0.03353840
v 0.57670599 0.13144299 -0.18836400
v 0.58590102 0.12822901 -0.17249200
v 0.58860302 0.11407400 -0.18387300
v 0.57538402 0.14562701 -0.17700000
v 0.59644902 0.12845901 -0.15700200
v 0.58262497 0.14105600 -0.16021401
v 0.58956498 0.14030001 -0.14289100
v 0.60576200 0.13155900 -0.14122801
v 0.57749701 0.15322500 -0.14785600
v 0.58128601 0.15128800 -0.12881900
v 0.59567899 0.14120799 -0.12574600
v 0.62339300 0.12559500 -0.14077300
v -0.00414746 0.47265199 -0.34230500
v -0.03091800 0.48739299 -0.32850900
v -0.02286600 0.47406501 -0.34029999
v 0.03891110 0.49466601 -0.32160801
v 0.02965490 0.50871998 -0.30984899
v 0.04856600 0.50825602 -0.30891299
v 0.02942990 0.48046601 -0.33446699
v 0.05809800 0.49449801 -0.32014599
v 0.05061510 0.48073399 -0.33263600
v 0.06702330 0.50780803 -0.30744401
v 0.07769180 0.49503601 -0.31735599
v 0.08394270 0.50662500 -0.30624801
v 0.05911800 0.52150500 -0.29522100
v 0.09274800 0.48271701 -0.32545000
v 0.11442900 0.47619501 -0.32696500
v 0.07012700 0.48166099 -0.32965401
v 0.09718080 0.49759400 -0.31205499
v 0.11037100 0.48857000 -0.31740600
v 0.02181900 0.52207100 -0.29752100
v 0.04066570 0.52161098 -0.29679099
v 0.01590550 0.53530002 -0.28382900
v 0.03233220 0.53193402 -0.28675801
v -0.03271680 0.51311702 -0.30593500
v -0.04742440 0.52345401 -0.29475099
v -0.05287980 0.51094800 -0.30635199
v -0.04004260 0.50012499 -0.31715500
v 0.12788901 0.48592499 -0.31600699
v 0.11697600 0.49925399 -0.30673799
v 0.13844000 0.49821699 -0.30255699
v 0.14654200 0.48083001 -0.31586999
v 0.12131900 0.51184797 -0.29382300
v 0.12242500 0.52582902 -0.27891999
v 0.01091040 0.54824603 -0.26861000
v 0.03011940 0.54315501 -0.27402499
v 0.02462690 0.55533701 -0.25854000
v -0.00739261 0.55174601 -0.26423499
v 0.00568547 0.56016999 -0.25229999
v 0.04980760 0.53558999 -0.28123400
v 0.06583850 0.54588300 -0.26701701
v 0.04432740 0.54949701 -0.26497599
v -0.51714098 -0.09062120 0.13286300
v -0.14681800 -0.13987599 -0.41139701
v 0.15877301 0.42817199 0.27657300
v 0.17618699 0.42672801 0.26805899
v 0.15980200 0.43747601 0.26064000
v 0.17599000 0.43617401 0.25171399
v 0.14598399 0.43739900 0.26918200
v 0.14013000 0.44731200 0.25498500
v 0.15879899 0.44670701 0.24447700
v 0.17443299 0.45547101 0.21625499
v 0.19084200 0.45400700 0.20608400
v 0.17294100 0.46540201 0.19735301
v 0.15789101 0.46464500 0.20980000
v 0.19346800 0.46111000 0.18948700
v 0.15309000 0.47329199 0.19524699
v 0.17465900 0.44596699 0.23451100
v 0.15895200 0.45560399 0.22729000
v 0.14228800 0.45620799 0.23690499
v 0.14274199 0.46459100 0.21986599
v 0.19289900 0.42493099 0.25886700
v 0.19098900 0.41567400 0.27562201
v 0.17255799 0.41756001 0.28423899
v 0.20986401 0.41248000 0.26623401
v 0.20376199 0.40330601 0.28458199
v 0.18550199 0.40618300 0.29156801
v 0.19084799 0.43520099 0.24211000
v 0.18915400 0.44542700 0.22420600
v 0.20182000 0.43577999 0.23191400
v 0.20932201 0.42441800 0.24615200
v 0.22605500 0.41248500 0.25223100
v 0.22709700 0.40411299 0.26534000
v 0.22806400 0.42085201 0.23558800
v 0.24308901 0.40944201 0.24116001
v 0.24220601 0.40092301 0.25648400
v 0.21559700 0.43180200 0.22708599
v 0.23072000 0.42940399 0.21724100
v 0.24413601 0.41846299 0.22399899
v 0.21848500 0.43901899 0.21083400
v 0.23044300 0.43875501 0.19965300
v 0.24540000 0.42778999 0.20534900
v 0.20422100 0.44322699 0.21567400
v 0.21108000 0.44942299 0.19730900
v 0.17794999 0.39540401 0.30515701
v 0.16548900 0.40739700 0.29910299
v 0.19730400 0.39293200 0.29962501
v 0.15770499 0.39518899 0.31134999
v 0.18821000 0.38140199 0.31170300
v 0.17056499 0.38479400 0.31460199
v 0.15309900 0.41870999 0.29206699
v 0.14069800 0.43014199 0.28298700
v 0.14517599 0.40727800 0.30584100
v 0.13387200 0.42044899 0.29771000
v -0.52006602 -0.16042601 0.08707370
v -0.49809599 -0.14280801 0.14981900
v -0.50564200 -0.13863100 0.13549000
v -0.51266098 -0.12533499 0.12703501
v 0.77340901 0.03426440 -0.04565020
v 0.78035903 0.02765680 -0.03115490
v 0.76723897 0.02941190 -0.06061660
v 0.76666898 0.04894720 -0.05350020
v 0.77584302 0.04557780 -0.03401130
v 0.76972902 0.06276500 -0.03646150
v 0.76084900 0.06836880 -0.05231070
v 0.76166701 0.08003500 -0.03703450
v 0.77799398 0.05727250 -0.01903630
v 0.77047402 0.07421040 -0.02052650
v 0.78573501 0.05099840 -0.00178484
v 0.77843499 0.06839020 -0.00329242
v 0.78374898 0.03922240 -0.01659680
v 0.78605402 0.06248940 0.01384020
v 0.79262203 0.04447250 0.01515460
v 0.79075801 0.03222710 0.00052699
v 0.78413397 0.07288750 0.03024170
v 0.77637798 0.07864290 0.01323420
v 0.79330498 0.05638830 0.03086100
v 0.77166301 0.08797520 0.02968110
v 0.79240602 0.06665250 0.04735540
v 0.78017902 0.08230560 0.04615480
v 0.75215697 0.08511090 -0.05293520
v 0.74929899 0.09748250 -0.03793210
v 0.73953199 0.10001700 -0.05668560
v 0.75215298 0.07420530 -0.06503220
v 0.74257201 0.08729880 -0.06918250
v 0.75634700 0.05892800 -0.06873880
v 0.75885499 0.04089350 -0.07333480
v 0.74434900 0.07084860 -0.08142040
v 0.74905699 0.05154960 -0.08584230
v 0.76908898 0.08434230 -0.00395438
v 0.76081401 0.09011790 -0.02093360
v 0.75733602 0.09841170 -0.00354346
v 0.76440197 0.09334910 0.01317930
v 0.27181199 0.50891602 -0.22605900
v 0.27430299 0.49798900 -0.24188700
v 0.25744599 0.50741100 -0.24055600
v 0.26024699 0.49533400 -0.25540701
v 0.28880599 0.49783099 -0.22965400
v 0.29035601 0.48657799 -0.24520800
v 0.27563500 0.48785499 -0.25452501
v 0.25524601 0.51796800 -0.22426400
v 0.24082400 0.51557702 -0.23999900
v 0.24334900 0.50358999 -0.25547200
v 0.23815601 0.52584600 -0.22404701
v 0.77436697 -0.06791520 0.18947700
v 0.75792402 -0.06218050 0.18009999
v 0.77224702 -0.07252030 0.17017800
v 0.76090801 -0.05639100 0.19823200
v 0.75504798 -0.06816350 0.16240400
v 0.74202198 -0.05122070 0.17031100
v 0.74871802 -0.05002560 0.18746699
v 0.77617103 -0.06218060 0.20879200
v 0.79317302 -0.06426000 0.21788500
v 0.81114900 -0.06284940 0.22611301
v 0.77983201 -0.05586050 0.22755000
v 0.79711699 -0.05881930 0.23714700
v 0.16681799 0.56696200 -0.18472800
v 0.15483400 0.57290298 -0.17107700
v 0.15798700 0.56335402 -0.20525999
v 0.15195400 0.57022101 -0.18882900
v 0.09181500 0.57774198 -0.20517400
v 0.10815100 0.57786697 -0.19607501
v 0.09010170 0.57033002 -0.22354101
v 0.09321150 0.58312702 -0.18511900
v 0.10905500 0.58245599 -0.17467400
v 0.09418250 0.58624399 -0.16415100
v 0.12353600 0.57712400 -0.18754201
v 0.12538400 0.58048499 -0.16681200
v 0.11159400 0.58427399 -0.15152200
v 0.07625940 0.58278102 -0.19591200
v 0.07415030 0.57655698 -0.21443100
v 0.07794450 0.58691198 -0.17623299
v 0.06050020 0.58657598 -0.18782200
v 0.05800040 0.58143300 -0.20624100
v 0.07773540 0.58933300 -0.15621901
v 0.06185700 0.58993697 -0.16862300
v 0.09214650 0.58786500 -0.14369400
v 0.07398240 0.59033000 -0.13629401
v 0.06040760 0.59168899 -0.14927100
v 0.22890700 0.35627800 0.31389800
v 0.22693600 0.37277400 0.30373499
v 0.21436299 0.36113101 0.31593001
v 0.24252699 0.35870901 0.30657199
v 0.22155701 0.34050199 0.32214499
v 0.23952000 0.34249899 0.31682301
v 0.22175699 0.32062000 0.32708400
v 0.20726299 0.32742700 0.32771799
v 0.21167500 0.30796200 0.33049300
v 0.23601200 0.32403901 0.32381999
v 0.23161900 0.30336800 0.32862899
v 0.19392601 0.31366199 0.33153400
v 0.19769999 0.29496300 0.33382201
v 0.17924701 0.30077299 0.33472300
v 0.14263500 0.31554100 0.33528900
v 0.14034501 0.33348101 0.33264101
v 0.16103400 0.30748799 0.33520201
v 0.14436699 0.29804400 0.33770600
v -0.19971700 -0.01175340 -0.41154301
v -0.17893600 0.01420080 -0.41202000
v 0.17435800 0.36927199 0.32088599
v 0.19622800 0.36548901 0.31838799
v 0.15444700 0.38012299 0.31986400
v 0.15432300 0.36293700 0.32547000
v 0.16346399 0.28938100 0.33755401
v 0.18275000 0.28266400 0.33685499
v 0.14517701 0.27936000 0.34018701
v 0.46265799 0.18230499 -0.32056201
v 0.44635299 0.18401401 -0.33262199
v 0.45065999 0.20016600 -0.32391000
v 0.46511701 0.19961600 -0.31290799
v 0.47910300 0.18135700 -0.30725101
v 0.47265199 0.16416401 -0.31792799
v 0.21270600 -0.46617600 0.16193201
v 0.20354500 -0.47644499 0.14845000
v 0.21681800 -0.48551601 0.11540700
v 0.23325901 -0.47954401 0.11150800
v 0.21044099 -0.48071599 0.13241901
v 0.22415100 -0.48862499 0.10061000
v 0.20862301 -0.49618700 0.09900210
v 0.19936000 -0.49153000 0.11856100
v 0.24977300 -0.47395000 0.10541800
v 0.23840700 -0.48471001 0.09390110
v 0.25938499 -0.46342799 0.11723200
v 0.26688001 -0.46706399 0.09984460
v 0.26621699 -0.45357600 0.13016400
v 0.27602601 -0.45635101 0.11171300
v 0.27358699 -0.44354400 0.14181700
v 0.22530600 -0.49469501 0.08493390
v 0.22846700 -0.50049502 0.06707460
v 0.21126600 -0.50342298 0.07868840
v -0.21860699 -0.01980730 -0.41100201
v 0.75380403 -0.01451760 0.23270901
v 0.75500602 0.00796850 0.23469000
v 0.74669302 -0.00811454 0.21834600
v 0.75082600 -0.02807850 0.21749200
v 0.73980999 -0.00358507 0.20182499
v 0.74720502 0.01083760 0.21580499
v 0.74226600 -0.02267120 0.20220301
v 0.76302600 -0.02467960 0.24377801
v 0.76071101 -0.00511632 0.24844900
v 0.75856900 -0.03228920 0.22977801
v 0.75586402 0.02663000 0.22613600
v 0.75701100 0.04076570 0.21687301
v 0.74870402 0.02917360 0.20888500
v 0.76688200 0.02992410 0.24346800
v 0.76714897 0.04369940 0.22870401
v 0.77004403 -0.04223690 0.23630799
v 0.77572799 -0.03466320 0.25331801
v 0.76278102 -0.04702420 0.21744300
v 0.78542000 -0.04903380 0.24634700
v 0.78082597 -0.02721760 0.26795399
v 0.77020502 -0.01744320 0.25963601
v 0.78078097 -0.01271030 0.27546701
v 0.77085900 0.00017699 0.26482400
v 0.40325701 -0.42596400 -0.05188400
v 0.70025402 0.07688880 0.06991540
v 0.69186997 0.08498510 0.05328910
v 0.68533403 0.06874350 0.05975130
v 0.67576599 0.07655970 0.04508590
v 0.68167102 0.05139490 0.06444270
v 0.69498497 0.06064930 0.07556290
v 0.67071801 0.05848190 0.05045500
v 0.70869601 0.06922690 0.08676530
v 0.71622503 0.08407410 0.07975120
v 0.72391301 0.07877750 0.09673780
v 0.70845902 0.09087050 0.06259130
v 0.73418099 0.09056090 0.08771170
v 0.28116500 -0.52481198 -0.11681400
v 0.29578999 -0.51709598 -0.12123100
v 0.28124699 -0.52541399 -0.13264599
v 0.32193899 -0.50031799 -0.10863500
v 0.31357500 -0.50697398 -0.12693900
v 0.31215900 -0.50803500 -0.14728500
v 0.31299901 -0.50594002 -0.16502599
v 0.32504800 -0.49950901 -0.15624399
v 0.29678100 -0.51612502 -0.15787201
v 0.29716399 -0.51686698 -0.13951300
v -0.20016301 -0.03516560 -0.41144401
v -0.18065700 -0.04122070 -0.41185600
v -0.19031900 -0.05432870 -0.41155401
v 0.67182302 0.11488900 0.00128018
v 0.67261302 0.10156600 0.02014480
v 0.68445897 0.11148800 0.01352950
v 0.69223303 0.10514300 0.02801300
v 0.68796301 0.11941900 -0.00110635
v 0.70019901 0.11418700 0.01499830
v 0.65720201 0.10783000 0.00446553
v 0.65482098 0.09287470 0.01809120
v 0.64174002 0.11243400 -0.00732711
v 0.64442301 0.10050900 0.00607072
v 0.65732902 0.11995100 -0.01276890
v 0.67489600 0.12423800 -0.01663560
v 0.66166598 0.12836300 -0.03045000
v 0.63982397 0.12390700 -0.02475510
v 0.68264902 0.12921201 -0.03597120
v 0.66900003 0.13242599 -0.05034780
v 0.64967799 0.13235299 -0.04304730
v 0.62974799 0.10022800 0.00007736
v 0.63815802 0.08691100 0.01399850
v 0.62096202 0.08527920 0.00789895
v 0.62967902 0.06888360 0.02051090
v 0.64868599 0.07603470 0.02654640
v 0.66584200 0.08459990 0.03141740
v 0.68310899 0.09264930 0.03760980
v 0.76375800 0.09429940 0.07786820
v 0.75288999 0.09360460 0.09317510
v 0.77099502 0.09006140 0.09571490
v 0.74163598 0.08618480 0.10508200
v 0.76046503 0.08912570 0.11110700
v 0.49518600 0.22410800 -0.27484399
v 0.48591501 0.21412700 -0.28894401
v 0.48097399 0.23406100 -0.28475800
v 0.49942201 0.20563801 -0.27863500
v 0.49022099 0.23994200 -0.27239501
v 0.50198400 0.23584500 -0.26104900
v 0.50866199 0.21680200 -0.26293501
v 0.46519399 0.24841000 -0.29262200
v 0.46797401 0.26433501 -0.28231600
v 0.47886100 0.25185901 -0.27801999
v 0.47814599 0.26879999 -0.26947799
v 0.49143401 0.25354901 -0.26348200
v 0.45569000 0.26951399 -0.29072201
v 0.47165200 0.22578301 -0.29719299
v 0.45714101 0.23481099 -0.30564299
v 0.44905001 0.25500301 -0.30332699
v 0.47668099 0.20425200 -0.30158100
v 0.48984399 0.19349900 -0.29330599
v 0.46429700 0.28075001 -0.27662000
v 0.44026300 0.27694699 -0.29993200
v 0.44250900 0.34018001 -0.25752899
v 0.44535199 0.35344699 -0.24122199
v 0.42083099 0.31293499 -0.29614100
v 0.42575800 0.29218000 -0.30372399
v 0.41283900 0.30249599 -0.30809999
v 0.40306199 0.31622499 -0.30767199
v 0.42287901 0.33032200 -0.28359401
v 0.40714499 0.33063799 -0.29610100
v 0.47474399 0.28667900 -0.26187700
v 0.48522201 0.28892201 -0.24721000
v 0.48953700 0.27077001 -0.25496599
v 0.49498099 0.29008299 -0.23151800
v 0.49924001 0.27244699 -0.24049500
v 0.50752199 0.27396899 -0.22506100
v 0.49152699 0.30623299 -0.22056100
v 0.51817799 0.24141701 -0.23436400
v 0.51466501 0.22889100 -0.24839000
v 0.50457501 0.25159299 -0.24797501
v 0.51059800 0.25868601 -0.23364601
v -0.01981570 0.57581598 -0.01471650
v -0.00752423 0.57909799 -0.02683450
v 0.00148819 0.57361603 -0.00511567
v 0.01200650 0.57767200 -0.02112310
v 0.31664801 0.28691101 -0.38815200
v 0.32363600 0.29646000 -0.37911999
v 0.33197200 0.27839899 -0.38426700
v 0.30619201 0.30132300 -0.38657299
v 0.30111501 0.28525901 -0.39303499
v 0.29459301 0.31819299 -0.38424799
v 0.31151700 0.31383801 -0.37560299
v 0.28847301 0.30183199 -0.39199501
v 0.29867101 0.33084700 -0.37182799
v 0.28270999 0.33527201 -0.38058299
v 0.27391699 0.38345900 0.25197601
v 0.27016699 0.37554801 0.26796499
v 0.25686800 0.38840401 0.26203501
v 0.28922001 0.37869099 0.24157099
v 0.27542600 0.39350900 0.23366401
v 0.25905401 0.39685300 0.24624200
v -0.14840500 -0.03011660 -0.41249701
v -0.13525200 -0.01340470 -0.41272199
v 0.24586000 0.37167400 0.29347301
v 0.26375699 0.36823601 0.28367901
v 0.25175700 0.38076800 0.27801999
v 0.25895301 0.35781300 0.29766300
v 0.28073299 0.36178699 0.27596101
v 0.27335599 0.35589799 0.28933701
v 0.28787601 0.34492999 0.28821900
v 0.27250999 0.34379700 0.30066401
v 0.28562301 0.32936701 0.30353901
v 0.30109000 0.32813999 0.29334301
v 0.26937801 0.32907501 0.31212500
v 0.28064999 0.31152901 0.31545100
v -0.41541001 0.25103101 -0.33273700
v -0.43122000 0.23742400 -0.32701001
v -0.42014599 0.23277400 -0.33687499
v -0.10282400 0.58657199 -0.12544900
v -0.08292410 0.58947802 -0.12920800
v -0.09924100 0.58711600 -0.14648999
v -0.07830090 0.58940297 -0.15425800
v -0.07846960 0.58842403 -0.10591100
v -0.06500980 0.59113598 -0.11886200
v -0.09256800 0.58721697 -0.11224100
v -0.08307490 0.57709497 -0.04202300
v -0.07864840 0.58169901 -0.06108800
v -0.06881880 0.57719898 -0.03460180
v -0.09735170 0.57737601 -0.05277930
v -0.08397600 0.57197303 -0.02187240
v -0.10178100 0.57185698 -0.03260100
v -0.11118000 0.57758301 -0.06508680
v -0.12638000 0.57693601 -0.07760950
v -0.09382150 0.58188701 -0.07312350
v -0.10945100 0.58140200 -0.08527960
v -0.07477330 0.58583802 -0.08239050
v -0.09267080 0.58515602 -0.09354930
v -0.12698901 0.57991803 -0.09867460
v -0.10739700 0.58432299 -0.10539000
v -0.12054300 0.58311701 -0.11923400
v -0.14413001 0.57445198 -0.08628070
v -0.14746100 0.57604897 -0.10484100
v -0.13588400 0.57970202 -0.11553300
v -0.39353001 0.32819799 -0.30966201
v -0.38899300 0.34559599 -0.30214900
v -0.37763599 0.33639601 -0.31546900
v 0.71976799 0.04580110 0.12655000
v 0.71338701 0.04698100 0.11034400
v 0.72398001 0.05972040 0.12077400
v 0.72189897 0.03660680 0.13996500
v 0.72855997 0.05386290 0.13890199
v 0.73120803 0.07444070 0.11390200
v 0.71679002 0.06357690 0.10328200
v 0.74841201 0.08150770 0.12272300
v 0.73683101 0.06931330 0.13202600
v 0.72487199 0.02392140 0.15470000
v 0.72434902 0.00456815 0.15973800
v 0.73204499 0.04570420 0.15543200
v 0.73609698 0.03715590 0.17244200
v 0.72971302 0.01456030 0.17113200
v 0.74464500 0.05747140 0.16805699
v 0.74907202 0.05294810 0.18453699
v 0.76400101 0.06760000 0.17867100
v 0.76446801 0.06099730 0.19612400
v 0.74298197 0.03498590 0.19106600
v 0.75315899 0.04715180 0.20168300
v 0.74054700 0.06294910 0.15057500
v 0.75209498 0.07588500 0.14095600
v 0.75538403 0.07106200 0.15978900
v 0.70329303 0.12575300 -0.03247180
v 0.69769901 0.12772800 -0.04693350
v 0.68690801 0.12996100 -0.05773520
v 0.71456498 0.12137800 -0.04671940
v 0.70508999 0.12339500 -0.06138850
v 0.67600900 0.13124000 -0.07415580
v 0.69515097 0.12415000 -0.07607780
v 0.65735197 0.13544001 -0.06291120
v 0.65992898 0.13467000 -0.08365190
v 0.67187703 0.12729999 -0.09706390
v 0.68747598 0.12139300 -0.09301820
v 0.71084303 0.09784030 -0.10442000
v 0.69610697 0.10797300 -0.10823000
v 0.70373303 0.11285700 -0.09154330
v 0.70275903 0.09132450 -0.12020500
v 0.68807203 0.10109200 -0.12509599
v 0.68090701 0.11588000 -0.11197600
v 0.72930801 0.10182900 -0.07300060
v 0.71302199 0.11442500 -0.07589020
v 0.72336102 0.11307000 -0.06047940
v 0.71918797 0.10176000 -0.08855330
v -0.48653901 0.32799500 -0.20679501
v -0.47166601 0.34320900 -0.21617800
v -0.47707301 0.34571800 -0.20013200
v -0.48668200 0.33754000 -0.18688300
v -0.45569801 0.36009100 -0.22140200
v -0.46541601 0.35681900 -0.20806301
v -0.15264800 0.04254970 -0.41233599
v 0.55312198 0.20234700 -0.18940100
v 0.55159402 0.21522400 -0.17297700
v 0.55857599 0.19830400 -0.17164700
v 0.56021100 0.18450400 -0.18578500
v 0.54568499 0.20764799 -0.20604400
v 0.55310500 0.18868500 -0.20381400
v 0.51040697 0.30676699 -0.13374799
v 0.51917398 0.29062200 -0.14321800
v 0.50729197 0.31140801 -0.15081801
v 0.49927399 0.32505700 -0.13878500
v 0.51005298 0.30593801 -0.11593600
v 0.51917499 0.29069999 -0.12279300
v 0.50259602 0.31913701 -0.12457800
v 0.52379000 0.26355201 -0.19864801
v 0.51984102 0.25572199 -0.21850900
v 0.52879202 0.23417400 -0.22058800
v 0.52446002 0.27269700 -0.17931600
v 0.52244103 0.28197801 -0.16103999
v 0.54893202 0.22728600 -0.15464400
v 0.55583698 0.21044400 -0.15514199
v 0.55243897 0.22130100 -0.13745600
v 0.52432799 0.27852201 -0.10666900
v -0.16621000 0.02733290 -0.41219500
v 0.51644498 0.28375900 -0.07331990
v 0.52548599 0.27129999 -0.08779770
v 0.51716298 0.28824499 -0.09116810
v 0.50744998 0.30210701 -0.08032210
v 0.51665503 0.29305401 -0.10670100
v 0.50837600 0.30538601 -0.09774330
v -0.32135201 -0.21062100 -0.39955699
v -0.32866099 -0.22938800 -0.39680099
v -0.29050601 -0.27307999 -0.39692000
v -0.33280101 -0.24888800 -0.39341399
v -0.34931600 -0.25393599 -0.38701099
v 0.00047786 0.57150602 -0.23396599
v -0.02220980 0.57200801 -0.23226599
v -0.01320080 0.57893902 -0.21837500
v 0.00523247 0.58044201 -0.21486799
v -0.01312520 0.56312501 -0.24781300
v 0.02033500 0.57581699 -0.22513700
v 0.02031910 0.56651300 -0.24209499
v -0.04373850 0.57230502 -0.22931100
v -0.03336360 0.57910198 -0.21640299
v -0.03341760 0.56436402 -0.24443500
v -0.05437910 0.56439000 -0.24175000
v -0.06501590 0.57164598 -0.22682001
v -0.07486370 0.56305301 -0.24036400
v -0.06397170 0.55487698 -0.25497800
v -0.08603090 0.56940401 -0.22601600
v -0.09527670 0.56026000 -0.24019000
v -0.08349050 0.55309600 -0.25401700
v -0.09826520 0.57392597 -0.21185701
v -0.09093590 0.58058298 -0.19563501
v -0.11040300 0.57709998 -0.19649500
v -0.10699100 0.56576198 -0.22648101
v -0.11900700 0.57012302 -0.21182200
v 0.03902740 0.57918900 -0.21594200
v 0.02313950 0.58324999 -0.20703299
v 0.03738490 0.57111502 -0.23283701
v 0.04197400 0.58526999 -0.19823100
v 0.05571880 0.57446301 -0.22366001
v -0.00728637 0.58468902 -0.20396601
v 0.00682504 0.58763498 -0.19388400
v -0.01278970 0.58938903 -0.18739299
v 0.02652640 0.58868802 -0.18869901
v 0.01407270 0.59124601 -0.17753400
v -0.00130609 0.59207702 -0.17287500
v -0.03137160 0.58972400 -0.18369301
v -0.02368030 0.58511001 -0.20193499
v -0.01934370 0.59269702 -0.16847800
v 0.04227230 -0.14092200 -0.41246900
v 0.05293210 -0.15791100 -0.41210499
v 0.04557680 -0.17388800 -0.41182300
v -0.13586900 -0.16892500 -0.41085100
v -0.14978901 -0.15900899 -0.41088301
v -0.27252501 -0.07571820 -0.40865600
v -0.21938799 -0.04277150 -0.41091701
v 0.27477399 0.43482399 0.15772900
v 0.28419799 0.43591100 0.14356101
v 0.29219100 0.42592299 0.15308800
v 0.28443000 0.44279900 0.12888700
v 0.29846299 0.43034300 0.13566200
v 0.28386399 0.45079100 0.11262800
v 0.29998800 0.43750000 0.11872600
v 0.28548700 0.45737600 0.09619520
v 0.26681200 0.46422800 0.10536800
v 0.28332800 0.47052199 0.06947940
v 0.28484899 0.47636300 0.05340840
v 0.26824799 0.47916099 0.06957420
v 0.27053300 0.48638600 0.04889860
v 0.27475601 0.46845800 0.08579170
v 0.25766999 0.47634700 0.08963570
v 0.24915101 0.48679700 0.07552210
v 0.25712001 0.48895499 0.06053160
v 0.24721400 0.47490701 0.10545400
v 0.23904800 0.48531601 0.09088310
v 0.23513600 0.47462699 0.11981500
v 0.22798200 0.48456800 0.10485900
v 0.29155299 0.46156001 0.07858020
v 0.29782301 0.46563199 0.06014820
v 0.31554300 0.42297500 0.12622701
v 0.33107099 0.42008999 0.10857600
v 0.33200699 0.41047800 0.12590700
v 0.32420000 0.40828300 0.14165500
v 0.30890599 0.41771999 0.14615300
v 0.31085199 0.40114301 0.17440400
v 0.30145401 0.41404799 0.16358900
v 0.29388201 0.41063800 0.18007199
v 0.30441999 0.39708000 0.19035400
v 0.28325400 0.42330101 0.16974100
v 0.27669701 0.41905200 0.18612701
v 0.28830099 0.40541199 0.19675399
v 0.31832001 0.40400100 0.15833300
v 0.32670900 0.39002299 0.17114100
v 0.31848499 0.38932300 0.18446000
v 0.38962001 0.38513699 0.07437140
v 0.39715001 0.38582700 0.05838380
v 0.38905999 0.39909399 0.04844730
v 0.40134999 0.38995001 0.04165840
v 0.40382701 0.39712900 0.02152830
v 0.38935700 0.40580001 0.03381030
v 0.37668201 0.42044699 0.02740000
v 0.36190200 0.42870501 0.03750730
v 0.34571299 0.43795300 0.04599820
v 0.34053600 0.43476599 0.06222180
v 0.34146500 0.42118800 0.08963980
v 0.34946999 0.40946400 0.09967240
v 0.34284800 0.40779999 0.11393500
v 0.36596701 0.39754701 0.09430210
v 0.30990201 0.48472700 -0.00987816
v 0.30165699 0.49278599 -0.01920250
v 0.32421800 0.47607100 -0.01197350
v 0.27697900 0.50036800 0.00123974
v 0.26862699 0.49402800 0.03192830
v 0.26268601 0.50325501 0.01513730
v 0.33101299 0.44593200 0.05328160
v 0.31527799 0.45773700 0.05181130
v 0.33149099 0.45151401 0.03936790
v 0.32673901 0.46963301 0.00131153
v 0.36801499 0.44522399 -0.01672040
v 0.35408700 0.45931000 -0.02591220
v 0.33978701 0.46483001 -0.01088860
v 0.33576500 0.39201599 0.15368600
v 0.33734500 0.39947999 0.13812099
v 0.35269099 0.37708899 0.15295200
v 0.34183800 0.37795201 0.16889501
v 0.05832290 -0.14383000 -0.41235501
v 0.07347420 -0.15550300 -0.41202101
v 0.08604730 -0.13963801 -0.41219300
v 0.09398600 -0.15843099 -0.41173899
v 0.06982170 -0.22101200 -0.41056100
v 0.08907960 -0.22382399 -0.41021699
v 0.07307830 -0.23838601 -0.40991399
v 0.09213270 -0.24172699 -0.40952000
v 0.09579170 -0.12067800 -0.41238299
v 0.10779700 0.52000397 0.11464300
v 0.12706199 0.51835799 0.10849800
v 0.11594600 0.52697599 0.09339490
v 0.13629700 0.51143497 0.11984100
v 0.14664599 0.51471800 0.10512700
v 0.16641501 0.50932801 0.10376800
v 0.15419300 0.50554800 0.12184200
v 0.18703800 0.50235897 0.10319800
v 0.17786101 0.51163203 0.08879060
v 0.15314400 0.49770001 0.14083600
v 0.10796600 0.54974997 0.03683710
v 0.11100700 0.54290903 0.05455330
v 0.12731899 0.54296303 0.04461440
v 0.09146390 0.54972798 0.04556750
v 0.09520030 0.54228699 0.06416700
v 0.11368900 0.53550100 0.07301010
v 0.14215900 0.54424602 0.03065740
v 0.16064300 0.53636497 0.03888260
v 0.16063300 0.54299998 0.01971380
v 0.12305300 0.54908901 0.02958750
v 0.14649200 0.55000597 0.01008810
v 0.19008800 0.51279998 0.07500980
v 0.19862400 0.50363600 0.08953920
v 0.21058300 0.50440001 0.07594400
v 0.20321000 0.51318699 0.06130670
v 0.18312900 0.52122700 0.05996990
v 0.23036100 0.49554801 0.07641150
v 0.21922700 0.49470901 0.09043550
v 0.22288799 0.50491101 0.06166120
v 0.24153399 0.49639300 0.06135820
v 0.21679100 0.51321000 0.04701170
v 0.23603500 0.50480002 0.04656350
v 0.19729000 0.52117199 0.04636110
v 0.21101400 0.52116197 0.03203880
v 0.23013100 0.51287103 0.03231470
v 0.17826100 0.52897900 0.04387090
v 0.17607801 0.53611499 0.02607200
v 0.19268700 0.52873898 0.03052220
v 0.20495500 0.52926499 0.01588300
v 0.21477000 0.53046000 0.00042873
v 0.19745700 0.53737599 -0.00018959
v 0.22279400 0.52151197 0.01721910
v 0.18969899 0.53515702 0.01529930
v 0.18967099 0.54489899 -0.01592240
v 0.20033000 0.54672801 -0.03646020
v 0.20727600 0.53885502 -0.01710380
v 0.17816199 0.54243702 0.00483747
v 0.17113800 0.54985702 -0.01256800
v 0.09817030 0.53447300 0.08324780
v 0.09561330 0.52736998 0.10213400
v 0.08778510 0.52145803 0.11992400
v 0.07631560 0.52913398 0.10554600
v 0.06659770 0.52398098 0.12122300
v 0.15253501 0.55408001 -0.00865025
v 0.16187800 0.54805797 0.00292074
v 0.14126600 0.56056798 -0.02186020
v 0.80502200 -0.02027600 0.04256450
v 0.80647600 0.00015504 0.04381510
v 0.81062299 -0.01552100 0.06180230
v 0.80643600 -0.03152840 0.05604800
v 0.81252903 0.00485075 0.06567670
v 0.81649899 -0.00772894 0.08030760
v 0.81409299 -0.02696970 0.08107110
v 0.80923599 -0.03431610 0.06937790
v 0.81794697 0.01023150 0.08544460
v 0.82313401 0.01507950 0.10540400
v 0.82190299 -0.00322588 0.09880740
v 0.82766002 0.00140330 0.11760200
v 0.82353699 -0.02088920 0.11089700
v 0.81892902 -0.01937840 0.09389830
v 0.83146000 -0.02600920 0.13721301
v 0.83718199 -0.01017660 0.14766300
v 0.84120601 -0.02182810 0.16418700
v 0.81283700 0.02338350 0.07285960
v 0.81734902 0.02797090 0.09228960
v 0.80828798 0.01876380 0.05425280
v 0.80677497 0.03764360 0.06128590
v 0.81005502 0.04169280 0.07936470
v 0.82820100 0.02044640 0.12543701
v 0.82186598 0.03263660 0.11271800
v 0.82581198 0.03834990 0.13356000
v 0.81415200 0.04478290 0.09919140
v 0.81715101 0.04924670 0.11947200
v 0.83355403 0.00706197 0.13642800
v 0.83088499 -0.01247800 0.12886199
v 0.83967298 0.01247500 0.15442200
v 0.83319598 0.02657260 0.14524500
v 0.36431900 0.26936501 0.28240001
v 0.35513899 0.28541899 0.27867100
v 0.35914800 0.25710601 0.29733601
v 0.34043100 0.29149699 0.28917399
v 0.38822800 0.24355400 0.27325401
v 0.37833700 0.26285401 0.26944599
v 0.37333700 0.25313300 0.28479099
v 0.39157400 0.25558501 0.25687701
v 0.36867300 0.27960700 0.26622400
v 0.38189700 0.27268901 0.25371301
v 0.38514000 0.28184500 0.23776101
v 0.39491099 0.26556000 0.24063200
v 0.39890501 0.27538499 0.22217999
v 0.40752801 0.25755501 0.22774500
v 0.40364501 0.24847101 0.24430400
v 0.36513099 0.33416301 0.20059501
v 0.35965401 0.32904300 0.21676600
v 0.37840700 0.32537600 0.19136000
v 0.35093701 0.34514299 0.20680700
v 0.36905000 0.33931401 0.18663400
v 0.35614100 0.34999299 0.19137000
v 0.35276601 0.32542601 0.23258699
v 0.36012700 0.30815700 0.24461401
v 0.34494600 0.34114400 0.22194400
v 0.34401101 0.32458699 0.24678600
v 0.33667201 0.33973899 0.23630500
v 0.37167501 0.28965399 0.24999300
v 0.35868701 0.29596001 0.26216799
v 0.40764901 0.27834299 0.20302799
v 0.41362500 0.26308399 0.21043900
v 0.40260100 0.29346299 0.19289900
v 0.39079401 0.31918699 0.17905100
v 0.39878899 0.30629301 0.18281600
v 0.34495601 0.30149001 0.27438301
v 0.34709999 0.31165001 0.25946000
v 0.33510301 0.32539099 0.25847301
v 0.33304399 0.31752199 0.27105400
v 0.32947201 0.30784699 0.28518301
v 0.31627399 0.32579699 0.28092000
v -0.03929980 -0.40813401 -0.39416200
v -0.05161210 -0.39225101 -0.39753500
v -0.06508860 -0.37466800 -0.40030000
v -0.14620900 -0.39136299 -0.39208901
v -0.12684201 -0.39597899 -0.39200699
v -0.14000200 -0.40803400 -0.38486600
v -0.12211400 -0.41482899 -0.38319299
v 0.30290100 0.34216800 -0.35751900
v 0.28705099 0.34741399 -0.36642501
v 0.29331800 0.35824999 -0.35136500
v 0.31461999 0.32568201 -0.36276001
v 0.31044000 0.35371900 -0.34399900
v 0.31941700 0.33786201 -0.34984300
v 0.23155500 0.38667500 -0.36614200
v 0.24483700 0.37555301 -0.36987400
v 0.24901700 0.38411099 -0.35728201
v 0.26042700 0.36955899 -0.36541501
v 0.21559100 0.41205201 -0.34898701
v 0.22966300 0.41435900 -0.34127000
v 0.23431100 0.39957899 -0.35112399
v 0.21521400 0.39925501 -0.36212301
v 0.24500901 0.41044301 -0.33769301
v 0.25558400 0.39463201 -0.34434000
v 0.83434200 -0.04548450 0.28684801
v 0.84661400 -0.03561790 0.29669100
v 0.82743597 -0.03136670 0.29693800
v 0.85495597 -0.04812270 0.28413501
v 0.83887601 -0.02136640 0.30208799
v 0.85491198 -0.01865190 0.30199701
v 0.08287950 -0.08609440 -0.41288701
v 0.09783600 -0.09914490 -0.41262099
v 0.80740899 0.06042180 0.10626100
v 0.80716997 0.06490080 0.12468100
v 0.81880301 0.05455820 0.13882799
v 0.79546797 0.07466710 0.11173300
v 0.80753702 0.06721250 0.14024299
v 0.79137099 0.07766420 0.13096599
v 0.80515999 0.05772090 0.08679390
v 0.79852998 0.06969270 0.09579940
v 0.79446900 0.07206400 0.07993500
v 0.80073297 0.05798240 0.06598870
v 0.37722301 0.26238900 -0.35580301
v 0.37832299 0.24833000 -0.36420000
v 0.36538899 0.26354700 -0.36698601
v 0.36969799 0.27638799 -0.35343900
v 0.38988400 0.25411201 -0.34986100
v 0.38519001 0.27118701 -0.34338599
v 0.40867299 0.22745600 -0.34743500
v 0.42257601 0.21427201 -0.34080100
v 0.40887001 0.20834900 -0.35539299
v 0.42143801 0.19994800 -0.34711999
v 0.42596501 0.23046300 -0.33171201
v 0.43843201 0.21732400 -0.32712999
v 0.43520701 0.20037900 -0.33566499
v 0.42475599 0.27452600 -0.31329101
v 0.43458900 0.25854701 -0.31323701
v 0.41751301 0.25788000 -0.32627699
v 0.42790401 0.24549000 -0.32390401
v 0.41068199 0.27346200 -0.32392800
v 0.40066299 0.26417899 -0.33558500
v 0.40415901 0.24628299 -0.34228700
v 0.41650400 0.24111600 -0.33452800
v 0.37825900 0.28749800 -0.33962601
v 0.36233300 0.29245299 -0.34920999
v 0.35534200 0.28087500 -0.36426401
v 0.37249401 0.30378300 -0.33517799
v 0.35662800 0.30894101 -0.34339401
v 0.34719500 0.29839200 -0.35804501
v 0.39506400 0.21895400 -0.36437801
v 0.39884901 0.19799700 -0.37105501
v 0.41448501 0.19033501 -0.35827699
v -0.82163298 0.06267350 0.02336790
v -0.81300199 0.05694620 0.03861710
v 0.78401399 0.05827620 0.22341500
v 0.80487901 0.06281940 0.22508100
v 0.79685301 0.06494230 0.20729500
v 0.77912199 0.06279330 0.20654400
v 0.76641601 0.05423280 0.21301900
v 0.78077102 0.04789780 0.24101900
v 0.79532599 0.05779210 0.23831800
v 0.78204900 0.04072410 0.25428501
v 0.77748698 0.02867480 0.26156500
v 0.79459298 0.04197500 0.26736999
v 0.79662299 0.05173760 0.25360501
v -0.83313400 0.04774860 -0.02165280
v -0.81628197 0.05237270 -0.03706650
v -0.83130300 0.03760200 -0.03566700
v -0.81880802 0.03898520 -0.05112900
v 0.22648001 0.45195901 -0.31429899
v 0.22225299 0.44028601 -0.32487699
v 0.21035001 0.45476800 -0.31797999
v 0.20231199 0.44028899 -0.33182901
v 0.24184500 0.44091401 -0.31660199
v 0.23510601 0.42620999 -0.33036500
v 0.21772601 0.42634901 -0.33694500
v 0.23830000 0.45778599 -0.30475301
v 0.22018200 0.46531400 -0.30568600
v 0.25562301 0.45103800 -0.30261999
v 0.25037199 0.46397299 -0.29419601
v 0.23501000 0.47202900 -0.29378000
v 0.26919299 0.42039001 -0.32008201
v 0.26142099 0.43594101 -0.31188500
v 0.27880299 0.43153700 -0.30715701
v 0.27325201 0.44628301 -0.29797399
v 0.28609401 0.41619900 -0.31521600
v 0.28804001 0.44046500 -0.29520699
v 0.32069799 0.36473799 -0.33137199
v 0.33862999 0.35911399 -0.32477400
v 0.32813299 0.34886101 -0.33713600
v 0.34551901 0.34278700 -0.33057699
v 0.33187699 0.37498900 -0.31865400
v 0.34962600 0.36841100 -0.31228700
v 0.35639501 0.35244501 -0.31814000
v 0.30836999 0.39565101 -0.31813601
v 0.32546201 0.39072400 -0.31175399
v 0.31404001 0.38024801 -0.32523799
v 0.34286901 0.38448900 -0.30547500
v 0.33536801 0.40124199 -0.29787901
v 0.36258700 0.37595299 -0.29853901
v 0.35200799 0.39403000 -0.29229301
v 0.36508101 0.36083499 -0.30728799
v 0.36718401 0.38734001 -0.28674600
v 0.38049701 0.37483901 -0.28628799
v 0.37920201 0.36061701 -0.29750901
v 0.26693001 0.46052700 -0.28891701
v 0.28802499 0.45361301 -0.28334901
v 0.27659699 0.46885401 -0.27523801
v 0.25378400 0.47526300 -0.28167799
v 0.19949900 0.47056499 -0.30873299
v 0.19495800 0.45633200 -0.32194000
v 0.29674801 0.46388799 -0.26739299
v 0.30855799 0.44990501 -0.27371800
v 0.21600300 0.47946399 -0.29492900
v 0.23258500 0.48521599 -0.28225100
v 0.21410599 0.49309000 -0.28260699
v 0.22931699 0.49864599 -0.26948801
v 0.24735001 0.49029201 -0.26934099
v 0.35293001 0.41940099 -0.26999700
v 0.36332601 0.42321500 -0.25731701
v 0.37093899 0.40666100 -0.26698199
v 0.38095400 0.41005701 -0.25432599
v 0.34508201 0.43777001 -0.25802800
v 0.37404299 0.42378899 -0.24627601
v 0.37830999 0.38987601 -0.27596900
v 0.36085799 0.40204701 -0.27937099
v 0.38917100 0.39359799 -0.26314101
v 0.34410399 0.41139299 -0.28378701
v 0.33621201 0.42857301 -0.27426499
v 0.32647601 0.44475099 -0.26581901
v 0.31498501 0.45976600 -0.25853300
v 0.29590899 0.38501400 -0.33164099
v 0.29127100 0.40048900 -0.32377800
v 0.27693200 0.40659001 -0.32646999
v 0.26229000 0.40734500 -0.33239499
v 0.27610701 0.39168400 -0.33686700
v 0.80523199 0.06863730 0.17000601
v 0.79961503 0.07317330 0.15121600
v 0.79008198 0.07573530 0.16292299
v 0.81549501 0.06127010 0.15591200
v 0.78132600 0.07966000 0.14741200
v 0.78766102 0.07217270 0.17783201
v 0.80664802 0.06530710 0.18958700
v 0.77321303 0.07612610 0.16376200
v 0.78349000 0.06731830 0.19277699
v -0.07569280 -0.43778801 -0.37434199
v -0.09684390 -0.43534300 -0.37247199
v 0.84361303 0.04514060 0.19768900
v 0.85353601 0.04535320 0.21610700
v 0.85917801 0.02986040 0.20476000
v 0.84752399 0.03243430 0.18453000
v 0.83579499 0.05611790 0.21398400
v 0.82685500 0.05583170 0.19328900
v 0.83534497 0.04542570 0.17827100
v -0.16701899 -0.38764900 -0.39061400
v -0.20831101 -0.35605499 -0.39336699
v -0.22425300 -0.34596199 -0.39334401
v -0.20886500 -0.33490101 -0.39795399
v -0.22165400 -0.36674500 -0.38557899
v -0.24102600 -0.33672801 -0.39289299
v -0.23815399 -0.35642201 -0.38571900
v 0.80791098 -0.02418240 0.29344401
v 0.82389200 -0.01317330 0.30241400
v 0.80880600 -0.00268851 0.29956701
v 0.81750000 -0.03946030 0.28767699
v 0.79388201 -0.00914445 0.28936499
v 0.79198802 -0.02656850 0.28048599
v 0.80377799 -0.03992720 0.27796501
v 0.83731002 -0.05359480 0.27117899
v 0.81920898 -0.04956760 0.27468500
v 0.84135997 -0.00453661 0.30473399
v 0.85935700 0.00123025 0.30377901
v 0.86159199 0.02129720 0.30293399
v 0.08787390 -0.07114760 -0.41293201
v 0.10111500 -0.08099420 -0.41273299
v 0.10350000 -0.06345450 -0.41282499
v 0.80355501 0.02634970 0.28981599
v 0.79721200 0.01030830 0.29156399
v 0.88242900 -0.01782770 0.23257600
v 0.88725197 -0.03350120 0.24957500
v 0.87458700 -0.03640880 0.23545399
v 0.89296699 -0.01270570 0.24448900
v 0.87509102 -0.00335270 0.21891101
v 0.88464302 0.00294555 0.23160399
v 0.87197298 -0.02386200 0.22039001
v 0.91395402 -0.01970540 0.26591700
v 0.91192102 0.00137400 0.25905299
v 0.92467099 -0.00646523 0.27066401
v 0.90350699 -0.01010640 0.25386700
v 0.90157402 -0.02743350 0.25969401
v 0.89643103 0.00818266 0.24578100
v 0.88265598 0.02228510 0.23414101
v -0.23869400 0.43263099 0.20611200
v -0.24920000 0.43488300 0.19065300
v -0.22996700 0.44423500 0.19230799
v -0.24037600 0.44665399 0.17697001
v 0.20910800 0.51941699 -0.25391600
v 0.21190500 0.50665098 -0.26872301
v 0.20600800 0.53076100 -0.23872900
v 0.22373000 0.52323401 -0.23955400
v 0.22643299 0.51155299 -0.25494701
v 0.15498100 0.54492801 -0.24342699
v 0.17101701 0.54650998 -0.23293100
v 0.13859800 0.54280901 -0.25295299
v 0.15563300 0.55502301 -0.22571400
v 0.22021399 0.53349000 -0.22391100
v 0.13932900 0.57046902 -0.19896500
v 0.13901401 0.57545298 -0.17938600
v 0.18796401 0.53831601 -0.23715600
v 0.10368500 0.54547101 -0.25986001
v 0.10112000 0.55474198 -0.24755000
v 0.08532900 0.55090302 -0.25684401
v 0.08748840 0.56131202 -0.24069600
v 0.01721150 0.56808698 0.01341380
v 0.03004620 0.56235403 0.02981760
v 0.03753710 0.56714499 0.01308840
v 0.02307250 0.57257801 -0.00299278
v 0.00000707 0.56860697 0.01275230
v 0.04260070 0.57698399 -0.02499610
v 0.02874090 0.57622898 -0.01759630
v 0.04172980 0.57203299 -0.00519565
v 0.05892840 0.57730198 -0.03311800
v 0.06016440 0.58082902 -0.04984910
v 0.05856080 0.57236600 -0.01252380
v 0.05652000 0.56699902 0.00796937
v 0.05252850 0.56085300 0.02904440
v 0.07239850 0.56203502 0.01813770
v 0.07398730 -0.47693700 -0.33303499
v 0.05575840 -0.48469901 -0.32882601
v 0.05779090 -0.46967101 -0.34111801
v 0.00067354 -0.37615299 0.32946301
v 0.05479930 -0.45481399 -0.35622600
v 0.85574001 0.05436370 0.27037501
v 0.86404002 0.05020640 0.28583100
v 0.84775400 0.05600030 0.25001201
v 0.86283702 0.03956830 0.29767400
v 0.87944800 0.04526640 0.29232600
v -0.11885700 -0.43232301 -0.36960000
v -0.12721100 -0.46070600 -0.33707401
v -0.13718399 -0.42330599 -0.37426701
v 0.31327599 0.49217600 -0.21222199
v 0.30674899 0.48527300 -0.23223600
v 0.29967400 0.49780300 -0.21818800
v 0.87345099 0.01690830 0.21906100
v 0.86570698 0.00904940 0.20527400
v 0.85600501 0.01659140 0.18992500
v 0.86568701 -0.01160040 0.20645200
v 0.85839897 -0.00218495 0.19223499
v 0.86102802 0.04722130 0.23563001
v 0.86869699 0.03423610 0.22407100
v 0.84769201 0.05400020 0.22932100
v 0.01716710 0.59389299 -0.12177600
v 0.03597480 0.59275401 -0.11620700
v 0.03174810 0.59391999 -0.13386300
v 0.05209140 0.59124899 -0.11163800
v 0.05317730 0.59232301 -0.12961900
v 0.06619010 0.58582598 -0.08044870
v 0.05318360 0.58431298 -0.06431900
v 0.05950760 0.58892202 -0.09777270
v 0.07963090 0.58704799 -0.09985940
v 0.06831960 0.59008098 -0.11641000
v 0.08657690 0.58836401 -0.12316300
v 0.16501600 0.57248402 -0.13116100
v 0.15546900 0.57480502 -0.15015800
v 0.14470300 0.57787198 -0.13318101
v 0.13332599 0.58025002 -0.14899801
v 0.13567001 0.57930201 -0.11732700
v 0.12417000 0.58235401 -0.13339999
v 0.12772000 0.57926601 -0.09978820
v 0.11666600 0.58298999 -0.11552800
v 0.11985800 0.57806098 -0.08109210
v 0.10958200 0.58218402 -0.09631380
v 0.14144900 0.57753402 -0.16232200
v 0.10497000 0.58587003 -0.13038000
v 0.09840060 0.58566099 -0.11031900
v 0.04427050 0.59332299 -0.14477301
v 0.04517430 0.59222299 -0.16096900
v 0.02857170 0.59385502 -0.15165000
v 0.09416820 0.58416098 -0.09226830
v -0.08071460 -0.08185490 0.49096900
v 0.43736699 0.39911801 -0.08246290
v 0.42675599 0.41690400 -0.13574900
v 0.45237401 0.38855600 -0.13756301
v 0.41270199 0.43052700 -0.12714700
v 0.01573060 -0.09351590 -0.41313401
v 0.02257710 -0.07463910 -0.41326600
v 0.03270060 -0.10280200 -0.41302100
v 0.46261701 0.37569201 -0.12675700
v 0.45963600 0.37740400 -0.10525000
v 0.46374100 0.37418100 -0.14643300
v 0.47418499 0.36112800 -0.13446100
v 0.47215301 0.36272201 -0.11502700
v 0.46280900 0.37255001 -0.16649701
v 0.47435799 0.35989901 -0.15406001
v 0.47279900 0.35811099 -0.17392500
v 0.39801699 0.44404501 -0.13745099
v 0.36090299 0.47239900 -0.16926000
v 0.37060300 0.46640399 -0.15595300
v 0.37568599 0.45941499 -0.17313100
v 0.38699701 0.45263201 -0.15516099
v 0.38065100 0.45919901 -0.13962799
v 0.37216300 0.46588501 -0.12535700
v 0.39146301 0.44667599 -0.16962899
v 0.38696399 0.44690999 -0.18516999
v 0.39618301 0.43446001 -0.19701700
v 0.42655599 0.40665400 -0.19216600
v 0.41222301 0.41922700 -0.19687299
v 0.38816500 0.43360499 -0.21411701
v 0.40132800 0.42406800 -0.20952700
v 0.39586800 0.42009899 -0.22465900
v 0.41084999 0.41104800 -0.21600001
v 0.36456400 0.47059700 -0.10977400
v 0.34909299 0.48225501 -0.11024400
v -0.05381920 -0.15938100 0.36173201
v -0.05800150 -0.13914099 0.36473900
v -0.06513980 -0.17222901 0.35910499
v -0.01174910 -0.20544501 0.35577300
v -0.00029198 -0.18636701 0.35861000
v -0.08047930 -0.22277901 0.35142100
v -0.06253160 -0.21161100 0.35376701
v -0.07894060 -0.20489700 0.35385200
v -0.07356460 -0.24019200 0.34949800
v -0.09110180 -0.24011900 0.34862500
v -0.10297900 -0.22287799 0.35007000
v 0.07251210 -0.30156901 0.34047699
v 0.24200900 0.54443097 -0.12137400
v 0.25808901 0.53639001 -0.11402500
v 0.26153001 0.53575999 -0.13374799
v 0.24060100 0.54339802 -0.10328900
v 0.27107501 0.53074300 -0.15004900
v 0.27660900 0.52742600 -0.12012300
v 0.28995100 0.51890701 -0.10513300
v 0.27080300 0.52884197 -0.10236800
v 0.27819401 0.52275699 -0.08645390
v 0.29345801 0.51392299 -0.08430820
v 0.22605599 0.54740500 -0.08828810
v 0.23015900 0.54253203 -0.07013690
v 0.21763900 0.54401201 -0.05236250
v 0.23789200 0.53593302 -0.05452050
v 0.24908599 0.53402901 -0.06934480
v 0.24309900 0.53972298 -0.08559970
v 0.24681599 0.52809203 -0.03902180
v 0.25674501 0.52693599 -0.05326370
v 0.23057400 0.53604698 -0.04127430
v 0.26414800 0.51875001 -0.03590930
v 0.23603900 0.52949899 -0.02633840
v 0.25409499 0.51960099 -0.02181260
v 0.25493500 0.53630197 -0.09856470
v 0.26103401 0.53133100 -0.08516630
v 0.26731101 0.52521998 -0.06887680
v 0.27396101 0.51775002 -0.05132510
v 0.28333601 0.51645398 -0.06805630
v 0.92493403 0.01821640 0.29133001
v 0.92925203 0.00512818 0.28230801
v 0.92338699 0.00404164 0.29690799
v 0.92880100 -0.00958973 0.28352901
v 0.29654601 0.50874400 -0.06697530
v 0.30800501 0.49969301 -0.05731940
v 0.29156801 0.50739998 -0.04916580
v 0.01970930 -0.37986001 0.32852501
v 0.00762840 -0.39409700 0.32505700
v 0.81647003 0.06287180 0.20869300
v 0.82093698 0.05708220 0.17450599
v 0.03621580 -0.12169100 -0.41279000
v 0.74964899 -0.04085970 0.20195700
v 0.73989803 -0.03586640 0.18581800
v 0.81100398 0.05940500 0.24504000
v 0.82262897 0.06169150 0.22921000
v 0.82840002 0.05933530 0.25052699
v 0.78970200 -0.03986960 0.26477000
v 0.81534201 -0.05958010 0.24509799
v 0.80351400 -0.05212790 0.25843799
v 0.82151699 -0.05624360 0.26100299
v 0.83434302 -0.05785010 0.25295499
v 0.04591590 -0.09127330 0.47145301
v 0.06333660 -0.08200860 0.47434500
v -0.37639701 0.35071200 0.16093600
v -0.38700300 0.33427799 0.16765399
v -0.40198600 0.32696801 0.15190300
v -0.39076501 0.34256601 0.14875001
v -0.41707501 0.31714901 0.13811600
v -0.42943299 0.31305200 0.12040300
v -0.41619399 0.33026400 0.12110700
v -0.40411600 0.33570600 0.13517800
v -0.42622399 0.33777300 0.09029820
v -0.42721900 0.32617801 0.10595300
v -0.37962401 0.35626400 0.14690199
v -0.36520600 0.36564401 0.15572000
v -0.48282400 0.29704800 0.02721440
v -0.46229300 0.29115000 0.08352540
v -0.45060700 0.30588099 0.08802010
v -0.43864900 0.32166800 0.08978580
v -0.42680100 0.34632701 0.07549440
v -0.44044700 0.30879101 0.10475100
v -0.45331800 0.29169601 0.10179000
v -0.46598500 0.27626601 0.09515800
v -0.47419101 0.27719799 0.07576390
v -0.47858301 0.26157400 0.08552480
v -0.48437199 0.34387201 -0.08465610
v -0.49533400 0.32591701 -0.07784210
v -0.50453699 0.30905199 -0.07067030
v -0.51165903 0.29479700 -0.06436420
v -0.51988101 0.28162500 -0.06940990
v -0.50406402 0.30332401 -0.05254260
v -0.43031001 0.41558501 -0.12054800
v -0.45575199 0.38774601 -0.13514601
v -0.46423700 0.37687200 -0.12018800
v -0.46794400 0.37245899 -0.13871101
v -0.45956901 0.38195100 -0.15331100
v -0.47090799 0.36292899 -0.08638660
v -0.47971201 0.35416001 -0.10274000
v -0.47081399 0.36693400 -0.10623000
v -0.47653601 0.36079901 -0.12373700
v -0.48600900 0.34812999 -0.13494200
v -0.47931600 0.35696301 -0.14551300
v 0.26631999 0.48232600 -0.26710999
v 0.28558201 0.47687501 -0.26072800
v 0.30344701 0.47372100 -0.25126299
v 0.01930280 -0.11563600 -0.41288900
v -0.36840799 0.47038800 -0.11646000
v -0.36598599 0.47290501 -0.13619199
v -0.37984401 0.46221301 -0.13019900
v -0.37685600 0.46411800 -0.15078200
v -0.39054501 0.45322901 -0.14466099
v -0.40402699 0.44153801 -0.13747101
v -0.41767201 0.42862201 -0.12960500
v -0.37043700 0.46655500 -0.17071600
v -0.36239299 0.47468299 -0.15522900
v 0.42115700 0.39549401 -0.22388799
v 0.41442001 0.38948801 -0.24096499
v 0.40557399 0.40494001 -0.23293400
v 0.43004701 0.38009101 -0.23144101
v 0.42500100 0.40172601 -0.20670301
v 0.43602800 0.38560301 -0.21358500
v 0.40634999 0.38280001 -0.25706100
v 0.39817101 0.39902800 -0.24875399
v 0.42257401 0.37376601 -0.24850300
v 0.39673799 0.37518701 -0.27271801
v 0.41555300 0.36558801 -0.26366699
v 0.38914099 0.41492501 -0.24031700
v -0.29848999 0.44083300 0.11859200
v -0.31567001 0.43441400 0.10722100
v -0.32923299 0.42133501 0.11297200
v -0.34225899 0.40820301 0.11802600
v -0.34630099 0.41389501 0.10062000
v -0.33180600 0.44845700 0.05128130
v -0.36042500 0.46924901 -0.18977401
v -0.33438700 0.46879801 -0.00511618
v -0.31877401 0.47739500 0.00066897
v -0.32298300 0.49391699 -0.06488240
v -0.30955300 0.50022501 -0.05546560
v -0.29288599 0.50996298 -0.05485340
v -0.30178201 0.48644400 0.00587616
v 0.80097300 -0.01125630 0.02531950
v 0.79398799 0.01337390 0.00346246
v 0.80018800 0.00650437 0.02238360
v 0.80306900 0.01912630 0.03592720
v 0.80397201 0.03239340 0.04624770
v 0.79889101 0.03793890 0.03187960
v 0.79710400 0.02517110 0.01795830
v 0.74083501 0.01573160 0.19827300
v 0.78750300 0.02038860 -0.01430540
v 0.80022901 0.04917780 0.04746280
v 0.73245901 0.11515200 -0.01715750
v 0.72482800 0.11744100 -0.00151744
v 0.74247199 0.10988400 -0.00266030
v 0.74846900 0.10396600 -0.01927100
v 0.71340698 0.12213600 -0.01682040
v 0.73846900 0.10991400 -0.03065050
v 0.72283298 0.11901100 -0.03162620
v 0.73268998 0.11091800 -0.04470140
v 0.73474503 0.11245700 0.01131870
v 0.74955302 0.10511200 0.01323060
v 0.73178703 0.07466250 -0.09826450
v 0.73251498 0.08801960 -0.08505460
v 0.73958498 0.06056980 -0.09631530
v 0.72299999 0.08866620 -0.09871980
v 0.77342498 0.09003260 0.06168830
v 0.76475602 0.09540860 0.04525660
v 0.78073001 0.08544360 0.07861170
v 0.78847402 0.07656490 0.06278960
v -0.14751600 -0.18165100 -0.41030499
v -0.12675101 -0.18288501 -0.41062301
v -0.16662100 -0.18751900 -0.40972900
v 0.07913210 0.07148540 0.37444001
v 0.09575890 0.08086880 0.36947399
v 0.09639030 0.06332910 0.37216601
v 0.08027670 0.05344970 0.37812701
v 0.08168000 0.03174820 0.38104701
v 0.75608200 0.10063200 0.02928960
v 0.73490500 0.10877000 0.02770370
v -0.22968100 -0.39333701 -0.36294299
v -0.23391600 -0.37568101 -0.37549499
v -0.25097501 -0.36468601 -0.37559801
v -0.36171901 -0.25806400 -0.37760800
v -0.03405060 0.05822440 0.39650801
v -0.05339230 0.05416750 0.38741300
v -0.07321080 0.05410760 0.38024899
v 0.77602100 0.01528940 0.26827300
v 0.79021198 0.02541450 0.27836901
v 0.76558203 0.01337720 0.25342801
v 0.78354102 0.00517785 0.27975601
v 0.09464040 0.48067999 0.21069799
v 0.11081600 0.47522199 0.21519300
v 0.10283000 0.48545101 0.19689600
v 0.12156100 0.48087400 0.19779600
v 0.11353200 0.49025401 0.18134600
v 0.09091200 0.49447900 0.18186000
v 0.13981400 0.47375101 0.20269001
v 0.13568500 0.48344299 0.18442801
v 0.12817501 0.47232401 0.21248800
v 0.12403600 0.45777801 0.24415401
v 0.12623900 0.46543801 0.22774599
v 0.11821300 0.45132500 0.25929201
v 0.21183200 0.45765400 0.17980500
v 0.19531301 0.46797901 0.17331000
v 0.19746400 0.47373399 0.15896501
v 0.21214600 0.46523100 0.16350900
v 0.20960200 0.47384399 0.14744399
v 0.22262800 0.47425899 0.13385400
v 0.21616700 0.48405501 0.11846400
v 0.20778599 0.49394500 0.10389200
v 0.25856200 0.40652001 0.23018000
v 0.26991999 0.40543300 0.21944100
v 0.25857300 0.41633999 0.21256299
v 0.23326100 0.38491300 0.28764600
v 0.21539100 0.38919300 0.29455101
v 0.20727800 0.37799001 0.30807999
v 0.22108500 0.39847100 0.27893701
v 0.23894300 0.39310700 0.27184999
v 0.26056400 0.42493099 0.19423300
v 0.27290499 0.41225401 0.20346500
v 0.28322601 0.39907399 0.21457700
v 0.29282600 0.38620099 0.22459701
v 0.29907900 0.39162600 0.20700200
v 0.13631500 0.39156899 0.31717199
v 0.12574700 0.40855801 0.31007999
v 0.13719399 0.37154800 0.32426500
v 0.13813099 0.35231099 0.32922900
v 0.35214600 -0.20140700 0.32095301
v 0.43191999 -0.14219899 0.27895999
v 0.43053800 -0.15895100 0.27237600
v 0.41060400 -0.12084200 0.30866799
v 0.41201699 -0.10207200 0.31095201
v 0.41716200 -0.08218170 0.31019101
v 0.42864501 -0.06880750 0.30394700
v 0.41750100 -0.06109730 0.31302100
v 0.40230799 -0.06930660 0.31950900
v -0.06782160 -0.19084400 0.35631201
v -0.07057060 -0.12674500 0.36563101
v -0.16637300 -0.21847700 0.34572700
v -0.14520700 -0.21989299 0.34734899
v -0.17832500 -0.20159499 0.34648401
v -0.15473799 -0.23505200 0.34483200
v -0.18681300 -0.21737100 0.34402499
v -0.14377201 -0.25119001 0.34381399
v -0.13340700 -0.23622800 0.34634700
v -0.12207400 -0.25242600 0.34518099
v -0.13375300 -0.26680300 0.34264100
v -0.12395900 -0.22142901 0.34880501
v -0.11184400 -0.23823500 0.34759399
v -0.10047100 -0.25550300 0.34614101
v -0.11309100 -0.26885301 0.34370199
v -0.11055800 -0.28656301 0.34153101
v -0.12601300 -0.28042799 0.34141901
v -0.12926701 -0.29794499 0.33886799
v 0.37871799 -0.00769849 0.32905999
v 0.37066299 -0.04300420 0.32996899
v 0.36587599 -0.02214970 0.33149299
v 0.34837699 -0.01717500 0.33469900
v 0.36018100 -0.00108501 0.33275399
v 0.43209100 -0.05015880 0.30313799
v -0.09924710 -0.03872420 0.37448099
v -0.09344000 -0.02196930 0.37828699
v -0.10525000 -0.00441575 0.37514499
v 0.26180401 0.00204265 0.34749800
v 0.27992699 -0.00069565 0.34500900
v 0.24559300 -0.01234490 0.34975299
v 0.24419001 0.00747213 0.34990701
v -0.10934600 -0.18055700 -0.41096199
v 0.33026099 -0.01362940 0.33768800
v 0.31036401 -0.01406870 0.34071901
v 0.32099801 -0.02784740 0.33904001
v 0.29058799 -0.03872470 0.34333700
v 0.28834501 -0.01948580 0.34382001
v 0.18123600 0.46488300 -0.31934100
v 0.16430500 0.47340199 -0.31736800
v 0.18043000 0.48040500 -0.30665401
v 0.16129500 0.49065000 -0.30332699
v 0.15278500 0.50673699 -0.29049200
v 0.13727599 0.51523203 -0.28623399
v 0.14958701 0.52057099 -0.27689299
v 0.16767199 0.50308299 -0.28968301
v 0.19776601 0.48663300 -0.29532599
v 0.19688299 0.50089300 -0.28157699
v 0.18071800 0.49474400 -0.29356000
v 0.13792300 0.53014702 -0.26955000
v 0.12195600 0.53920197 -0.26304099
v 0.03875060 0.56110001 -0.24927300
v 0.05476550 0.55594999 -0.25516501
v 0.05457510 0.56544203 -0.24048200
v 0.06996330 0.55809897 -0.24945401
v 0.07206160 0.56842703 -0.23204100
v -0.23895100 -0.20374000 0.34022099
v -0.20662700 -0.21740501 0.34215301
v -0.22640300 -0.21907499 0.34001601
v -0.02543440 0.55445498 -0.25997001
v -0.04449260 0.55567300 -0.25648999
v -0.03679510 0.54670399 -0.26944301
v -0.05331060 0.54526800 -0.26949301
v -0.04107650 0.53590202 -0.28200600
v -0.07180910 0.54391903 -0.26863399
v -0.06045910 0.53343201 -0.28278700
v 0.32975599 0.30816799 -0.36521399
v 0.34040600 0.28801900 -0.37239999
v 0.34145299 0.31553999 -0.35062400
v 0.32814199 0.32345200 -0.35479200
v 0.33572501 0.33247799 -0.34326500
v 0.35157999 0.32590199 -0.33687401
v 0.36765200 0.32002801 -0.32967699
v 0.36251900 0.33633599 -0.32382801
v 0.28487000 0.37424299 -0.34457299
v 0.30264601 0.36946699 -0.33809099
v 0.39332500 0.34570301 -0.29703999
v 0.37552401 0.34551600 -0.30987099
v 0.39504001 0.36022699 -0.28570500
v 0.39078200 0.33095399 -0.30802000
v 0.40929601 0.34531200 -0.28471699
v -0.20614700 0.50349498 -0.27595001
v -0.20424800 0.49284300 -0.28798801
v -0.19907700 0.51509702 -0.26580000
v 0.38630301 0.29824799 -0.32858899
v 0.38550001 0.31482100 -0.32069400
v 0.39942700 0.30089101 -0.31837499
v 0.37690300 0.32989699 -0.31822500
v 0.41224301 0.28775901 -0.31598699
v 0.39607999 0.28320000 -0.32925999
v 0.49379799 -0.19235000 0.11665600
v 0.48420799 -0.20907000 0.12259700
v 0.49233600 -0.20805100 0.10573300
v 0.50209397 -0.19064599 0.09947620
v -0.13962100 0.40382999 0.31099501
v 0.47204801 -0.07332630 0.23353601
v 0.46469599 -0.07249890 0.24896100
v 0.39326200 -0.23437101 0.27656001
v 0.39992401 -0.23861800 0.26181099
v 0.41079000 -0.22817101 0.25385901
v 0.40536201 -0.24407300 0.24685299
v 0.42167801 -0.21716601 0.24501100
v 0.41559201 -0.21024799 0.26206201
v 0.42669401 -0.19756100 0.25323200
v 0.43249300 -0.23727800 0.20291001
v 0.42903399 -0.25207999 0.19320500
v 0.45230699 -0.17207301 0.22191299
v 0.44538200 -0.17150100 0.23706500
v 0.46020299 -0.17342301 0.20399100
v 0.46052599 -0.15674099 0.21541500
v 0.43698001 -0.18280700 0.24552099
v 0.43073499 -0.17748800 0.26090699
v 0.46897200 -0.14048301 0.20813200
v 0.47769299 -0.13353200 0.19402300
v 0.47611201 -0.12146200 0.20408501
v 0.48407200 -0.10557500 0.19526801
v 0.48488799 -0.12089200 0.18575600
v 0.63070101 0.13147300 -0.12388200
v 0.61318099 0.13592800 -0.12479500
v 0.63810700 0.13531999 -0.10682100
v 0.60176301 0.14245100 -0.11163500
v 0.64602602 0.13693701 -0.09188950
v 0.64371598 0.13825101 -0.07511440
v 0.65570098 0.13116200 -0.10364800
v 0.67284501 0.10860100 -0.13030399
v 0.66513401 0.12164300 -0.11751800
v 0.65691698 0.11389200 -0.13621700
v 0.67885000 0.09507470 -0.13914099
v 0.66459399 0.09857690 -0.14701600
v 0.64043498 0.11954100 -0.13960899
v 0.64822900 0.12634200 -0.12227700
v 0.64819998 0.10422700 -0.15275300
v 0.56862402 0.13683900 -0.20414400
v 0.56809598 0.15184300 -0.19359900
v 0.56017798 0.15652500 -0.21148200
v 0.57748097 0.11384700 -0.19967000
v 0.56830800 0.12341500 -0.21281300
v 0.56765401 0.16590700 -0.17865001
v 0.56044400 0.17062600 -0.19915301
v 0.57415903 0.15508100 -0.16473900
v 0.56992000 0.16800199 -0.15667900
v 0.56457800 0.18251300 -0.16608900
v 0.55229801 0.17459200 -0.21744201
v 0.54468399 0.19377400 -0.22034000
v 0.55925101 0.20317200 -0.13899300
v 0.56199801 0.19367500 -0.12398100
v 0.57187003 0.16582300 -0.13626100
v 0.57315302 0.16338301 -0.11709900
v 0.56547898 0.18372600 -0.14335400
v 0.56740600 0.17727700 -0.12570401
v 0.56149399 0.19551800 -0.15519400
v -0.79091299 -0.00255602 0.05072690
v -0.78522199 -0.01367790 0.03512050
v -0.79358900 -0.02134000 0.05009920
v -0.78997999 -0.03115670 0.03265480
v -0.78557998 -0.03886770 0.01417080
v -0.44014400 -0.25893000 -0.31161901
v -0.42425799 -0.17974700 -0.35702300
v -0.41124299 -0.18021201 -0.37160200
v -0.80097699 -0.04034980 0.04835570
v -0.80810797 -0.04265050 0.06909040
v -0.79722703 -0.04684720 0.02664370
v -0.81056899 -0.05480380 0.03617180
v 0.41278699 0.22994199 0.24672399
v 0.41515800 0.24055600 0.23203900
v 0.42028001 0.24734500 0.21580499
v 0.41923699 0.26690501 0.19560400
v 0.41683000 0.28002399 0.18410200
v 0.41984800 0.28857899 0.16775200
v 0.42889500 0.27498099 0.16762000
v 0.42909399 0.26278800 0.18183599
v 0.43959001 0.25928101 0.16552000
v 0.39078701 0.35936701 0.11738200
v 0.39433300 0.34698600 0.13098100
v 0.37993500 0.36135599 0.13342001
v 0.38659501 0.37186000 0.10376800
v 0.39672101 0.33521900 0.14498800
v 0.38328600 0.34984201 0.14611299
v 0.38599801 0.33961099 0.15745200
v 0.39496899 0.32664600 0.16102700
v 0.74919897 0.01666490 -0.09500210
v 0.75927103 0.02279480 -0.07781020
v 0.74971402 0.03402020 -0.09115780
v 0.84710097 0.01708470 0.17227000
v 0.84462702 -0.00171854 0.16484100
v 0.83932501 0.03123890 0.16474700
v 0.85171503 0.00392529 0.17912699
v 0.82862699 0.04548830 0.15619899
v 0.48311499 0.34839901 -0.12024400
v 0.48034501 0.34957099 -0.10059500
v 0.49043301 0.33541000 -0.10371700
v 0.49332801 0.33359399 -0.12319800
v 0.48633799 0.34441799 -0.14132801
v 0.50025600 0.32094100 -0.10855600
v 0.49824700 0.32012600 -0.08988980
v 0.49708200 0.31658000 -0.07197410
v 0.48683900 0.33572900 -0.08252800
v 0.48687401 0.32917601 -0.06214730
v 0.47462699 0.35387701 -0.08379720
v 0.47046000 0.36274001 -0.09855970
v 0.47663999 0.34606001 -0.06701100
v 0.47629201 0.34023100 -0.04957570
v 0.46537700 0.35669801 -0.05318450
v 0.51631898 0.25326401 -0.01155700
v 0.52301598 0.25019699 -0.02950100
v 0.52808100 0.25120500 -0.05098880
v 0.52455902 0.26540899 -0.06638060
v 0.53316897 0.25461999 -0.08476170
v 0.54020900 0.23839900 -0.08110780
v 0.53440899 0.24573600 -0.06810410
v 0.78698200 0.08103740 0.09600920
v 0.77907598 0.08495400 0.11343400
v 0.49542999 0.32990500 -0.15530200
v 0.48404399 0.34533101 -0.16233900
v 0.41293401 0.40921301 -0.03004720
v 0.42777100 0.39493999 -0.03363310
v 0.41995299 0.39679199 -0.01656670
v 0.43603000 0.39177400 -0.05045510
v 0.44204399 0.37990099 -0.03678250
v 0.46635100 0.34988600 -0.03909100
v 0.45533401 0.36418700 -0.03854380
v 0.41861299 0.38448200 0.01506120
v 0.41259199 0.39700699 0.00172803
v 0.42505300 0.37250799 0.02494150
v 0.41411600 0.38051200 0.03336750
v -0.80664003 0.01833060 0.11396700
v -0.80504698 0.02203770 0.13330799
v -0.81290400 0.04040790 0.13797800
v -0.79597598 0.00804926 0.14562599
v 0.36832100 0.36372101 0.14953201
v 0.37297401 0.35139799 0.16151200
v 0.35743999 0.36519101 0.16524599
v 0.38122401 0.38485500 0.09055010
v 0.00425398 -0.06440890 0.40165401
v 0.00237655 -0.06365760 0.42203701
v -0.01484820 -0.05983560 0.41244999
v 0.02580040 -0.06082990 0.39678901
v 0.02969450 -0.55072302 -0.26405600
v 0.01602940 -0.54292202 -0.27501100
v 0.01006380 -0.55485398 -0.25989199
v -0.00028177 -0.54775298 -0.26978499
v 0.00111391 -0.53617698 -0.28332001
v 0.10254400 -0.00084615 0.37535399
v 0.12301600 0.00764223 0.36976600
v 0.09098220 0.01270340 0.37896699
v 0.20984000 0.01173790 0.35470101
v 0.21153601 0.03041790 0.35417399
v 0.19070999 0.02288950 0.35732999
v 0.22565700 -0.00397772 0.35255000
v 0.22757900 0.01741910 0.35212401
v 0.16753501 0.02110090 0.36095801
v 0.13683100 -0.00151871 0.36672300
v 0.14456201 0.01891390 0.36503401
v -0.00999103 -0.50875401 -0.31034699
v -0.02189380 -0.51972997 -0.29983601
v -0.01652870 -0.53197300 -0.28771701
v -0.03058360 -0.50682497 -0.31125799
v -0.00197105 -0.49573299 -0.32184300
v 0.01677110 -0.49390501 -0.32330099
v -0.02067490 -0.49553999 -0.32149100
v 0.00327466 -0.48130399 -0.33404401
v -0.03939030 -0.49224401 -0.32324299
v 0.03624750 -0.49038601 -0.32554999
v 0.20048399 -0.09285920 0.35329199
v 0.20648600 -0.07433670 0.35359901
v 0.22077700 -0.08520130 0.35113299
v 0.22628400 -0.06572310 0.35131499
v 0.22894700 -0.04547990 0.35160601
v 0.21474200 -0.10398000 0.35078201
v 0.22876699 -0.02525210 0.35201499
v 0.23619200 -0.51551098 -0.24370700
v 0.21857201 -0.51920098 -0.24948400
v 0.20243900 -0.52353698 -0.25246099
v 0.20619100 -0.51291901 -0.26427299
v 0.17719100 -0.45358500 -0.32982200
v 0.19648100 0.41342101 -0.35664701
v 0.19944599 0.39815900 -0.37238199
v 0.18149801 0.40911800 -0.36908701
v 0.18413100 0.39444301 -0.38186401
v 0.16927700 0.40440401 -0.37852600
v 0.20322800 0.42422599 -0.34384599
v 0.25229099 0.42371899 -0.32504201
v 0.26727599 0.37918699 -0.35083300
v 0.27711901 0.36343300 -0.35908601
v 0.01955090 0.45645201 -0.35945401
v 0.00196137 0.45814201 -0.35680500
v 0.01401240 0.47022900 -0.34467399
v 0.00823418 0.44443700 -0.37232801
v -0.01558790 0.45997700 -0.35393700
v -0.00951413 0.44601700 -0.36965501
v 0.04500550 0.46746200 -0.34609801
v 0.02938470 0.46651101 -0.34834701
v 0.03770660 0.45526201 -0.36027801
v -0.48990500 0.34163800 -0.15164600
v -0.48230100 0.34995800 -0.16734201
v -0.47107899 0.36700201 -0.15751100
v -0.47797301 0.35127601 -0.18471400
v 0.50928599 -0.19100700 0.08243640
v 0.50631702 -0.20648900 0.07510860
v 0.49904400 -0.22210100 0.07668050
v 0.49998799 -0.20711300 0.08933260
v -0.30038700 -0.24337600 0.32808700
v -0.28482699 -0.23120800 0.33201501
v -0.28822601 -0.25271401 0.32881901
v -0.26469901 -0.22630200 0.33506101
v -0.29214099 -0.27142099 0.32505000
v -0.30884200 -0.26046300 0.32301301
v -0.30751100 -0.28140500 0.31806999
v -0.29359701 -0.28772199 0.32106701
v -0.24591300 -0.22224800 0.33763000
v 0.40139499 0.23731600 0.25913200
v 0.55488598 -0.19213700 -0.06538480
v -0.13172300 -0.37850800 0.32391000
v -0.12180700 -0.36396801 0.32851899
v -0.10284000 -0.36512500 0.32948601
v -0.11140200 -0.38118801 0.32485601
v -0.10069400 -0.39825901 0.31960699
v 0.21607000 0.38558599 -0.37650499
v 0.02696290 0.44332600 -0.37333399
v 0.01561490 0.43011099 -0.38489601
v 0.03505750 0.42865601 -0.38366199
v 0.35009301 0.26659301 -0.37876201
v 0.36535999 0.24702001 -0.37704200
v 0.37024200 0.20539500 -0.38966900
v 0.38483801 0.19405700 -0.38484001
v 0.38325301 0.21340600 -0.37877199
v -0.38195300 -0.33542401 -0.31339899
v -0.37604499 -0.35126200 -0.30777499
v -0.51318300 -0.23828900 -0.24805400
v 0.43000200 0.18577801 -0.34542900
v 0.39594200 0.17804500 -0.38142401
v 0.40946600 0.17647900 -0.37016299
v -0.51620799 -0.26411700 -0.22322699
v -0.51970398 -0.24640501 -0.23280400
v -0.52515602 -0.25116000 -0.21839701
v -0.52468699 -0.22671700 -0.23922500
v -0.53028399 -0.23550300 -0.22306000
v -0.54005599 -0.22666200 -0.21019401
v 0.47989199 0.14464200 -0.31713200
v 0.48802501 0.15874900 -0.30630001
v -0.58385003 0.05699530 0.23174600
v -0.57636899 0.04404400 0.24502000
v -0.59415001 0.04499170 0.24409600
v -0.57162201 0.05945450 0.21675000
v -0.59082502 0.05893500 0.21595700
v -0.60279000 0.05779170 0.23079100
v -0.77666497 0.04544000 0.22894800
v -0.77915603 0.05735380 0.21511400
v -0.77018499 0.03020480 0.23718999
v -0.79514599 0.04858300 0.22122800
v -0.82644701 0.05536240 0.20011100
v -0.81165200 0.05271830 0.21179800
v -0.81130201 0.06123310 0.19290800
v -0.79586899 0.05948740 0.20500700
v -0.82528299 0.04033480 0.21476300
v -0.83824301 0.04480150 0.20447101
v 0.09832140 0.41145700 -0.38809499
v 0.11340500 0.40124699 -0.39054200
v 0.11149900 0.38449600 -0.39634299
v 0.12722901 0.38900599 -0.39316800
v 0.14517801 0.39117700 -0.39042601
v -0.03716920 0.42294401 -0.38853601
v -0.02178850 0.43463400 -0.38101801
v -0.04006930 0.43975201 -0.37573901
v -0.00331561 0.43176600 -0.38388699
v -0.02686420 0.44848499 -0.36596099
v 0.02526960 0.41371599 -0.39238799
v 0.04547280 0.41346800 -0.39065599
v 0.19138700 0.32890901 -0.40007401
v 0.19966000 0.31342301 -0.40116200
v 0.20962000 0.29463601 -0.40227801
v 0.30230501 0.33898401 0.28134501
v 0.36831599 0.24062601 0.29906800
v 0.35419601 0.24135400 0.30937701
v 0.36396101 0.22387899 0.31031901
v 0.37804601 0.22471599 0.29941100
v 0.37992600 0.23862500 0.28835601
v 0.33823001 0.24033400 0.31755400
v 0.38963601 0.22612600 0.28568399
v -0.51964998 -0.18782900 0.06571850
v -0.52484298 -0.16913600 0.06842150
v -0.52845800 -0.17915100 0.05051670
v 0.25009301 0.30956799 0.32447401
v 0.25259700 0.32767501 0.31867200
v 0.26423901 0.31520399 0.31973499
v 0.25611401 0.34388399 0.30954799
v 0.20180200 0.27679399 0.33581901
v 0.21643201 0.28947601 0.33258700
v -0.44529799 -0.22930500 0.19225299
v -0.44829801 -0.23857699 0.17675900
v -0.43705201 -0.24733700 0.18972699
v -0.44034901 -0.25607899 0.17355700
v -0.45460901 -0.22313599 0.17971300
v -0.42578501 -0.25535399 0.20263600
v -0.43410301 -0.23750700 0.20573500
v -0.42858899 -0.26495701 0.18629000
v -0.44225800 -0.21967600 0.20760100
v -0.45448601 -0.21015300 0.19213900
v -0.46606901 -0.19546700 0.18112800
v -0.43101400 -0.22743100 0.22157000
v -0.47572699 -0.18059599 0.17261501
v -0.50939202 0.05877010 0.20161200
v -0.55234897 -0.21667200 -0.08474070
v -0.55834699 -0.19968601 -0.08346160
v -0.55719501 -0.20875300 -0.09832250
v -0.55871600 -0.20903701 -0.11509000
v -0.54601800 -0.22617801 -0.06879450
v -0.54522198 -0.21833000 -0.05034050
v -0.54029000 -0.24252200 -0.07523020
v -0.55233502 -0.20845500 -0.06652390
v -0.55203998 -0.19972099 -0.05022330
v -0.54471397 -0.20865799 -0.03330160
v 0.12809700 0.56712198 -0.03584880
v 0.12422400 0.57172501 -0.05199650
v 0.08972230 0.55642903 0.02712750
v 0.63857597 0.13645300 -0.05632930
v 0.62347698 0.11269700 -0.01379800
v 0.61150903 0.09884060 -0.00477008
v 0.59694600 0.06697490 0.01014140
v 0.60270900 0.08356950 0.00338838
v 0.61299199 0.07235540 0.01240670
v 0.24195901 0.51258600 0.01789410
v 0.23261900 0.52195299 0.00301098
v 0.24901100 0.51355398 0.00510662
v 0.24988200 0.50386000 0.03149680
v 0.22475100 0.53075302 -0.01389270
v 0.24298900 0.52113801 -0.00954522
v 0.21853299 0.53856301 -0.03178880
v 0.27082399 0.50969100 -0.01725530
v 0.28002900 0.50950301 -0.03288220
v 0.28628400 0.50041503 -0.01476990
v 0.29319900 0.50136000 -0.03057330
v 0.58470303 0.14933500 -0.10870900
v 0.56509799 0.18066300 -0.10829400
v 0.56000203 0.19098000 -0.09478520
v 0.55206901 0.20310301 -0.06967660
v -0.49238101 -0.33271301 -0.08811130
v -0.48649800 -0.34472200 -0.10614800
v -0.49231201 -0.32661101 -0.06653510
v -0.48047301 -0.34989399 -0.08883900
v -0.50429600 -0.29998201 -0.04683400
v -0.49716201 -0.30585799 -0.03361510
v -0.51440001 -0.28141901 -0.04528320
v -0.50568700 -0.29009199 -0.03088690
v -0.49583000 -0.30043700 -0.01819720
v -0.49382299 -0.29444599 -0.00130924
v -0.49144500 -0.28875300 0.01489150
v 0.73969901 0.04590460 -0.10285200
v 0.72140700 -0.01036070 -0.13292100
v 0.73139399 -0.00483592 -0.12155200
v -0.49688300 -0.32037601 -0.19373100
v -0.49595901 -0.32882500 -0.17569800
v -0.48568901 -0.33844501 -0.19113199
v -0.47255501 -0.35596699 -0.19335200
v -0.46803799 -0.36689699 -0.17995401
v -0.47809801 -0.35433599 -0.17688200
v -0.49220499 -0.33820000 -0.15820900
v -0.48736301 -0.34263301 -0.17266500
v -0.48128301 -0.35373700 -0.15879899
v -0.48580000 -0.34862101 -0.14173400
v 0.63735098 0.04680050 -0.18921800
v 0.62147498 0.04315830 -0.19720900
v -0.56861103 -0.17405300 -0.17321400
v -0.56609899 -0.16896500 -0.19178000
v -0.56156099 -0.16224800 -0.21077301
v -0.62863803 0.06087150 -0.16928600
v -0.63959002 0.05250030 -0.18174900
v -0.61109298 0.06540390 -0.17732200
v -0.65298301 0.04383670 -0.18170901
v -0.73852402 0.03343270 -0.13052800
v -0.73800498 0.04872290 -0.12139700
v -0.72460002 0.04443800 -0.13552099
v -0.74978000 0.03765410 -0.11918100
v 0.26046500 0.51075500 -0.00383464
v 0.25446001 0.49596801 0.04624430
v -0.73758900 0.06197580 -0.08916500
v -0.75444400 0.06172950 -0.07846960
v -0.73565000 0.05636070 -0.07186730
v -0.72274703 0.05635120 -0.08428480
v 0.30630600 0.49582300 -0.03870500
v 0.12222300 0.43325299 0.28670299
v 0.12954000 0.44129699 0.27133399
v 0.11022500 0.44487101 0.27408701
v 0.10363000 0.43645999 0.28886199
v 0.11517700 0.42329401 0.30081600
v 0.09613690 0.42642099 0.30234000
v 0.05450480 0.51898098 0.13646100
v 0.04346540 0.52668399 0.12027200
v 0.04187310 0.51324600 0.15262000
v 0.05140460 0.49999899 0.18128100
v 0.03329000 0.49772000 0.18974701
v 0.03146720 0.50616503 0.17050201
v 0.01445100 0.50078201 0.18456100
v 0.31542599 0.38330799 0.19899800
v 0.32605401 0.36825499 0.20864999
v 0.33145201 0.37650499 0.18720600
v 0.30900100 0.37845501 0.21607700
v 0.34813401 0.36470100 0.18103100
v 0.34137699 0.36093199 0.19746099
v 0.36375001 0.35168201 0.17643900
v 0.33014899 0.35428599 0.22451100
v 0.33836401 0.35466599 0.21175399
v 0.31546101 0.36595100 0.22739600
v -0.01534920 -0.06871620 0.43441200
v 0.00257044 -0.07304020 0.43903199
v 0.59003699 0.09993890 -0.19241300
v 0.58182502 0.09234320 -0.20435899
v 0.62769097 -0.03407530 -0.19595601
v 0.64086199 -0.02689810 -0.19087701
v -0.07416000 -0.04946510 0.45422599
v -0.59777498 0.07138870 -0.18544100
v -0.58692503 0.07770330 -0.19627900
v -0.12338800 -0.47670400 -0.32454500
v -0.14147700 -0.46921101 -0.32684299
v -0.55745500 0.21379600 -0.11921200
v -0.56254101 0.20139100 -0.13595501
v -0.55950600 0.20466401 -0.10295300
v -0.55609900 0.21863300 -0.13721800
v -0.54955101 0.23440699 -0.14107201
v -0.54977900 0.23237500 -0.11829700
v -0.54199499 0.25118500 -0.14907201
v -0.54764903 0.23583101 -0.16180800
v -0.52387798 0.25662500 -0.21581601
v -0.53518897 0.24399200 -0.20221201
v -0.52794403 0.23972701 -0.22355901
v -0.54664201 0.21149801 -0.20739201
v -0.54511100 0.22604699 -0.19518800
v -0.53799599 0.22725900 -0.21371600
v -0.53951102 0.21296100 -0.22260600
v -0.54515600 0.19770600 -0.22157700
v -0.54142499 0.24879999 -0.16842701
v -0.54328799 0.23874900 -0.18181200
v -0.27797100 -0.36126500 -0.36102501
v -0.57846701 0.08724620 -0.20919800
v -0.53491700 0.20393600 -0.23694900
v -0.53086299 0.22244900 -0.23209400
v -0.55402100 0.15120500 -0.23158699
v -0.54743803 0.16847900 -0.23499100
v -0.54082900 0.18581100 -0.23716000
v 0.47670400 0.23668399 0.11245600
v 0.46741500 0.24026400 0.12913500
v 0.47564101 0.22670200 0.12545300
v 0.46923199 0.22537300 0.14087200
v 0.45908299 0.24096400 0.14623700
v 0.48737901 0.22877499 0.09654500
v 0.48442200 0.21894500 0.11360800
v 0.49302500 0.20985900 0.10290800
v 0.48473901 0.24613699 0.08312650
v 0.48248300 0.26130599 0.06968680
v 0.49138200 0.25977400 0.04965830
v 0.49035099 0.20121101 0.11726900
v 0.47982401 0.21215300 0.13072100
v 0.53133899 0.23855300 -0.04024220
v 0.53720200 0.23296200 -0.05439480
v 0.04450830 0.58968800 -0.17974800
v 0.02837960 0.59207302 -0.17015500
v 0.55646402 0.14393300 -0.01146810
v 0.55838603 0.12656599 -0.00183715
v 0.54812300 0.15694700 0.00319590
v 0.54356402 0.22538200 -0.06901730
v -0.00587277 0.59444201 -0.15097301
v 0.01194470 0.59363699 -0.16035201
v 0.01300570 0.59456402 -0.14108101
v -0.00057051 0.59453201 -0.12871100
v 0.00382617 0.59313500 -0.10845800
v -0.06778750 -0.03588280 0.44158301
v -0.07985650 -0.03353480 0.45192000
v 0.32724401 -0.29698399 -0.37344301
v 0.33913499 -0.28623801 -0.37237900
v 0.31317300 -0.31034201 -0.37491500
v 0.32569700 -0.28022400 -0.38306600
v 0.32684201 -0.26112700 -0.38985899
v 0.34261999 -0.27103099 -0.37850001
v 0.75363803 -0.07584620 0.14419401
v 0.77045602 -0.07781400 0.15135700
v 0.74065697 -0.06283720 0.15148000
v 0.76926500 -0.08256970 0.13284700
v 0.75356799 -0.08225320 0.12817401
v 0.73856199 -0.07295210 0.13052399
v 0.80158001 -0.07194920 0.13859200
v 0.78749102 -0.07661510 0.15573800
v 0.78654498 -0.07952430 0.13587500
v 0.76470000 -0.08703550 0.11574100
v -0.08930910 0.05926760 0.47587201
v 0.85404801 -0.05315680 0.26022801
v 0.86993402 -0.05035520 0.27266201
v 0.87214100 -0.04618950 0.25258699
v 0.88383502 -0.04934120 0.27920100
v 0.88250399 -0.04606370 0.26360101
v 0.89502198 -0.04222100 0.27013701
v 0.22681600 -0.52541399 0.00037531
v 0.21592800 -0.53363800 -0.01149230
v 0.20321199 -0.54219699 -0.02394690
v 0.00306081 -0.25416300 -0.40979001
v 0.23540100 -0.54024500 -0.06869410
v 0.22559801 -0.54939502 -0.10032700
v 0.21220800 -0.54408997 -0.04419230
v 0.19451199 -0.54977101 -0.04100930
v 0.18200000 -0.55708498 -0.05465650
v 0.18674500 -0.54895902 -0.02709870
v 0.17574400 -0.55521297 -0.03828890
v -0.00162146 -0.23599200 -0.41033801
v 0.28081501 -0.52523798 -0.15067101
v 0.28105399 -0.52301800 -0.16878900
v 0.26505101 -0.53345299 -0.14153700
v 0.80141902 -0.03974660 0.04410230
v 0.80343902 -0.04969010 0.06415820
v 0.79563099 -0.05840180 0.04606360
v 0.79501098 -0.06789970 0.06269370
v 0.80958098 -0.04636770 0.08393510
v 0.81616300 -0.03723700 0.09831850
v 0.81875801 -0.04310680 0.11544700
v 0.82638198 -0.03001030 0.12481400
v 0.84964299 -0.01279610 0.17829800
v 0.08477320 -0.58843303 -0.14075300
v 0.06713030 -0.58922797 -0.16609800
v 0.07368990 -0.58974499 -0.15073700
v 0.09992360 -0.57445902 -0.20849200
v 0.11683900 -0.56723702 -0.21823899
v 0.10113600 -0.56767499 -0.22350900
v 0.08230680 -0.57979500 -0.20149601
v 0.08481510 -0.57221597 -0.21966100
v 0.06739170 -0.58341199 -0.19629700
v 0.05075970 -0.58365798 -0.20116501
v 0.05813590 -0.58750898 -0.18314800
v 0.04451390 -0.59103900 -0.16705900
v 0.03778470 -0.58829701 -0.18744400
v 0.05765730 -0.59146798 -0.14980499
v 0.03101950 -0.58362502 -0.20543800
v 0.01030510 -0.58226901 -0.21086200
v 0.11224300 -0.55966598 -0.23476800
v 0.09312250 -0.56237203 -0.23589100
v 0.13113800 -0.55867201 -0.22948900
v 0.26479501 -0.52392900 -0.19824700
v 0.28235999 -0.51810002 -0.18896300
v 0.29807901 -0.51281202 -0.17559899
v 0.29968700 -0.32546601 -0.37461001
v 0.47049099 -0.19742800 -0.30879501
v 0.47168201 -0.17867900 -0.31395900
v 0.48484701 -0.18296500 -0.30143499
v 0.49666199 -0.18922000 -0.28834999
v 0.45705599 -0.21036200 -0.31508401
v 0.45684499 -0.19482900 -0.32057700
v 0.45015401 -0.22816300 -0.31370500
v 0.45724899 -0.17646000 -0.32613400
v 0.44301900 -0.17366600 -0.33814999
v 0.45650199 -0.15817900 -0.33207300
v 0.43164700 -0.17045200 -0.34883299
v 0.44155401 -0.15291700 -0.34597799
v 0.45523199 -0.14215700 -0.33721101
v 0.51274401 0.29966700 -0.16362500
v 0.50196499 0.31724101 -0.16859400
v 0.49205700 0.33205700 -0.17106000
v 0.49381101 0.32371300 -0.18768500
v 0.48283499 0.34241000 -0.18123800
v 0.48103201 0.33739701 -0.19940300
v 0.43818501 0.39218900 -0.19566201
v -0.01186300 0.08772550 0.45488101
v 0.39864600 -0.16715901 -0.38221899
v 0.41263199 -0.16317999 -0.37123099
v 0.42599499 -0.15763099 -0.35920799
v 0.28129399 0.28209999 -0.39686301
v 0.26067400 0.28713399 -0.39882600
v 0.21275701 0.27256301 -0.40387499
v 0.22787000 0.28347799 -0.40206599
v 0.24318200 0.29048401 -0.40024400
v 0.23041800 0.30165401 -0.40011901
v 0.01487910 -0.41146401 0.31863001
v 0.02721830 -0.39744800 0.32384399
v 0.02245340 -0.42827499 0.30891100
v 0.03898850 -0.43725500 0.30136901
v 0.16552500 0.38926801 -0.38877401
v 0.08812740 -0.48324701 0.20582999
v 0.10719700 -0.48010400 0.20511401
v 0.14674100 -0.47306401 0.19915900
v 0.13877600 -0.46726400 0.21575500
v 0.12698101 -0.47640201 0.20350900
v 0.11587900 -0.48445499 0.19208600
v 0.14960200 -0.45805401 0.22783300
v 0.15891699 -0.46323001 0.21137200
v 0.13949400 -0.45323601 0.24388701
v 0.12945201 -0.44833699 0.25947800
v -0.29227301 0.33681199 -0.37441301
v -0.28946900 0.35231599 -0.36200401
v -0.30208299 0.34329000 -0.36080599
v -0.36853799 0.26488200 -0.36404601
v -0.39711800 0.17398600 -0.38542700
v -0.23934200 -0.36590800 0.30335599
v -0.21376000 -0.38791400 0.29753801
v 0.49683699 0.15367800 0.14000300
v 0.50491500 0.14327300 0.12791701
v 0.50126201 0.16321400 0.12316400
v 0.49966800 0.13539700 0.14492001
v 0.49395001 0.16968299 0.13537100
v 0.50929898 0.15235700 0.11166600
v 0.50539702 0.17264301 0.10644200
v 0.49514800 0.18287000 0.12224200
v 0.48401499 0.19617200 0.13622899
v 0.51395202 0.15982500 0.09543960
v 0.52073997 0.16159800 0.07715460
v 0.53028500 0.14858200 0.06177340
v 0.47306800 0.20883299 0.14880200
v 0.46113199 0.22401699 0.15948300
v 0.45007199 0.24299701 0.16267800
v 0.43984100 0.24662100 0.17924599
v 0.38927299 0.20968100 0.29692599
v 0.42814600 0.25077799 0.19728801
v -0.03726900 -0.48989800 0.20646299
v -0.04881610 -0.49396601 0.19592699
v -0.02914560 -0.47760099 0.23430599
v -0.02694500 -0.48495701 0.21850701
v -0.05256850 -0.46459699 0.25740001
v 0.40120801 0.15606099 0.30753201
v 0.40221301 0.17644399 0.29976699
v -0.47941300 0.08495840 0.22709100
v -0.49027699 0.07945470 0.21241599
v -0.49918899 0.07117200 0.19704001
v 0.76842701 0.08363500 0.13052900
v 0.76553297 0.07917320 0.14854600
v -0.48142800 0.19638400 0.14731300
v -0.47154501 0.20756800 0.15865600
v -0.47668099 0.21532901 0.14018300
v -0.48650301 0.20307100 0.13003699
v -0.49149799 0.18479700 0.13484000
v -0.41606101 0.19935700 0.27213800
v -0.40300199 0.20049700 0.28959301
v -0.41191399 0.21785200 0.26486900
v -0.42215499 0.20594800 0.25739700
v -0.42035899 0.21936600 0.24896200
v -0.40914100 0.23439200 0.25521699
v -0.41838199 0.23443000 0.23831201
v -0.40707201 0.24893400 0.24395899
v -0.42933401 0.21803500 0.23313899
v -0.40662500 0.27301699 0.21641500
v -0.40444201 0.26337400 0.23209800
v -0.39601499 0.27996799 0.22682300
v -0.38895199 0.27503800 0.24547800
v 0.56177902 -0.18382600 -0.17818300
v 0.56010503 -0.19599199 -0.16306201
v 0.55498803 -0.20115900 -0.18229800
v 0.55327398 -0.21337900 -0.16718100
v 0.56331098 -0.19041400 -0.14229500
v -0.06634780 -0.24845800 -0.40949899
v 0.71837902 -0.05703210 -0.12569100
v 0.71893603 -0.03331160 -0.13253200
v 0.70826101 -0.04971000 -0.13866200
v 0.72739297 -0.06451590 -0.11127000
v 0.71446800 -0.07737930 -0.11863400
v 0.70680302 -0.03157300 -0.14482599
v 0.70900100 -0.01478370 -0.14498600
v -0.44658899 -0.30299199 0.10074600
v -0.44417700 -0.29400399 0.11834800
v -0.43552199 -0.30931500 0.11436100
v -0.44743401 -0.31315601 0.08364120
v -0.44019100 -0.28651899 0.13644400
v -0.43244201 -0.30125800 0.13202600
v -0.42728201 -0.29585400 0.14974700
v -0.43561900 -0.28018701 0.15386100
v -0.42250800 -0.29045501 0.16628700
v -0.43173701 -0.27334100 0.17013501
v -0.42145100 -0.30818501 0.14410400
v 0.78909099 -0.06461880 0.03110630
v 0.78471899 -0.07641700 0.04306520
v -0.32912499 -0.25574899 0.31786501
v -0.30238301 -0.29985201 0.31301501
v -0.29219499 -0.31557101 0.31026700
v -0.28247499 -0.34110001 0.29948300
v -0.27902400 -0.33036900 0.30911100
v -0.26660901 -0.34570301 0.30521899
v 0.78514999 -0.08079430 0.06029110
v 0.77253503 -0.09016840 0.05100310
v 0.78027397 -0.07629930 0.02207770
v 0.77043200 -0.08936000 0.03129800
v -0.48573399 0.13669100 -0.31575599
v -0.49795499 0.13193101 -0.30613801
v -0.47135600 0.14219201 -0.32639000
v -0.51848501 0.12212000 -0.28848001
v -0.43220401 0.21874000 -0.33351901
v -0.43071800 0.20192000 -0.34096000
v -0.42786300 0.18742000 -0.34913501
v -0.45629799 0.14608200 -0.33758301
v -0.00981807 0.59171402 -0.09488110
v -0.01592370 0.57094502 0.00386160
v -0.03470110 0.57218498 -0.00368298
v -0.03334020 0.56725401 0.01344880
v 0.06761970 0.53719097 0.08846850
v 0.08387350 0.53378999 0.09113770
v 0.08042410 0.54069000 0.07478530
v 0.06216620 0.54530698 0.06932720
v 0.04965570 0.54049200 0.08523390
v 0.05687160 0.53211403 0.10417900
v 0.04447140 0.54844099 0.06595870
v 0.02683370 0.55021501 0.06435650
v 0.03931550 0.55592000 0.04686670
v 0.05765310 0.55312002 0.04978800
v 0.01181610 0.55156600 0.06228630
v 0.02043150 0.55705500 0.04652390
v 0.07258790 0.55572599 0.03706360
v 0.07611830 0.54841501 0.05592850
v -0.36379200 0.31541800 0.23370500
v -0.36920100 0.30070400 0.24547000
v -0.37694100 0.30428800 0.22758400
v -0.37444401 0.28634399 0.25574699
v -0.38286600 0.28972900 0.23729099
v -0.05230280 0.56826198 0.00506895
v -0.07036440 0.56445003 0.01099230
v -0.05179270 0.57253700 -0.00946081
v -0.06940180 0.56978703 -0.00645057
v -0.03997580 0.57636702 -0.02058320
v -0.08764660 0.56590098 -0.00191440
v -0.08722650 0.56026602 0.01693640
v -0.21658801 -0.45951101 -0.31279701
v -0.04467060 0.49577600 0.19240600
v -0.05247120 0.48886099 0.20627600
v -0.03179320 0.49173099 0.20349000
v -0.06359210 0.49401000 0.19210200
v -0.03935190 0.48386699 0.21961100
v -0.06125070 0.48088399 0.22179499
v -0.07366500 0.48575500 0.20771600
v -0.04766010 0.47607699 0.23502500
v -0.01298160 0.49373999 0.20085900
v 0.00272128 0.49518901 0.19783300
v -0.01829660 0.48544601 0.21873000
v -0.02721760 0.47806200 0.23378301
v -0.03586130 0.47144499 0.24665900
v -0.02129700 0.47142100 0.24801400
v -0.34722301 -0.43430200 -0.26279101
v -0.36459300 -0.42264101 -0.25980499
v -0.35717401 -0.43754601 -0.25059599
v -0.36522600 -0.40667599 -0.27423999
v -0.79149997 -0.05040190 0.22008701
v -0.77567202 -0.05637160 0.21137100
v -0.80478799 -0.03815000 0.22443400
v -0.79387301 -0.05760350 0.20217600
v -0.77484798 -0.05573240 0.19363600
v -0.77595699 -0.04653130 0.17950501
v -0.71885401 -0.05514140 0.19744100
v -0.71256399 -0.04324730 0.18967500
v -0.69784999 -0.05304500 0.19758700
v 0.30203801 0.37501699 0.23116900
v 0.57093298 0.10546100 -0.21577001
v 0.57127398 0.08581760 -0.22264500
v 0.46480599 0.21671399 -0.30691999
v 0.49488100 0.17281000 -0.29559401
v 0.50280899 0.18644001 -0.28277999
v 0.52253401 0.18843900 -0.25911400
v 0.52246898 0.20615999 -0.25033700
v 0.53478801 0.19984899 -0.23499900
v 0.52643102 0.22090299 -0.23530500
v 0.51233101 0.19805400 -0.26744401
v 0.53678101 0.21398400 -0.22130200
v -0.38385999 -0.43026701 -0.23087899
v -0.39759499 -0.42515200 -0.21950001
v -0.42436901 -0.41018000 -0.19626200
v -0.41126600 -0.41823301 -0.20819600
v -0.41122100 -0.42513001 -0.19129200
v -0.39803600 -0.43325099 -0.20245101
v -0.39744401 -0.44002599 -0.18525800
v -0.47587499 -0.35951301 -0.10640400
v -0.48059100 -0.35525101 -0.12440800
v -0.80488598 0.01817930 -0.07624660
v -0.81584799 0.00812690 -0.06603580
v -0.81796002 0.02317980 -0.06070000
v -0.80696100 0.03661630 -0.06711070
v -0.84453601 0.03271310 -0.01969860
v -0.84122300 0.02072610 -0.03098300
v -0.82977903 0.02340700 -0.04594120
v -0.84689498 0.00494508 -0.02530930
v -0.85235101 0.01519880 -0.01523440
v -0.86666799 0.02086680 0.01413320
v -0.85657299 0.02654130 -0.00264979
v -0.85398000 -0.04536450 0.01010360
v -0.84056002 -0.05744900 0.01602640
v -0.85681200 -0.05082090 0.02894070
v -0.86503398 -0.03651390 0.02062920
v -0.87089401 -0.03604070 0.03608210
v -0.87877399 -0.01991730 0.04431120
v -0.88403898 -0.00406970 0.05530530
v -0.87800002 -0.00247356 0.03593110
v 0.11798800 -0.57857102 -0.08226060
v 0.12985800 -0.57500798 -0.07483000
v 0.09018560 -0.58427900 -0.08930740
v 0.07028400 -0.59050900 -0.13448200
v 0.73080200 -0.02986010 0.16770600
v 0.73057902 -0.04673520 0.15352300
v 0.73473901 -0.01709900 0.18587700
v 0.72876298 -0.00740427 0.17118201
v -0.04454160 -0.57629597 -0.22218800
v -0.02908860 -0.57993001 -0.21609600
v -0.04163870 -0.58351898 -0.20515200
v -0.02299460 -0.58550298 -0.20158000
v -0.01144200 -0.57923400 -0.21816701
v -0.01283920 -0.56901199 -0.23824900
v -0.02925170 -0.57245201 -0.23141800
v 0.68777400 0.00079834 0.08217640
v 0.69160002 -0.01765100 0.08676080
v 0.69636202 -0.00376965 0.09530740
v 0.68056601 -0.01409970 0.07244050
v 0.68464601 0.01830160 0.07707420
v 0.68163401 0.03462260 0.07004790
v 0.66860998 0.03989390 0.05511430
v 0.69130200 0.04568390 0.07805830
v 0.69392800 0.03224590 0.08643920
v 0.70333302 0.04998510 0.09216690
v 0.26904100 0.35254800 -0.37580299
v 0.38024700 0.23143600 -0.37216899
v 0.39275500 0.23670800 -0.35752699
v -0.74734300 0.02686640 -0.03256430
v -0.75155401 0.04602040 -0.03982400
v -0.75836802 0.02551780 -0.01609530
v -0.75133300 0.00974326 -0.02248900
v -0.74025899 0.00705358 -0.03750350
v -0.75153202 0.06080970 -0.06386810
v -0.74282199 0.05134820 -0.05483750
v -0.75919700 0.05864540 -0.05042890
v -0.79424298 0.05953080 0.18667801
v -0.77802998 0.06116220 0.19801800
v -0.77718300 0.05239890 0.18246099
v 0.07607220 0.42968199 0.30287701
v 0.06508740 0.41985700 0.31178999
v -0.00290841 -0.56787902 0.01232950
v 0.00018019 -0.57275403 -0.00418263
v 0.00434472 -0.57746297 -0.02166550
v 0.02493810 -0.57902598 -0.03015850
v -0.01683680 -0.57624000 -0.01733440
v 0.04431310 -0.57807702 -0.03097540
v -0.03758240 -0.57745898 -0.02465910
v 0.05528340 0.40811399 0.31916401
v 0.06420500 0.39313701 0.32450601
v 0.03660910 0.41029099 0.31861100
v 0.03733290 -0.51531601 0.14805201
v 0.06187640 -0.51444900 0.14487900
v 0.02781430 -0.54002798 0.08914750
v 0.00850969 -0.53945398 0.09233950
v 0.12817401 0.29270801 0.33945301
v -0.06403730 -0.22905800 -0.41016999
v -0.31065500 0.28480101 0.31412801
v -0.32345599 0.27159801 0.31435099
v -0.30315101 0.26986799 0.32106799
v -0.31732899 0.29846001 0.30491099
v -0.30220500 0.23468700 0.32824501
v -0.30024499 0.25290301 0.32562399
v -0.28346801 0.24615200 0.32978901
v -0.31548300 0.25899300 0.32086501
v -0.32038301 0.31204399 0.29386100
v -0.30636001 0.32689101 0.29275900
v 0.21221800 -0.51069498 0.05899370
v 0.19254901 -0.48678899 0.13538501
v -0.29276201 0.34146601 0.29063100
v -0.22163200 0.38860101 0.29307500
v -0.22472100 0.39768401 0.27915201
v -0.21229400 0.39966699 0.28522599
v -0.21383500 0.37845299 0.30709100
v -0.20412099 0.39240801 0.29868299
v -0.19430099 0.38129401 0.31193501
v -0.18703400 0.39626300 0.30230799
v -0.15374200 0.37641799 0.32219201
v -0.13440400 0.37202799 0.32564300
v -0.13725100 0.38845399 0.31982100
v -0.14831799 0.36177900 0.32685301
v -0.13287000 0.35456201 0.32962400
v -0.17386000 0.38241801 0.31614700
v -0.15599500 0.39280501 0.31458801
v -0.11677600 0.29861400 0.33949801
v -0.12460900 0.31587899 0.33662599
v -0.13307101 0.33439100 0.33326101
v -0.80540800 0.04609760 0.05120910
v 0.39543799 0.10300800 -0.39342701
v 0.37292701 0.10855100 -0.39849699
v 0.34953001 0.11154700 -0.40181401
v -0.06474580 -0.02019620 0.42852500
v -0.12270200 -0.57643002 -0.19150300
v -0.13526200 -0.57630402 -0.17922901
v -0.04987190 -0.56680101 -0.23951000
v -0.03072350 -0.56252301 -0.24823301
v -0.22487800 -0.47147501 -0.29963699
v -0.20757000 -0.47480401 -0.30318600
v -0.24193600 -0.46870801 -0.29493600
v -0.23007201 -0.48414299 -0.28572100
v -0.19222800 -0.47715601 -0.30631900
v -0.22545600 -0.50896198 -0.26078501
v -0.24093001 -0.50454700 -0.25802800
v -0.23509100 -0.49579701 -0.27142701
v -0.24687000 -0.48210001 -0.28001201
v -0.25852501 -0.46858799 -0.28693801
v -0.27474201 -0.47065800 -0.27598000
v -0.28858101 -0.47254899 -0.26534101
v -0.01173250 -0.55736798 -0.25669500
v -0.01522750 -0.54475600 -0.27341601
v -0.11576400 0.55595899 -0.24121700
v -0.12731101 0.56123698 -0.22731200
v -0.10366600 0.54978400 -0.25411600
v -0.13882500 0.56563097 -0.21242499
v -0.13159101 0.57354301 -0.19402801
v -0.14919101 0.56805903 -0.19954801
v -0.18035400 0.53484201 -0.24845900
v -0.19765200 0.53454000 -0.24006601
v -0.15158500 0.57674998 -0.14420100
v -0.15073200 0.57677698 -0.12439100
v -0.16500001 0.57231402 -0.11396100
v -0.13513200 0.58069497 -0.13269299
v -0.11865600 0.58297700 -0.15846200
v -0.11800000 0.58421099 -0.13889900
v -0.13499700 0.58025402 -0.15204599
v -0.13455100 0.57800901 -0.17223500
v -0.11794000 0.58014297 -0.17850700
v -0.10611100 0.58450699 -0.16468300
v -0.10082000 0.58282799 -0.17985700
v -0.09309040 0.58674997 -0.16293301
v -0.08400380 0.58604997 -0.17622000
v -0.13657200 -0.48500499 -0.31479499
v -0.15146101 -0.47782201 -0.31732500
v -0.16213299 0.57093900 -0.09361660
v -0.17889300 0.56731403 -0.10345300
v -0.17736800 0.56518197 -0.08360410
v -0.16003899 0.56805801 -0.07240930
v -0.14128000 0.57235402 -0.07056000
v -0.17962500 0.56099600 -0.06433110
v 0.35434401 -0.27385700 0.29034001
v 0.34180301 -0.28506100 0.29379800
v 0.32933399 -0.29825801 0.29501000
v 0.40065500 -0.29683799 0.19185799
v 0.41246200 -0.28048900 0.19104800
v 0.42507601 -0.26675400 0.18392900
v 0.44140700 0.23785600 -0.31682900
v 0.10693100 -0.21013200 -0.41036600
v 0.10488800 -0.22811800 -0.40979999
v -0.07098060 0.50510800 -0.30961701
v -0.05678870 0.49900499 -0.31672001
v -0.08673330 0.49626401 -0.31530800
v -0.10231200 0.48722500 -0.32064500
v -0.10524300 0.50098300 -0.30797899
v -0.09083610 0.54229403 -0.26721999
v 0.47745600 0.33274701 -0.21545100
v 0.48802501 0.32145101 -0.20848700
v 0.42498600 0.34628099 -0.27033001
v 0.43166801 0.35721901 -0.25425601
v 0.40887401 0.35860199 -0.27552000
v 0.43573999 0.36662400 -0.23967400
v -0.20192499 0.47945499 -0.30137599
v -0.20912901 0.52285200 -0.25079700
v -0.19305500 0.52635998 -0.25465101
v 0.41635600 -0.32330000 -0.29290801
v 0.41442299 -0.30746499 -0.30373400
v 0.41675401 -0.29007801 -0.31132099
v 0.51857102 -0.29298601 -0.14564000
v 0.52132499 -0.28463501 -0.16585800
v 0.52337998 -0.27468500 -0.18353100
v 0.53184301 -0.20725399 -0.23522900
v 0.53862798 -0.21167400 -0.21904901
v 0.53809899 -0.19267100 -0.23277900
v 0.54793298 -0.20635000 -0.20076300
v 0.54716599 -0.19219400 -0.21518900
v 0.55531800 -0.18865000 -0.19701400
v 0.53343999 -0.17570400 -0.24929400
v 0.54342699 -0.16017400 -0.24099900
v 0.54521400 -0.17659400 -0.22930799
v -0.38676700 -0.32233199 0.18699200
v -0.37492901 -0.33791500 0.18429400
v -0.34926301 -0.35794100 0.19465300
v -0.35421899 -0.31726301 0.24678700
v -0.36207700 -0.35325801 0.18167800
v -0.37419099 -0.34879100 0.16887499
v -0.36083400 -0.36414200 0.16614500
v 0.55452299 -0.17492101 -0.21083800
v 0.55308402 -0.16046999 -0.22321600
v 0.55976599 -0.14507200 -0.21738300
v 0.55226803 -0.14434400 -0.23262900
v 0.56062001 -0.12917300 -0.22314200
v 0.55158502 -0.12637500 -0.24065000
v -0.27598101 -0.42465299 0.17834701
v -0.28701201 -0.42746001 0.15923101
v -0.26024801 -0.42767200 0.19114000
v -0.26068699 -0.43553701 0.17537200
v -0.27093199 -0.43685901 0.16072600
v -0.24448501 -0.43023700 0.20368101
v -0.24468701 -0.44135699 0.18170400
v -0.25437701 -0.44572800 0.16231801
v -0.23723300 -0.45421201 0.16371500
v 0.61094701 -0.04664970 -0.20104100
v 0.61349899 -0.06365270 -0.19455700
v 0.60685301 -0.07920320 -0.19071400
v 0.57449597 -0.03308430 -0.22851799
v 0.57138997 -0.01429190 -0.23385800
v 0.56408399 -0.02880870 -0.24329001
v 0.56214499 -0.01109300 -0.24748300
v 0.55609298 -0.04133500 -0.25382099
v 0.55463701 -0.01996230 -0.25786600
v 0.54502302 -0.01103480 -0.27106601
v 0.69368500 0.12513199 -0.01758510
v 0.70614499 0.12025900 -0.00101924
v 0.10472300 -0.17560101 -0.41125801
v 0.11645800 -0.19198599 -0.41070500
v -0.44764900 0.06222840 0.28696200
v -0.63698697 0.02917310 0.25049201
v -0.61818498 0.01772640 0.25330400
v -0.62085402 0.03385100 0.24894500
v -0.65207303 0.04191710 0.24533799
v -0.63255900 0.04638710 0.24295700
v 0.48248801 -0.34883699 -0.13325600
v 0.72278100 -0.08368200 -0.10325700
v 0.71464902 -0.10197300 -0.09324260
v 0.71065998 -0.09314100 -0.11011200
v 0.69968301 -0.10588600 -0.10767500
v 0.68459302 -0.11847600 -0.10325400
v 0.69867301 -0.11626000 -0.09039990
v 0.11278900 -0.15881400 -0.41149101
v 0.12411700 -0.17457800 -0.41099799
v 0.13170999 -0.15641300 -0.41126999
v 0.14369300 -0.17038400 -0.41075501
v 0.13634799 -0.18914200 -0.41041100
v -0.38953200 -0.45105800 -0.10037700
v -0.40397301 -0.43786800 -0.09697150
v -0.38671499 -0.45515299 -0.11896000
v -0.39350000 -0.44474101 -0.08276380
v -0.37554201 -0.46319500 -0.10478700
v -0.41804400 -0.42428499 -0.09507500
v -0.40773800 -0.43121001 -0.07954970
v -0.43131801 -0.41072199 -0.09463860
v -0.42103601 -0.41796699 -0.07807260
v -0.41095701 -0.42381099 -0.06126590
v -0.42383999 -0.41092801 -0.06132580
v -0.43417600 -0.40415701 -0.07790810
v -0.39797699 -0.43686801 -0.06464890
v -0.40049401 -0.42923501 -0.04521890
v -0.38819101 -0.44189700 -0.05032940
v -0.40007800 -0.42315501 -0.02594270
v -0.39928401 -0.41702500 -0.00774848
v -0.46893400 -0.36568299 -0.09002900
v -0.45653799 -0.38154799 -0.09147670
v -0.44392699 -0.39676100 -0.09349290
v -0.35325199 -0.41548800 0.08561420
v -0.36645001 -0.41160399 0.07053600
v -0.35268801 -0.42281201 0.07171030
v -0.35407400 -0.40655601 0.10162400
v -0.33910999 -0.42005700 0.09941130
v -0.35526100 -0.39691600 0.11781500
v -0.34076601 -0.41045099 0.11555400
v -0.34282699 -0.40027401 0.13164300
v -0.35689500 -0.38651800 0.13413700
v -0.33051300 -0.40312800 0.14534500
v -0.32797799 -0.41359699 0.12926701
v -0.34498301 -0.38963699 0.14768600
v -0.31540099 -0.41584000 0.14339299
v -0.29959899 -0.42754400 0.14261000
v -0.31252801 -0.42619199 0.12727100
v -0.28332299 -0.43792400 0.14321700
v -0.35888600 -0.37544900 0.15033001
v -0.37225601 -0.36059800 0.15322401
v -0.76525301 0.01581300 0.24132399
v -0.75264603 0.00596053 0.24424200
v -0.73959303 -0.00663406 0.24614300
v -0.72658998 -0.01899560 0.24658900
v -0.42394200 -0.31530601 0.12882800
v -0.44717601 -0.32412300 0.06682590
v -0.69378102 -0.02875560 0.24715500
v -0.59702498 0.00753512 0.25442100
v -0.61716801 -0.00041985 0.25453499
v -0.60403901 0.02904650 0.25062701
v -0.58603197 0.02623640 0.25164199
v -0.56822300 0.02706710 0.25180501
v -0.53889602 0.02343010 0.25294501
v -0.55223602 0.02997990 0.25144601
v 0.71885598 0.11500000 0.01482160
v 0.71214902 0.10935600 0.03021640
v 0.70355999 0.09947700 0.04475420
v 0.68693602 -0.07810760 0.05133170
v 0.61215198 0.05741770 0.01797160
v 0.60922402 0.03983530 0.02146890
v 0.62729901 0.04865380 0.02644290
v 0.65987200 0.06678080 0.03813420
v 0.64375800 0.05758690 0.03205250
v 0.65604800 0.04763970 0.04272920
v -0.38963100 0.29524100 0.21813001
v -0.40153301 0.28691700 0.20783800
v -0.71464199 -0.02709730 0.18459500
v -0.69623899 -0.03684050 0.18929900
v -0.37332100 -0.46649200 -0.12526600
v -0.38476399 -0.45738101 -0.13837799
v -0.38362601 -0.45732799 -0.15813801
v -0.38368401 -0.45419100 -0.17737000
v -0.36995500 -0.43390799 -0.24211501
v -0.15795100 0.48707601 0.16341500
v -0.13967000 0.52031201 0.09713720
v -0.12019600 0.49410599 0.16978800
v -0.22841699 -0.53554600 -0.21538800
v -0.23842700 -0.53707898 -0.20100901
v -0.23498800 -0.52497298 -0.23106299
v -0.23111300 -0.54488301 -0.18444200
v -0.24953701 -0.53647399 -0.18691900
v -0.24359199 -0.54237700 -0.16984500
v -0.23839900 -0.51459098 -0.24573600
v -0.05174700 -0.57344902 -0.01321240
v -0.13745700 -0.57121003 -0.06105520
v -0.12230800 -0.57239002 -0.05000830
v -0.15437900 -0.56454402 -0.04893570
v -0.11501500 -0.57661003 -0.06388090
v -0.12563600 -0.57701099 -0.07830050
v -0.09396050 -0.58065498 -0.06505830
v -0.10434300 -0.57577801 -0.04927220
v -0.10491800 -0.58129698 -0.07977180
v -0.11512200 -0.58170903 -0.09449640
v -0.12338400 -0.58175498 -0.10879200
v 0.47138801 0.09372670 0.22866100
v 0.48510301 0.08425970 0.20247100
v 0.49025899 0.10639800 0.18156900
v 0.49176401 0.08822330 0.18587001
v 0.49816900 0.09290470 0.16928600
v 0.49621999 0.11152200 0.16550700
v 0.50223100 0.11711900 0.14889300
v 0.50424802 0.09854670 0.15274701
v -0.19292600 -0.48486301 0.14148501
v -0.20702700 -0.47388700 0.15260600
v -0.17916401 -0.49526101 0.12971599
v -0.15756600 -0.50088501 0.13343801
v -0.20018999 -0.48898000 0.12564100
v -0.20629300 0.07031370 -0.41103700
v 0.60571998 0.02205310 0.02316670
v -0.57593000 0.04915240 0.20400000
v -0.62303501 0.05791370 0.23068500
v -0.61114800 0.05844890 0.21508700
v -0.59672499 0.04882470 0.20282200
v 0.75579900 -0.09986540 0.04299800
v 0.74460399 -0.10062500 0.06197220
v 0.68137401 -0.12685300 -0.08580210
v 0.69542199 -0.12422200 -0.07243780
v 0.71119899 -0.11445400 -0.07494220
v 0.72547299 -0.10327100 -0.07418520
v -0.26359501 -0.53568101 -0.13669901
v -0.27492899 -0.52990699 -0.12196800
v -0.29069400 -0.52194798 -0.12846400
v -0.30320799 -0.51433402 -0.11803600
v -0.28716099 -0.52218401 -0.10635300
v -0.31905401 -0.50516403 -0.12677300
v -0.27617300 -0.52570498 -0.08851010
v -0.26435399 -0.52886802 -0.07282630
v -0.34768200 -0.48561800 -0.11872500
v -0.36241499 -0.47419399 -0.11107800
v -0.33486900 -0.49502000 -0.13328800
v -0.32555801 -0.42374599 0.11298500
v -0.36185300 -0.42288601 0.05530190
v -0.22942100 -0.46622401 0.14678700
v -0.24922501 -0.45630500 0.14626899
v -0.23085600 -0.47346601 0.12983400
v -0.21383300 -0.47817400 0.13677800
v -0.26659501 -0.44741100 0.14467500
v -0.72009599 -0.02867260 -0.14526901
v -0.70978200 -0.04585750 -0.14403500
v -0.72709203 -0.04286530 -0.13356701
v -0.73593199 -0.02722700 -0.13392000
v -0.75143403 -0.02604070 -0.12216000
v -0.75245899 0.02249850 -0.12286400
v -0.60428399 -0.01136000 -0.21538500
v -0.61425298 0.00514168 -0.21069001
v -0.59886003 0.00909368 -0.21907499
v -0.63981098 0.01474530 -0.19717500
v -0.62038302 -0.01307920 -0.20630001
v -0.62775803 0.00367713 -0.20385100
v -0.18368401 -0.51745999 0.07197330
v -0.83978099 -0.05995640 0.03107400
v -0.82420498 -0.06140980 0.02464870
v -0.80820602 -0.05866620 0.01661210
v -0.79387200 -0.05336740 0.00667986
v -0.20281400 -0.54446697 -0.02792510
v -0.22071800 -0.53971899 -0.03559590
v -0.23646200 -0.53559703 -0.04517730
v -0.20859100 -0.53043598 0.01133570
v -0.20786500 -0.53681803 -0.00756980
v -0.18784200 -0.55357099 -0.04389910
v -0.16871201 -0.55800098 -0.03790950
v -0.74305701 -0.04060000 -0.04386430
v -0.75010598 -0.05433310 -0.05120660
v -0.73174798 -0.04718720 -0.06155590
v -0.74235600 -0.02402070 -0.03727830
v -0.73062301 -0.02886740 -0.05199170
v -0.42854801 0.01647380 -0.38524801
v -0.25084001 -0.53223598 -0.05817920
v -0.13474099 -0.58041400 -0.13896300
v 0.74587899 -0.08456250 0.11346300
v -0.13026100 -0.58017403 -0.16013800
v -0.25381401 -0.53954798 -0.15317200
v -0.26801500 -0.53284299 -0.15298501
v -0.46385199 0.01827710 0.26994699
v 0.45295399 0.21826001 -0.31567901
v -0.04223420 0.45138299 -0.36168501
v -0.03368210 0.46156299 -0.35107100
v 0.04765680 -0.04981120 0.39368099
v -0.59069800 0.01712970 0.19075499
v -0.62839502 -0.02831210 0.19255900
v -0.23617700 -0.03335680 -0.41045401
v -0.78094703 -0.03511150 0.16902199
v -0.77994800 -0.01930430 0.16385201
v -0.76612997 0.00618369 0.16899100
v -0.74824899 0.01211080 0.17554800
v -0.76503903 0.02398670 0.17162600
v -0.57915300 0.03199290 0.19513901
v -0.78144503 -0.00046956 0.16022000
v -0.63853300 -0.00781574 -0.19771300
v -0.62965399 -0.02859190 -0.19871201
v -0.65438598 -0.00965469 -0.18991300
v -0.64721400 -0.02480280 -0.19100700
v -0.08356860 -0.09566850 -0.41278699
v -0.09463800 -0.12823801 -0.41219500
v -0.74221498 -0.04196580 -0.12217100
v -0.75664300 -0.04084540 -0.11063100
v -0.73042500 -0.05492320 -0.11783900
v -0.74407297 -0.05452470 -0.10638500
v -0.77234101 -0.03912440 -0.09787080
v -0.75820398 -0.05384780 -0.09588010
v -0.03910230 -0.07524930 -0.41330200
v -0.03476750 -0.09294910 -0.41311800
v -0.05309690 -0.08642350 -0.41314301
v -0.05725560 -0.06844710 -0.41330501
v -0.07079820 -0.08112840 -0.41308299
v 0.07298310 0.06971020 0.51049399
v -0.71850002 -0.03189360 -0.06573090
v -0.71576703 -0.04623070 -0.07702660
v -0.72883898 -0.05764240 -0.08024140
v -0.71205902 -0.05736040 -0.09465610
v -0.73392898 -0.01068990 -0.04487670
v -0.74609900 -0.00716483 -0.02952860
v 0.49220899 0.07017390 0.19125099
v 0.51558399 0.03454080 0.14425600
v 0.53239501 0.01664330 0.10505700
v -0.69315201 -0.05618530 -0.14521401
v -0.68088198 -0.05456250 -0.15666300
v -0.69317800 -0.04365770 -0.15748100
v -0.70484698 -0.05938790 -0.13023800
v -0.71842599 -0.05484340 -0.12906700
v -0.71615499 -0.06147590 -0.11348600
v -0.72921097 -0.06127670 -0.09925550
v -0.74354702 -0.06142940 -0.08810750
v -0.74455798 -0.05989560 -0.06914070
v -0.76766300 0.02206360 -0.00044438
v -0.76039898 0.01096120 -0.00893565
v -0.67964602 0.00764715 -0.09697810
v -0.66643399 0.01261660 -0.10765100
v -0.29611599 0.49204099 -0.23356400
v -0.27754599 0.49795499 -0.24065100
v -0.31398100 0.48092499 -0.23411199
v -0.34881800 0.47168300 -0.20596200
v -0.36416599 0.45902801 -0.20879300
v -0.33786699 0.47390300 -0.21793699
v -0.37481600 0.43523201 -0.23437700
v -0.39338201 0.42408901 -0.22662500
v -0.49231201 0.20796800 0.11236400
v -0.48260400 0.22082700 0.12176900
v -0.49498799 0.19242600 0.12046400
v -0.48004201 0.23526201 0.11260400
v -0.51611102 0.16404900 0.09329470
v -0.52362800 0.15455000 0.08146580
v -0.51098800 0.16052499 0.10845100
v -0.50170302 0.17536600 0.11910200
v -0.50567198 0.15462400 0.12546501
v -0.54540402 0.23743200 -0.09510680
v -0.55275500 0.22158401 -0.10071500
v -0.56160599 0.19464700 -0.09047100
v -0.56662601 0.17880000 -0.08955580
v -0.49461600 0.28191200 0.01927080
v -0.55553800 0.17162199 -0.02709870
v -0.07411710 0.44425899 0.28664699
v 0.01802610 0.41050601 0.31904799
v 0.03710590 0.33224201 0.33686301
v -0.26811001 0.22077700 0.33535400
v -0.26631099 0.23861000 0.33346000
v -0.28548199 0.22783200 0.33196399
v -0.61075699 -0.03235030 -0.20725900
v 0.62982500 -0.03598770 0.03025970
v 0.62883198 -0.01955120 0.03215920
v 0.63983703 -0.04892610 0.03180660
v 0.64288402 -0.03084800 0.03793300
v 0.63221699 -0.12336600 -0.02580340
v 0.65552998 -0.11639300 -0.00735010
v -0.86257601 0.05943310 0.14196201
v -0.59200102 0.03106260 -0.09776580
v -0.59437299 0.02426810 -0.11202800
v -0.65366900 0.01475660 -0.11666600
v -0.56647098 -0.03322220 0.19494700
v -0.58057499 -0.04827750 0.20276900
v -0.22018699 0.45555499 0.17921101
v -0.23153000 0.45775101 0.16362201
v -0.21104200 0.46600100 0.16635200
v -0.19944800 0.46300301 0.18306901
v -0.18992899 0.47257000 0.17099001
v -0.16699900 0.47839701 0.17598900
v -0.21019800 0.45247200 0.19497700
v -0.14150199 0.48495799 0.17849100
v -0.13851000 0.49380299 0.16061901
v 0.30041999 -0.31289899 0.30621099
v 0.31597000 -0.31253299 0.29517201
v 0.30178100 -0.32598200 0.29481801
v 0.01072950 0.17821300 -0.41179600
v 0.02920420 0.17701100 -0.41176501
v -0.03271730 -0.12994200 -0.41263500
v -0.03315030 -0.14926501 -0.41234899
v -0.04884790 -0.14013401 -0.41242501
v -0.01797980 -0.13868900 -0.41253799
v -0.01688330 -0.11902000 -0.41281500
v -0.03251140 -0.11095400 -0.41289401
v -0.27902600 -0.52808100 -0.14135601
v -0.02069120 -0.08228620 -0.41325301
v -0.01697830 -0.10042700 -0.41305801
v 0.00870647 -0.07334810 -0.41330501
v 0.02063280 -0.05640720 -0.41339201
v -0.00300252 -0.08889270 -0.41319600
v -0.00768329 -0.06963140 -0.41335100
v -0.01166520 0.04367480 -0.41347501
v -0.03136220 0.04638010 -0.41344500
v 0.16001099 0.16808300 -0.41042301
v -0.02912780 -0.04579210 -0.41347200
v -0.03107240 -0.02972390 -0.41350600
v -0.02000150 -0.01712070 -0.41355100
v -0.04329140 -0.05702240 -0.41340899
v -0.02538310 -0.06413130 -0.41338900
v -0.07463290 -0.06254040 -0.41320300
v -0.08783950 -0.07671020 -0.41294700
v -0.07693900 -0.04350090 -0.41325599
v -0.06034430 -0.04977270 -0.41336900
v -0.12990899 -0.03039670 -0.41273901
v -0.11628100 -0.01471690 -0.41293001
v 0.10312300 -0.14162999 -0.41194400
v -0.10630600 -0.07481020 -0.41274300
v -0.20046900 -0.17738600 -0.40912300
v -0.21276700 -0.16104800 -0.40923601
v -0.21958700 -0.18076999 -0.40843701
v 0.09687260 0.05018590 0.50212598
v -0.04546790 -0.03805300 -0.41345200
v -0.08815730 0.01313240 -0.41323701
v -0.07027800 0.01923920 -0.41338399
v -0.05313350 0.01653840 -0.41347000
v -0.08776160 0.04795630 -0.41320401
v -0.09843490 0.03121010 -0.41313201
v -0.09455400 0.06535730 -0.41301000
v -0.04131320 0.03131700 -0.41348699
v -0.06024800 0.03290150 -0.41342101
v -0.06130780 -0.21050400 -0.41079101
v -0.09443980 -0.18846001 -0.41097999
v -0.07786170 -0.19898900 -0.41092899
v -0.07873750 -0.17946000 -0.41142300
v -0.08005730 -0.15927801 -0.41181999
v -0.06703360 0.09438420 -0.41290399
v 0.09169270 0.01058800 -0.41319701
v 0.01574330 -0.00939897 -0.41360599
v 0.03258380 -0.02443030 -0.41355601
v 0.02447080 0.01121520 -0.41359699
v 0.03428860 -0.04453700 -0.41343799
v 0.04962470 -0.03736890 -0.41343200
v 0.08574440 -0.05611860 -0.41304800
v -0.06429170 -0.16933800 -0.41181001
v -0.07971260 -0.13882300 -0.41217101
v -0.06488980 -0.14972199 -0.41214299
v -0.85603899 -0.05637930 0.15349400
v 0.11074500 0.15459000 -0.41161999
v 0.04881020 0.17256100 -0.41177499
v 0.07804870 0.12712200 -0.41238499
v -0.40097100 0.40206799 -0.24542300
v -0.41402099 0.40024000 -0.23159499
v -0.07425630 0.15902799 -0.41192800
v -0.06441090 0.17406900 -0.41167700
v -0.08570100 0.14420000 -0.41210201
v -0.04919040 -0.15870900 -0.41213199
v -0.01760260 -0.15848701 -0.41223300
v 0.18169001 0.04338770 -0.41167900
v 0.20062999 0.05067690 -0.41115901
v 0.19684701 0.03158560 -0.41135201
v 0.17743701 0.02547570 -0.41183701
v -0.00519328 -0.12827501 -0.41270801
v 0.00072901 -0.11025400 -0.41295499
v -0.25388101 0.10482800 -0.40906999
v -0.24463101 0.11581300 -0.40921399
v -0.25417501 0.02736870 -0.40989101
v -0.23918800 0.03354980 -0.41037899
v -0.71291202 -0.03134390 0.24455900
v -0.71766400 -0.04441240 0.23568800
v 0.16829699 -0.14353099 -0.41089299
v 0.18318500 -0.15496200 -0.41027701
v 0.16367100 -0.16325000 -0.41053399
v 0.18412000 -0.13391100 -0.41070399
v 0.15047400 -0.15140200 -0.41106099
v 0.15513200 -0.13439000 -0.41131401
v -0.52680099 0.16267300 0.06716290
v 0.19955300 -0.12575600 -0.41037500
v 0.20075101 -0.10561800 -0.41064101
v 0.47404701 -0.22604699 0.12789901
v 0.48238900 -0.22479600 0.11114600
v 0.49074599 -0.22401400 0.09364290
v 0.25610399 0.16169100 -0.40731099
v 0.34290099 0.03803130 -0.40430099
v -0.07951860 0.03169310 -0.41331300
v -0.10291800 -0.00095111 -0.41308200
v -0.09727520 -0.01860210 -0.41311899
v -0.37434399 -0.12498600 0.32576099
v 0.09649630 -0.00837823 -0.41313201
v 0.10978800 0.00583916 -0.41297200
v 0.12661199 -0.00011316 -0.41273499
v -0.46757501 -0.03067580 -0.34684700
v 0.23503999 -0.41863099 0.23273200
v 0.23873900 -0.34088099 0.31805500
v -0.45511499 -0.15687400 0.23206800
v 0.21236600 0.01961010 -0.41097701
v 0.21528800 0.03966340 -0.41082799
v -0.22271700 0.06241620 -0.41066700
v 0.06634500 -0.03051670 -0.41336101
v 0.19381700 0.01311960 -0.41146299
v 0.20125400 -0.01970410 -0.41129500
v 0.08465050 -0.03869100 -0.41315901
v 0.06752020 -0.04861310 -0.41325399
v 0.08253070 -0.02094130 -0.41325501
v 0.09752920 0.13721900 -0.41207299
v 0.12285800 0.07011630 -0.41258299
v 0.13983500 0.08354900 -0.41218901
v 0.14998600 0.10187400 -0.41178200
v 0.16947301 0.10639700 -0.41136599
v 0.21928900 0.05971090 -0.41059700
v 0.15823400 0.01986600 -0.41225001
v -0.75254297 -0.01908370 -0.02320420
v 0.14134400 0.01161920 -0.41252199
v 0.14182700 -0.00942571 -0.41251501
v 0.24833000 0.10343100 -0.40918601
v 0.18890300 0.11402000 -0.41087899
v 0.17504700 0.12271900 -0.41103899
v 0.19076601 0.13242200 -0.41051099
v 0.16981800 0.15440400 -0.41053101
v 0.17230999 -0.05156470 -0.41198701
v 0.19611800 -0.07172590 -0.41122001
v 0.18711400 -0.05764140 -0.41161001
v 0.15575100 -0.04247970 -0.41229200
v 0.18974000 -0.03872720 -0.41159999
v 0.20319900 -0.05368120 -0.41116700
v 0.20669200 -0.08681190 -0.41072100
v 0.01968700 0.19512901 -0.41137600
v 0.03740290 0.19339301 -0.41134799
v 0.37444100 -0.06112020 0.32838601
v -0.10092300 0.21302401 -0.41029900
v -0.12951900 0.19010700 -0.41056401
v -0.12620600 0.16968900 -0.41117200
v -0.12243200 0.14951999 -0.41160500
v -0.11551200 0.20242500 -0.41043299
v -0.08134560 0.20774700 -0.41067600
v -0.07306750 0.19177400 -0.41121000
v -0.05414180 0.18892100 -0.41141000
v -0.04626080 0.17134100 -0.41181999
v -0.10453200 0.14666501 -0.41188201
v -0.11619300 0.13121501 -0.41194999
v -0.20519400 0.14034601 -0.41005701
v -0.19224600 0.12504099 -0.41076601
v -0.18602000 0.14240900 -0.41055301
v -0.03874460 0.18544400 -0.41156799
v -0.04018570 0.20166500 -0.41121101
v -0.05924110 0.20803200 -0.41089100
v -0.00869530 0.20189001 -0.41128299
v -0.02370030 0.21204700 -0.41102201
v -0.02459150 0.19244599 -0.41148600
v -0.03986370 0.22018699 -0.41070199
v -0.52853203 -0.04600840 -0.29084599
v 0.01271260 -0.16907400 0.36115000
v -0.07089820 0.21980900 -0.41042501
v -0.05576310 0.22785100 -0.41032299
v -0.03107890 -0.01762010 0.52363199
v -0.67422301 -0.04464910 -0.16883899
v -0.65929800 -0.03676250 -0.18142299
v -0.67451203 -0.02915360 -0.17549500
v -0.66457200 -0.01966970 -0.18312600
v 0.69147801 -0.12912700 -0.05319910
v 0.04432160 0.22530200 -0.41042301
v 0.05874750 0.21235000 -0.41071001
v 0.04395890 0.20791399 -0.41092601
v 0.02730340 0.21491501 -0.41080201
v 0.00806948 0.21021900 -0.41101399
v 0.00404745 0.19328099 -0.41147000
v -0.07700820 0.35484499 -0.40222999
v 0.16939101 0.18383600 -0.40980500
v 0.05502680 0.19318201 -0.41126001
v 0.14938600 -0.20246699 -0.40975100
v 0.12939601 -0.20737600 -0.41003299
v 0.15632699 -0.18284699 -0.41015801
v 0.08583830 -0.34304601 -0.40335199
v 0.73396599 0.00333038 0.18564600
v 0.73597401 0.02178850 0.18342499
v 0.41310900 -0.18481600 0.28396001
v 0.42027399 -0.19184400 0.26863199
v 0.42333999 -0.17549600 0.27449900
v 0.01332880 0.10487300 0.50917101
v 0.01386570 0.08710470 0.51725501
v -0.28140399 0.44609299 -0.29497299
v -0.29618201 0.43647301 -0.29512599
v -0.29703400 0.44822100 -0.28384399
v -0.35167700 0.43049601 -0.26268899
v -0.40038699 0.41237500 -0.23390999
v -0.05670850 0.43230101 -0.38157400
v 0.73558903 -0.10291900 -0.05547570
v 0.70106602 -0.01828440 0.10239200
v 0.73033798 -0.05878660 0.13968100
v 0.81212002 -0.05978510 0.12454800
v 0.29956201 0.00078122 0.34225401
v 0.48541400 0.32421300 -0.04364170
v 0.20301600 0.34718099 0.32363799
v -0.06136560 0.57487202 -0.02189300
v 0.83675200 0.05903210 0.23454399
v 0.30532399 -0.03259120 0.34132600
v 0.40956101 0.29726201 0.17547800
v 0.40337199 0.31222799 0.16649900
v 0.37979999 0.33599100 0.17348699
v -0.61276102 0.04675170 0.24242599
v 0.10572400 -0.58207399 -0.09105000
f 1 2 3
f 1 3 4
f 2 5 3
f 6 3 5
f 7 4 3
f 6 7 3
f 8 9 10
f 8 10 11
f 9 8 12
f 12 8 13
f 8 11 14
f 8 14 13
f 15 16 17
f 17 16 18
f 19 16 15
f 19 20 16
f 20 21 16
f 21 18 16
f 22 23 24
f 25 22 24
f 23 26 24
f 24 26 27
f 24 27 28
f 25 24 28
f 29 30 31
f 29 31 32
f 31 33 34
f 31 35 33
f 31 30 35
f 31 34 32
f 36 37 38
f 39 38 37
f 36 38 40
f 41 40 38
f 42 38 39
f 42 41 38
f 43 44 45
f 43 46 44
f 46 47 44
f 44 47 48
f 45 44 49
f 44 48 49
f 50 51 52
f 50 52 53
f 54 52 51
f 54 55 52
f 55 56 52
f 56 53 52
f 57 58 59
f 60 59 58
f 61 62 59
f 62 63 59
f 57 59 63
f 60 61 59
f 64 65 66
f 64 66 67
f 65 68 66
f 69 67 66
f 69 66 70
f 68 70 66
f 71 72 73
f 74 71 73
f 75 76 73
f 74 73 76
f 77 73 72
f 75 73 77
f 78 79 80
f 78 81 79
f 82 83 79
f 82 79 84
f 79 83 80
f 84 79 81
f 85 86 87
f 85 88 86
f 89 87 86
f 88 90 86
f 91 86 90
f 91 89 86
f 92 93 94
f 95 94 93
f 92 96 93
f 97 95 93
f 97 93 98
f 98 93 96
f 92 99 100
f 101 100 99
f 102 103 100
f 96 100 103
f 92 100 96
f 101 102 100
f 104 105 106
f 104 107 105
f 108 106 105
f 105 107 109
f 110 105 109
f 108 105 110
f 111 112 113
f 111 113 114
f 111 115 116
f 111 114 115
f 111 116 117
f 111 117 112
f 118 119 120
f 121 120 119
f 121 122 120
f 123 120 122
f 118 120 124
f 123 124 120
f 125 126 127
f 125 127 128
f 126 129 127
f 129 130 127
f 130 131 127
f 131 128 127
f 132 133 134
f 133 135 134
f 132 134 136
f 135 137 134
f 134 137 138
f 134 138 136
f 139 119 140
f 139 141 119
f 139 140 142
f 139 142 143
f 139 143 144
f 139 144 141
f 145 146 147
f 145 148 146
f 146 149 147
f 148 150 146
f 146 150 151
f 146 151 149
f 152 153 154
f 152 154 155
f 154 153 156
f 154 156 157
f 154 157 158
f 154 158 155
f 159 160 161
f 159 161 162
f 160 163 161
f 163 164 161
f 164 165 161
f 165 162 161
f 166 167 168
f 167 169 168
f 170 171 167
f 171 172 167
f 166 170 167
f 167 172 169
f 173 174 175
f 173 176 174
f 174 177 178
f 174 179 177
f 174 178 175
f 174 176 179
f 180 181 182
f 180 182 183
f 180 184 181
f 180 185 184
f 180 183 186
f 180 186 185
f 187 188 189
f 187 189 190
f 188 191 189
f 190 189 192
f 192 189 193
f 193 189 191
f 194 195 196
f 197 195 194
f 194 196 198
f 194 198 199
f 194 199 200
f 200 197 194
f 201 202 203
f 201 203 204
f 201 204 205
f 201 205 206
f 201 207 202
f 201 206 207
f 208 209 210
f 209 211 210
f 208 210 212
f 210 211 213
f 210 213 214
f 212 210 214
f 215 216 217
f 218 216 215
f 219 216 214
f 220 214 216
f 217 216 219
f 218 221 216
f 220 216 221
f 222 223 224
f 222 225 223
f 222 224 226
f 227 222 226
f 222 228 225
f 227 228 222
f 229 230 231
f 229 232 230
f 229 231 233
f 234 229 233
f 235 229 234
f 235 232 229
f 236 237 238
f 236 239 237
f 236 238 240
f 236 240 241
f 236 242 243
f 236 243 239
f 236 241 242
f 244 245 246
f 244 246 247
f 246 245 248
f 246 248 249
f 246 249 247
f 250 251 252
f 250 252 253
f 254 251 250
f 255 254 250
f 250 253 256
f 255 250 256
f 257 258 259
f 258 260 259
f 261 258 257
f 262 258 261
f 262 263 258
f 263 264 258
f 264 260 258
f 265 266 267
f 267 266 268
f 265 267 269
f 269 267 270
f 271 267 268
f 271 270 267
f 272 273 274
f 272 275 273
f 276 272 274
f 276 277 272
f 272 278 275
f 272 277 278
f 279 280 281
f 282 280 279
f 283 279 281
f 282 279 284
f 283 284 279
f 285 286 287
f 285 288 286
f 285 287 289
f 290 291 285
f 285 291 292
f 290 285 289
f 285 292 288
f 293 294 295
f 293 296 294
f 293 295 297
f 293 297 298
f 293 298 299
f 293 299 296
f 300 301 302
f 300 303 301
f 301 303 304
f 305 301 304
f 302 301 306
f 305 306 301
f 307 308 309
f 307 309 310
f 308 311 309
f 312 313 309
f 312 309 311
f 313 310 309
f 314 315 316
f 317 314 316
f 318 319 314
f 317 318 314
f 314 319 315
f 320 321 322
f 323 322 321
f 324 321 320
f 325 321 324
f 323 321 325
f 326 327 328
f 326 328 329
f 326 330 331
f 326 332 330
f 326 331 327
f 326 329 332
f 333 334 335
f 336 333 335
f 333 337 334
f 338 337 333
f 339 333 336
f 339 338 333
f 340 341 342
f 342 341 343
f 340 344 341
f 344 345 341
f 341 345 346
f 343 341 346
f 347 348 349
f 348 347 350
f 349 348 351
f 348 352 351
f 350 353 348
f 348 353 352
f 354 355 356
f 355 357 356
f 358 359 356
f 354 356 359
f 358 356 360
f 356 357 360
f 361 362 363
f 361 363 364
f 363 362 365
f 366 363 365
f 366 367 363
f 367 364 363
f 368 369 370
f 371 368 370
f 372 368 373
f 371 373 368
f 374 368 372
f 374 369 368
f 370 375 376
f 377 370 376
f 378 376 379
f 378 380 376
f 376 375 379
f 377 376 380
f 381 382 383
f 382 384 383
f 381 385 382
f 382 385 386
f 382 386 387
f 382 387 384
f 388 389 390
f 388 391 389
f 390 389 392
f 391 393 389
f 393 394 389
f 392 389 394
f 395 396 397
f 398 396 395
f 399 400 396
f 398 399 396
f 401 396 400
f 397 396 401
f 402 403 404
f 405 404 403
f 406 407 404
f 406 404 408
f 404 407 409
f 402 404 409
f 405 408 404
f 410 411 412
f 413 410 412
f 412 414 415
f 413 412 415
f 412 411 414
f 416 417 418
f 416 419 417
f 416 418 420
f 416 420 421
f 416 421 422
f 416 422 419
f 423 424 425
f 423 426 424
f 423 425 427
f 423 427 428
f 423 428 429
f 423 429 426
f 428 427 430
f 431 430 427
f 428 430 432
f 433 434 430
f 431 433 430
f 434 432 430
f 435 436 437
f 435 438 436
f 439 437 436
f 439 436 440
f 438 441 436
f 441 440 436
f 442 443 444
f 442 445 443
f 442 444 446
f 442 446 447
f 442 447 445
f 448 449 450
f 448 451 449
f 450 449 452
f 452 449 453
f 454 449 451
f 454 453 449
f 455 456 457
f 456 458 457
f 459 455 457
f 457 458 460
f 459 457 461
f 457 460 461
f 462 463 464
f 464 463 465
f 466 463 462
f 467 463 466
f 467 468 463
f 463 468 465
f 469 470 471
f 469 472 470
f 469 473 474
f 469 471 473
f 469 474 475
f 469 475 472
f 476 477 478
f 476 479 477
f 476 478 480
f 476 480 481
f 476 481 479
f 482 483 484
f 483 485 484
f 482 486 483
f 483 486 487
f 483 487 488
f 483 488 489
f 483 489 485
f 490 491 492
f 490 492 493
f 490 494 491
f 490 495 494
f 490 493 496
f 490 496 495
f 489 497 485
f 498 497 489
f 497 499 485
f 497 500 499
f 498 500 497
f 501 502 503
f 504 502 501
f 501 503 505
f 501 505 506
f 507 501 506
f 504 501 507
f 508 509 510
f 508 510 511
f 512 510 509
f 513 510 512
f 514 510 513
f 511 510 514
f 515 516 517
f 518 516 515
f 515 517 519
f 520 515 521
f 515 519 521
f 518 515 520
f 522 523 524
f 525 524 523
f 526 527 524
f 528 526 524
f 522 524 527
f 528 524 525
f 529 530 531
f 529 531 532
f 530 533 531
f 531 533 534
f 531 534 532
f 535 536 537
f 538 536 535
f 535 537 539
f 540 535 539
f 540 541 535
f 541 542 535
f 542 538 535
f 543 544 545
f 544 546 545
f 543 547 544
f 548 544 547
f 548 549 544
f 549 546 544
f 550 551 552
f 553 552 551
f 554 551 550
f 554 555 551
f 553 551 555
f 556 557 558
f 556 559 557
f 560 556 558
f 556 561 559
f 560 561 556
f 562 563 564
f 564 563 565
f 566 563 562
f 566 567 563
f 567 568 563
f 568 565 563
f 569 570 571
f 569 572 570
f 569 571 573
f 569 573 574
f 569 574 575
f 569 575 572
f 576 577 578
f 579 576 578
f 580 578 577
f 580 581 578
f 581 582 578
f 582 579 578
f 583 584 585
f 583 586 584
f 583 585 587
f 583 587 588
f 583 588 589
f 583 589 586
f 590 591 592
f 590 593 591
f 594 590 592
f 594 595 590
f 590 595 593
f 596 597 598
f 596 599 597
f 600 596 598
f 601 596 600
f 601 599 596
f 602 603 604
f 603 605 604
f 606 604 607
f 608 607 604
f 602 604 606
f 608 604 605
f 609 610 611
f 612 610 609
f 609 613 614
f 615 609 614
f 609 611 613
f 612 609 615
f 616 617 618
f 616 618 619
f 620 621 616
f 620 616 619
f 621 622 616
f 622 617 616
f 623 624 625
f 623 625 626
f 627 628 623
f 627 623 626
f 628 629 623
f 623 629 624
f 630 631 632
f 630 633 631
f 632 631 634
f 634 631 635
f 631 636 635
f 633 636 631
f 637 638 639
f 637 640 638
f 637 639 641
f 637 641 642
f 637 642 643
f 637 643 640
f 644 643 642
f 644 642 645
f 644 646 643
f 647 646 644
f 644 645 648
f 647 644 648
f 649 650 651
f 649 651 652
f 650 653 651
f 653 654 651
f 654 655 651
f 652 651 655
f 656 657 658
f 659 657 656
f 656 658 660
f 656 660 661
f 662 656 661
f 662 663 656
f 659 656 663
f 664 665 666
f 665 667 666
f 668 666 669
f 666 667 669
f 668 670 666
f 670 664 666
f 671 672 673
f 671 674 672
f 675 671 673
f 676 671 677
f 675 677 671
f 678 674 671
f 676 678 671
f 679 680 681
f 679 681 682
f 679 683 680
f 684 683 679
f 685 679 682
f 684 679 685
f 686 687 688
f 686 648 687
f 686 688 689
f 690 648 686
f 691 686 689
f 691 690 686
f 692 693 694
f 694 693 695
f 696 693 692
f 696 697 693
f 695 693 698
f 697 698 693
f 699 700 701
f 702 700 699
f 699 701 703
f 704 699 703
f 704 705 699
f 702 699 705
f 706 707 708
f 706 708 709
f 710 708 707
f 711 712 708
f 710 711 708
f 712 709 708
f 713 714 715
f 715 714 716
f 715 717 718
f 715 718 719
f 713 715 719
f 715 716 717
f 720 721 722
f 723 722 721
f 724 720 722
f 724 722 725
f 723 726 722
f 726 725 722
f 727 728 729
f 727 730 728
f 729 728 731
f 730 732 728
f 728 732 346
f 728 346 731
f 733 734 735
f 733 735 736
f 733 737 734
f 733 736 738
f 733 738 739
f 733 739 737
f 740 741 742
f 743 742 741
f 744 745 742
f 743 744 742
f 746 742 745
f 740 742 746
f 747 748 749
f 747 749 750
f 747 751 752
f 747 750 751
f 747 752 739
f 747 739 748
f 753 754 755
f 753 755 756
f 757 758 755
f 757 755 754
f 759 755 758
f 759 756 755
f 760 761 762
f 763 762 761
f 760 764 761
f 764 765 761
f 766 761 765
f 763 761 766
f 767 768 769
f 767 770 768
f 771 767 769
f 772 767 771
f 772 773 767
f 767 773 770
f 774 775 776
f 777 775 774
f 774 776 778
f 777 774 779
f 779 774 780
f 780 774 778
f 781 782 783
f 784 783 782
f 758 781 783
f 758 783 785
f 784 786 783
f 786 785 783
f 787 788 789
f 787 790 788
f 787 789 791
f 787 791 792
f 787 792 793
f 787 793 790
f 794 795 796
f 794 796 797
f 794 791 795
f 794 798 791
f 794 797 799
f 794 799 798
f 800 801 802
f 800 803 801
f 800 804 805
f 800 805 803
f 800 802 806
f 800 807 804
f 800 806 807
f 808 809 810
f 808 811 809
f 812 808 813
f 813 808 810
f 812 814 808
f 808 814 811
f 815 816 817
f 815 818 816
f 819 817 816
f 820 816 818
f 820 821 816
f 821 819 816
f 822 823 824
f 822 824 825
f 826 827 822
f 826 822 828
f 822 827 829
f 822 829 823
f 822 825 828
f 830 831 832
f 833 830 832
f 834 832 831
f 835 833 832
f 835 832 834
f 836 837 838
f 837 839 838
f 840 836 838
f 840 838 841
f 838 839 842
f 838 842 841
f 843 844 845
f 843 846 844
f 845 844 847
f 844 848 847
f 844 846 849
f 844 849 848
f 850 851 852
f 850 852 853
f 850 854 855
f 850 853 854
f 850 855 856
f 850 856 851
f 857 858 859
f 857 859 860
f 857 861 862
f 857 863 861
f 857 864 858
f 857 860 863
f 857 862 864
f 809 865 866
f 809 867 865
f 809 866 810
f 809 811 867
f 868 869 870
f 868 870 871
f 869 872 870
f 872 873 870
f 874 870 873
f 871 870 874
f 875 876 877
f 878 876 875
f 877 876 879
f 878 880 876
f 879 876 880
f 881 882 883
f 881 884 882
f 881 883 885
f 886 881 885
f 886 887 881
f 881 887 884
f 678 888 889
f 890 889 888
f 891 888 678
f 891 892 888
f 890 888 893
f 893 888 892
f 894 866 865
f 894 865 895
f 895 865 896
f 896 865 867
f 897 898 899
f 900 898 897
f 898 901 899
f 898 902 901
f 898 903 902
f 900 903 898
f 904 905 906
f 905 907 906
f 907 908 906
f 906 908 909
f 904 906 474
f 474 906 475
f 906 909 475
f 910 911 912
f 910 912 913
f 914 915 910
f 914 910 916
f 910 915 911
f 910 913 916
f 917 918 919
f 920 919 918
f 917 921 918
f 922 918 921
f 922 923 918
f 923 920 918
f 924 925 926
f 926 925 927
f 925 928 929
f 925 929 927
f 924 928 925
f 930 931 932
f 933 932 931
f 930 932 934
f 935 934 932
f 936 932 933
f 936 935 932
f 937 938 939
f 937 939 940
f 938 941 939
f 941 942 939
f 942 943 939
f 939 943 940
f 944 945 946
f 944 947 945
f 944 946 948
f 944 948 949
f 944 949 947
f 950 951 513
f 951 514 513
f 950 521 951
f 521 952 951
f 951 952 953
f 951 953 514
f 954 955 956
f 954 957 955
f 958 956 955
f 958 955 959
f 955 957 959
f 960 961 962
f 960 962 963
f 961 964 962
f 964 965 962
f 965 966 962
f 966 963 962
f 967 968 969
f 967 969 970
f 968 967 971
f 972 971 967
f 967 970 973
f 972 967 973
f 974 975 976
f 974 977 975
f 974 978 979
f 974 979 977
f 974 976 978
f 980 981 982
f 983 980 982
f 980 984 981
f 983 985 980
f 985 986 980
f 986 984 980
f 987 988 989
f 989 988 990
f 987 991 988
f 988 991 992
f 993 988 992
f 993 990 988
f 994 995 996
f 997 995 994
f 994 996 998
f 999 994 998
f 999 1000 994
f 997 994 1000
f 1001 1002 1003
f 1004 1003 1002
f 1001 1005 1002
f 1005 1006 1002
f 1004 1002 1006
f 1007 1008 1009
f 1010 1007 1009
f 1007 1011 1008
f 1007 1012 1011
f 1010 1013 1007
f 1007 1013 1012
f 1014 1015 1016
f 1014 1017 1015
f 1018 1014 1019
f 1020 1019 1014
f 1020 1014 1016
f 1018 1017 1014
f 1021 1022 1023
f 1023 1022 1024
f 1021 461 1022
f 1025 1024 1022
f 1025 1022 460
f 461 460 1022
f 1026 1027 1028
f 1026 1029 1027
f 1027 1030 1028
f 1031 1030 1027
f 1027 1029 1032
f 1031 1027 1032
f 1033 1034 1035
f 1036 1035 1034
f 1037 1038 1034
f 1037 1034 1033
f 1038 1039 1034
f 1039 1036 1034
f 1040 1036 1041
f 1042 1040 1041
f 1039 1043 1041
f 1039 1041 1036
f 1043 1044 1041
f 1042 1041 1044
f 1045 1046 1047
f 1048 1047 1046
f 1045 1049 1046
f 1049 1050 1046
f 1048 1046 1050
f 1051 1052 1053
f 1051 1053 1054
f 459 1055 1053
f 1053 1055 1056
f 459 1053 1052
f 1053 1056 1054
f 1057 1058 1059
f 1057 1059 1060
f 1057 1061 1058
f 1057 1060 1062
f 1057 1062 1063
f 1057 1063 1061
f 1064 1065 1066
f 1064 1066 1067
f 1068 1069 1066
f 1066 1069 1067
f 1070 1068 1066
f 1070 1066 1065
f 1071 1072 1073
f 1071 1073 1074
f 1072 1075 1073
f 1075 1076 1073
f 1076 1077 1073
f 1073 1077 1074
f 1078 1079 1080
f 1078 1080 1081
f 1078 1081 1082
f 1078 1082 1083
f 1078 1084 1079
f 1078 1083 1084
f 1085 1086 1087
f 1085 1087 1088
f 1087 1086 1089
f 1087 1090 1088
f 1091 1090 1087
f 1091 1087 1089
f 1092 1093 1094
f 1092 1094 1095
f 1092 1095 1096
f 1092 1096 1097
f 1092 1098 1093
f 1092 1097 1098
f 1099 1100 730
f 1101 1100 1099
f 1102 730 1100
f 1101 1103 1100
f 1102 1100 1104
f 1104 1100 1103
f 1105 1106 1107
f 1107 1106 1108
f 1106 1109 1110
f 1106 1110 1108
f 1106 1111 1109
f 1105 1111 1106
f 1112 1113 1114
f 1115 1112 1114
f 1116 1113 1112
f 1117 1112 1115
f 1116 1112 1117
f 1118 1119 1120
f 1118 1120 1121
f 1122 1120 1119
f 1123 1120 1124
f 1123 1121 1120
f 1122 1124 1120
f 1125 1126 1127
f 1125 1128 1126
f 1126 1129 1127
f 1126 1130 1129
f 1126 1131 1132
f 1126 1128 1131
f 1126 1132 1130
f 1133 1134 1135
f 1133 1135 1136
f 1135 1134 1137
f 1135 1138 1136
f 1135 1139 1138
f 1135 1137 1139
f 1140 1141 1142
f 1143 1142 1141
f 1140 1142 1144
f 1143 1145 1142
f 1142 1145 1146
f 1144 1142 1146
f 1147 811 1148
f 1148 1149 1147
f 1148 1150 1151
f 1149 1148 1151
f 1148 814 1150
f 811 814 1148
f 1152 1153 1154
f 1152 1155 1153
f 1152 1154 1156
f 1152 1156 1157
f 1152 1158 1155
f 1152 1157 1158
f 1159 1160 1161
f 1160 1162 1161
f 1159 1163 1160
f 1164 1160 1163
f 1165 1160 1164
f 1165 1166 1160
f 1160 1166 1162
f 1167 1168 1161
f 1169 1161 1168
f 1167 1170 1168
f 1170 1171 1168
f 1168 1171 1172
f 1169 1168 1172
f 1173 1174 1175
f 1176 1174 1173
f 1177 1173 1178
f 1179 1178 1173
f 1176 1173 1177
f 1179 1173 1175
f 1180 1181 1182
f 1183 1182 1181
f 1184 1180 1182
f 1183 1185 1182
f 1184 1182 1185
f 1186 1187 1188
f 1189 1186 1188
f 1186 1190 1187
f 1191 1190 1186
f 1189 1192 1186
f 1191 1186 1192
f 1193 1194 1195
f 1196 1195 1194
f 1193 1197 1194
f 1194 1197 1198
f 1194 1198 1199
f 1196 1194 1200
f 1194 1199 1200
f 1201 1202 1203
f 1201 1203 1204
f 1201 1205 1202
f 1201 1206 1205
f 1207 1201 1204
f 1207 1206 1201
f 558 557 1208
f 559 1209 557
f 1210 557 1209
f 1210 1208 557
f 1211 1212 1213
f 1211 1214 1212
f 1212 1215 1213
f 1212 1216 1215
f 1212 1214 1217
f 1212 1217 1216
f 1218 1219 1220
f 1221 1218 1220
f 1218 1222 1219
f 1223 1218 1221
f 1223 1224 1218
f 1218 1224 1222
f 1225 1226 1227
f 1228 1225 1227
f 1229 1230 1225
f 1231 1229 1225
f 1225 1230 1226
f 1228 1231 1225
f 1232 1233 1234
f 1235 1233 1232
f 1236 1237 1233
f 1236 1233 1238
f 1237 1234 1233
f 1235 1238 1233
f 1239 1240 1241
f 1239 1242 1240
f 1243 1240 1244
f 1242 1244 1240
f 1245 1240 1243
f 1241 1240 1245
f 1246 1247 1248
f 1249 1246 1248
f 1246 1250 1247
f 1251 1250 1246
f 1252 1246 1249
f 1251 1246 1252
f 1253 1254 1255
f 1253 1256 1254
f 1253 1255 1257
f 1253 1257 1258
f 1253 1259 1256
f 1253 1258 1259
f 1260 1261 1262
f 1260 1262 1263
f 1264 1265 1260
f 1264 1260 1263
f 1260 1265 1261
f 1266 1267 1268
f 1266 1268 1269
f 1266 1270 1267
f 1266 1269 1271
f 1266 1271 1272
f 1266 1272 1273
f 1266 1273 1270
f 1274 1275 1276
f 1274 1276 1277
f 1274 1278 1275
f 1279 1278 1274
f 1274 1277 1280
f 1279 1274 1280
f 1281 1282 1283
f 1281 1284 1282
f 1281 1285 1286
f 1281 1287 1285
f 1281 1286 1284
f 1281 1283 1287
f 1288 1289 1290
f 1291 1290 1289
f 1288 1290 1292
f 1293 1292 1290
f 1291 1293 1290
f 1294 1295 1296
f 1297 1295 1294
f 1298 1295 1299
f 1300 1299 1295
f 1298 1296 1295
f 1297 1301 1295
f 1301 1300 1295
f 1302 1303 1304
f 1305 1303 1302
f 1302 1304 1306
f 1302 1306 1307
f 1302 1307 1308
f 1305 1302 1308
f 1309 1310 1311
f 1312 1310 1309
f 1309 1311 1313
f 1314 1309 1313
f 1315 1309 1314
f 1315 1312 1309
f 1316 1317 1318
f 1317 1319 1318
f 1316 1320 1317
f 1317 1320 1321
f 1317 1321 1322
f 1317 1322 1319
f 1323 1324 1325
f 1326 1325 1324
f 1323 1327 1324
f 1328 1324 1327
f 1329 1326 1324
f 1328 1329 1324
f 1330 1331 1332
f 1333 1332 1331
f 1334 1332 1335
f 1333 1335 1332
f 1336 1332 1334
f 1330 1332 1336
f 1329 1337 1338
f 1339 1338 1337
f 1340 1337 1329
f 1341 1337 1340
f 1341 1342 1337
f 1339 1337 1343
f 1337 1342 1343
f 1344 1345 1346
f 1345 1347 1346
f 1344 1348 1345
f 1345 1348 1349
f 1345 1349 1350
f 1345 1350 1347
f 1351 1352 1353
f 1353 1352 1354
f 1351 1355 1352
f 1356 1352 1355
f 1356 1357 1352
f 1354 1352 1357
f 1358 1359 1360
f 1361 1360 1359
f 1359 1362 1363
f 1358 1362 1359
f 1364 1359 1363
f 1361 1359 1364
f 1365 1366 1367
f 1368 1367 1366
f 1369 1365 1367
f 1368 1370 1367
f 1371 1367 1370
f 1371 1369 1367
f 1365 1372 1373
f 1369 1372 1365
f 1374 1373 1372
f 1375 1376 1372
f 1374 1372 1376
f 1375 1372 1369
f 1377 1378 1379
f 1377 1379 1380
f 1377 1381 1378
f 1377 1382 1381
f 1377 1383 1382
f 1377 1384 1383
f 1377 1380 1384
f 1385 1386 1387
f 1388 1387 1386
f 1389 1387 1390
f 1390 1387 1388
f 1391 1387 1389
f 1385 1387 1391
f 1392 1393 1394
f 1394 1393 1395
f 1396 1394 1397
f 1396 1392 1394
f 1394 1398 1397
f 1394 1395 1398
f 1399 1400 1401
f 1401 1400 500
f 1399 1402 1400
f 1400 1403 500
f 1404 1403 1400
f 1402 1404 1400
f 1405 1406 1407
f 1408 1407 1406
f 1409 1406 1410
f 1409 1411 1406
f 1410 1406 1405
f 1408 1406 1411
f 1412 1413 663
f 659 663 1413
f 1414 1413 1412
f 1415 1413 1414
f 1416 1413 1415
f 1416 659 1413
f 1417 1418 1419
f 1420 1417 1419
f 1417 1421 1418
f 1420 1422 1417
f 1422 1421 1417
f 1423 1424 1425
f 1426 1424 1423
f 1423 1425 1427
f 1428 1423 1427
f 1426 1423 1429
f 1429 1423 1428
f 1430 1431 1432
f 1430 1432 1433
f 1431 1434 1432
f 1434 1435 1432
f 1435 1436 1432
f 1432 1436 1433
f 1437 1438 1439
f 1437 1440 1438
f 1441 1439 1438
f 1442 1441 1438
f 1442 1438 1443
f 1443 1438 1440
f 1444 1445 1446
f 1444 1447 1445
f 1444 1446 1448
f 1444 1448 1449
f 1444 1449 1450
f 1444 1450 1447
f 1451 1452 1453
f 1453 1452 1454
f 1455 1452 1451
f 1456 1452 1455
f 1456 1457 1452
f 1452 1457 1454
f 1458 1459 1460
f 1458 1460 1461
f 1459 1462 1460
f 1463 1460 1462
f 1463 1464 1460
f 1464 1461 1460
f 1465 1466 1467
f 1468 1467 1466
f 1467 1469 1470
f 1471 1469 1467
f 1472 1467 1470
f 1465 1467 1472
f 1471 1467 1468
f 1094 1473 1474
f 1475 1473 1094
f 1476 1474 1473
f 1476 1473 1477
f 1478 1477 1473
f 1478 1473 1475
f 1479 1480 1481
f 1479 1481 1482
f 1483 1481 1480
f 1484 1482 1481
f 1485 1484 1481
f 1483 1485 1481
f 1486 1487 1488
f 1486 1488 1489
f 1488 1487 1490
f 1488 1490 1491
f 1492 1488 1491
f 1489 1488 1492
f 801 1493 802
f 801 1494 1493
f 801 803 1494
f 1495 1496 1497
f 1495 1497 1498
f 1499 1497 1496
f 1499 1500 1497
f 1500 1501 1497
f 1502 1497 1501
f 1502 1498 1497
f 1503 1504 1505
f 1503 1506 1504
f 1503 1505 1498
f 1503 1507 1506
f 1503 1498 1508
f 1503 1508 1507
f 1509 1510 1511
f 1512 1510 1509
f 1513 1509 1511
f 1512 1509 1514
f 1514 1509 1515
f 1513 1515 1509
f 1516 1517 1518
f 1519 1517 1516
f 1516 1518 1520
f 1516 1520 1521
f 1516 1521 1522
f 1519 1516 1522
f 1523 1524 1525
f 1525 1524 1526
f 1527 1524 1528
f 1523 1528 1524
f 1529 1524 1527
f 1529 1526 1524
f 1530 1531 1532
f 1531 1533 1532
f 1530 1532 1534
f 1535 1534 1532
f 1535 1532 1533
f 1536 1537 1538
f 1536 1538 1539
f 1536 1540 1537
f 1536 1541 1540
f 1542 1541 1536
f 1542 1536 1539
f 1543 1544 1545
f 1543 1546 1544
f 1543 1545 1547
f 1548 1543 1547
f 1548 1549 1543
f 1543 1549 1546
f 1550 1551 1552
f 1552 1551 1553
f 1552 1554 1555
f 1552 1553 1554
f 1556 1552 1555
f 1550 1552 1556
f 1557 1558 1559
f 1560 1559 1558
f 1561 1562 1559
f 1563 1559 1562
f 1557 1559 1563
f 1564 1559 1560
f 1561 1559 1564
f 1565 1566 1567
f 1567 1566 1568
f 1565 1569 1566
f 1569 1570 1566
f 1570 1571 1566
f 1571 1568 1566
f 1572 1573 1574
f 1575 1572 1574
f 1574 1573 1576
f 1574 1576 1577
f 1575 1574 1530
f 1574 1577 1530
f 1578 1579 1580
f 1581 1580 1579
f 1582 1583 1580
f 1582 1580 1584
f 1578 1580 1583
f 1581 1584 1580
f 1585 1586 1587
f 1586 1588 1587
f 1585 1587 1589
f 1590 1589 1587
f 1588 1591 1587
f 1590 1587 1591
f 1592 1593 1594
f 1594 1593 1595
f 1596 1593 1592
f 1593 1597 1598
f 1593 1598 1595
f 1599 1597 1593
f 1596 1599 1593
f 1600 1601 1602
f 1603 1601 1600
f 1604 1601 1605
f 1603 1605 1601
f 1604 1606 1601
f 1606 1602 1601
f 1607 1608 1609
f 1607 1609 1610
f 1609 1608 1611
f 1609 1611 1612
f 1609 1612 1613
f 1609 1613 1610
f 338 1614 1615
f 338 1616 1614
f 1615 1614 1617
f 1616 1618 1614
f 1618 1619 1614
f 1619 1617 1614
f 1620 1621 1622
f 1620 1623 1621
f 1621 1624 1625
f 1622 1621 1625
f 1621 1626 1627
f 1623 1626 1621
f 1621 1627 1624
f 1628 1629 1630
f 1631 1629 1628
f 1632 1628 1630
f 1633 1634 1628
f 1631 1628 1634
f 1633 1628 1632
f 1635 1636 1637
f 1638 1636 1635
f 1637 1636 1639
f 1640 1639 1636
f 1640 1636 1638
f 1641 1642 1643
f 1644 1643 1642
f 1645 1642 1641
f 1646 1642 1645
f 1644 1642 1647
f 1646 1647 1642
f 1648 1649 1650
f 1651 1650 1649
f 1651 1652 1650
f 1653 1650 1652
f 1654 1648 1650
f 1653 1654 1650
f 1655 1656 1657
f 1658 1657 1656
f 1659 1656 1660
f 1655 1660 1656
f 1661 1656 1659
f 1658 1656 1661
f 1662 1663 1664
f 1665 1664 1663
f 1662 1664 1666
f 1667 1666 1664
f 1668 1669 1664
f 1668 1664 1665
f 1667 1664 1669
f 1670 1671 1672
f 1673 1670 1672
f 1674 1672 1671
f 1675 1676 1672
f 1675 1672 1674
f 1676 1673 1672
f 1677 1678 1679
f 1677 1680 1678
f 1678 1681 1682
f 1678 1682 1683
f 1679 1678 1683
f 1678 1680 1681
f 1684 470 1685
f 1686 470 1684
f 1686 1687 470
f 471 470 1687
f 1685 470 472
f 1688 1689 1690
f 1688 1691 1689
f 1692 1693 1689
f 1692 1689 1691
f 1693 1694 1689
f 1694 1690 1689
f 921 1695 1696
f 921 1696 1697
f 1698 1696 1695
f 1698 1699 1696
f 1696 1699 1700
f 1697 1696 1700
f 1701 1702 1703
f 1704 1703 1702
f 1705 1702 1701
f 1706 1702 1705
f 1707 1702 1706
f 1704 1702 1707
f 1708 1709 1710
f 1708 1710 1711
f 305 1709 1708
f 1708 1711 1712
f 1713 1708 1712
f 1713 305 1708
f 1714 1715 1716
f 1717 1714 1716
f 1714 1718 1715
f 1714 1719 1718
f 1717 1720 1714
f 1714 1720 1719
f 1721 1722 1723
f 1724 1723 1722
f 1724 1725 1723
f 1723 1725 1726
f 1721 1723 1727
f 1727 1723 1726
f 1728 1729 1730
f 1728 1342 1729
f 1731 1728 1730
f 1732 1342 1728
f 1733 1728 1731
f 1733 1732 1728
f 1734 1735 1736
f 1734 1259 1735
f 1737 1734 1736
f 1738 1734 1737
f 1259 1734 1738
f 1739 1740 1288
f 1741 1288 1740
f 1742 1722 1740
f 1743 1740 1722
f 1742 1740 1739
f 1741 1740 1743
f 1744 1745 1746
f 1744 1746 1747
f 1744 1748 1745
f 1744 1749 1748
f 1744 1747 1750
f 1744 1750 1749
f 878 1751 1752
f 1751 1753 1752
f 878 1752 880
f 1752 1754 880
f 1752 1753 1755
f 1752 1755 1754
f 1756 1757 1758
f 1757 1759 1758
f 1760 1758 1759
f 1761 1758 1760
f 1756 1758 1762
f 1761 1762 1758
f 1763 1764 1765
f 1766 1763 1765
f 1763 1767 1764
f 1763 1768 1767
f 1769 1768 1763
f 1769 1763 1766
f 1770 1771 1772
f 1773 1772 1771
f 1774 1771 1770
f 1773 1771 1775
f 1774 1775 1771
f 1776 1433 1777
f 1776 1777 1778
f 1777 1779 1780
f 1777 1780 1778
f 1777 1781 1779
f 1777 1433 1781
f 1652 1782 1783
f 1652 1783 1784
f 1783 1782 1785
f 1783 1785 1786
f 1783 1786 1787
f 1783 1787 1784
f 1788 1789 1790
f 1788 1791 1789
f 1790 1789 1792
f 1792 1789 1793
f 1791 1794 1789
f 1794 1793 1789
f 1795 1796 1797
f 1798 1796 1795
f 1795 1797 1799
f 1795 1799 1800
f 1801 1795 1800
f 1798 1795 1801
f 1802 1803 1804
f 1802 1804 1805
f 1802 1806 1803
f 1802 1807 1806
f 1802 1805 1808
f 1802 1808 1807
f 1809 1810 1811
f 1810 1812 1811
f 1813 1809 1811
f 1813 1811 1814
f 1814 1811 1815
f 1811 1812 1815
f 1816 1817 1818
f 1816 1819 1817
f 1816 1820 1821
f 1816 1821 1819
f 1816 1818 1822
f 1816 1822 1820
f 1823 1824 1825
f 1823 1825 1826
f 1823 1827 1824
f 1823 263 1827
f 1823 1826 1828
f 1823 1828 263
f 1829 1830 1831
f 1832 1831 1830
f 1830 1833 1834
f 1829 1833 1830
f 1830 1834 1835
f 1832 1830 1835
f 1836 1837 1838
f 1836 1839 1837
f 1840 1836 1838
f 1840 1841 1836
f 1836 1841 1842
f 1836 1842 1839
f 1843 1844 1845
f 1843 1846 1844
f 1843 1845 1847
f 1848 1849 1843
f 1843 1849 1846
f 1848 1843 1847
f 1850 1851 1852
f 255 1851 1850
f 1853 1850 1852
f 1854 1850 1853
f 1854 1855 1850
f 1855 255 1850
f 1856 1857 1858
f 1856 1858 1859
f 1856 1860 1857
f 1856 1861 1860
f 1856 1862 1861
f 1856 1859 1863
f 1856 1863 1862
f 1864 1865 1866
f 1865 1867 1866
f 1868 1865 1864
f 1868 1869 1865
f 1865 1414 1867
f 1865 1869 1414
f 1870 1871 1872
f 1870 1872 1873
f 1870 1874 1875
f 1870 1875 1876
f 1870 1873 1874
f 1870 1876 1871
f 1877 1878 1879
f 1880 1879 1878
f 1881 1878 1882
f 1883 1878 1881
f 1882 1878 1877
f 1883 1884 1878
f 1884 1880 1878
f 1885 1886 1887
f 1888 1885 1887
f 1886 1889 1887
f 1890 1887 1889
f 1888 1887 1890
f 1891 1892 1893
f 1894 1893 1892
f 1891 1893 1895
f 1896 1895 1893
f 1894 1896 1893
f 1897 1898 1899
f 1897 1899 1900
f 1901 1899 1902
f 1599 1902 1899
f 1900 1899 1901
f 1599 1899 1898
f 1903 1904 1905
f 1903 1905 1906
f 1905 1904 1907
f 1906 1905 1908
f 1908 1905 1907
f 1909 1910 1911
f 1909 1911 1912
f 1909 1913 1910
f 1914 1913 1909
f 1915 1909 1912
f 1915 1914 1909
f 1916 1917 1918
f 1916 1919 1917
f 1916 1918 1920
f 1916 1920 1921
f 1922 1916 1921
f 1922 1919 1916
f 1923 1924 1925
f 1923 199 1924
f 1923 1925 1926
f 1923 1926 1927
f 1923 1927 1928
f 1923 1928 199
f 1929 1930 1931
f 1930 1932 1931
f 1933 1930 1929
f 1933 1934 1930
f 1930 1935 1932
f 1934 1935 1930
f 1936 1937 1938
f 1936 1939 1937
f 1939 1940 1937
f 1941 1937 1940
f 1938 1937 1942
f 1941 1942 1937
f 1943 1944 1945
f 1943 1946 1944
f 1943 1945 1947
f 1943 1947 1948
f 1943 1948 1946
f 1949 1950 1951
f 1950 1952 1951
f 1953 1949 1951
f 1953 1951 1954
f 1952 1955 1951
f 1955 1954 1951
f 1956 1957 1958
f 1956 1958 1959
f 1960 1958 1957
f 1960 1961 1958
f 1962 1958 1961
f 1959 1958 1962
f 1963 1964 1965
f 1963 1965 1966
f 1963 164 1964
f 1963 1966 165
f 1963 165 164
f 1967 1968 1969
f 1970 1967 1969
f 1969 1968 1971
f 1972 1969 1971
f 1970 1969 1973
f 1972 1973 1969
f 1358 1360 1974
f 1361 1975 1360
f 1976 1360 1975
f 1974 1360 1976
f 1977 1506 1507
f 1978 1506 1977
f 1979 1977 1507
f 1980 1977 1979
f 1981 1977 1980
f 1978 1977 1981
f 678 889 674
f 889 1982 674
f 890 1983 889
f 1983 1982 889
f 1984 1985 1986
f 1986 1985 1987
f 1988 1502 1986
f 1987 1988 1986
f 1984 1986 1501
f 1502 1501 1986
f 1989 1990 1991
f 1991 1990 1992
f 1989 1991 1993
f 1991 1994 1995
f 1991 1992 1994
f 1991 1995 1993
f 1996 1997 1998
f 1996 1998 1356
f 1998 1999 2000
f 2001 1999 1998
f 1998 2000 1356
f 2001 1998 1997
f 2002 2003 2004
f 2002 2005 2003
f 2006 2007 2003
f 2005 2006 2003
f 2008 2003 2007
f 2008 2009 2003
f 2004 2003 2009
f 2010 2011 2012
f 2010 2013 2011
f 2010 2012 2014
f 2010 2014 2015
f 2010 2015 2013
f 2016 2017 2018
f 2019 2016 2018
f 2020 2018 2017
f 2021 2018 2020
f 2022 2018 2021
f 2019 2018 2022
f 2023 2024 2025
f 2023 2025 2026
f 2023 2027 2024
f 2023 2028 2027
f 2023 2029 2028
f 2023 2026 2029
f 2030 2031 2032
f 2032 2031 2033
f 2030 2034 2031
f 2035 2031 2034
f 2035 2036 2031
f 2037 2033 2031
f 2037 2031 2036
f 2038 2039 2040
f 2038 2040 2041
f 2042 2038 2043
f 2038 1772 2043
f 2042 2039 2038
f 2038 2041 1772
f 2044 2045 2046
f 2045 2047 2046
f 2044 2046 2048
f 2049 2046 2047
f 2050 2046 2049
f 2048 2046 2050
f 2051 2052 2053
f 2054 2052 2051
f 2052 2055 2053
f 2054 2056 2052
f 2052 2056 2057
f 2052 2057 2055
f 2058 2059 2060
f 2061 2058 2060
f 2062 2063 2058
f 2064 2062 2058
f 2058 2063 2059
f 2064 2058 2061
f 2065 2066 2067
f 2068 2067 2066
f 2069 2070 2066
f 2071 2066 2070
f 2065 2069 2066
f 2071 2068 2066
f 2072 2073 2074
f 2074 2073 2075
f 2074 2076 2077
f 2074 2077 2078
f 2072 2074 2078
f 2074 2075 2076
f 2079 2080 2081
f 2082 2081 2080
f 2083 2079 2081
f 2084 2083 2081
f 2084 2081 2085
f 2082 2086 2081
f 2086 2085 2081
f 2087 2088 2089
f 2090 2089 2088
f 1486 2091 2089
f 1486 2089 1487
f 2091 2087 2089
f 2090 1487 2089
f 2092 2093 2094
f 2092 2095 2093
f 2093 1213 2096
f 2093 2095 1213
f 2093 2096 2097
f 2093 2097 2094
f 2098 2099 2100
f 2101 2099 2098
f 2102 2101 2098
f 2102 2098 2103
f 2098 2100 2104
f 2103 2098 2104
f 2105 2106 2107
f 2105 2107 2108
f 2106 2109 2107
f 2109 2110 2107
f 2110 2111 2107
f 2111 2112 2107
f 2108 2107 2112
f 2094 2113 2114
f 2113 2115 2114
f 2094 2114 2116
f 2117 2118 2114
f 2117 2114 2115
f 2118 2116 2114
f 2119 2120 2121
f 2120 2122 2121
f 2123 2119 2121
f 2121 2124 2125
f 2121 2122 2124
f 2123 2121 2125
f 2126 2127 2128
f 2127 1314 2128
f 2129 2130 2128
f 2128 2130 2131
f 2132 2129 2128
f 2132 2128 1314
f 2131 2126 2128
f 2133 1185 2134
f 2133 2135 1185
f 2133 2134 2136
f 2133 1321 2135
f 2133 2136 1322
f 2133 1322 1321
f 2137 2138 788
f 2137 788 2139
f 2137 2140 2138
f 2141 2142 2137
f 2142 2140 2137
f 2141 2137 2139
f 2143 2144 2145
f 2143 2145 2146
f 2143 2147 2144
f 2143 2148 2147
f 2143 2146 2149
f 2143 2149 2148
f 2150 1299 2151
f 2152 2151 1299
f 2153 2154 2151
f 2152 2153 2151
f 2154 2150 2151
f 2155 2156 2157
f 2156 2158 2157
f 2159 2155 2157
f 2159 2157 2160
f 2161 2157 2158
f 2160 2157 2161
f 2162 1397 2163
f 2164 2162 2163
f 1397 1398 2163
f 2163 1398 2165
f 2163 2165 2166
f 2164 2163 2166
f 2167 2168 2169
f 2170 2169 2168
f 2171 2168 2172
f 2168 2173 2172
f 2167 2173 2168
f 2170 2168 2171
f 2174 2175 2176
f 2177 2176 2175
f 2178 2179 2176
f 2178 2176 2180
f 2179 2174 2176
f 2177 2181 2176
f 2181 2180 2176
f 2182 2175 2183
f 2184 2183 2175
f 2184 2185 2183
f 2186 2183 2185
f 2182 2183 2187
f 2186 2187 2183
f 602 2188 603
f 603 2189 605
f 603 2190 2189
f 603 2188 2190
f 2191 2192 2193
f 2191 2194 2192
f 2193 2192 2195
f 2196 2195 2192
f 2197 2192 2194
f 2196 2192 2197
f 1181 1180 2198
f 2199 1181 2200
f 1181 2198 2200
f 2199 1183 1181
f 2201 2202 2203
f 2201 2204 2202
f 2201 2203 2205
f 2201 2206 2207
f 2201 2205 2206
f 2201 2207 2204
f 2208 64 2209
f 64 2210 2209
f 2070 2209 2211
f 2070 2212 2209
f 2213 2211 2209
f 2213 2209 2210
f 2209 2212 2208
f 2214 2215 2216
f 2217 2214 2216
f 2218 2219 2214
f 2214 2219 2220
f 2214 2220 2215
f 2218 2214 2217
f 2221 2222 2223
f 2222 2224 2223
f 2225 2223 2226
f 2227 2226 2223
f 2221 2223 2225
f 2224 2227 2223
f 82 2228 2229
f 82 2229 2230
f 2231 2229 2232
f 2231 2233 2229
f 2228 2232 2229
f 2229 2233 2230
f 2234 2235 2236
f 2234 2236 2237
f 2238 2236 2235
f 2238 2239 2236
f 2239 2237 2236
f 2240 2241 2242
f 2243 2242 2241
f 2240 2242 2244
f 2244 2242 2245
f 2246 2242 2243
f 2245 2242 2246
f 2247 2248 187
f 2248 2249 187
f 187 2249 188
f 2247 187 190
f 2250 2231 2251
f 2231 2252 2251
f 2250 2251 2253
f 2251 2254 2253
f 2255 2251 2252
f 2255 2254 2251
f 2256 2257 2258
f 2256 2258 2259
f 2260 2257 2256
f 2261 2256 2262
f 2261 2260 2256
f 2262 2256 2259
f 2263 2264 2265
f 2263 2266 2264
f 2263 2267 37
f 37 2266 2263
f 2263 2265 2268
f 2263 2268 2267
f 2269 2270 2271
f 2269 2272 2270
f 2269 2271 2273
f 2269 2273 2274
f 2275 2269 2274
f 2275 2272 2269
f 2276 2277 2278
f 2278 2277 2279
f 2276 2278 2280
f 2280 2278 20
f 2278 2279 2281
f 20 2278 2281
f 2282 2283 2284
f 2282 2285 2283
f 2286 2282 2287
f 2288 2287 2282
f 2286 2285 2282
f 2288 2282 2284
f 2289 2290 2291
f 2289 2291 2292
f 2290 2293 2291
f 2291 2293 2294
f 2291 2294 2292
f 2295 2296 2297
f 2295 2297 2298
f 2295 2299 2300
f 2295 2298 2299
f 2295 2301 2296
f 2295 2302 2301
f 2295 2300 2302
f 2303 1220 1219
f 1221 1220 2304
f 2303 2305 1220
f 2304 1220 2305
f 2306 2307 2308
f 2308 2307 2309
f 2310 2311 2308
f 2310 2308 2309
f 2311 2312 2308
f 2312 2306 2308
f 2313 2314 2315
f 2313 2315 2316
f 2317 2315 2318
f 2317 2316 2315
f 2315 2319 2318
f 2320 2319 2315
f 2314 2320 2315
f 2321 2322 2323
f 2321 2323 2324
f 2323 2325 2326
f 2323 2326 2327
f 2323 2328 2325
f 2323 2322 2328
f 2323 2327 2324
f 2329 2330 2331
f 2329 2332 2330
f 2329 2331 2333
f 2334 2329 2333
f 2335 2332 2329
f 2335 2329 2334
f 2336 2337 2338
f 2336 2339 2337
f 2336 2338 2340
f 2341 2336 2340
f 2341 2342 2336
f 2342 2339 2336
f 2343 824 2344
f 823 2344 824
f 2345 2344 2346
f 823 2346 2344
f 2344 2345 2343
f 2347 2348 2349
f 2350 2349 2348
f 2349 2351 2352
f 2349 2350 2351
f 2353 2349 2352
f 2353 2354 2349
f 2347 2349 2354
f 2355 2356 2357
f 2357 2356 2358
f 2359 2357 2360
f 2359 2355 2357
f 2361 2360 2357
f 2361 2357 2358
f 2362 2363 2364
f 2365 2363 2362
f 2366 2364 2363
f 2367 2366 2363
f 2368 2363 2365
f 2368 2367 2363
f 2219 2369 2370
f 2371 2369 2219
f 2372 2373 2369
f 2374 2372 2369
f 2370 2369 2373
f 2371 2374 2369
f 926 927 2060
f 2375 926 2060
f 924 926 2376
f 2375 2376 926
f 2377 2378 62
f 62 2378 2379
f 104 2378 2380
f 104 2381 2378
f 2380 2378 2377
f 2379 2378 2381
f 2382 2383 2384
f 2382 2385 2383
f 2386 2383 2387
f 2388 2387 2383
f 2386 2384 2383
f 2388 2383 2385
f 2389 2390 2391
f 2392 2389 2391
f 2389 2393 2390
f 2394 2393 2389
f 2392 2395 2389
f 2395 2394 2389
f 2396 2397 2398
f 2398 2397 2399
f 2398 2400 2401
f 2398 2401 2402
f 2396 2398 2402
f 2403 2400 2398
f 2403 2398 2399
f 2404 2405 2406
f 2404 2406 2407
f 2408 2405 2404
f 2408 2404 2409
f 2409 2404 2410
f 2410 2404 2407
f 2411 2412 2073
f 2412 2413 2073
f 2411 2414 2412
f 2412 2414 2415
f 2412 2415 2416
f 2412 2416 2417
f 2412 2417 2413
f 2418 2419 2420
f 2418 2420 2421
f 2422 2423 2420
f 2422 2420 2424
f 2424 2420 2419
f 2420 2423 2421
f 2425 2426 2427
f 2425 2427 2428
f 2425 2429 2426
f 200 2429 2425
f 2430 2425 2428
f 200 2425 2430
f 2062 2431 2432
f 2433 2431 2062
f 2434 2435 2431
f 2436 2434 2431
f 2431 2435 2432
f 2433 2436 2431
f 2437 2035 2438
f 2035 2439 2438
f 2438 2440 2441
f 2438 2439 2440
f 2442 2438 2441
f 2442 2437 2438
f 2443 2444 248
f 2443 2445 2444
f 248 2444 2446
f 2447 2446 2444
f 2447 2444 2445
f 2448 2449 2450
f 2448 2450 2451
f 2448 1981 2449
f 2448 1978 1981
f 2448 2452 1978
f 2448 2451 2452
f 2453 2454 2455
f 2453 2456 2454
f 2457 2453 2455
f 2458 2459 2453
f 2457 2458 2453
f 2453 2459 2456
f 2460 2461 2462
f 2460 1137 2461
f 2463 2462 2461
f 2463 2461 2464
f 2464 2461 2465
f 1137 2465 2461
f 2466 2467 2468
f 2466 2468 292
f 2468 2469 2470
f 2468 2470 292
f 2468 2471 2469
f 2468 2467 2471
f 2472 2473 2474
f 2473 2475 2474
f 2472 2474 2476
f 2477 2476 2474
f 2477 2474 2478
f 2475 2478 2474
f 2479 2480 2481
f 2480 2482 2481
f 2479 2481 2483
f 2484 2485 2481
f 2484 2481 2482
f 2485 2483 2481
f 2486 2487 1663
f 2486 1663 2488
f 2486 2488 2489
f 2490 2486 2489
f 2486 2491 2487
f 2486 2490 2491
f 2492 2493 1710
f 2494 1710 2493
f 2492 2495 2493
f 2496 2493 2495
f 2496 2497 2493
f 2497 2494 2493
f 2498 2499 516
f 2499 2500 516
f 2501 2499 2502
f 2501 2503 2499
f 2498 2502 2499
f 2499 2504 2500
f 2499 2503 2504
f 2505 2506 2507
f 2505 2507 2508
f 2505 2509 2506
f 2505 2510 2511
f 2505 2511 2509
f 2505 2508 2510
f 2512 1056 2513
f 2512 1054 1056
f 2512 2513 2514
f 2512 2514 2515
f 2512 2515 2516
f 2512 2516 1054
f 2517 2518 1147
f 2517 1147 1149
f 2517 2519 2518
f 2517 716 2519
f 2517 1149 717
f 2517 717 716
f 2520 2521 2522
f 2523 2522 2521
f 2524 2525 2521
f 2526 2521 2525
f 2524 2521 2520
f 2523 2521 2526
f 2527 2528 2529
f 2527 2529 2530
f 2528 2531 2529
f 2529 2532 2530
f 2531 2532 2529
f 2533 2534 2535
f 2536 2535 2534
f 2533 2535 2537
f 2537 2535 2538
f 2536 2539 2535
f 2539 2538 2535
f 1102 2540 732
f 343 732 2540
f 1102 2541 2540
f 2542 343 2540
f 2542 2540 367
f 2541 367 2540
f 2543 1466 2544
f 2543 2544 2545
f 2543 1468 1466
f 2543 2546 1468
f 2543 2545 2547
f 2543 2547 2546
f 2548 2549 2550
f 2551 2550 2549
f 1623 2552 2549
f 2552 2551 2549
f 2553 2549 2548
f 1623 2549 2553
f 2554 2555 2556
f 2557 2556 2555
f 2554 2556 2558
f 2559 2558 2556
f 702 2556 2557
f 2559 2556 702
f 2560 2561 2562
f 2560 2563 2561
f 2564 2561 2565
f 2566 2565 2561
f 2564 2562 2561
f 2563 2566 2561
f 2567 2568 2569
f 2569 2568 2570
f 2571 2568 2567
f 2571 2572 2568
f 2572 2573 2568
f 2570 2568 2573
f 2574 2575 2576
f 2574 2577 2575
f 2578 2579 2575
f 2578 2575 825
f 2575 2579 2576
f 2575 2577 825
f 145 2580 2581
f 145 2582 2580
f 2580 2583 2581
f 2584 2583 2580
f 2582 2585 2580
f 2584 2580 2585
f 2586 2587 2588
f 2586 2588 2589
f 2590 2591 2586
f 2590 2586 2589
f 2591 2592 2586
f 2592 2593 2586
f 2593 2587 2586
f 2594 2595 2596
f 2594 2597 2595
f 2594 2596 2598
f 2594 2598 2599
f 2594 2599 2600
f 2594 2600 2597
f 2601 1021 2602
f 2601 2603 1021
f 2601 2604 2605
f 2601 2606 2604
f 2601 2602 2606
f 2601 2605 2603
f 2607 2608 2609
f 2608 2610 2609
f 2611 2608 2612
f 2611 2610 2608
f 2613 2612 2608
f 2607 2613 2608
f 2614 2615 2616
f 2616 2615 2617
f 2614 2616 2618
f 2616 2619 2620
f 2616 2620 2618
f 2616 2621 2619
f 2616 2617 2621
f 1021 1023 2602
f 1023 1024 2622
f 1023 2622 2623
f 2602 1023 2623
f 2624 2625 2626
f 2624 2626 2627
f 2625 2628 2626
f 2628 2629 2626
f 2630 2626 2629
f 2630 2627 2626
f 2631 721 2632
f 2633 2632 721
f 2634 2635 2632
f 2634 2632 2633
f 2635 2636 2632
f 2636 2631 2632
f 2637 2638 620
f 2637 620 619
f 2637 2639 2640
f 2637 2640 2641
f 2637 1416 2638
f 2637 619 2639
f 2637 2641 1416
f 2079 2642 2643
f 2642 2644 2643
f 2079 2643 2645
f 2644 2646 2643
f 2646 2647 2643
f 2643 2647 2645
f 2648 2649 2650
f 2649 2651 2650
f 2652 2649 2648
f 2652 2653 2649
f 2649 2653 2651
f 2654 2655 2656
f 2657 2656 2655
f 2658 2656 749
f 2657 749 2656
f 2659 2656 2658
f 2654 2656 2659
f 2660 2661 2662
f 2660 2662 2663
f 2660 1214 2661
f 2664 1214 2660
f 2664 2660 2665
f 2660 2663 2665
f 2666 2667 2668
f 2666 2668 2669
f 770 2667 2666
f 2670 2666 2669
f 2671 2666 2670
f 770 2666 2671
f 2672 2673 1005
f 2672 2674 2673
f 2673 1688 1005
f 2673 2675 1688
f 2673 2674 2676
f 2673 2676 2675
f 2677 2678 2679
f 2677 2680 2678
f 2681 2677 2679
f 2681 2682 2677
f 2683 2677 2682
f 2684 2680 2677
f 2684 2677 2683
f 2685 2686 2687
f 2688 2687 2686
f 2685 2689 2686
f 2688 2686 2690
f 2686 2691 2690
f 2686 2689 2692
f 2686 2692 2691
f 2693 2694 2695
f 2696 2695 2694
f 2695 2697 2698
f 2699 2695 2698
f 2696 2697 2695
f 2693 2695 2699
f 2700 2701 2702
f 2700 2703 2701
f 2700 2702 2704
f 2700 2705 2703
f 2706 2700 2704
f 2706 2705 2700
f 2000 2707 2708
f 2000 2708 1357
f 2709 2708 2707
f 2709 2710 2708
f 2710 1357 2708
f 2711 2712 2713
f 2711 2714 2712
f 2712 2715 2716
f 2713 2712 2716
f 2712 793 2715
f 2714 793 2712
f 2717 2718 2719
f 2717 2719 2720
f 2719 2718 2721
f 2720 2719 2722
f 2723 2719 2721
f 2723 2722 2719
f 2724 1040 2725
f 1042 2725 1040
f 2724 1035 1040
f 1040 1035 1036
f 2726 2727 2728
f 2726 2729 2727
f 2726 2730 2731
f 2726 2732 2730
f 2726 2728 2733
f 2726 2731 2729
f 2726 2733 2732
f 1936 1938 2734
f 2735 1939 1936
f 2736 2735 1936
f 1936 2734 2737
f 2736 1936 2737
f 2738 987 989
f 2738 989 2739
f 989 990 2739
f 2740 2741 2742
f 2742 2741 2743
f 2741 2740 2744
f 2744 2745 2741
f 2743 2741 2746
f 2745 2746 2741
f 2747 2748 2749
f 2747 2750 2748
f 2751 2747 2749
f 2752 2753 2747
f 2751 2752 2747
f 2747 2753 2750
f 2754 2755 2756
f 2754 2756 2757
f 2754 2757 2758
f 2754 2758 2759
f 2754 2759 2755
f 2760 2761 2762
f 2762 2761 2763
f 2760 2762 2764
f 2765 2762 2763
f 2764 2762 2765
f 2766 2767 1268
f 2768 1268 2767
f 2766 2769 2767
f 2770 2767 2769
f 2768 2767 2771
f 2770 2771 2767
f 2772 2773 2774
f 2772 2775 2773
f 2772 2776 2777
f 2772 2777 2778
f 2772 2774 2776
f 2772 2779 2775
f 2772 2778 2779
f 2780 300 1682
f 2781 1682 300
f 2781 300 302
f 2780 303 300
f 2782 2783 2784
f 2785 2783 2782
f 1644 2786 2782
f 2785 2782 2786
f 1643 2782 2784
f 1644 2782 1643
f 2787 2788 2789
f 2787 2789 2790
f 2787 2791 2788
f 2787 2792 2791
f 2787 2793 2792
f 2787 2790 2793
f 2794 2795 2796
f 2794 2797 2795
f 2795 2798 2796
f 2795 2799 2798
f 2795 2800 2799
f 2795 2801 2800
f 2795 2797 2801
f 2802 2803 2804
f 2802 2804 2805
f 2802 2806 2803
f 2807 2806 2802
f 2808 2807 2802
f 2808 2802 2809
f 2802 2805 2809
f 2810 2811 2812
f 2810 2812 2813
f 2812 1510 2814
f 2813 2812 2814
f 2812 2815 1510
f 2812 2811 2815
f 2816 2817 2818
f 2818 2817 2819
f 2820 2816 2818
f 2820 2818 2821
f 2822 2821 2818
f 2822 2818 2819
f 2823 2824 2825
f 2825 2824 2826
f 2823 2825 2827
f 2825 2826 2828
f 2825 2828 2827
f 2829 2830 2831
f 2829 2832 2830
f 2831 2830 2833
f 2834 2833 2830
f 2835 2834 2830
f 2835 2830 2832
f 2836 2837 2838
f 2837 2839 2838
f 2840 2837 2841
f 2840 2839 2837
f 2837 2842 2841
f 2836 2842 2837
f 2843 2844 2845
f 2846 2843 2845
f 2844 2847 2845
f 2848 2845 2847
f 2846 2845 2849
f 2848 2849 2845
f 2850 2851 2852
f 2851 2853 2852
f 2854 2850 2852
f 1298 2854 2852
f 1298 2852 1296
f 1296 2852 2853
f 2855 2856 2857
f 2858 2857 2856
f 2855 2857 2859
f 1280 2859 2857
f 1279 1280 2857
f 1279 2857 2858
f 1207 2860 2861
f 2862 2861 2860
f 2863 1207 2861
f 2864 2861 2865
f 2862 2865 2861
f 2864 2863 2861
f 2866 2867 2868
f 2866 2868 2869
f 2866 2870 2867
f 2866 2871 2870
f 2866 2872 2871
f 2866 2873 2872
f 2866 2869 2873
f 2874 2875 2876
f 2875 2877 2876
f 2874 2876 2878
f 2876 2879 2878
f 2880 2879 2876
f 2880 2876 2877
f 2881 2882 2883
f 2884 2883 2882
f 2885 2881 2883
f 2885 2883 2886
f 2886 2883 2884
f 2887 2888 2889
f 2887 2889 2890
f 2887 2891 2888
f 2887 2890 2892
f 2887 2893 2891
f 2887 2892 2893
f 2894 2895 2896
f 2894 2896 2897
f 2898 2896 2895
f 2899 2896 2900
f 2899 2897 2896
f 2898 2900 2896
f 2901 2902 2903
f 2901 2903 2904
f 2901 2905 2902
f 2901 2906 2905
f 2901 2907 2906
f 2901 2904 2907
f 2908 2909 2910
f 771 2908 2910
f 2911 2909 2908
f 2912 2911 2908
f 2912 2908 2913
f 771 2913 2908
f 2914 2915 2916
f 2914 2917 2915
f 2914 2918 2919
f 2914 2919 2917
f 2914 2916 734
f 2914 734 2918
f 2247 2920 2248
f 2248 2921 2249
f 2248 2920 2922
f 2248 2922 2921
f 2923 2924 2925
f 2924 2926 2925
f 2923 2927 2924
f 2924 2928 2926
f 2924 2929 2928
f 2924 2927 2929
f 2930 2931 2932
f 2933 2932 2931
f 2934 2933 2931
f 2935 2934 2931
f 2936 2931 2930
f 2935 2931 2936
f 2937 2938 2939
f 2937 2939 2940
f 2937 2941 2938
f 2937 2940 2942
f 2937 2942 2943
f 2937 2943 2941
f 2944 2945 2946
f 2944 2947 2945
f 2944 2948 2949
f 2944 2949 2950
f 2944 2946 2948
f 2944 2950 2947
f 2951 2952 2953
f 2951 2953 2954
f 2951 2955 2952
f 2951 2956 2955
f 2951 2957 2956
f 2951 2954 2957
f 2958 2959 2960
f 2959 2961 2960
f 2958 2960 2962
f 2963 2962 2960
f 2964 2963 2960
f 2964 2960 2965
f 2960 2961 2965
f 2966 2967 2968
f 2966 2968 2969
f 2966 2970 2967
f 2966 2971 2970
f 2972 2971 2966
f 2973 2972 2966
f 2973 2966 2969
f 2974 2975 1834
f 2974 2976 2975
f 2974 1833 2977
f 2974 2977 2976
f 2974 1834 1833
f 2978 385 2979
f 385 2980 2979
f 2978 2979 2981
f 2981 2979 2982
f 2982 2979 2983
f 2979 2980 2983
f 805 804 2984
f 998 805 2984
f 998 2985 805
f 803 805 2985
f 2986 2987 2988
f 2986 2989 2987
f 2988 2987 2990
f 2991 2987 2989
f 2987 2992 2990
f 2991 2992 2987
f 2993 2994 2995
f 2996 2994 2993
f 2993 253 2997
f 2996 2993 2997
f 2993 2995 253
f 2998 247 2999
f 2998 2999 3000
f 3001 2999 247
f 3001 3002 2999
f 3000 2999 3003
f 2999 3002 3003
f 3004 3005 3006
f 3004 3007 3005
f 3004 3008 3009
f 3004 3009 3010
f 3004 3006 3008
f 3004 3010 3007
f 3011 3012 3013
f 3011 3013 3014
f 3015 3013 3016
f 3015 3017 3013
f 3013 3012 3016
f 3014 3013 3017
f 3018 3019 3020
f 3018 3020 3021
f 3020 220 3022
f 3021 3020 3022
f 3020 212 220
f 3019 212 3020
f 3023 176 173
f 3023 173 3024
f 3025 176 3023
f 3026 3025 3023
f 3027 3026 3023
f 3027 3023 3024
f 3028 3029 3030
f 3028 3030 3031
f 3028 3032 3033
f 3028 3031 3032
f 3028 3034 3029
f 3028 3033 3034
f 3035 3036 3037
f 3038 3036 3035
f 3036 3039 3037
f 3036 3040 3039
f 3041 3040 3036
f 3038 3041 3036
f 3042 3043 3044
f 3045 3044 3043
f 3042 3046 3043
f 3045 3043 3047
f 3043 3048 3047
f 3043 3046 3048
f 3049 3050 3051
f 3049 3052 3050
f 3053 3054 3050
f 3053 3050 3052
f 3055 3051 3050
f 3055 3050 3054
f 3056 87 3057
f 3057 87 89
f 3056 3057 3058
f 3057 3059 3058
f 3057 3060 3059
f 3057 89 3060
f 3061 3062 3063
f 3064 3061 3063
f 3062 58 3063
f 58 3065 3063
f 3066 3067 3063
f 3066 3063 3065
f 3064 3063 3067
f 3068 3069 3070
f 3068 3071 3069
f 3070 3069 3072
f 3069 3073 3072
f 3069 3074 3073
f 3069 3071 3074
f 3075 3076 3077
f 3076 3078 3077
f 1 3076 3075
f 1 3079 3076
f 3076 3079 3080
f 3076 3080 3078
f 3081 3077 3082
f 726 3082 3077
f 3075 3077 3081
f 726 3077 3078
f 3083 3075 3084
f 3085 3083 3084
f 3075 3081 3084
f 3085 3084 3086
f 3086 3084 3087
f 3087 3084 3081
f 3088 5 2655
f 2654 3088 2655
f 2655 5 3089
f 3090 2655 3089
f 3090 2657 2655
f 3088 875 877
f 2654 875 3088
f 3088 877 6
f 3088 6 5
f 3091 3085 3086
f 3091 3086 3092
f 3090 3085 3091
f 3091 3092 750
f 3091 750 2657
f 3090 3091 2657
f 3093 3082 3094
f 723 3094 3082
f 3093 3081 3082
f 723 3082 726
f 3093 3094 3095
f 3096 3095 3094
f 2631 3094 723
f 3096 3094 2631
f 3095 3097 3087
f 3095 3098 3097
f 3087 3097 3099
f 3100 3099 3097
f 3097 3098 744
f 3100 3097 744
f 3101 3102 1195
f 3101 1195 3103
f 1193 1195 3102
f 3104 1195 1196
f 3104 3103 1195
f 3105 3106 3107
f 3106 3102 3107
f 3105 3107 2025
f 3107 3102 3101
f 3107 3101 3108
f 3107 2026 2025
f 3107 3108 2026
f 3105 3109 3106
f 3106 3110 3102
f 3106 3109 3110
f 3111 3112 3113
f 3111 3114 3112
f 3112 1197 3113
f 3112 3114 3115
f 3112 3115 3116
f 3112 3116 1197
f 3117 3118 3119
f 3119 3118 3120
f 3121 3119 3122
f 3119 3120 3122
f 3119 3121 3117
f 17 3123 3124
f 3125 3123 17
f 3126 3124 3123
f 3126 3123 3127
f 3125 3128 3123
f 3128 3127 3123
f 3129 3130 3131
f 3132 3130 3129
f 3126 3129 3131
f 3126 3133 3129
f 3132 3129 3133
f 3134 3135 3136
f 3136 3135 3137
f 3134 3136 3138
f 3136 3139 3140
f 3136 3137 3139
f 3136 3140 3138
f 3141 3142 3143
f 3144 3143 3142
f 3141 3134 3142
f 3134 3145 3142
f 3146 3142 3145
f 3144 3142 3146
f 3141 3143 3147
f 3148 3147 3143
f 3148 3143 3149
f 3144 3149 3143
f 3148 3150 3147
f 3121 3147 3150
f 19 3117 3150
f 3121 3150 3117
f 2280 19 3150
f 3148 2280 3150
f 3122 3151 3152
f 3151 3153 3152
f 3122 3152 3154
f 3155 3154 3152
f 3155 3152 3153
f 2264 3156 22
f 2264 22 3157
f 2266 3156 2264
f 2264 3157 2265
f 3158 3159 3160
f 3161 3158 3160
f 3161 3162 3158
f 2266 3158 3162
f 3158 36 3159
f 2266 36 3158
f 3163 3156 3162
f 3163 23 3156
f 3161 3163 3162
f 3163 3164 23
f 3070 3164 3163
f 3161 3070 3163
f 3165 26 3164
f 3165 3164 3072
f 3165 3166 26
f 3165 3167 3166
f 3165 3168 3167
f 3165 3072 3168
f 3169 3170 3171
f 3169 3172 3170
f 3169 3171 3173
f 3169 3174 3172
f 3169 3173 3175
f 3169 3175 3174
f 3166 3171 3170
f 3166 3170 27
f 3176 3170 3172
f 3176 27 3170
f 3177 3178 3171
f 3177 3179 3178
f 3166 3177 3171
f 3167 3177 3166
f 3180 3177 3167
f 3180 3179 3177
f 3181 3182 2241
f 3181 3183 3182
f 3182 3184 2241
f 3185 3182 3183
f 3185 3186 3182
f 3182 3186 3184
f 3187 2244 3188
f 3189 3188 2244
f 3187 3188 3190
f 3190 3188 3191
f 2362 3191 3188
f 3189 2362 3188
f 3192 3193 3194
f 3192 3194 3195
f 3187 3190 3194
f 3187 3194 3193
f 3196 3194 3190
f 3194 3196 3071
f 3194 3071 3195
f 3181 2240 3197
f 3181 3197 3198
f 2240 3193 3197
f 3193 3199 3197
f 3197 3200 3198
f 3197 3199 3200
f 3201 3202 3179
f 3202 3203 3179
f 3201 3204 3202
f 3205 3206 3202
f 3206 3207 3202
f 3204 3205 3202
f 3202 3207 3203
f 3171 3178 3173
f 3178 3179 3208
f 3178 3208 3173
f 3180 3209 3201
f 3180 3168 3209
f 3201 3209 3210
f 3209 3211 3210
f 3209 3073 3211
f 3209 3168 3073
f 3212 3191 2364
f 3212 3196 3191
f 3212 2364 3213
f 3212 3213 3211
f 3212 3211 3074
f 3212 3074 3196
f 2366 3214 3213
f 3215 3214 2366
f 3214 3210 3213
f 3214 3204 3210
f 3216 3217 3214
f 3214 3217 3204
f 3215 3216 3214
f 3218 3219 3220
f 3221 3220 3219
f 3222 3218 3220
f 2255 3222 3220
f 2255 3220 2254
f 2254 3220 3221
f 3223 3198 3224
f 3218 3223 3224
f 3223 3183 3198
f 3218 3225 3223
f 3226 3223 3225
f 3226 3183 3223
f 3192 3199 3193
f 3192 3227 3199
f 3192 3228 3227
f 3192 3195 3228
f 3229 3230 3231
f 3229 3231 3232
f 41 3230 3229
f 3227 3229 3232
f 3227 40 3229
f 41 3229 40
f 3228 3160 3159
f 3228 3195 3160
f 3068 3161 3160
f 3068 3160 3195
f 2266 37 36
f 2267 39 37
f 3233 3234 3235
f 3233 3236 3234
f 3233 3235 2927
f 3233 2923 3237
f 3233 2927 2923
f 3233 3237 3236
f 41 3238 3230
f 3238 2253 3230
f 3239 2253 3238
f 2361 3239 3238
f 42 3238 41
f 2361 3238 42
f 3240 3241 3242
f 3240 3242 3243
f 3240 3244 3241
f 3240 3245 3244
f 3240 3246 3245
f 3240 3243 3246
f 3109 3111 3113
f 3111 1346 3244
f 3109 1346 3111
f 3111 3244 3114
f 3105 1344 3109
f 3105 3247 1344
f 3105 2025 3247
f 3248 3115 3114
f 3248 3114 3245
f 3248 3249 3250
f 3248 3250 3251
f 3248 3252 3249
f 3248 3245 3252
f 3248 3251 3115
f 2356 45 49
f 2356 49 3253
f 2355 45 2356
f 2356 3253 2358
f 3254 43 45
f 3254 77 43
f 3254 2270 77
f 2271 2270 3254
f 2355 3254 45
f 2355 2271 3254
f 43 72 46
f 43 77 72
f 3064 47 46
f 47 3255 48
f 47 3067 3255
f 3064 3067 47
f 3256 83 82
f 3256 82 2230
f 3256 48 3255
f 3256 3255 83
f 3256 3257 48
f 3256 2230 3257
f 3258 51 50
f 3259 50 53
f 3259 3260 50
f 2388 50 3260
f 2388 3258 50
f 54 51 2206
f 54 3261 55
f 54 2205 3261
f 54 2206 2205
f 3234 3262 3235
f 3234 701 3262
f 703 701 3234
f 703 3234 3236
f 3061 3263 56
f 3064 3263 3061
f 3061 56 55
f 3061 55 3062
f 56 3263 71
f 71 3263 72
f 56 71 53
f 74 53 71
f 57 3065 58
f 3062 60 58
f 3261 3264 60
f 3261 2205 3264
f 3264 61 60
f 3264 2203 61
f 3264 2205 2203
f 3265 63 62
f 3265 62 2379
f 61 2377 62
f 3266 63 3265
f 3265 2210 3266
f 3265 2213 2210
f 3265 2379 2213
f 78 69 70
f 78 3267 69
f 78 70 81
f 78 80 3267
f 57 3266 3268
f 57 3268 3065
f 3268 3266 67
f 3268 67 69
f 3268 69 3267
f 3268 3267 3065
f 64 2208 65
f 64 67 2210
f 3269 3270 68
f 3269 2215 3270
f 3269 65 929
f 3269 68 65
f 3269 929 928
f 3269 928 2215
f 3270 3271 70
f 3270 2220 3271
f 3270 70 68
f 3270 2215 2220
f 46 72 3263
f 3064 46 3263
f 75 77 2270
f 2272 75 2270
f 3272 76 75
f 3259 74 76
f 76 3273 3274
f 3259 76 3274
f 3272 3273 76
f 3066 80 3275
f 3066 3275 3067
f 3066 3267 80
f 3066 3065 3267
f 3271 3276 81
f 3271 2370 3276
f 3271 81 70
f 3271 2220 2370
f 3277 84 3276
f 3277 3276 2373
f 3276 84 81
f 3276 2370 2373
f 82 84 2228
f 3278 3279 3280
f 3278 3281 3279
f 3278 3280 3282
f 3278 3283 3281
f 3278 3282 3284
f 3278 3284 3283
f 3279 3281 3285
f 3286 3279 3285
f 3281 3287 3285
f 3285 3288 3289
f 3286 3285 3289
f 3285 3287 3288
f 3290 3280 3291
f 1535 3291 3280
f 3292 3290 3291
f 3292 3291 3293
f 1533 3293 3291
f 1535 1533 3291
f 3294 3295 3296
f 3294 2651 3295
f 3294 3296 3297
f 3298 3294 3299
f 3294 3298 2651
f 3294 3297 3299
f 3300 3296 3301
f 3300 3301 3302
f 3296 3303 3301
f 3304 3301 3303
f 3304 3305 3301
f 3305 3302 3301
f 3306 3300 3307
f 3306 3297 3300
f 3300 3297 3296
f 3307 3300 3302
f 1572 3308 1573
f 1575 3309 1572
f 1572 3309 3310
f 1572 3310 3308
f 3309 2650 3311
f 3309 3311 3312
f 3311 2650 3298
f 3311 3298 3313
f 3311 3313 3314
f 3311 3314 3312
f 85 87 3315
f 85 3315 3316
f 3315 3317 3318
f 3319 3315 3318
f 87 3317 3315
f 3316 3315 3319
f 3320 3321 3317
f 3320 3322 3321
f 3320 3317 3056
f 3320 3056 3323
f 3320 3323 3324
f 3320 3324 3322
f 3325 3326 3327
f 3325 3327 3328
f 3325 91 3329
f 3325 3328 91
f 3325 3329 3330
f 3325 3330 3326
f 3331 3332 90
f 3331 3333 3332
f 3329 90 3332
f 3329 3332 3334
f 3335 3334 3332
f 3335 3332 3333
f 3327 3326 3336
f 3327 3336 3337
f 3327 3337 3060
f 3327 3060 3328
f 3338 3339 3340
f 3338 3341 3339
f 3338 3330 3342
f 3338 3342 3341
f 3338 3343 3330
f 3338 3340 3343
f 3344 3345 3343
f 3344 3346 3345
f 3345 3326 3343
f 3345 3336 3326
f 3345 3347 3336
f 3345 3346 3347
f 3348 3323 3058
f 3348 3349 3323
f 3348 3058 3350
f 3348 3350 2196
f 3348 3351 3349
f 3348 3352 3351
f 3348 2196 3352
f 3353 3354 3347
f 3353 3355 3354
f 3353 3347 3356
f 3353 3356 3357
f 3353 3357 3358
f 3353 3358 3355
f 3359 3350 3059
f 3359 3059 3337
f 3359 2195 3350
f 3359 3337 3354
f 3359 3354 3360
f 3359 3360 2195
f 3361 3362 3363
f 3361 3364 3362
f 3361 3363 3365
f 3361 3366 3364
f 3361 3367 3366
f 3361 3365 3367
f 3368 3369 3362
f 3368 3362 3370
f 3368 3371 3369
f 3368 3372 3371
f 3368 3373 3372
f 3368 3370 3373
f 3374 3364 3375
f 3374 3375 3376
f 3374 3370 3364
f 3374 3376 3377
f 3374 3377 3378
f 3374 3378 3370
f 3379 3375 3366
f 3379 3380 3375
f 3379 3366 3381
f 3379 3382 3380
f 3379 3383 3382
f 3379 3381 3384
f 3379 3384 3383
f 3385 3386 3387
f 2141 3385 3387
f 3385 3388 3386
f 3389 3388 3385
f 3389 3385 3390
f 2141 3390 3385
f 3391 3392 3388
f 3391 3388 3393
f 3394 3392 3391
f 3391 3314 3395
f 3391 3395 3394
f 3391 3393 3314
f 3396 3397 3398
f 3399 3398 3397
f 3396 3400 3397
f 2367 3397 3400
f 3399 3397 2368
f 2368 3397 2367
f 3401 3402 3403
f 3403 3402 3404
f 3401 3398 3402
f 3398 3405 3402
f 3406 3404 3402
f 3406 3402 3405
f 3396 3401 3407
f 3408 3407 3401
f 3409 3396 3407
f 3409 3407 3410
f 3408 3411 3407
f 3411 3410 3407
f 3409 3412 3413
f 3409 3414 3412
f 3413 3412 3415
f 3415 3412 3416
f 3416 3412 3417
f 3412 3414 3417
f 3418 3419 3420
f 3418 3421 3419
f 3422 3420 3419
f 3419 3423 3424
f 3422 3419 3424
f 3419 3421 3423
f 3416 3425 3426
f 3416 3426 3427
f 3425 3420 3426
f 3428 3426 3420
f 3429 3426 3428
f 3429 3427 3426
f 3417 3430 3425
f 3417 3431 3430
f 3425 3430 3418
f 3418 3430 3432
f 3433 3432 3430
f 3433 3430 3431
f 3434 3435 3436
f 3437 3436 3435
f 3438 3434 3436
f 3439 3436 3437
f 2155 3436 3439
f 3438 3436 2155
f 3440 3403 3434
f 3408 3403 3440
f 3408 3401 3403
f 3403 3404 3434
f 3441 3435 3404
f 3441 3442 3435
f 3441 3404 3406
f 3441 3406 3443
f 3441 3444 3442
f 3441 3443 3444
f 3445 3437 3442
f 3445 3442 3446
f 3445 3447 3437
f 3445 3448 3449
f 3445 3449 3447
f 3445 3446 3448
f 3450 3451 3452
f 3450 3453 3451
f 3454 3455 3451
f 3453 3454 3451
f 3456 3451 3455
f 3452 3451 3456
f 3454 3457 3432
f 3453 3457 3454
f 3432 3457 3421
f 3458 3421 3457
f 3459 3458 3457
f 3459 3457 3453
f 3431 3460 3455
f 3414 3460 3431
f 3455 3460 3461
f 3462 3461 3460
f 3462 3460 3463
f 3414 3463 3460
f 3440 3434 3438
f 3440 3438 2159
f 3464 3440 2159
f 3465 3440 3464
f 3408 3440 3465
f 3466 2156 3439
f 3466 3439 3447
f 3466 3467 2156
f 3466 3447 2400
f 3466 2400 2403
f 3466 2403 3467
f 3465 3468 3469
f 3411 3465 3469
f 3468 2390 3469
f 2390 3462 3469
f 3462 3463 3469
f 3411 3469 3463
f 2393 3470 3462
f 3471 3470 2393
f 3462 3470 3461
f 3456 3461 3470
f 3472 3456 3470
f 3471 3472 3470
f 3473 3474 3475
f 3474 3476 3475
f 3473 3475 3477
f 3476 3478 3475
f 3478 3479 3475
f 3475 3479 3477
f 3480 3481 3474
f 3474 3481 3482
f 3483 3481 3480
f 3484 3481 3483
f 3484 3485 3481
f 3485 3482 3481
f 3049 3051 3486
f 3049 3486 3487
f 3488 3486 3489
f 3051 3489 3486
f 3484 3486 3488
f 3484 3487 3486
f 3051 3490 3489
f 3491 3489 3490
f 3055 3490 3051
f 3492 3490 3055
f 3492 1972 3490
f 3491 3490 1972
f 3493 3494 3495
f 3493 3495 3485
f 3493 3485 3488
f 3493 3488 3496
f 3493 3497 3494
f 3493 3496 3497
f 3498 3499 3500
f 3498 3500 3501
f 3498 3502 3503
f 3498 3504 3502
f 3498 3503 3499
f 3498 3501 3504
f 3505 3506 3053
f 3505 3507 3506
f 3506 3054 3053
f 3508 3506 3509
f 3508 3510 3506
f 3506 3510 3054
f 3506 3507 3509
f 3505 3053 3052
f 3505 3503 3502
f 3505 3502 3507
f 3505 3052 3503
f 3049 3511 3512
f 3049 3487 3511
f 3049 3512 3052
f 3513 3480 3473
f 3513 3473 3514
f 3513 3515 3480
f 3513 3516 3515
f 3513 3517 3516
f 3513 3514 3517
f 3511 3518 3512
f 3511 3487 3483
f 3511 3483 3519
f 3511 3519 3518
f 3520 3521 3522
f 3523 3520 3522
f 3522 3521 3524
f 3525 3522 3524
f 3523 3522 3526
f 3525 3526 3522
f 3520 3527 3521
f 3528 3527 3520
f 3529 3528 3520
f 3523 3529 3520
f 3530 3529 3531
f 3532 3530 3531
f 3530 3533 3528
f 3530 3528 3529
f 3530 3534 3533
f 3532 3534 3530
f 3528 3535 3527
f 3527 3535 3536
f 3528 3533 3535
f 3537 3535 3533
f 3538 3535 3537
f 3538 3539 3535
f 3536 3535 3539
f 3540 3541 3542
f 3540 3543 3541
f 3543 3544 3541
f 3545 3541 3544
f 3546 3542 3541
f 3546 3541 3545
f 3547 3044 3548
f 3548 3044 3549
f 3547 3042 3044
f 3549 3044 3045
f 3548 3549 3550
f 3551 3548 3550
f 3549 3552 3550
f 3553 3550 3552
f 2409 3550 3553
f 2409 3551 3550
f 3554 94 3555
f 94 3556 3555
f 3554 3555 3557
f 3557 3555 3558
f 3559 3558 3555
f 3559 3555 3556
f 3560 3561 3562
f 3552 3562 3561
f 3563 3564 3561
f 3565 3561 3564
f 3563 3561 3560
f 3566 3552 3561
f 3566 3561 3565
f 3567 3560 3562
f 3567 3562 3045
f 3549 3562 3552
f 3549 3045 3562
f 3563 3560 3568
f 3560 3569 3568
f 3563 3568 2119
f 3570 3568 3569
f 2119 3568 3570
f 3571 3572 3573
f 3048 3572 3571
f 3557 3574 3572
f 3572 3574 3573
f 3575 3557 3572
f 3575 3572 3048
f 3570 3569 3571
f 3570 3571 3573
f 3047 3571 3569
f 3047 3048 3571
f 3570 3573 3576
f 3570 3576 2120
f 3573 3577 3576
f 3576 3578 2120
f 3576 3577 3579
f 3576 3579 3578
f 3563 2123 3564
f 3580 3565 3564
f 3580 3564 3581
f 3581 3564 3582
f 3582 3564 2123
f 3547 3583 3584
f 3547 3584 3042
f 3585 3584 3583
f 3586 3584 3585
f 101 3587 3584
f 3587 3042 3584
f 101 3584 3586
f 3588 3589 3590
f 3589 3591 3590
f 3547 3548 3590
f 3588 3590 3548
f 3547 3590 3583
f 3583 3590 3591
f 1531 3592 1533
f 3593 3592 1531
f 1530 1577 1531
f 3593 1531 1577
f 92 3554 99
f 3554 3575 99
f 101 99 3587
f 3587 99 3046
f 3046 99 3575
f 3586 3594 102
f 3586 3139 3594
f 102 3594 3595
f 3596 3595 3594
f 3594 3139 3137
f 3596 3594 3137
f 102 3595 103
f 3597 103 3595
f 3598 96 103
f 3598 103 3597
f 3599 3600 3601
f 3602 3600 3599
f 3599 3601 3603
f 3599 3603 3604
f 3599 3604 3605
f 3599 3605 3602
f 3606 3607 3608
f 3606 2926 3607
f 3608 3607 3609
f 3610 3609 3607
f 2928 3610 3607
f 2928 3607 2926
f 104 106 2381
f 104 2380 107
f 107 3611 3612
f 107 2380 3611
f 3612 3611 3613
f 3611 3614 3613
f 3611 3615 3614
f 3611 2380 3615
f 3612 3616 109
f 3612 3617 3616
f 109 3616 3618
f 3616 3619 3618
f 3616 116 3619
f 3617 116 3616
f 110 3618 3620
f 3620 3618 3621
f 3622 110 3620
f 3622 3620 3623
f 3620 3621 3041
f 3623 3620 3041
f 3622 3624 3625
f 124 3625 3624
f 108 3622 3625
f 3626 108 3625
f 3627 3626 3625
f 124 3627 3625
f 3619 115 3628
f 126 3628 115
f 3619 3628 3621
f 3629 3628 126
f 3629 3040 3628
f 3628 3040 3621
f 117 3617 3630
f 3617 3613 3630
f 117 3630 3631
f 3631 3630 3632
f 3632 3630 3614
f 3630 3613 3614
f 929 65 2208
f 112 3633 113
f 114 113 3634
f 113 2055 3634
f 113 3633 2055
f 121 3635 122
f 3636 122 3635
f 121 3637 3635
f 3635 2078 2434
f 2436 3635 2434
f 3635 3637 2078
f 3636 3635 2436
f 124 2067 3627
f 2068 3627 2067
f 123 2067 124
f 123 2065 2067
f 140 3638 3639
f 3638 3035 3639
f 118 3624 3638
f 3624 3623 3638
f 140 118 3638
f 3038 3035 3638
f 3038 3638 3623
f 140 119 118
f 121 119 141
f 125 3640 3629
f 125 3641 3640
f 3629 3640 3039
f 3640 3641 3642
f 3640 135 3643
f 3640 3643 3039
f 3640 3642 135
f 3644 3645 3646
f 3644 3646 3647
f 3648 3649 3644
f 3644 3649 3645
f 3648 3644 3647
f 2427 2426 3650
f 2427 131 130
f 2427 130 2428
f 2427 3650 131
f 3651 128 131
f 3651 131 3650
f 3651 3641 128
f 3652 3641 3651
f 3651 3650 3653
f 3652 3651 3653
f 3654 3655 3639
f 142 3639 3655
f 3654 132 3655
f 3656 3655 132
f 3656 3657 3655
f 142 3655 3657
f 3654 133 132
f 3654 3037 133
f 133 3643 135
f 133 3037 3643
f 3658 137 3642
f 3658 3642 3652
f 3658 3659 137
f 3658 3660 3659
f 3658 3661 3660
f 3658 3652 3661
f 3662 3659 3663
f 3662 3663 3664
f 3662 138 3659
f 3665 138 3662
f 3665 3662 3666
f 3662 3664 3666
f 3656 136 3667
f 3668 3667 136
f 3656 3667 3669
f 3668 3670 3667
f 3670 3669 3667
f 3654 3639 3035
f 140 3639 142
f 143 3671 3672
f 143 3669 3671
f 3670 3673 3671
f 3670 3671 3669
f 3674 3672 3671
f 3674 3671 3673
f 144 3675 3676
f 2411 3676 3675
f 3677 3675 3672
f 2414 3675 3677
f 3672 3675 144
f 2411 3675 2414
f 144 3676 141
f 141 3676 3637
f 2072 3676 2411
f 2072 3637 3676
f 145 147 2582
f 145 2581 148
f 3678 3679 150
f 3678 954 3679
f 3678 150 148
f 3678 148 2581
f 3678 957 954
f 3678 2581 957
f 3679 3680 3681
f 3679 3682 3680
f 3679 3681 150
f 3679 954 3682
f 3683 151 3681
f 3684 3683 3681
f 3685 151 3683
f 3685 3683 3686
f 3684 3686 3683
f 3687 3688 3689
f 3687 3689 3690
f 3689 149 3691
f 3690 3689 3691
f 3689 3692 149
f 3688 3692 3689
f 3684 3681 3680
f 3682 3693 3680
f 3693 3694 3680
f 3680 3694 3695
f 3684 3680 3695
f 3696 3697 3698
f 3696 3698 3699
f 3700 3698 3701
f 3697 3701 3698
f 3702 3698 3700
f 3699 3698 3702
f 3703 3704 3705
f 2591 3705 3704
f 3703 3705 3706
f 3706 3705 3707
f 2590 3707 3705
f 2590 3705 2591
f 3706 3708 3693
f 3706 3707 3708
f 3693 3708 3709
f 3708 3710 3709
f 3708 3711 3710
f 3708 3707 3711
f 3690 3691 3712
f 3685 3712 3691
f 3712 3713 3714
f 3685 3713 3712
f 3712 3714 3715
f 3690 3712 3715
f 3716 3717 3718
f 3717 3719 3718
f 3720 3716 3718
f 3718 3719 3721
f 3718 3721 2530
f 3720 3718 2530
f 3722 3714 3723
f 3724 3722 3723
f 3722 3725 3714
f 3726 3725 3722
f 3724 3727 3722
f 3726 3722 3727
f 3728 3729 3725
f 3728 3610 3729
f 3730 3728 3725
f 3728 3609 3610
f 3730 3609 3728
f 3731 3732 3733
f 3731 3734 3732
f 3733 3732 2442
f 3732 3734 2036
f 2437 3732 2036
f 2442 3732 2437
f 3735 3736 3737
f 3735 3737 2048
f 3737 3738 3733
f 3737 3733 2044
f 3737 3736 3738
f 3737 2044 2048
f 3739 3740 3741
f 3739 3741 3742
f 3741 3738 3736
f 3741 3740 3738
f 3741 3736 3743
f 3741 3743 3742
f 3739 3744 3740
f 3739 3742 3745
f 3739 3746 3744
f 3739 3745 3746
f 3747 3731 3738
f 3747 3748 3731
f 3747 3738 3740
f 3747 3740 3749
f 3747 3749 3748
f 3750 153 3751
f 3750 3751 3752
f 3750 3753 153
f 3750 3745 3753
f 3750 3752 3754
f 3750 3754 3745
f 3748 3755 3756
f 3748 3756 3734
f 3756 3755 3757
f 3756 3758 2037
f 3756 2037 3734
f 3756 3757 3758
f 3759 3760 3761
f 3761 3760 3762
f 3759 3763 3760
f 3763 3764 3760
f 3762 3760 3765
f 3760 3764 3765
f 3766 3761 3767
f 3766 3759 3761
f 3766 3767 3749
f 3766 3749 3744
f 3766 3768 3759
f 3766 3744 3768
f 3769 3770 3768
f 3769 3768 3746
f 3769 3771 3770
f 3769 3754 3771
f 3769 3746 3754
f 3772 3743 3735
f 3772 3735 2384
f 3735 3743 3736
f 3735 2048 2384
f 3772 3773 3743
f 3772 2386 3773
f 3772 2384 2386
f 3774 156 3753
f 3774 3753 3742
f 3774 3775 156
f 3774 3742 3773
f 3774 3773 3776
f 3774 3776 3775
f 3777 3778 3779
f 3779 3778 2407
f 3779 3751 152
f 152 3780 3779
f 3779 3781 3751
f 3779 2407 3781
f 3777 3779 3780
f 3752 3782 3771
f 3782 3783 3771
f 3781 3782 3752
f 3781 2407 3782
f 3782 2406 3783
f 3782 2407 2406
f 3784 3785 3786
f 3784 3786 3787
f 3785 3788 3786
f 3788 3789 3786
f 3786 3789 3787
f 3790 3791 3792
f 3790 3792 3793
f 3794 3792 3791
f 3794 3795 3792
f 3792 3795 3796
f 3792 3796 3797
f 3793 3792 3797
f 3784 3798 3790
f 3784 3799 3798
f 3790 3798 3791
f 3800 3801 3798
f 3800 3798 3799
f 3801 3791 3798
f 3802 3803 3804
f 3804 3803 2445
f 3803 3805 3806
f 3802 3805 3803
f 3807 3803 3806
f 3807 2445 3803
f 3785 3793 3808
f 3785 3808 3809
f 3808 3805 3802
f 3793 3805 3808
f 3809 3808 3802
f 3796 3810 3811
f 3810 3812 3811
f 3813 3796 3811
f 3813 3811 3814
f 3811 3812 3814
f 3806 3805 3815
f 3797 3815 3805
f 3806 3815 3816
f 3813 3815 3797
f 3813 3817 3815
f 3817 3816 3815
f 3818 3819 3820
f 3818 3821 3819
f 3820 3819 3822
f 3819 3823 3822
f 3824 3823 3819
f 3821 3825 3819
f 3825 3824 3819
f 3826 3827 3828
f 3826 3828 3829
f 3358 3827 3826
f 3826 3829 3830
f 3831 3832 3826
f 3831 3826 3830
f 3832 3358 3826
f 3833 3828 3827
f 3833 3834 3828
f 3833 3835 3836
f 3833 3837 3835
f 3833 3827 3357
f 3833 3836 3834
f 3833 3357 3837
f 3834 3822 3828
f 3829 3828 3822
f 3836 3838 3834
f 3836 3839 3838
f 3820 3834 3838
f 3840 3838 3839
f 3840 3841 3838
f 3820 3838 3841
f 3835 3839 3836
f 3835 3842 3839
f 3835 3843 3842
f 3835 3837 3843
f 3844 3839 3842
f 3844 3842 3845
f 3844 3846 3839
f 3844 3847 3846
f 3848 3844 3845
f 3848 3847 3844
f 3840 3846 3849
f 3846 3850 3849
f 3840 3849 3851
f 3851 3849 3852
f 3849 3850 3853
f 3849 3853 3852
f 3854 3855 3856
f 3854 3821 3855
f 3818 3851 3855
f 3818 3855 3821
f 3851 3852 3855
f 3855 3852 3856
f 3857 3858 3859
f 3860 3859 3858
f 3859 3829 3823
f 3857 3859 3823
f 3859 3830 3829
f 3860 3830 3859
f 3861 3862 2301
f 3863 3862 3861
f 3861 3864 3865
f 3863 3861 3865
f 3861 3866 3864
f 3861 3867 3866
f 3861 2301 3867
f 3868 3869 3870
f 3868 3870 3871
f 3868 3872 3869
f 3868 2238 3872
f 3873 2238 3868
f 3873 3868 3871
f 3874 3875 3870
f 3874 3870 3869
f 3874 3865 3876
f 3874 3876 3877
f 3874 3869 3865
f 3874 3877 3875
f 3878 3875 3879
f 3880 3875 3878
f 3878 3881 3882
f 3883 3878 3882
f 3878 3879 3881
f 3880 3878 3883
f 2234 3884 2235
f 2234 2237 3885
f 2234 3885 3884
f 2296 3862 3886
f 3872 3886 3862
f 2296 2301 3862
f 3863 3872 3862
f 381 383 355
f 355 383 3719
f 383 3721 3719
f 384 3721 383
f 2144 3887 3888
f 160 3888 3887
f 3889 3887 2144
f 3890 3887 3889
f 160 3887 163
f 163 3887 3890
f 159 3891 160
f 159 3892 3893
f 159 3893 3891
f 159 162 3892
f 3894 3895 3896
f 3894 3896 3033
f 3896 3897 3898
f 3896 3895 3897
f 3896 3898 3899
f 3896 3899 3033
f 3900 3901 3902
f 3900 3902 3031
f 3901 3903 3902
f 3904 3902 3905
f 3031 3902 3904
f 3905 3902 3903
f 3894 3032 3906
f 3894 3033 3032
f 3894 3906 3907
f 3894 3907 3895
f 3908 3909 3910
f 3911 3910 3909
f 3906 3908 3910
f 3906 3910 3912
f 3912 3910 3913
f 3913 3910 3911
f 3914 3907 3912
f 3914 3912 3915
f 3914 3916 3907
f 3914 3917 3916
f 3914 3915 3918
f 3914 3918 453
f 3914 453 3917
f 3897 164 3898
f 3897 3895 3916
f 3897 3916 1964
f 3897 1964 164
f 3900 3030 1968
f 3900 3031 3030
f 3029 3919 3030
f 3030 3919 1968
f 3920 3921 3922
f 3497 3922 3921
f 3920 3922 3919
f 3922 1971 3919
f 3491 1971 3922
f 3491 3922 3496
f 3497 3496 3922
f 3923 3924 3925
f 3923 3926 3924
f 2484 3927 3924
f 2484 3924 2485
f 3927 3925 3924
f 2485 3924 3926
f 3928 3929 3930
f 3929 3931 3930
f 3928 3930 3885
f 3932 3930 3931
f 3932 3933 3930
f 3933 3885 3930
f 3928 3934 3935
f 3935 3934 3936
f 3928 2237 3934
f 2237 3937 3934
f 3938 3934 3937
f 3938 3939 3934
f 3939 3936 3934
f 3940 3941 3942
f 3940 3943 3941
f 3940 3942 3944
f 3940 3944 2374
f 3940 2374 3943
f 3945 175 1956
f 3945 1956 1959
f 1956 178 3946
f 1956 3946 1957
f 1956 175 178
f 3945 3024 175
f 3945 3947 3948
f 3945 3948 3024
f 3945 1959 3947
f 173 175 3024
f 3949 177 179
f 3949 3941 177
f 179 184 3949
f 3949 3942 3941
f 3949 184 185
f 3949 185 3942
f 3950 10 3951
f 3952 3951 10
f 3953 3954 3951
f 3953 3951 3955
f 3954 3950 3951
f 3952 3955 3951
f 3956 3957 3958
f 3956 3958 3959
f 3956 3960 3957
f 3961 3960 3956
f 3961 3956 3959
f 3962 3963 3964
f 3962 3026 3963
f 3962 3965 3957
f 3962 3957 3966
f 3962 3964 3965
f 3962 3966 3026
f 3967 181 3968
f 3967 3968 3025
f 3969 3967 3960
f 3967 3966 3960
f 3970 3967 3969
f 3970 181 3967
f 3967 3025 3966
f 3969 3961 3971
f 3961 3972 3971
f 3973 3969 3971
f 3973 3971 3504
f 3971 3972 3509
f 3971 3509 3507
f 3971 3507 3504
f 3974 3975 182
f 3974 3976 3975
f 3970 3974 182
f 3970 3973 3974
f 3973 3501 3974
f 3974 3501 3976
f 3964 3977 3965
f 3978 3965 3977
f 3964 3979 3977
f 3979 3980 3977
f 3977 3980 3981
f 3978 3977 3981
f 3964 3963 3982
f 3983 3982 3963
f 3027 3963 3026
f 3027 3983 3963
f 3984 3985 3986
f 3986 3985 3983
f 3984 3986 3948
f 3986 3024 3948
f 3027 3986 3983
f 3027 3024 3986
f 3987 3988 3989
f 3987 3989 3990
f 3987 3991 3992
f 3987 3990 3991
f 3984 3987 3992
f 3984 3993 3987
f 3987 3993 3988
f 179 3968 184
f 179 176 3968
f 184 3968 181
f 3025 3968 176
f 183 182 3975
f 183 3975 3994
f 3975 3995 3994
f 3975 3976 3996
f 3975 3996 3995
f 3997 3994 3998
f 3998 3994 3999
f 3997 3998 4000
f 4000 3998 4001
f 3998 3999 4002
f 3998 4002 4001
f 4000 4003 186
f 2221 4003 4000
f 186 4003 185
f 185 4003 3942
f 2221 2225 4003
f 2225 3942 4003
f 4004 4005 4006
f 4004 4006 4007
f 4005 4008 4006
f 4006 4008 4009
f 4006 4010 4007
f 4006 4009 4010
f 9 4011 10
f 3950 11 10
f 3952 10 4011
f 4012 4013 4005
f 4012 4014 4013
f 4005 4013 4015
f 3938 4013 3939
f 3939 4013 4014
f 4015 4013 3938
f 4016 4017 4018
f 4016 4019 4017
f 4018 4017 4020
f 4019 4021 4017
f 2375 4017 4021
f 2375 4020 4017
f 4022 4023 4024
f 4025 4024 4023
f 4026 4022 4024
f 4027 4026 4024
f 1949 4024 4025
f 4027 4024 1949
f 4028 4029 4030
f 4030 4029 4031
f 4028 4030 4032
f 4032 4030 4033
f 4030 4031 4033
f 4034 4035 4036
f 4034 4037 4035
f 3989 4036 4035
f 3989 4035 3990
f 4038 3990 4035
f 4037 4038 4035
f 4039 4040 4036
f 4039 4041 4040
f 4042 4043 4040
f 4042 4040 4019
f 4036 4040 4043
f 4041 4019 4040
f 1945 4044 4045
f 4044 4033 4045
f 4045 4027 1953
f 4046 4045 1953
f 4045 4031 4027
f 1945 4045 4046
f 4045 4033 4031
f 4018 4047 4048
f 4018 2059 4047
f 4048 4047 4023
f 4047 4049 4023
f 4047 4050 4049
f 4047 2059 2063
f 4047 2063 4050
f 4051 4044 4052
f 1944 4052 4044
f 4053 4044 4051
f 4053 4033 4044
f 1944 4044 1945
f 4054 4055 4056
f 4054 4056 4057
f 4058 4055 4054
f 1191 4054 4057
f 4059 4054 1191
f 4059 4058 4054
f 4055 4060 4061
f 4062 4060 4055
f 4061 4060 4063
f 4060 4064 4063
f 4060 4065 4064
f 4062 4065 4060
f 4055 4061 4056
f 4061 4066 4056
f 4056 4067 4057
f 4056 4066 4067
f 4061 4068 4069
f 4061 4063 4068
f 4068 4070 4069
f 4071 4070 4068
f 4071 4068 4072
f 4068 4063 4072
f 4073 4074 4075
f 4073 4076 4074
f 4073 4075 4077
f 4073 4078 4076
f 4073 197 4078
f 4073 4077 195
f 4073 195 197
f 3018 4079 4080
f 3018 4080 3019
f 3018 4081 4079
f 3018 4082 4081
f 3018 3021 4082
f 4083 4081 4082
f 4083 196 4081
f 4083 4082 202
f 4083 207 196
f 202 207 4083
f 4084 4085 3985
f 4086 4085 4084
f 4084 3992 4087
f 4088 4084 4087
f 4084 3985 3992
f 4086 4084 4088
f 4089 203 202
f 4090 203 4089
f 4089 202 4082
f 3021 4089 4082
f 4091 4090 4089
f 3021 4091 4089
f 203 4092 204
f 4090 4092 203
f 4077 4080 4079
f 4077 4093 4080
f 4080 4093 4094
f 3019 4080 4094
f 4074 4095 4075
f 4096 4095 4074
f 4076 4097 4074
f 4097 4096 4074
f 4098 217 4099
f 4098 4099 260
f 4098 4100 217
f 4098 1828 4100
f 4098 264 1828
f 4098 260 264
f 4101 218 215
f 4101 215 4102
f 215 217 4100
f 215 4100 4102
f 4103 221 4104
f 4103 3022 221
f 4103 4104 4105
f 4103 4105 4106
f 4090 4103 4106
f 4091 4103 4090
f 4091 3022 4103
f 4101 4104 218
f 4101 4107 4104
f 4101 4108 4107
f 4101 4102 4108
f 4109 4110 4111
f 4109 4112 4110
f 4109 4105 4107
f 4109 4107 4113
f 4109 4111 4105
f 4109 4113 4112
f 4114 4092 4106
f 4115 4092 4114
f 4114 4106 4111
f 4116 4115 4114
f 4117 4116 4114
f 4117 4114 4118
f 4114 4111 4118
f 4119 4120 4121
f 4119 4121 4122
f 4123 3604 4121
f 4121 3604 4124
f 4123 4121 4120
f 4121 4124 4122
f 4125 4126 4127
f 4128 4127 4126
f 4125 4127 4129
f 4129 4127 4130
f 4131 4130 4127
f 4128 4131 4127
f 4131 4132 4133
f 4128 4132 4131
f 4132 4134 4133
f 4132 3824 4134
f 4128 3857 4132
f 3857 3824 4132
f 4135 4129 4136
f 4135 4136 4137
f 4138 4136 4139
f 4138 4140 4136
f 4129 4139 4136
f 4137 4136 4140
f 4141 4142 4143
f 4141 4143 4144
f 4143 4133 4134
f 4143 4142 4133
f 4143 4134 3825
f 4143 3825 4144
f 4139 4130 4145
f 4146 4139 4145
f 4145 4130 4147
f 4148 4145 4147
f 4146 4145 4149
f 4149 4145 4148
f 4150 4151 4152
f 4150 4153 4151
f 2286 4154 4150
f 4155 4150 4154
f 4150 4152 2285
f 2286 4150 2285
f 4155 4153 4150
f 4152 4156 4157
f 4158 4157 4156
f 4152 4157 2285
f 4159 4157 4158
f 4159 2283 4157
f 2283 2285 4157
f 4160 4161 4162
f 4162 4161 4163
f 4160 4164 4161
f 4161 4165 4163
f 3015 4165 4161
f 3015 4161 4166
f 4166 4161 4164
f 4167 4168 4169
f 4167 4169 4170
f 4169 4168 4171
f 4172 4169 4171
f 4173 4169 1888
f 4173 4170 4169
f 1888 4169 4172
f 4174 4168 4175
f 4175 4168 4176
f 4174 4175 4177
f 4177 4175 4178
f 4178 4175 4179
f 4180 4175 4176
f 4180 4179 4175
f 4181 4182 4165
f 4183 4182 4181
f 3016 4181 4165
f 3016 3012 4181
f 4184 4181 3012
f 4183 4181 4184
f 4174 4185 4171
f 4185 4186 4171
f 4174 4187 4185
f 4166 4186 4185
f 4166 4185 3017
f 4185 4187 3017
f 4160 4188 4189
f 4188 4190 4189
f 4160 4189 4191
f 4189 4192 4191
f 4189 4190 4192
f 4186 4164 4193
f 4172 4186 4193
f 4193 4164 4191
f 4193 4191 4194
f 1885 4193 4194
f 4172 4193 1885
f 3011 4195 4196
f 4196 4195 4197
f 3011 3014 4195
f 4177 4198 4195
f 4177 4195 4187
f 4195 4198 4197
f 3014 4187 4195
f 3011 4196 4199
f 4196 4200 4199
f 4196 4197 4201
f 4196 4201 4200
f 4202 4203 4204
f 4204 4203 4197
f 4202 4205 4203
f 4203 4201 4197
f 4203 4206 4201
f 4203 4205 4206
f 3011 4199 3012
f 4207 3012 4199
f 4200 4208 4199
f 4207 4199 4208
f 4209 4210 4211
f 4209 4211 4212
f 4211 4210 4213
f 4211 4214 4212
f 4211 4213 4215
f 4214 4211 4215
f 4216 2166 4217
f 4216 4217 4214
f 2165 4217 2166
f 2165 4212 4217
f 4217 4212 4214
f 4218 4219 4220
f 4218 4220 2395
f 4219 4221 4220
f 4221 4222 4220
f 4223 4220 4222
f 4223 2395 4220
f 4218 4224 4225
f 2392 4224 4218
f 4225 4224 4226
f 4224 4227 4226
f 4228 4227 4224
f 4228 4224 2392
f 4229 3005 4221
f 4229 3006 3005
f 4221 3005 4230
f 3005 3007 4230
f 4222 4230 4231
f 4231 4230 3007
f 4232 4222 4231
f 4232 4231 4233
f 4231 243 4233
f 4231 3007 243
f 4234 3886 2235
f 2238 2235 3886
f 3884 4234 2235
f 4235 4236 4237
f 4238 4236 4235
f 4239 4240 4236
f 4236 4240 4237
f 4239 4236 4241
f 4238 4241 4236
f 3622 3623 3624
f 118 124 3624
f 4225 4242 4229
f 4225 4243 4242
f 4229 4242 3006
f 4242 4243 223
f 4244 4242 223
f 4244 3006 4242
f 4245 224 4243
f 4245 4243 4226
f 4245 4246 224
f 4245 4247 4246
f 4245 4248 4247
f 4245 4226 4248
f 4249 226 4246
f 4249 4246 4250
f 4251 226 4249
f 4251 4249 4252
f 4252 4249 4253
f 4253 4249 4250
f 4254 225 228
f 4254 228 4255
f 4244 225 4254
f 4254 4255 4256
f 4257 4254 4256
f 4257 4244 4254
f 4258 4259 4260
f 4261 4259 4258
f 227 4258 4260
f 4251 4258 227
f 4262 4263 4258
f 4261 4258 4263
f 4251 4262 4258
f 4264 4260 4259
f 4261 4265 4259
f 4265 4264 4259
f 4266 4267 4268
f 4266 3010 4267
f 237 4266 4268
f 237 239 4266
f 4266 239 3010
f 4269 4270 4271
f 4269 4271 4272
f 4269 4273 241
f 4269 241 4270
f 4269 4274 4273
f 4269 4272 4274
f 4275 4233 242
f 4276 4233 4275
f 4275 242 4273
f 4275 4273 4277
f 4278 4275 4277
f 4278 4276 4275
f 4279 4280 4281
f 4279 4281 4282
f 4264 4281 4280
f 4265 4281 4264
f 4265 4283 4281
f 4281 4283 4282
f 4284 4285 4256
f 4286 4285 4284
f 4280 4284 4256
f 4287 4284 4280
f 4286 4284 4287
f 4209 4288 4289
f 4288 4209 4212
f 4209 4290 4210
f 4289 4290 4209
f 4291 4156 4152
f 4292 4158 4156
f 4293 4292 4156
f 4291 4294 4156
f 4294 4293 4156
f 4295 4296 2020
f 4295 4297 4296
f 4295 2020 4298
f 4295 4298 4299
f 4295 4300 4297
f 4295 4299 4300
f 2016 4301 2017
f 2016 245 4301
f 2016 2443 245
f 2019 2443 2016
f 188 2249 4302
f 188 4302 191
f 4303 4304 4305
f 4306 4303 4305
f 4299 4304 4303
f 4306 3848 4303
f 4303 3848 4307
f 4299 4303 4307
f 244 4308 4301
f 244 4301 245
f 244 2998 4308
f 244 247 2998
f 4309 4310 4311
f 4309 4312 4310
f 4311 4310 4313
f 4313 4310 4314
f 4312 4315 4310
f 4315 4314 4310
f 4316 4317 4318
f 4316 4318 3000
f 4316 4319 4313
f 4316 3000 4319
f 4316 4313 4320
f 4316 4320 4317
f 4321 4322 4323
f 4322 4324 4323
f 4325 4321 4323
f 4325 4323 4326
f 4327 4323 4324
f 4326 4323 4327
f 4311 4319 4328
f 4319 3003 4328
f 4311 4328 4329
f 4325 4328 4330
f 4331 4330 4328
f 4325 4329 4328
f 4328 3003 4331
f 4332 4333 4334
f 4335 4334 4333
f 4336 4332 4334
f 4321 4330 4334
f 4330 4337 4334
f 4321 4334 4335
f 4336 4334 4337
f 3001 4338 4339
f 3001 4339 3002
f 4338 4340 4339
f 4337 4339 4340
f 4337 4331 4339
f 3002 4339 4331
f 249 4341 4338
f 2446 4341 249
f 4338 4341 4342
f 4343 4342 4341
f 4344 4341 2446
f 4343 4341 4344
f 4342 4345 4340
f 4346 4345 4342
f 4336 4340 4345
f 4347 4336 4345
f 4347 4345 4183
f 4183 4345 4346
f 4348 4349 4350
f 4348 834 4349
f 4351 4352 4349
f 4351 4349 834
f 4350 4349 4353
f 4352 4353 4349
f 4354 4355 4356
f 4353 4356 4355
f 4354 4356 4357
f 4358 4357 4356
f 4358 4356 4353
f 4359 2994 4360
f 2994 2996 4360
f 4359 4360 4361
f 4362 4361 4360
f 4363 4362 4360
f 2996 4363 4360
f 4364 4365 4366
f 4364 4367 4365
f 4364 4366 4368
f 4364 4369 4367
f 4364 4370 4369
f 4364 4368 4370
f 4371 4365 4372
f 4372 4365 4373
f 4363 4371 4372
f 4363 4372 4374
f 4374 4372 4375
f 4375 4372 4373
f 2997 252 4366
f 253 252 2997
f 252 4376 4366
f 252 251 4376
f 4377 4359 4378
f 4377 4378 4379
f 4380 4378 4359
f 4378 4381 4379
f 4378 4382 4381
f 4380 4382 4378
f 4383 4382 4384
f 4383 4384 4385
f 4383 4386 4381
f 4383 4381 4382
f 4383 4387 4386
f 4383 4385 4387
f 4388 254 4389
f 1855 4389 254
f 4388 4389 4390
f 4391 4389 1855
f 4391 4392 4389
f 4390 4389 4392
f 4388 4393 251
f 4388 4394 4393
f 4393 4376 251
f 4393 4368 4376
f 4393 4394 4395
f 4393 4395 4368
f 4396 4397 4398
f 4396 2471 4397
f 4396 4399 4400
f 4396 4386 4399
f 4396 4398 4386
f 4396 2469 2471
f 4396 4400 2469
f 4397 4401 4402
f 4397 2471 4401
f 4401 256 4402
f 4401 1851 256
f 4401 2471 2467
f 4401 2467 1851
f 4403 4404 4405
f 4406 4405 4404
f 4407 4403 4405
f 4407 4405 4408
f 4409 4405 4406
f 4408 4405 4409
f 4407 4410 4411
f 4411 4410 4412
f 4407 4413 4410
f 4414 4412 4410
f 4414 4410 4415
f 4415 4410 4413
f 4416 9 12
f 4417 4011 9
f 4416 4417 9
f 257 259 13
f 259 4418 13
f 259 4419 4418
f 259 260 4419
f 261 257 4420
f 257 14 4420
f 4421 261 4420
f 4421 4420 4422
f 4423 4420 14
f 4423 4422 4420
f 4424 262 4421
f 4424 4421 4425
f 4424 1827 262
f 4426 1827 4424
f 4426 4424 4427
f 4424 4425 4427
f 4428 3954 3953
f 3953 3955 4429
f 3953 4429 4430
f 4428 3953 4430
f 4431 3950 3954
f 4431 3954 4432
f 4431 4423 3950
f 4431 4432 4433
f 4431 4433 4434
f 4431 4434 4423
f 4435 4436 4437
f 4437 4436 4438
f 4435 4439 4436
f 4440 4436 4439
f 4438 4436 4440
f 4426 4441 1824
f 4426 4442 4441
f 4441 4443 1824
f 4444 4445 4441
f 4444 4441 4442
f 4445 4443 4441
f 4446 4447 4448
f 4449 4448 4447
f 4427 4450 4447
f 4442 4427 4447
f 4449 4447 4450
f 4446 4442 4447
f 4425 4451 4450
f 4425 4422 4451
f 4450 4451 4452
f 4451 4434 4453
f 4451 4422 4434
f 4451 4453 4452
f 4454 4455 32
f 4454 754 4455
f 4454 34 4456
f 4454 4456 4457
f 4454 32 34
f 4454 4457 754
f 4458 4456 4459
f 4458 4459 4460
f 4461 4456 4458
f 4458 4460 4462
f 4461 4458 4462
f 4463 4464 4465
f 4463 4465 3853
f 4463 4466 4467
f 4463 4467 4464
f 4463 4468 4466
f 4463 4469 4468
f 4463 3853 4469
f 4470 4468 4471
f 4470 4471 4472
f 4470 4473 4466
f 4474 4473 4470
f 4470 4466 4468
f 4474 4470 4472
f 4475 4476 4477
f 4475 4477 4478
f 4477 4467 4479
f 4478 4477 4479
f 4477 4480 4467
f 4476 4480 4477
f 4481 4479 4473
f 4482 4481 4473
f 4478 4479 4481
f 4483 4478 4481
f 4482 4483 4481
f 4484 4485 4486
f 4487 4486 4485
f 4484 4483 4485
f 4487 4485 4488
f 4482 4485 4483
f 4482 4488 4485
f 4489 4484 4486
f 4489 4486 4490
f 4487 4491 4486
f 4491 4490 4486
f 4492 4493 4312
f 4492 4488 4493
f 4312 4493 4315
f 4488 4474 4493
f 4474 4472 4493
f 4493 4472 4315
f 4494 4495 4496
f 4497 4496 4495
f 4492 4496 4491
f 4492 4494 4496
f 4491 4496 4498
f 4498 4496 4497
f 4499 4490 4500
f 4490 4501 4500
f 4502 4499 4500
f 4502 4500 4503
f 4504 4500 4501
f 4504 4503 4500
f 681 4505 4506
f 4507 4506 4505
f 4508 4506 4509
f 4507 4509 4506
f 681 4506 682
f 4508 682 4506
f 4510 4509 4511
f 4507 4511 4509
f 4512 4510 4511
f 4513 4511 4514
f 4515 4514 4511
f 4513 4512 4511
f 4507 4515 4511
f 4516 4517 4518
f 4519 4518 4517
f 4520 4508 4518
f 4521 4520 4518
f 4508 4516 4518
f 4521 4518 4519
f 4522 4523 683
f 4524 4522 683
f 4525 4523 4522
f 4524 4526 4522
f 4525 4522 4526
f 680 4527 4528
f 4528 4527 2314
f 680 4523 4527
f 4523 4529 4527
f 2314 4527 2320
f 2320 4527 4529
f 269 4530 4531
f 269 4532 4530
f 4531 4530 4533
f 4534 4530 4532
f 4534 4535 4530
f 4535 4533 4530
f 265 4536 4537
f 4537 4536 4538
f 265 4531 4536
f 4531 4539 4536
f 4536 4539 4540
f 4538 4536 4540
f 4541 4542 4543
f 2991 4542 4541
f 266 4537 4542
f 4537 4543 4542
f 266 4542 4544
f 2991 4544 4542
f 4545 4546 4547
f 4546 4548 4547
f 4545 4547 4549
f 4549 4547 4550
f 4551 4550 4547
f 4551 4547 4548
f 4545 2990 4546
f 4546 4552 4548
f 4546 2992 4552
f 4546 2990 2992
f 4553 1545 1544
f 4553 1544 4554
f 1544 4555 4554
f 1544 1546 4555
f 4541 4543 4556
f 4541 4556 4552
f 4541 4552 2992
f 2991 4541 2992
f 4557 4558 4559
f 4557 4560 4558
f 2986 2988 4558
f 2986 4558 4561
f 4558 2988 4559
f 4558 4560 4561
f 4562 4563 4564
f 4562 4564 4565
f 4562 4559 4566
f 4562 4567 4559
f 4562 4566 4563
f 4562 4565 4567
f 4557 4568 4569
f 4557 4567 4568
f 4557 4559 4567
f 4557 4569 4560
f 2986 4561 4570
f 2986 4570 2989
f 1147 2518 867
f 1147 867 811
f 4571 4572 4573
f 4571 4573 4574
f 4571 4575 4572
f 4571 4574 4576
f 4571 4576 4577
f 4571 4577 4575
f 4578 4579 4572
f 4578 4572 4580
f 4578 4581 4579
f 4578 4582 4581
f 4578 4583 4582
f 4578 4580 4583
f 4570 4561 4584
f 4570 4584 4581
f 4570 4581 268
f 4570 268 4544
f 4570 4544 2989
f 4585 271 4582
f 4585 4582 4583
f 4585 4586 271
f 4587 4586 4585
f 4587 4585 4588
f 4588 4585 4583
f 4589 270 4586
f 4590 4589 4586
f 4589 4532 270
f 4591 4592 4589
f 4592 4532 4589
f 4591 4589 4590
f 4593 30 29
f 4593 29 4594
f 29 4595 4596
f 29 32 4595
f 4594 29 4596
f 4597 4598 4599
f 327 4598 4597
f 4600 328 4597
f 4601 4600 4597
f 327 4597 328
f 4601 4597 4599
f 4593 4602 4603
f 4593 4604 4602
f 4593 4603 30
f 4593 4594 4604
f 4605 4606 275
f 4605 4603 4606
f 4605 35 30
f 4605 30 4603
f 4605 275 35
f 4607 3927 2484
f 4607 2484 4608
f 4607 4480 3927
f 4607 4464 4480
f 4607 4608 4609
f 4607 4609 4464
f 4475 4610 4476
f 4611 4610 4475
f 4612 4610 4613
f 4611 4613 4610
f 4610 3925 4476
f 4612 3925 4610
f 4606 273 275
f 4606 4614 273
f 4606 4615 4614
f 4606 4603 4615
f 3134 4616 3135
f 4616 4617 3135
f 4618 3137 3135
f 4618 3135 4617
f 4619 4620 4621
f 4622 4621 4620
f 4619 276 4620
f 4623 4620 276
f 4624 4622 4620
f 4624 4620 4623
f 4625 4626 4627
f 4627 4626 4628
f 4625 4629 4626
f 4417 4626 4629
f 4416 4628 4626
f 4416 4626 4417
f 4630 4631 4629
f 4629 4631 4632
f 4630 4633 4631
f 4631 4633 4634
f 4631 4634 4632
f 4635 4636 4637
f 4635 4638 4636
f 4635 4637 4639
f 4635 4639 4640
f 4635 4641 4638
f 4635 4640 4641
f 4636 4462 4637
f 4636 4638 4642
f 4636 4642 4643
f 4636 4643 4462
f 757 4644 781
f 757 4457 4644
f 4644 4645 781
f 4644 4457 4461
f 4644 4643 4645
f 4644 4461 4643
f 283 4646 284
f 284 4646 2488
f 283 4647 4646
f 2489 4646 1674
f 2489 2488 4646
f 4646 4647 1674
f 4648 4649 4650
f 1666 4650 4649
f 282 284 4649
f 1662 4649 284
f 4648 282 4649
f 1662 1666 4649
f 4651 4652 4653
f 4654 4652 4651
f 4651 4653 4655
f 4656 4654 4651
f 4656 4651 4648
f 4648 4651 4655
f 4657 281 280
f 282 4655 280
f 280 4655 4658
f 4657 280 4658
f 283 281 4659
f 281 4660 4661
f 281 4661 4659
f 4657 4660 281
f 1180 2698 2198
f 2699 2698 1180
f 1184 2699 1180
f 4662 4663 4664
f 4665 4662 4664
f 4662 4660 4663
f 4662 4661 4660
f 4666 4661 4662
f 4665 4666 4662
f 4663 4667 4668
f 4669 4668 4667
f 4663 4660 4667
f 4670 4669 4667
f 4657 4667 4660
f 4670 4667 4657
f 4553 4671 1545
f 4553 4672 4673
f 4553 4554 4672
f 4553 4673 4671
f 4674 4675 4676
f 4677 4676 4675
f 4674 4678 4675
f 4677 4675 4679
f 4680 4675 4678
f 4679 4675 4680
f 4674 4676 4666
f 4666 4676 4659
f 4676 4647 4659
f 4677 1675 4676
f 4676 1675 4647
f 286 4681 287
f 286 4682 4681
f 4683 287 4681
f 4682 4684 4681
f 4684 4683 4681
f 4683 4653 4652
f 4654 289 4652
f 287 4652 289
f 4683 4652 287
f 4683 4685 4653
f 4658 4653 4685
f 4684 4686 4685
f 4670 4685 4686
f 4684 4685 4683
f 4670 4658 4685
f 4684 4687 4688
f 4088 4688 4687
f 4682 4687 4684
f 4689 4687 4682
f 4689 4086 4687
f 4086 4088 4687
f 4690 4686 4688
f 4691 4690 4688
f 4684 4688 4686
f 4088 4691 4688
f 4658 4655 4653
f 4656 4648 4650
f 4656 4650 4692
f 1667 4692 4650
f 1667 4650 1666
f 4656 4693 4654
f 4694 4654 4693
f 4694 289 4654
f 4695 4696 4697
f 2122 4695 4697
f 4698 4696 4695
f 4698 4695 4699
f 3578 4699 4695
f 3578 4695 2122
f 4700 4701 4696
f 4700 4702 4701
f 4700 4696 4703
f 4700 4704 4702
f 4700 4703 4704
f 4705 4706 4707
f 4705 4707 4699
f 4707 4708 4703
f 4698 4707 4703
f 4709 4707 4706
f 4709 4708 4707
f 4698 4699 4707
f 4710 4711 4712
f 4710 4713 4711
f 4710 4712 4714
f 4710 4715 4713
f 4710 4714 4716
f 4710 4716 4715
f 4717 4718 4701
f 4717 4701 4702
f 4719 4718 4717
f 4719 4717 4720
f 4721 4720 4717
f 4721 4717 4702
f 4712 4711 4722
f 4723 4711 4713
f 4724 4722 4711
f 4724 4711 4723
f 4125 4725 4126
f 4725 4726 4126
f 4727 4126 4726
f 4128 4126 4727
f 4728 4517 4516
f 4729 4730 4517
f 4729 4517 4728
f 4730 4519 4517
f 4731 4732 4733
f 4732 4734 4733
f 4732 4521 4519
f 4732 4519 4734
f 4732 4735 4521
f 4731 4735 4732
f 4736 4737 4738
f 4736 4738 4739
f 4738 4740 4741
f 4738 4737 4740
f 4738 4741 1618
f 4738 1618 4739
f 4736 4742 4743
f 4736 4743 4744
f 4736 4744 4737
f 4736 4739 4742
f 294 4745 4746
f 294 4747 4745
f 4746 4745 4748
f 4749 4745 4747
f 4749 4748 4745
f 4746 4750 295
f 4746 4751 4750
f 295 4750 4752
f 4753 4752 4750
f 4750 4751 1517
f 4753 4750 1517
f 4754 4755 4756
f 4757 4756 4755
f 4752 4755 297
f 4752 4758 4755
f 297 4755 4754
f 4757 4755 4758
f 4754 4759 4760
f 4761 4759 4754
f 4760 4759 4762
f 4763 4762 4759
f 4764 4759 4761
f 4764 4763 4759
f 4760 4762 4765
f 4760 4765 298
f 4762 4766 4765
f 298 4765 4767
f 4765 4768 4767
f 4766 4768 4765
f 4769 4770 4771
f 4769 4772 4770
f 4769 4771 4773
f 4769 4773 1542
f 4769 1539 4772
f 4769 1542 1539
f 4774 4775 231
f 4774 231 4776
f 4774 4777 4775
f 4778 4777 4774
f 4774 4776 4779
f 4778 4774 4779
f 1484 4780 4781
f 4782 4781 4780
f 1484 4781 4783
f 4783 4781 4784
f 4782 4785 4781
f 4781 4785 4784
f 4786 4787 4788
f 4786 4788 4789
f 4786 4790 4787
f 4786 4791 4790
f 4786 4792 4791
f 4786 4789 4792
f 4793 4794 4795
f 4796 4795 4794
f 4797 4795 4798
f 4799 4798 4795
f 4793 4795 4797
f 4796 4799 4795
f 4800 4801 4802
f 4800 4803 4801
f 4800 4802 4804
f 4800 4805 4803
f 4800 4804 4805
f 4806 4807 4808
f 4807 4809 4808
f 4806 4808 4810
f 4811 4810 4808
f 4808 4812 4813
f 4811 4808 4813
f 4809 4812 4808
f 713 4814 714
f 714 4814 4810
f 714 4810 4815
f 714 4815 716
f 4816 4817 4818
f 4816 4819 4817
f 4818 4817 4820
f 4821 4820 4817
f 1582 4817 4819
f 1582 4821 4817
f 313 4822 4823
f 4824 4823 4822
f 335 4824 4822
f 336 335 4822
f 4825 4822 313
f 4825 336 4822
f 4826 4827 4824
f 4828 4827 4826
f 4829 4826 4830
f 4830 4826 4831
f 4829 4828 4826
f 4831 4826 4824
f 307 4601 308
f 307 4600 4601
f 4832 4600 307
f 4832 307 310
f 4833 4768 4834
f 4833 4834 4835
f 4836 4834 4768
f 4836 4837 4834
f 4837 4838 4834
f 4835 4834 4838
f 4839 4767 4833
f 4839 4833 4840
f 4839 299 4767
f 4839 4841 299
f 4839 3926 4841
f 4839 4840 3926
f 4842 4836 4766
f 4763 4842 4766
f 4843 4836 4842
f 4843 4842 4844
f 4845 4842 4763
f 4845 4844 4842
f 4837 4846 4847
f 324 4847 4846
f 4843 4846 4837
f 4843 4848 4846
f 4848 324 4846
f 4849 4850 4851
f 4851 4850 4852
f 4761 4849 4851
f 4853 4851 4852
f 4854 4851 4853
f 4854 4761 4851
f 4855 318 4758
f 4753 4855 4758
f 4855 4856 318
f 4857 4856 4855
f 1519 4857 4855
f 1519 4855 4753
f 4858 319 4856
f 4858 4856 4859
f 4858 4860 319
f 4858 4861 4860
f 4858 2514 4861
f 4858 4859 2514
f 4862 4863 4864
f 4862 4773 4863
f 4862 315 4860
f 4862 4860 1541
f 4862 4864 315
f 4862 1541 4773
f 322 4865 4866
f 4867 4865 322
f 4868 4866 4865
f 4867 1617 4865
f 4869 4865 1617
f 4868 4865 4869
f 320 4866 4870
f 4871 4870 4866
f 320 4870 4872
f 4872 4870 4873
f 4871 4873 4870
f 4874 325 4848
f 4844 4874 4848
f 4874 4875 325
f 4876 4875 4874
f 4876 4874 4877
f 4844 4877 4874
f 4875 4878 323
f 4875 4879 4878
f 323 4878 4867
f 4867 4878 1615
f 337 4878 4879
f 337 1615 4878
f 4880 4881 4882
f 4883 4882 4881
f 4881 4884 4885
f 4828 4881 4885
f 4880 4884 4881
f 4883 4881 4828
f 4886 4887 4888
f 4886 4889 4887
f 4886 4888 4890
f 4886 4890 4891
f 4886 4891 4889
f 4892 4893 4894
f 4894 4893 4895
f 4896 4892 4894
f 4897 4894 4895
f 4898 4894 4897
f 4898 4896 4894
f 4899 4900 4901
f 4809 4899 4901
f 4902 4903 4899
f 4903 4895 4899
f 4902 4899 4809
f 4895 4900 4899
f 4904 334 4905
f 4831 4904 4905
f 4905 334 4879
f 4876 4905 4879
f 4876 4906 4905
f 4831 4905 4906
f 4825 4820 4907
f 4907 4820 4821
f 4908 4825 4907
f 4909 4908 4907
f 4909 4907 4910
f 4907 4821 4910
f 4909 4911 4908
f 4908 4911 339
f 4909 4912 4911
f 339 4911 4913
f 4911 4914 4913
f 4911 4912 2504
f 4911 2504 4914
f 4915 4916 4917
f 4915 4918 4916
f 4915 4917 4919
f 2617 4915 4919
f 2617 4918 4915
f 4920 4921 4916
f 4922 4920 4916
f 4923 4921 4920
f 4924 4920 4922
f 4924 4923 4920
f 4925 4926 4927
f 4925 4927 344
f 4927 4928 345
f 4927 4929 4928
f 4927 4926 4929
f 344 4927 345
f 4930 4931 4932
f 4930 4932 4933
f 4924 4932 4931
f 4934 4932 4924
f 4934 4935 4932
f 4933 4932 4935
f 4936 342 4937
f 342 2542 4937
f 4937 4938 4936
f 4937 366 4938
f 4937 2542 366
f 340 4936 4939
f 4939 4936 4940
f 340 4939 4941
f 4942 4941 4939
f 4942 4939 2534
f 4939 4940 2534
f 4943 4944 4945
f 4946 4945 4944
f 4943 4947 4944
f 4944 4947 1461
f 4944 1461 1464
f 4946 4944 1464
f 4948 4949 4950
f 4948 4950 4946
f 4951 4952 4948
f 4951 4948 4946
f 4953 4949 4948
f 4953 4948 4952
f 4954 4955 4956
f 4949 4955 4954
f 4955 4957 4956
f 1918 4957 4955
f 4958 1918 4955
f 4958 4955 4949
f 4959 4960 4961
f 4959 4962 4960
f 4960 4956 4957
f 4960 4962 4956
f 4960 4957 379
f 4960 379 4961
f 4963 4964 4965
f 4963 4965 4962
f 4963 359 4964
f 4963 354 359
f 354 4963 2980
f 4963 4962 2983
f 4963 2983 2980
f 4966 812 4967
f 4966 4967 4968
f 4966 4969 1150
f 4966 1150 814
f 4966 4968 4969
f 4966 814 812
f 4970 4971 4972
f 2546 4971 4970
f 4973 4970 4972
f 1471 4970 4973
f 1471 1468 4970
f 1468 2546 4970
f 4974 360 4972
f 4974 4972 1458
f 358 360 4974
f 358 4974 4947
f 4947 4974 1458
f 2578 824 2343
f 2578 825 824
f 381 355 354
f 355 4975 357
f 355 3719 4975
f 4976 4977 4978
f 361 4978 4977
f 4976 4978 1478
f 361 364 4978
f 1478 4978 1477
f 4978 364 1477
f 4979 361 4977
f 4979 4977 386
f 4976 387 4977
f 386 4977 387
f 4979 362 361
f 4979 4980 362
f 4979 2978 4980
f 4979 386 2978
f 4981 4982 4980
f 4981 369 4982
f 4982 362 4980
f 4982 365 362
f 374 365 4982
f 374 4982 369
f 372 4983 4984
f 2536 4984 4983
f 372 4984 4985
f 4938 4984 4940
f 4938 4985 4984
f 2536 4940 4984
f 4981 4980 2981
f 4981 375 369
f 4981 4961 375
f 4981 2982 4961
f 4981 2981 2982
f 371 370 4986
f 377 4986 370
f 370 369 375
f 4959 4961 2982
f 4959 2982 2983
f 4959 2983 4962
f 378 4957 1917
f 4987 378 1917
f 378 379 4957
f 4987 380 378
f 4988 4987 4989
f 2458 4988 4989
f 377 380 4988
f 4988 380 4987
f 4990 377 4988
f 4990 4988 2458
f 371 4986 4991
f 4990 4986 377
f 4992 4991 4986
f 4990 4992 4986
f 385 381 2980
f 2978 386 385
f 4993 2527 384
f 4994 2527 4993
f 4976 4993 387
f 4976 1478 4993
f 387 4993 384
f 1478 4994 4993
f 4994 2528 2527
f 2527 3721 384
f 2527 2530 3721
f 1469 3717 3716
f 3717 4975 3719
f 4995 4975 3717
f 4995 3717 1469
f 606 607 4996
f 4997 4996 607
f 4998 607 608
f 4997 607 4998
f 390 4999 5000
f 5001 5000 4999
f 388 390 5000
f 388 5000 5002
f 5003 5002 5000
f 5001 5003 5000
f 5004 5005 5006
f 391 5005 5004
f 5007 5004 5006
f 391 5004 5008
f 5009 5008 5004
f 5009 5004 5007
f 5008 5010 393
f 5008 5011 5010
f 393 5010 5012
f 5010 5013 5012
f 5010 5014 5013
f 5010 5011 5014
f 5015 5016 5017
f 5018 5015 5017
f 5015 5019 5020
f 5015 5021 5019
f 5015 5020 5016
f 5018 5021 5015
f 5022 5023 5024
f 5025 5024 5023
f 5026 5023 5022
f 5027 5023 5026
f 5027 5028 5023
f 5025 5023 5028
f 5022 5024 5029
f 5029 5024 5030
f 5031 5030 5024
f 5031 5024 5025
f 5026 5032 5033
f 5032 5034 5033
f 5035 5026 5033
f 5036 5035 5033
f 5037 5033 5034
f 5037 5036 5033
f 5038 5039 5040
f 5041 5040 5039
f 5042 5039 5038
f 5041 5039 5043
f 5044 5039 5042
f 5044 5045 5039
f 5043 5039 5045
f 5035 5040 5046
f 5035 5038 5040
f 5047 5046 5040
f 5041 5047 5040
f 5035 5048 5038
f 5036 5048 5035
f 5042 5038 5048
f 5049 5050 5048
f 5049 5048 5036
f 5050 5042 5048
f 5051 5052 5053
f 5051 5053 5054
f 5051 5055 5052
f 5051 5056 5057
f 5051 5054 5056
f 5051 5057 5058
f 5051 5058 5055
f 5059 5060 5061
f 5059 5061 5062
f 5061 5060 5052
f 5063 5061 5052
f 5064 5061 5063
f 5064 5062 5061
f 5065 5066 2554
f 5065 5037 5066
f 5066 5067 5068
f 5066 5069 5067
f 5066 5068 2554
f 5066 5037 5069
f 5070 5060 5067
f 5070 5067 5071
f 5070 5053 5060
f 5070 5072 5053
f 5070 399 5072
f 5070 5071 399
f 558 1208 5073
f 558 5073 5074
f 560 558 5074
f 5071 5075 400
f 5069 5075 5071
f 5076 400 5075
f 5034 5077 5075
f 5076 5075 5077
f 5069 5034 5075
f 5022 5029 5078
f 5029 5079 5078
f 5032 5022 5078
f 5032 5078 5077
f 5080 5077 5078
f 5080 5078 5079
f 5081 401 5082
f 5081 5082 5083
f 5076 5080 5082
f 5084 5082 5080
f 401 5076 5082
f 5084 5083 5082
f 5065 2554 2558
f 5065 2558 5049
f 5065 5049 5036
f 5065 5036 5037
f 5085 5086 5020
f 5085 5020 5087
f 5088 5086 5085
f 5088 5085 5089
f 5089 5085 5087
f 5090 409 407
f 5090 407 5091
f 5090 5092 409
f 5090 5093 5092
f 5090 5094 5093
f 5090 5091 5094
f 402 413 403
f 405 403 5095
f 5095 403 5096
f 403 413 5096
f 5097 5098 5099
f 5097 5099 5100
f 402 5092 5099
f 5092 5100 5099
f 402 5099 413
f 5099 5098 410
f 5099 410 413
f 5097 5101 5098
f 5102 5101 5097
f 5103 5102 5097
f 5103 5097 5100
f 405 5104 408
f 405 5105 5104
f 5106 408 5104
f 5107 5104 5105
f 5107 5108 5104
f 5106 5104 5108
f 5109 5110 5111
f 5096 5111 5110
f 5112 5111 415
f 5096 415 5111
f 5113 5111 5112
f 5109 5111 5113
f 5109 5114 5110
f 5115 5110 5114
f 5105 5095 5110
f 5095 5096 5110
f 5115 5105 5110
f 1917 4957 1918
f 4987 1917 1919
f 5116 5117 5118
f 5117 5119 5118
f 5116 5118 5120
f 5120 5118 5121
f 5118 5122 5121
f 5119 5122 5118
f 5123 5124 5125
f 5125 5124 5126
f 5127 5124 5123
f 5116 5124 5127
f 5116 5120 5124
f 5124 5120 5126
f 5116 5127 5117
f 5127 5128 5117
f 5117 5129 5119
f 5117 5130 5129
f 5128 5130 5117
f 5131 4502 5132
f 5123 5132 4502
f 5131 5132 5133
f 5123 5125 5132
f 5125 5134 5132
f 5133 5132 5134
f 5135 5136 5137
f 5135 5137 5138
f 5131 5133 5137
f 5131 5137 5139
f 5133 5138 5137
f 5136 5139 5137
f 5140 5141 5142
f 5141 5143 5142
f 5140 5144 5141
f 5141 5145 5143
f 5141 5129 5145
f 5141 5144 5129
f 5146 5147 5148
f 5149 5148 5147
f 5150 5148 5151
f 5150 5152 5148
f 5151 5148 5149
f 5152 5146 5148
f 418 417 5153
f 5154 417 419
f 417 5155 5153
f 5154 5155 417
f 5156 5157 5153
f 5156 2417 5157
f 5157 5158 418
f 5157 418 5153
f 5157 5159 5158
f 5157 2417 5159
f 420 5158 5160
f 5161 5160 5158
f 420 5160 5162
f 5162 5160 5163
f 5161 5163 5160
f 5162 435 421
f 5162 438 435
f 421 435 5164
f 435 437 5164
f 12 13 5165
f 4416 12 5165
f 5166 422 5167
f 5166 419 422
f 5166 5167 5168
f 5166 5169 419
f 5166 425 5169
f 5166 5168 425
f 5170 5169 424
f 5170 424 5171
f 5170 5154 5169
f 5170 5172 5154
f 5170 5173 5172
f 5170 5171 5173
f 5174 5175 5176
f 5174 5176 5177
f 5174 5178 5175
f 5174 1242 5179
f 5174 5179 5180
f 5174 5177 1242
f 5174 5180 5178
f 5181 5182 5183
f 5181 5184 5182
f 5181 5183 5185
f 5181 5185 5175
f 5181 5175 5186
f 5181 5186 5184
f 5187 5188 5183
f 5187 5189 5188
f 5187 5183 5182
f 5187 5182 5190
f 5187 5191 5189
f 5187 5190 5191
f 5188 5192 5183
f 5188 5193 5192
f 5188 5189 5194
f 5193 5188 5195
f 5188 5194 5195
f 5196 5185 5192
f 5196 5192 5197
f 5196 5176 5185
f 5196 5198 5176
f 5196 5197 439
f 5196 439 5198
f 5199 5200 5201
f 5202 5199 5201
f 5191 5201 5200
f 5191 5203 5201
f 5203 5204 5201
f 5202 5201 5204
f 5205 5189 5200
f 5205 5200 5206
f 5205 5194 5189
f 5207 5205 5206
f 5207 5208 5205
f 5205 5208 5194
f 5209 5207 5210
f 5209 5210 5211
f 5212 5207 5209
f 5209 5211 5213
f 5212 5209 433
f 433 5209 5214
f 5209 5213 5214
f 5215 5168 5167
f 5215 5167 5216
f 5215 431 5168
f 5212 431 5215
f 5212 5215 5208
f 5215 5216 5217
f 5215 5217 5208
f 5218 437 5197
f 5218 5197 5193
f 5218 5164 437
f 5218 5219 5164
f 5218 5193 5219
f 438 5220 441
f 438 5163 5220
f 441 5220 5221
f 5221 5220 1454
f 1453 1454 5220
f 1453 5220 5163
f 5222 5223 5224
f 5222 4580 5223
f 1604 5222 5224
f 4588 5222 1604
f 4588 4583 5222
f 5222 4583 4580
f 5225 440 5226
f 5225 5226 5227
f 5225 5198 440
f 5225 5177 5198
f 5225 5227 1244
f 5225 1244 5177
f 5228 5229 5230
f 5231 5228 5230
f 5232 5229 5228
f 5232 5228 5233
f 5234 5233 5228
f 5234 5228 5231
f 5230 5229 5235
f 5236 5230 5235
f 5237 5230 5236
f 5237 5231 5230
f 5238 5239 5240
f 5151 5240 5239
f 5240 5235 5229
f 5238 5240 5229
f 5240 5149 5235
f 5151 5149 5240
f 5238 5229 5232
f 5241 5238 5232
f 5241 5232 5242
f 5232 5233 5242
f 5243 5241 5244
f 5241 5245 5244
f 5246 5243 5244
f 5246 5244 5247
f 5244 5245 5248
f 5244 5248 5247
f 5249 5250 5251
f 5249 5252 5250
f 5251 5250 5253
f 5250 5252 5254
f 5250 5254 5255
f 5250 5255 5253
f 5251 5256 5257
f 5258 5256 5251
f 5256 5259 5257
f 5256 5260 5259
f 5256 5261 5260
f 5258 5261 5256
f 5262 5259 5260
f 5262 5263 5259
f 5262 5260 2566
f 5262 2566 5264
f 5262 5264 443
f 5262 443 5263
f 5265 4551 5266
f 5265 5266 5267
f 5265 5268 5269
f 5265 5269 5270
f 5265 5267 5268
f 5265 4550 4551
f 5265 5270 4550
f 5271 5272 5273
f 5274 5272 5271
f 5275 5271 5273
f 5276 4414 5271
f 5274 5271 4414
f 5276 5271 5275
f 448 450 5277
f 5278 451 448
f 5278 448 5279
f 448 5277 5279
f 5280 5278 5281
f 5280 451 5278
f 5282 5280 5281
f 5282 5283 5280
f 5284 5285 5280
f 5280 5285 451
f 5284 5280 5283
f 4883 5286 4882
f 5286 5287 4882
f 4883 5288 5286
f 5286 5289 5287
f 5286 5290 5289
f 5286 5288 5290
f 5291 5292 5293
f 5291 5293 5279
f 5291 5294 5295
f 5291 5295 5292
f 5291 5296 5294
f 5291 5279 5296
f 5297 5296 5298
f 5296 5277 5298
f 5299 5297 5298
f 5299 5298 5045
f 5300 5298 5277
f 5300 5045 5298
f 5301 5302 5295
f 5301 5303 5302
f 5295 5302 5304
f 5305 5304 5302
f 5305 5302 4122
f 5302 5303 4122
f 5306 5301 5294
f 5306 5303 5301
f 5297 5306 5294
f 5307 5306 5297
f 5308 5303 5306
f 5308 5306 5307
f 5309 5310 5311
f 5312 5311 5310
f 5309 5313 5310
f 5313 5314 5310
f 5315 5312 5310
f 5315 5310 5316
f 5310 5314 5316
f 5317 5309 5311
f 5317 5311 5318
f 5312 5319 5311
f 5319 5318 5311
f 4725 5320 4726
f 4726 5320 5321
f 4725 5322 5320
f 5322 5323 5320
f 5324 5321 5320
f 5324 5320 5323
f 5325 5326 5327
f 5325 5327 5328
f 5326 5314 5327
f 5329 5327 5330
f 5329 5328 5327
f 5330 5327 5314
f 4640 5331 4641
f 4641 5331 5326
f 5332 5331 4640
f 5326 5331 5316
f 5332 5333 5331
f 5333 5316 5331
f 5334 5335 5336
f 4642 5334 5336
f 5334 4638 5325
f 5334 5325 5337
f 4642 4638 5334
f 5334 5337 5335
f 5338 5339 5309
f 5340 5339 5338
f 5309 5339 5313
f 5313 5339 5330
f 5341 5330 5339
f 5340 5341 5339
f 390 5342 4999
f 5341 4999 5329
f 5001 4999 5341
f 5342 5329 4999
f 5312 5343 5344
f 5315 5343 5312
f 5344 5343 4797
f 4797 5343 5345
f 5346 5345 5343
f 5346 5343 5315
f 5347 5348 5349
f 5350 5349 5348
f 5347 5349 5333
f 5349 5315 5333
f 5350 5346 5349
f 5349 5346 5315
f 5351 5348 5347
f 5351 5352 5348
f 4731 5350 5348
f 4731 5348 5352
f 4733 4793 5345
f 5350 4733 5345
f 4733 4734 4793
f 4731 4733 5350
f 5353 5354 5355
f 5356 5354 5353
f 5355 5354 5357
f 5358 5357 5354
f 5359 5358 5354
f 5359 5354 5356
f 5360 5361 5362
f 5363 5360 5362
f 5364 5362 5361
f 5363 5362 5365
f 5365 5362 5366
f 5364 5366 5362
f 2967 5367 5368
f 5369 5368 5367
f 5370 5367 2967
f 5370 5371 5367
f 5371 2531 5367
f 2531 5369 5367
f 5368 5372 2968
f 5368 5373 5372
f 5374 2968 5372
f 5374 5372 5375
f 5375 5372 1098
f 1098 5372 5373
f 5370 2970 5376
f 5377 5376 2970
f 5370 5376 5378
f 5378 5376 1250
f 5376 5379 1250
f 5377 5379 5376
f 5380 5381 5374
f 5380 1109 5381
f 5374 5381 2969
f 5382 5381 1109
f 5382 5383 5381
f 5383 2969 5381
f 5380 5375 5384
f 5380 5384 1110
f 5375 1097 5384
f 1108 1110 5384
f 5385 5384 1097
f 3304 5384 5385
f 3304 1108 5384
f 5386 5387 5388
f 5386 5388 5389
f 5388 5387 1130
f 5388 5390 5389
f 5388 5391 5390
f 5388 1130 5391
f 2810 5392 5393
f 2810 2813 5392
f 1882 2810 5393
f 1882 2811 2810
f 5394 1127 5395
f 5394 5395 2971
f 5395 5387 5396
f 5395 5396 5377
f 5395 1129 5387
f 5395 1127 1129
f 2971 5395 5377
f 5397 5383 5398
f 5397 5398 5399
f 2973 5383 5397
f 5397 5399 5400
f 5397 5400 5401
f 2973 5397 5401
f 5382 5402 5398
f 5398 5402 5403
f 5382 1111 5402
f 5404 5403 5402
f 5405 5402 1111
f 5404 5402 5405
f 5394 5401 5400
f 5394 2972 5401
f 5394 5400 5406
f 5394 5406 1127
f 5394 2971 2972
f 5407 5406 5408
f 5407 5408 5409
f 5410 5408 5399
f 5410 5409 5408
f 5408 5400 5399
f 5408 5406 5400
f 1125 5406 5407
f 1125 5407 5411
f 5407 5409 5412
f 5407 5412 5411
f 5413 1248 5414
f 5413 5414 5389
f 5413 5415 1248
f 5413 5416 5417
f 5413 5417 5415
f 5413 5389 5416
f 5418 5419 5420
f 5418 5420 5421
f 5422 5420 5423
f 5422 5424 5420
f 5420 5419 5423
f 5420 5424 5421
f 5425 5418 5426
f 5425 5419 5418
f 5427 5426 5418
f 5427 5418 5421
f 5428 5429 4996
f 5429 2704 4996
f 5430 5431 5429
f 2706 5429 5431
f 5430 5429 5428
f 2706 2704 5429
f 4051 5432 5433
f 5434 4051 5433
f 5425 5435 5433
f 5425 5433 5432
f 5436 5433 5435
f 5434 5433 5436
f 4051 4052 5432
f 5437 4052 1944
f 4052 5423 5432
f 5437 5423 4052
f 5438 5439 5440
f 5439 5441 5440
f 5442 5443 5439
f 5439 5443 5441
f 5444 5439 5438
f 5442 5439 5444
f 5445 5446 5447
f 5445 5448 5446
f 5446 4452 5447
f 5446 4449 4452
f 5446 5448 1068
f 5446 1068 4449
f 5445 5447 5449
f 5445 5450 5448
f 5445 5451 5450
f 5445 5449 5451
f 1051 5452 1052
f 1051 5453 5452
f 1051 1054 5453
f 5454 5455 5456
f 5454 5457 5455
f 5454 5456 5458
f 5454 5459 5457
f 5454 5460 5459
f 5454 5458 5460
f 5461 5462 5463
f 5462 5464 5463
f 458 5463 5464
f 458 5465 5463
f 5461 5463 5466
f 5466 5463 5465
f 5467 5459 5460
f 5467 5465 5459
f 5467 5460 5468
f 5467 5469 5470
f 5467 5470 5465
f 5467 5468 5469
f 5471 5472 5456
f 5471 5473 5472
f 5471 5455 5452
f 5471 5452 5474
f 5471 5456 5455
f 5471 5474 5473
f 5475 5476 5477
f 5477 5476 5478
f 5475 5479 5476
f 5479 5480 5476
f 5480 5481 5476
f 5476 5481 5478
f 5475 5477 5482
f 5482 5477 5483
f 5483 5477 5484
f 5477 5478 5484
f 5485 5486 5487
f 5487 5486 5488
f 5487 5489 5490
f 5491 5487 5490
f 5487 5488 5489
f 5485 5487 5491
f 5492 5493 5470
f 5492 5494 5493
f 5470 5493 5466
f 5480 5493 5494
f 5480 5495 5493
f 5466 5493 5495
f 5496 5497 5498
f 5499 5498 5497
f 5479 5496 5498
f 5479 5498 5495
f 5499 5461 5498
f 5461 5495 5498
f 5496 5500 5497
f 5497 5500 2569
f 5501 5502 5500
f 5500 5502 2567
f 5501 5500 5496
f 5500 2567 2569
f 5499 5497 5503
f 5497 2569 5503
f 5499 5462 5461
f 5499 5503 5462
f 5504 5464 5462
f 5504 5462 5503
f 5505 5506 5507
f 5505 5507 5508
f 5507 3701 3697
f 5507 5506 3701
f 5507 3697 5509
f 5508 5507 5509
f 5510 3700 3701
f 5510 3701 5511
f 5510 5512 3700
f 5510 5513 5512
f 5510 4324 5513
f 5510 5511 4324
f 5514 5515 5516
f 5514 5517 5515
f 5514 2092 5517
f 5514 5518 2092
f 5514 5516 5519
f 5514 5519 5520
f 5514 5520 5518
f 3696 3699 5521
f 3696 5521 5522
f 3699 5523 5521
f 5523 5524 5521
f 5524 5525 5521
f 5522 5521 5525
f 5526 3699 3702
f 5526 3702 5527
f 5526 5528 3699
f 5526 5529 5528
f 5526 5527 5529
f 3696 5530 3697
f 3696 5522 5530
f 2560 5527 5531
f 2560 5531 5532
f 2560 2562 5527
f 2560 5532 5533
f 2560 5533 2563
f 5534 5535 5536
f 5534 191 5535
f 5537 5538 5535
f 5537 5535 191
f 5535 5538 5539
f 5535 5539 5536
f 5531 3700 5512
f 5531 5512 5532
f 5531 3702 3700
f 5531 5527 3702
f 5540 5361 5541
f 5542 5540 5541
f 5543 5361 5540
f 5544 5540 5542
f 5544 5545 5540
f 5543 5540 5545
f 5546 464 5547
f 5546 5547 966
f 5548 5547 5549
f 5548 963 5547
f 5549 5547 464
f 5547 963 966
f 5546 462 464
f 5546 2592 462
f 5546 966 2593
f 5546 2593 2592
f 466 462 5550
f 5551 5550 462
f 5552 466 5550
f 5552 5550 5553
f 5554 5553 5550
f 5554 5550 5551
f 467 5552 5555
f 5552 5556 5555
f 467 5555 5557
f 5555 5558 5557
f 5555 5559 5558
f 482 5559 5555
f 482 5555 5556
f 5557 5560 468
f 5561 5560 5557
f 468 5560 5562
f 5560 5563 5562
f 5560 2961 5563
f 5561 2961 5560
f 5564 465 5562
f 5564 5562 5565
f 5549 465 5564
f 5566 5549 5564
f 5564 5565 502
f 5566 5564 502
f 5567 5568 5569
f 5570 5569 5568
f 1404 5568 5567
f 5571 5568 1404
f 5571 4565 5568
f 5570 5568 4565
f 5572 5569 5573
f 5569 5574 5573
f 5572 5567 5569
f 5575 5574 5569
f 5575 5569 5570
f 5576 5572 5573
f 5573 5574 5577
f 2964 5573 5577
f 2964 5576 5573
f 5578 5579 5572
f 5580 5579 5578
f 5572 5579 5567
f 5567 5579 1403
f 499 5579 5580
f 499 1403 5579
f 5581 492 491
f 5582 492 5583
f 5582 493 492
f 5581 5583 492
f 477 5584 5585
f 5584 5586 5585
f 477 479 5584
f 5584 479 5587
f 5584 5588 5586
f 5584 5587 5588
f 5589 477 5585
f 5589 5585 5590
f 5585 5586 5591
f 5585 5591 5592
f 5585 5592 5590
f 5593 5594 5595
f 5593 5595 971
f 5595 478 5589
f 5595 5589 968
f 5595 5594 478
f 5595 968 971
f 5596 478 5594
f 5596 480 478
f 5596 5594 505
f 5596 5597 480
f 5596 5598 5597
f 5596 505 5598
f 5599 5597 5600
f 5601 5600 5597
f 5602 5599 5600
f 2958 5600 5601
f 2958 5602 5600
f 481 5599 5603
f 5599 494 5603
f 481 5603 479
f 479 5603 5604
f 495 5603 494
f 5604 5603 495
f 5559 484 5605
f 5605 484 5580
f 482 484 5559
f 5580 484 485
f 5605 5606 5607
f 5608 5607 5606
f 5559 5605 5607
f 5559 5607 5558
f 5558 5607 5561
f 5608 5561 5607
f 5556 5609 486
f 5556 5553 5609
f 486 5609 5610
f 5610 5609 959
f 958 959 5609
f 958 5609 5553
f 5611 5610 5612
f 5611 5612 2583
f 5611 487 5610
f 5611 5613 487
f 5614 5613 5611
f 5614 5611 2583
f 5602 491 494
f 5602 2962 491
f 5581 491 2962
f 5615 493 5582
f 5616 5615 5582
f 5615 5617 493
f 5615 5618 5617
f 5619 5618 5615
f 5616 5619 5615
f 5620 496 5617
f 5620 5617 5621
f 5620 5622 496
f 5620 5623 5622
f 5620 5621 5623
f 5624 5604 5622
f 5624 5622 5625
f 5624 5587 5604
f 5624 5626 5587
f 5627 5626 5624
f 5627 5624 5625
f 5605 5578 5606
f 5576 5606 5578
f 5576 5578 5572
f 5605 5580 5578
f 5628 488 5613
f 5628 5613 5629
f 5628 489 488
f 498 489 5628
f 498 5628 5630
f 5628 5631 5630
f 5628 5629 5631
f 5632 5633 5583
f 5632 5583 5581
f 5632 5577 5634
f 5632 2963 5577
f 5632 5634 5633
f 5632 5581 2963
f 503 5565 5635
f 5635 5565 5563
f 5598 503 5635
f 5598 5635 5601
f 5635 5563 2959
f 5635 2959 5601
f 5636 506 5593
f 972 5636 5593
f 5593 506 5594
f 972 5593 971
f 507 506 5636
f 507 5636 5637
f 972 2576 5636
f 5636 2576 5637
f 5566 5548 5549
f 504 5638 5548
f 5638 960 5548
f 5566 504 5548
f 5548 960 963
f 508 5639 509
f 508 5640 5639
f 5641 5640 508
f 5641 508 511
f 517 516 2500
f 2498 516 518
f 2498 5642 5643
f 5642 5644 5643
f 2498 5643 2502
f 5644 5645 5643
f 5645 5646 5643
f 2502 5643 5646
f 5647 950 5648
f 5359 5647 5648
f 520 950 5647
f 5642 520 5647
f 5642 5647 5356
f 5359 5356 5647
f 5649 5650 5651
f 4796 5650 5649
f 5649 5651 5652
f 5653 5649 5652
f 4796 5649 4799
f 5653 4799 5649
f 5654 5650 5655
f 5654 5655 5656
f 5654 5657 5544
f 5654 5656 5657
f 5654 5544 5651
f 5654 5651 5650
f 5655 5650 5658
f 5659 5655 5660
f 5659 5656 5655
f 5660 5655 5658
f 5661 5662 5663
f 5661 5663 5664
f 5665 5666 5661
f 5665 5661 5664
f 5667 5662 5661
f 5667 5661 5666
f 5668 5669 5670
f 5671 5668 5670
f 5670 5669 5672
f 5667 5670 5672
f 5673 5670 5667
f 5673 5671 5670
f 5674 5675 5669
f 5674 5669 5676
f 5674 5676 5677
f 5674 5677 5678
f 5679 5675 5674
f 5679 5674 5678
f 5680 526 5681
f 528 5681 526
f 5682 5681 528
f 5682 5683 5681
f 5680 5681 5684
f 547 5684 5681
f 5683 547 5681
f 1021 2603 461
f 5685 5686 5687
f 5685 5688 5686
f 5685 5689 5690
f 5685 5690 5688
f 5685 5691 5689
f 5685 5687 5691
f 5692 5693 5694
f 5694 5693 5695
f 5692 5694 5696
f 5694 5695 5697
f 5694 5697 5698
f 5694 5698 5696
f 5692 5699 530
f 5700 5699 5692
f 530 5699 5701
f 5702 5701 5699
f 5703 5699 5700
f 5702 5699 5703
f 5701 5704 533
f 5705 5704 5701
f 533 5704 5706
f 5707 5706 5704
f 566 5707 5704
f 566 5704 5705
f 5708 534 5706
f 5709 5708 5706
f 5708 5710 534
f 5711 5710 5708
f 5709 2956 5708
f 5711 5708 2956
f 5710 5712 532
f 5710 5713 5712
f 532 5712 5714
f 5714 5712 5715
f 540 5712 5713
f 540 5715 5712
f 5716 537 536
f 538 871 536
f 871 5717 536
f 5717 5716 536
f 5718 5719 5720
f 5718 5720 5721
f 537 5718 539
f 5722 5718 537
f 5718 5721 539
f 5722 5719 5718
f 5713 5723 541
f 5711 5723 5713
f 5723 5724 541
f 5723 5725 5724
f 5711 2957 5723
f 5725 5723 2957
f 1025 5726 1024
f 2622 1024 5726
f 5727 5728 5729
f 5727 5729 5730
f 5727 554 5728
f 5731 554 5727
f 5731 5727 5732
f 5727 5730 5732
f 5733 5734 5735
f 5736 5735 5734
f 5729 5734 5733
f 5729 5737 5734
f 5737 5736 5734
f 5738 5739 5740
f 5740 5739 5741
f 5738 5742 5739
f 5742 5743 5739
f 5744 5739 5743
f 5739 5744 5678
f 5739 5678 5741
f 5745 5746 5747
f 5748 5746 5745
f 5749 5750 5746
f 5748 5749 5746
f 5751 5746 5750
f 5751 5747 5746
f 5752 5753 5754
f 5753 549 5754
f 5755 546 5753
f 5753 546 549
f 5752 5756 5753
f 5755 5753 5756
f 5757 5758 5728
f 5757 2954 5758
f 5757 550 5759
f 5757 5759 5725
f 5757 5728 550
f 5757 5725 2954
f 5760 5761 5762
f 5762 5761 5763
f 5762 5764 5755
f 5762 5755 5756
f 5762 5763 5764
f 5760 5762 5756
f 5765 555 5766
f 5765 5766 5763
f 5765 5767 555
f 5765 5768 5767
f 5765 5763 5769
f 5765 5769 5768
f 5770 5771 5772
f 5770 868 5771
f 5770 552 553
f 5770 5772 552
f 5770 553 5767
f 5770 5767 5773
f 5770 5773 868
f 5774 5775 5776
f 5774 5776 5777
f 5774 5778 5779
f 5774 5779 5775
f 5774 5780 5778
f 5774 5777 5780
f 5779 5781 5775
f 5782 5781 5779
f 5783 5784 5781
f 5781 5784 5785
f 5783 5781 5782
f 5781 5785 5775
f 5786 5787 5788
f 5789 5787 5786
f 5790 5788 5787
f 5790 5787 5791
f 5787 5792 5793
f 5791 5787 5793
f 5789 5792 5787
f 5794 5795 5796
f 5794 5796 5797
f 5798 5796 5799
f 5798 5797 5796
f 5796 5795 5800
f 5796 5800 5799
f 5801 564 5802
f 564 5803 5802
f 5801 5802 5804
f 5802 5803 5805
f 5802 5805 5806
f 5802 5806 5804
f 5807 5808 5809
f 2955 5808 5807
f 562 5801 5808
f 5801 5809 5808
f 5707 562 5808
f 5707 5808 5709
f 5709 5808 2955
f 5705 5810 567
f 5702 5810 5705
f 567 5810 5811
f 5812 5811 5810
f 5813 5812 5810
f 5813 5810 5702
f 5811 5814 568
f 5811 5815 5814
f 568 5814 5816
f 5816 5814 5817
f 5815 2595 5814
f 5814 2595 5817
f 5818 5819 5820
f 5819 5821 5820
f 5816 5820 565
f 5816 5818 5820
f 565 5820 5803
f 5820 5821 5803
f 5822 5823 5824
f 1818 5824 5823
f 5825 5823 5822
f 5826 5823 5827
f 5825 5827 5823
f 1818 5823 5826
f 5828 5829 5830
f 5831 5828 5830
f 1817 5830 5824
f 1817 5832 5830
f 5829 5824 5830
f 5831 5830 5832
f 5833 5822 5829
f 5833 5829 5834
f 5833 2618 5822
f 2614 2618 5833
f 2614 5833 2946
f 5833 5834 2946
f 5835 5836 5828
f 5836 2948 5828
f 5828 5834 5829
f 5835 5828 5831
f 5828 2948 5834
f 1818 1817 5824
f 1819 5832 1817
f 5837 5838 5839
f 5837 5840 5838
f 5838 5841 5842
f 5839 5838 5842
f 5838 4935 5841
f 5838 5840 4935
f 5843 5844 5845
f 5843 5845 5846
f 5847 5844 5843
f 5843 5846 5848
f 2947 5843 5848
f 2947 5847 5843
f 5849 5844 5850
f 5849 5850 5851
f 5852 5850 5844
f 5851 5850 5853
f 5852 5853 5850
f 5854 5855 5842
f 5856 5855 5854
f 5857 5854 5858
f 5857 5856 5854
f 5858 5854 5851
f 5851 5854 5842
f 5858 5859 5860
f 5861 5860 5859
f 5858 5853 5859
f 5859 5853 5862
f 571 5859 5862
f 5861 5859 571
f 5852 5863 5862
f 5852 5847 5863
f 573 5862 5863
f 573 5863 5864
f 5864 5863 5865
f 5865 5863 2950
f 5863 5847 2950
f 2945 5848 5866
f 2945 5866 2615
f 2947 5848 2945
f 2945 2615 2614
f 2945 2614 2946
f 5867 5868 5836
f 5868 5865 5836
f 5867 5836 5835
f 5836 5865 2949
f 5836 2949 2948
f 5864 5868 574
f 5864 5865 5868
f 5869 574 5868
f 5869 5868 5867
f 5698 1175 1174
f 1176 5870 1174
f 5871 1174 5870
f 5698 1174 5871
f 5697 5872 1175
f 1179 1175 5872
f 5873 5874 5872
f 5875 5872 5874
f 5873 5872 5697
f 1179 5872 5875
f 5873 5720 5874
f 5876 5874 5720
f 5873 5721 5720
f 5719 5876 5720
f 5877 5878 5879
f 5877 5880 5878
f 5878 5881 5879
f 5878 5882 5881
f 5878 5883 5882
f 5880 5883 5878
f 5884 5885 5886
f 5887 5886 5885
f 5877 5888 5886
f 5877 5886 5889
f 5884 5886 5888
f 5887 5889 5886
f 5890 5879 5891
f 5890 5888 5879
f 5890 5891 5892
f 5890 5892 5893
f 5890 5894 5888
f 5890 5893 5894
f 5895 5896 5891
f 5895 5891 5881
f 5897 5896 5895
f 5895 5881 5898
f 5899 5897 5895
f 5899 5895 5898
f 5900 5885 5884
f 5900 5901 5885
f 5901 5902 5885
f 5887 5885 5902
f 577 5903 5904
f 5905 5904 5903
f 576 5903 577
f 5906 5903 576
f 5906 5907 5903
f 5907 5905 5903
f 5908 577 5904
f 5908 5904 5909
f 5909 5904 2572
f 5905 2572 5904
f 5908 5910 580
f 5908 5911 5910
f 580 5910 5912
f 5912 5910 5913
f 5914 5910 5911
f 5914 5913 5910
f 5912 5915 581
f 5912 5916 5915
f 581 5915 5917
f 5917 5915 5918
f 5915 5919 5918
f 5915 5916 5919
f 5920 5921 5922
f 5920 5922 5923
f 5917 5922 582
f 5917 5924 5922
f 582 5922 5921
f 5924 5923 5922
f 5921 5925 579
f 5921 5926 5925
f 579 5925 5927
f 5925 5928 5927
f 5926 5928 5925
f 5929 5930 5931
f 5929 5932 5930
f 5933 5930 5934
f 5933 5931 5930
f 5935 5934 5930
f 5932 5935 5930
f 5934 5936 5937
f 5938 5936 5934
f 5936 5918 5937
f 5924 5918 5936
f 5938 2940 5936
f 2940 5924 5936
f 5933 5939 5940
f 5941 5940 5939
f 5933 5937 5939
f 5939 5937 5919
f 5939 5919 5942
f 5941 5939 5942
f 5933 5940 5931
f 5940 5943 5931
f 5944 5943 5940
f 5944 5940 5941
f 584 5945 5946
f 5947 5945 584
f 5946 5945 5948
f 5947 5949 5945
f 819 5948 5945
f 5949 819 5945
f 5946 5950 585
f 5946 5951 5950
f 585 5950 5952
f 5953 5952 5950
f 5953 5950 2629
f 2629 5950 5951
f 587 5952 5954
f 5952 5955 5954
f 5956 587 5954
f 5956 5954 5957
f 5954 5955 5958
f 5954 5958 5957
f 589 588 5959
f 5960 5959 588
f 589 5959 5961
f 5962 5961 5959
f 5962 5959 5960
f 589 5961 5963
f 5964 5963 5961
f 5965 589 5963
f 5966 5965 5963
f 5964 2941 5963
f 5966 5963 2941
f 586 5965 5967
f 5968 5967 5965
f 5947 586 5967
f 5947 5967 5969
f 600 5969 5967
f 5968 600 5967
f 5970 5971 5972
f 5972 5971 5973
f 5974 5975 5972
f 5974 5972 5976
f 5975 5977 5972
f 5970 5972 5977
f 5976 5972 5973
f 5974 5978 5979
f 5974 5979 5975
f 5978 5980 5979
f 5981 5979 5980
f 5975 5979 5982
f 5981 5982 5979
f 4125 4129 4135
f 4125 4135 4725
f 4135 5322 4725
f 4135 4137 5322
f 5983 5984 5985
f 5983 5985 5986
f 5985 5984 5987
f 5985 5988 5986
f 5985 5987 5989
f 5985 5989 5988
f 5990 5991 5992
f 5993 5992 5991
f 5994 5991 5990
f 5995 5996 5991
f 5993 5991 5996
f 5994 5995 5991
f 597 625 5997
f 597 5998 625
f 5997 625 624
f 5999 625 5998
f 5999 626 625
f 5997 6000 598
f 6001 6000 5997
f 598 6000 5969
f 5949 5969 6000
f 6001 817 6000
f 5949 6000 817
f 5968 6002 601
f 5968 5966 6002
f 601 6002 6003
f 6003 6002 6004
f 2943 6004 6002
f 2943 6002 5966
f 6003 6005 599
f 6003 6006 6005
f 599 6005 6007
f 6008 6007 6005
f 6006 6009 6005
f 6008 6005 6009
f 5978 6010 6011
f 6011 6010 6012
f 5974 6010 5978
f 5974 5976 6010
f 6013 6010 5976
f 6013 6012 6010
f 6014 6015 6016
f 6015 6017 6016
f 6014 6016 6018
f 6019 6018 6016
f 6020 6016 6017
f 5990 6019 6016
f 6020 5990 6016
f 6021 6022 6023
f 6021 6024 6022
f 6025 6022 6024
f 6025 6026 6022
f 6023 6022 6027
f 6026 6027 6022
f 6028 6029 6030
f 6029 6031 6030
f 6030 6032 6033
f 6030 6031 6032
f 6028 6030 6034
f 6030 6033 6034
f 6035 6036 6006
f 6004 6035 6006
f 6035 5935 6036
f 5938 5935 6035
f 6004 2942 6035
f 5938 6035 2942
f 5929 5931 6037
f 5929 6038 5932
f 5929 6039 6038
f 5929 6037 6039
f 6036 6040 6009
f 6041 6009 6040
f 5932 6040 6036
f 5932 6038 6040
f 6041 6040 6042
f 6038 6042 6040
f 6008 6043 6007
f 6043 5998 6007
f 6041 6043 6008
f 6041 6044 6043
f 6045 5998 6043
f 6045 6043 6044
f 6046 6047 6048
f 6046 6049 6047
f 6050 6051 6047
f 6050 6047 6052
f 6047 6051 6048
f 6047 6049 6052
f 6050 6053 6054
f 6050 6055 6053
f 6054 6053 6056
f 6056 6053 6057
f 6058 6057 6053
f 6055 6058 6053
f 6059 6060 6061
f 6060 6059 6062
f 6063 6059 6061
f 6064 6065 6059
f 6065 6062 6059
f 6064 6059 6063
f 6060 6066 6067
f 6068 6067 6066
f 6067 6069 6070
f 6067 6071 6069
f 6067 6070 6061
f 6067 6061 6060
f 6068 6071 6067
f 6072 6073 6070
f 6074 6073 6072
f 6073 6063 6070
f 6075 6073 6074
f 6075 6076 6073
f 6076 6063 6073
f 6077 6074 6078
f 6074 6079 6078
f 6077 6078 6080
f 784 6078 786
f 784 6081 6078
f 786 6078 6079
f 6080 6078 6081
f 6082 3646 3645
f 6083 3646 6082
f 6083 2598 3646
f 3646 2598 3647
f 6084 6085 6086
f 6087 6086 6085
f 6088 6085 6084
f 6089 6085 6088
f 6089 6090 6085
f 6090 6087 6085
f 6091 6092 3649
f 3649 6092 6049
f 6091 6093 6092
f 6092 6093 6055
f 6092 6052 6049
f 6092 6055 6052
f 6046 6048 6094
f 6046 3645 6049
f 6046 6095 3645
f 6046 6094 6095
f 6096 6097 6093
f 6093 6097 6058
f 6096 6098 6097
f 6099 6097 6098
f 6100 6097 6099
f 6100 6058 6097
f 6101 6096 6102
f 6103 6101 6102
f 6101 6104 6096
f 5703 6104 6101
f 5813 5703 6101
f 5813 6101 6103
f 6104 6105 6098
f 5700 6105 6104
f 6098 6105 6106
f 5871 6106 6105
f 5700 5696 6105
f 5696 5871 6105
f 3235 3262 6107
f 696 6107 3262
f 696 3262 6108
f 701 6108 3262
f 6065 6109 6110
f 6111 6110 6109
f 6112 6065 6110
f 6112 6110 6113
f 6113 6110 6114
f 6111 6114 6110
f 6115 6116 6117
f 6118 6116 6115
f 6115 6064 6063
f 6076 6115 6063
f 6115 6117 6064
f 6076 6118 6115
f 4290 6119 4210
f 6119 4290 6120
f 6119 6121 4210
f 6120 6122 6119
f 4294 6119 6122
f 6119 4294 6121
f 6123 6124 6116
f 6125 6123 6116
f 6124 6117 6116
f 6125 6116 6118
f 6126 3235 6107
f 6127 6107 696
f 6127 6126 6107
f 6128 6129 6130
f 6128 2647 6129
f 6128 6130 1156
f 6128 1156 6131
f 6128 6131 6132
f 6128 6132 2647
f 6133 6134 6129
f 2646 6133 6129
f 6135 6134 6133
f 6135 6133 2327
f 2327 6133 6136
f 2646 6136 6133
f 6137 6138 6139
f 6140 6138 6137
f 6137 6139 6134
f 6141 6137 6134
f 6142 6140 6137
f 6143 6142 6137
f 6143 6137 6141
f 6138 6130 6139
f 6138 1157 6130
f 6140 6144 6138
f 6138 6144 1157
f 6145 6146 6147
f 6147 6146 6148
f 6145 6147 6149
f 6147 6148 1163
f 6150 6147 1163
f 6150 6149 6147
f 6151 6152 5776
f 6152 6153 5776
f 6151 5776 5775
f 6153 5777 5776
f 6154 6146 6155
f 6154 6155 6132
f 2080 6155 6156
f 2080 2645 6155
f 6155 6146 6156
f 6155 2645 6132
f 6154 6148 6146
f 6154 6157 6148
f 6154 6131 6157
f 6154 6132 6131
f 6158 6159 6160
f 6158 2935 6159
f 6160 6159 5234
f 6159 5233 5234
f 6159 6161 5233
f 6159 2935 6161
f 6162 6163 6164
f 6162 6165 6163
f 6166 6163 6158
f 6158 6163 6165
f 6163 6167 6164
f 6166 6167 6163
f 6168 611 610
f 6169 6168 610
f 612 6170 610
f 6170 6171 610
f 6169 610 6171
f 6172 613 611
f 6172 6173 613
f 6172 611 6168
f 6172 6168 6174
f 6172 5248 6173
f 6172 6174 5248
f 529 5693 5692
f 529 5714 5693
f 5714 6175 5693
f 5693 6175 5695
f 6176 6177 6178
f 6179 6178 6177
f 2933 6176 6178
f 615 6178 6179
f 615 2932 6178
f 2933 6178 2932
f 6180 6177 6176
f 6180 6181 6177
f 6179 6177 6182
f 6182 6177 6181
f 2930 614 613
f 615 614 2932
f 2930 2932 614
f 6183 6173 5245
f 6183 2930 6173
f 6183 5245 5242
f 6183 5242 6161
f 6183 6161 2936
f 6183 2936 2930
f 1172 618 617
f 6184 618 1172
f 6184 6185 618
f 6185 619 618
f 621 6186 6187
f 621 2638 6186
f 6188 6187 6186
f 6188 6186 1869
f 1869 6186 1415
f 6186 2638 1415
f 6187 6189 6190
f 6187 6190 622
f 6189 6191 6190
f 622 6190 6192
f 6193 6192 6190
f 6193 6190 6191
f 622 6192 6194
f 622 6194 617
f 6150 6194 6192
f 1169 617 6194
f 1159 6194 6150
f 1169 6194 1159
f 6195 6196 6197
f 6195 6197 635
f 6195 6198 6196
f 6195 635 6199
f 6195 6199 6200
f 6195 6200 6198
f 6196 1660 6197
f 634 6197 6201
f 6201 6197 1660
f 634 635 6197
f 2061 6202 6203
f 6202 2212 6203
f 929 2208 6202
f 929 6202 927
f 2061 927 6202
f 6202 2208 2212
f 6204 6205 6206
f 6207 6204 6206
f 6204 6208 6205
f 6207 690 6204
f 6209 6204 690
f 6209 6208 6204
f 6210 630 6211
f 630 6212 6211
f 630 632 6212
f 630 6213 633
f 6210 6213 630
f 6211 6206 6205
f 6211 6214 6206
f 6210 6211 6205
f 6211 6212 6214
f 6215 6206 6214
f 6207 6206 6215
f 6215 6214 6216
f 6207 6215 646
f 6215 640 646
f 6215 6216 640
f 632 6217 6218
f 632 6218 6212
f 6219 6218 6217
f 6219 6220 6218
f 6212 6218 6220
f 6221 6222 6223
f 6223 6222 6224
f 6221 6225 6222
f 6226 6224 6222
f 6227 6226 6222
f 6225 6227 6222
f 6228 6229 6230
f 6229 6228 6231
f 6226 6228 6232
f 6226 6231 6228
f 6228 6233 6232
f 6228 6230 706
f 6228 706 6233
f 632 634 6217
f 6219 6224 6234
f 6219 6234 6220
f 6224 6232 6234
f 6234 6232 6235
f 6234 6235 638
f 6234 638 6216
f 6234 6216 6220
f 6236 639 6235
f 6236 6235 6233
f 6236 6237 639
f 6236 712 6237
f 6236 709 712
f 709 6236 6233
f 6238 6237 6239
f 2634 6238 6239
f 6238 641 6237
f 6240 641 6238
f 6240 6238 2633
f 2634 2633 6238
f 6240 6241 642
f 6240 720 6241
f 6241 645 642
f 6242 645 6241
f 6242 6241 724
f 724 6241 720
f 6243 6244 6245
f 6244 6246 6245
f 6247 6243 6245
f 6247 6245 5592
f 6245 6246 6248
f 6245 6248 5592
f 6247 6249 6250
f 6247 5591 6249
f 6250 6249 6251
f 6251 6249 650
f 650 6249 6252
f 6252 6249 5591
f 6250 6253 6243
f 6254 6243 6253
f 6250 6255 6253
f 6254 6253 6256
f 6143 6253 6255
f 6143 6256 6253
f 6257 6258 6259
f 6256 6258 6257
f 6254 6257 6260
f 6257 6261 6260
f 6254 6256 6257
f 6257 6259 6261
f 649 6262 6251
f 649 6263 6262
f 6251 6262 6255
f 6140 6262 6263
f 6142 6262 6140
f 6255 6262 6142
f 6252 6264 653
f 6252 5586 6264
f 653 6264 6265
f 6265 6264 5626
f 6264 5586 5588
f 6264 5588 5626
f 6265 6266 654
f 6265 5627 6266
f 6267 654 6266
f 6268 6266 6269
f 6268 6267 6266
f 6266 5627 6269
f 6270 6271 6272
f 6270 6272 6273
f 6270 5892 6271
f 6270 5893 5892
f 6270 6273 5893
f 6274 6275 6276
f 6277 6275 6274
f 6274 6276 6278
f 6277 6274 6279
f 6274 6280 6279
f 6274 6278 6280
f 6281 6279 6282
f 6282 6279 6283
f 6281 6282 6284
f 6282 6285 6284
f 6282 6286 6285
f 6282 6283 6286
f 6287 6277 6281
f 6288 6277 6287
f 6287 6281 2639
f 6288 6287 6185
f 6287 2639 6185
f 6288 6289 6275
f 6289 6290 6275
f 6184 6289 6288
f 6291 6290 6289
f 6291 6289 1171
f 1171 6289 6184
f 2640 6284 657
f 6284 658 657
f 2640 657 2641
f 2641 657 659
f 6292 660 658
f 6285 6292 658
f 6292 6293 660
f 1113 6293 6292
f 1114 6292 6285
f 1113 6292 1114
f 1407 660 6293
f 1407 661 660
f 6294 1407 6293
f 1408 661 1407
f 6294 1405 1407
f 6295 6296 6297
f 6297 6296 6298
f 6295 6299 6296
f 6296 6300 6301
f 6299 6300 6296
f 6296 6301 6298
f 6302 6303 6304
f 6305 6303 6302
f 6302 6306 6307
f 6305 6302 6307
f 6302 6300 6306
f 6302 6304 6300
f 6308 6297 6309
f 6310 6309 6297
f 6311 6308 6309
f 6312 6309 6310
f 6312 6311 6309
f 6313 6298 6314
f 6313 6314 6315
f 6313 6310 6298
f 6316 6310 6313
f 6316 6313 6317
f 6313 6315 6317
f 6316 6318 6312
f 6316 6319 6318
f 6318 6320 6312
f 6321 6322 6318
f 6321 6318 6319
f 6318 6322 6320
f 602 2702 1282
f 1284 602 1282
f 602 606 2702
f 1284 2188 602
f 5662 523 5663
f 522 5663 523
f 522 6323 5663
f 5663 6323 5664
f 664 6324 665
f 6324 6325 665
f 6325 667 665
f 6325 6326 667
f 6325 6315 6326
f 6326 6327 667
f 6326 1982 6327
f 6326 6328 672
f 6326 672 1982
f 6315 6328 6326
f 6329 6301 6304
f 6329 6304 6330
f 6329 6314 6301
f 6329 6328 6314
f 6329 673 6328
f 6331 673 6329
f 6331 6329 6330
f 6303 6332 6333
f 6305 6332 6303
f 6330 6304 6303
f 6330 6303 6333
f 6334 6335 4967
f 6334 4967 812
f 4967 6335 6333
f 4967 6333 4968
f 6334 812 813
f 6334 813 675
f 675 813 677
f 813 810 677
f 6336 4333 4332
f 6337 4335 4333
f 6337 4333 6336
f 6082 6338 664
f 6082 6095 6338
f 664 6338 6324
f 6324 6338 6319
f 6095 6339 6338
f 6339 6319 6338
f 6340 5884 6341
f 5884 5894 6341
f 6340 6341 6299
f 6299 6341 6273
f 6273 6341 5893
f 5894 5893 6341
f 6342 6343 6344
f 6342 6344 6345
f 6342 5542 6343
f 6342 5651 5542
f 6342 6345 5652
f 6342 5652 5651
f 6346 6347 6348
f 6346 6349 6347
f 6348 6347 6350
f 6350 6347 6351
f 6352 6351 6347
f 6352 6347 6349
f 6350 6351 6307
f 6350 6307 6272
f 6305 6307 6351
f 6306 6272 6307
f 6305 6351 6332
f 6352 6332 6351
f 6333 6332 4968
f 6352 6353 6332
f 6332 6353 4968
f 6354 6355 6356
f 6354 6357 6355
f 6355 6358 6359
f 6360 6355 6359
f 6355 6361 6358
f 6356 6355 6360
f 6355 6357 6361
f 6362 6363 6364
f 6362 6364 6365
f 5254 6366 6362
f 6366 6367 6362
f 5254 6362 6365
f 6362 6367 6368
f 6362 6368 6363
f 6369 6370 5541
f 6369 6371 6370
f 5360 6369 5541
f 6372 6369 5360
f 6372 6367 6369
f 6369 6367 6371
f 6373 6354 6374
f 6354 6375 6374
f 6373 6357 6354
f 6354 6356 6375
f 5252 6376 6366
f 6366 6376 6371
f 5252 6377 6376
f 6376 6360 6371
f 6376 6377 6360
f 5249 5257 6378
f 5249 6378 6377
f 5257 6379 6378
f 6379 6375 6378
f 6378 6356 6377
f 6378 6375 6356
f 6380 6381 6382
f 6380 6382 3532
f 6382 6383 6384
f 3532 6382 6384
f 6382 6385 6383
f 6381 6385 6382
f 1143 6386 6380
f 6380 6386 6381
f 1143 6380 6387
f 6387 6380 3532
f 6384 6388 6389
f 6384 6389 3534
f 6388 6390 6389
f 6391 6389 6390
f 3537 6389 6391
f 3537 3534 6389
f 231 230 4770
f 6392 230 232
f 4771 4770 230
f 4771 230 6392
f 6393 3531 3529
f 6393 1145 3531
f 6387 3531 1145
f 6387 3532 3531
f 6394 5142 6395
f 6396 6394 6395
f 6397 5142 6394
f 6397 6394 6398
f 6394 6399 6398
f 6396 6399 6394
f 5143 6395 5142
f 5143 5525 6395
f 6396 6395 5524
f 5524 6395 5525
f 6400 6401 6402
f 6400 6398 6401
f 6402 6401 6403
f 6403 6401 6404
f 6404 6401 6405
f 6405 6401 6398
f 6404 6405 6406
f 6404 6406 5236
f 6405 6399 6406
f 6407 6406 6399
f 6408 5236 6406
f 6407 6408 6406
f 6409 6410 6411
f 6409 6411 6412
f 6413 6411 6410
f 6414 6411 6413
f 6414 6415 6411
f 6415 6416 6411
f 6412 6411 6416
f 11 3950 4423
f 4423 14 11
f 6393 3523 6417
f 3523 3526 6417
f 6393 6417 1146
f 1146 6417 6418
f 6415 6418 6417
f 6419 6415 6417
f 6419 6417 3526
f 6420 4917 4921
f 6420 4921 6421
f 6420 6422 4917
f 2533 2537 6420
f 2533 6420 6421
f 6423 6422 6420
f 6423 6420 2537
f 4925 4923 4926
f 4925 344 4941
f 4942 4925 4941
f 4942 6421 4925
f 4925 6421 4923
f 6424 4919 6422
f 6424 2621 4919
f 6424 6422 6425
f 6426 6424 6425
f 6427 6424 6426
f 6427 2621 6424
f 4304 4308 4305
f 4308 4318 4305
f 4318 4317 4305
f 4306 4305 4317
f 6428 6429 6430
f 6431 6430 6429
f 6428 6430 6432
f 6430 6433 6434
f 6431 6433 6430
f 6430 6434 6432
f 6428 6435 6429
f 6436 6429 6435
f 6436 4735 6429
f 5352 6429 4735
f 5352 6431 6429
f 4459 33 6437
f 6437 33 278
f 4459 34 33
f 35 278 33
f 6438 4460 6439
f 6440 6438 6439
f 6437 6441 6439
f 6437 6439 4460
f 6442 6439 6441
f 6442 6440 6439
f 685 4508 4520
f 6443 685 4520
f 6436 6443 4520
f 6436 4520 4521
f 6444 6445 6428
f 6428 6445 6435
f 684 6443 6445
f 6443 6435 6445
f 4524 684 6445
f 6444 6446 6445
f 4524 6445 6446
f 4621 6447 6448
f 4619 4621 6448
f 6448 6441 277
f 4619 6448 277
f 6442 6441 6448
f 6442 6448 6447
f 4639 4637 6438
f 6438 4637 4460
f 4639 6438 6434
f 6440 6434 6438
f 6447 6444 6449
f 6444 6432 6449
f 6447 6449 6442
f 6442 6449 6440
f 6440 6449 6432
f 4621 6446 6447
f 4622 6446 4621
f 633 6213 6450
f 6451 6450 6213
f 633 6450 6452
f 6450 6453 6452
f 6454 6450 6451
f 6454 6453 6450
f 6455 6456 6457
f 6455 6457 6458
f 6455 688 687
f 6455 687 6456
f 6455 6459 688
f 6455 6458 6459
f 6460 6461 6462
f 6460 6462 6463
f 6460 689 6461
f 6460 6464 689
f 6460 6463 6465
f 6460 6465 6464
f 6466 6467 6468
f 6466 6469 6467
f 6466 6470 3603
f 6466 3603 6471
f 6466 6468 6470
f 6466 6471 6469
f 4291 4152 4151
f 4291 4151 6121
f 6121 4151 4213
f 4153 4213 4151
f 6472 6473 6467
f 6472 6467 6469
f 6472 4158 6473
f 6472 4159 4158
f 6469 4159 6472
f 6474 4124 6470
f 6474 6470 6468
f 6474 6475 6476
f 6474 6476 5305
f 6474 6468 6475
f 6474 5305 4124
f 6452 6477 636
f 6478 6477 6452
f 6199 636 6477
f 6479 6477 6480
f 6480 6477 6478
f 6199 6477 6479
f 6481 6482 6483
f 6479 6483 6482
f 6484 6482 6481
f 6484 6200 6482
f 6199 6479 6482
f 6199 6482 6200
f 6485 3601 3600
f 6486 6485 3600
f 6486 3600 2925
f 3602 2925 3600
f 6487 147 3692
f 2582 147 6487
f 6487 3692 3688
f 694 6487 3688
f 6488 6487 694
f 6488 2582 6487
f 6489 3687 3690
f 6489 6490 3687
f 692 3688 3687
f 6127 692 3687
f 6127 3687 6490
f 700 6491 6108
f 2557 6491 700
f 697 6108 6491
f 697 6491 6492
f 6492 6491 6493
f 2557 6493 6491
f 6126 2927 3235
f 703 3236 6494
f 6495 6494 3236
f 704 703 6494
f 6496 6494 6495
f 6497 6494 6496
f 704 6494 6497
f 2923 3602 6498
f 6498 3602 3605
f 2923 6498 3237
f 6495 6498 4123
f 3237 6498 6495
f 4123 6498 3605
f 6499 6489 3729
f 6499 3729 3610
f 6499 6490 6489
f 6499 3610 2928
f 6499 2929 6490
f 6499 2928 2929
f 6230 6229 1671
f 2490 1671 6229
f 2491 6229 6231
f 2491 2490 6229
f 6230 1671 1670
f 6230 1670 707
f 710 707 1670
f 1673 710 1670
f 6500 6501 711
f 6500 711 6502
f 6503 6501 6500
f 6503 6500 6504
f 6504 6500 6505
f 6500 6502 6505
f 6239 6237 712
f 6239 712 6501
f 6506 6239 6501
f 2634 6239 6506
f 6503 6507 6508
f 6503 6508 6506
f 6507 6509 6508
f 2635 6508 6510
f 6508 6511 6510
f 6508 6509 6511
f 6506 6508 2635
f 6512 6502 711
f 710 6512 711
f 6512 6513 6502
f 6514 6513 6512
f 6514 6512 1673
f 1673 6512 710
f 6515 6505 6513
f 6515 6516 6505
f 6517 6515 6513
f 6518 6516 6515
f 6518 6515 6519
f 6517 6519 6515
f 6504 6516 6520
f 6504 6520 6507
f 6520 6516 6521
f 6507 6520 6522
f 6520 6521 6523
f 6522 6520 6523
f 720 2633 721
f 2631 723 721
f 3078 6457 6456
f 3078 3080 6457
f 6458 6457 6524
f 3080 6524 6457
f 1099 730 727
f 1099 727 6525
f 1101 1099 3307
f 1099 6525 3307
f 6526 727 729
f 6526 6525 727
f 3306 6525 6527
f 6527 6528 3306
f 3306 3307 6525
f 3306 6528 3297
f 6529 6530 4930
f 6529 4930 6531
f 6529 6532 6530
f 6529 6533 6532
f 6529 6534 6533
f 6529 6531 6534
f 6535 6533 6536
f 6535 6536 731
f 6535 6532 6533
f 6535 6537 6532
f 6535 731 6537
f 4928 6530 6532
f 4928 4929 6530
f 4928 6537 345
f 4928 6532 6537
f 729 6536 6538
f 729 731 6536
f 6526 729 6538
f 1102 732 730
f 343 346 732
f 6539 6536 6533
f 6539 6540 6536
f 6534 6539 6533
f 6534 3371 6539
f 3371 6541 6539
f 6541 6540 6539
f 6542 5837 3363
f 6542 5840 5837
f 6542 3363 3369
f 6542 3369 6531
f 6542 6531 4933
f 6542 4933 5840
f 6527 6543 6544
f 6527 6544 6545
f 6526 6543 6527
f 6526 6527 6525
f 6527 6545 6528
f 3313 3299 6546
f 3313 6546 6547
f 3299 6528 6546
f 6528 6545 6546
f 6545 6547 6546
f 3372 6548 6541
f 6549 6541 6548
f 3372 6550 6548
f 6548 6550 6551
f 6548 6551 6552
f 6549 6548 6552
f 3386 6553 3387
f 6554 3387 6553
f 6550 6553 3386
f 3373 6553 6550
f 3373 3378 6553
f 3378 6554 6553
f 6555 6521 6518
f 6555 6518 6519
f 6555 6556 6521
f 6555 6557 6556
f 6555 6558 6557
f 6555 6519 6558
f 6523 6559 6560
f 6561 6523 6560
f 6562 6560 6559
f 6563 6561 6560
f 6563 6560 6564
f 6562 6564 6560
f 6565 6566 6567
f 6564 6565 6567
f 6568 6567 6566
f 6568 740 6567
f 6563 6567 740
f 6563 6564 6567
f 6563 6569 6561
f 6563 746 6569
f 6561 6569 6522
f 6522 6569 6509
f 6569 6570 6509
f 6569 746 6570
f 5210 5199 6571
f 5202 6571 5199
f 5211 5210 6571
f 5211 6571 6572
f 6572 6571 6573
f 6573 6571 6574
f 5202 6574 6571
f 6575 6572 2915
f 6575 2915 6566
f 6572 6573 2915
f 6573 2916 2915
f 2917 6566 2915
f 6575 6566 6565
f 6575 6565 6576
f 6577 6576 6565
f 6564 6577 6565
f 6578 735 734
f 6578 6579 735
f 6578 734 2916
f 6578 2916 6580
f 6578 6580 6579
f 6581 735 6579
f 6581 736 735
f 6581 6579 6582
f 6581 6582 6583
f 6581 6583 736
f 6584 6585 6586
f 6584 6586 6587
f 6588 6585 6584
f 6584 6589 6590
f 6588 6584 6590
f 6584 6587 6589
f 3098 6591 745
f 3096 6591 3098
f 6511 745 6591
f 2636 6510 6591
f 6510 6511 6591
f 2636 6591 3096
f 6568 741 740
f 6568 2917 741
f 2919 743 741
f 2919 741 2917
f 6592 6593 2919
f 6592 751 6593
f 6593 743 2919
f 6593 3099 3100
f 6593 3092 3099
f 6593 3100 743
f 6593 751 3092
f 6556 6557 6594
f 6556 6594 6559
f 6557 6595 6594
f 6596 6559 6594
f 6597 6596 6594
f 6597 6594 6598
f 6598 6594 6595
f 6562 6599 6577
f 6577 6599 6600
f 6596 6599 6562
f 6597 6599 6596
f 6597 6601 6599
f 6599 6601 6600
f 6592 2919 2918
f 6592 752 751
f 6592 737 752
f 6592 2918 737
f 6602 6603 6604
f 2658 6602 6604
f 6602 6586 6585
f 6602 738 6586
f 6602 6585 6603
f 6602 748 738
f 2658 748 6602
f 2658 749 748
f 2657 750 749
f 6605 6606 6607
f 6605 6608 6606
f 6605 6607 6609
f 6605 6609 6610
f 6605 6610 6608
f 4026 4029 6611
f 4029 4043 6611
f 4026 4031 4029
f 4028 4043 4029
f 785 6612 6613
f 6612 6614 6613
f 759 6613 6615
f 6615 6613 6614
f 759 758 6613
f 758 785 6613
f 6072 6612 6079
f 6072 6616 6612
f 6079 6612 785
f 6612 6616 6614
f 6617 6618 6619
f 6617 6619 6620
f 6621 6619 6618
f 6622 6619 6621
f 6620 6619 6623
f 6623 6619 6622
f 6624 6625 6626
f 6627 6626 6625
f 6628 6625 6407
f 6628 6629 6625
f 6407 6625 6624
f 6627 6625 6629
f 6630 6631 6624
f 6630 6632 6631
f 6624 6631 6408
f 6632 5231 6631
f 5237 6631 5231
f 6408 6631 5237
f 6630 6624 6626
f 6633 6630 6626
f 6627 6634 6626
f 6633 6626 6634
f 6635 5657 5656
f 6636 5657 6635
f 6637 6638 6635
f 6636 6635 6638
f 5659 6637 6635
f 5659 6635 5656
f 6639 6640 6641
f 6639 6641 6642
f 6643 6642 6641
f 6643 6641 6644
f 6640 6637 6641
f 6644 6641 6637
f 6645 6646 6180
f 6645 6180 6176
f 6647 6180 6646
f 6647 6181 6180
f 6648 6649 6650
f 6648 6650 6651
f 6652 6649 6648
f 6653 6652 6648
f 6654 6648 6651
f 6654 6653 6648
f 6655 6656 6657
f 5364 6657 6656
f 6653 6655 6657
f 6657 5364 5543
f 6653 6657 6658
f 6658 6657 5543
f 6659 5247 6174
f 6660 6659 6174
f 6661 6659 6662
f 6660 6662 6659
f 6661 6663 6659
f 6663 6664 6659
f 6659 6664 5247
f 6665 6666 6667
f 612 6667 6666
f 6668 6666 6665
f 612 6666 6170
f 6669 6170 6666
f 6668 6669 6666
f 6669 6670 6171
f 6171 6670 6671
f 6669 6672 6670
f 6673 6674 6670
f 6671 6670 6674
f 6672 6673 6670
f 6364 6164 6675
f 6364 6675 6365
f 6364 6676 6164
f 6364 6363 6676
f 6162 6646 6645
f 6162 6645 6165
f 6645 6176 2934
f 6645 2934 6165
f 6162 6676 6646
f 6646 6363 6677
f 6646 6676 6363
f 6647 6646 6677
f 6179 6182 6678
f 6679 6678 6182
f 6667 6179 6678
f 6665 6667 6678
f 6665 6678 6680
f 6680 6678 6679
f 6681 3695 6682
f 6683 6681 6682
f 6681 3686 3695
f 6684 6681 6685
f 6683 6685 6681
f 6684 3686 6681
f 6686 6687 6688
f 6686 6688 3710
f 6688 6682 3694
f 6688 6689 6682
f 6688 3694 3709
f 6687 6689 6688
f 3710 6688 3709
f 6690 6691 6692
f 6690 6693 6691
f 6694 6691 6695
f 6696 6695 6691
f 6692 6691 6694
f 6696 6691 6693
f 6695 6697 6689
f 6683 6689 6697
f 6696 6697 6695
f 6698 6699 6697
f 6698 6697 6696
f 6683 6697 6699
f 6700 6701 2333
f 6702 6701 6700
f 6700 2333 2331
f 6700 2331 6703
f 6704 6700 6703
f 6704 6702 6700
f 6686 6705 6687
f 6686 6706 6705
f 6705 6695 6687
f 6694 6695 6705
f 6705 6706 6703
f 6705 6703 6694
f 6707 6703 2331
f 6694 6703 6707
f 6708 6707 2331
f 6692 6707 6709
f 6708 6709 6707
f 6692 6694 6707
f 6686 6710 6706
f 6686 3710 6710
f 6704 6706 6710
f 3711 6710 3710
f 6711 6710 3711
f 6704 6710 6711
f 3707 6712 3711
f 6711 3711 6712
f 2590 6712 3707
f 6713 6711 6712
f 2590 2589 6712
f 2589 6713 6712
f 6714 6715 2588
f 6713 2588 6715
f 6702 6715 6716
f 6713 6715 6702
f 6717 6715 6714
f 6716 6715 6717
f 760 762 6718
f 6718 762 6719
f 6720 6719 762
f 762 763 6720
f 764 6721 6722
f 764 6723 6721
f 6724 6722 6721
f 6721 2307 6725
f 6723 2307 6721
f 6724 6721 6725
f 6726 2909 6727
f 6724 2909 6726
f 6726 765 6722
f 6724 6726 6722
f 6726 6728 765
f 6726 6729 6728
f 6726 6727 6729
f 6730 6731 6732
f 2317 6731 6730
f 6733 6730 6732
f 6733 6734 6730
f 6735 2317 6730
f 6735 6730 6734
f 6736 6732 6731
f 6736 6731 2318
f 2317 2318 6731
f 6736 6737 6732
f 2913 6737 6736
f 6738 6732 6737
f 6738 6737 6739
f 6737 769 6739
f 2913 769 6737
f 768 6740 6739
f 768 2671 6740
f 6741 6739 6740
f 6741 6740 6742
f 6742 6740 2670
f 2671 2670 6740
f 6724 2910 2909
f 772 771 2910
f 772 2910 6725
f 6724 6725 2910
f 6743 6744 6745
f 6746 6745 6744
f 6747 6743 6745
f 6748 6747 6745
f 4624 6748 6745
f 4624 6745 6746
f 6749 6750 6751
f 4623 6751 6750
f 6748 6750 6729
f 4623 6750 6748
f 6729 6750 6728
f 6749 6728 6750
f 2912 6736 6752
f 2912 6752 6753
f 6736 2318 6752
f 6753 6752 6754
f 6754 6752 2319
f 2319 6752 2318
f 6755 6336 4332
f 4347 6755 4332
f 4347 4332 4336
f 6756 6757 6758
f 6759 6756 6758
f 760 6718 6758
f 760 6758 6723
f 6757 6723 6758
f 6759 6758 6718
f 6760 6761 6762
f 6762 6761 6763
f 6760 6764 6761
f 6761 6765 6766
f 6766 6763 6761
f 6764 6765 6761
f 6767 6762 6768
f 6769 6768 6762
f 6770 6767 6768
f 6770 6768 6771
f 6768 6772 6771
f 6769 6772 6768
f 6773 6774 6775
f 6773 1072 6774
f 6776 6773 6775
f 6773 6777 1072
f 6773 6778 6777
f 6776 6778 6773
f 6779 6780 6774
f 6779 6774 1071
f 6779 6781 6780
f 6779 1071 6782
f 6779 6783 6781
f 6779 6782 6783
f 6784 6785 6775
f 6784 6775 6786
f 6784 6787 6788
f 6784 6789 6787
f 6784 6788 6785
f 6784 6786 6789
f 3221 3231 3230
f 3231 3219 3224
f 3221 3219 3231
f 3231 3224 3200
f 3231 3200 3232
f 6790 6791 6792
f 6790 6793 6791
f 6792 6791 6794
f 6791 6795 6796
f 6791 6793 6795
f 6791 6796 6794
f 2099 6797 2100
f 2099 6798 6797
f 6799 6798 2099
f 6799 2099 2101
f 6800 2104 6801
f 6800 6801 6802
f 2103 2104 6800
f 6800 6803 6804
f 2103 6800 6804
f 6800 6802 6803
f 6805 6797 6806
f 6807 6805 6806
f 6808 6797 6805
f 6808 6805 6809
f 6789 6809 6805
f 6807 6789 6805
f 6810 6811 6649
f 6810 6812 6811
f 6649 6811 6813
f 6812 6771 6811
f 6771 6814 6811
f 6814 6813 6811
f 6810 6815 6816
f 6815 6817 6816
f 6652 6815 6810
f 6652 6658 6815
f 6815 6658 5545
f 6815 5545 6817
f 6810 6816 6812
f 6812 6816 6818
f 6818 6816 6819
f 6816 6817 6819
f 3221 3230 2253
f 3255 3275 83
f 3255 3067 3275
f 3275 80 83
f 6122 6820 4293
f 6122 6821 6820
f 6068 4293 6820
f 6068 6820 6071
f 6820 6822 6071
f 6821 6822 6820
f 4292 6066 6473
f 6068 6066 4292
f 6473 6066 6823
f 6066 6060 6823
f 6824 6120 4290
f 4290 4289 6824
f 6120 6824 6825
f 6825 6824 6826
f 6824 6827 6826
f 6827 6824 4289
f 6828 6829 6830
f 6828 6830 6831
f 6828 6832 6829
f 6828 6831 6833
f 6828 6833 6834
f 6828 6834 6832
f 6830 6835 6836
f 6830 6836 6831
f 6837 6836 6835
f 6831 6836 6838
f 6836 6839 6838
f 6837 6839 6836
f 6840 6841 6832
f 6842 6832 6841
f 6840 6843 6841
f 6842 6841 6844
f 6844 6841 6845
f 6845 6841 6843
f 6846 6847 6848
f 6849 6846 6848
f 6850 6851 6848
f 6837 6848 6851
f 6847 6850 6848
f 6849 6848 6837
f 6852 6853 2284
f 6471 6853 6852
f 6485 6853 3601
f 6471 3601 6853
f 6854 6853 6485
f 6855 6853 6854
f 6855 2284 6853
f 6856 2288 6857
f 6856 6857 6858
f 6856 2287 2288
f 6856 6859 2287
f 6856 6860 6859
f 6856 6858 6860
f 6861 6862 6863
f 6863 6862 5146
f 5147 6862 6402
f 5146 6862 5147
f 6402 6862 6864
f 6861 6864 6862
f 6865 6866 6867
f 6868 6866 6865
f 6867 6866 6869
f 6869 6866 5150
f 6868 6870 6866
f 5150 6866 6870
f 6871 6790 6872
f 6790 6871 6873
f 6871 6872 2906
f 6871 6874 775
f 6871 775 6875
f 6871 2906 6874
f 6871 6875 6873
f 6876 1576 1573
f 6876 1573 3308
f 85 3316 88
f 6877 6878 6879
f 6880 6879 6878
f 6881 6878 6882
f 6883 6882 6878
f 6877 6884 6878
f 6883 6878 6884
f 6880 6878 6881
f 6885 6879 6886
f 6887 6886 6879
f 6885 6886 6888
f 6889 6888 6886
f 6890 6891 6886
f 6887 6890 6886
f 6889 6886 6891
f 6892 6893 6894
f 6894 6893 6895
f 6892 6896 6893
f 6887 6893 6896
f 6880 6895 6893
f 6887 6880 6893
f 6897 6892 6894
f 6894 6895 6898
f 6897 6894 6898
f 6877 6899 6900
f 6885 6899 6877
f 6901 6900 6899
f 6885 6902 6899
f 6902 6903 6899
f 6901 6899 6903
f 6904 6905 6906
f 6907 6906 6905
f 6908 6905 6909
f 6904 6909 6905
f 6910 6905 6908
f 6907 6905 6910
f 6904 6911 6909
f 6909 6911 6912
f 6913 6911 6904
f 6913 6914 6911
f 6911 6914 6912
f 6915 6916 6917
f 6915 6918 6916
f 6915 6917 6919
f 6915 6920 6921
f 6915 6921 6922
f 6915 6919 6920
f 6915 6922 6918
f 6923 6615 6924
f 6923 756 6615
f 6923 6925 6926
f 6923 6926 756
f 6923 6919 6925
f 6923 6924 6919
f 6927 6928 5536
f 6927 6929 6928
f 6927 5536 5539
f 6927 5539 6930
f 6927 6930 6931
f 6927 6931 6929
f 6932 6933 6835
f 6932 6934 6933
f 6829 6932 6835
f 6842 6932 6829
f 6935 6932 6842
f 6935 6934 6932
f 6837 6835 6933
f 6936 6933 6934
f 6849 6933 6936
f 6849 6837 6933
f 6937 6938 6939
f 6940 6937 6939
f 6941 6939 6938
f 6942 6939 6941
f 6943 6940 6939
f 6942 6943 6939
f 6944 6945 6941
f 6944 6946 6945
f 6944 4302 2249
f 6944 2249 6946
f 6944 6941 6938
f 6944 6938 4302
f 6947 6941 6945
f 6947 6945 6948
f 6945 6946 6949
f 6948 6945 6949
f 6947 6950 6951
f 6951 6950 6952
f 6947 6948 6950
f 6952 6950 6953
f 6950 6954 6953
f 6948 6954 6950
f 6955 6956 1393
f 1393 1392 6955
f 1393 6956 6957
f 6827 1393 6957
f 1393 6827 1395
f 6958 6959 6960
f 6958 6622 6959
f 6959 6621 6961
f 6959 6622 6621
f 6959 6962 6960
f 6959 6961 6962
f 6963 6964 6965
f 6966 6965 6964
f 6966 6967 6965
f 6967 6968 6965
f 6969 6963 6965
f 6969 6965 6968
f 6963 6970 6971
f 6972 6971 6970
f 6971 6973 6974
f 6963 6971 6974
f 6975 6973 6971
f 6975 6971 6972
f 6976 6977 6978
f 6976 6964 6977
f 6979 6978 6977
f 6964 6974 6977
f 6980 6977 6974
f 6980 6979 6977
f 6981 6741 6982
f 6981 6982 6983
f 6981 6733 6738
f 6981 6738 6741
f 6981 6983 6733
f 6984 6985 4216
f 6986 6985 6984
f 4216 6985 2166
f 6973 6985 6986
f 2164 6985 6973
f 2164 2166 6985
f 6987 6988 6989
f 6987 6989 6990
f 6991 6989 6992
f 6993 6992 6989
f 6993 6989 6988
f 6990 6989 6991
f 782 5336 6994
f 4645 5336 782
f 4645 782 781
f 784 782 6994
f 6069 6071 6995
f 6616 6069 6995
f 6618 6995 6822
f 6996 6995 6618
f 6071 6822 6995
f 6996 6616 6995
f 6997 6998 6999
f 6997 7000 6998
f 6997 7001 6860
f 6997 6860 7002
f 7001 6997 6999
f 6997 7002 7000
f 7003 7004 7001
f 7003 7001 7005
f 7003 7006 7004
f 7003 7007 7006
f 7003 7005 7008
f 7003 7008 7007
f 7009 7010 7011
f 7009 6858 7010
f 7009 7011 7012
f 7009 7012 7013
f 7009 7013 7014
f 7009 7014 7002
f 7009 7002 6858
f 3377 7015 7016
f 3377 7016 6554
f 7015 7017 7016
f 7016 7017 2140
f 2142 7016 2140
f 6554 7016 2142
f 7018 7019 7020
f 7018 7020 795
f 7018 7021 7019
f 7018 7017 7021
f 7018 2138 7017
f 7018 789 2138
f 7018 795 789
f 7022 7015 3376
f 7022 3376 3380
f 7022 7021 7015
f 7023 7021 7022
f 7022 3380 7024
f 7023 7022 7024
f 7025 7024 3382
f 7025 3382 7026
f 2717 7024 7025
f 2717 7025 2718
f 7025 7027 2718
f 7025 7026 7027
f 7023 7028 7019
f 7028 7029 7019
f 7023 2720 7028
f 2720 7030 7028
f 7028 7031 7029
f 7028 7030 7031
f 796 795 7020
f 796 7020 7029
f 796 7029 7032
f 796 7032 7033
f 796 7033 797
f 7034 7035 7031
f 7036 7035 7034
f 7035 7032 7031
f 7035 7037 7032
f 7038 7037 7035
f 7036 7038 7035
f 7033 7039 7040
f 7040 7039 7041
f 797 7033 7040
f 799 797 7040
f 799 7040 7042
f 7040 7041 7042
f 7043 7044 7045
f 7046 7045 7044
f 7047 7048 7044
f 7049 7044 7048
f 7050 7044 7043
f 7050 7047 7044
f 7046 7044 7049
f 7043 7045 7051
f 7051 7045 7052
f 7053 7052 7045
f 7053 7045 7046
f 7054 7043 7051
f 7055 7043 7054
f 7056 7054 7051
f 7056 7057 7054
f 7058 7054 7057
f 7058 7055 7054
f 7059 7060 7061
f 7062 7061 7060
f 7058 7063 7060
f 7058 7060 7064
f 7063 7062 7060
f 7059 7064 7060
f 7065 7066 7067
f 7065 7068 7066
f 7069 7066 7068
f 7069 7070 7066
f 7071 7067 7066
f 7072 7066 7070
f 7072 7071 7066
f 7057 7073 7074
f 7069 7074 7073
f 7057 7074 7063
f 7063 7074 7075
f 7069 7068 7074
f 7075 7074 7068
f 7056 7073 7057
f 7056 7076 7073
f 7069 7073 7077
f 7077 7073 7076
f 7078 7076 7052
f 7053 7078 7052
f 7078 7079 7076
f 7080 7079 7078
f 7081 7078 7053
f 7080 7078 7081
f 5911 7082 7083
f 5911 5909 7082
f 7084 7083 7082
f 7084 7082 7085
f 7085 7082 2571
f 2571 7082 5909
f 5914 7083 7086
f 5914 7086 7087
f 7088 7086 7083
f 7087 7086 7089
f 7089 7086 7090
f 7088 7090 7086
f 7091 7087 7092
f 7091 7092 7093
f 7091 5942 5916
f 7091 5916 5913
f 7091 7093 5942
f 7091 5913 7087
f 7087 7089 7092
f 7089 7094 7092
f 7094 5795 7092
f 7093 7092 5795
f 7088 7083 7095
f 7084 7095 7083
f 7088 7095 7096
f 7084 7097 7095
f 7097 7096 7095
f 7088 7098 7090
f 7090 7098 7099
f 7088 7096 7098
f 7100 7099 7098
f 7101 7100 7098
f 7101 7098 7096
f 7102 7103 7104
f 7105 7104 7103
f 6039 7103 7102
f 6037 7103 6039
f 7106 7103 6037
f 7106 7105 7103
f 7107 7108 6480
f 7109 7107 6480
f 7107 7110 7108
f 7111 7110 7107
f 7109 7111 7107
f 5266 7112 5267
f 7111 7112 5266
f 5266 4551 7110
f 7111 5266 7110
f 802 1493 7113
f 7114 1493 7115
f 7114 7113 1493
f 7115 1493 991
f 1493 1494 991
f 856 7116 7117
f 7116 7118 7117
f 7119 7114 7116
f 7114 7120 7116
f 7119 7116 7121
f 856 7121 7116
f 7116 7120 7118
f 3151 3120 7122
f 3151 7122 7123
f 3122 3120 3151
f 3151 7123 3153
f 7124 807 7125
f 807 7126 7125
f 7124 7125 7127
f 7128 7125 7126
f 7128 7129 7125
f 7129 7127 7125
f 7130 7124 7131
f 7124 7127 7131
f 7132 7130 7131
f 7132 7131 2625
f 2625 7131 7133
f 7133 7131 7127
f 7130 2984 804
f 999 2984 7130
f 999 998 2984
f 7134 7135 7136
f 7136 7135 7127
f 7133 7135 2628
f 7133 7127 7135
f 2628 7135 5953
f 5953 7135 7134
f 3118 15 3124
f 3124 3131 3118
f 3117 15 3118
f 3120 3118 3131
f 7137 7138 7139
f 7140 7139 7138
f 7141 7138 7137
f 7141 5988 7138
f 5988 7142 7138
f 7140 7138 7142
f 815 817 6001
f 815 6001 624
f 815 629 818
f 815 624 629
f 7143 7144 7145
f 7144 628 7145
f 7146 818 7144
f 7144 818 629
f 7143 7146 7144
f 7144 629 628
f 3130 7147 7122
f 3130 7122 3131
f 7123 7122 7147
f 3120 3131 7122
f 7148 7149 821
f 7150 7149 7148
f 821 7149 5948
f 7149 5951 5948
f 2630 5951 7149
f 2630 7149 7150
f 7151 7152 7153
f 7150 7151 7153
f 7154 7153 7152
f 997 7155 7153
f 2627 7153 7155
f 7154 997 7153
f 7150 7153 2627
f 7156 7157 7158
f 7159 7156 7158
f 7157 7160 7158
f 7143 7158 7160
f 7143 7161 7158
f 7159 7158 7161
f 7162 7163 1857
f 7162 7154 7163
f 7152 7157 7163
f 7157 1858 7163
f 7154 7152 7163
f 7163 1858 1857
f 7164 7165 7166
f 7164 7166 7167
f 7165 7168 7166
f 7169 7167 7166
f 7169 7166 7170
f 7170 7166 7168
f 7171 7172 7173
f 7172 7174 7173
f 7164 7172 7171
f 7164 7175 7172
f 7174 7172 7176
f 7176 7172 7175
f 7177 7178 2725
f 7179 2725 7178
f 7177 2725 1042
f 7179 2724 2725
f 7171 7180 7165
f 7171 7177 7180
f 7165 7180 7181
f 7177 1042 7180
f 7181 7180 1042
f 7178 7173 7182
f 7183 7178 7182
f 7177 7173 7178
f 7179 7178 7183
f 826 7184 827
f 826 2108 7184
f 826 2105 2108
f 826 828 2105
f 7174 7185 7182
f 7182 7185 7186
f 827 7184 7185
f 7187 7185 7184
f 7174 827 7185
f 7187 7186 7185
f 7188 7189 7190
f 7191 7190 7189
f 7183 7189 7188
f 7183 7186 7189
f 7186 7191 7189
f 3363 5837 3365
f 5837 5839 3365
f 7187 7192 7191
f 7193 7191 7192
f 7187 2112 7192
f 7193 7192 7194
f 2111 7192 2112
f 2111 7194 7192
f 2346 7195 7196
f 2346 7197 7195
f 7167 7195 7175
f 7195 7197 7175
f 7195 7198 7196
f 7199 7198 7195
f 7167 7199 7195
f 2345 2346 7196
f 823 7197 2346
f 7200 7201 7202
f 7159 7201 7200
f 7203 7201 7161
f 7159 7161 7201
f 7204 7202 7201
f 7203 7204 7201
f 7143 7145 7161
f 7203 7161 7145
f 7203 7145 1237
f 7145 628 1237
f 7205 7206 7207
f 7205 7207 7208
f 7205 7209 7210
f 7205 7211 7209
f 7205 7210 7206
f 7205 7208 7211
f 627 1234 628
f 627 7212 1234
f 627 7211 7212
f 627 626 7211
f 1232 1234 7212
f 1235 1232 7213
f 7213 1232 7212
f 7214 7215 7216
f 7214 7216 7217
f 7214 7218 7219
f 7214 7219 7215
f 7214 7220 7218
f 7214 7217 7220
f 7221 6760 6767
f 7221 6767 7222
f 7221 7223 6760
f 7221 7224 7223
f 7221 7218 7224
f 7221 7222 7218
f 7225 7226 6638
f 7227 6638 7226
f 7226 7228 7216
f 7226 7229 7228
f 7227 7226 7216
f 7225 7229 7226
f 7230 7220 7231
f 7231 7232 7230
f 7231 7233 7234
f 7231 7234 7232
f 7231 7220 7233
f 7207 7206 3866
f 7207 7235 7236
f 7207 7236 7208
f 7207 3866 7235
f 7237 7238 7239
f 7237 6045 7238
f 7237 7240 7241
f 7237 7241 6045
f 7237 7239 7242
f 7237 7242 7240
f 7243 7244 7245
f 7243 7246 7244
f 7244 7247 7245
f 7244 7248 7247
f 7244 7246 7249
f 7244 7249 7248
f 7250 7251 7252
f 7253 7251 7250
f 7250 7254 7248
f 7255 7250 7248
f 7250 7252 7254
f 7253 7250 7255
f 7256 7243 7245
f 7257 7243 7256
f 7258 7246 7243
f 7257 7258 7243
f 7259 7260 7257
f 7259 7261 7260
f 7258 7260 7262
f 7260 7263 7262
f 7257 7260 7258
f 7261 7263 7260
f 7256 7264 7265
f 6875 7265 7264
f 7256 7245 7264
f 7264 7245 6793
f 6875 7264 6873
f 6873 7264 6793
f 7259 7257 7265
f 7266 7259 7265
f 7257 7256 7265
f 7266 7265 777
f 777 7265 6875
f 7259 7267 7261
f 7266 7267 7259
f 7261 7267 7268
f 7269 7268 7267
f 7266 779 7267
f 779 7269 7267
f 7270 7271 7272
f 7273 7270 7272
f 7274 7270 7268
f 7273 7268 7270
f 7275 7271 7270
f 7275 7270 7274
f 7276 7277 7278
f 7278 7277 7279
f 7278 7280 7281
f 7278 7279 7280
f 7276 7278 7282
f 7278 7283 7282
f 7278 7281 7283
f 7284 7277 7276
f 7284 7285 7277
f 7277 7285 7286
f 7277 7286 7279
f 830 7287 831
f 7288 7287 830
f 7289 830 833
f 7289 7288 830
f 7290 7291 7292
f 7291 7293 7292
f 7294 7295 7291
f 7293 7291 7295
f 7294 7291 7296
f 7290 7296 7291
f 7297 7298 7299
f 7297 7299 7300
f 7299 7298 7294
f 7299 7294 7301
f 7299 7301 7300
f 5246 7292 7302
f 5246 6664 7292
f 7302 7292 6867
f 7290 7292 6664
f 6867 7292 7293
f 7296 7303 7304
f 7305 7304 7303
f 7296 7304 7301
f 7305 7306 7304
f 7306 7307 7304
f 7307 7301 7304
f 7290 7303 7296
f 7290 6663 7303
f 7308 7305 7303
f 7308 7303 6663
f 7309 7310 7311
f 7309 7311 7312
f 7309 5074 7310
f 7309 7312 7313
f 7309 7313 5074
f 7314 3727 7315
f 6699 7314 7315
f 3724 7315 3727
f 6685 7315 3724
f 6699 7315 6685
f 7316 7317 7318
f 6089 7317 7316
f 7319 7316 7318
f 6089 7316 6090
f 6090 7316 7013
f 7319 7013 7316
f 7320 7321 7322
f 7321 837 7322
f 7320 7322 7318
f 7323 7318 7322
f 7324 7323 7322
f 837 7324 7322
f 7325 840 7326
f 840 7327 7326
f 7325 7326 7328
f 7326 7327 4604
f 4594 7326 4604
f 4594 7328 7326
f 836 7329 7324
f 7330 7324 7329
f 7325 7329 836
f 7331 7329 7325
f 7331 7332 7329
f 7330 7329 7332
f 7333 2728 7334
f 2733 2728 7333
f 7333 7334 7335
f 7333 7335 847
f 7333 847 7336
f 7333 7336 7337
f 7333 7337 2733
f 2727 7338 7339
f 2727 7340 7338
f 2727 7341 2728
f 2727 7339 7341
f 2727 2729 7340
f 7320 7342 7343
f 7342 845 7343
f 7320 7343 7344
f 7343 7334 7344
f 7343 7335 7334
f 7343 845 7335
f 7321 7344 7345
f 7321 7345 839
f 7345 7344 7341
f 7345 7341 7339
f 7345 7339 839
f 7338 842 7339
f 7338 7346 842
f 7338 7347 7346
f 7338 7340 7347
f 7348 841 7346
f 7349 7348 7346
f 7327 841 7348
f 7350 7348 7351
f 7350 7327 7348
f 7349 7351 7348
f 7352 7353 7354
f 846 7352 7354
f 7354 7353 7314
f 7355 7354 7314
f 7356 7354 7355
f 7356 846 7354
f 7356 7357 7358
f 7357 6693 7358
f 6698 7357 7355
f 6698 6696 7357
f 7356 7355 7357
f 7357 6696 6693
f 7356 7358 849
f 7358 7359 849
f 7360 7359 7358
f 6693 7360 7358
f 7361 7342 7317
f 6089 7361 7317
f 7361 843 7342
f 7361 7352 843
f 7361 6088 7352
f 6089 6088 7361
f 7362 6348 7363
f 7364 7362 7363
f 6348 6271 7363
f 5896 7363 5892
f 7363 6271 5892
f 7364 7363 5896
f 7365 5800 7094
f 7365 7094 7099
f 7365 7366 5800
f 7365 7367 7366
f 7365 7099 7368
f 7365 7368 7367
f 7093 5795 5794
f 5944 5794 5797
f 5944 5941 5794
f 5941 7093 5794
f 5798 5799 7369
f 5798 7369 7370
f 5798 7370 7371
f 5798 7371 5797
f 7372 7373 7374
f 7372 7375 7373
f 7373 7376 7374
f 7373 7375 7377
f 7373 7377 7376
f 7378 7379 7380
f 7381 7380 7379
f 7378 7380 7382
f 7381 2723 7380
f 2723 2721 7380
f 7382 7380 2721
f 7383 7384 7385
f 7383 7385 7386
f 7378 7385 7384
f 7378 7387 7385
f 7388 7386 7385
f 7388 7385 7387
f 7389 7390 7391
f 7392 7391 7390
f 7381 7389 7391
f 7381 7391 7393
f 7393 7391 7394
f 7392 7394 7391
f 7395 7396 7390
f 7397 7390 7396
f 6056 7396 7398
f 6056 7399 7396
f 7398 7396 7395
f 7399 7397 7396
f 7379 7384 7400
f 7384 7401 7400
f 7389 7379 7400
f 7389 7400 7395
f 7402 7395 7400
f 7402 7400 7401
f 7389 7395 7390
f 7392 7390 7403
f 7403 7390 7397
f 7404 7405 7406
f 7404 7406 7407
f 7386 7406 7405
f 7407 7406 7408
f 7409 7406 7386
f 7408 7406 7409
f 7372 7408 7410
f 7372 7410 7375
f 7410 7408 7411
f 7410 7411 7412
f 7410 7413 7375
f 7410 7412 7413
f 7414 7377 7415
f 7414 7415 7416
f 7415 7377 7375
f 7415 7375 7413
f 7415 7413 7417
f 7415 572 7416
f 7415 7417 572
f 7414 7418 7377
f 7414 7419 5901
f 7414 5901 7420
f 7414 7416 7419
f 7414 7420 7418
f 7421 5902 7419
f 7421 5887 5902
f 7421 7419 7416
f 7421 7422 5887
f 7421 7416 575
f 7421 575 5869
f 7421 5869 7422
f 7423 5900 6340
f 7423 6340 6295
f 7423 7420 5900
f 7423 6295 6308
f 7423 6308 7424
f 7423 7424 7420
f 4934 4922 7425
f 4922 7426 7425
f 4934 7425 7427
f 7427 7425 5845
f 5845 7425 5846
f 5846 7425 7426
f 5846 5866 5848
f 4918 2615 5866
f 7426 4918 5866
f 5846 7426 5866
f 5839 5855 3367
f 3381 3367 5855
f 5839 5842 5855
f 7428 3381 5855
f 7428 5855 5856
f 7429 7430 7431
f 7429 7431 7432
f 7433 7431 7430
f 7433 7434 7431
f 7434 7432 7431
f 7435 7436 7437
f 7438 7435 7437
f 7439 7437 7440
f 7440 7437 7436
f 7439 7441 7437
f 7438 7437 7441
f 7442 7443 7429
f 7443 7444 7429
f 7442 7440 7443
f 7445 7443 7440
f 7446 7443 7445
f 7446 7447 7443
f 7443 7447 7444
f 7446 7448 7449
f 7448 7450 7449
f 7446 7449 7451
f 7449 7452 7451
f 7449 7453 7452
f 7450 7453 7449
f 2141 3387 2142
f 6554 2142 3387
f 7439 7442 7454
f 7442 7432 7454
f 7439 7454 7455
f 7454 7432 7456
f 4515 7454 7456
f 7455 7454 7457
f 4515 7457 7454
f 7458 7459 7460
f 7458 7461 7459
f 7458 7460 7462
f 7458 7462 6672
f 6668 7458 6672
f 6668 7461 7458
f 7463 7433 7464
f 7433 7465 7464
f 7463 7464 7466
f 7464 7459 7467
f 7464 7467 7466
f 7464 7465 7459
f 7430 7468 7465
f 7430 7444 7468
f 7468 7460 7465
f 7468 7469 7460
f 7468 7444 7470
f 7468 7470 7469
f 7470 7447 7471
f 7470 7471 7472
f 7451 7471 7447
f 7473 7472 7471
f 7474 7471 7451
f 7473 7471 7474
f 570 7475 5861
f 570 7417 7475
f 7476 5861 7475
f 7476 7475 7477
f 7477 7475 7412
f 7475 7417 7412
f 7478 7409 7388
f 7478 7388 7479
f 7478 7411 7409
f 7477 7411 7478
f 7477 7478 7480
f 7480 7478 7481
f 7481 7478 7479
f 7476 7482 5857
f 5857 7482 5856
f 7476 7480 7482
f 7480 7483 7482
f 7428 7482 7483
f 7428 5856 7482
f 4729 4728 7484
f 4729 7484 6643
f 4728 4512 7484
f 6643 7484 6642
f 7484 7485 6642
f 7484 4512 7485
f 7486 6640 6639
f 7486 6639 7487
f 7488 6639 6642
f 7488 7487 6639
f 7463 7489 7490
f 7490 7489 4513
f 7463 7491 7489
f 7488 7489 7491
f 7488 7485 7489
f 7489 7485 4513
f 7492 7493 7494
f 6889 7493 7492
f 7493 7495 7494
f 7493 7229 7495
f 7496 7493 6889
f 7493 7496 7228
f 7493 7228 7229
f 7497 7498 6891
f 7497 7233 7498
f 7496 6891 7498
f 7496 7498 7217
f 7233 7217 7498
f 2620 7499 7500
f 7501 7500 7499
f 6427 7502 7499
f 6427 7499 2619
f 7501 7499 7502
f 2620 2619 7499
f 5825 2620 7500
f 7503 5827 7500
f 5825 7500 5827
f 7504 7500 7501
f 7504 7503 7500
f 7505 7506 7507
f 7505 7507 7508
f 7505 6679 6182
f 7505 6182 7506
f 7505 7509 6679
f 7505 7508 7509
f 7510 7511 7512
f 7511 7510 7513
f 7511 7514 7507
f 7511 7507 7515
f 7511 7513 7514
f 7512 7511 7515
f 7516 5832 7517
f 7516 7517 7518
f 7517 5832 1819
f 7517 7519 7518
f 7517 1819 7520
f 7517 7520 7519
f 7516 5831 5832
f 7516 7521 5831
f 7516 7518 5882
f 7516 5883 7521
f 7516 5882 5883
f 5867 5835 7522
f 5835 7521 7522
f 7422 5867 7522
f 5880 7522 7521
f 5889 7522 5880
f 7422 7522 5889
f 7523 7518 7519
f 7523 5898 7518
f 7523 4444 5899
f 7523 5899 5898
f 7523 4445 4444
f 7523 7519 4445
f 7524 7525 7526
f 7525 7527 7526
f 7528 7524 7526
f 7528 7526 7529
f 7526 7530 7531
f 7526 7527 7530
f 7526 7531 7529
f 7532 7533 7534
f 7532 7529 7533
f 7532 6610 7528
f 7532 7528 7529
f 7532 7534 7535
f 7532 7535 6610
f 7536 7537 7538
f 7538 7537 7539
f 6967 7537 7536
f 7540 7537 6967
f 7540 7541 7537
f 7542 7537 7541
f 7542 7539 7537
f 7543 7541 7544
f 7545 7543 7544
f 7546 7541 7543
f 7546 7543 7547
f 7547 7543 7545
f 6966 6976 7544
f 7545 7544 6976
f 7545 6976 6978
f 6966 6964 6976
f 7548 6388 6383
f 7548 6383 7549
f 7548 7550 6388
f 7548 7551 7550
f 7548 7549 7552
f 7548 7552 7551
f 7553 7554 7555
f 7553 7555 7556
f 7553 7551 7554
f 7557 7551 7553
f 7553 7556 7558
f 7557 7553 7558
f 7559 7560 7561
f 7562 7561 7560
f 7563 7560 7559
f 7564 7560 7563
f 7564 7558 7560
f 7562 7560 7558
f 7565 7312 7566
f 7565 7566 5484
f 7565 7301 7307
f 7565 7307 7312
f 7300 7301 7565
f 7300 7565 5484
f 7567 7568 7569
f 7569 7568 3510
f 3055 3054 7568
f 3492 3055 7568
f 3054 3510 7568
f 7567 3492 7568
f 7570 7571 7572
f 7572 7571 7573
f 7574 7571 7575
f 2610 7571 7574
f 7570 7576 7571
f 7575 7571 7576
f 2610 7573 7571
f 7577 7578 7579
f 7577 7579 7580
f 7579 7578 851
f 7579 851 7117
f 7579 7117 7118
f 7579 7118 7580
f 7581 7582 7583
f 7583 7582 7584
f 7585 2509 7583
f 7585 7583 7586
f 7581 7583 2509
f 7583 7584 7586
f 7587 7588 7589
f 7587 7590 7588
f 7588 7591 7589
f 7592 7591 7588
f 7592 7588 7590
f 7593 7594 7595
f 7593 7596 7594
f 7597 7594 7598
f 7598 7594 7599
f 7597 7595 7594
f 7594 7596 7599
f 7600 7601 7602
f 7603 7602 7601
f 7600 7602 7604
f 5666 7605 7602
f 5673 5666 7602
f 5673 7602 7603
f 7604 7602 7605
f 7606 7607 7608
f 7606 7609 7607
f 1762 7610 7607
f 7610 2613 7607
f 7608 7607 2613
f 1762 7607 7609
f 7611 7612 7613
f 7613 7612 7614
f 7611 7613 7615
f 7613 7616 7617
f 7613 7614 7616
f 7613 7617 7615
f 7618 7619 7620
f 7619 7621 7620
f 7622 7623 7620
f 7620 7623 2524
f 7618 7620 2524
f 7622 7620 7621
f 7624 7625 3284
f 1839 7625 7624
f 3284 7625 7626
f 7627 7625 1839
f 7627 5404 7625
f 5404 7626 7625
f 7628 7629 3290
f 7628 2976 7629
f 7624 3282 7629
f 7624 7629 7630
f 3282 3290 7629
f 2976 7630 7629
f 7631 7632 7633
f 7631 7633 7634
f 7633 7632 1833
f 1829 7633 1833
f 7635 7633 1829
f 7635 7634 7633
f 7630 7636 1837
f 7630 2977 7636
f 1838 1837 7636
f 7637 7636 7632
f 7637 1838 7636
f 7632 7636 2977
f 7628 1846 2975
f 7628 2975 2976
f 2975 7638 1834
f 1846 7638 2975
f 3121 3122 7639
f 7639 3122 3154
f 6103 7640 7641
f 7640 3647 7641
f 5812 6103 7641
f 5812 7641 5815
f 2596 5815 7641
f 7641 3647 2596
f 7642 7643 7644
f 7645 7644 7643
f 7642 7644 6451
f 7645 7646 7644
f 7647 6451 7644
f 7647 7644 7646
f 7648 7649 7650
f 7648 7650 7651
f 7648 7645 7649
f 7648 7652 7645
f 7648 6992 7652
f 7648 7651 6992
f 7653 7654 7655
f 7654 7656 7655
f 7653 7655 7651
f 7655 7656 7657
f 7655 6991 7651
f 7655 7657 6991
f 7653 7650 7658
f 7658 7650 7659
f 7653 7658 7660
f 7658 6464 7660
f 7658 7661 6464
f 7658 7659 7661
f 7654 7660 7662
f 7654 7662 7663
f 7653 7660 7654
f 7654 7663 7656
f 6465 7662 7660
f 1813 7662 7664
f 6465 7664 7662
f 1813 7663 7662
f 7664 7665 7666
f 7667 7666 7665
f 6463 7665 7664
f 7668 7665 6463
f 7668 7669 7665
f 7667 7665 7669
f 1809 7666 1810
f 7670 1810 7666
f 7664 7666 1809
f 7667 7670 7666
f 1810 7671 1812
f 7672 1810 7670
f 7672 7671 1810
f 4034 4036 4043
f 4028 4034 4043
f 7673 4034 4028
f 7673 4037 4034
f 7674 7675 7676
f 7674 2904 7675
f 7675 2903 7677
f 7675 2904 2903
f 7675 7677 7678
f 7675 7678 7676
f 7679 7680 7681
f 7682 7680 7679
f 7679 7681 7683
f 7679 7683 7684
f 7679 7684 7685
f 7682 7679 7685
f 7686 7687 7680
f 7688 7686 7680
f 7686 7689 7687
f 7686 7690 7689
f 7691 7690 7686
f 7688 7691 7686
f 7692 7681 7687
f 7693 7692 7687
f 7692 7694 7681
f 7692 7695 7694
f 7692 7696 7695
f 7693 7696 7692
f 7697 7698 7699
f 7700 7698 7697
f 7697 7683 7694
f 7701 7697 7694
f 7697 7699 7683
f 7700 7697 7701
f 7702 7684 7699
f 7703 7702 7699
f 7702 7704 7684
f 7705 7704 7702
f 7705 7702 2738
f 7703 2738 7702
f 7706 7707 5754
f 7706 7708 7707
f 7707 5752 5754
f 7695 7707 7709
f 7708 7709 7707
f 7707 7696 5752
f 7695 7696 7707
f 7710 7711 7712
f 7710 7713 7711
f 7710 7712 7696
f 7693 7710 7696
f 7693 7713 7710
f 5761 7714 7715
f 5761 7716 7714
f 5760 7716 5761
f 5761 7715 5763
f 7717 7718 7719
f 7717 7719 7720
f 7717 7721 7722
f 7717 7723 7721
f 7717 7722 7718
f 7717 7720 7723
f 7724 7725 7721
f 7724 7721 7726
f 7724 7727 7725
f 7724 7726 7728
f 7724 7728 7729
f 7724 7729 7727
f 7730 7731 7732
f 7730 7733 7731
f 7731 7734 7735
f 7733 7734 7731
f 7736 7731 7735
f 7736 7732 7731
f 7737 7738 7739
f 7740 7739 7738
f 7737 7739 7741
f 7736 7739 7740
f 7739 7742 7741
f 7736 7742 7739
f 7737 7718 7738
f 7740 7738 7743
f 7738 7718 7743
f 7744 7722 7725
f 7744 7725 7745
f 7744 7743 7722
f 7744 7746 7743
f 7744 7747 7746
f 7744 7748 7747
f 7744 7745 7748
f 7749 7750 7751
f 7749 7752 7750
f 7750 5411 7751
f 7750 1128 5411
f 7753 7750 7752
f 7753 1128 7750
f 7754 7755 7756
f 7754 7741 7755
f 7719 7737 7754
f 7737 7741 7754
f 7757 7719 7754
f 7757 7754 7756
f 7758 7756 7755
f 7755 7741 7759
f 7760 7755 7759
f 7758 7755 7760
f 7761 7762 7763
f 7764 7762 7761
f 7763 7762 7716
f 7714 7762 7765
f 7714 7716 7762
f 7765 7762 7764
f 7761 7713 7766
f 7761 7766 7767
f 7689 7766 7713
f 7766 1422 7767
f 7766 7690 1422
f 7689 7690 7766
f 7768 878 875
f 2654 7768 875
f 7769 7770 2899
f 2899 7770 2897
f 7769 879 7770
f 7770 879 880
f 7770 880 7771
f 7770 7771 2897
f 877 879 7772
f 877 7773 6
f 877 7772 7773
f 7774 7775 7771
f 7774 7776 7775
f 1754 7774 7771
f 7777 7776 7774
f 1754 7778 7774
f 7777 7774 7778
f 7779 7780 7781
f 7782 7779 7781
f 7779 7783 7784
f 7779 7784 7780
f 7779 7785 7783
f 7782 7785 7779
f 4 7786 3079
f 7787 3079 7786
f 4 7788 7786
f 7789 7786 7788
f 7787 7786 7790
f 7789 7790 7786
f 7791 7788 7
f 7791 7792 7788
f 7791 7 7773
f 7791 7773 7793
f 7791 7793 883
f 7791 883 7792
f 2894 7794 2895
f 2894 2897 7775
f 2894 7775 7795
f 7796 2894 7795
f 7796 7794 2894
f 7797 7792 882
f 7797 882 4438
f 7797 7789 7792
f 7797 7798 7789
f 7797 4440 7798
f 7797 4438 4440
f 7769 2900 7799
f 7769 7799 7772
f 7799 2900 7800
f 7799 7793 7772
f 7799 885 7793
f 7799 7800 885
f 7639 3141 3147
f 3121 7639 3147
f 7801 886 7800
f 2898 7801 7800
f 7801 7802 886
f 7803 7804 7801
f 7804 7805 7801
f 7803 7801 2898
f 7801 7805 7802
f 891 676 866
f 676 810 866
f 894 891 866
f 6489 3715 3729
f 3715 3725 3729
f 7806 893 7807
f 893 7808 7807
f 7806 7807 7809
f 7809 7807 7810
f 7808 7810 7807
f 890 7806 7811
f 7806 7812 7811
f 890 7811 7813
f 7814 7813 7811
f 2600 7814 7811
f 7812 2600 7811
f 7815 7816 7809
f 7815 7817 7816
f 7809 7816 7812
f 7817 5817 7816
f 2597 7812 7816
f 5817 2597 7816
f 3767 3761 7818
f 3761 3762 7818
f 7819 5778 7820
f 7819 5782 5778
f 7821 7819 7822
f 7822 7819 7820
f 7823 7819 7821
f 7823 5782 7819
f 5269 5268 7824
f 5269 7824 7825
f 7826 5269 7825
f 7826 5270 5269
f 7827 7828 7829
f 7830 7829 7828
f 7825 7824 7828
f 7831 7828 7824
f 7825 7828 7827
f 7832 7830 7828
f 7832 7828 7831
f 904 7833 905
f 7833 7834 905
f 7833 7835 7834
f 1679 7835 7833
f 7836 7833 904
f 7836 1679 7833
f 905 7837 907
f 905 7834 7837
f 2892 7838 908
f 7838 909 908
f 7839 2892 908
f 907 7839 908
f 7840 7147 3130
f 7840 3130 3132
f 7841 7842 7843
f 7841 7843 911
f 7841 7844 7842
f 915 7841 911
f 915 7845 7841
f 7841 7845 7844
f 912 911 946
f 912 7846 913
f 912 945 7846
f 912 946 945
f 7847 2889 2888
f 2890 2889 7848
f 7848 2889 7849
f 7847 7849 2889
f 914 916 7850
f 914 7850 1700
f 7850 916 7851
f 1697 7850 7851
f 1697 1700 7850
f 917 919 7852
f 920 1704 919
f 1707 7852 919
f 1704 1707 919
f 917 1695 921
f 922 921 1697
f 936 2888 2891
f 936 933 2888
f 7847 2888 933
f 920 931 7853
f 930 7853 931
f 923 931 920
f 923 933 931
f 7839 7854 2893
f 2893 7854 7855
f 7839 7837 7854
f 7856 7854 7837
f 7856 7857 7854
f 7857 7858 7854
f 7855 7854 941
f 941 7854 7858
f 7835 7859 7860
f 1683 7859 7835
f 7834 7835 7860
f 1679 1683 7835
f 7859 7861 7862
f 2781 7861 7859
f 7859 7862 7860
f 2781 7859 1683
f 7863 7864 7862
f 1718 7863 7862
f 7863 7857 7864
f 7863 7865 7857
f 1718 1719 7863
f 7863 1719 7865
f 7866 7867 7868
f 7866 7868 2774
f 7868 7867 7869
f 7868 7869 1726
f 2776 7868 1726
f 2774 7868 2776
f 920 7853 1704
f 930 7866 7853
f 7853 7866 1703
f 1704 7853 1703
f 930 934 7867
f 934 7870 7867
f 937 934 935
f 937 7870 934
f 936 2891 7871
f 2891 7855 7871
f 936 7871 935
f 935 7871 938
f 938 7871 7855
f 7858 7872 942
f 7865 7872 7858
f 942 7872 7873
f 7874 7873 7872
f 7865 7874 7872
f 7875 2769 7876
f 2770 2769 7875
f 942 7873 7875
f 942 7875 943
f 7873 2770 7875
f 7875 7876 943
f 7877 7870 940
f 7878 7877 940
f 7877 7869 7870
f 7878 1727 7877
f 1727 7869 7877
f 2890 7879 7838
f 7838 7879 7880
f 2890 7848 7879
f 7848 7846 7879
f 7879 7881 7880
f 7879 7846 7881
f 2669 7843 7842
f 7843 946 911
f 946 7843 948
f 2669 948 7843
f 949 2668 7882
f 2667 7882 2668
f 949 948 2668
f 2669 2668 948
f 949 7882 7883
f 7883 7882 1685
f 947 949 7883
f 7884 947 7883
f 472 7884 7883
f 1685 472 7883
f 7885 7886 7887
f 7885 7888 7886
f 7887 7886 7889
f 7886 7890 7891
f 7886 7891 7889
f 7888 7890 7886
f 3870 3875 7892
f 3871 3870 7892
f 7893 7894 7895
f 7895 7894 7896
f 7893 7897 7894
f 7898 7894 7897
f 7899 7894 7898
f 7899 7896 7894
f 7900 7901 7902
f 7900 7903 7901
f 7904 7902 7901
f 7904 7901 7905
f 7901 7906 7905
f 7903 7906 7901
f 7907 982 7908
f 7907 7908 7909
f 7907 7910 7911
f 7907 7911 7912
f 7907 7909 7910
f 7907 7912 982
f 509 5639 7913
f 7913 5639 7914
f 7915 509 7913
f 7915 7913 7916
f 7913 7917 7916
f 7913 7914 7917
f 7918 7919 7920
f 5358 7919 7918
f 7919 512 7915
f 7915 7920 7919
f 5648 512 7919
f 5359 5648 7919
f 5359 7919 5358
f 7921 6352 6349
f 7921 6353 6352
f 7921 7922 5640
f 7921 6349 7922
f 7921 5640 7923
f 7921 7923 6353
f 7924 7925 7926
f 7927 7926 7925
f 7924 7926 7928
f 7929 7926 7927
f 7930 7926 7929
f 7930 7928 7926
f 7931 7932 7927
f 7933 7927 7932
f 7931 7934 7932
f 7932 7934 7935
f 7933 7932 7936
f 7932 7935 7936
f 7924 7937 7925
f 7931 7927 7925
f 7938 7931 7925
f 7938 7925 7937
f 7939 7940 7941
f 7939 7942 7940
f 7943 7939 7944
f 7943 7942 7939
f 7939 7941 7945
f 7939 7945 7944
f 7946 1581 517
f 7946 517 2500
f 1581 519 517
f 952 519 1579
f 1581 1579 519
f 7947 952 1579
f 7947 1579 1578
f 3989 3988 4039
f 3989 4039 4036
f 4969 7948 1150
f 7949 1150 7948
f 4969 7923 7948
f 7950 7949 7948
f 5641 7950 7948
f 7923 5641 7948
f 1578 718 7951
f 7952 7951 718
f 7953 7954 7951
f 7947 7951 7954
f 7952 7953 7951
f 7947 1578 7951
f 1151 1150 7949
f 1151 7949 7953
f 7952 1151 7953
f 1149 1151 7952
f 7955 7956 7957
f 7955 7958 7956
f 7959 7955 7957
f 7959 7960 7955
f 7955 7961 7958
f 7955 7960 7961
f 7956 7962 7957
f 7956 7963 7962
f 7956 7958 7964
f 7956 7964 7963
f 7965 7966 7967
f 7965 7968 7966
f 7965 7967 7969
f 7965 7969 7970
f 7965 7970 7971
f 7965 7971 7968
f 7972 7973 7974
f 7972 7975 7973
f 7972 7974 7966
f 7972 7966 7968
f 7972 7976 7975
f 7972 7968 7976
f 3970 182 181
f 7977 7978 7979
f 7977 7979 7980
f 7977 7981 7978
f 7977 7982 7981
f 7977 7983 7982
f 7977 7980 7983
f 7984 7979 7985
f 7984 7980 7979
f 7984 7985 7962
f 7984 7962 7986
f 7984 7987 7980
f 7984 7986 7987
f 7988 7987 7986
f 7988 2731 7987
f 7988 7986 7963
f 7988 2729 2731
f 7988 7963 7989
f 7988 7989 2729
f 2731 2730 7983
f 2730 7990 7983
f 2730 2732 7991
f 2730 7991 7990
f 7985 7979 7992
f 7992 7979 7978
f 7985 7992 7993
f 7992 7978 7973
f 7992 7973 7994
f 7992 7994 7993
f 7995 7957 7985
f 7995 7985 7993
f 7959 7957 7995
f 7995 7993 7996
f 7997 7995 7996
f 7959 7995 7997
f 7998 7999 8000
f 8001 7998 8000
f 8002 8000 7999
f 8000 8002 7555
f 8001 8000 8003
f 8003 8000 7555
f 8004 6979 8005
f 8004 8005 6934
f 6979 8006 8005
f 8007 8005 8006
f 8005 6936 6934
f 8005 8007 6936
f 8008 8009 8010
f 8009 8011 8010
f 8008 8012 8009
f 8009 8012 8013
f 8009 8013 7831
f 8009 7831 8011
f 3703 956 3704
f 5554 3704 956
f 5554 5551 3704
f 2591 3704 5551
f 5612 5610 959
f 957 5612 959
f 957 2581 5612
f 5612 2581 2583
f 5638 8014 960
f 5638 5637 8014
f 8014 961 960
f 8014 8015 961
f 8014 2579 8015
f 8014 5637 2579
f 8016 8017 8018
f 2343 8017 8016
f 8016 961 8015
f 8016 964 961
f 2343 8016 8015
f 8016 8018 964
f 4016 4022 6611
f 4016 6611 4042
f 4026 6611 4022
f 6611 4043 4042
f 4039 3988 8019
f 4039 8019 4041
f 8020 8021 8022
f 8020 8022 8023
f 8020 8024 8021
f 8025 8024 8020
f 1050 8020 8023
f 1050 8025 8020
f 1049 8026 8027
f 8026 8028 8027
f 1049 8027 8025
f 8029 8030 8027
f 8029 8027 8028
f 8030 8025 8027
f 8031 5621 5618
f 8031 5618 8032
f 8033 5621 8031
f 8033 8031 8034
f 8034 8031 8035
f 8031 8032 8035
f 5019 5021 8036
f 8037 5019 8036
f 8038 8036 5021
f 8038 8039 8036
f 8039 8040 8036
f 8037 8036 8040
f 8041 8042 8043
f 8044 8042 8041
f 7542 8041 8043
f 8045 8044 8041
f 7546 8041 7542
f 7546 8045 8041
f 969 968 5590
f 969 8046 970
f 969 6248 8046
f 969 5590 6248
f 8047 8048 8046
f 8047 8046 6246
f 8049 8048 8047
f 8049 8047 8050
f 8047 8051 8050
f 8047 6246 8051
f 8052 8053 8054
f 2106 8054 8053
f 8053 970 8048
f 973 970 8053
f 8055 8053 8048
f 8052 973 8053
f 2106 8053 8055
f 8052 2574 973
f 972 973 2574
f 8052 2577 2574
f 972 2574 2576
f 4093 4075 8056
f 4095 8056 4075
f 8057 8056 8058
f 8057 8059 8056
f 8058 8056 4095
f 4093 8056 8059
f 8060 8061 8062
f 8060 8063 8061
f 8064 8060 8062
f 8064 8065 8060
f 8065 8066 8060
f 8060 8066 8063
f 8067 8062 8061
f 8067 8061 7903
f 8067 8068 8062
f 8067 7903 8069
f 8070 8067 8069
f 8070 8068 8067
f 8071 8072 6492
f 8071 6492 6493
f 8071 8073 8072
f 8071 5064 8073
f 8071 8074 5064
f 8071 6493 8074
f 698 8072 8075
f 8072 8076 8075
f 695 698 8075
f 6488 695 8075
f 8077 8075 8076
f 2585 8075 8077
f 6488 8075 2585
f 8077 8078 8079
f 2584 8077 8079
f 8078 8080 8079
f 8079 8080 5629
f 5614 8079 5629
f 5614 2584 8079
f 8081 8082 8080
f 5058 8082 8081
f 5631 8080 8082
f 8083 5631 8082
f 5058 8084 8082
f 8084 8083 8082
f 4077 4075 4093
f 455 5457 456
f 456 5457 5459
f 456 5459 5465
f 456 5465 458
f 8085 8086 7283
f 8085 7283 8087
f 8085 8088 8086
f 8085 8087 8089
f 8085 8090 8088
f 8085 8089 8090
f 2165 1398 4288
f 1395 4288 1398
f 2165 4288 4212
f 1395 4289 4288
f 1396 1397 8091
f 1396 8092 1392
f 1396 8093 8092
f 1396 8091 8093
f 8094 2330 2332
f 6708 2330 8094
f 8094 8095 8096
f 6708 8094 8096
f 8094 8097 8095
f 8094 2332 8097
f 8098 8099 8100
f 8098 8100 1032
f 8098 8101 8099
f 8098 8102 8101
f 8103 8102 8098
f 8103 8098 1032
f 8096 8104 8105
f 8096 8105 8106
f 8105 8104 8107
f 8106 8105 8108
f 8108 8105 8107
f 8109 8110 8099
f 8109 8111 8110
f 8109 8099 8112
f 8109 8112 8113
f 8109 8113 8097
f 8109 8114 8111
f 8109 8097 8114
f 8095 8115 8104
f 8095 8113 8115
f 8115 8116 8104
f 8115 8113 8117
f 8115 8117 8118
f 8115 8118 8116
f 7827 8119 8120
f 5575 8120 8119
f 8119 5634 5574
f 5575 8119 5574
f 8119 8121 5634
f 7827 8121 8119
f 8122 8123 8124
f 8124 8123 8125
f 6876 8123 8122
f 6876 3308 8123
f 3308 8126 8123
f 8123 8126 8125
f 2711 8127 8124
f 8124 8128 2711
f 8127 2711 2713
f 2711 8128 2714
f 6876 8129 1576
f 8130 1576 8129
f 8130 1577 1576
f 5971 8131 8132
f 5971 8132 5973
f 5970 8131 5971
f 8133 8134 8135
f 8136 8135 8134
f 8130 8137 8135
f 8130 8135 3593
f 8137 8133 8135
f 8136 3593 8135
f 8129 8122 8138
f 8139 8138 8122
f 8140 8129 8138
f 8140 8138 8141
f 8139 8142 8138
f 8141 8138 8142
f 8140 8143 8137
f 8140 8141 8143
f 2922 8137 8143
f 8144 2922 8143
f 8144 8143 8141
f 8145 8146 8147
f 8148 8147 8146
f 8149 8146 8145
f 8149 8150 8146
f 8148 8146 8151
f 8151 8146 8150
f 3540 3542 8152
f 3540 8153 3543
f 3540 8152 8153
f 2418 8154 2419
f 2418 2421 8155
f 2418 8155 8152
f 2418 3542 8154
f 2418 8152 3542
f 8156 8157 8158
f 8150 8158 8157
f 8159 8158 8013
f 7832 8013 8158
f 8156 8158 8159
f 7832 8158 8160
f 8160 8158 8150
f 8161 8162 901
f 8163 8161 901
f 8161 8164 8162
f 8165 8164 8161
f 8166 8161 8163
f 8165 8161 8166
f 8166 8163 8157
f 8156 8166 8157
f 8167 8157 8163
f 8167 8150 8157
f 8168 8169 8159
f 8170 8169 8168
f 8156 8159 8169
f 8171 8156 8169
f 8171 8169 8170
f 8172 8010 8173
f 8174 8172 8173
f 8008 8010 8172
f 8008 8172 8175
f 8174 8176 8172
f 8177 8172 8176
f 8175 8172 8177
f 8178 8179 8180
f 8181 8180 8179
f 8178 8180 8176
f 8182 8176 8180
f 8182 8180 8181
f 8183 8184 8182
f 8177 8182 8184
f 8183 8185 8184
f 8177 8184 8186
f 8185 8186 8184
f 8057 209 8059
f 8057 8187 209
f 8057 8058 8188
f 8057 8188 8187
f 8189 8190 983
f 8189 8191 8190
f 8192 983 8190
f 8193 8192 8190
f 8194 8190 8191
f 8193 8190 8194
f 8059 209 208
f 8187 211 209
f 8195 8196 8197
f 8195 7401 8196
f 8198 8195 8197
f 8195 6051 6054
f 7402 8195 6054
f 8198 6051 8195
f 7402 7401 8195
f 3699 5528 5523
f 5523 5528 6629
f 6628 6396 5523
f 6628 5523 6629
f 6396 5524 5523
f 8199 8200 8201
f 8200 6634 8201
f 8199 8202 8200
f 8203 8200 8204
f 8203 6634 8200
f 8204 8200 8202
f 8205 8206 8207
f 8205 8207 8208
f 8203 8209 8207
f 6633 8203 8207
f 8207 8209 8210
f 6633 8207 8206
f 8207 8210 8208
f 6166 8205 6167
f 8205 8208 6167
f 6166 8206 8205
f 8211 7120 8212
f 7703 8211 8212
f 2738 8212 987
f 7703 8212 2738
f 987 8212 7115
f 7115 8212 7120
f 2881 8213 8214
f 993 8214 8213
f 8215 2881 8214
f 993 992 8214
f 8214 992 8216
f 8215 8214 2985
f 8214 8216 2985
f 2885 8213 2881
f 2885 5748 8213
f 993 8213 8217
f 5748 8217 8213
f 7705 2739 8218
f 8218 2739 8219
f 7705 8218 8220
f 8218 8221 8220
f 8218 8222 8221
f 8218 8219 8222
f 8223 8224 8225
f 8226 8225 8224
f 8223 8227 8224
f 8227 8228 8224
f 8226 8224 5750
f 8228 5750 8224
f 8229 8225 8230
f 2884 8230 8225
f 8223 8225 8229
f 2886 8225 8226
f 2886 2884 8225
f 8231 1860 8230
f 8231 8230 2884
f 1861 8229 8230
f 1861 8230 1860
f 8232 8233 8221
f 8234 8232 8221
f 8235 8233 8232
f 8236 8232 8234
f 8235 8232 8237
f 8236 8237 8232
f 8238 8233 8239
f 8240 8238 8239
f 8238 7685 7704
f 8238 7704 8220
f 8240 7685 8238
f 8238 8220 8233
f 8217 5745 8219
f 5748 5745 8217
f 8222 8219 5745
f 8241 5745 5747
f 8241 8222 5745
f 2885 5749 5748
f 2885 2886 5749
f 8226 5750 5749
f 2886 8226 5749
f 8242 4140 4138
f 8242 4138 8243
f 4138 4139 4146
f 8243 4138 4146
f 8244 8245 5747
f 8244 8246 8245
f 8241 5747 8245
f 8241 8245 8236
f 8247 8245 8248
f 8236 8245 8247
f 8248 8245 8246
f 8231 7162 1857
f 8231 8249 7162
f 7162 8249 995
f 7162 995 7154
f 8215 2882 2881
f 8249 2882 996
f 8249 2884 2882
f 996 2882 8215
f 5145 8250 5143
f 8250 5525 5143
f 5145 5130 8250
f 8251 5530 8250
f 5522 8250 5530
f 8251 8250 5130
f 5522 5525 8250
f 8252 7239 7238
f 8252 7238 8253
f 6045 6044 7238
f 6044 8253 7238
f 6038 8254 8255
f 6038 8255 6042
f 8256 8257 8255
f 8256 8255 8254
f 8253 8255 8257
f 6042 8255 8253
f 8258 8259 8260
f 8261 8259 8258
f 8262 8263 8259
f 8264 8262 8259
f 8263 8260 8259
f 8264 8259 8261
f 8265 4204 4198
f 8265 8266 4204
f 4202 4204 8266
f 4204 4197 4198
f 8267 1003 8268
f 1003 8269 8268
f 8267 1001 1003
f 1003 8270 8269
f 1004 8270 1003
f 8271 8272 8269
f 8271 8273 8272
f 8274 8271 8269
f 8275 8271 8274
f 8275 2478 8271
f 8271 2478 8273
f 8267 8268 8276
f 8268 8277 8276
f 8268 8269 8272
f 8268 8272 8277
f 1004 1006 8278
f 1006 1690 8278
f 1004 8278 8279
f 8279 8278 8280
f 8278 8281 8280
f 8278 1690 8281
f 8282 8283 8281
f 8282 8281 1694
f 8284 8283 8282
f 8284 8282 8285
f 8282 8286 8285
f 8282 1694 8286
f 8274 8270 8287
f 8287 8270 8279
f 8288 8274 8287
f 8287 8279 8289
f 8287 8289 8290
f 8288 8287 8290
f 8291 8292 6015
f 8292 6017 6015
f 8291 6015 6021
f 6014 6021 6015
f 7904 8293 8294
f 8293 8295 8294
f 7904 8294 8296
f 8296 8294 8297
f 8294 8298 8297
f 8294 8295 8298
f 8299 8300 8298
f 8299 8301 8300
f 8299 8298 8295
f 8299 8302 8301
f 8299 8303 8302
f 8299 8295 8303
f 8304 7566 7311
f 7311 7566 7312
f 5483 7566 8305
f 8304 8305 7566
f 5483 5484 7566
f 8306 8305 8307
f 8306 8307 8308
f 8309 8307 8305
f 7097 8308 8307
f 7097 8307 8309
f 8310 6865 7295
f 6868 6865 8310
f 8310 7295 7298
f 8311 8310 7298
f 6868 8310 5494
f 8311 5494 8310
f 8312 8313 1011
f 8312 1011 8314
f 8312 8315 8313
f 8312 8316 8315
f 8312 8317 8316
f 8312 8314 8317
f 8318 8319 8320
f 8320 8319 8321
f 8320 8322 8323
f 8324 8322 8320
f 8318 8320 8323
f 8324 8320 8321
f 8325 8326 8322
f 8325 8327 8326
f 8328 8325 8322
f 8325 8329 8327
f 8325 8330 8329
f 8328 8330 8325
f 8326 1008 8313
f 8326 8313 8323
f 8326 8331 1008
f 8326 8323 8322
f 8326 8327 8331
f 5501 8332 5502
f 7085 5502 8332
f 7085 2567 5502
f 8333 8334 8335
f 8333 8336 8334
f 8337 8334 8338
f 8337 8335 8334
f 8338 8334 8339
f 8336 8339 8334
f 8337 8340 8341
f 8341 8340 8342
f 8337 8341 8335
f 8335 8341 8343
f 8341 8342 8344
f 8345 8341 8344
f 8345 8343 8341
f 8346 8347 8348
f 8346 8349 8347
f 8346 8348 8342
f 8346 8342 8350
f 8346 8350 8349
f 5456 5472 8351
f 8352 8351 5472
f 8352 5472 8353
f 5472 5473 8353
f 8354 5458 8351
f 8355 8354 8351
f 8354 8356 5458
f 6861 8356 8354
f 6861 8354 8355
f 6863 5468 8356
f 6861 6863 8356
f 6863 8357 5468
f 6863 5146 8357
f 5140 8358 8359
f 8358 8355 8359
f 5140 8359 8360
f 8355 8352 8359
f 8352 8360 8359
f 6987 8361 8362
f 6987 8363 8361
f 6987 8362 8364
f 6987 8364 6988
f 6987 6990 8363
f 8365 8366 8367
f 8367 8366 8368
f 8369 8361 8366
f 8370 8366 8361
f 8369 8366 8365
f 8370 8368 8366
f 8371 8372 8373
f 8373 8372 8374
f 8375 8373 8376
f 8375 6026 8373
f 8377 8371 8373
f 8377 8373 6026
f 8373 8374 8376
f 2606 8378 8379
f 8379 8378 8380
f 2606 8379 8381
f 8382 8381 8379
f 8383 8382 8379
f 8383 8379 8380
f 8384 1018 8385
f 1018 8386 8385
f 8384 8385 8387
f 8385 2622 8387
f 8385 2623 2622
f 8385 8386 2623
f 8384 8388 1017
f 8384 8389 8388
f 8388 5907 1017
f 8388 5905 5907
f 8388 2573 5905
f 8388 8389 2573
f 5504 8390 5726
f 5504 5503 8390
f 8390 8387 5726
f 8390 8389 8387
f 2570 8389 8390
f 2570 8390 5503
f 8391 2605 2604
f 8392 8391 2604
f 8392 2604 8381
f 2606 8381 2604
f 1055 2603 2605
f 1055 2605 8393
f 459 2603 1055
f 1056 1055 8393
f 8394 8395 8396
f 8394 8396 8397
f 8396 8395 8398
f 8396 8398 8399
f 8396 8399 8400
f 8396 8400 8397
f 8394 8401 8402
f 8403 8401 8394
f 8404 8395 8394
f 8403 8394 8397
f 8394 8402 8404
f 8194 8405 8406
f 8405 8404 8406
f 8407 8194 8406
f 8407 8406 8408
f 8406 8404 8402
f 8406 8402 8408
f 8409 8410 8411
f 8409 8411 8412
f 8413 8411 8414
f 8413 8412 8411
f 8411 8410 8414
f 8415 8416 8417
f 8415 8417 8418
f 8415 8345 8416
f 8415 8419 8420
f 8415 8420 8345
f 8415 8418 8419
f 8421 8422 8423
f 8424 8422 8421
f 8425 8421 8423
f 8416 8421 8425
f 8416 8344 8421
f 8424 8421 8348
f 8348 8421 8344
f 8426 8423 8422
f 8427 8422 8428
f 8427 8426 8422
f 8428 8422 8424
f 8416 8425 8417
f 8429 8417 8425
f 8430 8417 8431
f 8429 8431 8417
f 8430 8418 8417
f 4279 8432 8433
f 4279 8433 4287
f 4279 4282 8432
f 4279 4287 4280
f 8428 8434 8435
f 8428 8424 8434
f 8435 8434 8436
f 8437 8436 8434
f 8347 8434 8424
f 8347 8438 8434
f 8437 8434 8438
f 8436 8439 8440
f 8436 8441 8439
f 8442 8440 8439
f 8443 8442 8439
f 8443 8439 8444
f 8444 8439 8441
f 8445 6293 1113
f 8445 6294 6293
f 8445 1113 8446
f 8445 8446 8447
f 8445 8447 8448
f 8445 8448 6294
f 8449 1028 8450
f 1043 8449 8450
f 8449 8451 1028
f 8449 8452 8451
f 8453 8449 1043
f 8453 8452 8449
f 1026 8454 1029
f 1026 8455 8454
f 1026 8451 8456
f 1026 8456 8455
f 1026 1028 8451
f 8457 304 8458
f 8458 304 8459
f 8457 8460 304
f 8459 304 303
f 305 304 8460
f 8458 8461 8462
f 8463 8462 8461
f 8464 8461 8465
f 8464 8466 8461
f 8458 8459 8461
f 8463 8461 8466
f 8461 8459 8465
f 8467 8458 8462
f 8467 8462 8468
f 8468 8462 8469
f 8469 8462 8463
f 8467 8470 8471
f 8472 8471 8470
f 8468 8456 8470
f 8470 8456 8473
f 8467 8468 8470
f 8472 8470 8473
f 8467 8471 8457
f 8457 8471 8474
f 8475 8471 8472
f 8475 8474 8471
f 8469 8463 8476
f 8469 8476 8477
f 8463 8466 8476
f 8477 8476 8478
f 8476 8466 7970
f 8476 7970 8478
f 8477 8479 8454
f 8477 8454 8455
f 8103 8454 8479
f 8103 1029 8454
f 8480 8481 8482
f 8483 8482 8481
f 1037 8481 8484
f 1037 8483 8481
f 8484 8481 8485
f 8485 8481 8480
f 8484 8486 1038
f 8484 8487 8486
f 1038 8486 8453
f 8453 8486 8452
f 8472 8486 8487
f 8472 8473 8486
f 8473 8452 8486
f 8475 8487 8488
f 8475 8488 8489
f 8487 8485 8488
f 8489 8488 8490
f 8485 8491 8488
f 8491 8490 8488
f 8492 1366 1365
f 1368 1366 8493
f 8493 1366 2339
f 8492 2339 1366
f 8489 8494 8474
f 8489 8495 8494
f 8474 8494 8460
f 8494 8495 1709
f 8494 1709 8460
f 8496 8497 8498
f 8497 8499 8498
f 8496 8498 8500
f 8498 8501 8500
f 8498 8502 8501
f 8498 8503 8502
f 8498 8499 8503
f 6473 6823 6467
f 6467 6823 8504
f 6467 8504 6468
f 8505 8506 8507
f 8506 8508 8507
f 8506 8509 8510
f 8506 8511 8509
f 8505 8511 8506
f 8506 8510 8508
f 8505 8507 8512
f 8513 8512 8507
f 8513 8507 8447
f 8447 8507 8508
f 559 8514 1209
f 559 8515 8514
f 559 561 8515
f 8258 8260 8516
f 8258 8516 8515
f 8516 8517 8514
f 8516 8514 8515
f 8516 8518 8517
f 8516 8260 8518
f 8519 8520 8517
f 8519 2877 8520
f 8520 1209 8517
f 8520 8521 1209
f 8520 2875 8521
f 8520 2877 2875
f 8522 8523 2473
f 8522 8524 8523
f 8523 8525 8526
f 8523 8526 8527
f 8523 8524 8525
f 8523 8527 2473
f 8519 8528 8525
f 8519 8518 8528
f 8528 8529 8530
f 8528 8263 8529
f 8528 8530 8525
f 8528 8518 8263
f 8531 1210 8521
f 8531 8521 2874
f 8531 8532 1210
f 8531 8533 8534
f 8531 2874 8533
f 8531 8534 8532
f 8535 8536 8537
f 8537 8536 8538
f 8539 8533 8536
f 8536 8533 2878
f 8539 8536 8540
f 8540 8536 8535
f 8536 2878 8538
f 8541 8540 8542
f 8541 8543 8540
f 8541 8542 8544
f 8541 8545 8543
f 8541 8546 8545
f 8541 8544 8547
f 8541 8547 8546
f 1058 8548 8549
f 8544 8549 8548
f 8535 8549 8542
f 8550 8549 8535
f 8542 8549 8544
f 8550 1058 8549
f 8551 8522 2472
f 8551 2880 8522
f 8522 2473 2472
f 8522 2880 8524
f 1058 8552 8548
f 8553 8548 8554
f 8544 8548 8553
f 8548 4065 8554
f 8548 8552 4065
f 8550 8535 8537
f 8550 8537 1059
f 1059 8537 8555
f 8537 8538 8555
f 8551 2472 8556
f 8551 8556 1060
f 8551 1060 8555
f 8551 8555 2879
f 8551 2879 2880
f 1062 8557 8558
f 8559 8558 8557
f 1062 8556 8557
f 8557 8556 2476
f 8560 8557 2476
f 8559 8557 8560
f 1062 8558 1063
f 1063 8558 8561
f 8561 8558 8562
f 8559 8562 8558
f 8561 8563 1061
f 8561 8564 8563
f 1061 8563 8552
f 4072 4064 8563
f 8564 4072 8563
f 8552 8563 4064
f 8519 8517 8518
f 8519 8525 8524
f 8519 8524 2877
f 8261 8258 8565
f 8258 8515 8565
f 8262 8566 8263
f 6674 8567 8262
f 6674 8262 8264
f 8262 8567 8566
f 8568 8569 8570
f 8568 8570 8571
f 8570 8572 8573
f 8574 8570 8573
f 8570 8569 8572
f 8571 8570 8574
f 8575 8569 8576
f 8575 8576 7778
f 8575 8572 8569
f 8575 1755 1753
f 8575 1753 8572
f 8575 7778 1755
f 8568 8577 8569
f 8568 8578 8579
f 8568 8579 8577
f 8568 8571 8578
f 8580 8576 8581
f 8580 7777 8576
f 8580 8581 8582
f 8580 8583 8584
f 8580 8582 8583
f 8580 8584 7777
f 1070 1065 4448
f 8585 4448 1065
f 4449 1070 4448
f 4446 4448 8585
f 1064 8586 1065
f 1064 1067 8587
f 1064 7364 8586
f 1064 8587 7364
f 2422 8588 2423
f 2422 8589 8588
f 8362 8369 2422
f 8369 8589 2422
f 8362 2422 2424
f 8590 6349 6346
f 8590 6346 8587
f 8590 7917 7914
f 8590 1067 7917
f 8590 7914 7922
f 8590 7922 6349
f 8590 8587 1067
f 8365 8367 8591
f 8367 8592 8591
f 8367 8593 8594
f 8367 8368 8593
f 8367 8594 8592
f 4377 2994 4359
f 4377 2995 2994
f 8595 8596 1075
f 8597 8596 8595
f 8598 1075 8596
f 8597 8599 8596
f 8598 8596 8599
f 6568 6566 2917
f 8600 8601 1091
f 8600 8602 8601
f 8603 8600 1089
f 8600 1091 1089
f 8603 8604 8600
f 8600 8604 8602
f 1080 8605 8601
f 1080 1079 8605
f 8606 1080 8601
f 8606 1081 1080
f 8607 8608 8609
f 8610 8607 8609
f 8611 8608 8607
f 8611 8607 8612
f 8613 8612 8607
f 8613 8607 8610
f 1228 8614 8615
f 8615 8614 8613
f 1228 1227 8614
f 1227 8612 8614
f 8613 8614 8612
f 8616 8617 8618
f 8610 8617 8616
f 8619 8617 8609
f 8619 8620 8617
f 8610 8609 8617
f 8617 8621 8618
f 8617 8620 8621
f 8619 8609 8622
f 8619 8622 8623
f 8609 8608 8622
f 8608 8624 8622
f 8625 8622 8624
f 8625 8623 8622
f 8626 8627 8628
f 8629 8626 8628
f 8628 8627 8630
f 8598 8628 8630
f 8598 8629 8628
f 8631 8632 8633
f 8633 8632 8629
f 8626 8632 8634
f 8629 8632 8626
f 8635 8634 8632
f 8631 8635 8632
f 8636 8637 8638
f 8638 8637 8639
f 8637 8640 8634
f 8635 8637 8634
f 8637 8641 8640
f 8636 8641 8637
f 8635 8639 8637
f 8640 8642 8643
f 8642 8644 8643
f 8626 8634 8643
f 8626 8643 8645
f 8634 8640 8643
f 8643 8644 8645
f 8646 8647 8648
f 8649 8648 8647
f 8650 8647 8646
f 8650 8651 8647
f 8652 8647 8651
f 8652 8649 8647
f 8653 8648 8654
f 8654 8648 8655
f 8656 8653 8654
f 8656 8654 8657
f 8654 8655 8658
f 8654 8658 8659
f 8657 8654 8659
f 8660 8661 8662
f 8663 8661 8660
f 8650 8662 8661
f 8650 8661 8664
f 8665 8664 8661
f 8663 8665 8661
f 8653 8666 8667
f 8668 8667 8666
f 8653 8667 8646
f 8646 8667 8662
f 8669 8662 8667
f 8669 8667 8670
f 8670 8667 8668
f 8656 8666 8653
f 8671 3249 8666
f 8656 8671 8666
f 3249 8668 8666
f 8670 8672 8673
f 8670 8668 8672
f 8674 8673 8672
f 3252 8672 8668
f 3246 8672 3252
f 3246 8674 8672
f 7676 8675 8676
f 8029 8676 8675
f 7676 8676 8677
f 8676 8678 8677
f 8676 8679 8678
f 8029 8679 8676
f 8680 8681 8682
f 4680 8680 8682
f 8683 8682 8681
f 6558 8682 8683
f 6519 8684 8682
f 6558 6519 8682
f 8684 4680 8682
f 8680 5427 8681
f 8680 8685 5427
f 8680 4678 8685
f 4680 4678 8680
f 8683 8686 8687
f 8686 8688 8687
f 8687 6595 6557
f 6558 8687 6557
f 6558 8683 8687
f 8687 8689 6595
f 8687 8688 8689
f 8683 8681 8686
f 8686 8681 5421
f 8686 5421 5424
f 8686 5424 8688
f 8690 5426 8685
f 8690 8691 5426
f 8690 8685 8692
f 8690 8692 8693
f 8690 8693 8691
f 8694 8695 8696
f 8697 8696 8695
f 8694 8696 8688
f 8698 8696 8697
f 8698 8689 8696
f 8689 8688 8696
f 8699 6601 8700
f 8699 8700 8701
f 6597 8700 6601
f 6597 6598 8700
f 8698 8701 8700
f 8698 8700 6598
f 5214 8702 434
f 5214 8703 8702
f 434 8702 8699
f 8699 8702 6601
f 8702 6600 6601
f 8702 8703 6600
f 5288 8704 8705
f 8706 8705 8704
f 8707 8704 5288
f 8707 4877 8704
f 8706 8704 4877
f 7905 8708 8709
f 8710 8709 8708
f 8293 7905 8709
f 8293 8709 8711
f 8710 8712 8709
f 8712 8711 8709
f 8713 8714 8715
f 8713 8716 8714
f 8715 8714 8717
f 2258 8717 8714
f 2258 8714 8718
f 8716 8718 8714
f 8719 8720 8721
f 8722 8721 8720
f 8721 7288 7289
f 8719 8721 7289
f 8722 7288 8721
f 8723 8724 8725
f 8090 8725 8724
f 8723 8726 8724
f 8727 8724 8726
f 8722 8724 8727
f 8722 8090 8724
f 8728 2920 2247
f 2247 190 8729
f 8728 2247 8729
f 7102 7104 8730
f 8731 7104 8732
f 7105 8732 7104
f 8731 8730 7104
f 8731 8732 8733
f 7370 8733 8732
f 8734 8731 8733
f 7370 8735 8733
f 8736 8733 8735
f 8734 8733 8736
f 8252 8737 8738
f 3877 8738 8737
f 8252 8257 8737
f 8257 8739 8737
f 3877 8737 3879
f 3879 8737 8739
f 8740 8741 3882
f 8742 3882 8741
f 8743 8741 8740
f 8743 8734 8741
f 8734 8744 8741
f 8745 8741 8744
f 8742 8741 8745
f 8746 4880 4882
f 8746 4882 5287
f 8747 8748 6803
f 8747 6803 8749
f 8747 8750 8748
f 8747 8749 8751
f 8752 8747 8753
f 8747 8751 8753
f 8752 8750 8747
f 8754 8755 8756
f 8754 8756 8757
f 8755 8758 8756
f 1832 8756 8758
f 1832 1835 8756
f 8757 8756 1835
f 8759 8754 8760
f 8754 8757 8760
f 1848 8761 8760
f 8762 8760 8761
f 1848 8760 8757
f 8759 8760 8762
f 8763 8764 8765
f 8751 8765 8764
f 8755 8764 8758
f 8755 8766 8764
f 8758 8764 8763
f 8751 8764 8766
f 8729 8767 8768
f 8729 8768 8762
f 8768 8767 8766
f 8759 8762 8768
f 8759 8768 8766
f 8606 8769 8770
f 8606 8602 8769
f 8770 8769 8771
f 8763 8771 8769
f 8772 8763 8769
f 8772 8769 8602
f 6802 8773 8765
f 8773 8771 8765
f 6802 8765 8749
f 8749 8765 8751
f 8763 8765 8771
f 6801 8774 8775
f 1082 8775 8774
f 8773 6801 8775
f 1082 1081 8775
f 8770 8775 1081
f 8773 8775 8770
f 8776 8777 8778
f 7727 8777 8776
f 8779 8776 8778
f 8779 8780 8776
f 7745 8776 8780
f 7745 7727 8776
f 5288 8705 5290
f 4853 5290 8705
f 8781 4853 8705
f 8781 8705 8706
f 8782 8778 8783
f 8784 8782 8783
f 8785 8783 8778
f 8786 8783 8785
f 8787 8784 8783
f 8786 8787 8783
f 8788 8782 8789
f 8779 8782 8788
f 8779 8778 8782
f 8784 8789 8782
f 1079 8790 8605
f 8791 8605 8790
f 1084 8790 1079
f 8791 8790 1074
f 6782 1074 8790
f 1084 6782 8790
f 8792 1077 8793
f 8791 1077 8792
f 8792 8793 8794
f 8794 8786 8792
f 8792 1088 1090
f 8791 8792 1090
f 8786 1088 8792
f 8788 8789 8795
f 8796 8788 8795
f 8796 8797 8788
f 8779 8788 8797
f 8798 8795 8789
f 8798 8789 8799
f 8798 8620 8795
f 8798 8644 8621
f 8798 8799 8644
f 8798 8621 8620
f 8641 8642 8640
f 8642 8621 8644
f 8642 8618 8621
f 8641 8618 8642
f 8800 8645 8799
f 8800 8799 8784
f 8800 8627 8645
f 8800 8801 8627
f 8800 8787 8801
f 8800 8784 8787
f 1085 8802 8803
f 1085 8785 8802
f 1085 8803 1086
f 1085 1088 8785
f 8804 8805 8806
f 8806 8805 8807
f 8805 8803 8808
f 8805 8808 7728
f 8804 8803 8805
f 8805 7728 8807
f 8809 1089 1086
f 8810 8809 1086
f 8603 1089 8809
f 8811 8603 8809
f 7635 8811 8809
f 8810 7635 8809
f 4994 8812 2528
f 2528 8812 5369
f 8812 1093 5373
f 5369 8812 5373
f 1475 1093 8812
f 4994 1475 8812
f 1094 1474 1095
f 1475 1094 1093
f 4379 4397 4402
f 4379 4398 4397
f 8813 1096 1095
f 5385 1097 1096
f 3305 5385 1096
f 3305 1096 8813
f 1101 3307 3302
f 1101 8813 1103
f 1101 3302 8813
f 8813 1095 1474
f 1476 1103 1474
f 8813 1474 1103
f 1102 1104 2541
f 1107 3303 8814
f 1107 8814 3288
f 1107 1108 3303
f 1105 1107 3288
f 5405 1111 8815
f 1105 8815 1111
f 7626 5405 8815
f 1105 3287 8815
f 3283 8815 3287
f 7626 8815 3283
f 8816 8817 8442
f 8816 8442 8818
f 8816 6280 8817
f 8816 1115 6286
f 8816 6286 6283
f 8816 8818 1115
f 8816 6283 6280
f 8819 8820 8821
f 8821 8820 8822
f 8819 8821 1116
f 1116 8821 8446
f 8821 8822 8513
f 8821 8513 8446
f 8823 8824 8825
f 8823 8825 8826
f 8824 1121 8825
f 8825 8827 8826
f 8825 8828 8827
f 8825 1121 8828
f 8823 8829 8830
f 8823 8831 8829
f 8832 8830 8829
f 8829 8831 8500
f 8829 8500 8833
f 8832 8829 8833
f 8834 8835 1118
f 8836 8835 8834
f 8824 8830 8834
f 8824 8834 1118
f 8837 8834 8830
f 8837 8836 8834
f 8835 1119 1118
f 8835 8838 1119
f 8839 8838 8835
f 8836 8839 8835
f 8840 8841 8831
f 8840 8842 8841
f 8840 8831 8826
f 8840 8826 8843
f 8840 8843 8842
f 8844 8496 8841
f 8496 8831 8841
f 8844 8841 8845
f 8841 8842 8845
f 8501 8846 8833
f 8501 8847 8846
f 8832 8833 8846
f 8846 8847 8512
f 8846 8512 8848
f 8832 8846 8848
f 8849 8822 8820
f 8836 8849 8820
f 8849 8848 8822
f 8832 8848 8849
f 8837 8832 8849
f 8837 8849 8836
f 8850 8441 8851
f 8850 8851 8852
f 8850 8853 8854
f 8444 8850 8854
f 8850 8855 8853
f 8444 8441 8850
f 8850 8852 8855
f 1119 8838 8856
f 1122 1119 8856
f 8856 8838 8857
f 8856 8857 8853
f 8856 8853 8858
f 1122 8856 8859
f 8859 8856 8858
f 1117 8818 8860
f 8443 8860 8818
f 1117 8860 8861
f 8860 8857 8861
f 8860 8854 8857
f 8443 8854 8860
f 8862 8863 7081
f 8862 5186 8863
f 8862 7081 7053
f 8862 7053 8864
f 8862 5184 5186
f 8862 8864 5184
f 8865 8866 8867
f 8865 8867 8868
f 8865 7079 7080
f 8865 8868 7079
f 8865 7080 8866
f 8867 8866 8869
f 8867 8869 5416
f 8867 5416 5390
f 8867 5390 8870
f 8867 8870 8868
f 8869 8871 8872
f 8871 5180 8872
f 8869 8872 5417
f 8873 5417 8872
f 5180 8874 8872
f 8874 8873 8872
f 8875 8876 1131
f 8875 1131 7753
f 8875 8877 8876
f 8875 7758 8877
f 8875 7753 7758
f 8878 1132 8876
f 8878 8876 8879
f 8878 5391 1132
f 8878 8880 5391
f 8878 8881 8880
f 8878 8879 8881
f 8588 8882 2423
f 8883 8882 8588
f 8589 8884 8588
f 8883 8588 8884
f 8147 8885 8886
f 8147 8887 8885
f 8885 8591 8886
f 8589 8885 8884
f 8589 8591 8885
f 8884 8885 8887
f 8148 8888 8889
f 8148 8889 8887
f 8888 8890 8889
f 8883 8887 8889
f 8883 8889 7889
f 7889 8889 8890
f 5410 5399 5403
f 5410 5403 7627
f 1842 5409 5410
f 1842 5410 7627
f 1840 8891 8892
f 1840 8892 1841
f 8892 7751 5412
f 8892 5412 1841
f 8892 8891 7751
f 8893 8894 8895
f 8893 8895 8896
f 8895 8894 8897
f 8895 8897 8898
f 8895 8898 8899
f 8895 8899 8896
f 8893 3545 8894
f 8893 8896 3546
f 8893 3546 3545
f 8900 2419 8154
f 8900 8901 2419
f 8900 8896 8902
f 8900 3546 8896
f 8900 8902 8901
f 8900 8154 3546
f 8903 8904 7561
f 8905 8903 7561
f 8906 8904 8903
f 8903 8905 8407
f 8407 8408 8903
f 8906 8903 8408
f 8907 8908 8909
f 8907 8910 8908
f 8911 8907 8909
f 8907 8912 8910
f 8913 8912 8907
f 8911 8913 8907
f 8914 8915 8916
f 8913 8915 8914
f 8917 8915 8918
f 8911 8918 8915
f 8917 8916 8915
f 8911 8915 8913
f 8919 8909 8920
f 8921 8920 8909
f 351 8919 8920
f 349 351 8920
f 8922 349 8920
f 8921 8922 8920
f 8923 8919 351
f 8923 8918 8919
f 352 8923 351
f 8923 8924 8918
f 8923 8925 8924
f 352 8925 8923
f 1133 1892 1134
f 1133 8926 1892
f 1891 1134 1892
f 8926 8927 1892
f 8927 1894 1892
f 1133 8928 8926
f 1133 1136 8928
f 8292 8929 8132
f 8292 8132 6017
f 8292 8930 8929
f 8291 8930 8292
f 8931 8932 8927
f 8931 8933 8932
f 8931 8927 8926
f 8931 8926 8916
f 8931 8916 8933
f 1891 2465 1134
f 1137 1134 2465
f 8934 8935 8936
f 8937 8936 8935
f 8934 8938 8935
f 8937 8935 5804
f 5809 5804 8935
f 5809 8935 8938
f 1648 8939 1649
f 1649 1138 1139
f 1651 1649 1139
f 1649 8940 1138
f 1649 8939 8940
f 8941 8942 8943
f 8941 6410 8942
f 900 8941 903
f 903 8941 8943
f 8944 8941 900
f 8944 6410 8941
f 7887 8942 6409
f 7887 8890 8942
f 6409 8942 6410
f 8943 8942 8890
f 8945 8946 8947
f 8947 8948 8945
f 8945 8949 8946
f 8945 8948 8545
f 8945 8545 8950
f 8945 8950 8949
f 5758 2953 8951
f 2952 8951 2953
f 5758 2954 2953
f 8952 8953 8954
f 8955 8954 8953
f 8956 8952 8954
f 8956 8954 7531
f 7531 8954 8957
f 8957 8954 8958
f 8958 8954 8955
f 8952 8003 8953
f 8003 7554 8953
f 7554 7552 8953
f 7552 8955 8953
f 7534 7533 8959
f 8958 8959 7533
f 7529 8957 7533
f 8957 8958 7533
f 5758 8951 5737
f 2952 8960 8951
f 8951 5736 5737
f 8960 5736 8951
f 8961 8962 8963
f 8934 8961 8963
f 8960 8963 8962
f 8934 8963 8938
f 8960 8938 8963
f 8964 3876 3864
f 8964 8738 3876
f 8964 3864 7206
f 8964 7242 7239
f 8964 7239 8738
f 8964 7210 7242
f 8964 7206 7210
f 8293 8711 8965
f 8293 8965 8295
f 8965 8966 8967
f 8965 8967 8303
f 8965 8711 8966
f 8965 8303 8295
f 8968 8969 8970
f 8968 8970 8971
f 8968 8972 8969
f 8968 8302 8972
f 8968 8971 8301
f 8968 8301 8302
f 8973 8974 8735
f 8973 8950 8974
f 8975 8735 8974
f 8975 8974 8976
f 8950 8546 8974
f 8974 8546 8976
f 8975 8977 8736
f 8744 8736 8977
f 8978 8977 8975
f 8979 8977 8978
f 8979 8744 8977
f 8979 8978 8980
f 8981 8980 8978
f 8979 8980 8745
f 8745 8980 8982
f 8981 4059 8980
f 8980 1192 8982
f 8980 4059 1192
f 8064 8983 8984
f 833 8984 8983
f 8064 8068 8983
f 7289 833 8983
f 8719 7289 8983
f 8719 8983 8068
f 8985 4348 8986
f 835 4348 8985
f 8985 8986 8987
f 8065 8985 8987
f 8065 8984 8985
f 835 8985 8984
f 7918 7920 5450
f 5451 7918 5450
f 5451 5357 7918
f 5358 7918 5357
f 8988 1069 5448
f 8988 5448 5450
f 8988 7916 1069
f 8988 5450 7920
f 8988 7920 7916
f 8989 8990 8991
f 8989 7367 8990
f 8989 8992 7367
f 8989 8993 8992
f 8989 8991 8994
f 8989 8994 8993
f 190 192 8767
f 192 8753 8767
f 8752 8753 192
f 8752 192 8995
f 192 193 8995
f 8996 8997 8998
f 8750 8996 8998
f 6913 8997 8996
f 8750 8995 8996
f 8996 8995 8999
f 6913 8996 9000
f 8996 8999 9000
f 5534 9000 8999
f 5534 6928 9000
f 5534 8999 193
f 5534 5536 6928
f 5534 193 191
f 5537 6937 5538
f 5537 6938 6937
f 5537 4302 6938
f 5537 191 4302
f 5538 9001 5539
f 5538 9002 9001
f 6937 9002 5538
f 2249 2921 6946
f 9003 9004 9005
f 9004 9006 9005
f 5645 9004 5646
f 5645 9006 9004
f 9007 5646 9004
f 9003 9007 9004
f 2100 9008 8774
f 1082 8774 9008
f 6808 9008 2100
f 1082 9008 1083
f 6808 9009 9008
f 1083 9008 9009
f 9010 9011 9012
f 9011 9013 9012
f 9011 9010 9014
f 9014 9015 9011
f 9013 9011 9015
f 9016 9017 9010
f 9018 9017 9016
f 9019 9010 9017
f 9020 9021 9017
f 9021 9019 9017
f 9018 9020 9017
f 9022 9023 7524
f 9023 9022 8183
f 6609 9022 7524
f 9024 9022 6609
f 9022 9024 9025
f 8183 9022 9025
f 6607 9026 9027
f 9028 9027 9026
f 9027 9024 6607
f 9029 9027 9028
f 9024 9027 9029
f 6606 9026 6607
f 6606 9030 9026
f 9026 9030 8164
f 9028 9026 8164
f 9031 899 8162
f 9031 8162 9030
f 9032 899 9031
f 9033 9031 9030
f 9034 9031 9033
f 9032 9031 9034
f 9035 9036 9037
f 1141 9036 9035
f 9036 9034 9037
f 9038 9034 9036
f 1140 9038 9036
f 1140 9036 1141
f 9035 9037 6608
f 9035 7535 9039
f 6386 9035 9039
f 9035 6608 7535
f 1141 9035 6386
f 9040 897 9041
f 9032 9041 897
f 9032 897 899
f 9040 900 897
f 9042 9040 9041
f 9032 9038 9041
f 9038 9043 9041
f 9042 9041 9043
f 9044 9045 9046
f 9044 9046 9047
f 9044 9048 9045
f 9044 9049 9048
f 9044 8594 9049
f 9044 9047 8594
f 9050 8034 9051
f 9050 9051 9052
f 8034 9053 9051
f 9051 9046 9054
f 9051 9053 9046
f 9051 9054 9052
f 9055 9054 9045
f 9055 9045 9056
f 9055 9057 9054
f 9055 9056 2871
f 9055 2871 9057
f 6268 9058 9059
f 9059 9058 9057
f 9052 9054 9058
f 9058 9054 9057
f 9060 9052 9058
f 6268 9060 9058
f 8033 9050 9061
f 9050 9060 9061
f 8033 9061 5623
f 9061 9060 6269
f 5625 9061 6269
f 5623 9061 5625
f 6268 9059 9062
f 9062 9059 9063
f 9059 9057 2872
f 9063 9059 2872
f 2938 9064 2939
f 2940 2939 5923
f 5923 2939 9064
f 9065 9048 9066
f 9065 9066 9067
f 9065 9056 9048
f 9065 9067 9068
f 9065 9068 2870
f 9065 2870 9056
f 9069 9070 1158
f 9069 1158 6144
f 9069 9071 9070
f 652 9071 9069
f 6263 9069 6144
f 6263 652 9069
f 9072 9073 9074
f 9072 9074 2869
f 9074 9073 1155
f 9074 1155 9075
f 9074 9075 9076
f 9074 9076 2869
f 1153 6157 1154
f 1153 1155 9073
f 1153 9073 1165
f 1153 1164 6157
f 1153 1165 1164
f 9072 1165 9073
f 9072 1166 1165
f 9072 9077 1166
f 9072 2869 9077
f 1169 1159 1161
f 1167 1161 1162
f 9078 8431 9079
f 9078 9080 8431
f 6291 9078 9079
f 1167 9080 9078
f 1167 9078 1170
f 1170 9078 6291
f 9081 9068 8419
f 9081 2867 9068
f 9081 8419 8418
f 9081 8418 8430
f 9082 9081 8430
f 9082 2867 9081
f 6290 9083 6276
f 8426 6276 9083
f 9079 9083 6290
f 8429 8423 9083
f 8426 9083 8423
f 8429 9083 9079
f 9084 9070 9085
f 9063 9084 9085
f 9084 9075 9070
f 9063 2873 9084
f 9084 2873 9076
f 9084 9076 9075
f 1167 1162 9086
f 9086 1162 9077
f 1167 9086 9080
f 9086 9082 9080
f 9086 9077 2868
f 9086 2868 9082
f 9087 4798 9088
f 9088 4798 4799
f 9088 9089 9090
f 9088 5653 9089
f 9087 9088 9090
f 9088 4799 5653
f 9091 9092 411
f 9091 9093 9092
f 9094 9090 9092
f 9092 9090 9095
f 9094 9092 9093
f 9092 9095 411
f 9096 4794 4793
f 9097 4794 9096
f 9097 5658 4794
f 4796 4794 5658
f 9098 6106 9099
f 5870 9099 6106
f 9098 9099 9100
f 1176 9099 5870
f 1176 9101 9099
f 9101 9100 9099
f 9102 6081 6994
f 9103 6081 9102
f 9102 6994 5335
f 9102 5335 9104
f 9103 9102 9104
f 5336 5335 6994
f 4642 5336 4645
f 9105 9104 5337
f 9105 5337 5328
f 9106 9104 9105
f 9105 5328 5342
f 392 9106 9105
f 392 9105 5342
f 394 9107 9106
f 394 5012 9107
f 9103 9106 9107
f 9108 9107 5012
f 6080 9107 9108
f 6080 9103 9107
f 9109 9110 2938
f 9109 2938 2941
f 9110 9064 2938
f 9111 9112 9113
f 4408 9112 9111
f 9114 9111 9113
f 9114 9115 9111
f 4413 9111 9115
f 4408 9111 4413
f 4640 4639 9116
f 9116 4639 6433
f 5332 4640 9116
f 5347 5332 9116
f 5351 5347 9116
f 5351 9116 6433
f 4377 4402 2995
f 4377 4379 4402
f 9117 9118 5272
f 9119 9117 5272
f 8718 9118 9117
f 9120 2259 9117
f 8718 9117 2259
f 9119 9120 9117
f 9121 9122 9123
f 9121 9123 9124
f 9123 9122 5322
f 4137 9123 5322
f 4137 9124 9123
f 9125 5017 9126
f 5017 5016 9126
f 9125 9127 5017
f 5018 5017 9127
f 8987 9128 8066
f 8987 9129 9128
f 9130 8066 9128
f 9129 9131 9128
f 9132 9128 9131
f 9133 9128 9132
f 9133 9130 9128
f 4348 4350 8986
f 835 834 4348
f 9134 9135 4412
f 5276 9134 4412
f 5275 9131 9134
f 9136 9134 9131
f 5276 5275 9134
f 9136 9135 9134
f 9137 4350 4355
f 4350 4353 4355
f 9136 9137 4355
f 4354 9135 4355
f 9136 4355 9135
f 9138 9139 9140
f 9141 9139 9138
f 9142 9138 9140
f 9143 9141 9138
f 9142 9143 9138
f 3871 7892 9144
f 3880 9144 7892
f 9145 3871 9144
f 9145 9144 9146
f 3880 9147 9144
f 9146 9144 9147
f 2995 4402 256
f 3883 9148 9147
f 9149 9147 9148
f 3883 8742 9148
f 8742 8982 9148
f 9148 8982 1189
f 9149 9148 1189
f 4015 9150 4008
f 4015 9151 9150
f 9150 9152 4008
f 9150 1188 9152
f 9149 1188 9150
f 9149 9150 9151
f 9153 4057 4067
f 9153 4067 9154
f 1190 4057 9153
f 9153 9155 9156
f 1190 9153 9156
f 9153 9154 9155
f 9157 4595 9158
f 9159 9157 9158
f 9157 4596 4595
f 7331 4596 9157
f 9160 9157 9159
f 7331 9157 9160
f 9161 7563 9162
f 9161 9162 6391
f 7563 9163 9162
f 3538 6391 9162
f 3538 9162 9164
f 9164 9162 9163
f 7559 8904 9165
f 9166 9165 8904
f 9163 7559 9165
f 9167 9165 9166
f 9167 9168 9165
f 9168 9163 9165
f 9169 3536 3544
f 3544 3543 9169
f 3536 9170 3544
f 9170 3545 3544
f 8894 9170 9171
f 8894 9171 8897
f 3539 9171 9170
f 9168 8897 9171
f 9168 9171 9164
f 9164 9171 3539
f 8713 9172 9173
f 9133 9173 9172
f 9173 5273 9118
f 8716 9173 9118
f 9132 5273 9173
f 8713 9173 8716
f 9133 9132 9173
f 1177 9174 9175
f 9101 1177 9175
f 9175 9174 9176
f 9177 9175 9178
f 9177 9101 9175
f 9175 9176 9178
f 2313 9179 9180
f 9179 9181 9180
f 2313 9180 2314
f 9180 9181 4528
f 9180 4528 2314
f 3250 9182 9183
f 9182 9176 9183
f 8671 9182 3250
f 8657 9182 8671
f 8657 9184 9182
f 9182 9184 9176
f 9185 9186 9187
f 9185 9187 9188
f 1179 9185 1178
f 1178 9185 9189
f 1179 5875 9185
f 9185 9188 9189
f 5875 9186 9185
f 9190 9187 1198
f 9190 9188 9187
f 3115 9190 3116
f 3115 3251 9190
f 9190 1198 3116
f 9190 3251 9188
f 9191 5874 5876
f 9191 9186 5874
f 9192 9191 5876
f 9192 1200 9191
f 9191 1199 9186
f 9191 1200 1199
f 8710 9172 8712
f 8710 9130 9172
f 8712 9172 8713
f 9133 9172 9130
f 9193 9194 9195
f 9196 9193 9195
f 9193 9197 9194
f 9196 9198 9193
f 9198 9199 9193
f 9193 9199 9197
f 9200 9201 9194
f 9200 1205 9201
f 2353 9200 9194
f 9200 2352 1205
f 2353 2352 9200
f 9202 9195 9201
f 9202 9201 1206
f 9202 9203 9195
f 9202 9204 9203
f 9202 9205 9204
f 9202 2863 9205
f 9202 1206 2863
f 9206 9207 9204
f 9206 979 9207
f 9208 9206 9204
f 9209 9206 9208
f 977 979 9206
f 9209 9210 9206
f 9210 977 9206
f 9207 9203 9204
f 9196 9203 9207
f 9211 9207 979
f 9196 9207 9211
f 9208 9205 9212
f 2864 9212 9205
f 9208 9212 9213
f 9214 9212 9215
f 2864 9215 9212
f 9214 9213 9212
f 9216 9215 9217
f 9217 9215 2865
f 9216 9217 9218
f 2862 9217 2865
f 9219 9217 2862
f 9219 2115 9217
f 9218 9217 2115
f 9220 9221 9213
f 9220 9222 9221
f 9209 9213 9221
f 9223 9224 9221
f 9224 9209 9221
f 9223 9221 9222
f 9225 9226 1203
f 9225 1203 9227
f 1203 1202 9227
f 9228 1204 1203
f 9228 1203 9226
f 9229 9230 2860
f 9231 9230 9229
f 9229 2860 1204
f 9229 1204 9228
f 9229 9228 9232
f 9231 9229 9232
f 9233 9234 9235
f 9236 9234 9233
f 9235 9234 9237
f 6111 9237 9234
f 9238 6111 9234
f 9238 9234 9236
f 9238 9239 6111
f 9238 9240 9239
f 6111 9239 6114
f 9240 9241 9239
f 9241 6114 9239
f 9238 9242 9240
f 9238 9236 9242
f 9243 9240 9242
f 9243 9242 5282
f 5282 9242 9244
f 9245 9242 9236
f 9245 9244 9242
f 6113 9246 6476
f 6113 6114 9246
f 5304 6476 9246
f 5304 9246 5292
f 9241 5292 9246
f 9241 9246 6114
f 9247 9248 9249
f 5089 9248 9247
f 9250 9248 9251
f 9250 9249 9248
f 9248 5087 9251
f 5089 5087 9248
f 9252 9253 9254
f 9252 9254 9255
f 9252 8971 9253
f 9252 9255 9249
f 9252 9256 8971
f 9252 9249 9256
f 6496 4120 4119
f 5308 6496 4119
f 5308 4119 5303
f 4119 4122 5303
f 4351 831 9257
f 9125 4351 9257
f 4351 834 831
f 9125 4352 4351
f 9258 5307 9259
f 9258 9259 9260
f 5307 5299 9259
f 5299 5044 9259
f 9259 5050 9260
f 9259 5044 5050
f 8196 7405 8197
f 7383 7405 8196
f 7383 8196 7401
f 9261 6497 9258
f 9261 9258 9260
f 9261 704 6497
f 9261 705 704
f 9261 2559 705
f 9261 9260 2559
f 9262 9263 9264
f 6799 9262 9264
f 9262 2101 9265
f 6799 2101 9262
f 9262 9265 9263
f 2102 9265 2101
f 2102 9266 9265
f 9267 9266 2102
f 2102 2103 9268
f 9267 2102 9268
f 9269 9266 9270
f 9269 9270 9271
f 9269 9265 9266
f 9269 9263 9265
f 9272 9263 9269
f 9272 9269 9271
f 9273 2167 2169
f 2170 9264 2169
f 9273 2169 9264
f 1620 9274 2552
f 1620 2552 1623
f 1620 1622 9274
f 2552 9274 9275
f 2552 9275 9276
f 9274 9277 9275
f 9275 9278 9276
f 9275 9279 9278
f 9277 9279 9275
f 9280 9281 9278
f 9280 9278 9282
f 9283 9281 9280
f 9284 9283 9280
f 9284 9280 9285
f 9285 9280 9286
f 9280 9282 9286
f 9287 9288 9289
f 9287 9290 9288
f 9287 9289 9291
f 9287 9291 9292
f 9287 9292 9293
f 9287 9293 9290
f 9294 9295 9296
f 9294 9296 9297
f 9294 9289 9295
f 9294 9291 9289
f 9294 9298 9291
f 9294 9297 9298
f 9299 9289 9300
f 9299 9300 9301
f 9299 9295 9289
f 9285 9295 9299
f 9299 9301 9302
f 9299 9302 9303
f 9285 9299 9303
f 9300 9288 9304
f 9288 9305 9304
f 9306 9300 9304
f 9307 9306 9304
f 9307 9304 9308
f 9308 9304 9305
f 9309 2421 9310
f 9310 2421 2423
f 9309 9310 9311
f 9310 2423 8882
f 7890 9310 8882
f 7890 9311 9310
f 9312 9311 9313
f 7890 9313 9311
f 7888 9314 9313
f 9315 9313 9314
f 9315 9312 9313
f 7888 9313 7890
f 9309 9316 8155
f 8152 8155 9316
f 9309 9317 9316
f 9318 9316 9317
f 8153 8152 9316
f 9318 8153 9316
f 5516 5515 9319
f 5517 2116 5515
f 9320 5515 2116
f 9320 9319 5515
f 9321 9322 5519
f 9321 9323 9322
f 9321 5519 5516
f 9321 5516 9324
f 9321 9324 9323
f 2092 2094 5517
f 5518 2095 2092
f 2321 9325 2322
f 2321 2662 9325
f 2321 9326 2662
f 2321 2324 9326
f 9327 6259 2325
f 6261 6259 9327
f 9327 2325 2328
f 9327 2328 9328
f 6261 9327 9329
f 9327 9328 9329
f 9330 2096 1215
f 9330 1215 9331
f 9330 9332 2096
f 9330 9333 9332
f 9330 9334 9333
f 9330 9331 9334
f 1211 1213 2095
f 1211 9325 2661
f 9335 9325 1211
f 1211 2661 1214
f 9335 1211 2095
f 9336 2328 2322
f 9336 9328 2328
f 9335 9336 2322
f 5518 5520 9336
f 9336 5520 9328
f 5518 9336 9335
f 9337 9338 9322
f 9337 9322 9339
f 9337 9329 9338
f 9340 9329 9337
f 8050 9340 9337
f 8050 9337 9339
f 759 6615 756
f 6924 6615 6614
f 9341 9332 9342
f 9341 9342 9218
f 9341 2097 9332
f 9341 2113 2097
f 9341 9218 2113
f 9343 4240 4239
f 9343 9344 4240
f 9343 4239 9345
f 9343 9345 9346
f 9343 9346 9347
f 9343 9347 9344
f 9348 4235 9349
f 9348 4238 4235
f 9349 4235 9350
f 4235 4237 9350
f 9351 9352 4241
f 9351 9353 9352
f 4239 4241 9352
f 4239 9352 9354
f 9354 9352 4070
f 9352 9353 4070
f 9355 9356 9357
f 9355 9358 9356
f 9359 9355 9357
f 9359 9360 9355
f 9355 9360 9361
f 9355 9361 9358
f 9357 9356 9362
f 9363 9362 9356
f 9363 9356 9364
f 9358 9364 9356
f 9365 9357 9366
f 9359 9357 9365
f 4238 9365 9366
f 9367 9359 9365
f 9368 9365 9348
f 9348 9365 4238
f 9368 9367 9365
f 9366 9351 4241
f 9366 9362 9351
f 9369 9351 9362
f 9369 9353 9351
f 6021 6023 9370
f 8291 6021 9370
f 6014 6024 6021
f 9371 4206 9372
f 9371 9372 447
f 4205 9373 9372
f 9373 445 9372
f 4205 9372 4206
f 9372 445 447
f 4409 9374 9375
f 9374 9376 9375
f 4409 4406 9374
f 9377 9374 4406
f 9378 9374 9377
f 9378 9376 9374
f 8819 8839 8820
f 8836 8820 8839
f 9379 9380 9381
f 9382 9379 9381
f 9383 9380 9379
f 9384 9379 9382
f 1229 9379 9384
f 9383 9379 1229
f 2681 2679 9385
f 9385 2679 8845
f 9385 9386 9380
f 9385 8845 9386
f 9387 9385 9380
f 9387 2681 9385
f 9388 9389 8638
f 9388 8638 9390
f 1222 9388 1219
f 9388 9391 1219
f 1222 9389 9388
f 9388 9390 9391
f 9392 2304 9393
f 2683 9392 9393
f 9394 1221 9392
f 1221 2304 9392
f 9394 9392 2682
f 2683 2682 9392
f 9395 9381 9386
f 9395 9386 8842
f 9396 9381 9395
f 9396 9395 9397
f 9395 8843 9397
f 9395 8842 8843
f 9398 9397 9399
f 9398 9399 7784
f 9398 9382 9396
f 9398 9396 9397
f 9398 9400 9382
f 9398 7783 9400
f 9398 7784 7783
f 9401 9384 9400
f 9401 9400 9402
f 1230 9384 9401
f 9403 1230 9401
f 9403 9401 9404
f 9401 9402 9404
f 9405 9406 1226
f 9405 9407 9406
f 9405 1226 9403
f 9405 9403 9408
f 1010 9405 9408
f 1010 9407 9405
f 1223 9394 9409
f 9387 9409 9394
f 9410 1223 9409
f 1231 9410 9409
f 9383 1231 9409
f 9387 9383 9409
f 9410 8615 1224
f 1228 8615 9410
f 8615 9389 1224
f 8615 9411 9389
f 8615 8613 9411
f 8204 9412 8209
f 8204 9413 9412
f 8210 8209 9412
f 5253 8210 9412
f 5258 5253 9412
f 5258 9412 9413
f 9414 3521 9169
f 9414 9169 3543
f 9414 3524 3521
f 9318 3524 9414
f 8153 9414 3543
f 9318 9414 8153
f 9415 9416 9417
f 6337 9417 9416
f 5512 9416 5532
f 5512 5513 9416
f 9415 5532 9416
f 9418 9416 5513
f 9418 6337 9416
f 444 5264 9419
f 2563 9419 5264
f 9420 444 9419
f 9415 9420 9419
f 9415 9419 5533
f 2563 5533 9419
f 4475 4478 9421
f 4611 4475 9421
f 7204 9422 2289
f 2289 9422 2290
f 7203 9422 7204
f 7203 1236 9422
f 9422 1236 9423
f 2290 9422 9423
f 9424 7213 7236
f 9424 7236 7235
f 9424 2302 2300
f 9424 7235 2302
f 9424 2300 9425
f 9424 9425 7213
f 9426 9427 9428
f 9427 1238 9428
f 9429 9428 9425
f 9428 1235 9425
f 9426 9428 9429
f 9428 1238 1235
f 9430 9431 9432
f 9432 9431 9433
f 9426 9434 9431
f 9433 9431 9434
f 9435 9426 9431
f 9435 9431 9436
f 9430 9436 9431
f 9427 9437 9423
f 9427 9423 1238
f 9438 9437 9427
f 9435 9427 9426
f 9438 9427 9435
f 2294 9439 9440
f 9439 9441 9440
f 9438 9439 2293
f 2294 2293 9439
f 9438 9442 9439
f 9441 9439 9442
f 9440 9443 9444
f 9445 9440 9444
f 9446 2294 9440
f 9440 9441 9443
f 9446 9440 9445
f 9447 8674 9448
f 9447 9448 9449
f 8674 3243 9448
f 9450 9449 9448
f 9451 9450 9448
f 3243 9451 9448
f 8669 9452 8660
f 8669 8673 9452
f 8660 9452 9453
f 9447 9452 8673
f 9447 9454 9452
f 9453 9452 1306
f 9452 9454 1306
f 9455 9456 9271
f 9457 9456 9455
f 9458 9455 9459
f 9458 9460 9455
f 9455 9271 9459
f 9460 9457 9455
f 9461 9462 9463
f 9461 9463 9464
f 9461 9465 9462
f 9466 9465 9461
f 9466 9461 9467
f 9461 9457 9467
f 9461 9464 9457
f 9460 9468 9469
f 9460 9469 9467
f 9468 9470 9469
f 9470 9471 9469
f 9469 9472 9467
f 9469 9471 9472
f 231 4775 233
f 4776 231 4770
f 4403 9473 4404
f 9474 4406 4404
f 9473 5088 4404
f 5088 9474 4404
f 4403 4411 9475
f 4411 4354 9475
f 4403 9475 9473
f 4354 4357 9475
f 9476 9473 9475
f 9476 9475 4357
f 7080 7081 8863
f 8866 7080 8863
f 8871 8866 8863
f 8871 8863 5178
f 5186 5178 8863
f 5190 9477 5203
f 5190 9478 9477
f 7049 5203 9477
f 8864 9477 9478
f 8864 7046 9477
f 7046 7049 9477
f 2544 1466 9479
f 2544 9479 1243
f 2544 1243 5227
f 2544 5227 9480
f 2544 9480 2545
f 9479 1466 1465
f 9479 1245 1243
f 9479 1465 1245
f 1239 1241 9481
f 1239 9481 8874
f 5179 1242 1239
f 5179 1239 8874
f 9482 1241 9483
f 9484 9482 9483
f 9482 9481 1241
f 9482 8873 9481
f 9484 1249 9482
f 1249 5415 9482
f 9482 5415 8873
f 1252 9484 9485
f 9484 1472 9485
f 9486 1252 9485
f 9486 9485 9487
f 9485 1470 9487
f 9485 1472 1470
f 9488 5371 5378
f 1251 9488 5378
f 9488 2532 5371
f 1251 9486 9488
f 9486 3720 9488
f 9488 3720 2532
f 9489 9490 9491
f 9492 9491 9490
f 9468 9489 9491
f 9468 9491 9470
f 9492 9493 9491
f 9470 9491 9493
f 9494 9490 9489
f 9492 9490 9495
f 9495 9490 9496
f 9494 9496 9490
f 4802 4801 232
f 4803 9497 4801
f 6392 232 4801
f 9497 6392 4801
f 9470 9493 9498
f 9470 9498 9471
f 9499 9498 9493
f 1976 9500 9498
f 9500 9501 9498
f 9499 1976 9498
f 9498 9501 9471
f 4777 9502 4775
f 9503 233 4775
f 9503 4775 9502
f 9504 9505 6778
f 9504 9506 9505
f 9505 8595 6777
f 9505 8597 8595
f 9505 6777 6778
f 9505 9506 9507
f 9505 9507 8597
f 9508 9509 6785
f 9508 9510 9509
f 6776 9509 9511
f 6776 6785 9509
f 9511 9509 9512
f 9509 9510 9512
f 9511 9504 6778
f 9511 9513 9504
f 9514 9506 9504
f 9513 9514 9504
f 9515 9516 9517
f 9515 9517 9518
f 9519 9516 9515
f 9520 9515 9518
f 9520 9521 9515
f 9521 9519 9515
f 9522 9516 9523
f 9522 9523 9524
f 9522 9525 9516
f 9526 9525 9522
f 9526 9522 9527
f 9522 9524 9527
f 9528 9517 9525
f 9528 9529 9517
f 9528 9525 9530
f 9528 9531 9529
f 9528 9532 9531
f 9530 9533 9528
f 9528 9533 9532
f 9534 9535 9531
f 9534 9536 9535
f 9534 9531 9514
f 9534 9513 9512
f 9534 9514 9513
f 9534 9512 9536
f 9537 9538 9539
f 9537 9540 9538
f 9537 9539 9541
f 9537 9542 9540
f 9537 9543 9542
f 9537 9541 9543
f 9544 9529 9545
f 9546 9544 9545
f 9544 9518 9529
f 9547 9518 9544
f 9546 9547 9544
f 9548 9549 9550
f 9548 9551 9549
f 9548 9550 9538
f 9548 9538 9540
f 9548 9552 9551
f 9548 9540 9552
f 9553 9554 9550
f 9553 9555 9554
f 9553 9550 9556
f 9553 9556 9557
f 9553 9557 9558
f 9553 9558 9559
f 9553 9559 9555
f 9560 9556 9549
f 9560 9549 9536
f 9560 9561 9562
f 9560 9510 9561
f 9560 9562 9556
f 9560 9536 9510
f 9508 9563 9561
f 9508 9561 9510
f 9508 9564 9563
f 9508 6785 9564
f 9565 9566 9530
f 9526 9565 9530
f 9565 9567 9566
f 2688 9565 9568
f 9526 9568 9565
f 2688 9567 9565
f 9569 9506 9532
f 9569 9507 9506
f 9569 9533 9566
f 9569 9532 9533
f 9569 9566 9570
f 9569 9570 9571
f 9569 9571 9507
f 9572 1254 9573
f 9574 9572 9573
f 9573 1256 9575
f 9573 9575 2497
f 9573 1254 1256
f 9574 9573 2497
f 9576 9577 9572
f 9578 9576 9572
f 9572 9577 1254
f 9578 9572 9574
f 9579 1255 9577
f 9579 9577 1264
f 9579 9580 1255
f 9579 9581 9580
f 9579 1264 9581
f 9582 1257 9583
f 9582 9583 9584
f 9583 1257 9580
f 9583 9580 9585
f 9583 2858 9584
f 9583 9585 2858
f 9586 9582 1271
f 9586 1258 9582
f 9582 1258 1257
f 9582 9584 1271
f 9581 1263 9587
f 9581 9587 9585
f 9587 1263 9588
f 9587 9588 1278
f 1279 9587 1278
f 1279 9585 9587
f 9576 1264 9577
f 9576 1265 1264
f 9576 9589 1265
f 9578 9589 9576
f 2178 9590 9591
f 9590 9592 9591
f 9590 1261 1265
f 1265 9589 9590
f 2178 1261 9590
f 9590 9589 9592
f 1262 9593 9588
f 2180 9593 1262
f 2180 1262 1261
f 1262 9588 1263
f 1267 2766 1268
f 2768 1269 1268
f 9586 1269 9594
f 9586 9594 1735
f 9586 1271 1269
f 9586 1735 1258
f 9584 2856 1272
f 9595 1272 2856
f 2858 2856 9584
f 2855 9595 2856
f 1741 1289 1288
f 1273 1289 1270
f 1273 1291 1289
f 1741 1270 1289
f 9593 9596 9588
f 9593 9597 9596
f 2181 9597 9593
f 2181 9593 2180
f 9598 9596 9597
f 9598 1275 9596
f 2709 9598 9597
f 9598 9599 1275
f 2709 9599 9598
f 1276 1275 9599
f 1276 9599 2190
f 1277 1276 2188
f 1276 2190 2188
f 2702 2701 1282
f 1283 1282 2701
f 2703 2199 2701
f 1283 2701 2199
f 1283 2200 1287
f 1283 2199 2200
f 1287 2200 9600
f 9600 2200 2198
f 2859 9601 9602
f 2855 2859 9602
f 9601 9603 9602
f 1291 9602 9603
f 9595 9602 1291
f 2855 9602 9595
f 1293 9603 9604
f 1293 9604 9605
f 9603 9600 9604
f 9600 2198 9604
f 9605 9604 2198
f 1739 1288 1292
f 1739 1292 9606
f 9606 1292 2697
f 1293 9605 1292
f 2697 1292 9605
f 5422 9607 8695
f 5437 9607 5422
f 9607 9608 8695
f 9607 9609 9608
f 1946 9609 9607
f 5437 1946 9607
f 9610 432 8701
f 9610 429 432
f 8697 9610 8701
f 9610 9608 9611
f 9610 9611 429
f 8697 9608 9610
f 9612 1948 9613
f 9612 9613 5171
f 9612 9609 1948
f 9612 9611 9609
f 9612 426 9611
f 9612 5171 426
f 7619 9614 9615
f 7619 9615 7621
f 9615 9614 6018
f 7621 9615 9616
f 9617 9616 9615
f 9617 9615 6018
f 9618 9619 9620
f 9621 9619 9618
f 9622 2171 9619
f 2171 9620 9619
f 9621 9622 9619
f 9623 9624 9625
f 9623 9626 9624
f 9625 9624 9621
f 9621 9624 9627
f 9624 9628 9627
f 9626 9628 9624
f 9629 9625 9618
f 9629 9618 9630
f 9630 9618 9620
f 9625 9621 9618
f 2548 9631 9632
f 2553 2548 9632
f 9632 9631 350
f 9633 2553 9632
f 9633 9632 9634
f 9632 350 9634
f 347 9635 9636
f 347 349 9635
f 347 9636 9637
f 347 9637 350
f 2548 2550 9631
f 2550 9638 9631
f 2550 9639 9638
f 9640 9639 2550
f 9640 2550 2551
f 9001 6930 5539
f 9641 9642 9001
f 9642 6930 9001
f 9641 9001 9002
f 9643 9644 9645
f 9645 9644 6931
f 2850 9645 9642
f 9642 9645 6930
f 2850 9643 9645
f 9645 6931 6930
f 2854 9646 9643
f 9643 9646 9647
f 2854 2150 9646
f 9648 9647 9646
f 9648 9646 2154
f 2154 9646 2150
f 6940 9649 9002
f 9650 9649 6940
f 9641 9649 2851
f 2851 9649 2853
f 9641 9002 9649
f 9651 2853 9649
f 9650 9651 9649
f 1294 1296 9652
f 9653 1294 9652
f 9654 1294 9653
f 1297 1294 9654
f 9655 9656 9657
f 9656 9658 9657
f 9659 9656 9655
f 9656 9660 9658
f 9661 9660 9656
f 9661 9656 9659
f 9662 9655 9657
f 9662 9657 9663
f 9657 9664 9663
f 9657 9658 9664
f 9665 8921 9666
f 9665 9666 9667
f 9665 9664 9668
f 9665 9667 9664
f 9665 9668 9669
f 9665 9669 8921
f 9670 9668 9658
f 9660 9670 9658
f 9670 9671 9668
f 9670 9672 9671
f 9673 9670 9660
f 9673 9672 9670
f 9674 9675 9676
f 1305 9675 9674
f 9674 9676 9650
f 9677 9674 6943
f 9674 9650 6943
f 9677 1305 9674
f 6727 2909 2911
f 6947 6951 6942
f 6951 6943 6942
f 9677 6943 6951
f 9677 6951 6952
f 9678 9679 9675
f 9678 9675 1308
f 9680 9679 9678
f 9678 1308 9681
f 9678 9681 9682
f 9680 9678 9682
f 9683 1306 9454
f 9683 1307 1306
f 9683 9454 9684
f 9683 9681 1307
f 9683 9685 9681
f 9683 9684 9685
f 8956 9686 9687
f 9686 9688 9687
f 8956 9687 8952
f 8001 8952 9687
f 8001 9687 9689
f 9689 9687 9688
f 9690 9432 9691
f 9690 9692 9432
f 9432 9433 9691
f 9432 9692 9430
f 9693 9694 9695
f 9694 9696 9695
f 9697 9691 9694
f 9694 9691 9433
f 9697 9694 9693
f 9694 9433 9696
f 9690 9691 9698
f 9699 9700 9690
f 9699 9690 9698
f 9690 9700 9692
f 9701 9702 9703
f 9701 9703 9704
f 9705 9703 9706
f 9703 9702 9706
f 9705 9707 9703
f 9707 9704 9703
f 9705 9708 9709
f 9709 9708 9710
f 9705 9700 9708
f 9711 9708 9699
f 9711 9710 9708
f 9699 9708 9700
f 9712 9697 9713
f 9714 9712 9713
f 9712 9698 9697
f 9715 9712 9714
f 9699 9712 9715
f 9699 9698 9712
f 9711 9715 9716
f 9715 9717 9716
f 9711 9716 9718
f 9719 9716 2126
f 9719 9718 9716
f 2126 9716 9717
f 9720 9721 8002
f 9721 9720 8192
f 7999 9720 8002
f 9720 985 8192
f 9720 7999 985
f 9721 7556 8002
f 8193 9721 8192
f 8905 9721 8193
f 9721 8905 7562
f 7556 9721 7562
f 9722 3931 3929
f 9722 3929 9723
f 9722 9724 3931
f 9722 9725 1310
f 9722 1310 9724
f 9722 9723 9725
f 9726 9727 9725
f 9726 9725 9728
f 9726 9729 9727
f 9726 9730 9731
f 9726 9728 9730
f 9726 9731 9729
f 2843 1311 9727
f 2843 9727 9729
f 2846 1311 2843
f 2843 9729 2844
f 2132 9732 9733
f 9733 9732 9734
f 2132 1313 9732
f 9732 1313 2846
f 9732 9735 9734
f 9732 2846 9735
f 9736 9731 9737
f 9736 9729 9731
f 9736 9737 1325
f 9736 1325 9738
f 9736 9738 2844
f 9736 2844 9729
f 9739 9740 9741
f 9742 9741 9740
f 2129 9741 2130
f 9742 2130 9741
f 2129 9743 9741
f 9743 9739 9741
f 2132 9733 2129
f 2129 9733 9743
f 1316 9743 9733
f 1316 9733 9734
f 9739 1318 9744
f 9744 1318 1319
f 1316 1318 9743
f 9743 1318 9739
f 1320 9745 9746
f 1336 9746 9745
f 1320 9734 9745
f 9734 9735 9745
f 1336 9745 2849
f 9745 9735 2849
f 9746 1334 9747
f 9746 9747 1321
f 1320 9746 1321
f 1336 1334 9746
f 9748 9749 9750
f 9748 9750 9751
f 9748 1323 9737
f 9748 9737 9749
f 9748 9752 1323
f 9748 9753 9752
f 9748 9751 9753
f 9754 9755 9756
f 9757 9754 9756
f 9752 9756 1327
f 9752 9757 9756
f 1327 9756 9758
f 9756 9755 9758
f 1732 2694 9759
f 2693 9759 2694
f 1333 9759 1335
f 1335 9759 2693
f 1333 1343 9759
f 1732 9759 1343
f 1335 9760 9747
f 9747 9760 2135
f 1334 1335 9747
f 9747 2135 1321
f 4777 9761 9502
f 9762 9761 4777
f 4778 9762 4777
f 1330 9763 1331
f 1338 1331 9763
f 1339 1333 1331
f 1339 1331 1338
f 1330 2847 9763
f 1326 1338 9763
f 1326 9763 9738
f 9763 2847 9738
f 9764 9765 9766
f 9764 2779 9765
f 1340 1328 9765
f 1328 9758 9765
f 1340 9765 9767
f 9765 9758 9766
f 9767 9765 2779
f 1730 1729 2778
f 1341 1729 1342
f 1341 9767 1729
f 9767 2778 1729
f 2912 6753 2911
f 6727 2911 6753
f 9768 9769 9770
f 9768 9771 9769
f 9768 9770 9772
f 9768 9772 5474
f 5453 9768 5474
f 9768 2516 9771
f 5453 2516 9768
f 9773 9774 1521
f 9773 9771 9774
f 9773 9775 9769
f 9773 9769 9771
f 9776 9775 9773
f 9776 9773 1521
f 9777 8353 9778
f 9777 9778 5122
f 9778 5473 9772
f 9778 9772 5122
f 9778 8353 5473
f 9779 9770 9775
f 9780 9779 9775
f 9779 5121 9770
f 5120 5121 9779
f 5126 5120 9779
f 9780 5126 9779
f 9780 9781 5134
f 9780 9776 9781
f 9782 5134 9781
f 9782 9781 9783
f 9783 9781 1520
f 9776 1520 9781
f 9784 234 9503
f 9785 9784 9503
f 9503 234 233
f 9785 9503 9786
f 9503 9502 9786
f 9777 5119 5144
f 9777 5122 5119
f 9777 5144 8360
f 9777 8360 8353
f 9787 9788 9789
f 9787 9790 9788
f 9787 9789 9791
f 9787 3104 9790
f 9787 9791 3104
f 9792 9192 5719
f 9792 5719 5722
f 9792 1196 9192
f 9792 9788 9790
f 9792 5722 9788
f 9792 9790 1196
f 9793 9794 874
f 9793 874 873
f 9793 9789 9794
f 9793 9795 9789
f 9793 9796 9795
f 9793 873 9796
f 9797 9761 9798
f 9797 9798 9799
f 9762 9798 9761
f 9762 9800 9798
f 9799 9798 9800
f 9801 9802 9803
f 9804 9803 9802
f 9805 9801 9803
f 9804 9806 9803
f 2665 9803 9806
f 9805 9803 2663
f 2663 9803 2665
f 9807 9808 9809
f 9810 9809 9808
f 9811 9808 9807
f 9812 9810 9808
f 9813 9812 9808
f 9811 9813 9808
f 9784 9814 234
f 9785 9815 9784
f 4788 9814 9784
f 4788 9784 9815
f 9816 9801 9817
f 9818 9817 9801
f 9819 9816 9817
f 2083 9817 2642
f 2642 9817 9818
f 9819 9817 2083
f 9807 9820 9821
f 9819 9821 9820
f 9822 9807 9821
f 9819 2084 9821
f 9823 9821 2084
f 9823 9822 9821
f 9824 9825 9826
f 9824 9826 2173
f 9825 9827 9826
f 2173 9826 9828
f 9829 9826 9830
f 9829 9828 9826
f 9826 9827 9830
f 235 234 9814
f 9831 9832 9833
f 9831 9833 9834
f 9831 9462 9832
f 9831 9835 9462
f 9831 9834 9836
f 9831 9836 9827
f 9831 9827 9835
f 9837 9830 9836
f 9837 9836 9838
f 9839 9830 9837
f 9837 9838 9840
f 9837 9840 9841
f 9839 9837 9841
f 2610 7574 2609
f 9842 2609 7574
f 2607 2609 9843
f 9842 9843 2609
f 9844 9845 9846
f 9847 9844 9846
f 9844 9848 9849
f 9844 9849 9850
f 9847 9848 9844
f 9844 9850 9845
f 9849 9851 9852
f 9852 9851 9853
f 9849 9854 9851
f 9851 9854 9841
f 9851 9841 9855
f 9851 9855 9853
f 9856 9857 9858
f 9859 9858 9857
f 9856 9858 9860
f 9860 9858 9861
f 9862 9858 9863
f 9859 9863 9858
f 9862 9861 9858
f 9856 9864 9857
f 9865 9857 9864
f 9866 9857 9865
f 9859 9857 9866
f 5668 9867 5669
f 5668 9868 9867
f 5671 9868 5668
f 9869 3247 2024
f 9869 1348 3247
f 9870 9869 2024
f 9871 1348 9869
f 9872 9871 9869
f 9872 9869 9870
f 9873 9874 9875
f 9873 2012 9874
f 2841 9873 9875
f 9873 9876 2012
f 9873 2842 9876
f 2841 2842 9873
f 9877 9878 9879
f 9879 9878 9880
f 9877 9881 9878
f 9878 9881 9882
f 9883 9880 9878
f 9883 9878 9882
f 2014 9884 9885
f 9884 9886 9885
f 9887 9885 9888
f 9887 9889 9885
f 2014 9885 2015
f 9888 9885 9886
f 9885 9889 2015
f 9876 9890 9884
f 9879 9884 9890
f 9876 9884 2014
f 9879 9886 9884
f 1349 9871 9891
f 2839 9891 9871
f 9892 1349 9891
f 9892 9891 9893
f 9894 9893 9891
f 9894 9891 2839
f 2836 2838 9895
f 9870 9895 2838
f 2027 9896 9895
f 9896 9881 9895
f 9870 2027 9895
f 2836 9895 9881
f 2028 9897 9896
f 9896 9897 9882
f 2028 9898 9897
f 9899 9897 9900
f 9899 9882 9897
f 9898 9900 9897
f 9876 2842 9890
f 9877 9879 9890
f 2836 9877 9890
f 2836 9890 2842
f 9879 9901 9886
f 9888 9886 9901
f 9879 9880 9901
f 9901 9880 9902
f 9903 9901 9902
f 9903 9888 9901
f 9904 9905 9893
f 9893 9905 9906
f 9907 9906 9905
f 9907 9905 9908
f 9909 9905 9904
f 9909 9908 9905
f 9904 9910 9911
f 9912 9911 9910
f 9912 9910 9913
f 2840 9913 9910
f 9904 9894 9910
f 9894 2840 9910
f 9909 9904 9911
f 9909 9911 9914
f 9915 9914 9911
f 9912 9915 9911
f 8409 9916 8410
f 8409 8412 9688
f 9916 8409 9686
f 9686 8409 9688
f 2182 9917 9918
f 1354 9918 9917
f 1353 9917 9919
f 1353 1354 9917
f 2182 2187 9917
f 2187 9919 9917
f 1353 9920 9921
f 9922 9921 9920
f 9923 9920 9924
f 9919 9924 9920
f 1353 9919 9920
f 9922 9920 9923
f 1351 9921 9925
f 9926 9925 9921
f 1351 1353 9921
f 2835 9921 9922
f 2835 9926 9921
f 9927 9923 9924
f 9927 9924 2186
f 2186 9924 2187
f 2187 9924 9919
f 9928 9927 9929
f 9927 9930 9929
f 9928 9929 9931
f 9932 9931 9929
f 9933 9932 9929
f 9933 9929 9930
f 1989 9934 9935
f 9935 9934 2829
f 1989 9936 9934
f 2829 9934 2832
f 9934 9936 9937
f 2832 9934 9937
f 9938 9939 7572
f 9939 9940 7572
f 9940 7570 7572
f 9938 7572 7573
f 9941 2831 9942
f 9941 9942 9943
f 2831 9944 9942
f 9944 9945 9942
f 9946 9942 9945
f 9946 9943 9942
f 9947 1351 9925
f 9925 9937 9948
f 9926 9937 9925
f 9947 9925 9948
f 9949 9948 9936
f 9949 9936 1993
f 9949 9950 9948
f 9949 9951 9950
f 9949 1995 9952
f 9949 1993 1995
f 9949 9952 9951
f 1996 9947 9950
f 1996 9950 1997
f 1996 1355 9947
f 1996 1356 1355
f 9922 9923 9953
f 9928 9953 9923
f 9922 9953 2834
f 9928 9954 9953
f 9955 2833 9953
f 2834 9953 2833
f 9955 9953 9954
f 9956 9957 9958
f 9956 9959 9957
f 9954 9957 9960
f 9954 9931 9957
f 9960 9957 9959
f 9958 9957 9931
f 9944 9961 9962
f 9955 9961 9944
f 9961 9963 9962
f 9955 9960 9961
f 9960 9964 9961
f 9961 9964 9963
f 9023 7525 7524
f 9023 8181 7525
f 9023 8182 8181
f 8183 8182 9023
f 2826 9965 9966
f 1974 9965 2826
f 9966 9965 9967
f 1974 9499 9965
f 9499 9968 9965
f 9967 9965 9968
f 2823 1362 2824
f 1974 2826 2824
f 1358 2824 1362
f 1358 1974 2824
f 2828 9969 9970
f 9971 9970 9969
f 2828 9970 2827
f 2827 9970 9972
f 9973 9970 9971
f 9973 9972 9970
f 9966 9969 2828
f 9974 9969 9966
f 9975 9971 9969
f 9974 9975 9969
f 2611 2612 9976
f 2611 9976 7573
f 2611 7573 2610
f 9977 9978 9979
f 9977 9980 9978
f 2827 9972 9978
f 2827 9978 9980
f 9979 9978 9972
f 9979 9972 9981
f 9979 9981 9982
f 9973 9981 9972
f 9983 9982 9981
f 9983 9981 9984
f 9973 9984 9981
f 2823 2827 9980
f 2823 9980 9985
f 2823 9985 1362
f 9986 9977 9979
f 9986 9987 9977
f 9977 9988 9980
f 9977 9987 9988
f 9989 9990 9991
f 9989 9992 9990
f 9989 9985 9988
f 9989 9988 9992
f 9989 9993 9985
f 9989 9991 9993
f 9994 9995 9996
f 9994 9996 9997
f 9995 1364 9996
f 9996 1364 1363
f 9996 1363 9993
f 9996 9993 9997
f 9995 9998 1364
f 9995 9999 9998
f 1361 1364 9998
f 1361 9998 10000
f 9998 9999 10001
f 9998 10001 10000
f 2342 10002 10003
f 10003 10002 10004
f 2341 10002 2342
f 2341 2680 10002
f 2684 10002 2680
f 10004 10002 2684
f 8493 10003 10005
f 10003 10006 10005
f 1368 8493 10005
f 1368 10005 10007
f 10007 10005 10006
f 2337 10008 2338
f 2337 10009 10008
f 10010 10009 2337
f 10010 2337 2339
f 8492 1365 1373
f 10007 10011 10012
f 10012 10011 10013
f 1368 10012 1370
f 1368 10007 10012
f 10012 10014 1370
f 10012 10013 10014
f 1371 1370 10015
f 10015 1370 10016
f 10017 1371 10015
f 10017 10015 10018
f 10015 10019 10018
f 10015 10016 10019
f 2340 2338 10020
f 2341 2340 10021
f 2340 10020 8499
f 2340 8499 10021
f 10022 1373 10023
f 10022 8492 1373
f 10023 1373 1374
f 10024 10025 1375
f 10024 10017 10025
f 10026 1375 10025
f 10027 10025 10028
f 10027 10026 10025
f 10028 10025 10017
f 1374 1376 10029
f 1376 10030 10029
f 1375 10031 1376
f 1376 10031 10030
f 10032 10033 10034
f 10032 10035 10033
f 10036 10034 10033
f 10037 10038 10033
f 10037 10033 10039
f 10036 10033 10038
f 10033 10035 10039
f 10040 10041 10042
f 10022 10042 10041
f 10032 10041 10040
f 10032 10009 10041
f 10010 10022 10041
f 10010 10041 10009
f 10043 10042 10044
f 10023 10044 10042
f 10043 10040 10042
f 10022 10023 10042
f 1374 10029 10045
f 10045 10029 10046
f 10029 10030 10047
f 10029 10047 10046
f 10043 10044 10048
f 10023 10045 10044
f 10045 10049 10044
f 10044 10049 10048
f 10008 10050 2338
f 10036 10050 10008
f 10036 10008 10034
f 10034 10008 10009
f 2613 10051 2612
f 10052 2612 10051
f 10052 9976 2612
f 9091 5098 5101
f 9091 5101 9093
f 5102 10053 5101
f 10053 9093 5101
f 10054 10055 10056
f 10054 10056 10057
f 10054 10058 10059
f 10054 10057 10058
f 10054 10059 10055
f 5103 10060 5102
f 5103 10061 10060
f 5102 10060 10062
f 10063 10062 10060
f 10064 10063 10060
f 10064 10060 10061
f 5983 10051 10065
f 5983 10052 10051
f 10066 5983 10065
f 10066 5984 5983
f 5983 5986 10052
f 5112 414 10067
f 414 9095 10067
f 10068 5112 10067
f 10069 10067 9089
f 9089 10067 9095
f 10069 6345 10067
f 10068 10067 6345
f 10070 10071 10072
f 10073 10072 10071
f 10070 8237 10071
f 8247 10071 8237
f 10074 10071 8247
f 10074 10073 10071
f 10070 10072 1938
f 1938 10072 2734
f 2734 10072 10075
f 10075 10072 10073
f 10076 1940 10077
f 10077 1940 1939
f 10078 10076 10077
f 10079 10077 1939
f 10078 10077 10080
f 10079 10080 10077
f 6358 10081 10082
f 6344 10082 10081
f 6358 10083 10081
f 6344 10081 10068
f 10068 10081 5113
f 10083 5113 10081
f 10084 10085 10086
f 10084 10087 10085
f 10084 10086 10088
f 10084 10088 10089
f 10084 10090 10087
f 10084 10091 10090
f 10084 10089 10091
f 10092 10093 10094
f 10095 10094 10093
f 10096 10094 10097
f 10098 10097 10094
f 10096 10092 10094
f 10098 10094 10095
f 10096 10099 10100
f 10101 10100 10099
f 10099 10097 10102
f 10101 10099 10102
f 10096 10097 10099
f 10103 10104 10100
f 10100 10104 10105
f 10096 10100 10105
f 10103 10100 10101
f 10106 10107 10108
f 1379 10108 10107
f 10109 10108 10110
f 1378 10110 10108
f 10106 10108 10109
f 1378 10108 1379
f 10111 8991 8990
f 10111 8990 10112
f 10111 10113 8991
f 10111 10112 10114
f 10115 10111 10114
f 10115 10113 10111
f 10116 10117 10118
f 10116 10118 10119
f 10116 10088 10086
f 10116 10086 10117
f 10116 10120 10088
f 10116 10119 10120
f 10083 5114 5109
f 5115 5114 10121
f 10121 5114 6361
f 10083 6361 5114
f 5115 10121 10122
f 10123 10122 10121
f 5107 5115 10122
f 5107 10122 10124
f 10124 10122 10125
f 10123 10125 10122
f 10126 10127 10128
f 10126 10128 10129
f 10128 10127 10130
f 10128 10130 10131
f 10128 10132 10129
f 10128 10131 10132
f 10133 10134 10135
f 10136 10133 10135
f 10133 10137 10134
f 10133 9543 10137
f 10136 10138 10133
f 10138 9543 10133
f 10139 10134 10140
f 10141 10139 10140
f 10139 10135 10134
f 10139 10126 10135
f 10126 10139 10142
f 10141 10142 10139
f 10140 10134 10143
f 10141 10140 10144
f 10144 10140 10145
f 10145 10140 10143
f 10146 7601 7600
f 9843 7603 7601
f 10147 7601 10146
f 10147 10148 7601
f 10148 9843 7601
f 10142 10149 10150
f 10149 10151 10150
f 10141 10149 10142
f 10141 10152 10149
f 10152 10153 10149
f 10153 10154 10149
f 10154 10151 10149
f 10155 10150 10156
f 10156 10150 10157
f 10155 10156 10127
f 10156 10158 10127
f 10156 10159 10158
f 10156 10157 10159
f 10145 10160 10161
f 10162 10161 10160
f 10144 10161 10163
f 10161 10164 10163
f 10144 10145 10161
f 10162 10164 10161
f 10145 10165 10160
f 10166 10162 10160
f 10167 10166 10160
f 10167 10160 10165
f 10162 10168 10164
f 10162 10169 10168
f 10168 10170 10164
f 10168 10171 10170
f 10168 10169 10171
f 10144 10163 10152
f 10152 10163 10172
f 10163 10164 10173
f 10172 10163 10173
f 10174 10175 10176
f 9143 10176 10175
f 10174 10176 10177
f 9143 10178 10176
f 10178 10179 10176
f 10177 10176 10179
f 10180 9016 10181
f 10182 10180 10181
f 10180 10183 9016
f 10182 10184 10180
f 10184 10185 10180
f 10185 10183 10180
f 4128 3858 3857
f 4128 4727 3858
f 10186 3858 4727
f 3860 3858 10186
f 10187 9915 10188
f 10187 10189 9915
f 10187 10188 10190
f 10187 10190 1489
f 10187 1489 10191
f 10187 10191 10189
f 10192 10193 10194
f 10192 10194 10195
f 10192 10196 10193
f 10192 10197 10196
f 10192 10195 10198
f 10192 10198 10197
f 10199 10194 10200
f 10199 10200 10201
f 10200 10194 10202
f 10200 9914 10201
f 10200 9908 9914
f 10200 10202 9908
f 10203 1906 10204
f 10203 10204 10195
f 10205 10203 10199
f 10205 10206 10203
f 10199 10203 10195
f 10203 10207 1906
f 10203 10206 10207
f 10208 10209 10210
f 10208 10210 9334
f 10211 10210 10209
f 10211 9222 10210
f 9334 10210 10212
f 10210 9222 10212
f 10213 10214 10208
f 10213 10208 9331
f 10213 10215 10214
f 10213 10216 10215
f 10213 1216 10216
f 10213 9331 1216
f 10209 10214 5486
f 5486 10214 10217
f 5485 10209 5486
f 5486 10217 5488
f 10218 10219 10220
f 10218 10221 10219
f 10215 10222 10218
f 10223 10218 10222
f 10215 10218 10217
f 10223 10221 10218
f 10218 10220 10217
f 5490 1390 10224
f 10225 5490 10224
f 1390 1388 10224
f 10226 10224 1388
f 10227 10224 10226
f 10227 10225 10224
f 5490 5489 1390
f 10225 5491 5490
f 1389 5489 10228
f 5488 10228 5489
f 10229 10230 10228
f 1389 10228 10230
f 10220 10229 10228
f 10220 10228 5488
f 10219 10231 10229
f 10232 10231 10219
f 10229 10231 10233
f 10233 10231 10234
f 10235 10234 10231
f 10232 10235 10231
f 1391 10233 10236
f 10237 10236 10233
f 1385 1391 10236
f 1385 10236 10238
f 10239 10238 10236
f 10240 10239 10236
f 10240 10236 10237
f 10241 10242 1386
f 10241 1386 10243
f 1385 10244 1386
f 1388 1386 10242
f 10244 10243 1386
f 8145 8886 10245
f 10245 8886 8592
f 8145 10245 10246
f 10245 8035 10246
f 10245 9053 8035
f 10245 9047 9053
f 10245 8592 9047
f 7941 10247 10248
f 10248 10247 10249
f 7941 10250 10247
f 10250 10251 10247
f 10251 10252 10247
f 10247 10252 10249
f 10253 7945 10254
f 10253 7944 7945
f 10255 10253 10254
f 10253 10256 7944
f 10257 10256 10253
f 10257 10253 10255
f 1903 10258 10259
f 1903 10207 10258
f 1903 10259 1904
f 1903 1906 10207
f 10260 10261 10259
f 10260 1491 10261
f 10261 10249 10259
f 10261 10262 10263
f 10261 10263 10249
f 10261 1491 10262
f 10254 10264 10265
f 10254 10266 10264
f 10264 10263 10262
f 10264 10266 10263
f 10264 10262 10267
f 10264 10267 10265
f 10268 1904 10252
f 1907 1904 10268
f 10268 10252 10251
f 10268 10251 10269
f 2152 10268 10269
f 2152 1300 10268
f 1300 1907 10268
f 5047 10270 5046
f 5027 5046 10270
f 10271 3915 10270
f 3915 3913 10270
f 5047 10271 10270
f 5027 10270 3911
f 10270 3913 3911
f 450 452 10272
f 3918 10272 452
f 5300 450 10272
f 3918 10271 10272
f 5041 10272 10271
f 5041 5043 10272
f 5300 10272 5043
f 10273 10274 10275
f 10273 10275 10276
f 10275 10274 10277
f 10275 10277 10169
f 10166 10276 10275
f 10166 10275 10169
f 10278 10279 10280
f 10281 10279 10278
f 10282 10278 10283
f 10283 10278 10280
f 10282 9559 10278
f 10281 10278 10284
f 9559 10284 10278
f 10285 10286 10274
f 10285 10287 10286
f 10288 10285 10274
f 10288 10283 10285
f 10283 10289 10285
f 10289 10287 10285
f 10290 10291 10292
f 10290 10292 10293
f 10289 10280 10292
f 10289 10292 10291
f 10280 10294 10292
f 10292 10294 10293
f 10295 10288 10273
f 10295 10273 10296
f 10295 10282 10288
f 9555 10282 10295
f 9555 10295 10296
f 10277 10286 10297
f 10286 10298 10297
f 10274 10286 10277
f 10287 10299 10286
f 10286 10299 10298
f 10300 8078 8076
f 8073 10300 8076
f 10300 8081 8078
f 10300 5055 8081
f 5063 10300 8073
f 5063 5055 10300
f 5068 2555 2554
f 5068 5062 2555
f 2555 5062 8074
f 6493 2555 8074
f 2557 2555 6493
f 10301 5056 10302
f 10301 10303 5056
f 10304 10301 10302
f 4577 10303 10301
f 10304 10305 10301
f 10305 4577 10301
f 10306 10307 10308
f 4574 10308 10307
f 10307 10309 4576
f 4574 10307 4576
f 10310 10309 10307
f 10310 10307 10306
f 7698 7580 8211
f 7703 7698 8211
f 8211 7580 7118
f 8211 7118 7120
f 1401 5630 10311
f 10311 5630 8083
f 1399 1401 10311
f 10310 1399 10311
f 10310 10311 10312
f 10311 8083 10312
f 4569 10308 4560
f 10313 4560 10308
f 10306 10308 4569
f 10313 10308 4574
f 10314 4569 4568
f 10314 4568 1402
f 1402 4568 5571
f 5571 4568 4567
f 10315 10316 10317
f 10318 10315 10317
f 10315 10319 10316
f 10315 10320 10319
f 10321 10315 10318
f 10321 10320 10315
f 1409 10319 10322
f 1409 1410 10319
f 1409 10322 10323
f 1409 10323 1411
f 10324 1410 1405
f 8448 10324 1405
f 10324 10316 1410
f 10324 8510 10316
f 8508 8510 10324
f 8448 8508 10324
f 10325 1408 1411
f 10325 1411 10326
f 10325 662 1408
f 10325 10327 662
f 10325 10328 10327
f 10325 10329 10328
f 10325 10326 10329
f 10330 10331 10332
f 10330 10333 10331
f 10330 10332 10334
f 10330 10335 10333
f 10330 10336 10335
f 10330 10334 10336
f 10337 10338 10339
f 1867 10337 10339
f 1866 1867 10339
f 1866 10339 10340
f 10341 10339 10338
f 10342 10339 10341
f 10342 10340 10339
f 10343 10332 10344
f 10343 10344 10345
f 10344 10331 10338
f 10344 10332 10331
f 10344 10338 10346
f 10344 10329 10345
f 10344 10346 10329
f 10337 10346 10338
f 10337 10327 10328
f 10337 1412 10327
f 10337 10328 10346
f 1867 1412 10337
f 10343 10347 10348
f 10343 10349 10347
f 10343 10348 10332
f 10343 10345 10349
f 1864 1866 10340
f 10350 10351 10352
f 10353 10350 10352
f 10350 10354 10351
f 10353 10355 10350
f 9900 10350 10355
f 10350 9900 10354
f 10356 10352 10351
f 10356 10357 10352
f 10353 10352 10357
f 10358 10359 10360
f 10358 10354 10359
f 10358 10360 10361
f 10358 10361 10362
f 10358 10362 10363
f 10358 10363 10354
f 10364 10365 10363
f 10364 10366 10365
f 10365 10351 10363
f 10356 10351 10365
f 10367 10356 10365
f 10367 10365 10366
f 10357 10368 10369
f 10369 10368 10370
f 10353 10357 10369
f 10371 10369 10370
f 10371 10372 10369
f 10353 10369 10372
f 10367 10373 10374
f 10374 10373 10375
f 10367 10376 10373
f 10373 10377 10375
f 10373 10378 10377
f 10373 10376 10378
f 10374 10368 10357
f 10374 10375 10368
f 10368 10375 10379
f 10368 10379 10370
f 10380 10381 10382
f 10382 10381 10383
f 1987 10380 10382
f 10382 10383 10384
f 10385 10382 10384
f 10385 1987 10382
f 10386 10387 1985
f 1984 10386 1985
f 10380 1985 10387
f 1987 1985 10380
f 10388 10389 1872
f 10388 1872 1871
f 10388 10390 10391
f 10388 10392 10390
f 10388 10391 10389
f 10388 1871 10392
f 10393 10394 10395
f 10393 10395 10396
f 10395 10394 10390
f 10395 10390 10397
f 10398 10395 10397
f 10398 10399 10395
f 10399 10396 10395
f 7577 10400 7578
f 7577 10401 10400
f 7577 10402 10401
f 7577 7580 10402
f 10403 10404 10405
f 10403 10406 10404
f 10404 7714 10405
f 10404 7715 7714
f 10404 5769 7715
f 5769 10404 10406
f 10407 10408 10409
f 10408 10410 10409
f 10411 10409 10412
f 10412 10409 10410
f 10411 7765 10409
f 7765 10407 10409
f 10403 10405 10413
f 10403 10413 10414
f 10411 10413 10405
f 10411 2744 10413
f 2740 10413 2744
f 2740 10414 10413
f 2740 2742 10415
f 10378 2742 2743
f 10378 10416 2742
f 2742 10416 10415
f 10417 10418 1419
f 10418 10419 1419
f 10417 10420 10418
f 10418 10421 10422
f 10418 10422 10419
f 10418 10423 10421
f 10420 10423 10418
f 7764 10424 10407
f 7764 7767 10424
f 10407 10424 10425
f 7767 1420 10424
f 1420 10419 10424
f 10424 10419 10425
f 10426 1421 7690
f 7691 10426 7690
f 10426 10427 1421
f 10428 10429 10426
f 10429 10427 10426
f 10428 10426 7691
f 10430 10408 10422
f 10430 10431 10408
f 10407 10425 10408
f 10408 10425 10422
f 10408 10431 10410
f 10430 10422 10421
f 10430 10421 10432
f 10430 10433 10431
f 10430 10432 10433
f 10411 10412 2744
f 2744 10412 10434
f 10412 10410 10434
f 10435 8899 10436
f 10435 10436 8403
f 10435 8902 8899
f 10435 8397 10437
f 10435 10437 8902
f 10435 8403 8397
f 10438 10437 8400
f 10439 10438 8400
f 10438 8901 10437
f 8364 8901 10438
f 8364 10438 6988
f 10439 6988 10438
f 2424 2419 8901
f 10440 10441 10442
f 10443 10442 10441
f 10444 10445 10441
f 10441 2748 10444
f 10441 10445 10446
f 10440 2748 10441
f 10443 10441 10446
f 10447 10448 10449
f 10449 10448 10450
f 10447 10451 10448
f 10452 10448 10453
f 10454 10448 10452
f 10453 10448 10451
f 10454 10450 10448
f 10455 10447 10456
f 10455 10456 10444
f 10457 10447 10455
f 2750 10455 10444
f 2750 2753 10455
f 10457 10455 2753
f 10457 10458 10451
f 10459 10451 10458
f 10460 10458 10457
f 10461 10459 10458
f 10461 10458 10462
f 10462 10458 10460
f 10463 10453 10464
f 10463 10464 10465
f 10459 10464 10453
f 10466 10464 10459
f 10467 10464 10466
f 10467 10465 10464
f 1911 10468 10469
f 10470 10469 10468
f 1911 10469 10471
f 10472 10469 10470
f 10472 10473 10469
f 10473 10471 10469
f 1913 10474 10475
f 10476 10474 1913
f 10474 10477 10475
f 10476 10478 10474
f 10478 10479 10474
f 10474 10479 10477
f 1910 10480 10468
f 10468 10480 10481
f 1910 10475 10480
f 10480 10475 10482
f 10480 1425 10481
f 1425 10480 10482
f 10483 10481 1424
f 10484 10483 1424
f 10470 10481 10483
f 10485 10483 10486
f 10485 10470 10483
f 10484 10486 10483
f 10487 1427 10482
f 10477 10487 10482
f 10488 1427 10487
f 10489 10490 10487
f 10488 10487 10490
f 10489 10487 10477
f 1430 1433 1776
f 1430 1776 10491
f 10492 10491 1776
f 10492 1776 1778
f 10493 1434 10494
f 10495 10493 10494
f 10496 1434 10493
f 10496 10493 10497
f 10495 1790 10493
f 10493 1790 10497
f 10498 10499 10500
f 10498 10500 10501
f 10496 10499 10498
f 10496 10498 1435
f 10498 10502 1435
f 10498 10501 10502
f 10503 10499 10497
f 10503 10504 10499
f 10503 10497 1792
f 10503 1792 10505
f 10503 10506 10504
f 10503 10505 10506
f 9785 10507 9815
f 9785 10508 10507
f 9785 9786 10508
f 10509 10500 10504
f 10509 10510 10500
f 10509 10511 10489
f 10509 10489 10479
f 10509 10504 10511
f 10509 10479 10510
f 10512 10490 10511
f 10512 10513 10490
f 10512 10511 10506
f 10512 10506 10514
f 10512 10514 10515
f 10512 10515 10513
f 10488 10513 10516
f 10513 10517 10516
f 10488 10516 1428
f 10516 10518 1428
f 10516 10519 10518
f 10516 10517 10519
f 10520 10521 10478
f 10510 10478 10521
f 10520 10522 10521
f 10521 10522 10523
f 10501 10521 10523
f 10510 10521 10501
f 10524 10523 10525
f 10524 10525 10154
f 10524 10502 10523
f 10524 1436 10502
f 10524 10526 1781
f 10524 1781 1436
f 10524 10154 10526
f 10527 238 10528
f 238 10529 10528
f 10527 10528 5094
f 10528 10530 5094
f 10528 10531 10530
f 10529 10531 10528
f 5093 10530 10532
f 10533 10532 10530
f 5093 10532 10534
f 10532 10061 10534
f 10533 10535 10532
f 10532 10535 10061
f 10536 5006 10537
f 5007 5006 10536
f 10533 10536 10537
f 10533 10531 10536
f 10536 10531 10538
f 5007 10536 10538
f 10539 10540 10541
f 10539 10542 10540
f 10541 10540 2087
f 2087 10540 10543
f 10543 10540 10544
f 10544 10540 10542
f 10543 10545 10546
f 10543 10544 10545
f 10545 10547 10548
f 10544 10547 10545
f 10549 10545 10548
f 10546 10545 10549
f 455 1052 5455
f 459 1052 455
f 5452 5455 1052
f 2087 10543 2088
f 10543 10546 2088
f 10546 10550 2088
f 10550 2090 2088
f 10551 2040 2039
f 10552 2041 2040
f 10552 2040 10553
f 10553 2040 10551
f 10554 2042 10555
f 10554 10555 10556
f 10554 10557 2042
f 10554 10558 10559
f 10554 10559 10557
f 10554 10556 10558
f 10560 10561 10558
f 10560 10558 10556
f 10562 10561 10560
f 10562 10560 1440
f 10560 10563 1440
f 10560 10556 10563
f 10564 10565 2752
f 10564 2752 2751
f 10564 10566 10561
f 10564 2751 10566
f 10564 10561 10567
f 10564 10567 10568
f 10564 10568 10565
f 10569 10555 2043
f 10569 2043 1773
f 10569 10570 10555
f 10569 1773 10571
f 10569 10571 10572
f 10569 10572 10570
f 1770 1772 10573
f 1772 2041 10573
f 1770 10573 10574
f 10575 10573 10576
f 10574 10573 10575
f 10573 2041 10576
f 10577 10568 10578
f 10577 10578 10579
f 10577 10565 10568
f 10577 10580 10462
f 10577 10579 10580
f 10577 10462 10565
f 1437 1439 10581
f 1437 10578 10567
f 1437 10581 10578
f 10562 1437 10567
f 10562 1440 1437
f 1441 10582 1439
f 10581 1439 10582
f 10583 10584 10571
f 10583 10571 1775
f 10583 10585 10584
f 10583 1775 10586
f 10583 10586 10587
f 10583 10587 10585
f 10588 1443 10563
f 10570 10588 10563
f 10589 1443 10588
f 10588 10572 10584
f 10570 10572 10588
f 10590 10588 10584
f 10590 10589 10588
f 6075 6077 10591
f 6077 9108 10591
f 6075 10591 6118
f 6125 6118 10591
f 9108 5013 10591
f 6125 10591 5013
f 4787 10592 4788
f 10592 9814 4788
f 4788 9815 4789
f 10593 10594 10595
f 10596 10595 10594
f 10593 10595 10597
f 10597 10595 10598
f 10595 10599 10598
f 10596 10599 10595
f 10600 10601 10602
f 10603 10600 10602
f 10604 2764 10602
f 10604 10602 10601
f 2764 2765 10602
f 10605 10602 2765
f 10605 10603 10602
f 10606 10607 10599
f 10608 10599 10607
f 10600 10607 10606
f 10603 10607 10600
f 10609 10608 10607
f 10603 10609 10607
f 10610 10594 10611
f 10612 10611 10594
f 10610 10611 10613
f 10613 10611 10614
f 10612 10615 10611
f 10611 10615 10614
f 10596 10616 10606
f 10610 10616 10596
f 10617 10606 10616
f 10618 10617 10616
f 10610 10619 10616
f 10618 10616 10619
f 10619 10613 10620
f 10613 10621 10620
f 10622 10619 10620
f 10622 10620 10623
f 10621 10624 10620
f 10624 10623 10620
f 10625 10622 10626
f 10622 10627 10626
f 10628 10625 10626
f 10628 10626 10629
f 10630 10626 10627
f 10630 10629 10626
f 10618 10631 10617
f 10617 10631 10601
f 10628 10631 10625
f 10618 10625 10631
f 10628 10632 10631
f 10631 10632 10601
f 10633 10615 10634
f 10633 10635 10615
f 10633 10634 10636
f 10633 10637 10635
f 10633 10638 10637
f 10633 10636 10638
f 10593 10639 10612
f 10640 10639 10593
f 10612 10639 10634
f 10639 10641 10634
f 10640 10642 10639
f 10639 10642 10641
f 8433 8432 5014
f 8433 5011 10643
f 8433 5014 5011
f 4287 8433 10643
f 10644 6123 10645
f 10644 6124 6123
f 6123 10646 10645
f 6125 10646 6123
f 10644 9235 6124
f 4283 9235 10644
f 4282 10644 10645
f 4283 10644 4282
f 10647 10648 9990
f 10647 9990 10649
f 10647 10650 10651
f 10647 10649 10650
f 10647 10651 10648
f 10652 10650 10653
f 10652 10651 10650
f 10652 10653 10654
f 10652 10655 10651
f 10652 10656 10655
f 10652 10654 10656
f 10657 10655 10658
f 10657 10659 10655
f 10657 10660 10661
f 10657 10658 10660
f 10657 10661 10662
f 10657 10662 10659
f 10663 10660 10664
f 10663 10665 10660
f 10663 10664 10666
f 10663 10667 10665
f 10663 10668 10667
f 10663 10666 10668
f 10669 10670 10654
f 10669 10671 10670
f 10669 10654 10653
f 10669 10653 10672
f 10669 10672 10673
f 10669 10673 10671
f 10674 10653 10650
f 10674 10650 10675
f 10674 10672 10653
f 10674 10676 10672
f 10674 10677 10676
f 10674 10675 10677
f 10678 10656 10679
f 10678 10679 10680
f 10678 10658 10656
f 10678 10664 10658
f 10678 10681 10664
f 10678 10680 10681
f 10682 10683 10684
f 10683 10685 10684
f 10682 10686 10683
f 10683 10686 10687
f 10683 10687 10688
f 10683 10688 10685
f 10682 10684 10689
f 10690 10689 10684
f 10690 10684 10691
f 10691 10684 10685
f 9637 10682 10689
f 10690 10692 10689
f 10692 9634 10689
f 9634 9637 10689
f 10693 10694 10695
f 10696 10694 10693
f 10697 10695 10694
f 10698 10697 10694
f 10696 10699 10694
f 10699 10698 10694
f 10098 10693 10695
f 10696 10693 10700
f 10095 10700 10693
f 10098 10095 10693
f 10095 10093 10701
f 10702 10701 10093
f 10095 10701 10700
f 10703 10700 10701
f 10702 10704 10701
f 10703 10701 10704
f 1381 10093 10092
f 10702 10093 1381
f 10705 9277 9274
f 1622 10705 9274
f 10705 10706 9277
f 10705 10707 10708
f 1622 10707 10705
f 10705 10708 10706
f 10709 10710 1629
f 10711 10709 1629
f 1629 10710 1630
f 10711 1629 1631
f 10712 10713 10710
f 10712 10714 10713
f 10710 10713 10715
f 10715 10713 10716
f 10714 10717 10713
f 10716 10713 10717
f 10709 10718 10712
f 10719 10718 10709
f 10712 10718 10720
f 10721 10720 10718
f 10721 10718 10722
f 10719 10722 10718
f 10720 10723 10714
f 10720 10724 10723
f 10714 10723 10725
f 10726 10725 10723
f 10726 10723 10727
f 10727 10723 10724
f 10728 10729 10730
f 10728 10731 10729
f 10728 10730 10732
f 10728 10732 10733
f 10728 10733 10731
f 10734 10732 10735
f 10734 10735 10736
f 10734 10737 10732
f 10734 10738 10737
f 10734 10736 10738
f 10739 10736 10735
f 10739 10735 1448
f 10739 10740 10736
f 10739 1448 1446
f 10739 1446 10741
f 10739 10741 10740
f 10742 1445 10743
f 10742 10744 1445
f 2082 10742 2086
f 2082 10745 10742
f 10742 10743 2086
f 10742 10745 10744
f 8371 2522 10746
f 2523 10746 2522
f 10747 2522 8371
f 10747 2520 2522
f 10748 1449 10749
f 10748 1450 1449
f 10748 10749 10637
f 10748 10637 10638
f 10748 10638 10750
f 10748 10750 10751
f 10748 10751 1450
f 10741 10752 10753
f 10744 10752 10741
f 10753 10752 6191
f 10745 10754 10752
f 10745 10752 10744
f 10752 10754 6191
f 10755 10756 10757
f 10371 10756 10755
f 10755 10757 10758
f 10759 10755 10758
f 10371 10755 10760
f 10759 10760 10755
f 10761 1453 5161
f 10761 1451 1453
f 10761 5161 5159
f 10761 10762 1451
f 10761 2416 10762
f 10761 5159 2416
f 10763 10764 1455
f 10763 1455 10765
f 10763 10766 10764
f 10763 10767 10766
f 10763 10768 10767
f 10763 10765 10768
f 1456 10764 10769
f 10770 10769 10764
f 1456 10769 10771
f 10771 10769 10772
f 10772 10769 1462
f 10770 1462 10769
f 10771 10773 1457
f 10774 10773 10771
f 1457 10773 1454
f 10775 1454 10773
f 10775 10773 2547
f 2547 10773 10774
f 1459 4972 4971
f 1459 4971 10772
f 10774 10772 4971
f 10774 4971 2546
f 10770 10776 1463
f 10770 10766 10776
f 1463 10776 10777
f 10777 10776 10778
f 10776 10767 10778
f 10776 10766 10767
f 8371 10746 8372
f 10746 10779 8372
f 8383 8372 10779
f 8383 8374 8372
f 1469 3716 1470
f 9487 1470 3716
f 9487 3716 3720
f 10780 10781 10782
f 10780 10782 10783
f 10784 10782 10785
f 10784 10786 10782
f 10782 10781 10785
f 10782 10786 10783
f 10787 10788 10780
f 10787 10780 10789
f 10780 10788 10781
f 10780 10783 10789
f 10790 10791 10792
f 10785 10790 10792
f 10793 10790 10781
f 10785 10781 10790
f 10790 10794 10791
f 10793 10794 10790
f 10787 10789 10795
f 10796 10787 10795
f 10797 10795 10789
f 10703 10795 10797
f 10798 10796 10795
f 10703 10798 10795
f 10796 10799 10800
f 10800 10799 10801
f 10800 10788 10787
f 10796 10800 10787
f 10800 10802 10788
f 10800 10801 10802
f 1104 1476 10803
f 2541 1104 10803
f 1476 1477 10803
f 1477 364 10803
f 2541 10803 364
f 2528 5369 2531
f 10804 10805 10806
f 10806 10805 10807
f 10808 10809 10806
f 10808 10806 10810
f 10809 10804 10806
f 10806 10807 10810
f 10804 10811 10812
f 10812 10811 10813
f 10804 10812 10814
f 10812 2821 10814
f 10812 10813 10815
f 10812 10815 2821
f 4992 10816 10817
f 10816 10818 10817
f 2457 10816 4992
f 10816 2455 10818
f 2457 2455 10816
f 10819 4983 373
f 10819 373 371
f 10819 2539 4983
f 10819 371 4991
f 10819 4991 10820
f 10819 10820 2539
f 10821 10822 10823
f 10821 10824 10822
f 10821 10823 2538
f 10821 10820 10825
f 10821 2538 10820
f 10821 10825 10824
f 10826 10827 10828
f 10826 10828 4772
f 4776 4770 10828
f 10828 4770 4772
f 10827 4776 10828
f 10829 10830 10831
f 10831 10830 10832
f 10829 10831 10833
f 10834 10833 10831
f 10834 10831 10832
f 10829 10835 10830
f 10836 10830 10835
f 10837 10838 10835
f 10838 10836 10835
f 10839 10837 10835
f 10839 10835 10829
f 10839 10840 10841
f 10839 10841 10842
f 10843 10841 10840
f 10843 10844 10841
f 10844 10845 10841
f 10842 10841 10845
f 10838 10846 10847
f 10838 10847 10836
f 10846 10848 10847
f 10849 10847 10848
f 10836 10847 10850
f 10849 10850 10847
f 10836 10851 10830
f 10852 10830 10851
f 10832 10830 10852
f 10853 2820 10854
f 10853 10854 10855
f 2820 10815 10854
f 10854 10815 10856
f 10854 10856 10857
f 10854 10857 10855
f 10858 10859 10860
f 10858 10861 10859
f 10858 10860 10862
f 10863 10858 10862
f 10863 10864 10858
f 10864 10861 10858
f 10865 10866 10867
f 10865 10867 10860
f 10866 10868 10867
f 10867 10862 10860
f 10867 10869 10862
f 10867 10868 10869
f 10865 10870 10866
f 10865 10860 10871
f 10865 10871 10872
f 10865 10872 10873
f 10865 10873 10870
f 10874 10871 10859
f 10875 10874 10859
f 10859 10871 10860
f 10875 10859 10861
f 1479 10876 10870
f 1479 1482 10876
f 1479 10870 10877
f 1479 10877 1480
f 1484 10878 4780
f 4782 4780 172
f 10879 4780 10878
f 10879 172 4780
f 10880 10881 10882
f 1480 10881 10880
f 10880 10882 10883
f 1483 1480 10880
f 10884 1483 10880
f 10884 10880 10885
f 10885 10880 10883
f 1482 10886 10876
f 10886 10868 10876
f 1482 4783 10886
f 4783 10887 10886
f 10886 10888 10868
f 10886 10887 10888
f 10889 10890 10887
f 10889 10887 4784
f 10889 10891 10890
f 10889 4784 10892
f 10889 10892 1934
f 10889 1934 10891
f 10893 10894 10895
f 10863 10895 10894
f 10895 10888 10890
f 10895 10869 10888
f 10895 10890 10896
f 10863 10869 10895
f 10893 10895 10896
f 1500 10897 10898
f 10898 10897 10899
f 1500 10898 1501
f 1984 1501 10898
f 1984 10898 10900
f 10898 10899 10900
f 10901 10902 10903
f 10901 10903 10420
f 10904 10902 10901
f 10904 10901 10905
f 10901 10420 10905
f 10906 10907 10904
f 10906 10904 10908
f 10906 10909 10907
f 10906 10910 10909
f 10906 10080 10910
f 10906 10908 10080
f 4459 6437 4460
f 6437 278 6441
f 10911 10912 2006
f 10911 10913 10912
f 10911 2006 10914
f 10915 10911 10914
f 10911 10916 10913
f 10915 10916 10911
f 10917 2525 10918
f 2524 10918 2525
f 2526 2525 10917
f 10919 10920 10921
f 10919 10922 10920
f 10920 10912 10921
f 10920 10923 10912
f 10920 10922 10924
f 10920 10924 10923
f 10925 10926 10927
f 10925 10927 10928
f 10927 10926 10929
f 10927 10929 10930
f 10927 10930 10335
f 10927 10335 10928
f 8539 8543 10931
f 8539 10931 10932
f 8948 8947 10931
f 10931 8947 8993
f 8543 8948 10931
f 10933 10931 8993
f 10933 10932 10931
f 10934 10935 10936
f 10937 10936 10935
f 10935 10938 10939
f 2452 10935 10939
f 10940 10938 10935
f 10934 10940 10935
f 10937 10935 2452
f 10941 1496 10942
f 10943 1496 10941
f 10941 10942 10944
f 10945 10943 10941
f 10945 10941 10946
f 10941 10944 10946
f 2912 2913 6736
f 10947 5430 5428
f 10947 10948 5430
f 10947 5428 10944
f 10944 10949 10947
f 10947 10949 10950
f 10947 10950 10948
f 1495 10951 10942
f 1495 1505 10951
f 10951 10949 10942
f 10951 1504 10938
f 10951 10938 10952
f 10951 1505 1504
f 10951 10952 10949
f 10953 10950 10954
f 10953 10954 10955
f 10954 10950 10952
f 10954 10952 10940
f 10954 10940 10934
f 10954 10934 10955
f 10953 10956 10948
f 10953 10957 10956
f 10953 10948 10950
f 10958 10953 10955
f 10958 10957 10953
f 10959 10960 10961
f 10959 8554 10960
f 8981 10961 10960
f 8981 10960 4058
f 10960 8554 4062
f 10960 4062 4058
f 10959 10961 8976
f 10959 8553 8554
f 10959 8547 8553
f 10959 8976 8547
f 10962 10963 9845
f 10964 10963 10962
f 10962 9845 10965
f 10966 10964 10962
f 10966 10962 10965
f 10967 10856 10813
f 10968 10967 10813
f 10969 10856 10967
f 10970 10967 10964
f 10968 10964 10967
f 10970 10969 10967
f 9852 10971 9850
f 10972 10971 9852
f 10971 10965 9850
f 10973 10965 10971
f 10974 10973 10971
f 10974 10971 10975
f 10972 10975 10971
f 10976 10977 10978
f 10978 10977 10979
f 10976 10974 10977
f 10974 10980 10977
f 10981 10979 10977
f 10981 10977 10980
f 10966 10982 10970
f 10966 10973 10982
f 10970 10982 10983
f 10976 10982 10973
f 10984 10982 10976
f 10984 10983 10982
f 10843 10985 10986
f 10843 10986 10987
f 10986 10985 10988
f 10987 10986 10989
f 10986 10988 10989
f 10987 10990 10844
f 10987 10991 10990
f 10844 10990 10992
f 10990 10993 10992
f 10990 10994 10993
f 10990 10995 10994
f 10990 10991 10995
f 10996 10997 10998
f 10999 10997 10996
f 10997 11000 11001
f 10999 11000 10997
f 10997 11001 10995
f 10998 10997 10995
f 11002 11003 11004
f 11002 11005 11003
f 10998 10991 11003
f 10989 11003 10991
f 10998 11003 11005
f 10989 11004 11003
f 8559 8560 11006
f 8275 11006 8560
f 11007 8559 11006
f 11008 11007 11006
f 11009 11008 11006
f 8288 11009 11006
f 8288 11006 8275
f 4071 11010 9354
f 4071 8564 11010
f 9354 11010 9345
f 11007 11011 11010
f 9345 11010 11011
f 11007 11010 8562
f 11010 8564 8562
f 7619 11012 9614
f 7618 11012 7619
f 11013 11014 11015
f 1513 11014 11013
f 11013 11015 11016
f 1513 11013 11017
f 11017 11013 11018
f 11013 11016 11018
f 11019 11020 11021
f 11019 11021 11022
f 11019 11023 11024
f 11019 11024 11020
f 11019 11025 11023
f 11019 11022 11025
f 11026 11027 1933
f 11026 1514 11027
f 1933 11027 10891
f 11028 11027 1514
f 11028 10893 11027
f 10893 10896 11027
f 11027 10896 10891
f 11029 11030 2814
f 1512 11029 2814
f 11029 1931 11030
f 1929 1931 11029
f 11026 1929 11029
f 11026 11029 1512
f 1511 2815 11031
f 1511 11031 11014
f 2811 11031 2815
f 11031 11032 11014
f 11033 11032 11031
f 2811 11033 11031
f 5393 5392 11034
f 11034 5392 11024
f 11020 11024 5392
f 11020 5392 2813
f 6025 6024 11012
f 6025 11035 8377
f 6025 8377 6026
f 6025 11012 11035
f 11036 11037 11038
f 11039 11036 11038
f 11038 11034 11040
f 11041 11038 11040
f 11037 11034 11038
f 11041 11039 11038
f 11042 1518 4751
f 11042 4751 4748
f 9783 1518 11042
f 9783 11042 5138
f 5138 11042 11043
f 11043 11042 4748
f 1522 1521 9774
f 4857 1522 9774
f 4857 9774 4859
f 9774 2515 4859
f 9774 9771 2515
f 3923 4612 11044
f 3923 11044 4841
f 4612 4747 11044
f 296 11044 4747
f 4841 11044 296
f 4612 4613 4747
f 4749 4747 4613
f 11045 4613 4611
f 11045 4749 4613
f 11045 11046 5135
f 11045 5135 11043
f 11046 5136 5135
f 5135 5138 11043
f 11047 11048 11049
f 11050 11047 11049
f 11047 11051 11048
f 11047 10587 11051
f 11050 11052 11047
f 11047 11052 11053
f 11047 11053 10587
f 11054 11055 11048
f 11054 1528 11055
f 11054 11056 11057
f 11054 11057 11058
f 11054 11048 11056
f 11054 11058 1528
f 11059 11058 11057
f 11059 11057 11060
f 11059 11061 11058
f 11059 11062 11061
f 11059 11063 11062
f 11059 11060 11063
f 11064 11065 1527
f 11064 1527 11061
f 11064 11066 11065
f 11064 11067 11068
f 11064 11068 11066
f 11064 11061 11067
f 11069 11052 11070
f 11071 11052 11069
f 11072 11069 11070
f 11073 11071 11069
f 11073 11069 10722
f 11072 10722 11069
f 11050 11074 11075
f 11075 11074 11076
f 11075 11077 11070
f 11075 11078 11077
f 11050 11075 11070
f 11075 11079 11078
f 11075 11076 11079
f 1523 11080 11081
f 11076 11081 11080
f 11055 11081 11049
f 11055 1523 11081
f 11081 11074 11049
f 11076 11074 11081
f 1523 1525 11080
f 11080 1525 2450
f 1525 1526 2451
f 1525 2451 2450
f 11080 2450 11082
f 11076 11080 11082
f 4892 11083 4893
f 4893 11084 11085
f 11083 11084 4893
f 4895 4893 4900
f 4893 11085 4900
f 4787 4790 11086
f 4787 11086 11087
f 4787 11087 10592
f 1537 1540 11088
f 1540 4861 11088
f 8391 1537 11088
f 8391 11088 8393
f 11088 2513 8393
f 11088 4861 2513
f 10826 10779 10746
f 10826 10746 2523
f 10826 2523 10827
f 10826 4772 11089
f 10826 11089 10779
f 11090 1547 1545
f 4671 11090 1545
f 11090 11091 1547
f 11090 11092 11091
f 1547 11091 11093
f 11094 11093 11091
f 11094 11091 11092
f 11095 11096 2806
f 11095 11093 11096
f 11097 11095 2806
f 1548 11093 11095
f 11098 1548 11095
f 11097 11098 11095
f 11099 11100 11101
f 11101 11100 11102
f 11103 11101 11104
f 11105 11104 11101
f 11099 11101 11103
f 11106 11101 11102
f 11106 11105 11101
f 11098 11104 11107
f 11104 11108 11107
f 11098 11107 1549
f 1549 11107 11109
f 11107 11110 11109
f 11107 11108 11110
f 2808 11111 2807
f 11097 2807 11111
f 11112 11111 2808
f 11097 11111 11103
f 11099 11103 11111
f 11099 11111 11112
f 11099 11112 11100
f 11112 1564 11100
f 1560 11102 11100
f 1564 1560 11100
f 2803 11113 11114
f 11115 11114 11113
f 11096 11113 2803
f 11094 11113 11096
f 11116 11113 11117
f 11094 11117 11113
f 11115 11113 11116
f 11118 11119 11120
f 11118 11120 11121
f 11120 11119 11122
f 11120 11123 11124
f 11120 11124 11121
f 11120 11122 11123
f 11118 11125 11119
f 11118 11126 11125
f 11118 11127 11126
f 11118 11121 11127
f 1555 11128 11129
f 11128 10517 11129
f 11130 1555 11129
f 11131 11130 11129
f 10515 11129 10517
f 11131 11129 10515
f 11132 1797 11133
f 11131 11132 11133
f 1556 11130 11133
f 11131 11133 11130
f 1556 11133 11134
f 11134 11133 1797
f 1550 1556 11135
f 1556 11134 11135
f 11136 1550 11135
f 11136 11135 1565
f 1565 11135 1569
f 1569 11135 11134
f 11137 2805 1551
f 1550 11137 1551
f 11138 1551 2805
f 1553 1551 11138
f 11138 11114 11139
f 11140 11139 11114
f 1553 11138 11139
f 1553 11139 11141
f 11141 11139 1806
f 11140 1806 11139
f 1557 11142 11143
f 1896 11143 11142
f 1557 1563 11142
f 1563 11144 11142
f 1896 11142 11144
f 1557 11145 1558
f 1560 1558 11146
f 11147 1558 11145
f 11147 11146 1558
f 11148 11149 2809
f 11148 11150 11149
f 2808 2809 11149
f 11112 2808 11149
f 11112 11149 1564
f 1561 1564 11149
f 11150 1561 11149
f 1561 1567 1562
f 1563 1562 11151
f 1562 1567 1568
f 1562 1568 11151
f 11148 2809 11137
f 11136 11148 11137
f 11136 11150 11148
f 1569 11134 1796
f 1569 1796 1570
f 11134 1797 1796
f 1798 1570 1796
f 1798 2463 11152
f 2463 2464 11152
f 1570 11152 1571
f 1798 11152 1570
f 11152 11153 1571
f 11153 11152 2464
f 11154 1568 1571
f 11154 1571 11153
f 11154 11151 1568
f 11154 11144 11151
f 11154 11153 1895
f 11154 1895 11144
f 2803 11114 2804
f 11138 2804 11114
f 11140 11114 11115
f 11116 11155 11156
f 11125 11155 11116
f 11156 11155 1804
f 11157 1804 11155
f 11158 11155 11126
f 11158 11157 11155
f 11126 11155 11125
f 1578 1583 718
f 719 718 1583
f 717 7952 718
f 7946 1584 1581
f 7946 4910 1584
f 7946 4912 4910
f 7946 2500 4912
f 11159 11160 11084
f 11160 1591 11084
f 11161 11162 11160
f 11161 11160 2508
f 11159 2508 11160
f 11160 11162 1590
f 11160 1590 1591
f 11163 11164 11165
f 11165 11164 11166
f 11163 11165 4811
f 4811 11165 4815
f 11165 11166 2519
f 11165 2519 4815
f 2507 2506 11167
f 11161 2507 11167
f 11161 2508 2507
f 11168 11169 11170
f 11170 11169 2800
f 1592 11171 11169
f 11171 11172 11169
f 1592 11169 11168
f 11169 11172 2800
f 1748 11173 11174
f 1748 11175 11173
f 11174 11173 11172
f 11173 11175 11176
f 2799 11173 11176
f 2799 11172 11173
f 2760 1746 2761
f 11177 2761 1746
f 11177 1595 2761
f 2761 1595 2763
f 11178 11179 11180
f 11180 11179 2797
f 11181 11179 11178
f 11179 11182 11183
f 11179 11183 2797
f 11181 11182 11179
f 11184 2794 11185
f 11184 11180 2794
f 11184 11185 11186
f 11184 11187 11180
f 11184 1874 11187
f 11184 11186 11188
f 11184 11188 1874
f 11189 11176 11190
f 11189 2798 11176
f 11189 11190 11191
f 11189 11191 11192
f 11189 11192 11193
f 11189 11193 2798
f 11194 11191 11195
f 11194 11195 11108
f 11194 11196 11191
f 11194 11197 11196
f 11105 11197 11194
f 11105 11194 11108
f 11198 11192 11196
f 11198 11196 11199
f 11200 11192 11198
f 11200 11198 11201
f 11202 11201 11198
f 11202 11198 11199
f 11203 11204 11185
f 11203 11185 2796
f 11200 11203 11193
f 11200 11205 11203
f 11203 2796 11193
f 11203 11205 11204
f 11206 11207 11208
f 11209 11207 11206
f 11206 11210 11205
f 11206 11205 11201
f 11206 11208 11210
f 11209 11206 11201
f 11211 11212 9307
f 11211 11213 11212
f 11211 11214 11208
f 11211 11208 11213
f 11211 11215 11214
f 11211 9307 11215
f 11170 11183 11216
f 2801 11183 11170
f 11217 11170 11216
f 11168 11170 11217
f 2801 11170 2800
f 11168 11217 11218
f 11217 11219 11218
f 1596 11168 11218
f 11218 11220 1902
f 1596 11218 1902
f 11218 11219 11220
f 11221 11188 11222
f 11221 1875 11188
f 11221 11222 11215
f 11221 11223 1875
f 11221 11215 9308
f 11221 9308 11223
f 11224 11225 11226
f 11224 11226 11227
f 11228 11226 11225
f 11228 11229 11226
f 11230 11226 11229
f 11231 11226 11230
f 11231 11227 11226
f 11232 11233 11234
f 11232 11234 11229
f 11235 11236 11234
f 11236 11237 11234
f 11233 11235 11234
f 11234 11237 11229
f 10103 11238 10104
f 11238 11239 10104
f 10105 10104 11240
f 11239 11240 10104
f 11228 11241 11232
f 11232 11241 11242
f 11228 11243 11241
f 11244 11241 11243
f 11244 11245 11241
f 11245 11242 11241
f 11246 11233 11247
f 11233 11242 11247
f 11248 11246 11247
f 11249 11250 11247
f 11250 11248 11247
f 11249 11247 11242
f 11246 11251 11235
f 11235 11251 11252
f 11253 11239 11251
f 11251 11239 11252
f 11254 11253 11251
f 11254 11251 11246
f 11255 11256 10347
f 11255 10347 11257
f 11256 11258 10347
f 10347 10349 11257
f 11258 10348 10347
f 11259 11260 11261
f 11259 11262 11260
f 11255 11260 11263
f 11255 11261 11260
f 11263 11260 11264
f 11264 11260 11262
f 11265 11266 11267
f 11268 11267 11266
f 11268 11266 11269
f 11262 11269 11266
f 11264 11266 11265
f 11264 11262 11266
f 11270 11271 1608
f 11270 1608 11272
f 11270 11273 11271
f 11270 11272 11274
f 11270 11274 11275
f 11270 11275 11273
f 11276 1611 11271
f 11276 11277 1611
f 11278 11276 11271
f 11276 11279 11277
f 11280 11279 11276
f 11278 11280 11276
f 11263 11281 11282
f 11277 11282 11281
f 11263 11264 11281
f 11264 11265 11281
f 1612 11281 11265
f 11277 11281 1612
f 1610 11267 11283
f 11283 11267 11284
f 11265 11267 1613
f 1613 11267 1610
f 11268 11284 11267
f 1607 11272 1608
f 1607 1610 11285
f 11286 11272 1607
f 11286 1607 11287
f 1607 11285 11287
f 11263 11282 11256
f 11288 11256 11282
f 11277 11289 11282
f 11288 11282 11289
f 11290 11289 11279
f 11290 11291 11289
f 11290 11279 2004
f 11290 2009 11291
f 11290 2004 2009
f 11292 11291 11293
f 11292 11293 10336
f 11292 11288 11291
f 11292 11258 11288
f 11292 10336 10334
f 11292 10334 11258
f 2501 2502 11294
f 2501 11294 11295
f 2501 11295 2503
f 11296 1616 4913
f 11296 4913 4914
f 11296 11295 4742
f 11296 4742 4739
f 11296 2503 11295
f 11296 4739 1616
f 11296 4914 2503
f 11297 11298 11299
f 11300 11299 11298
f 4869 11298 11297
f 4741 11300 11298
f 1619 4741 11298
f 1619 11298 4869
f 11301 10909 11302
f 11301 11302 11303
f 11304 10909 11301
f 11305 11301 11303
f 11305 11306 11301
f 11304 11301 11306
f 11307 11308 2737
f 11309 11308 11307
f 2736 2737 11308
f 11309 11310 11308
f 2736 11308 11310
f 11311 11312 11313
f 11311 11313 11314
f 11315 11313 11312
f 11316 11313 11315
f 11309 11307 11313
f 11307 11314 11313
f 11316 11309 11313
f 11317 11318 11319
f 11317 11320 11318
f 11318 11321 11319
f 11318 11322 11321
f 11320 9020 11318
f 11318 9020 11322
f 11323 2506 2509
f 11323 11324 2506
f 2506 11324 11167
f 11325 11326 11250
f 11250 11326 11327
f 11325 11328 11326
f 11329 11327 11326
f 11329 11326 11330
f 11328 11330 11326
f 11325 11249 11331
f 11249 11245 11331
f 11332 11325 11331
f 11332 11331 11333
f 11333 11331 11334
f 11334 11331 11245
f 11335 11336 11337
f 11338 11335 11337
f 11339 11336 11335
f 11340 11335 11338
f 11339 11335 11340
f 11341 11342 11343
f 11344 11343 11342
f 11341 11345 11342
f 11346 11342 11345
f 11347 11344 11342
f 11347 11342 11346
f 11348 11349 11350
f 11351 11350 11349
f 11352 11350 11353
f 11350 11354 11353
f 11352 11348 11350
f 11355 11354 11350
f 11355 11350 11351
f 11356 11338 11357
f 11358 11357 11338
f 11359 11356 11357
f 11360 11357 11361
f 11360 11359 11357
f 11361 11357 11358
f 11341 11343 11362
f 11363 11362 11343
f 11363 11343 11364
f 11344 11364 11343
f 1045 5443 11365
f 5442 11365 5443
f 1045 11365 8026
f 8026 11365 11366
f 5442 9376 11365
f 11365 9376 11366
f 11367 11368 11369
f 11367 11369 11370
f 11367 11371 10794
f 11367 11370 11371
f 11367 10794 11372
f 11367 11373 11368
f 11367 11372 11373
f 11374 11375 11376
f 10793 11375 11374
f 11374 11376 11377
f 11374 11377 11372
f 10793 11374 11372
f 11378 11379 11380
f 11381 11380 11379
f 7935 7934 11379
f 11381 11379 7934
f 1048 11379 1047
f 11378 1047 11379
f 1048 7935 11379
f 11382 11383 11384
f 11384 11383 11385
f 11382 11386 11383
f 11383 11386 11387
f 11383 11387 11388
f 11383 11388 11385
f 11382 11389 11386
f 11390 11389 11382
f 11389 11391 11386
f 11389 11392 11391
f 11389 11393 11392
f 11390 11393 11389
f 11394 11395 11396
f 11397 11396 11395
f 11394 11396 11398
f 11399 11396 11397
f 2790 11398 11396
f 11399 2790 11396
f 11400 11401 11402
f 11403 11402 11401
f 11404 11405 11401
f 11404 11401 11400
f 11405 11406 11401
f 11403 11401 11406
f 11407 11408 11409
f 11407 2788 11408
f 11404 11408 11410
f 11404 11409 11408
f 11410 11408 11411
f 11411 11408 2788
f 11410 11412 11405
f 11413 11412 11410
f 11405 11412 11414
f 11415 11412 11413
f 11416 11412 11415
f 11416 11417 11412
f 11414 11412 11417
f 11418 11419 11397
f 11418 11420 11419
f 11418 11391 11392
f 11418 11397 11391
f 11418 11392 11421
f 11418 11421 11420
f 11422 11384 11423
f 11423 11384 11385
f 11390 11382 11384
f 11422 11390 11384
f 11399 11397 11419
f 11419 11420 11424
f 11419 11424 11425
f 2793 11419 11425
f 11399 11419 2793
f 11426 11427 11393
f 11426 11428 11427
f 11429 11430 11427
f 11429 11427 11428
f 11427 11421 11393
f 11427 11430 11421
f 11431 11432 11433
f 11434 11433 11432
f 11431 11435 11432
f 9661 11432 11435
f 11436 11434 11432
f 9661 11436 11432
f 11433 11437 11438
f 11431 11433 11438
f 11433 11439 11437
f 11434 11439 11433
f 11440 11438 11413
f 11440 11413 11411
f 11431 11438 11440
f 11431 11440 11441
f 11441 11440 2791
f 2791 11440 11411
f 11441 11442 11435
f 11441 2792 11442
f 11435 11442 9673
f 11442 11425 11443
f 2792 11425 11442
f 11442 11443 9673
f 11407 11409 11444
f 11407 11444 11445
f 11407 11445 2789
f 11407 2789 2788
f 11394 11446 11447
f 11394 11398 11446
f 11446 11445 11448
f 11446 11398 11445
f 11446 11448 11447
f 11449 11450 11451
f 11449 11452 11450
f 11451 11450 11453
f 11453 11450 11330
f 11452 11329 11450
f 11329 11330 11450
f 11449 11451 11454
f 11449 11454 11455
f 11456 10978 11454
f 11454 10978 11457
f 11451 11456 11454
f 11454 11457 11455
f 9003 4704 11458
f 11458 4704 4708
f 4744 11458 4737
f 4737 11458 11459
f 4744 9003 11458
f 11458 4708 11459
f 11294 4743 11295
f 9007 4743 11294
f 4742 11295 4743
f 4744 4743 9007
f 11460 11461 11462
f 11460 11462 11463
f 11460 11464 11461
f 11460 11465 11464
f 11460 11466 11465
f 11460 11463 11466
f 11467 8243 4146
f 11467 4146 4149
f 11467 11297 8243
f 11467 4868 11297
f 11467 4149 4871
f 11467 4871 4868
f 11468 11469 11470
f 11468 11470 4872
f 11468 4873 4148
f 11468 4148 11471
f 11468 4872 4873
f 11468 11471 11469
f 11472 2479 2483
f 11472 11473 2479
f 11472 4838 11469
f 11472 11469 11473
f 11472 4835 4838
f 11472 2483 4835
f 11474 11319 11475
f 11474 11475 11476
f 11477 11319 11474
f 11478 11474 11476
f 11479 11474 11478
f 11479 11480 11474
f 11480 11477 11474
f 11317 11319 11477
f 11317 11481 11320
f 11482 11317 11477
f 11482 11481 11317
f 9866 11483 11484
f 11484 11483 11322
f 11485 9866 11484
f 11484 11322 9018
f 11484 9018 10183
f 11485 11484 10183
f 11323 11486 11487
f 11323 11487 11324
f 11488 5784 11487
f 11486 11488 11487
f 5783 11487 5784
f 5783 11324 11487
f 9856 11489 9864
f 9864 11489 11490
f 9864 11490 11476
f 9865 9864 11476
f 11491 11492 11493
f 11491 11494 11492
f 11491 11495 11496
f 11497 11495 11491
f 11491 11496 11494
f 11497 11491 11493
f 11498 11499 11500
f 11498 11501 11499
f 11498 11500 9015
f 11498 9015 9014
f 11498 9014 11502
f 11498 11502 11501
f 9142 11503 10178
f 10178 11503 11504
f 9142 11499 11503
f 11504 11503 11496
f 11494 11496 11503
f 11501 11503 11499
f 11501 11494 11503
f 8480 8482 2348
f 2350 2348 8482
f 11505 8480 2348
f 2347 11505 2348
f 8491 11505 11506
f 11507 11506 11505
f 8491 11506 8490
f 11508 11506 11507
f 11508 2495 11506
f 8490 11506 2495
f 11509 1765 1764
f 11509 11510 1765
f 11509 1764 11511
f 11512 11509 11511
f 11512 11513 11509
f 11509 11513 11510
f 11514 1767 1768
f 11515 1767 11514
f 11514 1768 11516
f 1633 11514 11516
f 1633 11517 11514
f 11517 11515 11514
f 1626 9633 11518
f 9633 10692 11518
f 1626 11518 1627
f 11512 11511 11518
f 1627 11518 11511
f 11512 11518 10692
f 11519 1630 10715
f 11520 11519 10715
f 1632 1630 11519
f 10708 10707 11519
f 1632 11519 10707
f 10708 11519 11520
f 11517 10707 1625
f 1622 1625 10707
f 11517 1625 11515
f 1624 11515 1625
f 1764 11521 11511
f 1764 1767 11521
f 1627 11511 11521
f 11515 11521 1767
f 1624 1627 11521
f 1624 11521 11515
f 1634 11522 11523
f 11524 11523 11522
f 1631 1634 11523
f 1631 11523 11525
f 11525 11523 11524
f 11526 11527 11528
f 11526 1992 11527
f 11526 11529 10899
f 11526 10899 11530
f 11526 11528 11529
f 11526 11530 1992
f 11531 10386 11532
f 10900 11532 10386
f 11531 11532 11533
f 10900 11529 11532
f 11529 11533 11532
f 11531 11534 10387
f 10387 11534 11535
f 10394 11534 10391
f 10394 11535 11534
f 11536 10391 11534
f 11531 11536 11534
f 11536 11533 11537
f 11536 11537 10389
f 11533 11528 11537
f 11538 11537 11528
f 11539 10389 11537
f 11538 11539 11537
f 11540 4433 11541
f 11540 11541 11542
f 11540 4453 4433
f 11540 5447 4453
f 5449 5447 11540
f 5449 11540 11542
f 11543 4663 4668
f 11543 4668 10059
f 4669 4690 4668
f 10059 4668 4690
f 4712 4722 5355
f 4714 4712 11544
f 11544 4712 5355
f 10174 11545 11546
f 10174 10177 11545
f 9862 11545 11547
f 10177 11547 11545
f 9862 9863 11545
f 11546 11545 9863
f 11548 11546 9863
f 9859 11548 9863
f 11548 11549 11546
f 11548 10185 11549
f 11485 10185 11548
f 9859 11485 11548
f 11549 10175 10174
f 9141 10175 10184
f 11549 10184 10175
f 10175 9141 9143
f 9121 11550 4709
f 9121 9124 11550
f 9121 11551 9122
f 9121 4709 4706
f 9121 4706 11551
f 11550 11300 4740
f 11550 4740 11459
f 11550 11552 11300
f 11550 11459 4709
f 11550 9124 11552
f 8242 11552 4140
f 8242 8243 11299
f 8242 11299 11552
f 9636 10686 10682
f 9637 9636 10682
f 9671 11553 9669
f 9671 11554 11553
f 8922 9669 11553
f 9635 11553 11555
f 11555 11553 11554
f 8922 11553 9635
f 11556 11557 11462
f 11462 11557 11558
f 11495 11557 11556
f 11559 11557 11495
f 11560 11558 11557
f 11559 11560 11557
f 11461 11561 11562
f 10179 11562 11561
f 11563 11561 11461
f 11547 11561 11563
f 10177 11561 11547
f 10177 10179 11561
f 11564 11565 11566
f 11564 10384 11565
f 11565 10383 11567
f 11565 10384 10383
f 11565 11567 11568
f 11565 11568 11566
f 11569 11570 10393
f 11569 10393 10396
f 11569 10381 11570
f 11569 11571 10381
f 11569 10396 11572
f 11569 11572 11571
f 11573 11568 11567
f 11573 11567 11571
f 11573 11572 11574
f 11573 11571 11572
f 11573 11574 10726
f 11573 10726 11568
f 11575 11576 11577
f 11575 11577 9297
f 11575 9297 9296
f 11575 9296 9282
f 11575 9279 11576
f 11575 9282 9279
f 11577 11576 11578
f 11577 11579 9297
f 11577 11580 11579
f 11577 11578 11580
f 11581 9298 11579
f 11581 11579 11582
f 11581 9292 9298
f 11581 11583 9292
f 11581 11584 11583
f 11581 11582 11584
f 11585 11578 11576
f 11585 11576 10706
f 11585 10716 11578
f 11520 10716 11585
f 11520 11585 10706
f 11586 11580 10717
f 11586 11582 11580
f 11586 10717 10725
f 11586 10725 11574
f 11587 11586 11574
f 11587 11582 11586
f 11588 11568 10727
f 11588 10727 11589
f 11588 11566 11568
f 11588 11590 11566
f 11588 11589 11590
f 11591 11572 10396
f 11587 11572 11591
f 11591 10399 11584
f 11587 11591 11584
f 11591 10396 10399
f 10393 11570 11535
f 10393 11535 10394
f 6830 6829 6835
f 9689 11592 7998
f 986 7998 11592
f 7999 7998 986
f 8001 9689 7998
f 8178 8410 8179
f 8181 8179 7527
f 9916 8179 8410
f 7527 8179 9916
f 11593 1787 2758
f 11593 2758 2757
f 1640 11593 1639
f 11593 2757 1639
f 1640 1784 11593
f 11593 1784 1787
f 1641 11594 1635
f 1638 1635 11594
f 1641 1635 11595
f 11595 1635 1637
f 11596 11594 2784
f 11596 1638 11594
f 1641 1643 11594
f 1643 2784 11594
f 11597 11598 7582
f 11598 7584 7582
f 11597 7582 11599
f 7581 11599 7582
f 11600 11595 1637
f 11600 1637 11601
f 11600 11602 11595
f 11600 11603 11602
f 11604 11600 11601
f 11604 11603 11600
f 11605 1645 11602
f 11605 11602 11606
f 1646 1645 11605
f 1646 11605 166
f 11605 11607 166
f 11605 11606 11607
f 606 4996 2704
f 606 2704 2702
f 2460 2462 1782
f 1651 1139 2460
f 2460 1139 1137
f 1651 2460 1782
f 1651 1782 1652
f 1653 1652 1784
f 1654 11596 1648
f 11596 11608 1648
f 11596 2784 11608
f 1654 1638 11596
f 1648 11608 8939
f 9666 8908 11609
f 11610 11609 8908
f 9667 9666 11609
f 11610 11611 11609
f 9667 11609 11611
f 11612 11610 11613
f 11610 8910 11613
f 11608 11612 11613
f 11608 11613 8939
f 8939 11613 11614
f 8910 11614 11613
f 11608 2784 2783
f 2783 11615 11612
f 11608 2783 11612
f 2785 11615 2783
f 9662 9663 11616
f 9663 11611 11616
f 11617 9662 11616
f 11616 11611 11615
f 2785 11616 11615
f 2785 11617 11616
f 2786 1647 11618
f 2786 11618 11619
f 1644 1647 2786
f 2785 2786 11619
f 11620 11617 11621
f 11620 11621 11622
f 11621 11617 11619
f 11621 11619 11623
f 11621 11623 11622
f 11620 9655 9662
f 11620 9659 9655
f 11620 9662 11617
f 11620 11622 9659
f 1138 11624 1136
f 11625 1136 11624
f 1138 8940 11624
f 8912 11624 11614
f 11625 11624 8912
f 11624 8940 11614
f 6196 1659 1660
f 6198 1659 6196
f 6198 11626 1659
f 1661 1659 11626
f 11627 11626 6198
f 1661 11626 11628
f 11626 4540 11628
f 11627 4540 11626
f 1655 1657 11629
f 1665 11629 1657
f 1658 1668 1657
f 1668 1665 1657
f 11630 1655 11629
f 6225 11630 11629
f 6225 11629 2487
f 2487 11629 1665
f 1662 2488 1663
f 2487 1665 1663
f 11631 11632 11633
f 1669 11632 11631
f 4535 11631 11633
f 11634 1669 11631
f 11635 11634 11631
f 11635 11631 11636
f 4535 11636 11631
f 4677 11637 1676
f 4677 4679 11637
f 11637 6514 1676
f 11637 6517 6514
f 11637 8684 6517
f 11637 4679 8684
f 2489 1674 1671
f 2489 1671 2490
f 11638 11639 11640
f 9639 11638 11640
f 11641 11639 11638
f 9283 11638 9639
f 9284 11641 11638
f 9284 11638 9283
f 11642 9638 11640
f 11642 11640 8925
f 11639 11643 11640
f 9639 11640 9638
f 11640 11643 8925
f 353 9638 11642
f 352 11642 8925
f 353 11642 352
f 11644 11643 11645
f 11646 11644 11645
f 11644 8924 11643
f 8917 8924 11644
f 8917 11644 8933
f 11647 8933 11644
f 11646 11647 11644
f 11648 9302 11649
f 9302 11650 11649
f 11649 11651 11652
f 11649 11650 11651
f 11653 11649 11652
f 11653 11648 11649
f 11651 11654 11655
f 11656 11654 11651
f 11657 11655 11654
f 11658 11659 11654
f 11658 11654 11656
f 11659 11657 11654
f 11639 11660 11645
f 11641 11660 11639
f 11660 11661 11645
f 11653 11661 11660
f 11653 11660 11641
f 11662 11652 11655
f 11662 11655 11663
f 11662 11661 11652
f 11646 11661 11662
f 11664 11662 11663
f 11646 11662 11664
f 11665 11666 9140
f 11666 11665 11667
f 11500 9140 11666
f 11668 11500 11666
f 11667 11668 11666
f 11669 11670 8932
f 11669 8932 11647
f 11669 11671 11670
f 11669 11647 11664
f 11669 11664 11671
f 11543 4664 4663
f 11672 4664 11543
f 11543 10059 11673
f 11672 11543 11673
f 11455 11369 11674
f 11457 11369 11455
f 11674 11369 11368
f 11370 11369 11457
f 11449 11675 11452
f 11449 11455 11675
f 7581 2511 11599
f 7581 2509 2511
f 11676 2511 2510
f 11676 11599 2511
f 10696 10797 11677
f 10696 11677 10699
f 10797 10783 11677
f 10783 10786 11677
f 10699 11677 11678
f 10786 11678 11677
f 11679 11680 11368
f 11679 11681 11680
f 11373 11679 11368
f 11679 11377 9861
f 11373 11377 11679
f 11679 9861 11681
f 11682 10799 10796
f 11479 10799 11682
f 10799 11479 10801
f 10704 11683 11684
f 11685 11684 11683
f 10798 10704 11684
f 11682 10798 11684
f 11480 11682 11684
f 11480 11684 11482
f 11685 11482 11684
f 10702 11683 10704
f 10702 1382 11683
f 11685 11683 11686
f 1382 11686 11683
f 11687 8401 11688
f 9166 11687 11688
f 8402 8401 11687
f 8402 11687 8408
f 8906 11687 9166
f 8906 8408 11687
f 8464 11689 11690
f 8464 11690 7971
f 11690 11691 7976
f 7968 11690 7976
f 11690 11692 11691
f 11690 11689 11692
f 7971 11690 7968
f 11693 7996 7994
f 11693 7994 7975
f 11693 11694 7996
f 11693 11695 11694
f 11691 11693 7975
f 11691 11696 11693
f 11693 11696 11695
f 1677 11697 11698
f 1677 7836 11697
f 1677 11698 11695
f 1677 1679 7836
f 1677 11695 1680
f 11699 11689 11700
f 2780 11699 11700
f 11692 11699 1681
f 2780 1681 11699
f 11692 11689 11699
f 2780 1682 1681
f 2781 1683 1682
f 11701 1685 7882
f 11701 7882 2667
f 1684 1685 11701
f 1686 1684 2310
f 2310 1684 2311
f 1684 11701 2311
f 1686 11702 1687
f 471 1687 11703
f 11702 11703 1687
f 473 11704 11697
f 471 11704 473
f 473 11697 11705
f 473 11705 474
f 11706 11698 11704
f 11706 11704 11703
f 11706 11694 11698
f 7997 11694 11706
f 7997 11706 11707
f 11707 11706 11703
f 11708 11702 11709
f 11708 11709 11710
f 11708 7959 11707
f 11708 7960 7959
f 11708 11707 11702
f 11708 11710 7960
f 11711 8286 11712
f 11711 11712 7845
f 11713 11712 1693
f 11713 7844 11712
f 1693 11712 8286
f 7844 7845 11712
f 1692 11714 11713
f 1692 11715 11714
f 11714 11716 11713
f 11714 6742 11716
f 11714 11715 6742
f 11716 7842 7844
f 2670 7842 11716
f 2670 2669 7842
f 917 11717 1695
f 11717 9350 1695
f 9350 1698 1695
f 9350 11718 1698
f 9350 4237 11718
f 1698 11718 11719
f 11720 11719 11718
f 11721 11720 11718
f 4237 11721 11718
f 914 11722 915
f 914 1700 11722
f 915 11722 11711
f 11711 11722 11723
f 11724 11723 11722
f 11724 11722 1699
f 11722 1700 1699
f 8284 11723 11725
f 8284 11725 11726
f 11719 11725 11724
f 11720 11725 11719
f 11725 11723 11724
f 11727 11725 11720
f 11726 11725 11727
f 11430 11728 11421
f 11430 10685 11728
f 11728 11420 11421
f 11729 11420 11728
f 11729 11728 10688
f 10685 10688 11728
f 11730 11443 11424
f 11729 11730 11424
f 11730 9672 11443
f 11729 10687 11730
f 11554 11730 10687
f 11554 9672 11730
f 4896 11731 4892
f 11676 4892 11731
f 11676 11083 4892
f 1701 2773 11732
f 2775 11732 2773
f 1701 1703 2773
f 1703 2774 2773
f 9764 11733 11732
f 9764 11732 2775
f 11734 1701 11732
f 11734 11732 11733
f 11734 11735 11736
f 11735 9360 11736
f 1705 11734 11736
f 11737 1705 11736
f 9367 11737 11736
f 9367 11736 9360
f 11738 9349 11717
f 11738 11717 7852
f 9368 9349 11738
f 11738 1706 11737
f 9368 11738 11737
f 11738 7852 1706
f 11734 11733 11735
f 11739 9360 11735
f 11735 11733 11740
f 11739 11735 11740
f 11741 11742 11743
f 11741 11744 11742
f 11741 11743 11623
f 11741 11623 11745
f 11741 11745 11746
f 11741 11746 11744
f 11747 11748 11742
f 11747 11742 11749
f 11747 11439 11748
f 11747 11750 11439
f 11747 11751 11750
f 11747 11749 11751
f 11752 11743 11748
f 11752 11748 11434
f 11752 11622 11743
f 9659 11622 11752
f 11436 11752 11434
f 11436 9659 11752
f 8459 303 11700
f 2780 11700 303
f 11689 8465 11700
f 8459 11700 8465
f 8464 8465 11689
f 8464 7971 8466
f 1709 8495 1710
f 2492 1710 8495
f 1711 1710 2494
f 9575 11753 1711
f 1738 11753 9575
f 1712 1711 11753
f 11754 1712 11753
f 1737 11754 11753
f 1738 1737 11753
f 1713 1712 11755
f 11754 11755 1712
f 1713 11755 11756
f 11756 11755 11757
f 11757 11755 1715
f 1715 11755 11754
f 11756 302 306
f 1713 11756 306
f 1713 306 305
f 11757 7862 7861
f 11756 7861 302
f 2781 302 7861
f 11756 11757 7861
f 1715 11754 1716
f 1737 1716 11754
f 1717 1716 1736
f 1737 1736 1716
f 7873 11758 2770
f 7874 11758 7873
f 2770 11758 2771
f 1717 2771 11758
f 1717 11758 1720
f 1720 11758 7874
f 9754 11740 9755
f 11739 11740 9754
f 11759 9754 9757
f 11759 11739 9754
f 9764 9766 11733
f 9764 2775 2779
f 11760 2769 11761
f 7876 2769 11760
f 1721 11760 11761
f 7878 7876 11760
f 7878 11760 1727
f 1721 1727 11760
f 1721 1743 1722
f 1724 1722 1742
f 11762 1724 11763
f 1724 1742 11763
f 1731 11762 11763
f 1731 11763 11764
f 1742 11764 11763
f 11762 2777 1725
f 2777 2776 1725
f 11762 1725 1724
f 2776 1726 1725
f 11762 1730 2777
f 2777 1730 2778
f 1731 1730 11762
f 896 2518 11166
f 896 867 2518
f 2518 2519 11166
f 1733 2694 1732
f 2696 2694 1733
f 9594 2768 2771
f 9594 1269 2768
f 9594 2771 1717
f 9594 1717 1736
f 9594 1736 1735
f 9575 1711 2494
f 1256 1738 9575
f 2497 9575 2494
f 1739 9606 11764
f 2696 11764 9606
f 2696 9606 2697
f 11765 11761 2766
f 1743 11761 11765
f 11765 2766 1267
f 11765 1267 1270
f 1741 11765 1270
f 1741 1743 11765
f 9994 11766 9995
f 9994 11767 11768
f 9994 11768 11766
f 9994 9997 11767
f 11769 11770 11243
f 11769 11771 11770
f 11769 11768 11772
f 11769 11225 11768
f 11769 11772 11771
f 11769 11243 11225
f 10981 10792 10791
f 10980 11773 10792
f 10981 10980 10792
f 10785 10792 11773
f 11774 10662 11767
f 11774 11767 9997
f 11774 10659 10662
f 11774 10648 10659
f 11774 9991 10648
f 11774 9997 9991
f 11775 11770 11771
f 11244 11770 11775
f 11775 11771 10665
f 11775 10665 10667
f 11244 11775 11334
f 11334 11775 10667
f 11776 11777 11778
f 11776 11778 11779
f 11776 11780 11777
f 11776 11779 11781
f 11776 11782 11780
f 11776 11781 11782
f 10670 11783 11781
f 10670 10671 11783
f 10670 11779 10679
f 10670 11781 11779
f 10670 10679 10654
f 11783 10988 11782
f 11783 11782 11781
f 11783 11004 10988
f 11783 10671 11004
f 11778 11777 11784
f 11778 10680 11779
f 11778 11784 11785
f 11778 11785 10680
f 11786 11787 10676
f 11786 10676 11788
f 11786 11789 11787
f 10257 11789 11786
f 10257 11786 10256
f 11786 11788 10256
f 10996 10998 11005
f 10996 11005 11789
f 10257 10996 11789
f 10999 10996 10257
f 11002 11004 10671
f 11002 11787 11005
f 11002 10673 11787
f 11002 10671 10673
f 10853 11790 2816
f 2816 11790 11791
f 10853 11792 11790
f 11793 11790 11792
f 11793 10668 11790
f 11790 10668 11791
f 11794 11087 11086
f 11795 11794 11086
f 11794 11796 4804
f 11794 5289 11796
f 11794 4804 11087
f 11795 5287 11794
f 11794 5287 5289
f 6842 6829 6832
f 11797 11798 9066
f 11797 11799 11798
f 11797 9066 9049
f 11797 9049 8593
f 11800 11797 8593
f 11800 11799 11797
f 11800 11801 8333
f 11800 8333 11799
f 11801 8336 8333
f 11799 8333 8335
f 9066 11798 9067
f 9067 11798 8420
f 11798 8343 8420
f 11799 8343 11798
f 11802 11803 2817
f 11802 2817 11791
f 11802 11785 11803
f 11802 10666 10681
f 11802 10681 11785
f 11802 11791 10666
f 11804 4142 11805
f 4147 11804 11805
f 4142 11806 11805
f 11473 11805 11806
f 11471 4147 11805
f 11471 11805 11473
f 4483 9421 4478
f 11046 9421 11807
f 11046 4611 9421
f 11807 9421 4483
f 3923 3925 4612
f 3923 4841 3926
f 8149 10246 11808
f 11808 10246 8032
f 8149 11808 8160
f 5619 11808 8032
f 8160 11808 7830
f 11809 7830 11808
f 11809 11808 5619
f 7827 7829 8121
f 7829 11810 8121
f 11809 11810 7829
f 11809 7829 7830
f 11371 10791 10794
f 10981 10791 11371
f 11371 11370 10979
f 10981 11371 10979
f 11375 11811 11812
f 11375 11813 11811
f 11812 11811 11814
f 11811 10802 11814
f 11811 11813 10802
f 11815 11816 11817
f 11815 11817 10243
f 11818 11819 11817
f 11820 11817 11819
f 11818 11817 11816
f 11820 10243 11817
f 11815 10238 11816
f 11815 10244 10238
f 11815 10243 10244
f 11818 11821 11822
f 10605 11822 11821
f 11819 11822 1598
f 11822 2763 1598
f 11818 11822 11819
f 11822 2765 2763
f 10605 2765 11822
f 11818 11823 11821
f 10609 11821 11823
f 10603 11821 10609
f 10605 11821 10603
f 11824 10608 11825
f 11824 11825 10239
f 10609 11823 11825
f 10609 11825 10608
f 11823 11816 11825
f 11825 11816 10239
f 11824 10598 10608
f 11826 10598 11824
f 10240 11824 10239
f 11826 11824 10240
f 10629 4673 4672
f 4672 11827 10632
f 10629 4672 10632
f 4672 4554 11827
f 9012 10181 9016
f 9012 9013 10181
f 11667 10182 10181
f 11667 10181 9013
f 11828 11829 2760
f 11828 11830 11829
f 11828 2760 2764
f 11828 10604 11827
f 11828 2764 10604
f 11828 11827 11830
f 2760 11829 1747
f 11831 11829 11830
f 11831 1747 11829
f 1750 11831 11832
f 4555 11832 11831
f 11833 1750 11832
f 11833 11832 11109
f 4555 1546 11832
f 1546 11109 11832
f 11834 11190 11175
f 1749 11834 11175
f 11834 11195 11190
f 11110 11195 11834
f 1749 11833 11834
f 11833 11110 11834
f 9272 9271 9456
f 9457 9464 9456
f 9272 9456 9464
f 11835 10915 11836
f 11835 10916 10915
f 11835 11836 11837
f 10623 10916 11835
f 10627 10623 11835
f 10627 11835 11837
f 11838 11839 10729
f 11839 11840 10729
f 11841 11839 11838
f 10614 10635 11839
f 11841 10614 11839
f 11839 10635 11840
f 10624 11842 10913
f 11842 10921 10913
f 10621 11842 10624
f 11838 10921 11842
f 11841 11838 11842
f 11841 11842 10621
f 11838 10729 10919
f 10729 10731 10919
f 10729 11840 10730
f 11838 10919 10921
f 10919 10731 10922
f 11843 4671 4673
f 10630 11843 4673
f 11843 11837 11844
f 10630 11837 11843
f 11843 11844 11123
f 11843 11123 4671
f 11845 11836 10915
f 11845 10915 11846
f 11845 11844 11836
f 11845 11124 11844
f 11845 11847 11124
f 11845 11846 11847
f 11848 10641 11849
f 9811 11848 11849
f 11848 10636 10641
f 11848 10750 10636
f 11850 10750 11848
f 11850 11848 9822
f 9811 9822 11848
f 6885 6877 6879
f 6887 6879 6880
f 11851 1447 10751
f 11850 11851 10751
f 10743 1447 11851
f 11850 9823 11851
f 9823 2085 11851
f 10743 11851 2085
f 1751 6604 11852
f 2659 6604 1751
f 7768 1751 878
f 1751 11852 1753
f 7768 2659 1751
f 11853 8315 8316
f 8318 8315 11853
f 8583 11853 8316
f 8583 11854 11853
f 8318 11853 11854
f 11855 7795 7776
f 8584 11855 7776
f 11856 7795 11855
f 8316 11855 8584
f 8316 8317 11855
f 8317 11856 11855
f 11857 11858 11859
f 11860 11857 11859
f 11856 11857 7796
f 11860 7796 11857
f 8314 11857 11856
f 8314 1012 11857
f 11857 1012 11858
f 1658 1661 11861
f 1661 11628 11861
f 1658 11861 11632
f 11633 11632 11861
f 4533 11633 11861
f 4539 11861 11628
f 4533 11861 4539
f 11862 4556 4543
f 11862 4543 4538
f 11862 6484 4556
f 11862 11627 6484
f 11862 4538 11627
f 4591 11863 11864
f 4591 11865 11863
f 11863 11866 11864
f 11863 4392 11866
f 11863 11865 11867
f 11863 11867 4392
f 11868 11869 11866
f 11868 11866 4391
f 11868 11870 11869
f 11868 11871 11870
f 11868 1854 11871
f 11868 4391 1854
f 4592 11864 11872
f 4592 11872 4534
f 11872 11864 11869
f 11872 11869 11873
f 11872 11636 4534
f 11872 11873 11636
f 11874 4693 4692
f 11874 4692 11635
f 11874 11875 4693
f 11874 11870 11875
f 11874 11873 11870
f 11874 11635 11873
f 11876 11875 11877
f 11876 11877 11878
f 11875 11871 11877
f 1853 11877 11871
f 1853 11878 11877
f 2466 291 11878
f 2466 292 291
f 2466 11878 1852
f 2466 1852 2467
f 9399 9397 8827
f 9399 8827 8828
f 7784 9399 11879
f 11879 9399 8828
f 7804 11880 11881
f 11880 7780 11881
f 7804 11881 11882
f 11881 7780 11879
f 11881 11879 11883
f 11881 11883 11882
f 11884 7785 11859
f 11884 11859 11858
f 11884 9402 7785
f 11884 11858 1013
f 9408 9404 11884
f 11884 9404 9402
f 9408 11884 1013
f 11885 4549 11886
f 11885 11886 4563
f 4549 5270 11886
f 11886 5270 7826
f 11886 11887 4563
f 11886 7826 11887
f 6481 6483 4552
f 4552 6483 4548
f 7108 6483 6479
f 7108 4548 6483
f 7825 7827 8120
f 7826 7825 8120
f 11887 8120 5575
f 7826 8120 11887
f 4564 4563 11887
f 4564 11887 5570
f 4564 5570 4565
f 11888 11889 8858
f 11888 8858 8855
f 4435 11889 11888
f 4435 11888 11890
f 11888 11891 11890
f 11888 8855 11891
f 11795 11086 4790
f 11892 4790 4791
f 11892 11795 4790
f 11893 1123 1124
f 11893 11882 1123
f 11893 1124 11894
f 11893 11894 11895
f 11893 11895 7805
f 11893 7805 11882
f 4437 11896 11897
f 4435 4437 11897
f 4437 884 11896
f 4437 4438 884
f 11422 11423 11898
f 10467 11898 11423
f 10467 11423 11385
f 10466 11899 11898
f 10466 10461 11899
f 11898 11899 11900
f 10580 11899 10461
f 10580 11901 11899
f 11900 11899 11901
f 3503 3512 3499
f 3503 3052 3512
f 3512 3518 3499
f 11902 11903 11904
f 10579 11903 11902
f 11902 11904 1769
f 10579 11902 11901
f 11902 1769 11905
f 11901 11902 11905
f 11422 11426 11390
f 11422 11906 11426
f 11390 11426 11393
f 11426 11906 11428
f 11429 10691 11430
f 11429 11428 11510
f 11429 11513 10691
f 11429 11510 11513
f 11907 1766 1765
f 11907 1765 11510
f 11908 11907 11906
f 11908 1766 11907
f 11907 11428 11906
f 11907 11510 11428
f 11909 11516 1768
f 11909 1768 11904
f 11909 11910 11516
f 11909 10582 11910
f 11909 11903 10582
f 11909 11904 11903
f 11911 11912 10590
f 10585 11911 10590
f 11913 11912 11911
f 11913 11911 11071
f 11053 11071 11911
f 11053 11911 10585
f 1442 11522 1441
f 1442 1443 10589
f 11524 11522 1442
f 11524 1442 10589
f 11525 11914 11915
f 11913 11915 11914
f 10711 11525 11915
f 11913 11073 11915
f 11073 10719 11915
f 10711 11915 10719
f 5081 397 401
f 5081 1602 397
f 5081 11916 1602
f 5081 5083 11916
f 395 397 1606
f 5224 395 1606
f 10304 395 5224
f 10304 398 395
f 5223 10305 5224
f 4580 4575 5223
f 5223 4575 10305
f 11917 1600 11918
f 1603 1600 11917
f 1600 11916 11918
f 1600 1602 11916
f 4588 1604 1605
f 4587 4588 1605
f 4587 1605 4590
f 4590 1605 11865
f 11865 1605 1603
f 11056 11051 11919
f 11051 10586 11919
f 11056 11919 11920
f 1774 11919 10586
f 1774 11921 11919
f 11920 11919 11921
f 11922 11920 11921
f 11922 11921 11923
f 11060 11920 11922
f 11924 11922 11925
f 11924 11060 11922
f 11922 11923 11925
f 11926 11927 10902
f 10907 11926 10902
f 11361 11927 11926
f 10907 11304 11926
f 11928 11926 11929
f 11929 11926 11304
f 11928 11361 11926
f 11928 11930 11931
f 11930 11403 11931
f 11928 11931 11360
f 11360 11931 11932
f 11932 11931 11933
f 11403 11933 11931
f 11930 11306 11402
f 11930 11402 11403
f 11305 11400 11402
f 11305 11402 11306
f 11934 11935 11303
f 11305 11303 11935
f 11444 11409 11935
f 11400 11935 11409
f 11934 11444 11935
f 11305 11935 11400
f 11417 11936 11937
f 11938 11936 11417
f 11937 11936 11939
f 10885 11939 11936
f 10885 11936 11940
f 11938 11940 11936
f 11941 9713 11942
f 11941 11942 3933
f 11941 11943 9713
f 11941 3933 3932
f 11941 3932 11943
f 11944 11945 11946
f 11944 11359 11945
f 11939 11945 11947
f 11939 10883 11945
f 11932 11947 11945
f 10883 11946 11945
f 11359 11932 11945
f 11948 11348 11352
f 11948 11352 11949
f 11948 10881 11348
f 10882 10881 11948
f 10882 11948 11946
f 11946 11948 11949
f 4805 4804 11796
f 4805 11796 4850
f 4852 4850 11796
f 11796 5289 4852
f 11950 7723 11951
f 11950 11951 11952
f 11950 7726 7723
f 11950 8807 7726
f 11950 11952 11953
f 11950 11953 8807
f 9219 9230 11954
f 9231 11954 9230
f 2862 2860 9230
f 9219 2862 9230
f 11955 8327 8329
f 11955 8329 8624
f 11956 8327 11955
f 11955 8608 8611
f 11955 8624 8608
f 11956 11955 8611
f 1009 1008 8331
f 11956 1009 8331
f 1010 1009 9407
f 11956 9407 1009
f 8578 11957 11958
f 11957 7062 11958
f 8578 11958 11959
f 11958 11960 11959
f 11958 7075 11960
f 11958 7062 7075
f 7065 11961 11959
f 7065 7734 11961
f 11962 11959 11961
f 11962 11961 11963
f 11961 7734 7733
f 11961 7733 11963
f 11964 7759 7742
f 11964 7742 7735
f 11964 11965 7759
f 11964 7735 7067
f 11964 7067 7071
f 11964 7071 11965
f 11966 11967 7730
f 11966 7730 7732
f 11966 7732 11968
f 11966 11968 11969
f 11966 8321 11967
f 11966 11969 8321
f 7730 11967 11970
f 7730 11970 7733
f 10499 10504 10500
f 10510 10501 10500
f 8319 11970 11967
f 8319 11967 8321
f 8319 11971 11970
f 8319 11854 11971
f 8318 11854 8319
f 11972 7746 7747
f 11972 11969 7746
f 11972 7747 11973
f 11972 11973 11974
f 8328 11972 11974
f 8328 8324 11972
f 8324 11969 11972
f 8796 11975 8797
f 11976 8797 11975
f 8796 8625 11975
f 11974 11976 11975
f 11974 11975 8330
f 8330 11975 8625
f 10290 11977 11978
f 10290 11979 11977
f 10290 11978 11980
f 10290 11980 10291
f 10290 10293 11979
f 11981 11982 10993
f 11981 10993 11983
f 11981 10293 11982
f 11981 11983 11979
f 11981 11979 10293
f 11984 11985 11001
f 11984 11986 11985
f 11984 11001 11000
f 11984 11000 11987
f 11984 11988 11986
f 11984 11987 11988
f 11989 10550 11977
f 11989 11977 11990
f 11989 2090 10550
f 11989 11986 11991
f 11989 11990 11986
f 11989 11991 2090
f 11985 11983 10994
f 11985 11990 11983
f 11985 10994 11001
f 11985 11986 11990
f 11977 10550 11978
f 11977 11979 11990
f 11992 11993 10539
f 11992 11994 11993
f 11992 10539 11995
f 11992 11995 11996
f 11992 2013 11994
f 11992 11996 2013
f 11993 11997 10542
f 11993 11998 11997
f 10542 11997 11999
f 11999 11997 12000
f 12001 12000 11997
f 11998 11016 11997
f 11016 12001 11997
f 11998 12002 11018
f 12003 11018 12002
f 11998 11994 12002
f 11994 2015 12002
f 9889 12002 2015
f 12003 12002 9889
f 1877 1879 11033
f 12004 11033 1879
f 12004 1879 12005
f 12005 1879 1880
f 10547 12006 10548
f 10547 12000 12006
f 12007 10548 12006
f 12000 12008 12006
f 12009 12006 12008
f 12007 12006 12009
f 12010 11015 11032
f 12004 12010 11032
f 12001 11015 12010
f 12004 12008 12010
f 12001 12010 12008
f 12011 8678 9253
f 12011 9253 8970
f 12011 8677 8678
f 12011 12012 8677
f 12011 8970 12013
f 12011 12013 12012
f 7674 7676 12012
f 12014 7674 12012
f 12014 12015 7674
f 12015 2904 7674
f 4309 4311 4329
f 4309 4494 4312
f 4309 12016 4494
f 4309 4329 12016
f 4494 12016 4495
f 12016 4327 4495
f 4327 5511 4495
f 5511 5506 4495
f 4497 4495 5506
f 5505 4501 4498
f 5505 4498 4497
f 5505 4497 5506
f 5505 5508 4501
f 12017 5509 8251
f 12017 5508 5509
f 12017 5128 12018
f 12017 12018 4504
f 12017 8251 5128
f 12017 4504 5508
f 12019 12013 8969
f 12014 12013 12019
f 12019 8969 12020
f 12014 12019 12021
f 12021 12019 12022
f 12019 2260 12022
f 12019 12020 2260
f 12023 10043 12024
f 10043 10048 12024
f 12023 12024 11269
f 11268 11269 12024
f 11268 12024 12025
f 12024 10048 12025
f 1610 11283 11285
f 12026 11283 11284
f 12027 11283 12026
f 12027 11285 11283
f 6331 6335 6334
f 6331 6334 675
f 12028 12029 10485
f 10485 12029 10472
f 12028 12027 12029
f 12027 12030 12029
f 12030 12031 12029
f 10472 12029 12031
f 12032 12033 1429
f 12032 12034 12033
f 12032 1429 10518
f 12032 10518 12035
f 12032 1808 12034
f 12032 12035 1808
f 12036 1426 12033
f 12036 12033 12037
f 12036 10484 1426
f 12036 12038 12039
f 12036 12039 10484
f 12036 12037 12038
f 9987 12040 12041
f 12040 12042 12041
f 9986 12040 9987
f 9986 7942 12040
f 7943 12042 12040
f 7943 12040 7942
f 10593 10612 10594
f 10610 10596 10594
f 11253 12043 12044
f 11253 12045 12043
f 12043 12046 12044
f 12045 11463 12043
f 12043 11463 11558
f 12043 11558 12046
f 12047 11675 11466
f 12045 12047 11466
f 11452 11675 12047
f 11452 12047 11327
f 11254 12047 12045
f 11248 11327 12047
f 11248 12047 11254
f 12048 12049 12050
f 11604 12049 12048
f 12048 12051 12052
f 12048 12052 11603
f 12048 12050 12051
f 11604 12048 11603
f 12053 11023 11025
f 12053 11041 11023
f 12053 11025 12051
f 12053 12051 12050
f 12053 12050 12054
f 12053 12054 11041
f 12055 12056 12057
f 12055 12057 10491
f 12055 12054 12056
f 12055 11039 12054
f 12055 10491 10492
f 12055 10492 11039
f 12049 12056 12050
f 12058 12056 12049
f 11604 12059 12049
f 12059 12058 12049
f 12060 12061 12057
f 12062 12061 12060
f 12060 12057 12056
f 12058 12060 12056
f 2755 12062 12060
f 2755 12060 12058
f 1779 10526 12063
f 10153 12063 10526
f 1779 12063 12064
f 10172 12064 12063
f 10172 12063 10153
f 12064 1780 1779
f 12065 12066 1780
f 1780 12066 1778
f 12064 12065 1780
f 11036 12066 11037
f 1778 12066 11036
f 10492 1778 11036
f 11039 10492 11036
f 1881 5393 12067
f 12067 5393 11037
f 1881 12067 12068
f 12067 11037 12066
f 12067 12066 12069
f 12067 12069 12068
f 11792 10855 12070
f 11333 11792 12070
f 12070 10855 12071
f 11328 12070 12071
f 11332 11333 12070
f 11332 12070 11328
f 12059 11601 2756
f 11601 2757 2756
f 12059 2756 12058
f 2756 2755 12058
f 12052 12051 11022
f 12072 12052 11022
f 11606 11603 12052
f 12073 12052 12072
f 11606 12052 12073
f 1801 2462 2463
f 1785 1782 2462
f 1801 1785 2462
f 1786 12074 12075
f 12076 12075 12074
f 1786 1785 12074
f 1801 12074 1785
f 12076 12074 1800
f 1801 1800 12074
f 12077 1786 12075
f 12077 12075 12078
f 12078 12075 1791
f 1791 12075 12076
f 2758 1787 12077
f 2758 12077 2759
f 12079 12080 10495
f 12062 12080 12079
f 10495 12080 1788
f 12078 1788 12080
f 12078 12080 2759
f 12062 2759 12080
f 11132 12081 12082
f 11132 12082 1799
f 12076 12082 1794
f 12076 1800 12082
f 12082 12081 1794
f 12082 1800 1799
f 12083 10514 10505
f 12083 10505 1793
f 12084 10514 12083
f 12083 1793 12081
f 12084 12083 12081
f 12085 12086 8300
f 12085 9251 12086
f 12086 9251 12087
f 12086 12087 8037
f 12086 12088 8300
f 12086 8037 12088
f 12085 8300 8301
f 12085 9250 9251
f 12085 9256 9250
f 12085 8301 9256
f 12084 12081 11132
f 11132 1799 1797
f 11131 12084 11132
f 1798 1801 2463
f 12089 12090 12037
f 12089 12037 12034
f 12089 12091 12090
f 12089 12034 1805
f 12089 1805 11157
f 12089 11157 12091
f 12092 11128 1554
f 12092 1554 11141
f 12092 10519 11128
f 12092 11141 1807
f 12092 1807 12035
f 12092 12035 10519
f 12093 8398 12094
f 12093 12094 12095
f 12096 8398 12093
f 12096 12093 6453
f 6453 12093 6478
f 7109 12093 12095
f 7109 6478 12093
f 3952 12097 12098
f 12097 12099 12098
f 3952 4011 12097
f 12097 4632 12099
f 4417 4632 12097
f 4417 12097 4011
f 3952 12098 3955
f 12100 12098 12099
f 12098 12101 3955
f 12100 12101 12098
f 7574 7575 9868
f 9842 7574 9868
f 12102 7657 12103
f 12102 12103 8339
f 6990 6991 12102
f 12102 6991 7657
f 6990 12102 12104
f 12102 8339 12104
f 12105 12106 12107
f 7671 12105 12107
f 12108 12105 7672
f 12108 12109 12105
f 7672 12105 7671
f 12105 12109 12106
f 1812 12107 12110
f 7671 12107 1812
f 12107 8349 12110
f 12107 8438 8349
f 12107 12106 8438
f 12111 12112 12103
f 12111 1815 12112
f 8338 12112 8340
f 12112 8350 8340
f 8338 12103 12112
f 12112 1815 12110
f 12112 12110 8350
f 12113 4429 12114
f 12115 12114 4429
f 12113 12114 12116
f 12114 2125 12116
f 3582 2125 12114
f 3582 12114 12115
f 12113 12117 4430
f 12118 4430 12117
f 12119 12117 12113
f 12120 12118 12117
f 12119 4719 12117
f 12120 12117 4719
f 12121 4697 4701
f 12121 4701 4718
f 12121 2124 4697
f 12119 12121 4718
f 12119 12116 12121
f 12121 12116 2124
f 11541 4432 12122
f 11541 4433 4432
f 4716 11541 12122
f 4716 11542 11541
f 6461 6459 6462
f 12123 6462 6459
f 7668 6463 6462
f 7668 6462 12124
f 12123 12124 6462
f 12125 7798 12126
f 4440 12126 7798
f 12124 12125 12126
f 12124 12126 7669
f 4440 12127 12126
f 12127 7669 12126
f 12125 12128 7790
f 7787 7790 12128
f 12123 12128 12125
f 12123 6458 12128
f 7787 12128 6524
f 12128 6458 6524
f 4439 11890 12129
f 4439 12129 12127
f 11890 12108 12129
f 12129 12108 7670
f 12129 7670 7667
f 12127 12129 7667
f 12130 12131 1822
f 12130 4113 12131
f 12130 1822 5826
f 12130 5826 7503
f 12130 7503 4112
f 12130 4112 4113
f 12131 12132 12133
f 12131 4108 12132
f 12131 12133 1822
f 12131 4113 4108
f 7520 1819 1821
f 7520 1821 4443
f 4443 1821 1820
f 4443 1825 1824
f 1825 1820 12133
f 1825 12133 1826
f 4443 1820 1825
f 1826 12133 12132
f 4102 1826 12132
f 4102 12132 4108
f 12134 5899 4444
f 12134 5897 5899
f 12134 4444 4446
f 12134 4446 8585
f 12134 8585 5897
f 8437 8851 8441
f 8437 12106 8851
f 8851 12106 12109
f 8852 8851 12109
f 12135 12136 12137
f 12136 12138 12137
f 10463 12135 12137
f 10463 12137 10452
f 10452 12137 12139
f 12137 12138 12139
f 10640 10593 10597
f 12135 12140 11311
f 12135 11311 11314
f 11311 12140 11388
f 11311 11388 11312
f 12141 11447 11315
f 12141 11315 11387
f 11315 11312 11387
f 11316 11315 11447
f 12142 12143 11310
f 12142 11934 12143
f 12142 11310 11309
f 12142 11448 11934
f 12142 11316 11448
f 12142 11309 11316
f 12144 12145 12146
f 12144 12147 12145
f 10551 12146 12145
f 10551 12145 12148
f 12148 12145 12149
f 12147 12149 12145
f 12023 10040 10043
f 12150 12151 10557
f 12150 12152 12151
f 12150 2749 10440
f 12150 10440 12152
f 12150 10559 2749
f 12150 10557 10559
f 12153 12154 8290
f 12153 11727 12154
f 11009 8290 12154
f 11727 12155 12154
f 12155 9347 12154
f 11009 12154 12156
f 12156 12154 9347
f 8810 8804 8806
f 8806 8807 11953
f 8806 11953 12157
f 7634 8806 12157
f 8810 8806 7634
f 7637 7631 12158
f 7631 12157 12158
f 12159 7637 12158
f 12159 12158 12160
f 12158 12157 12160
f 1829 1831 8811
f 8811 1831 8604
f 1831 8772 8604
f 1832 8772 1831
f 10837 10846 10838
f 12161 12162 5030
f 12161 12163 12162
f 5030 12162 5079
f 5084 5079 12162
f 12162 12163 4369
f 12164 12162 4369
f 5084 12162 12164
f 12165 12163 12166
f 12165 12166 12167
f 12165 4367 12163
f 12165 4373 4367
f 12165 12168 4373
f 12165 12167 12168
f 11917 11918 4394
f 11917 4394 4390
f 1603 11917 11867
f 11867 11917 4390
f 12169 4395 11918
f 12169 11918 11916
f 12169 4370 4395
f 5083 12169 11916
f 12164 4370 12169
f 5083 12164 12169
f 1530 1534 2648
f 2652 2648 1534
f 1535 3286 1534
f 2652 1534 3286
f 3592 1845 3293
f 3592 3293 1533
f 8136 1845 3592
f 8136 3592 3593
f 12023 11269 12170
f 12023 10035 10040
f 12023 12170 10035
f 12171 8134 8133
f 12171 8761 8134
f 8134 8761 1847
f 8136 8134 1847
f 4400 4399 12172
f 4387 4399 4386
f 4399 3981 12172
f 4387 3981 4399
f 2469 4400 2470
f 4400 12173 2470
f 288 2470 12173
f 288 292 2470
f 4689 12174 12175
f 12174 12173 12175
f 4689 12175 12176
f 12175 12173 12172
f 12175 12172 3980
f 12176 12175 3980
f 12136 11314 12177
f 12136 12177 10075
f 12135 11314 12136
f 12136 10075 12138
f 12147 12178 12179
f 12179 12178 12180
f 12152 10442 12178
f 10442 12180 12178
f 12144 12152 12178
f 12144 12178 12147
f 12181 11337 12182
f 12181 12182 10432
f 12181 11358 11337
f 11927 12181 10903
f 10903 12181 10423
f 11927 11358 12181
f 12181 10432 10423
f 2745 12183 12184
f 12185 12184 12183
f 10434 12183 2745
f 10431 12183 10434
f 10431 10433 12183
f 12185 12183 10433
f 4471 4468 12186
f 4471 12186 4320
f 4314 4471 4320
f 4314 4472 4471
f 12187 4317 12186
f 4306 4317 12187
f 12187 12186 4469
f 4306 12187 3847
f 12187 4469 3850
f 3847 12187 3850
f 9415 9417 9420
f 12188 9420 9417
f 6337 6336 9417
f 6336 12188 9417
f 4321 4335 4322
f 4322 5513 4324
f 9418 5513 4322
f 9418 4322 4335
f 11347 10756 12189
f 10370 12189 10756
f 11344 12189 11364
f 11364 12189 10379
f 11347 12189 11344
f 10370 10379 12189
f 11363 12190 12184
f 2746 12184 12190
f 2743 12190 10377
f 2743 2746 12190
f 12191 10377 12190
f 11363 12191 12190
f 2745 12184 2746
f 11363 12184 12185
f 4347 12192 6755
f 12193 6755 12192
f 4347 4184 12192
f 12193 12192 12194
f 12194 12192 4207
f 4207 12192 4184
f 446 12195 12196
f 12193 12196 12195
f 9420 12195 444
f 446 444 12195
f 12188 12195 9420
f 12193 12195 12188
f 446 12196 12197
f 12193 12194 12196
f 12194 4208 12196
f 12196 4208 12197
f 12198 10372 10760
f 12198 10760 12199
f 12198 10355 10372
f 12198 9899 10355
f 12198 9883 9899
f 12198 12199 9883
f 8231 1857 1860
f 8231 2884 8249
f 7007 12200 12201
f 12200 12202 12201
f 12200 7007 12203
f 12203 12204 12200
f 12205 12202 12200
f 12204 12205 12200
f 7536 7538 12206
f 7538 12207 12206
f 12208 7536 12206
f 8723 12208 12206
f 8723 12206 12209
f 12207 12209 12206
f 4802 232 235
f 4804 4802 11087
f 11087 4802 10592
f 10592 4802 235
f 12210 12211 12212
f 12212 12211 12213
f 12210 12214 12211
f 12214 8726 12211
f 12213 12211 12209
f 12209 12211 8726
f 7287 12215 9257
f 9257 12215 9127
f 12214 12215 7287
f 12210 12215 12214
f 12210 9127 12215
f 8227 10445 12216
f 8227 12216 8228
f 12216 10456 10449
f 12217 12216 10449
f 12216 10445 10456
f 8228 12216 12217
f 12218 12219 8244
f 12219 8246 8244
f 12217 12219 12218
f 12217 10450 12219
f 12219 12220 8246
f 12219 10450 12220
f 7200 1859 7156
f 7159 7200 7156
f 7156 1858 7157
f 7156 1859 1858
f 12221 12222 1863
f 12221 12223 12222
f 12224 1863 12222
f 12224 12222 12149
f 12222 12223 12225
f 12222 12225 12149
f 1862 12224 12179
f 12224 12147 12179
f 1862 12179 12226
f 12179 12180 12226
f 8223 8229 12227
f 10446 8223 12227
f 8229 12226 12227
f 12180 12227 12226
f 10443 12227 12180
f 10443 10446 12227
f 10070 1938 1942
f 10070 1942 12228
f 10070 12228 8237
f 8235 12229 8239
f 12230 8239 12229
f 12229 12228 1942
f 1941 12229 1942
f 8235 12228 12229
f 12230 12229 1941
f 8235 8239 8233
f 8240 8239 12230
f 7019 7029 7020
f 12231 11293 2008
f 12231 10928 11293
f 2008 11293 2009
f 11293 11291 2009
f 11293 10928 10336
f 12232 12233 12234
f 12232 12234 12235
f 12232 11257 12233
f 12236 11261 12232
f 12236 12232 12235
f 11261 11257 12232
f 12237 10322 12233
f 12237 10323 10322
f 12237 12233 10349
f 12237 10326 10323
f 12237 10345 10326
f 12237 10349 10345
f 11259 11261 12236
f 11259 12236 12238
f 11259 12238 10039
f 11259 10039 12170
f 11259 12170 11262
f 8432 10646 5014
f 8432 10645 10646
f 4282 10645 8432
f 12239 12240 12241
f 12240 5007 12241
f 4286 12240 12239
f 5009 12240 10643
f 5009 5007 12240
f 4286 10643 12240
f 10737 10738 12242
f 12242 10738 10340
f 10737 12242 12243
f 12242 10342 12244
f 12242 10340 10342
f 12242 12244 12243
f 10731 12245 10922
f 12245 10926 10922
f 10731 10733 12245
f 12245 10929 10926
f 12245 12243 10929
f 10733 12243 12245
f 1868 12246 6188
f 1868 12247 12246
f 12246 6189 6188
f 10753 6189 12246
f 10740 10753 12246
f 10740 12246 12247
f 1868 6188 1869
f 1868 1864 12247
f 12248 12249 12250
f 12249 12251 12250
f 12252 12249 12248
f 4262 12249 12252
f 4252 12249 4262
f 4252 12251 12249
f 12253 12254 12250
f 12253 12250 12255
f 1966 12254 12253
f 165 1966 12253
f 165 12253 162
f 12253 12255 162
f 12248 12256 12257
f 12256 5283 12257
f 4263 12257 12258
f 12258 12257 9244
f 12252 12248 12257
f 4263 12252 12257
f 12257 5283 9244
f 12248 12254 12256
f 12256 12254 12259
f 5284 12256 12259
f 5284 5283 12256
f 1965 5285 12259
f 1965 454 5285
f 1966 1965 12259
f 1965 3917 454
f 1965 1964 3917
f 4261 4263 12258
f 4261 12258 12260
f 12260 12258 9245
f 9245 12258 9244
f 9233 9235 4283
f 12260 9236 9233
f 12260 9233 4265
f 4265 9233 4283
f 6916 12261 6917
f 6916 6999 12261
f 6916 7005 6999
f 6916 6918 7005
f 12262 12263 12264
f 12262 12264 4179
f 12263 5106 12264
f 5106 12265 12264
f 12264 12265 4179
f 12266 4271 12267
f 12268 4271 12266
f 12262 12266 12269
f 4180 12266 12262
f 12269 12266 12267
f 12268 12266 4180
f 406 12270 407
f 12263 406 408
f 12269 406 12263
f 12269 12270 406
f 10527 12271 240
f 10527 5091 12271
f 240 12271 4270
f 4270 12271 12267
f 12267 12271 12270
f 12271 5091 12270
f 4270 12267 4271
f 12268 4170 4271
f 4170 4272 4271
f 10397 12272 12273
f 10392 12272 10397
f 9290 12273 12272
f 10392 1876 12272
f 1876 11223 12272
f 9305 12272 11223
f 9290 12272 9305
f 11539 1872 10389
f 1873 1872 12274
f 12274 1872 11539
f 12275 10279 10281
f 12275 10294 10279
f 12275 10992 11982
f 12275 11982 10294
f 12275 10845 10992
f 12275 10281 10845
f 10837 12276 10846
f 10837 10842 12276
f 12276 12277 10846
f 12276 9558 12277
f 12276 10842 10284
f 12276 10284 9558
f 9562 12278 12279
f 12280 12279 12278
f 9562 12279 9557
f 12279 12277 9557
f 12280 10848 12279
f 12279 10848 12277
f 11209 12281 12282
f 12282 12281 12283
f 11202 12281 11209
f 11202 12284 12281
f 12281 11147 12283
f 12281 12284 11147
f 11207 12282 12285
f 12286 12285 12282
f 11207 12285 11213
f 11658 12285 12286
f 11658 12287 12285
f 12285 12287 11213
f 11657 12288 12289
f 12290 12289 12288
f 11657 12289 11663
f 11671 11663 12289
f 11671 12289 12291
f 12290 12291 12289
f 9306 11212 9301
f 9301 11212 11650
f 9307 11212 9306
f 11212 11213 12287
f 11212 12287 11650
f 10287 12292 10299
f 12007 10299 12292
f 12007 12292 10548
f 10549 10548 12292
f 10291 12292 10287
f 10291 11980 12292
f 11980 10549 12292
f 12007 12293 10299
f 12293 10298 10299
f 12009 12005 12293
f 12005 1880 12293
f 12007 12009 12293
f 12294 12293 1880
f 12294 10298 12293
f 10277 10297 12295
f 1884 10297 12294
f 1884 12295 10297
f 12294 10297 10298
f 4167 4176 4168
f 4167 12268 4176
f 4167 4170 12268
f 12296 4194 4192
f 12296 4192 12297
f 1886 4194 12296
f 1886 12296 12298
f 12298 12296 3459
f 12296 12297 12299
f 12296 12299 3459
f 12298 3450 1889
f 12298 3453 3450
f 1889 3450 12300
f 12300 3450 12301
f 3450 3452 12301
f 1890 12300 12302
f 12302 12300 12303
f 4173 1890 12302
f 4173 12302 4274
f 4277 12302 12303
f 4274 12302 4277
f 4278 12303 12304
f 4278 12304 12305
f 12304 12303 12301
f 12305 12304 3472
f 12304 3452 3472
f 12304 12301 3452
f 4223 4232 12306
f 4232 4276 12306
f 4223 12306 2394
f 4276 12305 12306
f 12305 3471 12306
f 12306 3471 2394
f 9987 12041 9992
f 12041 12042 10675
f 12041 10675 10649
f 12041 10649 9992
f 7943 12307 12042
f 7943 7944 12307
f 10677 12042 12307
f 11788 10677 12307
f 12307 7944 10256
f 11788 12307 10256
f 7941 7940 10250
f 12308 10250 7940
f 12309 7940 7942
f 12309 12308 7940
f 10999 10265 11000
f 10265 11987 11000
f 7023 7019 7021
f 12310 4163 4182
f 4346 12310 4182
f 12310 12311 4163
f 4343 12312 12310
f 12312 12311 12310
f 4346 4343 12310
f 2447 3807 12313
f 12314 12313 3807
f 4344 2447 12313
f 12312 4344 12313
f 12312 12313 12315
f 12314 12315 12313
f 12316 12317 12318
f 12316 12318 12319
f 4188 4162 12316
f 4162 12311 12316
f 4188 12316 12319
f 12316 12311 12317
f 12320 12321 10191
f 12320 10206 12321
f 12320 10260 10258
f 12320 10258 10206
f 12320 1492 10260
f 12320 10191 1492
f 1486 10190 2091
f 1486 1489 10190
f 1487 11991 1490
f 10267 10262 1490
f 10262 1491 1490
f 10267 1490 11988
f 11988 1490 11991
f 8265 4198 4178
f 8265 4178 12265
f 8265 10124 8266
f 8265 5108 10124
f 8265 12265 5108
f 4202 8266 10125
f 4202 10125 12322
f 4202 12322 4205
f 12323 12324 9373
f 12323 6374 12324
f 12323 9373 4205
f 6373 6374 12323
f 6373 12323 12322
f 12322 12323 4205
f 9371 4200 4201
f 9371 4201 4206
f 9371 12197 4200
f 9371 447 12197
f 7486 12325 7495
f 7486 7487 12325
f 12325 7494 7495
f 12325 12326 7494
f 7487 12327 12325
f 12327 7513 12325
f 12325 7513 12326
f 6902 6888 7492
f 6889 7492 6888
f 6902 7492 12328
f 7492 7494 12328
f 12329 12330 12331
f 12330 7234 12331
f 6890 12331 7497
f 7497 12331 7234
f 6896 12331 6890
f 12329 12331 6896
f 12332 12330 12329
f 12330 7232 7234
f 7930 12330 12332
f 7930 7232 12330
f 11659 12333 12288
f 12333 11145 12288
f 12286 12333 11659
f 12286 12283 12333
f 12333 11147 11145
f 12333 12283 11147
f 11106 11102 12334
f 11102 11146 12334
f 11106 12334 11197
f 12334 11146 12284
f 11199 12334 12284
f 11199 11197 12334
f 12335 12336 12337
f 12338 12335 12337
f 7230 12335 12338
f 12335 7230 7232
f 12336 12335 7929
f 7232 7929 12335
f 1891 11153 2465
f 2464 2465 11153
f 1896 12339 11143
f 12291 11143 12339
f 1894 11670 12339
f 11671 12339 11670
f 1894 12339 1896
f 11671 12291 12339
f 12340 12341 12342
f 12341 11826 12342
f 12340 12342 12343
f 12342 10234 12343
f 12342 10237 10234
f 12342 11826 10237
f 12340 12344 10642
f 12344 11849 10642
f 12340 12343 12344
f 12344 9813 11849
f 12344 12343 12345
f 12344 12345 9813
f 11220 12346 1902
f 1901 1902 12346
f 12347 12346 11220
f 12348 1901 12346
f 12348 12346 9963
f 12347 9963 12346
f 10241 1897 12349
f 11820 1897 10241
f 11820 1898 1897
f 1897 1900 12349
f 10241 12349 10242
f 11820 10241 10243
f 12350 12349 12351
f 12352 12350 12351
f 12350 10242 12349
f 12350 10226 10242
f 10227 10226 12350
f 12352 10227 12350
f 12353 12354 12355
f 12356 12354 12353
f 12353 12355 11127
f 12353 11127 11121
f 12356 12353 11847
f 12353 11121 11847
f 12357 12355 12358
f 12357 12358 11275
f 12357 11158 12355
f 12357 12091 11158
f 12357 11275 12359
f 12357 12359 12091
f 12360 12361 12354
f 12360 11278 12361
f 12361 12358 12354
f 12361 11273 12358
f 12361 11278 11273
f 2002 11280 12360
f 2002 12360 12362
f 2002 2004 11280
f 2002 12362 2005
f 8189 7912 12363
f 8189 12363 8191
f 8189 982 7912
f 8189 983 982
f 8194 8191 8405
f 8405 8191 12364
f 8405 12364 8404
f 10541 2091 12365
f 12365 2091 10190
f 10541 12365 11995
f 11995 12365 12366
f 12365 10190 12366
f 12321 10205 10189
f 12321 10206 10205
f 12321 10189 10191
f 12367 10198 10204
f 12367 10204 12368
f 1906 1908 10204
f 12368 10204 1908
f 10198 10195 10204
f 8413 12369 981
f 8413 8414 12369
f 8413 981 984
f 8413 984 8412
f 12327 12370 7514
f 7508 7514 12370
f 7466 12371 12370
f 12371 7508 12370
f 7491 7466 12370
f 7491 12370 12327
f 4705 11551 4706
f 4705 4699 3579
f 4705 12372 11551
f 4705 3579 12372
f 5322 9122 5323
f 9122 11551 12373
f 12373 5323 9122
f 6392 4864 4863
f 4771 6392 4863
f 4771 4863 4773
f 7435 12374 12375
f 7435 12375 7436
f 7435 12376 12374
f 7438 12376 7435
f 7448 7445 12375
f 7445 7436 12375
f 7448 12375 12377
f 12375 12374 12377
f 12378 12377 12379
f 7450 12377 12378
f 12378 12379 2674
f 12378 2674 12380
f 12378 12380 12381
f 7450 12378 12381
f 12382 12383 8277
f 12382 12384 12383
f 12382 8277 8273
f 12382 8527 12384
f 12382 2475 8527
f 12382 8273 2475
f 12385 12386 12387
f 12385 12387 12388
f 12385 7452 12386
f 12385 7474 7452
f 12389 7474 12385
f 12389 12385 12388
f 12390 8276 12391
f 12391 8276 12383
f 12390 12391 12381
f 12391 12383 12386
f 7453 12391 12386
f 12381 12391 7453
f 3854 12392 4144
f 3854 4144 3821
f 3854 2482 12392
f 3854 3856 4608
f 3854 4608 2482
f 4465 4609 3856
f 4465 4464 4609
f 4465 3856 3852
f 4465 3852 3853
f 4141 11806 4142
f 4141 4144 12392
f 2480 4141 12392
f 2480 11806 4141
f 7459 12393 7467
f 12371 7467 12393
f 7461 12393 7459
f 12371 12393 7509
f 6680 7509 12393
f 7461 6680 12393
f 8530 12394 12395
f 12394 12388 12395
f 8526 8530 12395
f 8526 12395 12384
f 12395 12388 12387
f 12395 12387 12384
f 7469 7472 12396
f 12396 7472 12397
f 7469 12396 7462
f 6673 12396 8567
f 7462 12396 6673
f 12396 12397 8567
f 12394 8529 12398
f 8529 8566 12398
f 12389 12394 12398
f 12398 8566 12397
f 7473 12398 12397
f 7473 12389 12398
f 12399 1912 12400
f 12400 1912 10471
f 12399 12400 12401
f 12401 12400 12402
f 12400 12403 12402
f 12400 10471 12403
f 12404 12399 12405
f 12404 12405 12406
f 12404 1915 12399
f 12404 12407 1915
f 12404 10158 12407
f 12404 12406 10130
f 12404 10130 10158
f 12408 10520 10476
f 1914 12408 10476
f 12408 12409 10520
f 12408 10159 12409
f 12408 1914 12407
f 12408 12407 10159
f 12405 12399 12401
f 12405 12410 12406
f 12405 12401 12411
f 12405 12411 12410
f 10170 12412 10173
f 12413 12412 10170
f 12064 10173 12412
f 12064 12412 12065
f 12065 12412 12413
f 11072 11077 12414
f 12414 11077 12415
f 10721 11072 12414
f 10721 12414 10724
f 12414 12415 11589
f 12414 11589 10724
f 9554 12416 12417
f 10296 12416 9554
f 12417 12416 9539
f 9539 12416 12418
f 12416 10167 12418
f 12416 10276 10167
f 10296 10276 12416
f 1883 12419 12295
f 1883 12068 12419
f 10171 12295 12419
f 10171 12419 12413
f 12413 12419 12069
f 12419 12068 12069
f 11079 12420 12421
f 12422 12421 12420
f 2449 12420 11082
f 11079 11082 12420
f 1980 12420 2449
f 12422 12420 12423
f 1980 12423 12420
f 11079 12421 11078
f 11078 12421 12415
f 12422 11590 12421
f 12421 11590 12415
f 12422 11564 11566
f 12422 12423 11564
f 12424 10384 11564
f 12423 12424 11564
f 8173 12425 12426
f 8174 8173 12426
f 12369 12426 12425
f 12369 8414 12426
f 8174 12426 8414
f 12427 7407 7374
f 12427 12428 7407
f 12427 7374 12429
f 12427 12429 6322
f 12427 6322 12430
f 12427 12430 12428
f 12431 6048 8198
f 12431 8198 12432
f 6094 6048 12431
f 6339 6094 12431
f 6321 6339 12431
f 6321 12431 12430
f 12431 12432 12430
f 10697 12433 12434
f 12435 12433 10697
f 12436 12434 12433
f 12437 12433 12438
f 12435 12438 12433
f 12436 12433 12437
f 12439 12440 12441
f 12434 12441 12440
f 10102 12440 12439
f 10098 12440 10102
f 12434 12440 10695
f 10098 10695 12440
f 10086 10085 12442
f 12436 12442 10085
f 10087 12441 10085
f 12436 10085 12441
f 12443 9029 9028
f 12443 9028 8165
f 9025 9029 12443
f 8171 8170 12443
f 8170 8185 12443
f 8171 12443 8165
f 9025 12443 8185
f 12444 12445 11320
f 12444 11320 11481
f 12444 12446 12445
f 12444 11686 1383
f 12444 1383 1384
f 12444 11481 11686
f 12444 1384 12446
f 12447 9021 12445
f 12447 12445 12448
f 9019 9021 12447
f 12447 12449 9019
f 12447 12448 12449
f 12450 3663 12451
f 1920 12450 12451
f 3664 3663 12450
f 1920 4958 12450
f 4953 12450 4958
f 3664 12450 4953
f 3660 12451 3663
f 1921 1920 12451
f 1921 12451 12452
f 3660 12452 12451
f 12453 4814 4816
f 12453 4806 4814
f 4816 4814 713
f 4806 4810 4814
f 4989 4987 1919
f 4989 1919 12454
f 4989 12454 2459
f 2458 4989 2459
f 12455 206 205
f 2456 12455 205
f 12455 1924 206
f 12455 1925 1924
f 2459 1925 12455
f 2459 12455 2456
f 1927 12456 12457
f 12457 12456 12452
f 1927 12457 12458
f 12457 12459 12460
f 12457 12452 12459
f 12457 12460 12458
f 12453 308 12461
f 12453 311 308
f 308 4601 12461
f 10824 10825 12462
f 10825 10818 12462
f 10824 12462 12463
f 12464 12462 10818
f 4116 12462 12464
f 12463 12462 4116
f 2454 204 4115
f 2454 2456 204
f 2454 12464 2455
f 2454 4115 12464
f 12465 12466 12467
f 12467 12466 12468
f 12469 10091 12466
f 10091 12468 12466
f 12469 12466 11231
f 12465 11227 12466
f 12466 11227 11231
f 10090 12469 12470
f 12469 11230 12470
f 12471 10090 12470
f 12471 12470 11236
f 12470 11237 11236
f 12470 11230 11237
f 10103 12471 12472
f 12472 12471 11236
f 10103 12472 11238
f 11238 12472 11252
f 12472 11236 11252
f 10106 10109 12473
f 10109 11240 12473
f 11560 10106 12473
f 12473 12044 12046
f 12473 11240 12044
f 11560 12473 12046
f 12474 8058 4095
f 8058 12475 8188
f 12476 12475 8058
f 12476 8058 12474
f 12477 12478 211
f 12477 211 8187
f 12477 12479 12478
f 12480 12477 8187
f 12480 12481 12477
f 12477 12481 12479
f 12480 12482 4627
f 12482 12483 4627
f 12484 12482 8188
f 12484 12483 12482
f 8188 12482 12480
f 12485 3762 12486
f 12485 7818 3762
f 12485 12484 12475
f 12487 12485 12475
f 12485 12486 12484
f 12485 3757 7818
f 12487 3757 12485
f 12488 4630 4625
f 12488 4625 12483
f 12488 12489 4630
f 12488 3765 12489
f 12486 12488 12483
f 12486 3765 12488
f 12490 12491 4418
f 12490 12479 12491
f 12491 5165 4418
f 12491 4628 5165
f 12491 12481 4628
f 12491 12479 12481
f 12492 213 12478
f 12490 12492 12478
f 12492 219 213
f 12492 4099 219
f 12492 4419 4099
f 12490 4419 12492
f 11559 10107 10106
f 1380 1379 10107
f 11497 1380 10107
f 11497 10107 11559
f 12449 11492 11502
f 12449 12448 11492
f 12446 11493 11492
f 12446 11492 12448
f 11494 11502 11492
f 11944 11949 11356
f 11944 11356 11359
f 11944 11946 11949
f 7504 12493 4110
f 4112 7504 4110
f 12493 4118 4110
f 4111 4110 4118
f 6426 12494 7502
f 12495 12494 6426
f 7501 7502 12494
f 7501 12494 12493
f 4117 12493 12494
f 12463 4117 12494
f 12463 12494 12495
f 6311 12496 7424
f 7418 7424 12496
f 6311 6320 12496
f 12496 6320 12429
f 7376 12496 12429
f 7418 12496 7376
f 12497 12498 12499
f 12497 12499 7038
f 8655 12499 12498
f 8649 12499 8655
f 7038 12499 12500
f 8649 12500 12499
f 12501 12502 12497
f 7036 12501 12497
f 7393 12502 12501
f 7393 12501 12503
f 7036 12503 12501
f 7034 7031 7030
f 7036 7034 12503
f 12503 7034 2722
f 7034 7030 2722
f 12504 12505 12506
f 12504 7394 12505
f 7392 12507 12505
f 7392 12505 7394
f 12505 12507 12508
f 12505 12508 12506
f 12504 12498 12502
f 12504 12502 7394
f 8658 12498 12504
f 8658 12504 12506
f 12508 9178 12509
f 12509 9178 9184
f 12508 12509 12506
f 12506 12509 8659
f 12509 9184 8659
f 4818 4820 312
f 4818 312 311
f 4825 312 4820
f 4825 313 312
f 12510 12511 11021
f 12072 11021 12511
f 12510 1932 12511
f 12512 12511 12513
f 1932 12513 12511
f 12072 12511 12512
f 12512 12513 12514
f 12515 12514 12513
f 12073 12512 12514
f 170 12514 12515
f 11607 12514 170
f 11607 12073 12514
f 1646 168 12516
f 1646 166 168
f 12516 168 11746
f 11746 168 169
f 8151 8167 12517
f 12517 8167 902
f 8151 12517 8888
f 12517 8943 8888
f 12517 902 903
f 12517 903 8943
f 6100 6099 12518
f 12518 6099 9098
f 6100 12518 7399
f 12518 7397 7399
f 12518 9098 12519
f 12518 12519 7397
f 12520 9177 12508
f 12520 9100 9177
f 7403 12520 12507
f 7403 12519 12520
f 12520 12508 12507
f 12520 12519 9100
f 8168 8159 8012
f 8175 8168 8012
f 8170 8168 8186
f 8175 8186 8168
f 10417 1418 12521
f 12521 1418 10427
f 10417 12521 10905
f 10908 10905 12521
f 10078 10908 12521
f 10078 12521 12522
f 12521 10427 12522
f 10428 12523 12524
f 10428 7688 12523
f 12524 12523 12230
f 8240 12230 12523
f 7682 12523 7688
f 8240 12523 7682
f 12525 12526 10076
f 12525 10076 12522
f 12524 12525 10429
f 12525 12522 10429
f 12524 12526 12525
f 10076 12526 1940
f 12526 1941 1940
f 11673 10058 12527
f 10057 12527 10058
f 12528 11673 12527
f 12529 12527 10057
f 12529 5436 12527
f 12528 12527 5436
f 7673 4032 12530
f 4053 12530 4032
f 12529 7673 12530
f 4053 5434 12530
f 5434 12529 12530
f 10454 12139 12531
f 12139 12138 12531
f 10454 12531 12220
f 10074 8248 12531
f 10074 12531 10073
f 8248 12220 12531
f 10073 12531 12138
f 10446 8227 8223
f 10446 10445 8227
f 11307 2737 12177
f 11307 12177 11314
f 12177 2737 2734
f 10075 12177 2734
f 12532 4025 4049
f 12532 4049 2432
f 1950 4025 12532
f 1950 12532 12533
f 12532 2435 12533
f 12532 2432 2435
f 12534 12535 12536
f 12534 12536 2076
f 12537 12536 12533
f 12537 2076 12536
f 12533 12536 1952
f 1952 12536 12535
f 12535 12538 1955
f 12535 12539 12538
f 1955 12538 12540
f 12540 12538 5172
f 12539 5155 12538
f 5155 5172 12538
f 1947 4046 12541
f 4046 1954 12541
f 9613 1947 12541
f 5173 9613 12541
f 12541 1954 12540
f 5173 12541 12540
f 5156 12539 12534
f 5156 12534 2075
f 12534 12539 12535
f 12534 2076 2075
f 5156 5153 12539
f 5156 2075 2413
f 5156 2413 2417
f 6039 7102 8254
f 8254 7102 12542
f 7102 8730 12542
f 8256 12542 12543
f 8256 12543 8739
f 8740 3881 12543
f 3881 8739 12543
f 12544 8740 12543
f 12544 12543 12542
f 5799 12545 7369
f 7370 7369 8973
f 8973 7369 8949
f 7369 12545 8949
f 11876 4694 4693
f 11876 4693 11875
f 11876 290 4694
f 11876 11878 290
f 7368 8990 7367
f 7368 7100 8990
f 7100 10112 8990
f 8304 10114 12546
f 8304 12546 8309
f 10112 12546 10114
f 7101 12546 10112
f 7101 8309 12546
f 4380 12547 3508
f 3508 12547 3510
f 12548 4380 3508
f 12548 3508 3509
f 12548 4384 4382
f 12548 3972 4384
f 3972 3959 4384
f 4385 4384 3959
f 12549 12550 12551
f 12549 12552 12550
f 12549 12551 12553
f 12549 12553 10028
f 12549 10028 10018
f 12549 10018 12552
f 9519 9523 9516
f 12554 12550 9523
f 9523 12550 9524
f 12554 9523 9519
f 12555 12556 12551
f 12555 10131 12556
f 12556 12553 12551
f 12556 10027 12553
f 12556 12557 10027
f 12556 12410 12557
f 12556 10131 12410
f 12555 12551 12554
f 12555 12554 12558
f 12555 12558 10132
f 12555 10132 10131
f 12559 12560 10136
f 12559 9520 12560
f 12559 10129 10132
f 12559 10136 10129
f 12559 10132 12558
f 12559 9521 9520
f 12559 12558 9521
f 10136 12560 10138
f 9542 10138 12560
f 9547 12560 9520
f 9542 12560 9547
f 12411 12402 12561
f 12557 12411 12561
f 12402 12562 12561
f 12562 10031 12561
f 10026 12561 10031
f 12557 12561 10026
f 12403 12563 12562
f 12403 10473 12563
f 12562 12563 10047
f 12564 10047 12563
f 12031 12563 10473
f 12564 12563 12031
f 10056 4087 3991
f 10056 3991 4038
f 10055 4087 10056
f 10056 4038 10057
f 4085 3979 3982
f 4085 3982 3985
f 12176 3979 4085
f 4086 12176 4085
f 10037 12565 10038
f 10037 12238 12565
f 10321 10038 12565
f 12238 12235 12565
f 12235 10320 12565
f 10321 12565 10320
f 12026 11284 12566
f 11284 12025 12566
f 12026 12566 12030
f 12030 12566 12564
f 12025 10049 12566
f 10046 12566 10049
f 10046 12564 12566
f 11262 12170 11269
f 178 3943 3946
f 2218 1957 3946
f 2218 3946 2371
f 2371 3946 3943
f 12567 1961 1960
f 12568 12567 1960
f 2217 1960 1957
f 2217 12568 1960
f 12569 1962 1961
f 12569 1961 12570
f 12569 8019 1962
f 12569 4041 8019
f 12569 12570 4021
f 12569 4021 4041
f 3993 3947 12571
f 3993 12571 3988
f 3947 1959 12571
f 3988 12571 8019
f 12571 1962 8019
f 12571 1959 1962
f 12567 12570 1961
f 12567 2376 12570
f 924 2376 12567
f 12568 924 12567
f 10317 8510 8509
f 10318 10317 8509
f 10317 10316 8510
f 10318 8509 12572
f 8511 12572 8509
f 12573 12572 10050
f 10020 10050 12572
f 10318 12572 12573
f 10020 12572 8503
f 8511 8503 12572
f 10984 10976 10978
f 10984 10978 11456
f 10978 10979 11457
f 7319 7323 12574
f 7330 12574 7323
f 7319 12574 7014
f 12574 7000 7014
f 12575 12574 7330
f 12575 7000 12574
f 12576 12261 6998
f 12575 12576 6998
f 12576 9159 12261
f 9160 9159 12576
f 9160 12576 7332
f 12575 7332 12576
f 7174 7182 7173
f 7183 7182 7186
f 12577 12071 10857
f 10969 12577 10857
f 11330 12071 12577
f 11453 12577 12578
f 10983 12578 12577
f 11453 11330 12577
f 10969 10983 12577
f 7171 7173 7177
f 12579 7347 12580
f 12579 12580 12581
f 12580 7989 7964
f 12580 7964 12581
f 12580 7340 7989
f 12580 7347 7340
f 12579 7349 7347
f 12582 12579 12581
f 12579 12582 12583
f 12579 12583 7349
f 7359 12584 848
f 12585 12584 7359
f 7336 848 12584
f 12586 12587 12584
f 7336 12584 12587
f 8108 12586 12584
f 8108 12584 12585
f 12588 12589 12590
f 12591 12590 12589
f 12586 12589 12588
f 12586 8107 12589
f 8116 12591 12589
f 8116 12589 8107
f 12588 12590 12592
f 12592 12590 7991
f 7990 7991 12590
f 7990 12590 12591
f 12593 7982 12594
f 7990 12594 7982
f 12595 12593 12594
f 7990 12591 12594
f 8118 12594 12591
f 12596 12594 8118
f 12595 12594 12596
f 12597 12598 12599
f 12600 12599 12598
f 12597 6949 12598
f 8142 12598 12601
f 8142 12600 12598
f 12601 12598 6949
f 4824 4827 4823
f 12602 4823 4827
f 313 4823 310
f 310 4823 12602
f 6690 12585 7360
f 6690 7360 6693
f 6690 8106 12585
f 6690 6709 8106
f 6690 6692 6709
f 9984 12603 12604
f 12605 12604 12603
f 12606 12603 9984
f 12607 12603 12606
f 9648 12605 12603
f 12607 9648 12603
f 12605 12608 12604
f 12609 12604 12608
f 9983 9984 12604
f 9983 12604 12308
f 12609 12308 12604
f 12605 2153 12608
f 12608 2153 10269
f 12609 12608 10269
f 12610 12611 4248
f 12610 12612 12611
f 12610 4248 4227
f 12610 4227 12613
f 12610 2161 12612
f 12610 12613 2161
f 12614 4247 12611
f 12614 12611 12615
f 12614 4250 4247
f 12614 12616 12617
f 12614 12617 4250
f 12614 12615 12616
f 12618 3892 12619
f 3892 12255 12619
f 12617 12618 12619
f 4253 12617 12619
f 4253 12619 12251
f 12619 12255 12251
f 12618 2397 3893
f 3893 2397 2396
f 12616 2397 12618
f 12616 12620 2397
f 12620 2399 2397
f 11766 11225 11224
f 12465 9999 11224
f 9999 11766 11224
f 12465 11224 11227
f 12465 12467 10001
f 12621 10001 12467
f 12621 12467 12622
f 12622 12467 12468
f 5031 12166 12161
f 5031 12623 12166
f 12161 12166 12163
f 12166 12623 3903
f 12166 3903 12167
f 1967 12624 3901
f 12625 12624 1967
f 12624 12167 3901
f 12625 4375 12624
f 12624 4375 12168
f 12624 12168 12167
f 1970 12626 12627
f 12628 12627 12626
f 4374 12627 4362
f 12625 12627 4374
f 12628 4362 12627
f 12625 1970 12627
f 1970 1973 12626
f 7567 12626 1973
f 12628 12626 7567
f 10120 12629 10089
f 12630 12629 10120
f 10089 12629 12468
f 12622 12468 12629
f 12622 12629 12630
f 12621 12622 12631
f 12622 12632 12631
f 12621 12631 10000
f 9500 1975 12631
f 1975 10000 12631
f 9500 12631 12632
f 3905 3909 3908
f 3905 12623 3909
f 5025 3909 12623
f 3911 3909 5028
f 5025 5028 3909
f 7308 6661 12633
f 12634 12633 6661
f 7308 12633 12635
f 12634 8565 12633
f 12633 8565 561
f 12633 561 12635
f 6662 12636 8261
f 6660 12636 6662
f 12636 8264 8261
f 6169 6671 12636
f 6660 6169 12636
f 6671 8264 12636
f 12637 12638 1208
f 8994 12638 12637
f 12637 1208 8532
f 12637 8532 10932
f 10933 8994 12637
f 10933 12637 10932
f 7310 5073 12639
f 12639 5073 12638
f 7310 5074 5073
f 12638 5073 1208
f 7305 12640 7306
f 7305 12635 12640
f 7306 12640 7313
f 12640 5074 7313
f 12640 560 5074
f 12640 12635 560
f 10115 7310 12639
f 10113 12639 12638
f 10115 12639 10113
f 1988 1508 1502
f 1988 12641 1508
f 10385 12641 1988
f 10385 1988 1987
f 10899 10897 12642
f 12643 12642 10897
f 10899 12642 11530
f 1994 11530 12642
f 12644 1994 12642
f 12643 12644 12642
f 12645 12646 12647
f 12648 12645 12647
f 12645 11219 12646
f 12648 12649 12645
f 12649 12650 12645
f 12645 12650 11219
f 12649 12651 9943
f 12652 9943 12651
f 12648 12651 12649
f 12653 12652 12651
f 12653 12651 12654
f 12654 12651 12648
f 1990 9935 12655
f 9935 9941 12655
f 1990 12655 12656
f 12655 9941 12652
f 12655 12652 12656
f 11538 11528 11527
f 12653 11538 11527
f 12653 11527 12656
f 1992 12656 11527
f 12654 12657 11538
f 12654 12658 12657
f 11538 12657 11539
f 11181 12657 12658
f 11181 12274 12657
f 12274 11539 12657
f 12647 11216 11182
f 12658 12647 11182
f 12647 12646 11216
f 12648 12647 12658
f 12349 1900 12351
f 1900 12348 12351
f 12348 9964 12351
f 9964 9959 12351
f 12352 12351 9959
f 12659 8102 8479
f 12659 8479 8478
f 12659 12660 8102
f 12659 12661 12660
f 12659 7969 12661
f 12659 8478 7969
f 8117 8112 12662
f 8101 12662 8112
f 12596 8117 12662
f 12660 12662 8101
f 12660 12663 12662
f 12596 12662 12663
f 9952 12644 12664
f 12643 12664 12644
f 9952 12664 12665
f 12666 12664 12643
f 12666 12667 12664
f 12667 12665 12664
f 12668 10897 1500
f 12668 12643 10897
f 5428 4996 10946
f 10946 4996 4997
f 2189 1999 605
f 608 605 1999
f 2000 1999 2189
f 2001 608 1999
f 12669 4998 12670
f 2001 12670 4998
f 12669 12670 12665
f 2001 1997 12670
f 1997 9951 12670
f 12665 12670 9951
f 2000 2189 2707
f 2189 2190 2707
f 2000 1357 1356
f 12671 4726 5321
f 12671 4727 4726
f 12672 12673 12674
f 12672 12675 12673
f 9958 12672 12674
f 9932 12672 9958
f 9932 12675 12672
f 12676 12673 12677
f 12673 12678 12677
f 12679 12676 12677
f 12679 12677 9224
f 9224 12677 9210
f 9210 12677 12678
f 9956 12680 12681
f 12352 9956 12681
f 10225 12681 12680
f 10227 12681 10225
f 12352 12681 10227
f 12674 12676 12682
f 12683 12682 12676
f 12680 12674 12682
f 10225 12680 12682
f 12683 5491 12682
f 10225 12682 5491
f 12683 12684 12685
f 10211 12685 12684
f 12679 12684 12683
f 9223 10211 12684
f 12679 9223 12684
f 3843 3837 12686
f 3356 12686 3837
f 12687 3843 12686
f 12687 12686 12688
f 3346 12688 12686
f 3346 12686 3356
f 3843 12689 3842
f 3845 3842 12689
f 12687 12689 3843
f 4300 12689 12687
f 12689 4307 3845
f 4300 4307 12689
f 12690 7282 8086
f 7282 12690 12691
f 12690 8086 12692
f 12690 12692 8069
f 12690 8069 12693
f 12690 12693 12691
f 7284 12694 7898
f 12694 7284 12691
f 12695 7898 12694
f 12694 7900 12695
f 7900 12694 12693
f 12694 12691 12693
f 12696 7897 12697
f 12696 12697 12698
f 12696 7285 7897
f 12696 7286 7285
f 8092 7286 12696
f 12696 12698 8092
f 2005 12699 10914
f 10914 12699 11846
f 12356 12699 12362
f 2005 12362 12699
f 12356 11846 12699
f 12700 12701 9874
f 9875 9874 12701
f 12366 12701 12700
f 9913 9875 12701
f 9912 9913 12701
f 12366 10188 12701
f 9912 12701 10188
f 12700 9874 2011
f 2012 2011 9874
f 11996 12700 2011
f 2013 11996 2011
f 8720 12692 8088
f 8070 12692 8720
f 8070 8720 8719
f 8722 8720 8088
f 10874 10758 12702
f 10874 10759 10758
f 10874 12702 10871
f 10875 10759 10874
f 10875 12703 10759
f 12703 12199 10759
f 12703 9902 9880
f 12703 12704 9902
f 12703 9880 12199
f 10875 12704 12703
f 4904 4824 335
f 4904 335 334
f 4831 4824 4904
f 9887 12705 12706
f 9887 12706 12707
f 12706 10894 12708
f 10864 10894 12706
f 12706 12705 12709
f 10864 12706 12709
f 12706 12708 12707
f 9887 9888 12705
f 9887 12707 9889
f 12710 1515 11017
f 12710 11017 12003
f 11028 1515 12710
f 11028 12710 12708
f 12708 12710 12707
f 12710 12003 12707
f 10893 12708 10894
f 10863 10894 10864
f 2021 2020 4296
f 4297 12711 4296
f 12712 2021 4296
f 12712 4296 12711
f 12713 12714 12715
f 12714 12716 12715
f 3809 12713 12715
f 3788 3809 12715
f 3788 12715 12717
f 12715 12716 12717
f 12713 3802 3804
f 2022 12713 3804
f 2019 2022 3804
f 2019 3804 2445
f 12315 12318 12317
f 3816 12318 12315
f 3817 12318 3816
f 3817 12319 12318
f 10359 3108 10360
f 2029 3108 10359
f 9898 2029 10359
f 9898 10359 10354
f 12718 12719 3814
f 12718 12297 12719
f 3817 3814 12719
f 12297 4190 12719
f 12319 12719 4190
f 3817 12719 12319
f 7924 7255 7937
f 7253 7255 7924
f 7253 7924 7928
f 12720 12721 12722
f 12720 12722 12723
f 12720 7246 12721
f 12720 7249 7246
f 12720 12723 7938
f 12720 7938 7937
f 12720 7937 7249
f 11378 11380 12724
f 12725 12724 11380
f 12726 12725 11380
f 12726 11380 11381
f 12721 7262 12722
f 12726 12722 7262
f 12723 12722 11381
f 12726 11381 12722
f 7261 12727 7263
f 12725 7263 12727
f 7273 12727 7261
f 12725 12727 12728
f 7273 12728 12727
f 7272 12729 12730
f 5438 12730 12729
f 7271 12729 7272
f 5438 12729 9113
f 9114 9113 12729
f 7271 9114 12729
f 12728 7272 12730
f 5438 5440 12730
f 12724 12730 5440
f 12724 12728 12730
f 12731 7269 780
f 12731 780 12732
f 12731 7274 7269
f 12731 12732 12733
f 12731 12733 12734
f 12731 12734 7274
f 9119 12735 9120
f 12735 12733 9120
f 9119 12736 12735
f 12735 12734 12733
f 12735 7275 12734
f 12735 12736 7275
f 12737 4414 4415
f 12737 5274 4414
f 12737 4415 9115
f 12737 12738 12736
f 12737 9115 12738
f 12737 12736 5274
f 12739 4076 4078
f 12739 4078 12740
f 2430 12740 4078
f 197 2430 4078
f 2030 12741 2051
f 2030 2051 2034
f 2051 2053 2034
f 2054 2051 12741
f 2030 2032 12741
f 2032 4097 12741
f 2032 4096 4097
f 2032 2033 4096
f 12742 4096 2033
f 12474 4096 12742
f 12742 2033 3758
f 12487 12742 3758
f 12476 12474 12742
f 12476 12742 12487
f 2035 2034 2439
f 2437 2036 2035
f 4885 12602 4827
f 4828 4885 4827
f 12743 9855 12744
f 12743 9853 9855
f 12744 10698 12743
f 11678 12743 10698
f 12745 12743 11678
f 12743 12746 9853
f 12745 12746 12743
f 12747 12748 12749
f 12749 12748 12750
f 12749 2406 2405
f 12749 3783 2406
f 12747 12749 2405
f 12749 12750 3783
f 3759 3770 3763
f 3770 3783 3763
f 3763 3783 12750
f 3763 12750 3764
f 12751 4633 12489
f 12751 12489 3764
f 12751 12752 4633
f 12751 12748 12753
f 12751 12750 12748
f 12751 12753 12752
f 12751 3764 12750
f 12754 12755 12756
f 12754 12757 12755
f 9847 12754 12756
f 12754 9630 12757
f 9847 12758 12754
f 12758 9630 12754
f 2171 2172 9620
f 9620 2172 12757
f 2173 9828 2172
f 9828 12757 2172
f 12759 12760 9629
f 12758 12759 9629
f 12759 12761 10808
f 12759 12762 12761
f 12759 10808 12760
f 12758 12762 12759
f 12762 9846 12763
f 12763 9846 10963
f 9847 9846 12762
f 9846 9845 10963
f 10079 2735 12764
f 2736 12764 2735
f 12764 11302 10910
f 12764 12143 11302
f 10079 12764 10910
f 12764 11310 12143
f 2736 11310 12764
f 9849 9852 9850
f 10972 9852 9853
f 12765 11336 12766
f 11362 12765 12766
f 11339 12766 11336
f 11341 12766 11354
f 11339 11354 12766
f 11341 11362 12766
f 12182 11336 12765
f 12182 12765 10433
f 11362 12185 12765
f 12185 10433 12765
f 8021 12767 12768
f 12767 6765 12768
f 12769 12767 8021
f 12769 12770 12767
f 12767 6766 6765
f 12767 12771 6766
f 12767 12770 12771
f 12337 12772 12773
f 12337 12773 6764
f 12772 12774 12773
f 12774 12768 12773
f 12773 12768 6765
f 6764 12773 6765
f 12336 12772 12337
f 12337 6764 7223
f 12338 12337 7223
f 7933 12774 12772
f 7933 12772 12336
f 12774 8022 12768
f 12774 7936 8022
f 7933 7936 12774
f 12210 12212 5018
f 12212 12213 12775
f 12212 12775 5021
f 12212 5021 5018
f 7486 7225 6640
f 7486 7495 7225
f 12776 7539 8043
f 12776 8043 12777
f 12776 12207 7539
f 12776 12777 12775
f 12776 12775 12213
f 12776 12213 12207
f 10232 12778 10235
f 12345 10235 12778
f 10232 10221 12778
f 9812 12345 12778
f 12779 9812 12778
f 12779 12778 10221
f 2816 11791 2817
f 2819 2817 11803
f 12780 2202 2204
f 12780 3615 2202
f 12780 12781 3614
f 12780 2204 12781
f 12780 3614 3615
f 3632 12782 12783
f 12783 12782 2047
f 12782 12781 12784
f 12782 12784 2049
f 3632 12781 12782
f 12782 2049 2047
f 3631 3632 12783
f 3631 12783 12785
f 12783 2047 2441
f 12783 2440 12785
f 12783 2441 2440
f 2044 2442 2045
f 2441 2047 2045
f 2442 2441 2045
f 12784 12781 2204
f 12784 2050 2049
f 12784 12786 2050
f 12784 2207 12786
f 12784 2204 2207
f 2382 2050 12786
f 2382 2048 2050
f 2382 12786 2385
f 2382 2384 2048
f 2034 2053 2439
f 2053 2055 3633
f 2053 3633 2439
f 130 2057 2056
f 130 2056 2428
f 2054 12739 2056
f 12740 2428 2056
f 12739 12740 2056
f 9810 12787 12788
f 9804 12788 12787
f 12779 12787 9810
f 12789 9804 12787
f 10223 12787 12779
f 12789 12787 10223
f 2059 4020 2060
f 2061 2060 927
f 2375 2060 4020
f 2061 6203 12790
f 2069 12790 6203
f 2069 6203 2212
f 2064 12790 12791
f 2065 12791 12790
f 2064 2061 12790
f 2065 12790 2069
f 2062 4050 2063
f 2433 2062 2064
f 2062 2432 4050
f 123 122 12791
f 3636 12791 122
f 2433 2064 12791
f 123 12791 2065
f 2433 12791 3636
f 2069 2212 2070
f 2071 2070 2211
f 3626 12792 106
f 106 12792 2381
f 2068 12792 3626
f 2071 12792 2068
f 2071 12793 12792
f 12792 12793 2381
f 2072 2411 2073
f 2073 2413 2075
f 2077 2076 12537
f 2077 12537 2435
f 2434 2078 2077
f 2434 2077 2435
f 2080 6156 12794
f 2082 2080 12794
f 2079 2645 2080
f 12460 3650 2426
f 12458 12460 2426
f 2429 12458 2426
f 3659 3660 3663
f 4885 12795 12602
f 4885 4884 12795
f 12796 8111 12797
f 12796 12797 12798
f 12799 8111 12796
f 12796 12798 7199
f 7169 12796 7199
f 7169 12799 12796
f 2334 12800 12801
f 12801 12800 12802
f 12801 7198 12798
f 12803 12801 12798
f 12801 12802 7198
f 12803 2334 12801
f 12804 8100 8110
f 12799 12804 8110
f 12804 1031 8100
f 12799 7170 12804
f 7170 12805 12804
f 12805 1031 12804
f 10777 10778 12806
f 10777 12806 4951
f 3668 12806 3670
f 10778 3670 12806
f 3668 3665 12806
f 12806 3666 4951
f 12806 3665 3666
f 10768 12807 3677
f 2414 3677 12807
f 10768 10765 12807
f 10765 10762 12807
f 2414 12807 2415
f 2415 12807 10762
f 12808 8450 1030
f 12805 12808 1030
f 12808 1044 8450
f 7181 1044 12808
f 12805 7168 12808
f 7181 12808 7168
f 12809 1035 2724
f 12809 12810 1035
f 12810 1033 1035
f 12810 9225 1033
f 12810 12811 9225
f 8483 1033 9225
f 12811 9226 9225
f 8483 9225 9227
f 12809 12812 12813
f 12809 12813 12811
f 12812 12814 12813
f 12811 12813 9226
f 12815 9226 12813
f 12815 12813 12814
f 12816 12817 12818
f 12818 12817 2118
f 12816 12819 12817
f 12819 12820 12817
f 12817 9320 2118
f 12817 12820 9320
f 7193 12821 7190
f 12821 12814 7190
f 12815 12821 9232
f 12815 12814 12821
f 12816 12822 12821
f 12822 9232 12821
f 7193 12816 12821
f 12822 12818 11954
f 11954 12818 2117
f 12822 11954 9231
f 9219 11954 2117
f 8052 8054 2577
f 2105 8054 2106
f 2105 828 8054
f 828 2577 8054
f 8055 12823 2109
f 8055 8049 12823
f 2109 12823 12824
f 12824 12823 9323
f 9323 12823 9339
f 8049 9339 12823
f 12824 12825 2110
f 12824 9324 12825
f 2110 12825 2111
f 2111 12825 7194
f 12825 9324 9319
f 12825 12820 7194
f 12825 9319 12820
f 3101 10360 3108
f 3101 3103 10360
f 9791 9795 10361
f 9795 10362 10361
f 9791 10361 3103
f 10361 10360 3103
f 9254 8679 12826
f 9255 9254 12826
f 12826 8679 8028
f 9378 9255 12826
f 9378 12826 11366
f 12826 8028 11366
f 872 12827 873
f 872 12828 12827
f 873 12827 9796
f 9796 12827 10366
f 12827 10376 10366
f 12827 10416 10376
f 12827 12828 10416
f 12829 869 5773
f 12829 5773 5768
f 12829 12828 869
f 12829 10415 12828
f 12829 10414 10415
f 12829 10406 10414
f 12829 5768 10406
f 5268 8011 7824
f 5268 7909 12830
f 5267 7909 5268
f 5268 12830 8011
f 6210 6205 7643
f 6208 7643 6205
f 6210 7643 7642
f 7649 7645 7643
f 7649 7643 6208
f 3777 12831 3778
f 12831 3588 3778
f 3551 3778 3588
f 2410 2407 3778
f 2410 3778 3551
f 12831 3589 3588
f 12831 12832 3589
f 12832 3145 3589
f 3589 3145 3138
f 3589 3138 3591
f 3566 3565 12833
f 3565 12834 12833
f 3553 3566 12833
f 2408 3553 12833
f 12747 2408 12833
f 12747 12833 12753
f 12753 12833 12834
f 12363 7912 7911
f 12363 7911 12095
f 8191 12363 12364
f 12363 12094 12364
f 12363 12095 12094
f 10186 12671 12835
f 12671 12836 12835
f 10186 12835 12837
f 97 12835 12836
f 97 12838 12835
f 12837 12835 12838
f 12839 5321 5324
f 5324 3556 12839
f 12839 12836 5321
f 95 12836 12839
f 95 12839 3556
f 12840 12841 12842
f 12840 12842 98
f 12841 2194 12842
f 98 12842 12838
f 12843 12842 2194
f 12843 12838 12842
f 3831 3860 12844
f 3831 12844 12845
f 3860 12837 12844
f 12845 12844 2191
f 12843 2191 12844
f 12843 12844 12837
f 12845 12846 3832
f 12845 2193 12846
f 3832 12846 3355
f 12846 2193 3360
f 12846 3360 3355
f 12100 12847 12848
f 3580 12848 12847
f 12100 12848 12101
f 3580 3581 12848
f 3581 12115 12848
f 12848 12115 12101
f 12847 12099 4634
f 12752 12847 4634
f 12100 12099 12847
f 3580 12847 12834
f 12752 12834 12847
f 11067 12849 12850
f 12850 12849 9718
f 11062 12849 11067
f 11062 12851 12849
f 12849 9710 9718
f 12849 12851 9710
f 11068 12850 12852
f 9719 12852 12850
f 11068 12852 12853
f 9719 2131 12852
f 2131 12854 12852
f 12852 12854 12853
f 12855 2127 9717
f 12855 12856 2127
f 2126 9717 2127
f 2127 1315 1314
f 2127 12856 1315
f 12857 9744 12858
f 9744 12859 12858
f 12857 12858 12860
f 10958 12860 12858
f 10958 12858 10957
f 10957 12858 12859
f 12861 12862 10936
f 10934 10936 12862
f 12860 12862 12863
f 12860 10955 12862
f 12863 12862 12861
f 10934 12862 10955
f 12857 9740 9739
f 12857 12863 9740
f 12863 12864 9740
f 9742 9740 12864
f 12861 12865 12864
f 12861 12866 12865
f 12853 12864 12865
f 12867 12865 12866
f 12867 11066 12865
f 11066 12853 12865
f 12861 10936 12866
f 12866 10936 12868
f 10937 12868 10936
f 1529 11065 12869
f 12867 12869 11065
f 1529 12869 1526
f 10937 1526 12869
f 12867 12868 12869
f 10937 12869 12868
f 3574 3558 12870
f 12871 12870 3558
f 3577 3574 12870
f 12372 12870 12373
f 3577 12870 12372
f 12373 12870 12871
f 1335 2693 9760
f 2135 9760 1184
f 1184 9760 2699
f 2693 2699 9760
f 2134 1185 1183
f 1184 1185 2135
f 12872 12873 12874
f 12872 12859 12873
f 1322 2136 12873
f 12874 12873 2136
f 1322 12873 1319
f 12859 1319 12873
f 12875 10956 12872
f 12872 10956 10957
f 12876 10948 10956
f 12876 10956 12875
f 12874 2136 2134
f 12877 12874 2134
f 12877 2134 1183
f 12876 5431 5430
f 2706 5431 2705
f 12876 12875 5431
f 12875 2705 5431
f 1586 4813 4812
f 11163 4813 1586
f 11163 1586 1585
f 1586 4812 1588
f 8571 7061 11957
f 8571 8574 7061
f 11957 7061 7062
f 8574 7059 7061
f 12878 12879 7055
f 12879 7050 7055
f 6587 12879 12878
f 12879 12880 7050
f 6583 12880 12879
f 6583 12879 6587
f 7065 11959 11960
f 7065 7067 7734
f 7065 11960 7068
f 12881 7070 7077
f 12881 7077 8868
f 12881 8870 8880
f 12881 8880 8881
f 12881 8868 8870
f 12881 8881 12882
f 12881 12882 7070
f 12883 12882 8879
f 12883 7072 12882
f 12883 8879 8877
f 12883 11965 7072
f 12883 8877 7760
f 12883 7760 11965
f 12884 11345 11351
f 12884 11346 11345
f 11341 11355 11345
f 11355 11351 11345
f 10873 12884 11349
f 12884 11351 11349
f 10877 10873 11349
f 11348 10877 11349
f 12885 11164 1585
f 11163 1585 11164
f 12885 12886 11164
f 12886 11166 11164
f 9701 10575 12887
f 9701 12887 9702
f 12887 12888 9443
f 12887 9443 12889
f 12887 10575 12888
f 12887 12889 9702
f 12890 12891 12889
f 12890 9430 12891
f 12890 12889 9441
f 12890 9436 9430
f 12890 9441 9442
f 12890 9442 9436
f 9707 9709 12892
f 12892 9709 12851
f 9707 12892 9704
f 11924 9704 12892
f 11924 12892 11063
f 12892 12851 11063
f 9701 10574 10575
f 9701 9704 11925
f 9701 11925 10574
f 12893 12515 12894
f 4785 12893 12894
f 171 12515 12893
f 171 12893 4782
f 4782 12893 4785
f 10884 12895 1485
f 10884 11940 12895
f 1485 12895 10878
f 12896 12895 11751
f 12896 10878 12895
f 11751 12895 12897
f 12895 11940 12897
f 12896 11749 12898
f 12896 12898 10879
f 11749 11744 12898
f 11744 169 12898
f 10879 12898 169
f 11942 9713 9693
f 11942 9693 12899
f 11942 3884 3933
f 11942 12899 3884
f 12900 12901 11943
f 12900 12856 12901
f 12855 9714 12901
f 9714 11943 12901
f 12855 12901 12856
f 7481 12902 7483
f 7481 12903 12902
f 12902 3384 7483
f 12903 7026 12902
f 12902 7026 3383
f 12902 3383 3384
f 7027 12904 2718
f 12904 7382 2718
f 12903 12904 7027
f 7479 12904 12903
f 7479 7387 12904
f 7387 7382 12904
f 12905 8125 8126
f 12905 12906 8125
f 12905 8126 3310
f 12905 3389 12906
f 12905 3393 3389
f 12905 3312 3393
f 12905 3310 3312
f 12906 3390 12907
f 12906 12907 8128
f 3390 2139 12907
f 8128 12907 2714
f 790 12907 2139
f 790 2714 12907
f 798 12908 12909
f 12910 12909 12908
f 798 12909 792
f 12911 2715 12909
f 12912 12911 12909
f 12909 2715 792
f 12910 12912 12909
f 12597 12599 12913
f 12911 12599 2716
f 12911 12913 12599
f 12600 2716 12599
f 8173 12830 12425
f 8173 8010 12830
f 8664 12914 8651
f 8664 12915 12914
f 12914 7041 8651
f 12914 7042 7041
f 12910 7042 12914
f 12916 12914 12915
f 12916 12910 12914
f 7033 7037 7039
f 12500 7039 7037
f 8652 7041 7039
f 8652 7039 12500
f 2145 3888 12917
f 12917 3888 3891
f 12918 2145 12917
f 12917 3891 2396
f 12917 2396 2402
f 12918 12917 2402
f 12919 3495 2149
f 12919 3476 3495
f 3495 3494 2149
f 3495 3476 3482
f 3495 3482 3485
f 12920 2147 3921
f 2147 2148 3921
f 12920 3921 3920
f 3497 3921 2148
f 12918 12921 2146
f 12918 12922 12921
f 2146 12921 12919
f 12919 12921 3478
f 12921 12923 3478
f 12921 12922 12923
f 7569 12547 4361
f 12628 7569 4361
f 7569 3510 12547
f 12628 7567 7569
f 6953 12924 12925
f 12916 12925 12924
f 12926 6953 12925
f 12927 12926 12925
f 12927 12925 12915
f 12916 12915 12925
f 12928 12929 1304
f 12927 12929 12928
f 12929 9453 1304
f 8663 9453 12929
f 8663 12929 8665
f 12927 8665 12929
f 12597 12913 6954
f 12597 6954 6948
f 12597 6948 6949
f 6953 6954 12924
f 6954 12913 12924
f 12912 12924 12913
f 12916 12924 12912
f 3515 3516 12930
f 3519 3515 12930
f 12930 3516 12931
f 3519 12930 12932
f 12930 12933 12932
f 12930 12934 12933
f 12930 12931 12934
f 3500 3499 12935
f 3500 12935 3996
f 3500 3996 3976
f 3501 3500 3976
f 12933 12936 12932
f 12935 12932 12936
f 12933 12937 12936
f 3995 12935 12936
f 3995 12936 3999
f 12936 12938 3999
f 12936 12937 12938
f 12367 12939 10198
f 12367 9654 12939
f 12939 12940 9679
f 12939 9679 9680
f 12939 9654 12940
f 12939 10197 10198
f 12939 9680 10197
f 12941 9653 9651
f 12941 9651 9676
f 12941 12940 9653
f 12941 9675 9679
f 12941 9676 9675
f 12941 9679 12940
f 12942 12943 10193
f 12942 12944 12943
f 9907 12943 12945
f 12943 12944 12945
f 9907 10202 12943
f 12943 10202 10193
f 12942 9682 9685
f 12942 9685 12944
f 12942 10196 9682
f 12942 10193 10196
f 12946 9685 9684
f 12946 12944 9685
f 12946 9449 9450
f 9684 9449 12946
f 12946 9450 12947
f 12946 12947 12944
f 9892 12948 1350
f 9892 9906 12948
f 12948 12947 9450
f 12948 9450 9451
f 9906 12947 12948
f 12948 9451 1350
f 3242 3241 1347
f 3242 1350 9451
f 3242 9451 3243
f 3242 1347 1350
f 10840 10833 12949
f 10843 10840 12949
f 12949 10833 12950
f 10843 12949 10985
f 12949 11780 10985
f 12949 12950 11780
f 1590 12951 1589
f 12952 1589 12951
f 12885 1585 1589
f 12885 1589 12952
f 3726 6084 6086
f 12953 6086 6087
f 12953 3730 6086
f 3726 6086 3730
f 12761 12763 10809
f 12761 12762 12763
f 10809 12763 10811
f 12763 10968 10811
f 12763 10963 10968
f 12954 6984 12955
f 12956 12954 12955
f 12954 6986 6984
f 12957 6986 12954
f 12957 12954 12958
f 12956 12958 12954
f 6549 6544 6543
f 6544 12959 6545
f 6544 6552 12959
f 6549 6552 6544
f 6489 3690 3715
f 12960 12606 9971
f 12960 9971 9975
f 12960 12607 12606
f 12961 12960 9975
f 12961 12962 12960
f 12962 12607 12960
f 9647 12963 9644
f 12964 9644 12963
f 12961 12965 12963
f 12961 12963 12962
f 12964 12963 12965
f 12962 12963 9647
f 12367 12368 1297
f 12367 1297 9654
f 12966 12967 12951
f 12968 12967 12966
f 12952 12951 12967
f 12968 12969 12967
f 12970 12952 12967
f 12969 12970 12967
f 3800 12971 12972
f 3800 12973 12971
f 12974 12972 12971
f 12974 12971 3207
f 12973 12975 12971
f 12975 3207 12971
f 11159 11084 11083
f 11085 11084 1591
f 12976 3801 12972
f 12976 12972 12977
f 12976 3794 3801
f 12976 12978 3794
f 12976 12979 12978
f 12976 12977 12979
f 12979 12980 12981
f 12979 12981 12982
f 3429 3428 12981
f 3429 12981 12980
f 3428 3422 12981
f 12982 12981 3422
f 12983 12984 12980
f 12983 12985 12984
f 3429 12980 12984
f 3429 12984 12986
f 3216 12986 12984
f 12985 3216 12984
f 3415 12987 3400
f 3415 3427 12987
f 2367 3400 12987
f 12986 12987 3427
f 3215 12987 12986
f 2367 12987 3215
f 12988 3812 12989
f 12988 12989 3423
f 12988 12718 3812
f 12988 12299 12718
f 12988 3458 12299
f 12988 3423 3458
f 12978 12990 3795
f 12982 12990 12978
f 3810 3795 12990
f 3810 12990 12989
f 12990 3424 12989
f 12982 3424 12990
f 12991 12992 12993
f 12991 3443 12992
f 12991 12993 2246
f 12991 12994 3443
f 12991 12995 12994
f 12991 2246 12995
f 12996 3444 12994
f 12996 12994 12997
f 3446 3444 12996
f 12996 12997 12998
f 12999 12996 12998
f 12999 3446 12996
f 13000 12998 13001
f 13002 12998 13000
f 13000 13001 13003
f 13000 13003 3514
f 3477 13000 3514
f 3477 13002 13000
f 13004 13003 13005
f 3186 13004 13005
f 13004 3517 13003
f 13004 12931 3517
f 3186 13006 13004
f 13006 12931 13004
f 13007 13008 3448
f 12999 13007 3448
f 13007 12923 13008
f 3479 12923 13007
f 13002 13007 12999
f 3479 13007 13002
f 2401 3449 13008
f 2401 2400 3449
f 2401 13008 12922
f 2401 12922 2402
f 13009 8089 13010
f 6968 13009 13010
f 12208 8725 13009
f 8725 8089 13009
f 12208 13009 6968
f 13011 13010 8087
f 8087 13010 8089
f 13011 6969 13010
f 6969 6968 13010
f 13011 13012 6970
f 13012 6972 6970
f 6969 6970 6963
f 13011 6970 6969
f 12620 12615 13013
f 12615 12612 13013
f 12620 13013 2399
f 13013 12612 2158
f 13013 2158 3467
f 13013 3467 2399
f 13014 3468 3464
f 13014 3464 2160
f 13014 2391 3468
f 13014 4228 2391
f 13014 2160 12613
f 13014 12613 4228
f 2164 6975 2162
f 2162 6975 13015
f 2162 13015 1397
f 13016 12955 13017
f 13016 13017 4215
f 13016 13018 12955
f 4155 13019 13016
f 4155 13016 4153
f 13016 13019 13018
f 13016 4215 4153
f 7007 12201 7006
f 13020 7006 12201
f 13020 12201 13019
f 12201 12202 13019
f 13021 4154 2286
f 13021 13022 4154
f 13021 2286 2287
f 6859 13021 2287
f 6859 7004 13021
f 7004 13022 13021
f 13023 11784 11777
f 12950 13023 11777
f 11780 12950 11777
f 13024 11803 13023
f 10834 13024 13023
f 13024 2819 11803
f 13024 13025 2819
f 10834 10832 13024
f 10832 13025 13024
f 10804 10814 10805
f 10805 10814 13025
f 10805 13025 10852
f 10805 10852 10807
f 6526 6538 6543
f 6543 6538 6540
f 6549 6543 6540
f 2167 13026 9824
f 9273 13026 2167
f 2167 9824 2173
f 9629 12760 9625
f 12758 9629 9630
f 13027 12278 9563
f 12280 12278 13027
f 13027 9563 13028
f 12280 13027 10849
f 13027 13029 10849
f 13027 13028 13029
f 13030 10850 13031
f 13030 13031 13032
f 13030 10851 10850
f 10807 10851 13030
f 10810 13030 13032
f 10807 13030 10810
f 7966 13033 7967
f 7966 13034 13033
f 12661 13033 12663
f 12595 12663 13033
f 7967 13033 12661
f 12595 13033 13034
f 13035 6834 13036
f 13035 13036 12697
f 13035 6840 6834
f 13035 7893 6840
f 13035 7897 7893
f 13035 12697 7897
f 13036 6834 6833
f 13036 6833 6955
f 13036 6955 12698
f 13036 12698 12697
f 3335 13037 13038
f 12973 13038 13037
f 13039 3335 13038
f 3799 13038 12973
f 3799 3787 13038
f 3787 13039 13038
f 3342 3334 13040
f 13039 13040 3334
f 3341 3342 13040
f 3341 13040 12717
f 3789 12717 13040
f 3789 13040 13039
f 3339 12711 3340
f 12712 3339 12716
f 12712 12711 3339
f 3341 12716 3339
f 3344 3343 3340
f 3344 3340 13041
f 3344 12688 3346
f 3344 13041 12688
f 2178 9591 2179
f 2179 9591 13042
f 9592 13042 9591
f 2174 2184 2175
f 2177 2175 2182
f 2177 9918 13043
f 2710 13043 9918
f 2181 13043 9597
f 2709 9597 13043
f 2177 13043 2181
f 2709 13043 2710
f 2177 2182 9918
f 2710 9918 1354
f 2184 13044 2185
f 2186 2185 9930
f 976 2185 13044
f 976 9930 2185
f 2190 9599 2707
f 2709 2707 9599
f 13045 4618 13046
f 13045 3596 4618
f 13045 13046 3351
f 13045 3597 3596
f 13045 3351 13047
f 13045 13047 3597
f 13048 13049 13046
f 13048 13050 13049
f 13048 4618 4617
f 13048 4617 3155
f 13048 13046 4618
f 13048 3155 13050
f 13049 3349 13046
f 13049 3324 3349
f 13049 3322 3324
f 13049 13050 3322
f 12840 3598 13051
f 12840 13051 12841
f 3598 13047 13051
f 12841 13051 2197
f 13051 3352 2197
f 13051 13047 3352
f 12877 1183 2703
f 12877 2703 2705
f 2703 1183 2199
f 9605 2198 2698
f 2697 9605 2698
f 13052 2206 51
f 3258 13052 51
f 12786 2207 13052
f 12786 13052 2385
f 13052 2207 2206
f 3258 2385 13052
f 2202 2377 2203
f 2202 3615 2377
f 13053 13054 3273
f 13055 13053 3273
f 13056 13054 13053
f 13056 13053 13057
f 2281 13057 13053
f 21 2281 13053
f 21 13053 13055
f 13056 13058 13059
f 13058 2387 13059
f 13059 3274 13054
f 13059 3260 3274
f 13056 13059 13054
f 13059 2387 3260
f 13056 13060 13058
f 13058 13060 3776
f 2386 13058 3776
f 2386 2387 13058
f 13061 3775 13060
f 13061 157 3775
f 13061 13060 13057
f 13061 13062 157
f 13061 2279 13062
f 13061 13057 2279
f 10007 13063 10011
f 13063 2305 10011
f 13064 10013 10011
f 13064 10011 2305
f 13065 10014 10013
f 13066 13065 10013
f 10016 10014 13065
f 13065 13067 13068
f 10016 13065 13068
f 13066 13067 13065
f 13069 13070 9527
f 9524 13069 9527
f 13069 13068 13070
f 10019 13068 13069
f 12552 10019 13069
f 12552 13069 9524
f 2687 9568 13070
f 2688 9568 2687
f 2687 13070 13067
f 2685 2687 13067
f 11085 4901 4900
f 1588 4812 4901
f 4812 4809 4901
f 11085 1588 4901
f 928 2216 2215
f 12568 2216 924
f 924 2216 928
f 2217 2216 12568
f 2218 2371 2219
f 2219 2370 2220
f 2221 4001 2222
f 2222 13071 2224
f 2222 13072 13071
f 2222 4001 13072
f 2224 13073 13074
f 13073 2232 13074
f 13073 13075 2252
f 13073 13071 13075
f 2224 13071 13073
f 13073 2252 2232
f 13074 3277 2227
f 13074 2228 3277
f 2224 13074 2227
f 13074 2232 2228
f 2225 2226 3944
f 2227 2373 2226
f 3944 2226 2372
f 2226 2373 2372
f 3277 2228 84
f 2227 3277 2373
f 2231 2232 2252
f 2250 2233 2231
f 9370 6023 6029
f 6023 13076 6029
f 6023 6027 13076
f 6788 6787 13077
f 6787 9628 13077
f 6788 13077 9564
f 13028 9564 13077
f 9626 13077 9628
f 13028 13077 9626
f 753 9158 4455
f 753 6926 9158
f 9158 4595 4455
f 6925 9159 9158
f 6925 9158 6926
f 12204 12203 13078
f 12203 6922 13078
f 7008 12203 7007
f 12203 7008 6922
f 12369 12425 7908
f 12369 7908 981
f 13079 12205 13080
f 12204 13080 12205
f 8007 13080 6846
f 13080 8007 13079
f 13081 6846 13080
f 12204 13081 13080
f 7320 7317 7342
f 7320 7318 7317
f 9466 13082 13083
f 9466 9472 13082
f 13082 10119 13083
f 13082 9472 9501
f 13082 9501 12632
f 13082 12630 10119
f 13082 12632 12630
f 6929 13084 6914
f 13084 6912 6914
f 12965 13085 13084
f 12964 12965 13084
f 13084 13085 6912
f 12964 13084 6929
f 13086 13087 9495
f 13086 9495 9496
f 12961 13087 13086
f 12961 13086 12965
f 13086 13085 12965
f 13086 9496 13085
f 7123 7147 13088
f 13089 13088 7147
f 7840 13089 7147
f 13090 13091 3319
f 13090 13092 13091
f 3319 13091 13093
f 3172 13091 13092
f 3172 3174 13091
f 13091 3174 13093
f 3176 13092 13094
f 3176 13094 28
f 7840 13094 13092
f 13095 28 13094
f 7840 3132 13094
f 3132 13095 13094
f 3333 13096 13097
f 13096 3208 13097
f 13037 3333 13097
f 12975 13037 13097
f 12975 13097 3203
f 13097 3208 3203
f 3316 13098 88
f 3316 13093 13098
f 88 13098 3331
f 13098 13096 3331
f 13098 3175 13096
f 13098 13093 3175
f 13099 13001 12997
f 12995 13099 12997
f 13099 13005 13001
f 3184 13005 13099
f 12995 2243 13099
f 3184 13099 2243
f 13100 12992 3405
f 13100 12993 12992
f 3399 13100 3405
f 13100 2245 12993
f 3189 2245 13100
f 2365 3189 13100
f 3399 2365 13100
f 13101 13102 3225
f 13101 3225 13103
f 13101 12938 13102
f 13101 4002 12938
f 13101 13103 13104
f 13072 13101 13104
f 13072 4002 13101
f 13105 3226 13102
f 13105 3185 3226
f 13105 13102 12937
f 13105 12937 12934
f 13105 13006 3185
f 13105 12934 13006
f 13106 6882 13107
f 13106 6881 6882
f 13108 13106 13107
f 13106 13109 6895
f 13108 13109 13106
f 13106 6895 6881
f 7251 6898 13110
f 6897 6898 7251
f 7251 13110 7252
f 6897 7251 7253
f 12329 6892 13111
f 6897 13111 6892
f 12332 12329 13111
f 7253 7928 13111
f 6897 7253 13111
f 12332 13111 7928
f 13112 13113 13114
f 7515 13114 13113
f 6647 13112 13114
f 7515 7506 13114
f 6647 13114 6181
f 7506 6181 13114
f 12326 7510 12328
f 12326 7513 7510
f 12328 7510 6903
f 7510 13115 6903
f 7512 13115 7510
f 13112 13116 13113
f 13116 13117 13113
f 7512 7515 13113
f 7512 13113 13117
f 2250 2253 3239
f 2250 3239 13118
f 2358 13118 3239
f 2361 2358 3239
f 13075 2255 2252
f 13075 3222 2255
f 13075 13104 3222
f 13075 13071 13104
f 13119 13120 2261
f 12732 13120 13119
f 2261 13120 12022
f 778 13120 12732
f 778 13121 13120
f 13120 13121 12022
f 13122 776 6874
f 13122 6874 2907
f 13122 13121 776
f 12015 12021 13122
f 12021 13121 13122
f 12015 13122 2907
f 13123 2268 13124
f 13123 13124 3125
f 13125 13124 2265
f 2268 2265 13124
f 3128 13124 13125
f 3125 13124 3128
f 13126 2267 13127
f 13126 13127 2273
f 13123 13127 2268
f 13123 2274 13127
f 13127 2267 2268
f 13127 2274 2273
f 2359 13126 2273
f 2359 2360 13126
f 13126 39 2267
f 13126 2360 39
f 2359 2273 2271
f 2359 2271 2355
f 13123 2275 2274
f 13123 13128 2275
f 13123 3125 13128
f 13129 2272 2275
f 13129 2275 13128
f 3272 2272 13129
f 18 13129 13128
f 13055 13129 18
f 3272 13129 13055
f 13130 2905 13131
f 13130 13131 13132
f 13130 2902 2905
f 13130 13133 2902
f 13130 13132 13134
f 13130 13134 13133
f 5243 5239 5238
f 5243 7302 5239
f 7302 6869 5239
f 6869 5151 5239
f 7297 8311 7298
f 7297 5481 8311
f 7297 7300 5478
f 7297 5478 5481
f 5492 5469 13135
f 5492 13135 6868
f 8357 13135 5469
f 8357 5152 13135
f 13135 6870 6868
f 13135 5152 6870
f 13026 9463 9825
f 13026 9464 9463
f 9835 9463 9462
f 9825 9463 9835
f 13136 13125 3157
f 25 13136 3157
f 13136 3127 13125
f 13136 3133 3127
f 25 13095 13136
f 13136 13095 3133
f 3149 2277 2276
f 3149 13137 2277
f 2277 13062 2279
f 158 13062 2277
f 13137 158 2277
f 9458 6910 9489
f 9494 9489 6910
f 9458 9489 9468
f 10086 12442 10117
f 12437 13138 12442
f 10117 12442 13138
f 12436 12437 12442
f 3777 3780 13139
f 3780 155 13139
f 3777 13139 12832
f 3146 12832 13139
f 3144 3146 13139
f 3144 13139 13137
f 13137 13139 155
f 13140 7123 13088
f 13140 3153 7123
f 13140 13088 13141
f 13140 13050 3153
f 13140 3322 13050
f 13140 13141 3322
f 7010 6854 13142
f 7011 7010 13142
f 7010 6857 6854
f 7010 6858 6857
f 4154 13022 13020
f 4155 4154 13020
f 4159 6852 2283
f 4159 6469 6852
f 6852 2284 2283
f 6471 6852 6469
f 12702 10758 13143
f 10757 13143 10758
f 10872 12702 13143
f 12884 10872 13143
f 12884 13143 11346
f 11346 13143 10757
f 13144 9446 13145
f 13144 13145 12225
f 9446 9445 13145
f 9445 10553 13145
f 10553 12148 13145
f 12148 12225 13145
f 9444 9443 12888
f 9444 12888 10576
f 10552 9444 10576
f 9445 9444 10552
f 2296 4234 2297
f 12899 2297 4234
f 9695 2298 2297
f 9695 2297 12899
f 2299 9429 2300
f 2299 9434 9429
f 9696 9434 2299
f 9696 2299 2298
f 13146 8399 12096
f 7647 13146 12096
f 13146 10439 8399
f 7647 7646 13146
f 13146 7646 7652
f 13146 7652 6993
f 13146 6993 10439
f 6851 6958 6960
f 6850 6958 6851
f 13147 6958 6850
f 13147 6622 6958
f 13148 6839 6960
f 13148 6838 6839
f 6962 13148 6960
f 13148 6957 6838
f 6826 6957 13148
f 6826 13148 6962
f 1538 1537 8392
f 1538 8392 13149
f 1538 13149 11089
f 1538 11089 1539
f 12695 7902 13150
f 7899 12695 13150
f 8296 13150 7902
f 8296 13151 13150
f 7899 13150 13151
f 7893 7895 6843
f 7895 7896 13152
f 7895 13152 13153
f 7895 13153 6843
f 8042 12777 8043
f 8042 8039 12777
f 8044 13154 8042
f 8042 13154 8039
f 6617 6996 6618
f 6924 6617 6920
f 6924 6996 6617
f 6617 6620 6920
f 6921 13155 13078
f 6921 6620 13155
f 13081 13078 13155
f 6620 6623 13155
f 13147 6847 13155
f 13081 13155 6847
f 13147 13155 6623
f 13156 13151 8297
f 13156 8297 12088
f 13156 13152 7896
f 13156 7896 13151
f 13156 8040 13152
f 13156 12088 8040
f 12221 7200 7202
f 12221 1859 7200
f 13157 13116 13158
f 13157 13117 13116
f 13157 13159 6901
f 13157 13160 13159
f 13157 13158 13160
f 13157 6901 13115
f 13157 13115 13117
f 4888 10507 13161
f 13161 10507 10508
f 13162 9815 10507
f 4888 13162 10507
f 13163 13110 13109
f 13108 13163 13109
f 13163 13164 13110
f 13165 13166 13163
f 13108 13165 13163
f 13163 13166 13164
f 7247 13167 6795
f 7247 7254 13167
f 13167 6796 6795
f 13167 7254 7252
f 13167 7252 13164
f 13167 13164 13168
f 13167 13168 6796
f 13169 13170 13171
f 13171 13170 4891
f 13169 13171 13172
f 4890 13173 13171
f 13171 13173 13172
f 4890 13171 4891
f 6416 13174 9314
f 9315 9314 13174
f 9315 13174 3525
f 3525 13174 3526
f 13174 6416 6419
f 6419 3526 13174
f 13175 13176 6814
f 13132 13176 13175
f 13176 6813 6814
f 13132 13177 13176
f 13176 13178 6813
f 13177 13178 13176
f 13175 6814 6772
f 6769 13175 6772
f 13132 13175 13134
f 6769 13134 13175
f 13133 13179 13180
f 13179 12771 13180
f 13133 13134 13179
f 6769 13179 13134
f 6769 6763 13179
f 13179 6763 12771
f 2685 13066 13181
f 13066 13064 13181
f 2685 13181 2689
f 2303 13181 13064
f 2303 9391 13181
f 13181 9391 2689
f 10006 9393 13063
f 10004 9393 10006
f 13063 9393 2304
f 10004 2683 9393
f 8616 8618 8641
f 8636 9411 8616
f 8610 8616 9411
f 8636 8616 8641
f 9389 8636 8638
f 8638 2692 9390
f 8638 8639 2692
f 9570 13182 8631
f 9570 9567 13182
f 8631 13182 8635
f 8635 13182 8639
f 13182 2690 2691
f 13182 9567 2690
f 13182 2691 8639
f 9571 8631 8633
f 9571 8633 13183
f 8633 8599 13183
f 8633 8629 8599
f 8844 2679 2678
f 8844 2678 8497
f 8497 2678 10021
f 2678 2680 10021
f 8844 8845 2679
f 6655 13184 13185
f 6654 13184 6655
f 13185 13184 13186
f 13186 13184 13107
f 13187 13107 13184
f 6654 13187 13184
f 13165 13188 13189
f 13187 13189 13188
f 13190 13189 13178
f 6651 13178 13189
f 13189 13190 13165
f 13189 13187 6651
f 6794 13191 13192
f 13177 13192 13191
f 13190 13191 13166
f 13191 13190 13177
f 13166 13191 13168
f 13191 6794 13168
f 13193 7678 13194
f 13193 13194 12769
f 13193 8675 7678
f 13193 12769 8024
f 13193 8024 8030
f 13193 8030 8675
f 6770 6812 13195
f 13195 6812 6818
f 6770 13195 7222
f 13196 13195 6818
f 7219 7222 13195
f 13196 7219 13195
f 9749 9730 13197
f 13198 13197 9730
f 9749 13197 9750
f 9750 13197 13199
f 4014 13199 13197
f 3936 13197 13198
f 4014 13197 3936
f 13200 4007 13201
f 11759 13200 13201
f 13200 9753 13202
f 13200 13202 4007
f 9757 9753 13200
f 11759 9757 13200
f 13201 4007 4010
f 13201 4010 9364
f 13201 9364 9358
f 9361 13201 9358
f 9361 11759 13201
f 4009 9155 13203
f 13203 9155 9154
f 13204 9363 13203
f 13204 13203 9154
f 4010 4009 13203
f 4010 13203 9364
f 9363 9364 13203
f 6759 13205 13206
f 6759 6718 13205
f 13205 12582 13206
f 13207 12582 13205
f 13205 6718 6719
f 13207 13205 6719
f 6756 11710 6757
f 6759 13208 6756
f 6756 13208 7961
f 6756 7961 7960
f 6756 7960 11710
f 13209 763 13210
f 4614 13209 13210
f 6720 763 13209
f 4614 13211 13209
f 6720 13209 13211
f 13207 6719 13212
f 6720 13212 6719
f 13212 13213 7351
f 12583 13212 7351
f 13212 13211 13213
f 6720 13211 13212
f 13207 13212 12583
f 4602 7350 13213
f 4602 4604 7350
f 4602 13213 4615
f 4602 4615 4603
f 13214 6734 6733
f 13214 6733 6983
f 13214 2676 12379
f 13214 12379 13215
f 13214 6983 2676
f 6734 13214 13215
f 13216 6735 12376
f 13216 2316 6735
f 7438 13216 12376
f 13216 13217 2316
f 7438 13217 13216
f 6982 6741 11715
f 6982 11715 1691
f 6982 2675 6983
f 6982 1691 2675
f 1686 11709 11702
f 1686 2310 11709
f 11709 2310 2309
f 11709 2309 11710
f 2311 11701 13218
f 2311 13218 2312
f 11701 2667 13218
f 2312 13218 773
f 773 13218 770
f 770 13218 2667
f 681 4528 4505
f 4528 9181 4505
f 4505 9181 7457
f 4507 4505 7457
f 2313 13217 9179
f 9179 7455 9181
f 9179 7441 7455
f 9179 13217 7441
f 2313 2316 13217
f 6743 6754 6744
f 13219 6744 6754
f 4525 6746 6744
f 4529 6744 13219
f 4525 6744 4529
f 9342 13220 9216
f 9333 13220 9342
f 9216 13220 9214
f 9214 13220 9220
f 9220 13220 10212
f 9333 10212 13220
f 9342 9216 9218
f 9333 9342 9332
f 13221 10222 10216
f 13221 10216 1217
f 13221 12789 10222
f 13221 9806 12789
f 13221 2664 9806
f 13221 1217 2664
f 6258 2326 6259
f 6135 2326 6258
f 6135 6258 6141
f 6141 6258 6256
f 2324 6136 13222
f 2644 13222 6136
f 2324 13222 9326
f 9805 9326 13222
f 9818 13222 2644
f 9805 13222 9818
f 10496 10497 10499
f 6708 2331 2330
f 2587 6714 2588
f 2589 2588 6713
f 13223 8017 13224
f 2345 13224 8017
f 13223 8018 8017
f 2343 2345 8017
f 13223 13224 13225
f 12802 13225 13224
f 13225 12800 6701
f 6716 13225 6701
f 12802 12800 13225
f 6716 13223 13225
f 2345 7196 13224
f 12802 13224 7196
f 2578 2343 8015
f 2578 8015 2579
f 6372 5363 13226
f 5363 13158 13226
f 6372 13226 6368
f 13226 6677 6368
f 13226 13112 6677
f 13226 13116 13112
f 13226 13158 13116
f 13227 6806 6798
f 13228 6806 13227
f 13229 13227 6798
f 13230 13228 13227
f 13229 13230 13227
f 9273 9264 9263
f 6799 9264 13229
f 2170 13229 9264
f 8997 6906 13231
f 9267 13231 6906
f 6904 6906 8997
f 9267 6906 13232
f 13232 6906 6907
f 13232 9270 9266
f 9270 9459 9271
f 6907 9459 9270
f 13232 6907 9270
f 6649 6813 6650
f 6650 6813 13178
f 13178 6651 6650
f 13233 9126 5016
f 4358 9126 13233
f 5086 13233 5016
f 9476 4357 13233
f 9476 13233 5086
f 4358 13233 4357
f 13234 6643 13235
f 9097 13234 13235
f 6643 6644 13235
f 9097 13235 5660
f 5660 13235 6644
f 5657 5545 5544
f 5657 6817 5545
f 6636 6817 5657
f 7215 13196 13236
f 13196 6819 13236
f 7215 13236 7227
f 7227 13236 6636
f 13236 6819 6636
f 9247 9249 9255
f 9377 9247 9255
f 9474 9247 9377
f 5089 9247 9474
f 753 4455 754
f 753 756 6926
f 6621 6618 13237
f 13237 6618 6822
f 6621 13237 6961
f 13237 6822 6821
f 13237 13238 6961
f 13238 13237 6821
f 13239 13240 11508
f 11508 13240 2496
f 13241 13240 13239
f 9578 13240 13241
f 9578 9574 13240
f 2496 13240 9574
f 13241 13242 13243
f 13242 9199 13243
f 13241 13243 9589
f 9592 9589 13243
f 9199 13244 13243
f 13244 9592 13243
f 13239 11507 13245
f 13245 11507 2347
f 13239 13245 13242
f 13245 9197 13242
f 13245 2347 2354
f 13245 2354 9197
f 2351 1202 2352
f 2351 9227 1202
f 2350 9227 2351
f 9933 976 975
f 975 12678 12675
f 977 12678 975
f 9933 975 12675
f 9211 978 13246
f 9211 13246 9198
f 13246 978 13044
f 13246 13044 13247
f 13246 13247 13042
f 9198 13246 13244
f 13244 13246 13042
f 6579 6580 13248
f 6579 13248 6582
f 13248 6580 6574
f 13248 13249 6582
f 13248 6574 13250
f 13248 13250 13249
f 13250 5204 7048
f 7049 7048 5204
f 13250 7048 13249
f 13249 7048 7047
f 11852 8573 8572
f 6590 8574 8573
f 6588 6590 8573
f 6603 8573 11852
f 6588 8573 6603
f 6603 11852 6604
f 2659 2658 6604
f 10853 2816 2820
f 3083 1 3075
f 3083 2 1
f 1 4 3079
f 3089 2 3083
f 3089 3083 3085
f 3089 5 2
f 3090 3089 3085
f 9939 13251 13252
f 9939 13252 9940
f 9939 7139 13251
f 9938 7139 9939
f 3086 3087 3099
f 3092 3086 3099
f 3093 3087 3081
f 7610 10065 10051
f 7610 10051 2613
f 3093 3095 3087
f 3096 3098 3095
f 3110 1193 3102
f 13253 13254 13255
f 13253 13255 4889
f 13253 13256 13254
f 13253 13257 13256
f 13253 13258 13257
f 13253 4889 13258
f 3110 3113 1193
f 3109 3113 3110
f 3113 1197 1193
f 15 17 3124
f 17 13128 3125
f 17 18 13128
f 3126 3131 3124
f 19 15 3117
f 2280 20 19
f 3126 3127 3133
f 7320 7344 7321
f 7321 839 837
f 3141 4616 3134
f 3134 3138 3145
f 7639 4616 3141
f 3148 3149 2276
f 3148 2276 2280
f 7639 3154 4616
f 4616 3154 4617
f 3155 4617 3154
f 3144 13137 3149
f 13259 13088 13089
f 13259 13141 13088
f 3155 3153 13050
f 22 3156 23
f 25 3157 22
f 2266 3162 3156
f 23 3164 26
f 3070 3072 3164
f 26 3166 27
f 3180 3167 3168
f 13169 13260 13170
f 13170 13258 4891
f 13170 13261 13258
f 13170 13260 13261
f 13262 13263 11598
f 13262 7591 13263
f 13262 11598 11597
f 13262 11597 13264
f 7591 13262 13265
f 13262 13264 13265
f 3181 2241 2240
f 3181 3198 3183
f 3184 2243 2241
f 3187 2240 2244
f 3187 3193 2240
f 3189 2244 2245
f 3190 3191 3196
f 3180 3201 3179
f 3203 3208 3179
f 3201 3210 3204
f 2362 2364 3191
f 2365 2362 3189
f 2366 3213 2364
f 2367 3215 2366
f 3213 3210 3211
f 3073 3074 3211
f 3218 3224 3219
f 3224 3198 3200
f 3200 3199 3232
f 3227 3232 3199
f 10147 13266 7606
f 7606 13266 7609
f 13267 13266 7593
f 7593 13266 7596
f 10147 7596 13266
f 13267 7609 13266
f 10400 5740 7578
f 5738 5740 10400
f 5738 10400 13268
f 10401 13268 10400
f 3159 40 3227
f 36 40 3159
f 3228 3159 3227
f 2360 42 39
f 7587 13269 13270
f 7587 7589 13269
f 7587 13270 13271
f 7587 13271 7590
f 2361 42 2360
f 1346 3241 3244
f 1346 1347 3241
f 1344 1346 3109
f 3245 3114 3244
f 1344 3247 1348
f 6536 6540 6538
f 13169 13272 13273
f 13169 13172 13272
f 13169 13273 13260
f 3257 49 48
f 3257 3253 49
f 3257 2230 2233
f 3257 2233 3253
f 3261 3062 55
f 3261 60 3062
f 843 845 7342
f 3259 53 74
f 57 63 3266
f 61 2203 2377
f 13274 13275 9797
f 13274 9797 13276
f 13274 13173 13275
f 13274 13172 13173
f 13274 13276 13277
f 13274 13277 13172
f 3266 2210 67
f 13278 10917 10918
f 2524 7623 10918
f 7623 13279 10918
f 13278 10918 13279
f 6014 6018 9614
f 6014 9614 6024
f 11012 6024 9614
f 12966 12951 11162
f 7822 12968 12966
f 7822 12966 13280
f 13280 12966 11162
f 9797 13275 13281
f 9797 13281 9761
f 9797 9799 13276
f 3272 75 2272
f 11323 7585 11486
f 11323 2509 7585
f 1590 11162 12951
f 13275 13173 13161
f 13275 13161 10508
f 4890 13161 13173
f 4890 4888 13161
f 1535 3280 3279
f 1535 3279 3286
f 3282 3280 3290
f 3281 3283 3287
f 8814 3295 3289
f 2653 3289 3295
f 3296 3295 8814
f 2653 3295 2651
f 8814 3289 3288
f 3286 3289 2653
f 3296 8814 3303
f 6444 6428 6432
f 1575 2650 3309
f 3309 3312 3310
f 1575 2648 2650
f 1575 1530 2648
f 3298 2650 2651
f 3321 3318 3317
f 13259 3318 3321
f 13259 3321 13141
f 13141 3321 3322
f 13259 13090 3318
f 13090 3319 3318
f 3056 3317 87
f 3056 3058 3323
f 3316 3319 13093
f 88 3331 90
f 3331 13096 3333
f 91 90 3329
f 3328 89 91
f 3329 3334 3342
f 3329 3342 3330
f 13039 3334 3335
f 3330 3343 3326
f 12711 13041 3340
f 3324 3323 3349
f 3350 3058 3059
f 3059 3060 3337
f 2196 3350 2195
f 3337 3336 3354
f 3347 3354 3336
f 3360 3354 3355
f 3363 3362 3369
f 3364 3370 3362
f 6531 3369 6534
f 6534 3369 3371
f 3366 3375 3364
f 3375 3380 3376
f 3366 3367 3381
f 3386 3388 3392
f 3389 3393 3388
f 6550 3386 3392
f 6550 3392 6551
f 6551 3392 3394
f 3396 3398 3401
f 3399 3405 3398
f 3409 3413 3396
f 3396 3413 3400
f 3409 3410 3414
f 3413 3415 3400
f 3415 3416 3427
f 3416 3417 3425
f 3417 3414 3431
f 3425 3418 3420
f 3418 3432 3421
f 3428 3420 3422
f 3404 3435 3434
f 3437 3435 3442
f 3406 3405 12992
f 3406 12992 3443
f 3446 3442 3444
f 3439 3437 3447
f 3433 3454 3432
f 3433 3455 3454
f 3433 3431 3455
f 3456 3455 3461
f 2155 3439 2156
f 2156 3467 2158
f 3438 2155 2159
f 3464 2159 2160
f 3465 3464 3468
f 3411 3408 3465
f 3468 2391 2390
f 4228 2392 2391
f 2390 2393 3462
f 2394 3471 2393
f 3411 3463 3410
f 3410 3463 3414
f 3480 3474 3473
f 3474 3482 3476
f 3473 3477 3514
f 3483 3480 3515
f 3496 3488 3489
f 3491 3496 3489
f 3484 3488 3485
f 4902 4807 4599
f 4902 4809 4807
f 12461 4599 4807
f 4806 12461 4807
f 3502 3504 3507
f 3484 3483 3487
f 3483 3515 3519
f 3516 3517 12931
f 3519 12932 3518
f 4837 4847 11470
f 324 320 4847
f 320 4872 4847
f 4872 11470 4847
f 13282 13283 4803
f 13282 4803 4805
f 13282 4805 4850
f 13282 4850 4849
f 13282 13284 13283
f 13282 4849 13284
f 3521 3527 9169
f 3527 3536 9169
f 3525 3524 13285
f 9318 13285 3524
f 843 7352 846
f 13273 13272 13269
f 13272 13286 13269
f 13270 13269 13286
f 13273 13269 7589
f 3537 3533 3534
f 8894 3545 9170
f 3536 3539 9170
f 3551 3588 3548
f 92 94 3554
f 95 3556 94
f 3554 3557 3575
f 7611 13287 7612
f 13287 13288 7612
f 13289 7612 13288
f 7614 7612 13289
f 3567 3569 3560
f 3567 3047 3569
f 3567 3045 3047
f 3563 2119 2123
f 3557 3558 3574
f 3559 12871 3558
f 3573 3574 3577
f 2119 3570 2120
f 13275 10508 13281
f 2120 3578 2122
f 3553 3552 3566
f 3580 12834 3565
f 2408 2409 3553
f 4803 13283 9497
f 3585 3583 3140
f 3583 3591 3140
f 3586 3585 3139
f 3585 3140 3139
f 3587 3046 3042
f 101 3586 102
f 3596 3597 3595
f 6471 3603 3601
f 13142 6485 6486
f 13142 6854 6485
f 3606 13142 6486
f 7011 13142 3606
f 3606 6486 2926
f 7011 3606 3608
f 6486 2925 2926
f 3626 106 108
f 9616 13290 13291
f 9616 13292 13290
f 7621 9616 13291
f 9617 13292 9616
f 107 3612 109
f 6088 7353 7352
f 3612 3613 3617
f 110 109 3618
f 3619 3621 3618
f 108 110 3622
f 2068 3626 3627
f 116 115 3619
f 114 126 115
f 117 116 3617
f 117 3631 112
f 112 3631 12785
f 112 12785 3633
f 4761 4754 4756
f 4849 4756 13284
f 13284 4756 4757
f 4761 4756 4849
f 9497 13283 316
f 317 316 13283
f 315 4864 316
f 9497 316 4864
f 4902 4598 4903
f 4903 4598 331
f 4902 4599 4598
f 327 331 4598
f 114 129 126
f 114 3634 129
f 13271 7597 7598
f 13271 7598 7590
f 13271 13270 7616
f 13271 7616 7597
f 13267 7593 13293
f 13293 7593 7595
f 13267 13293 1756
f 1756 13293 13294
f 13289 13294 13293
f 13289 13293 7595
f 121 141 3637
f 125 3629 126
f 125 128 3641
f 3629 3039 3040
f 129 2057 130
f 129 3634 2057
f 13295 328 4600
f 13295 4600 12795
f 4832 12795 4600
f 4880 13296 13297
f 8746 13296 4880
f 4880 13297 4884
f 3652 3642 3641
f 3656 132 136
f 3654 3035 3037
f 3643 3037 3039
f 135 3642 137
f 3659 138 137
f 4791 13298 13296
f 11892 4791 13296
f 4791 13299 13298
f 4791 4792 13299
f 3668 136 138
f 3668 138 3665
f 13296 13298 13297
f 8746 11892 13296
f 3656 3669 3657
f 13300 10066 10065
f 5993 5984 10066
f 5993 10066 13300
f 142 3657 143
f 3657 3669 143
f 143 3672 144
f 10768 3677 3674
f 3674 3677 3672
f 5665 859 7605
f 5665 13301 859
f 7605 859 858
f 860 859 13301
f 3692 147 149
f 7606 7608 10148
f 10147 7606 10148
f 151 150 3681
f 149 151 3691
f 3685 3691 151
f 954 3703 3682
f 954 956 3703
f 3682 3703 3706
f 3682 3706 3693
f 3693 3709 3694
f 3714 3713 3723
f 6684 3723 3713
f 6684 3713 3686
f 3685 3686 3713
f 6684 3724 3723
f 3715 3714 3725
f 3726 3730 3725
f 3731 3733 3738
f 3731 3748 3734
f 3733 2442 2044
f 13302 7598 7599
f 13302 7590 7598
f 13302 862 13303
f 7592 13302 13303
f 13302 13304 862
f 13302 7599 13304
f 7592 7590 13302
f 3740 3744 3749
f 152 3751 153
f 3780 152 155
f 3751 3781 3752
f 153 3753 156
f 3753 3745 3742
f 3775 157 156
f 3748 3749 3767
f 3748 3767 3755
f 3767 7818 3755
f 3759 3768 3770
f 7592 13305 13263
f 13263 13305 7584
f 13306 13305 13303
f 13306 7586 13305
f 13303 13305 7592
f 13305 7586 7584
f 3744 3746 3768
f 3770 3771 3783
f 3742 3743 3773
f 5790 11488 13307
f 11486 13307 11488
f 5791 5784 11488
f 5790 5791 11488
f 2386 3776 3773
f 3752 3771 3754
f 3746 3745 3754
f 12953 3608 3609
f 12953 3609 3730
f 7011 3608 7012
f 12953 7012 3608
f 3784 3790 3785
f 3784 3787 3799
f 3790 3793 3785
f 3785 3809 3788
f 3800 12972 3801
f 3800 3799 12973
f 12974 12977 12972
f 3801 3794 3791
f 3794 12978 3795
f 12979 12982 12978
f 3796 3795 3810
f 3810 12989 3812
f 3813 3797 3796
f 3793 3797 3805
f 12314 3807 3806
f 12314 3806 3816
f 3809 3802 12713
f 3813 3814 3817
f 3358 3357 3827
f 13298 13299 13308
f 13309 13299 4792
f 13299 13310 13308
f 13309 13310 13299
f 3820 3822 3834
f 3840 3839 3846
f 3846 3847 3850
f 3840 3851 3841
f 3818 3820 3841
f 3818 3841 3851
f 3864 3876 3865
f 3877 3876 8738
f 3863 3865 3869
f 3864 3866 7206
f 3880 7892 3875
f 3877 3879 3875
f 3863 3869 3872
f 2296 3886 4234
f 3872 2238 3886
f 12899 4234 3884
f 3873 2239 2238
f 2144 3888 2145
f 160 3891 3888
f 12918 2146 2145
f 3889 2144 2147
f 3889 2147 12920
f 3890 3889 3899
f 3889 12920 3034
f 3899 3889 3034
f 163 3890 3898
f 163 3898 164
f 3890 3899 3898
f 1967 3901 3900
f 1967 3900 1968
f 12625 1967 1970
f 3901 12167 3903
f 3904 3905 3908
f 3032 3904 3908
f 3032 3031 3904
f 3905 3903 12623
f 3032 3908 3906
f 13298 329 13297
f 13298 13308 329
f 3906 3912 3907
f 3912 3913 3915
f 3907 3916 3895
f 3916 3917 1964
f 1199 1198 9187
f 1199 9187 9186
f 3029 12920 3920
f 3029 3034 12920
f 3029 3920 3919
f 3250 9183 3251
f 9183 9174 9189
f 9183 9176 9174
f 9183 9189 3251
f 1968 3919 1971
f 3491 1972 1971
f 3928 3935 3929
f 3929 3935 9723
f 3935 13198 9723
f 3935 3936 13198
f 3928 3885 2237
f 3941 178 177
f 3941 3943 178
f 3957 3965 3958
f 3978 3958 3965
f 4385 3959 3958
f 4385 3958 3978
f 3960 3966 3957
f 3969 3960 3961
f 3961 3959 3972
f 3970 3969 3973
f 3973 3504 3501
f 3964 3982 3979
f 3983 3985 3982
f 12176 3980 3979
f 7905 7906 8708
f 8710 8708 13311
f 8063 13311 8708
f 7906 8063 8708
f 3992 3991 4087
f 4038 3991 3990
f 10055 4691 4087
f 4088 4087 4691
f 3984 3992 3985
f 3984 3948 3993
f 3948 3947 3993
f 13312 7578 5740
f 851 7578 13312
f 183 3994 3997
f 183 3997 186
f 3995 3999 3994
f 3997 4000 186
f 2221 4000 4001
f 4004 4012 4005
f 4004 13199 4012
f 4004 9751 13199
f 4004 13202 9751
f 4004 4007 13202
f 4012 13199 4014
f 4005 4015 4008
f 4016 4018 4048
f 4016 4048 4022
f 4016 4042 4019
f 4018 4020 2059
f 4048 4023 4022
f 4025 4023 4049
f 4027 4031 4026
f 854 7576 7570
f 854 7570 13313
f 9940 13313 7570
f 7673 4028 4032
f 4053 4032 4033
f 12529 4037 7673
f 4050 2432 4049
f 1949 4025 1950
f 1950 12533 1952
f 4027 1949 1953
f 4046 1953 1954
f 4053 4051 5434
f 5437 1944 1946
f 5669 9867 5676
f 7575 9867 9868
f 7575 13314 9867
f 13314 5676 9867
f 1947 1945 4046
f 1948 1947 9613
f 5171 9613 5173
f 1948 9609 1946
f 4062 4055 4058
f 4061 4069 4066
f 13315 4067 4066
f 13315 9154 4067
f 1191 4057 1190
f 13315 4066 4069
f 13316 4069 4070
f 13316 13315 4069
f 9370 6029 6028
f 6029 13076 6031
f 195 4077 4079
f 195 4079 4081
f 195 4081 196
f 13309 4792 13162
f 4792 4789 13162
f 196 207 198
f 5973 8132 8929
f 8131 6017 8132
f 2456 205 204
f 206 198 207
f 13317 591 13318
f 13317 592 591
f 13317 13318 5989
f 13319 592 13317
f 13319 13317 5987
f 5987 13317 5989
f 13255 13320 13310
f 4887 13255 13310
f 13320 13308 13310
f 4887 13310 13309
f 4092 4115 204
f 4093 8059 4094
f 12474 4095 4096
f 8059 208 4094
f 3019 4094 208
f 3019 208 212
f 13255 13254 13320
f 4887 4889 13255
f 213 211 12478
f 12490 12478 12479
f 219 214 213
f 220 212 214
f 217 219 4099
f 4099 4419 260
f 218 4104 221
f 3022 220 221
f 4104 4107 4105
f 4107 4108 4113
f 4111 4106 4105
f 4090 4106 4092
f 3603 6470 3604
f 6470 4124 3604
f 4123 3605 3604
f 4129 4130 4139
f 3559 5324 5323
f 3559 3556 5324
f 11804 4131 4133
f 11804 4130 4131
f 11804 4133 4142
f 11804 4147 4130
f 4134 3824 3825
f 3821 4144 3825
f 2480 12392 2482
f 2479 11806 2480
f 11473 11806 2479
f 4148 4147 11471
f 10853 10855 11792
f 4160 4162 4188
f 4162 4163 12311
f 4188 12319 4190
f 4160 4191 4164
f 4174 4171 4168
f 4172 4171 4186
f 4174 4177 4187
f 4182 4163 4165
f 4183 4346 4182
f 3015 3016 4165
f 3015 4166 3017
f 13254 330 13320
f 332 13308 13320
f 332 13320 330
f 4207 4184 3012
f 4166 4164 4186
f 4191 4192 4194
f 4192 4190 12297
f 1885 4194 1886
f 4177 4178 4198
f 4178 4179 12265
f 13254 13321 330
f 13256 13321 13254
f 5680 13322 526
f 526 13322 527
f 5680 13323 13322
f 13323 13324 13322
f 13325 527 13322
f 13325 13322 13324
f 4200 12197 4208
f 4218 4225 4219
f 2392 4218 2395
f 4225 4229 4219
f 4225 4226 4243
f 4219 4229 4221
f 4221 4230 4222
f 4223 4222 4232
f 4232 4233 4276
f 4223 2394 2395
f 4267 12241 4268
f 12239 12241 4267
f 3009 12239 4267
f 3009 4267 3010
f 10538 4268 12241
f 5007 10538 12241
f 237 4268 10529
f 10529 4268 10538
f 4898 13256 13326
f 13326 13256 13257
f 4898 13326 4896
f 13326 13327 4896
f 13326 13257 13327
f 3009 4285 12239
f 3008 4285 3009
f 4286 12239 4285
f 223 4243 224
f 4244 223 225
f 224 4246 226
f 4250 4246 4247
f 4251 227 226
f 227 4260 228
f 4255 228 4260
f 4897 4903 331
f 4897 4895 4903
f 4897 331 13321
f 4898 4897 13321
f 7404 8197 7405
f 7404 12432 8197
f 12432 8198 8197
f 4264 4255 4260
f 238 237 10529
f 10527 240 238
f 10527 5094 5091
f 240 4270 241
f 4233 243 242
f 243 3007 239
f 242 241 4273
f 4274 4277 4273
f 4257 4256 4285
f 3008 4257 4285
f 4280 4256 4255
f 4264 4280 4255
f 6121 4213 4210
f 6343 5541 6370
f 6359 10082 6370
f 6343 6370 10082
f 6371 6359 6370
f 1015 6032 1016
f 13328 6032 1015
f 6031 1016 6032
f 6033 6032 13329
f 13329 6032 13328
f 4292 6473 4158
f 6068 4292 4293
f 4298 2020 2017
f 4298 2017 4304
f 4299 4298 4304
f 2017 4301 4304
f 4301 4308 4304
f 5907 1015 1017
f 5907 13328 1015
f 13330 1019 13331
f 1020 13331 1019
f 13330 8386 1019
f 1018 1019 8386
f 4308 2998 4318
f 2998 3000 4318
f 4311 4313 4319
f 4319 3000 3003
f 4313 4314 4320
f 4325 4330 4321
f 4330 4331 4337
f 4325 4326 4329
f 245 2443 248
f 2019 2445 2443
f 248 2446 249
f 3001 249 4338
f 3001 247 249
f 4338 4342 4340
f 4346 4342 4343
f 4336 4337 4340
f 4359 4361 12547
f 12628 4361 4362
f 4380 4359 12547
f 4371 4366 4365
f 4365 4367 4373
f 2997 4366 4371
f 2996 2997 4371
f 2996 4371 4363
f 4376 4368 4366
f 4379 4381 4398
f 4381 4386 4398
f 4388 251 254
f 1855 254 255
f 4388 4390 4394
f 4930 6530 4931
f 4930 4933 6531
f 253 2995 256
f 255 256 1851
f 4363 4374 4362
f 12625 4374 4375
f 331 330 13321
f 4898 13321 13256
f 13162 4789 9815
f 4888 13309 13162
f 4407 4411 4403
f 4411 4412 9135
f 4411 9135 4354
f 4407 4408 4413
f 257 13 14
f 4421 262 261
f 4425 4421 4422
f 262 1827 263
f 4428 4432 3954
f 4428 12122 4432
f 4716 12122 4715
f 4428 12118 12122
f 12122 12118 4715
f 7404 7407 12428
f 7404 12428 12432
f 4426 1824 1827
f 4426 4427 4442
f 4427 4425 4450
f 4449 4450 4452
f 4434 4433 4453
f 4423 4434 4422
f 4452 4453 5447
f 32 4455 4595
f 4473 4479 4466
f 4482 4473 4474
f 4479 4467 4466
f 4464 4467 4480
f 4489 5136 4484
f 4489 4490 4499
f 4489 4499 5139
f 4489 5139 5136
f 4484 5136 11807
f 4484 11807 4483
f 4487 4492 4491
f 4487 4488 4492
f 4492 4312 4494
f 4491 4498 4490
f 4498 4501 4490
f 4516 4509 4510
f 4508 4509 4516
f 4728 4516 4510
f 4728 4510 4512
f 13295 329 328
f 4884 13295 12795
f 13295 13297 329
f 4884 13297 13295
f 680 4528 681
f 680 683 4523
f 4524 683 684
f 4525 4529 4523
f 265 4537 266
f 4537 4538 4543
f 266 4544 268
f 265 269 4531
f 269 270 4532
f 4531 4533 4539
f 11885 4545 4549
f 11885 4566 4545
f 11885 4563 4566
f 4545 4566 2990
f 4549 4550 5270
f 4556 6484 6481
f 6481 4552 4556
f 6484 11627 6200
f 4559 2988 4566
f 2988 2990 4566
f 4584 4561 10313
f 4584 4573 4579
f 4584 10313 4573
f 4584 4579 4581
f 13012 7280 13332
f 13333 13332 7280
f 7281 7280 13012
f 13333 7280 7279
f 4561 4560 10313
f 4573 4572 4579
f 4573 10313 4574
f 4572 4575 4580
f 4581 4582 268
f 271 268 4582
f 271 4586 270
f 4587 4590 4586
f 7331 7328 4596
f 4594 4596 7328
f 9623 13032 13031
f 9623 13031 13029
f 9623 9625 13032
f 9623 13029 9626
f 4931 6530 4929
f 3927 4480 4476
f 3927 4476 3925
f 4829 4830 8707
f 4830 4831 4906
f 4830 4906 8707
f 2820 2821 10815
f 2484 2482 4608
f 2485 4840 2483
f 2485 3926 4840
f 274 273 13210
f 273 4614 13210
f 13334 13335 13336
f 13334 13337 13335
f 13334 13336 13338
f 13339 5780 13334
f 13339 13334 13338
f 13334 5780 13337
f 276 274 6751
f 274 13340 6751
f 274 13210 13340
f 4623 276 6751
f 13340 6749 6751
f 4619 277 276
f 12483 4625 4627
f 4627 4628 12481
f 12480 4627 12481
f 4883 4828 4829
f 4883 4829 5288
f 4829 8707 5288
f 4630 4629 4625
f 4417 4629 4632
f 4630 12489 4633
f 3765 3764 12489
f 12752 4634 4633
f 4462 4460 4637
f 13341 13342 5819
f 13341 5819 7817
f 5818 7817 5819
f 5819 13342 5821
f 4639 6434 6433
f 1662 284 2488
f 4648 4655 282
f 381 354 2980
f 7383 7386 7405
f 7429 7444 7430
f 7442 7429 7432
f 283 4659 4647
f 4665 4664 8693
f 11672 8693 4664
f 4995 357 4975
f 4666 4659 4661
f 2766 11761 2769
f 4669 4686 4690
f 4670 4686 4669
f 10055 4690 4691
f 10055 10059 4690
f 4665 4674 4666
f 4665 8692 4674
f 4665 8693 8692
f 4674 8692 4678
f 4682 286 12174
f 288 12174 286
f 12174 4689 4682
f 288 12173 12174
f 10630 4673 10629
f 4689 12176 4086
f 8358 6397 6400
f 5140 6397 8358
f 8358 6400 6864
f 8358 6864 8355
f 11951 13343 13344
f 11951 13344 11952
f 13343 7749 13344
f 8891 13344 7749
f 13345 11952 13344
f 13345 13344 8891
f 7712 7711 13346
f 7763 7711 7713
f 13346 7711 7763
f 13347 5771 538
f 538 5771 871
f 5772 5771 13347
f 5771 868 871
f 4656 4692 4693
f 1667 11634 4692
f 11635 4692 11634
f 4701 4697 4696
f 2122 4697 2124
f 4698 4703 4696
f 12119 4718 4719
f 12120 4720 4713
f 4723 4713 4720
f 12120 4719 4720
f 4721 4723 4720
f 12120 4713 4715
f 10870 10876 10866
f 10866 10876 10868
f 4704 9005 4702
f 4721 4702 9005
f 9003 9005 4704
f 9006 4721 9005
f 4703 4708 4704
f 4729 13234 4730
f 4729 6643 13234
f 13234 9096 4730
f 9097 9096 13234
f 4730 4734 4519
f 4730 9096 4734
f 4140 11552 9124
f 4137 4140 9124
f 11297 11299 8243
f 11300 11552 11299
f 4868 4869 11297
f 4741 4740 11300
f 4737 11459 4740
f 1618 4741 1619
f 1645 1641 11595
f 8987 8986 9129
f 8986 4350 9137
f 8986 9137 9129
f 8065 8987 8066
f 294 4746 295
f 294 296 4747
f 4746 4748 4751
f 295 4752 297
f 4753 4758 4752
f 297 4754 4760
f 297 4760 298
f 4763 4766 4762
f 298 4767 299
f 13281 9502 9761
f 13281 9786 9502
f 10592 235 9814
f 5210 5206 5199
f 5199 5206 5200
f 1813 7664 1809
f 9497 4864 6392
f 12453 4816 311
f 12453 12461 4806
f 4816 713 4819
f 4816 4818 311
f 713 719 4819
f 4832 310 12602
f 4832 12602 12795
f 5210 5207 5206
f 12461 4601 4599
f 4833 4767 4768
f 4833 4835 4840
f 4836 4768 4766
f 4843 4837 4836
f 4843 4844 4848
f 4837 11470 4838
f 317 13283 13284
f 317 13284 4757
f 4757 4758 318
f 317 4757 318
f 318 4856 319
f 4857 4859 4856
f 319 4860 315
f 1541 4860 1540
f 1540 4860 4861
f 320 322 4866
f 323 4867 322
f 4871 4866 4868
f 8746 11795 11892
f 8746 5287 11795
f 325 324 4848
f 4875 323 325
f 4876 4879 4875
f 4867 1615 1617
f 332 329 13308
f 4887 13309 4888
f 13290 1757 13348
f 13291 13290 13348
f 13290 1759 1757
f 13290 13292 1759
f 337 4879 334
f 338 1615 337
f 1495 10942 1496
f 1495 1498 1505
f 4908 336 4825
f 4908 339 336
f 4909 4910 4912
f 339 4913 338
f 4913 1616 338
f 4917 4916 4921
f 4922 4916 7426
f 7426 4916 4918
f 6421 4921 4923
f 4917 6422 4919
f 4924 4931 4926
f 4931 4929 4926
f 4924 4926 4923
f 4934 4924 4922
f 4934 7427 4935
f 340 342 4936
f 2542 342 343
f 4938 4940 4936
f 340 4941 344
f 9617 6018 6019
f 345 6537 346
f 4942 2534 2533
f 2536 2534 4940
f 4942 2533 6421
f 4954 4945 4950
f 4946 4950 4945
f 4954 4965 4945
f 4964 4945 4965
f 4943 4945 4964
f 4949 4954 4950
f 4954 4956 4965
f 4962 4965 4956
f 7433 7430 7465
f 7611 13349 13287
f 7622 13287 13349
f 13349 7611 13350
f 13279 13349 13350
f 7622 13349 7623
f 7623 13349 13279
f 4943 4964 359
f 358 4943 359
f 358 4947 4943
f 7507 7514 7508
f 7515 7507 7506
f 4973 4972 360
f 1458 4972 1459
f 4973 360 357
f 13291 13348 13287
f 13287 13348 13288
f 7622 13291 13287
f 13348 1757 13294
f 13348 13294 13288
f 4995 4973 357
f 4995 1471 4973
f 2978 2981 4980
f 374 4985 365
f 366 365 4985
f 372 373 4983
f 2536 4983 2539
f 374 372 4985
f 375 4961 379
f 1756 13294 1757
f 4852 5289 5290
f 5140 5142 6397
f 12327 7514 7513
f 4853 4852 5290
f 388 5002 5005
f 388 5005 391
f 390 392 5342
f 9139 11665 9140
f 11665 9139 10182
f 9139 9141 10182
f 5005 5002 5006
f 10537 5006 5002
f 5003 10537 5002
f 391 5008 393
f 5009 5011 5008
f 393 5012 394
f 5020 5019 12087
f 8037 12087 5019
f 5020 12087 5087
f 12087 9251 5087
f 5020 5086 5016
f 5029 5030 5079
f 5026 5022 5032
f 5032 5077 5034
f 5035 5046 5026
f 5027 5026 5046
f 5059 5067 5060
f 5068 5067 5059
f 5068 5059 5062
f 5069 5071 5067
f 5060 5053 5052
f 5054 5053 5072
f 5063 5052 5055
f 7540 7544 7541
f 6966 7544 7540
f 398 5072 399
f 10302 5054 5072
f 398 10302 5072
f 5071 400 399
f 401 400 5076
f 5076 5077 5080
f 5069 5037 5034
f 5084 5080 5079
f 2558 13351 5049
f 2559 13351 2558
f 13351 5050 5049
f 13351 9260 5050
f 2559 9260 13351
f 1761 10065 7610
f 1761 13300 10065
f 407 12270 5091
f 402 409 5092
f 5093 5100 5092
f 5105 405 5095
f 4764 4761 4854
f 4764 4854 8781
f 4854 4853 8781
f 12263 408 5106
f 9091 410 5098
f 9091 411 410
f 5112 415 414
f 5096 413 415
f 414 411 9095
f 10068 5113 5112
f 5107 5105 5115
f 10083 5109 5113
f 13300 1760 5992
f 6019 5992 1760
f 5993 13300 5992
f 5990 5992 6019
f 5131 4499 4502
f 5131 5139 4499
f 5123 4502 4503
f 5125 5126 5134
f 5127 5123 12018
f 5123 4503 12018
f 5786 5788 13352
f 13353 13354 5786
f 5786 13352 13353
f 5789 5786 13354
f 5127 12018 5128
f 4845 4764 8781
f 4845 4763 4764
f 6397 6398 6400
f 6400 6402 6864
f 5140 8360 5144
f 6402 6403 5147
f 5147 6403 13355
f 5149 5147 13355
f 6403 6404 13355
f 420 418 5158
f 5159 5161 5158
f 420 5162 421
f 5162 5163 438
f 421 13356 422
f 421 5164 13356
f 13356 5167 422
f 13356 5216 5167
f 13356 5164 5219
f 13356 5219 5216
f 4845 8781 8706
f 4845 8706 4844
f 5154 419 5169
f 425 424 5169
f 5171 424 426
f 427 425 5168
f 431 427 5168
f 428 432 429
f 5190 5182 9478
f 5182 5184 9478
f 5183 5192 5185
f 5192 5193 5197
f 5185 5176 5175
f 5177 5176 5198
f 5186 5175 5178
f 5191 5200 5189
f 5191 5190 5203
f 5203 7049 5204
f 5212 5208 5207
f 13357 5211 6572
f 5213 5211 13357
f 5212 433 431
f 433 5214 434
f 5214 5213 8703
f 434 8699 432
f 8699 8701 432
f 439 5197 437
f 439 440 5198
f 8004 6978 6979
f 8004 7545 6978
f 441 5221 5226
f 441 5226 440
f 5226 5221 9480
f 5221 1454 10775
f 5221 10775 9480
f 6998 12261 6999
f 12575 6998 7000
f 5226 9480 5227
f 13355 5236 5235
f 5149 13355 5235
f 4876 4877 4906
f 8707 4906 4877
f 5243 5238 5241
f 5241 5242 5245
f 5246 7302 5243
f 5247 6664 5246
f 7302 6867 6869
f 5249 5251 5257
f 5249 6377 5252
f 5258 5251 5253
f 5257 5259 6379
f 6379 5259 12324
f 12324 5259 5263
f 6379 12324 6374
f 6379 6374 6375
f 5261 2565 5260
f 2566 5260 2565
f 5261 2564 2565
f 5261 8202 2564
f 5261 9413 8202
f 5258 9413 5261
f 8199 2562 2564
f 8199 2564 8202
f 2563 5264 2566
f 444 443 5264
f 443 445 5263
f 446 12197 447
f 5273 5272 9118
f 9119 5272 5274
f 8716 9118 8718
f 5275 5273 9132
f 3918 452 453
f 5300 5277 450
f 5281 5278 5293
f 5293 5278 5279
f 5281 5293 13358
f 5293 5292 13358
f 9243 5282 5281
f 9243 5281 13358
f 5301 5295 5294
f 5295 5304 5292
f 5297 5294 5296
f 5296 5279 5277
f 5307 5297 5299
f 5317 5338 5309
f 10062 5338 5317
f 10053 10062 5317
f 10053 5317 5318
f 10062 5340 5338
f 5313 5330 5314
f 5312 5344 5319
f 9087 5319 5344
f 9087 9094 5319
f 5319 9094 5318
f 5576 2965 5606
f 2965 5608 5606
f 5344 4797 4798
f 9087 5344 4798
f 4638 4641 5325
f 5325 4641 5326
f 5325 5328 5337
f 5326 5316 5314
f 5341 5329 5330
f 5001 5341 5340
f 5342 5328 5329
f 4793 4797 5345
f 5350 5345 5346
f 9096 4793 4734
f 5347 5333 5332
f 5315 5316 5333
f 5351 6433 6431
f 5351 6431 5352
f 5252 6366 5254
f 6366 6371 6367
f 5254 6365 5255
f 5665 7605 5666
f 5665 5664 13301
f 4724 5353 4722
f 4722 5353 5355
f 5758 5737 5728
f 864 13304 7600
f 10146 7600 13304
f 864 7600 7604
f 5360 5541 5361
f 6372 5360 5363
f 6343 5542 5541
f 5543 5364 5361
f 5363 5365 13158
f 6372 6368 6367
f 2967 5368 2968
f 5369 5373 5368
f 5374 2969 2968
f 5370 2967 2970
f 2971 5377 2970
f 5370 5378 5371
f 1251 5378 1250
f 5371 2532 2531
f 5380 5374 5375
f 5380 1110 1109
f 5375 1098 1097
f 5382 1109 1111
f 5386 5396 5387
f 5386 5414 5396
f 5386 5389 5414
f 5396 5414 5379
f 5377 5396 5379
f 5387 1129 1130
f 5382 5398 5383
f 5399 5398 5403
f 2973 2969 5383
f 13359 5735 8962
f 5736 8962 5735
f 13360 5733 5735
f 13360 5735 13359
f 7627 5403 5404
f 2973 5401 2972
f 1125 1127 5406
f 1125 5411 1128
f 5414 1248 1247
f 5414 1247 5379
f 1249 1248 5415
f 5379 1247 1250
f 5422 8695 8694
f 5422 8694 5424
f 5437 5422 5423
f 8697 8695 9608
f 8694 8688 5424
f 5425 5426 5435
f 5425 5432 5419
f 8691 5435 5426
f 5427 8685 5426
f 12528 5436 5435
f 12528 5435 8691
f 5423 5419 5432
f 4409 9375 9112
f 5444 9112 9375
f 5442 5444 9375
f 5442 9375 9376
f 4408 4409 9112
f 5444 9113 9112
f 9474 9377 4406
f 1068 5448 1069
f 1069 7916 7917
f 1067 1069 7917
f 4449 1068 1070
f 3292 7628 3290
f 3292 1844 7628
f 7628 1844 1846
f 455 5455 5457
f 5453 5474 5452
f 5456 8351 5458
f 458 5464 460
f 8375 13076 6027
f 8375 13361 13076
f 8375 6027 6026
f 8375 8376 13361
f 11598 13263 7584
f 7592 13263 7591
f 8355 8351 8352
f 5458 8356 5460
f 8356 5468 5460
f 5475 5496 5479
f 5475 5501 5496
f 5475 5482 5501
f 5479 5495 5480
f 8306 5482 5483
f 5482 8306 8332
f 8306 5483 8305
f 8306 8308 8332
f 5501 5482 8332
f 5492 5470 5469
f 5492 6868 5494
f 5470 5466 5465
f 5468 8357 5469
f 8357 5146 5152
f 1499 1496 10943
f 7653 7651 7650
f 7649 7659 7650
f 13306 13303 861
f 13306 861 13362
f 13303 862 861
f 863 13362 861
f 5461 5466 5495
f 6358 10082 6359
f 6344 6343 10082
f 6360 6359 6371
f 6358 6361 10083
f 6344 10068 6345
f 3701 5506 5511
f 3697 5530 5509
f 8201 5528 5529
f 6629 5528 8201
f 5527 2562 5529
f 8199 5529 2562
f 8199 8201 5529
f 8961 13359 8962
f 8961 5688 13363
f 8961 13363 13359
f 8934 13364 8961
f 13364 5688 8961
f 5544 5542 5651
f 5790 13307 13365
f 7585 13307 11486
f 13366 13307 7585
f 13366 13365 13307
f 5549 464 465
f 5551 462 2592
f 13367 13352 5788
f 13367 5788 13365
f 5790 13365 5788
f 467 466 5552
f 5552 5553 5556
f 467 5557 468
f 5558 5561 5557
f 468 5562 465
f 5563 5565 5562
f 8960 8962 5736
f 1404 5567 1403
f 5616 5582 5583
f 5633 11810 5583
f 5616 5583 11810
f 13312 13368 852
f 852 13368 853
f 851 13312 852
f 478 477 5589
f 968 5589 5590
f 506 505 5594
f 480 5597 5599
f 480 5599 481
f 5598 5601 5597
f 13312 5740 5741
f 5602 494 5599
f 5587 479 5604
f 482 5556 486
f 486 5610 487
f 487 5613 488
f 5614 5629 5613
f 856 7117 851
f 496 493 5617
f 5617 5618 5621
f 495 496 5622
f 5604 495 5622
f 5622 5623 5625
f 499 5580 485
f 499 500 1403
f 2955 5807 2952
f 5807 8960 2952
f 5807 5809 8938
f 5807 8938 8960
f 1401 498 5630
f 1401 500 498
f 5630 5631 8083
f 10310 10306 1399
f 10306 10314 1399
f 1399 10314 1402
f 5634 5577 5574
f 2964 5577 2963
f 8121 5633 5634
f 503 502 5565
f 5566 502 504
f 505 503 5598
f 504 507 5638
f 5638 507 5637
f 7922 7914 5639
f 7922 5639 5640
f 512 509 7915
f 7915 7916 7920
f 513 512 5648
f 950 513 5648
f 6011 6012 5920
f 6011 5920 9064
f 6012 5921 5920
f 5920 5923 9064
f 520 521 950
f 521 519 952
f 520 5642 518
f 2498 518 5642
f 5642 5356 5644
f 4796 5658 5650
f 5978 6011 9110
f 6011 9064 9110
f 13369 523 5662
f 525 523 13369
f 5675 13370 13369
f 525 13369 13370
f 5672 13369 5662
f 5675 13369 5672
f 5675 5672 5669
f 5679 13371 13370
f 5682 13370 13371
f 5679 13370 5675
f 5682 528 13370
f 528 525 13370
f 5682 13371 13372
f 13372 13371 5743
f 5679 5744 13371
f 13371 5744 5743
f 13360 13323 13373
f 13373 13323 5684
f 5680 5684 13323
f 13360 13324 13323
f 5690 13374 13325
f 13325 13374 527
f 13363 5690 13325
f 13363 13325 13324
f 2902 13375 2903
f 2903 13375 7677
f 522 13374 13376
f 5689 13376 13374
f 5690 5689 13374
f 522 527 13374
f 13377 13376 5689
f 13354 13376 13377
f 522 13376 6323
f 13354 6323 13376
f 529 5692 530
f 529 532 5714
f 5700 5692 5696
f 530 5701 533
f 5702 5705 5701
f 533 5706 534
f 5707 5709 5706
f 534 5710 532
f 5711 5713 5710
f 5714 5715 6175
f 5716 5722 537
f 540 539 5715
f 539 6175 5715
f 539 5721 6175
f 540 5713 541
f 541 5724 542
f 13347 542 5724
f 5772 5724 5759
f 5759 5724 5725
f 5772 13347 5724
f 13347 538 542
f 543 545 5732
f 13378 5732 545
f 13378 545 546
f 5729 5728 5737
f 5729 5733 5730
f 13373 543 5730
f 13373 5684 543
f 543 5732 5730
f 543 5684 547
f 13360 13373 5733
f 5733 13373 5730
f 548 5683 13379
f 548 13379 549
f 548 547 5683
f 13380 13379 13372
f 13380 13372 5743
f 5682 13372 5683
f 13372 13379 5683
f 13381 13379 13380
f 13381 13380 5742
f 13380 5743 5742
f 5738 13268 13382
f 5738 13382 5742
f 7706 5754 13381
f 7706 13381 5742
f 13381 5754 549
f 13381 549 13379
f 7706 5742 13382
f 7706 13382 7708
f 854 853 7576
f 854 13313 855
f 5731 5732 13378
f 5731 13378 5764
f 5755 13378 546
f 5755 5764 13378
f 550 552 5759
f 5772 5759 552
f 554 550 5728
f 5731 5766 554
f 554 5766 555
f 5731 5764 5766
f 5766 5764 5763
f 5978 9110 5980
f 553 555 5767
f 5768 5773 5767
f 13383 6152 6151
f 6152 13384 6153
f 13383 13385 6152
f 6152 13385 13384
f 5782 5779 5778
f 13383 6151 13386
f 6151 5793 13386
f 6151 5775 5785
f 6151 5785 5793
f 5791 5785 5784
f 13383 13386 5687
f 5687 13386 5691
f 13386 5793 5792
f 13386 5792 5691
f 13377 5689 5691
f 13377 5691 5792
f 5789 13377 5792
f 5789 13354 13377
f 13387 5686 13364
f 5686 5688 13364
f 5687 5686 13387
f 9109 5980 9110
f 9109 5964 5980
f 9109 2941 5964
f 13387 8936 13388
f 8937 13388 8936
f 13387 13364 8936
f 8934 8936 13364
f 13387 13388 13385
f 13385 13388 13384
f 8937 5806 13388
f 5806 13384 13388
f 6153 13389 13342
f 6153 13384 13389
f 13342 13389 5821
f 5806 13389 13384
f 5806 5805 13389
f 5821 13389 5805
f 562 564 5801
f 564 565 5803
f 5801 5804 5809
f 566 562 5707
f 566 5705 567
f 567 5811 568
f 5812 5815 5811
f 568 5816 565
f 5816 5817 5818
f 5821 5805 5803
f 1177 1178 9174
f 1178 9189 9174
f 7719 7718 7737
f 1176 1177 9101
f 5822 5824 5829
f 5825 5822 2618
f 5981 5980 5964
f 5835 5831 7521
f 5849 7427 5845
f 5849 5841 7427
f 5849 5845 5844
f 5849 5851 5841
f 4935 7427 5841
f 13252 13251 13390
f 13252 13391 13313
f 13252 13313 9940
f 13252 13390 13391
f 5852 5844 5847
f 5857 5858 5860
f 7476 5857 5860
f 7476 5860 5861
f 5858 5851 5853
f 5851 5842 5841
f 5852 5862 5853
f 571 5862 573
f 570 5861 571
f 572 7417 570
f 573 5864 574
f 575 574 5869
f 1721 11761 1743
f 13392 2895 7794
f 2898 2895 7803
f 13392 7803 2895
f 5677 5676 13368
f 5677 13368 5741
f 5677 5741 5678
f 2617 2615 4918
f 7422 5869 5867
f 5698 5697 1175
f 5875 5874 9186
f 5873 5697 5695
f 5873 5695 5721
f 9192 5876 5719
f 1196 1200 9192
f 5877 5879 5888
f 5877 5889 5880
f 5891 5879 5881
f 5900 5884 6340
f 5884 5888 5894
f 6340 6299 6295
f 5900 7420 5901
f 6295 6297 6308
f 6310 6297 6298
f 6311 7424 6308
f 579 5927 576
f 5906 576 5927
f 5908 580 577
f 5908 5909 5911
f 580 5912 581
f 5912 5913 5916
f 581 5917 582
f 5917 5918 5924
f 582 5921 579
f 6012 5926 5921
f 5928 6033 5927
f 6033 13329 5927
f 5906 5927 13329
f 5933 5934 5937
f 5938 5934 5935
f 5937 5918 5919
f 5919 5916 5942
f 5941 5942 7093
f 6037 5931 5943
f 584 5946 585
f 5947 584 586
f 5946 5948 5951
f 585 5952 587
f 5953 5955 5952
f 588 587 5956
f 5960 588 5956
f 13393 5956 5957
f 13393 5960 5956
f 5981 5961 5962
f 5981 5964 5961
f 586 589 5965
f 5968 5965 5966
f 5947 5969 5949
f 13394 595 13395
f 13394 13395 5977
f 5970 5977 13395
f 5970 13395 13396
f 594 13395 595
f 594 13396 13395
f 5975 5982 5977
f 13397 595 13394
f 13397 13394 5962
f 13394 5977 5982
f 13394 5982 5962
f 5981 5962 5982
f 13393 13397 5960
f 13393 593 13397
f 13397 593 595
f 13397 5962 5960
f 13393 5957 13398
f 13393 13398 593
f 13399 13318 591
f 13399 591 593
f 13399 13400 13318
f 13401 13318 13400
f 13401 5989 13318
f 13402 592 13319
f 13402 13319 5995
f 13319 5987 5996
f 5995 13319 5996
f 5984 5996 5987
f 5993 5996 5984
f 13403 13402 5995
f 13396 13402 13403
f 594 592 13402
f 594 13402 13396
f 13396 13403 8131
f 6020 8131 13403
f 5994 13403 5995
f 5994 6020 13403
f 597 5997 598
f 597 599 6007
f 597 6007 5998
f 6001 5997 624
f 600 598 5969
f 5968 601 600
f 601 6003 599
f 6003 6004 6006
f 7769 2899 2900
f 13404 5928 5926
f 6013 13404 5926
f 6013 5926 6012
f 8929 13405 13406
f 5973 8929 13406
f 13406 13405 13404
f 5976 5973 13406
f 6013 5976 13406
f 6013 13406 13404
f 7769 7772 879
f 8929 8930 13405
f 6020 6017 8131
f 5970 13396 8131
f 8291 9370 8930
f 9370 6028 8930
f 13076 13361 6031
f 5644 4724 5645
f 5645 4724 9006
f 5644 5353 4724
f 4724 4723 9006
f 737 2918 734
f 6036 6009 6006
f 6041 6008 6009
f 5932 6036 5935
f 6041 6042 6044
f 6050 6054 6051
f 6050 6052 6055
f 6054 6056 7398
f 7402 6054 7398
f 6048 6051 8198
f 6056 6057 7399
f 7402 7398 7395
f 6072 6070 6069
f 6072 6069 6616
f 6074 6072 6079
f 6063 6061 6070
f 6060 6062 6823
f 6075 6074 6077
f 6077 6080 9108
f 6075 6118 6076
f 6091 3649 3648
f 3649 6049 3645
f 6091 3648 7640
f 3648 3647 7640
f 6091 6102 6093
f 6091 7640 6102
f 6096 6093 6102
f 6103 6102 7640
f 6093 6058 6055
f 6082 3645 6095
f 6096 6104 6098
f 5703 5700 6104
f 6099 6098 6106
f 6099 6106 9098
f 5871 5870 6106
f 6100 7399 6057
f 6100 6057 6058
f 6064 6109 6065
f 6064 6117 6109
f 6117 9237 6109
f 6111 6109 9237
f 6112 6062 6065
f 6124 9237 6117
f 6475 6112 6113
f 6475 6113 6476
f 6475 8504 6112
f 6112 8504 6062
f 6129 6134 6139
f 6129 6139 6130
f 2646 6129 2647
f 6135 6141 6134
f 13407 13401 13400
f 13407 13400 13408
f 13399 13409 13400
f 13408 13400 13409
f 1156 6130 1157
f 6145 6156 6146
f 6145 10754 6156
f 6145 6193 10754
f 6145 6149 6193
f 10754 12794 6156
f 2082 12794 10745
f 10745 12794 10754
f 1164 6148 6157
f 1164 1163 6148
f 13410 13411 7128
f 7128 13411 7129
f 13412 13411 13410
f 13412 13408 13411
f 13413 13411 13408
f 13413 7129 13411
f 6162 6164 6676
f 2934 6176 2933
f 6173 2930 613
f 11639 11645 11643
f 6660 6174 6168
f 6660 6168 6169
f 13414 6158 6160
f 6166 6158 13414
f 13414 6160 6632
f 13414 6632 6630
f 13414 6630 8206
f 6166 13414 8206
f 6158 6165 2935
f 6160 5234 6632
f 6182 6181 7506
f 6667 615 6179
f 612 615 6667
f 7461 6665 6680
f 6668 6665 7461
f 6173 5248 5245
f 6174 5247 5248
f 620 2638 621
f 621 6187 622
f 6188 6189 6187
f 10753 6191 6189
f 6150 6192 6149
f 6149 6192 6193
f 1169 1172 617
f 634 6201 13415
f 6201 11630 13415
f 6201 1660 1655
f 6201 1655 11630
f 634 13415 6217
f 6221 6223 13415
f 13415 6223 6217
f 6221 13415 11630
f 7334 7341 7344
f 6199 635 636
f 6214 6220 6216
f 6214 6212 6220
f 647 6207 646
f 647 690 6207
f 6219 6223 6224
f 6219 6217 6223
f 7383 7401 7384
f 6221 11630 6225
f 6226 6232 6224
f 6227 6231 6226
f 6232 6233 6235
f 13416 5958 13417
f 7134 13417 5958
f 7134 5958 5955
f 13416 5957 5958
f 1025 5464 5504
f 1025 460 5464
f 6210 7642 6213
f 7642 6451 6213
f 633 6452 636
f 6453 6478 6452
f 638 6235 639
f 638 640 6216
f 639 6237 641
f 6240 642 641
f 6240 2633 720
f 646 640 643
f 6242 687 645
f 645 687 648
f 6242 6456 687
f 6242 724 725
f 6242 725 6456
f 6461 688 6459
f 689 688 6461
f 647 648 690
f 6243 6260 6244
f 6244 6260 9340
f 6254 6260 6243
f 6260 6261 9340
f 6244 9340 8051
f 6244 8051 6246
f 6247 6250 6243
f 6247 5592 5591
f 6250 6251 6255
f 649 6251 650
f 649 652 6263
f 650 6252 653
f 6252 5591 5586
f 653 6265 654
f 6265 5626 5627
f 6267 655 654
f 7362 6346 6348
f 8587 6346 7362
f 8587 7362 7364
f 6348 6350 6271
f 6350 6272 6271
f 6273 6272 6306
f 6299 6306 6300
f 6299 6273 6306
f 6290 6276 6275
f 6288 6275 6277
f 8426 6278 6276
f 6281 6277 6279
f 6280 6283 6279
f 2640 6281 6284
f 2640 2639 6281
f 6285 658 6284
f 6184 6288 6185
f 6291 9079 6290
f 662 661 1408
f 6300 6304 6301
f 6298 6301 6314
f 6315 6314 6328
f 6316 6312 6310
f 6316 6317 6319
f 6312 6320 6311
f 668 669 7814
f 669 667 6327
f 669 6327 7813
f 7814 669 7813
f 2898 7800 2900
f 668 6083 670
f 668 2599 6083
f 668 7814 2599
f 6083 6082 670
f 6083 2599 2598
f 670 6082 664
f 6324 6317 6325
f 6324 6319 6317
f 6325 6317 6315
f 1983 7813 6327
f 1983 6327 1982
f 6330 6333 6335
f 6331 6330 6335
f 3292 3293 1844
f 673 672 6328
f 1982 672 674
f 6331 675 673
f 676 677 810
f 9535 9545 9531
f 9552 9545 9535
f 9536 9551 9535
f 9551 9552 9535
f 6095 6094 6339
f 6321 6319 6339
f 9549 9556 9550
f 9536 9549 9551
f 1512 2814 1510
f 2813 2814 11030
f 7831 7824 8011
f 5667 5672 5662
f 5673 5667 5666
f 6356 6360 6377
f 6384 6383 6388
f 3532 6384 3534
f 6383 6385 13418
f 7549 6383 13418
f 7550 6390 6388
f 7550 9161 6390
f 7557 7550 7551
f 7550 7564 9161
f 7557 7564 7550
f 9161 6391 6390
f 6393 3529 3523
f 6393 1146 1145
f 5129 5130 5145
f 6404 5236 13355
f 6405 6398 6399
f 6628 6399 6396
f 6628 6407 6399
f 6408 5237 5236
f 2617 4919 2621
f 6423 6425 6422
f 6423 10822 6425
f 6423 10823 10822
f 6423 2537 10823
f 10822 12495 6425
f 12495 6426 6425
f 10822 10824 12495
f 2537 2538 10823
f 6440 6432 6434
f 4459 4456 34
f 4461 4457 4456
f 9990 10648 9991
f 9990 9992 10649
f 685 682 4508
f 684 685 6443
f 6436 6435 6443
f 35 275 278
f 278 277 6441
f 6447 6446 6444
f 4524 6446 4526
f 4622 4526 6446
f 10949 10944 10942
f 2890 7838 2892
f 7838 7880 909
f 4622 6746 4526
f 4525 4526 6746
f 6436 4521 4735
f 4731 5352 4735
f 12123 6459 6458
f 9842 9868 5671
f 691 689 6464
f 9956 9958 12680
f 12352 9959 9956
f 691 6209 690
f 4291 6121 4294
f 7108 6479 6480
f 7109 6480 6478
f 7108 7110 4548
f 5679 5678 5744
f 2923 2925 3602
f 692 694 3688
f 6488 694 695
f 6127 696 692
f 6126 6127 6490
f 696 6108 697
f 12875 12872 12874
f 12872 10957 12859
f 12857 9739 9744
f 9744 1319 12859
f 6126 6490 2929
f 700 6108 701
f 702 2557 700
f 3237 6495 3236
f 6496 6495 4120
f 6495 4123 4120
f 5308 6497 6496
f 706 6230 707
f 706 709 6233
f 13360 13359 13324
f 711 6501 712
f 6503 6506 6501
f 1298 1299 2150
f 2152 1299 1300
f 6503 6504 6507
f 6504 6505 6516
f 6513 6505 6502
f 5688 5690 13363
f 13363 13324 13359
f 6517 6513 6514
f 6518 6521 6516
f 6507 6522 6509
f 10849 13031 10850
f 10849 13029 13031
f 726 3078 725
f 7787 3080 3079
f 13238 6120 6825
f 6825 6962 6961
f 6825 6826 6962
f 13238 6825 6961
f 346 6537 731
f 4933 4935 5840
f 5928 6034 6033
f 13404 6034 5928
f 3313 3298 3299
f 3313 6547 3314
f 3299 3297 6528
f 6545 12959 6547
f 3371 3372 6541
f 6549 6540 6541
f 3372 3373 6550
f 3373 3370 3378
f 3395 12959 3394
f 3395 6547 12959
f 3395 3314 6547
f 12959 6552 3394
f 6551 3394 6552
f 3314 3393 3312
f 6523 6521 6556
f 6523 6556 6559
f 6561 6522 6523
f 6596 6562 6559
f 6563 740 746
f 6575 13357 6572
f 6575 6576 13357
f 13357 6576 8703
f 5213 13357 8703
f 6573 6580 2916
f 6573 6574 6580
f 6577 6600 6576
f 6576 6600 8703
f 13249 12880 6582
f 6583 6582 12880
f 738 736 6586
f 6586 736 6587
f 736 6583 6587
f 6588 6603 6585
f 738 748 739
f 744 3098 745
f 3100 744 743
f 746 745 6570
f 6511 6570 745
f 2635 6510 2636
f 6511 6509 6570
f 9842 5671 7603
f 5673 7603 5671
f 9842 7603 9843
f 6562 6577 6564
f 6028 13405 8930
f 6028 6034 13405
f 751 750 3092
f 752 737 739
f 6606 6608 9037
f 6606 9037 9033
f 6606 9033 9030
f 9024 6609 6607
f 9034 9033 9037
f 757 781 758
f 757 754 4457
f 6407 6624 6408
f 6633 8206 6630
f 6632 5234 5231
f 5242 5233 6161
f 2935 2936 6161
f 6640 6638 6637
f 7225 6638 6640
f 7227 6636 6638
f 5659 6644 6637
f 6164 6167 6675
f 6675 6167 8208
f 6675 8208 5255
f 6675 5255 6365
f 7848 7849 913
f 7848 913 7846
f 7575 7576 13314
f 12634 6661 6662
f 12634 6662 8261
f 6669 6171 6170
f 6169 6171 6671
f 6668 6672 6669
f 6677 6363 6368
f 6647 6677 13112
f 6682 3695 3694
f 6683 6682 6689
f 3684 3695 3686
f 6687 6695 6689
f 13404 13405 6034
f 2333 6701 12800
f 6701 6702 6716
f 2334 2333 12800
f 6704 6703 6706
f 9938 7137 7139
f 7140 13251 7139
f 6704 6711 6702
f 6713 6702 6711
f 760 6723 764
f 764 6722 765
f 766 765 6728
f 6733 6732 6738
f 6741 6738 6739
f 11646 11645 11661
f 768 6739 769
f 770 2671 768
f 771 769 2913
f 772 6725 2306
f 772 2306 773
f 6747 6727 6743
f 6743 6727 6753
f 6743 6753 6754
f 6748 6729 6747
f 6747 6729 6727
f 4624 4623 6748
f 766 6728 6749
f 13219 6754 2319
f 6735 2316 2317
f 2320 13219 2319
f 6757 2309 2307
f 6757 2307 6723
f 6757 11710 2309
f 2306 6725 2307
f 6760 6762 6767
f 6769 6762 6763
f 6770 7222 6767
f 6760 7223 6764
f 6775 6774 6780
f 6774 1072 1071
f 6775 6780 6786
f 6780 6781 6786
f 6776 6775 6785
f 6787 6807 9628
f 6787 6789 6807
f 6790 6792 6872
f 6873 6793 6790
f 13131 6872 6792
f 13131 6792 13192
f 6792 6794 13192
f 13131 2905 6872
f 2905 2906 6872
f 775 6874 776
f 777 6875 775
f 2906 2907 6874
f 778 776 13121
f 2104 8774 6801
f 2104 2100 8774
f 6802 6801 8773
f 6808 2100 6797
f 6798 6806 6797
f 6807 6806 13228
f 6799 13229 6798
f 6652 6810 6649
f 6653 6658 6652
f 6770 6771 6812
f 6771 6772 6814
f 9976 9938 7573
f 13196 6818 6819
f 6655 13185 6656
f 13185 13419 6656
f 13419 5366 6656
f 5364 6656 5366
f 6654 6655 6653
f 13185 13186 13419
f 13420 5365 5366
f 13420 5366 13419
f 13420 13160 5365
f 5365 13160 13158
f 13420 13419 13421
f 13420 13421 13422
f 6883 13421 13419
f 13422 13421 6884
f 6883 6884 13421
f 13420 13422 13160
f 6883 13419 13186
f 6882 13186 13107
f 6883 13186 6882
f 13187 13188 13107
f 13108 13107 13188
f 13108 13188 13165
f 6895 13109 6898
f 6898 13109 13110
f 6122 6120 13238
f 6122 4293 4294
f 13238 6821 6122
f 7141 7137 9976
f 9976 7137 9938
f 6833 6831 6956
f 6831 6838 6956
f 6955 6833 6956
f 6840 6832 6834
f 7893 6843 6840
f 6857 6855 6854
f 6857 2288 6855
f 6855 2288 2284
f 5305 6476 5304
f 6475 6468 8504
f 6861 8355 6864
f 13131 13192 13132
f 2902 13133 13375
f 13192 13177 13132
f 8748 6804 6803
f 9268 6804 8748
f 2103 6804 9268
f 6803 6802 8749
f 8998 13231 8748
f 9268 8748 13231
f 8750 8998 8748
f 8997 13231 8998
f 9267 9268 13231
f 6913 6904 8997
f 6877 6900 6884
f 13422 6884 6900
f 13159 6900 6901
f 13159 13422 6900
f 6885 6888 6902
f 6902 12328 6903
f 6890 7497 6891
f 7497 7234 7233
f 6887 6896 6890
f 12329 6896 6892
f 13423 6908 6909
f 13423 6909 6912
f 9494 6910 6908
f 9494 6908 13423
f 5986 7141 10052
f 5986 5988 7141
f 7141 9976 10052
f 12261 9159 6917
f 6925 6917 9159
f 6919 6917 6925
f 6921 13078 6922
f 6920 6620 6921
f 12204 13078 13081
f 6940 9002 6937
f 6947 6942 6941
f 1392 12698 6955
f 1761 7610 1762
f 6957 6956 6838
f 12955 6984 13017
f 6984 4216 13017
f 4216 4214 13017
f 13017 4214 4215
f 12956 12955 13018
f 6963 6974 6964
f 6980 6974 6973
f 2164 6973 6975
f 6975 6972 13015
f 6980 6973 6986
f 11704 11698 11697
f 471 11703 11704
f 13401 5988 5989
f 6980 6986 12957
f 784 6994 6081
f 786 6079 785
f 6859 6860 7001
f 6859 7001 7004
f 6860 6858 7002
f 7001 6999 7005
f 7004 7006 13022
f 7836 11705 11697
f 13020 13022 7006
f 5695 6175 5721
f 12953 6087 7012
f 7012 6087 7013
f 3376 7015 3377
f 3377 6554 3378
f 7015 7021 7017
f 2140 7017 2138
f 7024 3380 3382
f 7026 3382 3383
f 7023 7024 2717
f 7023 2717 2720
f 7382 2721 2718
f 2720 2722 7030
f 789 788 2138
f 790 2139 788
f 791 789 795
f 798 792 791
f 7032 7029 7031
f 7033 7032 7037
f 7038 12500 7037
f 798 799 12908
f 12908 799 7042
f 12910 12908 7042
f 7055 7050 7043
f 7056 7051 7052
f 7056 7052 7076
f 7058 7057 7063
f 12878 7055 7058
f 12878 7058 7064
f 7063 7075 7062
f 7069 7077 7070
f 2607 10148 7608
f 2607 7608 2613
f 7077 7076 7079
f 7077 7079 8868
f 5914 5911 7083
f 5914 7087 5913
f 7089 7090 7094
f 7090 7099 7094
f 6039 8254 6038
f 7106 6037 5943
f 6153 13342 5777
f 7106 5943 5944
f 13424 806 802
f 13424 802 7113
f 7119 7113 7114
f 7114 7115 7120
f 2607 9843 10148
f 7119 7121 13425
f 7119 13425 7113
f 13424 13426 13427
f 13424 13427 806
f 13424 13425 13426
f 13424 7113 13425
f 13427 13391 13390
f 13427 13426 13391
f 13427 13428 7126
f 13427 7126 806
f 13427 13390 13428
f 804 807 7124
f 806 7126 807
f 7130 804 7124
f 999 7130 7132
f 7700 10402 7698
f 10402 7580 7698
f 7703 7699 7698
f 13383 13387 13385
f 7134 7136 13417
f 13413 13417 7136
f 13416 13417 13409
f 13413 13409 13417
f 5953 7134 5955
f 13413 7136 7129
f 7136 7127 7129
f 13383 5687 13387
f 13410 7128 13428
f 7128 7126 13428
f 7140 13412 13410
f 7140 13410 13429
f 13429 13410 13428
f 7140 13429 13251
f 13390 13251 13429
f 13407 13412 7142
f 13407 13408 13412
f 7140 7142 13412
f 13407 7142 13401
f 13416 13398 5957
f 13416 13409 13398
f 5949 817 819
f 7146 820 818
f 7146 13430 820
f 7143 13430 7146
f 820 7148 821
f 820 13430 7148
f 7148 13430 7151
f 7150 7148 7151
f 821 5948 819
f 7160 7151 13430
f 7152 7151 7160
f 7143 7160 13430
f 7152 7160 7157
f 7164 7171 7165
f 7164 7167 7175
f 7165 7181 7168
f 7187 7184 2112
f 2108 2112 7184
f 7174 829 827
f 7174 7176 829
f 7176 7197 829
f 823 829 7197
f 7188 7190 12814
f 7193 7190 7191
f 7179 7183 7188
f 7179 7188 12812
f 12812 7188 12814
f 7179 12812 2724
f 7187 7191 7186
f 7176 7175 7197
f 12802 7196 7198
f 6045 7241 5998
f 5999 5998 7241
f 5999 7241 7240
f 7209 7240 7210
f 7209 7211 626
f 5999 7240 7209
f 5999 7209 626
f 12338 7224 7230
f 7220 7230 7224
f 12338 7223 7224
f 7220 7224 7218
f 7247 6795 7245
f 7247 7248 7254
f 6795 6793 7245
f 10401 10402 7700
f 7258 7262 12721
f 12726 7262 7263
f 7258 12721 7246
f 12726 7263 12725
f 7273 7261 7268
f 7273 7272 12728
f 7284 7276 12691
f 7276 7282 12691
f 7284 7898 7285
f 11694 11695 11698
f 7287 9257 831
f 9125 9257 9127
f 7288 8727 7287
f 12214 7287 8727
f 7295 6865 7293
f 6865 6867 7293
f 7298 7295 7294
f 7294 7296 7301
f 7290 6664 6663
f 7308 12635 7305
f 7306 7313 7307
f 7312 7307 7313
f 7708 13268 13431
f 10401 13431 13268
f 7708 13382 13268
f 6869 5150 5151
f 6088 6084 7353
f 6084 3727 7353
f 7314 7353 3727
f 3726 3727 6084
f 7319 7318 7323
f 7330 7323 7324
f 836 7324 837
f 7325 836 840
f 840 841 7327
f 7331 7325 7328
f 7334 2728 7341
f 845 847 7335
f 7336 847 848
f 842 839 7339
f 841 842 7346
f 7349 7346 7347
f 7355 7314 6699
f 6698 7355 6699
f 7356 849 846
f 849 7359 848
f 7360 12585 7359
f 6090 7013 6087
f 5896 5892 5891
f 5897 8586 5896
f 8586 7364 5896
f 5800 5795 7094
f 7366 5799 5800
f 7366 12545 5799
f 7366 8992 8946
f 7367 8992 7366
f 7366 8946 12545
f 7372 7374 7407
f 7372 7407 7408
f 7374 7376 12429
f 7378 7384 7379
f 7381 7379 7389
f 7378 7382 7387
f 7701 7709 13431
f 7708 13431 7709
f 7700 7701 13431
f 10401 7700 13431
f 7409 7386 7388
f 7479 7388 7387
f 7408 7409 7411
f 7477 7412 7411
f 7418 7376 7377
f 7413 7412 7417
f 7419 5902 5901
f 7422 5889 5887
f 7418 7420 7424
f 5839 3367 3365
f 7463 7490 7434
f 7490 7456 7434
f 7463 7434 7433
f 7434 7456 7432
f 7490 4514 7456
f 7490 4513 4514
f 7463 7466 7491
f 7439 7440 7442
f 7445 7440 7436
f 7439 7455 7441
f 7446 7445 7448
f 7448 12377 7450
f 7446 7451 7447
f 4515 7456 4514
f 7466 7467 12371
f 7460 7459 7465
f 7469 7462 7460
f 12371 7509 7508
f 7470 7444 7447
f 7469 7470 7472
f 7473 12397 7472
f 7476 7477 7480
f 7480 7481 7483
f 7481 7479 12903
f 7428 7483 3384
f 7488 6642 7485
f 7416 572 575
f 7225 7495 7229
f 12326 12328 7494
f 6889 6891 7496
f 7496 7217 7228
f 6427 6426 7502
f 6427 2619 2621
f 5825 2618 2620
f 7503 5826 5827
f 7701 7695 7709
f 3304 3303 1108
f 7518 5898 5882
f 5881 5882 5898
f 5880 7521 5883
f 5404 5405 7626
f 7525 8181 7527
f 6609 7524 7528
f 6610 6609 7528
f 7535 7534 9039
f 9039 7534 8959
f 9039 8959 6385
f 9039 6385 6381
f 6386 9039 6381
f 6610 7535 6608
f 7538 7539 12207
f 6967 7536 6968
f 12208 6968 7536
f 2891 2893 7855
f 6966 7540 6967
f 8959 13418 6385
f 8958 13418 8959
f 8955 7549 13418
f 8958 8955 13418
f 7552 7549 8955
f 6918 7008 7005
f 8304 7311 10114
f 10115 10114 7311
f 10115 7311 7310
f 8914 8916 8928
f 8914 8928 11625
f 8913 8914 11625
f 13314 13368 5676
f 13312 5741 13368
f 853 13368 13314
f 853 13314 7576
f 9286 9296 9295
f 9286 9282 9296
f 13432 13313 13391
f 13432 855 13313
f 13432 13391 13426
f 856 855 7121
f 13432 7121 855
f 13367 860 13352
f 13367 863 860
f 13367 13365 13362
f 13367 13362 863
f 13306 13362 13366
f 13306 13366 7586
f 862 13304 864
f 10146 13304 7599
f 10147 10146 7596
f 7604 7605 858
f 864 7604 858
f 13354 13353 6323
f 5664 6323 13353
f 13352 13301 13353
f 5664 13353 13301
f 1761 1760 13300
f 1760 1759 13292
f 6019 1760 13292
f 13267 1756 1762
f 13267 1762 7609
f 13289 13288 13294
f 7614 13289 7595
f 7611 7615 13350
f 7622 7621 13291
f 10747 8371 8377
f 9617 6019 13292
f 5994 5990 6020
f 7624 3284 3282
f 7624 7630 1837
f 1839 7624 1837
f 3284 7626 3283
f 2976 2977 7630
f 7637 7632 7631
f 7631 7634 12157
f 12159 1838 7637
f 7632 2977 1833
f 1840 1838 12159
f 1840 12159 13345
f 12159 12160 13345
f 7839 2893 2892
f 1840 13345 8891
f 1844 3293 1845
f 8136 1847 1845
f 1846 1849 7638
f 8757 7638 1849
f 1835 1834 7638
f 8757 1835 7638
f 1848 8757 1849
f 5813 5702 5703
f 5813 6103 5812
f 4779 4776 10827
f 7649 6208 7659
f 7645 7652 7646
f 7656 1814 12111
f 7656 7663 1814
f 7656 12111 7657
f 12111 1814 1815
f 1813 1814 7663
f 7657 12111 12103
f 2526 4779 10827
f 2523 2526 10827
f 6465 7660 6464
f 6463 7664 6465
f 4778 4779 10917
f 2526 10917 4779
f 4778 10917 13278
f 907 7837 7839
f 5773 869 868
f 869 12828 872
f 5717 874 9794
f 871 874 5717
f 9794 9789 9788
f 9794 9788 5716
f 5717 9794 5716
f 7677 13194 7678
f 7677 12770 13194
f 7677 13375 13180
f 7677 13180 12770
f 13194 12770 12769
f 7676 7678 8675
f 13133 13180 13375
f 13180 12771 12770
f 7680 7687 7681
f 7682 7688 7680
f 7693 7687 7689
f 7681 7694 7683
f 7701 7694 7695
f 7683 7699 7684
f 7684 7704 7685
f 7705 8220 7704
f 8240 7682 7685
f 7712 5752 7696
f 7712 5756 5752
f 7712 13346 5756
f 4778 13278 9762
f 9762 13278 9800
f 11951 7720 13343
f 11951 7723 7720
f 7720 7719 7757
f 13343 7757 7752
f 13343 7720 7757
f 13343 7752 7749
f 7757 7756 7752
f 8891 7749 7751
f 7722 7721 7725
f 7726 7721 7723
f 7725 7727 7745
f 7722 7743 7718
f 11968 7740 7743
f 11968 7732 7740
f 7736 7740 7732
f 7746 11968 7743
f 7746 11969 11968
f 7758 7753 7756
f 7753 7752 7756
f 7741 7742 7759
f 7736 7735 7742
f 11965 7760 7759
f 7761 7763 7713
f 7764 7761 7767
f 13346 7763 7716
f 7693 7689 7713
f 9799 13350 7615
f 9799 9800 13350
f 13279 13350 9800
f 5644 5356 5353
f 1754 7771 880
f 7771 7775 2897
f 7795 7775 7776
f 7777 8584 7776
f 11856 7796 7795
f 13392 7794 7781
f 11860 7781 7794
f 11880 7781 7780
f 13392 7781 11880
f 11860 7782 7781
f 11860 7794 7796
f 7782 11859 7785
f 11860 11859 7782
f 7 7788 4
f 7789 7788 7792
f 7773 7 6
f 7793 7773 7772
f 885 883 7793
f 883 882 7792
f 882 884 4438
f 886 885 7800
f 886 7802 887
f 7803 11880 7804
f 13392 11880 7803
f 7804 11882 7805
f 891 678 676
f 894 892 891
f 13433 894 13434
f 13433 892 894
f 894 895 13434
f 13433 7808 892
f 13433 13435 7808
f 13433 13434 12970
f 13433 12970 13435
f 890 893 7806
f 893 892 7808
f 7806 7809 7812
f 890 7813 1983
f 11035 10747 8377
f 13341 7817 7815
f 13341 7815 13337
f 13341 5777 13342
f 13341 13337 5777
f 5818 5817 7817
f 7815 7809 13335
f 7815 13335 13337
f 7809 7810 13335
f 13335 7810 13336
f 7808 13435 7810
f 13336 12969 13338
f 13336 13435 12969
f 13336 7810 13435
f 7822 7820 12968
f 7820 13338 12968
f 12968 13338 12969
f 13339 5778 5780
f 13339 7820 5778
f 13339 13338 7820
f 5780 5777 13337
f 8162 899 901
f 902 8163 901
f 9030 8162 8164
f 8165 9028 8164
f 904 474 11705
f 7836 904 11705
f 909 7884 475
f 909 7880 7884
f 475 7884 472
f 915 11711 7845
f 913 7849 916
f 7849 7851 916
f 7847 7851 7849
f 922 7851 7847
f 922 1697 7851
f 917 7852 11717
f 922 7847 923
f 7847 933 923
f 7856 7837 7834
f 7856 7834 7860
f 7856 7860 7864
f 7856 7864 7857
f 7618 2520 11035
f 7618 2524 2520
f 7618 11035 11012
f 7864 7860 7862
f 1718 7862 11757
f 7865 7858 7857
f 930 7867 7866
f 7866 2774 1703
f 1510 2815 1511
f 7546 7542 7541
f 7870 7869 7867
f 937 935 938
f 937 940 7870
f 938 7855 941
f 941 7858 942
f 7878 943 7876
f 7878 940 943
f 7884 7880 7881
f 7846 945 7881
f 947 7881 945
f 7884 7881 947
f 7898 12695 7899
f 7898 7897 7285
f 12695 7900 7902
f 12693 7903 7900
f 7904 8296 7902
f 7904 7905 8293
f 8296 8297 13151
f 12425 7909 7908
f 12425 12830 7909
f 7908 982 981
f 1513 1511 11014
f 7911 7910 7112
f 12095 7911 7112
f 5267 7112 7910
f 5267 7910 7909
f 7111 12095 7112
f 8011 12830 8010
f 11035 2520 10747
f 7923 5640 5641
f 2935 6165 2934
f 7933 12336 7927
f 7929 7927 12336
f 895 896 12886
f 12886 896 11166
f 12723 7934 7931
f 7938 12723 7931
f 12723 11381 7934
f 7821 7822 13280
f 7947 953 952
f 7954 514 953
f 7947 7954 953
f 13436 511 514
f 7954 13436 514
f 13436 7950 511
f 5641 511 7950
f 4969 4968 6353
f 4969 6353 7923
f 13436 7949 7950
f 7953 7949 13436
f 7953 13436 7954
f 7962 7985 7957
f 7962 7963 7986
f 11161 13280 11162
f 11161 11167 13280
f 7974 7973 7978
f 7973 7975 7994
f 7981 7974 7978
f 7966 7974 13034
f 7981 13034 7974
f 12775 12777 8038
f 8038 12777 8039
f 12775 8038 5021
f 12593 7981 7982
f 12593 13034 7981
f 7990 7982 7983
f 12595 13034 12593
f 7987 7983 7980
f 7987 2731 7983
f 7993 7994 7996
f 7997 7996 11694
f 7556 7555 8002
f 7559 7561 8904
f 7562 8905 7561
f 8906 9166 8904
f 7563 7559 9163
f 7542 8043 7539
f 8008 8175 8012
f 958 5554 956
f 958 5553 5554
f 7823 7821 11167
f 7821 13280 11167
f 5783 7823 11324
f 5783 5782 7823
f 7823 11167 11324
f 964 8018 965
f 8018 6714 965
f 6717 6714 8018
f 13223 6717 8018
f 2587 965 6714
f 2587 966 965
f 2593 966 2587
f 8021 12768 8022
f 8022 7936 8023
f 12769 8021 8024
f 8030 8024 8025
f 5619 8032 5618
f 8033 5623 5621
f 8121 11810 5633
f 11809 5616 11810
f 13366 7585 7586
f 8048 970 8046
f 8046 6248 6246
f 8055 8048 8049
f 5587 5626 5588
f 11055 11049 11048
f 11055 1528 1523
f 8061 7906 7903
f 8061 8063 7906
f 8064 8062 8068
f 698 6492 8072
f 697 6492 698
f 8073 8076 8072
f 8077 8076 8078
f 2584 2585 8077
f 8078 8081 8080
f 5055 5058 8081
f 5629 8080 5631
f 13012 13332 6972
f 8091 13332 13333
f 8091 13015 13332
f 6972 13332 13015
f 13327 11597 11731
f 11597 11599 11731
f 13264 11597 13327
f 8086 7282 7283
f 7281 8087 7283
f 12692 8086 8088
f 8070 8069 12692
f 13011 8087 7281
f 13011 7281 13012
f 4896 13327 11731
f 11676 11731 11599
f 8091 1397 13015
f 8093 7279 7286
f 8093 13333 7279
f 7286 8092 8093
f 8093 8091 13333
f 8033 8034 9050
f 9050 9052 9060
f 8034 8035 9053
f 8100 8099 8110
f 12799 8110 8111
f 1031 1032 8100
f 8101 8112 8099
f 8095 8104 8096
f 8096 8106 6709
f 6708 8096 6709
f 8095 8097 8113
f 8104 8116 8107
f 8117 8113 8112
f 12596 8118 8117
f 11159 2510 2508
f 11159 11083 2510
f 11887 5575 5570
f 8122 8124 8127
f 8124 8125 8128
f 8139 8122 8127
f 8139 8127 2713
f 6876 8122 8129
f 8140 8130 8129
f 8140 8137 8130
f 8130 3593 1577
f 8139 12600 8142
f 8139 2713 12600
f 993 8217 990
f 8217 8219 990
f 8141 8142 12601
f 13281 10508 9786
f 2920 8137 2922
f 8133 8137 2920
f 8144 2921 2922
f 8728 8133 2920
f 8144 8141 12601
f 8144 12601 2921
f 8145 8147 8886
f 8148 8887 8147
f 8886 8591 8592
f 8149 8145 10246
f 10246 8035 8032
f 8149 8160 8150
f 9309 8155 2421
f 9309 9311 9317
f 8171 8166 8156
f 8171 8165 8166
f 902 8167 8163
f 8151 8150 8167
f 8159 8013 8012
f 7832 7831 8013
f 8897 9167 8898
f 8898 11688 10436
f 9167 11688 8898
f 8898 10436 8899
f 9167 8897 9168
f 8178 8176 8174
f 8177 8176 8182
f 8178 8174 8414
f 8178 8414 8410
f 11688 8401 10436
f 9167 9166 11688
f 8403 10436 8401
f 8902 8896 8899
f 8192 985 983
f 7999 986 985
f 8193 8194 8407
f 8193 8407 8905
f 11676 2510 11083
f 6627 6629 8201
f 6627 8201 6634
f 2491 6231 6227
f 8203 8204 8209
f 6633 6634 8203
f 8204 8202 9413
f 11050 11049 11074
f 7705 2738 2739
f 987 7115 991
f 992 991 1494
f 8216 992 1494
f 803 8216 1494
f 8219 2739 990
f 5791 5793 5785
f 1861 12226 8229
f 8220 8221 8233
f 8222 8234 8221
f 8241 8236 8234
f 8241 8234 8222
f 8228 5751 5750
f 5751 8244 5747
f 5751 12218 8244
f 1862 12226 1861
f 8249 996 995
f 7154 995 997
f 996 8215 998
f 8215 2985 998
f 803 2985 8216
f 999 7132 1000
f 997 1000 7155
f 2624 7155 1000
f 2624 1000 7132
f 2624 2627 7155
f 8251 5509 5530
f 8252 8738 7239
f 7242 7210 7240
f 8252 8253 8257
f 8256 8739 8257
f 8256 8254 12542
f 8883 7891 8882
f 7891 7890 8882
f 9317 9311 9312
f 12390 8267 8276
f 12390 12380 8267
f 8267 12380 1001
f 12383 8276 8277
f 12390 12381 12380
f 8273 8277 8272
f 8274 8269 8270
f 1004 8279 8270
f 8288 8275 8274
f 1001 2672 1005
f 1001 12380 2672
f 2672 12380 2674
f 1005 1688 1006
f 1688 1690 1006
f 1688 2675 1691
f 8279 8280 8289
f 8281 8283 8280
f 8281 1690 1694
f 8283 8289 8280
f 8283 12153 8289
f 11726 12153 8283
f 8284 11726 8283
f 8289 12153 8290
f 11726 11727 12153
f 8288 8290 11009
f 8148 8151 8888
f 8888 8943 8890
f 8298 8300 12088
f 8297 8298 12088
f 8304 8309 8305
f 5480 5494 8311
f 5480 8311 5481
f 1011 8313 1008
f 1011 1012 8314
f 8315 8323 8313
f 8328 8322 8324
f 8318 8323 8315
f 11956 8331 8327
f 8329 8625 8624
f 8329 8330 8625
f 7085 8332 8308
f 7084 8308 7097
f 7084 7085 8308
f 7097 8309 7096
f 7085 2571 2567
f 8337 8338 8340
f 8342 8340 8350
f 8338 8339 12103
f 8352 8353 8360
f 8362 8361 8369
f 8370 8361 8363
f 8369 8365 8589
f 8362 2424 8364
f 1020 1016 13361
f 13361 1016 6031
f 1020 13361 8376
f 13330 13331 8380
f 13331 8374 8380
f 13331 8376 8374
f 1020 8376 13331
f 12671 5321 12836
f 8378 8386 13330
f 8378 13330 8380
f 2602 2623 8378
f 8378 2623 8386
f 2606 2602 8378
f 8384 1017 1018
f 8384 8387 8389
f 12290 1557 11143
f 12290 11143 12291
f 3829 3822 3823
f 3857 3823 3824
f 10784 11773 13437
f 12745 10784 13437
f 10784 10785 11773
f 12745 10786 10784
f 1025 5504 5726
f 2622 5726 8387
f 8391 8393 2605
f 459 461 2603
f 10975 13437 13438
f 13438 13437 11773
f 10975 12746 13437
f 12745 13437 12746
f 12094 8398 8395
f 12094 8395 12364
f 12364 8395 8404
f 12096 8399 8398
f 7647 12096 6454
f 6454 12096 6453
f 10439 8400 8399
f 8397 8400 10437
f 8901 8902 10437
f 8483 2350 8482
f 5659 5660 6644
f 13178 13177 13190
f 8473 8456 8451
f 8468 8455 8456
f 8412 984 11592
f 9688 8412 11592
f 986 11592 984
f 9689 9688 11592
f 9872 9870 2838
f 2839 9872 2838
f 8429 8425 8423
f 12490 4418 4419
f 8345 8344 8416
f 8427 8428 8435
f 8427 8435 8817
f 8427 8817 6278
f 8427 6278 8426
f 8435 8436 8440
f 8435 8440 8817
f 8437 8441 8436
f 8442 8817 8440
f 8443 8818 8442
f 8817 6280 6278
f 1114 6285 6286
f 1115 1114 6286
f 1116 8446 1113
f 1030 8450 1028
f 12805 1030 1031
f 1043 8450 1044
f 8473 8451 8452
f 8467 8457 8458
f 8457 8474 8460
f 8468 8469 8455
f 8469 8477 8455
f 8477 8478 8479
f 1037 8484 1038
f 1037 1033 8483
f 8484 8485 8487
f 1038 8453 1039
f 8453 1043 1039
f 8475 8472 8487
f 8475 8489 8474
f 8489 2492 8495
f 8489 8490 2492
f 7181 1042 1044
f 8844 8497 8496
f 8497 10021 8499
f 8496 8500 8831
f 7935 8023 7936
f 1045 1047 5443
f 5441 5443 1047
f 11378 5441 1047
f 11378 12724 5440
f 11378 5440 5441
f 1215 2096 1213
f 1216 9331 1215
f 1048 8023 7935
f 1048 1050 8023
f 8505 8847 8502
f 8505 8502 8511
f 8505 8512 8847
f 1209 8514 8517
f 1210 1209 8521
f 2874 8521 2875
f 1210 8532 1208
f 8530 8529 12394
f 8263 8566 8529
f 12389 12388 12394
f 8525 8530 8526
f 8526 12384 8527
f 6735 13215 12376
f 6735 6734 13215
f 8539 8534 8533
f 2874 2878 8533
f 8539 10932 8534
f 8539 8540 8543
f 10932 8532 8534
f 8540 8535 8542
f 2473 8527 2475
f 8556 2472 2476
f 8550 1059 1058
f 1059 8555 1060
f 6759 13206 13208
f 1058 1061 8552
f 1062 1060 8556
f 1063 8561 1061
f 8561 8562 8564
f 8263 8518 8260
f 7832 8160 7830
f 8581 8576 8569
f 7777 7778 8576
f 8581 8569 8577
f 8581 8577 13439
f 8581 13439 8582
f 8583 8316 8584
f 8583 8582 11854
f 8579 13440 13439
f 8577 8579 13439
f 13441 13439 13440
f 8582 13439 13441
f 11962 8579 8578
f 11962 13440 8579
f 13441 11971 11854
f 13441 13440 11971
f 8582 13441 11854
f 8571 11957 8578
f 11962 8578 11959
f 11962 11963 13440
f 8585 1065 8586
f 6412 9314 7888
f 9314 6412 6416
f 13159 13160 13422
f 2424 8901 8364
f 6924 6614 6996
f 6996 6614 6616
f 8044 13153 13154
f 8044 6845 13153
f 8045 6845 8044
f 9686 7530 9916
f 7530 7527 9916
f 6782 1071 1074
f 1072 8595 1075
f 6777 8595 1072
f 8598 1076 1075
f 1076 8793 1077
f 1076 8630 8793
f 8598 8630 1076
f 8601 8605 1091
f 8605 1090 1091
f 8791 1090 8605
f 8606 8601 8602
f 8606 8770 1081
f 13026 9825 9824
f 9272 9464 13026
f 9273 9272 13026
f 1226 9406 1227
f 9406 8612 1227
f 9407 8611 9406
f 8611 8612 9406
f 8619 8623 8620
f 11956 8611 9407
f 8626 8645 8627
f 3218 13103 3225
f 3222 13103 3218
f 8653 8646 8648
f 8649 8655 8648
f 8650 8646 8662
f 8669 8660 8662
f 8669 8670 8673
f 8663 8660 9453
f 9447 8673 8674
f 8671 3250 3249
f 8656 8657 8671
f 3249 3252 8668
f 3246 3252 3245
f 8029 8675 8030
f 12012 7676 8677
f 9254 9253 8678
f 8679 9254 8678
f 8970 9253 8971
f 8029 8028 8679
f 2878 2879 8538
f 5427 5421 8681
f 8538 2879 8555
f 8710 13311 9130
f 8712 8713 8715
f 8712 8715 8711
f 8715 8717 8966
f 8715 8966 8711
f 2258 2257 8717
f 2258 8718 2259
f 2257 8967 8717
f 2257 12020 8967
f 2260 12020 2257
f 8717 8967 8966
f 8773 8770 8771
f 8723 8725 12208
f 8090 8089 8725
f 8723 12209 8726
f 190 8767 8729
f 8728 8729 8762
f 8767 8753 8766
f 7370 8732 7371
f 7105 7371 8732
f 8743 8731 8734
f 8743 8730 8731
f 7370 8973 8735
f 8973 8949 8950
f 8975 8736 8735
f 8740 3882 3881
f 3883 3882 8742
f 3881 3879 8739
f 8743 8740 12544
f 12544 8730 8743
f 12544 12542 8730
f 8759 8755 8754
f 8759 8766 8755
f 8751 8766 8753
f 6935 8004 6934
f 6935 7545 8004
f 6935 6842 7547
f 6935 7547 7545
f 8758 8763 8772
f 8777 8802 8778
f 8808 8802 8777
f 7729 8808 8777
f 7727 7729 8777
f 8785 8778 8802
f 8803 8802 8808
f 7546 7547 6844
f 7546 6844 8045
f 8791 1074 1077
f 8784 8799 8789
f 8795 8620 8623
f 8796 8795 8623
f 8796 8623 8625
f 8645 8644 8799
f 8793 8801 8794
f 8787 8794 8801
f 8630 8801 8793
f 8627 8801 8630
f 8794 8787 8786
f 7728 8808 7729
f 8804 1086 8803
f 8810 1086 8804
f 8786 8785 1088
f 8811 8604 8603
f 6842 6844 7547
f 4300 12687 4297
f 12687 13041 4297
f 4297 13041 12711
f 1098 5373 1093
f 3304 5385 3305
f 1104 1103 1476
f 1105 3288 3287
f 1117 1115 8818
f 8819 1116 1117
f 8819 1117 8861
f 8819 8861 8839
f 8823 8830 8824
f 8823 8826 8831
f 8824 1118 1121
f 8837 8830 8832
f 9907 12945 9906
f 12947 12945 12944
f 9906 12945 12947
f 8501 8833 8500
f 8501 8502 8847
f 8502 8503 8511
f 8513 8822 8848
f 8513 8848 8512
f 8513 8447 8446
f 8447 8508 8448
f 8838 8861 8857
f 8839 8861 8838
f 8857 8854 8853
f 8443 8444 8854
f 8858 8853 8855
f 7053 7046 8864
f 12935 3499 3518
f 8869 8866 8871
f 8871 5178 5180
f 8869 5417 5416
f 8873 5415 5417
f 5416 5389 5390
f 8870 5390 5391
f 1131 8876 1132
f 7753 1131 1128
f 8879 8876 8877
f 1132 5391 1130
f 8870 5391 8880
f 8589 8365 8591
f 8883 8884 8887
f 8883 7889 7891
f 1841 5412 5409
f 1842 1841 5409
f 5412 7751 5411
f 11138 2805 2804
f 8154 3542 3546
f 7368 7099 7100
f 8909 8908 9666
f 11610 8908 8910
f 8921 8909 9666
f 8911 8909 8919
f 8911 8919 8918
f 8917 8918 8924
f 8927 8932 11670
f 11647 8932 8933
f 8927 11670 1894
f 8926 8928 8916
f 11625 8928 1136
f 12900 3932 9724
f 12900 11943 3932
f 12900 9724 1312
f 12900 1312 12856
f 9724 3932 3931
f 8944 900 9040
f 7885 7887 6409
f 7885 6409 6412
f 7885 6412 7888
f 7887 7889 8890
f 9040 13442 8944
f 13442 9040 9042
f 8944 13442 6413
f 8944 6413 6410
f 8956 7530 9686
f 8956 7531 7530
f 8001 8003 8952
f 2880 2877 8524
f 8003 7555 7554
f 7554 7551 7552
f 7529 7531 8957
f 7937 7255 7249
f 12013 8970 8969
f 12013 12014 12012
f 8969 8972 12020
f 8967 8972 8303
f 8967 12020 8972
f 8972 8302 8303
f 8734 8736 8744
f 8978 8975 10961
f 10961 8975 8976
f 8981 8978 10961
f 8979 8745 8744
f 8742 8745 8982
f 8981 4058 4059
f 8064 8984 8065
f 835 8984 833
f 11544 5357 5451
f 5449 11544 5451
f 11544 5355 5357
f 5449 11542 11544
f 4714 11544 11542
f 8992 8947 8946
f 8992 8993 8947
f 12545 8946 8949
f 8994 8991 10113
f 11665 10182 11667
f 13250 6574 5202
f 8752 8995 8750
f 193 8999 8995
f 6913 9000 6914
f 6928 6914 9000
f 6929 6914 6928
f 6808 6809 9009
f 6781 9009 6809
f 6781 6809 6786
f 6789 6786 6809
f 6783 9009 6781
f 1083 9009 6783
f 1083 6783 1084
f 6783 6782 1084
f 9012 9016 9010
f 10183 9018 9016
f 9019 9014 9010
f 9025 9024 9029
f 8722 8727 7288
f 12214 8727 8726
f 9032 9034 9038
f 1140 9043 9038
f 1143 1141 6386
f 8285 8286 11711
f 8285 11711 11723
f 13443 13442 9042
f 13443 9042 9043
f 1140 1144 9043
f 1143 6387 1145
f 1144 1146 6418
f 1144 6418 13443
f 1144 13443 9043
f 13443 6418 6414
f 6414 6418 6415
f 9045 9054 9046
f 9053 9047 9046
f 9045 9048 9056
f 6993 7652 6992
f 7651 6991 6992
f 6268 6269 9060
f 6268 9062 6267
f 5627 5625 6269
f 9062 9085 9071
f 9062 9063 9085
f 9085 9070 9071
f 6267 9062 9071
f 6267 9071 655
f 9049 9066 9048
f 9049 8594 8593
f 9067 8419 9068
f 9067 8420 8419
f 2867 2870 9068
f 8420 8343 8345
f 1154 6131 1156
f 1154 6157 6131
f 9075 1158 9070
f 1155 1158 9075
f 1158 1157 6144
f 1159 6150 1163
f 10403 10414 10406
f 1166 9077 1162
f 9322 9338 5519
f 9322 9323 9339
f 9080 8430 8431
f 9079 8431 8429
f 9080 9082 8430
f 652 655 9071
f 6140 6263 6144
f 1170 6291 1171
f 1171 6184 1172
f 3757 3755 7818
f 5653 10069 9089
f 9090 9089 9095
f 6345 10069 5652
f 5653 5652 10069
f 9087 9090 9094
f 9094 9093 5318
f 12519 9098 9100
f 6080 6081 9103
f 9104 5335 5337
f 9103 9104 9106
f 5444 5438 9113
f 12725 12728 12724
f 13119 2261 2262
f 12733 13119 2262
f 12732 13119 12733
f 2261 12022 2260
f 2262 2259 9120
f 12733 2262 9120
f 9097 5660 5658
f 8070 8719 8068
f 8063 8066 13311
f 9130 13311 8066
f 8102 12660 8101
f 9136 9129 9137
f 5276 4412 4414
f 4415 4413 9115
f 9136 9131 9129
f 5275 9132 9131
f 3762 3765 12486
f 9142 9140 11499
f 11500 11499 9140
f 3873 3871 9145
f 3873 9145 13444
f 9145 9146 13445
f 9145 13445 13444
f 3873 13444 2239
f 3880 3883 9147
f 9149 9146 9147
f 2239 3937 2237
f 2239 13444 3937
f 13446 3937 13444
f 13446 3938 3937
f 3939 4014 3936
f 13446 13445 9151
f 13446 13444 13445
f 4015 13446 9151
f 4015 3938 13446
f 9146 9151 13445
f 13447 9156 9155
f 1187 9156 13447
f 1190 9156 1187
f 4009 13447 9155
f 9152 13447 4008
f 4009 4008 13447
f 1187 13447 9152
f 1187 9152 1188
f 9149 1189 1188
f 1189 8982 1192
f 4059 1191 1192
f 7564 7563 9161
f 7557 7558 7564
f 3538 3537 6391
f 3538 9164 3539
f 9168 9164 9163
f 9188 3251 9189
f 12738 9114 7271
f 7275 12738 7271
f 12738 9115 9114
f 7275 12736 12738
f 1197 3116 1198
f 8284 8285 11723
f 9194 9201 9195
f 9201 1205 1206
f 9196 9195 9203
f 2353 9194 9197
f 9208 9204 9205
f 2864 9205 2863
f 9209 9208 9213
f 9216 9214 9215
f 2864 2865 9215
f 9214 9220 9213
f 9220 10212 9222
f 1202 1205 2352
f 7567 1973 3492
f 3492 1973 1972
f 1207 1204 2860
f 2863 1206 1207
f 6124 9235 9237
f 9243 13358 9240
f 9240 13358 9241
f 2806 11096 2803
f 5282 9244 5283
f 5305 4122 4124
f 13358 5292 9241
f 9250 9256 9249
f 9995 11766 9999
f 9986 9979 9982
f 9982 7942 9986
f 9378 9377 9255
f 9125 9126 4352
f 4352 9126 4358
f 12210 5018 9127
f 12213 12209 12207
f 9258 5308 5307
f 9258 6497 5308
f 5299 5045 5044
f 11094 11096 11093
f 2559 702 705
f 9267 13232 9266
f 9273 9263 9272
f 2552 9276 2551
f 9276 9278 9281
f 2551 9276 9281
f 9282 9278 9279
f 9640 2551 9281
f 9283 9640 9281
f 9277 11576 9279
f 9277 10706 11576
f 9289 9288 9300
f 9288 9290 9305
f 9306 9301 9300
f 9285 9286 9295
f 9298 9292 9291
f 9302 9301 11650
f 9303 9302 11648
f 11097 2806 2807
f 13285 9317 9312
f 13285 9318 9317
f 9315 13285 9312
f 8301 8971 9256
f 5516 9319 9324
f 5520 5519 9338
f 2094 2116 5517
f 12508 9177 9178
f 9177 9100 9101
f 6259 2326 2325
f 6135 2327 2326
f 9335 2322 9325
f 2661 9325 2662
f 2662 9326 2663
f 9338 9329 9328
f 6261 9329 9340
f 5520 9338 9328
f 8050 8051 9340
f 9332 2097 2096
f 2094 2097 2113
f 9218 2115 2113
f 9344 11721 4240
f 4237 4240 11721
f 4238 9366 4241
f 4239 9354 9345
f 4071 9354 4070
f 13316 4070 9353
f 4071 4072 8564
f 9366 9357 9362
f 13204 9369 9362
f 13204 9362 9363
f 9367 9360 9359
f 9368 9348 9349
f 12588 7337 12587
f 7336 12587 7337
f 12586 12588 12587
f 9369 13316 9353
f 9369 13448 13316
f 13316 13448 13315
f 13204 13448 9369
f 13204 9154 13448
f 9373 12324 5263
f 9373 5263 445
f 6373 10123 6357
f 6373 12322 10123
f 5255 8210 5253
f 5255 8208 8210
f 9380 9386 9381
f 9386 8845 8842
f 9382 9381 9396
f 9387 9380 9383
f 2303 1219 9391
f 1223 1221 9394
f 9387 9394 2682
f 9410 1224 1223
f 1228 9410 1231
f 1222 1224 9389
f 12592 7991 2732
f 2733 12592 2732
f 9387 2682 2681
f 12588 12592 7337
f 2733 7337 12592
f 9384 9382 9400
f 7783 9402 9400
f 1229 9384 1230
f 9383 1229 1231
f 1226 1230 9403
f 9408 9403 9404
f 13442 6414 6413
f 13443 6414 13442
f 9315 3525 13285
f 9415 5533 5532
f 7204 2289 13449
f 13449 2289 2292
f 7204 13449 7202
f 12221 7202 13449
f 12221 13449 12223
f 13449 2292 12223
f 9458 9459 6910
f 6907 6910 9459
f 7203 1237 1236
f 9423 1236 1238
f 1237 628 1234
f 7213 7208 7236
f 9650 6940 6943
f 7235 3866 3867
f 2301 2302 3867
f 2302 7235 3867
f 2290 9423 9437
f 2290 9437 2293
f 9438 2293 9437
f 9429 9425 2300
f 1235 7213 9425
f 9426 9429 9434
f 9696 9433 9434
f 9438 9435 9442
f 9435 9436 9442
f 2292 2294 9446
f 9447 9449 9454
f 3246 3243 8674
f 9458 9468 9460
f 9460 9467 9457
f 10118 9833 9832
f 10117 9833 10118
f 10118 9832 13083
f 10118 13083 10119
f 9833 13138 9834
f 10117 13138 9833
f 9832 9462 9465
f 9832 9465 13083
f 9466 13083 9465
f 9466 9467 9472
f 7319 7014 7013
f 5088 9473 9476
f 5086 5088 9476
f 5088 5089 9474
f 5184 8864 9478
f 1243 1244 5227
f 5177 1244 1242
f 1241 1245 9483
f 1465 9483 1245
f 9484 9483 1472
f 1465 1472 9483
f 9481 8873 8874
f 5179 8874 5180
f 1252 1249 9484
f 1251 1252 9486
f 9486 9487 3720
f 9492 9968 9493
f 9492 9495 13450
f 9492 13450 9968
f 9499 9493 9968
f 13450 9495 13087
f 9974 13450 13087
f 9974 9967 13450
f 13450 9967 9968
f 9974 13087 9975
f 12961 9975 13087
f 13250 5202 5204
f 6776 9511 6778
f 9511 9512 9513
f 9525 9517 9516
f 9518 9517 9529
f 9526 9530 9525
f 9529 9531 9545
f 9514 9531 9532
f 9546 9545 9552
f 9547 9520 9518
f 9546 9552 9540
f 9546 9540 9542
f 9546 9542 9547
f 9693 9695 12899
f 2298 9695 9696
f 9538 9550 12417
f 9538 12417 9539
f 9554 12417 9550
f 9555 10296 9554
f 9561 9563 12278
f 9561 12278 9562
f 13028 9563 9564
f 9556 9562 9557
f 9558 9557 12277
f 6785 6788 9564
f 9514 9532 9506
f 9566 9533 9530
f 9570 9566 9567
f 8698 8697 8701
f 1254 9577 1255
f 1255 9580 1257
f 9580 9581 9585
f 12537 12533 2435
f 9581 1264 1263
f 2178 2180 1261
f 9584 1272 1271
f 9595 1273 1272
f 9595 1291 1273
f 9643 9647 9644
f 12964 6931 9644
f 1278 9588 9596
f 1275 1278 9596
f 10220 10219 10229
f 10232 10219 10221
f 1285 2859 1286
f 1285 9601 2859
f 1285 1287 9601
f 1280 1286 2859
f 1280 1277 1286
f 1284 1286 1277
f 1284 1277 2188
f 1287 9600 9601
f 9601 9600 9603
f 9838 9836 9834
f 9838 9834 12438
f 13138 12438 9834
f 1291 9603 1293
f 4624 6746 4622
f 9539 12418 9541
f 12439 12441 10087
f 12436 12441 12434
f 9611 9608 9609
f 426 429 9611
f 9622 9627 13228
f 13230 9622 13228
f 6807 13228 9627
f 13230 2171 9622
f 2170 2171 13230
f 9621 9627 9622
f 9630 9620 12757
f 11137 2809 2805
f 9625 12760 13032
f 353 9631 9638
f 350 9631 353
f 9641 2851 9642
f 2850 9642 2851
f 2854 9643 2850
f 1298 2150 2854
f 10078 12522 10076
f 1296 2853 9652
f 9653 9652 9651
f 9652 2853 9651
f 9676 9651 9650
f 12940 9654 9653
f 10539 11993 10542
f 11993 11994 11998
f 9663 9664 9667
f 9663 9667 11611
f 9664 9658 9668
f 9668 9671 9669
f 9671 9672 11554
f 8921 9669 8922
f 1305 1308 9675
f 12926 6952 6953
f 12926 12928 6952
f 12927 12928 12926
f 6952 12928 1303
f 9677 6952 1303
f 9705 9706 9700
f 9700 9706 9692
f 9706 9702 12891
f 9706 12891 9692
f 1303 12928 1304
f 9677 1303 1305
f 1304 9453 1306
f 9684 9454 9449
f 1307 9681 1308
f 9681 9685 9682
f 9680 9682 10196
f 9184 9178 9176
f 9697 9698 9691
f 9697 9693 9713
f 9714 9713 11943
f 9705 9709 9707
f 9709 9710 12851
f 9715 9714 12855
f 9715 12855 9717
f 9711 9699 9715
f 9711 9718 9710
f 1310 9725 9727
f 1310 9727 1311
f 1312 9724 1310
f 9728 9725 9723
f 2846 1313 1311
f 2132 1314 1313
f 9749 9731 9730
f 9728 13198 9730
f 9750 13199 9751
f 9749 9737 9731
f 1323 1325 9737
f 11056 11920 11057
f 11060 11057 11920
f 2131 2130 12854
f 9742 12854 2130
f 1316 9734 1320
f 1326 9738 1325
f 9752 1327 1323
f 9752 9753 9757
f 1328 1327 9758
f 1330 1336 2848
f 1336 2849 2848
f 1330 2848 2847
f 12362 12360 12354
f 12360 11280 11278
f 1339 1343 1333
f 1329 1338 1326
f 1340 1329 1328
f 1341 1340 9767
f 9769 9775 9770
f 9780 9775 9776
f 9770 5121 9772
f 5122 9772 5121
f 5474 9772 5473
f 9780 5134 5126
f 9782 5133 5134
f 9782 5138 5133
f 9782 9783 5138
f 5119 5129 5144
f 2447 2445 3807
f 5716 9788 5722
f 9791 9789 9795
f 9790 3104 1196
f 10364 10362 9795
f 10364 9795 9796
f 9791 3103 3104
f 10364 10363 10362
f 10364 9796 10366
f 12018 4503 4504
f 5128 8251 5130
f 9816 9802 9801
f 9809 9802 9816
f 12788 9802 9809
f 9804 9802 12788
f 9805 9818 9801
f 9809 9816 9820
f 9819 9820 9816
f 9807 9809 9820
f 9810 12788 9809
f 9811 9807 9822
f 9812 12779 9810
f 2083 2642 2079
f 2642 9818 2644
f 9819 2083 2084
f 9823 2084 2085
f 9825 9835 9827
f 11659 12288 11657
f 12290 12288 11145
f 9829 9830 9839
f 9829 13451 12755
f 9829 12755 9828
f 9829 9839 13451
f 9827 9836 9830
f 9840 9838 13452
f 13452 9838 12438
f 9840 13452 12744
f 12435 12744 13452
f 12435 13452 12438
f 9841 9840 9855
f 9840 12744 9855
f 12755 13451 12756
f 12755 12757 9828
f 13451 9848 12756
f 13451 9854 9848
f 13451 9839 9854
f 9847 12756 9848
f 9849 9848 9854
f 9839 9841 9854
f 11209 12282 11207
f 12286 12282 12283
f 10279 10294 10280
f 9856 9860 11489
f 11812 11489 9860
f 11812 9860 11376
f 9860 9861 11376
f 11490 11489 11812
f 2868 9077 2869
f 2868 2867 9082
f 9866 9865 11483
f 11483 11475 11321
f 11483 11321 11322
f 9865 11475 11483
f 9859 9866 11485
f 2024 3247 2025
f 9870 2024 2027
f 11995 12366 12700
f 11995 12700 11996
f 2841 9875 9913
f 2840 2841 9913
f 10541 2087 2091
f 9876 2014 2012
f 11136 11137 1550
f 1349 1348 9871
f 2839 9871 9872
f 9892 1350 1349
f 2028 9896 2027
f 9896 9882 9881
f 2028 2029 9898
f 2836 9881 9877
f 12182 11337 11336
f 10432 12182 10433
f 9892 9893 9906
f 9904 9893 9894
f 9907 9908 10202
f 9909 9914 9908
f 9894 2839 2840
f 9947 1355 1351
f 9928 9923 9927
f 2835 9922 2834
f 9927 2186 9930
f 9928 9931 9954
f 1989 9935 1990
f 9935 2829 9941
f 1992 1990 12656
f 1989 1993 9936
f 2829 2831 9941
f 9941 9943 12652
f 2831 2833 9944
f 9955 9944 2833
f 9944 9962 9945
f 12347 9945 9962
f 12347 9962 9963
f 12347 9946 9945
f 9937 9936 9948
f 9926 2832 9937
f 9950 9947 9948
f 1997 9950 9951
f 9955 9954 9960
f 9960 9959 9964
f 2826 9966 2828
f 9974 9966 9967
f 11918 4395 4394
f 9973 9971 12606
f 12309 9982 9983
f 12309 7942 9982
f 9980 9988 9985
f 9988 9987 9992
f 9985 1363 1362
f 9993 1363 9985
f 12151 12146 10557
f 12151 12144 12146
f 12151 12152 12144
f 1361 10000 1975
f 2342 10003 8493
f 10003 10004 10006
f 2342 8493 2339
f 2338 10050 10020
f 2341 10021 2680
f 4445 7519 7520
f 4445 7520 4443
f 11232 11242 11233
f 11228 11232 11229
f 10016 1370 10014
f 10024 1369 1371
f 10024 1371 10017
f 7647 6454 6451
f 10036 12573 10050
f 10036 10038 12573
f 10321 12573 10038
f 10321 10318 12573
f 10020 8503 8499
f 725 3078 6456
f 10024 1375 1369
f 10026 10031 1375
f 2090 11991 1487
f 10032 10040 10035
f 10032 10034 10009
f 10010 8492 10022
f 10023 1374 10045
f 10045 10046 10049
f 9349 9350 11717
f 10037 10039 12238
f 5103 5100 10534
f 5103 10534 10061
f 5102 10062 10053
f 11358 11338 11337
f 10053 5318 9093
f 10063 5340 10062
f 5001 5340 10063
f 2870 2871 9056
f 11352 11353 11949
f 11339 11353 11354
f 11339 11340 11353
f 11949 11353 11340
f 10079 1939 2735
f 11340 11338 11356
f 8937 5804 5806
f 10120 10089 10088
f 12439 10087 13453
f 10090 13453 10087
f 10101 12439 13453
f 12471 13453 10090
f 10103 13453 12471
f 10103 10101 13453
f 10101 10102 12439
f 10098 10102 10097
f 10096 10110 10092
f 10096 10105 10110
f 10092 10110 1378
f 1381 10092 1378
f 10090 10091 12469
f 10089 12468 10091
f 12469 11231 11230
f 11238 11252 11239
f 10109 10110 10105
f 10109 10105 11240
f 11559 10106 11560
f 2872 9057 2871
f 12630 10120 10119
f 6357 10121 6361
f 10123 10121 6357
f 11949 11340 11356
f 5107 10124 5108
f 10126 10129 10135
f 10129 10136 10135
f 10137 10143 10134
f 10126 10142 10155
f 10126 10155 10127
f 10165 10143 10137
f 10165 10137 12418
f 12418 10137 9541
f 10137 9543 9541
f 11375 11812 11376
f 10793 11813 11375
f 10155 10142 10150
f 10151 10157 10150
f 10141 10144 10152
f 10152 10172 10153
f 10145 10143 10165
f 10166 10169 10162
f 1441 11522 11910
f 1441 11910 10582
f 10164 10170 10173
f 10171 12413 10170
f 10172 10173 12064
f 11549 10174 11546
f 10184 10182 9141
f 10184 11549 10185
f 10205 10199 10201
f 10205 10201 10189
f 10199 10195 10194
f 11490 11812 11814
f 10193 10202 10194
f 9680 10196 10197
f 1122 8859 13454
f 11889 13454 8859
f 11889 8859 8858
f 12221 1863 1859
f 10208 10214 10209
f 10208 9334 9331
f 10215 10217 10214
f 5485 10211 10209
f 1389 1390 5489
f 11883 1121 1123
f 11882 11883 1123
f 10229 10233 10230
f 1391 10230 10233
f 10237 10233 10234
f 1391 1389 10230
f 1385 10238 10244
f 10216 10222 10215
f 10216 1216 1217
f 12789 10223 10222
f 11800 8593 8368
f 8592 8594 9047
f 7945 10248 10266
f 7941 10248 7945
f 10263 10266 10248
f 10263 10248 10249
f 7945 10266 10254
f 12609 10251 10250
f 12609 10250 12308
f 10255 10254 10265
f 1122 13454 1124
f 10258 10260 10259
f 10258 10207 10206
f 10260 1492 1491
f 10252 1904 10259
f 10252 10259 10249
f 10265 10267 11987
f 10267 11988 11987
f 10999 10255 10265
f 3918 3915 10271
f 5041 10271 5047
f 5027 3911 5028
f 12152 10440 10442
f 10443 12180 10442
f 5050 5044 5042
f 10288 10274 10273
f 10296 10273 10276
f 10288 10282 10283
f 10169 10277 12295
f 10283 10280 10289
f 9555 9559 10282
f 10289 10291 10287
f 5064 5063 8073
f 8074 5062 5064
f 5056 5054 10302
f 5056 10303 5057
f 10304 10302 398
f 10303 4576 10309
f 4577 4576 10303
f 10303 10309 5057
f 8084 5057 10309
f 10310 10312 10309
f 8084 10309 10312
f 5058 5057 8084
f 10306 4569 10314
f 1402 5571 1404
f 5571 4567 4565
f 10322 10319 12234
f 10320 12234 10319
f 1410 10316 10319
f 12233 10322 12234
f 12235 12234 10320
f 11257 10349 12233
f 1411 10323 10326
f 8448 1405 6294
f 10341 10338 10331
f 10333 10341 10331
f 10334 10332 10348
f 10327 663 662
f 1412 663 10327
f 10328 10329 10346
f 1867 1414 1412
f 10345 10329 10326
f 7269 7274 7268
f 290 11878 291
f 10363 10351 10354
f 4694 290 289
f 10374 10357 10356
f 10367 10374 10356
f 10367 10366 10376
f 10380 11570 10381
f 10380 10387 11570
f 10387 11535 11570
f 12789 9806 9804
f 11571 10383 10381
f 11531 10387 10386
f 1984 10900 10386
f 10390 10394 10391
f 10392 10397 10390
f 11536 10389 10391
f 10398 10397 12273
f 10398 12273 9293
f 9293 12273 9290
f 10398 9293 11583
f 10398 11583 10399
f 10411 10405 7765
f 10405 7714 7765
f 7765 7764 10407
f 2740 10415 10414
f 2744 10434 2745
f 10378 2743 10377
f 10417 1419 1418
f 1420 1419 10419
f 1421 10427 1418
f 10417 10905 10420
f 7767 1422 1420
f 1422 7690 1421
f 10422 10425 10419
f 10423 10432 10421
f 10431 10434 10410
f 10059 10058 11673
f 11800 8368 11801
f 10447 10449 10456
f 12217 10449 10450
f 10445 10444 10456
f 10457 10451 10447
f 2750 10444 2748
f 10463 10465 12135
f 10463 10452 10453
f 12135 10465 12140
f 10454 10452 12139
f 2749 2748 10440
f 10559 10566 2749
f 2751 2749 10566
f 10460 2753 2752
f 10460 2752 10565
f 10460 10457 2753
f 10459 10453 10451
f 10466 10459 10461
f 1910 10468 1911
f 10470 10468 10481
f 1911 10471 1912
f 1913 10475 1910
f 1914 10476 1913
f 10477 10482 10475
f 1424 10481 1425
f 1426 10484 1424
f 1425 10482 1427
f 10488 1428 1427
f 1430 13455 1431
f 1430 10491 13455
f 1431 10494 1434
f 1431 13455 10494
f 12079 10495 10494
f 12079 10494 12061
f 10494 13455 12061
f 10496 1435 1434
f 1435 10502 1436
f 12062 12079 12061
f 10495 1788 1790
f 12078 1791 1788
f 1790 1792 10497
f 1792 1793 10505
f 10511 10490 10489
f 10488 10490 10513
f 10489 10477 10479
f 10506 10511 10504
f 10514 10506 10505
f 12084 10515 10514
f 10515 10517 10513
f 10520 10478 10476
f 10510 10479 10478
f 10520 12409 10522
f 12409 10525 10522
f 10151 10525 12409
f 10157 12409 10159
f 10151 12409 10157
f 10523 10522 10525
f 10154 10525 10151
f 10501 10523 10502
f 5093 5094 10530
f 10533 10530 10531
f 5093 10534 5100
f 11333 11793 11792
f 11333 11334 11793
f 11793 11334 10667
f 11793 10667 10668
f 10533 10537 10535
f 10064 10535 10537
f 10064 10537 5003
f 10064 10061 10535
f 5001 10063 5003
f 10064 5003 10063
f 11995 10539 10541
f 9063 2872 2873
f 10544 11999 10547
f 10547 11999 12000
f 10546 11978 10550
f 10546 10549 11978
f 10544 10542 11999
f 12001 12008 12000
f 392 394 9106
f 2042 2043 10555
f 1773 2043 1772
f 10556 10555 10570
f 10557 2039 2042
f 10558 10566 10559
f 10561 10566 10558
f 9755 11740 9766
f 9755 9766 9758
f 10562 10567 10561
f 1774 1770 11923
f 1770 10574 11923
f 1773 1775 10571
f 10567 10578 10568
f 10579 10578 10581
f 12747 12753 12748
f 1443 1440 10563
f 10556 10570 10563
f 10572 10571 10584
f 10585 10590 10584
f 9108 5012 5013
f 5013 5014 10646
f 6125 5013 10646
f 12341 10597 10598
f 10640 10597 12341
f 12341 10598 11826
f 10608 10598 10599
f 12340 10640 12341
f 10596 10606 10599
f 10617 10600 10606
f 10617 10601 10600
f 10610 10613 10619
f 10613 11841 10621
f 10613 10614 11841
f 10625 10619 10622
f 10618 10619 10625
f 10622 10623 10627
f 10628 10629 10632
f 10612 10634 10615
f 10614 10615 10635
f 10636 10634 10641
f 12340 10642 10640
f 10642 11849 10641
f 9811 11849 9813
f 5009 10643 5011
f 4286 4287 10643
f 9284 9285 9303
f 9284 9303 11648
f 11567 10383 11571
f 11531 11533 11536
f 10650 10649 10675
f 10659 10651 10655
f 10648 10651 10659
f 10655 10656 10658
f 4551 4548 7110
f 10665 10661 10660
f 10660 10658 10664
f 10662 10661 11772
f 11771 11772 10661
f 10665 11771 10661
f 10680 10679 11779
f 10679 10656 10654
f 10666 10664 10681
f 10673 10672 10676
f 10673 10676 11787
f 11788 10676 10677
f 12280 10849 10848
f 9076 2873 2869
f 10690 11512 10692
f 10690 11513 11512
f 10690 10691 11513
f 10839 10842 10837
f 1626 2553 9633
f 9633 9634 10692
f 1623 2553 1626
f 10697 12434 10695
f 10698 12435 10697
f 1634 11910 11522
f 9628 6807 9627
f 10696 10700 10797
f 10703 10797 10700
f 10703 10704 10798
f 8491 8480 11505
f 8485 8480 8491
f 10702 1381 1382
f 10709 10712 10710
f 10711 10719 10709
f 10712 10720 10714
f 10710 10715 1630
f 11520 10715 10716
f 10721 10724 10720
f 10714 10725 10717
f 13456 10735 10732
f 13456 1448 10735
f 10730 13456 10732
f 13456 1449 1448
f 13456 10749 1449
f 10730 10749 13456
f 10733 10732 10737
f 1864 10738 12247
f 1864 10340 10738
f 10736 12247 10738
f 10733 10737 12243
f 10736 10740 12247
f 10744 1446 1445
f 10743 1445 1447
f 10744 10741 1446
f 11470 11469 4838
f 11840 10749 10730
f 11840 10637 10749
f 10741 10753 10740
f 11347 10757 10756
f 10371 10370 10756
f 1453 5163 5161
f 1455 1451 10765
f 1451 10762 10765
f 1456 1455 10764
f 10770 10764 10766
f 1456 10771 1457
f 10774 10771 10772
f 4947 1458 1461
f 11668 9015 11500
f 11668 9013 9015
f 11667 9013 11668
f 1459 10772 1462
f 10770 1463 1462
f 1463 10777 1464
f 10777 4951 1464
f 4995 1469 1471
f 10635 10637 11840
f 10788 11813 10781
f 10788 10802 11813
f 10793 10781 11813
f 10797 10789 10783
f 11341 11354 11355
f 11682 10796 10798
f 1478 1475 4994
f 4938 366 4985
f 2542 367 366
f 7488 7491 7487
f 12761 10809 10808
f 10808 10810 12760
f 10809 10811 10804
f 9847 12762 12758
f 10968 10813 10811
f 2822 10814 2821
f 2822 13025 10814
f 10825 10820 10817
f 4991 10817 10820
f 4992 10817 4991
f 10825 10817 10818
f 2539 10820 2538
f 2794 2796 11185
f 11180 2797 2794
f 11207 11213 11208
f 4990 2457 4992
f 10824 12463 12495
f 11204 11186 11185
f 7491 12327 7487
f 10839 10829 10840
f 10829 10833 10840
f 10834 12950 10833
f 10846 12277 10848
f 10836 10850 10851
f 10807 10852 10851
f 13023 11803 11784
f 10834 13023 12950
f 11785 11784 11803
f 10815 10813 10856
f 10969 10857 10856
f 10857 12071 10855
f 11328 12071 11330
f 10872 10871 12702
f 10863 10862 10869
f 10873 10872 12884
f 10870 10873 10877
f 10881 10877 11348
f 1480 10877 10881
f 10882 11946 10883
f 1484 4783 1482
f 4783 4784 10887
f 1485 10878 1484
f 10884 1485 1483
f 10884 10885 11940
f 10869 10868 10888
f 10890 10888 10887
f 10890 10891 10896
f 12191 10375 10377
f 12191 10379 10375
f 11363 11364 12191
f 11364 10379 12191
f 9142 10178 9143
f 10178 11504 10179
f 11927 10903 10902
f 10903 10423 10420
f 10907 10902 10904
f 11361 11358 11927
f 10904 10905 10908
f 10907 10909 11304
f 10912 10923 2006
f 10912 10913 10921
f 2005 10914 2006
f 2006 10923 2007
f 10915 10914 11846
f 12231 2008 2007
f 12231 2007 10925
f 12231 10925 10928
f 10923 10925 2007
f 4811 4815 4810
f 10624 10913 10916
f 10624 10916 10623
f 10924 10922 10926
f 10924 10925 10923
f 10924 10926 10925
f 8545 8948 8543
f 8545 8546 8950
f 10939 10938 1504
f 10939 1504 1506
f 1978 10939 1506
f 1978 2452 10939
f 10940 10952 10938
f 10945 13457 10943
f 1499 10943 13457
f 10945 12667 13457
f 12668 1499 13457
f 12668 13457 12666
f 13457 12667 12666
f 10945 10946 4997
f 10945 4997 12669
f 10945 12669 12667
f 12668 1500 1499
f 12668 12666 12643
f 12876 5430 10948
f 5428 10946 10944
f 10952 10950 10949
f 1508 1498 1502
f 1507 1508 12641
f 1979 1507 12641
f 1979 12641 12424
f 10385 12424 12641
f 8544 8553 8547
f 4062 8554 4065
f 11072 11070 11077
f 11077 11078 12415
f 8547 8976 8546
f 11163 4811 4813
f 10968 10963 10964
f 9845 9850 10965
f 10966 10970 10964
f 10966 10965 10973
f 10970 10983 10969
f 10976 10973 10974
f 12885 13434 895
f 12885 895 12886
f 10974 13438 10980
f 10974 10975 13438
f 10980 13438 11773
f 10984 11456 12578
f 10984 12578 10983
f 11453 12578 11456
f 4072 4063 4064
f 8552 4064 4065
f 10843 10987 10844
f 10985 11780 11782
f 10985 11782 10988
f 10987 10989 10991
f 10844 10992 10845
f 10992 10993 11982
f 10994 11983 10993
f 10293 10294 11982
f 10988 11004 10989
f 11990 11979 11983
f 10995 11001 10994
f 10998 10995 10991
f 13434 12952 12970
f 12885 12952 13434
f 8560 2476 2477
f 8275 8560 2477
f 8275 2477 2478
f 11007 8562 8559
f 11008 11011 11007
f 9346 11011 11008
f 9345 11011 9346
f 12156 9346 11008
f 11009 12156 11008
f 12156 9347 9346
f 11015 11014 11032
f 12004 11032 11033
f 11016 11015 12001
f 12510 11030 1931
f 11020 2813 11030
f 12510 11020 11030
f 12510 1931 1932
f 12510 11021 11020
f 12072 11022 11021
f 11026 1933 1929
f 11026 1512 1514
f 1933 10891 1934
f 11028 1514 1515
f 1513 11017 1515
f 11017 11018 12003
f 1881 1882 5393
f 11037 5393 11034
f 1883 1881 12068
f 1882 1877 2811
f 1877 11033 2811
f 11024 11023 11040
f 11034 11024 11040
f 11041 11040 11023
f 1518 1517 4751
f 1519 4753 1517
f 9783 1520 1518
f 9776 1521 1520
f 1519 1522 4857
f 6901 6903 13115
f 4841 296 299
f 11045 4611 11046
f 11045 11043 4749
f 11046 11807 5136
f 11048 11051 11056
f 11051 10587 10586
f 1527 1528 11058
f 11061 1527 11058
f 1529 1527 11065
f 12867 11065 11066
f 11050 11070 11052
f 11053 11052 11071
f 11244 11243 11770
f 2760 1747 1746
f 2451 1526 10937
f 7617 13277 13276
f 7617 13276 7615
f 9799 7615 13276
f 13272 13277 13286
f 13172 13277 13272
f 13270 13286 7616
f 13265 13260 13273
f 13265 13273 7589
f 7591 13265 7589
f 13257 13258 13261
f 13257 13261 13327
f 7212 7211 7208
f 8392 1537 8391
f 13149 8392 8381
f 8382 10779 13149
f 8382 13149 8381
f 11089 13149 10779
f 8383 10779 8382
f 4772 1539 11089
f 1542 4773 1541
f 11122 11092 11090
f 4671 11122 11090
f 1548 1547 11093
f 11098 1549 1548
f 11103 11104 11098
f 11105 11108 11104
f 11097 11103 11098
f 1560 11146 11102
f 11106 11197 11105
f 11119 11117 11092
f 11094 11092 11117
f 11122 11119 11092
f 11125 11116 11117
f 11125 11117 11119
f 1555 1554 11128
f 1553 11141 1554
f 11128 10519 10517
f 1556 1555 11130
f 11136 1565 11150
f 11141 1806 1807
f 12290 11145 1557
f 11150 1567 1561
f 1565 1567 11150
f 1563 11151 11144
f 11140 11115 1803
f 11140 1803 1806
f 11085 1591 1588
f 11115 11116 11156
f 11115 11156 1803
f 11156 1804 1803
f 11157 1805 1804
f 1582 4819 1583
f 1582 1584 4821
f 4819 719 1583
f 4910 4821 1584
f 12969 13435 12970
f 6763 6766 12771
f 1592 1594 11171
f 11171 1594 11174
f 11177 11174 1594
f 11177 1594 1595
f 11171 11174 11172
f 1596 1592 11168
f 11177 1746 1745
f 11177 1745 11174
f 1745 1748 11174
f 1749 11175 1748
f 11178 11180 11187
f 11178 11187 1873
f 11187 1874 1873
f 11178 1873 12274
f 11181 11178 12274
f 11176 11175 11190
f 2799 11176 2798
f 11190 11195 11191
f 11108 11195 11110
f 11192 11191 11196
f 11199 11196 11197
f 11200 11193 11192
f 11200 11201 11205
f 2796 2798 11193
f 11204 11205 11210
f 11204 11210 11214
f 11204 11214 11186
f 11210 11208 11214
f 11214 11222 11186
f 11215 11222 11214
f 11216 11183 11182
f 2801 2797 11183
f 11181 12658 11182
f 11217 11216 12646
f 11217 12646 11219
f 11188 11186 11222
f 11188 1875 1874
f 1876 1875 11223
f 11235 11252 11236
f 11246 11235 11233
f 11253 12044 11239
f 12044 11240 11239
f 11254 12045 11253
f 11248 11254 11246
f 11255 11263 11256
f 11255 11257 11261
f 11288 11258 11256
f 1612 11265 1613
f 11271 1611 1608
f 11277 1612 1611
f 11278 11271 11273
f 11279 11289 11277
f 11288 11289 11291
f 2004 11279 11280
f 2502 5646 11294
f 9007 11294 5646
f 4739 1618 1616
f 1619 4869 1617
f 11302 10909 10910
f 11302 12143 11303
f 10079 10910 10080
f 11934 11303 12143
f 8170 8186 8185
f 11319 11321 11475
f 9865 11476 11475
f 11325 11250 11249
f 11250 11327 11248
f 11249 11242 11245
f 11332 11328 11325
f 6321 12430 6322
f 11363 12185 11362
f 1045 8026 1049
f 8026 11366 8028
f 1049 8025 1050
f 10793 11372 10794
f 11391 11395 11386
f 12141 11386 11395
f 12141 11387 11386
f 11391 11397 11395
f 12141 11395 11394
f 12141 11394 11447
f 11404 11410 11405
f 11404 11400 11409
f 11413 11410 11411
f 11405 11414 11406
f 11415 11413 11438
f 11437 11415 11438
f 11416 11415 11437
f 11750 11416 11437
f 11750 11437 11439
f 11750 11938 11416
f 11938 11417 11416
f 11393 11421 11392
f 11422 11898 11900
f 11422 11900 11906
f 10691 10685 11430
f 11729 11424 11420
f 11431 11441 11435
f 11441 2791 2792
f 11435 9673 9660
f 9661 11435 9660
f 11424 11443 11425
f 2792 2793 11425
f 9673 11443 9672
f 11448 11444 11934
f 11448 11445 11444
f 11445 11398 2789
f 11316 11447 11448
f 11451 11453 11456
f 4744 9007 9003
f 10167 10276 10166
f 11461 11562 11462
f 11556 11462 11562
f 11504 11556 11562
f 11504 11562 10179
f 11463 11462 11558
f 11563 11461 11464
f 13458 11563 11464
f 13458 11464 11680
f 11464 11465 11674
f 11464 11674 11680
f 11547 11563 13458
f 11547 13458 11681
f 13458 11680 11681
f 9862 11547 11681
f 4149 4148 4873
f 4871 4149 4873
f 11471 11473 11469
f 9021 11320 12445
f 11320 9021 9020
f 12446 12448 12445
f 9018 11322 9020
f 9014 9019 12449
f 11490 11478 11476
f 11490 11814 11478
f 11479 11478 10801
f 10801 11478 11814
f 11495 11556 11496
f 11497 11559 11495
f 11504 11496 11556
f 2347 11507 11505
f 1769 11904 1768
f 1634 11516 11910
f 1633 11516 1634
f 1632 10707 11517
f 10708 11520 10706
f 1633 1632 11517
f 10711 1631 11525
f 9149 9151 9146
f 10900 10899 11529
f 11529 11528 11533
f 4716 4714 11542
f 9862 11681 9861
f 11485 10183 10185
f 4709 11459 4708
f 9636 11555 10686
f 11555 11554 10686
f 10686 11554 10687
f 9636 9635 11555
f 8922 9635 349
f 12449 11502 9014
f 11587 11574 11572
f 9297 11579 9298
f 11579 11580 11582
f 11583 9293 9292
f 11583 11584 10399
f 11587 11584 11582
f 11578 10717 11580
f 11578 10716 10717
f 10726 11574 10725
f 10726 10727 11568
f 10727 10724 11589
f 10810 13032 12760
f 11601 1637 1639
f 11601 1639 2757
f 1653 1640 1638
f 1653 1638 1654
f 1653 1784 1640
f 1645 11595 11602
f 11602 11603 11606
f 12516 11618 1647
f 12516 11745 11618
f 11619 11618 11745
f 1646 12516 1647
f 12516 11746 11745
f 11612 11611 11610
f 11615 11611 11612
f 2785 11619 11617
f 11619 11745 11623
f 8939 11614 8940
f 8910 8912 11614
f 8913 11625 8912
f 2822 2819 13025
f 11627 6198 6200
f 2799 2800 11172
f 1658 11632 1668
f 1668 11632 1669
f 4535 11633 4533
f 1667 1669 11634
f 4677 1676 1675
f 1675 1674 4647
f 1676 6514 1673
f 1392 8092 12698
f 9283 9639 9640
f 8925 11643 8924
f 11651 11655 11652
f 11650 11656 11651
f 11657 11663 11655
f 11653 11652 11661
f 11653 11641 11648
f 9284 11648 11641
f 4891 13258 4889
f 8917 8933 8916
f 11664 11663 11671
f 11646 11664 11647
f 8685 4678 8692
f 11672 8691 8693
f 11672 11673 12528
f 12529 10057 4037
f 4037 10057 4038
f 11466 11675 11465
f 12045 11466 11463
f 11675 11455 11465
f 11465 11455 11674
f 11452 11327 11329
f 11479 11682 11480
f 11680 11674 11368
f 11377 11376 9861
f 11372 11377 11373
f 11480 11482 11477
f 11685 11481 11482
f 11685 11686 11481
f 10439 6993 6988
f 1382 1383 11686
f 11691 7975 7976
f 11691 11692 11696
f 11696 1680 11695
f 1681 1680 11696
f 11692 1681 11696
f 13264 13327 13261
f 7959 7997 11707
f 11707 11703 11702
f 13260 13264 13261
f 13265 13264 13260
f 1692 11713 1693
f 1692 1691 11715
f 11713 11716 7844
f 1693 8286 1694
f 6742 2670 11716
f 1698 11719 1699
f 11719 11724 1699
f 11727 11720 12155
f 11721 12155 11720
f 9344 12155 11721
f 9344 9347 12155
f 11729 10688 10687
f 1705 1701 11734
f 1706 1705 11737
f 9368 11737 9367
f 1707 1706 7852
f 9361 9360 11739
f 11742 11748 11743
f 11742 11744 11749
f 11434 11748 11439
f 11743 11622 11623
f 11750 11751 12897
f 11750 12897 11938
f 9661 9659 11436
f 5518 9335 2095
f 7970 8466 7971
f 305 8460 1709
f 1718 11757 1715
f 1720 7874 1719
f 1719 7874 7865
f 9766 11740 11733
f 1727 1726 7869
f 1732 1343 1342
f 1733 1731 11764
f 2696 1733 11764
f 1742 1739 11764
f 1258 1735 1259
f 3068 3070 3161
f 3068 3195 3071
f 7617 7616 13286
f 7597 7616 7614
f 1259 1738 1256
f 7617 13286 13277
f 11772 11768 11767
f 11766 11768 11225
f 10662 11772 11767
f 11228 11225 11243
f 11244 11334 11245
f 11785 10681 10680
f 11787 11789 11005
f 10668 10666 11791
f 8370 8363 11801
f 8370 11801 8368
f 11801 8363 12104
f 11801 12104 8336
f 11799 8335 8343
f 3073 3168 3072
f 4835 2483 4840
f 13278 13279 9800
f 10979 11370 11457
f 11819 1598 1597
f 1598 2763 1595
f 11820 11819 1597
f 1599 1898 1597
f 11820 1597 1898
f 11818 11816 11823
f 3074 3071 3196
f 10604 10632 11827
f 10604 10601 10632
f 11827 4554 11830
f 4555 11830 4554
f 4555 11831 11830
f 1750 1747 11831
f 1749 1750 11833
f 11833 11109 11110
f 11836 11844 11837
f 10630 10627 11837
f 11123 11844 11124
f 11121 11124 11847
f 4671 11123 11122
f 1549 11109 1546
f 8347 8424 8348
f 8347 8349 8438
f 8348 8344 8342
f 10750 10638 10636
f 11850 10751 10750
f 10751 1447 1450
f 11852 8572 1753
f 1754 1755 7778
f 8317 8314 11856
f 4540 4539 11628
f 4538 4540 11627
f 4591 11864 4592
f 4592 4534 4532
f 4591 4590 11865
f 11866 11869 11864
f 11866 4392 4391
f 11869 11870 11873
f 4534 11636 4535
f 11875 11870 11871
f 1854 1853 11871
f 1853 1852 11878
f 8843 8827 9397
f 8843 8826 8827
f 7784 11879 7780
f 7783 7785 9402
f 11879 8828 11883
f 1012 1013 11858
f 1010 9408 1013
f 11883 8828 1121
f 11889 11897 13454
f 11894 1124 13454
f 11894 13454 11897
f 4435 11897 11889
f 11894 13459 11895
f 11894 11897 13459
f 7802 7805 11895
f 7802 11895 13459
f 7802 13459 887
f 13459 11897 11896
f 13459 11896 887
f 11896 884 887
f 10467 10466 11898
f 10467 11385 10465
f 10580 10461 10462
f 10580 10579 11901
f 10462 10460 10565
f 7213 7212 7208
f 10581 10582 11903
f 10579 10581 11903
f 11908 11905 1766
f 11901 11905 11908
f 11900 11908 11906
f 11900 11901 11908
f 1769 1766 11905
f 11912 10589 10590
f 11914 10589 11912
f 11914 11524 10589
f 11913 11914 11912
f 11525 11524 11914
f 397 1602 1606
f 1604 5224 1606
f 10304 5224 10305
f 1774 10586 1775
f 1774 11923 11921
f 11913 11071 11073
f 11073 10722 10719
f 10587 11053 10585
f 11928 11929 11930
f 11930 11929 11306
f 11929 11304 11306
f 11928 11360 11361
f 11360 11932 11359
f 11414 11417 11937
f 11414 11937 11406
f 11937 11939 11947
f 11937 11947 11933
f 11937 11933 11406
f 10885 10883 11939
f 11932 11933 11947
f 11403 11406 11933
f 10972 12746 10975
f 7726 8807 7728
f 11952 12160 11953
f 13345 12160 11952
f 8780 8797 11976
f 8779 8797 8780
f 7748 8780 11976
f 11973 7748 11976
f 11973 11976 11974
f 7745 8780 7748
f 7747 7748 11973
f 7734 7067 7735
f 11970 11971 11963
f 7733 11970 11963
f 13440 11963 11971
f 8328 11974 8330
f 8324 8321 11969
f 11980 11978 10549
f 11986 11988 11991
f 3328 3060 89
f 4482 4474 4488
f 11998 11018 11016
f 12004 12005 12008
f 12009 12008 12005
f 4326 4327 12016
f 4326 12016 4329
f 4327 4324 5511
f 4504 4501 5508
f 12014 12021 12015
f 12021 12022 13121
f 12015 2907 2904
f 11268 12025 11284
f 12028 10485 10486
f 10485 10472 10470
f 12028 10486 13460
f 13460 10486 13461
f 13461 10486 10484
f 12028 13460 12027
f 13460 11285 12027
f 11287 11285 13460
f 11287 13460 13461
f 12027 12026 12030
f 12030 12564 12031
f 10472 12031 10473
f 12033 1426 1429
f 12033 12034 12037
f 1429 1428 10518
f 10518 10519 12035
f 13462 11272 11286
f 13462 11274 11272
f 13462 11286 12039
f 11286 13461 12039
f 11286 11287 13461
f 13462 12039 12038
f 13462 12038 12090
f 13462 12090 12359
f 13462 12359 11274
f 13461 10484 12039
f 12090 12038 12037
f 12359 12090 12091
f 12359 11275 11274
f 11025 11022 12051
f 12061 13455 12057
f 13455 10491 12057
f 12054 12050 12056
f 11041 12054 11039
f 1779 1781 10526
f 1436 1781 1433
f 10153 10526 10154
f 12065 12069 12066
f 11347 11346 10757
f 11604 11601 12059
f 1787 1786 12077
f 12077 12078 2759
f 1791 12076 1794
f 1794 12081 1793
f 10557 12146 2039
f 1805 12034 1808
f 1808 12035 1807
f 6990 12104 8363
f 12104 8339 8336
f 4632 4634 12099
f 12101 4429 3955
f 4418 5165 13
f 4416 5165 4628
f 1812 12110 1815
f 8350 12110 8349
f 12113 4430 4429
f 4428 4430 12118
f 12115 4429 12101
f 12119 12113 12116
f 12120 4715 12118
f 7668 12124 7669
f 691 6464 7661
f 12125 7790 7798
f 7789 7798 7790
f 12123 12125 12124
f 7787 6524 3080
f 4435 11890 4439
f 4440 4439 12127
f 11890 11891 12108
f 12108 11891 12109
f 8852 12109 11891
f 8855 8852 11891
f 12108 7672 7670
f 1822 1818 5826
f 1820 1822 12133
f 1828 1826 4100
f 4102 4100 1826
f 263 1828 264
f 4444 4442 4446
f 8437 8438 12106
f 10465 11385 12140
f 9536 9512 9510
f 11388 12140 11385
f 11388 11387 11312
f 10551 2039 12146
f 12160 12157 11953
f 7635 1829 8811
f 8772 8602 8604
f 1842 7627 1839
f 5031 12161 5030
f 5031 5025 12623
f 4367 4369 12163
f 12164 4369 4370
f 4375 4373 12168
f 4368 4395 4370
f 2652 3286 2653
f 3308 3310 8126
f 8728 12171 8133
f 12171 8762 8761
f 8728 8762 12171
f 1848 1847 8761
f 1851 2467 1852
f 1854 4391 1855
f 1832 8758 8772
f 4400 12172 12173
f 3980 12172 3981
f 4387 3978 3981
f 10454 12220 10450
f 10078 10080 10908
f 4469 12186 4468
f 12186 4317 4320
f 4306 3847 3848
f 11493 1384 1380
f 11497 11493 1380
f 691 7661 6209
f 10378 10376 10416
f 9418 4335 6337
f 6755 12188 6336
f 12193 12188 6755
f 4347 4183 4184
f 12194 4207 4208
f 10371 10760 10372
f 12199 10760 10759
f 10353 10372 10355
f 11560 12046 11558
f 12205 13463 12202
f 12205 13079 13463
f 12958 12956 13463
f 13079 12958 13463
f 12956 13018 13463
f 13463 13018 12202
f 8228 12217 12218
f 8228 12218 5751
f 3046 3575 3048
f 1862 1863 12224
f 12224 12149 12147
f 8235 8237 12228
f 8236 8247 8237
f 12244 10930 10929
f 12243 12244 10929
f 10342 10341 10930
f 12244 10342 10930
f 10333 10930 10341
f 10335 10930 10333
f 12309 9983 12308
f 10336 10928 10335
f 11258 10334 10348
f 12236 12235 12238
f 10529 10538 10531
f 10698 12744 12435
f 1869 1415 1414
f 1416 1415 2638
f 12248 12250 12254
f 12250 12251 12255
f 1966 12259 12254
f 4262 12252 4263
f 4251 4252 4262
f 4252 4253 12251
f 5284 12259 5285
f 5285 454 451
f 454 3917 453
f 4261 12260 4265
f 12260 9245 9236
f 12262 12269 12263
f 4180 12262 4179
f 12269 12267 12270
f 5106 5108 12265
f 1871 1876 10392
f 10281 10842 10845
f 10281 10284 10842
f 10284 9559 9558
f 11202 11209 11201
f 11202 11199 12284
f 3041 3621 3040
f 11658 12286 11659
f 11658 11656 12287
f 9307 9308 11215
f 9308 9305 11223
f 1883 12295 1884
f 1884 12294 1880
f 12268 4180 4176
f 1888 4172 1885
f 1886 12298 1889
f 12298 3459 3453
f 1890 1889 12300
f 12300 12301 12303
f 4173 1888 1890
f 4173 4274 4272
f 4173 4272 4170
f 4278 4277 12303
f 4278 12305 4276
f 12305 3472 3471
f 12042 10677 10675
f 10999 10257 10255
f 4344 2446 2447
f 4343 4344 12312
f 12312 12317 12311
f 12312 12315 12317
f 10191 1489 1492
f 8266 10124 10125
f 12322 10125 10123
f 3038 3623 3041
f 11147 12284 11146
f 1279 2858 9585
f 7929 7232 7930
f 1891 1895 11153
f 1896 11144 1895
f 10235 12343 10234
f 12345 12343 10235
f 9813 12345 9812
f 10239 11816 10238
f 1596 1902 1599
f 12347 11220 12650
f 11220 11219 12650
f 1900 1901 12348
f 1388 10242 10226
f 12355 12354 12358
f 12356 12362 12354
f 11275 12358 11273
f 12355 11158 11126
f 11127 12355 11126
f 11158 12091 11157
f 9915 10201 9914
f 10189 10201 9915
f 9912 10188 9915
f 12366 10190 10188
f 12368 1908 1301
f 1301 1908 1907
f 4513 7485 4512
f 3578 3579 4699
f 11551 12372 12373
f 3577 12372 3579
f 12373 12871 5323
f 3559 5323 12871
f 12374 12379 12377
f 13215 12379 12374
f 12376 13215 12374
f 2674 12379 2676
f 2675 2676 6983
f 12387 12386 12383
f 12387 12383 12384
f 7453 12386 7452
f 7474 7451 7452
f 7473 7474 12389
f 3856 4609 4608
f 6680 6679 7509
f 6673 8567 6674
f 6671 6674 8264
f 7462 6673 6672
f 8567 12397 8566
f 12399 1915 1912
f 1915 12407 1914
f 12407 10158 10159
f 12406 10131 10130
f 12406 12410 10131
f 10130 10127 10158
f 12065 12413 12069
f 10721 10722 11072
f 10167 10165 12418
f 10171 10169 12295
f 2449 11082 2450
f 11076 11082 11079
f 1981 1980 2449
f 12422 11566 11590
f 11590 11589 12415
f 10385 10384 12424
f 3033 3899 3034
f 6322 12429 6320
f 12430 12432 12428
f 8183 9025 8185
f 12446 1384 11493
f 1920 1918 4958
f 4953 4958 4949
f 1922 1921 12456
f 12456 1921 12452
f 1926 1922 12456
f 1926 12456 1927
f 12454 1919 1922
f 1924 198 206
f 1924 199 198
f 1925 12454 1926
f 2459 12454 1925
f 12454 1922 1926
f 1928 1927 12458
f 200 199 1928
f 2429 1928 12458
f 200 1928 2429
f 12464 10818 2455
f 4116 12464 4115
f 12463 4116 4117
f 11230 11229 11237
f 12475 12484 8188
f 12476 12487 12475
f 12484 12486 12483
f 8188 12480 8187
f 7504 7501 12493
f 4112 7503 7504
f 4117 4118 12493
f 12497 12502 12498
f 7036 12497 7038
f 7393 7394 12502
f 8658 8655 12498
f 8658 12506 8659
f 7381 7393 12503
f 7381 12503 2723
f 2723 12503 2722
f 13399 593 13398
f 13399 13398 13409
f 7392 7403 12507
f 7403 7397 12519
f 8657 8659 9184
f 12513 1935 12894
f 10892 12894 1935
f 1932 1935 12513
f 1934 10892 1935
f 12515 12513 12894
f 10892 4785 12894
f 12073 12072 12512
f 170 12515 171
f 171 4782 172
f 11607 170 166
f 11607 11606 12073
f 8175 8177 8186
f 10428 12524 10429
f 10429 12522 10427
f 10428 7691 7688
f 12524 12230 12526
f 12230 1941 12526
f 5434 5436 12529
f 10074 8247 8248
f 8248 8246 12220
f 10075 10073 12138
f 1952 12535 1955
f 1955 12540 1954
f 5173 12540 5172
f 12539 5153 5155
f 5154 5172 5155
f 7106 5797 7105
f 7105 5797 7371
f 7106 5944 5797
f 7101 10112 7100
f 7101 7096 8309
f 12548 4382 4380
f 12548 3509 3972
f 4385 3978 4387
f 12554 12551 12550
f 12552 9524 12550
f 12554 9519 12558
f 12553 10027 10028
f 10027 12557 10026
f 10028 10017 10018
f 12552 10018 10019
f 9542 9543 10138
f 12411 12401 12402
f 12410 12411 12557
f 12402 12403 12562
f 12403 10471 10473
f 12562 10047 10030
f 12562 10030 10031
f 10046 10047 12564
f 3026 3966 3025
f 12170 10039 10035
f 12025 10048 10049
f 2218 2217 1957
f 4021 12570 2376
f 2375 4021 2376
f 4041 4021 4019
f 7002 7014 7000
f 7331 9160 7332
f 12575 7330 7332
f 12581 7964 7958
f 7963 7964 7989
f 12581 7958 13206
f 13206 7958 13208
f 13208 7958 7961
f 2729 7989 7340
f 8108 8107 12586
f 12601 6946 2921
f 12601 6949 6946
f 8106 8108 12585
f 8116 8118 12591
f 2790 2789 11398
f 9973 12606 9984
f 12605 2154 2153
f 9648 2154 12605
f 12609 10269 10251
f 2152 10269 2153
f 9993 9991 9997
f 4248 12611 4247
f 12611 12612 12615
f 4227 4248 4226
f 4228 12613 4227
f 12618 3893 3892
f 3893 2396 3891
f 3892 162 12255
f 12616 12618 12617
f 4253 4250 12617
f 12616 12615 12620
f 12465 10001 9999
f 12621 10000 10001
f 12622 12630 12632
f 1976 1975 9500
f 9500 12632 9501
f 1974 1976 9499
f 7300 5484 5478
f 7308 6663 6661
f 12634 8261 8565
f 8565 8515 561
f 12635 561 560
f 8994 10113 12638
f 3021 3022 4091
f 1980 1979 12423
f 12423 1979 12424
f 10933 8993 8994
f 1992 11530 1994
f 1995 1994 12644
f 9952 1995 12644
f 9952 12665 9951
f 12649 9943 9946
f 12649 9946 12650
f 12347 12650 9946
f 12653 12656 12652
f 12653 12654 11538
f 12654 12648 12658
f 12348 9963 9964
f 8103 8479 8102
f 8103 1032 1029
f 2001 4998 608
f 4997 4998 12669
f 12669 12665 12667
f 10186 4727 12671
f 3860 10186 12837
f 12674 12673 12676
f 12673 12675 12678
f 12679 12683 12676
f 9958 12674 12680
f 9932 9958 9931
f 9933 12675 9932
f 12683 12685 5491
f 5485 5491 12685
f 5485 12685 10211
f 9223 9222 10211
f 3356 3837 3357
f 12687 12688 13041
f 3848 3845 4307
f 4299 4307 4300
f 3850 4469 3853
f 8069 7903 12693
f 12356 11847 11846
f 2013 2015 11994
f 8722 8088 8090
f 9903 9902 12704
f 9883 12199 9880
f 9899 9900 10355
f 9899 9883 9882
f 9898 10354 9900
f 12705 9888 9903
f 12709 12705 9903
f 12709 9903 12704
f 10864 12709 10861
f 12709 12704 10861
f 11028 12708 10893
f 12714 2021 12712
f 2022 2021 12714
f 12714 12712 12716
f 2022 12714 12713
f 3788 12717 3789
f 12314 3816 12315
f 2026 3108 2029
f 12989 3424 3423
f 3812 12718 3814
f 12718 12299 12297
f 3459 12299 3458
f 10875 10861 12704
f 7255 7248 7249
f 7266 777 779
f 779 780 7269
f 780 778 12732
f 9119 5274 12736
f 7275 7274 12734
f 4076 13464 4097
f 12739 13464 4076
f 13464 12741 4097
f 2054 12741 13464
f 2054 13464 12739
f 2037 3758 2033
f 2037 2036 3734
f 12487 3758 3757
f 3014 3017 4187
f 12437 12438 13138
f 10699 11678 10698
f 12745 11678 10786
f 12747 2405 2408
f 2844 9738 2847
f 10972 9853 12746
f 6598 6595 8689
f 7217 7216 7228
f 7215 7227 7216
f 10223 12779 10221
f 11850 9822 9823
f 3008 3006 4257
f 3632 3614 12781
f 3634 2055 2057
f 4257 3006 4244
f 3007 3010 239
f 2071 2211 12793
f 2072 2078 3637
f 2086 10743 2085
f 6193 6191 10754
f 12460 3653 3650
f 12460 12459 3653
f 3661 3653 12459
f 3652 3653 3661
f 3661 12459 12452
f 3661 12452 3660
f 8114 12797 8111
f 2335 12797 8114
f 12803 12798 12797
f 2335 12803 12797
f 2332 8114 8097
f 2335 8114 2332
f 7199 12798 7198
f 7169 7199 7167
f 7169 7170 12799
f 7170 7168 12805
f 10778 3673 3670
f 10778 10767 3673
f 10767 10768 3674
f 10767 3674 3673
f 2791 11411 2788
f 12809 2724 12812
f 12809 12811 12810
f 2846 2849 9735
f 12815 9228 9226
f 12815 9232 9228
f 12816 12818 12822
f 12818 2118 2117
f 12822 9231 9232
f 7193 12819 12816
f 7193 7194 12819
f 12819 7194 12820
f 9219 2117 2115
f 2106 8055 2109
f 2109 12824 2110
f 12824 9323 9324
f 8049 8050 9339
f 2118 9320 2116
f 9320 12820 9319
f 12828 10415 10416
f 3777 12832 12831
f 2409 2410 3551
f 7109 12095 7111
f 97 12836 95
f 97 98 12838
f 12840 96 3598
f 12840 98 96
f 3598 3597 13047
f 12841 2197 2194
f 3831 3830 3860
f 3831 12845 3832
f 12845 2191 2193
f 12843 2194 2191
f 12843 12837 12838
f 3832 3355 3358
f 3581 3582 12115
f 2125 2124 12116
f 3582 2123 2125
f 11067 12850 11068
f 9719 12850 9718
f 11068 12853 11066
f 11062 11067 11061
f 11062 11063 12851
f 9719 2126 2131
f 1315 12856 1312
f 12857 12860 12863
f 10958 10955 12860
f 12863 12861 12864
f 12853 9742 12864
f 12867 12866 12868
f 3002 4331 3003
f 12875 12874 12877
f 12875 12877 2705
f 6590 7059 8574
f 6589 7059 6590
f 6589 7064 7059
f 12878 7064 6589
f 6587 12878 6589
f 7075 7068 11960
f 12882 8881 8879
f 12882 7072 7070
f 11965 7071 7072
f 7758 7760 8877
f 9441 12889 9443
f 12888 10575 10576
f 10552 10576 2041
f 13401 7142 5988
f 12889 12891 9702
f 9692 12891 9430
f 11924 11925 9704
f 11924 11063 11060
f 10574 11925 11923
f 4784 4785 10892
f 12896 11751 11749
f 12896 10879 10878
f 11744 11746 169
f 10879 169 172
f 3933 3884 3885
f 5906 13329 13328
f 9728 9723 13198
f 12903 7027 7026
f 8125 12906 8128
f 12906 3389 3390
f 2141 2139 3390
f 12911 2716 2715
f 12912 12913 12911
f 2713 2716 12600
f 2715 793 792
f 790 793 2714
f 8650 8664 8651
f 8665 12915 8664
f 8652 8651 7041
f 12918 2402 12922
f 2146 12919 2149
f 12919 3478 3476
f 2148 2149 3494
f 3497 2148 3494
f 3478 12923 3479
f 5906 13328 5907
f 12927 12915 8665
f 2991 2989 4544
f 12935 3518 12932
f 12933 12934 12937
f 3995 3996 12935
f 12938 4002 3999
f 12957 12958 8006
f 13079 8006 12958
f 8006 6979 12957
f 8006 13079 8007
f 6980 12957 6979
f 12962 9647 12607
f 12607 9647 9648
f 1297 12368 1301
f 8383 8380 8374
f 1301 1907 1300
f 12974 12983 12977
f 12974 3206 12983
f 12974 3207 3206
f 12977 12983 12980
f 12977 12980 12979
f 12983 3206 12985
f 3429 12986 3427
f 3215 12986 3216
f 12982 3422 3424
f 3458 3423 3421
f 2245 2246 12993
f 12994 3444 3443
f 12995 12997 12994
f 13001 12998 12997
f 13002 12999 12998
f 13003 13001 13005
f 3184 3186 13005
f 3514 13003 3517
f 13008 3449 3448
f 3447 3449 2400
f 12999 3448 3446
f 12922 13008 12923
f 3452 3456 3472
f 2161 2158 12612
f 2160 2161 12613
f 4155 13020 13019
f 13019 12202 13018
f 10832 10852 13025
f 12661 12663 12660
f 12595 12596 12663
f 7967 12661 7969
f 8478 7970 7969
f 13096 3175 3173
f 13096 3173 3208
f 3335 3333 13037
f 12973 13037 12975
f 12975 3203 3207
f 3341 12717 12716
f 3346 3356 3347
f 2179 13247 2174
f 2179 13042 13247
f 2174 13247 2184
f 2184 13247 13044
f 3140 3591 3138
f 3596 3137 4618
f 3351 13046 3349
f 3352 13047 3351
f 4670 4657 4658
f 2193 2195 3360
f 2196 2197 3352
f 6844 6845 8045
f 6846 6936 8007
f 6849 6936 6846
f 13081 6847 6846
f 13054 3274 3273
f 3259 3274 3260
f 3272 13055 3273
f 13056 13057 13060
f 2388 3260 2387
f 3775 3776 13060
f 158 157 13062
f 10007 10006 13063
f 13063 2304 2305
f 13066 10013 13064
f 13070 9568 9527
f 9526 9527 9568
f 13067 13070 13068
f 10016 13068 10019
f 2685 13067 13066
f 2688 2690 9567
f 12558 9519 9521
f 2213 12793 2211
f 2213 2379 12793
f 9006 4723 4721
f 2225 3944 3942
f 3944 2372 2374
f 2250 13118 2233
f 2233 13118 3253
f 13028 9626 13029
f 9471 9501 9472
f 9496 13423 13085
f 13423 6912 13085
f 9494 13423 9496
f 12964 6929 6931
f 13259 13089 13090
f 13089 13092 13090
f 7840 13092 13089
f 3176 3172 13092
f 3176 28 27
f 25 28 13095
f 3174 3175 13093
f 2246 2243 12995
f 3226 3225 13102
f 3226 3185 3183
f 13102 12938 12937
f 3185 13006 3186
f 6880 6881 6895
f 13164 7252 13110
f 7930 12332 7928
f 12985 3217 3216
f 12985 3205 3217
f 3204 3217 3205
f 12985 3206 3205
f 7512 13117 13115
f 2254 3221 2253
f 3222 13104 13103
f 13125 2265 3157
f 3128 13125 3127
f 10801 11814 10802
f 5150 6870 5152
f 7899 13151 7896
f 2281 2279 13057
f 20 2281 21
f 21 13055 18
f 11399 2793 2790
f 3132 3133 13095
f 3146 3145 12832
f 2292 9446 13144
f 12223 2292 13144
f 12223 13144 12225
f 9445 10552 10553
f 10553 10551 12148
f 12148 12149 12225
f 6851 6960 6839
f 6837 6851 6839
f 6827 6957 6826
f 4289 1395 6827
f 13153 13152 13154
f 8040 13154 13152
f 8039 13154 8040
f 13153 6845 6843
f 12088 8037 8040
f 6924 6920 6919
f 13147 6850 6847
f 13147 6623 6622
f 8706 4877 4844
f 13165 13190 13166
f 13166 13168 13164
f 13168 6794 6796
f 6419 6416 6415
f 2303 13064 2305
f 9389 9411 8636
f 8610 9411 8613
f 9571 9570 8631
f 9571 13183 9507
f 8597 9507 13183
f 8597 13183 8599
f 7218 7222 7219
f 7215 7219 13196
f 9751 13202 9753
f 12582 12581 13206
f 13207 12583 12582
f 13210 763 13340
f 763 766 13340
f 13340 766 6749
f 7350 7351 13213
f 7350 4604 7327
f 12583 7351 7349
f 4615 13213 13211
f 4615 13211 4614
f 11715 6741 6742
f 2312 773 2306
f 7455 7457 9181
f 4507 7457 4515
f 7438 7441 13217
f 2320 4529 13219
f 9333 9334 10212
f 2664 2665 9806
f 2664 1217 1214
f 2327 6136 2324
f 2644 6136 2646
f 9805 2663 9326
f 6684 6685 3724
f 6683 6699 6685
f 2335 2334 12803
f 6716 6717 13223
f 2170 13230 13229
f 6654 6651 13187
f 5543 5545 6658
f 4352 4358 4353
f 9378 11366 9376
f 13239 11508 11507
f 11508 2496 2495
f 13241 13239 13242
f 13242 9197 9199
f 9578 13241 9589
f 2353 9197 2354
f 9211 979 978
f 9196 9211 9198
f 976 13044 978
f 9933 9930 976
f 9198 13244 9199
f 12679 9224 9223
f 9224 9210 9209
f 9210 12678 977
f 5760 5756 13346
f 5760 13346 7716
f 13249 7047 12880
f 12880 7047 7050
f 13137 155 158
f 2358 3253 13118
f 13071 13072 13104
f 13072 4001 4002
f 3399 2368 2365
f 13006 12934 12931
f 2371 3943 2374
f 2380 2377 3615
f 2379 2381 12793
f 5195 5219 5193
f 2388 2385 3258
f 3789 13039 3787
f 2403 2399 3467
f 3479 13002 3477
f 5216 5219 5195
f 11938 12897 11940
f 12752 12753 12834
f 2415 10762 2416
f 2416 5159 2417
f 4951 4946 1464
f 3666 4952 4951
f 3666 3664 4952
f 5216 5195 5217
f 3664 4953 4952
f 5217 5194 5208
f 5217 5195 5194
f 2430 2428 12740
f 200 2430 197
f 2433 3636 2436
f 7597 7614 7595
f 2440 3633 12785
f 2440 2439 3633
f 2451 10937 2452
f 4990 2458 2457
f 860 13301 13352
f 11650 12287 11656
f 2835 2832 9926
f 4315 4472 4314
f 11865 1603 11867
f 11867 4390 4392
f 5084 12164 5083
f 2475 8273 2478
f 8585 8586 5897
f 4575 4577 10305
f 10146 7599 7596
f 11873 11635 11636
f 6519 6517 8684
f 8684 4679 4680
f 2959 5563 2961
f 11672 12528 8691
f 6225 2487 6227
f 2487 2491 6227
f 2958 5601 2959
f 2492 8490 2495
f 2496 9574 2497
f 8483 9227 2350
f 2504 4912 2500
f 2504 2503 4914
f 2958 2962 5602
f 6126 2929 2927
f 1056 8393 2513
f 2513 4861 2514
f 2514 4859 2515
f 2515 9771 2516
f 5453 1054 2516
f 4815 2519 716
f 717 1149 7952
f 2963 5581 2962
f 11043 4748 4749
f 2964 2965 5576
f 11501 11502 11494
f 3720 2530 2532
f 13366 13362 13365
f 2541 364 367
f 2545 10775 2547
f 9480 10775 2545
f 2547 10774 2546
f 9767 2779 2778
f 2965 2961 5608
f 10010 2339 8492
f 5608 2961 5561
f 9634 350 9637
f 8084 10312 8083
f 5300 5043 5045
f 5709 2955 2956
f 4642 4645 4643
f 4461 4462 4643
f 3305 8813 3302
f 13432 13425 7121
f 8698 6598 8689
f 8598 8599 8629
f 5711 2956 2957
f 2569 2570 5503
f 2571 5909 2572
f 2572 5905 2573
f 2570 2573 8389
f 2576 2579 5637
f 13426 13425 13432
f 2957 2954 5725
f 825 2577 828
f 5614 2583 2584
f 6488 2585 2582
f 5592 6248 5590
f 11809 5619 5616
f 2591 5551 2592
f 7556 7562 7558
f 5815 2596 2595
f 2595 2597 5817
f 2596 3647 2598
f 2599 7814 2600
f 2597 2600 7812
f 5769 5763 7715
f 5768 5769 10406
f 5698 5871 5696
f 7428 3384 3381
f 6044 6042 8253
f 2624 7132 2625
f 2625 7133 2628
f 2628 5953 2629
f 2630 2629 5951
f 2630 7150 2627
f 6062 8504 6823
f 10217 10220 5488
f 2634 6506 2635
f 2636 3096 2631
f 6209 7659 6208
f 6209 7661 7659
f 13413 13408 13409
f 2639 619 6185
f 1416 2641 659
f 6143 6255 6142
f 6143 6141 6256
f 2647 6132 2645
f 5865 2950 2949
f 13390 13429 13428
f 4215 4213 4153
f 13315 13448 9154
f 2654 2659 7768
f 13244 13042 9592
f 6636 6819 6817
f 2948 2946 5834
f 9361 11739 11759
f 10004 2684 2683
f 2947 2950 5847
f 9390 2689 9391
f 2692 2689 9390
f 2691 2692 8639
f 6918 6922 7008
f 2710 1354 1357
f 2943 2942 6004
f 5938 2942 2940
f 12916 12912 12910
f 8652 12500 8649
f 2940 5923 5924
f 12853 12854 9742
f 7233 7220 7217
f 12003 9889 12707
f 7450 12381 7453
f 11826 10240 10237
f 2943 5966 2941
f 8810 7634 7635
f 12127 7667 7669
f 11131 10515 12084
f 2755 2759 12062
