v -82.29026031 -16.94050598 51.34764862
v -83.84577179 -18.52822113 53.14621353
v -85.86528778 -17.34100342 51.67679977
v -71.05313110 -6.95954800 39.63559723
v -70.22673035 -10.49874783 39.49909973
v -73.59987640 -9.20357418 39.47924805
v -68.03488159 -16.53068542 126.22614288
v -70.99556732 -18.70878601 124.82166290
v -68.11132050 -19.75608063 125.51441956
v -68.42738342 12.77029514 123.78435516
v -69.50761414 13.49665928 120.79148865
v -71.31780243 12.21379948 123.30725098
v -70.92484283 -21.65912628 124.19919586
v -65.28881836 -18.76020813 126.30294037
v -62.50524902 -20.56272888 125.97161865
v -62.02733994 -17.43612671 126.52569580
v -58.75415421 -15.42700100 126.60469055
v -61.66756058 -14.41311550 127.08501434
v -38.48987579 -18.14157104 117.45436859
v -35.83850098 -17.46257782 115.01120758
v -36.97323608 -15.71922970 117.11242676
v -61.65329361 -9.12083340 127.49057007
v -65.49496460 -9.77845669 127.33542633
v -63.42195129 -12.07983303 127.42468262
v -53.47223663 6.27207279 125.37715912
v -57.19404984 5.72899723 126.95992279
v -55.40237045 3.71279240 126.05945587
v -47.30103683 -0.06812962 123.61465454
v -49.82169342 -2.42304897 125.09727478
v -46.76544189 -3.29154110 124.24588013
v -55.67126083 -2.83402920 126.26033020
v -58.96155548 -0.82186037 126.22013092
v -58.56629562 -4.18325710 126.71842957
v -56.83837509 13.60224247 121.92781067
v -59.46866989 12.10009098 123.81015778
v -56.36060715 11.15007114 124.60655975
v -58.14133072 -112.86755371 45.47201920
v -54.63748550 -112.47602844 45.22291946
v -56.58044052 -115.27675629 46.48876572
v -73.81517029 7.20046329 123.23081970
v -73.58899689 10.34182072 122.75418091
v -75.90811157 9.45214939 120.96292114
v -43.14995956 24.09507751 95.38613892
v -41.45068359 22.54797363 97.82560730
v -40.61308670 22.70345306 94.65255737
v -77.33460236 6.61731052 122.27030182
v -78.55158997 2.74643040 123.22980499
v -76.12769318 4.79533482 124.09292603
v -69.68662262 -44.86663055 123.20864105
v -67.57592010 -41.64632797 124.44979095
v -70.66832733 -42.26552963 122.77163696
v -51.80512238 -106.97148132 46.81521988
v -50.71776962 -110.29109955 45.75431824
v -54.04344940 -109.32107544 46.01844406
v -45.98278809 -11.44490719 124.45204926
v -44.07888794 -8.55643368 123.72474670
v -47.45708847 -8.62583065 125.13200378
v -52.17761230 -9.33183193 48.27222443
v -51.34753799 -6.20445919 47.78897858
v -49.25228882 -8.98950863 48.96859741
v -81.19711304 2.09192753 122.25398254
v -78.50938416 -0.69459444 123.29245758
v -68.30184174 8.11586857 126.64918518
v -70.85994720 6.26612949 125.16581726
v -67.96881104 4.78485203 126.46142578
v -71.86656952 -24.52153015 123.07409668
v -74.62905121 -24.22689819 121.49024200
v -72.04190063 -27.71132660 122.22144318
v -68.40000916 -10.29296780 46.74920654
v -64.64437866 -12.06770229 47.21039963
v -67.30895996 -13.70757961 47.01267242
v -45.72875214 -181.85591125 65.03916931
v -47.94856262 -182.46153259 62.71511841
v -47.99525070 -179.93589783 65.92599487
v -53.59506989 -38.60811615 121.97618866
v -54.91857529 -42.30180740 123.29748535
v -51.99036407 -41.40820312 121.73936462
v -66.75923920 -16.97731781 46.94963455
v -65.43788910 -20.27703094 46.75189972
v -68.76235199 -19.62377930 46.59057236
v -73.72496033 -17.23195648 123.59776306
v -73.09612274 -13.78170681 124.42201996
v -75.91478729 -14.73272610 122.20700073
v -42.81098938 -42.90643311 120.10311127
v -43.80900574 -45.67619705 120.76407623
v -41.39533615 -45.81317902 118.65600586
v -43.24547958 -195.34329224 93.08823395
v -45.94100571 -195.41217041 95.86626434
v -46.55747986 -195.36154175 93.18231964
v -35.98899841 -101.87655640 51.47806931
v -37.60203552 -104.93934631 49.86151886
v -39.31852341 -102.17305756 50.53009415
v -78.12654877 -139.61016846 120.85256195
v -80.65750122 -137.78971863 120.37088013
v -80.31857300 -141.25122070 119.46108246
v -43.10588837 -29.33180237 116.55646515
v -43.12511444 -29.37045288 120.31759644
v -42.17176437 -32.14457703 119.07206726
v -64.58868408 -187.63217163 119.01526642
v -67.92470551 -187.91091919 118.90204620
v -65.85474396 -190.22991943 120.07334137
v -50.17028427 -46.39352798 121.67552948
v -53.09228897 -47.83487701 121.98208618
v -50.45346832 -49.21795273 121.91688538
v -51.12398911 -19.96260834 48.32372284
v -48.69675446 -22.46300507 49.69202805
v -51.29728699 -23.47533417 48.96752167
v -49.97131348 -25.59996796 118.31126404
v -47.36722183 -25.11847687 120.27899170
v -48.44667435 -22.68172455 121.37028503
v -47.59301376 -2.91207027 49.93786621
v -49.29221344 -5.74510860 50.10652924
v -51.26668549 -2.79376125 49.52480316
v -83.68473816 9.23433018 118.17675781
v -83.92459106 5.68373966 116.93960571
v -81.79943848 6.95913792 119.52121735
v -56.00196457 -140.36650085 118.46963501
v -53.60637283 -137.81137085 118.12410736
v -56.56388092 -137.38796997 117.88403320
v -81.95527649 -135.08763123 119.98291016
v -81.51169586 -131.87503052 119.96440887
v -84.41439819 -133.65527344 118.98098755
v -92.09444427 -116.81565094 54.88711548
v -93.05181885 -118.15402985 58.09669113
v -95.44877625 -116.69875336 55.87640762
v -75.75169373 -115.57472229 115.04561615
v -78.80528259 -117.78762817 115.58405304
v -75.70240021 -118.50092316 116.25406647
v -78.35339355 -120.48247528 116.73844147
v -58.47965622 -25.34117889 120.67196655
v -58.71167374 -27.62743378 118.31343842
v -56.04086304 -25.69235992 119.51884460
v -52.29236221 -129.22665405 116.52252197
v -50.87299728 -126.45697784 115.71328735
v -54.48695374 -126.75790405 116.24306488
v -44.00732422 -24.22658539 119.83917236
v -45.47856522 -22.19870758 121.29497528
v -68.49369049 -121.62417603 117.25521851
v -66.61891937 -123.86908722 117.52828979
v -64.28447723 -122.05674744 116.53533936
v -64.76882172 -129.41983032 118.50115967
v -61.64529419 -127.49282837 117.22708893
v -64.10397339 -125.69802856 117.37641144
v -63.92676544 -59.55572510 117.06778717
v -60.69257355 -59.93552780 117.60858154
v -62.42774582 -58.01637650 119.28128815
v -53.19099045 -24.89595795 118.17834473
v -55.15645599 -27.84891510 117.57197571
v -53.17439651 -94.76790619 51.43392181
v -54.20365524 -91.47500610 52.95842361
v -51.21054459 -92.23088074 52.84304810
v -59.69075775 -184.21940613 57.17874527
v -62.44150925 -182.59365845 58.87249374
v -59.21598434 -181.96916199 59.70089340
v -93.64556122 -3.25107479 111.34175110
v -92.75508881 -0.31552038 110.26540375
v -95.76716614 -1.85312569 108.75858307
v -64.62533569 -116.79212952 51.00354004
v -61.26459885 -117.25518036 51.61738968
v -63.29274368 -118.42045593 53.89744186
v -77.87713623 -19.23327637 119.35764313
v -80.54085541 -18.24525452 117.00993347
v -79.26331329 -21.36647797 117.56602478
v -53.08996201 -35.65588379 120.61278534
v -55.43366623 -33.26142883 119.87934113
v -56.11692810 -36.12545776 121.93009186
v -52.44879913 -162.42871094 68.89984894
v -49.99290085 -161.38626099 70.77560425
v -49.90164948 -164.92233276 70.48639679
v -71.32372284 -117.04653931 50.92351532
v -68.02809143 -116.83509064 50.97406387
v -70.16883087 -118.26097870 53.76086426
v -43.00624084 -26.38223267 117.82734680
v -73.98983765 -94.03330231 54.75027466
v -74.39394379 -97.23425293 53.60317230
v -77.22589874 -95.45335388 54.08667374
v -83.68581390 -16.21241760 115.96916199
v -86.47893524 -13.63022518 115.83677673
v -86.64053345 -16.08866119 114.22850800
v -81.29143524 15.10222721 115.47966003
v -78.45213318 14.69857883 117.35025787
v -78.70872498 16.81841278 114.34102631
v -27.88937187 -104.82175446 52.86864471
v -31.04742241 -105.66148376 51.50729370
v -30.00079536 -102.68210602 52.84452057
v -40.47288895 -37.08650208 114.44956970
v -41.92884064 -35.02736664 116.68275452
v -40.86736298 -37.75775146 117.60834503
v -37.80860901 12.19217014 114.83448029
v -37.79869080 14.47923374 112.19028473
v -40.31938553 14.46196842 114.78111267
v -81.57974243 -44.43847275 111.96909332
v -80.77146912 -47.58067322 111.44538879
v -79.31478882 -45.41307449 114.26816559
v -71.83956909 -195.50592041 116.77693939
v -74.94837952 -194.21391296 116.70646667
v -74.02760315 -195.89466858 114.26158905
v -25.03805923 -113.50100708 51.47846603
v -28.37424660 -111.99176025 50.41596985
v -26.02794456 -109.99435425 52.07171631
v -25.61184502 -100.45213318 55.13647079
v -25.88387108 -103.15645599 54.11189270
v -28.57569695 -100.47228241 54.10394669
v -43.16189957 -132.39472961 115.72861481
v -39.09357452 -132.35435486 114.63140869
v -41.53319931 -130.36689758 114.61693573
v -32.66440582 -188.78367615 102.23162079
v -34.97715378 -187.14941406 104.62154388
v -33.59777832 -190.58767700 104.28986359
v -82.01667786 -193.59967041 112.99026489
v -82.10143280 -195.89392090 109.98176575
v -79.61487579 -195.85766602 112.38799286
v -78.39884186 -75.92984772 95.20192719
v -80.16276550 -76.39868927 92.51009369
v -78.02642059 -79.14046478 94.52895355
v -45.71454239 -50.29953766 73.26393890
v -45.95693970 -53.51208878 75.72124481
v -48.22746658 -53.90566254 73.52330780
v -89.78977203 -3.08482265 115.46870422
v -89.79626465 -0.20692357 115.12889099
v -91.71990967 -1.77147591 113.40345001
v -44.65474701 -122.22597504 112.80480957
v -42.27832031 -120.65280151 111.57112885
v -46.18334579 -118.97552490 112.09216309
v -31.40751266 12.20340061 110.83506012
v -32.83816147 12.28479099 112.94216156
v -31.61108780 9.60784245 113.51813507
v -74.03921509 -144.24925232 112.23655701
v -74.55754852 -145.83622742 109.17462921
v -71.47853851 -145.17594910 110.56745911
v -66.62325287 -118.00238037 53.49926376
v -75.74277496 -109.99937439 112.47984314
v -72.18000793 -110.58177948 112.93261719
v -73.80512238 -107.95066833 111.50531769
v -96.79686737 -102.31043243 56.37097168
v -94.13739777 -99.76165771 56.19779587
v -93.69377136 -102.94815063 54.86940765
v -70.22872925 -149.30178833 111.59185791
v -72.71015167 -151.31297302 110.74375916
v -69.36346436 -152.71295166 110.20635223
v -74.67774963 26.46833801 84.85538483
v -74.62538147 26.90208435 87.80383301
v -71.76153564 27.34733582 85.91168976
v -19.89704704 -102.69603729 56.75547028
v -22.56759453 -104.46615601 54.90519333
v -22.66747093 -101.50658417 55.87631989
v -39.86800385 -182.57142639 101.78344727
v -42.63420105 -181.30642700 103.15267181
v -40.21790314 -183.63041687 104.52114105
v -38.66140366 -55.93690109 108.38518524
v -36.74808884 -56.82374191 105.10484314
v -36.31179047 -54.68362808 107.23178864
v -43.54558945 -27.48137665 113.85374451
v -35.55342865 -93.87248993 55.53814316
v -38.65114594 -93.79695892 54.68847275
v -36.81319046 -91.18733215 56.86860275
v -91.81049347 -116.85362244 110.46898651
v -94.49456024 -118.71637726 109.22272491
v -92.37947083 -120.16732025 111.16206360
v -57.39546967 -151.07287598 111.15265656
v -54.19049454 -150.72364807 110.27955627
v -56.07919693 -148.02392578 111.03520203
v -44.74150848 21.09259796 108.50668335
v -46.25872421 22.94066620 106.37652588
v -47.88107300 22.02346802 109.32245636
v -40.71671677 -57.83842850 109.20121002
v -40.17616653 -54.47370148 110.78348541
v -42.37994003 -56.57675171 111.75021362
v -87.25054932 -112.43154907 110.70394135
v -85.42004395 -114.75914764 112.42329407
v -83.56802368 -113.12799835 112.26348877
v -75.99748230 -101.39527130 107.51548767
v -76.24176025 -104.37779999 109.29889679
v -72.85090637 -102.53166962 108.58044434
v -62.83906937 -153.68159485 110.08148193
v -60.68563843 -151.51556396 111.63255310
v -64.09543610 -151.13539124 112.03623199
v -86.84777069 -87.47010803 59.58722305
v -86.82199860 -90.27763367 57.97769928
v -89.69187164 -88.54325867 60.18777466
v -96.31321716 -112.55973053 53.28836823
v -98.12774658 -115.26660156 54.33741379
v -99.74446869 -112.43590546 54.88124084
v -37.32822800 -186.57167053 106.79074097
v -37.58527756 -185.17892456 103.50979614
v -40.29307556 -185.23817444 106.99176788
v -30.05656242 -21.47117615 106.57119751
v -30.15176201 -23.97489929 104.43762207
v -28.71956444 -21.14825439 103.38716125
v -26.30252266 -95.08740997 57.52324677
v -29.97629738 -94.50788116 56.64742279
v -27.89454460 -92.33870697 58.79307175
v -89.63404083 -18.04024506 112.15539551
v -92.85573578 -18.67984009 110.47125244
v -90.59500122 -20.79663086 111.01104736
v -67.41391754 -151.15895081 111.79715729
v -45.21494675 -116.02079773 110.59886932
v -48.19877243 -115.63022614 111.28381348
v -86.81949615 -104.63452148 106.45436859
v -90.16847229 -105.44068146 105.48754120
v -88.64859772 -107.33322144 107.41561890
v -81.32984924 -102.60579681 106.99411774
v -83.42111969 -104.56996918 107.60037231
v -79.86582184 -105.21864319 109.06016541
v -78.13832855 -151.79579163 107.78285217
v -75.15937805 -152.49304199 108.71725464
v -75.95790100 -149.26806641 109.80745697
v -90.00119781 -112.31310272 50.95346832
v -91.62310028 -115.23168182 51.78246307
v -93.08234406 -112.25900269 52.13036728
v -64.43820953 -167.33702087 106.03565216
v -67.50170898 -166.03857422 105.51589966
v -66.94293213 -169.67224121 105.75437164
v -43.64323044 -195.34803772 112.66867828
v -41.38596725 -192.25567627 112.71253967
v -43.88198090 -192.54568481 114.43684387
v -10.75137234 -109.16159058 61.78489304
v -12.98164558 -106.54186249 60.37059402
v -11.17141914 -106.31964111 62.60234451
v -33.04949188 -49.01317596 107.52503967
v -32.49071503 -51.22767639 104.66541290
v -31.35381317 -47.77577591 104.92736053
v -33.60034561 -117.50090790 54.26311493
v -30.82089615 -117.38195801 54.95881653
v -32.20089722 -118.80510712 57.27081680
v -109.73271942 -115.80976868 100.78749084
v -106.16054535 -114.66362000 100.76251221
v -108.64971924 -112.45846558 100.68504333
v -66.64399719 -179.31692505 109.38839722
v -65.90955353 -181.32766724 111.30164337
v -62.54661560 -180.17991638 110.61309814
v -41.05675507 -194.92866516 110.87886810
v -40.88160324 -195.69517517 107.27651215
v -38.68848038 -194.61767578 108.98364258
v -82.73484802 -34.07225037 112.93338776
v -84.11023712 -36.74945068 110.75709534
v -81.47098541 -36.58457947 114.17353821
v -75.50279999 -158.59849548 102.69865417
v -74.87149811 -157.47381592 105.69734955
v -77.94564819 -156.62582397 104.22528076
v -31.14434814 -125.48487854 107.52643585
v -30.91582108 -128.49714661 108.52960968
v -28.70652390 -127.34252930 105.87274170
v -100.10301208 -4.75109005 100.59247589
v -103.03246307 -7.10631466 100.54807281
v -100.53954315 -6.64125729 102.89823914
v -105.33109283 -100.51303101 61.76747131
v -106.31636047 -103.54174042 61.23229218
v -108.27174377 -100.72585297 63.44927216
v -35.04719543 -111.59889984 103.89854431
v -32.21502304 -112.24024963 102.20104218
v -34.24154663 -108.96707153 101.66456604
v -91.27059937 6.29580784 101.06010437
v -91.12173462 5.44365025 104.40425873
v -89.20203400 7.75382328 103.44684601
v -24.73592186 -93.04898834 59.58562469
v -21.61782265 -93.87876129 60.59979630
v -23.11884499 -95.85448456 58.44667435
v -98.87313080 -4.43288326 103.97203827
v -97.19798279 -4.95950222 107.30299377
v -98.10636139 -2.22959042 106.61646271
v -90.36349487 -113.63544464 109.96036530
v -92.57550049 -112.22999573 108.19111633
v -93.57688141 -115.27810669 108.76909637
v -56.53464127 -194.42602539 54.87237167
v -53.53750229 -194.37115479 56.22166443
v -55.68013763 -194.67739868 58.65568924
v -40.02962112 -106.14182281 103.23076630
v -40.30407333 -108.97025299 105.06259155
v -37.48639679 -108.71485138 103.48781586
v -81.79141998 -195.03865051 68.03876495
v -78.78645325 -195.04264832 67.01763916
v -78.68420410 -195.03590393 69.96954346
v -63.30307007 -64.35636139 103.75852203
v -60.65515137 -65.16124725 103.09906006
v -60.55262375 -64.88714600 106.39702606
v -46.51507568 -156.58404541 102.83509827
v -49.98902512 -158.24194336 103.51392365
v -48.83640289 -159.30967712 101.42082977
v -32.79837799 -192.33592224 101.54718781
v -35.14890289 -193.51666260 104.87126923
v -34.93243027 -195.11216736 101.87006378
v -28.18078613 -5.71152401 101.69564819
v -28.53088760 -2.75579739 102.44557953
v -28.85403061 -5.62269497 104.67934418
v -70.02691650 -126.64980316 62.30086136
v -66.98941803 -125.66495514 61.36050797
v -67.78560638 -127.93880463 63.01551056
v -57.53585434 -65.88649750 104.42650604
v -43.26338577 0.84166807 57.52762985
v -44.12261200 0.58162016 53.89222717
v -45.59773636 2.55239201 55.85750198
v -84.70985413 -155.08682251 96.83779907
v -83.87217712 -152.91296387 99.62730408
v -86.35549927 -152.52676392 95.80370331
v -70.28503418 -195.65766907 102.52868652
v -67.45710754 -195.66291809 104.44098663
v -70.08109283 -195.74641418 106.30938721
v -60.68369675 -186.38465881 54.53156662
v -63.59928513 -186.79914856 54.05769348
v -62.95462418 -184.69090271 56.60484314
v -73.18435669 -81.32928467 59.44765091
v -69.92275238 -80.10124969 59.29719925
v -70.55297089 -83.04457855 58.49438477
v -30.72097588 -6.60183620 109.54496002
v -29.94681168 -4.46164608 107.48952484
v -31.52741241 -3.10069942 110.63437653
v -39.88965225 21.35798645 100.30052185
v -43.20682907 22.93988037 100.57843781
v -41.15353394 21.48117828 103.26666260
v -31.71194077 -37.54454803 105.40618896
v -29.95451355 -38.79010010 102.34396362
v -30.74129105 -35.50630188 102.47704315
v -28.64715958 7.81052494 107.56093597
v -28.48015976 10.81794834 107.20397949
v -29.65516281 9.63980198 109.91059113
v -95.11284637 -28.97562408 103.67221069
v -97.01468658 -30.40267181 101.08824158
v -95.51586914 -32.09964752 103.11501312
v -101.67961884 -107.42784119 100.59612274
v -102.08222198 -110.99639130 101.38681793
v -99.38614655 -109.65277100 102.32259369
v -35.29955292 -189.76654053 106.76583862
v -37.29060364 -189.33491516 109.15274048
v -98.97160339 -106.19438171 101.06196594
v -91.27803040 -187.00315857 102.31644440
v -91.07300568 -189.66992188 104.90086365
v -89.39920807 -187.05441284 105.09534454
v -88.20262909 -185.36141968 102.25754547
v -86.37973022 -185.57966614 105.04067230
v -88.91229248 -99.87886810 102.03969574
v -88.25067139 -96.78284454 100.12992096
v -90.88542175 -98.37466431 99.93249512
v -85.51226044 1.82386863 57.39180374
v -87.75053406 -0.07588109 59.79885483
v -87.23433685 3.04029179 60.18340683
v -82.46858215 -187.02365112 59.00034332
v -85.25140381 -189.03190613 59.93064117
v -84.37106323 -186.09202576 61.49411774
v -81.01115417 21.43888855 99.97538757
v -83.53018188 20.65638733 97.05921173
v -83.22595978 19.04693604 100.32273102
v -64.70357513 -196.03016663 115.81506348
v -65.93331146 -195.52691650 118.33721161
v -68.67070007 -195.90766907 116.63451385
v -80.62496948 -87.70098877 57.81251144
v -83.77384186 -87.45950317 58.57072449
v -81.87829590 -85.06943512 59.38717651
v -48.60902405 -68.39284515 86.28897858
v -47.64451981 -65.69366455 84.73806000
v -47.67953110 -65.47003174 87.85498047
v -30.53471756 -40.70903778 104.83911896
v -29.88380432 -42.23996735 101.95369720
v -12.69562054 -109.87863922 59.37379074
v -90.39450836 -136.58671570 99.28269196
v -91.00969696 -135.58882141 96.39515686
v -88.99914551 -137.61495972 96.55110931
v -78.71728516 23.61208344 100.50740814
v -80.62593842 22.66818237 96.92001343
v -76.24310303 -195.73492432 106.05764008
v -78.52995300 -195.76966858 104.13756561
v -76.15550232 -195.64892578 102.25794220
v -79.02958679 21.53359985 102.84803772
v -28.13588715 4.19706059 108.03017426
v -27.44803619 2.96820164 105.06685638
v -26.98148727 6.17228031 105.46560669
v -72.94505310 -69.84558868 63.11973190
v -72.23438263 -72.92488861 62.03422928
v -75.66671753 -71.42836761 63.69970703
v -85.41381073 18.37418365 98.01643372
v -60.97959900 -69.07484436 99.18199158
v -63.82575989 -65.68306732 101.00460815
v -64.82246399 -68.67477417 100.16663361
v -48.73749924 -156.28741455 104.96975708
v -50.82257462 -155.02738953 106.74855042
v -51.84742737 -157.90687561 105.53062439
v -106.06007385 -108.95370483 59.74334335
v -107.68682098 -112.13322449 60.45726776
v -108.60951233 -109.21637726 61.58813095
v -116.48400116 -128.02586365 97.87736511
v -115.46409607 -128.29823303 100.39133453
v -117.58702087 -125.83303833 100.27201080
v -110.23857880 -106.87245941 99.50357056
v -107.85054779 -109.30591583 100.27989197
v -106.64331818 -106.12131500 99.63334656
v -79.38649750 -94.62142181 102.26897430
v -82.12009430 -93.05927277 100.24547577
v -82.19904327 -95.88062286 102.02242279
v -62.82241821 -130.27198792 63.85018539
v -59.53483200 -132.20033264 64.29828644
v -62.48857498 -133.68450928 65.28166199
v -76.19909668 -146.53833008 65.74760437
v -78.50744629 -148.63410950 64.84985352
v -79.26609802 -146.56335449 67.07915497
v -94.73658752 4.85398197 99.95095825
v -94.91756439 1.92505729 97.44503021
v -94.39389038 1.81996238 100.81227875
v -82.38474274 -195.62603760 98.35637665
v -79.59278107 -195.65141296 100.48671722
v -83.27207947 -195.73616028 101.48363495
v -42.24042130 -91.03646851 93.02542114
v -45.27628326 -89.82214355 94.15862274
v -42.87614441 -93.16248322 95.33418274
v -39.97900009 -153.89694214 93.90830994
v -40.22265244 -152.03326416 96.30522919
v -41.34972382 -155.61256409 96.55235291
v -37.07935333 -195.46467590 99.28096771
v -39.76425552 -195.52891541 101.17008972
v -39.99080276 -195.48092651 97.70664215
v -29.51061630 -28.06779480 96.96509552
v -29.28158760 -26.06272888 99.04589844
v -31.07154083 -28.64360046 99.97747040
v -27.14339828 -133.17814636 89.17322540
v -24.31352234 -132.79115295 91.52088165
v -26.20332527 -134.51799011 92.86785889
v -117.19297028 -112.98654175 98.01029205
v -114.27524567 -110.94306183 99.27206421
v -116.51189423 -109.09021759 97.34466553
v -86.69294739 -151.56822205 98.41460419
v -85.88960266 -147.50392151 99.25535583
v -87.77867126 -149.16213989 96.89758301
v -84.46654510 -89.87201691 96.84127808
v -84.26329803 -87.33293915 94.33124542
v -87.12536621 -89.05106354 94.84346771
v -63.43922043 27.34286499 102.16698456
v -66.09386444 27.26733398 100.03581238
v -66.28942108 26.16635132 104.10710907
v -68.36721039 -179.75335693 62.61209869
v -71.43772888 -181.25190735 62.04444504
v -71.82904816 -178.68515015 64.25382233
v -89.69222260 -126.56317902 67.48448944
v -87.81222534 -129.20910645 68.69400787
v -90.35369873 -128.73667908 70.74493408
v -91.18369293 -87.34506226 91.20021057
v -91.95869446 -85.30091095 88.62450409
v -94.39969635 -87.28713989 89.74989319
v -83.47816467 -52.20629120 95.43033600
v -83.85211945 -49.32864380 96.88314056
v -84.56613922 -49.50026703 93.79889679
v -62.61360550 27.96333313 95.34991455
v -59.80857086 28.38633728 93.34017181
v -62.68401337 29.05393982 92.48287201
v -73.43600464 -105.38132477 110.14444733
v -44.36965942 22.91310120 103.63813782
v -46.15240860 24.47907257 100.84798431
v -109.40529633 -98.25580597 65.30167389
v -106.54054260 -97.94505310 63.82279587
v -93.55024719 -133.90278625 98.44116211
v -96.54427338 -131.87756348 98.29730988
v -95.36865234 -131.73483276 95.40108490
v -45.26762390 -125.85843658 59.68371201
v -42.25289917 -125.47351074 61.21646500
v -44.53574753 -127.81430817 62.01311111
v -79.22919464 -63.87901688 97.47303009
v -79.24409485 -67.01153564 96.60523224
v -76.45251465 -66.05214691 98.84408569
v -79.91268158 -73.02990723 93.99613953
v -37.23817825 -183.92541504 100.18011475
v -39.22565079 -181.76591492 98.78579712
v -97.62937164 -95.01274109 94.93417358
v -94.21810150 -94.81130981 95.56718445
v -96.94909668 -92.54711914 93.38623810
v -68.81592560 -66.05959320 63.11901474
v -71.70701599 -66.16588593 63.47998810
v -71.50786591 -62.82125854 63.94503403
v -71.97593689 27.59022522 96.40093994
v -73.99567413 26.91157532 93.61936188
v -74.65445709 26.39131165 97.58721924
v -46.77042007 -94.72924805 99.08204651
v -43.86962128 -95.44569397 97.73600006
v -45.70248413 -92.31381226 96.73514557
v -111.53992462 -125.33209229 89.51168060
v -110.40067291 -126.50164032 92.66436768
v -113.49299622 -126.31318665 92.20426178
v -76.22583771 -57.49727249 104.69518280
v -78.67969513 -55.77009583 102.94950867
v -77.57093811 -58.25241089 101.63502502
v -35.57187653 -119.15303802 56.49500656
v -34.02229691 -120.14840698 59.25156403
v -46.39609528 -87.17362213 91.81872559
v -48.44707108 -87.90994263 94.05665588
v -51.51303482 13.83929539 61.23945999
v -52.07725906 16.65109253 62.78588486
v -49.40418625 15.17582035 63.34395981
v -52.73594284 -60.88883591 70.10898590
v -53.45776749 -58.01883698 69.01503754
v -51.19429016 -58.62531281 71.67035675
v -97.19637299 -130.20054626 93.96681213
v -100.03835297 -128.55496216 93.45124817
v -97.69204712 -129.17095947 90.72009277
v -92.86010742 -186.88790894 99.43408966
v -90.11120605 -185.61616516 99.34994507
v -82.63531494 -156.02465820 99.45566559
v -40.15875244 -177.41091919 90.07101440
v -38.47959137 -179.76441956 90.83781433
v -38.69607925 -178.90841675 87.29809570
v -85.80009460 -97.61531830 101.76527405
v -86.16526794 -100.27019501 103.56442261
v -83.27027130 -98.60421753 103.48164368
v -104.21137238 -128.89401245 99.37923431
v -105.02700043 -128.00971985 96.07436371
v -101.75768280 -129.19392395 97.65871429
v -29.48497009 -87.01171875 63.76810074
v -32.45969391 -86.34812927 62.86567307
v -32.19689560 -84.73168945 65.50017548
v -89.07477570 -137.11149597 90.46749115
v -86.78062439 -140.74163818 90.54399109
v -88.13085175 -138.50161743 93.35520172
v -83.85802460 -173.63768005 90.50916290
v -83.04442596 -174.27636719 93.77744293
v -82.34844971 -171.12870789 92.86865234
v -59.66542435 27.54208374 96.88838959
v -43.58350372 -183.78089905 64.03834534
v -41.03335190 -184.55790710 65.57324219
v -42.31130219 -186.02465820 62.09461594
v -53.67052460 27.50358582 96.36125946
v -51.00013351 26.98808289 98.68636322
v -49.33988571 26.56707764 95.78121185
v -34.36266708 -56.24494934 98.73973846
v -33.41366577 -54.63314819 101.82701111
v -35.35869217 -56.78162384 102.38673401
v -63.91637421 -145.77661133 65.86790466
v -60.68947601 -145.56794739 65.59233093
v -62.87178421 -146.72250366 62.83645630
v -66.64474487 -68.19132996 62.75673294
v -63.32083130 -66.92980957 63.41939163
v -63.55659485 -69.97000885 62.68800354
v -63.80740356 -163.84048462 65.59680176
v -60.69051361 -164.53527832 65.73300171
v -64.19789886 -167.14476013 65.34109497
v -43.06990051 -164.99136353 91.02906799
v -42.62910080 -164.55357361 87.87553406
v -42.75889969 -161.77456665 89.71115875
v -85.17034149 -145.18812561 85.98683929
v -85.21410370 -144.29428101 89.58425140
v -86.04270172 -141.92813110 87.68400574
v -42.17339325 -98.39675140 98.76837158
v -45.26016998 -97.68197632 100.08723450
v -92.98242188 -89.35404205 92.12450409
v -95.95939636 -89.76726532 91.57780457
v -93.56369781 -92.03276825 93.84944153
v -77.48960876 24.59383392 97.82550812
v -78.70743561 24.39008331 95.09331512
v -53.07839203 -51.99426270 67.82803345
v -53.40485382 -50.63321304 64.63559723
v -50.85019302 -49.93210983 65.96389008
v -97.08351135 0.36377040 95.54410553
v -98.49643707 0.83873075 92.35666656
v -99.28752136 -1.40180123 94.80014801
v -93.30847168 -132.91166687 92.65702820
v -95.25720215 -131.02571106 91.39450073
v -93.43775177 -132.37416077 88.73461151
v -99.43484497 -90.65336609 92.06842041
v -88.42528534 16.47343445 89.63996124
v -89.19938660 14.11973667 92.56536102
v -87.16678619 16.89438629 92.59719849
v -83.00897980 -170.36866760 89.64269257
v -81.85297394 -159.05558777 93.19940948
v -82.28395081 -161.79533386 90.26432800
v -81.25669861 -162.21791077 93.82837677
v -48.85874557 -82.47195435 89.12021637
v -48.18174362 -80.54650879 86.52646637
v -50.18887711 -79.58135223 89.12335205
v -46.01415253 -195.30015564 90.27716064
v -24.18779564 -107.67002106 90.26541901
v -25.69867134 -104.06501770 90.06774902
v -26.73257256 -106.47944641 92.34510803
v -66.75840759 -162.36610413 66.13945770
v -69.45496368 -163.97171021 66.73789978
v -70.46719360 -161.28195190 67.51290131
v -111.86454773 -127.37316132 94.87731171
v -74.13137054 -66.95983124 64.15007019
v -45.22855377 -171.32409668 97.07652283
v -44.25830078 -174.28443909 96.61717224
v -43.65015411 -171.27377319 93.87672424
v -28.46518898 -22.88593292 98.02549744
v -28.94393730 -23.96295166 101.30291748
v -111.24754333 -100.88415527 65.29292297
v -109.27749634 -103.69008636 63.09207535
v -8.93204689 -106.81626892 67.52891541
v -8.00713253 -109.99269104 66.86006927
v -9.44018459 -107.82763672 64.75570679
v -82.87174225 -60.86519241 90.40229797
v -82.12949371 -61.37076950 93.32604218
v -83.16116333 -57.52429199 91.65408325
v -72.68099213 -195.36734009 92.63773346
v -72.22260284 -195.49041748 95.81398773
v -75.82208252 -195.43016052 95.04186249
v -29.02628899 -27.47787476 93.81027985
v -28.67581367 -24.43842316 95.89474487
v -115.02587128 -127.24024200 94.90263367
v -116.95052338 -126.01101685 91.94715118
v -60.15581894 -161.32460022 66.16392517
v -94.15403748 6.75803471 94.54942322
v -95.25020599 2.88517857 94.30550385
v -95.08231354 5.17273808 96.81385803
v -80.13714600 -79.64154816 92.13861084
v -81.94371796 -76.59149933 89.59864807
v -82.05515289 -79.58222198 89.91551971
v -67.02015686 -195.20841980 88.94206238
v -69.96316528 -195.34640503 90.82507324
v -69.82476807 -195.21791077 87.12836456
v -78.00056458 -174.22779846 101.25083923
v -79.24290466 -170.86381531 98.59220123
v -80.04957581 -173.93188477 98.86672211
v -21.53064728 -116.51952362 86.69793701
v -22.60687256 -119.70142365 89.67409515
v -21.52879715 -119.52404022 86.77542877
v -107.98404694 -125.99684143 91.12795258
v -82.49800110 -153.28013611 70.94277954
v -80.26522827 -154.76091003 69.01182556
v -80.63327789 -157.15327454 70.73387909
v -95.28509521 -85.10169220 86.92276764
v -97.52812195 -86.25296783 87.84104156
v -45.59612656 -182.48242188 108.10524750
v -42.77215195 -182.93542480 106.28014374
v -45.36630249 -180.57316589 105.09774780
v -94.03125763 1.83841789 66.08065796
v -94.07769012 -1.31060708 66.51570129
v -96.66018677 0.41671839 68.39547729
v -25.65551949 -92.95096588 85.09905243
v -27.33561897 -95.55389404 86.85939789
v -24.38955879 -95.78874969 86.26848602
v -23.13924789 -117.92377472 92.33763885
v -24.17554855 -116.93547058 94.93163300
v -23.70372391 -119.91062164 95.48513794
v -96.26500702 -191.47039795 81.58714294
v -95.91885376 -192.51016235 84.49755859
v -96.65990448 -189.03640747 84.08671570
v -48.69534683 -195.13348389 87.71945953
v -49.10377884 -195.28515625 91.02886963
v -51.56015396 -195.14315796 88.54341125
v -40.78754425 -80.34010315 66.53722382
v -40.28926849 -79.60086823 70.31435394
v -37.83742142 -81.02449036 68.59619904
v -47.89419174 -48.65001297 66.88742828
v -49.77194214 -50.21448517 68.85323334
v -123.06407166 -115.74380493 74.75502014
v -121.82804871 -118.52090454 73.68434143
v -123.89044952 -118.65753174 75.98270416
v -74.58454895 -166.50140381 69.08829498
v -72.45208740 -164.07215881 68.08899689
v -71.02456665 -167.07528687 67.00637054
v -73.53361511 -169.69720459 67.99009705
v -72.86489868 -172.95252991 66.96317291
v -75.78935242 -172.20722961 68.75212097
v -82.28525543 -176.13368225 73.58976746
v -80.61437988 -177.37190247 70.19844818
v -83.43650055 -178.75289917 72.25124359
v -26.93808937 -15.93361568 83.14492798
v -27.43181419 -13.84781551 86.38259125
v -27.61113930 -17.37371826 85.70068359
v -116.72469330 -99.50536346 91.52684784
v -118.52378845 -102.80652618 90.89188385
v -116.74289703 -102.86756134 94.01456451
v -101.16168976 -19.04131317 88.27534485
v -102.24169922 -22.13157654 87.15784454
v -102.50397491 -20.77600861 89.91859436
v -45.92177582 -177.18138123 70.31432343
v -48.45022964 -177.37290955 67.96207428
v -48.55277634 -174.55006409 69.72979736
v -61.94994354 25.35261536 107.76926422
v -59.20976257 24.86157227 109.81031036
v -59.23702621 25.97920227 106.58182526
v -83.42380524 -170.43006897 85.75872040
v -83.87347412 -172.33659363 87.57157898
v -26.50326157 3.93537998 102.29260254
v -24.01404953 4.91388798 100.22397614
v -25.24726105 7.19072819 103.11011505
v -52.35084152 -70.65885162 68.54933167
v -52.95861816 -67.35143280 69.09995270
v -51.43891907 -68.03437805 71.40460968
v -68.14482117 28.70957947 91.39965057
v -70.34301758 27.83958435 88.97232819
v -71.26991272 28.02482605 92.66735840
v -63.88126373 -195.26391602 91.42090607
v -66.97174072 -195.29254150 91.88785553
v -57.56733322 -69.63198090 64.68218231
v -57.87939072 -72.47373199 63.46192932
v -60.45596695 -69.44293213 63.57625580
v -45.83848572 24.56908417 91.01078033
v -48.74824524 25.84307861 92.30220795
v -46.13306046 25.60719299 94.56584930
v -16.80959511 -91.56281281 71.94427490
v -18.84257126 -89.57409668 71.79830170
v -18.82006836 -89.58361816 74.92047882
v -35.67672348 -126.93939209 70.02768707
v -34.22297287 -124.74591064 67.20549774
v -32.75180054 -125.93836212 70.35986328
v -42.57122803 -167.45158386 86.38678741
v -42.75820160 -164.87004089 84.52304840
v -94.16510773 -192.87841797 96.50704193
v -93.64930725 -195.00541687 94.38709259
v -92.01544189 -195.32092285 97.85853577
v -20.03574562 -112.03170013 87.18453217
v -18.98424721 -109.25624847 87.14017487
v -22.14507103 -109.93946838 88.98471832
v -123.70311737 -122.84156799 92.75620270
v -122.56458282 -119.96984100 93.67262268
v -124.08549500 -120.90556335 90.25666046
v -94.33257294 -131.11416626 85.58171082
v -96.05092621 -129.99821472 88.24254608
v -82.89670563 -74.58599854 87.56393433
v -83.51114655 -72.16057587 85.52780914
v -84.49983978 -75.67564392 84.71022797
v -27.38968658 9.00151157 81.58718109
v -30.65413666 10.68503666 80.56562042
v -29.29916763 10.95831394 83.27454376
v -26.00661278 -7.62313747 85.99457550
v -25.42461205 -8.02091885 82.90093994
v -24.57714081 -4.78595638 83.75743103
v -69.39434052 -178.18792725 108.00049591
v -66.74430084 -175.99717712 107.46844482
v -75.75159454 -60.78428268 66.02896118
v -74.63594055 -63.67688370 64.88745880
v -77.94976807 -62.91698456 67.44183350
v -89.06817627 -181.20765686 82.72936249
v -90.02215576 -182.06965637 85.40975189
v -87.22587585 -179.23266602 85.04468536
v -85.21039581 19.33130646 84.44455719
v -87.03393555 18.15093231 86.88220215
v -85.01238251 20.99555969 87.29045105
v -83.27029419 -69.04487610 86.42597961
v -83.25809479 -66.30970001 87.03546906
v -83.75439453 -66.68409729 83.46464539
v -49.01904297 -68.40509033 79.64036560
v -49.62415695 -67.08927155 76.58308411
v -48.75888824 -64.63660431 78.29356384
v -30.70481682 -194.76290894 83.12973785
v -28.79580498 -192.05516052 82.68393707
v -29.43292809 -193.53666687 85.80283356
v -13.83654785 -123.95804596 85.58982849
v -11.03094864 -123.21221924 83.77877808
v -12.58897400 -121.68547058 85.98149109
v -94.59803772 -40.06676102 79.31332397
v -94.08509064 -40.37613678 82.29708862
v -96.03263855 -37.88613892 81.92989349
v -87.04135895 -155.37432861 86.67132568
v -87.19447327 -154.10621643 89.58471680
v -88.39465332 -152.11882019 87.24939728
v -41.93017197 -129.83003235 67.30258942
v -40.26649857 -130.62486267 70.45256042
v -42.89092255 -132.71763611 69.52053833
v -123.01016998 -121.97208405 82.30425262
v -125.76464844 -121.87625885 84.23864746
v -125.84626770 -120.60535431 81.44212341
v -51.17317581 -152.34283447 64.96345520
v -48.30685043 -151.15310669 65.68588257
v -49.40195084 -154.25251770 66.56670380
v -95.79837799 -187.82839966 80.89883423
v -46.30457306 -112.93902588 109.48417664
v -47.17772293 -109.81355286 108.17211914
v -49.27277374 -112.54217529 110.12379456
v -38.12900162 -151.42012024 92.73870087
v -37.86854935 -149.90231323 95.74870300
v -125.21924591 -117.72940826 82.37322998
v -124.34362030 -114.98723602 84.24520111
v -124.48354340 -115.05435944 80.82502747
v -113.70671844 -91.63365936 75.92436218
v -113.09661865 -90.31938171 78.64712524
v -110.82969666 -89.45420837 75.73637390
v -105.46956635 -8.35156155 81.42209625
v -103.52218628 -7.57006741 84.59395599
v -103.53003693 -5.40650845 82.01567078
v -64.26423645 -107.43817139 111.05432129
v -62.57640457 -110.30780029 112.06699371
v -61.00069046 -107.59954071 110.62403870
v -80.35073853 22.62905884 82.30923462
v -82.94624329 21.09642792 84.04976654
v -81.25143433 23.41608429 85.65692139
v -9.23244762 -108.72451782 79.55880737
v -9.12987041 -111.84011841 80.90087128
v -7.71464825 -111.10874176 78.01399994
v -83.97904205 -69.74340057 83.03633118
v -40.15174484 -86.14478302 85.44924927
v -40.80464554 -84.10261536 82.97257996
v -42.80051804 -84.91319275 86.01319885
v -36.80210114 -149.30340576 82.47683716
v -38.46402740 -151.53346252 80.01677704
v -38.12015152 -148.15925598 79.22881317
v -39.20111847 -48.58599091 74.20191956
v -36.45899200 -46.66056824 75.56423187
v -38.40581512 -49.19639206 77.03917694
v -28.58598900 -21.84181213 73.57149506
v -27.35489845 -23.36009979 76.52693939
v -28.98408699 -25.16597748 73.88285828
v -26.28403473 0.28415766 78.97637939
v -27.25028610 3.20858097 79.25294495
v -25.62501144 2.23115635 81.48155975
v -40.13546371 -177.10195923 83.70935822
v -38.09967804 -179.58091736 84.13664246
v -38.54530334 -179.47065735 81.22197723
v -93.98573303 8.62815952 81.81684875
v -92.46626282 11.46373081 81.61672211
v -92.74818420 9.64759159 78.98340607
v -73.97807312 24.78026581 75.65998077
v -76.34068298 23.08853912 74.34084320
v -76.63733673 24.39408112 77.61190796
v -64.35034180 -195.00091553 74.77210236
v -63.43795776 -194.97039795 71.73181152
v -61.05918121 -194.94078064 73.68614197
v -49.78967667 -162.54512024 101.65699768
v -51.90895081 -160.61906433 103.25852203
v -100.22726440 -7.56468105 75.27211761
v -98.72906494 -7.89379787 72.32373810
v -100.33059692 -10.60452938 73.95059967
v -105.82096863 -120.07077026 71.49372864
v -108.17149353 -118.83700562 69.70948792
v -105.16709900 -119.05415344 67.96146393
v -62.97999191 -182.22166443 112.66284180
v -82.94622040 -62.93281174 75.01841736
v -81.78759003 -60.67808533 72.78523254
v -81.87526703 -63.73955917 71.93888092
v -84.25769043 -52.60341263 80.69384003
v -83.37949371 -54.00903702 77.06600952
v -83.63239288 -55.11261368 79.94599915
v -62.33059311 28.98208618 89.01369476
v -64.42710876 28.10032654 86.73241425
v -65.24358368 28.89683533 90.27993011
v -35.16535187 -185.07141113 73.04711914
v -36.05785370 -185.49340820 70.22563934
v -37.29770279 -182.98191833 73.55994415
v -36.61562729 -58.47201157 96.79590607
v -34.96237946 -56.60624695 95.14453125
v -37.41414261 -40.49211502 77.37512207
v -36.36998367 -43.96579742 78.20856476
v -37.02494049 -42.99893951 75.40673828
v -95.77422333 -127.80465698 77.61679077
v -97.76805115 -126.74401093 79.08347321
v -97.50360107 -125.54041290 75.65968323
v -89.82590485 -185.34040833 70.53768921
v -87.78110504 -184.89715576 68.29389191
v -90.06867981 -186.73616028 66.94071960
v -32.68648911 -39.73847961 108.06903839
v -37.72379303 -88.23334503 86.03793335
v -38.04066849 -85.65461731 82.76401520
v -33.60831070 -132.86953735 82.70063019
v -36.31666183 -135.02816772 82.94933319
v -35.96512222 -133.27346802 80.51345825
v -81.24227905 -165.70466614 77.27853394
v -82.39630127 -165.59965515 81.66380310
v -81.86924744 -163.27665710 79.90816498
v -39.66979218 -52.04954147 78.92954254
v -42.86439133 -53.47061539 77.84852600
v -41.14962769 -50.71582413 76.45053864
v -18.88754463 -95.67214203 83.93564606
v -18.50139427 -99.11492157 84.81766510
v -16.36389732 -97.60327148 82.69261932
v -14.72734547 -96.31134796 79.75535583
v -12.58624458 -99.26226807 78.31970978
v -13.45009327 -96.52614594 76.83557129
v -33.20084381 -84.94609833 78.64941406
v -35.97989655 -83.37442017 77.28933716
v -36.30089569 -84.80316925 80.01570892
v -106.76244354 -120.89738464 75.21817780
v -104.21995544 -121.48898315 73.78867340
v -104.78189850 -122.32661438 77.05891418
v -84.76954651 -135.63470459 71.40288544
v -84.37922668 -133.62033081 69.49563599
v -81.69952393 -136.87170410 69.76483154
v -83.99474335 -55.03141403 83.27494049
v -83.50746918 -57.96696472 81.41447449
v -83.64714050 -58.35101700 84.78249359
v -39.59997559 -81.61309814 77.38465118
v -38.86502075 -83.37657928 79.86622620
v -26.93189812 -14.76220608 77.16983032
v -27.24874687 -12.93457699 79.98543549
v -26.50641441 -16.35781860 80.07401276
v -69.70053864 23.62744141 71.61370850
v -70.65201569 22.99678802 68.32516479
v -72.86814117 22.93737030 72.40756226
v -83.43674469 -51.98398590 74.63119507
v -84.97971344 -51.31706238 77.89404297
v -99.73899078 -19.98980713 71.56609344
v -96.97373962 -20.39968109 69.89556885
v -97.80733490 -22.99365997 72.43321991
v -89.89880371 -76.89007568 75.64341736
v -87.73289490 -75.37754822 77.01133728
v -87.45344543 -74.63262939 73.92300415
v -92.20021057 -43.75986481 85.72780609
v -92.33843994 -43.17071152 82.58486938
v -90.07965088 -45.74895096 82.88771820
v -88.21467590 -181.69140625 76.32749176
v -86.44882965 -180.97940063 73.78949738
v -89.38425446 -183.56265259 73.52534485
v -82.52903748 21.18264008 77.19386292
v -85.24900818 19.16711426 76.75557709
v -84.76663208 19.41423035 79.97129822
v -54.56660080 -194.87365723 76.02166748
v -58.21242523 -194.88641357 77.13895416
v -58.02659225 -194.89965820 74.41194153
v -48.54734421 -68.36677551 82.95423126
v -49.21100616 -71.17308807 85.21225739
v -46.40894318 -76.47218323 75.89126587
v -45.31604385 -78.49187469 78.28450775
v -43.46296692 -78.42877960 75.28598022
v -51.85357666 -159.05001831 68.99800110
v -47.40052795 -178.27966309 104.12949371
v -48.00911713 -180.39541626 106.99703217
v -55.95593262 -182.12692261 112.33024597
v -58.00640869 -179.81292725 110.18299866
v -59.39404678 -181.61067200 112.10544586
v -47.53052521 -160.00798035 73.24710083
v -48.06463623 -163.17198181 72.59188080
v -30.59635353 -186.56890869 79.40370178
v -33.20855331 -184.56040955 81.23059082
v -30.73877907 -186.15141296 82.37961578
v -55.03470230 -60.88875961 67.80105591
v -53.64579391 -63.51301193 68.91398621
v -9.63007355 -122.43404388 78.46218872
v -8.26869583 -122.04974365 81.55159760
v -11.44707108 -123.50786591 80.74504089
v -98.34063721 -30.03585815 77.91484070
v -99.16198730 -30.55296326 80.65251160
v -100.12483978 -27.39730835 80.51605225
v -93.84515381 8.09462833 76.00588989
v -91.94348907 10.38018894 75.83742523
v -93.36666107 6.96861362 73.27297974
v -14.83217239 -123.25469208 74.27532959
v -18.61769867 -123.71381378 73.65023804
v -16.39119720 -122.79451752 71.42366028
v -43.49481201 -135.48342896 71.38638306
v -45.58539963 -137.24082947 70.02191162
v -45.55021286 -134.78205872 68.12523651
v -41.84049988 -149.90745544 71.47075653
v -43.42067719 -146.76434326 70.57695770
v -41.33855057 -147.05781555 73.43865204
v -30.79537773 -187.20141602 76.56473541
v -33.19060135 -185.18041992 77.79561615
v -86.96137238 -147.88063049 74.79961395
v -86.27414703 -150.41865540 72.80875397
v -87.60445404 -150.91091919 75.80271912
v -97.22223663 -29.86847687 73.79660797
v -97.65478516 -32.33000946 75.83983612
v -81.17749786 -152.03520203 68.25980377
v -77.79360199 -154.09852600 66.91905212
v -46.69030380 -194.85266113 67.33573914
v -49.55648041 -194.83491516 69.78894043
v -49.72027969 -194.79403687 66.39075470
v -118.24172211 -117.32925415 69.26934052
v -121.00204468 -116.39375305 71.32073975
v -119.11804199 -115.15171814 68.56793976
v -27.24909592 -125.76952362 103.47515869
v -25.63827133 -126.15707397 101.43460846
v -25.76832199 -123.24142456 100.41196442
v -43.99375916 20.77156067 78.40080261
v -45.29393387 21.88555908 75.74598694
v -46.85848618 22.61463165 78.90547943
v -49.09544373 -71.34940338 82.06095886
v -36.45580673 12.41504765 76.63312531
v -38.00361252 14.95295048 76.06558990
v -36.49723434 14.05808353 79.81127167
v -30.77950478 -192.06440735 75.14800262
v -29.68875313 -189.60691833 77.46844482
v -29.67595482 -192.17765808 79.11784363
v -102.97134399 -84.85440063 80.31336975
v -105.71364594 -85.83007050 78.36083984
v -105.43209839 -86.25372314 82.24473572
v -94.34845734 -192.81040955 76.28756714
v -91.87920380 -194.82141113 74.90164948
v -92.53987885 -195.06365967 78.01932526
v -70.00225830 26.51519775 76.94168854
v -66.95893860 27.13908386 77.44311523
v -68.06265259 25.36108398 74.20023346
v -66.05801392 24.29383850 71.85988617
v -55.32368469 -194.86790466 69.95306396
v -55.75814819 -194.87916565 72.95506287
v -58.75883865 -194.90115356 70.81951141
v -12.88757324 -122.15103912 71.78888702
v -11.33187103 -122.37839508 74.82402039
v -82.09066772 -51.00201035 71.13493347
v -84.62065887 -49.86527252 72.31427765
v -72.92126465 -195.83442688 107.77641296
v -73.11503601 -195.94342041 111.13414001
v -75.55260468 -195.91142273 109.04193878
v -33.00296021 -28.95027924 66.17173004
v -31.98144150 -29.65211487 69.34916687
v -32.83213806 -32.11271667 66.80149078
v -16.04239464 -93.15403748 69.13847351
v -14.77664661 -94.04051208 72.18552399
v -14.04389668 -95.85635376 69.48733521
v -89.13414001 12.03358555 71.46017456
v -90.17858887 10.40338993 68.80200958
v -91.16894531 10.26957035 73.17383575
v -24.99679947 -124.98789215 73.65268707
v -24.43917084 -125.98023987 76.66387939
v -27.82977295 -126.74706268 76.04926300
v -120.69704437 -103.69203186 75.73764801
v -121.84159851 -105.29678345 78.38933563
v -120.72394562 -101.79373169 78.24979401
v -40.92010117 -176.88331604 80.57448578
v -41.61375427 -173.98854065 84.19923401
v -94.23129272 -32.08134460 67.34848022
v -94.35175323 -35.45384979 68.94650269
v -95.23969269 -32.60485840 70.17889404
v -78.33162689 -174.78883362 69.74654388
v -75.67285156 -175.31491089 67.64929962
v -85.03643036 -195.07865906 73.49449158
v -81.30068207 -195.06089783 74.60055542
v -83.51450348 -195.08840942 76.67517853
v -80.04303741 22.65223694 78.81568909
v -77.66988373 24.16158295 80.63234711
v -76.55300140 -195.88992310 112.14577484
v -78.66567993 -195.81442261 108.87526703
v -8.99672318 -121.20253754 72.42736053
v -8.26287079 -121.57904053 75.88221741
v -52.46213531 21.82660675 70.23058319
v -54.70704269 20.43636322 67.49932861
v -56.01240921 22.29991913 69.47147369
v -45.40207291 -142.18188477 73.19813538
v -44.23737335 -143.81141663 75.49074554
v -44.44025040 -145.34854126 73.22455597
v -26.62971306 -19.44681549 71.67242432
v -28.61600685 -17.06817627 70.39662933
v -27.48741722 -16.71710205 73.99814606
v -90.35159302 -77.58702087 72.44242859
v -87.83428955 -76.33365631 70.85774994
v -90.06034088 -79.26778412 69.49850464
v -95.62008667 -23.15885925 70.06401825
v -95.42316437 -26.35973358 70.66124725
v -84.03174591 -140.27215576 74.58707428
v -81.43499756 -140.60606384 71.63615417
v -82.30559540 -143.21096802 73.43115997
v -85.89163971 -72.69193268 76.83708954
v -84.66316986 -69.54370117 76.94271851
v -85.44464111 -71.73300934 74.12424469
v -30.91139603 -126.88874054 73.62944031
v -30.03344727 -125.27811432 70.90779114
v -27.94659805 -125.72781372 73.38925934
v -84.64533997 -40.31387329 109.59779358
v -86.51159668 -42.87654877 107.26380157
v -83.79561615 -43.49740601 109.38066101
v -35.74843216 -34.82024384 76.78050995
v -35.26778793 -33.06398010 73.96305847
v -33.55062866 -32.32675934 77.18379974
v -43.31782913 -168.42460632 80.62866974
v -44.38821411 -167.58334351 78.05612946
v -43.43894958 -165.19660950 81.00518036
v -84.06855011 -145.55946350 75.47866821
v -87.32320404 -147.13215637 77.47159576
v -81.73645020 -115.93812561 114.17001343
v -8.00199890 -120.12921143 68.61286163
v -5.76497221 -120.22591400 71.15348816
v -96.82644653 -130.68496704 110.22446442
v -97.70420074 -133.22262573 109.06748962
v -95.84207153 -134.56861877 111.06661224
v -75.34300232 -53.96891022 66.45222473
v -72.31368256 -54.71634674 65.01461029
v -74.90029144 -57.43460846 66.19078064
v -31.98396683 -45.56957626 107.45696259
v -30.13439178 -30.78876495 72.14504242
v -30.32382011 -27.29595184 71.06218719
v -29.05624008 -28.43469238 74.02896881
v -117.03131866 -116.03363037 66.21696472
v -32.52884674 -128.30178833 75.57952881
v -32.60499954 -129.46504211 77.98186493
v -35.46402359 -129.66604614 75.17026520
v -95.94270325 -191.04040527 78.52843475
v -95.40255737 -190.06390381 75.16218567
v -84.12310791 -67.40515900 79.83913422
v -84.82775116 -70.80143738 79.87339020
v -60.74805450 -158.30709839 64.81275177
v -57.66032410 -159.06683350 66.38130188
v -60.57747650 -167.63728333 65.52444458
v -57.55373001 -166.14326477 66.31452179
v -56.84909821 -169.73106384 66.24160767
v -96.18574524 -125.17350769 72.58781433
v -94.76985168 -127.31213379 74.59594727
v -79.42800140 -167.10520935 97.49205017
v -78.00452423 -164.48724365 99.13422394
v -79.85917664 -163.33297729 96.78430176
v -93.49649048 -41.37670898 73.85283661
v -94.74484253 -38.37711334 73.34361267
v -93.19583893 -38.74536133 70.67349243
v -91.53321075 -37.06706238 64.00961304
v -88.42504120 -35.61813354 61.69166565
v -88.40863800 -38.43815613 63.73651505
v -63.58894730 26.79508972 81.17802429
v -60.47992706 27.08708191 82.64970398
v -60.66822815 26.86483765 79.25067139
v -32.36230469 -191.31690979 71.62654114
v -32.93595505 -194.23165894 73.68246460
v -34.67322922 -194.34240723 70.99591827
v -86.19238281 -195.16691589 79.84248352
v -88.91535187 -195.30241394 81.09423828
v -89.49975586 -195.10940552 77.69387817
v -21.29729462 -87.67891693 72.70347595
v -21.53399277 -87.80671692 76.00822449
v -35.20431519 -41.05564499 79.72182465
v -22.82589340 -89.59114075 64.38114929
v -20.82729530 -91.89261627 63.01217270
v -23.66703033 -91.16194916 61.84095001
v -92.15126038 -23.59375763 61.43627167
v -90.56298828 -26.97340393 60.81282043
v -92.58783722 -26.87571716 63.04957199
v -92.69108582 -31.75135803 64.52459717
v -91.67523956 -30.16325378 62.21279526
v -92.29054260 -34.32935333 62.58476639
v -79.85846710 -54.23118591 70.33709717
v -81.72134399 -54.19946289 73.20843506
v -74.32098389 -180.55316162 63.64309311
v -75.43565369 -182.63290405 61.70164490
v -77.65562439 -181.69140625 63.95756912
v -54.63043594 -55.32906342 67.64553833
v -57.59141541 -55.33135986 66.02658844
v -55.82499313 -52.57581329 66.19026184
v -12.97789764 -120.77831268 67.12376404
v -14.91324615 -121.81964111 69.05443573
v -16.22984695 -120.95256805 66.09243774
v -70.00051117 -69.33757019 62.59931564
v -72.86105347 -60.36441040 64.70413208
v -38.66959763 -103.83249664 100.92436218
v -36.60232162 -106.20449829 101.31324768
v -35.21832275 -104.23069763 98.99697113
v -27.77508545 2.26018620 76.34979248
v -28.53496170 4.97956181 77.24350739
v -48.53077698 -145.09481812 68.15305328
v -45.84090042 -146.64236450 67.91330719
v -48.61176300 -147.47438049 65.15605927
v -50.79507828 -194.71940613 62.52743912
v -52.65940475 -194.78015137 65.04084015
v -54.40036774 -194.72515869 61.95344162
v -51.71069336 -90.41072083 98.47407532
v -55.07808304 -90.80682373 99.91786957
v -52.11632156 -92.67328644 100.39801025
v -25.26034164 -5.05903530 67.49114990
v -26.93688583 -5.90296841 64.90910339
v -27.31247330 -2.68084621 66.60501862
v -85.01607513 15.40023136 68.23967743
v -85.73728180 13.37851810 65.83298492
v -87.94623566 12.40149021 67.61018372
v -59.46185684 -153.81492615 109.78700256
v -79.39804077 -49.27335739 62.56659698
v -77.26089478 -51.22083282 63.75636292
v -79.86128998 -50.97190857 65.58418274
v -83.45757294 -158.77963257 84.07200623
v -82.39875031 -160.10206604 80.09725952
v -82.47714996 -161.89459229 82.93024445
v -56.92716217 -151.46897888 61.91289520
v -56.35338974 -154.17073059 63.29015350
v -59.83368683 -153.73715210 62.46420288
v -65.91560364 -185.84513855 55.56953430
v -80.35342407 -182.88441467 107.04936981
v -79.52883148 -180.62916565 104.86931610
v -82.28487396 -182.08941650 104.08454132
v -79.44257355 -164.29374695 74.34526825
v -79.70294952 -160.78630066 74.60797119
v -77.56627655 -162.29771423 72.20414734
v -76.35914612 -83.72381592 59.06640244
v -73.64294434 -84.75526428 58.36115265
v -63.55006027 -150.12513733 60.67432785
v -63.28441238 -153.07670593 62.11520386
v -66.42340088 -151.33850098 61.41061020
v -56.80078125 -79.12210083 60.28670502
v -58.17882919 -75.35122681 62.00317764
v -55.41563797 -76.81098175 62.06307983
v -34.54969406 -30.85379028 64.32715607
v -8.47054577 -114.12236786 62.84995270
v -8.87172222 -110.88136292 63.80814362
v -7.48379803 -112.94191742 65.72986603
v -11.47409630 -102.44246674 79.16246796
v -13.98599434 -99.41384125 80.86531830
v -29.99099731 -128.26795959 77.64694977
v -32.01104736 -130.64389038 80.60806274
v -30.87000656 -31.13584900 75.44496155
v -31.05915451 -30.35964966 78.80702209
v -69.66976166 -146.70922852 64.04827881
v -71.74656677 -149.04045105 62.17303085
v -72.99576569 -146.75013733 64.66755676
v -39.77087784 -179.11666870 78.09117889
v -62.41036606 -194.79290771 58.16884232
v -60.51008987 -194.81015015 60.65286636
v -63.40997696 -194.81240845 61.17604065
v -47.57519531 -62.10633850 79.73049927
v -46.59309006 -58.75371552 78.59543610
v -45.89422607 -60.47583008 81.84065247
v -57.97446823 -148.78781128 61.01735687
v -60.33559036 -151.11888123 61.06595230
v -61.20176315 -148.14414978 60.93117905
v -13.31492043 -102.12821960 81.50260162
v -14.65857124 -103.83976746 83.56063080
v -12.14339638 -105.06117249 81.71504974
v -35.35563660 -3.12066555 60.26047897
v -37.45241165 -3.07958126 57.30093002
v -38.41586304 -2.02667904 59.81360245
v -40.16656113 -195.02679443 81.14130402
v -37.27627945 -195.07391357 82.35462189
v -40.85290527 -195.07691956 84.25424957
v -45.72932816 -184.89414978 61.37434387
v -45.82373428 9.90516758 62.86955643
v -43.39635849 7.26559544 63.42905426
v -44.98118591 7.04739475 60.53187943
v -63.03503418 27.31858826 84.36585236
v -66.04701996 27.24284363 84.09889984
v -92.27253723 -13.13345242 62.77427292
v -92.34181213 -16.78965759 62.38189697
v -94.74363708 -13.95895290 64.61064911
v -114.91187286 -91.76406097 81.01583099
v -113.97544861 -91.57988739 84.65918732
v -112.42859650 -89.76641083 81.86092377
v -29.21466827 -89.03546143 61.40779877
v -30.75219345 -91.14521027 58.73407364
v -88.82678986 -2.98886013 58.73710251
v -86.33853912 -0.99906832 56.80472183
v -38.83727264 -128.27340698 69.05061340
v -37.14574814 -129.04551697 71.98623657
v -57.91909409 -48.48933411 58.60581207
v -58.71631241 -50.66159821 61.32799530
v -60.60430908 -50.01164246 58.74333572
v -61.12239075 -144.34359741 114.47980499
v -60.30451202 -145.38714600 111.56945801
v -57.93598557 -144.23229980 114.45783234
v -42.11781311 -1.60018075 54.30005264
v -102.44394684 -111.76354980 56.68029404
v -101.08931732 -115.30655670 56.03599167
v -103.66796875 -115.14232635 57.62984085
v -103.16999817 -108.55178070 57.83411789
v -101.69017029 -105.36625671 57.81924438
v -100.19779205 -108.63657379 56.06449509
v -70.00009918 -183.67115784 58.73644257
v -68.45550537 -181.97267151 60.50005722
v -43.51751328 -32.84413910 56.68261719
v -41.83828735 -31.72486115 59.26609421
v -42.05669022 -35.30406189 58.87129211
v -56.79246902 13.10706425 57.79015732
v -58.44087219 11.13470554 54.98448181
v -59.58337402 13.63889408 56.14796066
v -49.60176849 -63.16508865 75.61003113
v -61.54156494 -192.56440735 52.74505234
v -59.85028076 -194.46714783 54.50424194
v -62.57536316 -194.58265686 55.16126633
v -42.62163544 19.77945709 75.39221191
v -42.37990952 17.53323364 72.90596008
v -44.51287079 20.09343719 72.90002441
v -46.24297333 -123.40718079 57.52488708
v -42.83836746 -123.68756104 58.33507156
v -120.34473419 -122.61621857 83.63780975
v -119.72380066 -123.87081146 86.47077942
v -123.18759918 -123.40895844 85.45024872
v -20.52599716 -112.81494904 53.44631577
v -22.47997284 -115.27128601 52.86336517
v -23.16156960 -110.89415741 52.92374039
v -42.65466309 -30.29008484 56.73486710
v -42.31831741 -80.32779694 77.82966614
v -40.39336777 -79.85921478 74.44038391
v -86.20002747 -35.16301727 59.52622986
v -84.67051697 -37.70645905 58.41409302
v -85.84001923 -38.52405548 61.50191879
v -109.59734344 -88.20683289 82.54187012
v -110.43949890 -88.27718353 79.03610992
v -86.02101135 -32.00595856 56.93647003
v -84.50686646 -34.78865814 56.77439117
v -84.88083649 -92.06191254 98.43834686
v -88.08322144 -91.51444244 96.45989990
v -87.80929565 -94.01446533 98.48792267
v -76.06034088 -41.08570480 54.52553940
v -76.14151764 -43.99153137 56.28339005
v -79.36681366 -42.44015503 55.63726425
v -79.68898773 -117.03467560 52.30755234
v -76.58359528 -117.41632843 52.66771698
v -79.77829742 -118.33663177 55.41371536
v -26.80131912 -90.43952179 83.52363586
v -23.22884560 -91.45221710 83.44322968
v -62.51146698 15.01998997 56.22533417
v -61.79644775 12.14087009 54.33978271
v -65.22457886 13.48334599 54.39448166
v -45.05041504 -30.73667908 54.75281906
v -45.81974792 -34.06663513 54.30486298
v -40.42608643 -1.47658455 56.92009735
v -41.00296402 -0.40888891 60.21720886
v -33.48549271 -45.13311768 84.34640503
v -32.90256500 -47.06291962 87.16606903
v -34.16414261 -48.46298218 84.58014679
v -31.57061195 -10.05163479 58.19297791
v -33.55956268 -7.68662930 58.13235092
v -31.00285149 -7.87419796 60.66379547
v -63.66833496 -47.60608292 56.49641418
v -67.11309814 -47.90517044 55.70514679
v -65.10265350 -45.66908264 54.32591248
v -36.47498703 -11.37300777 53.78932571
v -34.57361221 -13.42918301 56.21969986
v -37.40696335 -13.94498348 54.78670120
v -30.79916191 -26.36479950 102.31842041
v -84.93025970 4.90596867 57.76383209
v -86.02518463 8.49439335 56.90693283
v -87.05576324 6.74582767 54.90660477
v -74.85249329 -40.31747818 51.96746445
v -76.66629028 -37.88360596 53.04351425
v -52.13903427 6.53149509 55.94420624
v -51.43391037 5.41597080 53.00561905
v -54.00865936 7.31329441 53.34640503
v -48.37794113 -27.77235413 52.04394531
v -47.21083832 -31.55415344 52.56109238
v -49.69206619 -30.70034027 51.31566238
v -90.51379395 -81.23593903 84.32395935
v -89.91399384 -83.06272125 87.03272247
v -87.24121857 -80.89498901 86.22751617
v -59.01172638 7.36011600 50.45460892
v -59.26926804 4.24533939 50.25638199
v -61.70490646 5.34869480 51.15300751
v -43.29931259 -12.96272945 52.68869781
v -40.14876175 -13.68373013 53.67032623
v -42.18836212 -16.22310638 53.72442245
v -36.39122009 -117.57727814 53.14641571
v -38.25857162 -119.42853546 55.20198822
v -31.08131790 -90.50051880 84.50055695
v -29.16690826 -88.69074249 82.41684723
v -32.66072083 -88.37211609 82.95700836
v -87.54148865 3.73404026 55.08925629
v -40.50626755 -57.41357040 84.68630219
v -37.27342224 -56.53997803 87.46018219
v -39.76981735 -58.76926422 87.82569122
v -46.90737534 2.13987064 52.77472687
v -40.04818726 -142.35969543 112.25592041
v -41.94625092 -142.40483093 114.82155609
v -43.18713379 -143.11241150 111.72348022
v -82.62760162 -165.02629089 84.61107635
v -82.64140320 -162.44696045 86.42225647
v -89.66847229 -106.15802765 52.54021835
v -87.00248718 -106.46195221 51.60676956
v -88.32859802 -109.37895203 51.14551926
v -78.67243195 18.14101410 58.84543228
v -81.33978271 16.99836731 57.03240967
v -81.97378540 17.74678802 60.13503265
v -89.29933167 15.21503544 86.60104370
v -60.79431915 -42.15520477 52.65969086
v -59.75594711 -38.70063019 52.45996475
v -57.98443985 -41.02922821 54.01433945
v -95.23462677 -12.73184872 43.69712830
v -92.25899506 -13.24690151 44.28385925
v -94.60958862 -15.64644527 43.61944962
v -61.45718384 -195.58616638 102.39216614
v -64.61077881 -195.64491272 103.51986694
v -64.30132294 -195.54167175 100.26506042
v -94.84952545 -115.26186371 52.94549179
v -70.16300964 -94.35137177 103.75712585
v -70.40599823 -96.79742432 105.32857513
v -67.30139160 -95.22562408 104.28649902
v -48.31487274 -116.67218018 49.98776245
v -45.67364502 -117.16088104 50.82171249
v -47.87852097 -118.72653198 52.90808868
v -52.37701416 -26.09978485 48.85139465
v -51.31621552 -28.64493561 49.90764618
v -55.31815720 -27.49530029 49.33148193
v -91.26289368 -109.07210541 52.28386688
v -37.43980408 -195.19866943 89.35610962
v -39.97240448 -195.30491638 91.59963226
v -40.05472946 -195.16491699 88.32222748
v -83.50878906 -15.44442654 49.05954742
v -81.16909027 -13.92082882 50.38042450
v -74.98484039 -21.91150665 48.55879593
v -78.98008728 -23.26763153 49.54374313
v -78.63147736 -20.51596832 49.25958252
v -61.82725143 -116.18800354 48.77616501
v -60.10233307 -114.90395355 46.17704010
v -58.82744980 -116.19684601 48.99766159
v -48.31914520 -102.22937775 48.93789291
v -51.39459610 -100.77017975 49.08497238
v -48.57259369 -98.71838379 50.35277176
v -15.80179501 -114.98001862 86.16219330
v -19.11867142 -114.63800049 86.79833984
v -17.88577271 -117.43574524 86.70901489
v -38.05974960 -92.26270294 90.71460724
v -34.58944321 -94.73827362 90.22087860
v -35.58396912 -92.18791962 88.57327271
v -60.85545731 -101.67147827 49.20899582
v -61.06077957 -98.04075623 50.66277313
v -58.31232071 -98.55113220 49.90758514
v -91.82632446 -132.01943970 79.30606842
v -90.47142029 -134.42436218 82.93364716
v -92.44754791 -132.22930908 82.45378876
v -54.51869583 -7.22370815 47.84657669
v -55.50128174 -10.38982296 46.64667511
v -57.50558853 -7.85800076 47.13150406
v -115.28359222 -96.22741699 90.76148987
v -113.68219757 -93.51876068 89.76823425
v -115.49224854 -94.06703949 87.04011536
v -91.49933624 -18.03347778 49.98259735
v -92.21060944 -16.47000122 52.69749832
v -95.18196106 -17.18390656 51.03532410
v -57.55634308 -195.20841980 91.57380676
v -59.30094910 -195.30459595 94.03131104
v -60.72432327 -195.20416260 90.40738678
v -53.80255508 -37.78220367 51.31671524
v -54.43800735 -40.75083542 53.45961380
v -56.60754013 -38.56293488 52.10129166
v -56.89741898 -21.70465851 48.27744293
v -54.62614441 -19.40745544 47.33224869
v -53.49318695 -22.10485840 47.71556854
v -49.47167206 -25.35749817 50.89641190
v -88.67848206 -79.02800751 82.84703064
v -16.59284401 -111.86901855 86.25238037
v -20.60696983 -100.71893311 86.42843628
v -21.19149590 -97.10147095 85.67633820
v -64.56834412 10.56471348 53.20635605
v -66.35290527 9.93633366 50.26362991
v -66.74627686 12.94542789 51.34644699
v -110.65531921 -95.65746307 94.67819977
v -107.08714294 -97.03646851 96.55332184
v -107.32267761 -94.39747620 94.79547119
v -66.42755127 -112.83560181 47.93451691
v -63.88718414 -115.38703156 47.15324020
v -66.45778656 -116.07465363 48.18146515
v -42.93324661 -107.35390472 47.84911728
v -45.91299820 -106.86602783 47.43071747
v -44.94507217 -104.03918457 48.74424362
v -42.83556366 -63.08916473 97.81797028
v -42.58679199 -62.83369827 101.73830414
v -45.05721664 -64.45177460 100.31775665
v -39.59926605 -60.00907135 90.99710846
v -43.10779190 -61.15771866 88.74482727
v -75.51623535 2.20377445 45.33967590
v -72.95465088 0.26900569 43.27227020
v -75.98721313 -0.93205172 45.71972656
v -60.65147781 -7.66248989 47.41968155
v -59.40428543 -4.95697689 48.02132797
v -30.65436935 -29.33453369 85.03804779
v -29.81523895 -29.40367126 88.23039246
v -30.63758850 -32.75506592 86.16469574
v -52.78207779 -163.76152039 103.65027618
v -50.68460083 -165.98631287 102.41964722
v -63.79170990 -17.79597473 46.78290939
v -64.04133606 -14.96149349 46.89715958
v -61.23228836 -16.90797424 46.97228622
v -43.36362076 -110.59477997 46.71159363
v -45.41297150 -112.95225525 45.68816757
v -46.68824768 -110.04856873 46.21000671
v -79.64904022 2.02835178 47.60657883
v -82.38455200 1.25373924 47.16987991
v -82.58000946 4.75734806 48.06632996
v -110.98779297 -89.66293335 84.98066711
v -112.67366791 -91.54151154 87.39962769
v -109.26234436 -89.53411102 87.72154236
v -50.86424637 -118.18028259 52.24731445
v -42.90810013 -158.96876526 91.95816803
v -43.86804962 -158.71159363 95.04957581
v -43.55934906 -161.96606445 92.96730042
v -40.09345245 -156.90899658 91.09780121
v -41.02894974 -156.94337463 93.99147797
v -60.59858322 -110.80760193 46.60556793
v -62.73982620 -113.30207825 46.58934402
v -75.88513947 -195.33543396 91.61258698
v -75.79577637 -195.26094055 88.41553497
v -72.77018738 -195.26191711 89.44554138
v -84.60611725 -51.53616714 88.72813416
v -83.98544312 -52.92971802 92.00221252
v -84.90694427 -49.81048965 91.06108093
v -88.25392151 -102.53123474 104.34034729
v -84.48731232 -102.10311890 105.52388000
v -92.53537750 -185.36491394 92.68442535
v -95.14285278 -186.58341980 90.33023071
v -94.98467255 -186.82945251 93.61096191
v -71.90063477 6.53977299 43.99285507
v -68.50272369 6.75354862 45.65499496
v -69.40216064 3.90647221 44.49173737
v -42.59967804 -56.24376678 81.07837677
v -43.32002640 -58.62826920 83.40521240
v -44.61546707 -57.96419144 80.80844116
v -69.28110504 1.24704826 42.54562759
v -67.82263947 -1.97075570 41.85483170
v -71.24133301 -0.85020357 41.20415115
v -51.43580627 -180.03300476 108.47483826
v -50.30537796 -178.27616882 106.16809845
v -30.35354614 -115.41832733 102.33798981
v -31.77142334 -117.53514862 104.64626312
v -28.80107117 -118.73870087 102.38021851
v -68.72105408 -23.46485138 124.53947449
v -63.53879166 -26.21936035 122.44507599
v -61.06929779 -24.57052612 122.88139343
v -63.42694092 -23.53678131 124.72351837
v -50.79790115 -20.99938965 122.57109833
v -48.92515182 -19.19698334 123.43551636
v -52.46071243 -18.50888062 124.37952423
v -69.95637512 -7.27133846 126.07404327
v -72.22335815 -10.51870632 125.17253113
v -68.82721710 -10.21310329 126.74382782
v -80.36962891 -12.63312435 118.85482025
v -77.97126007 -12.62147427 120.84562683
v -80.30461121 -9.56455135 120.05564880
v -55.63096237 -49.45175552 122.03298950
v -52.48111725 -50.70652771 119.93833923
v -40.00844574 -45.96616745 115.88581848
v -39.97950363 -48.95404053 117.90724182
v -65.81095886 -54.27312851 121.72908783
v -67.70253754 -55.94245148 119.45461273
v -64.79417419 -56.73062515 120.00908661
v -51.04810333 -195.00491333 84.90915680
v -75.04047394 -11.42299557 123.17212677
v -74.81169891 -138.85685730 121.25045776
v -77.19527435 -136.80563354 120.96913147
v -84.72829437 -130.61849976 118.48555756
v -85.11042023 -127.42262268 117.37281036
v -87.53672028 -129.55940247 116.77069092
v -52.29980087 -172.76512146 104.25366974
v -54.54307938 -169.78083801 104.80929565
v -56.12976074 -172.09492493 105.60459900
v -48.38808823 -28.41773224 118.73934937
v -92.55152130 -126.73602295 113.03766632
v -92.34542084 -129.98004150 114.03008270
v -90.07184601 -128.35099792 115.03093719
v -53.09215164 -143.35694885 117.36166382
v -53.06715012 -140.78642273 118.77960968
v -55.90961075 -143.46929932 117.54245758
v -63.57465744 -170.36054993 106.23085022
v -60.85770035 -168.42411804 105.98034668
v -89.92904663 -124.84592438 114.18540955
v -92.55827332 -123.43809509 112.06291199
v -42.83448792 -32.29207611 122.00989532
v -46.13325882 -30.20149231 120.67169952
v -46.08578873 -33.36892700 121.51099396
v -104.23189545 -96.08011627 96.04317474
v -101.07569885 -95.68524170 95.51119995
v -103.85469818 -93.59526825 94.40148163
v -34.68669891 -134.66142273 113.25856018
v -33.23547363 -137.30702209 113.05798340
v -31.56662560 -134.92602539 111.11473083
v -64.68408966 20.97517395 114.54415894
v -65.48728180 23.00717926 111.46251678
v -67.69795990 21.21972656 113.10613251
v -43.76813507 15.02761936 115.47263336
v -45.61455917 13.32739353 117.90285492
v -42.60288620 12.70147038 117.73246002
v -39.80709076 -23.83652496 112.09544373
v -42.07471466 -24.73809814 114.68791199
v -42.42187119 -25.69506073 111.56615448
v -75.00519562 -121.66752625 117.43006897
v -72.90744781 -124.77047729 118.61853790
v -71.77561188 -121.94682312 117.67674255
v -81.90989685 -122.11722565 116.74116516
v -84.63645172 -123.92916870 116.41651154
v -82.07180023 -125.33012390 117.85240936
v -78.56704712 -115.10822296 114.45926666
v -77.04394531 -112.63222504 113.61311340
v -80.43518066 -113.03397369 113.12325287
v -70.36035919 -104.91889954 109.98559570
v -70.70619202 -107.61908722 111.41673279
v -46.70030975 16.05931854 116.17758179
v -45.64263535 17.93986511 113.53721619
v -91.41576385 -13.83470058 53.57717514
v -89.16809082 -11.19212246 53.32569885
v -92.90849304 -11.60781765 51.79347992
v -36.76476669 -35.68936157 73.63598633
v -34.87615967 -33.79167938 70.84430695
v -64.84381866 -15.41509151 126.89305878
v -62.19554901 -10.27100277 47.81862259
v -65.34141541 -9.61910152 47.39429855
v -63.89850998 -7.15753841 48.14586258
v -64.83245850 -0.47576818 126.14885712
v -64.55907440 -3.70077419 126.60654449
v -61.79315186 -2.35987759 126.49585724
v -64.60368347 -43.95265198 125.50918579
v -63.79676056 -41.10162735 125.27261353
v -71.06320190 -31.67273712 122.51539612
v -73.70378876 -30.55672455 121.35256958
v -72.87104034 -34.00696564 121.83718872
v -40.95189285 -13.88736629 121.20374298
v -42.86380768 -11.57352352 122.85209656
v -44.74762344 -13.95503139 123.46264648
v -77.13758850 -46.88497543 116.01783752
v -74.92239380 -45.45802689 118.67263794
v -77.45558929 -43.59752274 116.79859161
v -59.52450562 -30.33998108 120.75291443
v -60.75579453 -27.25827026 120.84096527
v -76.42393494 6.67959690 48.62737656
v -79.57182312 8.20322514 48.17664337
v -76.81865692 9.57849216 49.91168976
v -83.52783966 -13.24921322 117.20269012
v -83.19886017 -10.44840145 119.10964966
v -86.05413055 -11.28169155 118.50261688
v -81.56906891 -119.09352112 115.56604004
v -37.59831238 -20.16667938 115.25954437
v -35.03560257 -20.26922607 112.70680237
v -51.47359848 -143.76132202 115.14865875
v -48.39790726 -143.42593384 115.26056671
v -49.93623352 -142.09736633 118.61589050
v -71.44244385 -95.22054291 54.36001205
v -68.96811676 -96.67897797 53.59088516
v -71.35814667 -98.45861816 53.27103043
v -87.39603424 12.84152317 110.74560547
v -88.49713898 10.63295841 107.77250671
v -87.32764435 9.56032658 110.22871399
v -51.31914902 -144.77473450 109.19222260
v -52.28924942 -144.10702515 112.20455933
v -54.45412827 -144.98027039 110.41101074
v -89.52828217 -42.78603745 105.39820099
v -90.37009430 -39.34219360 105.40041351
v -92.36236572 -41.28254700 103.70319366
v -83.24984741 -142.32452393 108.18585968
v -83.31344604 -142.74392700 105.50300598
v -80.31452942 -143.93736267 106.66598511
v -47.60290527 24.18901062 103.44028473
v -49.32940292 24.31507874 106.31974792
v -76.95439911 -107.08760071 110.74864197
v -79.74449921 -107.71642303 110.53356934
v -61.85659027 -156.57171631 109.66685486
v -58.93156815 -156.89721680 109.19818115
v -102.61208344 -9.32347012 102.95021820
v -100.94158936 -9.21457577 105.35124969
v -102.79454041 -18.21139526 104.34369659
v -102.00345612 -20.35521698 101.90441132
v -100.62429047 -20.32359314 105.07517242
v -53.35380936 25.38056946 106.25963593
v -51.01386261 25.14141846 103.76826477
v -87.13455200 -192.70991516 109.27288818
v -84.53227997 -193.66491699 111.00193787
v -84.54705811 -190.92291260 112.35662079
v -43.18714523 -84.10600281 60.67452621
v -45.79654312 -84.48976135 59.39462662
v -46.00859451 -81.97022247 61.55935287
v -78.83023071 19.86548615 105.65670013
v -79.59513855 17.76212311 108.09848785
v -76.78473663 19.15051270 109.16876984
v -54.73736191 -65.20572662 111.81008148
v -54.09263992 -66.05792999 109.00961304
v -51.39354324 -65.95375061 111.55463409
v -102.70369720 -113.96026611 101.24826813
v -99.77191925 -112.90232086 103.00351715
v -32.53216171 17.28737640 94.21058655
v -34.08391953 16.63215637 91.35159302
v -34.66739273 19.53604126 92.64815521
v -60.83927917 -66.11920166 100.11648560
v -57.68903732 -65.81525421 101.30078888
v -82.57496643 -38.83747101 112.46080017
v -87.45781708 -42.23919678 99.84578705
v -86.09037018 -44.28023911 97.53986359
v -85.99903870 -44.35602188 100.91553497
v -61.86590958 -82.28413391 97.57312775
v -58.61413574 -81.33491516 97.20490265
v -60.73131180 -78.80194092 97.25730133
v -24.27623749 9.26642704 97.43755341
v -24.20001221 6.17117405 97.12487793
v -24.08238602 8.77787876 94.11283875
v -88.65045166 -151.79951477 90.75953674
v -86.46134949 -154.14370728 92.86122131
v -60.19273376 -183.29441833 114.17086792
v -60.06936646 -185.22741699 116.23512268
v -57.20353317 -184.03717041 114.79909515
v -79.03700256 -195.32391357 90.14646149
v -78.97965240 -195.41491699 93.46643829
v -82.02102661 -195.41465759 91.47914124
v -97.22349548 -100.45757294 98.61961365
v -94.46337128 -100.20274353 99.42182159
v -95.99357605 -97.63435364 97.02114105
v -102.04698944 -24.01271820 89.55277252
v -104.11793518 -22.32588959 92.02297974
v -59.69268036 28.75195312 90.00874329
v -56.92762375 28.17108154 91.27127075
v -37.18827057 -94.85224915 92.38709259
v -105.34867096 -19.60227966 90.96686554
v -85.77506256 -49.97671509 85.85272980
v -84.36968994 -53.02281570 86.08315277
v -32.59929276 -50.45537186 92.80270386
v -32.66358948 -48.38444519 89.81919098
v -31.78156662 -47.52442169 93.02828979
v -103.65908051 -11.36629391 92.78908539
v -105.64649963 -14.73101711 90.95770264
v -105.25231171 -14.27789974 94.09316254
v -102.92861176 -4.85240078 92.20199585
v -105.24964905 -7.72462368 92.52208710
v -103.45721436 -6.28846645 94.86123657
v -25.41041183 5.69382572 88.75285339
v -26.68718719 8.75259495 89.18067169
v -23.89008713 7.42197514 91.21152496
v -82.67516327 -46.31822205 109.04324341
v -26.61293793 9.85183048 85.34298706
v -27.54122925 6.80471897 83.88613892
v -69.52741241 -142.79647827 67.92967987
v -65.46926880 -143.34703064 67.26238251
v -67.63921356 -145.53804016 66.77096558
v -27.54993629 -19.27759552 82.77899170
v -95.23971558 -23.60838318 106.18340302
v -95.85149384 -26.63407135 106.06830597
v -93.17731476 -25.38330078 107.90054321
v -101.55213928 -4.96170712 74.23003387
v -101.26779175 -1.67639840 72.04904938
v -99.28059387 -4.68530941 72.56436157
v -41.51333237 6.84785557 66.17518616
v -40.69882965 4.44862461 64.15807343
v -100.06141663 -29.07111359 83.15475464
v -101.09333801 -25.23065948 82.64400482
v -105.53753662 -10.03542995 84.09095001
v -102.87360382 -10.88862514 81.05562592
v -103.34833527 -12.24934292 83.62046814
v -26.26871109 -0.51236635 75.43304443
v -25.83258438 -2.87859249 78.46105957
v -26.28243637 -3.64884090 75.55092621
v -37.17026138 17.24548340 82.71395874
v -39.56540298 18.32925415 81.04502869
v -39.87556458 19.73294830 83.68749237
v -32.58837509 -32.18299103 80.49526978
v -33.54606247 5.79788303 70.67142487
v -32.01053238 6.36806583 73.42868805
v -30.33664703 5.32186222 70.53401947
v -98.56608582 0.25069514 77.56555176
v -97.59626770 1.78927696 74.96595001
v -100.40557861 -0.00414952 74.91725922
v -89.46598816 14.89312077 78.04769897
v -89.28683472 12.63499546 75.29463959
v -90.87055969 11.99218845 78.20721436
v -72.21443939 20.84815979 66.14337158
v -74.48838806 18.72338867 64.49320984
v -75.78183746 20.62178802 67.10961151
v -89.99041748 -45.39450073 76.83764648
v -91.25596619 -43.78723526 74.07891083
v -89.07633972 -45.70763397 73.26566315
v -71.15268707 25.00958252 74.28473663
v -83.61776733 -46.53403091 65.62184143
v -82.60913849 -48.85710907 68.06558990
v -85.56239319 -45.96566010 67.70066071
v -95.19278717 -35.73040771 72.05409241
v -81.63371277 18.22941589 64.05343628
v -79.78148651 18.95603943 67.52181244
v -77.93313599 18.86165619 64.98094940
v -68.46173859 -195.11991882 83.69385529
v -64.74002838 -195.07841492 83.02993774
v -66.28200531 -195.13790894 85.91345215
v -45.80979919 -139.72851562 71.43245697
v -47.93894958 -139.61961365 68.75238037
v -64.56388855 -88.43424225 99.29192352
v -60.68002319 -87.90637207 99.01149750
v -63.18156052 -85.70278931 98.32308960
v -42.07506561 -40.71591187 63.04046631
v -42.24650574 -42.59391785 65.76274872
v -43.76189041 -43.19476318 62.56018829
v -71.51647186 18.93379211 63.24010849
v -111.70659637 -117.42765808 65.96486664
v -109.67121887 -116.96230316 63.78448868
v -108.54109955 -118.04825592 67.04616547
v -55.91643524 -146.73361206 62.97900391
v -59.41839600 -146.56465149 62.86520386
v -89.45140839 1.13767326 62.03805923
v -90.30191040 -2.14080715 61.77877808
v -57.64910889 21.33039093 66.86196136
v -61.63446808 22.30471802 67.16889191
v -59.41427612 22.51634216 69.07613373
v -37.44752884 -82.31856537 65.49779510
v -40.19880676 -82.02290344 64.24678802
v -38.41899872 -140.96263123 115.26173401
v -28.14100456 -9.94525051 65.11340332
v -27.18761253 -13.45654202 65.09835052
v -27.86280251 -12.72656155 62.20670319
v -67.59250641 -77.96607208 59.66250610
v -67.45566559 -81.43922424 58.54227829
v -103.07928467 -6.09618282 87.49206543
v -102.72409058 -4.36101437 84.58641052
v -67.93865967 -51.67139816 60.09060669
v -69.09595490 -49.36353302 58.09646225
v -66.18946075 -50.37970734 57.68332672
v -48.32989120 -60.25851440 76.79872131
v -63.22375870 -194.99015808 80.20870209
v -66.71520996 -195.06690979 80.54497528
v -102.21863556 -22.85916138 80.71025085
v -101.00388336 -24.62865448 78.56710815
v -33.22584534 -95.95401001 54.96964645
v -36.66566849 -96.33179474 53.85030746
v -84.84785461 -25.28024292 53.32855225
v -85.14794159 -29.07485199 54.37799454
v -87.10056305 -26.81600189 55.14859390
v -32.03384018 -44.53041840 88.40005493
v -32.28616714 -42.32686996 85.86698914
v -31.05073929 -41.38351059 89.44541168
v -29.69728661 -11.51233578 59.89490128
v -89.36270905 -2.92680264 49.15895081
v -88.02328491 -4.99390316 51.79440308
v -89.06588745 -1.57939827 52.33375168
v -65.19269562 3.14119816 48.82310486
v -64.76433563 0.87107176 47.21207809
v -66.89260864 2.38462162 45.09503174
v -92.90801239 -41.30906677 88.17665100
v -93.31864166 -40.92861176 85.12738800
v -86.14613342 -16.45540619 47.76457214
v -88.47626495 -18.00256348 49.41484833
v -83.91183472 -14.03670406 46.30954742
v -80.14211273 11.08487797 49.36685562
v -83.31253815 11.30874729 50.05400467
v -81.17423248 13.42767429 51.73458099
v -85.54158783 2.94908237 47.22095871
v -87.47806549 0.19584742 47.32237625
v -84.89080048 0.37622157 45.70036697
v -85.42063904 -2.73539639 45.38545227
v -74.96920013 12.58943272 50.52682114
v -74.25445557 11.06890202 47.87555695
v -69.55199432 -15.68675137 46.65474701
v -70.00291443 -12.50657558 46.09112549
v -72.51553345 3.15825748 43.90234756
v -76.79186249 -16.22254944 40.05702209
v -75.99658966 -13.27144527 38.86854935
v -73.73551178 -15.47131252 40.22419739
v -61.17772675 -5.67542934 127.07461548
v -80.91934204 -64.34171295 94.91147614
v -80.82721710 -61.33617020 96.22279358
v -43.59914398 -5.08026791 123.21059418
v -44.41656113 -1.60200417 122.86148071
v -55.31175613 -51.83599091 119.69029236
v -53.33174133 -54.42680359 118.73718262
v -60.49027252 -132.78372192 117.89651489
v -57.30486679 -132.46984863 117.36188507
v -59.13923264 -129.59832764 117.19713593
v -56.47161102 -54.70661545 119.74454498
v -55.35039520 -57.34697723 118.22713470
v -36.14778519 -10.19533443 117.67566681
v -38.47246170 -9.12173367 120.01432800
v -38.02013779 -12.61385250 119.18219757
v -75.36264038 -42.32981491 119.10025024
v -77.63081360 -40.30759811 117.42049408
v -87.72164154 -21.45879364 111.84790039
v -65.06374359 16.67478943 55.22826004
v -30.74347687 -47.02691650 98.67094421
v -31.59764290 -50.25147247 98.65699005
v -31.50729752 -48.37828445 95.98317719
v -37.20214081 -42.29073715 67.26789856
v -35.54844284 -40.17866135 69.85919189
v -36.18478394 -43.66047287 70.15407562
v -57.34283447 -73.66672516 96.49795532
v -60.71776962 -72.80599213 98.34303284
v -59.63276291 -75.79229736 97.27713013
v -93.41168976 -21.62817383 109.05921936
v -60.00372314 14.13619328 120.97658539
v -57.65599442 15.72007084 119.14131165
v -61.02567673 16.72986603 118.85497284
v -49.14703751 -11.30125332 125.60202026
v -52.91838837 -11.74705410 126.41629791
v -50.55968857 -13.81260586 125.64775085
v -24.15927124 -2.02547359 88.80545044
v -24.75245667 -4.45969296 90.87795258
v -24.40610504 -4.98089504 87.24156952
v -43.26839066 -45.21858597 65.41591644
v -42.26004028 -45.02666473 69.15803528
v -18.18434906 -118.38340759 60.00321579
v -19.97669601 -119.47681427 62.04946518
v -22.03774643 -118.63340759 59.85786438
v -70.25589752 -35.42537689 123.04104614
v -68.35262299 -38.25228119 123.90364075
v -66.59452820 -35.67340851 123.69346619
v -61.14585876 -34.96636200 122.85767365
v -62.78860855 -37.15167999 124.11208344
v -59.18989944 -37.05812836 123.36009216
v -53.23266220 -31.01827240 50.48966599
v -76.94382477 15.10958195 119.61561584
v -75.65745544 12.76975346 121.52063751
v -74.33412933 16.30075073 119.40976715
v -67.93574524 -87.53600311 56.68822479
v -70.73293304 -89.32420349 56.52684402
v -70.82112885 -86.27851105 57.56385040
v -36.99933624 -41.42542267 72.40353394
v -68.10109711 11.28396702 126.25300598
v -64.96461487 10.22032261 127.27415466
v -65.31805420 12.16936588 124.72402954
v -74.71114349 -2.30466366 43.54747391
v -52.57463455 -4.91564083 126.13372803
v -49.29738998 -5.64255428 125.41365814
v -40.07507324 -113.01073456 46.97769165
v -42.75274658 -114.25245667 46.62476349
v -33.07162094 19.94372559 95.57266998
v -35.18864441 21.23648834 97.83494568
v -33.12430954 20.12062836 99.83206177
v -85.07689667 -94.87412262 100.21957397
v -52.86101151 9.43474674 124.94335938
v -55.79589462 8.20063114 125.69864655
v -49.77712250 -115.01010132 46.90324020
v -46.48392105 -115.21758270 47.65391541
v -50.52705765 -8.66371059 126.04177856
v -73.28546143 4.10859013 125.08074188
v -41.92032623 -177.05880737 77.34236908
v -48.09218597 12.30471897 120.04431152
v -50.54405975 11.96946812 123.21591187
v -48.03276062 10.50878239 122.46245575
v -46.10307693 -6.08899593 124.41189575
v -75.19768524 -1.69802773 123.85300446
v -73.25740814 0.98622984 124.97575378
v -76.16653442 1.54567039 124.36515808
v -71.36340332 -1.22020638 124.44800568
v -59.92858124 -21.81800842 124.89243317
v -65.30048370 -31.00298309 122.02217102
v -67.98062134 -33.00878143 123.00259399
v -64.31094360 -33.86028290 122.98649597
v -40.44009018 -40.10903168 124.22449493
v -39.74518967 -38.11522675 121.28629303
v -41.32728958 -37.17633057 124.59159088
v -85.37845612 -4.65135098 118.45268250
v -82.71218872 -4.25720119 120.49447632
v -84.11260986 -1.99603951 120.67020416
v -72.78482056 13.39287663 120.59503174
v -52.59140396 -181.86691284 111.04699707
v -48.98035431 -182.20642090 109.89427185
v -57.38977814 -51.95840454 121.94993591
v -58.32779312 -49.15723038 123.84204102
v -60.33520126 -52.30897903 123.26741028
v -62.41519928 12.93949223 122.84960938
v -65.81772614 13.51126957 121.54923248
v -53.45019531 -115.38478088 47.11203766
v -91.75105286 -0.16717443 64.13024902
v -40.80207825 -41.07004547 121.30154419
v -64.37607574 -29.30902863 46.87149429
v -64.05792999 -32.23112488 47.66826630
v -67.42307281 -31.06858063 48.17961884
v -52.01961517 -27.53685760 116.59522247
v -46.73526382 -37.94920349 122.71271515
v -47.70404053 -35.57960510 120.94579315
v -50.22513962 -38.27405548 120.93976593
v -80.97817230 -162.31723022 77.18486023
v -41.23986053 3.95502567 121.70427704
v -38.52893829 3.35171604 119.97933197
v -39.98763657 7.04204655 121.34893036
v -40.25962067 -109.77925873 47.69004440
v -72.54265594 -7.42380428 124.83157349
v -73.64309692 -4.36746883 124.11618042
v -75.22673798 -7.91943264 123.28855133
v -68.79035187 -29.58090973 122.45360565
v -69.17032623 -26.57801819 123.45114136
v -73.66126251 -136.08833313 121.12408447
v -71.40083313 -138.76702881 121.39615631
v -70.36959839 -135.94627380 121.05751038
v -67.96000671 -138.41975403 121.17303467
v -70.01137543 -141.83433533 121.25450897
v -66.99970245 -51.41850281 122.89823914
v -63.32191086 -52.93245697 123.13612366
v -62.98476410 -29.07417297 121.07442474
v -66.06575775 -28.01882935 121.82944489
v -50.22333527 6.21549320 125.72608185
v -49.90436172 8.78524113 123.89073181
v -43.86886978 5.14563847 122.96028900
v -46.10041046 2.75114536 123.14502716
v -43.39986038 1.49284446 121.71254730
v -85.32149506 -109.70167542 50.21014404
v -83.00833130 -111.74355316 49.20681763
v -86.82619476 -112.65830231 49.71341705
v -78.37627411 -105.12730408 50.55186844
v -78.09924316 -108.51440430 49.78146744
v -81.26409912 -106.08480072 50.49676895
v -41.29721451 -34.98172760 122.67899323
v -41.34289932 -35.11908722 119.78350830
v -39.78377151 -106.98680878 48.66709137
v -36.61917114 -108.05530548 49.01409149
v -49.94809723 -120.24105835 54.94978714
v -76.11472321 -133.58674622 121.09866333
v -64.63228607 -139.90968323 120.57061005
v -64.79962158 -136.85748291 120.00500488
v -55.80500793 -33.44683075 48.54319000
v -55.79119110 -30.08083344 49.01835632
v -73.07800293 -34.32884979 49.76343918
v -69.61235809 -33.25970459 49.53059006
v -70.90708923 -36.04857635 50.58669281
v -48.86843872 -40.80453110 122.53528595
v -46.05894089 -43.07563019 120.75526428
v -46.11547089 -40.80849075 123.21894836
v -101.05469513 -118.82409668 102.02603912
v -103.45442200 -116.81143951 100.53839111
v -103.79209900 -119.72357178 99.73936462
v -45.88129425 -100.77515411 49.92129517
v -42.65934372 -101.66255951 50.09317017
v -86.83664703 -135.82772827 118.00123596
v -84.01987457 -137.48326111 119.23485565
v -78.90526581 -31.55066681 117.44789124
v -76.67902374 -29.88629913 119.49671936
v -79.05033875 -28.57356262 117.49745941
v -72.75660706 -133.04362488 120.89502716
v -62.46945572 -138.73751831 119.45355988
v -55.17259979 -23.22412872 120.86859894
v -42.80463791 -32.06172943 115.77644348
v -73.00772858 -111.71950531 49.33086777
v -74.15705109 -108.82140350 50.01314163
v -70.70350647 -109.21048737 49.83147049
v -40.29211044 1.05425346 119.88742828
v -22.28949547 -107.73406219 54.04051590
v -25.00684547 -106.78199768 53.35355759
v -66.21659851 -185.88316345 116.59072113
v -63.19141388 -186.07441711 117.18929291
v -63.26051712 -184.24816895 115.19976807
v -41.36704636 -104.62217712 49.16021729
v -54.24031830 14.94554234 120.09808350
v -48.67794037 -31.99727631 119.25764465
v -50.19433975 -34.85832977 119.94224548
v -46.44128799 -12.10523129 50.62492371
v -43.89643860 -10.22138119 51.20922470
v -47.32746506 -53.99060440 119.71958160
v -44.62470245 -52.70795059 118.42317963
v -46.64030457 -50.47311020 118.74108887
v -86.33454895 -139.32102966 117.81145477
v -78.07942200 -131.21519470 120.59743500
v -79.85824585 -129.01438904 119.67938995
v -62.36010361 -190.20692444 120.17446899
v -50.52869415 -54.04962158 119.24829102
v -34.33987045 -86.44681549 81.29276276
v -82.46407318 -128.58451843 118.84838867
v -66.35263824 -183.67468262 57.94715881
v -84.85980225 -186.06457520 107.81287384
v -81.99962616 -185.41967773 109.16109467
v -83.44566345 -184.04100037 106.10197449
v -61.41045761 -141.91110229 119.59383392
v -62.49879456 -143.83160400 117.57173157
v -59.37636185 -143.74464417 117.34754944
v -42.89276886 -89.48892975 56.27832413
v -42.15159607 -93.05236053 54.19052124
v -45.23661804 -91.16265869 54.57909775
v -61.34098434 -196.00791931 115.88364410
v -59.11240005 -195.93241882 114.16204071
v -58.68066788 -195.55052185 118.34875488
v -81.84354401 -43.89605331 60.52923965
v -79.74885559 -44.71252060 57.60245514
v -79.89149475 -46.90831757 59.80391693
v -49.28202057 -51.11511612 119.58109283
v -47.44071960 -49.08034897 122.22820282
v -34.88273621 0.73814481 114.85740662
v -36.16476059 2.79986668 117.34755707
v -37.56711197 -0.08077916 117.59202576
v -83.00270081 -140.34196472 119.06858063
v -81.19169617 -95.19277954 54.32742310
v -79.27484894 -97.55168152 53.25814438
v -83.16138458 -24.42166901 113.23188019
v -81.68164062 -20.96838379 115.28209686
v -84.37903595 -21.42722321 112.90904999
v -77.64248657 -33.97302246 118.35529327
v -77.36686707 -37.50824738 118.19618988
v -75.13787842 -35.86115265 120.22463989
v -80.14765167 -188.11767578 114.48875427
v -80.01607513 -186.24867249 111.76567078
v -82.98875427 -188.08566284 112.68876648
v -66.82799530 -42.96029663 52.78090286
v -68.44657898 -45.04180527 54.47913742
v -69.47479248 -41.62180328 53.32553864
v -63.38228607 14.75354862 120.10797882
v -64.62482452 16.86087799 117.87551117
v -67.36357117 15.23993015 119.14618683
v -52.20584488 -32.93074799 118.66687012
v -34.52944946 -104.99369049 50.63510895
v -33.04686737 -107.89545441 49.99215698
v -50.08591843 -87.57241058 55.79859924
v -52.29362106 -89.31485748 54.31264877
v -53.20063400 -86.64730072 55.86100006
v -76.83198547 -144.11268616 109.82010651
v -77.33119965 -143.57566833 112.67235565
v -79.86902618 -143.35017395 109.75353241
v -81.61077881 -190.82667542 114.45936584
v -69.17556000 -190.79742432 119.60576630
v -72.63172913 -192.19366455 118.45671082
v -69.71600342 -193.69767761 118.48471069
v -80.76246643 -33.46324921 115.45039368
v -79.43986511 -36.00906372 116.47541046
v -59.49031830 -78.12924957 60.27013016
v -61.22647476 -74.87868500 61.43362808
v -69.61095428 -124.66712952 118.29908752
v -99.95368195 -98.28668976 59.69134521
v -102.19997406 -100.10782623 60.09644699
v -103.58692169 -97.95962524 61.96632004
v -58.42330551 -141.62580872 118.65198517
v -61.90169144 -55.46592712 121.53538513
v -59.04584122 -54.74507904 121.49506378
v -43.66084290 -62.27282715 110.60738373
v -42.82093048 -59.71900940 110.74708557
v -44.69774246 -58.68477631 113.06270599
v -56.99172592 -192.53167725 119.62748718
v -55.13658524 -194.59518433 118.31916809
v -53.69767761 -191.77542114 119.05904388
v -79.22271729 -39.97320557 54.14038849
v -73.29495239 -23.56605530 47.74299622
v -76.35331726 -22.04145050 44.90289307
v -34.67032242 -116.77549744 106.48151398
v -33.18939590 -114.67790222 104.36219025
v -41.76721573 -33.91537476 113.56079102
v -34.07918549 5.15726566 116.92720795
v -36.82841110 5.71419621 119.43720245
v -81.53472137 -108.82495117 49.80159378
v -90.14229584 -131.75172424 115.75616455
v -89.86209869 -134.82731628 116.42246246
v -87.47207642 -132.94047546 117.46086121
v -83.57791138 -18.59471893 114.75209045
v -71.48401642 -189.03991699 118.71578979
v -61.03634262 -124.35342407 116.41638947
v -63.62123871 -192.95167542 119.72186279
v -62.41460037 -195.72816467 118.59503937
v -67.12843323 -126.99684906 118.46343994
v -70.45945740 -127.29205322 119.20866394
v -42.37804794 -117.53417969 51.55391312
v -41.41512299 -119.48435974 54.00216293
v -44.65764618 -119.26605988 53.63819122
v -44.96881866 -93.83475494 53.14007187
v -94.82141876 -91.19830322 60.95462418
v -95.95030975 -88.89756012 63.37013626
v -92.87533569 -88.52626801 61.79386139
v -58.05548096 -114.35017395 112.72301483
v -56.66247177 -117.43027496 113.64036560
v -54.70175552 -114.63523865 112.24559021
v -33.79496765 -46.57347870 109.55893707
v -35.21333313 -43.95145798 111.45840454
v -35.61984253 -46.95447540 111.30813599
v -37.85591507 -38.44390106 112.51036835
v -35.06048965 -39.85642624 110.63299561
v -36.67943954 -36.24010468 110.03202057
v -57.26758194 -91.39102936 53.12224960
v -56.33451462 -94.16230774 51.69379807
v -88.18477631 -5.60697079 116.29125214
v -86.14757538 -8.20026302 116.79329681
v -72.62889862 -119.04280090 116.58493805
v -62.34600830 19.02014923 116.51853943
v -62.43010330 22.12210083 113.26770782
v -88.73226166 -7.32913113 50.45773315
v -87.62377167 -8.41256618 53.01574326
v -87.15894318 -102.70500183 52.79031754
v -39.37146378 -35.28324890 111.94546509
v -37.00202942 -30.43152618 107.73336792
v -39.78896332 -29.70587921 109.21196747
v -38.27426529 -33.11710358 109.50534058
v -35.63695145 -2.12381649 116.13523865
v -35.74085999 7.95991611 117.96237183
v -33.42533493 8.09767246 115.72721100
v -34.23083496 11.06434727 115.61950684
v -33.14233780 2.86549473 114.47915649
v -32.23326111 0.37136927 111.83760834
v -83.52458954 -7.22932339 118.56457520
v -89.66091156 -13.23751736 115.12092590
v -89.13851166 -15.02850246 112.86563873
v -70.42999268 -196.07092285 113.48339081
v -67.11816406 -196.08416748 113.84114075
v -46.24430466 -192.81993103 115.74893951
v -48.87977982 -194.17868042 116.29325104
v -46.68803024 -195.48117065 113.96988678
v -100.96569824 -123.99511719 104.37676239
v -99.60922241 -126.70774078 106.83086395
v -98.98224640 -123.35507202 106.58826447
v -40.95338058 -32.12201691 111.04660797
v -35.23567200 -139.66059875 114.00695801
v -33.51109695 -139.90872192 111.42047882
v -73.56826019 -189.55415344 53.79814148
v -70.39165497 -189.34440613 53.09151459
v -71.36747742 -192.27165222 53.48591614
v -85.73318481 -99.18775177 53.51819611
v -82.48567200 -98.31797791 53.23342133
v -83.38681793 -101.42977905 52.27377319
v -68.21813202 -144.52217102 113.62250519
v -69.05641174 -145.95979309 110.93128204
v -90.44171143 -103.30119324 53.67128372
v -92.99244690 -106.21942902 53.63552094
v -68.98688507 -182.92791748 112.33844757
v -71.82577515 -185.14367676 114.29486847
v -68.88822937 -184.83842468 114.88634491
v -61.05035782 -113.37125397 112.91721344
v -59.55602264 -110.83070374 111.60617065
v -42.74900436 -189.01542664 113.97371674
v -43.93172836 -186.21992493 112.19414520
v -46.00212860 -186.69017029 114.11299133
v -44.07997513 -135.00325012 116.77563477
v -40.58702469 -134.81034851 115.90543365
v -34.33131409 -37.09187317 108.35311890
v -39.36452103 -43.12129974 114.63748169
v -41.27031708 -42.88054657 117.31369019
v -60.07716370 -92.92852020 52.77740860
v -59.20613098 -95.67178345 51.32537079
v -62.62858582 -94.99750519 52.45657349
v -65.90740967 -95.46263123 53.27027130
v -65.08164215 -92.57427979 54.19817352
v -71.51280212 -144.18632507 114.40455627
v -74.46561432 -143.66076660 115.22030640
v -74.69187927 -189.55017090 117.84532166
v -72.61415100 -186.93742371 116.73474121
v -75.36733246 -187.00392151 115.73099518
v -73.76073456 -58.65124130 107.06216431
v -76.19239044 -56.32462311 107.85428619
v -56.71123505 -195.97291565 116.03038788
v -39.20538712 17.47717285 108.48050690
v -39.65868378 19.46242523 105.76915741
v -41.63388443 19.68252563 108.30243683
v -69.04497528 -185.53709412 56.54521942
v -72.65767670 -185.55889893 57.41121674
v -14.46612167 -124.60499573 79.59442902
v -15.76452255 -124.13789368 76.72718811
v -12.70533371 -123.38843536 77.25868225
v -71.89812469 -38.92557526 51.41171646
v -72.38748932 -41.71585464 52.83274078
v -37.30928802 -22.26232910 112.60234833
v -39.72708893 -22.61065674 115.13569641
v -82.41069794 -117.48370361 54.13861465
v -82.70252991 -116.38237762 51.21572113
v -80.35550690 -195.08541870 78.06997681
v -91.40444183 -100.50035095 54.88014603
v -50.87792969 -189.04742432 118.05097198
v -51.77750397 -186.18792725 115.88924408
v -53.39117813 -188.07643127 118.19097137
v -13.22149467 -98.40468597 66.70211792
v -11.45163536 -100.68957520 68.57991028
v -11.74662209 -101.79354095 65.59119415
v -39.78216171 11.42544651 117.00493622
v -30.89704895 -114.25548553 49.44136429
v -28.13014603 -115.03887939 50.94671249
v -31.29649734 -115.98790741 52.09986496
v -41.93199921 -124.00467682 112.58943939
v -44.56969833 -125.61569977 113.89308929
v -41.50332260 -127.23000336 113.50901031
v -47.01395035 -123.79132843 114.03471375
v -31.76264000 -8.92060757 111.62562561
v -32.25210953 -12.25204372 112.32591248
v -30.44916344 -10.05239773 109.22254944
v -30.63328552 -0.83122164 108.51300049
v -43.05049515 -96.16465759 52.37017059
v -39.93241882 -96.26020813 53.01342010
v -86.70578003 -18.91035461 113.33814240
v -84.89228821 13.76313114 107.99581146
v -81.65576172 15.33740330 108.98848724
v -83.42450714 16.07376099 106.34764862
v -79.04797363 -85.73509979 94.99765015
v -79.00249481 -82.36854553 93.54711914
v -81.80644226 -85.13744354 93.09761810
v -59.06480026 -81.01245117 58.70347595
v -48.52811813 -62.78165054 115.30230713
v -45.30354309 -62.57032776 113.04113770
v -46.68944168 -60.32557678 114.94997406
v -39.20738602 -15.59113216 119.30625153
v -31.64078522 5.94847202 114.64440918
v -47.95271683 -64.95770264 112.73630524
v -50.81721115 -64.58696747 114.28844452
v -80.61402130 -103.04542542 51.32171631
v -84.23294830 -104.34170532 51.53241730
v -86.56070709 15.41169834 105.77835846
v -88.21011353 14.03682804 107.93968201
v -66.17716217 -60.28242493 114.29635620
v -68.21517181 -60.52332306 111.32041168
v -64.58922577 -61.93967438 112.24068451
v -52.52580643 -107.40369415 108.64797974
v -48.98704529 -107.51325226 107.62994385
v -51.04512024 -105.21802521 107.14999390
v -94.21003723 -10.93411922 113.17765045
v -94.64039612 -8.44569302 110.96931458
v -96.83238983 -10.71224880 110.64147949
v -88.27461243 1.10452354 117.58518219
v -87.73152161 -2.43273830 117.68340302
v -86.19522095 -0.48261175 119.36858368
v -91.91269684 -15.60012722 111.13843536
v -91.98183441 -13.13079739 112.85980225
v -94.42876434 -13.04439449 110.46537781
v -38.90443802 -24.14108276 57.42351913
v -39.94413757 -21.25554657 56.77037430
v -37.33953857 -21.59990692 59.06314850
v -87.22919464 -29.31034088 106.95127869
v -85.23536682 -29.72534943 110.02331543
v -86.79328918 -26.59169769 108.51222229
v -78.76024628 -48.67416382 113.46872711
v -76.62189484 -49.99042511 115.16668701
v -73.91415405 -113.06925201 114.05760193
v -70.70140839 -113.32897949 114.22079468
v -58.13169861 -123.67662811 58.75003815
v -59.06707764 -121.42954254 56.82608795
v -55.65700912 -121.36694336 56.50106430
v -64.48081970 -195.82066345 106.68383789
v -122.95304871 -112.59205627 76.39627075
v -122.55433655 -109.11450958 77.76023865
v -121.83026886 -110.26935577 74.62242889
v -57.61753464 -145.04429626 111.37882996
v -59.10736847 -148.27772522 111.75300598
v -75.83216858 -122.40030670 59.60171509
v -74.86887360 -120.25527954 57.10929108
v -72.39891052 -122.22635651 58.84798813
v -39.49612045 -122.72834778 111.39091492
v -81.38741302 -39.53258133 56.89038849
v -81.15908051 -42.13960648 58.51716614
v -94.57485199 -15.81507778 109.25220490
v -71.68424225 -143.36827087 118.02855682
v -94.46159363 -109.46467590 53.34054184
v -97.95356750 -110.29462433 54.53164291
v -57.93159103 -108.39209747 110.33882141
v -56.37308121 -111.66872406 111.39146423
v -49.45399857 -143.83532715 112.22913361
v -29.42208481 -1.89767373 105.37530518
v -54.33377075 -174.82591248 65.99989319
v -50.85690308 -177.67691040 66.10926819
v -53.72767639 -177.95303345 64.49424744
v -79.27337646 -192.75416565 115.39273834
v -49.03751755 -188.00552368 55.97282791
v -52.20200348 -189.79991150 54.05184174
v -51.90712738 -187.23565674 55.36304092
v -70.45823669 20.16367340 111.71311188
v -69.62069702 18.78639221 114.64088440
v -57.28452301 -167.93096924 105.45122528
v -58.99720001 -164.64834595 105.75395203
v -50.33390045 -147.84086609 108.76567841
v -53.10232544 -147.59339905 109.93927765
v -51.52717590 -150.87532043 109.08746338
v -63.24811554 -115.64302826 114.23436737
v -60.15018845 -116.58422852 113.95081329
v -119.97014618 -108.30956268 91.95135498
v -119.97686768 -105.57053375 89.81141663
v -121.27091217 -109.20275116 89.37311554
v -48.02512741 -184.30941772 112.05867004
v -45.63155365 -184.25042725 110.54042053
v -33.35314941 -126.32437897 109.60253906
v -35.89014816 -128.03967285 111.78191376
v -33.29919815 -129.52482605 110.74131012
v -95.03202057 -128.51199341 111.64123535
v -97.34275818 -127.60707092 109.32441711
v -97.40969086 -16.54642487 107.69020081
v -100.81046295 -17.48567200 106.70092010
v -98.69386292 -19.31557465 107.32511902
v -88.86901093 13.17833042 104.86943054
v -90.09432983 10.42553043 105.17823029
v -84.96410370 -195.60342407 108.49459076
v -80.72230530 -195.84092712 106.87123871
v -79.64479828 -92.91938019 55.17449951
v -96.73912811 -188.78240967 88.92015839
v -96.80908203 -190.91091919 87.04747772
v -96.26270294 -191.92041016 90.17382050
v -56.06942368 -164.64189148 105.10234833
v -53.64627838 -166.89181519 104.25412750
v -84.37908936 -21.93320465 52.69766998
v -85.47949219 -20.22407532 55.76549911
v -33.32632828 13.77743626 85.83880615
v -31.08623123 13.40739536 89.20455933
v -30.24468613 12.22969151 86.09387970
v -38.43114853 -142.25688171 109.34283447
v -36.98131943 -141.36465454 112.22889709
v -37.09399033 -41.79586411 112.96988678
v -17.57244682 -108.83251190 55.98154068
v -14.99409771 -107.77980042 58.17783356
v -15.24727154 -110.75673676 56.88884354
v -23.24104691 -133.42051697 98.02896118
v -24.26544952 -131.24717712 100.65183258
v -24.52760124 -134.95297241 100.73198700
v -71.60382080 -153.71667480 108.69062805
v -64.98802948 -156.67561340 109.57297516
v -65.99903870 -153.37660217 110.10395050
v -41.38175583 -187.01391602 111.42801666
v -42.80965424 -184.88891602 109.01159668
v -39.37280273 -186.82942200 109.35821533
v -33.13674927 -132.39419556 111.51776123
v -36.04104996 -131.37097168 113.09641266
v -49.95004654 -117.94372559 112.65936279
v -48.45794678 -120.80557251 113.38826752
v -86.86920166 -181.74391174 95.84604645
v -89.14091492 -183.77679443 96.86795807
v -87.28092957 -183.36265564 99.47463989
v -90.88126373 -23.45890045 109.68208313
v -90.54183197 -14.68752193 60.22386169
v -87.51808929 -16.23908234 57.98547363
v -90.46628571 -17.67090607 59.59164810
v -87.54224396 -44.84181976 103.89479065
v -84.64972687 -46.34708786 102.82462311
v -85.13448334 -45.26117706 106.23155212
v -50.02765274 -195.82191467 109.10788727
v -52.39257431 -195.73942566 107.23957062
v -49.61560440 -195.68041992 105.97268677
v -24.50886917 8.10406590 100.38878632
v -106.22811127 -91.89821625 92.89087677
v -109.36331940 -92.89017487 92.85353088
v -28.97074890 -118.23863220 57.16249084
v -30.78522110 -119.98338318 60.04456711
v -34.05958557 -11.25895596 115.08000183
v -35.07621384 -7.59953213 116.41557312
v -104.95776367 -14.11169338 100.43415070
v -107.51660919 -16.25897980 98.71873474
v -105.93309021 -17.01916504 101.23949432
v -85.64934540 -140.84739685 110.43443298
v -85.92337036 -140.65609741 106.51580811
v -84.11449432 -117.59709930 114.12278748
v -77.75097656 -143.00450134 115.46425629
v -77.15480042 -179.34591675 105.37057495
v -77.08540344 -181.88842773 107.88661957
v -63.62905884 -174.99813843 107.40441895
v -60.80251694 -175.89024353 107.82789612
v -61.57727432 -172.59294128 106.60399628
v -65.35255432 -181.70491028 60.26979446
v -67.63794708 -84.61010742 57.59917831
v -56.72825241 27.50096130 94.83490753
v -56.88956833 27.80349731 98.20436096
v -81.79449463 -121.73040771 59.74246216
v -85.10512543 -119.96490479 58.36489105
v -82.05036926 -119.37185669 57.32363892
v -76.54652405 -92.32723999 55.35791779
v -39.93088913 -40.09145355 115.07706451
v -68.46092224 -155.73707581 109.39353180
v -66.74010468 -195.99017334 111.22998810
v -70.03586578 -195.86842346 109.93041229
v -67.22116089 -195.83442688 108.09358978
v -43.01352310 -113.79252625 108.84441376
v -46.28242874 -195.80766296 110.79563904
v -49.11867905 -195.82441711 111.79236603
v -49.15600586 -185.84962463 114.27532196
v -48.28349304 -187.81187439 116.36561584
v -44.99499893 -142.97543335 114.93995667
v -46.31874847 -143.49075317 112.05823517
v -34.65257645 -186.10366821 101.68156433
v -34.87955093 -185.37641907 98.69013977
v -20.04643440 -109.88790131 54.37124252
v -85.79029083 -35.03905487 108.04277039
v -86.45104218 -35.19391632 104.76608276
v -86.06018829 -37.92961884 107.87461853
v -80.59875488 -179.24841309 102.34284210
v -83.08037567 -181.04141235 101.49031830
v -49.24694443 -100.86602020 104.07149506
v -48.28994751 -103.87572479 105.48402405
v -45.62574768 -102.87157440 103.80334473
v -62.01386261 -80.28026581 58.72495651
v -64.51082611 -82.81886292 57.73929977
v -64.89138031 -79.23091125 59.08220291
v -71.32294464 -194.55641174 55.26739120
v -68.83474731 -194.71510315 57.03534317
v -72.31557465 -194.79415894 58.77551651
v -34.25151443 -54.29645157 104.82530975
v -32.03844070 -51.89630127 101.71376038
v -61.07038116 -72.11540222 62.53768158
v -71.73340607 -119.87600708 56.21806335
v -90.06083679 -20.93470764 59.76407242
v -87.47033691 -22.18453217 57.99867249
v -89.59881592 -24.05393219 59.68751907
v -78.89380646 -100.18607330 106.09428406
v -81.83109283 -100.10074615 105.09819794
v -78.22038269 -55.03362274 106.00700378
v -99.07149506 -105.14690399 56.48706818
v -100.04807281 -102.02845764 58.11259460
v -30.24352455 -139.66897583 101.83538055
v -28.15979958 -138.45175171 104.10195923
v -31.29075050 -140.33201599 104.93161011
v -95.55344391 -113.91561890 106.72906494
v -96.38802338 -117.09757233 107.02899170
v -105.28504944 -111.73121643 100.81147003
v -48.61076355 -34.47560883 53.78024292
v -46.83128738 -37.46530914 55.68384171
v -49.52539444 -37.41790009 54.80515289
v -65.24940491 24.64957428 108.05243683
v -62.55212021 24.16492462 110.67720032
v -90.87631226 -35.88694000 103.68684387
v -88.30139160 -35.56606293 101.81879425
v -90.98940277 -32.71308899 102.60002899
v -79.82199097 -42.15157318 114.74629211
v -85.43681335 16.61524963 100.84483337
v -78.74079895 -148.80024719 108.18383026
v -73.52884674 -99.58659363 106.75529480
v -73.39228058 -96.88477325 105.11437225
v -76.52982330 -98.24014282 105.39057159
v -73.17520142 -195.64816284 104.41448212
v -69.71378326 -168.08331299 104.87449646
v -75.97209930 -161.77612305 101.17667389
v -73.47145081 -161.10417175 102.92227173
v -61.91402054 -165.41491699 106.04914856
v -54.48936462 -109.47830200 110.07439423
v -50.67274475 -109.95047760 109.27331543
v -46.39202499 -151.07489014 105.85143280
v -45.65217590 -153.16133118 102.89904022
v -43.68647385 -150.38972473 104.07825470
v -50.21237946 -195.88491821 114.55178833
v -44.70948410 24.46807861 97.83746338
v -47.68753433 25.91032410 98.12985992
v -40.40909576 -101.06047058 99.81679535
v -37.30646896 -101.47314453 98.25444794
v -29.40924644 -8.38722134 106.59351349
v -101.62560272 -126.97142029 104.37676239
v -76.37187195 -81.22061920 60.06132507
v -79.52775574 -82.19766998 60.26978302
v -91.26038361 -5.42055416 60.48390198
v -92.78693390 -5.93382931 62.85797501
v -92.09111786 -3.10301876 63.84796143
v -93.56917572 -37.77233887 96.10549927
v -90.92018890 -40.28703690 96.38661194
v -91.81849670 -37.94736481 98.60330963
v -10.66309547 -104.61091614 64.95681763
v -12.94082069 -103.18348694 62.17037201
v -58.96110916 -100.62002563 106.75801849
v -57.69127655 -103.43152618 107.97167206
v -55.20164871 -101.57781982 106.42337036
v -85.89514160 -31.93162537 108.32464600
v -86.86234283 -31.93531799 105.51947784
v -81.00872040 -150.52967834 106.28373718
v -69.69646454 -175.32707214 106.39034271
v -72.21171570 -177.31266785 106.56356812
v -65.85919189 -62.39437485 109.29251099
v -68.76649475 -61.41829681 107.67190552
v -70.77806854 -171.07322693 104.72904968
v -40.38425827 -84.19974518 61.66901398
v -41.66504669 -86.53166962 59.00817490
v -44.30179596 -110.46852875 107.51876831
v -33.32536316 -34.89505005 105.91278839
v -32.45891571 -33.04052734 103.59956360
v -37.70273972 -48.91980362 112.29806519
v -35.52754211 -50.06207657 109.88623810
v -55.83180237 -43.48653412 54.99766541
v -51.92766571 -42.59700775 55.28596497
v -54.19912720 -45.09840775 56.97736359
v -26.87308502 13.51947880 100.43420410
v -25.40263748 11.23455143 99.10987854
v -26.81103516 13.93312931 96.87575531
v -97.82876587 -21.72179413 104.98369598
v -96.06208801 -21.06592560 107.59909821
v -64.88343048 -86.07562256 56.59607315
v -90.06524658 -31.03682709 105.55073547
v -89.27145386 -27.71013641 105.25305939
v -67.41589355 -194.86102295 62.47775650
v -69.18217468 -194.82740784 59.94441605
v -65.82366943 -194.78446960 59.21958542
v -35.29816437 -28.37174988 105.91000366
v -38.05828857 -27.13192749 106.92629242
v -36.59043503 10.46938419 117.14564514
v -84.61169434 -187.26916504 110.61743927
v -76.71504211 -86.82564545 57.78462601
v -79.17452240 -85.28125000 58.74280167
v -42.83430862 21.37682343 105.91553497
v -92.07894135 -91.12800598 59.69267654
v -31.26257896 -190.13742065 99.53686523
v -30.89885521 -188.00291443 96.57073975
v -32.39100266 -187.22216797 99.25396729
v -33.98048019 -195.15667725 99.23288727
v -31.41539001 -31.77999878 101.11786652
v -33.11243820 -29.23402405 103.02819824
v -98.89408875 -14.65151882 106.02729797
v -96.97254181 -13.07829952 108.20502472
v -101.92317200 -121.78634644 101.49888611
v -104.11409760 -122.80477142 99.02361298
v -37.54487228 -121.04650879 58.41266251
v -35.81184769 -121.71313477 60.98081207
v -87.99748993 -37.51657104 104.80499268
v -83.98538208 17.44527435 103.65695953
v -61.36531830 -82.83115387 57.56050491
v -58.34680939 -83.88446808 57.09435654
v -74.85551453 -176.80192566 104.93654633
v -74.45812988 -179.64591980 107.20072174
v -58.23654938 -195.74330139 107.11013031
v -57.35857773 -195.80891418 109.81073761
v -61.19264221 -195.80116272 108.53044128
v -60.22880554 -158.86640930 106.82801056
v -61.59205627 -161.96617126 105.99320221
v -57.98286057 -161.26127625 105.54315186
v -31.52407074 -42.36864471 107.11382294
v -54.10451508 -64.38294983 114.15310669
v -78.45007324 -120.27703094 57.85858917
v -103.29309845 -127.39276886 101.81230927
v -102.39322662 -130.18249512 101.90361023
v -92.52304840 -94.13725281 58.13797379
v -95.49919128 -93.90725708 59.57027435
v -98.75619507 -89.66570282 64.51077271
v -97.76242065 -91.82328033 62.18062210
v -100.94249725 -92.90637970 63.48692322
v -98.68044281 -94.65477753 60.90487289
v -101.12792206 -95.81305695 61.69107437
v -84.85693359 18.77445984 93.81947327
v -83.21063995 -47.75231934 106.14469147
v -81.57283783 -49.38027191 108.55558777
v -64.33486938 -99.50287628 106.84199524
v -67.33409882 -97.80587006 105.95772552
v -67.49713135 -100.26527405 107.45264435
v -41.15427017 -96.01807404 96.33042145
v -39.15509415 -98.95722198 97.36196899
v -104.49643707 -15.53411770 103.75349426
v -51.08460236 -182.38639832 61.30469513
v -48.88315201 -184.27265930 60.15956879
v -53.08120346 -183.42539978 59.38989258
v -55.08401871 -123.54907227 58.34498978
v -52.59001160 -122.15325928 57.01533890
v -106.48434448 -14.08568478 97.04393768
v -81.41205597 18.04744720 105.62724304
v -74.99172211 -78.43940735 60.80297852
v -73.43233490 -75.89929199 61.32445526
v -71.97192383 -78.26660919 60.21022797
v -77.26361847 -90.21439362 99.78852081
v -73.83341980 -91.32472229 101.49959564
v -74.75114441 -89.04119110 99.43350220
v -71.52851105 22.36749268 109.74320221
v -73.68592834 22.72007751 106.05753326
v -74.39260101 21.29919434 108.85863495
v -71.29419708 -44.16392899 55.18261337
v -74.33230591 -43.88000488 53.75996399
v -51.61530685 -102.58104706 105.91526794
v -52.78342056 -100.06769562 104.90582275
v -39.56524658 -119.13330078 110.08426666
v -35.78834534 -119.60559845 108.44371796
v -37.57197189 -116.71739960 108.14614105
v -29.46234894 -85.18513489 66.95960999
v -30.18260956 -5.18653011 61.82775116
v -28.22418785 -6.99809170 63.53307724
v -38.11198807 -6.33866024 56.90159988
v -39.95923615 -4.04666042 55.35475159
v -87.78086853 -32.92527008 102.83257294
v -36.18138885 -27.93476105 60.63139343
v -38.06793976 -27.35783386 58.34881973
v -36.59648895 -24.82180786 59.73059464
v -31.00259209 -48.95266724 101.85815430
v -76.78612518 -154.19009399 106.00627899
v -79.78305054 -153.14144897 104.63002777
v -63.93287659 -195.43566895 97.21514130
v -62.32557297 -195.32666016 93.86667633
v -60.87745667 -195.39550781 96.48249817
v -45.99732590 -174.07766724 99.25032043
v -44.18447876 -177.18817139 99.12929535
v -96.34716034 -0.29058751 99.00315094
v -99.12981415 -0.53311831 97.77803040
v -76.24663544 21.10297394 106.48898315
v -99.20224762 -97.76916504 96.67622375
v -78.58474731 -102.75714874 107.85397339
v -63.78467178 -177.92616272 108.84642029
v -60.31449509 -178.43766785 109.26419830
v -75.86260986 22.58554840 103.20938873
v -68.14172363 -172.93949890 105.96115112
v -72.36965942 -173.88265991 104.84632111
v -75.95010376 -165.31787109 101.18740082
v -77.62340546 -168.08966064 99.84207153
v -75.04524994 -168.19767761 102.03260040
v -68.05645752 27.77357483 96.99493408
v -65.23313904 27.48757935 97.14213562
v -65.76470947 29.06683350 94.10805511
v -49.59799576 -95.02679443 100.75135040
v -48.12679672 -97.71961975 101.63577271
v -30.18563843 -44.14609909 99.23488617
v -30.46749115 -45.99760056 102.15979004
v -29.33119774 -135.99263000 109.18073273
v -30.63549805 -131.95967102 109.43736267
v -16.74448013 -119.66777802 63.05577469
v -19.53242111 -120.81732941 65.07044983
v -99.71430969 -28.33972168 100.13521576
v -97.85203552 -30.14676666 97.62969208
v -83.08676910 -48.73359680 102.92183685
v -83.24319458 -48.91641998 99.98204041
v -81.72706604 -51.33256912 101.82472229
v -73.97359467 -171.21911621 103.24205017
v -72.57830048 -168.08544922 103.61972046
v -73.03683472 -195.55380249 100.87374115
v -72.74254608 -155.57145691 64.56459808
v -69.88121796 -154.71791077 63.23945236
v -70.27628326 -157.40695190 64.79142761
v -111.30229950 -109.76851654 99.99517059
v -109.94667053 -118.96024323 100.90448761
v -113.00091553 -117.01906586 100.60997772
v -72.85588837 -183.40040588 59.80717087
v -37.45530319 -195.54241943 103.12713623
v -75.84912872 -185.10740662 58.83986664
v -78.46170044 -183.79914856 61.45821762
v -82.76660156 -190.33015442 57.93266678
v -86.12982941 -195.84541321 103.13181305
v -85.77475739 -195.69941711 99.52169037
v -70.91728210 23.66057587 106.84056091
v -67.87400818 24.69902802 106.62982178
v -70.15750885 25.61982727 103.87635803
v -69.73749542 -63.95247269 101.61553192
v -66.35009003 -63.77469635 102.50400543
v -68.90150452 -62.14339828 104.20780945
v -101.19519806 -118.25470734 62.46126556
v -104.06850433 -117.17018890 61.38615417
v -101.17717743 -116.95856476 59.38652420
v -71.96156311 -61.69532013 102.38078308
v -75.74288940 -60.35412216 101.50648499
v -74.70774078 -62.98187256 100.49493408
v -103.95229340 -93.12593079 65.35532379
v -101.55163574 -90.37328339 65.83044434
v -30.61983871 -44.37927246 104.75459290
v -113.04376984 -111.36669922 64.23781586
v -111.22286987 -109.43103027 63.39089203
v -110.26371765 -112.16650391 62.44496536
v -27.83229828 -122.08217621 102.70146179
v -26.59939957 -119.81287384 100.18366241
v -24.76622391 -121.62964630 98.10106659
v -25.51937103 -117.75032043 97.80411530
v -34.84072113 -84.42504120 63.95244980
v -113.79112244 -107.46841431 98.58287048
v -52.05709839 -120.66922760 114.03206635
v -50.10169983 -123.62637329 114.73921204
v -48.85709381 -80.63771820 61.60017776
v -48.92809296 -83.03163147 59.54517746
v -51.98959351 -81.71932220 59.62942505
v -25.49594879 -114.63189697 96.11698914
v -23.98163605 -114.22663116 92.67587280
v -100.45241547 -22.26285553 99.20436859
v -101.15356445 -25.80358124 98.53675079
v -99.71688843 -25.20041656 101.30529785
v -96.54815674 -189.40716553 92.15681458
v -77.47547150 -145.76176453 107.41908264
v -27.52311897 -108.49448395 94.86695862
v -30.25254631 -107.53462219 97.50167084
v -28.38752174 -110.48919678 97.44532013
v -53.14059448 -80.63411713 93.94801331
v -55.50211334 -80.62014771 96.29254913
v -53.40396881 -83.41999817 94.78635406
v -55.40536880 -93.08184814 101.60522461
v -58.70304489 -91.15623474 100.68925476
v -39.96076202 16.14977264 111.24665833
v -42.53758621 18.71817780 110.93398285
v -69.53637695 -72.61461639 61.62131500
v -70.04356384 -75.80838013 60.64527893
v -26.23819733 -129.27908325 103.52085876
v -116.36989594 -116.57766724 99.41809082
v -114.40674591 -114.14144135 99.83589172
v -64.12859344 -73.04051208 61.60535431
v -104.56926727 -108.54354095 100.40949249
v -93.20866394 -34.39534760 97.89353180
v -96.22794342 -33.73320770 100.67951965
v -95.05276489 -31.68894958 98.47144318
v -83.21018982 -72.87702179 68.68533325
v -81.26859283 -69.36942291 68.74213409
v -80.61408997 -71.70842743 66.77258301
v -77.81930542 -177.22317505 103.15149689
v -50.52295685 -65.85428619 94.76983643
v -53.06191635 -66.74937439 96.07555389
v -52.47506714 -69.36241913 94.30917358
v -23.10027313 -129.66566467 97.94596100
v -24.39314651 -128.17192078 100.18971252
v -72.07686615 25.31408691 100.58858490
v -75.31745911 24.67857361 100.47678375
v -73.03267670 24.47357941 103.58023834
v -69.93653870 -79.02722168 98.76192474
v -70.94563293 -82.49864960 98.65802765
v -67.28269958 -80.59830475 98.36175537
v -67.40127563 -195.59317017 101.05973816
v -81.40035248 -172.78764343 96.10997009
v -113.50012207 -107.84275055 65.02777100
v -112.22574615 -115.05850220 63.09692764
v -109.37924194 -115.04470825 61.33423996
v -122.90692139 -117.85523987 91.46199799
v -99.97029877 -121.00171661 104.55151367
v -105.55649567 -8.99188137 98.90277863
v -106.21560669 -9.24918270 95.30638885
v -105.04573059 -11.77304745 98.01394653
v -39.81492615 -123.16896057 59.94873047
v -40.03234863 -125.26445770 63.28806305
v -66.11306000 -116.24302673 115.04956818
v -67.61688232 -113.02322388 113.93676758
v -69.28455353 -116.07450104 115.35578918
v -90.08839417 -42.34411621 94.08802032
v -88.40906525 -42.24711609 96.65869141
v -78.77264404 -60.41509247 99.25628662
v -77.27009583 -62.95077133 99.28908539
v -65.05192566 -83.23811340 98.05432892
v -68.13024139 -83.76828003 98.65407562
v -63.32561493 -71.23495483 99.45835876
v -66.91414642 -148.58197021 111.99525452
v -49.00594711 -92.19866943 98.64157104
v -45.44624329 -64.36084747 97.10720825
v -47.91519165 -65.44796753 100.01723480
v -46.88237762 -176.03019714 101.56211853
v -44.79800415 -178.86267090 102.13327026
v -117.87799835 -122.27873993 99.53199005
v -120.15942383 -124.18076324 98.22088623
v -28.17617989 -18.48368835 101.45097351
v -27.63234901 -15.30725002 99.69683838
v -28.35397530 -16.47335052 103.01337433
v -65.76975250 -65.05648041 63.33180618
v -68.52310944 -62.86756516 63.52833557
v -65.51176453 -61.51613235 63.76495743
v -74.23874664 -124.75965881 61.33976364
v -91.82339478 -100.88519287 101.23512268
v -78.58631897 -79.23922729 61.46297836
v -80.18415070 -157.94232178 98.86835480
v -80.24304962 -156.30969238 102.20108032
v -75.43042755 -174.10331726 103.23874664
v -66.77922821 -86.47327423 98.95917511
v -76.12397003 -75.27280426 97.36005402
v -75.75312805 -78.32024384 96.77004242
v -73.10436249 -77.08691406 98.39480591
v -62.77022934 -76.30345917 98.16074371
v -62.09552002 -90.40134430 100.33989716
v -56.33398056 -195.34947205 95.32730865
v -55.24536896 -195.43716431 98.31388855
v -58.36858368 -195.47442627 97.65109253
v -56.12152863 -83.60107422 97.08380127
v -36.61915588 -195.37666321 96.10713959
v -33.09753036 -195.18617249 96.34578705
v -26.29269791 -117.33606720 56.18209076
v -27.73609924 -119.33286285 59.60876465
v -38.63565063 20.92913818 97.00638580
v -36.72458649 19.93637848 99.81636047
v -33.07131577 -26.32942963 104.90081787
v -32.22114182 -24.05967712 106.92439270
v -43.61369705 -121.54010773 55.93851471
v -40.46144485 -121.45027924 56.83213806
v -25.42098618 10.62275028 102.37020874
v -43.16286850 -81.68772125 63.17032623
v -93.18435669 -97.42390442 97.95310974
v -87.29022217 15.20181370 98.69516754
v -88.48915100 13.79022312 101.57428741
v -25.37854767 -132.66447449 102.88128662
v -61.12700272 -195.49667358 99.68083954
v -39.78607178 -143.81900024 93.59814453
v -37.41880035 -141.41519165 95.14223480
v -40.27622223 -143.70202637 96.36294556
v -36.66852570 -181.35116577 89.07982635
v -36.96380234 -181.76542664 93.02716827
v -34.74687576 -183.13267517 90.53685760
v -24.27343750 -0.76370150 91.23825073
v -25.81449127 -2.71122646 93.53228760
v -104.76149750 -10.65289211 101.25967407
v -102.88600922 -12.55339718 103.29541016
v -102.51869965 -128.07911682 94.76905823
v -105.18682098 -126.90861511 92.93708038
v -103.36964417 -105.02296448 99.59577179
v -78.75049591 -122.59450531 60.07388687
v -41.67795181 -174.51850891 90.37808228
v -42.50952911 -171.51728821 90.34249115
v -42.89505386 -173.99691772 93.63523865
v -87.37191772 -44.33266449 94.30443573
v -90.80377197 -95.36676788 97.83419800
v -83.84758759 -54.91831589 89.68768311
v -83.41509247 -58.32801437 88.48781586
v -82.16041565 -176.11109924 97.01091766
v -87.44694519 -118.42392731 56.75571442
v -90.21352386 -118.36767578 57.42256546
v -88.91790009 -116.84730530 54.13146591
v -27.20634842 -113.64369965 98.00066376
v -27.40814781 -136.08462524 106.41011047
v -29.56405067 -138.76052856 107.45976257
v -77.68952179 -52.01458359 112.38101959
v -78.22676086 -53.67002106 109.30129242
v -76.16849518 -54.72399902 111.20741272
v -19.90477371 -117.36763763 57.51229095
v -25.82429886 -121.36176300 64.52368927
v -28.80972290 -122.39939880 65.66281128
v -28.98832321 -121.03708649 62.69161224
v -111.19017029 -101.25774384 97.50899506
v -107.99325562 -100.43698883 97.94661713
v -109.60487366 -98.09626770 96.56414795
v -65.37831879 -172.65170288 106.39803314
v -44.14432907 -132.02445984 66.98902893
v -100.44892120 -93.05401611 93.76207733
v -39.49564362 -186.98303223 63.15068054
v -41.05145264 -188.83316040 60.40766907
v -76.73937988 -195.54716492 98.92347717
v -73.22723389 -80.45390320 97.90362549
v -76.05294800 -81.25077057 95.92032623
v -73.82630157 -83.88954926 97.40380096
v -63.37741470 -56.44587326 64.54396820
v -63.41582108 -53.31698608 63.79220963
v -60.67710114 -54.50641251 64.84538269
v -32.12769699 -104.66403198 97.02384186
v -33.30109787 -106.76657104 99.51596832
v -33.62942886 -195.28091431 93.50087738
v -31.00655174 -193.69592285 94.82109070
v -30.83961487 -45.10221100 95.38472748
v -30.15981674 -42.50499725 96.67308807
v -28.08536339 -20.36034393 96.26142120
v -65.98228455 -177.03239441 63.71682358
v -63.95730209 -174.22418213 64.59951782
v -62.51771164 -177.38340759 63.26764679
v -66.47994995 -77.28194427 98.62230682
v -70.42875671 -75.76985931 98.99132538
v -91.16857147 -92.97756958 95.84222412
v -90.31729126 -90.16946411 94.15829468
v -82.18550110 -195.51016235 94.97266388
v -79.27257538 -195.52941895 96.80471039
v -82.17359161 -58.35486603 94.79428101
v -54.24943542 27.36607361 92.77542114
v -54.55144119 -66.06970978 98.91400909
v -51.19376755 -66.17154694 101.10413361
v -54.52526474 -66.33664703 102.55808258
v -49.73894501 -70.91325378 88.41610718
v -89.01927185 -124.83638000 64.88148499
v -87.48343658 -123.04685211 62.14521790
v -85.60324860 -125.67655945 63.94871521
v -92.26325226 -123.78850555 66.04358673
v -34.70504761 -139.40231323 93.66230774
v -31.90317345 -138.84181213 96.07783508
v -34.96037292 -140.38812256 96.84330750
v -92.44654846 -34.64229584 66.21083832
v -91.59931183 -37.28178406 67.87741852
v -26.08443069 -88.58102417 63.61636353
v -85.38529205 -85.73110962 92.21383667
v -38.60287094 -86.33636475 60.29555130
v -36.44979477 -88.59195709 59.02232361
v -39.54314423 -88.73768616 57.92810059
v -84.77222443 -156.97441101 93.62765503
v -82.49124908 -157.47427368 96.34747314
v -70.35626984 -195.52691650 98.55871582
v -38.91135406 -184.66816711 68.17578888
v -37.90015411 -186.31690979 65.93854523
v -31.12978745 3.77787113 112.22370148
v -29.95811081 7.52169132 112.46566010
v -78.68827820 -110.14488220 112.13173676
v -38.99692535 -149.09184265 98.61505127
v -38.38685226 -146.67263794 95.34618378
v -39.89215088 -146.28105164 98.23673248
v -38.67389679 -142.44519043 101.00793457
v -36.83557510 -142.20422363 103.50051117
v -40.52914810 -143.17994690 103.05600739
v -29.36209106 -30.76107025 95.06994629
v -27.83601189 -18.09159851 98.09674835
v -27.54621315 -15.94915676 95.73472595
v -80.84707642 -169.36248779 95.52281952
v -50.35770035 -138.96000671 66.59755707
v -47.68332291 -137.01976013 67.52810669
v -54.71580887 -74.29727173 64.11560059
v -52.49886703 -76.99535370 63.09647751
v -59.47011185 -63.57761002 65.00558472
v -60.27046585 -66.60971069 64.23678589
v -62.83203888 -63.67881012 63.91953278
v -78.79649353 -88.41262054 97.55387115
v -79.45109558 -91.72402191 100.31287384
v -81.64466858 -195.22741699 84.92746735
v -82.23745728 -195.30990601 88.31089020
v -84.80787659 -195.34191895 86.16157532
v -76.99376678 -69.35456085 98.00122833
v -58.94580841 -194.74066162 57.59564209
v -29.58130455 -188.69204712 93.41892242
v -29.92799187 -186.93104553 90.33118439
v -31.38585472 -186.19592285 93.57852936
v -87.35975647 -195.21166992 106.36871338
v -83.98802948 -195.90466309 105.35366821
v -71.76263428 -57.84129715 64.96920776
v -29.56169128 -40.33709717 99.00926208
v -25.86579704 -111.61569977 94.66884613
v -75.06522369 -148.86904907 63.27413177
v -107.64330292 -18.95501709 96.52305603
v -107.92201233 -16.06498718 95.34992218
v -106.65225220 -128.47201538 98.42845917
v -109.87770081 -128.18916321 97.01165771
v -107.97882080 -127.34733582 94.68651581
v -99.31699371 -22.07011414 102.13580322
v -51.79691696 -78.87605286 91.73300171
v -50.70727158 -76.49359894 89.61518860
v -52.14209366 -75.89467621 92.71972656
v -46.66720200 -168.26266479 98.72624969
v -45.72752762 -165.91564941 97.09062195
v -48.14672470 -165.20797729 100.20024872
v -25.34925652 -135.20790100 95.99227905
v -23.23697281 -133.26402283 94.68965912
v -92.54446411 -27.72052002 104.91964722
v -90.02151489 -25.66109467 107.36502075
v -39.18170166 -156.24261475 88.14937592
v -39.21367645 -154.18769836 91.02788544
v -36.26618958 21.00224304 95.02996826
v -31.79146385 -136.00112915 90.27719116
v -30.48544884 -134.26119995 88.03486633
v -28.96062279 -135.19099426 91.24651337
v -21.76742172 -127.70729828 92.72132111
v -22.69152451 -127.05359650 95.83708954
v -22.13012314 -130.42427063 95.39343262
v -107.80369568 -106.22305298 61.46207047
v -22.55468750 4.32589817 88.91477966
v -24.64144135 3.36480045 86.57467651
v -119.89494324 -113.78001404 95.41256714
v -120.52781677 -111.34730530 92.84830475
v -121.62479401 -114.42800140 92.40158081
v -7.66264582 -108.95626068 70.12336731
v -8.65937233 -105.80213928 70.72654724
v -14.83879662 -104.24501038 59.63742065
v -103.06784058 -25.16261292 86.00631714
v -102.61164093 -27.00861359 88.11017609
v -91.28620911 11.00556278 90.81185913
v -93.19613647 7.97303104 90.83715820
v -91.81418610 8.67413425 93.40525818
v -43.46118546 23.84919739 92.42446136
v -26.89739799 -137.63241577 101.21433258
v -26.19429970 -136.64332581 98.57433319
v -28.44606209 -21.18907166 93.29656982
v -27.93623924 -17.94747162 93.72871399
v -21.94825363 2.27707005 95.14927673
v -22.19981003 0.94445127 92.33709717
v -22.40576172 4.01133060 91.75470734
v -114.68409729 -125.30026245 89.82030487
v -119.55117798 -127.20578766 98.48738861
v -118.25409698 -127.09351349 95.28886414
v -111.06054688 -91.67011261 90.19533539
v -112.36466980 -94.12100983 92.25253296
v -91.85559082 -183.84690857 83.34346008
v -92.56539917 -184.61491394 86.24757385
v -88.66798401 12.13705540 99.10601807
v -89.14513397 10.54925632 102.23175812
v -28.88272285 -137.51562500 96.44653320
v -29.18307304 -138.62156677 99.19485474
v -93.12343597 2.80715275 109.32183075
v -90.90489960 5.07428837 107.60431671
v -93.73466492 3.70107365 106.11623383
v -73.92324829 -129.67890930 64.54771423
v -70.39875031 -129.78128052 64.23183441
v -71.78235626 -132.66790771 65.76065826
v -122.11629486 -122.66558838 95.69178772
v -102.88419342 -91.22364044 92.56144714
v -104.97921753 -89.54266357 90.62311554
v -77.32961273 -56.07793427 68.15738678
v -78.13149261 -52.90180969 67.43256378
v -97.63181305 -36.25894165 88.00582123
v -95.58744049 -38.79794312 88.12321472
v -96.77273560 -36.93061829 90.81646729
v -94.35665131 -36.42671204 100.07093811
v -91.06970978 7.16564274 67.86772919
v -88.28553009 8.78430271 66.34494019
v -90.06713867 6.65266514 64.51895905
v -90.35903168 11.46833134 93.65691376
v -91.09441376 8.69213963 96.12998199
v -84.48111725 -179.34291077 96.55986786
v -85.02719879 -181.48565674 99.07884216
v -85.52590179 -195.40841675 89.19863892
v -83.84165192 -78.16797638 87.19220734
v -85.24660492 -183.02265930 67.94496918
v -83.97965240 -184.61215210 64.47806549
v -87.01412964 -185.59065247 65.26346588
v -51.51328659 26.75675964 94.08084106
v -50.03959274 -67.19124603 92.40946198
v -47.98739243 -64.93069458 90.86115265
v -47.38845062 -64.38993835 93.86768341
v -92.16104889 -126.02365875 69.09085846
v -29.82444000 -39.91668701 95.35510254
v -25.08348465 0.20807734 94.43419647
v -24.88893509 1.50927818 97.30012512
v -114.93634796 -113.37873077 64.96353912
v -22.63714600 -121.30171967 92.80516052
v -71.26496887 -59.50097275 109.18901062
v -71.36185455 -58.25749969 112.02123260
v -73.93295288 -57.21820450 110.14744568
v -104.01158905 -11.45374203 95.77447510
v -104.19478607 -7.17011166 97.35240173
v -31.84139633 -122.83441162 65.22341156
v -32.58879852 -121.39121246 62.37411499
v -86.65970612 -178.64190674 81.52477264
v -85.55990601 -176.45741272 84.42522430
v -86.02550507 -179.59890747 93.27505493
v -86.61385345 -179.27742004 90.41231537
v -88.11841583 -181.56803894 91.71738434
v -38.78459930 -152.80856323 85.93842316
v -39.07480240 -155.65168762 84.92423248
v -39.40249252 -154.20582581 82.03623962
v -36.93647766 -195.27766418 92.76721954
v -112.26065063 -128.75392151 100.50205994
v -109.29129791 -128.29646301 99.94570923
v -31.32800102 -137.24308777 93.25004578
v -55.21898651 17.45741272 62.20195770
v -53.34824753 18.92177582 64.96276855
v -100.97647095 -3.88075924 89.65530396
v -99.66897583 -2.02112484 86.64222717
v -100.51668549 -4.58761501 87.17784119
v -94.83911133 -34.86392212 95.16966248
v -80.33905029 -160.08677673 96.18769836
v -38.14629364 -96.61237335 94.70018005
v -40.02474594 -93.45661926 93.40984344
v -44.72290421 -168.34500122 95.47802734
v -43.50535202 -168.31877136 92.47077179
v -38.62931824 -60.05899429 94.77209473
v -36.98654175 -58.44672012 93.10836029
v -28.56083870 -19.02459717 90.70102692
v -66.36946869 -146.57228088 63.95758820
v -30.75331306 -18.78997803 108.48400879
v -32.69071579 -19.47207642 110.80027008
v -32.43591309 -22.06794739 109.12479401
v -72.58263397 -151.97203064 63.48197937
v -76.47885132 -151.19766235 64.48725128
v -104.89995575 -12.21787930 89.46384430
v -103.71701050 -9.63071346 87.14968872
v -105.37227631 -12.39028072 86.13916016
v -99.98609161 -2.42658901 83.55379486
v -102.07714081 -2.97905636 81.04290009
v -67.14439392 -195.45216370 97.51053619
v -65.82247162 -195.35015869 94.53486633
v -78.66478729 16.76287842 110.92321014
v -49.03744125 -67.85828400 89.58637238
v -39.58327484 -143.52307129 90.51035309
v -38.07867432 -146.10621643 91.78018951
v -38.47925186 -145.71852112 88.18895721
v -39.78716660 -55.30176544 82.62258148
v -23.88347054 -101.88239288 88.32289124
v -23.10579491 -104.85197449 88.81636810
v -20.68539619 -103.80716705 87.26858521
v -118.98114777 -115.89494324 97.47269440
v -41.35366821 -61.79102325 94.08632660
v -44.06224442 -63.21194839 94.32353210
v -42.59809113 -61.74944687 91.34183502
v -89.24224854 -148.90898132 90.95845795
v -87.17700195 -146.79000854 87.73646545
v -89.50285339 -149.10997009 87.79412842
v -84.94553375 -176.52651978 91.04473114
v -84.84585571 -174.84910583 87.08813477
v -86.02367401 -177.41343689 87.88951111
v -79.91154480 -56.83254242 99.91738129
v -80.92749023 -58.33161926 97.45600891
v -48.37533569 25.75358582 88.95628357
v -45.62743378 24.39258575 87.70339203
v -47.92480850 25.68032837 85.38447571
v -29.70563889 -32.10902405 89.38977814
v -29.21773911 -29.66704559 91.51425934
v -29.31198883 -32.98497009 92.49280548
v -28.54889679 12.83814335 94.21028900
v -28.81320953 12.43295383 91.15000153
v -31.49076843 14.41780949 92.36903381
v -29.38999748 -105.34414673 94.89398193
v -23.60751724 5.32888889 94.20271301
v -119.69869995 -125.29306030 90.21654510
v -117.60575104 -124.60681152 88.26230621
v -52.52302551 -141.94659424 66.49346924
v -54.31990814 -145.13194275 65.77905273
v -55.88141251 -142.46203613 66.36063385
v -81.97976685 -82.48984528 91.11383057
v -84.38439178 -81.20168304 88.44692993
v -84.92742157 -83.84626770 90.41929626
v -54.91138840 -71.39996338 95.65285492
v -55.50866318 -68.54223633 96.85665894
v -107.98937225 -90.41106415 90.55146027
v -75.40743256 -195.03453064 67.92823792
v -72.12402344 -194.99365234 68.16298676
v -72.89303589 -194.99028015 71.41070557
v -25.33059502 -109.69517517 92.44808960
v -77.95427704 -157.27200317 68.75175476
v -84.37355042 -152.98040771 73.35220337
v -84.13698578 -150.75572205 70.08749390
v -102.61998749 -127.02120972 91.36923981
v -86.14398956 -40.89495850 63.95973969
v -88.58029175 -41.31546021 66.23343658
v -34.17080307 -195.15367126 90.52574158
v -35.10305405 -195.12591553 87.53155518
v -31.54005241 -195.05441284 88.26804352
v -82.40781403 -52.20946884 98.51161194
v -83.23329926 -144.92897034 101.14588165
v -81.70210266 -145.03956604 103.77715302
v -84.52797699 -142.20916748 102.72345734
v -28.33893013 -191.15391541 86.90984344
v -29.21002769 -193.08491516 89.53072357
v -21.11327171 -107.26332092 88.21385193
v -106.45319366 -88.34041595 87.85370636
v -112.38152313 -98.71360779 67.15976715
v -112.60454559 -96.18475342 68.97719574
v -110.02947235 -95.78325653 67.27222443
v -102.92006683 -6.80219173 89.96096039
v -57.21080017 28.63407898 87.90753937
v -60.59810257 28.52857971 86.49275208
v -45.98696899 -65.10250092 106.78108215
v -48.81924057 -66.22380066 109.38438416
v -48.62009430 -66.21892548 106.36905670
v -29.93346214 -26.46574402 87.17728424
v -30.21343803 -25.91246796 84.24269867
v -29.58153725 -23.40406799 86.74760437
v -28.15641212 -16.06364441 88.93788910
v -123.28004456 -112.47553253 86.27477264
v -123.04754639 -109.86476135 84.04141998
v -123.80294800 -112.42793274 82.65755463
v -99.17669678 -127.04031372 84.16053009
v -97.05657196 -128.06748962 81.86080170
v -96.74034882 -128.95945740 85.13845825
v -54.73192596 -144.10728455 114.06125641
v -102.77471161 -17.39775848 90.62923431
v -104.45229340 -15.03211117 88.09568024
v -101.44998932 -16.49449158 86.89919281
v -94.15995789 6.84353733 88.10726929
v -95.89470673 5.82756138 85.51805115
v -95.76651001 4.10826206 88.33843231
v -65.54664612 -148.05415344 61.25540543
v -87.06984711 -146.78025818 91.19497681
v -28.87234688 -92.67714691 85.53218842
v -87.61365509 -187.40516663 107.81436920
v -114.05067444 -122.64321136 84.31040192
v -111.40080261 -124.02195740 86.37717438
v -114.36867523 -124.07405853 87.05207825
v -98.43596649 -33.95404053 89.86428833
v -99.23452759 -33.67158508 86.31303406
v -94.06700134 -195.21641541 85.63676453
v -94.58695221 -194.59791565 82.65631866
v -78.32600403 -195.16691589 83.57867432
v -78.84100342 -195.23741150 86.83792114
v -94.53543091 -186.21766663 83.73101807
v -93.23413086 -185.60740662 80.89929962
v -92.02632904 -195.19816589 81.00760651
v -90.88610077 -195.30441284 84.24810791
v -92.87110901 5.37199497 66.06990814
v -91.45471191 3.10339451 64.31072998
v -87.98745728 16.56025696 84.00907135
v -47.91373062 -195.02116394 84.47303009
v -46.41760254 -194.99215698 81.26287842
v -44.55850601 -195.05891418 84.09092712
v -92.72978973 -20.15260315 61.57689667
v -13.81999588 -119.72081757 63.90486526
v -14.73867416 -118.40198517 60.54926682
v -11.24769592 -118.86021423 62.51326370
v -13.70687008 -110.16779327 84.60400391
v -13.16604519 -113.33702087 84.81701660
v -11.24464703 -111.30176544 83.09110260
v -123.91289520 -115.59520721 86.93401337
v -123.00531769 -115.41583252 89.46834564
v -34.99282074 -82.27858734 73.62394714
v -34.88689423 -82.15250397 70.28347778
v -37.81441879 -80.78908539 71.86295319
v -115.61659241 -119.87219238 100.32751465
v -59.74507141 -105.02722168 109.19919586
v -61.81634521 -102.00822449 108.01177216
v -63.25794601 -104.76739502 109.62532043
v -21.63513565 -129.06053162 89.63903046
v -21.50814819 -125.67287445 89.57433319
v -29.30076599 -37.15585327 99.20697021
v -29.74464035 -34.24600220 99.71434021
v -57.13948441 -77.71544647 96.33943176
v -83.33522034 -61.20600128 86.78894806
v -83.03154755 -63.74785233 88.77463531
v -86.41158295 19.15848541 90.02925110
v -77.84765625 -195.10916138 80.03247833
v -77.77123260 -195.04690552 76.27243042
v -75.25809479 -195.06216431 78.23928833
v -75.86178589 24.76883698 82.87110138
v -77.65563202 26.09733582 86.55774689
v -38.33741760 18.79789734 86.24955750
v -41.49036026 21.49505615 86.55742645
v -83.44948578 15.14399052 58.49770737
v -81.97823334 15.01960087 54.71035767
v -85.05433655 13.88449192 56.14611053
v -84.79238129 -42.13348007 61.41698837
v -85.70309448 -43.41930771 65.52339172
v -20.61609650 -127.24031830 86.71587372
v -19.32989883 -126.96719360 84.29344177
v -19.20662308 -124.35619354 86.70166779
v -125.42466736 -122.26627350 87.10672760
v -124.86989594 -123.92330933 89.41622925
v -29.38149261 -84.33167267 69.95617676
v -31.96559525 -83.52600098 68.84832764
v -82.93879700 -160.04631042 87.33742523
v -56.99574280 -86.23814392 98.00733185
v -59.89349747 -84.66955566 97.94877625
v -63.77355576 -195.17091370 88.49633789
v -59.40647125 25.37387085 74.01889801
v -61.31628418 26.25408936 76.02704620
v -57.83625031 26.52708435 77.43587494
v -69.16654968 26.66609192 82.79235840
v -69.00384521 27.38333130 85.81007385
v -42.55500031 -171.17398071 82.63329315
v -42.24145126 -170.72651672 86.25966644
v -36.83184814 -138.03376770 87.09429169
v -38.36632538 -140.87684631 89.05818176
v -39.05387497 -140.19503784 85.73778534
v -36.25555420 -183.22291565 96.53434753
v -26.46931267 -10.67241573 85.16681671
v -27.05342293 -9.89744473 88.09663391
v -30.80933762 6.92373753 76.24619293
v -31.36043549 9.63403416 77.76725006
v -28.37828445 7.76956272 79.13203430
v -23.44477081 -126.93647003 79.74936676
v -22.28332901 -127.80545044 82.94178772
v -25.67012405 -128.53428650 81.50637054
v -15.95149422 -100.67562103 83.48332214
v -17.89814568 -102.36882019 85.29881287
v -64.34519196 -74.09300995 98.99443054
v -108.18432617 -123.94883728 85.20177460
v -107.88867188 -122.81243896 82.19360352
v -104.98687744 -123.99591064 83.07681274
v -47.56005096 -156.66697693 68.72606659
v -47.01105118 -153.52160645 68.40792847
v -44.77450180 -154.78668213 70.69147491
v -95.47071838 -38.94953918 84.95708466
v -82.42975616 -168.05131531 79.72818756
v -83.30660248 -171.07574463 81.21714020
v -83.05004883 -168.50558472 83.19820404
v -60.95066071 -194.96791077 83.23995209
v -59.58816528 -194.89091492 80.04191589
v -57.27639008 -194.85491943 81.80927277
v -42.29792786 -173.78041077 81.04597473
v -66.75140381 -194.89480591 65.87831116
v -64.33924103 -194.86840820 63.85071564
v -125.04789734 -118.00025940 79.16971588
v -122.37959290 -106.14078522 80.95422363
v -123.04179382 -109.35338593 80.98812866
v -118.98126984 -99.12773895 86.20161438
v -120.16415405 -102.92534637 87.39796448
v -118.44618988 -100.52335358 89.01371002
v -99.98127747 -127.54876709 90.13771820
v -100.03428650 -29.67601776 90.94069672
v -99.94231415 -28.57728577 87.89497375
v -98.58809662 -31.28720093 88.52716064
v -86.21970367 -156.68711853 83.94408417
v -84.79882812 -157.45545959 87.12187195
v -83.86011505 -55.87683868 86.63171387
v -80.04273224 25.22009277 88.35808563
v -43.02865601 -195.25341797 89.85929108
v -42.40320587 -195.13441467 86.72310638
v -102.70017242 -15.18541622 78.03979492
v -101.60486603 -15.79858303 75.12241364
v -102.54428864 -18.35538483 77.36853027
v -85.81919098 -156.67959595 90.22960663
v -86.67790222 -155.50761414 80.85029602
v -85.05287933 -157.01063538 78.25862122
v -84.37497711 -157.81683350 81.21685791
v -82.46519470 -71.03756714 88.93492126
v -11.99969673 -98.58651733 74.87767792
v -13.14686298 -96.48323822 72.82982635
v -11.01324654 -100.38049316 72.32302094
v -12.32689476 -98.40091705 70.33206940
v -27.42877769 -12.98615170 83.26576233
v -26.00886345 -10.69844723 81.81878662
v -9.70202160 -117.24099731 83.29502869
v -10.48847103 -114.43147278 83.32187653
v -12.96574688 -116.33441925 85.28578949
v -116.94542694 -123.05600739 85.14663696
v -115.65572357 -121.56330872 81.75897980
v -97.76718903 3.83736515 82.50016022
v -96.53761292 6.75261021 82.51997375
v -96.54605865 4.91484165 79.55196381
v -91.72175598 -195.35290527 88.33606720
v -95.31845093 -194.24816895 87.97585297
v -90.76998901 -44.48536301 79.64145660
v -95.60551453 -186.97354126 86.62478638
v -94.17017365 -103.02564240 101.47827148
v -96.97431946 -103.11776733 100.25361633
v -75.81436157 -135.18009949 67.38105774
v -72.53856659 -135.68168640 67.09355927
v -73.10016632 -138.62805176 68.10070801
v -83.54144287 -70.57444763 70.88845825
v -85.52043915 -73.53640747 71.21930695
v -101.99552155 -125.79970551 85.21844482
v -105.15717316 -124.92803192 86.24613190
v -97.60903931 -36.15960693 80.08405304
v -98.79058838 -33.23398590 79.79070282
v -97.16719055 -34.57196045 77.39282227
v -93.06080627 -190.76464844 69.63494110
v -91.23603058 -192.08265686 67.61051178
v -91.50042725 -193.65040588 70.22673798
v -96.80737305 -86.84605408 66.13002777
v -97.60849762 -85.05432892 69.09802246
v -94.64594269 -84.37271881 67.30300140
v -89.13771057 -47.34802628 80.12147522
v -97.03202057 -111.31074524 104.62339020
v -97.00884247 -108.30677032 103.13944244
v -41.83185959 20.40463257 80.71085358
v -42.73479080 21.74004364 83.43727875
v -55.10301208 -185.99142456 116.50239563
v -57.75759125 -186.68768311 117.77015686
v -32.93079376 -83.64153290 75.65707397
v -33.89871216 12.00676060 80.71617126
v -32.33942032 12.20874119 83.24620819
v -102.78791809 -101.69831848 98.51821899
v -100.22247314 -103.68827057 99.57752228
v -100.04338074 -100.63302612 98.25654602
v -11.13672161 -108.32799530 81.99117279
v -10.11979485 -105.68766785 79.24704742
v -8.12002087 -114.83694458 80.63692474
v -6.77534771 -114.08782196 77.58987427
v -122.34169769 -109.34156036 86.63361359
v -103.13528442 -20.27928925 79.50758362
v -101.81230164 -21.93173981 76.97546387
v -98.33924103 -35.27083588 82.71363068
v -97.24471283 -36.61691284 85.14724731
v -92.88261414 -185.15728760 89.01274872
v -90.84748077 -183.52915955 90.90055084
v -85.65701294 -139.01577759 76.93878937
v -87.61560059 -136.09135437 76.86130524
v -85.72875214 -137.18360901 74.31748199
v -89.34214783 -136.42086792 86.07601166
v -91.92287445 -133.35488892 85.59795380
v -62.39150238 -61.40897751 114.85093689
v -61.17958450 -63.01530075 112.54525757
v -59.27226257 -61.97589111 115.48345947
v -35.75989532 -87.82991791 83.87857819
v -38.03380203 -151.76126099 83.44974518
v -32.03673935 -35.21794128 82.80435944
v -31.47179031 -32.10951996 83.27590942
v -27.64717102 5.24526310 81.26581573
v -13.62629604 -107.16757202 83.87827301
v -16.19369698 -105.52091980 85.09162903
v -120.10601807 -99.85546112 80.85051727
v -119.34109497 -98.87078094 77.50003815
v -95.26756287 -32.63890839 73.69089508
v -111.69433594 -113.35218048 100.43310547
v -84.55502319 -145.13046265 79.05669403
v -83.98054504 -142.67596436 76.97929382
v -83.65794373 -64.07936096 81.15199280
v -79.25528717 22.51206970 75.77613831
v -81.71604156 20.05478668 74.24681091
v -56.27426147 25.17198181 74.34901428
v -54.36264038 25.68084717 76.84279633
v -53.13800430 24.55207062 73.99375153
v -38.50489807 -136.26834106 81.01993561
v -40.38443756 -140.08404541 82.38265991
v -40.42882538 -138.18548584 79.90525818
v -26.66294861 -127.68799591 78.88227844
v -28.24790764 -20.63800049 76.89386749
v -90.02204895 -121.62397003 113.03606415
v -27.46707153 -130.30709839 83.73811340
v -24.47219849 -129.28622437 84.20320129
v -7.75169706 -118.74556732 81.56793213
v -9.44422150 -120.62107086 83.90086365
v -82.65833282 21.21413422 80.62966156
v -40.52949905 -157.33718872 82.62232208
v -41.27090073 -158.10852051 86.14772034
v -44.98249054 -55.72921371 78.19444275
v -38.77158356 16.05248260 79.24088287
v -26.57721710 2.50763798 73.44809723
v -42.66020203 -159.37466431 83.74633789
v -43.08967590 -158.91719055 80.88994598
v -117.92037201 -120.42565918 78.64546967
v -118.23741913 -121.80564880 82.12433624
v -101.32479095 -1.35256112 77.91928101
v -102.97516632 -2.48055935 75.10696411
v -103.92741394 -3.63350582 77.81936646
v -65.96612549 -110.07977295 112.51322174
v -64.49388885 -112.83082581 113.44001770
v -51.14583206 -194.91703796 75.57955170
v -49.46937943 -194.91566467 73.24913788
v -46.81072998 -194.94465637 75.22556305
v -49.57834244 -77.16320801 86.73073578
v -49.88174438 -73.88085175 87.41044617
v -42.72305298 -168.37046814 89.20740509
v -44.02664948 -161.81182861 79.83796692
v -44.80585098 -164.32215881 77.75918579
v -45.14054871 -160.95756531 77.19672394
v -34.53190613 -195.00341797 76.12769318
v -31.66615486 -194.56791687 77.06398773
v -34.86745453 -195.03988647 79.37951660
v -29.54589081 -28.39041901 77.00590515
v -29.91493797 -27.36772156 79.73009491
v -121.61989594 -113.47690582 73.10731506
v -123.76154327 -120.55925751 78.84189606
v -112.63009644 -119.29665375 74.61470795
v -109.87634277 -120.13475800 75.91438293
v -111.95761871 -120.37168884 77.89864349
v -97.46327972 1.78234947 80.14119720
v -99.16110229 -1.24829781 80.55257416
v -95.34817505 7.50888920 79.14434814
v -85.02114868 -142.73164368 81.29821014
v -85.31804657 -140.76365662 79.14151764
v -102.93024445 -84.67041016 76.54825592
v -102.26808929 -85.29228973 73.34335327
v -105.37637329 -86.46028900 74.99415588
v -38.06570435 -195.13990784 85.96982574
v -21.99089622 -94.05722046 84.71852112
v -38.01914597 -111.24182892 105.34984589
v -36.25352097 -113.83090210 105.95693970
v -100.02367401 -125.76848602 80.96526337
v -100.00162506 -124.86423492 77.86344147
v -84.85945129 -178.48965454 75.20107269
v -84.96032715 -176.93231201 78.79881287
v -83.49275208 -175.65008545 76.47736359
v -44.03239441 -79.56166077 65.32157898
v -42.98399353 -78.51229095 68.26187897
v -51.49210358 -174.63555908 67.50309753
v -52.01000214 -168.83503723 68.44934845
v -50.76867676 -171.65278625 68.81289673
v -54.04880524 -171.48295593 67.05142212
v -46.24954987 -162.80181885 75.16107178
v -47.81250381 -166.10754395 72.63602448
v -36.96859741 -131.79512024 76.88321686
v -38.16182327 -134.21653748 78.62326050
v -31.12187767 -189.06690979 73.89421844
v -94.91796875 -80.20475006 76.59821320
v -92.59884644 -78.63022614 74.72351837
v -95.03361511 -80.41359711 73.31527710
v -74.66508484 25.26258850 80.24784851
v -45.44992828 -194.96090698 78.47557831
v -43.32967758 -194.95640564 75.93197632
v -45.99052811 -166.10810852 75.24878693
v -45.28147888 -169.36424255 75.75104523
v -47.23236847 -169.07247925 72.93714905
v -40.80640030 -156.75640869 79.55794525
v -39.49342728 -147.67861938 76.10723114
v -41.86930084 -145.86091614 76.21356964
v -28.99378014 -189.14553833 80.98334503
v -32.14539337 -83.16086578 71.98397827
v -27.37376213 -25.33356476 78.86727905
v -26.70144463 -22.46807861 79.95876312
v -114.24069214 -101.56655884 67.46411896
v -116.37114716 -101.44833374 69.80982208
v -114.95054626 -98.64108276 69.70399475
v -21.06507111 -125.71914673 78.22219849
v -18.93329620 -124.64916992 76.38922119
v -17.63169861 -125.22436523 79.01319122
v -9.26002026 -116.76031494 61.01146698
v -7.89924574 -118.19641113 63.31771469
v -14.52359486 -94.43404388 75.33290100
v -125.08394623 -118.69801331 85.27216339
v -104.91329193 -6.14607906 79.20892334
v -98.01210785 -2.70725155 70.43298340
v -99.24856567 0.29681483 69.98767853
v -34.17274857 -101.95539856 96.44187164
v -76.77288055 -83.83139801 95.50965118
v -88.36199951 -152.19891357 81.17997742
v -86.70777893 -152.96685791 78.56115723
v -75.88729858 -160.10807800 70.58777618
v -73.33508301 -160.88975525 68.97154999
v -75.22765350 -163.49349976 69.97049713
v -100.75858307 -10.03547573 77.56306458
v -103.13224030 -8.49046230 79.00836182
v -91.89055634 -78.73393250 77.96743011
v -88.96999359 -77.17122650 79.49410248
v -73.04164124 -148.22084045 110.75900269
v -81.27532196 -158.26956177 73.95177460
v -81.93412781 -158.87664795 77.03559113
v -84.07822418 -156.76385498 75.28501892
v -72.19389343 25.77586365 82.54739380
v -49.26335907 20.89318085 70.64773560
v -50.62218475 23.21990967 72.74778748
v -47.26583481 21.77301025 72.83946228
v -46.61190414 -194.89891052 71.31519318
v -102.56869507 -88.26406097 68.71562195
v -100.86617279 -86.13349915 70.24430084
v -99.71914673 -87.72911072 67.26592255
v -103.25511932 -118.58963013 64.94396210
v -43.29389572 -194.99156189 81.44316864
v -116.44034576 -107.64810944 67.55892181
v -118.10624695 -110.56230927 68.53286743
v -118.52751923 -107.99683380 70.07584381
v -24.08364487 -87.62940979 66.61885071
v -120.69911957 -121.16320038 80.16362000
v -95.57390594 -188.12590027 77.83198547
v -94.16600800 -187.06565857 75.02274323
v -94.26889038 -188.93615723 72.10427856
v -30.42699051 -37.91172028 89.20312500
v -31.38423920 -39.33436966 86.73811340
v -31.07133865 -36.04731750 85.84140778
v -54.80990601 -164.17654419 67.48905182
v -55.10009384 -160.46803284 67.69577789
v -52.02564621 -64.85025024 71.02124023
v -99.36691284 -26.91003418 77.64427948
v -99.41442871 -24.67738342 75.19165802
v -82.49580383 -182.12640381 66.61606598
v -82.22412872 -180.09765625 69.05094147
v -79.67565155 -180.13865662 66.85584259
v -85.73722076 -75.81806183 68.98407745
v -57.53649139 -195.09191895 88.34959412
v -52.73514938 -194.88803101 81.58923340
v -49.75632858 -194.95191956 81.34616852
v -35.67822647 -182.02891541 82.45807648
v -35.05137634 -182.95666504 79.41154480
v -108.42675781 -90.90391541 70.57846832
v -109.08815765 -93.17388153 68.72145844
v -111.33261871 -93.24463654 70.41919708
v -35.74345398 -183.25915527 76.14469147
v -38.64365387 -181.09091187 75.80023193
v -37.34707642 -181.17765808 78.90563965
v -113.99266815 -94.91170502 71.34582520
v -112.94132233 -92.36513519 73.21567535
v -6.25739622 -115.51216125 67.84384155
v -6.96064711 -115.86759186 64.94634247
v -22.05489731 -122.75171661 68.93183899
v -19.48862457 -123.06118774 70.71928406
v -21.92154694 -123.99396515 72.53116608
v -83.55985260 15.57503605 64.80262756
v -83.28184509 12.14535618 63.90884018
v -106.81964874 -117.83349609 100.47859192
v -44.62703705 22.55013275 81.12632751
v -57.38401794 -177.17016602 108.01789856
v -43.61870193 -171.09185791 78.95288086
v -104.49015045 -125.73706818 99.01453400
v -29.44143677 4.42063236 73.95043945
v -27.87843704 2.76563358 70.92110443
v -118.48144531 -119.30953217 75.40649414
v -118.66267395 -118.27925873 72.37421417
v -115.72224426 -118.82817841 73.53974152
v -116.03989410 -96.64833069 72.42247009
v -115.57804871 -94.14138031 74.58446503
v -98.67293549 -17.65508270 68.57207489
v -85.37657928 -153.72866821 76.06762695
v -91.60700226 -185.21791077 75.00614929
v -92.23985291 -186.14739990 72.18709564
v -79.77014160 -50.72482300 110.64295959
v -56.69550323 -63.27673721 66.45748138
v -54.89681625 -65.87608337 67.30258179
v -49.09526825 -57.31876373 74.18999481
v -50.26596832 -55.45917511 71.84643555
v -116.83579254 -106.25271606 95.82801819
v -114.94084930 -104.48511505 96.77847290
v -8.19134808 -107.97586823 76.66362000
v -5.70617247 -117.04404449 75.86342621
v -6.03254604 -114.14371490 74.18256378
v -34.16836166 -127.77944946 72.75344849
v -89.43284607 -131.57128906 73.05663300
v -89.23917389 -133.74484253 76.05635834
v -91.08940125 -131.57876587 76.15293884
v -86.27733612 18.30798340 82.16966248
v -87.27445984 17.64500427 79.00662994
v -83.64013672 19.17647552 72.02863312
v -85.03303528 16.15591431 71.57650757
v -85.39693451 17.88941193 74.27369690
v -43.95152283 -138.20166016 73.32345581
v -69.72034454 -195.01315308 71.39414215
v -102.25384521 -98.42836761 97.13842010
v -27.57658958 -12.12796688 71.00409698
v -27.06307030 -10.31187344 73.35408783
v -27.01631355 -13.15791988 74.35044861
v -30.16146469 2.85984135 68.39826202
v -82.22769165 -67.06946564 70.95880890
v -80.13776398 -63.31338501 69.67193604
v -99.56722260 -84.10701752 72.21972656
v -93.40631866 -28.74610138 65.52243805
v -93.17964172 -25.10263062 65.27066803
v -98.40608978 1.56218803 72.60052490
v -95.20631409 3.77739048 73.24990845
v -103.20597076 -120.59923553 70.20243835
v -101.65782166 -120.05400848 67.46228790
v -86.45249939 -179.31166077 77.82022858
v -88.54959869 -181.16191101 79.69416046
v -25.16949844 -122.62321472 67.64526367
v -24.58884811 -123.72048950 70.46653748
v -28.15367126 -123.46598816 68.22646332
v -26.62493706 -19.46626282 74.48933411
v -42.49955368 -48.85169220 74.11036682
v -40.70981598 -46.88453674 71.46493530
v -55.40725708 -120.77012634 114.59401703
v -59.01358032 -119.38426208 114.67579651
v -58.52173615 -122.49507904 115.51641083
v -83.45159912 -138.22460938 72.01921082
v -76.26454926 -168.96060181 70.02192688
v -48.82015228 -173.58836365 102.13909912
v -49.77630234 -175.58934021 103.84439850
v -43.86526108 -194.89555359 70.03558350
v -43.89517975 -194.91416931 73.18128967
v -64.69288635 -144.37202454 114.62236023
v -63.05145645 -145.03387451 112.03433228
v -78.33430481 -168.48126221 72.17034912
v -80.17530060 -170.86930847 73.73590088
v -79.92857361 -167.13716125 74.48628998
v -33.44302368 -41.47303009 82.71115875
v -33.47896576 -38.14294434 80.95365906
v -84.93140411 -181.18890381 70.69467163
v -87.41835022 -182.98789978 70.96907043
v -87.63604736 -146.79591370 80.81694031
v -88.84063721 -150.05413818 78.68338776
v -89.44989777 -149.18815613 81.96954346
v -57.76118469 -195.55792236 100.87059021
v -93.25228119 -185.80715942 77.91925812
v -93.29574585 -129.69241333 76.76145172
v -91.99972534 -129.23918152 73.55941010
v -102.79202271 -123.93766022 79.58184052
v -112.80274200 -121.52138519 81.46592712
v -114.92137146 -120.54176331 79.11882782
v -81.87195587 -172.97218323 75.37761688
v -78.44515228 -158.86190796 72.06005096
v -18.13521957 -90.95581818 68.42787170
v -21.03574371 -89.12031555 67.07222748
v -20.55729294 -88.52498627 69.81472778
v -62.79958344 24.96508789 73.07350922
v -48.01207733 -65.25051117 81.21597290
v -91.40430450 -194.44541931 101.08611298
v -93.22490692 -192.32066345 99.65071869
v -48.31780243 -171.62240601 70.95044708
v -46.11835098 -172.01689148 73.56534576
v -88.26181793 -47.43451309 75.57947540
v -87.35742950 -48.41406250 72.39267731
v -86.24069214 -50.09061050 75.03500366
v -80.97193909 20.30184174 70.58151245
v -82.81696320 17.71311951 69.57013702
v -83.84024048 -66.50498199 76.41355896
v -84.06329346 -68.83358002 73.68228149
v -77.32982635 -165.50245667 71.51914978
v -70.64100647 -91.58114624 101.88504791
v -67.65659332 -92.40559387 102.23202515
v -68.27012634 -89.20657349 100.41507721
v -49.56422806 -168.45783997 70.37122345
v -80.35190582 -174.13113403 72.35642242
v -81.33908081 -195.80941772 103.57033539
v -118.08824921 -97.72087097 74.90025330
v -6.37609816 -118.82506561 66.05043793
v -9.39889717 -104.53281403 76.53582764
v -94.39629364 -7.73594570 64.68737793
v -92.55908966 -9.05950832 61.74450302
v -94.46736145 -10.98255825 63.80274200
v -96.95383453 -26.53620911 72.92919159
v -95.12332916 -29.65829468 71.81989288
v -76.02122498 -127.40692902 63.38676071
v -77.65997314 -125.20738220 61.97628784
v -78.24337769 -171.78887939 71.05997467
v -54.50585175 23.69216919 71.80554962
v -57.83766556 23.88558197 71.65670776
v -48.25038528 23.44563293 75.61280823
v -51.17995834 24.66958618 76.31158447
v -45.36451721 -76.72336578 72.98130035
v -108.28922272 -119.72080994 73.19376373
v -110.55957031 -118.91039276 71.91156769
v -98.36517334 -118.48532867 61.18431473
v -99.72347260 -119.66393280 64.81964874
v -79.21880341 -151.34745789 66.13740540
v -81.78060150 -148.91973877 67.25508118
v -89.03366852 -83.29058075 63.73287582
v -86.05776978 -82.85528564 62.32495117
v -88.17659760 -85.42639160 61.48892593
v -84.36345673 -195.05390930 70.23431396
v -87.96263123 -195.03715515 70.76103973
v -85.93028259 -195.02815247 67.76168823
v -87.30240631 15.80165958 103.11196136
v -86.48152924 -195.12866211 76.54564667
v -88.31053162 -195.08790588 74.19406128
v -93.47159576 -121.53415680 63.79501343
v -90.43337250 -122.34152985 62.85536194
v -119.39419556 -100.87641144 74.76773834
v -119.83819580 -104.60990906 73.35194397
v -117.35254669 -112.86120605 66.93336487
v -115.71924591 -110.34027863 66.11074066
v -97.28708649 -5.97862911 70.37585449
v -88.95565796 -195.73191833 100.58258820
v -83.62895203 -147.71165466 69.59030151
v -80.56797791 -146.07521057 69.52523041
v -43.76962662 -177.64016724 72.69739532
v -45.96120071 -174.57395935 72.43844604
v -43.96102905 -175.50941467 75.09712982
v -38.41360474 -45.30930328 69.03356171
v -37.36314011 -47.04336548 71.89936066
v -36.73843002 -39.42866898 65.86668396
v -76.81192780 -171.08569336 101.14546204
v -37.12462234 -126.22110748 67.57118988
v -27.18255424 -11.64177608 67.76129150
v -26.95081520 -14.33229733 68.89994812
v -91.13549805 -103.17852020 103.30971527
v -97.92924500 -114.97751617 104.96821594
v -93.06137848 -22.47232819 64.20575714
v -6.63032055 -111.61909485 71.92938995
v -6.91657162 -111.13331604 75.14552307
v -90.69239807 -39.23791122 65.75743103
v -89.61843872 -43.48540878 70.74839020
v -83.02770233 -155.94470215 72.59325409
v -98.81879425 -118.42182159 105.02436829
v -100.37526703 -116.09674072 102.74768829
v -52.55508041 -194.89965820 72.52748871
v -33.28819275 9.07685947 75.08467865
v -34.93393707 7.70708561 72.62910461
v -36.16314697 10.22089481 74.42399597
v -30.69227219 -131.59477234 83.28945160
v -45.41537857 -179.75115967 68.10644531
v -31.91176987 -32.67252350 70.01340485
v -113.86086273 -126.13317108 101.37523651
v -26.33708572 2.18117619 99.88015747
v -79.50486755 -57.41070938 70.02773285
v -79.94814301 -60.52555847 69.87383270
v -81.16738892 -57.61036301 72.59586334
v -27.57693672 -6.79762173 96.75755310
v -27.21274185 -4.12782192 95.69390869
v -27.94321442 -4.09111691 99.00970459
v -99.02727509 -129.89791870 107.84191132
v -47.40848923 -142.28465271 70.28923035
v -38.93450928 5.46578312 67.50727844
v -37.61978531 3.08080387 65.50106812
v -115.37169647 -119.63380432 76.30889130
v -106.59032440 -92.47103119 67.58995056
v -104.08782196 -90.60887909 67.36779785
v -17.23919487 -93.19771576 65.95734406
v -15.75144672 -93.74184418 78.32541656
v -16.42044640 -91.99631500 75.08600616
v -96.64183807 2.97557926 70.14950562
v -95.49999237 -18.58750916 67.41109467
v -93.60514069 -19.87058258 64.87334442
v -94.41484070 -21.97535706 67.31389618
v -83.82451630 -40.54018021 59.11629105
v -69.96973419 -139.13426208 67.72895813
v -71.98172760 -158.36575317 67.08399963
v -72.59862518 -142.03683472 68.40710449
v -71.11736298 -145.70706177 67.18440247
v -74.05350494 -144.98683167 68.14535522
v -54.55904388 -167.73310852 67.24994659
v -82.79152679 -142.22871399 111.18840790
v -83.85720062 -141.52026367 113.60610962
v -66.63365936 26.19058228 80.70776367
v -63.99393082 27.10359192 78.03415680
v -38.45382309 -131.32836914 73.72818756
v -83.53215027 -173.60899353 79.20810699
v -82.47064972 -171.15898132 77.96350098
v -106.87894440 -120.99851990 100.17571259
v -94.68033600 -29.14320374 68.65029144
v -81.17794037 -74.53079987 65.47727966
v -78.09838104 -177.56352234 67.91963196
v -77.12795258 -144.89672852 69.05373383
v -74.74210358 -158.27505493 68.41537476
v -35.04025269 -190.20916748 66.83139038
v -35.61122894 -187.06890869 67.83039093
v -33.54780579 -189.06591797 69.33546448
v -40.45395279 -194.92190552 72.94673920
v -38.05870438 -194.92391968 70.62436676
v -36.80802917 -194.95091248 73.44793701
v -37.53259659 -81.56584167 75.00357056
v -39.24327469 -34.17030334 64.87825012
v -35.22842026 -33.69662476 64.34078979
v -36.02566147 -36.35677338 65.05998230
v -6.92074490 -112.20796204 68.91351318
v -93.91039276 -86.42883301 64.32817841
v -91.05489349 -86.05400848 62.67689896
v -82.24530792 -193.43490601 58.64474106
v -84.88440704 -192.32341003 60.15499115
v -88.11368561 -32.93305969 59.10219574
v -91.07060242 -33.19337463 60.42569733
v -90.42613983 -30.23178101 59.24546814
v -83.62943268 -194.99964905 65.14579010
v -80.30855560 -195.03440857 64.42594147
v -92.60511780 -79.92871857 71.13417816
v -52.01160049 -165.65071106 68.79180145
v -57.46077347 -162.62910461 66.65951538
v -53.80485153 -158.08605957 66.42757416
v -50.51522446 -157.14788818 66.83509827
v -91.53979492 -134.43951416 90.80764008
v -16.81494713 -95.34603882 63.92537308
v -15.07679558 -97.77846527 63.82819748
v -17.21272087 -97.78015900 61.32099533
v -6.54364777 -121.07866669 79.28682709
v -5.30028486 -120.03562164 76.78442383
v -5.33444548 -118.35190582 68.86849976
v -97.03369141 -15.58970547 66.49259949
v -97.21244049 -9.61733150 69.25542450
v -93.44492340 -126.81435394 71.65231323
v -52.16384125 -55.26581192 69.71975708
v -65.34399414 -195.02366638 77.55446625
v -40.61060333 -180.81640625 72.60509491
v -43.05125427 -179.76591492 70.67614746
v -33.65636063 -1.50559151 65.97765350
v -35.64106369 -2.11595821 63.31917953
v -36.71988678 0.12846461 65.09895325
v -89.56410217 -150.31036377 84.70764160
v -96.37894440 -83.77625275 84.15389252
v -99.68314362 -84.01717377 81.71188354
v -99.08872223 -85.08430481 85.06472015
v -15.42430687 -100.90512085 60.90647125
v -93.53758240 5.38169193 69.91645813
v -10.82028389 -101.28962708 76.19090271
v -78.54632568 -132.88806152 66.78318787
v -77.42032623 -130.10693359 65.19591522
v -75.17739868 -132.31361389 66.04640961
v -28.93292236 -129.43206787 80.70383453
v -67.42420959 -165.95535278 65.85015106
v -67.52027893 -169.04367065 65.67604065
v -58.91049576 -52.26765823 64.45058441
v -63.17559433 20.70094299 64.35036469
v -63.29127502 19.21150970 61.47857666
v -66.16171265 19.78726959 63.54516220
v -45.54280090 -151.53044128 68.16178131
v -46.24715042 -149.15051270 66.46645355
v -43.86312485 -149.05990601 68.75102997
v -46.55024719 -132.92321777 65.17655945
v -47.43869781 -130.58261108 62.92448807
v -44.45234680 -130.17323303 64.54253387
v -66.52624512 -194.97865295 71.87497711
v -67.90666962 -195.01200867 74.65739441
v -85.61218262 10.39418888 65.21310425
v -86.79768372 7.93618870 63.24005890
v -78.99434662 -135.96195984 68.26461029
v -61.39972687 -60.92563629 64.59973145
v -75.28530121 -156.62205505 66.31710052
v -68.95260620 19.87519073 64.33413696
v -93.02242279 -83.37864685 85.67449951
v -93.59419250 -81.72969818 82.75625610
v -76.24595642 -179.15016174 65.64646912
v -73.79243469 -176.96490479 65.95884705
v -69.44704437 -172.17739868 65.82875061
v -65.92533875 -171.84649658 65.21072388
v -67.59575653 -174.57015991 64.94676971
v -48.44664764 -135.23591614 65.69005585
v -51.18237305 -135.45866394 65.11403656
v -47.37797928 -75.65930939 69.94871521
v -49.20175552 -75.45015717 67.23587036
v -49.83209229 -73.48875427 69.66237640
v -48.69448471 -125.27120972 59.10496521
v -47.51929855 -128.00965881 61.12496185
v -50.68769836 -127.20552826 60.64463806
v -34.06536484 -27.87333679 63.12106705
v -34.19896317 -25.07011414 62.10552216
v -19.99211884 -89.35071564 78.18475342
v -17.58594131 -91.17266846 77.51125336
v -95.82308197 -9.26634121 66.40225220
v -96.99023438 -12.19190884 66.37622833
v -92.26969147 -81.80525970 68.20018005
v -89.67099762 -81.37213135 66.28312683
v -91.84992218 -83.78947449 65.46950531
v -32.63422775 -185.13491821 90.68357086
v -31.83505440 -185.41192627 87.74911499
v -34.19510269 -183.30003357 87.42385101
v -81.12609100 -51.58913422 68.25568390
v -42.26849747 -140.54521179 78.86116791
v -42.15144730 -138.31013489 76.68276215
v -77.76708984 -59.21656036 67.81598663
v -42.71187592 -168.12396240 83.63081360
v -56.48825836 19.74619293 64.27078247
v -69.32341003 -59.95558929 64.12178802
v -66.49784851 -58.42871094 64.27853394
v -69.24084473 -56.33828354 64.58795929
v -44.92317963 -61.06969452 85.38053894
v -49.44857025 -70.39320374 76.94342041
v -58.77824402 -156.61260986 63.34020233
v -56.55270004 -58.21258545 66.78908539
v -59.47843933 -176.51844788 63.90689468
v -59.41560745 -179.42140198 62.11924362
v -63.18845749 -195.07415771 85.52219391
v -54.16979980 -135.13560486 65.09298706
v -52.93700027 -138.11351013 65.88233185
v -56.71272278 -136.73039246 65.63636017
v -34.55913925 -34.53878784 67.97792053
v -10.00597382 -119.70751190 65.71321869
v -110.94979858 -106.28420258 63.59391785
v -112.14484406 -103.66150665 65.02286530
v -98.66311646 -13.59685421 69.11452484
v -94.36363983 -25.73851013 67.90159607
v -94.89419556 -82.39487457 70.01272583
v -97.24859619 -82.60636139 72.05202484
v -88.18631744 -43.68083191 67.84184265
v -90.43196869 -40.72815704 68.81584167
v -78.38039398 -70.88410187 65.43315887
v -76.26479340 -68.74624634 64.78233337
v -78.87464142 -68.42706299 66.73377991
v -55.18549347 -174.98051453 106.27414703
v -52.44052887 -175.79199219 105.50836945
v -49.73764801 -132.62959290 63.84223557
v -43.14786148 9.35889530 65.67603302
v -44.39778519 11.58499241 65.69995880
v -36.92415619 -192.36891174 65.12847900
v -36.83627319 -188.97558594 64.63415527
v -36.06568909 -30.92271423 61.49839401
v -46.41362381 -163.43591309 98.29902649
v -47.44250107 -161.15022278 99.68830109
v -31.50733757 -18.34073639 64.74212646
v -31.06548882 -20.93376160 66.27314758
v -33.43126297 -19.92050934 62.87972260
v -29.87956429 -17.83979034 67.08020020
v -28.12111473 -19.53716278 68.59029388
v -71.94860077 -180.20741272 108.63916779
v -74.48781586 -182.32617188 109.67054749
v -76.73446655 -46.02680588 58.37028885
v -75.02112579 -153.52467346 65.24215698
v -69.48210907 -151.86088562 62.32352829
v -69.38998413 19.40328979 57.51601028
v -68.31803894 19.53741455 60.81401062
v -66.39585114 19.09774017 57.13046265
v -53.26189804 -132.19581604 63.79996109
v -51.02624893 -129.89698792 62.43731308
v -39.97985077 -29.31013489 56.90195847
v -6.48164701 -117.46954346 78.74887085
v -18.45982170 -91.57039642 80.16408539
v -21.46349335 -90.01306915 81.15931702
v -19.83084679 -92.62806702 82.67750549
v -54.33472061 -149.16128540 61.93828201
v -51.16870117 -145.38360596 66.15185547
v -52.45415115 -147.01770020 63.55668259
v -19.55707169 -115.85700989 54.38013840
v -17.72192383 -112.54808807 54.88131714
v -10.95709610 -121.02903748 69.41803741
v -106.41699219 -115.08354950 59.33119202
v -57.37526321 -145.25581360 65.64803314
v -56.51036453 -183.61763000 58.28218460
v -55.82768631 -181.55439758 60.72039413
v -40.74327850 -191.85514832 60.85001373
v -39.32762909 -193.58465576 63.30389023
v -42.35260391 -194.28414917 61.27209091
v -23.12009430 -88.05331421 79.19821167
v -24.61431885 -89.21546936 81.85650635
v -88.29135895 -5.86448574 59.02890015
v -89.44908905 -8.64060879 60.14599991
v -96.18689728 -117.98255157 59.03441620
v -94.59879303 -119.48665619 61.21516418
v -27.72844315 -85.97071838 78.38957214
v -26.85129547 -85.23391724 75.23725128
v -30.11121750 -84.87053680 77.00823975
v -81.42411804 -79.65524292 62.29932785
v -33.68326569 -34.83544159 79.58731842
v -35.57247543 -37.66555786 78.27107239
v -75.06224060 -48.79598236 58.24428940
v -77.21768951 -48.73478317 60.84241486
v -71.49237061 -186.94728088 54.80216599
v -62.15651703 -77.60045624 60.01456070
v -66.42242432 -154.54318237 62.48558044
v -67.39128876 -157.30015564 63.87517548
v -39.61413574 1.58579338 62.97360611
v -38.52438736 -1.03366005 62.58475494
v -89.69850159 -138.79676819 114.16261292
v -91.29464722 -137.81466675 111.00096130
v -88.41514587 -139.42179871 111.65141296
v -42.33320236 -154.07241821 98.72530365
v -44.18095016 -155.41957092 101.06330109
v -43.34429932 -157.17674255 98.22902679
v -23.09190750 -86.99159241 69.76799011
v -26.25415039 -85.71599579 68.98730469
v -102.42949677 -126.28521729 88.28475952
v -85.13951874 -122.03603363 60.48678970
v -83.77234650 -124.08040619 61.99906158
v -97.60086060 -24.56484222 103.97346497
v -98.28736115 -27.69761658 103.24981689
v -78.41566467 -73.85677338 64.05125427
v -75.41977692 -73.95636749 62.69345474
v -76.91761780 -76.43642426 62.22040176
v -107.40329742 -87.72626495 84.77493286
v -107.91939545 -86.98901367 80.54908752
v -92.96455383 -189.74865723 101.75318909
v -26.76319504 -87.53871918 80.61068726
v -24.74224472 -86.60153961 77.42228699
v -24.83544922 -118.36521149 58.68154144
v -25.43314743 -119.95645905 61.63686371
v -106.06422424 -117.78065491 64.78686523
v -86.14873505 5.97691441 61.37630463
v -58.07250214 -117.64371490 51.92023468
v -59.86745071 -119.13365936 54.31608963
v -49.30389023 -42.86443329 58.32466507
v -49.66056442 -40.44293213 56.16261673
v -48.38618469 12.03376865 62.10555649
v -50.65493393 11.19136906 59.49100876
v -41.86310577 -194.77439880 64.29818726
v -45.14722824 -194.78289795 63.54631424
v -42.17582321 -127.67588806 64.23303986
v -32.68086243 -16.95213318 62.10107422
v -33.56367493 -15.77419186 59.48238373
v -30.48966408 -14.64060879 61.00764847
v -37.22084808 -121.64932251 110.05221558
v -86.10189056 -74.25320435 79.81858063
v -85.56011200 -14.75099850 54.42269897
v -85.67553711 -10.66412258 55.06525040
v -88.17136383 -13.92637539 53.99292374
v -80.72500610 -182.92765808 64.15126801
v -102.33420563 -124.91907501 82.51956940
v -47.72391129 6.39896488 59.15028000
v -45.40008545 3.15326786 59.67080688
v -47.51318741 3.61146641 57.72045517
v -53.70531082 8.79526615 57.21830750
v -53.68928528 11.89426517 58.60800552
v -40.88278961 -35.64305878 62.18784332
v -40.84021759 -32.81927490 61.77214050
v -34.20027542 -10.62024593 56.44815063
v -32.52918625 -13.05645657 58.36600113
v -73.77762604 -46.74967957 55.75986481
v -55.55774307 -194.83291626 79.25505066
v -54.16432190 -104.50869751 107.67617035
v -97.11322021 -99.49990082 57.67391968
v -97.16632080 -96.59125519 59.01382446
v -88.98628998 -27.58715820 58.02079391
v -85.33222198 -145.52873230 82.66114044
v -88.02132416 -147.09173584 84.43289948
v -87.41728973 -19.06790924 58.16719818
v -90.61627197 -135.03738403 88.19383240
v -83.72033691 9.55720615 61.95926285
v -48.27305603 -194.65341187 59.98069000
v -52.08550262 -194.64891052 59.21336365
v -49.77907944 -194.38140869 56.97433853
v -85.85084534 -116.78400421 53.21421432
v -84.61367035 -118.20983124 55.95631409
v -84.38594818 7.75605869 59.44529343
v -64.54806519 -76.04074860 60.37980270
v -37.41801453 -52.72125244 109.73725891
v -34.47059250 -52.02152634 107.55348969
v -51.73552704 -46.87363434 60.03712463
v -50.64365387 -48.54212189 62.95166397
v -53.43358994 -49.01110840 61.60818863
v -52.28062439 -124.90418243 59.12856293
v -53.61784744 -128.07882690 61.55373764
v -43.59295273 -22.28568268 52.13166809
v -44.51536560 -18.71795654 52.76989746
v -42.61793900 -20.12322998 54.47802353
v -56.20078659 -106.42337799 109.12294769
v -56.58903503 26.19207764 104.78021240
v -56.25364304 25.44619751 108.10427094
v -74.79673004 -186.96490479 55.61114120
v -77.55935669 -186.97039795 56.52354050
v -64.57745361 -127.80118561 62.68811035
v -61.70685959 -127.32380676 62.06478500
v -65.39366150 -120.02155304 56.07901382
v -55.80746078 -49.95360947 60.36218643
v -54.73617935 -47.69050598 58.34851456
v -39.49282455 -142.73806763 106.00756073
v -36.98592377 -142.15660095 106.61613464
v -70.55107880 -164.91656494 104.52390289
v -83.41915894 -5.27165127 44.82780075
v -82.30200958 -2.25220394 45.48477554
v -61.53506470 -189.17340088 52.53789139
v -62.16645432 -120.79524231 56.72091293
v -51.49781799 -66.49587250 107.54145813
v -47.05438995 -186.44677734 58.37089157
v -45.85120392 -189.57389832 57.09304047
v -80.17267609 -176.59019470 100.42767334
v -46.75344086 -40.34895706 58.21661377
v -44.36729813 -35.74533081 56.74298096
v -41.86719513 -82.04489136 80.60164642
v -43.83398056 -82.60443115 83.59546661
v -56.43817520 23.73609924 110.93752289
v -53.89068604 23.76657867 109.71831512
v -80.74206543 -54.11756897 100.82101440
v -65.60144043 -194.64157104 56.14979553
v -74.71665192 -194.89739990 61.72079086
v -71.46480560 -194.88565063 62.03966522
v -65.02389526 -122.28820801 58.49071503
v -86.75329590 -76.54788971 81.99602509
v -84.65093994 -73.15515137 82.42907715
v -38.24095917 -30.89460754 59.16094971
v -33.25696182 -8.43427944 113.96788025
v -88.25239563 -120.67774200 59.84557724
v -66.03935242 -183.58517456 113.91726685
v -75.94665527 -194.82740784 58.86886597
v -32.51284790 -133.93556213 85.54713440
v -49.10846710 -45.22821045 61.28108978
v -51.23958969 -44.81873322 57.86748886
v -42.52518845 1.89421928 61.10258102
v -46.94394684 -120.91325378 55.49211502
v -36.24698639 -15.96298122 57.79397583
v -39.16603851 -16.04656219 55.98802185
v -27.71289635 -97.42180634 55.73077011
v -97.15171814 -120.61864471 107.49079132
v -97.21430206 -124.32002258 108.71456146
v -36.14949799 -137.56282043 114.88796234
v -120.37915039 -126.28868866 93.18170929
v -42.17010117 -158.55274963 88.89724731
v -88.42172241 -139.19364929 108.65798187
v -91.12442017 -137.47354126 107.59823608
v -88.51219940 -138.81576538 105.36648560
v -70.43844604 -46.85325623 56.78078842
v -51.40506363 -39.58088303 53.25836563
v -44.65784073 -38.05236053 58.34061813
v -27.88289452 -107.69741058 52.00920486
v -87.79544067 -25.01608276 57.33042145
v -118.93239594 -97.47273254 83.18371582
v -120.36126709 -100.82753754 83.91417694
v -70.94413757 -92.32952118 55.37466812
v -34.53770065 -184.07667542 93.78109741
v -53.37025070 -34.61262512 50.19607162
v -37.90389633 -90.00032043 88.25064087
v -28.35184860 -116.53746033 53.86186600
v -91.41949463 -120.07070923 60.47866440
v -83.65752411 -114.47932434 48.86856461
v -80.88024902 -115.04015350 48.80866241
v -74.64998627 -192.32415771 54.38286591
v -74.29383087 -194.50891113 56.28863907
v -68.15365601 -93.59950256 54.57189941
v -59.93169022 15.80896854 57.95683289
v -65.09607697 -89.29158020 55.47719955
v -67.88237762 -90.70770264 55.57769775
v -54.62402725 -192.56864929 53.71139145
v -51.42127991 -192.42527771 54.81580353
v -17.07355690 -94.35815430 81.44132233
v -90.47595978 -8.96187496 47.91237259
v -90.58789062 -9.55702877 51.16964722
v -35.48592758 -195.11065674 84.62622833
v -32.52570343 -195.10391235 85.46694946
v -64.92637634 -37.20396423 50.09413528
v -66.28016663 -40.12420654 51.48707199
v -67.71540070 -36.39794159 50.98461151
v -56.62416840 -119.49168396 54.43198776
v -57.26495743 16.28359222 59.32707977
v -54.28097534 15.00285435 59.98523331
v -71.84458923 -156.79441833 107.79125214
v -75.80365753 -195.01440430 71.34544373
v -74.85775757 -195.00691223 74.60698700
v -78.28507996 -195.04240417 73.36871338
v -81.79310608 -167.93235779 92.70846558
v -81.82420349 -164.77941895 91.92021942
v -82.57480621 -167.56820679 89.78292084
v -95.98897552 -104.84815216 55.14271927
v -52.33487701 -195.60417175 103.85848999
v -85.76533508 -115.57674408 50.23566437
v -80.67739105 -32.24210358 52.60059357
v -82.39849091 -29.99392700 53.23814392
v -80.05388641 -29.34950256 51.12604523
v -55.67241669 -189.92227173 53.10348892
v -58.41684723 -191.83215332 52.72314072
v -58.56772232 -188.37165833 53.01041794
v -116.10879517 -93.45845795 83.87689972
v -117.55352783 -96.01600647 85.27895355
v -51.37411499 -36.24425507 52.36616516
v -56.33746719 3.90914249 49.51435471
v -59.45861816 1.41734397 49.10235214
v -54.66050720 -99.80278015 49.20002365
v -51.96259689 -97.69670868 50.27637100
v -50.00813675 5.36034489 57.24290466
v -48.46479416 4.32380009 54.42396164
v -44.38288879 -3.57170773 52.47005081
v -39.69896317 -7.71603298 54.69705200
v -42.07972336 -5.64758968 53.60657883
v -36.36097717 -8.67063046 56.00404358
v -29.98374748 -109.01575470 50.69609451
v -16.58294678 -117.29625702 57.75341415
v -16.54487228 -115.86543274 55.16904068
v -13.57274532 -116.61401367 57.11091614
v -98.23895264 -16.80268097 50.83395004
v -97.53601074 -13.93600368 52.08532333
v -94.57308960 -14.22257900 52.82892609
v -75.19490051 13.95232487 53.33507156
v -77.93726349 12.46485233 51.57707977
v -78.63489532 15.15619755 53.46216583
v -40.38171387 -26.75947571 109.23674774
v -37.82503891 -24.59660339 109.72122192
v -56.07658005 6.48043919 50.97300720
v -53.49898529 3.96019077 50.71220779
v -79.21273041 -184.14916992 109.60959625
v -76.63677979 -184.20492554 111.07334137
v -34.42112350 -110.33460999 48.76671982
v -34.04467010 -113.63048553 48.27593994
v -37.09694672 -111.23415375 48.01464462
v -38.29723740 -9.60880947 52.65309906
v -33.09477234 -102.31078339 52.09204483
v -31.61902046 -99.69888306 53.52297211
v -25.25727081 -115.85786438 53.28866577
v -101.29608917 -13.55062008 47.96772385
v -100.02878571 -14.16532803 50.57067490
v -99.22856140 -11.42339993 49.71737289
v -76.61987305 -99.21905518 52.68334579
v -88.54370117 -85.15962219 90.12958527
v -71.31104279 19.26609039 59.79733658
v -72.82167816 17.50355530 57.48606873
v -65.43951416 7.71572208 52.21105576
v -66.70764160 6.65001774 49.17356873
v -50.62343597 8.37074375 58.54795837
v -56.54087830 -36.11345673 50.49954224
v -55.06414795 -24.35805511 48.87954330
v -40.64071274 -11.50415707 51.85039902
v -87.90409088 -8.74439907 45.55427551
v -85.01736450 -8.32923794 44.03334808
v -86.39401245 -11.41184902 43.90219879
v -61.26094818 -32.30690002 48.65039062
v -62.69239044 -35.22567749 48.51959229
v -47.97187042 -93.05115509 52.99717331
v -49.74604416 -95.55045319 51.53562164
v -63.18813324 -196.10617065 113.07864380
v -45.10018539 -15.44163418 51.77267456
v -50.76094055 -70.37041473 91.63052368
v -96.07141113 -11.33928585 50.84085083
v -86.46158600 11.53675175 55.31747055
v -84.78076172 12.93483829 52.62179947
v -86.29592133 9.55259800 53.07982254
v -76.40306091 -16.73202515 48.48999786
v -79.60383606 -17.61685181 50.03787231
v -78.34801483 -14.50192928 49.30399704
v -93.91424561 8.11855412 84.98901367
v -92.64693451 9.65833378 87.74240875
v -92.52661896 10.95677280 84.55081177
v -75.94853973 -34.65285492 51.35259247
v -74.25670624 -37.28910065 50.45756531
v -70.19557190 -29.55255127 48.72006989
v -72.34210968 -31.42895508 49.43426895
v -64.69883728 4.79562473 51.14019012
v -18.60589409 -105.94602203 86.62045288
v -23.99784851 -131.24617004 89.02611542
v -26.01387405 -131.10966492 86.59394073
v -22.72497177 -129.32418823 86.48262024
v -83.36295319 13.17014408 110.71578217
v -39.44728470 -117.59378052 52.13962555
v -40.35884857 -115.75202942 49.23818970
v -86.40010071 -14.66292477 44.81553650
v -83.32701111 -11.19859982 45.04384995
v -76.35739899 -111.38940430 49.30656815
v -75.09922028 -114.57189941 48.65364075
v -68.99700165 -38.90183258 52.06161499
v -85.24280548 -183.30642700 102.59642029
v -57.37231827 -110.09627533 45.97756958
v -62.54320526 2.55301762 50.22902298
v -62.81153488 -40.49420547 50.83654022
v -50.36706161 2.32753849 51.88555145
v -103.39488983 -17.31483459 80.48933411
v -103.82048798 -20.36785889 82.42778015
v -55.56587601 -96.92550659 50.42252350
v -46.67322159 -96.49378204 51.64149857
v -48.45694733 -105.01160431 47.76726913
v -97.00743866 -18.51930237 48.62324905
v -93.81471252 -19.02780151 48.59154892
v -75.23263550 15.83593845 55.78240967
v -65.43730927 -106.41615295 49.48119354
v -66.90755463 -109.45027924 49.11255646
v -68.77629852 -106.76747894 50.29854202
v -75.96013641 -25.21020508 49.67269516
v -72.33717346 -26.07091522 49.07883072
v -40.43902588 -176.31013489 86.80371094
v -73.76866150 -28.30930328 49.94031906
v -75.07086182 -31.43674469 50.40443039
v -64.01765442 -110.84810638 47.80646896
v -58.45300674 -104.32550049 47.85261917
v -54.94060516 -102.84605408 48.07291794
v -54.87427521 -105.79357910 47.08284378
v -67.13870239 4.65837955 46.90358353
v -81.46639252 -73.56620789 90.76618958
v -86.02439117 -78.40272522 84.83058929
v -46.37760925 -24.55024719 51.05645752
v -88.51490021 -151.21263123 93.96579742
v -100.61886597 -17.00497437 48.27252197
v -94.93554688 -130.05664062 82.83493805
v -85.38911438 5.57155704 49.54095459
v -75.97431183 -13.10476589 47.99623489
v -76.44664001 -11.88404751 44.52879715
v -77.00374603 -15.18295956 45.24702072
v -110.82734680 -122.57626343 83.51856232
v -81.53794098 -87.67709351 95.78976440
v -72.09495544 -114.80665588 48.51231384
v -74.36946106 -116.81360626 50.39336395
v -35.06232834 -47.05146790 81.91929626
v -58.17096329 -28.16450500 47.39899445
v -45.69641876 -83.16615295 86.38971710
v -46.88694000 -84.68186951 89.26171875
v -44.11513901 -86.09204102 88.74314117
v -90.15761566 -11.01277828 45.28232193
v -93.41791534 -10.30689907 45.79112244
v -82.53135681 8.02824497 48.92105865
v -85.10809326 8.87847996 50.66431808
v -81.41571045 -11.97187710 47.44404984
v -80.02536011 -8.84200191 47.60179901
v -78.93508148 -11.46942043 50.34362793
v -71.58765411 -25.38140106 45.21299362
v -59.95344925 -35.93161011 51.04634094
v -62.66572952 -4.47902584 47.90033722
v -89.72514343 -118.61977386 112.14496613
v -53.70103073 -4.11142635 47.07512665
v -76.24091339 -19.43445587 48.00882339
v -71.11977386 10.79868412 47.52071381
v -73.89965820 8.15922642 46.77418137
v -87.33930206 -139.24700928 85.16413116
v -87.91137695 -138.73266602 88.33010864
v -66.34740448 -33.97869873 49.52953720
v -61.20139313 -13.42922878 47.55982208
v -58.69673920 -15.52834988 47.51742172
v -56.33189392 -17.02333069 47.26102448
v -58.71966934 -19.21190643 47.51319885
v -63.51871872 -23.12767792 46.81697083
v -63.02149582 -26.56050110 46.91924667
v -65.80998230 -25.56508636 46.15863037
v -67.07803345 -22.44711304 46.47049332
v -52.36061859 0.64848417 49.57006073
v -54.61648178 -1.43045723 47.95867920
v -64.50776672 -93.69747162 102.86611938
v -64.35419464 -96.69232178 105.04294586
v -61.38324356 -95.53945923 103.90366364
v -51.15983582 -14.58402920 47.79852295
v -54.50228882 -14.37168789 46.89572144
v -52.66653824 -12.11292934 47.48742294
v -43.52840042 -158.23411560 77.80402374
v -77.53865051 -2.38702297 48.66055679
v -80.07326508 -1.27281868 47.36360931
v -76.51778412 0.68574613 48.28645325
v -42.62224960 -161.60429382 86.45882416
v -43.12645721 -162.32110596 82.79228210
v -46.00469208 -62.82764435 87.46102905
v -51.80286026 -113.41060638 45.06059265
v -94.83638763 -18.03404999 45.51924896
v -91.63144684 -16.46276855 44.31320190
v -91.35308838 -18.08880615 47.01350021
v -88.17788696 3.50127506 48.72055435
v -123.18447113 -125.41763306 91.23265839
v -68.67498779 -8.11354733 40.98960114
v -69.26480103 -11.52567196 42.67842484
v -61.85023117 -105.01483917 48.53955460
v -60.06126785 -107.62260437 47.33986664
v -63.18058395 -108.15407562 48.30401993
v -40.69879532 -116.05719757 109.16861725
v -42.98362350 -117.90847778 110.71611786
v -32.04134369 -95.64556885 89.20709991
v -29.41987038 -98.03689575 89.19998169
v -30.06409645 -94.82441711 87.41798401
v -32.99430084 -185.85691833 74.73801422
v -76.48432922 3.77888584 48.71967316
v -79.51924133 5.28129673 47.92304611
v -83.12213898 -55.17676544 94.26145935
v -81.92288971 -55.21226883 97.44968414
v -74.60994720 -18.82694244 40.50765228
v -76.89853668 -19.93477631 42.43589783
v -54.73604584 -118.17055511 52.57601547
v -53.30162048 -116.86445618 50.37603760
v -75.53211975 -195.19340515 85.08000946
v -75.30824280 -195.13986206 82.04991150
v -71.85625458 -195.15165710 83.54482269
v -77.96546936 -5.86152554 49.17886734
v -76.26879120 -4.16055965 46.07870865
v -86.88848877 -5.54662991 44.45283508
v -80.14781189 -5.09909725 46.56417847
v -29.25427437 -26.45873260 90.23905182
v -28.04446030 11.13800144 88.35331726
v -93.36573792 -9.74660397 48.89559937
v -70.92540741 -14.66253567 43.92385483
v -72.45024109 -17.00698090 42.48267365
v -75.46363831 -5.27995205 43.45840073
v -76.50317383 -7.34876919 46.35579681
v -29.97886658 -35.05274963 89.27680206
v -73.07867432 -12.05525112 38.36496735
v -67.64192963 -8.88104916 43.67533493
v -66.97084808 -7.34667873 46.52552032
v -51.35715866 26.89318848 90.60326385
v -99.82380676 -131.62896729 103.30018616
v -97.70960236 -132.06837463 101.17471313
v -96.67379761 -133.41738892 104.08074951
v -75.60626221 -8.85790157 43.37272263
v -76.07808685 -10.36869717 47.20864868
v -88.18658447 -87.44771576 92.74478149
v -122.09164429 -112.37298584 89.64614868
v -28.93609619 -132.40449524 86.17308807
v -57.02257919 -12.09220791 126.97412872
v -59.74309158 -11.85652828 127.32485199
v -55.46216965 -14.14105129 126.47007751
v -88.56076813 -115.42017365 111.50009155
v -86.80952454 -117.42149353 112.97336578
v -55.72494888 -6.20388699 126.80605316
v -67.30378723 -44.96025467 124.57459259
v -64.96952057 -47.41233063 125.03816223
v -60.92566681 -43.09922409 125.45144653
v -41.83784866 -1.10433114 121.34153748
v -39.00120163 -2.37304592 119.67073822
v -88.48415375 -195.40441895 90.30698395
v -88.42799377 -195.37716675 86.82867432
v -83.48886871 -63.69851685 84.80757141
v -56.25489807 0.51916593 125.86698151
v -53.50538635 1.32259452 125.20642853
v -86.53179169 -46.81814194 92.00233459
v -89.25076294 -44.28921509 91.65839386
v -65.46826935 -38.77738190 124.59918976
v -55.70216370 -46.29458237 123.42018890
v -59.27384949 -46.47608185 125.05764008
v -61.27294159 -49.32157898 124.71518707
v -42.55047989 -195.48141479 99.27304077
v -42.90165329 -195.44866943 96.11006165
v -73.60324097 -20.74960327 122.97014618
v -105.32217407 -125.78453827 89.44863129
v -62.21466446 -46.16923523 125.53605652
v -49.63221359 -16.59490204 124.65102386
v -46.00363541 -17.00114441 123.34356689
v -76.01068878 -17.93962860 121.52017212
v -75.87014008 -21.04592896 121.04309845
v -55.14846420 -195.69767761 106.27198792
v -54.17774200 -195.83866882 109.57456207
v -61.86437988 -32.13648224 121.78779602
v -40.98735428 -179.47541809 97.15067291
v -38.59435272 -181.08216858 95.67329407
v -39.84615326 -179.27041626 93.95182037
v -70.88039398 -15.83277798 125.37349701
v -49.00173569 -85.10726166 91.49732971
v -51.31923676 13.75599766 120.33829498
v -51.90763474 16.76702118 117.77906036
v -80.99314880 -141.96836853 116.18476105
v -77.89916992 -142.32083130 118.37544250
v -33.57284164 -51.94614792 90.07352448
v -34.96399689 -55.86020660 91.65473175
v -34.93349075 -54.46902084 88.89880371
v -79.93721771 -39.11919785 115.40651703
v -90.95079041 -5.38289547 114.21647644
v -113.63559723 -96.84118652 93.46223450
v -70.05603790 -50.21981049 121.51342010
v -70.76345825 -47.30147934 121.88010406
v -72.73169708 -48.59102631 119.74676514
v -68.19688416 -129.79237366 119.53403473
v -66.54171753 -132.17907715 119.71395874
v -66.85388947 -192.96492004 119.44744110
v -22.49489594 -113.49902344 88.26348114
v -51.56037521 -23.00879669 120.19605255
v -102.59827423 -124.57437134 101.65048981
v -40.36319351 -90.18196869 90.60392761
v -42.60505295 16.42827606 112.99951935
v -80.36744690 -142.66781616 113.26623535
v -64.31794739 -142.87934875 120.06415558
v -78.40073395 -15.88498592 119.72240448
v -78.98117065 -123.26460266 117.75489044
v -73.16436768 -94.01261902 103.39812469
v -69.64219666 -186.59042358 117.06964111
v -58.77340698 -135.34042358 117.83325958
v -55.19403076 -134.86642456 117.57205963
v -123.25702667 -125.66506195 94.35443878
v -81.22662354 -23.76335144 115.38168335
v -79.25543976 -24.68442535 117.39284515
v -53.78305435 -184.08041382 114.09929657
v -50.90435791 -183.66378784 112.67449188
v -70.60803223 -99.58972168 107.04711914
v -33.83193588 -14.50010586 113.99337769
v -33.85823822 -17.30058289 112.84902191
v -53.78469849 -86.21924591 96.11244202
v -51.29159546 -85.54532623 93.72511292
v -81.03520203 -15.26010036 117.62519836
v -66.50488281 -58.29980087 117.32183838
v -79.67572021 -97.45079803 103.96701813
v -52.28619766 -135.04089355 117.64090729
v -50.42252350 -132.20042419 116.92901611
v -53.99132156 -131.98017883 117.17111206
v -55.80567932 -129.26683044 116.85596466
v -58.30326843 -126.51492310 116.54311371
v -40.20876312 -20.72005463 117.73966980
v -60.44208527 -192.94454956 119.75109100
v -53.16429901 -123.54812622 115.19716644
v -56.16008759 -124.21215057 115.74925995
v -38.89879990 -137.93002319 116.30866241
v -37.44445038 -134.83575439 114.88908386
v -118.57109833 -105.54681396 92.91632843
v -73.20549011 -41.19047928 121.11984253
v -75.06726837 -39.22804260 119.92996216
v -75.37241364 -53.11360168 114.25343323
v -74.11520386 -51.28830719 117.08119202
v -81.33632660 10.23661137 119.91033936
v -78.93370056 12.32677555 120.73156738
v -81.25864410 12.47476292 117.83696747
v -82.59915924 3.90227604 119.49720764
v -42.82738495 4.65152073 61.63998032
v -61.99138641 4.73664188 127.48290253
v -65.01477814 6.65637302 127.46936035
v -64.91706848 3.18148136 127.10620117
v -58.58306503 -8.11353207 127.26652527
v -70.32929230 2.50436497 125.49275970
v -52.93256760 -1.61450112 125.70819855
v -62.13563919 10.80039310 125.65438080
v -62.31424713 8.61199284 127.99385834
v -59.22039032 9.27072239 125.91955566
v -64.38956451 -50.37131882 124.27330017
v -58.89346695 3.06472111 126.47025299
v -61.37661743 -29.34398651 47.77808762
v -58.16482544 -31.32667542 47.49816895
v -59.04666138 -33.66013336 49.55171585
v -74.92913818 -27.28907776 120.84917450
v -52.86438370 -44.65995407 122.18811798
v -41.28009033 -4.02949429 121.72376251
v -43.19514084 -41.94340515 123.32191467
v -39.09123993 -48.82852936 114.74729156
v -56.06794739 -189.16642761 119.31624603
v -58.96410751 -189.77568054 119.93051910
v -45.00143433 10.61007023 120.28050995
v -50.32755661 -138.38529968 118.32171631
v -48.84020996 15.18610477 118.12959290
v -73.47914886 -118.16844940 53.72616577
v -44.52632523 -49.85335922 120.27667236
v -45.13946533 -27.33412933 120.38594818
v -43.48904800 -115.92813110 48.93671417
v -53.74813843 21.86985779 112.92618561
v -50.67732620 22.22190857 111.20674133
v -67.14889526 -98.61330414 52.42612076
v -69.54120636 -100.86364746 52.30133057
v -86.79451752 6.41621494 114.96987915
v -85.65167236 8.81176090 115.88190460
v -87.14290619 7.58535862 112.48036957
v -80.87202454 -27.08956146 115.67480469
v -68.80522156 17.56007385 117.33691406
v -66.37014771 19.32115173 116.30547333
v -68.20885468 -187.38340759 53.79369354
v -65.54187012 -188.59616089 52.79216766
v -77.32153320 -26.43521118 119.15984344
v -34.28608704 -4.94083309 114.99970245
v -36.89243698 -4.10683346 117.94738007
v -61.84505463 -85.46591949 56.43782806
v -58.79339218 -86.89191437 55.49452591
v -62.03383255 -88.26990509 55.25064850
v -59.74435043 20.73212433 115.14440918
v -59.68595505 23.04082489 112.45588684
v -86.74573517 10.59915257 113.53235626
v -93.14838409 -6.03084469 112.06414795
v -88.80783844 5.06142521 113.16037750
v -73.70347595 -55.76134872 113.18881226
v -75.67153931 17.16864777 116.28450775
v -72.47353363 17.87775421 116.95780945
v -73.12207794 17.94088745 113.99050140
v -36.80779648 15.71517277 109.22367096
v -51.98771667 -195.27847290 91.89458466
v -53.05738068 -195.35392761 95.37354279
v -54.70351410 -195.26116943 92.89399719
v -80.57478333 14.34112644 112.08935547
v -73.82012939 20.01827240 111.48088837
v -76.25163269 17.87867737 112.77783966
v -29.15168953 -18.51212311 105.38909912
v -45.20745468 20.61747742 111.59328461
v -47.83676147 20.69630432 113.04660797
v -69.19694519 -121.75301361 58.10960388
v -91.80619049 -10.68632412 115.44519806
v -91.93634033 -8.58358669 112.99983215
v -52.27520370 -195.81591797 111.92194366
v -89.69967651 7.18415165 110.10056305
v -57.28313446 -65.57374573 107.47986603
v -54.44668579 -66.40946198 105.81414795
v -98.40078735 -7.15753841 105.68154907
v -99.38742065 -10.28013515 108.18851471
v -96.81228638 -7.94382381 108.48291779
v -93.46398163 0.41811457 107.15043640
v -82.62397766 12.96334934 114.12619019
v -106.99652100 -116.80410004 62.08471680
v -89.99633789 8.89918613 99.28855896
v -89.89075470 7.53204441 106.67959595
v -55.78699112 -81.78193665 58.74427795
v -53.98810196 -83.68017578 57.73636627
v -101.54456329 -15.16297054 104.36982727
v -93.47859192 -31.00164795 105.94242096
v -92.94062805 -37.29463959 104.43309021
v -94.26756287 -39.03067017 101.85821533
v -62.53905869 27.62257385 99.00906372
v -59.89190674 27.79234314 100.46592712
v -103.63118744 -9.56456661 90.23257446
v -100.89929962 -1.96305001 92.16059875
v -95.12001038 -35.67274475 102.54828644
v -112.51032257 -123.21431732 101.31761169
v -115.58439636 -123.20848846 100.79216003
v -102.72055054 -4.87926388 98.20626068
v -100.05678558 -3.30971432 97.49142456
v -82.86850739 15.46881962 61.99520874
v -100.15836334 -12.06091213 105.11875153
v -69.28633118 -195.42015076 94.64308929
v -66.87387848 -71.07737732 61.98290634
v -100.48730469 -27.02449036 85.35997772
v -28.34277916 16.31492615 97.96384430
v -29.84308815 15.45027256 95.29051208
v -30.66641808 18.49732208 96.78299713
v -51.12274551 -88.33994293 96.03689575
v -29.56870461 15.86686039 103.87659454
v -31.83233452 18.05773926 102.90295410
v -32.17570496 14.15939426 104.88735199
v -86.25321198 16.56463623 95.61148071
v -84.02194214 -177.00529480 94.34251404
v -53.99836349 27.37683105 99.76388550
v -53.47288513 25.97358704 102.52668762
v -80.56343842 22.81585693 93.60544586
v -82.67683411 20.84383392 93.78598785
v -61.62457657 -194.90765381 69.50034332
v -57.84859848 -194.87690735 67.74574280
v -96.11612701 -0.54320437 102.09893036
v -99.61384583 -1.20352089 100.83937073
v -70.75580597 -124.20922852 60.43791199
v -73.30290222 -86.61943054 98.34914398
v -70.34775543 -85.77422333 99.21220398
v -69.21222687 28.70208740 94.56472015
v -54.25034332 27.72982788 89.20449829
v -57.27075577 -173.23284912 65.58169556
v -56.74088287 -176.30528259 64.51921844
v -30.94023323 17.58260345 99.83858490
v -37.90899277 -55.52714539 84.98885345
v -35.73434067 -53.68896866 85.98712158
v -26.30108643 10.21802616 92.20192719
v -106.42528534 -20.33156586 93.62393951
v -22.48563766 1.44440544 89.25582886
v -95.03585052 -122.03472137 109.85161591
v -45.43948746 -62.94906616 90.97476196
v -102.35649109 -14.26141262 85.16675568
v -101.81829071 -14.52731228 81.81480408
v -101.79740906 -23.42381287 96.57149506
v -104.32076263 -23.15690613 94.92058563
v -101.89618683 -24.63106537 92.92645264
v -27.96638489 0.51088041 103.12084961
v -76.29956055 25.78233337 94.28495789
v -76.15135956 25.96408081 90.32339478
v -78.59146118 24.33733368 91.55317688
v -87.18419647 -83.02210999 88.44317627
v -71.35861206 -195.02540588 74.29432678
v -69.06784821 -195.06616211 77.40795898
v -82.54696655 -107.43808746 109.62060547
v -51.32754135 26.93093872 87.41548157
v -70.53646088 -72.47421265 99.33335114
v -67.72940063 -74.56138611 99.15632629
v -59.83972168 -170.84381104 65.43094635
v -60.29675293 -195.85954285 111.28635406
v -56.03566742 -195.85342407 112.73004150
v -37.62923431 9.41181278 71.68335724
v -37.12728500 6.66018772 70.22710419
v -69.38368988 -135.79956055 66.77126312
v -65.95153046 -134.82075500 66.12608337
v -66.51596832 -137.81575012 66.99290466
v -36.45518494 17.28898621 88.54734039
v -37.03105545 19.04188538 90.86591339
v -34.81884003 -44.13356781 81.11557770
v -99.47251129 -30.29671478 85.64740753
v -35.08386993 -97.21912384 92.91505432
v -43.40835571 -194.85240173 66.67909241
v -41.02225494 -194.88916016 69.41993713
v -31.00229645 -124.12401581 68.03546143
v -50.59869385 -65.49856567 73.78583527
v -51.16964340 -62.39358902 72.44940948
v -27.30080795 6.70765781 86.64886475
v -98.75532532 0.69754118 83.22837067
v -28.16246223 -20.71696472 85.19581604
v -84.84648132 -51.35369110 83.48979950
v -24.55245972 -2.31891537 85.20891571
v -24.37748718 0.44202510 87.12586212
v -117.18824768 -94.54351044 81.23408508
v -89.67318726 -40.11804581 99.12226868
v -101.77571106 -19.51654816 74.76618958
v -101.30143738 -17.72843933 72.76435089
v -43.70650101 -151.97178650 70.72248077
v -90.45608521 13.79711246 83.92430878
v -27.62928963 -19.45426941 79.73575592
v -27.52565956 -26.47991180 76.07138824
v -25.72348785 -6.38101864 77.81584930
v -25.63420296 -6.59757900 74.80693054
v -92.47711945 -42.57238770 76.74118805
v -101.37686157 -12.65738583 79.20004272
v -101.66074371 -12.81338406 75.76250458
v -37.93007660 -37.48526001 75.80662537
v -38.12649155 -38.56081390 72.29766846
v -32.36353683 -5.59252834 112.39649963
v -72.29786682 -195.05932617 77.23264313
v -69.77673340 -195.09815979 80.33874512
v -72.80452728 -195.11390686 80.32858276
v -34.45215988 10.80346012 78.14862823
v -35.95598984 -44.60321808 73.06198883
v -35.06917572 -37.09777832 71.14468384
v -98.69436646 -11.16831112 71.16510010
v -85.38368988 -23.94892120 110.95166779
v -43.05372620 -182.02565002 66.99542236
v -41.07585144 -182.14515686 69.24219513
v -39.33099747 -40.34178925 74.43296814
v -24.81027222 -2.04042721 73.10077667
v -26.31975937 -2.42851162 69.81225586
v -25.90740585 0.33186427 71.58289337
v -27.17988777 -14.66011715 71.84770203
v -27.94716263 0.29678431 68.24150085
v -49.06420135 -158.61730957 70.61295319
v -45.93802643 -157.54791260 71.67417908
v -84.53220367 -33.18126678 110.56637573
v -83.36444092 -30.69339752 112.47294617
v -88.05814362 -46.51660919 69.94648743
v -29.54983711 -15.84420681 63.55147552
v -100.55958557 -22.04300690 74.02459717
v -32.96141052 3.09181309 69.55375671
v -32.02820587 0.25960627 68.43743896
v -34.95488739 1.16336143 67.69248199
v -43.71089172 -63.32082367 107.57981110
v -45.95396805 -64.74980164 110.10043335
v -63.85774612 -140.05903625 66.99524689
v -66.97920227 -140.88520813 67.49315643
v -67.41709137 23.49907684 68.96903229
v -63.80525970 23.22404480 69.63285065
v -68.62333679 -148.49766541 61.61047745
v -78.73794556 21.07976532 72.80334473
v -77.77410889 21.23686981 69.21035767
v -46.26592636 -144.95393372 70.82865906
v -99.08999634 -132.56381226 106.23406219
v -90.30306244 -11.52610683 60.93589783
v -88.67498779 -13.56480312 58.33570099
v -94.06513214 -4.71194363 65.98672485
v -99.93458557 -130.53779602 99.75807190
v -96.14093781 2.75029087 77.00423431
v -38.06175613 -194.98641968 79.09966278
v -63.54180527 -59.18951035 64.32748413
v -30.55664062 -2.15089321 67.43974304
v -50.98194504 -84.57290649 57.72152710
v -66.99228668 -74.66736603 60.78042984
v -34.87011719 -123.09864044 64.06385040
v -37.64744949 -123.25483704 62.08971405
v -28.33421135 -15.69818783 66.67284393
v -73.43761444 17.52997589 61.32674789
v -35.13254547 -86.69165802 61.24092484
v -35.32098770 -5.57120419 58.02490234
v -96.72024536 -82.46725464 81.14643860
v -94.50949860 -80.76804352 79.79444885
v -97.68239594 -82.02380371 78.24503326
v -29.96036911 -4.06178951 64.97924805
v -27.51291275 -0.81267458 99.87902832
v -55.64895248 -125.78873444 60.14043808
v -59.73808289 -125.78944397 60.67292786
v -39.40734863 -194.85356140 66.53835297
v -74.71176910 -52.47588348 63.92621231
v -74.56549072 -50.94503021 60.90324020
v -72.15081787 -52.37825775 62.61018753
v -85.28563690 11.40767765 58.54910278
v -87.95043945 -30.03585815 56.71704483
v -25.06098557 -5.57403469 80.62150574
v -83.71694183 -90.25218201 57.07744980
v -86.51357269 -93.18252563 56.34379959
v -62.32388306 8.43829441 51.87032700
v -60.21615219 9.69133854 52.68585587
v -70.98339844 -51.03548431 60.67366028
v -22.85059738 -116.88171387 56.10981369
v -44.63673401 23.60758209 85.06791687
v -46.93353653 24.37208557 82.42934418
v -69.63304138 -112.06261444 48.90455627
v -81.47019196 -20.58632660 51.42821884
v -79.71258545 -26.22570038 50.17519379
v -71.16622162 -103.26065826 51.64860916
v -67.83920288 -103.88993073 50.97256851
v -67.78177643 9.30197239 47.33195496
v -68.73027039 12.25759220 48.90461731
v -101.00267029 -86.47635651 87.40203094
v -101.97514343 -85.38314819 83.53356934
v -37.20767212 -115.96963501 50.41513824
v -77.05249023 -28.50337982 50.03364563
v -25.07038498 -1.88431466 81.62973785
v -25.03801346 0.65551084 84.00978851
v -69.04763794 -110.30267334 112.78836823
v -67.55191803 -107.44582367 111.30144501
v -60.52055359 -25.80065918 46.96485901
v -60.02194977 -22.54085541 46.93079376
v -57.70863342 -24.91798401 48.02232361
v -43.40859604 -88.43811798 91.17588043
v -41.13249588 -87.65602112 88.30933380
v -96.54207611 -10.04025936 47.98826599
v -88.41138458 -3.32510281 46.23972702
v -57.41214752 -13.09656429 46.88174438
v -97.39606476 -16.01079559 43.96032333
v -98.49266052 -17.79074860 46.10787201
v -28.91481209 -19.74399567 88.01618958
v -71.82453156 -20.10040283 42.38257217
v -74.56101227 -22.34647369 41.24393082
v -88.58068848 -16.83835602 45.63462448
v -89.22433472 -13.89162350 43.96394730
v -77.81586456 -18.68003082 45.13169861
v -73.59677887 -6.81265163 41.53965378
v -70.07114410 -13.12690639 126.12357330
v -46.95844650 -45.94188309 122.03147888
v -49.47069931 -43.60722351 120.80339050
v -53.05893707 -15.71602535 125.69809723
v -58.91110229 -57.40167999 119.63898468
v -95.74523163 -190.04165649 95.34333801
v -53.45022964 -195.53367615 100.86766052
v -55.65501022 -195.61767578 103.02441406
v -49.26462173 17.78656006 115.32075500
v -32.41188049 -51.48796844 95.85209656
v -33.43951035 -54.40589523 96.35347748
v -33.44018936 -53.47467041 93.09284973
v -98.97789001 -30.45071411 94.51425934
v -97.69551086 -31.71126556 91.93955994
v -96.30016327 -32.09317017 95.20051575
v -89.33147430 -8.47715664 114.89143372
v -80.75953674 -6.48319912 120.51685333
v -48.64764023 -55.58506012 116.94583130
v -32.71556473 -53.36827469 99.01271057
v -85.21820068 -195.46290588 92.41400146
v -52.68824387 -62.77192688 116.03038788
v -50.74394989 -60.52382660 116.39917755
v -74.70166016 -142.97006226 118.00270081
v -72.90179443 -141.94218445 120.79243469
v -68.22991180 -119.67559814 55.78247833
v -57.64876556 -88.93762207 99.28527069
v -43.24269867 -50.18134308 117.40851593
v -39.81026077 -51.10431290 111.80587769
v -41.36997223 -50.71890640 114.87062073
v -49.54428864 25.68829346 100.98441315
v -69.28314209 -53.16490936 63.38035965
v -66.22414398 -55.26971054 64.22998810
v -86.73288727 3.85782719 116.06945801
v -89.67731476 2.80083561 115.14398193
v -75.86853790 -10.81155300 41.11194992
v -67.31030273 1.60886467 126.10943604
v -68.22340393 -1.42400277 125.49222565
v -70.80397034 18.20980072 54.84675598
v -70.01086426 16.93498993 51.94020844
v -72.93247986 16.22888184 53.85036087
v -69.32671356 -115.55645752 48.17271805
v -68.16872406 22.84674072 109.85012817
v -93.94850922 1.19361961 103.85968018
v -95.97080994 -0.79086977 105.41067505
v -106.02117157 -19.52440643 99.50426483
v -78.01491547 -17.14622498 42.62579727
v -70.76535797 9.43914127 124.94792938
v -53.66319656 -21.26069641 122.60505676
v -55.40537643 -19.39733124 124.60111237
v -51.76403809 3.64509678 124.90982819
v -61.65524673 -92.78439331 101.96779633
v -81.50776672 -90.14936829 98.27014923
v -61.86246490 1.32859123 126.60858154
v -70.56302643 -4.33317471 125.29140472
v -47.40930176 6.08354282 123.60842896
v -48.76578522 3.29016972 124.36640167
v -57.06842804 -107.13190460 46.78764343
v -43.93624115 -39.00650787 124.88106537
v -43.20996475 7.57598209 121.22727203
v -45.99876022 8.46252537 122.73913574
v -37.28167343 -114.37448120 48.00014114
v -47.54583740 -14.29825497 124.61900330
v -59.14925385 -10.73750210 47.05342484
v -70.75141144 8.59529209 45.49669266
v -47.62937546 9.63424015 59.97638321
v -57.62494659 -43.74297714 124.63892365
v -66.14744568 -25.41035461 123.90439606
v -65.86730957 -22.03775787 125.53871918
v -41.65114212 -48.50733185 120.68878937
v -44.47281647 -48.00572968 122.40673828
v -31.43823433 -111.18715668 49.40659332
v -84.03838348 1.21555412 120.97677612
v -85.64958954 2.78663731 118.90381622
v -79.07198334 8.53112888 120.80015564
v -71.75473785 -51.97152710 119.21361542
v -68.87811279 -53.22142792 120.86010742
v -67.94210052 -48.28337097 123.62676239
v -56.63497162 -30.46284485 119.46858215
v -55.69593048 1.22393882 49.45727921
v -59.03599548 -18.90927887 125.85826874
v -36.20125198 -181.50091553 85.79977417
v -33.27550125 -184.11091614 84.45108795
v -40.36545181 -153.59106445 78.90951538
v -39.14035034 -150.77568054 77.23531342
v -53.09474564 -119.88082886 54.80536270
v -57.22168732 -59.98602676 117.71388245
v -56.17949677 -39.02015686 123.14756775
v -43.67178726 -18.89670563 121.53224945
v -42.90732956 -15.98338985 121.93027496
v -80.06456757 5.10662937 121.30517578
v -33.88784027 -50.66461945 87.26577759
v -74.95320129 -130.41757202 120.54730988
v -90.40790558 -182.72190857 88.43238831
v -78.15276337 -31.81727600 50.96949387
v -58.24507523 -23.42235565 122.78519440
v -46.80833817 -17.65830994 50.67199707
v -48.36938858 -14.69062710 50.26329803
v -57.72859955 -101.18005371 48.79402161
v -41.81988525 9.70031834 119.40026093
v -61.90643311 -37.84493256 49.81653976
v -64.21301270 -97.78257751 51.77164841
v -63.38169098 -100.53827667 50.41182327
v -66.30004120 -101.09980774 51.31024551
v -60.90909958 -187.59042358 118.97698975
v -84.19224548 -107.15068054 50.68726730
v -52.00174332 -57.00872803 117.04858398
v -58.50474167 -33.61208344 121.29641724
v -68.87928772 -144.00149536 116.48336029
v -29.14026260 0.90039915 106.47197723
v -61.77427292 -135.77287292 118.67303467
v -59.47649384 -138.65510559 118.29763031
v -72.16302490 13.85709476 48.20560074
v -47.14602280 -142.36967468 117.77878571
v -47.45972443 -139.53039551 118.39758301
v -76.63955688 -191.87742615 117.04134369
v -63.86248779 -133.37632751 119.04730988
v -58.57864380 18.71747589 117.66171265
v -52.09545517 -194.99017334 117.26406097
v -44.89162445 -143.54859924 108.55315399
v -41.60294724 -142.94152832 108.84336090
v -44.29929733 -138.75920105 117.90956116
v -46.62019730 -136.47901917 117.59806061
v -41.10305023 -146.71197510 100.98315430
v -41.28578568 -143.70007324 99.83847809
v -43.30902481 -144.42842102 102.59440613
v -31.95488930 -15.73642635 111.03649902
v -39.04343796 -5.76702785 120.37268066
v -36.92876053 -6.91430569 118.45827484
v -37.73414612 -99.16675568 52.19357300
v -85.33772278 -141.81224060 99.32788086
v -60.41621399 -47.47990799 56.13821411
v -57.38206100 -46.12373352 56.59863663
v -41.09231567 -17.91901398 120.02389526
v -70.95964050 16.05367279 119.46194458
v -61.61900711 -148.76387024 112.09855652
v -46.37534332 -77.45219421 66.76745605
v -43.44149017 -25.47935486 53.09024429
v -41.36346436 -23.32828522 54.66857147
v -40.51496506 -26.28340912 55.70616913
v -87.35769653 -126.24657440 115.87316132
v -81.30991364 -30.44452667 115.04754639
v -50.70220566 -192.33093262 118.01243591
v -35.49605942 12.53817081 112.81875610
v -77.31740570 -189.92491150 54.96733856
v -77.39007568 -193.37515259 56.07839203
v -80.00230408 -191.57991028 56.48789215
v -31.37043762 12.69347477 107.82798767
v -29.22519684 13.05692387 105.59553528
v -92.82949829 -133.46731567 114.36746216
v -91.94752502 -136.64717102 114.74528503
v -88.97387695 -138.01969910 116.82368469
v -68.31204987 -143.24385071 119.34749603
v -67.13305664 -141.73982239 121.22500610
v -52.84348297 19.62047577 116.00816345
v -55.90891647 20.25647736 115.73903656
v -55.21699142 17.73477173 117.83891296
v -40.41926575 -18.41243744 55.72557449
v -49.22857666 -0.23251256 50.65984726
v -37.55721664 -45.47645187 113.26399231
v -82.19013977 -26.97765350 52.65359497
v -66.06965637 -145.25352478 111.67973328
v -21.96219635 -124.86371613 75.26287842
v -9.95675850 -102.78710175 70.64629364
v -10.10032082 -103.86344147 67.78642273
v -45.20029068 -55.19445419 117.14356232
v -46.65653992 -56.71402740 114.51693726
v -24.51651955 -98.06078339 56.63182068
v -87.24404907 -120.02142334 113.81266785
v -47.78337097 -85.82716370 57.64095306
v -46.64952087 -88.51573181 55.94692612
v -74.51595306 -184.89067078 113.02125549
v -53.54712677 -117.73454285 113.21237946
v -54.97624207 -179.85017395 109.59819794
v -43.62495422 -195.76841736 108.87911224
v -39.54827881 -40.65626144 118.62115479
v -77.20574188 -89.69250488 56.52897644
v -73.88638306 -90.80760193 56.04067612
v -84.03808594 -32.05775452 54.65456772
v -35.38245010 -141.40397644 109.23844147
v -40.16271973 -91.18333435 55.89182281
v -84.14501953 -140.96250916 116.43623352
v -121.49979401 -107.08590698 75.51651001
v -36.29034805 -124.86357880 110.77288818
v -38.76839828 -126.08797455 112.24506378
v -34.16659927 -141.42391968 105.71435547
v -84.22908783 13.00708866 60.66920853
v -69.88349152 26.57083130 98.91463470
v -91.16419220 -97.49960327 55.87517166
v -87.69634247 -96.75592804 55.03636932
v -88.75269318 -99.99288177 54.15519714
v -74.05637360 -154.99333191 107.44327545
v -56.39973068 -153.08995056 109.30906677
v -38.45874786 -129.34863281 113.30096436
v -84.93889618 -85.06336212 60.31827545
v -43.29103851 -30.69595337 112.97621918
v -42.82549286 -28.62942505 110.43959808
v -65.16362000 -193.79190063 53.24354172
v -34.56383514 13.32097721 109.82051086
v -34.45648575 14.72127628 107.02620697
v -29.52763939 -12.03822231 107.11512756
v -30.08586311 -15.81130123 107.89420319
v -28.98618889 -14.73212337 105.34365082
v -93.85877228 -136.16162109 112.46256256
v -80.10102844 -146.86734009 106.11653137
v -18.55119514 -99.99868774 58.84639740
v -17.13879585 -102.58905792 58.59454727
v -72.18815613 -183.08341980 111.48264313
v -58.30260468 18.08299255 62.01078415
v -121.29244232 -106.12981415 87.05673981
v -121.34274292 -103.76316071 84.36324310
v -122.32104492 -106.93881226 84.02830505
v -39.83865356 -189.67391968 111.79676819
v -89.83368683 11.60131168 96.71235657
v -85.79748535 -13.36975765 56.40862274
v -49.54032135 -122.68675995 57.20661163
v -88.96282959 -189.93542480 107.79467010
v -60.39443588 -195.06491089 86.90279388
v -26.82052231 -132.74514771 105.31636047
v -25.93079948 -135.78160095 103.63015747
v -93.01614380 -105.73381805 104.00976562
v -94.64229584 -108.48747253 104.83921814
v -91.90102386 -108.46677399 106.53501892
v -80.43357086 -90.46917725 56.41667557
v -83.19959259 -92.80175018 55.66602325
v -63.22226334 -158.70622253 107.38787842
v -59.85564041 -64.38504791 109.58123016
v -46.13634491 -106.41397858 106.06891632
v -35.08943939 -25.23987579 107.64010620
v -22.77357101 -120.26241302 63.16521454
v -22.32047272 -121.61598969 66.21054077
v -121.63152313 -126.38893890 96.23708344
v -38.91385269 -192.21191406 110.52736664
v -27.10974884 9.48102665 104.55475616
v -86.51341248 -23.26745605 55.09606934
v -89.35489655 -91.79000092 58.15537262
v -66.31345367 -158.54536438 107.31030273
v -69.35163116 -158.09762573 107.36526489
v -40.42190552 -195.61967468 104.47248840
v -37.40140533 -195.34892273 106.14798737
v -11.91834641 -117.87372589 59.66302872
v -43.42642975 -191.36241150 58.63174057
v -44.03085327 -187.39590454 59.19862747
v -64.72557068 -164.14894104 105.98504639
v -60.16402054 26.70208740 103.47631073
v -48.54037857 -195.45567322 97.82019043
v -51.85020447 -195.43792725 98.01013947
v -49.66188049 -195.36816406 94.89104462
v -93.72229767 -135.32432556 104.94735718
v -93.78233337 -136.01515198 108.87957001
v -95.87961578 -134.47479248 107.09667206
v -81.80914307 -50.54809570 105.36620331
v -44.31569672 -86.98590851 57.76457596
v -61.65818787 -123.15200806 58.86308670
v -95.54818726 -5.16772366 109.73590088
v -99.04863739 -1.19548714 103.81032562
v -94.55513000 -189.71665955 98.46111298
v -87.23854828 -109.56834412 109.25524139
v -85.56906891 -107.17465973 108.52487183
v -81.69981384 20.14852905 103.00215912
v -67.93839264 -162.91766357 105.41392517
v -48.91000366 -168.15307617 101.18492126
v -51.74060059 -169.07402039 103.39709473
v -47.92300034 -143.94396973 109.57153320
v -48.23295212 -145.62901306 107.09355927
v -45.56895065 -144.58796692 105.33872986
v -42.72249985 -143.46289062 105.78427887
v -36.52495575 -192.32241821 107.89179230
v -34.31034470 -31.57011414 105.50257111
v -103.27507019 -102.95950317 59.57027054
v -104.69882202 -106.04205322 59.43896866
v -104.65939331 -21.64054871 101.33223724
v -105.43331146 -19.27879333 103.04325104
v -62.99613953 -118.60540009 115.22454071
v -53.55205536 -195.88891602 114.77149200
v -89.52035522 -192.55241394 106.34381866
v -91.48035431 -192.37615967 103.40286255
v -64.97257233 -161.07749939 105.98930359
v -36.73136139 17.51582336 105.87006378
v -98.51756287 -116.77654266 57.49739456
v -84.41635132 -147.87861633 102.24420929
v -83.23259735 -151.44529724 103.64467621
v -82.70420074 -148.21414185 104.53137970
v -96.77294922 -107.48065186 54.73086929
v -63.65477753 -63.88383102 106.82561493
v -47.87576675 -65.75094604 103.25165558
v -51.37679291 -66.44339752 104.29663086
v -41.45637131 -111.37741089 106.94702911
v -39.18217087 -113.83865356 107.39161682
v -53.83599472 -79.43163300 60.82451630
v -51.01079178 -79.04169464 62.04645538
v -81.73281097 -153.55529785 102.03161621
v -72.01240540 -158.77287292 104.85602570
v -58.50883102 -195.65191650 103.90731049
v -61.41362381 -195.72892761 105.54614258
v -54.94831085 -159.02522278 105.31787872
v -62.83062363 -63.47734833 109.56391144
v -63.26372147 26.04458618 105.22671509
v -57.02412415 27.13082886 101.70248413
v -79.71022034 -127.67995453 63.93156052
v -57.88526154 -67.08073425 98.52490234
v -53.72100067 -156.82958984 107.59620667
v -43.35955048 -152.07162476 101.19757843
v -41.18042374 -149.61062622 101.71785736
v -51.13404465 -82.38151550 91.70727539
v -10.42149639 -112.42193604 60.80831528
v -10.94369793 -115.17263794 59.17959213
v -12.78229809 -112.87566376 58.18471527
v -64.03723907 -79.57629395 97.85470581
v -73.82044220 -87.79183197 57.26229858
v -90.18847656 -43.25529480 101.99457550
v -74.40260315 -71.13783264 98.83440399
v -73.91808319 -67.89230347 99.34620667
v -47.48904800 -126.72520447 115.04808807
v -27.42768669 -10.42767239 97.17389679
v -27.70753288 -8.16753292 99.57051086
v -29.28222275 -123.90924835 105.04364014
v -107.51029968 -124.75864410 99.87236023
v -77.90787506 -158.33027649 100.98699951
v -56.57188797 -99.06879425 105.38587189
v -54.12399673 -97.60434723 103.92669678
v -56.25389481 -95.67144775 103.34741974
v -51.09389114 -65.94854736 98.26882935
v -57.12292862 -127.77315521 61.73701096
v -59.34763718 -129.39701843 62.94412613
v -76.36977386 -95.63412476 103.80372620
v -76.39389801 -92.63736725 101.93814850
v -66.88524628 -71.61193848 99.73252869
v -68.36135864 -69.28383636 100.11015320
v -42.51882935 -177.07566833 96.15579224
v -38.15779114 -59.09552383 102.52138519
v -40.38294220 -60.88019943 103.86728668
v -40.64431763 -61.49402237 100.57865906
v -43.19405365 -195.54617310 102.36769104
v -43.69935608 -195.67141724 105.63603973
v -104.96139526 -99.47711182 97.72901917
v -32.72158813 -3.56710720 63.34590149
v -100.66268921 -28.73761749 96.94559479
v -101.61119080 -28.89906311 93.83260345
v -92.31398773 6.41810703 97.82238007
v -50.62377930 -185.60740662 58.01836777
v -52.86205292 -155.10783386 64.69517517
v -64.34332275 -147.80264282 112.00108337
v -47.96767426 -153.57737732 104.84035492
v -40.30964279 -61.46407318 97.01083374
v -62.30474472 -142.84103394 66.85053253
v -113.29505157 -128.18891907 97.56121063
v -118.71552277 -108.58336639 94.52886200
v -118.68157196 -111.19718933 95.93559265
v -83.62750244 -128.50526428 65.44351196
v -82.44517517 -126.65013123 63.63311005
v -81.47512817 -184.95040894 61.97219086
v -59.09374237 -170.83592224 106.03386688
v -26.92793655 13.21289921 103.70615387
v -28.73076057 15.65779972 101.15138245
v -46.35655975 15.84551334 68.71080780
v -43.96611023 16.15943146 70.86003113
v -44.46363068 13.69134617 68.12117004
v -113.93247223 -101.81461334 96.29697418
v -115.04389954 -99.66771698 94.04030609
v -92.81348419 -133.70606995 95.27322388
v -72.87737274 -64.85022736 100.43084717
v -36.52626419 -58.23974991 100.01058197
v -38.42751694 -59.97037125 98.98941040
v -71.43275452 -60.48609924 105.85031128
v -112.36264801 -98.68031311 95.67456818
v -108.89047241 -103.70989227 98.87414551
v -105.89679718 -102.83769226 98.84142303
v -80.67387390 -124.43447876 61.71006393
v -104.28541565 -22.74624634 98.72739410
v -91.92662811 -185.63116455 95.94830322
v -47.41532898 -171.21276855 100.08557129
v -78.44337463 -161.03955078 98.84664917
v -66.30130768 -62.94797516 106.07258606
v -14.94329548 -95.79901123 66.67282104
v -19.91689491 -96.70648956 59.83174896
v -105.61450195 -21.23072052 96.70409393
v -69.43635559 -181.03341675 110.17552185
v -56.93196869 -194.82240295 64.21328735
v -54.81646729 -194.82090759 66.71396637
v -28.29113960 -21.06467438 99.88162231
v -28.27758980 -8.58687496 103.06475067
v -69.28314972 -177.39065552 64.22339630
v -71.03298950 -175.45533752 65.57674408
v -102.01094055 -26.35376740 95.46496582
v -96.72697449 -34.59803009 92.77169800
v -89.27938080 -191.94190979 64.61424255
v -87.48403168 -190.83790588 62.02487564
v -85.56925201 -194.01365662 62.64731598
v -28.77148628 -24.35372162 92.84581757
v -45.02900314 -194.49790955 59.75631714
v -30.02100182 -190.80891418 96.14504242
v -31.69610405 -192.94392395 98.05554199
v -50.56130219 -180.22540283 63.95994568
v -53.39685440 -180.47039795 62.48824310
v -80.70042419 -165.65498352 94.96035004
v -84.60382843 -46.52079773 98.87054443
v -68.62855530 -132.78871155 65.50186920
v -99.43798828 -0.79891878 89.57247162
v -87.17487335 -80.85911560 64.82555389
v -84.84702301 -144.97146606 92.78413391
v -87.85637665 -147.67671204 94.05489349
v -85.38159943 -146.26885986 95.79165649
v -88.05070496 -180.49391174 87.94243622
v -38.19337463 -137.77471924 83.85044861
v -35.39222336 -135.64608765 85.32852936
v -30.10116577 -39.18574524 92.38885498
v -29.55509186 -36.08032227 92.64078522
v -29.33078003 -37.24109650 95.89691925
v -114.46964264 -116.48170471 64.71046448
v -120.73359680 -118.62538910 96.30699158
v -94.88234711 -133.80017090 101.38125610
v -99.34214020 -32.44141388 83.22271729
v -86.86515045 -140.14550781 96.51115417
v -86.24524689 -141.55941772 93.34169006
v -40.83364868 -151.39462280 99.17682648
v -36.38522720 -147.84292603 89.05878448
v -49.94144821 -142.40815735 67.66806030
v -30.22779846 -120.58742523 104.66406250
v -31.70595932 -122.64452362 106.84417725
v -105.88031006 -17.05178833 92.86286926
v -24.06029892 -125.41471863 98.34813690
v -23.18494797 -123.37014771 95.65013885
v -83.94374084 -44.76359558 62.89081573
v -98.36942291 -88.20249176 90.02877045
v -92.08336639 -42.14094162 91.25483704
v -69.12146759 -57.12445068 116.86588287
v -68.99571991 -58.81992340 114.00808716
v -26.24178696 10.96590519 95.45940399
v -42.12640381 -180.01092529 100.21134186
v -44.77949142 -77.26957703 69.90222931
v -28.07091331 -13.42265224 102.50364685
v -28.56911278 -11.25194454 104.32262421
v -59.59121323 20.66091919 64.83523560
v -95.46176910 -37.72393036 93.47589874
v -92.96376801 -40.16330338 93.87257385
v -36.56432724 -150.43649292 86.42527008
v -38.66915131 -152.61614990 88.81621552
v -37.72882462 -141.05839539 92.12604523
v -98.08303070 4.06598759 85.84442902
v -98.67213440 0.85508817 86.24176788
v -27.62763786 -8.76907253 91.06760406
v -26.67648506 -6.75326443 89.13554382
v -5.91094494 -114.88241577 71.09116364
v -95.40749359 -192.53788757 93.19072723
v -83.14073944 -158.41630554 90.34709167
v -49.22371674 -74.43147278 84.19995880
v -48.22999191 -77.80909729 83.87221527
v -71.40965271 -69.93407440 99.52852631
v -70.62651825 -66.69200134 100.41873169
v -39.10756683 -58.67145157 106.04165649
v -63.08749771 -160.53704834 65.87345123
v -23.03462219 -116.20011902 89.65011597
v -45.47165298 -195.12490845 87.30561829
v -44.13825226 -165.52185059 94.16603851
v -121.40059662 -116.60611725 94.22404480
v -18.68127441 -121.93126678 67.81091309
v -86.14189148 -48.40216446 88.82295227
v -54.75886917 -195.15391541 89.75067139
v -65.55349731 -194.93984985 68.98877716
v -90.19953918 -45.92706299 86.15834808
v -91.36174011 -44.04647827 88.76665497
v -42.83398438 22.94148254 89.15000153
v -40.95888519 21.88237762 91.56127167
v -39.58481216 20.53256226 89.03164673
v -70.76799774 -169.79832458 66.59482574
v -27.16034508 -101.09854889 89.59943390
v -23.71450233 -112.02446747 90.74593353
v -118.66399384 -96.99266052 79.75307465
v -81.23144531 -130.53561401 66.06081390
v -97.38410950 -81.56210327 75.08681488
v -16.75664902 -125.82592010 82.18927002
v -16.69324875 -125.49629211 85.42845917
v -88.88961792 -46.44234085 89.22814941
v -46.71864319 -62.98551941 83.59945679
v -65.30634308 -102.25857544 108.46829224
v -39.99649811 -143.14114380 87.32091522
v -18.51935959 -120.56961823 86.89011383
v -16.26537323 -122.55582428 86.75587463
v -84.03190613 -172.97213745 83.89535522
v -84.73190308 -175.34246826 81.70041656
v -57.56241989 -194.96041870 85.11033630
v -46.88224411 -78.17167664 81.12387085
v -44.59314346 -80.52416992 81.08322906
v -85.08714294 -78.32537079 65.76277924
v -83.78296661 -75.85289764 66.80552673
v -103.56408691 -23.15380859 83.77347565
v -35.60272217 -141.20719910 100.21000671
v -32.50569916 -139.99397278 99.22550964
v -33.51819992 -141.00231934 102.39690399
v -32.34272003 -38.61916351 83.69893646
v -30.30262947 -186.25115967 84.90499115
v -29.16320229 -187.77429199 87.49218750
v -28.59300423 -189.26266479 84.35528564
v -43.71519089 -47.72911453 71.44293976
v -25.66662216 4.22278690 83.98001862
v -49.09669495 -77.62052155 64.43515015
v -46.62079239 -79.53716278 63.75462723
v -69.32328796 -102.37882233 108.63779449
v -49.57056046 25.52732849 82.07207489
v -31.17505455 -194.73040771 80.34716034
v -33.86585617 -195.08366394 82.19254303
v -121.39389801 -103.02751160 81.24848938
v -79.02202606 -139.46105957 69.69880676
v -83.01225281 -167.55258179 86.82587433
v -82.22045135 -145.59394836 72.19510651
v -85.14532471 -147.25186157 72.21572876
v -95.39703369 3.79169559 67.74760437
v -95.64428711 -6.44531155 67.74960327
v -95.82669830 -3.11576748 68.44299316
v -117.10639954 -97.35581207 88.41412354
v -101.66432190 -88.80243683 90.37430573
v -103.62681580 -87.49391937 88.11865997
v -7.52836084 -108.74031830 73.22159576
v -27.49444199 -84.76070404 71.97450256
v -29.92401886 -84.07094574 73.96129608
v -34.11974716 -136.21347046 88.05750275
v -85.14530182 -142.98521423 95.81382751
v -84.00652313 -144.69612122 98.27260590
v -100.38372040 -83.42584229 78.44766235
v -100.05760956 -83.19053650 75.36483765
v -87.37416840 -122.97302246 114.87793732
v -75.97979736 -141.53021240 69.14010620
v -92.15708160 -40.81233215 100.83776855
v -102.53369141 -17.34400940 83.73310089
v -97.88748932 -27.60103607 75.51369476
v -89.97498322 13.56739140 89.60749817
v -91.37509155 -79.62881470 81.12763977
v -43.03190231 -174.45413208 78.34869385
v -39.57455063 -145.53822327 85.24147797
v -40.74349976 -142.62754822 84.40443420
v -41.44670105 -178.85540771 74.85755157
v -111.32194519 -118.15020752 68.95801544
v -114.41969299 -117.49591064 68.06351471
v -90.11899567 -110.47251892 108.56317139
v -88.18191528 -48.43698883 83.13329315
v -88.57879639 -136.98576355 82.77674103
v -89.62567139 -134.60028076 79.51589203
v -87.51155090 -153.39370728 83.90094757
v -42.25239182 -59.63372040 86.37990570
v -94.88382721 -124.10615540 69.10686493
v -95.30433655 -37.14311218 78.16220093
v -31.01644135 -28.96981812 81.95877838
v -102.50773621 -19.92014313 85.37837219
v -38.15704727 -141.99737549 98.08105469
v -73.00054169 26.28666687 78.20933533
v -42.99699783 -143.41596985 78.14290619
v -42.08329773 -142.99070740 80.94459534
v -40.82625198 -146.18711853 79.18298340
v -32.18833923 -140.29965210 108.32968140
v -30.86310005 -138.15312195 110.65913391
v -83.08255768 -195.14166260 79.77856445
v -84.33412933 -195.21740723 82.79445648
v -38.55579376 -146.81062317 82.08634186
v -40.40864944 -150.35516357 74.09008026
v -42.74660110 -153.11451721 73.54495239
v -37.42959595 -84.28937531 62.80538940
v -92.68679047 -42.27761078 79.81291199
v -83.15826416 -65.74943542 73.74697876
v -42.52566910 -78.35453796 72.23616791
v -66.73770905 -104.70099640 109.83177185
v -55.40155792 26.28233337 79.91413116
v -55.01226807 27.35032654 83.26629639
v -52.79295731 26.51307678 82.10199738
v -104.24574280 -87.34175110 71.68513489
v -105.87876892 -89.62992096 69.90261078
v -118.49307251 -102.31417847 72.17959595
v -118.19184875 -105.06783295 70.58046722
v -39.52956009 8.57168674 68.43783569
v -88.79613495 16.05263519 81.23902130
v -91.03838348 13.98264408 80.62686157
v -81.34087372 -168.96009827 76.24202728
v -28.34389687 -103.28952026 92.02928162
v -44.17631531 -47.34300232 68.27952576
v -30.51852036 -86.57203674 80.24793243
v -49.62210083 -151.98818970 107.05123138
v -53.48810196 -153.57115173 108.13750458
v -48.05633926 -149.18013000 107.61061859
v -13.55404472 -100.38451385 63.64907074
v -115.77719879 -117.96135712 70.66768646
v -113.31982422 -118.46092987 71.31696320
v -37.34940338 -194.97691345 76.61828613
v -40.17588043 -194.94665527 76.13885498
v -94.44261169 -129.79060364 79.93864441
v -49.28020859 23.87133026 79.18356323
v -43.71212387 -140.68786621 75.66090393
v -98.16242218 -121.50703430 67.57606506
v -100.15344238 -121.83820343 70.22331238
v -8.53952217 -105.81546783 74.00519562
v -105.91962433 -122.71195984 79.92295837
v -107.93754578 -121.37203217 78.00107574
v -108.30216980 -87.43006134 76.64742279
v -57.05150604 -64.95747375 110.42031097
v -57.79630661 -63.81712723 113.06903076
v -86.56713104 -50.03425217 80.92811584
v -87.15331268 -48.97568512 78.10363007
v -73.68190002 22.30490875 68.94283295
v -99.02333832 -123.76931000 73.61396790
v -101.62435150 -123.29866028 75.83819580
v -117.47904205 -95.57685852 77.13401031
v -102.97489166 -6.34474087 76.65386200
v -119.83144379 -113.12645721 70.19916534
v -29.48439789 -112.94245148 100.18809509
v -79.51612091 -143.13470459 70.73685455
v -120.96814728 -119.96435547 77.05521393
v -43.39324570 -100.62807465 101.15631866
v -68.10928345 22.02561951 66.05693817
v -48.92784500 -72.71520996 79.39239502
v -69.93160248 -194.90365601 64.89694214
v -68.94009399 -194.94689941 68.37646484
v -94.51955414 -187.21540833 96.47389221
v -46.27714539 -100.06157684 102.22566986
v -99.97088623 -13.96961117 72.62809753
v -117.34584808 -99.40705872 72.19586945
v -23.80519485 -86.35748291 74.49826813
v -24.74904251 -85.86019135 71.83950043
v -41.88432312 -135.81661987 74.35024261
v -39.47959900 -133.68586731 75.64330292
v -40.28879929 -136.04626465 77.48285675
v -73.19937897 -194.95115662 65.13429260
v -81.79099274 -46.93250656 62.15893936
v -82.59472656 17.52405548 66.89024353
v -50.19841766 -69.11676788 74.05978394
v -95.33357239 -122.31495667 66.49193573
v -91.30023956 -189.52740479 66.45903015
v -27.76346397 -12.70834255 89.41009521
v -27.80851173 -15.15164852 92.03300476
v -46.30088425 18.79508209 70.82730865
v -39.86887360 11.47679234 70.82048035
v -41.72496796 11.31231022 67.77854156
v -45.71084213 -47.15743637 65.54898834
v -87.71526337 -40.19699478 106.86476898
v -94.75547028 -131.80564880 112.45383453
v -87.01838684 13.84706974 70.07793427
v -61.42731857 -51.96878433 62.00051117
v -26.91683769 -11.36763668 77.20280457
v -84.84206390 -48.26143646 70.08961487
v -32.95087814 -187.28640747 71.65356445
v -46.63106537 -49.08913803 69.92658997
v -48.38749313 -51.18496323 71.73143768
v -41.27697372 -152.76220703 76.28717041
v -81.74552917 -195.07090759 71.72101593
v -82.58612061 -59.86287308 75.98937988
v -76.28577423 -138.10575867 68.54233551
v -76.50583649 18.84626770 61.80701065
v -79.68325043 18.74008179 62.02967072
v -82.55039215 -77.46958160 64.45758057
v -39.94707489 -127.09758759 66.11981201
v -41.79794693 -103.25339508 102.19519043
v -43.61658096 -105.17023468 104.31323242
v -114.34702301 -105.01387787 66.34499359
v -93.53623199 -192.41065979 72.98384094
v -52.64812088 -95.28314972 102.18849945
v -52.21475220 -194.84140015 68.84658813
v -40.69110489 -38.68248749 62.89310455
v -40.00274277 -40.12511444 66.23713684
v -41.78305054 -156.06556702 76.26199341
v -96.85279846 -120.29730988 63.97416687
v -73.60253906 -74.02596283 98.67418671
v -58.32699203 -174.08839417 106.71649933
v -42.06302643 13.58991337 70.34585571
v -106.96276855 -95.23785400 65.76512146
v -103.83287048 -95.33940887 63.75569916
v -100.31791687 -16.34867859 70.32685089
v -66.88009644 -130.24803162 64.19659424
v -54.94144440 -71.71446991 65.43398285
v -52.16904449 -72.90839386 67.01522827
v -63.06246185 -170.39584351 65.19084930
v -55.78197479 -156.89335632 64.29737854
v -46.86135483 -195.73942566 107.82459259
v -36.88337708 -147.41574097 85.49482727
v -34.28455353 -192.07566833 69.00888824
v -120.27478027 -110.72659302 71.64420319
v -43.16752625 -147.48901367 103.89385223
v -66.42855835 16.12951660 52.11913681
v -67.81895447 18.04220581 54.53292847
v -65.26515198 -132.17216492 64.94786072
v -28.59474945 -133.35459900 107.76638794
v -65.04479218 22.48368835 66.46436310
v -53.75147629 -151.95007324 63.47117996
v -38.67870331 -190.31265259 62.41951752
v -115.79163361 -93.03244781 78.09934998
v -34.76134491 -82.79196167 67.14522552
v -26.66519547 -90.55570984 60.98307419
v -88.10574341 -10.80955410 58.03369141
v -77.12728882 -65.63265991 66.14147949
v -43.52429199 -55.55002594 114.18648529
v -48.98021698 17.87361908 68.83628082
v -48.36370850 15.46296787 66.51923370
v -50.96188354 17.30669403 65.95450592
v -79.88209534 -76.82274628 63.29917908
v -37.51411438 -52.97351837 82.27175140
v -41.73720551 -194.98916626 78.74559784
v -48.53576660 -65.21284485 96.95908356
v -79.36900330 -194.62690735 58.58444214
v -78.52060699 -194.90690613 61.72354126
v -82.27700806 -194.79040527 61.72671509
v -56.86129761 -133.30781555 64.48841095
v -55.72435760 -130.50285339 63.14736176
v -94.25304413 -96.83957672 57.46189880
v -86.68012238 -127.56475830 66.24044800
v -59.08665466 -142.29919434 66.55755615
v -62.17584991 -155.87564087 62.60801315
v -36.44405365 -194.37216187 67.77066803
v -51.16591644 27.15130615 84.55833435
v -89.24462891 -188.52239990 63.98224258
v -56.46526337 -179.06440735 62.87051773
v -30.05792046 -100.57994843 91.54127502
v -17.35416985 -105.54364014 57.25581741
v -50.76351166 20.74947357 114.22308350
v -34.57706833 -90.15526581 85.72804260
v -41.14208221 -145.21522522 82.44593811
v -48.53534317 -75.23455048 81.62039948
v -104.89427948 -111.87751770 58.47721863
v -45.84951782 -45.40088654 62.94771194
v -48.20321655 -46.99623489 63.99538803
v -47.76775360 -194.73690796 63.39104080
v -39.32491302 -37.16012573 65.41065216
v -37.98373795 -32.79580688 62.50249481
v -86.77952576 -189.44352722 110.19728851
v -21.48399544 -99.08791351 57.51296997
v -56.13254547 -51.13555908 63.22863770
v -45.33980179 -158.48793030 75.19001770
v -33.77399445 -90.25041199 58.45562363
v -81.64859009 -23.72859955 51.95279312
v -94.04726410 -16.84083557 65.25527191
v -76.58730316 -194.96916199 64.54576874
v -94.73752594 -193.99790955 79.56430054
v -56.06010818 -85.53300476 56.23085022
v -56.01115799 -88.59550476 54.46642303
v -13.87697220 -124.58676910 82.67713928
v -37.92139053 -18.67346191 57.72777176
v -35.31835175 -18.54329681 60.10307312
v -30.47472191 -97.35665894 54.96152115
v -30.68418694 -13.23499966 109.66607666
v -35.19258499 14.37488651 82.86090088
v -34.66379929 -131.05438232 78.71789551
v -66.61389160 -52.96303558 62.43518448
v -64.62689972 -51.96325684 60.46228790
v -54.25034714 -185.53915405 56.82039261
v -78.49193573 24.32408142 84.30640411
v -79.38190460 -185.70390320 58.94611740
v -69.10442352 15.40628147 49.55466843
v -58.71241379 -96.99340057 104.55994415
v -58.70790482 -94.02071381 102.60142517
v -63.10069656 17.83783722 57.99040222
v -62.07020569 -180.45028687 61.20827103
v -99.18687439 -127.61313629 87.38533020
v -41.85623932 -38.30696106 60.04974365
v -32.53159332 -92.83114624 87.01532745
v -34.08950806 -115.74601746 50.85276794
v -36.12310028 -138.99491882 90.22866058
v -33.85684967 -137.59622192 91.10280609
v -77.77164459 -116.37065125 49.96949005
v -62.47507095 -91.14546967 54.11918640
v -56.98346329 8.73236942 53.05415344
v -48.97609329 -90.24748230 54.33054733
v -59.35078049 -89.62550354 54.20757294
v -57.00191116 -158.29479980 107.05458069
v -72.91905212 -195.19990540 86.34355164
v -85.75087738 -142.12696838 84.47509766
v -14.75099850 -113.71533203 56.29179382
v -68.18993378 -194.24302673 53.83000183
v -88.41388702 14.44343662 95.67815399
v -84.68819427 -95.78885651 54.66219711
v -88.10881805 -47.79269028 86.32894135
v -55.04496384 -187.40341187 54.19629288
v -57.60367584 -185.87915039 55.51096725
v -41.02671051 -8.28573513 51.40392685
v -43.54348373 -6.76278591 50.73729706
v -84.67508698 -16.83463287 55.99264908
v -81.82418823 -34.25980377 54.38159180
v -80.27772522 -37.22991943 53.95088959
v -82.26758575 -36.85620880 56.26734161
v -90.60837555 -195.51741028 95.21794128
v -89.02753448 -16.91150665 52.57787323
v -79.71964264 -100.32437897 52.21907043
v -75.55894470 -106.25612640 50.44974136
v -76.82669830 -102.40145111 51.48051834
v -73.63483429 -100.59735107 52.42197037
v -74.01628876 -103.61947632 51.30859375
v -46.51876831 -195.61079407 104.59947968
v -64.39346313 -191.10565186 52.29273987
v -55.88584518 10.29966831 56.08965683
v -45.46188736 -20.94598389 49.99889374
v -87.99681091 0.60694975 54.24360275
v -87.27975464 -3.39038754 54.46331787
v -78.37293243 16.82279205 55.92656326
v -63.70933151 -42.97676849 52.69638824
v -61.89829636 -45.19438171 54.12286377
v -47.64149475 -75.92118835 78.70539093
v -71.85005951 -106.28787994 50.69599152
v -51.72787094 -103.80947876 47.86841965
v -104.16872406 -86.57573700 85.33467102
v -79.85842133 -111.50077820 49.04986954
v -77.99359894 -113.92110443 48.63826370
v -33.49715424 -185.58741760 96.17984009
v -49.84458923 -12.07168484 49.23759842
v -57.89209366 -1.29457772 47.96944046
v -64.25355530 -103.44403076 49.79941940
v -77.29143524 -8.88622189 49.92962646
v -48.53114700 -112.84640503 45.31491852
v -62.97897339 -0.19345006 49.36170197
v -47.95343781 -19.63535309 48.46619797
v -48.87759781 -107.78965759 46.72201920
v -81.97554016 -8.20010281 45.32355118
v -88.32538605 -6.09329891 47.88605118
v -74.46981812 5.12708378 45.79636002
v -54.70944977 -74.91872406 95.23777771
v -54.01509476 -77.85672760 94.87497711
v -96.81468964 -10.60169888 44.99564743
v -98.44970703 -13.05668545 43.74516678
v -46.99623871 -8.75665951 50.92722321
v -33.30918884 -42.78242111 109.58596802
v -70.79940033 -18.16255188 45.04570007
v -82.50907898 -67.62795258 90.07398224
v -81.28321838 -70.54239655 92.24942780
v -86.52379608 -139.74128723 81.95633698
v -51.06509781 -116.32630920 49.34746552
v -36.78141403 -148.61277771 92.66728973
v -77.38045502 -13.73909664 42.08911896
v -69.61507416 -21.43590546 43.98756790
v -67.77243042 -24.26280212 44.36481857
v -61.96394730 -20.24633026 46.75627518
v -26.20119667 -98.52444458 87.99327850
v -31.52453232 -44.89844131 91.30131531
v -70.47767639 -4.08515835 40.73356247
v -67.86950684 -5.02899837 40.91835403
v -89.79605103 -183.47541809 94.12942505
v -41.77598953 -23.37495422 117.52809906
v -67.60026550 -4.45365810 126.31237793
v -66.85124207 -12.90929317 127.05799103
v -52.92755890 -7.83834743 126.50504303
v -58.29179001 -40.67633057 124.37769318
v -61.11028671 -39.62093735 124.75872803
v -72.64218903 -44.72910309 120.91041565
v -75.58748627 -32.71082306 120.11389160
v -72.82749176 -37.65329742 121.80481720
v -90.45613098 -135.80429077 93.37534332
v -76.03362274 -141.49569702 120.64290619
v -46.34201431 -20.01960754 122.46364594
v -69.67275238 -132.61907959 120.52261353
v -53.77165985 12.88894749 123.08333588
v -41.69427872 -173.29885864 87.48722076
v -77.06787109 -23.26046753 119.60259247
v -72.92934418 -54.01705551 116.38322449
v -70.57932281 -54.75927734 118.29278564
v -71.45120239 -56.61991119 114.95249939
v -67.15835571 -134.94039917 120.46723175
v -63.87317276 -195.94941711 109.95233917
v -73.97093964 -59.58060455 103.90680695
v -84.62874603 -120.60054779 115.20049286
v -49.05632782 -58.33478928 115.72870636
v -72.44661713 -116.17247772 115.45539093
v -49.12619781 -129.45552063 116.10973358
v -44.19224930 -141.74090576 117.57765961
v -29.32733727 -24.06036377 71.21629333
v -63.89924240 -6.85982418 127.21860504
v -56.14712143 -17.10568237 125.77995300
v -41.38127136 -7.72628689 122.22418976
v -52.75168228 -16.99773407 47.31777573
v -73.56456757 -3.33019924 41.33110428
v -49.63738632 -17.03478241 48.18232346
v -66.89688873 -5.69290829 43.68815994
v -46.31993866 -1.02937233 52.28887558
v -42.28314209 -53.56127930 116.45993805
v -61.41646576 -121.11465454 115.61563873
v -82.27785492 -41.52875137 112.14208221
v -85.19559479 12.21030521 112.95941162
v -51.57189560 -115.00232697 111.75093842
v -93.97148895 4.57528782 103.02175903
v -95.74183655 -18.89421844 109.23529816
v -33.33588791 -2.03990841 113.33502960
v -95.71212006 -105.52844238 102.24507141
v -93.44732666 -34.00063324 104.70052338
v -54.87757874 -161.87484741 104.58742523
v -98.36336517 2.24234867 89.02669525
v -27.71393776 -11.25260067 100.64134979
v -27.54656410 -11.55402279 92.17509460
v -27.35891151 -12.95344448 94.68862152
v -27.44088554 -9.08316708 94.21022797
v -31.09340858 -102.54434967 94.32375336
v -33.04259491 -99.96891785 93.74318695
v -84.74794006 -26.79756927 111.19294739
v -26.97533798 -1.34802163 96.75025177
v -67.28202820 -66.21152496 100.99693298
v -87.72744751 -139.07006836 99.55992126
v -33.83983231 14.87607670 88.67733765
v -81.16961670 -67.60179138 93.64617920
v -82.26522064 -64.48106384 91.85312653
v -38.40435410 20.76285553 93.04283905
v -67.31446838 28.10745239 87.88485718
v -112.11156464 -104.29030609 98.32398987
v -29.13228035 -25.02188873 81.46625519
v -27.86817360 -22.75434875 83.17942047
v -51.67835999 19.25956726 68.20585632
v -61.71580124 -194.93504333 76.99572754
v -40.06221008 17.05831146 75.64170074
v -19.83618164 -126.35746765 81.00873566
v -48.58124924 -194.93717957 78.17486572
v -36.40320969 -47.05848694 78.97701263
v -37.56933975 -50.23394394 79.60391998
v -64.95289612 25.83815002 74.96791077
v -35.78485489 4.45044804 68.20491791
v -25.23441505 -9.15414333 75.80835724
v -24.40024948 -4.97001553 70.40364838
v -24.10350800 -5.12398434 73.00808716
v -43.98714066 -51.46889114 75.54181671
v -79.93661499 -66.05455780 68.57480621
v -59.69129944 -135.49998474 65.56205750
v -97.50265503 -123.19650269 70.39507294
v -27.34783745 -22.09081268 70.08807373
v -29.67808723 -24.94016266 68.45176697
v -32.55173874 -4.99833584 59.79795074
v -46.70728683 13.37677097 64.89815521
v -86.68619537 -140.22482300 114.40845490
v -57.62564087 -194.74760437 61.30138779
v -29.49824333 -9.90123653 62.48182297
v -60.77200699 17.87033844 59.84744644
v -34.53961563 -98.85794067 53.16174698
v -67.83808136 -191.10865784 52.55628967
v -72.87944794 15.27774906 50.71865845
v -78.70124054 -35.12270355 52.34041595
v -51.01599121 -32.86300659 52.27981567
v -52.48079300 -72.75945282 93.50937653
v -50.76966858 -73.29162598 90.48211670
v -87.41580963 6.20968723 51.89974213
v -74.10819244 -23.95730591 44.48619461
v -67.38874054 -28.51820374 46.99961853
v -71.39756775 -13.19548702 40.92764664
v -65.07405853 -2.24144650 47.87632751
v -66.07142639 -4.54885769 47.43319321
v -68.94390869 -26.67745209 44.96871948
v -65.61640167 -2.99094296 44.32788467
v -66.04434204 -0.06938847 44.14531708
v -71.79398346 -23.51352692 41.96509552
v -55.37601089 -9.55283260 126.95069885
v -77.35998535 -9.66134548 121.63984680
v -78.04560852 -6.56769466 122.05950165
v -82.91050720 -27.83278656 113.36515808
v -35.59137726 16.38794708 85.47616577
v -78.02652740 -189.22592163 116.30191803
v -42.56330872 -21.20406342 119.85214233
v -112.75875092 -120.38593292 101.05509949
v -56.66588211 -4.51495266 47.83255386
v -76.87328339 -4.18469143 123.70188904
v -81.65052032 -1.00962746 122.22812653
v -45.24707794 -189.38243103 115.68071747
v -28.39229584 -130.17282104 106.60406494
v -40.31301117 -10.83305264 121.33889771
v -86.78319550 -139.91261292 102.85005951
v -89.46077728 -137.73512268 102.07987976
v -79.88506317 -3.90157223 122.61492920
v -46.96737289 -133.30967712 116.81501007
v -56.81571960 -21.58802795 123.71109772
v -85.67702484 -6.75749874 54.81740189
v -49.97711563 -60.33368683 74.14971924
v -71.60831451 -130.04219055 120.16407776
v -74.09473419 -127.38877869 119.55384064
v -48.13079453 -90.04126740 96.29409790
v -87.30567169 -131.71380615 70.64971161
v -84.65934753 -130.71423340 67.62163544
v -44.36003876 -35.67080688 123.47976685
v -79.26959991 -134.28292847 120.75045776
v -84.21484375 11.65064335 116.41249847
v -38.47621155 8.93332005 119.36728668
v -76.23257446 -124.73394775 118.53818512
v -76.89657593 -128.00073242 119.73366547
v -75.01914215 -48.42217636 117.57313538
v -77.61982727 -186.47041321 113.69849396
v -76.79664612 -118.62792969 55.24706650
v -54.06498718 -59.90390015 117.10473633
v -53.86692429 -30.63020325 117.59272003
v -50.65134048 -30.23133087 117.33374023
v -28.11129951 -136.11090088 94.14540100
v -46.08843613 -5.31806087 50.04983902
v -79.45880127 -126.22042847 118.78461456
v -90.98756409 4.34449863 110.86245728
v -66.30589294 -119.39250183 116.17471313
v -69.70607758 -118.83542633 116.46941376
v -65.98770905 -143.94020081 117.29582977
v -89.57309723 -94.57775116 56.69362259
v -85.17497253 -46.57954025 95.29630280
v -80.24256897 -52.17327118 107.35198975
v -77.57220459 -195.26316833 114.88609314
v -62.21833420 -130.53723145 117.95156097
v -56.19322205 -62.53382874 115.92798615
v -41.20842361 -140.57310486 117.36026001
v -41.79579926 -137.41937256 116.97243500
v -49.37794876 -135.45178223 117.60321045
v -41.22349167 -53.44142914 113.30601501
v -40.86639404 -99.05693054 51.50984573
v -88.72190857 -10.83154202 117.31952667
v -59.17235565 -44.13162231 54.86261368
v -47.90981674 -190.87084961 117.21381378
v -29.88633728 6.04877567 109.94892883
v -46.25084686 -130.77262878 115.92271423
v -91.61843872 1.78694999 112.71143341
v -56.89964294 22.05505371 113.40480804
v -44.37080002 -128.81462097 114.86425781
v -90.65007782 -194.98339844 72.46293640
v -35.72588730 -13.35402584 116.61139679
v -29.77120972 2.02057743 109.76940155
v -22.22942352 -124.66912079 93.14209747
v -44.27019501 -98.65023041 51.06032181
v -77.52178192 -72.49246216 96.99633026
v -88.14034271 -24.12969208 109.77642059
v -88.61634827 -115.34341431 50.78491592
v -34.17860031 -123.00992584 108.88216400
v -46.34952927 -195.51966858 101.65305328
v -94.99454498 -125.45847321 110.85318756
v -84.59136963 -110.21317291 110.53427124
v -40.48114014 -54.01704407 80.34477234
v -50.02620316 -170.88471985 102.48884583
v -46.60820389 -192.94841003 57.36574173
v -56.04674911 -155.80989075 108.94960022
v -63.84907150 -124.91677856 60.50802612
v -38.22529602 19.64017487 102.97764587
v -34.96167755 18.47756195 102.20897675
v -101.26339722 -129.79727173 105.30793762
v -41.50746918 -60.72970200 107.61868286
v -48.82686615 -191.02239990 55.56291580
v -33.13687134 -119.89187622 106.85529327
v -32.30410767 -98.01856232 91.36061859
v -32.96052170 -92.83200836 56.80647278
v -51.13766098 23.91482544 108.26458740
v -64.95008087 -179.48989868 62.18464279
v -80.26620483 -188.33090210 56.76694107
v -89.48140717 -195.13966370 103.86863708
v -50.94406891 -97.90805054 102.98544312
v -45.61880112 -147.95599365 105.98573303
v -43.25814819 -108.03430176 105.82952118
v -42.45139313 -62.55239868 104.95183563
v -35.78158951 -33.73462677 107.68399048
v -35.06615829 -22.74459076 110.38056946
v -18.96074486 -94.35675812 62.33087158
v -109.66857147 -122.37557983 100.89321136
v -44.37221527 -40.62838364 60.48908997
v -46.54919052 -43.19060898 60.44491577
v -53.85703659 -177.72442627 107.38294983
v -92.45390320 -135.41664124 101.67864227
v -34.15486145 16.42367554 104.16583252
v -86.85908508 -7.90521145 57.41510010
v -94.40692139 -110.88214111 106.33584595
v -32.36371994 -88.43693542 60.60659790
v -84.33323669 20.97148132 91.00498199
v -73.52903748 -164.46597290 102.95175171
v -71.07932281 -162.02441406 104.27909851
v -60.90497208 19.19381714 62.71733475
v -84.18784332 -80.24769592 63.36480331
v -85.67669678 -150.54191589 101.13255310
v -45.61165619 -195.45591736 98.97541046
v -27.41698647 -13.18041897 97.93379974
v -88.85333252 4.50496769 62.79117966
v -91.32463837 -136.77647400 104.49743652
v -61.38246536 -98.49467468 105.91592407
v -51.51736832 -75.44748688 65.21028137
v -46.15475082 -158.09931946 99.98425293
v -30.06211472 -31.18167114 98.08016968
v -35.37908936 -22.09533691 61.65064621
v -26.99636841 -86.74172974 65.82412720
v -80.28958893 -53.05212021 104.09128571
v -71.59233093 -89.03666687 100.17432404
v -49.16800308 -195.60191345 102.97183990
v -59.99640274 -57.94250870 65.22498322
v -88.31603241 -195.60116577 97.28206635
v -72.84032440 -127.01461029 62.86445999
v -82.79509735 -82.33779907 61.22658920
v -86.85488129 -187.10964966 62.42114258
v -54.48036575 -88.60304260 97.93949890
v -82.42565155 -178.62341309 99.26089478
v -65.39505005 -91.08165741 100.97280121
v -29.27029037 -33.96062469 96.11864471
v -110.44032288 -125.53987122 100.90736389
v -57.92029572 -70.57078552 97.67633057
v -74.00693512 -195.49942017 97.89971161
v -45.50500107 -159.91552734 97.37364960
v -44.95096970 -64.47109985 103.89188385
v -30.68413925 -42.43819427 93.05004883
v -27.71494675 -116.29872894 100.07408905
v -120.09909821 -121.13249207 97.68968964
v -94.45360565 -195.07466125 90.97940063
v -50.77355194 -149.39112854 63.47170639
v -68.69775391 26.69607544 101.75028992
v -81.63461304 23.04668427 90.93457794
v -82.93313599 23.29828644 88.09908295
v -31.24842262 -109.71015930 99.89889526
v -81.89569855 -110.39791870 111.41287231
v -118.39359283 -119.02486420 98.71871185
v -50.60274506 -71.11991882 71.21762848
v -68.71541595 -159.99844360 105.38257599
v -41.31575394 -176.90167236 93.01618958
v -37.17829132 -57.74907303 90.05730438
v -29.09861183 -22.63982391 90.02103424
v -102.52148438 -27.68586731 91.13262177
v -87.35958099 -194.33340454 64.95558929
v -85.27545166 -195.57341003 96.10894012
v -110.39362335 -90.62404633 72.93611908
v -22.69083786 3.57898045 97.75522614
v -21.61152267 -122.74109650 87.17092133
v -22.16974640 -130.77760315 92.09986877
v -124.27964783 -118.74658203 88.17673492
v -75.59596252 17.80416870 58.60575867
v -27.03494644 -5.81089687 92.85441589
v -76.15600586 -86.77939606 97.11282349
v -73.13317108 27.43307495 90.30109406
v -49.84244156 -195.47505188 100.58709717
v -39.64672852 -195.39866638 94.68753815
v -44.68000031 -162.39755249 95.68164825
v -60.89298248 -173.51643372 64.86662292
v -36.21904373 -99.21223450 95.57086945
v -98.89888763 -130.07472229 96.63468933
v -102.42216492 -3.17086697 95.03553009
v -54.27409363 -195.01940918 86.63417816
v -85.67890167 -4.26163387 57.30582809
v -101.55549622 -122.18948364 72.64663696
v -31.14810371 -194.78192139 91.53745270
v -29.27380180 -191.94491577 92.66745758
v -87.97510529 -195.48490906 93.53571320
v -58.36034012 -60.60836029 65.78073120
v -57.23143005 -66.55093384 65.56787872
v -96.03538513 2.56293583 91.26949310
v -120.27964783 -107.81713104 72.90972137
v -22.06473541 -122.80835724 90.34790039
v -108.46037292 -124.96191406 88.00016785
v -94.97563171 5.45975590 91.62531281
v -38.68972778 -183.15441895 70.92974091
v -60.34917068 -194.88015747 66.70854187
v -63.36571884 -194.90878296 66.61236572
v -60.67818451 -194.84291077 63.72914124
v -36.73220062 -150.44596863 89.83103943
v -55.11303711 -139.69906616 66.16393280
v -58.09659958 -139.40742493 66.30210114
v -63.09856415 -136.69120789 66.36995697
v -116.36629486 -104.36704254 68.53656769
v -122.16600037 -124.48246002 88.28471375
v -9.74106026 -102.99197388 73.64109039
v -60.97450256 -139.12678528 66.57717896
v -94.41151428 -39.75191498 90.87007141
v -57.85900879 28.01158142 84.78149414
v -48.52549362 -73.77555847 76.28939056
v -68.53858948 -159.40907288 66.65767670
v -89.18095398 -194.50489807 67.78629303
v -87.46059418 -78.58250427 67.73922729
v -82.55852509 -164.62385559 88.66981506
v -94.93556213 5.26996708 76.22001648
v -28.62425423 -189.90116882 90.09803009
v -23.41209602 -98.88611603 87.25006104
v -81.91386414 -48.93245697 64.69573212
v -124.10282898 -115.34725952 77.97749329
v -123.48049927 -112.15135956 79.40386963
v -87.25530243 -134.30206299 73.12715912
v -46.34266663 -80.64368439 84.02075958
v -15.04849625 -119.21742249 86.46839905
v -16.29932213 -108.55524445 85.80097198
v -40.28611755 -42.79388046 68.03300476
v -87.31530762 -195.30491638 83.75897217
v -90.82005310 -183.13240051 80.45706940
v -90.57642365 -183.47364807 77.45845795
v -57.87141037 26.77508545 81.17187500
v -54.72042084 -68.96606445 66.66652679
v -81.81774902 -133.37866211 67.85266113
v -11.80102158 -119.02334595 85.23472595
v -37.16327286 -124.75458527 65.08168793
v -91.14611053 12.46460819 87.11276245
v -65.60604095 19.57416534 59.84106064
v -41.29778671 18.29778290 78.13305664
v -83.47806549 -61.14353943 82.94319153
v -54.48889542 -194.84916687 83.61873627
v -87.40435028 -137.52754211 79.65879822
v -80.93010712 -195.15791321 81.66925049
v -52.29742432 25.16921997 79.39821625
v -41.01467514 -133.22453308 72.51903534
v -83.02566528 -57.61463547 78.23265839
v -26.42231178 -17.84732056 77.14352417
v -25.35546303 -9.17081356 79.31896973
v -5.42739868 -120.61316681 73.83631134
v -94.87158966 -39.54236221 76.32452393
v -38.46978378 12.59118748 73.62680817
v -27.25204849 -124.46996307 70.82741547
v -70.02573395 26.08758545 80.04139709
v -52.13021469 -194.88403320 78.52361298
v -35.43609238 -51.64044571 84.34934235
v -35.96799088 -49.94788361 82.05358124
v -82.19651794 -56.51766205 75.23246002
v -83.26639557 -60.88648987 79.29492950
v -83.50743866 -63.88573837 78.04133606
v -32.45780563 -32.83053589 73.53044891
v -47.17613983 -56.52416611 76.26969910
v -50.77109909 -52.76988602 70.35284424
v -60.97471237 23.66358948 70.97415924
v -107.39469910 -88.47793579 73.30232239
v -87.44248962 16.11906433 76.01325226
v -87.24038696 14.56866550 73.42775726
v -19.37399483 -91.34934235 65.37034607
v -95.14269257 -35.52790833 75.33255768
v -92.32733154 -187.72515869 69.14299011
v -49.41891861 -72.24973297 73.83734131
v -40.46451569 14.71680546 73.07053375
v -109.95209503 -121.59185791 80.44440460
v -43.42808914 -156.41981506 73.56253815
v -91.69628906 -41.29503250 71.72749329
v -24.38878822 -8.56291866 72.41410065
v -5.19697142 -117.52268982 72.69644165
v -91.90785980 8.55384159 70.66160583
v -75.69393158 21.88589478 71.51780701
v -25.24491310 -10.38384151 69.97612762
v -47.86694336 -74.76099396 72.94957733
v -31.25028801 -26.85456085 67.68414307
v -30.08633995 -24.16864014 65.63121796
v -33.28651428 -22.81156158 64.42330933
v -24.29008675 -7.74552822 69.35668182
v -64.26174164 -157.74440002 63.98940277
v -35.22635269 -37.61636353 68.07596588
v -25.69721413 -8.57036495 66.67747498
v -44.53272629 -172.50224304 76.16956329
v -65.72625732 -159.51310730 66.01900482
v -28.26336861 -22.38853455 67.37515259
v -31.80998039 -26.08463287 64.19046783
v -72.26949310 -49.46333313 58.28178787
v -67.44002533 -123.49620819 59.59916306
v -45.75510406 -27.95665741 53.18921661
v -63.32808685 -50.02313232 58.74608994
v -42.64097595 -28.14743805 54.49061966
v -88.41848755 0.43212214 50.29412842
v -19.77564430 -106.32993317 55.53485870
v -91.20540619 -195.42541504 91.77722168
v -99.62033844 -11.64675045 46.44479752
v -100.60391235 -15.23729610 45.26017380
v -88.75064087 3.20872593 52.04558182
v -55.82530594 -116.52050781 49.64283752
v -69.79577637 -26.62127686 47.56927109
v -60.70685959 -1.94905007 48.86145401
v -79.58444214 -70.17576599 95.38903046
v -69.65412903 -24.82014465 42.38537216
v -66.77994537 -7.26620388 126.95760345
v -52.64329529 -112.17465210 110.78421783
v -70.67018127 -39.53289032 122.97023010
v -59.65496063 6.66558933 128.04740906
v -50.48888779 0.56539243 124.60094452
v -54.41254044 28.20060730 86.03167725
f 1 2 3
f 4 5 6
f 7 8 9
f 10 11 12
f 13 9 8
f 14 15 16
f 17 18 16
f 19 20 21
f 22 23 24
f 25 26 27
f 28 29 30
f 31 32 33
f 34 35 36
f 37 38 39
f 40 41 42
f 43 44 45
f 46 47 48
f 49 50 51
f 52 53 54
f 55 56 57
f 58 59 60
f 61 62 47
f 63 64 65
f 66 67 68
f 69 70 71
f 72 73 74
f 75 76 77
f 78 79 80
f 81 82 83
f 84 85 86
f 87 88 89
f 90 91 92
f 93 94 95
f 96 97 98
f 99 100 101
f 102 103 104
f 105 106 107
f 108 109 110
f 111 112 113
f 114 115 116
f 117 118 119
f 120 121 122
f 123 124 125
f 126 127 128
f 128 127 129
f 130 131 132
f 133 134 135
f 109 136 137
f 138 139 140
f 141 142 143
f 144 145 146
f 147 132 148
f 149 150 151
f 152 153 154
f 155 156 157
f 158 159 160
f 161 162 163
f 164 165 166
f 167 168 169
f 170 171 172
f 96 173 97
f 174 175 176
f 177 178 179
f 180 181 182
f 183 184 185
f 186 187 188
f 189 190 191
f 192 193 194
f 195 196 197
f 198 199 200
f 201 202 203
f 204 205 206
f 207 208 209
f 210 211 212
f 213 214 215
f 216 217 218
f 219 220 221
f 222 223 224
f 225 226 227
f 228 229 230
f 158 231 171
f 232 233 234
f 235 236 237
f 238 239 240
f 241 242 243
f 244 245 246
f 247 248 249
f 250 251 252
f 253 173 96
f 254 255 256
f 257 258 259
f 260 261 262
f 263 264 265
f 266 267 268
f 269 270 271
f 272 273 274
f 275 276 277
f 278 279 280
f 281 282 283
f 284 285 286
f 287 288 289
f 290 291 292
f 293 294 295
f 238 240 296
f 224 297 298
f 299 300 301
f 302 303 304
f 305 306 307
f 308 309 310
f 311 312 313
f 314 315 316
f 317 318 319
f 320 321 322
f 323 324 325
f 326 327 328
f 329 330 331
f 332 333 334
f 335 336 337
f 338 339 340
f 341 342 343
f 344 345 346
f 347 348 349
f 350 351 352
f 353 354 355
f 356 357 358
f 359 360 361
f 362 363 364
f 365 366 367
f 368 369 370
f 371 372 373
f 374 375 376
f 377 378 379
f 380 381 382
f 383 384 385
f 386 387 388
f 376 375 389
f 390 391 392
f 393 394 395
f 396 397 398
f 399 400 401
f 402 403 404
f 405 406 407
f 408 409 410
f 411 412 413
f 414 415 416
f 417 418 419
f 420 421 422
f 423 284 424
f 420 422 425
f 426 427 428
f 429 428 430
f 431 432 433
f 434 435 436
f 437 438 439
f 440 441 442
f 443 444 445
f 446 447 448
f 449 450 451
f 452 453 412
f 317 454 318
f 455 456 457
f 440 458 459
f 460 461 462
f 463 458 440
f 464 465 466
f 467 468 469
f 441 470 442
f 471 472 473
f 474 475 476
f 477 478 479
f 480 481 482
f 483 484 485
f 486 487 488
f 489 490 491
f 492 493 494
f 495 496 497
f 498 499 500
f 501 502 503
f 504 505 506
f 507 508 509
f 510 511 512
f 513 514 515
f 516 517 518
f 519 520 521
f 522 523 524
f 525 526 527
f 528 529 530
f 531 532 533
f 534 535 536
f 537 538 539
f 540 541 542
f 274 273 543
f 544 409 545
f 349 546 547
f 548 549 550
f 551 552 553
f 554 555 556
f 557 214 213
f 558 559 247
f 560 561 562
f 563 564 565
f 566 567 568
f 569 570 571
f 572 573 574
f 575 576 577
f 578 325 579
f 502 580 581
f 582 583 584
f 585 586 587
f 588 589 590
f 591 426 592
f 394 393 593
f 594 595 596
f 597 598 599
f 600 601 602
f 603 604 605
f 606 607 608
f 609 610 611
f 612 541 540
f 613 614 615
f 616 617 618
f 619 620 621
f 622 623 624
f 625 626 627
f 628 629 630
f 631 632 633
f 634 635 636
f 637 570 638
f 639 640 641
f 459 642 643
f 644 645 646
f 647 648 649
f 650 651 652
f 640 653 562
f 654 655 656
f 609 611 657
f 658 659 660
f 661 662 663
f 89 664 87
f 665 666 667
f 668 669 670
f 573 671 574
f 672 564 467
f 673 674 675
f 676 677 511
f 678 349 679
f 680 681 682
f 683 684 685
f 686 687 688
f 510 689 690
f 574 691 692
f 693 629 628
f 694 695 696
f 697 698 699
f 700 701 702
f 703 704 705
f 706 707 708
f 572 709 573
f 710 711 712
f 536 713 714
f 715 716 717
f 718 719 720
f 721 722 723
f 724 725 726
f 727 728 729
f 730 731 732
f 733 734 735
f 736 737 646
f 738 739 740
f 741 742 743
f 744 745 746
f 747 748 749
f 750 751 752
f 753 754 755
f 756 757 758
f 759 760 761
f 762 763 764
f 657 765 766
f 767 768 769
f 770 771 772
f 773 774 775
f 700 776 777
f 778 779 780
f 781 782 783
f 784 785 786
f 787 788 789
f 790 791 632
f 792 793 794
f 795 796 797
f 798 799 800
f 801 652 802
f 803 804 805
f 806 807 808
f 809 810 811
f 812 329 813
f 814 815 816
f 817 818 819
f 820 821 822
f 823 824 825
f 826 827 828
f 829 830 831
f 832 833 834
f 835 836 837
f 838 839 840
f 841 842 843
f 844 845 846
f 847 848 849
f 850 727 729
f 851 852 853
f 505 854 855
f 856 857 858
f 859 860 861
f 862 863 864
f 865 866 867
f 868 869 870
f 871 872 873
f 825 874 823
f 875 876 877
f 878 879 880
f 881 882 883
f 884 885 886
f 887 888 889
f 890 891 892
f 893 894 895
f 896 897 898
f 899 900 901
f 902 379 903
f 904 905 906
f 907 908 909
f 331 330 910
f 911 912 913
f 914 915 916
f 917 918 919
f 920 921 922
f 619 923 924
f 925 926 927
f 928 929 930
f 931 932 933
f 411 934 452
f 935 936 875
f 937 938 939
f 378 474 476
f 940 941 942
f 943 944 945
f 946 947 948
f 949 950 951
f 952 953 954
f 955 956 957
f 958 959 960
f 961 962 963
f 964 965 953
f 966 967 968
f 969 970 971
f 972 915 973
f 974 975 976
f 977 978 979
f 980 981 982
f 983 984 985
f 986 987 988
f 989 990 991
f 992 449 993
f 994 995 996
f 167 997 168
f 998 999 717
f 1000 1001 1002
f 1003 1004 168
f 1005 1006 1007
f 1008 585 1009
f 1010 1011 1012
f 248 717 716
f 1013 1014 1015
f 1016 1017 1018
f 1019 1020 1021
f 1022 1023 1024
f 1025 1026 1027
f 1028 1029 1005
f 1030 1031 1032
f 1033 1034 1013
f 1035 1036 711
f 1037 1038 1039
f 1040 1041 1042
f 1043 1044 1045
f 1046 1047 1048
f 826 992 1049
f 1050 1051 1052
f 1053 1054 1055
f 1056 1057 1058
f 1059 1060 1061
f 1062 1063 1064
f 1065 969 1064
f 1066 1067 1068
f 1069 1070 1019
f 1071 972 1072
f 1073 1074 1075
f 1076 1077 1078
f 1079 1080 1081
f 1082 1083 1084
f 1085 1086 1087
f 1088 1089 1090
f 890 1091 1092
f 1093 1094 1095
f 1096 746 1097
f 1098 1099 1100
f 1101 1102 898
f 1075 1103 1104
f 1070 1105 1106
f 1107 1108 1109
f 1110 1111 1112
f 1113 1114 1115
f 1116 1117 1118
f 1119 1120 976
f 1121 1122 1123
f 1124 1125 1126
f 1127 1128 1129
f 1130 1131 1132
f 1133 1134 1135
f 1136 1137 1138
f 1139 1030 1140
f 270 1141 271
f 1142 1143 1105
f 1144 1145 1146
f 1147 1148 1149
f 1150 320 322
f 1151 1152 1153
f 1042 1154 1040
f 1155 1156 1157
f 1059 1158 1159
f 1160 1125 1161
f 1162 1163 693
f 1164 1165 1166
f 930 1167 1168
f 1169 1170 1171
f 1172 1173 1174
f 1175 1176 1177
f 1178 1179 1180
f 1181 1182 1183
f 1184 1185 1186
f 1187 1188 786
f 925 1189 926
f 1190 1191 1192
f 1193 1194 1195
f 1196 1197 1198
f 1071 1199 1200
f 1201 1202 1203
f 1204 1205 1206
f 1207 1208 1209
f 468 467 1210
f 565 815 1211
f 1212 1213 1214
f 1215 1216 888
f 1217 1218 1219
f 1220 1221 1222
f 1223 1224 1225
f 1226 1227 1228
f 1229 1230 1231
f 1232 276 275
f 1233 1234 1235
f 1236 1237 1238
f 780 627 626
f 1239 1240 1241
f 400 1242 401
f 1243 1244 1245
f 1246 1247 1248
f 1249 402 1250
f 1251 1252 1253
f 1254 1255 1256
f 1076 1078 1257
f 1258 1259 1260
f 1261 950 1262
f 1263 1264 1156
f 1135 1265 1266
f 1267 1268 1269
f 892 1270 1091
f 1271 1272 1273
f 1274 1275 1276
f 1277 1278 1279
f 1280 1281 1282
f 1283 1284 1285
f 1286 1287 1288
f 72 1289 73
f 1290 1291 1292
f 1293 1294 918
f 1295 1296 1297
f 1298 1299 1300
f 1301 292 1302
f 1303 435 1304
f 1305 1306 842
f 1307 1308 1309
f 1310 1311 1312
f 1313 391 390
f 1314 1315 1316
f 1317 1318 1319
f 1320 529 1321
f 1322 1323 1324
f 1325 1326 1327
f 828 827 1328
f 1329 1330 1331
f 1332 1333 1334
f 1335 1336 551
f 1337 1338 1339
f 1340 1341 1342
f 1322 1343 1323
f 1344 964 1345
f 1346 1347 1348
f 988 820 869
f 1300 1349 1350
f 1351 1352 1346
f 1353 1354 1355
f 1356 1357 1358
f 1359 1360 1361
f 1362 721 1363
f 1364 1365 1366
f 1367 1322 1368
f 1285 1369 1370
f 1371 1372 1373
f 1374 1375 1376
f 1377 1378 1379
f 1380 1381 1382
f 677 288 1383
f 1384 1385 1386
f 1387 1356 1388
f 1389 1390 1391
f 1392 1393 1394
f 1395 1396 1397
f 1398 1399 1400
f 1401 1402 1403
f 1404 578 1405
f 1406 1407 1408
f 1386 1409 1384
f 1410 1411 1412
f 391 1413 392
f 1414 1415 1416
f 1417 1418 1238
f 874 825 1160
f 1419 1420 1421
f 1422 1423 1424
f 821 1425 654
f 1426 1427 1428
f 1429 1430 1431
f 1432 1433 1434
f 309 123 1435
f 1436 1437 1438
f 1439 1440 1441
f 1442 1443 1444
f 1421 308 1445
f 1446 1447 1448
f 1449 1450 1
f 1451 1452 1453
f 1454 1455 1456
f 1457 1458 1459
f 1460 1461 1462
f 1463 1464 1465
f 1466 1467 1468
f 1469 1470 1471
f 1472 1473 1474
f 1475 1476 1477
f 1478 1479 1480
f 1481 1482 1483
f 1484 1485 1486
f 1487 1488 1489
f 106 1490 107
f 1395 1397 1491
f 1492 795 1461
f 1493 947 1494
f 1495 1496 1497
f 1498 1499 1500
f 1501 1502 1503
f 1504 1505 1506
f 1507 1508 1509
f 1412 1510 1511
f 1512 1513 1514
f 1474 1515 1516
f 1517 1518 1519
f 1520 1521 902
f 607 636 635
f 1522 1523 1524
f 1525 1526 1527
f 1528 1529 1530
f 1531 1532 1533
f 1439 1441 1534
f 1535 1536 1537
f 1535 1538 1539
f 1540 1455 1541
f 1542 1543 1544
f 1545 1546 1547
f 598 1548 1549
f 1550 1551 1552
f 1553 1554 1555
f 1556 1557 1558
f 1559 1560 1561
f 1562 999 1563
f 1564 1565 1566
f 9 13 1567
f 1568 1569 1570
f 1571 1572 1573
f 1574 1575 1576
f 1577 1578 1579
f 103 1580 1581
f 1582 86 1583
f 1584 1585 1586
f 730 732 1587
f 83 82 1588
f 93 1589 1590
f 1591 1592 1593
f 1594 1595 1596
f 108 1597 109
f 1598 1599 1600
f 1601 1602 1603
f 311 1604 1605
f 1598 1606 1607
f 1608 1609 1610
f 1611 1612 1613
f 1614 1615 1616
f 1617 1618 1619
f 1620 1621 1622
f 1623 1624 1625
f 1626 1627 1628
f 1629 1630 1631
f 1632 1633 1634
f 1632 126 1633
f 1635 543 1636
f 1637 1620 1638
f 1639 1640 1641
f 1642 1643 1134
f 18 24 1644
f 1645 1646 1647
f 1648 1649 1650
f 50 1651 1652
f 1653 1654 1655
f 1656 1657 1658
f 1659 1660 1661
f 1662 131 1663
f 1664 1665 1666
f 1667 1668 1669
f 127 1141 1670
f 1671 1672 20
f 1673 1674 1675
f 1676 1677 1678
f 1679 1680 1681
f 1682 1683 1684
f 1685 1686 1687
f 1688 1689 1690
f 264 1691 1692
f 258 257 364
f 1693 304 1694
f 1695 1696 1232
f 1697 1698 346
f 1699 1700 1701
f 1702 1692 1703
f 1704 1705 1706
f 1707 1708 1709
f 1710 1711 1712
f 1713 1714 1715
f 1716 1717 421
f 1718 1719 1720
f 375 1721 1722
f 472 1721 375
f 337 336 1723
f 1724 1725 1726
f 1727 1728 1729
f 1730 1731 1732
f 1733 839 1734
f 1735 1736 1737
f 1738 1739 1740
f 1741 1742 1743
f 758 1744 1745
f 1746 541 1747
f 1464 1463 1748
f 1745 1749 758
f 1545 1750 1751
f 1752 1753 1754
f 1755 1756 1757
f 1758 1759 1760
f 1761 1762 1763
f 1132 1764 192
f 1765 1766 806
f 1767 1768 1769
f 750 1770 968
f 1771 1772 1773
f 1774 1775 1776
f 1777 1778 1291
f 1779 1780 1015
f 1781 1782 1783
f 1784 1785 1786
f 1787 1788 1789
f 1790 1135 1266
f 1791 1792 1793
f 1794 1795 1796
f 1797 1798 1799
f 1800 1801 1802
f 1803 1804 1805
f 1064 969 1806
f 1807 1808 1809
f 1174 1173 1810
f 1811 1812 1813
f 1814 1815 1816
f 1817 1818 1023
f 1819 1820 1821
f 1822 1823 1824
f 1801 1800 1825
f 1826 1827 1828
f 1829 1277 1830
f 1831 435 1832
f 1833 1834 1835
f 733 1836 1837
f 1414 1838 1415
f 1839 1840 1841
f 1842 1843 403
f 1844 1845 863
f 1846 1847 1848
f 1849 828 1328
f 1850 1815 1851
f 1780 1852 1853
f 254 1854 1855
f 1856 1857 1858
f 1859 1860 1861
f 1374 1376 1862
f 1814 1816 702
f 1863 1864 1865
f 1866 1867 1868
f 1869 1870 980
f 1871 3 1872
f 1873 1449 1871
f 1874 1875 1876
f 1877 1530 1529
f 1878 1879 1880
f 1881 1882 1666
f 71 1883 1884
f 1885 1513 1512
f 1886 1887 1888
f 33 1650 1889
f 684 1890 1891
f 30 1892 1893
f 1581 1894 1895
f 1896 1897 1898
f 1899 1900 1895
f 1901 1902 1903
f 1661 1904 1905
f 293 295 1906
f 1907 1364 1366
f 1908 1909 1910
f 1911 1912 1913
f 1914 1915 1916
f 295 294 1917
f 1918 1919 1920
f 1921 1922 1923
f 1924 1925 1926
f 1927 1823 1928
f 1929 1930 1931
f 1932 1933 1934
f 1935 1936 1937
f 1938 1443 1394
f 1939 1940 1941
f 1942 1943 1944
f 1781 862 1782
f 1945 1913 1912
f 1946 1947 1948
f 1514 1513 1949
f 1950 1951 29
f 1525 1952 1953
f 1889 1650 1649
f 1954 1955 1956
f 432 1957 1355
f 25 1958 1959
f 1960 1961 1439
f 1951 1962 57
f 1963 64 40
f 1964 1091 1270
f 1965 1966 1967
f 1968 57 56
f 1969 1970 1971
f 1972 1970 1969
f 1569 1973 1570
f 1974 1975 1976
f 1976 1936 1935
f 1977 1978 1979
f 1980 1981 1982
f 12 1983 41
f 1984 1985 1562
f 1986 1987 1988
f 1936 1976 1934
f 1948 1989 1990
f 38 1991 39
f 989 991 1067
f 1992 1831 1832
f 1993 1978 1977
f 1994 1995 1996
f 1976 1975 1934
f 148 1997 147
f 1998 1999 2000
f 1237 2001 942
f 2002 2003 2004
f 1525 2005 1952
f 2006 2007 2008
f 1653 2009 68
f 2010 68 2009
f 2011 1589 2012
f 2013 2012 2014
f 2015 2014 2012
f 2016 1584 2017
f 2018 1568 2019
f 2020 2021 1958
f 2022 2023 2024
f 2025 2026 2027
f 2028 2029 2030
f 2031 1978 2032
f 2033 2034 2005
f 1441 2035 1534
f 2036 1590 2011
f 2037 2038 2014
f 2039 2040 1938
f 2041 2042 2043
f 2044 2045 2046
f 2047 2048 2049
f 2050 2051 1506
f 2052 2053 122
f 2054 2055 2056
f 2011 2057 2036
f 2037 2058 2038
f 2059 130 132
f 2060 98 187
f 2061 2062 2063
f 2064 2003 2002
f 2065 2066 245
f 2067 2068 2069
f 2070 1504 1506
f 34 2071 1919
f 1999 2072 2073
f 2074 2075 1401
f 2076 2077 2078
f 2053 2052 2079
f 2080 2081 121
f 99 101 2082
f 2083 1581 1895
f 952 954 2084
f 1591 121 2085
f 2086 1320 1321
f 2087 2088 2089
f 2058 2037 2090
f 2091 2092 2090
f 2093 2094 2095
f 2096 2097 2098
f 2099 2100 2101
f 1609 1597 2072
f 2102 2078 2103
f 2104 2105 2106
f 2053 2079 2107
f 2108 176 2109
f 2110 2111 2112
f 2113 2114 2115
f 2116 2117 2118
f 2119 2120 2121
f 2122 2123 2124
f 164 2125 165
f 2126 184 2127
f 1526 1953 1961
f 1667 178 177
f 2128 2129 2130
f 2131 2132 2133
f 2134 2116 2118
f 2135 2136 2137
f 2138 337 2139
f 2140 2141 1255
f 1628 1627 2142
f 2143 2144 2145
f 2092 2146 2090
f 2147 2148 1988
f 2149 2150 2151
f 2152 2153 2154
f 2155 1388 1356
f 2156 1451 2157
f 2158 1565 2159
f 186 2160 187
f 2105 2161 2162
f 2025 2163 2026
f 2164 2165 2166
f 2167 2111 162
f 2168 2136 2135
f 140 143 2169
f 2170 444 2171
f 2172 2142 2173
f 2174 2175 2176
f 2177 2095 2094
f 2178 2179 2180
f 2181 2182 2183
f 2184 2185 2186
f 2187 2188 2189
f 2190 150 2191
f 1980 2192 2193
f 128 1626 2194
f 1617 2195 2196
f 1864 2197 2198
f 1419 2199 1420
f 2160 186 2200
f 2201 2202 2203
f 2104 2106 2204
f 2205 2206 2207
f 2208 2104 2209
f 2210 2193 1668
f 2211 2212 178
f 2213 2214 445
f 2215 2216 2217
f 2218 2219 2220
f 191 1620 1622
f 2221 2200 2203
f 2222 2223 1615
f 2224 2225 2226
f 2227 2228 2229
f 2230 230 2231
f 197 2213 195
f 2232 1419 2233
f 2234 2235 2236
f 2184 320 1150
f 143 140 139
f 866 2237 2238
f 2239 2240 2241
f 2242 2243 204
f 578 1404 323
f 2189 2188 2244
f 1582 2245 2246
f 2247 2191 2248
f 2249 2250 2251
f 2252 2253 228
f 1693 234 543
f 2254 2255 2256
f 2257 2258 575
f 2259 2098 2097
f 2260 2261 2262
f 1320 2263 2264
f 2265 2266 2267
f 2268 2121 2269
f 1623 2270 2271
f 2272 2273 1359
f 2274 1100 1099
f 2275 2232 237
f 2089 2088 1243
f 228 2132 2131
f 246 245 202
f 2276 2277 2278
f 2279 2280 2281
f 189 191 2282
f 2283 2284 2285
f 2286 2287 2288
f 2289 2287 222
f 2290 2291 2292
f 2209 407 2293
f 2294 2094 2295
f 2296 2167 179
f 2297 2298 2299
f 2300 2301 2302
f 1254 2303 2140
f 2304 2305 2306
f 332 315 314
f 2307 19 21
f 2308 2206 2161
f 1715 2309 2310
f 2229 2311 2312
f 2297 2313 2314
f 2315 2316 2317
f 2318 2319 2320
f 2321 2322 2323
f 2324 2325 2326
f 2327 2328 2329
f 2330 2331 2332
f 2333 2334 2335
f 1659 2336 2337
f 233 2338 2339
f 2340 2341 2342
f 1433 2343 397
f 2344 2345 2346
f 2347 1311 2348
f 2349 2350 2351
f 2208 2105 2104
f 2352 223 2286
f 2353 1358 2354
f 294 2327 2355
f 2356 2253 2252
f 867 866 2238
f 2357 281 2358
f 2359 2238 2360
f 1673 1683 2361
f 2362 2293 406
f 2363 2364 2365
f 2134 210 2366
f 2367 2368 2369
f 995 1344 996
f 1310 2092 2091
f 1619 2370 2371
f 2372 2373 1605
f 2374 2375 2376
f 2377 2378 2237
f 2379 2380 2381
f 2382 2241 2383
f 2384 2385 2386
f 1144 2387 2388
f 2321 2329 2328
f 2389 2390 2391
f 2392 2393 1680
f 2394 2395 211
f 2108 2396 176
f 2397 2398 2399
f 2400 2401 1520
f 276 260 2348
f 2 2402 2403
f 2404 2405 2406
f 2407 2408 1414
f 2188 2187 2409
f 2410 2411 2412
f 2413 2414 2415
f 1402 1380 1382
f 2416 239 306
f 2417 275 2418
f 262 2348 260
f 999 1562 1985
f 2419 2420 2240
f 2420 2421 286
f 2422 2386 2423
f 224 2424 2425
f 2426 2427 2428
f 2429 295 1917
f 2430 2431 2432
f 2433 2434 2435
f 236 2275 237
f 2436 2437 2438
f 286 716 2420
f 768 1731 2439
f 1500 2440 2441
f 325 2442 2443
f 1901 2444 2445
f 2446 2447 2448
f 2449 2450 1688
f 1141 270 2451
f 2253 2452 2132
f 2453 1244 2454
f 2455 2456 2457
f 277 2418 275
f 1321 528 2458
f 404 1843 2459
f 2189 2203 2200
f 616 2460 2461
f 2462 2463 2464
f 2465 176 2396
f 188 2466 186
f 2467 240 2416
f 2468 2469 2470
f 2244 2188 934
f 851 297 2471
f 2436 2472 2473
f 2474 2475 2241
f 2476 1674 2477
f 2478 2479 558
f 298 297 851
f 2480 1340 1342
f 2481 2482 2483
f 1245 2484 2485
f 2486 2487 2488
f 2489 2490 2491
f 1682 2375 2374
f 2492 2493 2494
f 2495 2496 321
f 780 2497 627
f 405 2290 2292
f 2498 2351 2350
f 2499 2500 2501
f 302 2502 2503
f 2258 2504 575
f 2505 1318 2506
f 2507 2508 2509
f 2510 2511 364
f 2512 1716 421
f 2513 2514 2515
f 2516 1618 2517
f 2518 2519 2520
f 2521 192 194
f 2522 442 470
f 2523 305 307
f 2524 2525 2526
f 460 2527 1073
f 2528 313 312
f 338 2529 2530
f 1605 2531 311
f 2318 2532 2533
f 2534 2535 2536
f 2537 2473 2217
f 2538 2539 545
f 2540 1212 2541
f 193 2336 194
f 2542 385 406
f 2543 2219 2218
f 2544 1249 2545
f 2546 2547 2548
f 2549 2550 2551
f 2552 319 2553
f 2554 2555 2556
f 2557 2558 2481
f 2523 2559 305
f 2560 2561 812
f 2562 2316 2563
f 2564 313 2528
f 1707 2565 2566
f 2567 852 851
f 2568 413 2569
f 2570 2571 2186
f 2572 2573 2574
f 2575 2576 2577
f 2391 2578 2579
f 2490 2580 2459
f 2581 2333 2582
f 2583 2584 2585
f 2159 1565 1564
f 2201 2586 2587
f 2588 189 2282
f 2589 2088 2087
f 2590 2591 1249
f 2372 2400 2373
f 264 2592 544
f 2430 2432 1296
f 2593 2180 280
f 2594 2595 2596
f 507 2597 382
f 2598 2599 2569
f 2600 2389 2601
f 324 2442 325
f 2602 2049 2603
f 2604 579 2605
f 1686 2606 2518
f 2482 2481 2558
f 2313 2299 2607
f 2608 2303 2609
f 2561 2610 2611
f 2612 2613 2614
f 2615 2616 2617
f 2618 452 934
f 2227 2229 2199
f 1713 1715 2619
f 2462 2464 2620
f 2621 2622 2543
f 2593 2623 2624
f 2625 2626 2627
f 2627 2628 2629
f 470 441 2630
f 1764 2631 2632
f 2633 2634 2635
f 2636 637 2637
f 2446 2448 2638
f 2639 2640 2641
f 2642 2342 2643
f 2446 2644 2447
f 1685 2433 1131
f 2645 1711 1710
f 2646 2647 2648
f 2649 2650 2651
f 403 402 2648
f 2652 2653 2654
f 2655 2656 2269
f 2657 2486 2658
f 2659 2660 2661
f 605 2662 603
f 1376 2663 2664
f 2665 2666 1284
f 2667 2558 2581
f 2668 2669 2670
f 2671 2496 1909
f 2645 2299 2298
f 2672 2673 340
f 2674 2675 2676
f 2677 2678 674
f 2679 647 2680
f 2654 2653 2681
f 1741 1743 2682
f 2502 2683 272
f 2684 331 2685
f 2681 2686 1710
f 2687 2564 2688
f 2689 2690 2691
f 2692 2693 2694
f 569 2695 2696
f 1213 370 352
f 2697 2698 1908
f 2699 2700 1616
f 1930 2701 2702
f 2703 2704 418
f 2378 2182 2181
f 2705 2706 2707
f 2691 2708 2709
f 555 554 1890
f 2710 396 2527
f 1614 1616 2422
f 2711 2712 2713
f 2714 328 484
f 2715 326 2716
f 2717 1320 2264
f 508 507 2718
f 1202 2719 2720
f 2721 438 437
f 2722 2723 500
f 2724 2725 2726
f 2727 2728 2729
f 526 2693 2692
f 2730 2731 2732
f 2733 2734 2735
f 2627 2736 2737
f 380 207 209
f 453 2738 2698
f 2739 2740 2741
f 1566 2742 2743
f 2744 2745 2743
f 605 604 2746
f 517 2747 518
f 1367 1343 1322
f 2748 2749 2425
f 2750 2751 2752
f 2753 725 2754
f 2755 2756 2757
f 1552 1551 2758
f 613 615 1289
f 2759 2523 307
f 2760 2761 2762
f 2763 2764 2765
f 2766 1224 2767
f 322 2671 2698
f 2768 2260 2769
f 2770 2771 468
f 1044 1043 2772
f 2773 2774 516
f 627 2497 2775
f 484 2776 485
f 2777 2778 2779
f 519 521 395
f 2780 2781 2782
f 2783 1244 2453
f 2784 2785 2786
f 2787 2788 2414
f 2789 2790 2791
f 2792 2793 2794
f 2795 1434 1433
f 2796 611 610
f 2739 2797 2740
f 2798 2799 1827
f 2800 800 799
f 2801 2047 2602
f 2802 2803 2804
f 2805 2806 552
f 2807 2808 2809
f 644 646 737
f 2810 2811 2550
f 2812 2813 2734
f 2814 2794 2815
f 2816 471 473
f 296 2817 238
f 1223 1225 2818
f 2819 1509 2820
f 2821 2822 2678
f 2823 2824 482
f 2825 2826 2827
f 2828 2829 2830
f 2351 2831 2349
f 2832 433 1742
f 2833 2646 2544
f 2517 762 2516
f 2545 2833 2544
f 593 2834 2835
f 2708 2836 2688
f 2814 2815 2837
f 2838 2839 2840
f 1916 2841 1729
f 329 331 2684
f 2842 1820 1819
f 2843 2844 2845
f 2764 2846 2765
f 2847 2848 2597
f 2442 2849 2850
f 1955 2851 2852
f 2853 288 2854
f 2745 2744 726
f 2855 2856 1336
f 2857 2576 2575
f 733 1837 2858
f 779 1255 2497
f 1743 2859 561
f 2522 2860 2861
f 2414 2772 2862
f 2674 2676 2863
f 2864 2865 2866
f 2867 2868 2869
f 1925 2870 2871
f 2774 517 516
f 2872 2446 2873
f 2874 601 2875
f 2876 485 2776
f 2620 2877 2462
f 2878 2879 2880
f 2881 2811 2810
f 1355 2882 432
f 685 2883 2884
f 2796 2885 705
f 2626 2178 2624
f 2886 2887 2888
f 2686 2790 458
f 2889 2745 2753
f 2890 2699 2891
f 2892 2893 2894
f 2895 1929 1931
f 2896 2897 2898
f 2899 2900 2901
f 2902 813 2455
f 2903 841 843
f 560 2904 1612
f 2905 2906 615
f 462 499 2907
f 2908 2909 2910
f 2911 2912 2913
f 2914 1214 2915
f 2916 2917 2848
f 2918 2919 2697
f 690 2920 676
f 2921 2922 2923
f 1499 1498 2901
f 2792 2924 2925
f 2926 2927 641
f 1725 2811 2881
f 498 2928 2929
f 2930 684 1891
f 616 2931 2460
f 2932 2933 2934
f 993 449 2935
f 2936 2937 2938
f 531 2939 2936
f 2940 2941 2942
f 1094 2943 2944
f 1192 2945 1190
f 2302 2946 523
f 2947 2948 2949
f 393 2950 2951
f 2735 2734 2813
f 396 2710 2952
f 614 2953 2954
f 2308 2955 2956
f 1693 2957 232
f 2958 2959 2960
f 2961 2962 2963
f 2964 689 510
f 2965 2966 2826
f 704 2967 2796
f 1818 2968 2969
f 2970 2971 1256
f 2972 2973 2974
f 562 2904 560
f 2975 2976 2649
f 2977 2978 2979
f 2980 556 555
f 1271 2981 1272
f 1535 1539 1536
f 409 44 2538
f 2982 2983 2984
f 2985 2722 2986
f 1148 2987 1149
f 2697 2919 2988
f 2762 2989 2760
f 492 2990 493
f 717 999 715
f 2991 2447 2992
f 2993 2994 2995
f 1700 2755 2996
f 2997 2998 2999
f 3000 3001 3002
f 3003 3004 2413
f 3005 3006 1773
f 1538 3007 3008
f 3009 2851 1955
f 3010 3011 3012
f 3013 3014 3015
f 479 3016 477
f 1761 3017 3018
f 3019 3020 3021
f 3022 680 3023
f 318 3024 2553
f 1744 3025 3026
f 3027 3028 3029
f 1294 1293 1178
f 781 783 3030
f 3031 3032 2415
f 511 510 690
f 3033 3034 2920
f 3035 3036 3037
f 692 3038 574
f 3039 3040 480
f 3041 1476 3042
f 3043 3044 818
f 2861 3045 3046
f 2941 3047 3048
f 2539 2538 783
f 3049 3050 3051
f 3052 3053 3054
f 3055 799 798
f 3056 3057 2440
f 3058 1199 3059
f 3060 3061 3062
f 3063 2777 2551
f 3064 3065 3066
f 3067 3029 3068
f 3029 3067 3027
f 3069 2426 3070
f 3071 2979 2978
f 3072 803 805
f 2909 215 2301
f 3073 3074 3075
f 616 3076 2931
f 3077 3078 3079
f 352 2915 1213
f 533 3080 531
f 2919 3081 2988
f 3082 3035 3083
f 2798 3084 2739
f 707 724 3085
f 3086 3087 3088
f 2644 3089 1757
f 2802 3090 2803
f 3091 3092 2898
f 2993 601 600
f 3093 819 3094
f 3067 655 3027
f 3095 3096 3097
f 3098 3099 3100
f 2847 3101 2916
f 3102 2994 3103
f 2941 2940 3104
f 583 3105 3106
f 3107 3108 3109
f 2779 3110 2777
f 639 534 536
f 658 660 3111
f 3112 3113 2636
f 3114 675 3115
f 3116 3117 923
f 3034 3033 3118
f 1769 622 3119
f 3120 3121 3122
f 2990 3123 3124
f 3125 3126 3127
f 1845 3128 3129
f 2674 3130 3131
f 3132 1711 2298
f 3078 3077 3133
f 3133 451 3078
f 3134 3135 3136
f 2628 2627 2626
f 3137 1410 1556
f 3138 3139 3140
f 516 3019 3141
f 3142 3143 3144
f 3145 3146 3147
f 3148 3149 3150
f 3148 610 609
f 3151 3152 2812
f 3153 3154 3155
f 3156 3157 3158
f 3159 3160 3161
f 2760 667 3162
f 3037 1763 3163
f 692 3164 3165
f 1845 864 863
f 3166 3167 3168
f 3169 3170 3171
f 3172 2786 3173
f 2441 2440 3174
f 3175 3176 3177
f 3178 667 2760
f 711 1036 3179
f 3180 3181 710
f 2874 3182 589
f 1177 3183 3184
f 2819 3143 1507
f 673 675 3114
f 3185 3186 3187
f 3188 2707 2706
f 487 1957 488
f 3189 3190 3191
f 831 3192 3193
f 3140 3139 3194
f 691 574 671
f 3174 3057 3195
f 3196 3197 3198
f 3107 3109 3199
f 3200 3201 1746
f 3202 3203 3204
f 3205 3206 3207
f 752 751 3208
f 3209 3210 3211
f 3212 3213 3214
f 1683 3215 1684
f 3216 3217 3218
f 3109 1845 1844
f 3219 3220 3221
f 3119 624 3222
f 3223 3146 3145
f 1557 1276 1558
f 1406 3224 1362
f 3225 2087 430
f 3181 1035 710
f 3226 3227 3228
f 3229 3230 3060
f 3231 728 3232
f 3233 3234 2977
f 850 3235 3236
f 3232 3237 3238
f 393 1734 2950
f 3239 3066 3240
f 821 3241 1425
f 3242 3243 3244
f 3245 2432 2499
f 1770 750 752
f 3246 3247 3248
f 3249 3250 3251
f 3252 3253 3209
f 3254 3255 3256
f 2716 2773 3257
f 3258 3259 3260
f 3013 3261 3262
f 413 3263 3264
f 1914 1916 3265
f 683 3266 3267
f 3268 822 821
f 3269 3270 3271
f 3272 3273 241
f 917 3201 918
f 3274 1789 3275
f 3276 3277 3278
f 3183 3279 3280
f 3281 3282 3283
f 3284 1339 3285
f 3286 2662 3287
f 659 3288 1418
f 3289 3290 1820
f 3291 700 1816
f 853 852 2533
f 3292 3293 3294
f 1294 3295 3296
f 1092 3297 3298
f 3299 3300 3301
f 558 3302 559
f 751 3303 3304
f 3305 3306 3307
f 3308 3309 3310
f 1281 3311 3312
f 3313 1915 2816
f 3314 3315 3316
f 3317 3318 3319
f 3320 1870 3061
f 3321 3322 3323
f 3324 3325 3326
f 3327 3297 1092
f 891 890 596
f 3328 2583 3329
f 858 3330 856
f 3331 2345 3332
f 3333 3334 3335
f 589 3336 590
f 3337 3338 3339
f 3340 3341 838
f 961 3342 1751
f 3273 870 3343
f 1448 3344 3345
f 1091 890 892
f 1517 3206 3205
f 3346 3347 3348
f 3131 777 776
f 838 3341 3349
f 3350 3351 3352
f 3353 823 804
f 3354 3355 951
f 3356 3357 3355
f 3358 3359 3303
f 3360 3361 3362
f 1532 1299 1477
f 3363 3364 3226
f 1300 860 1298
f 3365 3366 3367
f 3368 3369 3231
f 981 3370 982
f 3371 3044 3235
f 1215 887 1784
f 3372 1742 3373
f 856 3330 846
f 3374 3375 3376
f 3377 2780 3378
f 3379 3380 3316
f 3381 3382 3383
f 1845 3109 3128
f 3384 3385 3386
f 3387 3388 3389
f 3390 3370 1803
f 3391 3392 422
f 1417 941 3323
f 1789 3393 3394
f 3395 1737 3396
f 3254 953 3397
f 807 3398 3399
f 3400 3401 3402
f 3403 871 3404
f 873 3405 3406
f 3209 3407 3210
f 1852 3408 3409
f 3230 3410 3411
f 3412 1550 3413
f 3414 3415 3416
f 3231 3238 3368
f 1470 3417 3418
f 242 241 3273
f 3419 3420 3421
f 936 3422 2084
f 3423 879 878
f 3424 3425 1519
f 1216 3307 3426
f 3427 1281 3428
f 3429 3430 1090
f 1349 1300 1531
f 1034 1033 3431
f 484 328 2512
f 326 3432 2716
f 3433 3434 1139
f 825 3435 1160
f 986 3436 3437
f 3438 3439 3440
f 3441 3442 3443
f 3007 3099 3098
f 3185 1446 3186
f 3444 1086 3308
f 884 3445 885
f 1607 3446 259
f 3447 3310 3448
f 1011 3449 3450
f 2742 1045 2743
f 3451 869 868
f 941 940 3321
f 2918 2697 1908
f 3452 3099 3453
f 944 3454 217
f 1787 1052 3455
f 1784 3456 1215
f 3452 3457 3458
f 3459 3364 3460
f 3461 3462 3463
f 1779 1015 1014
f 3109 3108 3128
f 1545 1751 2883
f 866 3464 3465
f 3466 3467 3468
f 3469 3470 2998
f 423 208 284
f 790 632 3471
f 3472 3473 3474
f 3475 3476 3477
f 1266 3478 3479
f 1041 738 3480
f 846 3481 844
f 3482 3483 3484
f 3485 1794 3486
f 893 3487 3366
f 3434 3488 3489
f 3490 3491 3492
f 1446 3493 3186
f 1010 1070 1106
f 3358 967 3359
f 946 3494 1494
f 350 3495 3496
f 3497 3498 929
f 3499 3500 3501
f 979 978 1124
f 733 3502 3503
f 760 2364 3504
f 3505 3506 3507
f 3508 3509 1004
f 3510 939 3511
f 1028 1054 3512
f 872 3361 3405
f 3513 3514 3515
f 3272 3516 1102
f 3439 3438 3294
f 3517 3468 3518
f 3519 3520 3521
f 3100 3452 3522
f 3523 1027 3524
f 1055 3525 830
f 3287 3526 3286
f 3527 885 3528
f 3529 3530 3531
f 3532 3533 3534
f 3535 1258 3536
f 3537 951 3355
f 856 846 3538
f 864 3463 3539
f 720 3540 3541
f 929 928 3213
f 1214 2914 3542
f 213 2839 2838
f 2910 2909 3543
f 3544 3545 3350
f 3546 3547 3548
f 3549 1782 3550
f 977 3551 3552
f 230 3553 2231
f 3554 3555 3556
f 3557 3516 3272
f 3558 3559 3560
f 3468 3467 3561
f 3562 3563 3564
f 3565 2731 2730
f 3244 3243 3566
f 3567 3568 3569
f 3570 1190 2945
f 3459 3460 3571
f 850 3572 1158
f 1159 3573 3574
f 3575 3576 3577
f 167 3578 3579
f 771 3580 772
f 3581 1853 3582
f 3583 3584 3585
f 3378 3586 1117
f 3352 3351 1237
f 1483 3587 1481
f 1587 3588 3589
f 3590 1006 3591
f 3592 3593 3594
f 3595 3596 3597
f 3598 3599 3594
f 1260 3600 3601
f 3602 3603 3604
f 3605 3606 1230
f 1345 3256 734
f 3607 326 2715
f 1046 3608 3393
f 3609 2685 1001
f 3610 1136 3297
f 600 3611 2993
f 3566 3243 3517
f 1793 3612 3613
f 3614 3615 3616
f 3598 3617 3618
f 3619 975 974
f 3180 3556 3620
f 3621 3622 3573
f 2892 2336 3623
f 3624 1009 3625
f 3626 3627 218
f 2882 1355 2926
f 755 3628 3629
f 873 3630 871
f 3631 3632 3406
f 787 789 3633
f 3634 3635 3636
f 3637 988 3638
f 3639 3640 3641
f 1110 1817 3642
f 3401 3373 3402
f 3176 3643 3177
f 3400 3402 3644
f 3645 3646 3647
f 3613 3648 1793
f 3649 913 3650
f 3331 1089 2345
f 3598 3531 3617
f 3563 3491 3651
f 3652 3653 1195
f 3654 1795 3655
f 3656 909 3657
f 1807 1809 3280
f 3658 3659 3093
f 1123 1139 3434
f 3555 3554 1247
f 1005 1029 1006
f 3660 3661 3662
f 1113 3663 884
f 3664 3665 881
f 3666 3667 3668
f 3348 3409 3408
f 1095 1094 1810
f 958 3669 3416
f 741 744 3670
f 3671 3672 2821
f 3561 3673 3674
f 1051 3455 1052
f 3675 3676 1310
f 3677 3678 3679
f 3680 1189 3681
f 3682 3073 3683
f 3684 3685 3686
f 3687 1432 2863
f 3573 3688 3621
f 3636 3689 3690
f 3497 3691 3498
f 3692 3693 3484
f 747 3501 3694
f 3695 3179 3546
f 3696 3697 3698
f 3292 3699 3293
f 826 828 3700
f 274 543 1635
f 3701 3702 794
f 3703 3521 3704
f 3378 1117 979
f 3705 3706 3707
f 3708 3709 3639
f 3710 3711 1125
f 3469 2998 663
f 3712 3670 3677
f 3713 3714 3715
f 641 561 2926
f 3716 169 3509
f 3678 3717 3694
f 2364 760 74
f 3664 881 945
f 461 3718 499
f 907 909 3656
f 3719 3618 3617
f 3536 3601 3720
f 3404 3721 1261
f 3722 3723 3724
f 3725 3726 1033
f 2690 1169 704
f 2831 3727 3728
f 3677 3670 3729
f 3438 3730 3731
f 3731 3292 3438
f 3732 3559 3733
f 1027 1026 1112
f 994 996 3734
f 1215 3456 3612
f 3483 3735 955
f 3736 908 3735
f 2730 3737 3738
f 3739 3740 493
f 3741 3742 3743
f 3744 3745 3746
f 2313 3747 2392
f 1098 3748 3749
f 3351 3556 3555
f 2939 3750 3751
f 3752 3753 1088
f 3754 3755 3084
f 905 1776 3756
f 1186 1060 3749
f 2761 2760 3162
f 3701 794 3757
f 3758 3759 3740
f 1741 3373 1742
f 3760 3761 3762
f 3763 3764 3665
f 1911 3765 1912
f 2690 704 3766
f 787 3767 788
f 1840 3768 3769
f 3372 3770 2832
f 3771 2511 2510
f 3738 3565 2730
f 3772 3245 1193
f 3632 3773 3774
f 2944 1175 3775
f 1804 3776 1805
f 931 3683 932
f 2266 1019 2267
f 3180 710 3777
f 3670 746 3729
f 2047 3778 3779
f 3467 3466 3780
f 3781 3782 3783
f 2637 637 2540
f 3784 937 1264
f 3785 72 74
f 3786 1077 1151
f 481 3787 482
f 3788 768 767
f 3789 3790 3791
f 3792 3793 3794
f 1144 3795 1145
f 3636 3690 3634
f 849 3318 3317
f 1817 3796 1818
f 3797 3798 1778
f 1792 1791 3782
f 3459 3799 3693
f 3800 3801 2736
f 1079 3802 3696
f 3803 3537 3804
f 3805 720 3541
f 3806 3807 3808
f 1348 3809 3279
f 2984 2595 2982
f 3376 3375 3810
f 3811 670 3547
f 3812 3813 3814
f 3329 2583 1273
f 3815 3505 3507
f 2449 3816 3817
f 3818 3819 1063
f 3510 3820 1157
f 3694 3821 3822
f 3607 3823 2049
f 3726 3824 1095
f 2780 2782 3825
f 1097 3826 1096
f 3814 492 3827
f 3548 741 3712
f 3546 3828 3547
f 3376 3810 3812
f 3829 3830 3831
f 3832 3833 3834
f 953 3254 3835
f 3836 3837 3838
f 3839 1260 681
f 2180 3840 3841
f 2721 3842 3843
f 3844 3845 3846
f 371 3847 3848
f 3123 2990 1268
f 3514 1116 3849
f 3850 169 3716
f 1165 3851 3578
f 3852 3853 997
f 1090 3430 3752
f 650 652 3854
f 3855 3856 3857
f 3696 784 1079
f 3858 1106 3859
f 3860 3720 3600
f 3619 3861 3806
f 905 3756 3862
f 3863 3080 533
f 932 3075 933
f 964 953 3835
f 3740 494 493
f 3627 587 3864
f 1851 3865 1850
f 3866 3867 3760
f 3868 3869 3870
f 3686 3544 3871
f 3660 2897 2896
f 3872 3873 3874
f 3024 3875 2553
f 1194 1193 2501
f 3064 3239 3876
f 3877 1261 3721
f 1261 3877 950
f 3878 3879 3880
f 3784 1264 3881
f 743 3882 3883
f 623 1830 624
f 1205 2913 3884
f 3885 3886 3887
f 3888 3889 3890
f 3891 3892 3893
f 3894 899 3895
f 3896 3897 3065
f 3374 3898 3878
f 3899 2974 2830
f 1149 1211 814
f 3179 3900 3828
f 1800 3901 1825
f 3902 1395 3903
f 3904 3905 1201
f 3906 3907 3908
f 3909 2968 3910
f 3911 3912 3913
f 3914 3915 3916
f 1778 1777 3797
f 1350 860 1300
f 3484 3799 3482
f 3917 2668 3918
f 3919 3920 786
f 3921 3724 3922
f 3923 3924 3925
f 3926 3927 3928
f 1071 3929 1199
f 3930 3931 3443
f 3584 3073 3682
f 1149 814 3932
f 3933 791 790
f 1108 3934 1833
f 3935 3936 2830
f 3936 3935 3937
f 1276 1557 3938
f 826 3939 827
f 1162 3940 1163
f 1205 1204 3941
f 2923 3942 3943
f 1815 3324 3944
f 3945 3946 3947
f 3837 1078 3948
f 3790 912 3791
f 660 1171 3111
f 3949 3536 3720
f 2740 2797 3950
f 679 3950 3951
f 3952 3922 3861
f 3953 3653 3652
f 3515 3954 3955
f 3956 3957 3184
f 3958 3959 469
f 2781 3960 2782
f 1594 3961 3962
f 876 875 936
f 3893 3892 553
f 3963 3892 3891
f 3964 1290 3965
f 3966 3967 3829
f 3917 1257 3968
f 3002 3969 3970
f 3971 3972 3973
f 3974 1114 3975
f 3674 3673 3832
f 3065 3897 3066
f 3183 1177 1348
f 329 2684 813
f 3976 2611 3977
f 2100 3978 2101
f 1036 3124 3979
f 3123 3980 2712
f 398 397 2470
f 626 2974 2973
f 3981 3982 3983
f 747 749 3499
f 3984 3985 3963
f 1323 1343 3986
f 2305 2151 2306
f 2281 2552 2553
f 3752 3430 3719
f 3405 3987 3406
f 3988 3989 3990
f 1268 2990 1269
f 1829 3991 1277
f 3992 3993 3167
f 1840 1839 3768
f 3994 1340 3995
f 1208 1207 3996
f 1316 2731 3997
f 2434 2705 2631
f 1268 3980 3123
f 1830 3998 1829
f 2641 3999 4000
f 4001 4002 4003
f 3989 4004 4005
f 2546 4006 4007
f 1196 1198 2943
f 1303 1832 435
f 3737 4008 4009
f 4010 4011 4012
f 4013 2833 2545
f 4014 4015 1133
f 3978 4016 4017
f 2264 2263 4018
f 2584 2494 2493
f 4019 2141 2140
f 2712 4020 4021
f 3967 3830 3829
f 4022 4023 1370
f 4024 4025 4026
f 4027 4028 4029
f 4030 3570 4031
f 3565 3657 909
f 3380 3379 4032
f 4033 4034 2937
f 4035 2757 4036
f 4037 4038 4039
f 2120 1379 1378
f 1349 4040 4041
f 1548 3770 300
f 4042 426 591
f 4043 4044 4010
f 2850 4045 4046
f 3680 1860 1371
f 4047 909 1828
f 1195 1194 1197
f 4048 1384 436
f 1356 1358 2155
f 1250 2590 1249
f 159 4049 4050
f 4051 2573 4052
f 4053 4054 582
f 4003 4055 4056
f 552 2806 4057
f 2668 2670 3918
f 4058 4059 4060
f 2660 2659 4061
f 682 1259 317
f 1296 3245 3807
f 1124 4062 1161
f 4063 4064 4065
f 4066 1203 2720
f 2140 2489 4019
f 3691 4067 3316
f 1338 3363 3165
f 4068 4069 4070
f 4054 4071 4072
f 3836 4073 4074
f 4075 1374 4076
f 4077 2656 2655
f 496 647 2679
f 4078 3325 990
f 2176 2175 2855
f 2657 2556 4079
f 4080 2143 4081
f 1194 4082 3846
f 4083 3684 4084
f 4085 2499 2432
f 4086 3418 3417
f 4087 3896 3606
f 4088 4089 4090
f 1460 3362 3250
f 2886 4091 4092
f 4087 4093 4048
f 2463 2886 4092
f 4094 4019 2491
f 4095 252 4096
f 4097 4098 4099
f 4100 3916 4101
f 4023 1285 1370
f 4102 4103 4104
f 2555 3258 4105
f 1192 1191 357
f 235 4080 236
f 1702 4106 4107
f 448 2545 2591
f 2719 4108 4109
f 489 4110 4111
f 231 160 4112
f 4099 4113 4114
f 2407 4115 4116
f 4117 2709 2528
f 4118 1880 4119
f 1379 2120 2119
f 400 399 4120
f 4121 4112 160
f 1715 4122 3203
f 4123 4124 2367
f 2885 4125 705
f 4052 2514 4126
f 1324 4127 1322
f 4128 4129 876
f 4130 4131 4107
f 4132 2707 3188
f 2585 4133 1271
f 4134 2494 4135
f 4112 4121 4136
f 4137 805 4138
f 4139 3986 2669
f 4060 4076 1862
f 1316 1315 2732
f 4140 2445 2444
f 2886 2463 4141
f 910 4142 2069
f 4143 2494 4134
f 4144 937 3784
f 4145 4097 4146
f 4147 1370 390
f 484 2512 2776
f 4148 2855 1335
f 4149 4150 1382
f 4151 201 203
f 281 310 1435
f 4152 2220 4153
f 4154 2222 1615
f 692 3040 4155
f 3453 3007 4156
f 802 652 651
f 1676 1678 175
f 4157 4158 4159
f 4077 2655 4160
f 2573 1485 4161
f 2514 4127 4162
f 2174 2176 1440
f 183 2066 4163
f 2501 4164 4082
f 1 3 1449
f 3333 4165 4166
f 1676 174 4167
f 1281 3312 3428
f 2890 2891 2508
f 3926 4168 2984
f 1938 4169 2039
f 4170 1463 1465
f 1381 1380 4075
f 324 2285 4171
f 124 4172 4009
f 3944 1816 1815
f 4173 4174 2273
f 2225 2224 4018
f 4175 2492 4176
f 4175 2226 2492
f 2250 1677 4177
f 4178 1327 1364
f 4179 2251 4180
f 4181 2368 4182
f 1368 1393 1367
f 2034 91 2126
f 184 183 4163
f 3990 946 4183
f 282 1435 125
f 2197 4184 4185
f 721 3224 722
f 1409 434 1384
f 4186 4187 3186
f 152 399 401
f 4188 4189 4190
f 2341 4050 4191
f 4192 4193 1325
f 4194 2467 2416
f 2070 91 2033
f 4195 4196 4197
f 4198 4199 4200
f 237 2233 4201
f 2437 4202 2438
f 4203 4173 2273
f 4204 4205 4206
f 1495 1497 1366
f 4207 4208 4209
f 4210 4211 1477
f 1484 4212 4161
f 1399 4213 4214
f 1458 4215 4216
f 4217 4070 4218
f 391 1313 4219
f 4220 4221 2666
f 4075 1380 4222
f 4223 2127 184
f 4224 4225 4226
f 4227 1480 4228
f 4229 1639 1641
f 4230 4231 4232
f 4233 2587 4234
f 1486 1428 1427
f 4213 4235 4236
f 4237 4238 2454
f 4239 4240 4241
f 4222 4242 4220
f 185 4243 4244
f 202 2066 183
f 4171 4245 2849
f 200 4163 2066
f 4246 4247 4248
f 4228 1480 4229
f 1420 2025 1421
f 4249 176 175
f 1396 535 4250
f 3545 3351 3350
f 4251 3981 4252
f 4253 4254 1496
f 3126 1781 3127
f 1389 4071 4255
f 4256 1484 1486
f 1845 3129 864
f 1443 1392 1394
f 4257 1442 1444
f 1532 1531 1299
f 1402 4258 1380
f 4259 4260 4261
f 1995 4262 4263
f 4264 4265 151
f 443 4266 2096
f 1401 4267 2074
f 3077 2786 4268
f 1641 4269 4229
f 4270 4271 4272
f 37 1455 1540
f 4273 4274 4275
f 4276 4277 4278
f 4279 2041 4280
f 4281 2042 4282
f 4050 160 159
f 4253 4283 4254
f 3194 4284 3140
f 4285 4286 4287
f 4288 2298 2297
f 2075 4258 1401
f 4289 2174 4290
f 4291 4261 4292
f 1877 1879 1878
f 2062 2061 4293
f 2464 1361 2620
f 2061 4294 4293
f 2268 2043 4295
f 1245 2485 4296
f 4297 54 38
f 1400 1399 4298
f 4299 1427 1426
f 1390 4218 4300
f 4301 3408 4302
f 4216 4303 149
f 4304 1459 4265
f 1506 1505 4305
f 4306 4307 1480
f 4230 4232 4308
f 2602 2218 2801
f 4309 4310 4311
f 4312 2156 4313
f 890 4314 596
f 4315 4282 4316
f 4317 1541 1501
f 4318 4319 4320
f 1554 4321 1555
f 4322 3353 803
f 4298 1399 4214
f 4323 3072 805
f 1442 107 1490
f 1490 4324 1392
f 4325 3145 1733
f 4247 4246 4326
f 801 4327 1471
f 4328 1530 1877
f 4329 4330 4331
f 3314 4332 3315
f 2302 523 4333
f 4334 170 4335
f 4336 1371 1373
f 2040 4337 1444
f 1390 4236 1391
f 4338 4339 4340
f 4184 4341 4342
f 4322 698 214
f 285 208 2478
f 1875 4343 4344
f 538 537 3188
f 4345 4346 4347
f 4348 4313 2156
f 3041 1532 1476
f 797 796 3194
f 4349 1486 1427
f 4350 1516 1515
f 3446 4351 259
f 4352 59 1472
f 4353 1451 1453
f 1451 4312 1452
f 1882 4354 4355
f 4356 4357 3417
f 4321 1554 4254
f 2042 4358 4190
f 70 4359 1523
f 4360 4361 4362
f 4363 4364 4365
f 79 4363 4366
f 4367 113 4368
f 721 1362 3224
f 4369 4370 4371
f 4372 4373 4374
f 3474 4375 3472
f 342 341 2384
f 4376 4377 4378
f 4379 791 4380
f 451 450 4381
f 1634 1141 1632
f 53 4382 38
f 2258 2257 3088
f 4086 3854 652
f 4383 4384 4385
f 4386 4328 1877
f 1451 4353 2157
f 1612 2904 1613
f 2454 3977 2611
f 4387 798 3285
f 5 4388 4389
f 1455 39 1456
f 4390 4391 4392
f 2659 4393 4394
f 4395 4396 4397
f 3595 4398 920
f 4399 1528 4400
f 537 4401 4402
f 1886 4403 4404
f 4405 4406 1534
f 4407 4408 4409
f 1873 4292 4345
f 4410 4376 4411
f 3412 1551 1550
f 1880 4118 4412
f 1430 4384 1431
f 4410 4346 4413
f 3205 3207 4414
f 4378 1514 4376
f 2405 4415 2406
f 4184 4342 4416
f 606 4357 607
f 4417 1884 1883
f 713 3874 714
f 4403 1888 4418
f 4411 4419 4420
f 690 3033 2920
f 4421 3577 1519
f 6 5 4422
f 3185 2916 3101
f 4423 4424 69
f 3076 782 4425
f 4426 4427 4428
f 4429 4330 4430
f 4086 652 3418
f 4431 523 2946
f 1888 4403 1886
f 4389 4388 4423
f 4432 3020 2381
f 4433 3447 4286
f 9 14 7
f 4434 4435 17
f 4436 4434 17
f 4437 4438 270
f 1950 31 4439
f 4440 4441 1651
f 4442 1652 1651
f 2698 2738 322
f 4443 4444 2064
f 3071 4445 4446
f 824 4447 825
f 3268 656 2630
f 132 147 2059
f 27 4448 4449
f 1921 57 1962
f 4450 2881 4451
f 1936 4452 1652
f 103 4453 1580
f 1987 4454 4455
f 4456 4457 509
f 13 8 4458
f 4032 3182 4459
f 4442 4460 4454
f 2239 316 315
f 2148 1986 1988
f 4461 1572 4462
f 2064 4444 2106
f 4463 161 4464
f 4465 4466 2613
f 4467 1976 1935
f 4468 4469 4470
f 82 81 4471
f 1904 1661 1660
f 580 4339 4472
f 4473 4474 2071
f 2006 2008 1575
f 4475 2452 4476
f 4477 4478 4479
f 4480 2139 337
f 219 221 4481
f 1498 3042 4482
f 4483 4484 4485
f 4486 4487 141
f 4488 2170 101
f 1461 795 4489
f 108 4490 147
f 2218 4491 2543
f 4492 3113 1463
f 2769 4493 2768
f 4494 2132 2452
f 2055 2054 2113
f 1989 1918 2122
f 4495 2091 2090
f 4401 2883 685
f 1592 1631 1630
f 4496 83 1578
f 4497 1626 129
f 3713 4498 1436
f 4499 2067 2236
f 1897 4500 4501
f 4493 1638 1620
f 798 4502 3055
f 163 4503 4504
f 4505 2277 4506
f 4507 1437 2525
f 4508 20 4509
f 177 2167 162
f 4497 129 1629
f 44 43 2538
f 230 2230 2252
f 4510 4511 2765
f 1667 4512 1577
f 2654 2681 1712
f 4513 2315 144
f 139 138 2142
f 2502 4514 2503
f 4515 4516 4517
f 1898 4518 4519
f 4505 3395 2277
f 4520 2271 1671
f 2452 4475 4494
f 2054 2138 2113
f 2170 2171 4521
f 4522 4523 135
f 1477 1476 1532
f 2243 4524 4525
f 2379 4526 2380
f 4527 4528 1904
f 2337 4529 4530
f 4531 4532 4533
f 4534 116 115
f 2111 2167 2112
f 1778 4535 1291
f 4347 4329 4275
f 32 31 4448
f 4536 4537 4538
f 33 4539 4439
f 1972 4540 1970
f 4541 4449 4448
f 4542 4543 4544
f 4545 2017 4455
f 27 26 4546
f 4547 4548 4262
f 4549 4548 2039
f 2326 2325 1980
f 1654 68 4550
f 11 1990 2124
f 2019 2009 1974
f 4453 103 4551
f 4552 4443 1893
f 57 1968 1951
f 42 46 40
f 4458 4463 4464
f 4543 4542 1947
f 337 1723 4480
f 2045 84 4553
f 98 97 1608
f 1583 4554 1582
f 1661 194 1659
f 2152 4555 4556
f 1622 1621 4557
f 324 323 2285
f 1637 1621 1620
f 4515 118 4558
f 2442 4171 2849
f 1965 1621 4559
f 170 172 4560
f 4271 4344 4272
f 4230 1881 4231
f 2078 4561 2103
f 4562 173 136
f 2307 21 1903
f 4290 2174 4563
f 4564 4565 4131
f 4566 1678 1677
f 4566 4567 1678
f 4568 4569 4570
f 4503 2110 4571
f 4572 2123 4573
f 4018 2263 4574
f 1242 4575 4574
f 4550 4576 2055
f 1624 253 1625
f 4577 2204 4578
f 4579 4580 4581
f 4582 4583 2196
f 4584 4570 4569
f 4585 4481 155
f 4570 4586 4568
f 3087 4587 3088
f 4588 4589 4590
f 2768 4591 2260
f 4592 4593 4594
f 4595 2298 4288
f 4590 4596 4597
f 1311 2347 1312
f 4598 289 2825
f 4599 265 4600
f 4601 4112 4136
f 2321 4602 4603
f 2537 4604 2473
f 2442 324 4171
f 4605 4586 4570
f 1714 4606 4607
f 4608 4609 4610
f 346 359 344
f 4611 3049 3051
f 4595 4612 180
f 1827 4613 4047
f 416 227 2956
f 4121 4050 2341
f 2587 2202 2201
f 1772 4035 4036
f 355 3046 4614
f 1680 1679 2314
f 1381 4076 4059
f 2327 2329 2355
f 1930 1929 2701
f 4615 4605 1680
f 2609 4616 4617
f 4618 2873 2638
f 2520 2581 4619
f 1687 4620 4621
f 2690 3766 2691
f 4622 525 4623
f 1692 1691 1703
f 4624 1759 3199
f 2996 2578 1701
f 2551 2777 2549
f 2778 2777 3063
f 4096 2495 321
f 4625 649 648
f 3063 4626 2778
f 3063 2551 4621
f 1686 2518 4620
f 2851 408 2852
f 321 2496 2671
f 3787 4627 4628
f 4620 1687 1686
f 4629 344 4630
f 4631 1424 3276
f 3432 2774 2716
f 2600 4632 4618
f 3130 4633 3131
f 4634 2770 1210
f 1780 4635 3025
f 4636 4637 4638
f 3432 328 2714
f 4510 4639 4511
f 4640 4641 4642
f 4643 2860 470
f 2735 2813 556
f 1956 1955 2852
f 2689 1170 2690
f 2814 1821 1727
f 1916 1915 2841
f 2778 418 2779
f 4644 2885 610
f 3171 2946 2302
f 581 4472 4511
f 617 4645 4646
f 2575 2577 4636
f 4647 4648 459
f 4649 4650 1068
f 4651 2679 4652
f 387 386 4653
f 4654 4655 2910
f 2692 4656 566
f 4425 4657 2931
f 344 4629 345
f 3164 692 4155
f 3942 4658 4659
f 4660 4638 1956
f 4661 4662 1411
f 3157 4414 689
f 2830 2829 3935
f 4663 4415 3160
f 4664 1749 1745
f 2803 3090 1760
f 2870 1924 4665
f 2644 1757 2992
f 258 4152 4666
f 4667 3143 3079
f 2870 3082 2871
f 4668 1783 4669
f 4670 4671 4672
f 767 465 4673
f 4674 4675 4676
f 3170 1397 4677
f 611 2796 2967
f 4678 3895 4679
f 1694 304 4680
f 4657 4425 4681
f 4425 3153 4681
f 2625 2179 2626
f 4682 2925 4683
f 4658 4684 1166
f 4685 4686 2097
f 754 4526 755
f 1547 539 4450
f 567 4675 4674
f 2957 1634 1633
f 686 688 1542
f 4687 3782 4688
f 4689 4690 4691
f 4668 3218 3217
f 4692 4693 1719
f 4336 4694 1371
f 3338 4635 4695
f 1748 4696 1464
f 3028 3027 4277
f 3673 4697 4698
f 4513 144 1586
f 3662 1128 4699
f 3306 3398 807
f 4700 4701 1328
f 1679 1681 4584
f 1765 1762 4702
f 1860 1859 1371
f 4703 3128 3108
f 1780 1853 1015
f 752 4704 1770
f 961 4705 914
f 1924 4706 4707
f 4708 4211 4210
f 1214 3542 2541
f 2811 1724 4709
f 4710 3347 4711
f 3890 4712 3888
f 4278 4713 894
f 1265 1153 3478
f 3445 4714 3528
f 1216 3612 3305
f 885 3527 4715
f 3612 1792 3305
f 967 750 968
f 4716 4717 1786
f 4718 1803 3370
f 3346 4719 4720
f 4721 4722 1642
f 4015 1189 925
f 3612 3456 3613
f 4140 2290 4723
f 4724 4725 4726
f 1050 4727 3783
f 927 4728 1945
f 1643 1642 4729
f 905 3862 4730
f 2112 1906 4731
f 614 4732 4733
f 3835 1345 964
f 4721 925 4734
f 4735 4736 4737
f 2812 3152 1891
f 4738 1115 1114
f 4739 4737 4736
f 4740 4741 1003
f 4270 4272 1385
f 2334 4742 4743
f 3776 3956 4744
f 3974 3971 4745
f 2689 2529 1170
f 3804 1080 784
f 4733 2953 614
f 4710 4746 3409
f 4747 4748 4749
f 3920 3804 786
f 4750 4751 3202
f 3437 3708 3639
f 4691 4752 4753
f 4754 1065 4755
f 3305 3307 1216
f 1836 733 735
f 3980 4756 1253
f 2783 2484 1244
f 4757 4758 3708
f 3895 4678 3643
f 3882 630 3883
f 4759 1026 1218
f 4760 1145 3795
f 4761 4762 2430
f 4763 2548 2547
f 602 4764 2622
f 4765 3485 3367
f 3681 1189 4015
f 1287 1286 4766
f 3936 2911 4767
f 4768 4739 1228
f 4617 2752 4769
f 1208 3996 1069
f 2770 4770 2771
f 2605 4771 4772
f 3972 3971 3974
f 1840 4773 4745
f 1234 1233 4017
f 4774 1825 4251
f 2948 2947 4775
f 1284 1283 4776
f 4777 4778 4779
f 4020 2712 3980
f 3779 1716 2048
f 2664 2663 4780
f 3794 4781 384
f 2340 4782 4783
f 4002 3966 4784
f 1859 1372 1371
f 4785 4786 4787
f 4788 4093 4087
f 3846 4789 3844
f 4076 1381 4075
f 811 810 4790
f 4791 4792 279
f 4793 4794 1398
f 1847 1846 4795
f 2849 4796 4045
f 1086 3532 3308
f 1399 4235 4213
f 4797 4798 3155
f 3409 1853 1852
f 1326 1365 1327
f 4799 2063 4310
f 1453 4800 4274
f 4801 1452 4312
f 4802 4567 4803
f 4270 3278 4271
f 4804 4805 1496
f 4806 3874 4807
f 4808 1404 4289
f 3576 3575 1861
f 4386 1877 1878
f 4801 4312 4809
f 992 3700 450
f 4809 4206 4801
f 1994 4364 4547
f 1871 1449 3
f 4706 4810 4811
f 4287 3448 3309
f 4118 4119 4413
f 4812 4813 1636
f 4814 4815 4816
f 4817 4492 4818
f 4269 4819 4248
f 1880 4412 4820
f 4361 4360 4821
f 4254 1554 4804
f 4383 4822 1431
f 4823 4383 4306
f 4824 752 3208
f 1910 1754 2918
f 4825 4826 4403
f 4827 4828 4291
f 4278 893 4276
f 4184 4416 4185
f 4118 4260 4412
f 4341 4259 4261
f 4829 2157 4353
f 4429 4830 6
f 33 32 1650
f 4831 1575 82
f 2017 2147 1988
f 130 1569 1663
f 4832 2045 4833
f 4834 1573 4461
f 56 1892 1968
f 2148 4835 1899
f 1552 2758 4836
f 1744 758 757
f 3687 4837 4838
f 1638 4839 1637
f 4840 4841 4842
f 4555 3396 4556
f 2382 4506 2474
f 4843 4844 4845
f 2192 4481 4846
f 1981 2210 4847
f 2083 4848 2076
f 619 4841 4849
f 2395 2986 3718
f 1740 4850 3071
f 3668 2169 4519
f 4851 2304 4852
f 4853 2356 4854
f 1108 1833 1109
f 30 29 1951
f 4731 2110 2112
f 2002 2024 2064
f 1584 1586 2147
f 4601 4855 4112
f 3289 1820 4856
f 2664 4780 1227
f 4231 1881 1666
f 4417 4389 1884
f 4742 2557 2481
f 4561 2078 4857
f 4858 4554 4859
f 1794 3461 3486
f 1703 1691 4860
f 1697 2873 4632
f 1866 4254 4283
f 4861 4862 3937
f 4863 4864 2324
f 2024 2002 2022
f 3882 668 628
f 4422 4865 6
f 1648 4866 4867
f 4868 4869 4870
f 4334 2061 4799
f 4334 4799 4871
f 2459 1944 404
f 4872 2724 2652
f 4873 4651 4874
f 419 2778 4626
f 2447 4875 2448
f 1945 4728 1913
f 4538 4866 1648
f 35 1918 1989
f 4331 4876 4829
f 10 12 1946
f 22 4435 4539
f 4877 12 41
f 4878 1573 4879
f 27 4880 25
f 4369 4371 4881
f 4362 4361 1488
f 4321 4254 1866
f 4333 4882 2975
f 4538 4883 4536
f 65 4540 4866
f 1651 4460 4442
f 2006 4884 2007
f 2023 4885 4886
f 4318 4320 4887
f 4553 1977 4888
f 1540 4297 37
f 1963 1971 1970
f 64 4877 40
f 1933 4452 1934
f 4889 4890 2022
f 1952 4891 4290
f 1658 4892 4462
f 1645 4893 4359
f 1959 36 4544
f 2004 4889 2022
f 1554 1553 4894
f 4895 4255 4054
f 950 3877 3354
f 4896 4454 4453
f 1982 2326 1980
f 1998 2000 2044
f 2032 1608 2031
f 4531 4533 114
f 40 46 48
f 4897 1570 4898
f 77 2000 75
f 4899 85 4900
f 4885 4890 2021
f 4223 199 4901
f 4902 4534 4903
f 4904 4531 116
f 4483 4905 4906
f 4441 4440 4907
f 4908 131 1662
f 4215 4303 4216
f 4213 4909 4214
f 15 1973 4910
f 4911 4912 3590
f 4913 4914 879
f 4915 2035 2643
f 4573 1617 1619
f 3421 4916 145
f 2696 638 569
f 2248 1467 2249
f 166 4917 75
f 4462 4918 4919
f 61 47 4920
f 4662 4921 4479
f 2057 4922 2036
f 4923 818 3044
f 2172 4486 141
f 100 2168 2135
f 4488 101 2135
f 4241 2034 4239
f 4924 4316 4279
f 34 1918 35
f 2098 2152 4521
f 130 2059 4925
f 1986 1894 1580
f 4926 4927 4267
f 4215 4319 4928
f 2004 4929 4889
f 1427 4930 4349
f 2325 220 219
f 4931 4932 4933
f 12 11 1983
f 2068 99 4934
f 4103 4926 4267
f 4935 2030 2163
f 1895 1900 4936
f 4937 166 165
f 2356 2252 4938
f 465 4939 4673
f 4500 4940 4941
f 145 4916 4835
f 1881 4942 1882
f 2098 2259 2153
f 1942 4179 4180
f 4943 4944 1675
f 2247 2190 2191
f 3203 4751 2309
f 196 2136 4945
f 196 195 2136
f 141 4487 4946
f 1920 4947 2195
f 2153 4948 2154
f 103 1581 104
f 2192 1980 2325
f 293 179 2212
f 100 4499 2168
f 4208 365 1330
f 1416 4949 4950
f 4566 4933 4567
f 4951 4952 4944
f 4953 4954 4955
f 2291 4508 4956
f 4957 4958 4578
f 121 1591 122
f 4512 177 162
f 1931 4796 2895
f 2066 2065 1342
f 4959 90 92
f 3191 4960 3189
f 4835 1900 1899
f 4959 2295 1855
f 1413 4218 392
f 1307 4961 4962
f 1622 2282 191
f 4963 2307 1656
f 2210 1980 2193
f 401 1242 2086
f 2268 4280 2043
f 445 195 2213
f 4964 4572 4589
f 4965 2348 1311
f 1898 4519 142
f 4852 2304 2306
f 2162 2161 2205
f 4966 3912 3911
f 4967 4968 4969
f 1592 1630 4970
f 2056 4971 2054
f 2181 2237 2378
f 4972 2276 2154
f 2207 4973 189
f 4974 4975 4976
f 4977 415 4978
f 2165 4979 4980
f 4980 4024 4981
f 3978 4077 4016
f 4416 4819 4269
f 4982 4495 4983
f 4812 1636 233
f 4573 2123 2195
f 4523 4522 3666
f 4984 4985 4986
f 4987 4104 1403
f 1413 4988 4300
f 4215 1458 4319
f 2309 2305 2304
f 176 4249 2109
f 4989 2245 1582
f 2620 2350 2349
f 4990 4801 4206
f 4812 3464 4813
f 2817 4991 2231
f 1020 4992 3604
f 2339 2809 2808
f 265 4565 4600
f 4993 3023 4994
f 4995 4848 4996
f 86 2246 84
f 201 4997 246
f 4351 3446 4998
f 4999 5000 2128
f 2256 2235 5001
f 5002 2182 3666
f 5003 1001 1000
f 333 332 5004
f 2476 1416 1415
f 5005 2466 188
f 5006 5007 2465
f 1351 5008 1352
f 2645 2607 2299
f 2317 3420 3419
f 1737 3395 4505
f 2472 2217 2473
f 4751 2149 2305
f 5009 2407 4116
f 2093 5010 2094
f 2107 5011 4475
f 5012 2346 2345
f 1311 3676 4965
f 2789 566 568
f 2567 851 2471
f 191 4493 1620
f 5013 5014 2385
f 4633 777 3131
f 5015 5009 4116
f 4143 4176 2494
f 4666 1607 259
f 3276 4788 5016
f 2658 2556 2657
f 4091 2886 2888
f 2692 566 5017
f 5018 5019 5020
f 4194 2416 5021
f 2275 236 5018
f 2240 2239 2419
f 1232 5022 260
f 2748 2425 2424
f 2423 5023 205
f 157 361 360
f 2483 2482 2606
f 3743 5024 278
f 1325 4193 4072
f 253 1624 173
f 5025 5026 253
f 2241 2240 2383
f 1331 4133 5027
f 5028 4977 5029
f 5030 5031 5032
f 4025 4980 5033
f 4560 172 2498
f 1074 1103 1075
f 2759 5034 2523
f 2189 2200 2187
f 5035 5036 244
f 2759 2131 2133
f 5001 3977 4238
f 5037 3977 5001
f 3105 4192 5038
f 4616 2303 1254
f 5039 5040 5041
f 207 380 2594
f 2239 315 5042
f 1623 4233 4234
f 293 2327 294
f 2212 2211 2328
f 1424 4631 1811
f 5043 4614 3045
f 4064 4063 5044
f 3743 280 3841
f 1562 5003 1984
f 253 5026 1625
f 5026 2221 2202
f 4153 2220 2219
f 2669 2330 2670
f 3914 5045 1335
f 428 427 5046
f 4769 4999 2128
f 239 307 306
f 2416 240 239
f 4507 2634 1437
f 2915 1214 1213
f 3291 5047 1483
f 2260 2262 2769
f 5048 2890 5049
f 1698 4609 4608
f 5050 5051 5052
f 5053 2396 5054
f 5055 1695 2417
f 3609 1001 5003
f 4606 5056 376
f 2567 5057 852
f 5058 2853 2854
f 2896 5059 5060
f 356 358 290
f 4502 5061 3055
f 2589 2118 2088
f 397 2343 2470
f 5042 315 5062
f 466 5063 414
f 1357 4077 3978
f 4609 4632 2601
f 3809 1347 2353
f 2272 2464 4092
f 2500 2403 5064
f 2336 193 3623
f 305 2672 306
f 280 5065 2593
f 5066 2467 5067
f 2457 2902 2455
f 4860 545 2539
f 5068 5069 333
f 370 369 3495
f 5070 3247 4226
f 5058 2854 3122
f 5010 2093 2949
f 2906 5071 5072
f 2449 4157 2450
f 1330 365 2981
f 2902 2457 1604
f 153 2086 2458
f 2554 3259 2555
f 311 2531 5073
f 4106 5074 764
f 2313 2607 3747
f 2962 4116 4115
f 5024 448 447
f 5075 5076 5077
f 4618 2638 1699
f 5078 5079 5080
f 4621 4620 4626
f 2144 347 2145
f 2707 5081 2705
f 2631 5081 2632
f 813 2902 2687
f 2688 2560 2687
f 813 2687 2560
f 2400 2617 2373
f 5082 1707 2566
f 381 380 209
f 5083 2340 4783
f 155 157 5084
f 4651 5085 4874
f 5086 4042 591
f 301 5087 5088
f 2645 1710 5089
f 5090 4117 312
f 4583 763 2517
f 5091 1521 5092
f 5093 5094 4949
f 4949 5095 5096
f 381 5097 5069
f 5098 2568 2569
f 1908 2671 1909
f 5099 1318 5100
f 5101 5102 4875
f 2606 2519 2518
f 2378 5103 3667
f 2559 2673 305
f 4604 5104 4686
f 5105 427 5106
f 1594 3962 3672
f 5068 2718 5069
f 5107 5055 5066
f 5029 5108 4591
f 4989 2186 2185
f 1772 3005 1773
f 2732 1315 5109
f 5100 1317 477
f 5110 5111 5112
f 2358 1319 5113
f 477 3016 5100
f 376 5114 374
f 4571 4971 2056
f 5115 3204 5116
f 4953 2960 4954
f 2718 382 381
f 5117 5118 3495
f 2898 2850 4046
f 2175 2856 2855
f 4056 4055 4697
f 769 2857 5063
f 2752 5119 5120
f 4255 4895 4068
f 2585 2584 2493
f 4839 1638 4600
f 5121 394 593
f 1710 463 5089
f 4653 2831 2351
f 5122 338 2530
f 4832 4900 85
f 1432 5123 5124
f 5125 903 476
f 285 247 249
f 3727 3052 3879
f 349 547 347
f 2143 2629 2628
f 1716 2512 327
f 2526 4514 2502
f 5114 376 5126
f 5127 525 527
f 4106 5128 5074
f 2540 2541 2637
f 423 381 209
f 2598 512 2599
f 3779 1717 1716
f 402 1249 2544
f 3110 2549 2777
f 3879 5129 3727
f 5130 1722 1721
f 2650 4498 3713
f 476 475 5131
f 5132 5133 2536
f 283 282 1315
f 3016 348 5100
f 2997 2763 5134
f 5135 5136 5137
f 2814 5138 2794
f 422 3392 425
f 3893 553 4057
f 2188 2409 2185
f 248 2822 717
f 2775 2141 4094
f 2776 420 2876
f 2590 1250 5139
f 5078 4158 5079
f 1687 5140 1685
f 1957 1353 1355
f 2791 2686 2653
f 5141 5142 2980
f 2795 396 2952
f 2820 1509 5115
f 2797 2739 3755
f 5143 2749 134
f 5144 3792 5145
f 5146 1043 2742
f 2048 3607 2049
f 609 657 766
f 5102 2448 4875
f 3611 2603 5147
f 340 5148 338
f 5149 5150 5151
f 5152 2820 2933
f 570 637 2636
f 4783 5153 5154
f 512 511 1383
f 465 464 4939
f 2823 482 4628
f 2048 1716 327
f 433 432 2882
f 1726 2434 2433
f 2929 499 498
f 1547 1546 539
f 486 5155 5156
f 2708 3766 2836
f 556 2813 554
f 5157 473 5158
f 471 1721 472
f 5159 2880 674
f 5160 5161 5162
f 4115 2963 2962
f 5163 5068 5164
f 1372 1859 1753
f 3644 5165 3400
f 4780 2663 5166
f 4843 5167 5168
f 2182 2378 3667
f 495 5169 696
f 5170 2641 2640
f 3853 5171 849
f 277 4965 5172
f 5173 2535 2534
f 2535 5132 2536
f 3142 3116 5174
f 3048 3032 3031
f 382 2597 380
f 754 3335 3334
f 1768 5175 622
f 691 5176 480
f 5177 5178 518
f 1594 1596 3961
f 2647 2771 2648
f 5179 2938 5180
f 439 5181 437
f 446 448 2591
f 1605 2457 5182
f 397 2795 1433
f 2844 4593 5076
f 2697 2988 453
f 5183 2575 5184
f 3032 2413 2415
f 5185 5186 5187
f 5188 5189 755
f 3984 4101 3985
f 550 5190 548
f 2834 2951 3111
f 3268 654 656
f 2735 5191 2733
f 2794 2793 2815
f 3123 2711 3979
f 1507 5174 5162
f 5192 5160 5193
f 4469 3302 2868
f 5194 2563 3086
f 5174 3116 5193
f 5188 2899 5195
f 2900 5196 5197
f 2462 5198 4034
f 4670 5199 4671
f 1499 2900 5165
f 2901 2900 1499
f 433 2859 1742
f 592 2427 5200
f 673 3000 5201
f 5091 5201 3000
f 5202 3111 1171
f 5203 2563 2729
f 2845 2844 3687
f 3856 5204 2279
f 357 5205 358
f 5206 4671 5199
f 5043 3068 4614
f 5207 2234 330
f 4643 2630 656
f 4650 5208 5209
f 2436 4466 2437
f 1606 1598 1600
f 5210 2920 2965
f 5145 383 5211
f 4285 513 4286
f 5212 530 5213
f 4670 4672 5214
f 4845 5215 3110
f 3054 3375 3880
f 3124 3123 3979
f 3071 2978 1740
f 839 3349 1734
f 5074 4623 525
f 2675 1482 2676
f 5216 5217 5218
f 4414 5219 689
f 2907 2710 462
f 3951 678 679
f 2994 671 2995
f 2799 478 3997
f 1745 4672 4671
f 5220 5071 4003
f 2933 2820 5115
f 1354 2926 1355
f 5192 5193 923
f 2917 5221 5222
f 2597 5222 380
f 2856 2805 1336
f 2920 3034 2965
f 2906 4001 5071
f 5223 2639 5224
f 4198 2967 5225
f 2493 4133 2585
f 5226 2434 1726
f 4132 3188 4402
f 2765 2846 4510
f 1537 631 633
f 4029 506 4027
f 3039 5061 3040
f 4664 1745 4671
f 5227 3054 3053
f 5228 4625 648
f 3924 5229 3741
f 5129 5198 3728
f 5230 5231 5232
f 1729 1728 3265
f 451 3133 449
f 3077 2784 2786
f 818 5233 819
f 5234 5235 3299
f 5236 5237 5238
f 4781 3083 3788
f 2753 2754 2989
f 3084 2798 5239
f 3055 5240 799
f 3020 2379 2381
f 2440 1613 3056
f 2446 2804 2644
f 5241 4428 4427
f 3230 4695 5242
f 5243 608 5244
f 2522 470 2860
f 3915 553 3892
f 4675 3273 3343
f 5076 4593 5077
f 505 5245 4027
f 3135 5246 3136
f 4638 1718 1954
f 689 5219 690
f 3166 5247 3992
f 5146 5248 5249
f 1757 1756 5250
f 694 3029 3028
f 3906 3883 3907
f 1483 2675 776
f 5251 3014 5252
f 5180 5129 5179
f 3585 1203 4066
f 3280 5253 1807
f 4806 5254 714
f 2353 2354 3809
f 5255 4451 2810
f 4402 3188 537
f 4513 5256 5257
f 5258 4663 3159
f 1511 4381 3938
f 5061 4155 3040
f 2901 1498 5195
f 5035 3857 3875
f 5242 3410 3230
f 3369 2399 2398
f 2822 248 5259
f 4644 610 3148
f 4966 5260 3503
f 5032 5261 5262
f 4806 714 3874
f 3934 5263 1833
f 2363 3507 3504
f 2549 5264 5265
f 593 2951 2834
f 2979 3071 4446
f 4509 1672 3121
f 791 3933 1138
f 3098 5266 5267
f 2864 5268 2865
f 4433 513 3011
f 3139 666 665
f 2577 5258 3159
f 2380 4526 754
f 1760 1759 2803
f 1759 4624 1755
f 5269 4703 5270
f 652 801 3418
f 542 919 2694
f 4170 4818 4492
f 5271 3304 5272
f 3600 5273 3860
f 5195 5189 5188
f 2702 5059 1930
f 2399 5274 2758
f 2950 5275 658
f 5276 3469 5277
f 1730 1732 5258
f 3447 4433 3784
f 5278 5158 5279
f 251 5280 5160
f 5281 693 628
f 2550 5265 2810
f 697 214 698
f 4414 3157 1518
f 4663 1763 1762
f 706 5282 707
f 2379 5177 4526
f 3337 4843 5168
f 2835 340 2673
f 5200 1550 1552
f 3242 5283 730
f 5284 3114 3115
f 750 3358 751
f 4397 4396 722
f 5240 5285 799
f 844 3481 3571
f 1208 5286 1209
f 4450 5287 1547
f 732 4592 5288
f 4921 1753 4477
f 761 760 3504
f 900 5289 4649
f 980 5290 5291
f 1397 3072 4323
f 607 635 5244
f 658 5275 659
f 804 4138 805
f 4380 3457 4379
f 5292 5293 5294
f 745 744 5295
f 1448 1447 3344
f 666 3138 5296
f 814 1211 815
f 5282 5297 2754
f 4165 5298 3429
f 589 3182 3336
f 713 536 535
f 3878 5299 3879
f 3515 3955 5300
f 2884 3266 683
f 2879 3471 3115
f 4379 632 791
f 4810 4706 811
f 1081 5204 1079
f 5301 5302 3282
f 2381 5039 3407
f 2903 1024 3891
f 634 4083 4084
f 5290 5303 5291
f 3313 2924 2841
f 1179 1293 3201
f 4381 450 5304
f 5283 664 730
f 5305 3259 2633
f 5306 3301 3300
f 3813 1769 1267
f 4752 1768 4753
f 3810 4753 1767
f 1492 796 795
f 5307 3283 5308
f 3038 3228 572
f 4678 4196 3177
f 802 3214 801
f 5309 3322 5310
f 5047 5311 3587
f 5312 5313 995
f 662 5277 3469
f 3298 3933 790
f 3279 5253 3280
f 5314 3586 5315
f 1493 3312 947
f 833 3450 834
f 3226 4332 3227
f 4302 1852 5316
f 3199 1844 3126
f 5317 5318 5319
f 4713 1425 3241
f 4030 3698 3697
f 5132 5245 5133
f 5320 3576 1860
f 5321 5322 5323
f 5324 1928 3665
f 1766 4702 5325
f 3494 723 1494
f 4302 3408 1852
f 2750 5326 5327
f 2383 1985 2382
f 5228 5270 3108
f 3371 2398 2397
f 274 1635 5328
f 3155 4798 5329
f 5234 3301 3442
f 5330 5331 3477
f 5332 1090 1089
f 743 3883 5295
f 1781 863 862
f 960 3898 5333
f 3339 3230 3229
f 4357 636 607
f 4200 5334 657
f 1139 5335 5336
f 1816 700 702
f 1344 5313 4128
f 2879 3115 675
f 3711 1126 1125
f 1373 1372 4921
f 3849 3954 3515
f 5337 3239 718
f 597 488 1957
f 5338 3756 5339
f 1475 5340 753
f 5341 4806 5342
f 3380 4032 4459
f 3773 3022 5343
f 4011 5344 5345
f 4144 5346 5235
f 4960 5347 5348
f 796 4284 3194
f 3490 5349 5350
f 4777 3872 3903
f 5351 4998 3446
f 3376 3812 5352
f 3423 878 5266
f 1055 3476 1053
f 3989 4005 1363
f 2832 1742 3372
f 5332 5040 4166
f 4621 2551 5353
f 4668 5354 3218
f 1035 711 710
f 3582 3725 5355
f 5356 654 1425
f 1491 3552 5357
f 1964 3762 5358
f 5359 5360 5306
f 3762 1964 5361
f 3702 4042 5086
f 5362 5363 1826
f 5364 5087 301
f 2267 1010 1012
f 703 705 4125
f 5290 982 5365
f 5366 1470 5367
f 5368 3350 3340
f 5079 5033 1146
f 3323 5334 1417
f 4237 2454 1243
f 1557 5369 3938
f 3506 3505 3716
f 3476 1182 1053
f 4005 1362 1363
f 3932 3790 3789
f 3927 5321 4912
f 3184 3957 3775
f 5370 3863 1167
f 2238 2237 2181
f 1158 727 850
f 3381 5371 837
f 3220 4276 3366
f 3659 817 3093
f 3181 5336 3758
f 3340 1236 3341
f 1259 5135 317
f 5345 4012 4011
f 1266 3479 5372
f 1029 4398 3595
f 3364 3459 3693
f 5373 5354 4302
f 4954 5374 2961
f 1217 5247 3796
f 3064 1083 3065
f 1471 3418 801
f 5375 3516 3557
f 1274 3700 828
f 5376 5377 5378
f 5379 2891 5380
f 3251 3403 3249
f 1184 5381 5382
f 757 5316 3025
f 5242 1014 3382
f 2807 2377 3465
f 5257 2316 2315
f 5334 3323 765
f 1236 1238 1418
f 880 5378 5383
f 2958 5245 505
f 5384 5385 1025
f 3522 4913 3100
f 3425 1790 5372
f 416 4977 225
f 833 1012 1011
f 3409 4746 3582
f 2565 5386 2947
f 1345 3835 3256
f 981 5387 3370
f 3236 3688 850
f 911 5388 3710
f 1139 1140 3433
f 1217 1219 3992
f 734 3503 5389
f 1025 4712 3890
f 965 964 4128
f 865 5390 4813
f 3360 3450 3449
f 5336 5335 3758
f 1794 4765 1795
f 5391 5392 5393
f 4573 1619 2371
f 2352 4061 2659
f 892 3590 3597
f 5394 3562 5395
f 3534 3533 2266
f 3538 846 845
f 3753 5396 5397
f 4703 3486 3128
f 1231 1230 3896
f 5398 3797 1777
f 3637 3638 5399
f 5400 1799 894
f 3746 371 3744
f 3341 1236 3288
f 5401 940 3679
f 3694 3717 747
f 667 666 5402
f 5324 5403 1928
f 2319 2318 2533
f 4737 3456 1784
f 1265 3478 1266
f 4010 4012 5404
f 3427 1282 1281
f 3848 372 371
f 1168 3863 3690
f 3485 3365 3367
f 690 676 511
f 3679 3712 3677
f 475 5405 5406
f 879 3100 4913
f 926 1189 4694
f 1154 3754 3084
f 2534 5407 5405
f 1070 1010 2267
f 5408 2279 2281
f 3528 885 3445
f 3334 4166 5040
f 3616 5409 5410
f 5371 3381 3383
f 759 3760 3867
f 3704 3521 3520
f 3524 1027 1112
f 5411 5412 3834
f 168 4740 1003
f 3595 920 922
f 960 1122 3669
f 1469 5413 3689
f 1018 1017 1084
f 2944 3957 1174
f 3085 726 5252
f 3923 1118 3924
f 3865 4679 3895
f 5414 3732 3733
f 1048 3732 5414
f 5415 5376 1111
f 1218 1217 4759
f 5416 5417 3657
f 2653 2686 2681
f 3949 3720 1142
f 1087 1086 3444
f 5343 5418 3630
f 3615 3614 739
f 5419 5420 957
f 4041 1057 5421
f 5056 5422 5423
f 904 906 3549
f 1002 2685 331
f 3805 3876 5337
f 4155 4387 3164
f 734 5389 1345
f 3519 3508 3473
f 3519 3521 3509
f 1100 2274 5381
f 1031 3181 3180
f 973 5424 5425
f 1116 3514 977
f 5426 1802 4758
f 3863 1168 1167
f 3498 5427 930
f 3498 5428 5427
f 5362 908 3736
f 502 501 4817
f 5429 3618 3719
f 3482 3616 5410
f 5430 904 3549
f 1803 4718 1804
f 1047 3560 3732
f 3478 4715 3527
f 1261 1282 3404
f 1041 3480 5431
f 955 957 5420
f 351 1564 5432
f 3654 1775 1796
f 1122 5333 5433
f 1282 1261 1280
f 3867 4732 3785
f 269 5087 5364
f 882 927 926
f 1081 1080 3355
f 1155 1127 1263
f 1209 5286 2702
f 1081 3355 3357
f 5434 3481 740
f 1041 5431 1042
f 5435 2540 637
f 5326 3912 4966
f 4754 5436 970
f 3733 3440 3439
f 826 1049 5437
f 5438 5439 3176
f 5378 3523 3524
f 5086 5440 4836
f 3822 3321 5401
f 1123 3434 1121
f 2696 5441 638
f 5341 5254 4806
f 3598 3618 3599
f 3693 3799 3484
f 5442 4711 3347
f 3582 4746 976
f 2179 2625 3387
f 3719 3617 5443
f 3753 5012 1088
f 1798 1084 1017
f 3717 748 747
f 989 3780 3466
f 1188 1187 5444
f 4992 3532 1086
f 4732 613 72
f 1152 886 1153
f 5344 4011 5445
f 5446 5447 5448
f 4757 3708 3437
f 3176 5449 5438
f 5253 5450 1807
f 1246 940 2001
f 1812 5451 3709
f 3678 3677 3729
f 3500 3821 3501
f 772 4700 5452
f 167 169 3850
f 3319 4712 5385
f 3091 4699 788
f 5416 5453 5370
f 907 955 3735
f 1353 487 4882
f 5397 3567 3569
f 906 5442 4720
f 786 1188 3919
f 1018 3876 3655
f 5216 3385 5454
f 3705 1805 3706
f 3208 5455 5456
f 1334 5186 5457
f 3561 3467 1038
f 3998 3167 1829
f 5458 5398 5459
f 736 5460 5403
f 5446 3642 1022
f 4296 430 2089
f 3567 3755 3568
f 427 4042 5106
f 1130 2483 5461
f 3492 5421 1057
f 909 908 1828
f 3774 5343 3630
f 1706 210 2134
f 5404 4012 952
f 3537 3803 951
f 3327 3610 3297
f 975 3808 1119
f 3652 1197 1196
f 3722 2547 3723
f 976 1120 3725
f 1146 4979 5462
f 912 3790 3650
f 1082 5463 1231
f 4511 5134 2765
f 5464 1308 3884
f 984 3658 3499
f 1184 3748 1100
f 966 3647 5465
f 2184 2571 320
f 3491 5350 3651
f 3824 1093 1095
f 4744 1809 5466
f 1126 3378 979
f 1408 1407 5404
f 3831 3830 5467
f 737 5468 5469
f 4914 5470 5384
f 5370 3080 3863
f 5471 1099 1098
f 911 5472 912
f 3706 5466 1072
f 5473 5352 5333
f 1200 1199 3791
f 5474 1422 5475
f 3518 3832 5412
f 5395 3562 3801
f 5315 5476 5314
f 759 3785 760
f 900 899 3894
f 841 5477 1305
f 5467 1181 3831
f 3434 3489 3414
f 5435 2488 5478
f 5479 5478 2488
f 3084 5239 1154
f 5480 3529 3951
f 3574 5481 1159
f 1036 3900 3179
f 743 742 669
f 4010 4044 4011
f 1087 3444 1263
f 4089 1220 1222
f 3934 3105 5038
f 3440 3559 3730
f 2183 2182 5002
f 5482 1225 2766
f 5483 1038 3780
f 5484 5485 1822
f 4913 3522 5486
f 784 3696 785
f 1142 3720 3860
f 5239 5363 1154
f 5410 3736 3482
f 5487 3738 3737
f 3925 3389 3923
f 5488 2840 2925
f 3937 2987 1148
f 3961 1596 5489
f 3167 3166 3992
f 2912 5464 2913
f 5389 5260 3734
f 5187 5186 5490
f 4022 1370 4147
f 3881 1264 1263
f 5491 2736 5492
f 5493 5442 3952
f 1809 1808 5466
f 3827 494 3759
f 3058 1147 1149
f 3317 4741 4740
f 4110 489 5494
f 4798 1048 5414
f 4659 4658 2363
f 1163 3852 3579
f 5495 5496 2970
f 848 1219 3889
f 1289 615 5072
f 597 432 431
f 2450 3191 1689
f 3775 1175 1177
f 3585 4066 3583
f 3548 3547 742
f 5213 745 3906
f 3672 1563 998
f 1164 5497 630
f 4727 1050 1052
f 429 426 428
f 5498 3852 1163
f 779 778 5495
f 5448 3443 3931
f 5496 5495 770
f 3511 3441 5448
f 5004 5499 5164
f 878 5383 5500
f 3664 216 5324
f 3965 5459 3964
f 3704 3762 3761
f 5501 3829 3831
f 3697 3570 4030
f 1717 422 421
f 5199 4670 2755
f 5502 3568 5431
f 4955 5503 4953
f 942 941 1238
f 600 602 2622
f 1802 1801 1813
f 3238 3237 1185
f 747 3499 3501
f 5504 5505 1907
f 5227 5494 5506
f 2699 2890 5507
f 5436 5508 3887
f 5295 3883 3906
f 930 1168 928
f 1239 5509 1240
f 1024 2903 843
f 1290 4895 4053
f 1777 3964 5398
f 5510 4002 4001
f 5485 3765 1911
f 3618 5429 5511
f 3483 3736 3735
f 735 5512 1836
f 1228 1227 4780
f 1192 356 5513
f 5060 5286 3602
f 3594 3593 3198
f 5044 5514 4064
f 719 2548 4763
f 975 3806 3808
f 3239 5337 3876
f 815 672 5515
f 3058 1149 3932
f 2987 3935 1211
f 2912 2911 4862
f 2151 268 5516
f 5517 5518 5519
f 1213 1212 368
f 2359 4105 3258
f 5429 3430 5298
f 2328 2211 4602
f 4037 5520 3825
f 833 1011 3450
f 3179 3828 3546
f 285 558 247
f 3444 3310 3881
f 552 4057 553
f 4661 3137 5521
f 1286 3566 5522
f 3653 1193 1195
f 2820 5152 5523
f 2978 2977 3234
f 5524 5525 5526
f 3959 672 467
f 1278 1251 1279
f 3500 3658 3093
f 5527 490 5528
f 2797 3755 3567
f 2741 2799 2798
f 2623 5018 5529
f 2938 5179 5530
f 5531 3998 623
f 2972 2974 3899
f 1252 1241 5532
f 4721 1133 4015
f 2640 2639 73
f 4784 3966 5533
f 5362 1828 908
f 5329 5534 3155
f 5454 5535 5216
f 990 989 4078
f 4141 2887 2886
f 3847 5218 5526
f 2936 2938 5530
f 961 916 962
f 3342 963 2884
f 5424 914 4705
f 4477 1752 4842
f 5368 3544 3350
f 4634 627 2775
f 1748 3113 3112
f 5536 3943 3942
f 461 460 2395
f 5510 4001 2906
f 5296 5537 5402
f 2411 5538 3024
f 1280 1261 1262
f 719 4763 5339
f 4984 4839 5539
f 5024 3743 3742
f 3896 4087 3897
f 3781 3783 4727
f 4039 2833 5520
f 1408 5540 1406
f 5541 5378 5377
f 506 505 4027
f 1788 3393 1789
f 1830 1277 1279
f 1254 1256 5119
f 3442 3930 3443
f 1138 3472 4380
f 2340 2342 2642
f 1220 1039 1221
f 5369 1557 1410
f 5542 1049 5276
f 1862 1841 4060
f 4748 4768 3868
f 681 1259 682
f 477 1317 5543
f 4008 5109 125
f 3684 4083 3433
f 2720 1203 1202
f 624 1279 3222
f 154 3999 152
f 4145 5544 5545
f 3363 3460 3364
f 1039 1220 5546
f 5547 5484 4073
f 4139 3968 5548
f 3225 5046 5549
f 4046 1931 5059
f 5205 5035 5550
f 283 1319 2358
f 4080 235 2506
f 4081 2624 5529
f 4438 4437 4351
f 3885 3887 5508
f 1308 5551 3884
f 5486 4375 5552
f 72 613 1289
f 3465 2237 866
f 4074 1324 1323
f 256 2948 5553
f 1851 1814 4725
f 2412 2411 454
f 5554 4800 1452
f 1297 1296 5555
f 372 5556 3175
f 5557 1061 3237
f 3220 3365 5269
f 4114 4113 1307
f 4580 5558 5559
f 3719 5443 3752
f 2906 5072 615
f 3092 2443 2898
f 5302 5301 5560
f 5561 4149 5562
f 4768 4780 3868
f 290 292 356
f 291 4151 5563
f 5030 5564 5031
f 3577 3576 5320
f 2425 222 224
f 1052 1787 5565
f 937 939 5566
f 3510 5447 3820
f 5567 1846 5568
f 5383 5541 5359
f 3999 2641 5569
f 4070 392 4218
f 1291 4535 1292
f 4074 5548 3836
f 3869 1283 1285
f 5570 868 870
f 476 903 378
f 5065 280 279
f 1150 2738 2618
f 2597 2848 5222
f 5006 2590 5139
f 2525 1436 4498
f 3858 3449 1011
f 4059 4076 4060
f 4164 5064 1858
f 4087 4048 3897
f 437 5181 5571
f 3279 3809 2099
f 4280 2268 1387
f 4942 5572 4805
f 2717 529 1320
f 5573 5151 5574
f 3983 5575 1907
f 4192 1325 4178
f 2572 1485 2573
f 5311 3324 3326
f 4124 5072 5071
f 5386 4775 2947
f 2443 2850 2898
f 1434 3130 2674
f 1176 1346 1348
f 5104 4604 2537
f 5053 4791 446
f 154 153 5576
f 3212 3214 5577
f 4178 1364 5575
f 5559 2130 2129
f 5578 1324 4073
f 871 3403 872
f 5579 4395 4397
f 5580 2283 2285
f 2471 297 4394
f 3424 4014 1790
f 4631 5016 3606
f 5581 5346 5582
f 4631 3276 5016
f 5583 1360 1359
f 1387 2269 2656
f 4581 2580 4579
f 4188 4299 4189
f 5576 153 2458
f 3442 5360 5377
f 1302 292 291
f 954 965 936
f 3844 4789 1351
f 5393 5534 5329
f 5037 2234 5207
f 3981 4868 4252
f 2251 4179 5584
f 3451 988 869
f 2235 2234 5037
f 4019 2489 2491
f 2642 4782 2340
f 4182 4090 366
f 5585 1391 4235
f 4051 4052 4126
f 2128 5586 2129
f 256 2949 2948
f 3873 3872 4777
f 4225 3994 3995
f 2380 754 3334
f 2655 2120 4160
f 5301 3534 2265
f 2190 2247 5587
f 4043 1362 4005
f 5125 5131 5588
f 2666 4221 1313
f 4987 4150 5561
f 3928 2867 2869
f 5016 4788 4087
f 4033 2463 2462
f 2263 2086 1242
f 4407 4409 5589
f 3234 3233 4407
f 5590 636 4356
f 4607 5116 4122
f 578 323 325
f 5563 203 4244
f 246 5550 244
f 5137 5591 2412
f 281 1435 282
f 4091 2272 4092
f 845 1339 3284
f 2226 5592 2492
f 4181 4182 366
f 2158 3496 2661
f 4095 4096 2571
f 1435 310 309
f 4819 4416 4342
f 5593 5043 3045
f 2108 2228 5594
f 449 992 450
f 279 447 4791
f 2250 4566 1677
f 4120 399 4209
f 4525 4524 4154
f 1750 5287 5595
f 1803 3705 3390
f 370 1213 368
f 4212 2515 4161
f 5596 5597 5569
f 5479 2488 5057
f 4103 1403 4104
f 3407 4432 2381
f 4242 5598 4220
f 5598 5599 4221
f 1315 282 5109
f 557 4322 214
f 2501 2500 4164
f 2500 5064 4164
f 2431 5600 4085
f 5601 5602 5603
f 4231 1874 1876
f 4295 4189 2121
f 3008 5267 854
f 4181 366 365
f 3288 659 5275
f 1435 123 125
f 793 5604 794
f 5605 1639 1479
f 5018 236 5529
f 2229 5606 2311
f 2029 2028 5607
f 5608 5609 5610
f 4263 4349 4930
f 5499 2438 5611
f 4208 4120 4209
f 5150 5149 2658
f 4120 1329 5612
f 572 3228 3227
f 5613 1326 1325
f 1390 4300 4236
f 5614 4103 4102
f 2126 2127 2034
f 5615 1865 5616
f 2199 2232 5020
f 2198 4185 1640
f 2199 2312 1420
f 5608 5607 2028
f 1422 5617 1423
f 1356 1387 2656
f 5073 5090 312
f 5618 1426 5619
f 1789 3394 3275
f 5312 995 5620
f 1401 4258 1402
f 4258 4242 1380
f 2285 2284 4171
f 5557 3237 3232
f 4273 4829 4353
f 1733 3145 3147
f 5607 5621 2062
f 4308 4870 4230
f 4188 4263 4930
f 4349 4256 1486
f 1058 4041 4040
f 4319 5622 4320
f 4040 3195 5623
f 1369 390 1370
f 1403 1402 4150
f 4332 3226 3692
f 4307 1478 1480
f 4174 5624 5625
f 1362 1407 1406
f 2595 2984 5626
f 4661 1410 3137
f 2191 149 4303
f 594 596 4314
f 1369 2666 1313
f 4563 1961 1953
f 5627 2074 4927
f 2034 2127 4239
f 2480 1342 2065
f 4174 5625 5583
f 1419 1421 1445
f 4935 2163 2025
f 4343 1665 4400
f 4312 4315 4809
f 4279 4280 1388
f 4909 5628 4214
f 5629 4309 4803
f 2909 2839 215
f 4052 4161 2515
f 4236 4367 4909
f 2051 2070 1506
f 4243 2126 90
f 4383 4385 4307
f 4492 4817 501
f 5266 5500 5246
f 4347 4346 5630
f 4932 5629 4933
f 5631 4382 53
f 5572 4869 5504
f 4298 4214 5632
f 4303 1468 2248
f 4815 4814 4363
f 1469 5367 1470
f 106 4324 1490
f 5633 5614 106
f 1505 5634 4305
f 3363 1338 1337
f 4790 4810 811
f 4399 4378 1528
f 4260 4118 5635
f 2026 4174 4173
f 1456 4049 159
f 1489 107 1442
f 2070 92 91
f 1863 4820 5636
f 5419 3316 3315
f 1664 4355 5637
f 170 4560 4335
f 665 3194 3139
f 1541 1455 1502
f 722 3224 4397
f 1647 1646 4424
f 3457 3453 4379
f 4891 1952 4241
f 4245 2284 198
f 4643 656 5593
f 4799 4310 1501
f 1996 1995 4358
f 1884 4389 69
f 5330 3477 3476
f 5151 5150 5482
f 5614 4926 4103
f 2084 954 936
f 5634 52 4305
f 2999 5638 5639
f 5640 1429 5641
f 3266 4447 3267
f 1995 4263 4358
f 3149 5309 3094
f 1523 78 71
f 2614 5124 2612
f 5642 5599 2075
f 1464 4395 5579
f 4384 4827 4385
f 4345 5635 4346
f 5283 3244 3345
f 2185 2184 5643
f 792 4836 5274
f 4825 4418 5644
f 5645 3353 5646
f 5647 3489 3488
f 4307 4385 1478
f 5648 1960 1439
f 4269 1641 4416
f 3135 2959 5649
f 335 4742 336
f 5630 4410 4420
f 4330 4865 5650
f 5651 4366 5652
f 4887 4297 4391
f 1991 1960 5648
f 701 4633 686
f 5653 1522 1524
f 53 5634 1527
f 1104 212 211
f 4396 5654 722
f 5650 4876 4331
f 1754 5655 2918
f 286 249 716
f 2959 3135 2864
f 5268 3300 5581
f 4388 5 4
f 775 566 4656
f 4420 4419 4429
f 5651 5644 80
f 4170 4492 1463
f 1559 1555 1868
f 4 5656 5657
f 5658 5200 2427
f 3067 5593 655
f 2669 2668 4139
f 5659 1624 2271
f 635 3146 3223
f 4435 4434 4539
f 7 4831 4471
f 5660 4867 4884
f 5661 1576 4831
f 2007 1972 1969
f 4439 5662 1950
f 5276 3470 3469
f 76 4917 5663
f 4490 2059 147
f 2929 2928 1739
f 5663 1937 5664
f 1936 1652 5664
f 35 1989 4542
f 4845 4844 5215
f 4907 4484 4483
f 1574 4884 2006
f 4527 5665 51
f 2421 2420 2419
f 1655 1654 5666
f 4528 5667 2115
f 1538 1535 4156
f 457 456 5668
f 4842 4478 4477
f 5669 1589 93
f 2930 4401 685
f 5670 1572 110
f 4859 4554 1583
f 76 75 4917
f 110 137 5670
f 4487 4486 5671
f 2097 4686 2259
f 4983 2037 2014
f 2011 2012 2013
f 2154 2278 4555
f 4637 4636 2577
f 5672 4473 2071
f 1591 1593 2166
f 2428 2427 592
f 5318 2941 3048
f 5673 2878 4314
f 379 902 3970
f 5670 4918 4462
f 161 163 5674
f 4905 5675 5676
f 5675 5677 5676
f 5678 4487 5671
f 4835 2148 2147
f 5679 2343 2614
f 2694 773 4656
f 4478 4842 924
f 100 99 2067
f 5680 5194 2257
f 4499 2255 2168
f 2595 2594 5221
f 3235 729 3371
f 2476 2477 1416
f 2166 1593 2164
f 1670 2451 5681
f 1632 127 126
f 128 129 1626
f 2417 1695 275
f 1897 4501 4517
f 4501 118 4515
f 5682 4996 4848
f 4497 1629 1631
f 2254 2168 2255
f 2339 2338 5683
f 2259 5104 2153
f 2791 2790 2686
f 2291 4140 2444
f 2946 3171 4250
f 588 651 550
f 4463 4496 161
f 2807 3465 2808
f 238 3553 239
f 1673 1675 1601
f 4516 5684 133
f 5250 1749 4664
f 4944 5685 4951
f 5143 134 5684
f 1636 543 234
f 3816 2133 4494
f 2112 2167 2296
f 179 2167 177
f 1600 4970 1606
f 3817 4475 5011
f 4585 2322 4603
f 25 1959 26
f 886 1152 5686
f 22 1889 5687
f 5688 4436 17
f 4412 4260 4259
f 4538 1648 4883
f 5664 1937 1936
f 4448 31 4541
f 4455 2017 1988
f 4311 4310 2063
f 4453 76 4896
f 5689 1902 4957
f 4545 4441 4907
f 5690 1488 4361
f 4897 2019 1568
f 1513 1561 5691
f 1935 4937 4467
f 2010 2009 2019
f 5633 5692 4926
f 42 4532 4904
f 4839 4984 4474
f 102 4833 4551
f 1466 4318 4390
f 4423 4388 5693
f 2162 2004 2003
f 1926 1925 5272
f 4906 4905 5676
f 1737 1002 1735
f 110 109 137
f 5694 4219 111
f 1983 11 4964
f 2273 4174 1359
f 4857 2077 5695
f 1902 1901 4958
f 1579 4847 2210
f 2246 2466 5005
f 1669 1668 2193
f 2139 4480 2114
f 2371 4572 4573
f 4865 4330 4429
f 4964 2124 4572
f 3668 3667 5696
f 134 4522 135
f 173 1624 5659
f 1455 37 39
f 1965 4557 1621
f 2521 5697 192
f 5698 1679 4584
f 5289 900 3894
f 4859 1583 4857
f 5699 2183 5002
f 4610 2322 5084
f 4191 4050 4049
f 1130 336 2483
f 182 4588 4597
f 5127 527 2516
f 4646 1702 1703
f 3172 1914 5638
f 4234 2587 5058
f 355 4614 353
f 763 762 2517
f 5685 2476 1415
f 2559 5111 2673
f 2370 4872 2652
f 2376 2375 261
f 267 250 4095
f 5700 4873 3051
f 1712 3132 4597
f 2607 442 2522
f 5489 5182 2457
f 2429 1773 3006
f 4570 4584 1681
f 2373 2617 2616
f 2556 2555 4079
f 4095 250 252
f 4570 1681 4605
f 1917 5701 2579
f 353 5700 354
f 4723 5702 4577
f 1697 4632 1698
f 2313 2297 2299
f 5512 2746 1836
f 300 299 1548
f 1605 2373 2531
f 4094 2141 4019
f 1701 2390 1699
f 2522 3747 2607
f 5461 1686 1685
f 1701 2391 2390
f 1697 346 345
f 5050 5703 5051
f 1680 4605 1681
f 2519 2606 2482
f 1737 1736 3396
f 2638 2873 2446
f 5704 2520 4619
f 2518 2520 5704
f 5005 1993 84
f 2645 5089 2607
f 903 5125 5705
f 5270 5706 5269
f 1705 1704 2394
f 2017 4545 2016
f 4640 5183 5184
f 5211 383 385
f 5102 1700 1699
f 783 43 3030
f 1772 417 3005
f 2392 3046 2393
f 1957 432 597
f 2932 2785 5152
f 5115 5116 2933
f 4782 5153 4783
f 5707 5261 2826
f 5270 5228 5706
f 1992 3240 1831
f 5708 5709 5456
f 4036 2703 418
f 3216 1756 3217
f 389 4607 4606
f 5710 5144 5709
f 387 4110 388
f 3542 5711 5712
f 2334 5713 2335
f 2908 2792 2840
f 375 1722 389
f 2310 2619 1715
f 453 2988 412
f 3089 2803 1755
f 2704 2703 5167
f 4630 344 4652
f 2698 2671 1908
f 5714 3793 2871
f 2925 4682 5488
f 3785 759 3867
f 592 5200 591
f 5715 5279 5158
f 3349 2950 1734
f 3089 1755 1757
f 5383 878 880
f 1954 3009 1955
f 455 457 5716
f 2324 4864 220
f 567 566 775
f 459 441 440
f 1719 5717 4692
f 4708 4165 4211
f 3036 3035 3082
f 3285 798 800
f 4679 4724 4678
f 5718 5719 5645
f 4647 643 4676
f 1732 4663 5258
f 1216 3426 888
f 3125 1755 4624
f 1205 3884 1206
f 3110 5215 5264
f 3009 1720 5720
f 5285 3021 2800
f 698 803 3072
f 774 773 5721
f 5722 483 5196
f 3142 1510 3116
f 5723 3528 5724
f 4211 3333 5340
f 961 1751 4705
f 1189 3680 4694
f 1770 3528 4714
f 4705 1751 1750
f 5716 457 5243
f 4778 4777 3903
f 4380 3458 3457
f 3810 4689 4691
f 4415 1762 1765
f 2389 2355 2601
f 4669 1783 1782
f 987 3437 3641
f 3513 4778 3551
f 5400 5399 1797
f 5517 5519 5725
f 3865 899 5726
f 1026 3890 1218
f 3083 5714 3082
f 1172 1804 4718
f 1332 5727 1333
f 3309 5728 3282
f 3459 5434 3614
f 425 3401 420
f 3513 4779 4778
f 4014 1135 1790
f 3466 3468 5729
f 2583 2585 1273
f 5730 5731 883
f 1069 1105 1070
f 3605 4631 3606
f 1064 1063 5732
f 5733 4688 1791
f 4716 5734 4717
f 3540 1776 1775
f 4965 276 2348
f 886 885 4715
f 5735 4735 5736
f 5737 217 216
f 4722 1945 1912
f 4744 3706 1805
f 1065 4754 969
f 5460 5545 5544
f 3895 3643 3894
f 3096 3095 3148
f 3724 3921 3722
f 4060 4745 4058
f 5185 5518 5517
f 5738 2781 3649
f 3239 3064 3066
f 216 5468 5324
f 646 5545 736
f 1913 3763 1911
f 3975 3972 3974
f 4684 1164 1166
f 693 1163 3851
f 3947 5739 5527
f 5740 1167 5427
f 2828 2974 626
f 3882 669 668
f 5551 4113 4099
f 5741 5686 5742
f 4780 4768 1228
f 5743 5166 2663
f 1992 718 3240
f 5388 3649 3711
f 2828 563 2829
f 1832 2548 1992
f 3920 3919 3988
f 1808 1071 5466
f 1210 563 625
f 3887 3982 3901
f 2912 5567 5568
f 5744 1290 4053
f 4756 1267 3119
f 5474 1813 1801
f 3394 4797 3275
f 4024 4026 5745
f 300 5052 301
f 5044 5600 2431
f 1842 2771 4770
f 5746 2981 367
f 3966 5510 3967
f 2620 2349 2877
f 172 231 4855
f 2664 5747 1376
f 436 1384 434
f 4761 4007 5514
f 4761 5514 4762
f 3990 1363 3494
f 1250 402 404
f 2497 2141 2775
f 5748 5038 4192
f 1308 1307 4113
f 1855 1854 5749
f 3881 3447 3784
f 1847 4160 1378
f 5615 1304 434
f 2396 5006 2465
f 1676 4177 1677
f 172 4855 2498
f 4575 5612 5750
f 4358 2042 1996
f 4230 5751 1881
f 4924 5752 4204
f 2473 4604 2436
f 723 722 5654
f 2950 3349 5275
f 1366 1497 5504
f 2526 2525 5155
f 5636 4259 4184
f 4567 4802 5609
f 1866 1868 4321
f 4169 5753 4212
f 2257 575 5680
f 4326 4227 4247
f 4318 4391 4390
f 4268 5754 5755
f 2935 3133 4268
f 4328 4344 4343
f 4236 4300 4367
f 5234 3441 938
f 5756 1409 1386
f 5635 4413 4346
f 706 4489 5282
f 69 4424 1646
f 105 1488 5690
f 5635 4118 4413
f 2157 5757 2156
f 4373 4361 4821
f 1528 4377 1529
f 4829 4876 4404
f 4281 5758 1996
f 4418 5759 4417
f 1487 1489 4257
f 2964 3157 689
f 1553 4355 4894
f 5760 4350 5761
f 5758 5762 4365
f 1395 3902 1396
f 650 5190 550
f 158 1502 1454
f 5630 4430 4347
f 5757 4348 2156
f 3155 4681 3153
f 4413 4377 4376
f 5711 5402 5537
f 4477 1753 1752
f 5693 5763 5761
f 4292 4261 4260
f 5764 1559 1868
f 4365 5762 5652
f 1754 1910 1752
f 1560 5763 5693
f 4825 5651 5765
f 1887 4865 4422
f 4539 4434 5766
f 4898 14 9
f 5767 5768 1579
f 4884 1972 2007
f 1652 4442 5664
f 4485 4905 4483
f 2325 219 2192
f 5057 2487 2319
f 4981 2079 2052
f 2085 1631 1592
f 4558 1602 1675
f 4742 2334 2557
f 4677 4250 3171
f 133 4517 4516
f 1064 1806 1062
f 4571 2110 5769
f 1941 4588 1939
f 4053 582 584
f 5455 5271 5708
f 4603 2322 2321
f 2071 34 5672
f 4504 5674 163
f 102 2103 4832
f 3009 1954 1720
f 1865 1864 5616
f 5337 720 3805
f 1439 1961 1440
f 2704 4845 2779
f 643 4674 4676
f 5565 5770 2404
f 1958 36 1959
f 5484 5578 4073
f 1368 2513 1393
f 2513 5753 1393
f 4548 4547 4337
f 4531 4904 4532
f 170 4334 4871
f 171 170 4871
f 2061 2063 4799
f 2459 1942 1944
f 2652 4596 2370
f 1774 904 5430
f 3550 1782 862
f 3127 4668 3217
f 4776 1375 4222
f 1375 4776 5743
f 1697 345 2872
f 5207 329 812
f 1641 1640 4185
f 63 1947 1946
f 822 869 820
f 1919 1918 34
f 2924 2792 2794
f 4537 65 4538
f 4877 64 63
f 4537 1947 63
f 1946 12 4877
f 7 1644 5661
f 15 4910 16
f 65 4537 63
f 4538 65 4866
f 4883 1650 32
f 24 18 4435
f 4439 31 33
f 4945 5771 2366
f 1644 16 18
f 4439 4539 5766
f 4471 8 7
f 4540 65 64
f 1947 4542 1948
f 4340 580 4817
f 4867 4866 4540
f 82 4471 4831
f 4461 1923 4834
f 1565 5248 1566
f 4320 52 54
f 32 4448 4546
f 1534 4406 5648
f 18 17 4435
f 136 5659 5772
f 4884 4867 1972
f 1644 24 5661
f 1529 1879 1877
f 433 2882 2859
f 48 1963 40
f 5763 5764 5760
f 1651 4441 4460
f 4897 2010 2019
f 24 4435 22
f 4879 5688 4910
f 4546 4448 27
f 1530 4400 1528
f 1572 4461 1573
f 2716 5773 2715
f 1527 1526 5631
f 1961 1960 5631
f 50 4452 1933
f 4453 1987 1580
f 1987 4453 4454
f 5259 2678 2822
f 2020 25 4880
f 4880 4886 2020
f 4886 4885 2020
f 1525 1953 1526
f 4216 1459 1458
f 5621 2063 2062
f 1474 5774 1472
f 4544 35 4542
f 2008 2007 5775
f 5665 49 51
f 50 1652 4452
f 10 1948 1990
f 4392 4309 4390
f 4490 4878 2059
f 4885 2022 4890
f 1958 5672 36
f 1922 1921 1962
f 62 61 5776
f 1575 1574 2006
f 1971 1963 48
f 5406 261 5022
f 2018 1663 1568
f 1958 2021 1966
f 316 5777 2215
f 4347 1450 4345
f 2023 2022 4885
f 2020 4885 2021
f 3634 3690 533
f 4889 4557 4890
f 3844 1176 3845
f 5653 4362 4815
f 1971 62 1969
f 40 4877 41
f 4897 1567 2010
f 4550 68 67
f 2113 2115 5666
f 5778 343 342
f 4359 4893 4821
f 1986 1580 1987
f 36 5672 34
f 1573 4878 1571
f 2002 2004 2022
f 1540 4392 4391
f 28 2023 4886
f 1657 5779 5689
f 1978 2031 1979
f 1314 1317 1319
f 4378 1512 1514
f 5780 5781 5716
f 1880 4820 1878
f 5782 1981 4847
f 5767 1579 1578
f 2975 4882 2976
f 4440 50 49
f 1984 4505 4506
f 36 35 4544
f 1961 4563 1440
f 2103 4900 4832
f 2396 2108 5054
f 4963 4520 19
f 2386 2385 2423
f 5783 2242 204
f 4303 4215 1468
f 4690 5506 491
f 1658 1657 55
f 1981 5776 1982
f 5294 4693 4692
f 5663 4917 1937
f 2125 164 2073
f 1973 5784 4910
f 76 4453 4551
f 77 2044 2000
f 85 84 2045
f 1504 2070 2033
f 1966 2021 1967
f 4318 4928 4319
f 2024 4443 2064
f 335 4971 4743
f 2138 4971 335
f 5776 4902 1982
f 2377 2807 5103
f 4265 1459 4216
f 1946 1948 10
f 1976 4467 1974
f 271 1141 1634
f 2039 4548 2040
f 1937 166 4937
f 1895 1894 1899
f 1973 1569 4925
f 4490 108 110
f 2000 1999 2073
f 5625 4293 4294
f 5583 4294 4335
f 1977 1979 4888
f 2113 2139 2114
f 5785 1864 2198
f 2283 5580 4240
f 1982 4902 2326
f 47 62 1971
f 5782 5768 5775
f 2174 4289 2175
f 93 1590 94
f 4290 4891 4808
f 4854 2012 1589
f 1940 41 1983
f 2452 2253 4853
f 2055 5666 1654
f 2107 95 94
f 3626 1849 5786
f 2011 2013 2057
f 95 4476 93
f 4922 5787 5788
f 4639 1223 5789
f 13 4458 66
f 5790 5791 959
f 4318 1466 4928
f 131 148 132
f 4878 4490 1571
f 1895 4936 2083
f 4842 1752 4840
f 5792 1610 1999
f 5792 1999 1998
f 2878 5673 2879
f 188 187 2032
f 2127 4223 4901
f 92 2070 2051
f 120 5793 121
f 116 4531 114
f 2107 2079 5011
f 4920 47 46
f 4569 114 5794
f 2036 5793 1590
f 5775 5768 2008
f 122 2053 120
f 2053 94 120
f 1413 4300 4218
f 4915 1534 2035
f 1940 1983 1941
f 2013 5678 5671
f 2073 2072 2125
f 4559 4839 4474
f 1937 4937 1935
f 1966 4473 5672
f 2072 1999 1610
f 4473 1965 4559
f 4188 4930 4299
f 85 2045 4832
f 4562 136 109
f 2245 2466 2246
f 97 173 4562
f 4305 1457 1506
f 4888 1979 5792
f 2162 5795 2004
f 4979 2164 1599
f 2107 94 2053
f 4265 4216 149
f 47 1971 48
f 121 2081 2085
f 5768 4847 1579
f 159 158 1454
f 5788 5796 5797
f 4939 2362 4673
f 4615 1680 2393
f 1660 1659 5798
f 2124 4964 11
f 4229 1479 1639
f 2137 4488 2135
f 4854 2015 2012
f 2135 101 100
f 3402 2682 3644
f 1569 130 4925
f 5622 1458 1457
f 164 2000 2073
f 105 5692 5633
f 1571 110 1572
f 986 1101 3436
f 1995 1994 4547
f 5257 5256 5677
f 3032 3003 2413
f 4227 4306 1480
f 4561 4857 4899
f 2205 2588 5795
f 2537 2217 2216
f 4902 61 4534
f 94 5793 120
f 4566 4931 4933
f 114 4569 115
f 4512 162 4496
f 4471 81 8
f 2371 4589 4572
f 4803 4933 5629
f 2080 4922 5797
f 182 4597 3132
f 4486 2173 5787
f 2173 1627 5788
f 2117 5799 4238
f 1941 4964 4589
f 1941 1983 4964
f 2122 1920 2123
f 5752 4924 4279
f 2082 4934 99
f 1361 5800 2620
f 444 4488 2137
f 4937 1662 4467
f 4937 165 4908
f 5801 4936 1900
f 1987 4455 1988
f 4184 2197 5636
f 2148 1899 1986
f 2151 4996 2306
f 165 5802 4908
f 2076 4848 4995
f 5803 1597 1997
f 515 3003 5804
f 3214 4327 801
f 2605 4772 2604
f 2175 1405 2856
f 2095 2177 4264
f 5779 1656 1903
f 4264 2177 4304
f 5805 5599 5642
f 1457 4305 5622
f 3757 2723 2722
f 2085 5806 1631
f 4212 2513 2515
f 4920 4904 116
f 2085 2081 5806
f 5674 4464 161
f 2248 2191 4303
f 2117 4237 2088
f 1485 1428 1486
f 143 142 2169
f 4495 2090 2037
f 406 385 2362
f 2474 4506 2277
f 4282 2042 2041
f 4253 1496 1495
f 2098 2171 2096
f 175 1678 5609
f 4934 4556 3396
f 2146 1603 117
f 4941 2146 117
f 117 119 4941
f 1602 118 117
f 4995 5695 2077
f 4929 5795 2282
f 2665 4222 4220
f 5667 1932 1655
f 4512 1667 177
f 1688 2133 3816
f 181 4588 182
f 4605 5807 4586
f 1668 1667 1577
f 2110 4503 2111
f 66 4458 67
f 2746 604 4775
f 2249 5584 2247
f 5585 1398 4794
f 4931 2250 2249
f 5808 5809 138
f 4159 5780 2450
f 5799 2117 2116
f 2091 5810 3675
f 2081 5797 5806
f 4266 443 2214
f 4485 4530 4905
f 4486 5787 5671
f 2090 4941 2058
f 2098 4521 2171
f 4518 4517 133
f 4937 4908 1662
f 135 4518 133
f 4852 4936 5801
f 1683 1673 3215
f 621 5192 619
f 2278 2277 3395
f 4792 5811 5065
f 2154 4555 2152
f 2475 2277 2276
f 4916 5801 1900
f 2232 2275 5020
f 4501 4515 4517
f 4555 2278 3395
f 3396 4555 3395
f 2276 2278 2154
f 4943 5685 4944
f 4229 4269 4228
f 4226 4225 5591
f 5812 5226 1725
f 4245 198 1341
f 5792 1979 2031
f 84 2246 5005
f 5670 137 4918
f 2003 2064 2106
f 5813 2893 3623
f 5692 4372 4927
f 2165 4980 4981
f 5694 4988 1413
f 5642 112 5805
f 293 2296 179
f 4571 5769 4971
f 5814 4945 2366
f 196 5814 197
f 5549 1704 1706
f 2016 4906 1584
f 2142 1627 2173
f 4835 146 145
f 4581 4580 5587
f 3869 4023 3870
f 4946 5815 141
f 1896 5815 4946
f 2619 5816 5423
f 119 118 4501
f 1735 2069 1736
f 4972 2154 4948
f 1997 108 147
f 2305 2149 2151
f 5609 5608 4249
f 1966 1965 4473
f 4951 5817 5818
f 5819 4516 4515
f 4390 5629 1466
f 4232 1876 3277
f 5820 4858 4859
f 4249 175 5609
f 5019 2227 5020
f 2312 2199 2229
f 2165 2164 4979
f 5698 4612 4288
f 1626 4497 5796
f 2454 4238 3977
f 4945 5814 196
f 200 2066 1342
f 4163 4223 184
f 195 445 2137
f 4589 2371 4590
f 443 2096 2171
f 141 143 2172
f 138 140 5808
f 2317 3419 2315
f 2142 2172 139
f 119 4501 4500
f 2051 5821 92
f 4319 1458 5622
f 2072 1597 5803
f 149 151 4265
f 2102 1581 2083
f 5000 2095 5586
f 1608 97 1609
f 1607 1606 3446
f 1938 2040 1444
f 5569 5170 2369
f 4524 5818 5817
f 4919 4963 1656
f 2105 2208 2161
f 2162 2205 5795
f 4537 4543 1947
f 2211 5822 4602
f 4566 2250 4931
f 2451 4438 4998
f 5797 5796 5806
f 1176 1348 1177
f 1628 2194 1626
f 2985 2394 1704
f 4160 2120 1378
f 126 128 5683
f 2253 2132 228
f 4982 5810 4495
f 4945 2136 2254
f 5207 330 329
f 5683 128 2194
f 1156 1155 1263
f 4961 5823 4962
f 1103 1074 197
f 2235 5037 5001
f 4150 1402 1382
f 2227 5594 2228
f 1584 4906 1585
f 5008 4205 4204
f 2182 3667 3666
f 2196 2195 4582
f 2275 5018 5020
f 5802 5803 1997
f 5801 4851 4852
f 5682 4852 2306
f 4848 4936 5682
f 5777 2475 5824
f 4520 1671 19
f 5816 4851 5801
f 4916 5816 5801
f 2306 4996 5682
f 1675 1674 4943
f 4952 4951 2242
f 4600 1638 4599
f 2060 2160 5025
f 2271 1624 1623
f 5818 2243 2242
f 2412 3995 2410
f 2222 4154 1838
f 317 319 682
f 2956 2955 5825
f 2588 2205 2207
f 4846 4481 4603
f 4024 5745 4981
f 4981 5745 2079
f 1630 5351 4970
f 4534 115 4903
f 5681 5351 1630
f 1441 1440 2176
f 5684 134 133
f 693 5281 1162
f 2168 2254 2136
f 5823 1426 1428
f 2339 4812 233
f 4499 100 2067
f 4513 1585 5256
f 2230 3675 5810
f 1242 4574 2263
f 4947 4986 4985
f 5695 4995 5516
f 4916 1900 4835
f 5783 5826 5684
f 3202 4751 3203
f 5824 2216 2215
f 4524 1838 4154
f 4522 134 2749
f 222 2287 2286
f 4049 4405 4191
f 1767 4753 1768
f 1242 400 4575
f 5702 2209 2104
f 156 4611 157
f 1593 1600 2164
f 2052 2165 4981
f 2324 2326 4903
f 4903 115 4863
f 4494 4475 3817
f 5827 4864 5807
f 2469 2468 2213
f 5018 5811 5019
f 2228 5606 2229
f 4853 4476 2452
f 2029 2163 2030
f 4588 4590 4597
f 5799 2116 5771
f 2255 4499 2235
f 2808 4812 2339
f 2230 5810 4938
f 680 3022 681
f 2067 99 2068
f 1599 5462 4979
f 5684 5826 5143
f 5002 3666 2748
f 316 2215 2217
f 4525 4154 1614
f 2206 2205 2161
f 464 414 5825
f 2207 2206 227
f 4024 4980 4025
f 5033 4980 4979
f 2324 4903 4863
f 5462 1599 2387
f 1629 129 1670
f 2191 150 149
f 1630 1629 5681
f 1103 5814 212
f 5587 4580 5559
f 554 1891 1890
f 5676 5677 5256
f 1674 2361 2477
f 4266 5679 4685
f 2378 2377 5103
f 5145 5211 5707
f 3668 4523 3666
f 2169 3668 5696
f 135 4523 4519
f 4130 5828 4564
f 1682 2361 1683
f 5002 2424 5699
f 5829 2288 2287
f 737 736 5468
f 2151 2150 268
f 205 5023 206
f 3745 3749 5830
f 136 173 5659
f 1903 5831 1901
f 5832 4939 464
f 2308 227 2206
f 293 2212 2327
f 2164 1600 1599
f 2511 258 364
f 5054 2108 5594
f 4971 5769 4743
f 163 2111 4503
f 2232 2199 1419
f 114 4533 5794
f 5591 5137 4226
f 198 200 1342
f 2069 4142 2067
f 2470 5679 2468
f 4582 4947 4985
f 3420 5056 5423
f 4796 4245 1341
f 5833 3085 5252
f 4929 2282 1622
f 332 334 5062
f 2271 2270 1671
f 5786 4701 587
f 4444 4578 2106
f 2308 2208 2955
f 5028 225 4977
f 1145 5080 1146
f 4304 2294 5834
f 4968 4104 2331
f 2079 5745 5011
f 4264 5586 2095
f 2609 5558 4580
f 2335 2582 2333
f 4962 2572 2574
f 2759 229 2131
f 5559 2129 150
f 2256 2255 2235
f 1941 4589 4588
f 3419 144 2315
f 991 901 1068
f 4130 4583 5828
f 5143 2289 2749
f 5164 333 5004
f 5488 5835 2838
f 4252 4870 4308
f 2222 1838 2408
f 2292 5030 2542
f 4167 5007 1943
f 701 700 777
f 4618 2390 2600
f 257 4351 4437
f 5321 5323 1007
f 2429 3006 5836
f 4063 5605 3
f 4063 4065 5605
f 4249 5608 5606
f 2228 2109 5606
f 2485 3070 4296
f 5594 2227 5019
f 5207 3976 5037
f 2252 228 230
f 4590 2371 2370
f 2232 2233 237
f 4985 4984 4564
f 5478 5479 368
f 2361 5093 2477
f 309 308 5837
f 96 5025 253
f 2270 1623 4234
f 2419 5042 2421
f 5013 5838 4061
f 4956 5564 2291
f 4963 5772 4520
f 5795 2588 2282
f 2243 205 204
f 4154 1615 1614
f 4997 5550 246
f 4723 407 5702
f 4465 4202 2437
f 5059 2896 4046
f 2207 227 226
f 5462 2387 1144
f 1405 2175 4289
f 4481 221 155
f 2335 5836 3006
f 5163 5611 5839
f 5586 151 2129
f 2132 4494 2133
f 2258 3088 2894
f 4405 4915 4191
f 4965 3676 5172
f 4148 2035 1441
f 2230 4938 2252
f 4991 2817 5172
f 5407 2374 2376
f 2230 2231 4991
f 2789 5017 566
f 2359 867 2238
f 2195 4947 4582
f 1603 1312 3215
f 5539 4600 4565
f 2425 2749 2289
f 2217 2472 314
f 2060 5025 96
f 263 2592 264
f 153 401 2086
f 187 2160 2060
f 5026 2202 4233
f 2592 263 2262
f 2477 4949 1416
f 5013 2352 5014
f 267 4095 4858
f 2184 1150 5643
f 5298 3430 3429
f 2308 2956 227
f 1598 5840 2387
f 259 4351 257
f 271 5841 269
f 5745 3817 5011
f 4437 362 257
f 3623 193 2632
f 5052 5364 301
f 3137 5842 5521
f 2370 1619 4872
f 182 3132 4595
f 296 240 2418
f 3676 1311 1310
f 5811 2623 5065
f 2214 2213 2468
f 277 5172 2817
f 3671 5201 5843
f 2516 762 5127
f 3215 1312 2347
f 1684 262 2375
f 5124 2614 2343
f 866 865 3464
f 2310 2309 2304
f 2436 4604 4466
f 1638 2769 4599
f 4061 2352 5013
f 4860 4646 1703
f 5825 2955 5832
f 220 4864 5827
f 4157 2449 4026
f 2363 3504 2364
f 4288 2297 1679
f 4743 5713 2334
f 2367 5170 4123
f 4088 5844 5220
f 2093 5000 5082
f 5669 93 4476
f 5771 2256 5799
f 4162 4127 1324
f 1075 460 1073
f 3553 307 239
f 240 2467 2418
f 2561 3976 812
f 4507 2635 2634
f 2470 2469 398
f 277 276 4965
f 2574 4114 4962
f 2613 4466 4686
f 262 2347 2348
f 5131 5406 5845
f 1714 5422 4606
f 2472 5499 5004
f 5846 4136 5083
f 5847 5848 2852
f 716 715 2420
f 2659 223 2352
f 2151 5516 4996
f 5014 5023 2385
f 4973 5028 190
f 2243 4525 205
f 2209 5832 2955
f 5840 2388 2387
f 2323 2601 2329
f 4760 3795 5849
f 2382 2474 2241
f 446 2590 5006
f 2589 1706 2118
f 2836 2610 2688
f 1549 303 302
f 303 4680 304
f 2196 2517 1618
f 5161 5280 5850
f 4792 4791 5054
f 2616 2615 5055
f 1586 144 146
f 4604 4686 4466
f 2361 1682 5093
f 5113 4201 2233
f 5096 4950 4949
f 5777 2239 2241
f 1582 4554 4989
f 224 223 4394
f 342 2386 2700
f 416 415 4977
f 5564 4956 5031
f 2204 4577 5702
f 4973 226 5028
f 642 568 4674
f 4224 2895 4225
f 3271 3270 4196
f 2323 2322 4610
f 290 358 4997
f 3051 3050 354
f 4059 4058 5562
f 1382 1381 4149
f 2094 255 2295
f 5046 3225 428
f 1465 5540 4170
f 5669 4476 4853
f 2610 2453 2611
f 3087 2316 5257
f 3553 230 229
f 296 2418 277
f 1617 2196 1618
f 3976 5207 812
f 1635 5390 5328
f 5679 2470 2343
f 2231 238 2817
f 4090 5851 5844
f 2728 374 5203
f 1696 5588 5845
f 5559 5558 2130
f 4579 2609 4580
f 2627 2737 2625
f 261 2375 262
f 264 544 1691
f 314 2472 5004
f 2305 2309 4751
f 2286 223 222
f 1565 2158 5852
f 5249 5838 341
f 4660 5184 4636
f 381 5069 2718
f 2185 5643 2188
f 5049 2890 2508
f 5778 342 2700
f 2408 2223 2222
f 683 685 2884
f 2956 5825 416
f 5006 5139 5007
f 4152 258 2511
f 1917 1771 1773
f 2728 5715 472
f 5198 2877 3728
f 4204 4206 4924
f 2915 2761 2914
f 3138 666 3139
f 232 234 1693
f 569 2818 2695
f 3174 2440 3057
f 865 3260 5390
f 1890 684 5719
f 2517 2196 4583
f 5537 4396 5853
f 2615 5588 1696
f 1002 1737 1000
f 4582 4985 5828
f 4607 2934 5116
f 4047 2731 3565
f 5407 5094 2374
f 4394 297 224
f 2902 1604 313
f 2149 5850 2150
f 224 298 2424
f 244 5036 5538
f 454 2411 318
f 2421 424 284
f 2408 2407 5009
f 250 266 5280
f 5049 2415 2862
f 416 225 227
f 291 1854 5854
f 360 4610 5084
f 687 4633 2952
f 5700 495 497
f 2429 5836 1906
f 591 5200 5440
f 2643 5045 4100
f 2314 1679 2297
f 4612 4595 4288
f 2087 2089 430
f 306 5021 2416
f 2469 1073 398
f 2653 2724 2791
f 5328 5305 2635
f 5119 2752 4616
f 376 5056 5126
f 4839 4600 5539
f 1692 5855 265
f 5094 5093 1682
f 5108 2260 4591
f 2489 2608 2490
f 1714 4122 1715
f 2458 528 5856
f 1638 4493 2769
f 2490 4579 2580
f 2660 4061 5838
f 2292 2542 405
f 455 548 456
f 5080 4760 4428
f 2099 2354 2100
f 5084 4585 155
f 2329 2601 2355
f 2714 483 2747
f 4666 259 258
f 3779 3771 1717
f 2439 1731 1730
f 496 695 647
f 5857 4109 4974
f 4614 3068 5169
f 3050 4615 354
f 5536 2365 5224
f 5105 5858 2985
f 5841 5087 269
f 210 1705 211
f 458 2790 642
f 4237 2117 4238
f 4266 2214 2468
f 2635 4507 5328
f 272 274 2524
f 5114 5203 374
f 5537 5853 5712
f 2506 5099 2144
f 1695 2615 1696
f 275 1695 1232
f 5150 2658 5859
f 2320 2657 4079
f 2347 1684 3215
f 5022 5845 5406
f 5142 5278 5279
f 1682 2374 5094
f 5407 2534 5860
f 2567 5861 5057
f 2319 2533 852
f 5850 4750 5862
f 621 251 5160
f 1438 1437 2634
f 2207 226 4973
f 2158 2159 3496
f 4599 2769 263
f 286 285 249
f 1625 4233 1623
f 2203 2189 5863
f 5864 4234 5058
f 2633 2635 5305
f 341 5838 2384
f 2568 5863 2244
f 2270 5864 1672
f 1615 2223 5380
f 2384 5013 2385
f 5031 4956 3120
f 3857 5035 5205
f 3855 3857 5865
f 414 5063 415
f 414 464 466
f 1302 291 5854
f 2795 397 396
f 5563 1854 291
f 4069 390 392
f 2985 2986 2394
f 4627 5866 5773
f 5112 5111 2559
f 2088 2118 2117
f 2133 1690 2759
f 5867 5868 4126
f 339 4194 5021
f 5305 5328 5390
f 5851 2368 2367
f 3086 2316 3087
f 495 5700 353
f 3609 5003 5869
f 2259 4686 5104
f 4255 4071 4054
f 5855 1702 4131
f 700 3291 776
f 2586 5058 2587
f 1066 4650 5209
f 2202 2221 2203
f 5062 5097 424
f 4641 5184 4660
f 1696 5845 1232
f 2490 2459 1843
f 5643 934 2188
f 4509 4956 4508
f 5015 2509 5379
f 2359 2532 4105
f 5030 5262 2542
f 4673 2362 384
f 2621 2543 4491
f 2219 2388 4153
f 2601 4632 2600
f 2390 4618 1699
f 5571 5857 437
f 4605 3050 5807
f 2272 1361 2464
f 5845 5022 1232
f 5405 5173 2534
f 5328 4507 274
f 4107 763 4130
f 506 4029 1536
f 762 764 5127
f 5128 4645 2461
f 5860 2536 5503
f 341 5146 5249
f 2677 3671 2821
f 409 2538 545
f 3496 3495 5118
f 5070 4226 5136
f 2570 4095 2571
f 544 410 409
f 333 5069 334
f 4025 5079 4158
f 4115 2407 4950
f 4393 2661 5118
f 5870 548 455
f 382 2718 507
f 5863 2189 2244
f 413 2568 411
f 5838 5249 5852
f 1674 1673 2361
f 189 4973 190
f 1689 1688 2450
f 5864 5058 3122
f 2293 4939 5832
f 254 256 5854
f 5048 2772 5778
f 5010 256 255
f 3795 2388 2219
f 156 3049 4611
f 4055 4002 4784
f 2158 2661 2660
f 2481 336 4742
f 2314 2313 2392
f 4101 4782 4100
f 5698 4288 1679
f 430 428 3225
f 5034 2559 2523
f 1073 2527 398
f 767 769 466
f 1695 5055 2615
f 5489 2457 2456
f 5407 2376 5405
f 2467 5066 2417
f 5107 5073 2616
f 5588 5131 5845
f 1596 5182 5489
f 1715 3203 2309
f 5097 5062 334
f 5556 5449 3175
f 5029 4642 5871
f 4131 1702 4107
f 252 251 2495
f 2656 4077 1357
f 1146 5462 1144
f 1813 5474 5475
f 3728 2877 2349
f 5024 447 278
f 422 1717 3391
f 4007 4006 5872
f 3845 1197 3846
f 5051 3391 5873
f 5086 4836 792
f 4613 3997 2731
f 419 5704 4619
f 3997 478 5543
f 2335 4731 5836
f 4619 3005 417
f 498 500 2723
f 2480 2410 3995
f 5874 1302 5553
f 1690 2133 1688
f 1075 1104 460
f 3132 1712 1711
f 4648 5875 2630
f 2835 2673 5121
f 459 643 4647
f 5048 5778 5507
f 2610 2561 2688
f 5876 5877 2530
f 2947 2949 2566
f 2709 2564 2528
f 2373 2616 2531
f 313 2564 2687
f 2318 2320 4079
f 2947 2566 2565
f 3609 5869 3961
f 1596 2372 5182
f 2933 5116 2934
f 2615 2617 5588
f 5406 5131 475
f 4565 5855 4131
f 5405 2376 5406
f 5082 5000 4999
f 5094 5860 5095
f 2150 5850 266
f 5407 5860 5094
f 5082 1708 1707
f 2540 5478 1212
f 5108 5847 2261
f 2586 2201 5098
f 4895 1292 4068
f 4071 5613 4072
f 5263 5038 5878
f 5569 5597 3999
f 5849 3795 2219
f 5549 2589 3225
f 696 5169 694
f 2581 2520 2667
f 355 354 4615
f 5139 1250 1944
f 5314 5476 5879
f 4709 5353 2551
f 3277 5617 4232
f 5880 394 5111
f 263 2769 2262
f 1347 3809 1348
f 3553 229 307
f 2524 2526 272
f 2790 2789 568
f 1348 3279 3183
f 1984 1000 4505
f 2564 2709 2708
f 311 5073 312
f 2616 5055 5107
f 902 1521 3002
f 3962 1563 3672
f 3204 5115 3202
f 5503 2536 5133
f 2149 4750 5850
f 2718 5068 508
f 2180 3841 280
f 5062 315 332
f 5098 2599 2586
f 1672 5864 3121
f 2853 1383 288
f 348 347 5099
f 383 3794 384
f 407 4723 405
f 5881 88 4457
f 5697 1130 1132
f 2552 682 319
f 4901 199 2283
f 2757 4035 2996
f 1302 5874 1301
f 5561 2331 4987
f 4619 2581 3005
f 4057 2806 5477
f 2631 2705 5081
f 210 1706 1705
f 5111 5110 5880
f 1713 5422 1714
f 5597 399 152
f 1222 367 4089
f 2689 5876 2529
f 4117 5876 2709
f 2921 2923 5856
f 2727 5715 2728
f 410 5847 408
f 5193 5162 5174
f 266 250 267
f 2382 1985 4506
f 2853 2599 1383
f 910 2069 1735
f 2584 4135 2494
f 1565 5852 5248
f 2966 5882 2826
f 466 769 5063
f 4108 2264 4018
f 3464 4812 2808
f 5351 1606 4970
f 1229 5451 3605
f 4427 4426 4764
f 5849 2219 2543
f 5701 2389 2391
f 3391 2510 5873
f 5883 436 1831
f 326 328 3432
f 5884 4158 5078
f 1346 3844 1351
f 2178 2593 2624
f 4008 3737 5109
f 5106 3702 3701
f 431 3770 1548
f 2143 4080 2506
f 4557 4889 4929
f 3419 3421 145
f 1131 2435 1132
f 5348 5232 520
f 520 5110 3189
f 1690 5034 2759
f 2484 1245 1244
f 5155 486 4514
f 5148 2835 2834
f 2504 2258 2893
f 5107 5090 5073
f 5713 4743 5769
f 2863 1434 2674
f 2726 2725 527
f 2633 5885 4370
f 3962 5869 1563
f 4122 5116 3204
f 5205 357 5865
f 1563 999 998
f 2186 4989 2570
f 2592 410 544
f 2677 2821 2678
f 508 5163 4456
f 2849 4245 4796
f 5096 4955 2963
f 334 5069 5097
f 1323 3986 4139
f 2185 2409 4989
f 2356 4982 2015
f 1290 1292 4895
f 5261 2827 2826
f 5262 5211 2542
f 2862 2772 5048
f 2439 769 768
f 5825 414 416
f 5886 2971 2970
f 5102 5101 1700
f 5748 4192 4178
f 4618 4632 2873
f 3778 2047 2801
f 663 5134 661
f 2429 1917 1773
f 2341 4191 2342
f 4620 5704 4626
f 1685 5140 2433
f 2450 5780 3191
f 1131 2433 2435
f 4039 2647 2646
f 1245 2089 1243
f 4559 4474 4473
f 2649 5156 2650
f 2691 2709 5876
f 2529 5876 2530
f 1320 2086 2263
f 2733 2729 5194
f 4370 1438 2634
f 2652 2724 2653
f 5573 5885 2554
f 5887 379 3970
f 474 377 5173
f 1984 4506 1985
f 5843 1594 3671
f 2486 5859 2658
f 999 1985 715
f 2821 998 2822
f 4955 5095 5503
f 2962 5317 5319
f 5476 3825 5520
f 5015 2962 5319
f 5029 5871 5108
f 4130 4564 4131
f 3264 5888 2598
f 2586 2599 2853
f 1044 2772 2788
f 4640 4978 5183
f 5049 2508 3031
f 5099 2506 1318
f 3090 4629 1760
f 345 4629 3090
f 2891 2699 5380
f 2873 1697 2872
f 5687 1889 1649
f 4152 3778 2801
f 298 5699 2424
f 361 157 4874
f 5807 3050 3049
f 5889 2670 2332
f 603 5890 2945
f 3006 2582 2335
f 3718 461 2395
f 429 430 4296
f 2435 2631 1764
f 4966 5327 5326
f 519 395 394
f 5034 3190 5112
f 1711 2645 2298
f 576 5891 4132
f 2724 2726 2791
f 5892 2650 3713
f 4872 2516 2725
f 2695 5859 2696
f 5611 2438 5893
f 424 5097 423
f 4954 2963 4955
f 333 5164 5068
f 4950 5096 4115
f 5871 4641 5848
f 423 5097 381
f 5847 5108 5848
f 2913 5894 2911
f 2775 4094 4770
f 5319 2509 5015
f 289 4598 287
f 5262 5261 5707
f 5714 3083 4781
f 3047 3032 3048
f 154 5576 3943
f 2923 5576 5856
f 2384 5838 5013
f 468 2647 4038
f 5438 4135 2583
f 1700 2996 1701
f 5353 5140 1687
f 3757 5895 2723
f 3053 3052 5896
f 5024 3742 5897
f 5898 5217 5535
f 1636 234 233
f 4530 4529 5675
f 704 2796 705
f 1710 2686 463
f 2691 5876 2689
f 5899 1224 1223
f 5900 2885 3069
f 4008 125 124
f 5901 4369 4881
f 2729 2728 5203
f 4371 5573 5574
f 5529 4080 4081
f 285 2478 558
f 4641 4640 5184
f 4977 4642 5029
f 3264 3263 5902
f 4673 4781 3788
f 2699 5507 2700
f 4637 3159 3161
f 5903 4627 3787
f 2287 2289 5143
f 4628 482 3787
f 5866 2715 5773
f 3116 1510 3117
f 2510 3391 3771
f 2511 3771 3778
f 3771 3779 3778
f 4843 2704 5167
f 2668 3968 4139
f 1043 5146 343
f 2565 1837 5386
f 5327 2858 1709
f 2393 3046 355
f 593 2835 5121
f 305 2673 2672
f 2503 4514 599
f 5459 3965 5187
f 1819 3715 5901
f 462 2527 460
f 73 5223 74
f 3715 2837 4655
f 2611 2453 2454
f 4593 2844 2843
f 4106 4646 5128
f 1521 5091 3002
f 3007 5267 3008
f 5817 1838 4524
f 5887 4028 377
f 5162 5193 5160
f 2594 5222 5221
f 2852 408 5847
f 2942 5317 5374
f 2852 5848 1956
f 4168 5626 2984
f 5222 2594 380
f 2981 5746 1272
f 2599 512 1383
f 5098 5863 2568
f 350 2159 351
f 2277 2475 2474
f 251 621 2495
f 4634 625 627
f 5899 1223 4639
f 3823 2603 2049
f 5903 3103 5147
f 2602 2603 4491
f 2391 1701 2578
f 2779 418 2704
f 3742 5879 5897
f 2434 2706 2705
f 5897 5879 4013
f 3190 5110 5112
f 3190 3189 5110
f 3841 3840 3925
f 2929 2907 499
f 2976 487 486
f 5715 2727 5279
f 2693 526 4622
f 5904 3173 5130
f 1482 1481 2843
f 2438 4202 5893
f 5492 2629 2145
f 2628 2624 4081
f 2733 5680 2734
f 2143 2145 2629
f 2744 2743 1045
f 3600 1260 3839
f 3994 4796 1341
f 5538 5036 3024
f 481 5176 3102
f 4628 3257 2823
f 5062 424 5042
f 576 4132 3151
f 3607 2715 3823
f 5285 3141 3019
f 2776 2512 421
f 4031 3570 5890
f 5147 3103 2993
f 327 326 3607
f 5773 2716 3257
f 3823 5147 2603
f 421 420 2776
f 3391 1717 3771
f 4875 2447 2991
f 4480 1723 5697
f 1704 5105 2985
f 2706 2434 5226
f 1416 4950 1414
f 687 2952 5905
f 2967 1169 5225
f 5148 5202 2529
f 473 5715 5158
f 471 2816 1915
f 4838 5123 3687
f 522 1353 4882
f 4841 619 924
f 88 5077 89
f 849 5171 847
f 5887 3970 5906
f 3853 3852 5171
f 1509 5907 5115
f 2486 2488 5441
f 5154 4111 4783
f 2865 2942 5374
f 5117 3495 369
f 2918 1908 1910
f 4634 4770 2770
f 3263 5238 5902
f 1383 511 677
f 676 5210 677
f 1241 1252 1278
f 1769 3119 1267
f 4021 2713 2712
f 5183 5063 2857
f 5190 456 548
f 5177 3628 4526
f 5102 1699 2638
f 5903 5147 5866
f 4152 2801 2220
f 2876 3400 5197
f 3372 3373 5703
f 429 592 426
f 548 5870 5241
f 2717 2264 2719
f 2649 2976 5156
f 2787 5251 2788
f 2727 2729 2733
f 5061 4502 4155
f 642 2790 568
f 473 5157 2816
f 1438 4370 4369
f 5128 4623 5074
f 2844 5076 4837
f 5855 1692 1702
f 5862 4750 5907
f 4750 3202 5907
f 4032 3336 3182
f 5881 5075 88
f 248 247 5259
f 1691 544 545
f 3751 4141 2937
f 2942 2865 2940
f 5374 5317 2961
f 5018 2623 5811
f 2919 2918 5908
f 350 352 370
f 2732 5109 3737
f 3048 2507 5318
f 2745 5909 2743
f 1145 4760 5080
f 2414 2413 2787
f 5239 2798 1826
f 3055 5061 2824
f 5910 5240 3055
f 5176 671 2994
f 3103 2994 2993
f 3125 3127 3217
f 2638 2448 5102
f 2898 4046 2896
f 2622 2621 600
f 4003 5071 4001
f 2905 614 2954
f 5085 4652 359
f 4036 2757 2703
f 5101 4875 5199
f 2969 3909 1024
f 3963 3985 3892
f 5658 1550 5200
f 5911 5274 2399
f 4042 427 426
f 3045 4614 3046
f 3991 3993 5912
f 3993 3991 1829
f 2428 4296 3070
f 3629 5722 5188
f 2812 1891 554
f 3313 2816 5157
f 5142 5141 5278
f 154 4000 3999
f 2750 2752 5120
f 5017 526 2692
f 2413 3004 3015
f 1432 1434 2863
f 3715 3714 5901
f 5057 2319 852
f 526 5913 527
f 1722 5130 2932
f 5128 4646 4645
f 538 5812 539
f 4874 4611 4873
f 3970 3969 5906
f 617 2539 618
f 506 1539 504
f 1508 5162 5161
f 2678 5259 4468
f 2569 413 2598
f 2599 5098 2569
f 4660 4636 4638
f 3264 2598 413
f 3047 3003 3032
f 5145 5707 5144
f 1252 5532 4020
f 2575 5183 2857
f 691 480 3040
f 2439 1730 2576
f 2823 5910 2824
f 482 3039 480
f 3432 2714 517
f 2774 3432 517
f 5894 4767 2911
f 2583 3328 5438
f 3047 2941 3104
f 468 4038 469
f 3400 2876 3401
f 2704 4843 4845
f 4251 4252 4774
f 5050 3372 5703
f 4143 4134 5525
f 5043 5593 3067
f 2985 5858 2722
f 4451 5303 4450
f 1605 1604 2457
f 5601 5008 4204
f 3268 5875 822
f 5875 5914 5915
f 5681 1629 1670
f 5202 5148 2834
f 4008 124 4009
f 2727 5191 5279
f 2909 2908 2839
f 679 348 3016
f 2908 2793 2792
f 3715 1819 2837
f 2767 4856 1820
f 2915 5916 2761
f 271 1634 5917
f 2411 3024 318
f 5408 3875 3856
f 674 673 2677
f 1635 1636 4813
f 284 208 285
f 5902 2964 5888
f 5743 4776 1283
f 4122 1714 4607
f 2824 5910 3055
f 5910 2823 5918
f 753 5189 4482
f 4998 5681 2451
f 671 573 2995
f 2747 517 2714
f 2565 1707 2858
f 770 5919 3913
f 3984 5528 4101
f 5106 4042 3702
f 3945 5527 3984
f 583 4193 3105
f 5858 5106 3701
f 5895 3757 794
f 4709 1724 5140
f 5243 5347 4960
f 2550 2811 4709
f 3940 1162 5532
f 5908 3081 2919
f 2861 2860 3045
f 3747 2522 2861
f 362 269 5364
f 556 5142 5191
f 2540 5435 5478
f 5920 5107 5066
f 5141 4682 5278
f 1821 3290 1727
f 4856 5899 3289
f 296 277 2817
f 571 5789 2818
f 2261 2260 5108
f 903 379 378
f 3001 3969 3002
f 2880 675 674
f 2851 5720 45
f 4470 5921 5159
f 4478 3117 5922
f 2717 1202 529
f 5219 5923 3033
f 1956 4638 1954
f 637 638 5435
f 3880 3052 3054
f 1812 4758 1802
f 2747 3628 518
f 3629 3628 2747
f 5165 1611 1499
f 4875 5206 5199
f 1498 1500 2441
f 3337 5168 5924
f 5197 3400 5165
f 3074 5898 3075
f 3842 5524 5526
f 3746 5925 3847
f 2551 2550 4709
f 3714 1436 1438
f 5595 5287 5303
f 5880 519 394
f 5231 521 5232
f 1354 1353 522
f 2677 673 5201
f 4009 5487 3737
f 5895 5926 2723
f 2684 2685 2456
f 3265 1728 2764
f 5138 2814 1727
f 3173 2786 2785
f 3599 5927 3594
f 5492 2145 547
f 4379 633 632
f 2145 347 547
f 1224 4856 2767
f 3300 5268 3134
f 408 2851 44
f 2869 3926 3928
f 5877 4117 5090
f 2576 1730 5258
f 3208 5456 3118
f 3048 3031 2507
f 3031 2508 2507
f 5048 5049 2862
f 2695 2818 1225
f 1301 5874 603
f 3021 5285 3019
f 5918 2823 3257
f 4749 4748 3868
f 1305 3767 787
f 2803 3089 2804
f 5510 2905 3967
f 353 5169 495
f 3381 837 3410
f 4056 4697 1037
f 654 3268 821
f 5880 520 519
f 1354 2927 2926
f 4456 5163 5881
f 5163 5839 5881
f 1724 2811 1725
f 4960 5348 3189
f 847 5509 5912
f 623 3998 1830
f 2910 4655 2793
f 2783 703 4125
f 1820 3290 1821
f 2934 1722 2932
f 2537 4948 5104
f 4623 5128 2461
f 3289 5899 4510
f 2932 5152 2933
f 5077 88 5075
f 5162 1508 1507
f 2868 595 4470
f 2837 1819 1821
f 5882 5144 5707
f 768 3083 5928
f 5307 708 5929
f 3015 5930 3013
f 3017 1763 3037
f 5931 3253 3252
f 5722 2747 483
f 3334 5039 2380
f 528 5212 2921
f 528 2921 5856
f 5488 2838 2840
f 1253 1252 4020
f 2446 2872 2804
f 2756 4670 5214
f 561 560 1743
f 3702 792 794
f 562 561 641
f 5932 4774 4252
f 5880 5110 520
f 704 1169 2967
f 5476 5520 4013
f 2841 2924 5138
f 525 4622 526
f 3290 3289 2846
f 1915 1914 5904
f 1224 5899 4856
f 4266 2468 5679
f 5921 594 2878
f 2463 4033 4141
f 5887 5906 4029
f 3113 503 2636
f 3743 278 280
f 3012 5804 3104
f 3081 5238 2988
f 2900 5197 5165
f 3792 5933 3793
f 3082 5714 2871
f 2907 5905 2710
f 2736 2627 5492
f 3262 5833 3013
f 5928 1731 768
f 4285 3261 5930
f 1045 1044 5251
f 5931 800 2800
f 692 691 3040
f 1477 5340 1475
f 695 648 647
f 3875 3024 5036
f 3543 5934 2910
f 4159 2450 4157
f 2549 5265 2550
f 2926 561 2882
f 2433 5140 1726
f 4325 521 5231
f 522 524 1354
f 3045 2860 5593
f 603 2945 1301
f 5935 4675 567
f 701 1544 702
f 5913 5017 2789
f 5936 4837 5076
f 570 569 638
f 4667 3144 3143
f 4457 5937 509
f 2677 5201 3671
f 571 503 502
f 3423 3098 3100
f 2958 855 2959
f 2916 2848 2847
f 1536 5938 1537
f 3891 3893 2903
f 289 288 677
f 2965 3034 2966
f 1239 1277 3991
f 3083 3035 5928
f 4616 2752 4617
f 2680 647 649
f 2440 1500 1613
f 5497 5939 2922
f 1742 2859 1743
f 4680 5088 5841
f 2980 5835 5141
f 5789 502 581
f 673 3114 3000
f 4468 4470 5159
f 1092 4314 890
f 2866 4954 2960
f 558 2479 3302
f 855 5649 2959
f 3542 5940 2541
f 4953 2958 2960
f 3112 4696 1748
f 3160 3159 4663
f 2942 5318 5317
f 4135 2584 2583
f 2576 5258 2577
f 2054 4971 2138
f 1103 212 1104
f 362 5364 363
f 2413 3015 2787
f 5251 1044 2788
f 3908 5212 5213
f 3124 3739 493
f 4285 514 513
f 550 5941 588
f 2862 2415 2414
f 4038 2647 4039
f 4629 4630 5942
f 3025 5316 1780
f 2779 4845 3110
f 5812 2881 4450
f 537 1546 4401
f 524 2927 1354
f 5190 5668 456
f 4125 2885 5900
f 5718 1890 5719
f 2813 2812 554
f 549 4764 5941
f 699 698 3072
f 2234 2236 4142
f 3291 1483 776
f 4622 612 540
f 5943 732 5288
f 2765 5134 2763
f 2763 5639 2764
f 3153 781 3154
f 618 2539 783
f 4457 87 5937
f 3298 3471 2879
f 4028 5887 4029
f 4006 5944 5872
f 2238 2181 2360
f 2864 3135 3134
f 5318 2942 2941
f 3192 831 830
f 2847 509 5937
f 924 923 3117
f 2940 5582 3104
f 3656 5417 5945
f 5946 5947 2917
f 2143 2628 4081
f 2596 2478 207
f 3564 2625 2737
f 4627 5903 5866
f 724 5282 2754
f 5910 5918 5240
f 4875 2991 5206
f 2280 2279 3357
f 3856 3855 5204
f 1021 3603 5286
f 2995 709 2875
f 2756 5214 5167
f 4069 4147 390
f 2310 4851 2619
f 2395 1104 211
f 5948 5895 5604
f 470 2630 4643
f 5914 5875 4648
f 3152 4402 2930
f 4529 4587 5675
f 697 2301 215
f 5240 3141 5285
f 4623 612 4622
f 2970 5496 5886
f 3910 3946 3945
f 5159 674 2678
f 5881 4457 4456
f 5912 5509 3991
f 5268 2864 3134
f 2916 5946 2917
f 1163 3940 5498
f 3542 2914 5711
f 2363 2365 4659
f 365 4208 4181
f 1731 5928 3163
f 772 5919 770
f 3015 3014 2787
f 5049 3031 2415
f 3014 5833 5252
f 3253 5931 2800
f 5340 1477 4211
f 4459 2875 709
f 3947 5527 3945
f 5949 3624 2972
f 2973 2972 5950
f 3199 1758 3107
f 1744 3026 5924
f 2682 1612 3644
f 5254 653 640
f 696 695 496
f 2928 5926 4850
f 5440 5200 1552
f 2881 5812 1725
f 395 1734 393
f 1396 4250 4677
f 5926 498 2723
f 4850 1740 2928
f 243 3296 3295
f 2753 2989 2889
f 1543 3234 4407
f 541 1746 542
f 2845 3687 2863
f 3076 4425 2931
f 4511 4639 581
f 2865 5268 2940
f 565 3935 2829
f 2988 5238 3263
f 5222 2848 2917
f 3081 5236 5238
f 3156 1518 3157
f 677 5210 289
f 1269 2990 492
f 1211 1149 2987
f 2300 2302 4333
f 5179 5129 5299
f 3744 371 5471
f 1633 2338 232
f 4629 5942 1760
f 4844 3229 5215
f 695 5951 648
f 2782 4037 3825
f 2780 3586 3378
f 5255 5291 4451
f 3412 3413 4923
f 5009 5015 5379
f 683 3267 5719
f 5645 823 3353
f 5718 555 1890
f 4676 5914 4647
f 1747 2460 2931
f 616 2461 4645
f 2999 5755 5754
f 2958 5133 5245
f 3471 3298 790
f 45 5293 3030
f 3302 4168 2868
f 5701 2355 2389
f 3840 3389 3925
f 2736 3801 2737
f 5236 5908 1861
f 3926 2983 3927
f 4482 5195 1498
f 5219 4414 5923
f 3178 2760 2989
f 3194 665 797
f 3569 5502 5952
f 3262 5929 5953
f 998 717 2822
f 2744 5251 5252
f 3021 4432 3253
f 671 5176 691
f 5178 5177 3020
f 3380 5954 3314
f 4797 3154 5292
f 3802 1079 5204
f 2644 2804 3089
f 1613 1500 1611
f 756 5373 757
f 3218 5354 5373
f 2758 1551 2397
f 695 694 5955
f 5647 4356 5366
f 3027 655 5356
f 5956 2953 4733
f 5499 2436 2438
f 5232 5347 5230
f 684 2930 685
f 5875 3268 2630
f 823 874 804
f 663 2997 5134
f 3242 3589 3243
f 5638 5754 3172
f 4268 3133 3077
f 379 5887 377
f 4592 5077 4593
f 45 5720 5293
f 5246 3135 5649
f 5581 2940 5268
f 5326 2971 5886
f 2964 3158 3157
f 3118 4824 3208
f 3012 3104 3010
f 3792 5710 5933
f 5282 4489 5297
f 3970 902 3002
f 1008 3624 5949
f 929 3213 3497
f 3493 1448 1288
f 3507 4658 1166
f 1760 5942 1758
f 3339 3338 4695
f 5957 5958 5959
f 3043 3235 3044
f 3146 4084 3147
f 1164 4684 5497
f 1733 840 839
f 3942 2923 5939
f 612 2460 541
f 4380 791 1138
f 5259 559 4468
f 5266 5960 5267
f 1164 630 629
f 5961 5962 3947
f 1464 5853 4395
f 5940 3542 5712
f 2097 2096 4266
f 5237 3158 5902
f 5923 3118 3033
f 665 667 3178
f 2754 5297 2989
f 5297 3178 2989
f 5963 4691 4690
f 2586 2853 5058
f 2186 2571 2184
f 4165 3429 4166
f 753 5340 3335
f 5449 5556 4134
f 3380 4459 5954
f 3847 5526 3848
f 3420 5423 3421
f 5129 3728 3727
f 4696 3112 5940
f 3408 4301 3348
f 5738 3960 2781
f 5269 3365 4703
f 1279 624 1830
f 649 4630 2680
f 5347 5244 5230
f 1612 2682 560
f 3219 3028 4277
f 3412 4923 3044
f 2810 4451 2881
f 5791 532 5530
f 2938 2937 4034
f 1476 1475 3042
f 2946 4250 4431
f 3825 5315 2780
f 5926 5948 4850
f 1739 1738 1542
f 242 774 243
f 732 731 4592
f 2899 2901 5195
f 3471 632 631
f 3001 3114 5284
f 3101 5937 1447
f 4468 5159 2678
f 594 4470 595
f 3593 5491 3198
f 5236 1861 3575
f 2223 5379 5380
f 3185 3187 5946
f 5964 3529 5480
f 3530 3529 5964
f 3793 5933 2871
f 5297 665 3178
f 5297 797 665
f 3036 4665 3037
f 3632 5273 3773
f 3023 5418 5343
f 3538 3252 857
f 4432 3407 3209
f 3164 4387 5965
f 2904 3056 1613
f 3023 5966 5418
f 3603 3602 5286
f 758 1749 3216
f 5206 4664 4671
f 2846 1728 3290
f 579 2443 3092
f 2925 2924 4683
f 2549 3110 5264
f 3337 5924 3338
f 5924 3026 3338
f 1170 5202 1171
f 3256 3255 735
f 5547 3836 3838
f 4068 1292 4069
f 3686 4084 3684
f 4333 523 522
f 3343 5915 5914
f 1396 4677 1397
f 4393 2659 2661
f 618 782 3076
f 4202 5936 5893
f 4837 5936 4202
f 5906 5938 1536
f 5193 3116 923
f 1720 1719 4693
f 5582 2940 5581
f 4479 4921 4477
f 5946 3187 3193
f 3426 1766 5325
f 2870 1925 1924
f 2875 4459 3182
f 3105 3934 3106
f 1763 1732 3163
f 726 3085 724
f 2707 5891 5081
f 3210 3407 5041
f 3780 1067 1066
f 5483 5209 1221
f 1533 3041 3174
f 3057 5342 3195
f 3199 3109 1844
f 5531 5967 5962
f 729 728 2398
f 5963 4690 491
f 1768 4752 5175
f 713 535 3902
f 5968 1869 5255
f 3093 817 819
f 1675 1602 1601
f 5227 4690 4689
f 5914 4676 3343
f 3169 2302 2301
f 765 3322 5309
f 3353 4322 5646
f 686 1544 701
f 1179 3201 5969
f 4592 4594 5288
f 2460 1747 541
f 89 731 664
f 5970 5620 994
f 5202 1170 2529
f 5540 935 4170
f 622 5175 623
f 596 595 2867
f 3811 5971 670
f 5626 4168 3302
f 690 5219 3033
f 529 528 1321
f 1763 3017 1761
f 3898 3374 5473
f 459 458 642
f 5577 802 590
f 4502 4387 4155
f 368 5861 369
f 802 5577 3214
f 3828 3900 3811
f 2992 1757 5250
f 3056 5341 3057
f 1688 3816 2449
f 712 3777 710
f 1758 4625 3107
f 5254 640 536
f 5830 3386 3745
f 3386 5972 3745
f 980 1870 981
f 4086 606 3854
f 5895 5948 5926
f 5973 5314 5229
f 4393 5118 2471
f 5556 5525 4134
f 5156 2976 486
f 657 5334 765
f 5974 659 1418
f 932 3073 3075
f 5111 394 5121
f 5905 2952 2710
f 1294 5721 918
f 568 567 4674
f 5463 1229 1231
f 2821 3672 998
f 2637 5940 3112
f 2158 2660 5852
f 3784 4433 4144
f 2983 3926 2984
f 4421 3156 3158
f 830 5323 3192
f 4397 3224 5579
f 2943 1093 1196
f 707 5282 724
f 739 738 1041
f 3038 692 3165
f 2722 5858 3757
f 3216 756 758
f 5623 5342 4806
f 4993 5966 3023
f 5781 5780 4159
f 793 5274 5911
f 5070 3248 3247
f 5968 3061 1869
f 5975 3367 3487
f 520 5232 521
f 5645 5719 3267
f 1245 4296 2089
f 3944 3291 1816
f 917 1746 3201
f 2605 3092 4771
f 4057 841 3893
f 664 5283 3344
f 3298 2879 5673
f 5294 5293 5720
f 5378 880 3523
f 1024 843 1022
f 1465 5579 5540
f 5725 5519 3106
f 3156 4421 1519
f 3207 4824 5923
f 3192 5322 5976
f 3037 4665 3017
f 5977 1493 1494
f 1924 4707 4665
f 5939 4684 4658
f 74 760 3785
f 3580 4700 772
f 1493 3138 3140
f 3850 3578 167
f 3253 2800 3021
f 858 857 3211
f 5536 5224 4000
f 3936 4767 2830
f 536 714 5254
f 651 590 802
f 1670 129 127
f 1397 3170 3072
f 3686 3871 4084
f 3149 609 766
f 804 803 3353
f 5334 5974 1417
f 489 491 5506
f 5281 628 668
f 3275 5294 3274
f 2868 4470 4469
f 1861 5655 1859
f 3011 4144 4433
f 3161 1718 4637
f 3905 1097 745
f 3208 751 5455
f 1808 5978 1235
f 4583 4130 763
f 4764 549 4427
f 5930 3261 3013
f 3585 3904 1203
f 5299 5129 3879
f 5979 858 5980
f 845 844 1339
f 3042 1475 4482
f 572 574 3038
f 5405 475 5173
f 3174 3195 1533
f 3462 3461 1796
f 3746 3847 371
f 5181 2720 5571
f 3962 3961 5869
f 5790 5981 3634
f 3026 4635 3338
f 533 3690 3863
f 5706 3221 5269
f 3074 3583 4066
f 588 590 651
f 3219 4277 4276
f 1118 1117 5973
f 5126 5056 3420
f 395 4325 1734
f 5981 3415 3635
f 641 640 562
f 4450 5303 5287
f 3611 5147 2993
f 874 1161 4138
f 1418 3288 1236
f 918 3201 1293
f 5982 662 4338
f 1276 3938 5304
f 1412 5369 1410
f 1596 1595 2372
f 3134 3136 5306
f 3080 2939 531
f 3274 1787 1789
f 3657 3565 3738
f 678 546 349
f 3207 4704 4824
f 3197 3598 3594
f 4706 1924 1926
f 292 5513 356
f 755 4526 3628
f 3261 4287 3281
f 5929 3262 3283
f 3262 3281 3283
f 834 5983 5308
f 3428 4284 5984
f 5302 832 5308
f 3692 3364 3693
f 4301 5354 4669
f 3125 1756 1755
f 4749 3798 5733
f 4733 3866 5956
f 5985 1928 1823
f 1818 2969 1023
f 3410 5242 3382
f 694 3028 5955
f 5546 4088 5220
f 4713 3241 5399
f 840 1733 3147
f 5986 1184 5382
f 3688 5987 5988
f 1751 3342 2883
f 774 5721 3296
f 1221 5208 1222
f 2970 1256 1255
f 3325 4078 3326
f 3294 1180 5989
f 1045 5251 2744
f 5304 450 3700
f 779 5495 2970
f 5495 778 5990
f 1288 3566 1286
f 2880 5921 2878
f 633 4379 4156
f 3714 4369 5901
f 586 1008 3941
f 5374 2866 2865
f 3244 1288 3345
f 1964 5358 1091
f 5246 5500 3136
f 5145 3794 383
f 2794 5138 2924
f 514 4285 5930
f 585 1008 586
f 997 167 3579
f 5977 3138 1493
f 3085 5833 5953
f 1492 3250 3249
f 5841 271 5917
f 3085 5953 707
f 3894 5439 5289
f 3813 1267 1269
f 3250 3362 3361
f 3054 5227 4689
f 3283 5307 5929
f 2859 2882 561
f 1097 746 745
f 3908 5213 3906
f 3060 3411 3061
f 3374 3880 3375
f 4779 3873 4777
f 4923 3413 3097
f 3556 3777 3554
f 5356 655 654
f 5310 3322 3821
f 537 539 1546
f 870 869 5915
f 1102 1101 868
f 3272 5570 3273
f 5909 5432 1564
f 4675 242 3273
f 4676 4675 3343
f 3878 5991 5299
f 3518 5522 3517
f 5582 5346 3010
f 2780 5315 3586
f 2915 352 5916
f 3896 3065 1231
f 5314 5973 3586
f 5922 4479 4478
f 1262 948 3311
f 5992 3450 3360
f 3312 3140 4284
f 1460 1492 1461
f 832 5302 5560
f 5502 3480 2346
f 800 5931 3284
f 3285 1339 5965
f 3332 5041 3331
f 5417 3656 3657
f 5342 3057 5341
f 4624 3199 3126
f 508 4456 509
f 3061 3411 3320
f 3536 3248 3535
f 1158 5557 727
f 3221 5955 3219
f 5968 3062 3061
f 5911 3369 3368
f 3068 5043 3067
f 457 5668 608
f 499 3718 500
f 978 977 3552
f 5345 3526 3397
f 4323 805 4137
f 2907 2929 688
f 567 775 5935
f 1851 4725 4679
f 2978 3234 1738
f 3295 3557 243
f 1294 3818 3295
f 3030 5292 781
f 4156 4379 3453
f 3453 3457 3452
f 5234 3299 3301
f 5358 3327 1091
f 2683 302 304
f 4692 5770 3274
f 3785 4732 72
f 3767 5477 5993
f 1305 5477 3767
f 4784 4698 4697
f 5455 751 3304
f 3448 4287 4286
f 5977 723 5654
f 3283 3282 5302
f 3427 3428 5984
f 3403 3427 3249
f 1462 5307 5983
f 5519 5518 584
f 3228 3165 3363
f 5441 2696 2486
f 5215 3062 5264
f 3703 3506 3716
f 2784 3077 3079
f 4278 4277 5994
f 3043 818 817
f 3579 3852 997
f 3780 1066 5483
f 840 5368 838
f 606 4086 3417
f 2535 4028 5132
f 444 443 2171
f 803 698 4322
f 4199 5974 4200
f 1543 1738 3234
f 4128 5313 4129
f 5949 3941 1008
f 4914 3523 880
f 4025 4158 4157
f 5235 5346 3299
f 1287 3493 1288
f 5500 5266 878
f 3136 5500 5359
f 5575 5995 3886
f 1332 5996 5727
f 1225 5482 2695
f 5411 3477 4766
f 3812 1767 3813
f 5724 1770 4704
f 5967 5531 5175
f 4706 4811 4707
f 4707 3018 4665
f 5574 2767 4881
f 3494 946 3990
f 2842 4881 2767
f 3311 1281 1280
f 3859 3987 3858
f 741 3548 742
f 834 3450 5992
f 3568 3755 3754
f 2453 2610 2783
f 1551 3371 2397
f 3903 1395 5357
f 1869 5291 5255
f 3150 819 5233
f 963 5997 3266
f 3273 5570 870
f 3343 870 5915
f 5943 5311 5998
f 5299 5991 5791
f 4655 2837 2815
f 3584 3583 3073
f 4692 5717 5770
f 936 965 876
f 831 3193 3187
f 3207 5724 4704
f 750 967 3358
f 3312 3311 947
f 1462 5983 1460
f 3213 3212 3497
f 1058 4040 5623
f 3230 3339 4695
f 472 5715 473
f 5999 5366 5367
f 5986 1185 1184
f 840 3147 3871
f 2301 697 3169
f 5287 1750 1545
f 3354 3356 3355
f 3326 5998 5311
f 5816 2619 4851
f 5346 5581 3299
f 3928 4912 4911
f 943 5521 5842
f 338 5148 2529
f 1169 2690 1170
f 4186 5331 4187
f 4912 3928 3927
f 3303 3359 810
f 3766 704 703
f 3361 3251 3250
f 3946 3910 2968
f 5983 5992 3362
f 5389 3734 996
f 1745 1744 4672
f 1957 487 1353
f 3213 4327 3214
f 5399 5400 4713
f 3027 5994 4277
f 5990 770 5495
f 5367 3415 5999
f 895 894 1799
f 4447 5997 3435
f 3435 825 4447
f 3233 6000 3269
f 5483 1221 1039
f 2394 2986 2395
f 1063 3819 5732
f 1180 3294 3293
f 3243 3589 5729
f 571 502 5789
f 5306 5360 3301
f 3732 3560 3559
f 5088 4680 303
f 3422 936 935
f 5730 926 4694
f 3186 4187 3187
f 3814 5352 3812
f 4811 889 5325
f 3906 745 5295
f 5301 2265 5560
f 5984 1492 3249
f 3859 3631 3987
f 650 550 651
f 712 3179 3695
f 3789 1199 3058
f 2346 5012 5952
f 4626 3063 4621
f 3692 3226 3364
f 5473 3374 3376
f 5373 4302 5316
f 5780 5716 4960
f 4351 4998 4438
f 3221 3220 5269
f 1174 1810 1094
f 5400 894 4713
f 1032 3545 3685
f 5333 3898 5473
f 5986 5382 2979
f 1562 5869 5003
f 373 4195 4197
f 4725 4409 4726
f 241 3557 3272
f 1180 3293 3819
f 3724 1297 3922
f 6001 5393 5329
f 1049 992 993
f 5729 3517 3243
f 3610 3520 1137
f 3387 3840 2179
f 944 5737 945
f 3099 3452 3100
f 5246 5960 5266
f 3664 5324 3665
f 1766 3426 806
f 5411 3475 3477
f 2589 5549 1706
f 832 834 5308
f 873 872 3405
f 5983 834 5992
f 5286 5060 2702
f 3330 5979 740
f 3209 3253 4432
f 3539 862 864
f 3382 3381 3410
f 3371 729 2398
f 843 842 6002
f 5595 5290 5365
f 3369 728 3231
f 835 4718 5387
f 5668 3854 606
f 916 915 6003
f 961 914 916
f 5997 963 962
f 2274 3269 6000
f 1022 843 6002
f 847 5912 848
f 3506 761 3504
f 3733 6001 5414
f 5534 5393 5392
f 5050 300 3770
f 1538 4156 3007
f 3815 3850 3505
f 787 1306 1305
f 3424 1790 3425
f 5546 1037 1039
f 5906 3969 5938
f 3206 5723 5724
f 751 3358 3303
f 5508 1834 3885
f 1407 4043 5404
f 5992 3360 3362
f 3531 3530 5443
f 1794 1796 3461
f 1781 3126 863
f 3487 1016 5975
f 748 3826 3585
f 729 3235 850
f 3514 3513 3551
f 3635 5367 1469
f 3102 5903 3787
f 978 4062 1124
f 1294 1178 3818
f 3848 5556 372
f 5283 3242 3244
f 5943 1587 732
f 1332 1334 1047
f 4380 3472 3458
f 5277 5542 5276
f 3441 5234 3442
f 1556 5842 3137
f 3866 3596 922
f 3073 3583 3074
f 3927 5322 5321
f 1029 3591 1006
f 3525 5323 830
f 2944 3775 3957
f 3445 6004 4714
f 2388 5840 4153
f 343 2772 1043
f 6005 967 5465
f 4811 4810 889
f 3444 3308 3310
f 6006 3859 1106
f 3756 5338 3862
f 3538 857 856
f 5952 5397 3569
f 4708 4210 1298
f 5975 1016 1018
f 1539 1538 504
f 835 6007 4718
f 3688 3236 5987
f 3530 5397 5396
f 5964 5397 3530
f 3181 1031 5336
f 5647 5590 4356
f 3839 5273 3600
f 6006 3631 3859
f 4844 4843 3337
f 1000 1984 5003
f 5989 5391 3294
f 3201 3200 5969
f 1275 1558 1276
f 879 4914 880
f 1021 5286 1208
f 6008 1050 3783
f 3479 3478 3527
f 2897 3091 2898
f 3512 1054 1053
f 1129 1128 6009
f 5146 341 343
f 5723 3527 3528
f 1115 3647 966
f 841 1305 842
f 5404 4043 4010
f 1282 3403 3404
f 1492 1460 3250
f 3449 3987 3405
f 4771 788 5993
f 5040 5332 3331
f 3752 1088 1090
f 3596 3866 5361
f 5210 2965 2825
f 4635 1780 1779
f 3544 3686 3685
f 3579 3578 3851
f 3047 3104 5804
f 820 3241 821
f 914 5424 973
f 6010 5375 3557
f 3588 4078 6011
f 5209 5483 1066
f 5998 1587 5943
f 4681 3155 5534
f 5546 4056 1037
f 3473 1138 1137
f 4129 5982 4338
f 5673 4314 1092
f 3007 3453 3099
f 6012 5521 6013
f 3681 5320 3680
f 1029 1028 4398
f 6014 3791 5472
f 1115 4738 3647
f 373 372 3175
f 5237 3575 4421
f 5237 5236 3575
f 3858 3987 3449
f 1088 5012 1089
f 1350 4041 5421
f 1229 5463 3640
f 3549 906 4720
f 5791 5179 5299
f 4159 4158 5884
f 5242 1779 1014
f 4953 5503 5133
f 4172 3750 4009
f 3387 3389 3840
f 3741 3925 3924
f 3637 5399 3241
f 4765 3655 1795
f 3923 3849 1118
f 874 1160 1161
f 1101 3451 868
f 6015 962 6003
f 3929 3059 1199
f 1197 3652 1195
f 1120 1119 3953
f 1499 1611 1500
f 5570 1102 868
f 3801 3562 2737
f 1064 5732 1065
f 3832 3834 5412
f 1137 1136 3610
f 1136 3933 3297
f 5541 5383 5378
f 678 3196 546
f 855 2958 505
f 5323 3525 1007
f 1259 681 1260
f 3404 3630 3721
f 5272 3304 809
f 6005 4716 4790
f 947 3311 948
f 1020 3603 1021
f 1105 3996 1142
f 5931 3252 3538
f 5091 5092 5843
f 5332 4166 3429
f 5443 5396 3752
f 1114 1113 3975
f 965 954 953
f 850 3688 3572
f 1013 5355 1033
f 3674 3832 3518
f 4138 1161 4062
f 3000 3002 5091
f 1224 2766 1225
f 3544 3685 3545
f 5290 5595 5303
f 1126 979 1124
f 4864 4586 5807
f 6016 911 3710
f 3340 3352 1236
f 1817 1023 3642
f 3734 5260 3911
f 1099 4197 3270
f 3818 1178 3819
f 5360 3442 3301
f 3393 5996 1046
f 3508 3519 3509
f 3521 3716 3509
f 5022 261 260
f 1134 6017 1135
f 5512 3255 3287
f 3454 6018 217
f 1786 4735 1784
f 126 2338 1633
f 3532 3534 5728
f 1106 1105 6006
f 3407 5039 5041
f 3777 712 3554
f 4301 3346 3348
f 4695 1779 5242
f 1794 3485 4765
f 5198 5129 5180
f 5830 1060 5481
f 3390 5425 5424
f 3437 3639 3641
f 914 973 915
f 3267 4447 824
f 4200 5974 5334
f 3295 6010 3557
f 1178 1180 3819
f 5732 3699 1065
f 1587 3589 3242
f 1107 3559 3558
f 2726 2789 2791
f 5886 5496 3912
f 169 1004 3509
f 1003 5552 3508
f 5552 3474 3508
f 4683 5157 4682
f 2611 3976 2561
f 4715 1153 886
f 3445 3663 6004
f 2651 5934 2975
f 5492 547 5491
f 1115 966 6004
f 4714 6004 968
f 2796 610 2885
f 3282 3281 3309
f 3536 1258 3601
f 2280 4994 2281
f 1531 1300 1299
f 864 3129 3463
f 5161 5850 5862
f 286 2421 284
f 3286 5344 4031
f 3662 4699 2897
f 3582 976 3725
f 3831 1181 5501
f 893 895 3487
f 1158 1059 5557
f 5290 980 982
f 3503 734 733
f 838 5368 3340
f 1140 3684 3433
f 597 599 488
f 3822 5401 3694
f 5226 5812 538
f 716 249 248
f 5376 5415 3930
f 3517 5522 3566
f 3274 5770 1787
f 3780 1038 3467
f 4333 522 4882
f 298 851 853
f 6019 737 5469
f 5060 3602 3660
f 3731 1835 6020
f 3438 3292 3294
f 4011 4044 5444
f 5905 2907 688
f 3211 5980 858
f 2345 1089 5012
f 3719 3430 5429
f 6021 3592 5927
f 3688 5988 3621
f 4991 5172 3676
f 2867 595 2868
f 4446 3238 5986
f 5387 4718 3370
f 1797 3638 6022
f 6022 3641 6023
f 5987 3043 817
f 1237 942 1238
f 2231 3553 238
f 3189 5348 520
f 1417 1238 941
f 2485 5900 3070
f 5265 5968 5255
f 6010 1062 5375
f 3865 3895 899
f 4726 4408 3271
f 5391 3439 3294
f 5277 5312 5542
f 3523 5384 1027
f 5996 1332 1046
f 5730 6013 5731
f 4336 6013 5730
f 3615 739 1041
f 1143 1142 3860
f 3444 3881 1263
f 3645 4738 3769
f 3697 6024 1190
f 887 889 4810
f 3570 2945 5890
f 5560 1012 833
f 2281 4994 2552
f 3361 872 3251
f 884 5686 5741
f 1531 4040 1349
f 5566 3510 1157
f 4719 3549 4720
f 1015 1853 3581
f 1015 3581 1013
f 842 3820 6002
f 3572 3573 1159
f 455 5781 5870
f 5371 6025 6007
f 6025 1173 6007
f 6026 931 933
f 1218 3890 3889
f 6023 3641 3640
f 3340 3350 3352
f 911 6016 5472
f 941 3321 3323
f 3473 3508 3474
f 6001 3733 3439
f 6027 3939 5970
f 1137 3519 3473
f 5313 5982 4129
f 6028 1051 6008
f 1055 1054 3525
f 3580 585 4701
f 3647 3646 5465
f 4755 6020 1834
f 1080 1079 784
f 5979 738 740
f 3614 5434 739
f 5420 3484 3483
f 6029 3484 5420
f 5442 4730 3952
f 2318 4079 4105
f 4529 2894 4587
f 3649 5388 913
f 1033 3726 3431
f 3383 1034 6025
f 1034 3431 6025
f 4587 2894 3088
f 1032 1031 3180
f 1072 972 3707
f 1237 3351 3555
f 3262 5953 5833
f 1246 1248 3712
f 1186 1061 1060
f 1048 1047 3732
f 5276 1049 993
f 218 3627 6019
f 3597 1270 892
f 6030 5552 4741
f 3590 891 4911
f 600 2621 3611
f 2625 3564 3387
f 4912 1006 3590
f 2414 2788 2772
f 5491 3800 2736
f 5566 1157 1156
f 5363 5239 1826
f 3197 3531 3598
f 3480 5502 5431
f 680 4994 3023
f 5465 967 966
f 6024 1191 1190
f 2345 2344 5980
f 3604 3603 1020
f 3331 5041 5040
f 2344 2346 3480
f 861 5927 3599
f 5420 5419 6029
f 5419 3315 6029
f 5814 1103 197
f 3539 3463 5430
f 1182 1181 1053
f 5394 3492 3491
f 1002 1001 2685
f 3417 1470 5366
f 3556 3351 3620
f 734 3256 735
f 916 6003 962
f 6028 5186 1333
f 4687 6008 3783
f 1246 2001 1247
f 4740 997 3853
f 990 901 991
f 6001 3439 5391
f 1108 3106 3934
f 5786 1849 1328
f 168 997 4740
f 4721 1642 1133
f 5566 1264 937
f 5447 3510 3511
f 1248 3695 3546
f 3437 3436 4757
f 612 2461 2460
f 2893 2892 3623
f 3534 2266 2265
f 846 3330 3481
f 1543 5589 1544
f 5987 817 3659
f 2256 5001 5799
f 1035 3739 1036
f 960 5333 1122
f 3347 4720 5442
f 3382 1014 1013
f 3684 1140 3685
f 1117 3586 5973
f 2773 2716 2774
f 3574 3384 5481
f 984 3682 3683
f 4744 3956 1809
f 3649 3377 3711
f 3515 3514 3849
f 972 973 3707
f 3351 3545 3620
f 5336 1031 1030
f 3075 5898 5535
f 1598 2387 1599
f 216 3664 5737
f 3608 1046 1048
f 2773 3141 5918
f 4687 5458 6008
f 882 4728 927
f 3782 4687 3783
f 3615 1041 1040
f 859 3599 3618
f 6017 1151 1265
f 3406 3774 873
f 1115 3663 1113
f 3856 2279 5408
f 785 1187 786
f 3661 1085 6009
f 5273 3839 3773
f 5560 2265 1012
f 2362 385 384
f 5909 2745 2889
f 3550 5430 3549
f 974 5493 3619
f 1795 3654 1796
f 1230 3606 3896
f 1082 1084 1798
f 4514 488 599
f 5114 2562 5203
f 1126 3711 3377
f 5032 4598 2827
f 3415 3414 5999
f 2097 4266 4685
f 3796 1817 1110
f 3176 3175 5449
f 772 5452 5919
f 5469 216 218
f 5415 1110 3642
f 3402 3373 1741
f 4741 3317 3319
f 3558 3560 5457
f 996 1345 5389
f 587 3626 5786
f 6002 3820 5447
f 881 3764 882
f 2757 2756 2703
f 3764 4728 882
f 5439 5438 3328
f 3176 5439 3643
f 5335 1139 1123
f 5738 3649 3650
f 1785 4716 1786
f 4717 5736 1786
f 3640 3709 1229
f 5434 740 739
f 3331 5332 1089
f 3260 5305 5390
f 3367 5975 4765
f 931 3622 985
f 5192 923 619
f 3749 1060 5830
f 4421 3158 5237
f 1172 6031 1804
f 3423 5266 3098
f 2538 43 783
f 1121 3416 3669
f 1122 1121 3669
f 5380 2699 1616
f 5375 1062 896
f 3177 3643 4678
f 2708 2691 3766
f 3731 1109 1835
f 3731 3730 1109
f 2597 507 2847
f 1009 3624 1008
f 6018 218 217
f 1928 5985 3763
f 3455 1788 1787
f 1085 1129 6009
f 3834 1183 1182
f 3512 5467 4398
f 1265 1151 1153
f 3662 3661 6009
f 5566 1156 1264
f 1110 5415 1111
f 3595 922 3596
f 4027 5245 5132
f 4735 4737 1784
f 408 44 409
f 6028 1333 5727
f 949 951 3803
f 2265 2267 1012
f 2455 813 2684
f 5012 3753 5952
f 3656 956 907
f 5349 1056 3873
f 3462 1775 1774
f 4711 5442 5493
f 3346 4720 3347
f 474 378 377
f 2472 2436 5499
f 3635 3634 5981
f 1799 1798 1017
f 1096 3717 3729
f 3679 3678 5401
f 1247 2001 3555
f 896 971 897
f 5957 4649 5958
f 3699 3292 6020
f 585 3580 1009
f 5842 1556 944
f 5517 3558 5457
f 5843 5201 5091
f 3761 3760 759
f 1096 748 3717
f 3764 1913 4728
f 1135 6017 1265
f 1133 1642 1134
f 5344 5445 4031
f 3307 3306 807
f 712 3695 3554
f 5991 3878 3898
f 5988 985 3621
f 3744 1098 3745
f 4044 4004 1188
f 4717 6032 5736
f 1187 5445 5444
f 6033 3860 5273
f 5927 861 6021
f 3799 3616 3482
f 3551 4778 5357
f 5430 3462 1774
f 1634 2957 5917
f 3953 3808 3653
f 2524 274 4507
f 3873 1056 4807
f 1173 6025 1810
f 3954 3389 3388
f 1119 3808 3953
f 3513 5300 4779
f 3386 5481 3384
f 6021 861 5421
f 1084 1083 6034
f 1805 3776 4744
f 5041 3332 3210
f 3709 5451 1229
f 5526 5218 3843
f 897 971 6035
f 5263 3885 1834
f 3920 3803 3804
f 827 5452 4700
f 3913 5919 6027
f 2818 5789 1223
f 5737 3664 945
f 1027 5384 1025
f 4011 5444 5445
f 3512 1181 5467
f 5533 3966 3829
f 2953 3830 2954
f 5885 5573 4371
f 5330 3476 1055
f 1643 3948 3786
f 968 6004 966
f 1216 1215 3612
f 5565 3398 1052
f 6036 6032 3646
f 3022 3839 681
f 6006 1143 6033
f 3890 1026 1025
f 5395 6021 5394
f 3563 3388 3564
f 1092 1091 3327
f 6030 4741 3319
f 6027 5919 5452
f 994 3734 6037
f 4710 974 4746
f 3861 1297 5555
f 5638 2999 5754
f 976 4746 974
f 1060 1059 5481
f 3682 749 3584
f 3130 1434 2795
f 1147 3059 1234
f 3659 3658 983
f 3670 744 746
f 1246 3712 3679
f 1819 5901 2842
f 4701 5786 1328
f 587 586 3864
f 3673 4698 3832
f 3319 3318 3888
f 4250 534 4431
f 3386 5830 5481
f 1181 1183 5501
f 1693 273 304
f 931 985 3683
f 5740 5416 5370
f 3786 1078 1077
f 3397 953 952
f 6038 6039 5742
f 6040 5889 3973
f 1775 3541 3540
f 2727 2733 5191
f 6032 5735 5736
f 6032 6041 5735
f 3860 6033 1143
f 1729 3265 1916
f 5502 2346 5952
f 2889 2989 2762
f 3987 3631 3406
f 5067 5122 5920
f 3988 3803 3920
f 3573 3622 3574
f 2444 5831 4508
f 933 3075 5535
f 4437 270 269
f 1125 1124 1161
f 339 338 5122
f 1160 3435 6016
f 3584 749 748
f 711 3179 712
f 1181 3512 1053
f 3791 6014 1200
f 3322 3321 3822
f 3590 892 891
f 969 4754 970
f 3699 6020 4755
f 1739 688 2929
f 4700 3580 4701
f 169 168 1004
f 1334 1333 5186
f 3703 3716 3521
f 1047 1334 3560
f 3762 5361 3760
f 2746 5386 1836
f 5900 2484 4125
f 886 5686 884
f 1152 5742 5686
f 3445 884 3663
f 1113 5741 3975
f 5741 1113 884
f 6032 6036 6041
f 6033 3631 6006
f 3197 3196 3531
f 1126 3377 3378
f 3654 3655 3805
f 3824 1120 3953
f 3500 3499 3658
f 6025 3431 1810
f 1810 3431 1095
f 5461 2483 2606
f 3824 3953 3652
f 3581 3582 5355
f 5899 4639 4510
f 3416 3415 5981
f 3181 3758 3740
f 3791 1199 3789
f 1118 3849 1116
f 3650 3790 816
f 4134 4135 5449
f 3540 3756 1776
f 3269 3271 4408
f 433 2832 431
f 1000 1737 4505
f 3642 1023 1022
f 3734 3911 6037
f 5385 6030 3319
f 3752 5396 3753
f 3782 1791 4688
f 4747 4749 5733
f 5343 3022 3023
f 2110 5713 5769
f 4775 604 5874
f 3870 4749 3868
f 5078 5870 5884
f 1157 3633 1155
f 1114 4773 3769
f 3256 3835 3254
f 5501 1183 5533
f 5858 5105 5106
f 4428 5078 5080
f 3468 3674 3518
f 3518 5412 5522
f 5050 3770 3372
f 5397 5964 3567
f 5432 2889 2762
f 5427 5417 5740
f 5427 5945 5417
f 5442 906 4730
f 1146 5033 4979
f 587 4701 585
f 4525 2423 205
f 6026 933 5454
f 913 912 3650
f 3740 3739 1035
f 5978 5450 1233
f 3759 5433 3827
f 3729 746 1096
f 5426 971 970
f 4654 5934 2651
f 1065 3699 4755
f 1150 2618 5643
f 2832 3770 431
f 749 984 3499
f 984 983 3658
f 1107 3558 5725
f 5457 5185 5517
f 560 2682 1743
f 5381 1184 1100
f 3574 6026 3384
f 3622 6026 3574
f 4729 3948 1643
f 3870 4023 4022
f 1158 3572 1159
f 6038 1152 1077
f 1057 3490 3492
f 5345 3286 3526
f 3647 4738 3645
f 6041 1226 5735
f 3570 3697 1190
f 3357 3356 2280
f 1207 3949 3996
f 5502 3569 3568
f 5443 3617 3531
f 1056 3490 1057
f 5417 5416 5740
f 3630 873 3774
f 3862 5338 3921
f 3513 3515 5300
f 1120 3726 3725
f 5343 3774 3773
f 4608 359 346
f 5884 5870 5781
f 1030 1139 5336
f 3758 5335 3759
f 1200 6014 915
f 972 1071 1200
f 5991 3898 960
f 3678 3729 3717
f 1122 5433 1123
f 3712 1248 3548
f 5439 3894 3643
f 1003 3508 1004
f 5467 3830 921
f 3797 5398 4688
f 3913 5496 770
f 1023 2969 1024
f 1025 5385 4712
f 1306 3820 842
f 1558 1275 3454
f 217 5737 944
f 4699 3091 2897
f 3472 1138 3473
f 5147 3823 5866
f 3661 3660 3602
f 5363 5409 1040
f 3780 989 1067
f 3897 4048 5883
f 3722 5338 4763
f 3066 3897 5883
f 6031 3957 3776
f 4654 2651 5892
f 2772 343 5778
f 5472 3791 912
f 3640 3639 3709
f 3416 1121 3414
f 2742 5248 5146
f 1564 1566 5909
f 5999 3489 5647
f 3376 5352 5473
f 1068 1067 991
f 5281 6042 1162
f 3505 3850 3716
f 3742 3741 5229
f 6019 644 737
f 3572 3688 3573
f 4740 3853 3317
f 4116 2962 5015
f 5413 3213 928
f 6030 5385 5486
f 3909 3963 3891
f 5985 5485 1911
f 1775 3654 3541
f 4729 1912 6043
f 4055 4003 4002
f 4699 1128 789
f 4748 4747 3648
f 5432 5916 351
f 3169 697 699
f 3287 3255 3526
f 2743 5909 1566
f 1021 1208 1069
f 3877 3721 5966
f 2293 407 406
f 3530 5396 5443
f 4993 2280 3356
f 3806 3861 5555
f 5096 2963 4115
f 1007 3525 1005
f 3001 5284 5938
f 1018 1084 6034
f 5526 3843 3842
f 1384 4093 1385
f 5470 5385 5384
f 5791 5790 532
f 1385 4788 4270
f 492 494 3827
f 5738 3650 816
f 2274 1099 3270
f 5474 1801 4774
f 1247 3554 3695
f 5118 2661 3496
f 3905 745 5213
f 2713 5971 3811
f 5333 5352 5433
f 5352 3814 3827
f 5433 5352 3827
f 1109 1833 1835
f 3815 3578 3850
f 3864 1204 644
f 3703 761 3506
f 2640 73 1289
f 5961 3946 3166
f 4759 1217 3796
f 3166 2968 5247
f 2858 5327 3502
f 4950 2407 1414
f 733 2858 3502
f 898 5375 896
f 3286 4031 2662
f 5310 3821 3500
f 3798 4749 3870
f 3254 3526 3255
f 1121 3434 3414
f 6004 3663 1115
f 4748 3648 4739
f 3622 931 6026
f 6044 1226 6041
f 4992 1085 3604
f 3696 3698 785
f 6033 3632 3631
f 3690 3689 1168
f 1154 1042 3754
f 546 5491 547
f 2799 3997 4613
f 955 907 956
f 5945 5427 5428
f 5338 3722 3921
f 5349 4779 5350
f 1040 5409 3615
f 1212 1214 2541
f 5925 5972 5216
f 6023 1082 1798
f 1811 5475 1424
f 960 959 5991
f 3932 814 816
f 4017 4016 4786
f 3329 5958 3328
f 5444 4044 1188
f 5878 5038 5748
f 2435 1764 1132
f 3730 3559 1107
f 3166 3946 2968
f 3912 5496 3913
f 5564 5030 2292
f 3967 2954 3830
f 3763 5985 1911
f 1595 2401 2372
f 4729 6043 3948
f 789 1127 3633
f 3836 5548 3837
f 3948 1078 3786
f 1839 2664 1227
f 4748 4739 4768
f 6045 3520 3610
f 4798 5414 5329
f 1114 3769 4738
f 6028 5490 5186
f 827 4700 1328
f 3529 3196 678
f 5437 3939 826
f 546 3196 3198
f 2627 2629 5492
f 6011 4078 989
f 5394 3563 3562
f 2820 5523 2819
f 986 3451 1101
f 765 3323 3322
f 375 374 472
f 3776 1804 6031
f 1229 3605 1230
f 958 5981 5790
f 3584 748 3585
f 3789 3058 3932
f 1767 3812 3810
f 670 742 3547
f 629 1165 1164
f 1331 2981 1271
f 3810 4691 4753
f 4752 5967 5175
f 3487 895 1016
f 2913 5464 3884
f 3886 5878 5748
f 3714 3713 1436
f 2317 5126 3420
f 3884 5551 1206
f 5224 2639 2641
f 3168 5961 3166
f 1003 4741 5552
f 5428 956 5945
f 5339 3756 3540
f 2767 1820 2842
f 5120 5326 2750
f 957 956 5428
f 5389 3503 5260
f 956 3656 5945
f 2858 1707 1709
f 5547 3838 3765
f 2286 5014 2352
f 3592 3594 5927
f 3692 3484 6029
f 3765 3838 6043
f 3830 2953 921
f 5733 3798 3797
f 5533 3829 5501
f 5956 921 2953
f 3618 5511 859
f 3593 3800 5491
f 5429 5298 4708
f 6040 3973 3972
f 3768 1839 6044
f 789 1128 1127
f 312 4117 2528
f 3697 3696 6024
f 1408 3422 5540
f 3724 3723 1295
f 3652 1093 3824
f 5064 2402 1856
f 3847 5925 5218
f 531 2936 5530
f 3184 3183 3280
f 3931 3930 5415
f 3175 3177 4195
f 816 5515 5738
f 5896 3052 3727
f 1201 530 529
f 3900 2711 3811
f 5939 5497 4684
f 743 669 3882
f 741 743 744
f 670 5971 668
f 668 6046 5281
f 5967 5963 5739
f 6042 5281 6046
f 5967 5739 5962
f 2390 2389 2600
f 3998 3168 3167
f 5079 1146 5080
f 1166 1165 3815
f 3730 1107 1109
f 5962 5961 3168
f 5498 5171 3852
f 3985 3915 3892
f 2968 1818 5247
f 5361 3866 3760
f 3796 5247 1818
f 4759 1110 1112
f 5471 1098 3744
f 848 3889 3888
f 4126 4162 5867
f 4771 3092 3091
f 3833 5533 1183
f 1257 3917 1076
f 1078 3837 1257
f 5742 6039 6047
f 3635 3415 5367
f 3769 4773 1840
f 364 363 2510
f 1081 2279 5204
f 5539 4564 4984
f 3531 3196 3529
f 3593 3592 3800
f 3290 1728 1727
f 1412 5922 1510
f 3389 3954 3923
f 1295 3723 4761
f 3571 3481 5434
f 1172 1174 6031
f 1143 6006 1105
f 1083 1231 3065
f 5476 5315 3825
f 3124 493 2990
f 3960 5515 3959
f 2782 3960 3958
f 2720 2719 5571
f 622 624 3119
f 3708 4758 1812
f 3811 2711 2713
f 3907 3883 5497
f 3905 5213 530
f 4752 4691 5963
f 744 743 5295
f 5532 1241 3940
f 3702 5086 792
f 2922 3907 5497
f 2713 4021 5971
f 3899 4767 5894
f 1205 5894 2913
f 4492 501 3113
f 5739 3947 5962
f 1336 552 551
f 1222 5208 5746
f 3642 5446 3931
f 4913 5470 4914
f 5490 5459 5187
f 4784 4697 4055
f 1823 1927 1824
f 5510 2906 2905
f 5868 5867 1824
f 5541 5360 5359
f 3704 6045 3762
f 1345 996 1344
f 2330 2669 4969
f 4722 1912 4729
f 5703 3373 425
f 3762 6045 5358
f 789 788 4699
f 3255 5512 735
f 3975 5741 6047
f 4427 549 5241
f 989 3466 6011
f 2850 2443 2442
f 3755 2739 3084
f 5904 1914 3172
f 5395 3801 3800
f 1828 1827 4047
f 3862 3921 3922
f 3240 3066 5883
f 3924 1118 5973
f 749 3682 984
f 3678 3694 5401
f 3276 1423 3277
f 5181 4066 2720
f 5014 2288 5023
f 1346 1352 1347
f 2781 3377 3649
f 5515 672 3959
f 4767 3899 2830
f 3904 1097 3905
f 373 3175 4195
f 5978 1233 1235
f 4601 4653 2351
f 530 5212 528
f 1491 5357 1395
f 623 5175 5531
f 4026 2449 5745
f 893 4278 894
f 1166 3815 3507
f 5949 5894 3941
f 5967 4752 5963
f 3936 4862 2911
f 1204 3864 586
f 3379 3212 5577
f 1204 586 3941
f 778 2973 5950
f 3851 1163 3579
f 3885 5263 5878
f 3984 3910 3945
f 3318 849 848
f 4669 4719 3346
f 5319 2507 2509
f 5744 4053 584
f 1927 1928 5403
f 5398 3964 5459
f 1289 5072 4123
f 3483 3482 3736
f 3919 4004 3989
f 5059 2702 5060
f 3197 3594 3198
f 452 412 411
f 3007 3098 5267
f 2944 2943 1175
f 4398 1028 3512
f 435 1831 436
f 2159 350 3496
f 5727 3455 1051
f 3386 3385 5972
f 6045 3610 5358
f 5972 5925 3746
f 531 5530 532
f 1082 1231 1083
f 3385 5216 5972
f 3929 1808 1235
f 1347 1352 5603
f 816 815 5515
f 3958 3960 3959
f 4689 3375 3054
f 3454 1275 6018
f 5227 3053 5494
f 2830 2974 2828
f 3937 1148 4861
f 994 5620 995
f 5592 4133 2493
f 4649 1068 901
f 1849 1275 1274
f 4659 5536 3942
f 778 5950 5990
f 3624 5950 2972
f 74 5223 2364
f 5171 5498 1240
f 2922 5939 2923
f 780 779 2497
f 3947 3946 5961
f 3561 1038 1037
f 3105 4193 4192
f 5446 1022 6002
f 6037 3911 3913
f 5185 5457 5186
f 3503 3502 4966
f 5310 3093 3094
f 5590 5647 3488
f 1076 3917 6048
f 2510 363 5873
f 985 3622 3621
f 5988 983 985
f 3601 1258 1260
f 2739 2741 2798
f 5143 5829 2287
f 3564 2737 3562
f 1167 930 5427
f 1350 1349 4041
f 3361 3360 3405
f 1105 1069 3996
f 5179 5791 5530
f 5897 4013 2545
f 2712 2711 3123
f 3900 1036 3979
f 5896 4653 386
f 3958 469 4037
f 4143 4975 4176
f 530 1201 3905
f 1825 3982 4251
f 1278 1252 1251
f 4110 387 5846
f 3901 5436 3887
f 4251 3982 3981
f 2987 3937 3935
f 467 564 1210
f 2972 3899 5949
f 2641 4000 5224
f 5990 5950 3625
f 3681 4015 4014
f 3940 1240 5498
f 5509 5171 1240
f 5154 5153 5528
f 2636 503 570
f 157 4611 4874
f 1127 1155 3633
f 4054 4053 4895
f 3833 3832 4698
f 4142 330 2234
f 5448 3441 3443
f 1777 1291 3964
f 2662 5890 603
f 4186 3493 1287
f 3868 5166 3869
f 2604 578 579
f 3973 5562 4058
f 4776 4222 2665
f 5982 5313 5312
f 3600 3720 3601
f 4375 3474 5552
f 3608 3394 3393
f 5480 3951 2797
f 3951 3950 2797
f 2887 124 123
f 3672 3671 1594
f 2623 2593 5065
f 3114 3001 3000
f 3808 3772 3653
f 3806 5555 3807
f 826 3700 992
f 4972 5824 2276
f 4565 265 5855
f 5218 5217 3843
f 1358 2100 2354
f 1814 1851 1815
f 1180 1179 5989
f 660 659 4199
f 5520 2833 4013
f 3679 940 1246
f 1148 4787 4861
f 1036 3739 3124
f 5896 2831 4653
f 3885 5878 3886
f 469 3959 467
f 1211 3935 565
f 3173 2785 2932
f 5436 3901 1800
f 1254 2140 1255
f 4083 3488 3433
f 5506 5494 489
f 5859 2695 5482
f 4114 4097 4099
f 4089 4088 1220
f 4097 4145 4098
f 4465 5123 4838
f 2612 5123 4465
f 4698 4784 3833
f 3552 3551 5357
f 4778 3903 5357
f 3948 6043 3838
f 4067 3212 3379
f 3973 5889 5562
f 1077 1076 6038
f 3917 3918 6048
f 3972 6039 6040
f 1350 861 860
f 5513 2945 1192
f 3696 3802 6024
f 5099 347 2144
f 348 679 349
f 4172 4141 3751
f 3738 5416 3657
f 1094 1093 2943
f 3977 5037 3976
f 4063 3 2
f 3844 1346 1176
f 3130 2952 4633
f 3284 3538 845
f 5966 3721 5418
f 3360 3449 3405
f 948 1262 949
f 4034 5198 5180
f 5191 2735 556
f 2711 3900 3979
f 468 1210 2770
f 1253 3222 1251
f 386 388 3053
f 5467 921 920
f 6042 5532 1162
f 563 2828 625
f 2912 5568 5464
f 5963 491 5739
f 3941 5894 1205
f 5575 3886 5748
f 4755 1834 5508
f 2141 2497 1255
f 2489 2303 2608
f 4000 154 3943
f 1206 645 644
f 1206 5551 645
f 2445 4577 4578
f 5235 938 937
f 3909 3891 1024
f 5477 2806 5993
f 1029 3595 3591
f 1389 4217 4218
f 1287 5331 4186
f 2954 3967 2905
f 3870 4022 3798
f 965 4128 876
f 883 943 945
f 2605 579 3092
f 2945 5513 1301
f 5966 4993 3356
f 3536 3949 3248
f 5677 3087 5257
f 3248 5070 3535
f 4613 1827 2799
f 653 3056 2904
f 504 3008 854
f 2350 2620 5800
f 4788 3276 3278
f 2938 4034 5180
f 3074 4066 5181
f 1233 2101 4017
f 5181 439 3074
f 393 2951 593
f 4037 4039 5520
f 4855 231 4112
f 5856 5576 2458
f 3489 5999 3414
f 5494 388 4110
f 5725 3106 1108
f 4961 5619 5823
f 2395 460 1104
f 302 2503 1549
f 3873 4779 5349
f 5241 5870 5078
f 5562 5889 2332
f 3918 6040 6048
f 6047 6039 3972
f 5332 3429 1090
f 1376 5747 1862
f 1340 3994 1341
f 5696 3667 5103
f 1317 5100 1318
f 909 4047 3565
f 3988 4183 3803
f 5487 4009 3750
f 2628 2626 2624
f 3282 5728 5301
f 1198 1197 3845
f 2499 4085 2500
f 5467 920 4398
f 2789 2726 5913
f 4033 2462 4034
f 5217 438 3843
f 5917 2957 1694
f 4048 4093 1384
f 3254 3397 3526
f 5253 2099 5450
f 1202 2717 2719
f 5426 1800 1802
f 2780 3377 2781
f 5879 5476 4013
f 6049 1847 4795
f 4774 5932 5474
f 2648 402 2646
f 5412 5411 4766
f 4770 4634 2775
f 1268 1267 4756
f 970 5436 1800
f 1251 3222 1279
f 4915 4405 1534
f 5531 3168 3998
f 1834 1833 5263
f 5153 4782 4101
f 5171 5509 847
f 2971 5120 5119
f 2750 1709 2751
f 4145 5868 5544
f 1336 1335 2855
f 2805 552 1336
f 5187 3965 5744
f 87 664 3344
f 111 4988 5694
f 4139 5548 4074
f 4075 1375 1374
f 6040 6039 6048
f 2805 2604 4772
f 357 356 1192
f 680 682 2552
f 3246 3949 1207
f 2798 1827 1826
f 4047 4613 2731
f 3750 4172 3751
f 3245 1296 2432
f 1411 4662 4479
f 1175 2943 1198
f 4082 4164 1858
f 5107 5920 5090
f 3147 4084 3871
f 3384 6026 5454
f 2353 1347 5603
f 5535 5217 5216
f 2101 3978 4017
f 1234 4017 4786
f 3929 1235 3059
f 4785 4787 1148
f 5846 387 6050
f 2771 2647 468
f 4067 3497 3212
f 5532 6042 4020
f 4756 3222 1253
f 1278 1277 1239
f 5326 5120 2971
f 646 645 4098
f 3164 5965 1338
f 3965 1290 5744
f 3988 3990 4183
f 1822 5578 5484
f 1376 5743 2663
f 4073 3836 5547
f 767 4673 3788
f 1283 3869 5166
f 2896 5060 3660
f 3875 5408 2553
f 2281 2553 5408
f 5135 454 317
f 1209 3246 1207
f 5135 5137 454
f 3737 2730 2732
f 2144 2143 2506
f 1055 830 5330
f 3772 3807 3245
f 4205 4990 4206
f 5521 5731 6013
f 3184 3280 3956
f 5229 5314 5879
f 5446 5448 3931
f 3511 939 3441
f 5474 5932 1422
f 1270 3597 3596
f 1286 5522 4766
f 4766 5522 5412
f 1235 1234 3059
f 4795 4787 4786
f 6030 5486 5552
f 4999 4769 2751
f 1335 551 3914
f 3798 4022 1778
f 5304 1274 1276
f 3966 4002 5510
f 4679 3865 1851
f 788 4771 3091
f 2805 2856 2604
f 5135 1258 3535
f 2741 479 478
f 2505 5113 1319
f 2179 3840 2180
f 4080 5529 236
f 3238 1185 5986
f 1295 4761 2430
f 4033 2937 4141
f 3845 1176 1198
f 3043 5987 3236
f 5450 2099 2101
f 3749 3748 1186
f 5525 3848 5526
f 3727 2831 5896
f 5556 3848 5525
f 446 2591 2590
f 1811 1813 5475
f 5897 448 5024
f 3728 2349 2831
f 404 403 1843
f 3904 1201 1203
f 3379 5577 4032
f 3220 3366 3365
f 4770 4094 1842
f 5263 3934 5038
f 5394 6021 3492
f 5434 3459 3571
f 614 2905 615
f 5867 5578 1822
f 3427 5984 3249
f 3868 4780 5166
f 1301 5513 292
f 951 950 3354
f 1494 947 946
f 3247 2701 1929
f 1931 1930 5059
f 5205 5550 358
f 3309 3308 5728
f 3738 5487 5416
f 1508 5161 5862
f 1127 1087 1263
f 1197 1194 3846
f 1351 4789 1857
f 1295 2430 1296
f 3476 3475 1182
f 3956 3280 1809
f 3633 1306 787
f 1508 5862 5907
f 1288 1448 3345
f 2377 2237 3465
f 4146 2573 4051
f 4535 4069 1292
f 4073 1324 4074
f 287 2854 288
f 1850 3324 1815
f 551 553 3915
f 4408 3233 3269
f 4069 4535 4147
f 4023 3869 1285
f 2588 2207 189
f 911 913 5388
f 283 1315 1314
f 3723 2547 2546
f 278 447 279
f 4006 1303 5944
f 5859 2486 2696
f 5006 2396 5053
f 5857 2721 437
f 4791 447 446
f 5524 4975 4143
f 4703 3365 3485
f 2842 5901 4881
f 4975 4175 4176
f 5617 1422 5932
f 3887 5995 3982
f 2973 780 626
f 5132 4028 4027
f 1273 2585 1271
f 2490 1843 2491
f 2544 2646 402
f 4659 2365 5536
f 5585 1326 5613
f 1068 4650 1066
f 1298 4210 1299
f 2176 4148 1441
f 4068 4070 4217
f 3284 5931 3538
f 1289 4123 2640
f 2266 1020 1019
f 2949 2093 2566
f 5553 1302 5854
f 3918 2670 5889
f 4149 1381 4059
f 2443 579 325
f 2617 2400 5705
f 5747 1841 1862
f 604 603 5874
f 291 290 4151
f 3875 5036 5035
f 2895 4224 1929
f 5320 3424 3577
f 3248 3949 3246
f 1406 5540 5579
f 3011 513 3012
f 235 4201 2505
f 5065 279 4792
f 4762 5514 5044
f 2430 4762 2431
f 3245 2499 1193
f 2245 2409 2466
f 5377 3930 3442
f 2546 1303 4006
f 5198 2462 2877
f 4039 2646 2833
f 3809 2354 2099
f 4109 5857 5571
f 2591 2545 1249
f 2545 448 5897
f 4560 5800 1360
f 2592 2262 2261
f 3520 6045 3704
f 2491 1843 1842
f 1288 3244 3566
f 4110 5846 4111
f 6018 1275 1849
f 5613 1391 5585
f 4071 1389 1391
f 1814 4409 4725
f 5071 5844 4124
f 390 1369 1313
f 3748 1184 1186
f 318 2553 319
f 283 2358 281
f 2732 2731 1316
f 5019 4792 5594
f 3846 4082 4789
f 2500 4085 2403
f 5368 840 3871
f 3235 3043 3236
f 3842 4976 5524
f 1944 1943 5139
f 1470 3418 1471
f 4108 2719 2264
f 1942 2459 2580
f 2068 4934 1736
f 3062 3229 3060
f 5464 1309 1308
f 5618 4299 1426
f 489 4111 5154
f 4041 1058 1057
f 2574 2573 4146
f 152 3999 5597
f 3915 3985 3916
f 1367 1393 6051
f 5039 3334 5040
f 5561 2332 2331
f 5920 5877 5090
f 4322 557 5646
f 5010 255 2094
f 5854 256 5553
f 4076 1374 1862
f 4004 4044 4043
f 3247 4224 4226
f 1342 1341 198
f 454 5137 2412
f 5100 348 5099
f 4394 4393 2471
f 6005 4790 810
f 2199 5020 2227
f 5322 2983 5976
f 5044 4063 5600
f 4974 4108 2224
f 1423 5617 3277
f 2100 1357 3978
f 529 1202 1201
f 5524 4143 5525
f 5770 5565 1787
f 1848 1847 1378
f 386 3053 5896
f 1943 1942 4180
f 2975 2649 2651
f 2580 4581 4179
f 5748 4178 5575
f 2867 3928 4911
f 3943 5576 2923
f 6052 1309 5464
f 3039 2824 5061
f 5404 2084 1408
f 1377 1379 5619
f 4191 4915 2342
f 5559 2190 5587
f 4911 596 2867
f 5170 2367 2369
f 4617 2130 5558
f 5500 5383 5359
f 2317 2562 5126
f 5817 5685 1415
f 4056 5546 5220
f 4088 4090 5844
f 4074 1323 4139
f 5993 4772 4771
f 2670 2330 2332
f 3452 3458 3522
f 1243 2454 1244
f 3520 3519 1137
f 2066 202 245
f 201 246 202
f 1318 2505 1319
f 235 237 4201
f 2888 2887 123
f 4976 2721 5857
f 2120 2655 2121
f 4077 4160 6049
f 1099 5471 4197
f 2274 3270 3269
f 5900 2485 2484
f 5571 2719 4109
f 516 5178 3019
f 4197 4196 3270
f 1848 1378 1377
f 1825 3901 3982
f 231 172 171
f 820 988 3637
f 5619 4961 1377
f 1222 5746 367
f 1377 4961 1309
f 4255 4217 1389
f 5868 4051 4126
f 4145 4146 4051
f 4217 4255 4068
f 5844 5851 4124
f 3238 3231 3232
f 6053 4967 4969
f 2986 2722 500
f 5371 835 837
f 1285 1284 1369
f 299 1549 1548
f 5370 1167 5740
f 4046 4045 1931
f 5196 2899 5722
f 2505 2506 235
f 2748 3666 4522
f 1865 6054 1863
f 2273 2272 4091
f 5054 5594 4792
f 5006 5053 446
f 3312 4284 3428
f 4167 1943 4180
f 2268 4295 2121
f 1361 1360 5800
f 2458 2086 1321
f 4004 3919 1188
f 5325 889 3426
f 4043 1407 1362
f 2752 2751 4769
f 5585 4235 1398
f 4089 366 4090
f 2573 4161 4052
f 4090 4182 5851
f 5000 2093 2095
f 3464 865 4813
f 2367 4124 5851
f 4151 203 5563
f 358 5550 4997
f 4818 935 875
f 4065 1639 5605
f 4157 4026 4025
f 876 4129 877
f 1557 1556 1410
f 5214 4672 5924
f 3298 5673 1092
f 3298 3297 3933
f 5603 5602 2353
f 5139 1943 5007
f 5982 5312 5277
f 4974 4976 5857
f 4798 3608 1048
f 4175 4974 2224
f 3278 3277 4271
f 6049 4160 1847
f 5392 5989 5969
f 1942 2580 4179
f 4179 4581 5584
f 5592 5750 5027
f 548 5241 549
f 3711 3710 5388
f 1413 391 5694
f 3914 4100 5045
f 3821 3322 3822
f 4616 2609 2303
f 4126 2514 4162
f 636 4357 4356
f 4127 2514 1368
f 5233 818 4923
f 3636 3635 1469
f 5413 1469 1471
f 4776 2665 1284
f 254 1855 255
f 4997 4151 290
f 5035 244 5550
f 1635 4813 5390
f 6055 245 244
f 2410 5538 2411
f 5136 4226 5137
f 310 281 2357
f 5543 1314 1316
f 5113 2505 4201
f 2422 2700 2386
f 5514 5872 4064
f 1639 4065 1640
f 4040 1533 3195
f 4332 3314 3227
f 5064 2403 2402
f 5944 5785 5872
f 5828 4985 4564
f 2463 4092 2464
f 495 696 496
f 5592 5027 4133
f 5983 3362 1460
f 175 174 1676
f 833 832 5560
f 4175 2224 2226
f 2758 2397 2399
f 6056 5911 3368
f 3989 1363 3990
f 5584 2249 2251
f 6052 1377 1309
f 5596 2369 2368
f 3577 3424 1519
f 4782 2642 4100
f 1325 4072 5613
f 1329 4208 1330
f 4123 5170 2640
f 2129 151 150
f 508 5068 5163
f 5578 4162 1324
f 1389 4218 1390
f 891 596 4911
f 2331 4104 4987
f 2359 2360 2532
f 112 111 5805
f 4969 3986 6053
f 5538 2410 6055
f 3247 1929 4224
f 2357 2358 5113
f 4248 6057 4246
f 2357 2233 1445
f 1447 87 3344
f 5756 4344 4328
f 4792 5019 5811
f 339 5122 4194
f 730 1587 3242
f 3277 1876 4271
f 1179 1178 1293
f 4082 1858 4789
f 4788 3278 4270
f 4409 1814 702
f 5611 5163 5164
f 774 3296 243
f 1388 4280 1387
f 4232 4231 1876
f 822 5915 869
f 3390 3705 5425
f 4253 4793 4283
f 4136 4121 5083
f 1551 3412 3371
f 5612 1329 5027
f 4121 160 4050
f 5557 3232 727
f 4182 2368 5851
f 1368 2514 2513
f 1368 1322 4127
f 2692 2694 4656
f 1339 844 1337
f 4289 1404 1405
f 1493 3140 3312
f 949 1262 950
f 5591 4225 3995
f 2027 4203 5837
f 4007 5872 5514
f 5235 937 4144
f 1420 2312 4935
f 5347 5243 5244
f 5861 368 5479
f 4316 4924 4809
f 1857 4205 5008
f 5475 1422 1424
f 5609 1678 4567
f 3475 5411 3834
f 2250 4177 2251
f 5581 3300 3299
f 4574 5750 2225
f 5027 1329 1331
f 5619 1426 5823
f 4180 2251 4177
f 1331 1330 2981
f 5117 369 5861
f 153 152 401
f 4208 4207 4181
f 2641 5170 5569
f 1329 4120 4208
f 1344 995 5313
f 3142 1507 3143
f 1490 1392 1443
f 2177 2094 2294
f 1392 4324 6051
f 6051 4967 6053
f 4324 5614 4102
f 2665 4220 2666
f 310 1445 308
f 4229 1480 1479
f 308 2027 5837
f 4185 2198 2197
f 5872 5785 4064
f 699 3072 3170
f 5600 4063 2
f 4205 1857 4990
f 3276 1424 1423
f 4990 1856 5554
f 5752 4279 1388
f 2043 4190 4295
f 4108 4018 2224
f 1495 1366 1365
f 3981 5505 4868
f 3218 756 3216
f 2875 3182 2874
f 3314 5954 3227
f 5569 2369 5596
f 4165 3333 4211
f 4708 5511 5429
f 4207 2368 4181
f 1595 1594 5092
f 2368 4207 5596
f 3363 1337 3460
f 1484 4161 1485
f 5694 391 4219
f 5654 3138 5977
f 4240 4239 4901
f 3426 889 888
f 184 2126 4243
f 3004 514 5930
f 2480 2065 6055
f 2895 4796 3994
f 4326 4246 6058
f 1419 1445 2233
f 1864 1863 5636
f 883 5731 943
f 5554 1452 4801
f 5149 2556 2658
f 3398 5565 3399
f 5608 2311 5606
f 5816 4916 3421
f 4252 4868 4870
f 4802 5621 5610
f 4370 5885 4371
f 2902 313 2687
f 877 4818 875
f 2562 5114 5126
f 4909 4368 5628
f 4617 4769 2130
f 4466 4465 2437
f 4881 4371 5574
f 549 5941 550
f 105 5690 5692
f 3713 3715 5892
f 4267 1401 1403
f 4959 5821 2295
f 2295 255 1855
f 4243 185 184
f 5135 3535 5136
f 2927 534 639
f 1479 1478 5605
f 1420 4935 2025
f 5615 6054 1865
f 634 636 5590
f 5615 6059 6054
f 2402 4800 5554
f 1666 4355 1664
f 2 2403 5600
f 5617 4308 4232
f 2041 4279 4316
f 2311 5608 2028
f 1467 4931 2249
f 4369 3714 1438
f 231 158 160
f 728 727 3232
f 4263 4549 4349
f 4263 4262 4549
f 1427 4299 4930
f 5613 4071 1391
f 2426 3095 3097
f 4049 6060 4405
f 3417 4357 606
f 3195 5342 5623
f 106 5614 4324
f 2074 4267 4927
f 3315 4332 6029
f 4104 4968 4102
f 5599 5805 4219
f 3691 3316 5419
f 4959 1855 5749
f 185 202 183
f 203 202 185
f 2380 5039 2381
f 5308 5983 5307
f 706 1462 1461
f 308 1421 2027
f 2027 2026 4173
f 1363 721 3494
f 5582 3010 3104
f 5194 3086 2257
f 1357 1356 2656
f 4804 1554 4894
f 5813 2632 5081
f 5609 4802 5610
f 4316 4282 2041
f 2029 4293 5624
f 2043 4280 2041
f 3981 3983 5505
f 2688 2561 2560
f 1995 4547 4262
f 2088 4237 1243
f 1495 4794 4793
f 159 1454 1456
f 4262 4548 4549
f 4264 4304 4265
f 1443 1442 1490
f 1466 1468 4928
f 105 107 1489
f 5021 306 2672
f 4968 4967 4102
f 1489 1488 105
f 4382 5631 1960
f 4221 4220 5598
f 577 576 3151
f 2177 2294 4304
f 1694 4680 5917
f 4247 4227 4228
f 4091 2888 5837
f 5636 4820 4412
f 961 963 3342
f 1491 1397 4323
f 5891 5813 5081
f 3148 609 3149
f 2029 5607 2062
f 1450 4347 4275
f 1857 1856 4990
f 4345 4292 5635
f 4990 5554 4801
f 1530 4343 4400
f 5413 4327 3213
f 5557 1059 1061
f 4281 6061 5758
f 5607 5610 5621
f 1533 1532 3041
f 2042 4281 1996
f 4165 4708 5298
f 4190 4358 4188
f 1881 5751 4942
f 2300 2975 5934
f 3283 5302 5308
f 4367 4368 4909
f 708 1462 706
f 4169 1938 5753
f 1262 3311 1280
f 5780 4960 3191
f 5774 5628 4368
f 3715 4655 5892
f 4221 4219 1313
f 2302 3169 3171
f 4219 4221 5599
f 4103 4267 1403
f 1517 3205 1518
f 4228 4269 4248
f 4246 6057 6058
f 1371 4694 3680
f 3680 5320 1860
f 1873 4291 4292
f 3160 4415 2405
f 3134 5306 3300
f 5624 2026 2163
f 2029 2062 4293
f 4174 2026 5624
f 4331 4273 4329
f 4346 4410 5630
f 2163 2029 5624
f 3144 4667 1511
f 1705 2394 211
f 4334 4294 2061
f 3543 2909 2301
f 4339 661 4472
f 5751 4869 5572
f 5639 2997 2999
f 4803 4309 4311
f 5989 5392 5391
f 1466 4932 1467
f 2675 1483 1482
f 1747 4657 3200
f 1400 4793 1398
f 1484 4169 4212
f 962 6015 5997
f 5632 4214 6062
f 1516 5628 5774
f 1469 3689 3636
f 5988 3659 983
f 111 4219 5805
f 1472 58 1473
f 3226 3228 3363
f 203 185 4244
f 1772 1771 4035
f 4808 4891 5580
f 4822 4823 6058
f 5052 5051 5873
f 4342 4341 1430
f 5605 1478 1872
f 5785 5616 1864
f 232 2957 1633
f 4203 2027 4173
f 2507 5319 5318
f 5583 5625 4294
f 3303 810 809
f 3309 3281 4287
f 4353 4274 4273
f 4274 4353 1453
f 462 2710 2527
f 935 4818 4170
f 3595 3597 3591
f 4482 5189 5195
f 4186 3186 3493
f 4274 1450 4275
f 1410 4661 1411
f 4275 4329 4273
f 4294 4334 4335
f 4798 4797 3608
f 4457 88 87
f 4809 4315 4316
f 4281 4313 6061
f 3344 5283 3345
f 1049 5542 5437
f 5504 1497 5572
f 1495 1365 4794
f 4409 702 5589
f 2242 5783 4952
f 1544 5589 702
f 70 1646 1645
f 5381 2274 6000
f 4214 5628 6062
f 4257 1489 1442
f 4256 2039 4169
f 1564 351 2159
f 4926 5614 5633
f 3659 5988 5987
f 90 2126 91
f 2294 2295 5821
f 1505 1504 1525
f 4563 1953 4290
f 1525 1504 2005
f 5580 4891 4240
f 198 2284 199
f 199 4223 200
f 4223 4163 200
f 4228 4248 4247
f 910 330 4142
f 4342 1429 5640
f 2398 728 3369
f 1409 5756 6059
f 3061 1870 1869
f 4377 4119 1529
f 2223 5009 5379
f 620 2495 621
f 3691 5419 957
f 5759 4422 5
f 2344 738 5979
f 857 3252 3209
f 4231 1666 1874
f 1497 4805 5572
f 4309 4392 4310
f 4281 4282 4315
f 513 4433 4286
f 4942 4805 4354
f 1501 1541 1502
f 2404 2406 3399
f 1518 3156 1519
f 58 4374 1473
f 4830 5656 4
f 1472 59 58
f 171 4871 1503
f 854 5267 5960
f 1391 4236 4235
f 4368 113 4352
f 5873 363 5052
f 6062 5628 1516
f 3144 1511 1510
f 2998 2997 663
f 4241 4240 4891
f 1274 5304 3700
f 557 6063 5646
f 5974 1418 1417
f 2884 963 3266
f 191 190 2768
f 4343 1530 4328
f 3094 3150 3149
f 5593 656 655
f 5595 5365 1750
f 3141 2773 516
f 5994 4713 4278
f 535 1396 3902
f 5350 4779 5300
f 5572 4942 5751
f 4315 4312 4313
f 4871 4799 1501
f 5691 5656 4830
f 3162 667 5402
f 1885 1555 1559
f 1540 4317 4392
f 5632 1867 1866
f 2043 2042 4190
f 69 1646 70
f 69 4389 4423
f 3192 5976 3193
f 2657 2487 2486
f 2039 4256 4549
f 2401 1521 1520
f 513 515 3012
f 6013 1373 6012
f 4363 5653 4815
f 5151 5482 2766
f 70 1645 4359
f 5330 830 829
f 60 59 112
f 5774 4352 1472
f 4305 52 5622
f 5642 60 112
f 2074 60 5642
f 2074 5627 60
f 5676 1585 4906
f 4290 1953 1952
f 4901 2283 4240
f 2400 1520 5705
f 4342 1430 1429
f 618 783 782
f 4494 3817 3816
f 4819 4342 5640
f 1430 4828 4384
f 1449 1873 4345
f 3944 3324 5047
f 4419 5691 4830
f 3349 3341 5275
f 5225 4199 4198
f 5092 2401 1595
f 4313 4348 6061
f 5092 1521 2401
f 4360 4359 4821
f 3903 3872 3902
f 1883 5644 4417
f 4362 1524 4360
f 4365 4364 1994
f 4417 5759 4389
f 5853 4696 5712
f 4362 1487 4815
f 3165 3228 3038
f 4310 4317 1501
f 4816 4337 4814
f 4364 4814 4547
f 4547 4814 4337
f 58 5627 4374
f 1444 4337 4816
f 3209 3211 857
f 5833 3014 3013
f 796 1492 5984
f 1473 4374 4373
f 5653 1524 4362
f 5648 4406 1991
f 3122 3121 5864
f 5272 1925 5933
f 1515 1474 4893
f 3205 4414 1518
f 4406 4405 6060
f 4367 4988 113
f 5627 4372 4374
f 5774 4368 4352
f 5149 5151 5573
f 1527 5634 1505
f 1861 5908 5655
f 3927 2983 5322
f 5296 4396 5537
f 2846 3289 4510
f 4876 1886 4404
f 4825 5644 5651
f 2634 2633 4370
f 5331 5330 829
f 4377 1528 4378
f 1884 69 71
f 877 4338 4340
f 4818 877 4340
f 80 4366 5651
f 2531 2616 5073
f 342 2384 2386
f 71 70 1523
f 773 919 5721
f 1522 79 78
f 5275 3341 3288
f 2423 4525 1614
f 1487 4816 4815
f 5653 79 1522
f 54 53 38
f 1526 1961 5631
f 4871 1501 1503
f 1488 1487 4362
f 5904 3172 3173
f 4359 4360 1524
f 1516 5774 1474
f 5634 53 52
f 1457 2050 1506
f 3417 5366 4356
f 3097 3096 5233
f 1641 4185 4416
f 639 536 640
f 1864 5636 2197
f 4827 4291 1871
f 4291 1873 1871
f 6059 5756 4386
f 3692 6029 4332
f 5902 3158 2964
f 5761 5763 5760
f 3307 807 806
f 4391 4297 1540
f 6060 1456 39
f 4396 4395 5853
f 4384 4383 1431
f 4823 4822 4383
f 1478 4385 1872
f 1411 4479 5922
f 4341 4184 4259
f 2556 5149 2554
f 3596 5361 1270
f 6054 4386 1878
f 854 5649 855
f 4419 1949 5691
f 5755 2998 3470
f 2786 3172 5754
f 427 5105 5046
f 5653 4363 79
f 4350 1515 1647
f 1439 1534 5648
f 5047 3324 5311
f 4320 5622 52
f 4241 1952 2005
f 5841 5917 4680
f 4320 54 4887
f 1527 5631 53
f 1525 1527 1505
f 4407 5589 1543
f 686 1542 1544
f 1872 4827 1871
f 5231 5230 3223
f 5986 2979 4446
f 5604 6056 5948
f 4404 4826 2157
f 80 5644 1883
f 1512 5637 1885
f 4424 5693 5761
f 6057 5640 5641
f 3464 2808 3465
f 3629 5188 755
f 5965 1339 1338
f 1872 4385 4827
f 5641 1429 4822
f 3004 5930 3015
f 4822 1429 1431
f 3281 3262 3261
f 3448 4286 3447
f 4292 4260 5635
f 5088 299 301
f 4414 3207 5923
f 1514 4411 4376
f 1497 1496 4805
f 515 5804 3012
f 1446 3185 3101
f 5946 2916 3185
f 5781 4159 5884
f 5760 5764 1867
f 89 5077 731
f 3101 1447 1446
f 6057 5641 6058
f 4593 2843 4594
f 4858 4095 2570
f 2157 4826 5757
f 1949 1513 5691
f 5248 2742 1566
f 5757 4826 5765
f 1560 1559 5764
f 3223 5230 635
f 4611 3051 4873
f 3171 3170 4677
f 1561 1560 5656
f 5254 5341 653
f 4067 3379 3316
f 713 3872 3874
f 223 2659 4394
f 2761 3162 2914
f 5762 6064 5652
f 4430 4420 4429
f 3224 1406 5579
f 641 2927 639
f 2596 2595 5626
f 924 3117 4478
f 6064 5765 5651
f 4921 4662 6012
f 5691 1561 5656
f 3493 1446 1448
f 1465 1464 5579
f 5644 4418 4417
f 6 4830 4
f 4 5657 4388
f 3142 3144 1510
f 5759 1888 4422
f 5650 4865 1887
f 5639 2763 2997
f 2694 2693 540
f 1885 1559 1513
f 2838 5835 213
f 3238 4446 3368
f 4876 5650 1886
f 3028 3219 5955
f 4445 6056 3368
f 4431 524 523
f 4826 4404 4403
f 5763 1560 5764
f 5759 5 4389
f 5954 709 572
f 1665 4343 1874
f 4502 798 4387
f 5176 481 480
f 1151 1077 1152
f 2402 2 4800
f 5852 5249 5248
f 5909 2889 5432
f 6065 1574 1576
f 4867 1649 1648
f 4867 5660 1649
f 82 1575 1588
f 5947 5946 3193
f 4540 1963 1970
f 24 23 5661
f 5687 6065 23
f 22 5687 23
f 6066 2533 2532
f 5660 1574 6065
f 5688 1573 4834
f 4879 1573 5688
f 1576 1575 4831
f 3138 5654 5296
f 2854 287 3122
f 5688 4834 4436
f 4449 4880 27
f 4480 5697 2521
f 5230 5244 635
f 206 2288 5829
f 55 1921 4892
f 14 1644 7
f 853 2533 6066
f 1567 4898 9
f 87 1447 5937
f 23 6065 1576
f 1933 6067 50
f 1043 1045 2742
f 1950 4541 31
f 5838 5852 2660
f 208 423 209
f 4439 5766 5662
f 4339 580 4340
f 4545 4455 4441
f 4440 1651 50
f 1922 1962 5662
f 5766 1922 5662
f 4907 4483 2016
f 1644 14 16
f 4892 1923 4461
f 1536 1539 506
f 4464 67 4458
f 1412 1511 5369
f 4907 49 4484
f 2009 1975 1974
f 4907 2016 4545
f 4454 4896 4442
f 166 1937 4917
f 2426 5658 2427
f 4462 1572 5670
f 5689 4552 1892
f 4892 4461 4462
f 1579 1668 1577
f 1588 1578 83
f 3062 5215 3229
f 4032 5577 3336
f 2000 164 75
f 5784 4879 4910
f 5663 5664 4442
f 4896 76 5663
f 5663 4442 4896
f 5192 621 5160
f 4462 4919 1658
f 5779 1902 5689
f 2056 2055 4576
f 3787 481 3102
f 2471 5118 5117
f 5130 3173 2932
f 2383 2420 715
f 5929 707 5953
f 4834 1922 4436
f 638 5441 5435
f 1130 1723 336
f 4458 8 81
f 4835 2147 146
f 5672 1958 1966
f 2637 2541 5940
f 98 2032 187
f 4963 4918 5772
f 4888 1998 2046
f 594 5921 4470
f 4907 4440 49
f 675 2880 2879
f 1586 146 2147
f 5523 3079 2819
f 2072 5803 2125
f 2488 2487 5057
f 5982 5277 662
f 20 4508 5831
f 3131 776 2675
f 5797 4922 5788
f 4938 5810 4982
f 2015 4983 2014
f 2014 5678 2013
f 5678 4946 4487
f 5678 2014 2038
f 2038 4940 4946
f 2300 3543 2301
f 86 4899 1583
f 2166 2165 2052
f 94 1590 5793
f 5793 2080 121
f 2356 2015 4854
f 2015 4982 4983
f 5489 3609 3961
f 2036 2080 5793
f 4534 61 4920
f 4854 5669 4853
f 573 709 2995
f 2173 5788 5787
f 5056 4606 5422
f 1660 5665 1904
f 5665 4485 4484
f 2091 3675 1310
f 3333 4166 3334
f 5815 142 141
f 5676 5256 1585
f 1989 2122 1990
f 4940 2038 2058
f 1598 1607 5840
f 706 1461 4489
f 2021 4890 1967
f 137 136 5772
f 5238 5237 5902
f 5947 3193 5976
f 4464 5674 67
f 4550 2055 1654
f 6067 1933 1932
f 5940 5712 4696
f 1655 2115 5667
f 1628 5809 2194
f 4500 4941 119
f 4940 2058 4941
f 4314 2878 594
f 2082 4556 4934
f 276 1232 260
f 5294 4692 3274
f 2869 2868 4168
f 4556 4521 2152
f 2032 98 1608
f 5797 2081 2080
f 4497 5806 5796
f 5666 2055 2113
f 206 5023 2288
f 5351 5681 4998
f 2080 2036 4922
f 2013 5671 2057
f 4940 1896 4946
f 2276 5824 2475
f 118 1602 4558
f 4401 1546 2883
f 2927 524 4431
f 684 683 5719
f 2004 5795 4929
f 4552 4444 4443
f 1901 2445 4958
f 5900 3069 3070
f 5665 4527 1904
f 2904 562 653
f 2114 4528 2115
f 5593 2860 4643
f 5771 2254 2256
f 2809 5808 2807
f 4519 2169 142
f 441 4648 2630
f 4940 4500 1896
f 4852 5682 4936
f 4250 535 534
f 1675 4944 4558
f 5685 4943 2476
f 19 1671 20
f 2426 3097 5658
f 1073 2469 1074
f 755 5189 753
f 516 518 5178
f 5178 3020 3019
f 5918 3141 5240
f 5665 1660 4485
f 2118 1706 2134
f 2337 5798 1659
f 339 2672 340
f 2688 2564 2708
f 5808 140 5103
f 4518 1897 4517
f 2098 2153 2152
f 135 4519 4518
f 2524 4507 2525
f 1910 4840 1752
f 2215 5777 5824
f 4943 1674 2476
f 1657 1656 5779
f 2847 5937 3101
f 1627 1626 5796
f 4550 67 4576
f 6067 5667 4527
f 5669 4854 1589
f 2632 5813 3623
f 2169 5696 140
f 1628 138 5809
f 1897 4518 1898
f 5678 2038 4946
f 2153 5104 4948
f 1736 2069 2068
f 1603 1602 117
f 1985 2383 715
f 267 4858 5820
f 5783 4516 5819
f 5818 4524 2243
f 5456 5455 5708
f 5709 5882 2966
f 5788 1627 5796
f 5905 688 687
f 500 3718 2986
f 4529 2892 2894
f 197 1074 2213
f 4945 2254 5771
f 2114 1905 4528
f 4587 3087 5677
f 5257 2315 4513
f 2526 5155 4514
f 5677 5675 4587
f 2425 2289 222
f 2304 4851 2310
f 2619 5423 1713
f 4516 5783 5684
f 5819 4558 4952
f 4951 5818 2242
f 1549 299 303
f 2451 270 4438
f 5702 407 2209
f 1600 1593 4970
f 337 2138 335
f 67 5674 4576
f 2113 2138 2139
f 5911 2399 3369
f 126 5683 2338
f 5809 5808 2809
f 1603 2092 1312
f 2441 3174 3041
f 5143 5826 5829
f 2444 1901 5831
f 122 1591 2166
f 724 2754 725
f 5351 3446 1606
f 3162 5402 5711
f 2107 4475 95
f 2885 4644 3069
f 1659 194 2336
f 4824 3118 5923
f 2235 4499 2236
f 540 542 2694
f 576 575 2504
f 5339 720 719
f 4727 3306 3781
f 1839 1841 5747
f 3706 1072 3707
f 4649 901 900
f 6068 4536 4546
f 4536 4543 4537
f 64 1963 4540
f 1649 6065 5687
f 6068 4544 4543
f 4536 4883 4546
f 26 6068 4546
f 22 4539 1889
f 32 4546 4883
f 1650 4883 1648
f 4388 5657 5693
f 1588 2008 5767
f 5660 6065 1649
f 4544 26 1959
f 6068 26 4544
f 80 1883 78
f 1576 5661 23
f 5758 6061 5762
f 6069 29 28
f 1922 4834 1923
f 42 4904 46
f 5776 5782 62
f 1567 4897 4898
f 4880 6069 4886
f 2045 4553 2046
f 79 4366 80
f 2613 4685 2614
f 1969 62 5775
f 1568 1663 1569
f 2018 4467 1662
f 5784 1973 4925
f 1875 1874 4343
f 1968 30 1951
f 1529 4119 1879
f 4153 5840 4666
f 5776 1981 5782
f 1940 42 41
f 4808 4289 4290
f 2018 1974 4467
f 4833 2045 2044
f 6069 28 4886
f 2044 2046 1998
f 2122 2124 1990
f 6067 4527 51
f 1654 1653 68
f 102 104 2103
f 1580 1894 1581
f 4481 2192 219
f 1588 1575 2008
f 2009 1653 1975
f 2076 2078 2102
f 4188 4358 4263
f 77 76 4551
f 1739 2928 1740
f 1597 1609 4562
f 1892 4552 1893
f 4530 5675 4905
f 4512 4496 1577
f 77 4551 4833
f 86 85 4899
f 2326 4902 4903
f 1668 1579 2210
f 1940 1939 4532
f 1939 181 4532
f 2356 4938 4982
f 2071 4986 1919
f 1965 1967 4557
f 1622 4557 4929
f 4239 2127 4901
f 5784 4925 2059
f 1610 1609 2072
f 1658 4919 1656
f 1657 56 55
f 1903 21 5831
f 1359 4174 5583
f 1899 1894 1986
f 5695 4859 4857
f 4723 4577 4140
f 4602 4846 4603
f 2298 4595 3132
f 5798 4485 1660
f 1866 4298 5632
f 4495 5810 2091
f 4295 4190 4189
f 1920 2122 1918
f 148 131 4908
f 4995 2077 2076
f 1637 4559 1621
f 2328 4602 2321
f 5698 4584 5794
f 4584 4569 5794
f 4581 5587 5584
f 5584 5587 2247
f 4271 1875 4344
f 1663 131 130
f 5615 434 1409
f 4520 5659 2271
f 4958 4957 1902
f 4367 4300 4988
f 2085 1592 1591
f 116 4534 4920
f 4463 83 4496
f 4590 2370 4596
f 1468 1467 2248
f 4574 2225 4018
f 2077 4857 2078
f 1667 1669 178
f 1939 4588 181
f 4902 5776 61
f 2337 4530 5798
f 2083 4936 4848
f 5802 1997 148
f 6060 39 1991
f 479 2740 3950
f 4561 4899 4900
f 4846 2193 2192
f 1919 4947 1920
f 104 1581 2102
f 5819 4515 4558
f 4222 1380 4242
f 115 4568 4863
f 4846 5822 2193
f 4569 4568 115
f 5516 4995 4996
f 2226 2225 5750
f 4859 5695 5820
f 1978 188 2032
f 4577 2445 4140
f 5958 5289 3328
f 4612 5698 5794
f 1414 2408 1838
f 5025 2221 5026
f 186 2466 2187
f 1672 4509 20
f 1906 2296 293
f 5033 5079 4025
f 5493 974 4711
f 179 178 2212
f 268 5820 5516
f 1907 1366 5504
f 4559 1637 4839
f 3559 3440 3733
f 5820 268 267
f 190 5028 4591
f 2270 1672 1671
f 156 221 5827
f 2211 178 5822
f 4586 4863 4568
f 1212 5478 368
f 2581 2558 2333
f 2160 2221 5025
f 2316 2562 2317
f 4564 5539 4565
f 4857 1583 4899
f 5713 2110 4731
f 5568 6052 5464
f 5084 2322 4585
f 4602 5822 4846
f 174 5007 4167
f 3006 3005 2582
f 4863 4586 4864
f 4731 1906 5836
f 419 4619 417
f 5034 1690 3190
f 2 1 4800
f 2456 3609 5489
f 5749 4243 90
f 4989 4554 2570
f 2285 323 5580
f 2323 2329 2321
f 5827 221 220
f 2360 6066 2532
f 1713 5423 5422
f 4743 4742 335
f 1723 1130 5697
f 5053 5054 4791
f 4598 5032 5031
f 1510 5922 3117
f 273 2683 304
f 2376 261 5406
f 4579 2608 2609
f 2570 4554 4858
f 4609 2323 4610
f 2734 5680 575
f 575 577 2734
f 180 182 4595
f 2571 4096 320
f 2223 2408 5009
f 2429 1906 295
f 5461 1131 1130
f 264 1692 265
f 1848 1377 6052
f 1740 2978 1738
f 4681 6070 4657
f 361 5085 359
f 5085 361 4874
f 2498 4601 2351
f 608 607 5244
f 2888 123 309
f 265 4599 263
f 5755 2999 2998
f 2542 406 405
f 294 2355 5701
f 5713 4731 2335
f 2557 2333 2558
f 2483 336 2481
f 2643 2035 5045
f 1619 1618 4872
f 3942 5939 4658
f 3202 5115 5907
f 2202 2587 4233
f 3121 4956 4509
f 763 4107 764
f 4079 2555 4105
f 5704 419 4626
f 3587 5943 5288
f 1685 1131 5461
f 462 461 499
f 2581 2582 3005
f 190 4591 2768
f 4632 4609 1698
f 5089 440 442
f 1257 3837 3968
f 527 5913 2726
f 2685 3609 2456
f 355 4615 2393
f 3611 2621 4491
f 344 359 4652
f 4605 4615 3050
f 2606 1686 5461
f 4596 2654 1712
f 2516 4872 1618
f 4642 4978 4640
f 4760 4426 4428
f 605 5512 3287
f 4059 5562 4149
f 5558 2609 4617
f 2951 2950 658
f 5536 4000 3943
f 2071 4474 4986
f 2261 5847 410
f 431 598 597
f 1482 2845 2676
f 5151 2766 5574
f 5211 385 2542
f 4652 2680 4630
f 5078 4428 5241
f 4136 6050 4601
f 2651 2650 5892
f 2502 272 2526
f 376 389 4606
f 410 2592 2261
f 2872 2802 2804
f 125 5109 282
f 4035 2578 2996
f 5089 442 2607
f 4498 5156 5155
f 764 4107 4106
f 4978 5063 5183
f 4861 1846 5567
f 4620 2518 5704
f 2679 497 496
f 2509 2508 2891
f 767 466 465
f 4491 2603 3611
f 2840 2792 2925
f 2392 2861 3046
f 1702 4646 4106
f 5882 5707 2826
f 5568 1848 6052
f 4610 360 4608
f 4652 2679 2680
f 353 4614 5169
f 3069 4644 3095
f 5089 463 440
f 5144 5710 3792
f 485 2876 5197
f 2805 4772 2806
f 4098 4145 5545
f 2563 5194 2729
f 2784 3079 5523
f 4598 3120 287
f 4021 6046 5971
f 3053 388 5494
f 2447 2644 2992
f 4522 2749 2748
f 5488 5141 5835
f 2179 2178 2626
f 3950 679 3016
f 3102 5176 2994
f 2602 2047 2049
f 5232 5348 5347
f 4648 441 459
f 2707 4132 5891
f 4498 2650 5156
f 5835 557 213
f 4655 4654 5892
f 5017 5913 526
f 3625 1009 771
f 2334 2333 2557
f 4641 5871 4642
f 4651 497 2679
f 2988 3263 412
f 389 1722 2934
f 2439 2857 769
f 1708 2751 1709
f 2899 5196 2900
f 3401 425 3373
f 5942 4630 649
f 643 642 4674
f 2841 1915 3313
f 4663 1732 1763
f 5197 5196 485
f 4709 5140 5353
f 5615 1409 6059
f 2967 4198 611
f 4762 5044 2431
f 5052 300 5050
f 5827 3049 156
f 1729 2841 5138
f 389 2934 4607
f 2785 2784 5152
f 512 2598 5888
f 3794 5145 3792
f 4707 4811 3018
f 2991 4664 5206
f 5934 3543 2300
f 917 542 1746
f 3908 2922 2921
f 5754 4268 2786
f 2496 2495 620
f 4649 5957 4650
f 629 3851 1165
f 5208 5957 5959
f 601 2874 602
f 4836 5440 1552
f 542 917 919
f 2908 2910 2793
f 540 2693 4622
f 3020 5177 2379
f 794 5604 5895
f 5835 2980 6063
f 2674 3131 2675
f 1734 4325 1733
f 3225 2589 2087
f 1759 1755 2803
f 4670 2756 2755
f 3952 3862 3922
f 1753 1859 5655
f 1909 4849 4840
f 4638 4637 1718
f 2404 5770 5717
f 5722 3629 2747
f 616 618 3076
f 1718 3161 1719
f 2496 4849 1909
f 5727 5996 3455
f 1732 1731 3163
f 3036 3082 2870
f 5928 3035 3163
f 2922 3908 3907
f 2851 3009 5720
f 3159 4637 2577
f 3304 5271 5455
f 5714 3794 3793
f 4653 4601 6050
f 4850 4445 3071
f 5243 4960 5716
f 4200 657 4198
f 5174 1507 3142
f 1749 5250 3216
f 2565 2858 1837
f 4733 4732 3867
f 773 2694 919
f 5720 1720 4693
f 2827 4598 2825
f 5951 695 5955
f 3145 4325 5231
f 1547 5287 1545
f 4838 4837 4202
f 1747 2931 4657
f 3587 5288 1481
f 2828 626 625
f 539 5812 4450
f 658 3111 2951
f 2180 2593 2178
f 5453 2939 5370
f 1726 5140 1724
f 2337 2336 2892
f 5924 4672 1744
f 340 2835 5148
f 4445 4850 5948
f 3980 1253 4020
f 4407 3233 4408
f 5969 6070 5392
f 5908 2918 5655
f 4685 2613 4686
f 1761 4702 1762
f 1808 3929 1071
f 5942 4625 1758
f 3339 4844 3337
f 3320 3411 837
f 4475 4476 95
f 3751 2937 2936
f 5717 2405 2404
f 3805 3655 3876
f 2406 808 3399
f 3303 809 3304
f 5933 1925 2871
f 3035 3037 3163
f 3198 5491 546
f 2160 2200 2221
f 1779 4695 4635
f 4199 659 5974
f 773 775 4656
f 4387 3285 5965
f 3883 630 5497
f 3882 628 630
f 5294 3275 5292
f 4633 687 686
f 5922 1412 1411
f 1926 5272 809
f 5168 5167 5214
f 2845 1482 2843
f 3703 3704 3761
f 3576 1861 1860
f 806 3426 3307
f 901 5726 899
f 2697 453 2698
f 2939 5453 3750
f 1762 4415 4663
f 5272 5933 5271
f 806 808 1765
f 5410 5409 5363
f 3229 4844 3339
f 5228 3108 3107
f 4713 5994 1425
f 5658 3097 3413
f 1738 1543 1542
f 1294 3296 5721
f 1788 3455 5996
f 3164 1338 3165
f 3217 1756 3125
f 4408 4726 4409
f 1712 2681 1710
f 3154 781 5292
f 1768 622 1769
f 757 3025 1744
f 6070 5534 5392
f 1770 5724 3528
f 719 1992 2548
f 5511 4708 1298
f 4301 4302 5354
f 3497 4067 3691
f 5935 774 242
f 3306 4727 3398
f 3308 3532 5728
f 3219 4276 3220
f 836 3320 837
f 6014 6003 915
f 3069 3095 2426
f 1790 1266 5372
f 4714 968 1770
f 4706 1926 811
f 5430 3550 3539
f 5152 2784 5523
f 5724 3207 3206
f 3359 967 6005
f 1080 3804 3537
f 3460 1337 3571
f 420 3401 2876
f 5875 5915 822
f 3938 5369 1511
f 5565 2404 3399
f 3424 5320 3681
f 5131 5125 476
f 5994 5356 1425
f 5365 3390 5424
f 3018 5325 4702
f 3018 4811 5325
f 5270 4703 3108
f 3411 3410 837
f 1799 5400 1797
f 5365 5424 4705
f 4057 5477 841
f 3309 3448 3310
f 3129 3461 3463
f 3366 3487 3367
f 2325 2324 220
f 4724 4726 3271
f 6009 1128 3662
f 4719 1782 3549
f 4806 4807 5623
f 3478 1153 4715
f 1834 6020 1835
f 3645 3768 6036
f 3550 862 3539
f 6034 3064 3876
f 5842 944 943
f 4014 1133 1135
f 5723 5372 3479
f 723 3494 721
f 252 2495 4096
f 3874 3873 4807
f 5452 3939 6027
f 887 4810 1785
f 5425 3705 3707
f 987 986 3437
f 3557 241 243
f 6037 3913 6027
f 3933 1136 1138
f 945 881 883
f 5734 6032 4717
f 3051 354 5700
f 3348 4710 3409
f 3486 4703 3485
f 836 835 5387
f 3597 3590 3591
f 1009 3580 771
f 5469 218 6019
f 6019 3864 644
f 2756 5167 2703
f 3876 1018 6034
f 605 3287 2662
f 1005 3525 1054
f 1005 1054 1028
f 6023 1798 6022
f 1798 1797 6022
f 6003 6014 5472
f 6015 5472 6016
f 969 971 1806
f 6035 5426 4758
f 6028 5727 1051
f 1215 888 887
f 4790 4716 1785
f 4627 5773 4628
f 3698 1187 785
f 859 861 3599
f 5203 2562 2563
f 5458 4687 5398
f 3306 3305 3781
f 2267 1019 1070
f 988 987 3638
f 5399 3638 1797
f 1063 1062 6010
f 3710 1160 6016
f 905 904 1776
f 2496 620 4849
f 5511 1298 860
f 5472 6015 6003
f 4758 4757 6035
f 896 1806 971
f 6018 3626 218
f 5324 5468 5403
f 1792 3612 1793
f 3409 3582 1853
f 1125 1160 3710
f 898 897 3436
f 1806 896 1062
f 3764 3763 1913
f 3646 5734 5465
f 895 1799 1017
f 5458 5490 6028
f 4716 6005 5734
f 5123 1432 3687
f 3456 4737 3613
f 4724 4679 4725
f 5452 827 3939
f 3589 3588 6011
f 1204 1206 644
f 2209 2955 2208
f 3615 5409 3616
f 4710 4711 974
f 1694 2957 1693
f 5975 1018 3655
f 4734 4722 4721
f 925 927 4734
f 6036 3646 3645
f 5410 5363 5362
f 6066 2360 2183
f 3706 4744 5466
f 5426 970 1800
f 4774 1801 1825
f 3665 3764 881
f 4735 5735 4736
f 5541 5377 5360
f 1385 4272 1386
f 4873 5700 497
f 5725 3558 5517
f 2409 2187 2466
f 6017 1643 3786
f 4688 5398 4687
f 4773 3974 4745
f 3619 5493 3952
f 719 718 1992
f 786 3804 784
f 5732 3293 3699
f 3121 3120 4956
f 5403 5460 1927
f 3765 6043 1912
f 927 1945 4734
f 6017 3786 1151
f 1792 3782 3781
f 3971 4058 4745
f 3632 6033 5273
f 3952 3861 3619
f 5451 1812 1811
f 5734 3646 6032
f 4736 5735 1226
f 4730 906 905
f 3768 6044 6036
f 3922 1297 3861
f 5260 4966 3911
f 6044 6041 6036
f 5445 4030 4031
f 321 2671 322
f 3119 3222 4756
f 3624 3625 5950
f 3423 3100 879
f 1187 3698 4030
f 646 4098 5545
f 216 5469 5468
f 3486 3129 3128
f 4747 5733 1791
f 1906 2112 2296
f 3537 3355 1080
f 5668 650 3854
f 5190 650 5668
f 2921 5212 3908
f 6042 6046 4021
f 3626 6018 1849
f 431 1548 598
f 915 972 1200
f 5460 736 5545
f 576 2504 5891
f 6044 1227 1226
f 3333 3335 5340
f 5531 5962 3168
f 5547 5485 5484
f 4736 1226 1228
f 1209 2701 3246
f 1807 5978 1808
f 3319 3888 4712
f 5511 860 859
f 4058 3971 3973
f 2664 1839 5747
f 1828 5362 1826
f 3120 3122 287
f 5508 4754 4755
f 3937 4862 3936
f 3964 1291 1290
f 3972 3975 6047
f 3950 3016 479
f 1193 3653 3772
f 3258 2555 3259
f 6070 4681 5534
f 5154 5528 490
f 1107 5725 1108
f 1822 5485 1823
f 964 1344 4128
f 479 2741 2740
f 4860 617 4646
f 4795 4861 4787
f 1210 625 4634
f 5574 2766 2767
f 2845 2863 2676
f 1375 4075 4222
f 4763 5338 5339
f 1071 1072 5466
f 4653 6050 387
f 4785 1234 4786
f 563 1210 564
f 1240 3940 1241
f 5544 1927 5460
f 1831 3240 5883
f 1842 2648 2771
f 1842 403 2648
f 4054 4072 582
f 1927 5544 1824
f 5985 1823 5485
f 841 2903 3893
f 4147 1778 4022
f 4147 4535 1778
f 3948 3838 3837
f 2353 2155 1358
f 4727 1052 3398
f 5567 4862 4861
f 3983 5995 5575
f 194 1661 2521
f 583 582 4193
f 2755 2757 2996
f 1385 4093 4788
f 757 5373 5316
f 4098 645 4099
f 809 811 1926
f 2827 5261 5032
f 3723 4007 4761
f 3723 2546 4007
f 5752 5601 4204
f 3742 5229 5879
f 2912 4862 5567
f 3561 3674 3468
f 5699 6066 2183
f 1376 1375 5743
f 2741 478 2799
f 436 5883 4048
f 5944 1303 1304
f 4378 4399 1512
f 5975 3655 4765
f 1822 1824 5867
f 1283 5166 5743
f 5848 4641 1956
f 2819 1507 1509
f 4694 4336 5730
f 2353 5602 2155
f 4795 4786 6049
f 4795 1846 4861
f 4797 3155 3154
f 3310 3447 3881
f 1233 5450 2101
f 5752 5602 5601
f 4766 3477 1287
f 3983 3982 5995
f 1369 1284 2666
f 3036 2870 4665
f 2546 1832 1303
f 1857 4789 1858
f 2198 4064 5785
f 1664 4399 4400
f 374 2728 472
f 4072 4193 582
f 3986 1343 6053
f 3534 5301 5728
f 5944 1304 5616
f 2290 4140 2291
f 2493 2492 5592
f 5551 1308 4113
f 323 1404 5580
f 828 1849 1274
f 174 2465 5007
f 2608 4579 2490
f 4177 4167 4180
f 1327 4178 1325
f 1503 158 171
f 2248 2249 2247
f 365 367 2981
f 5045 4148 1335
f 2515 2514 4052
f 6051 4324 4967
f 5785 5944 5616
f 4836 2758 5274
f 2622 4764 4426
f 4790 1785 4810
f 925 4721 4015
f 2273 4091 4203
f 4657 6070 3200
f 1907 5575 1364
f 1365 1326 4794
f 2612 5124 5123
f 1784 887 1785
f 4989 2409 2245
f 2226 5750 5592
f 5554 1856 2402
f 5612 5027 5750
f 105 5633 106
f 1931 4045 4796
f 2888 309 5837
f 5668 606 608
f 4802 4803 4311
f 2121 4189 2119
f 4869 5505 5504
f 4125 2484 2783
f 2498 4855 4601
f 4189 4299 5618
f 4355 1666 1882
f 1 4274 4800
f 1875 4271 1876
f 1496 4254 4804
f 1400 4283 4793
f 2643 2342 4915
f 4926 5692 4927
f 4248 4819 6057
f 4386 6054 6059
f 1453 1452 4800
f 1866 4283 4298
f 1386 4272 5756
f 1665 1874 1666
f 1399 1398 4235
f 4331 4829 4273
f 4809 4924 4206
f 6062 4350 5632
f 4350 5760 5632
f 4283 1400 4298
f 4272 4344 5756
f 1360 5583 4335
f 4921 1372 1753
f 1450 1449 4345
f 4274 1 1450
f 2891 5379 2509
f 4326 6058 4823
f 4091 5837 4203
f 4430 4330 4329
f 697 215 214
f 1487 4257 4816
f 4361 4373 5690
f 1664 4400 1665
f 4119 4377 4413
f 4893 1473 4821
f 4383 4307 4306
f 6011 5729 3589
f 5935 775 774
f 4354 4805 4804
f 5759 4418 1888
f 4893 1474 1473
f 4894 4355 4354
f 2935 449 3133
f 4348 5765 6064
f 5637 1553 1885
f 988 3451 986
f 4445 5948 6056
f 4261 4828 4341
f 4376 4410 4413
f 1512 4399 5637
f 4330 5650 4331
f 4363 4365 4366
f 5657 5656 1560
f 1996 5758 1994
f 158 1503 1502
f 5853 1464 4696
f 4291 4828 4261
f 5720 4693 5294
f 4347 4430 4329
f 1515 1645 1647
f 4817 4818 4340
f 1991 4406 6060
f 824 823 5645
f 4829 4404 2157
f 5968 5264 3062
f 4399 1664 5637
f 5757 5765 4348
f 4365 1994 5758
f 4423 5693 4424
f 4341 4828 1430
f 4384 4828 4827
f 1553 1555 1885
f 4825 5765 4826
f 5657 1560 5693
f 4419 4830 4429
f 3145 5231 3223
f 6 4865 4429
f 1550 5658 3413
f 1574 5660 4884
f 14 4898 15
f 1950 29 4541
f 7 5661 4831
f 13 66 1567
f 1972 4867 4540
f 1892 30 1968
f 56 5689 1892
f 2007 1969 5775
f 657 611 4198
f 2003 2106 2105
f 46 4904 4920
f 4463 4458 81
f 1950 1962 1951
f 793 5911 6056
f 1977 4553 1993
f 5689 56 1657
f 5665 4484 49
f 4833 2044 77
f 2307 1903 1656
f 1921 1923 4892
f 1934 1975 1932
f 4892 1658 55
f 5717 3161 2405
f 62 5782 5775
f 1978 5005 188
f 6067 51 50
f 4918 4963 4919
f 824 5645 3267
f 4918 137 5772
f 4508 2291 2444
f 81 83 4463
f 1661 1905 2521
f 4444 4957 4578
f 4837 3687 2844
f 2319 2487 2320
f 4890 4557 1967
f 510 5888 2964
f 1993 5005 1978
f 4552 4957 4444
f 4552 5689 4957
f 5712 5711 5537
f 122 2166 2052
f 4483 4906 2016
f 5835 6063 557
f 4900 2103 4561
f 5604 793 6056
f 4947 1919 4986
f 1897 1896 4500
f 4591 5028 5029
f 2521 1905 4480
f 2290 405 4723
f 2445 4578 4958
f 1141 127 1632
f 5667 4528 4527
f 5703 425 3392
f 162 2111 163
f 3004 3003 515
f 1642 4722 4729
f 66 68 2010
f 4354 4804 4894
f 4105 2532 2318
f 4553 4888 2046
f 1669 2193 5822
f 1582 2246 86
f 5063 4978 415
f 4673 384 4781
f 2392 3747 2861
f 1647 4424 5761
f 2019 1974 2018
f 1662 1663 2018
f 2601 2323 4609
f 5138 1727 1729
f 1720 1954 1718
f 5717 1719 3161
f 4984 4986 4474
f 527 2725 2516
f 3731 6020 3292
f 1928 3763 3665
f 4734 1945 4722
f 3215 1601 1603
f 1584 2147 2017
f 2539 617 4860
f 2482 2667 2519
f 4415 1765 2406
f 3399 808 807
f 2558 2667 2482
f 4443 2024 1893
f 2519 2667 2520
f 5708 5710 5709
f 3613 4737 4739
f 1443 1938 1444
f 4257 1444 4816
f 4337 2040 4548
f 5753 1938 1394
f 1393 5753 1394
f 5621 4311 2063
f 4167 4177 1676
f 4872 2725 2724
f 1712 4597 4596
f 2654 4596 2652
f 4354 1882 4942
f 4870 4869 5751
f 5505 3983 1907
f 4533 4532 181
f 181 180 4533
f 720 5339 3540
f 3127 1783 4668
f 3127 1781 1783
f 4651 4873 497
f 2872 345 2802
f 2802 345 3090
f 1772 4036 417
f 1771 1917 2579
f 1771 2579 2578
f 2578 4035 1771
f 418 2778 419
f 3125 4624 3126
f 2812 2734 577
f 17 16 4910
f 4236 4909 4213
f 4490 110 1571
f 2292 2291 5564
f 4264 151 5586
f 2028 2030 2311
f 6055 2065 245
f 5809 2809 5683
f 5598 2075 5599
f 3886 5995 3887
f 474 5173 475
f 4751 4750 2149
f 5031 3120 4598
f 2596 2479 2478
f 370 3495 350
f 2746 5512 605
f 2567 5117 5861
f 3030 5293 5292
f 2594 2596 207
f 4621 5353 1687
f 5142 5279 5191
f 483 2714 484
f 5216 5218 5925
f 5134 4472 661
f 3506 3504 3507
f 590 3336 5577
f 351 5916 352
f 2884 2883 3342
f 5235 5234 938
f 4668 4669 5354
f 2337 2892 4529
f 4824 4704 752
f 3866 922 5956
f 5382 2977 2979
f 3545 1032 3620
f 3923 3954 3849
f 1174 3957 6031
f 940 5401 3321
f 3587 1483 5047
f 5187 5744 5185
f 3955 3954 3388
f 5051 5703 3392
f 5253 3279 2099
f 898 3516 5375
f 3511 5448 5447
f 693 3851 629
f 5979 3330 858
f 2669 3986 4969
f 4666 5840 1607
f 3957 3956 3776
f 4375 3522 3458
f 2084 3422 1408
f 4084 3146 634
f 1358 1357 2100
f 392 4070 4069
f 1392 6051 1393
f 5543 1316 3997
f 4183 946 948
f 4256 4169 1484
f 4363 4814 4364
f 4317 4310 4392
f 1171 5225 1169
f 4156 1535 633
f 1889 4539 33
f 699 3170 3169
f 101 2170 2082
f 2843 1481 4594
f 5372 5723 3206
f 4542 1989 1948
f 5662 1962 1950
f 6062 1516 4350
f 6067 1932 5667
f 15 4898 1570
f 4847 5768 5782
f 1020 2266 3533
f 5803 5802 2125
f 5787 2057 5671
f 84 1993 4553
f 5834 1459 4304
f 4908 5802 148
f 3010 5346 3011
f 1903 1902 5779
f 445 444 2137
f 4963 19 2307
f 4948 2216 4972
f 4189 5618 2119
f 1863 6054 1878
f 2067 4142 2236
f 204 5829 5826
f 4437 269 362
f 2314 2392 1680
f 2150 266 268
f 5745 2449 3817
f 2787 3014 5251
f 4097 4114 2574
f 2467 2417 2418
f 5208 1221 5209
f 5127 764 5074
f 2622 4426 5849
f 5046 1704 5549
f 3215 1673 1601
f 229 2759 307
f 2783 2610 2836
f 5199 2755 1700
f 1254 5119 4616
f 192 1764 193
f 5548 3968 3837
f 5705 5125 2617
f 303 299 5088
f 362 364 257
f 2834 3111 5202
f 4838 4202 4465
f 2435 2434 2631
f 43 45 3030
f 559 5259 247
f 2530 5877 5122
f 2618 934 5643
f 3263 413 412
f 3823 2715 5866
f 5849 4426 4760
f 1690 1689 3190
f 3221 5706 5951
f 4644 3148 3095
f 753 4482 1475
f 2847 507 509
f 2962 2961 5317
f 6050 4136 5846
f 157 360 5084
f 2706 538 3188
f 5906 1536 4029
f 5225 660 4199
f 2899 5188 5722
f 612 4623 2461
f 2995 601 2993
f 5210 2825 289
f 694 3068 3029
f 5649 854 5960
f 5226 538 2706
f 5284 1537 5938
f 726 2744 5252
f 6022 3638 987
f 3871 3544 5368
f 2405 3161 3160
f 3020 4432 3021
f 5250 1756 3216
f 5848 5108 5871
f 5976 2982 5947
f 1533 4040 1531
f 233 232 2338
f 2793 4655 2815
f 3435 5997 6015
f 482 2824 3039
f 1058 4807 1056
f 5233 3096 3150
f 571 570 503
f 770 5990 771
f 3325 3324 1850
f 670 669 742
f 723 5977 1494
f 3500 3093 5310
f 3926 2869 4168
f 3853 849 3317
f 810 3359 6005
f 1159 5481 1059
f 3735 908 907
f 6025 5371 3383
f 1538 3008 504
f 2422 1616 2700
f 3989 3988 3919
f 5160 5280 5161
f 4276 893 3366
f 5729 6011 3466
f 3328 5289 5439
f 994 6037 5970
f 1081 3357 2279
f 4197 5471 373
f 816 3790 3932
f 5709 5144 5882
f 5486 5470 4913
f 5423 5816 3421
f 3181 3740 1035
f 3867 3866 4733
f 4005 4004 4043
f 6048 6039 6038
f 3955 3651 5300
f 5329 5414 6001
f 3602 3604 3661
f 5425 3707 973
f 3640 5463 6023
f 3670 3712 741
f 2975 2300 4333
f 3826 1097 3904
f 1100 3748 1098
f 6007 1172 4718
f 5659 4520 5772
f 3625 771 5990
f 3726 1120 3824
f 815 564 672
f 5647 5366 5999
f 3759 494 3740
f 5337 718 720
f 5312 5620 5542
f 5790 3634 533
f 5746 5208 5959
f 5543 478 477
f 5865 357 1191
f 4849 620 619
f 5602 1388 2155
f 3237 1186 1185
f 3167 3993 1829
f 5849 2543 2622
f 5326 5886 3912
f 2332 5561 5562
f 4820 1863 1878
f 3184 3775 1177
f 2487 2657 2320
f 298 853 5699
f 591 5440 5086
f 1220 4088 5546
f 5064 1856 1858
f 367 366 4089
f 2632 193 1764
f 5211 5262 5707
f 578 2604 1405
f 4244 1854 5563
f 1317 1314 5543
f 4064 1640 4065
f 5596 4209 5597
f 2572 1428 1485
f 853 6066 5699
f 2357 1445 310
f 5441 2488 5435
f 5288 4594 1481
f 5760 1867 5632
f 1387 2268 2269
f 1466 5629 4932
f 4242 4258 5598
f 92 5821 4959
f 2051 2050 5834
f 488 4514 486
f 4549 4256 4349
f 3291 3944 5047
f 5381 6000 5382
f 4326 4823 4306
f 713 3902 3872
f 4410 4411 4420
f 1879 4119 1880
f 1523 4359 1524
f 4241 2005 2034
f 4425 782 3153
f 5001 4238 5799
f 4472 581 580
f 2935 5755 3470
f 273 272 2683
f 3115 631 5284
f 3588 5998 4078
f 5766 4434 1922
f 15 1570 1973
f 2959 2866 2960
f 4530 4485 5798
f 2142 138 1628
f 4817 580 502
f 2825 2965 2826
f 5809 5683 2194
f 140 5696 5103
f 6070 5969 3200
f 1940 4532 42
f 4504 2056 4576
f 2618 2738 452
f 5701 1917 294
f 2257 3086 3088
f 360 359 4608
f 2992 5250 2991
f 5194 5680 2733
f 521 4325 395
f 1774 1776 904
f 1791 1793 4747
f 5738 5515 3960
f 3356 3877 5966
f 3730 3438 3440
f 1365 1364 1327
f 1473 4373 4821
f 5761 4350 1647
f 6064 5762 4348
f 4411 1514 1949
f 4212 5753 2513
f 4880 4449 6069
f 5767 2008 5768
f 4528 1905 1904
f 4536 6068 4543
f 2115 1655 5666
f 102 4832 4833
f 5262 5030 5032
f 1597 108 1997
f 1981 1980 2210
f 4486 2172 2173
f 2537 2216 4948
f 164 166 75
f 1896 1898 5815
f 5624 4293 5625
f 29 6069 4541
f 191 2768 4493
f 4582 5828 4583
f 2124 2123 4572
f 411 2244 934
f 2134 5771 2116
f 1614 2422 2423
f 2228 2108 2109
f 4991 3676 3675
f 5113 2233 2357
f 3441 939 938
f 4969 4968 2330
f 1310 1312 2092
f 5611 5893 5839
f 2410 2480 6055
f 4151 4997 201
f 5602 5752 1388
f 2327 2212 2328
f 2253 2356 4853
f 4999 1708 5082
f 4949 5094 5095
f 5199 1700 5101
f 2893 5813 2504
f 2343 1433 5124
f 5153 4101 5528
f 867 3260 865
f 192 5697 1132
f 4150 4987 1403
f 2806 4772 5993
f 226 225 5028
f 322 2738 1150
f 2672 339 5021
f 4120 5612 4575
f 4051 5868 4145
f 3779 2048 2047
f 418 417 4036
f 592 429 2428
f 2750 5327 1709
f 2293 2362 4939
f 6040 3918 5889
f 3257 4628 5773
f 1832 2546 2548
f 3925 3741 3841
f 2983 2982 5976
f 455 5716 5781
f 1433 1432 5124
f 5278 4682 5158
f 3233 2977 6000
f 3904 3585 3826
f 5265 5255 2810
f 3875 3857 3856
f 2930 4402 4401
f 5941 602 589
f 5938 3969 3001
f 5639 5638 3265
f 5916 5432 2762
f 490 5527 5739
f 5960 5246 5649
f 4592 731 5077
f 5271 5710 5708
f 3555 2001 1237
f 2924 3313 4683
f 2982 2595 5221
f 678 3951 3529
f 725 2753 2745
f 4669 1782 4719
f 3910 3984 3963
f 3371 3412 3044
f 3547 3828 3811
f 5370 2939 3080
f 3078 4667 3079
f 1218 3889 1219
f 836 981 1870
f 631 3115 3471
f 3034 3118 5456
f 4489 797 5297
f 5376 3930 5377
f 3018 3017 4665
f 5789 581 4639
f 4647 5914 4648
f 1747 3200 1746
f 1767 1769 3813
f 2764 5639 3265
f 633 1535 1537
f 1807 5450 5978
f 3330 740 3481
f 4669 3346 4301
f 5623 4807 1058
f 756 3218 5373
f 5228 3107 4625
f 3637 3241 820
f 5229 3924 5973
f 3955 3388 3651
f 3552 1491 4137
f 4912 1007 1006
f 3211 3332 5980
f 3227 5954 572
f 5454 3385 3384
f 1373 4921 6012
f 922 921 5956
f 3683 3073 932
f 1050 6008 1051
f 1643 6017 1134
f 882 926 5730
f 1228 4739 4736
f 3486 3461 3129
f 5421 861 1350
f 2218 2220 2801
f 3761 761 3703
f 883 882 5730
f 3645 3769 3768
f 5433 3759 5335
f 3803 4183 949
f 4697 3673 1037
f 1332 1047 1046
f 5376 5378 3524
f 835 5371 6007
f 3475 3834 1182
f 5185 5744 5518
f 4030 5445 1187
f 1174 1094 2944
f 5841 5088 5087
f 5813 5891 2504
f 4003 4056 5220
f 5486 5385 5470
f 5970 3939 5437
f 3468 3517 5729
f 3651 3388 3563
f 4195 3177 4196
f 3404 871 3630
f 3673 3561 1037
f 3726 1095 3431
f 1096 3826 748
f 5335 1123 5433
f 5438 5449 4135
f 1617 4573 2195
f 5358 3610 3327
f 1010 1106 3858
f 990 3325 5726
f 3819 3293 5732
f 6034 1083 3064
f 5912 3993 1219
f 3797 4688 5733
f 5890 2662 4031
f 3387 3564 3388
f 2363 4658 3507
f 3888 3318 848
f 490 489 5154
f 5957 5208 4650
f 3246 2701 3247
f 5590 4083 634
f 3991 5509 1239
f 1034 3383 3382
f 1255 779 2970
f 3329 5959 5958
f 302 2683 2502
f 1268 4756 3980
f 2471 5117 2567
f 1841 1840 4745
f 5874 5553 2948
f 1802 1813 1812
f 1373 6013 4336
f 3857 5205 5865
f 2547 3722 4763
f 5714 4781 3794
f 5744 584 5518
f 3078 451 4381
f 3403 1282 3427
f 3741 3743 3841
f 1846 1848 5568
f 1437 1436 2525
f 4124 4123 5072
f 1360 4335 4560
f 4974 4175 4975
f 3470 5276 993
f 4252 4308 5932
f 3 5605 1872
f 2624 2623 5529
f 4662 4661 5521
f 5214 5924 5168
f 1854 4244 5749
f 2655 2269 2121
f 2572 4962 5823
f 3436 1101 898
f 4138 4062 4137
f 5150 5859 5482
f 3136 5359 5306
f 6000 2977 5382
f 1459 5834 2050
f 90 4959 5749
f 4489 795 797
f 5814 2366 212
f 58 60 5627
f 4144 3011 5346
f 5821 2051 5834
f 1451 2156 4312
f 4633 701 777
f 4793 4253 1495
f 4372 5627 4927
f 3628 5177 518
f 78 1883 71
f 4819 5640 6057
f 3472 4375 3458
f 4348 5762 6061
f 1519 3425 1517
f 5630 4420 4430
f 5636 4412 4259
f 1949 4419 4411
f 5641 4822 6058
f 3316 3380 3314
f 4285 4287 3261
f 4454 4460 4455
f 1608 5792 2031
f 4497 1631 5806
f 195 2137 2136
f 5674 4504 4576
f 5280 251 250
f 616 4645 617
f 3151 2812 577
f 1766 1765 4702
f 4664 2991 5250
f 3230 3411 3060
f 4757 897 6035
f 5794 4533 4612
f 4802 4311 5621
f 5652 6064 5651
f 5645 5646 5718
f 4877 63 1946
f 4541 6069 4449
f 4391 4318 4887
f 5688 17 4910
f 54 4297 4887
f 1504 2033 2005
f 812 813 2560
f 1975 1653 1932
f 5784 2059 4878
f 186 2187 2200
f 4879 5784 4878
f 1932 1653 1655
f 1570 4897 1568
f 28 1893 2024
f 5767 1578 1588
f 5363 1040 1154
f 4452 1936 1934
f 10 1990 11
f 103 102 4551
f 1608 1610 5792
f 1854 254 5854
f 5777 2241 2475
f 3669 958 960
f 2082 4521 4556
f 4932 4931 1467
f 5608 5610 5607
f 1421 2025 2027
f 2075 2074 5642
f 1868 1555 4321
f 4102 4967 4324
f 2170 4488 444
f 109 1597 4562
f 2284 2283 199
f 112 59 113
f 2123 1920 2195
f 97 4562 1609
f 91 2034 2033
f 2146 4941 2090
f 5685 5817 4951
f 4558 4944 4952
f 5822 178 1669
f 1960 1991 4382
f 2341 2340 5083
f 2076 2102 2083
f 5606 2109 4249
f 4575 400 4120
f 2161 2208 2308
f 2003 2105 2162
f 4523 3668 4519
f 5783 204 5826
f 4049 1456 6060
f 4176 2492 2494
f 4496 162 161
f 143 139 2172
f 5468 736 5403
f 4972 2216 5824
f 1074 2469 2213
f 2240 2420 2383
f 5783 5819 4952
f 1670 1141 2451
f 2339 5683 2809
f 5421 3492 6021
f 4148 2176 2855
f 331 910 1002
f 2350 5800 4560
f 5864 2270 4234
f 96 98 2060
f 5042 424 2421
f 2134 2366 5771
f 2807 5808 5103
f 2360 2181 2183
f 2217 314 316
f 2614 4685 5679
f 2887 4172 124
f 2209 2293 5832
f 2949 256 5010
f 5834 2294 5821
f 2035 4148 5045
f 4097 2574 4146
f 2288 5014 2286
f 314 5004 332
f 4578 2204 2106
f 944 1556 3454
f 1640 4064 2198
f 439 5898 3074
f 4014 3424 3681
f 1194 2501 4082
f 2748 2424 5002
f 4481 4585 4603
f 3265 5638 1914
f 780 2973 778
f 4284 796 5984
f 1605 5182 2372
f 471 1915 5904
f 5095 4955 5096
f 1682 1684 2375
f 4949 2477 5093
f 2131 229 228
f 3260 867 3258
f 2604 2856 1405
f 1440 4563 2174
f 2617 5125 5588
f 3535 5070 5136
f 2478 208 207
f 5893 5936 5839
f 1684 2347 262
f 1704 5046 5105
f 3968 2668 3917
f 5000 5586 2128
f 5066 5067 5920
f 5843 5092 1594
f 1625 5026 4233
f 1250 404 1944
f 3842 2721 4976
f 4194 5122 5067
f 5885 2633 3259
f 2958 4953 5133
f 2467 4194 5067
f 311 313 1604
f 2613 2612 4465
f 4122 3204 3203
f 5863 5098 2201
f 1698 4608 346
f 5832 464 5825
f 5082 2566 2093
f 1520 903 5705
f 2201 2203 5863
f 4783 4111 5846
f 2350 4560 2498
f 4117 5877 5876
f 5111 5121 2673
f 2576 2857 2439
f 1585 4513 1586
f 2535 377 4028
f 599 598 1549
f 1549 2503 599
f 458 463 2686
f 2894 2893 2258
f 5869 1562 1563
f 5057 5861 5479
f 4977 4978 4642
f 2596 5626 2479
f 5959 1272 5746
f 5858 3701 3757
f 2851 45 44
f 5839 5075 5881
f 5075 5839 5936
f 3788 3083 768
f 680 2552 4994
f 839 838 3349
f 3985 4101 3916
f 2568 2244 411
f 4038 4037 469
f 3191 3190 1689
f 4654 2910 5934
f 5888 510 512
f 2512 328 327
f 2230 4991 3675
f 3910 3963 3909
f 2963 4954 2961
f 4402 3151 4132
f 1691 545 4860
f 5119 1256 2971
f 4660 1956 4641
f 4842 4841 924
f 1754 1753 5655
f 5488 4682 5141
f 5904 5130 471
f 3644 1612 1611
f 2639 5223 73
f 5223 5224 2365
f 2783 2836 703
f 371 373 5471
f 5573 2554 5149
f 2837 1821 2814
f 4682 5157 5158
f 3855 3802 5204
f 4045 2850 2849
f 1509 1508 5907
f 2684 2456 2455
f 504 854 505
f 471 5130 1721
f 4511 4472 5134
f 4797 3394 3608
f 565 564 815
f 4021 4020 6042
f 3260 3259 5305
f 5706 5228 648
f 5165 3644 1611
f 2840 2839 2908
f 3047 5804 3003
f 2895 3994 4225
f 2952 3130 2795
f 5376 3524 1111
f 3264 5902 5888
f 5456 2966 3034
f 1269 492 3814
f 5994 3027 5356
f 2980 5142 556
f 918 5721 919
f 3257 2773 5918
f 5718 5646 6063
f 3151 4402 3152
f 589 602 2874
f 5226 1726 1725
f 793 792 5274
f 3878 3880 3374
f 635 634 3146
f 2104 2204 5702
f 3402 1741 2682
f 2883 1546 1545
f 1157 3820 1306
f 2995 2875 601
f 660 5225 1171
f 1273 1272 5959
f 2479 5626 3302
f 5210 676 2920
f 3056 653 5341
f 3070 2426 2428
f 662 3469 663
f 2214 443 445
f 800 3284 3285
f 3068 694 5169
f 5955 3221 5951
f 3641 6022 987
f 662 661 4338
f 498 5926 2928
f 6063 2980 555
f 5739 491 490
f 2959 2864 2866
f 3810 3375 4689
f 5296 5402 666
f 5291 1869 980
f 5309 3149 766
f 1739 1542 688
f 4268 5755 2935
f 3313 5157 4683
f 726 725 2745
f 930 929 3498
f 5221 5947 2982
f 2365 2364 5223
f 3026 3025 4635
f 3813 1269 3814
f 3162 5711 2914
f 5929 708 707
f 3695 1248 1247
f 487 2976 4882
f 3592 5395 3800
f 3042 2441 3041
f 4451 5291 5303
f 1179 5969 5989
f 1759 1758 3199
f 982 3370 3390
f 3368 4446 4445
f 3112 2636 2637
f 327 3607 2048
f 4141 4172 2887
f 1176 1175 1198
f 483 485 5196
f 4138 804 874
f 3187 4187 831
f 3354 3877 3356
f 3435 6015 6016
f 993 2935 3470
f 1765 808 2406
f 5127 5074 525
f 1462 708 5307
f 1172 6007 1173
f 5365 4705 1750
f 3094 819 3150
f 5620 5437 5542
f 5292 3275 4797
f 5431 3754 1042
f 3754 5431 3568
f 3022 3773 3839
f 5386 2746 4775
f 5327 4966 3502
f 3488 3434 3433
f 3113 1748 1463
f 5980 2344 5979
f 4667 4381 1511
f 5540 3422 935
f 4675 5935 242
f 4381 5304 3938
f 569 571 2818
f 3320 836 1870
f 3097 5233 4923
f 1587 5998 3588
f 3477 5331 1287
f 3567 5964 5480
f 3815 1165 3578
f 2536 5860 2534
f 4183 948 949
f 844 3571 1337
f 5387 981 836
f 3552 4137 4062
f 4153 4666 4152
f 5972 3746 3745
f 5416 5487 5453
f 3753 5397 5952
f 5480 2797 3567
f 3210 3332 3211
f 1334 5457 3560
f 3818 1063 6010
f 1788 5996 3393
f 3522 4375 5486
f 4678 4724 4196
f 1780 5316 1852
f 3483 955 5420
f 977 3514 3551
f 6027 5970 6037
f 3527 5723 3479
f 5465 5734 6005
f 3403 3251 872
f 5570 3272 1102
f 898 1102 3516
f 5620 5970 5437
f 2239 5042 2419
f 1805 3705 1803
f 1850 3865 5726
f 3348 3347 4710
f 1013 1034 3382
f 439 438 5898
f 3575 3577 4421
f 613 4732 614
f 1786 5736 4735
f 2084 5404 952
f 5415 3642 3931
f 6023 5463 1082
f 3180 3620 1032
f 3864 6019 3627
f 5362 3736 5410
f 3406 3632 3774
f 3721 3630 5418
f 738 2344 3480
f 3533 4992 1020
f 2280 4993 4994
f 3102 3103 5903
f 1013 3581 5355
f 1033 5355 3725
f 5066 5055 2417
f 1111 3524 1112
f 4912 5321 1007
f 3604 1085 3661
f 501 503 3113
f 3491 3563 5394
f 5350 5300 3651
f 3490 5350 3491
f 1116 979 1117
f 3463 3462 5430
f 3691 5428 3498
f 2527 396 398
f 1116 977 979
f 5921 2880 5159
f 1812 3709 3708
f 3833 1183 3834
f 1087 1127 1129
f 902 903 1520
f 3689 5413 928
f 1140 1030 1032
f 3533 3532 4992
f 4764 602 5941
f 2345 5980 3332
f 3654 3805 3541
f 952 4012 3397
f 3397 4012 5345
f 5428 3691 957
f 1086 1085 4992
f 4914 5384 3523
f 1615 5380 1616
f 3683 985 984
f 6021 5395 3592
f 1038 5483 1039
f 1098 3749 3745
f 1248 3546 3548
f 3626 587 3627
f 5051 3392 3391
f 4759 3796 1110
f 2846 2764 1728
f 1891 3152 2930
f 5865 3802 3855
f 5865 6024 3802
f 1026 4759 1112
f 4784 5533 3833
f 976 975 1119
f 3180 3777 3556
f 4754 5508 5436
f 4739 3648 3613
f 1087 1129 1085
f 5344 3286 5345
f 959 5791 5991
f 266 5850 5280
f 1157 1306 3633
f 3694 3501 3821
f 1168 3689 928
f 213 215 2839
f 2385 5023 2423
f 6028 6008 5458
f 2372 2401 2400
f 5817 1415 1838
f 766 765 5309
f 5016 4087 3606
f 5790 959 958
f 5247 1217 3992
f 5447 5446 6002
f 5790 533 532
f 563 565 2829
f 4690 5227 5506
f 5726 901 990
f 1114 3974 4773
f 3750 5453 5487
f 3619 3806 975
f 438 2721 3843
f 3239 3240 718
f 1234 4785 1147
f 3914 551 3915
f 5535 5454 933
f 958 3416 5981
f 5894 5949 3899
f 1219 3993 3992
f 1307 4962 4114
f 2968 3909 2969
f 1796 1775 3462
f 5741 5742 6047
f 3662 2897 3660
f 829 4187 5331
f 1297 3724 1295
f 4730 3862 3952
f 4037 2782 3958
f 761 3761 759
f 3879 3052 3880
f 1147 4785 1148
f 910 1735 1002
f 5485 5547 3765
f 1331 1271 4133
f 1278 1239 1241
f 5959 3329 1273
f 848 5912 1219
f 3106 5519 583
f 1824 5544 5868
f 3767 5993 788
f 1209 2702 2701
f 1093 3652 1196
f 3808 3807 3772
f 4196 4724 3271
f 1076 6048 6038
f 5561 4150 4149
f 6024 5865 1191
f 5451 1811 3605
f 5527 5528 3984
f 3807 5555 1296
f 5590 3488 4083
f 4775 5874 2948
f 3996 3949 1142
f 1314 1319 283
f 4187 829 831
f 1857 5008 1351
f 438 5217 5898
f 1811 4631 3605
f 2272 1359 1361
f 4296 2428 429
f 4769 2128 2130
f 2535 5173 377
f 1491 4323 4137
f 1061 1186 3237
f 3799 3459 3614
f 1010 3858 1011
f 1021 1069 1019
f 943 5731 5521
f 4094 2491 1842
f 4783 5846 5083
f 4667 3078 4381
f 1836 5386 1837
f 5601 1352 5008
f 2140 2303 2489
f 5551 4099 645
f 2866 5374 4954
f 5867 4162 5578
f 5372 1517 3425
f 1352 5601 5603
f 4976 4975 5524
f 2700 5507 5778
f 1379 2119 5618
f 4999 2751 1708
f 6049 4016 4077
f 1056 5349 3490
f 1909 4840 1910
f 5519 584 583
f 4085 2432 2431
f 1964 1270 5361
f 3454 1556 1558
f 4121 2341 5083
f 4209 399 5597
f 897 4757 3436
f 244 5538 6055
f 1258 5135 1259
f 5220 5844 5071
f 703 2836 3766
f 5566 939 3510
f 1193 2499 2501
f 1304 435 434
f 4108 4974 4109
f 4308 5617 5932
f 4327 5413 1471
f 2480 3995 1340
f 3614 3616 3799
f 5505 4869 4868
f 1309 4961 1307
f 3916 4100 3914
f 2511 3778 4152
f 3995 2412 5591
f 6012 4662 5521
f 5585 4794 1326
f 2330 4968 2331
f 150 2190 5559
f 5596 4207 4209
f 4243 5749 4244
f 2465 174 176
f 3094 5309 5310
f 5619 1379 5618
f 2572 5823 1428
f 4575 5750 4574
f 6051 6053 1367
f 2312 2311 2030
f 2563 2316 3086
f 6049 4786 4016
f 4803 4567 4933
f 1454 1502 1455
f 2075 5598 4258
f 2030 4935 2312
f 1468 4215 4928
f 4171 2284 4245
f 4227 4326 4306
f 3352 1237 1236
f 2001 940 942
f 4085 5600 2403
f 5616 1304 5615
f 3192 5323 5322
f 2050 1457 1459
f 212 2366 210
f 2642 2643 4100
f 5692 5690 4372
f 3266 5997 4447
f 4315 4313 4281
f 1887 1886 5650
f 5726 3325 1850
f 4390 4309 5629
f 1140 1032 3685
f 4840 4849 4841
f 799 5285 2800
f 4317 1540 1541
f 5052 363 5364
f 113 59 4352
f 782 781 3153
f 5706 648 5951
f 982 3390 5365
f 2602 4491 2218
f 1498 2441 3042
f 4893 1645 1515
f 5877 5920 5122
f 78 1523 1522
f 1404 4808 5580
f 457 608 5243
f 5756 4328 4386
f 38 37 4297
f 38 4382 1991
f 3302 4469 559
f 5637 4355 1553
f 4825 4403 4418
f 4078 5998 3326
f 1513 1559 1561
f 555 5718 6063
f 2037 4983 4495
f 1868 1867 5764
f 1887 4422 1888
f 5947 5221 2917
f 453 452 2738
f 5499 5611 5164
f 1537 5284 631
f 28 2024 2023
f 4455 4460 4441
f 4339 4338 661
f 4434 4436 1922
f 588 5941 589
f 4210 1477 1299
f 2010 1567 66
f 3335 754 753
f 559 4469 4468
f 145 144 3419
f 206 5829 204
f 1577 4496 1578
f 5095 5860 5503
f 3096 3148 3150
f 30 1893 28
f 4431 534 2927
f 2011 1590 1589
f 1998 4888 5792
f 20 5831 21
f 2170 4521 2082
f 1593 1592 4970
f 730 664 731
f 2114 4480 1905
f 4922 2057 5787
f 4571 2056 4504
f 5916 2762 2761
f 4934 3396 1736
f 5507 2890 5048
f 3143 2819 3079
f 3081 5908 5236
f 1898 142 5815
f 2966 5456 5709
f 5076 5075 5936
f 5264 5968 5265
f 5954 4459 709
f 5777 316 2239
f 1693 543 273
f 5271 5933 5710
f 1921 55 57
f 2020 1958 25
f 111 113 4988
f 104 2102 2103
f 2146 2092 1603
f 165 2125 5802
f 2939 3751 2936
f 5516 5820 5695
f 2391 2579 5701
f 4504 4503 4571
f 3259 2554 5885
f 156 155 221
f 320 4096 321
f 2388 3795 1144
f 4636 5184 2575
f 5155 2525 4498
f 5827 5807 3049
f 5034 5112 2559
f 5942 649 4625
f 6046 668 5971
f 3058 3059 1147
f 3018 4702 1761
f 3206 1517 5372
f 3126 1844 863
f 5458 5459 5490
f 5391 5393 6001
f 5943 3587 5311
f 5426 6035 971
f 978 3552 4062
f 3305 1792 3781
f 1016 895 1017
f 4747 1793 3648
f 5742 1152 6038
f 1839 1227 6044
f 2359 3258 867
f 4649 5289 5958
f 4060 1841 4745
f 6010 3295 3818
f 1367 6053 1343
f 877 4129 4338
f 4230 4870 5751
f 4372 5690 4373
f 4612 4533 180
f 4396 5296 5654
f 514 3004 515
f 5652 4366 4365
f 4652 5085 4651
