v 0.24695200 0.47325799 0.26829600
v 0.23462200 0.42621899 0.25951299
v 0.26192701 0.43961000 0.26358101
v 0.20016900 0.45083600 0.26028901
v 0.25858599 0.39765599 0.25491101
v 0.28923100 0.45300099 0.26764801
v 0.19068000 0.40573600 0.24967600
v 0.20788500 0.49635601 0.26462999
v 0.22274300 0.38159701 0.24471501
v 0.29195899 0.41394901 0.25883201
v 0.28877699 0.49462900 0.27403000
v 0.15815200 0.43155500 0.25185400
v 0.16610000 0.47668400 0.25647300
v 0.25070199 0.51732802 0.26919800
v 0.25627899 0.35976300 0.23799500
v 0.29294401 0.37604600 0.24526700
v 0.32801101 0.43129399 0.26609299
v 0.32653099 0.47233200 0.27096200
v 0.15025599 0.38710999 0.24046400
v 0.18343700 0.36192399 0.23331501
v 0.17250900 0.52114898 0.25740299
v 0.21442799 0.54103601 0.26149899
v 0.21742700 0.34132800 0.22493000
v 0.32921800 0.39178699 0.25351200
v 0.29143700 0.53892797 0.27619100
v 0.32557601 0.51451701 0.27621800
v 0.12487400 0.45821199 0.24929599
v 0.11689500 0.41354600 0.24577500
v 0.13200501 0.50260901 0.25031799
v 0.25495499 0.56227100 0.27162999
v 0.25215700 0.32604399 0.21830100
v 0.29060900 0.33920899 0.22880200
v 0.32868999 0.35436401 0.23634499
v 0.36450300 0.45050901 0.27258399
v 0.36570999 0.41105801 0.25756899
v 0.36200801 0.49220100 0.27492601
v 0.10948800 0.37077901 0.23114200
v 0.14278699 0.34401599 0.22232300
v 0.17565100 0.31698099 0.21138801
v 0.13786399 0.54661202 0.25020701
v 0.17845801 0.56565201 0.25631100
v 0.21952300 0.58582199 0.26042500
v 0.21250200 0.31428000 0.21041501
v 0.36631900 0.37141901 0.24176100
v 0.32482499 0.55750501 0.27874300
v 0.29815799 0.58583701 0.27644801
v 0.35815299 0.53337801 0.27867201
v 0.08442900 0.44160199 0.23919301
v 0.09157300 0.48521301 0.24375200
v 0.07644200 0.39839199 0.23497300
v 0.09793900 0.52863199 0.24308100
v 0.25980201 0.60733098 0.26773801
v 0.24692400 0.29599300 0.20011900
v 0.28603899 0.30640799 0.20762900
v 0.32527700 0.32096699 0.21325000
v 0.36390299 0.33760300 0.21666700
v 0.40031299 0.47222400 0.27288899
v 0.40217900 0.43178201 0.26069599
v 0.40290099 0.39269501 0.24338099
v 0.39724100 0.51350498 0.27781501
v 0.06841500 0.35681900 0.22027799
v 0.10166100 0.33021301 0.21219100
v 0.13455901 0.30343100 0.20261200
v 0.20757800 0.28723201 0.19589899
v 0.10421500 0.57159901 0.23938701
v 0.14290600 0.59038502 0.25065500
v 0.18305200 0.60994297 0.25509900
v 0.22336000 0.63026398 0.25741801
v 0.40227300 0.35417199 0.22378200
v 0.35020199 0.57236600 0.27849600
v 0.30180201 0.63076001 0.27176499
v 0.39291799 0.55431002 0.28189200
v 0.05119500 0.46906799 0.23827700
v 0.04354800 0.42615700 0.23427001
v 0.05791300 0.51238197 0.23902901
v 0.03550600 0.38452300 0.22459400
v 0.16682500 0.27746701 0.18793800
v 0.06428900 0.55495602 0.24196500
v 0.26365399 0.65158302 0.26143101
v 0.23984900 0.26470900 0.17603500
v 0.28005600 0.27515000 0.18251100
v 0.31953400 0.28920501 0.18741600
v 0.35969400 0.30212501 0.19434600
v 0.39905599 0.31997201 0.19773000
v 0.43884501 0.45395899 0.26447499
v 0.43628600 0.49505299 0.27310100
v 0.44022101 0.41434801 0.24770600
v 0.43954200 0.37657401 0.22656700
v 0.34443101 0.61260402 0.27828100
v 0.43284100 0.53580201 0.28030100
v 0.02668200 0.34276399 0.21459199
v 0.05968900 0.31752500 0.20313101
v 0.09279500 0.29195699 0.19328600
v 0.12540901 0.26682001 0.17952400
v 0.19858700 0.25672299 0.16717499
v 0.06951800 0.59773099 0.24189100
v 0.10883900 0.61475098 0.23849300
v 0.14778499 0.63373202 0.24506301
v 0.18647100 0.65416801 0.25320601
v 0.22605000 0.67410302 0.25492901
v 0.43747300 0.34050700 0.20096400
v 0.38783699 0.59524101 0.28194100
v 0.34215900 0.65526003 0.27838701
v 0.30333400 0.67440599 0.26678699
v 0.42812401 0.57646000 0.28714401
v 0.01801500 0.49571899 0.24559800
v 0.01084800 0.45311901 0.24142300
v 0.00271800 0.41060001 0.23527800
v 0.02474500 0.53850198 0.24902600
v -0.00575000 0.36972100 0.22369200
v 0.15715700 0.24373300 0.16366699
v 0.03060000 0.58179897 0.24883100
v 0.26566499 0.69509798 0.25687599
v 0.27183700 0.24725100 0.15203600
v 0.23052000 0.23596101 0.14682800
v 0.31239900 0.26027599 0.15730600
v 0.35261601 0.27370700 0.16229700
v 0.39222199 0.29035601 0.16608900
v 0.43105200 0.31027201 0.16840801
v 0.47513500 0.47740400 0.26677200
v 0.47718701 0.43792900 0.25010699
v 0.47219199 0.51798397 0.27841800
v 0.47751200 0.39968601 0.22984301
v 0.47523001 0.36349899 0.20392001
v 0.38306299 0.63671201 0.28570101
v 0.46811500 0.55885500 0.28672799
v -0.01522400 0.33078700 0.20746601
v 0.01709700 0.30319199 0.19946299
v 0.04970200 0.28024301 0.18395700
v 0.08261600 0.25499201 0.17514500
v 0.11494200 0.23342900 0.15921199
v 0.18856600 0.22661500 0.14015600
v 0.03525000 0.62498599 0.24468400
v 0.07385800 0.64089102 0.23717700
v 0.11285400 0.65856701 0.23782900
v 0.15149400 0.67697799 0.24079300
v 0.18966800 0.69697601 0.24618900
v 0.22898200 0.71668702 0.24640401
v 0.46981600 0.33124000 0.17197201
v 0.42294100 0.61735302 0.29104200
v 0.34193599 0.69752002 0.27123800
v 0.38022000 0.67880100 0.28254101
v 0.30473700 0.71698099 0.25885099
v 0.46304199 0.59926403 0.29504800
v -0.01470800 0.52250397 0.25543600
v -0.02129100 0.47946301 0.25339499
v -0.03025300 0.43871099 0.24026699
v -0.03844500 0.39676699 0.23304699
v -0.00850300 0.56603003 0.25518000
v -0.04747100 0.35607401 0.22105500
v 0.14631000 0.21711600 0.13486101
v -0.00382900 0.60882300 0.24870101
v 0.26793501 0.73772597 0.24789000
v 0.26101601 0.22560599 0.11702000
v 0.30219200 0.23752899 0.12261400
v 0.21948500 0.21424501 0.11188700
v 0.34373501 0.24668100 0.13020800
v 0.38416901 0.26234400 0.13339500
v 0.42367500 0.28057501 0.13653700
v 0.46292001 0.29993001 0.13932499
v 0.51357502 0.46232700 0.25269300
v 0.51181901 0.50133198 0.27111101
v 0.51452798 0.42504600 0.23146801
v 0.50819898 0.54067701 0.28612599
v 0.51325101 0.38810199 0.20742100
v 0.50950801 0.35085699 0.17878100
v 0.41892499 0.65934199 0.29014599
v 0.50336099 0.58176202 0.29647300
v -0.05774100 0.31641299 0.20578600
v -0.02577100 0.29144800 0.19163200
v 0.00633400 0.26598999 0.17840600
v 0.03840400 0.24155800 0.16484000
v 0.07227700 0.22622500 0.15183800
v 0.10399100 0.20886800 0.13085601
v 0.17770900 0.20155001 0.10849900
v 0.00030700 0.65100998 0.24082200
v 0.03918400 0.66692501 0.23433600
v 0.07810300 0.68245697 0.22750200
v 0.11691500 0.69965398 0.22776900
v 0.15549700 0.71728301 0.22782101
v 0.19344500 0.73763299 0.23209099
v 0.23198099 0.75714397 0.23233999
v 0.50191301 0.32012901 0.14237601
v 0.45765501 0.64031702 0.29793200
v 0.34164199 0.74008101 0.26480299
v 0.37902600 0.72059000 0.27430201
v 0.41524899 0.70174003 0.28870800
v 0.30571699 0.75884002 0.24984200
v 0.49803299 0.62336802 0.29929599
v -0.04852400 0.54940897 0.25870699
v -0.05396700 0.50571197 0.26358801
v -0.06154500 0.46399900 0.25668201
v -0.07024200 0.42293301 0.24582601
v -0.08007300 0.38271600 0.23184900
v -0.04333600 0.59262902 0.25454399
v -0.08949600 0.34212500 0.21928400
v 0.13491100 0.19054300 0.10610700
v -0.03855200 0.63561499 0.24932601
v 0.26959899 0.77819902 0.23555900
v 0.29135701 0.21343300 0.08835700
v 0.25022700 0.19979100 0.08465000
v 0.33219501 0.22696801 0.09271500
v 0.20795800 0.19036900 0.07892100
v 0.37204301 0.24370700 0.09588900
v 0.41315699 0.25754300 0.10084200
v 0.45273000 0.27575201 0.10343900
v 0.49244499 0.29414201 0.10614900
v 0.55049998 0.45212200 0.23223600
v 0.55137002 0.48551500 0.25914499
v 0.54832703 0.52561098 0.27454799
v 0.55048698 0.41540399 0.20916100
v 0.54430699 0.56550002 0.28899100
v 0.54836601 0.37733799 0.18464001
v 0.54030597 0.34080401 0.14483599
v 0.45287901 0.68324399 0.29892600
v 0.53888398 0.60685003 0.29714099
v -0.10010300 0.30300200 0.20277099
v -0.06849900 0.27727601 0.18833099
v -0.03720000 0.25187501 0.17375700
v -0.00635100 0.22626400 0.15781100
v 0.06183300 0.20198600 0.13085499
v 0.09134000 0.18550199 0.10170200
v 0.16515800 0.18240100 0.07434800
v -0.03438700 0.67711103 0.23678900
v 0.00433600 0.69244802 0.22916199
v 0.04321100 0.70772398 0.22175799
v 0.08191900 0.72304899 0.21648200
v 0.12028600 0.73997200 0.21510100
v 0.15861499 0.75850898 0.21622200
v 0.19678000 0.77757102 0.21690001
v 0.23551600 0.79618800 0.21557100
v 0.53188801 0.31270400 0.10891900
v 0.49199799 0.66504902 0.30453399
v 0.34248200 0.78225702 0.25611901
v 0.37809899 0.76379001 0.27015001
v 0.41362801 0.74429399 0.28175199
v 0.44868201 0.72562897 0.29596400
v 0.30726200 0.79991198 0.23859900
v 0.53237599 0.64840198 0.30357799
v -0.08217900 0.57648402 0.26249701
v -0.08781900 0.53256899 0.26696399
v -0.09371500 0.48925900 0.26759201
v -0.09824700 0.44479400 0.27068701
v -0.10821200 0.40433601 0.25717199
v -0.11796500 0.36379099 0.24372800
v -0.07791500 0.61963701 0.25532299
v -0.12984399 0.32549700 0.22494800
v 0.02141400 0.19893301 0.13397899
v 0.12162100 0.17441700 0.07067800
v -0.07355500 0.66097200 0.24212000
v 0.27176899 0.81850898 0.22186200
v 0.27782601 0.19600201 0.05134000
v 0.31924099 0.20786200 0.05594900
v 0.23734599 0.18077600 0.04809800
v 0.36069500 0.22062901 0.05987000
v 0.19513901 0.17189699 0.04299900
v 0.40085500 0.23751500 0.06326300
v 0.44046801 0.25617301 0.06605100
v 0.47927800 0.27655399 0.06760500
v 0.51937598 0.29346201 0.07021000
v 0.58675802 0.44304201 0.21098600
v 0.58822697 0.47686100 0.23687500
v 0.58801901 0.51108098 0.26245800
v 0.58496797 0.54981500 0.28111699
v 0.58575201 0.40790099 0.18736200
v 0.57992399 0.59047103 0.29497901
v 0.57790500 0.35741499 0.14195400
v 0.56987101 0.33293399 0.10960900
v 0.48600101 0.70729601 0.30533800
v 0.57322001 0.63251102 0.30093500
v -0.14015201 0.28500700 0.21049701
v -0.11047100 0.26241800 0.18895300
v -0.08034200 0.23904400 0.16906600
v -0.04991100 0.21324299 0.15450600
v -0.02095600 0.18963900 0.13507700
v 0.04804800 0.17908300 0.10124900
v 0.07693600 0.17007700 0.06736500
v 0.15238300 0.16290100 0.03916400
v -0.06900000 0.70327997 0.23264299
v -0.03013300 0.71907198 0.22722501
v 0.00844500 0.73378497 0.21710600
v 0.04706200 0.74864900 0.21128300
v 0.08535400 0.76454097 0.20728600
v 0.12368800 0.78144199 0.20431601
v 0.16231900 0.79788899 0.19972301
v 0.20047399 0.81660300 0.19999200
v 0.23819000 0.83585602 0.20028700
v 0.55690801 0.31559601 0.07158900
v 0.58211899 0.37744999 0.16360900
v 0.52571601 0.69039899 0.30644199
v 0.37919900 0.80879098 0.26371199
v 0.34346399 0.82437301 0.24549399
v 0.41735101 0.79185498 0.27758500
v 0.44477499 0.76770198 0.29059201
v 0.47992399 0.74939400 0.30434000
v 0.30920300 0.84047800 0.22457200
v 0.56629401 0.67422998 0.30738500
v -0.12202800 0.55905902 0.26774201
v -0.11723300 0.60212302 0.25987801
v -0.12757300 0.51549000 0.26989800
v -0.13275801 0.47201300 0.27556399
v -0.13845700 0.42799601 0.27739400
v -0.14472000 0.38423300 0.27206999
v -0.15602700 0.34483701 0.25426999
v -0.11277000 0.64406502 0.24495500
v -0.16678400 0.30457100 0.23846000
v 0.00398000 0.17596699 0.09934600
v 0.10804300 0.15754101 0.03529500
v -0.10800200 0.68742597 0.23838000
v 0.27489600 0.85711098 0.20363601
v 0.26390299 0.17918999 0.01411200
v 0.30481499 0.19239500 0.01793800
v 0.34567299 0.20674901 0.02123000
v 0.22237501 0.16935501 0.00935600
v 0.38648599 0.22181700 0.02461300
v 0.18099600 0.15938000 0.00477100
v 0.42584199 0.24090500 0.02694500
v 0.46594799 0.25833201 0.02955000
v 0.50615197 0.27520901 0.03230200
v 0.54483402 0.29575700 0.03410200
v 0.62349200 0.43445599 0.19120900
v 0.62468100 0.46876600 0.21529201
v 0.62593901 0.50251800 0.24115101
v 0.62432802 0.53821599 0.26519701
v 0.62051898 0.57633901 0.28470299
v 0.62029803 0.40364701 0.16631000
v 0.61453998 0.61698401 0.29846600
v 0.60651398 0.35489801 0.10796400
v 0.61407602 0.37823999 0.13853399
v 0.59548402 0.33510500 0.07288300
v 0.51850200 0.73214602 0.31121200
v 0.60718799 0.65897298 0.30604300
v -0.15242600 0.24662600 0.19185400
v -0.17926900 0.26604301 0.21995699
v -0.12244500 0.22345400 0.17135000
v -0.09221100 0.19887900 0.15394600
v -0.06226400 0.17307401 0.13768300
v -0.03954800 0.16822501 0.09992100
v 0.03154000 0.16203600 0.06658800
v 0.06218900 0.15596800 0.03152500
v 0.13863200 0.15143000 0.00095900
v -0.10297100 0.73086101 0.23348799
v -0.06405000 0.74622399 0.22533000
v -0.02511600 0.76130599 0.21639800
v 0.01286600 0.77445698 0.20520300
v 0.05117600 0.78763002 0.19407700
v 0.08942900 0.80337602 0.18936200
v 0.12794700 0.81911403 0.18419600
v 0.16685399 0.83564502 0.18003801
v 0.20465600 0.85389602 0.17979001
v 0.24234100 0.87225699 0.17896400
v 0.58106500 0.32028601 0.03473500
v 0.55836201 0.71579897 0.31417999
v 0.41812700 0.83801502 0.27066100
v 0.37952399 0.85120100 0.25262901
v 0.34544799 0.86502099 0.23026800
v 0.47143599 0.78876102 0.29862899
v 0.51080197 0.77370799 0.31138301
v 0.31193200 0.87945902 0.20670600
v 0.59914798 0.70000601 0.31671801
v -0.16164200 0.54197502 0.27286899
v -0.15677600 0.58502901 0.26465800
v -0.15214001 0.62731200 0.25150901
v -0.16679101 0.49866599 0.27910000
v -0.17188300 0.45507401 0.28543800
v -0.17797300 0.41051999 0.28421301
v -0.18540201 0.36728001 0.27695000
v -0.19568200 0.32706100 0.26205400
v -0.14686500 0.67089498 0.24617000
v -0.20673899 0.28726900 0.24648800
v -0.01451600 0.15753300 0.06480900
v 0.09529900 0.14691199 -0.00242700
v -0.14018101 0.71609801 0.24892101
v 0.27834600 0.89452702 0.18310501
v 0.28800100 0.18282300 -0.02080600
v 0.24748699 0.16957200 -0.02484800
v 0.32906100 0.19605300 -0.01769700
v 0.37020701 0.20980300 -0.01449400
v 0.20660999 0.16118100 -0.03043800
v 0.41031399 0.22695599 -0.01183400
v 0.16641900 0.15126599 -0.03561100
v 0.45026299 0.24486300 -0.00938700
v 0.49039999 0.26196799 -0.00697700
v 0.52929097 0.28173900 -0.00490900
v 0.56823200 0.30181900 -0.00299700
v 0.65671301 0.43054399 0.16736600
v 0.66147101 0.46028101 0.19541200
v 0.66349298 0.49387500 0.22032800
v 0.66254300 0.53005898 0.24351500
v 0.65850198 0.56727898 0.26393101
v 0.65473402 0.60461599 0.28528500
v 0.65127403 0.40185401 0.14006700
v 0.64831400 0.64534199 0.29986301
v 0.63402802 0.35536301 0.07380600
v 0.64416403 0.37660900 0.10890300
v 0.61839801 0.34281901 0.03594700
v 0.55048603 0.75800401 0.31690800
v 0.46051300 0.82637203 0.29056901
v 0.64065403 0.68692303 0.31169999
v -0.19318201 0.22879501 0.19901399
v -0.16257200 0.20507100 0.17919500
v -0.21863200 0.24810500 0.22937299
v -0.13451500 0.18534900 0.15295000
v -0.10594500 0.16435100 0.13041499
v -0.08125500 0.15486200 0.09980200
v -0.05985300 0.15439700 0.06299600
v 0.01095500 0.15015700 0.02931300
v 0.05218900 0.14704700 -0.00581300
v 0.12435500 0.14435899 -0.03893000
v -0.13720100 0.75817502 0.23270300
v -0.09772100 0.77405602 0.22272100
v -0.05947100 0.78690302 0.20844699
v -0.02088900 0.80052698 0.19769400
v 0.01667700 0.81214303 0.18417700
v 0.05534200 0.82672900 0.17656501
v 0.09375100 0.84212601 0.17145500
v 0.13290501 0.85670400 0.16431800
v 0.17091499 0.87397200 0.16233100
v 0.20815000 0.89198899 0.16113400
v 0.24543799 0.91041398 0.15936300
v 0.60643500 0.32332999 -0.00128500
v 0.58994502 0.74188900 0.32499900
v 0.45283699 0.86745900 0.28387100
v 0.41550699 0.87941301 0.26102501
v 0.37928501 0.89235598 0.24014799
v 0.34630901 0.90531600 0.21472199
v 0.50065500 0.81440300 0.31063601
v 0.54093897 0.79992503 0.32116401
v 0.31344599 0.91881400 0.18880400
v 0.63076103 0.72797501 0.32242700
v -0.19640200 0.56806999 0.26905000
v -0.20139500 0.52498299 0.27770099
v -0.19142400 0.60994399 0.25586000
v -0.18618099 0.65413803 0.25222901
v -0.20650500 0.48154500 0.28164801
v -0.21206599 0.43811601 0.28977901
v -0.21860801 0.39398101 0.28632900
v -0.22680500 0.35158500 0.27882299
v -0.23542400 0.30917001 0.27053601
v -0.18018501 0.69835800 0.25201601
v -0.24491900 0.26818401 0.25839299
v -0.03711000 0.14711900 0.02718000
v 0.08286100 0.13932499 -0.04116500
v -0.17577100 0.74149001 0.24086800
v 0.28133699 0.93205100 0.16186900
v 0.26925501 0.17588300 -0.05859200
v 0.31056401 0.18850601 -0.05602700
v 0.22828500 0.16586000 -0.06285200
v 0.35181800 0.20203701 -0.05349500
v 0.39288199 0.21671700 -0.05068100
v 0.19295700 0.15786500 -0.07564300
v 0.43329999 0.23357201 -0.04822500
v 0.15022001 0.15088500 -0.07734700
v 0.47410899 0.25023901 -0.04627200
v 0.51342499 0.26754200 -0.04384600
v 0.55198699 0.28906801 -0.04192800
v 0.59113997 0.30914301 -0.04019500
v 0.68902802 0.42519000 0.14357600
v 0.69351202 0.45738301 0.16848899
v 0.70009202 0.48752299 0.19541501
v 0.69998503 0.52310503 0.21895400
v 0.69914502 0.55820298 0.24638499
v 0.69295901 0.59616202 0.26476601
v 0.68790501 0.63454002 0.28479201
v 0.68117601 0.40032199 0.11091800
v 0.68078399 0.67514998 0.30037099
v 0.65694702 0.36371401 0.03714400
v 0.66966403 0.38119701 0.07454300
v 0.64337701 0.34674400 -0.00020700
v 0.58117002 0.78471100 0.32867000
v 0.49238399 0.85461199 0.30328900
v 0.67259097 0.71598899 0.31553301
v -0.23133500 0.20880900 0.21184701
v -0.20226800 0.18663099 0.18755400
v -0.17467800 0.16767900 0.15883300
v -0.25718001 0.22918200 0.24065100
v -0.14552300 0.14641200 0.13395201
v -0.12161800 0.13725500 0.10096100
v -0.10272000 0.14225200 0.06272500
v -0.08284300 0.14972600 0.02494300
v -0.01565900 0.14273700 -0.00881000
v 0.02844700 0.14489900 -0.00682100
v 0.04293500 0.13838699 -0.04329300
v 0.10754000 0.14549300 -0.07911200
v -0.17273501 0.78402501 0.22390100
v -0.13315199 0.79880601 0.21258700
v -0.09365700 0.81332600 0.20156400
v -0.05489700 0.82678300 0.19010000
v -0.01688800 0.83804899 0.17540801
v 0.02195400 0.85105699 0.16460600
v 0.06051800 0.86479902 0.15691499
v 0.09925100 0.88007402 0.15191600
v 0.13783900 0.89439398 0.14536600
v 0.17540200 0.91068101 0.14102601
v 0.21231499 0.92804497 0.13683100
v 0.24934100 0.94653499 0.13494299
v 0.62947702 0.33033699 -0.03867900
v 0.62163103 0.77007598 0.33189401
v 0.44776699 0.90818101 0.27491301
v 0.48506501 0.89575702 0.29669601
v 0.41239199 0.92027599 0.25076100
v 0.37930501 0.93212700 0.22400001
v 0.34621599 0.94541597 0.19783799
v 0.53135502 0.84119201 0.32012099
v 0.57099801 0.82687497 0.33322901
v 0.31384599 0.95901698 0.17007101
v 0.66295701 0.75716197 0.32889801
v -0.23105600 0.59297103 0.25985301
v -0.23610500 0.55080700 0.27166799
v -0.24122600 0.50787699 0.27897599
v -0.22485299 0.63620299 0.26074001
v -0.21880899 0.68015200 0.25832000
v -0.24661601 0.46515700 0.28671300
v -0.25252801 0.42144400 0.28664100
v -0.25905201 0.37793601 0.29126200
v -0.26763001 0.33572000 0.28322601
v -0.27580899 0.29348901 0.27649400
v -0.21478701 0.72275299 0.24427401
v -0.28558499 0.25199601 0.26497999
v -0.06102400 0.14154901 -0.01123500
v 0.06623600 0.13623901 -0.08026700
v -0.21164399 0.76666099 0.23181000
v 0.28429201 0.96990103 0.13958400
v 0.28972799 0.18388000 -0.09280300
v 0.24799000 0.16909100 -0.09340700
v 0.33120501 0.19802199 -0.09162500
v 0.37314600 0.21071900 -0.08956000
v 0.41465601 0.22494499 -0.08704600
v 0.17613301 0.15867200 -0.11904500
v 0.45527199 0.24208200 -0.08480500
v 0.13238101 0.14969499 -0.11793900
v 0.49875301 0.25163299 -0.08344700
v 0.53488702 0.27789900 -0.08088900
v 0.57309699 0.29985201 -0.07944500
v 0.61223400 0.31972101 -0.07768900
v 0.72045499 0.45539400 0.14541399
v 0.71479702 0.42858100 0.11236400
v 0.74376899 0.48320901 0.15971400
v 0.74030298 0.51609403 0.19247100
v 0.73627698 0.55177402 0.21865700
v 0.73191798 0.58895302 0.24209200
v 0.72643799 0.62700599 0.26337600
v 0.71929502 0.66594499 0.28215799
v 0.70606399 0.40546700 0.07676900
v 0.71202898 0.70594698 0.30014199
v 0.68092197 0.36948600 0.00100100
v 0.69325501 0.38813701 0.03900800
v 0.66550601 0.35539201 -0.03773600
v 0.61198902 0.81259298 0.33853999
v 0.52219403 0.88276100 0.31763199
v 0.70382100 0.74655902 0.31693801
v -0.26950401 0.18911301 0.22501799
v -0.24311399 0.16907400 0.19540000
v -0.21307100 0.14743499 0.16921100
v -0.18311000 0.12580401 0.14228000
v -0.29607400 0.21090600 0.25149801
v -0.16308901 0.12353300 0.10389100
v -0.14593799 0.13260800 0.06490000
v -0.12722600 0.14129500 0.02638600
v -0.10584600 0.14164500 -0.01226700
v -0.03915100 0.13220400 -0.04611300
v 0.00350200 0.13561100 -0.04470400
v 0.02490000 0.12998600 -0.08129200
v 0.08901000 0.14272600 -0.11825800
v -0.21026801 0.81052899 0.21620201
v -0.17110600 0.82196301 0.19970600
v -0.12895299 0.83811498 0.19230600
v -0.08949600 0.85136300 0.17901400
v -0.05045700 0.86489201 0.16786000
v -0.01113600 0.87678403 0.15559500
v 0.02811000 0.88839000 0.14335500
v 0.06747300 0.90044600 0.13312700
v 0.10709500 0.91467202 0.12728100
v 0.14600800 0.92819297 0.12063700
v 0.17947100 0.94639498 0.11249200
v 0.21621200 0.96317798 0.10883200
v 0.25452301 0.98109198 0.10895400
v 0.22292000 0.16728599 -0.12480600
v 0.65132600 0.33961499 -0.07613600
v 0.65323699 0.79890102 0.34055299
v 0.47931200 0.93637198 0.28547001
v 0.44429499 0.94830602 0.26124701
v 0.51456499 0.92477602 0.31056401
v 0.41105899 0.95933098 0.23453100
v 0.37837300 0.97169900 0.20738700
v 0.34561500 0.98771298 0.17809500
v 0.56153798 0.86909002 0.33270600
v 0.60165399 0.85484600 0.34481099
v 0.31630999 0.99799502 0.14647099
v 0.69460201 0.78684598 0.33353600
v -0.27073401 0.57607901 0.26140901
v -0.26488999 0.61963201 0.26325101
v -0.27579200 0.53337997 0.27161801
v -0.28131601 0.49106199 0.28154501
v -0.25833601 0.66339600 0.26709801
v -0.25400501 0.70506102 0.25010699
v -0.28681999 0.44856599 0.28922200
v -0.29324400 0.40534100 0.28956100
v -0.29966101 0.36259499 0.29486901
v -0.30734301 0.31976399 0.29148799
v -0.31633401 0.27770099 0.28306401
v -0.25051999 0.74816102 0.23739401
v -0.32657301 0.23659299 0.27045301
v -0.08302100 0.13086200 -0.04804200
v 0.04694700 0.13371900 -0.11939900
v -0.24867500 0.79193699 0.22431800
v 0.29009700 1.00488997 0.11212200
v 0.26695701 0.18122500 -0.12759800
v 0.30931601 0.19490400 -0.12776300
v 0.35104999 0.20923100 -0.12688699
v 0.39250901 0.22402200 -0.12492800
v 0.43502000 0.23580600 -0.12332400
v 0.20004800 0.16798200 -0.16050400
v 0.15602900 0.15679801 -0.15789101
v 0.47626501 0.25083500 -0.12154100
v 0.11256400 0.14774400 -0.15674099
v 0.51682198 0.26810601 -0.11984600
v 0.55683500 0.28664699 -0.11823500
v 0.59541798 0.30783400 -0.11671600
v 0.63404602 0.32883599 -0.11527000
v 0.74792999 0.45600599 0.11719700
v 0.74068099 0.43245000 0.07919000
v 0.77939302 0.51308697 0.15987900
v 0.77584898 0.54638201 0.19137600
v 0.77065903 0.58178800 0.21781500
v 0.76659101 0.61762899 0.24483700
v 0.75932598 0.65735501 0.26407301
v 0.75141400 0.69557101 0.28437200
v 0.72915697 0.41322801 0.04141700
v 0.74415702 0.73592502 0.30439001
v 0.70071900 0.38187101 -0.03600600
v 0.71651602 0.39540300 0.00325200
v 0.68827498 0.36347601 -0.07438200
v 0.64305699 0.84167200 0.34812999
v 0.55253500 0.91189700 0.32952201
v 0.73572600 0.77625102 0.32382199
v -0.28333899 0.15016501 0.20717600
v -0.30569699 0.16754900 0.24146999
v -0.25469899 0.12988999 0.17738700
v -0.22390100 0.10923700 0.14661799
v -0.20334500 0.10721800 0.10688200
v -0.33642000 0.19405000 0.26079199
v -0.18877900 0.12295600 0.06829200
v -0.17075700 0.13186599 0.02891900
v -0.15012801 0.13383099 -0.01013100
v -0.12699500 0.12737501 -0.04831400
v -0.01734800 0.12731101 -0.08238500
v -0.06041100 0.12324200 -0.08338100
v 0.00484800 0.12615000 -0.11959700
v 0.07023600 0.13633899 -0.15665400
v -0.21507800 0.85065103 0.19298901
v -0.25018299 0.83177501 0.20420900
v -0.16278800 0.85648501 0.17805600
v -0.12400100 0.87266600 0.16565201
v -0.08515200 0.88724601 0.15305600
v -0.04518900 0.89933598 0.14121599
v -0.00487700 0.91318798 0.13290299
v 0.03583900 0.92623502 0.12374800
v 0.07692600 0.93613601 0.11077700
v 0.11854000 0.94375402 0.09963700
v 0.16151901 0.95848900 0.10306100
v 0.18140499 0.98007298 0.07621900
v 0.22512300 0.99024099 0.07559000
v 0.26449299 1.00942004 0.07695200
v 0.24381700 0.18043800 -0.16297200
v 0.67247701 0.35029000 -0.11364400
v 0.78013599 0.48411199 0.12317200
v 0.68465400 0.82904798 0.34633899
v 0.50807399 0.96512502 0.29864499
v 0.47479001 0.97662902 0.27236700
v 0.44112000 0.98770398 0.24643900
v 0.54486799 0.95380598 0.32105201
v 0.41008601 0.99655700 0.21771300
v 0.37631500 1.02061999 0.18470600
v 0.34734100 1.03013003 0.15247400
v 0.59230202 0.89788002 0.34292799
v 0.63261700 0.88431102 0.35454300
v 0.32209900 1.03419995 0.11832100
v 0.72568798 0.81753898 0.33934700
v -0.30447799 0.60291302 0.26754901
v -0.31053999 0.55936301 0.26550400
v -0.29836300 0.64664799 0.26991901
v -0.31587499 0.51657403 0.27262500
v -0.32128501 0.47444099 0.28238800
v -0.29294500 0.68974501 0.26017499
v -0.28901401 0.73152798 0.24518099
v -0.32710499 0.43254700 0.29117200
v -0.33353099 0.39026499 0.29497799
v -0.34037101 0.34781101 0.29721001
v -0.34840101 0.30532199 0.29443899
v -0.35861701 0.26431999 0.28251600
v -0.28650299 0.77351600 0.22907899
v -0.36736500 0.22138600 0.27658400
v -0.10363100 0.11755900 -0.08323900
v 0.02764500 0.12748100 -0.15755400
v -0.28556800 0.81073701 0.20343900
v 0.29956901 1.03559005 0.08117300
v 0.28564700 0.19663499 -0.16310801
v 0.32853299 0.20759700 -0.16358501
v 0.37000301 0.22218899 -0.16260700
v 0.41314599 0.23271300 -0.16152900
v 0.45390299 0.24942601 -0.15973300
v 0.17723700 0.17069300 -0.19754900
v 0.22075300 0.18188301 -0.19930200
v 0.13388599 0.15972701 -0.19617800
v 0.49449599 0.26652700 -0.15771700
v 0.09028400 0.15166500 -0.19508199
v 0.53561997 0.28259200 -0.15692800
v 0.57616103 0.29988900 -0.15579700
v 0.61509502 0.32046399 -0.15446199
v 0.65357602 0.34199101 -0.15313300
v 0.77592802 0.45861301 0.08439300
v 0.76529002 0.43860501 0.04454300
v 0.81425703 0.51308203 0.12660100
v 0.81212002 0.54475403 0.16078199
v 0.81054699 0.57602698 0.19349000
v 0.80385000 0.61272901 0.21949001
v 0.79755199 0.64969897 0.24350201
v 0.79202902 0.68622601 0.26925200
v 0.78424197 0.72518802 0.29099599
v 0.75265598 0.42057601 0.00624500
v 0.77616900 0.76602203 0.31065100
v 0.72440398 0.38861799 -0.07197600
v 0.73811299 0.40533501 -0.03304000
v 0.70958501 0.37402701 -0.11142500
v 0.67448997 0.87151301 0.35699999
v 0.58294600 0.94134098 0.34004000
v 0.76623499 0.80682498 0.32837901
v -0.29577601 0.10973400 0.19088200
v -0.31814700 0.12649600 0.22559400
v -0.34711999 0.15123700 0.24986701
v -0.26572400 0.09138200 0.15696800
v -0.24433200 0.09366800 0.10988500
v -0.22979300 0.10708300 0.07066900
v -0.37698001 0.17819899 0.26915100
v -0.21422300 0.12266600 0.03220900
v -0.19323500 0.12199400 -0.00722200
v -0.17120400 0.12137000 -0.04654400
v -0.14652000 0.10884400 -0.08138700
v -0.03762000 0.11914700 -0.11986100
v -0.07992500 0.10922400 -0.11889200
v -0.01517700 0.11986800 -0.15717800
v 0.04750800 0.14197500 -0.19463500
v -0.18800600 0.87376797 0.17592700
v -0.25398701 0.87676001 0.19237199
v -0.28781000 0.85780799 0.20257001
v -0.15780300 0.89148301 0.15505899
v -0.12087700 0.90678400 0.13747600
v -0.08017600 0.92059302 0.12473200
v -0.03817800 0.93380302 0.11570000
v 0.00358000 0.94937903 0.10919700
v 0.04631300 0.96188003 0.09793000
v 0.08945200 0.96735698 0.08215200
v 0.13439000 0.97037399 0.07401900
v 0.19460300 1.00408006 0.04363600
v 0.23825601 1.01299000 0.04213100
v 0.27486601 1.03854001 0.04633200
v 0.26320100 0.19550399 -0.20023300
v 0.69146502 0.36447200 -0.15122600
v 0.80856103 0.48894799 0.08832800
v 0.71569002 0.85990101 0.35233599
v 0.53802502 0.99521500 0.31039700
v 0.50376701 1.00644004 0.28499901
v 0.47136199 1.01656997 0.25662500
v 0.43881899 1.02507997 0.23030099
v 0.57490098 0.98337400 0.33198100
v 0.40756601 1.03085995 0.20315400
v 0.37679699 1.06634998 0.15735400
v 0.35166499 1.06716001 0.12449700
v 0.62261301 0.92787802 0.35420999
v 0.66347700 0.91496301 0.36342201
v 0.32807800 1.06853998 0.08904100
v 0.75602001 0.84923798 0.34325600
v -0.34398499 0.58620697 0.27321199
v -0.33809301 0.62987000 0.27267000
v -0.35062301 0.54295701 0.26910800
v -0.33222100 0.67309999 0.26390001
v -0.35596800 0.50025803 0.27577600
v -0.36138999 0.45902899 0.28854200
v -0.32773799 0.71495801 0.24917500
v -0.32473201 0.75696999 0.23470400
v -0.36690199 0.41700500 0.29645801
v -0.37259600 0.37576100 0.30585101
v -0.38033500 0.33334801 0.30554700
v -0.38861099 0.29074901 0.30125901
v -0.39793399 0.24886900 0.29230899
v -0.32263300 0.79485500 0.21485700
v -0.40565500 0.20492999 0.29011399
v -0.12252000 0.09898100 -0.11730000
v 0.00575600 0.12898900 -0.19472300
v -0.22270000 0.89345098 0.17494801
v -0.32237700 0.83837801 0.21153200
v 0.14979100 0.99754399 0.04553600
v 0.30741200 1.06763995 0.05201200
v 0.30573699 0.20725501 -0.20078000
v 0.34845200 0.21774800 -0.20077400
v 0.38945299 0.23351800 -0.19877601
v 0.43005899 0.25089899 -0.19677299
v 0.47312000 0.26156101 -0.19575100
v 0.15355800 0.17520300 -0.23445299
v 0.19657700 0.18721201 -0.23558100
v 0.23977600 0.19804500 -0.23767000
v 0.11050800 0.16350500 -0.23352300
v 0.51385599 0.27870700 -0.19490600
v 0.06766700 0.15166000 -0.23368500
v 0.55475098 0.29520199 -0.19435300
v 0.59466201 0.31429601 -0.19345000
v 0.63376302 0.33476901 -0.19230600
v 0.67006898 0.35983101 -0.19030200
v 0.80049598 0.46603999 0.04913000
v 0.78841799 0.44707301 0.00949600
v 0.84426701 0.54730302 0.12773000
v 0.84065598 0.52071798 0.09000300
v 0.84449500 0.57607400 0.16392800
v 0.84324700 0.60684901 0.19753700
v 0.83615899 0.64308101 0.22320899
v 0.82898200 0.68058598 0.24637100
v 0.82231897 0.71736598 0.27126199
v 0.81540799 0.75645697 0.29563200
v 0.77346998 0.43164399 -0.03012400
v 0.80723900 0.79827702 0.31733400
v 0.75968599 0.41507000 -0.06951100
v 0.74562198 0.39919201 -0.10887100
v 0.72780597 0.38924500 -0.14861099
v 0.70551699 0.90270603 0.36440700
v 0.61364698 0.97083497 0.34921801
v 0.40548399 1.06551003 0.18586101
v 0.79672098 0.83931702 0.33507901
v -0.33269501 0.08571300 0.20763300
v -0.30670699 0.06766700 0.17824399
v -0.35741600 0.10777100 0.23874900
v -0.38928699 0.13752399 0.25420099
v -0.28261000 0.07811100 0.11149100
v -0.27110201 0.09300100 0.07447400
v -0.25626501 0.10851600 0.03582300
v -0.41622800 0.16150700 0.28163901
v -0.23661400 0.11342400 -0.00440700
v -0.21552201 0.11600300 -0.04442900
v -0.19111601 0.10849700 -0.08260700
v -0.16611201 0.09536700 -0.11659700
v -0.05813900 0.11209100 -0.15684099
v -0.10016100 0.09972200 -0.15560700
v -0.03589700 0.11569900 -0.19479901
v 0.02435500 0.14203800 -0.23224400
v -0.19167300 0.91424799 0.15540101
v -0.28735200 0.90416300 0.20907301
v -0.25628901 0.92131299 0.19054399
v -0.32089999 0.88264900 0.22078200
v -0.15870699 0.92668098 0.12808400
v -0.11727900 0.93919802 0.10781500
v -0.07200600 0.95255500 0.09643600
v -0.02947400 0.96761799 0.09057000
v 0.01557400 0.98572201 0.07811100
v 0.06038400 0.99291599 0.06194300
v 0.10465500 0.99368399 0.05061700
v 0.20979500 1.02689004 0.01115900
v 0.16523600 1.02467000 0.01543300
v 0.25223100 1.03866005 0.01029000
v 0.28877699 1.06388998 0.01396300
v 0.28213400 0.20989300 -0.23799799
v 0.70605999 0.38525301 -0.18752401
v 0.83607697 0.49367499 0.05369100
v 0.74645197 0.89142603 0.35702300
v 0.53278899 1.03612006 0.29723501
v 0.56811702 1.02523005 0.32139400
v 0.50039297 1.04614997 0.26854300
v 0.46882600 1.05458999 0.23933400
v 0.43725601 1.06087005 0.21149100
v 0.60629201 1.01355004 0.33961099
v 0.40566000 1.10044003 0.16278800
v 0.38011000 1.10119998 0.13063601
v 0.35737899 1.10096002 0.09543400
v 0.65407997 0.95771998 0.36043099
v 0.69508201 0.94610399 0.36831400
v 0.33515900 1.10089004 0.05960500
v 0.78698200 0.88040799 0.34909499
v -0.37806800 0.61309201 0.27213100
v -0.38446000 0.56980598 0.27690801
v -0.37171900 0.65640199 0.26659799
v -0.39035600 0.52672303 0.27637100
v -0.36577499 0.69763702 0.24959999
v -0.39603600 0.48398000 0.28004399
v -0.40149200 0.44275901 0.29295301
v -0.36260900 0.74015498 0.23671900
v -0.35991800 0.77849799 0.21748500
v -0.40741700 0.40222600 0.30260301
v -0.41395101 0.36149499 0.30568400
v -0.42120999 0.31991601 0.30487201
v -0.42941201 0.27738601 0.30190101
v -0.43785700 0.23449899 0.29533499
v -0.35876700 0.82047701 0.20993100
v -0.29233801 0.06656400 0.14430299
v -0.44591999 0.18980400 0.29894400
v -0.14301801 0.09272000 -0.15515400
v -0.01853100 0.13408799 -0.22953799
v -0.23189600 0.93460602 0.15822800
v -0.35824400 0.86175400 0.22529100
v 0.12034900 1.01820004 0.01781600
v 0.32045400 1.09446001 0.02031100
v 0.32440999 0.22142100 -0.23767400
v 0.36649600 0.23343900 -0.23603600
v 0.40774900 0.24776900 -0.23436899
v 0.44982499 0.26016399 -0.23375700
v 0.48991099 0.27889001 -0.23222400
v 0.12671401 0.18850200 -0.26707500
v 0.17013700 0.19911601 -0.26905599
v 0.21343200 0.21026701 -0.27111301
v 0.25633499 0.22072400 -0.27279499
v 0.08423500 0.17499401 -0.26750800
v 0.53147101 0.29391700 -0.23199999
v 0.04090700 0.16299599 -0.26713499
v 0.57261097 0.31039101 -0.23162100
v 0.61173999 0.33113599 -0.23069000
v 0.64939702 0.35430399 -0.22915700
v 0.68769199 0.37642199 -0.22706801
v 0.82237500 0.47610199 0.01262400
v 0.80754900 0.45973501 -0.02790800
v 0.87511802 0.57999903 0.13024101
v 0.87746799 0.54870200 0.09552700
v 0.86845702 0.52556700 0.05440000
v 0.87308800 0.61074299 0.16374101
v 0.87002999 0.64257199 0.19572400
v 0.86782002 0.67359298 0.22873700
v 0.86037201 0.71063799 0.25140399
v 0.85241401 0.74893302 0.27513599
v 0.84597898 0.78760302 0.30016500
v 0.79476303 0.44132799 -0.06709000
v 0.83517599 0.83065999 0.31717399
v 0.78220898 0.42335001 -0.10627100
v 0.76440603 0.41353199 -0.14650300
v 0.74501801 0.40570399 -0.18578701
v 0.73693198 0.93413800 0.36965099
v 0.64450598 1.00159001 0.35703200
v 0.43548799 1.09674001 0.19128300
v 0.82675201 0.87013000 0.33706599
v -0.36887699 0.06171700 0.22386500
v -0.34252599 0.03958300 0.19379200
v -0.32346201 0.03470400 0.15509599
v -0.39979401 0.09375600 0.24273400
v -0.43092701 0.12533399 0.25835899
v -0.30992201 0.07375400 0.07816600
v -0.31762800 0.05260600 0.11638100
v -0.29875901 0.09555900 0.04062600
v -0.27946499 0.10135900 -0.00053600
v -0.45595300 0.14536799 0.29435700
v -0.25855201 0.10398300 -0.04134400
v -0.23436500 0.09806700 -0.07960600
v -0.20896301 0.08833300 -0.11545100
v -0.18481401 0.08397300 -0.15336600
v -0.07810600 0.10264000 -0.19386899
v -0.12010900 0.08945100 -0.19328099
v -0.06063300 0.12133200 -0.22925000
v -0.00306600 0.15607800 -0.26275301
v -0.20096700 0.94908702 0.12933400
v -0.28357601 0.95059198 0.21794000
v -0.32164001 0.92854798 0.21645799
v -0.25047401 0.96230203 0.18867600
v -0.35695001 0.90707099 0.23036000
v -0.15801600 0.96249002 0.10115400
v -0.10528100 0.97047400 0.07597200
v -0.06186200 0.98492497 0.06959300
v -0.01878300 0.99729002 0.06347700
v 0.03325000 1.01262999 0.02921300
v 0.07578200 1.01753998 0.02426600
v 0.22738200 1.03728998 -0.02499400
v 0.18195701 1.03585994 -0.02192200
v 0.13780200 1.03656006 -0.01787000
v 0.26600599 1.06352997 -0.02182600
v 0.30129099 1.09095001 -0.01746300
v 0.29881901 0.23000100 -0.27329299
v 0.72371501 0.40186700 -0.22481300
v 0.85626799 0.50525099 0.01528500
v 0.77768499 0.92269897 0.36143899
v 0.52594000 1.07789004 0.28257701
v 0.56049901 1.06744003 0.31030101
v 0.59810400 1.05636001 0.33133799
v 0.49685600 1.08535004 0.24984400
v 0.46544400 1.09192002 0.22059500
v 0.63617802 1.04497004 0.34973800
v 0.40735301 1.13523996 0.13702101
v 0.43367201 1.13314998 0.16880500
v 0.38351601 1.13537002 0.10329700
v 0.36318699 1.13364995 0.06687700
v 0.68530500 0.98960602 0.36718100
v 0.72667801 0.97777599 0.37362099
v 0.34426999 1.13011003 0.02918900
v 0.81832701 0.91096300 0.35408401
v -0.41162100 0.63961798 0.26506901
v -0.41889799 0.59672099 0.27481499
v -0.42537600 0.55379802 0.28082600
v -0.40325400 0.67916900 0.24710600
v -0.43043000 0.51040798 0.28132501
v -0.39882299 0.72091502 0.23264401
v -0.43598199 0.46755201 0.28477499
v -0.44228199 0.42579499 0.29411599
v -0.39717999 0.76278102 0.21842100
v -0.39568999 0.80295098 0.20435400
v -0.44772899 0.38722500 0.29950300
v -0.45384100 0.34948799 0.30082399
v -0.46076301 0.30812499 0.29903400
v -0.46886399 0.26508501 0.29712400
v -0.47787300 0.22129001 0.29747099
v -0.39469299 0.84171999 0.22282700
v -0.48798400 0.17748800 0.30346000
v -0.16242801 0.07744400 -0.19165000
v -0.04636800 0.15002400 -0.25784999
v -0.22739100 0.97965997 0.15726900
v -0.39236501 0.88491899 0.22913700
v -0.00705000 1.01172996 0.03179300
v 0.09287500 1.03858995 -0.01287300
v 0.32787800 1.12507999 -0.00971100
v 0.34136099 0.23788200 -0.27262101
v 0.38206899 0.25273800 -0.26889199
v 0.42315000 0.26730800 -0.26791501
v 0.46512699 0.27983701 -0.26865199
v 0.50694001 0.29437801 -0.26868099
v 0.14231101 0.21423399 -0.30038199
v 0.09901400 0.20300400 -0.29877999
v 0.18575300 0.22514901 -0.30275801
v 0.22893000 0.23696600 -0.30512601
v 0.27173501 0.24758901 -0.30716601
v 0.05588400 0.19110000 -0.29793200
v 0.54718500 0.31300601 -0.26788399
v 0.01195000 0.18225400 -0.29448000
v 0.58753097 0.33122501 -0.26787099
v 0.62705302 0.35117900 -0.26751700
v 0.66580701 0.37276700 -0.26603001
v 0.70302498 0.39688700 -0.26357600
v 0.84180200 0.48748299 -0.02511500
v 0.82770300 0.46973300 -0.06567700
v 0.90336901 0.61560398 0.13087399
v 0.90452302 0.58632302 0.09649700
v 0.90102398 0.55995399 0.05825100
v 0.88844800 0.53724003 0.01746300
v 0.90078300 0.64600098 0.16404200
v 0.89886397 0.67565799 0.19738300
v 0.89730901 0.70643598 0.22982700
v 0.88811302 0.74336201 0.25300401
v 0.88169003 0.78064698 0.27787200
v 0.87351298 0.82120299 0.30012900
v 0.81672698 0.44993201 -0.10421100
v 0.86402202 0.86108202 0.31719199
v 0.80301303 0.43429199 -0.14408100
v 0.78475201 0.42495400 -0.18378399
v 0.76262099 0.42181599 -0.22243600
v 0.76827800 0.96559203 0.37156701
v 0.67598301 1.03342998 0.36350399
v 0.46250701 1.12917995 0.19994099
v 0.85697001 0.90075302 0.33775800
v -0.41191801 0.04781200 0.23137499
v -0.38801101 0.02436800 0.19765700
v -0.36577100 0.01391300 0.16240101
v -0.35013500 0.01825200 0.12283100
v -0.44205099 0.08277400 0.24785900
v -0.47189599 0.11155800 0.26799700
v -0.34611201 0.04807300 0.08487100
v -0.33932701 0.07641800 0.04601800
v -0.32151401 0.08598100 0.00420500
v -0.30040300 0.08894800 -0.03702600
v -0.50013602 0.13468400 0.29780501
v -0.27641699 0.08456900 -0.07615900
v -0.25170600 0.07757800 -0.11283300
v -0.22598100 0.06676600 -0.14836200
v -0.20413101 0.06640600 -0.18830401
v -0.10322500 0.11016900 -0.22688299
v -0.14542501 0.09669800 -0.22776701
v -0.08890100 0.14272800 -0.25218999
v -0.03199400 0.17708699 -0.28806201
v -0.20486300 0.99755597 0.12836100
v -0.19225000 0.97937101 0.10843400
v -0.26194599 0.98161900 0.23044799
v -0.31820801 0.97798800 0.21989200
v -0.35637701 0.95317900 0.21821800
v -0.23752800 1.00360000 0.19485100
v -0.39194500 0.92890501 0.22710100
v -0.13624200 0.98885399 0.05425600
v -0.09228100 0.99881399 0.04449800
v -0.04873200 1.00678003 0.03694600
v 0.00662400 1.03131998 -0.00328200
v 0.04843000 1.03930998 -0.00625000
v 0.19996500 1.03827000 -0.05879800
v 0.24103799 1.06128001 -0.05740300
v 0.15557399 1.03669000 -0.05625900
v 0.11171700 1.04106998 -0.05250800
v 0.27955100 1.09125996 -0.05342300
v 0.31283799 1.11958003 -0.04886300
v 0.31349799 0.25595301 -0.30594900
v 0.74016398 0.42054799 -0.26148701
v 0.87249798 0.51840699 -0.02242900
v 0.80901599 0.95405900 0.36362600
v 0.52032399 1.11862004 0.26381400
v 0.55387700 1.10921001 0.29429200
v 0.59012002 1.09872997 0.32052600
v 0.62758100 1.08781004 0.34194899
v 0.49154899 1.12450004 0.23064500
v 0.66678298 1.07674003 0.35866901
v 0.40737000 1.17080998 0.11237000
v 0.43303999 1.16903996 0.14514400
v 0.45880800 1.16673994 0.17813100
v 0.38493600 1.16990995 0.07640500
v 0.36559901 1.16690004 0.03878100
v 0.71727902 1.02139997 0.37099901
v 0.75862300 1.00941002 0.37584001
v 0.35185400 1.16033006 -0.00092000
v 0.84949601 0.94169098 0.35604700
v -0.45018500 0.62040597 0.25727400
v -0.43790001 0.65771198 0.23665200
v -0.46014801 0.57948399 0.27088800
v -0.46615699 0.53618699 0.27863801
v -0.43114299 0.69840199 0.22058700
v -0.47108099 0.49276999 0.28333801
v -0.43203399 0.74345201 0.21352001
v -0.47528699 0.44812301 0.28141800
v -0.48259300 0.39888099 0.28988901
v -0.43455800 0.78644598 0.20195401
v -0.43079799 0.82407302 0.21216500
v -0.48726901 0.37053099 0.29166800
v -0.49194500 0.34218100 0.29344699
v -0.49920201 0.29738900 0.29370600
v -0.50859898 0.25352201 0.29535401
v -0.51840597 0.20961601 0.29322001
v -0.42743799 0.86284697 0.22538100
v -0.53175801 0.16696900 0.30052000
v -0.18798900 0.08295600 -0.22691099
v -0.07569500 0.17321800 -0.27963501
v -0.21769699 1.02277994 0.16134900
v -0.16928200 0.99428302 0.07555500
v -0.42675900 0.90547401 0.22437400
v -0.03385100 1.02628005 0.00334000
v 0.06685900 1.04339004 -0.04927400
v 0.33953601 1.15245998 -0.04112200
v 0.35414600 0.26436099 -0.30134600
v 0.39568001 0.27533400 -0.30052501
v 0.43641001 0.29163399 -0.29926899
v 0.47925401 0.30210200 -0.30215499
v 0.52033001 0.31849101 -0.30238801
v 0.15625000 0.24548800 -0.32903999
v 0.11337900 0.23239800 -0.32872200
v 0.06991100 0.22183999 -0.32647401
v 0.20016800 0.25356600 -0.33540401
v 0.24359401 0.26551399 -0.33897400
v 0.28703001 0.27664801 -0.34347799
v 0.02635500 0.21231800 -0.32341599
v 0.56178999 0.33436999 -0.30338800
v -0.01764300 0.20552200 -0.31759000
v 0.60362601 0.34913400 -0.30506301
v 0.64359802 0.36919901 -0.30425200
v 0.68273801 0.39075100 -0.30282101
v 0.71963799 0.41529599 -0.30043200
v 0.85722703 0.50181699 -0.06355100
v 0.85003799 0.47738001 -0.10143900
v 0.92839199 0.62592798 0.09619900
v 0.92736202 0.65407002 0.13031401
v 0.92866701 0.59883600 0.06061400
v 0.91999203 0.57678300 0.02106800
v 0.90192300 0.54822999 -0.01979400
v 0.92616999 0.68271500 0.16394700
v 0.92149198 0.71292597 0.19534799
v 0.91824800 0.74375999 0.22510500
v 0.91604799 0.77616900 0.25323701
v 0.90815198 0.81376600 0.27643499
v 0.90227801 0.85176200 0.29998800
v 0.83933997 0.45890999 -0.14148700
v 0.89418799 0.89076000 0.31854901
v 0.82060599 0.45032299 -0.18110400
v 0.80012000 0.44359100 -0.22030599
v 0.77935201 0.44007701 -0.25864899
v 0.79980397 0.99740499 0.37119201
v 0.70785302 1.06500006 0.36848900
v 0.48740801 1.16262996 0.20914000
v 0.88702399 0.93147397 0.33656299
v -0.45586500 0.04056700 0.23787101
v -0.43214700 0.01365400 0.20769601
v -0.41151899 0.00095300 0.16788900
v -0.39226300 0.00178700 0.12713800
v -0.37425900 0.00772100 0.08673800
v -0.48481899 0.07341700 0.25605801
v -0.51458597 0.10195100 0.27405101
v -0.37138799 0.04354900 0.04991700
v -0.36390999 0.06884400 0.00996400
v -0.34172201 0.07323200 -0.03259300
v -0.31855401 0.07165700 -0.07268800
v -0.54629499 0.12509599 0.29230899
v -0.29288900 0.06227500 -0.10953600
v -0.26571000 0.04910900 -0.14284900
v -0.24649100 0.05668000 -0.18432400
v -0.23076899 0.07616600 -0.22032100
v -0.13179199 0.13041900 -0.25272301
v -0.17502700 0.12068400 -0.24834201
v -0.11895500 0.16734000 -0.27279100
v -0.06146500 0.20316599 -0.30726200
v -0.18297701 1.01650000 0.10312900
v -0.19402000 1.03987002 0.13249999
v -0.24624200 1.02421999 0.23136701
v -0.27864400 1.00848997 0.22478300
v -0.35852700 0.99890298 0.21893200
v -0.39295900 0.97316998 0.22356500
v -0.22847401 1.04631996 0.19568200
v -0.42761701 0.94859397 0.22057700
v -0.12299500 1.00542998 0.01235900
v -0.15985700 1.01977003 0.04047300
v -0.07637500 1.01739001 0.00836600
v 0.02274800 1.04527998 -0.04559500
v -0.01729600 1.04501998 -0.03447200
v 0.21504600 1.04751003 -0.09564700
v 0.17420200 1.03671002 -0.09406200
v 0.26446700 1.09001994 -0.09070800
v 0.13080700 1.03227997 -0.09118200
v 0.08639000 1.03239000 -0.08923700
v 0.29766700 1.11509001 -0.08649200
v 0.32598400 1.14550996 -0.08012300
v 0.33002201 0.29020700 -0.34511799
v 0.75683302 0.43888700 -0.29811499
v 0.88948101 0.52888101 -0.06003100
v 0.84071600 0.98500699 0.36521599
v 0.54660702 1.15067995 0.27298501
v 0.51521099 1.15783000 0.24157099
v 0.58257502 1.14094996 0.30559900
v 0.62123603 1.12992001 0.32935300
v 0.65959400 1.11890996 0.34839100
v 0.69889599 1.10802996 0.36396399
v 0.40854499 1.20501006 0.08461700
v 0.43151799 1.20541000 0.12049000
v 0.45601699 1.20394003 0.15432900
v 0.48317200 1.20051003 0.18685700
v 0.38866201 1.20234001 0.04723600
v 0.37359300 1.19628000 0.00747400
v 0.74874002 1.05280006 0.37702101
v 0.79057503 1.04091001 0.37758800
v 0.35946399 1.18938994 -0.03166700
v 0.88088900 0.97219199 0.35521701
v -0.48416099 0.59754199 0.24096601
v -0.47194001 0.63621199 0.22388200
v -0.46430999 0.67702901 0.20946699
v -0.49529999 0.55770898 0.25603199
v -0.50271600 0.51575601 0.26431301
v -0.46052399 0.71983999 0.19662900
v -0.50859600 0.47261599 0.27088600
v -0.46906701 0.76555997 0.19713899
v -0.51478702 0.42719701 0.27840501
v -0.52311999 0.37861300 0.28557199
v -0.48275900 0.80942202 0.20738401
v -0.45780799 0.83773500 0.21110500
v -0.53019702 0.33129299 0.28827399
v -0.53819603 0.28585899 0.28911701
v -0.54732299 0.24236099 0.28616300
v -0.55960000 0.19943701 0.28721300
v -0.46200100 0.87940300 0.22121900
v -0.57580799 0.15743899 0.29050699
v -0.21778101 0.10956200 -0.24587201
v -0.10507100 0.19541800 -0.30264801
v -0.20675901 1.06536996 0.16305700
v -0.16418400 1.04763997 0.06917600
v -0.32332799 1.02023995 0.20419300
v -0.46360001 0.92459601 0.22215600
v -0.05774400 1.03527999 -0.02709400
v 0.04132500 1.03210998 -0.08861400
v 0.24157301 1.07149005 -0.09321300
v 0.35049200 1.17911005 -0.07232200
v 0.36586699 0.28743601 -0.33028299
v 0.40764800 0.30043399 -0.33083999
v 0.45006600 0.31293100 -0.33336800
v 0.49154299 0.32815599 -0.33439299
v 0.53361601 0.34222600 -0.33655101
v 0.16995899 0.27732801 -0.35802200
v 0.12660401 0.26626000 -0.35465699
v 0.08324000 0.25516599 -0.35227099
v 0.03978800 0.24552000 -0.34869400
v 0.21326900 0.28808001 -0.36291701
v 0.25675499 0.29948699 -0.36834899
v 0.30063501 0.31197700 -0.37527600
v -0.00386000 0.23776400 -0.34359401
v 0.57563001 0.35656601 -0.33862400
v -0.04745300 0.23004501 -0.33869499
v 0.61590499 0.37551701 -0.33824199
v 0.65576798 0.39533600 -0.33762601
v 0.69491500 0.41602400 -0.33692700
v 0.73423600 0.43641299 -0.33619300
v 0.88128698 0.50745100 -0.09853500
v 0.87177801 0.48826000 -0.13802899
v 0.95486599 0.66326398 0.09813400
v 0.95218700 0.63853699 0.06197500
v 0.94736600 0.69471902 0.12889500
v 0.94939703 0.61622798 0.02377100
v 0.92540199 0.57065201 -0.01752600
v 0.91797203 0.55630100 -0.05729500
v 0.94541401 0.72233498 0.16231500
v 0.94330400 0.74940300 0.19573700
v 0.94985700 0.77954298 0.21705300
v 0.94222301 0.81060600 0.24928500
v 0.93697298 0.84271401 0.28002700
v 0.93039602 0.88092899 0.29846200
v 0.85316998 0.47969699 -0.17819799
v 0.92481399 0.91924202 0.31960100
v 0.83569199 0.46959001 -0.21780699
v 0.81538099 0.46525499 -0.25668100
v 0.79383600 0.46227500 -0.29538000
v 0.83169198 1.02874994 0.37243801
v 0.73927802 1.09665000 0.37535399
v 0.51153201 1.19606996 0.21811000
v 0.91902900 0.95977402 0.33736500
v -0.50073999 0.03739900 0.24000899
v -0.47715399 0.00766800 0.21479000
v -0.45618299 0.00021000 0.17212600
v -0.43583199 -0.00014000 0.13019601
v -0.41640300 0.00026900 0.08964100
v -0.39734599 0.00480500 0.04982000
v -0.52744597 0.06844300 0.26385301
v -0.55599600 0.09954300 0.27604800
v -0.38978499 0.03347000 0.01266500
v -0.38140401 0.05369300 -0.02781900
v -0.35780400 0.05333000 -0.06884400
v -0.33439401 0.04918000 -0.10839100
v -0.59276801 0.11477100 0.27784601
v -0.30712000 0.03588000 -0.14336300
v -0.28749099 0.04104900 -0.18245099
v -0.27364901 0.06655400 -0.21539100
v -0.25997901 0.09550000 -0.24582601
v -0.16190200 0.15520100 -0.27315101
v -0.20325001 0.14020900 -0.27428901
v -0.14858700 0.18738399 -0.29929501
v -0.09099100 0.22374600 -0.33218199
v -0.17298700 1.05291998 0.10271700
v -0.18475100 1.08170998 0.13079301
v -0.27118501 1.04838002 0.24720600
v -0.23778100 1.06826997 0.23203599
v -0.28557301 1.04953003 0.19805600
v -0.41072199 1.02626002 0.21295200
v -0.36881399 1.04154003 0.20296501
v -0.42635199 0.99094498 0.21233100
v -0.22251500 1.09016001 0.19353400
v -0.46409899 0.96815503 0.21459000
v -0.16262700 1.02807999 0.00044200
v -0.09857800 1.01872003 -0.02653500
v -0.17442000 1.05874002 0.03207900
v -0.00543800 1.03530002 -0.09278400
v -0.03417600 1.04298997 -0.06243900
v 0.19203100 1.04273999 -0.13257100
v 0.22436200 1.06466997 -0.13212600
v 0.15079200 1.03292000 -0.13024101
v 0.25353101 1.08679998 -0.12918100
v 0.28527999 1.10845995 -0.12529700
v 0.10712800 1.03085995 -0.12824100
v 0.06298100 1.02726996 -0.12755100
v 0.31467399 1.13666999 -0.11943900
v 0.34372699 1.16647005 -0.11217200
v 0.37669399 0.31289601 -0.35788301
v 0.34487399 0.32697800 -0.38247001
v 0.77023101 0.46154100 -0.33315799
v 0.90840203 0.53925103 -0.09650300
v 0.94607300 0.60027897 -0.01550400
v 0.87256998 1.01561999 0.36708200
v 0.57140499 1.18329000 0.27996001
v 0.53918803 1.19123006 0.24943900
v 0.61686498 1.17104995 0.31496301
v 0.65307802 1.16108000 0.33822200
v 0.69073802 1.15065002 0.35709500
v 0.73137301 1.13977003 0.36831200
v 0.40704700 1.23987997 0.05741700
v 0.42937201 1.24110997 0.09386300
v 0.45220399 1.24099004 0.12982400
v 0.47848701 1.23871005 0.16294301
v 0.50507301 1.23506999 0.19606900
v 0.39442000 1.23266006 0.01696500
v 0.37846401 1.22627997 -0.02240600
v 0.78078699 1.08440995 0.37997201
v 0.82241303 1.07243001 0.37810799
v 0.37252599 1.21483004 -0.06399200
v 0.91349298 1.00171006 0.35531899
v -0.50539899 0.61465102 0.20896900
v -0.51683301 0.57535797 0.22361000
v -0.49607101 0.65504801 0.19518299
v -0.48830700 0.69623798 0.18100300
v -0.52948803 0.53618401 0.23798899
v -0.54016399 0.49642900 0.25114501
v -0.49230301 0.74105901 0.17566501
v -0.54661399 0.45324999 0.25905800
v -0.51281798 0.78449500 0.18838800
v -0.55305302 0.40828401 0.26652101
v -0.49305600 0.85480398 0.20941100
v -0.55911499 0.36236599 0.27265099
v -0.56472200 0.31681800 0.27426299
v -0.57496202 0.27402699 0.27478600
v -0.58786303 0.23247200 0.27722800
v -0.60160899 0.19064599 0.27654800
v -0.49785399 0.89916199 0.21166600
v -0.61930901 0.15033901 0.28091499
v -0.24565899 0.12587000 -0.27469999
v -0.13387799 0.21425900 -0.33000901
v -0.20075700 1.10956001 0.15903100
v -0.16370200 1.09227002 0.09656600
v -0.33530200 1.06189001 0.19525699
v -0.49979901 0.94340301 0.20764901
v -0.13590100 1.01666999 -0.02853000
v -0.16565099 1.09865999 0.05688400
v -0.07846300 1.02772999 -0.06231800
v 0.01836300 1.02708995 -0.12878700
v 0.36322099 1.20375001 -0.10437700
v 0.41961601 0.32603899 -0.36153001
v 0.46147600 0.34111199 -0.36328101
v 0.50338298 0.35533500 -0.36576599
v 0.54535300 0.36954200 -0.36811599
v 0.18243000 0.31165299 -0.38451901
v 0.13933700 0.30019000 -0.38051701
v 0.09593700 0.28976899 -0.37651899
v 0.05278800 0.27900901 -0.37396699
v 0.00930800 0.27103999 -0.36837599
v 0.22555500 0.32156500 -0.39100200
v 0.26895800 0.33260599 -0.39758101
v 0.31248501 0.34536800 -0.40424800
v -0.03408200 0.26323000 -0.36336201
v 0.58683002 0.38533300 -0.36972499
v -0.07684000 0.25393200 -0.36082801
v 0.62809998 0.40149701 -0.37185201
v 0.66767901 0.42145801 -0.37092400
v 0.70775902 0.44047901 -0.37126899
v 0.74545002 0.46323299 -0.36924601
v 0.90062398 0.52034301 -0.13696501
v 0.88773400 0.50618798 -0.17616500
v 0.97645301 0.70385802 0.09944300
v 0.97619200 0.67745399 0.06362800
v 0.97123498 0.65598601 0.02573600
v 0.96832699 0.73627102 0.12857699
v 0.96818900 0.63702202 -0.01312500
v 0.94096202 0.58712697 -0.05540700
v 0.93618101 0.56947798 -0.09460900
v 0.96543300 0.76034802 0.16606700
v 0.97629303 0.81618798 0.21499000
v 0.97023600 0.84028298 0.25104499
v 0.96538901 0.87136197 0.28012601
v 0.96025401 0.90748602 0.29945600
v 0.86992002 0.49673399 -0.21504700
v 0.95484102 0.94629401 0.31760499
v 0.84851998 0.49262801 -0.25255999
v 0.82875198 0.48759100 -0.29276499
v 0.80610299 0.48579100 -0.33070600
v 0.86356199 1.06015003 0.37534699
v 0.59413499 1.17717004 0.29746100
v 0.77157003 1.12844002 0.37915501
v 0.53179997 1.23067999 0.22854100
v 0.95319998 0.98573703 0.33578399
v -0.51808399 0.82908303 0.18826200
v -0.54523098 0.03676500 0.24275200
v -0.52142698 0.00406100 0.21980700
v -0.50023901 0.00033300 0.17576601
v -0.47930399 -0.00168300 0.13323499
v -0.45873100 -0.00572500 0.09226500
v -0.43968701 -0.00088800 0.05204000
v -0.41661000 0.00136600 0.01236900
v -0.56968802 0.07255700 0.26314899
v -0.40490600 0.01993500 -0.02430900
v -0.39204001 0.02998500 -0.06446200
v -0.37249401 0.02996000 -0.10425700
v -0.34688199 0.01871900 -0.14029300
v -0.63737202 0.11046300 0.26746500
v -0.32965499 0.02911600 -0.17922400
v -0.31545401 0.05185300 -0.21432801
v -0.30241299 0.08213200 -0.24421901
v -0.28736201 0.10950600 -0.27616900
v -0.19198900 0.17405000 -0.29946399
v -0.22941700 0.15084900 -0.30769399
v -0.17634900 0.20090599 -0.33117601
v -0.11969900 0.24455699 -0.35785100
v -0.17171800 1.12310004 0.12855899
v -0.26462400 1.09051001 0.26409999
v -0.27905601 1.08886003 0.22083700
v -0.23286600 1.11264002 0.22765701
v -0.30609599 1.08906996 0.19932000
v -0.46255499 1.01111996 0.20832700
v -0.41312701 1.06632996 0.19417000
v -0.37085700 1.09487998 0.17868599
v -0.21478400 1.13489997 0.19017300
v -0.50151098 0.98810601 0.20622900
v -0.18908399 1.06357002 -0.00491100
v -0.16520099 1.04348004 -0.03642700
v -0.13066700 1.02875996 -0.06650500
v -0.18579200 1.10071003 0.02147300
v -0.05288500 1.02724004 -0.09684600
v -0.02723200 1.01818001 -0.13025500
v 0.17023601 1.03901005 -0.16928600
v 0.20913200 1.05238998 -0.17003199
v 0.24391600 1.07214999 -0.16867600
v 0.12831300 1.03015995 -0.16649599
v 0.27527201 1.09652996 -0.16497201
v 0.30517000 1.12481999 -0.15962701
v 0.08512600 1.02304006 -0.16469900
v 0.04134100 1.01847005 -0.16488500
v 0.33403200 1.15522003 -0.15291600
v 0.35853601 1.18940997 -0.14492600
v 0.38745901 0.34355900 -0.38489100
v 0.35587099 0.35875300 -0.41037801
v 0.78279197 0.48562199 -0.36755300
v 0.93134302 0.54991698 -0.13313501
v 0.96509802 0.62034899 -0.05277900
v 0.99345100 0.78970301 0.18149500
v 0.90400201 1.04649997 0.36910200
v 0.56251299 1.22414994 0.25650001
v 0.59223503 1.21749997 0.28252301
v 0.64941698 1.20181000 0.32473499
v 0.61826903 1.21033001 0.30283499
v 0.68512499 1.19335997 0.34580600
v 0.72314799 1.18273997 0.36302799
v 0.76228601 1.17214000 0.37853301
v 0.42930600 1.27543998 0.06592800
v 0.41161999 1.27067006 0.02707600
v 0.45107099 1.27679002 0.10253100
v 0.47491801 1.27568996 0.13804200
v 0.49901101 1.27356005 0.17373800
v 0.52666003 1.26925004 0.20567100
v 0.39626601 1.26400995 -0.01295000
v 0.38945499 1.25329006 -0.05520000
v 0.81318599 1.11626995 0.38199201
v 0.85435200 1.10339999 0.37954700
v 0.38049001 1.24215996 -0.09560100
v 0.95315498 1.02823997 0.35189700
v -0.52622497 0.63181502 0.17760600
v -0.54034698 0.59478700 0.19398700
v -0.55453002 0.55712903 0.20931500
v -0.51672202 0.67284298 0.16464099
v -0.51192600 0.71361601 0.15349799
v -0.56812602 0.51801097 0.22372100
v -0.57254100 0.47474101 0.22946300
v -0.53411800 0.75547802 0.16643800
v -0.57939798 0.43208599 0.23899500
v -0.54452097 0.80188203 0.16541500
v -0.58408201 0.38838801 0.24618401
v -0.52914703 0.87234902 0.19596501
v -0.58770800 0.34441501 0.24977100
v -0.59994501 0.30365700 0.25841701
v -0.61482900 0.26509899 0.27123901
v -0.62855601 0.22423500 0.27077001
v -0.64426899 0.18467399 0.27235001
v -0.53396302 0.91711402 0.19439299
v -0.61319798 0.07469600 0.25571501
v -0.66235900 0.14663900 0.27090099
v -0.27059400 0.13375600 -0.30962199
v -0.16220100 0.23390800 -0.35655501
v -0.18950400 1.15259004 0.15703200
v -0.16400900 1.13462996 0.08586100
v -0.33531100 1.09328997 0.16012201
v -0.45789999 1.05251002 0.20162000
v -0.53697300 0.96220201 0.19305800
v -0.17864200 1.13892996 0.04480200
v -0.09905400 1.01420999 -0.09985400
v -0.00296800 1.01344001 -0.16632800
v 0.37386701 1.22915995 -0.13676800
v 0.43031499 0.35695300 -0.38907200
v 0.47329801 0.36713701 -0.39567101
v 0.51546597 0.38138399 -0.39810899
v 0.55640101 0.39825800 -0.39887100
v 0.19418700 0.34427899 -0.41251001
v 0.15107501 0.33499199 -0.40531901
v 0.10815200 0.32439300 -0.40083101
v 0.06516900 0.31380999 -0.39775300
v 0.02189200 0.30568600 -0.39171001
v -0.02118000 0.29761800 -0.38647100
v 0.23712300 0.35638899 -0.41665399
v 0.28024301 0.36762801 -0.42322001
v 0.32341000 0.37971601 -0.43008199
v -0.06384200 0.28909001 -0.38265499
v 0.59735298 0.41478801 -0.40038300
v -0.10670700 0.27948201 -0.38027000
v 0.63821000 0.43164301 -0.40188900
v 0.67876399 0.44958600 -0.40291101
v 0.71808201 0.47010601 -0.40215400
v 0.75713402 0.48981300 -0.40231901
v 0.92005402 0.53510797 -0.17279600
v 0.90329099 0.52465600 -0.21261600
v 1.00399005 0.73967999 0.10475300
v 0.99794799 0.71732599 0.06619900
v 0.99421299 0.69401699 0.02921000
v 0.98721302 0.67656398 -0.01085800
v 1.00734997 0.76994503 0.14418900
v 0.98494101 0.65858400 -0.04992500
v 0.96158201 0.60259998 -0.09137600
v 0.95519102 0.58538699 -0.13005300
v 1.00620997 0.78573602 0.21949600
v 1.00635004 0.82334000 0.24036700
v 0.99918503 0.86171502 0.25786501
v 0.99757397 0.89629197 0.28091601
v 0.99105000 0.93249601 0.29874399
v 0.88269502 0.51905203 -0.25065899
v 0.98941499 0.96927601 0.31586799
v 0.86276799 0.51372200 -0.28955999
v 0.84011602 0.51185298 -0.32758901
v 0.81746799 0.51091301 -0.36452299
v 0.89493299 1.09057999 0.37589699
v 0.80405903 1.15967000 0.38254699
v 0.55616498 1.26356006 0.23521499
v 0.98970997 1.00804996 0.33201000
v -0.55639499 0.84514099 0.17373601
v -0.58952999 0.03844400 0.23912500
v -0.56638497 0.00326200 0.22321200
v -0.54387599 0.00024800 0.17789400
v -0.52229601 -0.00625000 0.13590600
v -0.50160199 -0.00692800 0.09404500
v -0.48138300 -0.00602900 0.05295200
v -0.46118200 -0.00256000 0.01345400
v -0.44007799 0.00112200 -0.02440800
v -0.42194799 0.00210900 -0.06029100
v -0.40724799 0.00549200 -0.09858700
v -0.38776299 0.00434700 -0.13712700
v -0.36900699 0.00800500 -0.17744900
v -0.68058002 0.10912700 0.25815701
v -0.65740502 0.07384500 0.24948400
v -0.35684800 0.03497500 -0.21301900
v -0.34314299 0.06285200 -0.24629401
v -0.32732800 0.08827000 -0.27974400
v -0.31162399 0.11575500 -0.31125101
v -0.21644500 0.18285000 -0.33533800
v -0.25767699 0.16593200 -0.33754399
v -0.20237599 0.21452799 -0.36393401
v -0.14946400 0.26828700 -0.37933001
v -0.17380400 1.16587996 0.11747100
v -0.28728300 1.12503004 0.23181200
v -0.25025800 1.13434994 0.25767499
v -0.22967100 1.15821004 0.22211000
v -0.30030701 1.08852005 0.15355501
v -0.49917600 1.03305995 0.20124900
v -0.45231599 1.09064996 0.18605600
v -0.40968201 1.10257995 0.18158600
v -0.36705300 1.12154996 0.14216000
v -0.20582099 1.18039000 0.18687300
v -0.53741199 1.00922000 0.19296101
v -0.20854899 1.10021996 -0.01436800
v -0.19351600 1.07545996 -0.04428000
v -0.16521101 1.06296003 -0.07361500
v -0.20176300 1.13910997 0.00641900
v -0.14276800 1.04051995 -0.10663700
v -0.07286900 1.01604998 -0.13446100
v -0.04768600 1.01428998 -0.16886599
v 0.14954300 1.02770996 -0.20344400
v 0.18979201 1.04375994 -0.20715401
v 0.22859900 1.05949998 -0.20648301
v 0.26414001 1.08221996 -0.20452900
v 0.10702900 1.02304006 -0.20158800
v 0.29692301 1.10947001 -0.19984700
v 0.32625601 1.14092004 -0.19308600
v 0.06336700 1.02582002 -0.20254301
v 0.01986200 1.01864004 -0.20329900
v 0.35134000 1.17571998 -0.18581800
v 0.37218401 1.21307003 -0.17765900
v 0.39873701 0.37292001 -0.41449299
v 0.36648399 0.39266101 -0.43579999
v 0.79286200 0.51410002 -0.39871201
v 0.94914103 0.56707299 -0.16945399
v 0.98477101 0.63890803 -0.08809200
v 1.02348006 0.76158798 0.18923900
v 0.93291199 1.07817996 0.36838999
v 0.58673102 1.25715995 0.26210299
v 0.61556703 1.25132000 0.28830200
v 0.68003100 1.23361003 0.33206999
v 0.64742303 1.24203002 0.30950800
v 0.71415198 1.22493005 0.35552701
v 0.75358099 1.21428001 0.36915001
v 0.79482299 1.20309997 0.37852800
v 0.44912601 1.31192994 0.07544700
v 0.43023399 1.30816996 0.03634200
v 0.41402099 1.30192006 -0.00361800
v 0.47127801 1.31280994 0.11285700
v 0.49470100 1.31133997 0.14923801
v 0.52190202 1.30773997 0.18256301
v 0.55072600 1.30281997 0.21353400
v 0.40375999 1.29263997 -0.04510600
v 0.39714599 1.28102005 -0.08685600
v 0.84557599 1.14690995 0.38316101
v 0.88651198 1.13378000 0.37979501
v 0.38903901 1.26876998 -0.12835200
v 1.00260997 1.01234996 0.35145101
v -0.54786998 0.64926499 0.14704201
v -0.55741799 0.60976499 0.15875100
v -0.57200903 0.57266903 0.17306501
v -0.58682001 0.53487301 0.18717000
v -0.53953499 0.68889600 0.13466001
v -0.55227500 0.72939801 0.14106300
v -0.59769499 0.49427399 0.19868401
v -0.60082197 0.45112300 0.20544600
v -0.56424499 0.77256399 0.14252500
v -0.60428101 0.40855199 0.21293800
v -0.58134103 0.81569201 0.15119299
v -0.61023200 0.36727601 0.22192401
v -0.56543303 0.88928801 0.17695300
v -0.62355500 0.32975399 0.23515400
v -0.63862598 0.29219800 0.24725901
v -0.65497899 0.25621799 0.26151299
v -0.67011797 0.21793200 0.26446199
v -0.68705398 0.18133800 0.26626399
v -0.57253897 0.93499601 0.17969701
v -0.63399702 0.03988000 0.23412900
v -0.70416403 0.14565200 0.26175100
v -0.29926601 0.14962301 -0.33830199
v -0.19159800 0.25464901 -0.38092899
v -0.18427400 1.19579995 0.14911801
v -0.17883600 1.17449999 0.07265300
v -0.28310201 1.12497997 0.18217000
v -0.30285200 1.08697999 0.13373600
v -0.49407601 1.07459998 0.18791100
v -0.40363899 1.13183999 0.15979700
v -0.32508501 1.11633003 0.12031300
v -0.57697302 0.97980398 0.17763101
v -0.19854400 1.17605996 0.03089900
v -0.11782900 1.02631998 -0.13975400
v -0.02392700 1.01174998 -0.20517600
v 0.38477999 1.25431001 -0.17002200
v 0.44108000 0.38655299 -0.41809499
v 0.48336300 0.40026900 -0.42171699
v 0.52581197 0.41207001 -0.42782700
v 0.56739599 0.42694399 -0.43005800
v 0.20517400 0.38113099 -0.43464199
v 0.16240700 0.37102801 -0.42838600
v 0.11968200 0.36056101 -0.42343500
v 0.07697600 0.35139501 -0.41752100
v 0.03407400 0.34135601 -0.41422001
v -0.00876800 0.33314800 -0.40831000
v -0.05061200 0.32507899 -0.40399700
v 0.24800700 0.39081299 -0.44220400
v 0.29084700 0.40298900 -0.44745100
v 0.33327699 0.41609201 -0.45203999
v -0.09377900 0.31548601 -0.40105301
v 0.60766703 0.44481501 -0.43048400
v -0.13671400 0.30446500 -0.40011799
v 0.64792901 0.46253499 -0.43145201
v 0.68819797 0.48101199 -0.43179801
v 0.72623497 0.50267798 -0.42915401
v 0.76514298 0.52256298 -0.42916700
v 0.93269998 0.55651301 -0.20902900
v 0.91587198 0.54746699 -0.24801500
v 1.03920996 0.76403803 0.11524500
v 1.03024995 0.74460602 0.07052400
v 1.01662004 0.73162800 0.03105900
v 1.00795996 0.71512198 -0.00827900
v 1.00475001 0.69810402 -0.04715900
v 1.00618005 0.67764699 -0.08494500
v 0.97977197 0.62093502 -0.12701599
v 0.97322899 0.60328603 -0.16594100
v 1.04254997 0.74255902 0.15881801
v 1.03161001 0.75300002 0.23156901
v 1.02656996 0.78661901 0.25711599
v 1.02421999 0.82424003 0.27899200
v 1.01329005 0.85911202 0.30213600
v 1.00704002 0.89634001 0.32114899
v 1.00223994 0.93448001 0.33818901
v 0.89692998 0.54000098 -0.28712100
v 1.00136995 0.97421300 0.35108200
v 0.87331599 0.53848600 -0.32437700
v 0.85063398 0.53695399 -0.36183500
v 0.82795900 0.53785700 -0.39654100
v 0.96614999 1.06599998 0.36167601
v 0.92671901 1.12082005 0.37533399
v 0.83664900 1.19041002 0.38252699
v 0.58124101 1.29642999 0.24200700
v 1.00232005 1.05043006 0.35604399
v -0.59472001 0.85956103 0.15779400
v -0.61129200 0.00364600 0.21882799
v -0.58724499 0.00012200 0.17698801
v -0.56525201 -0.00672000 0.13645300
v -0.54417503 -0.00721600 0.09511500
v -0.52357501 -0.00706400 0.05409100
v -0.50297201 -0.00667000 0.01350500
v -0.48243099 -0.00487000 -0.02553800
v -0.46581301 -0.00058100 -0.05912800
v -0.45026901 0.00104900 -0.09366700
v -0.43199000 0.00140000 -0.13330799
v -0.41257200 0.00107800 -0.17386401
v -0.39530301 0.01173500 -0.21429600
v -0.72296703 0.10883300 0.25390500
v -0.70106798 0.07235600 0.24549600
v -0.67821401 0.04200000 0.22715300
v -0.38482600 0.04413100 -0.24568200
v -0.36903000 0.06918500 -0.28080499
v -0.35385799 0.09798600 -0.31228399
v -0.34203300 0.13589001 -0.33530900
v -0.24467599 0.19926400 -0.36426300
v -0.28724599 0.18501601 -0.36327401
v -0.23262700 0.23689300 -0.38608000
v -0.17909800 0.29153299 -0.40076399
v -0.18849500 1.20571995 0.10314100
v -0.27854800 1.16167998 0.25162899
v -0.23892801 1.17788005 0.26008901
v -0.27023199 1.15813994 0.20586801
v -0.22049600 1.19919002 0.22466500
v -0.27510801 1.12653005 0.14020900
v -0.53403300 1.05541003 0.18735699
v -0.44560200 1.12427998 0.16454700
v -0.48800701 1.11493003 0.17256001
v -0.34630200 1.15108001 0.12337600
v -0.39221200 1.14936996 0.12951700
v -0.19036900 1.22512996 0.18242601
v -0.56964803 1.03227997 0.17711800
v -0.21859901 1.10901999 -0.05357400
v -0.23397200 1.13101995 -0.02368600
v -0.20042700 1.08740997 -0.08381900
v -0.17511500 1.07403004 -0.11508100
v -0.23159701 1.16801000 -0.00155200
v -0.15737700 1.04937005 -0.14627700
v -0.09345800 1.01549995 -0.17252301
v -0.06839300 1.01457000 -0.20642801
v 0.13087600 1.01944005 -0.23752400
v 0.17192200 1.02952003 -0.24061599
v 0.21176501 1.04814005 -0.24441400
v 0.25127599 1.06619000 -0.24496400
v 0.28664199 1.09379005 -0.24067099
v 0.08787200 1.01847005 -0.23773600
v 0.31551301 1.12842000 -0.23383200
v 0.34625399 1.16006005 -0.22550900
v 0.04375200 1.01933002 -0.24022500
v 0.00005400 1.01719999 -0.24077199
v 0.37067801 1.19605005 -0.21762100
v 0.38339201 1.23785996 -0.21068200
v 0.40869901 0.40631700 -0.43978199
v 0.37530300 0.42945600 -0.45633301
v 0.80190003 0.54551297 -0.42557701
v 0.96131903 0.58897299 -0.20538500
v 1.00064003 0.65996802 -0.12397100
v 1.05369997 0.73240000 0.20115200
v 0.96554899 1.10723996 0.36932600
v 0.61089098 1.29045999 0.27078101
v 0.64382303 1.28231001 0.29383901
v 0.71030301 1.26533997 0.34026501
v 0.67523497 1.27427006 0.31893301
v 0.74599200 1.25630999 0.36221501
v 0.78592998 1.24555004 0.37516800
v 0.82777703 1.23382998 0.38077301
v 0.44929501 1.34556997 0.04636700
v 0.46880201 1.34855998 0.08637500
v 0.43033701 1.34095001 0.00646900
v 0.41813001 1.33228004 -0.03485100
v 0.49420100 1.34748995 0.12128500
v 0.51864499 1.34553003 0.15726000
v 0.54646301 1.34148002 0.18955800
v 0.57524800 1.33623004 0.22139500
v 0.41173300 1.32112002 -0.07765900
v 0.40589800 1.30826998 -0.11973600
v 0.87798798 1.17701995 0.38282299
v 0.91891003 1.16308999 0.37876499
v 0.39728299 1.29551005 -0.16151901
v 1.03628004 1.02696002 0.37601101
v 1.03430998 0.98666602 0.37212199
v -0.57014900 0.62398100 0.12211100
v -0.56391299 0.66402501 0.11268100
v -0.58331901 0.58603901 0.13431600
v -0.59986597 0.54911900 0.14790601
v -0.61249000 0.50953799 0.15995599
v -0.56776601 0.70652300 0.11042400
v -0.58369398 0.74660498 0.11617600
v -0.61863101 0.46746400 0.16884100
v -0.62109798 0.42481101 0.17646700
v -0.60092700 0.78756201 0.12166200
v -0.62399697 0.38258800 0.18495101
v -0.61751199 0.82959902 0.12926400
v -0.63516003 0.34345400 0.19779000
v -0.60346597 0.90507698 0.15872000
v -0.65935600 0.31441900 0.21874900
v -0.67897999 0.28313699 0.23827399
v -0.69672000 0.25079301 0.25692099
v -0.71340603 0.21245700 0.26089501
v -0.72861898 0.18010300 0.26237801
v -0.61208200 0.94972199 0.15965199
v -0.65552300 0.00630200 0.21070100
v -0.74456900 0.14734399 0.25716999
v -0.33000100 0.17300200 -0.35813001
v -0.22150201 0.27833900 -0.40113199
v -0.19676900 1.23698997 0.13332400
v -0.20242301 1.21024001 0.05900000
v -0.26049799 1.16073000 0.16264600
v -0.28348199 1.10358000 0.09872000
v -0.52916598 1.09800994 0.17403901
v -0.43533501 1.15505004 0.13929400
v -0.30881399 1.14346004 0.09283900
v -0.59545302 1.01407003 0.16793799
v -0.23157001 1.20181000 0.02492900
v -0.13621300 1.02936995 -0.17880701
v -0.04426300 1.01454997 -0.24264701
v 0.39550701 1.27962995 -0.20287700
v 0.45061299 0.42051601 -0.44276199
v 0.49260700 0.43426001 -0.44714099
v 0.53357899 0.44972599 -0.44824401
v 0.57449400 0.46460301 -0.45176500
v 0.21609400 0.41620800 -0.45920300
v 0.17365800 0.40698099 -0.45153099
v 0.13086300 0.39737701 -0.44470200
v 0.08808300 0.38845900 -0.43757901
v 0.04549100 0.37900600 -0.43341801
v 0.00277400 0.37087101 -0.42593500
v -0.03950000 0.36175901 -0.42252800
v -0.08151100 0.35519299 -0.41441000
v 0.25842500 0.42788100 -0.46342301
v 0.30047801 0.43926600 -0.46934399
v 0.34200501 0.45390400 -0.47090799
v -0.12426300 0.34315500 -0.41662499
v 0.61536902 0.47995099 -0.45561901
v -0.16567400 0.32841700 -0.42236301
v 0.65551800 0.49731499 -0.45635101
v 0.69502902 0.51592302 -0.45616499
v 0.73398101 0.53656298 -0.45495999
v 0.77338701 0.55652702 -0.45389199
v 0.95043600 0.57377499 -0.24510901
v 0.92989701 0.56772399 -0.28405699
v 1.05616999 0.78052402 0.08387000
v 1.07375002 0.72214103 0.13431101
v 1.03865004 0.76796901 0.03585200
v 1.03292000 0.75107700 -0.00443000
v 1.02436996 0.73813498 -0.04383500
v 1.02590001 0.71849400 -0.08226500
v 1.02416003 0.69865698 -0.12042700
v 0.99494100 0.64161402 -0.16272700
v 0.98806298 0.62359101 -0.20211400
v 1.07068002 0.70589900 0.17289799
v 1.04631996 0.75083500 0.27483499
v 1.05795002 0.72096801 0.24465300
v 1.04167998 0.78788501 0.29821199
v 1.03728998 0.82552397 0.32073501
v 1.03775001 0.86616701 0.33614501
v 1.03406000 0.90562499 0.35257599
v 1.03377998 0.94656003 0.36263800
v 0.90724200 0.56418002 -0.32206100
v 0.88340002 0.56278402 -0.35964701
v 0.85862899 0.56443697 -0.39548200
v 0.83824098 0.56806898 -0.42278600
v 1.00450003 1.09101999 0.36081299
v 0.96037900 1.14897001 0.37553900
v 0.86947697 1.22052002 0.38231099
v 0.60607898 1.32963002 0.25074700
v 1.03778994 1.06803000 0.37991899
v -0.62955302 0.87424600 0.13318500
v -0.62240303 0.99205399 0.15701100
v -0.63042700 0.00023200 0.17253000
v -0.60789198 -0.00608500 0.13443400
v -0.58667499 -0.00710000 0.09482500
v -0.56590700 -0.00757700 0.05476000
v -0.54517102 -0.00750200 0.01412300
v -0.52415103 -0.00655900 -0.02733900
v -0.50027698 -0.00509200 -0.07501400
v -0.47670299 -0.00441400 -0.12587300
v -0.45735699 -0.00261900 -0.16900800
v -0.43809599 0.00085300 -0.21151300
v -0.42191201 0.01847700 -0.25019500
v -0.76439703 0.10989600 0.24954300
v -0.74343503 0.07249100 0.23996800
v -0.72153801 0.04150600 0.22022299
v -0.69881803 0.01082000 0.20062400
v -0.41246700 0.05268100 -0.27874699
v -0.39682701 0.08077600 -0.31291100
v -0.38461599 0.12094300 -0.33356100
v -0.37259200 0.16137201 -0.35219201
v -0.27548200 0.22375900 -0.38320199
v -0.31820101 0.21094300 -0.37951899
v -0.26371500 0.26463300 -0.39926201
v -0.20878799 0.31705099 -0.41958901
v -0.21065800 1.24206996 0.08785600
v -0.26692399 1.20017004 0.26825801
v -0.26281700 1.19281995 0.22792201
v -0.22860000 1.22430003 0.25671300
v -0.25850701 1.19630003 0.18767001
v -0.19964100 1.25258994 0.21772601
v -0.25128800 1.16993999 0.11617100
v -0.26099300 1.13494003 0.10190500
v -0.56810200 1.07823002 0.17140201
v -0.47860199 1.14800000 0.14620399
v -0.52183700 1.13573003 0.15207700
v -0.37573001 1.18532002 0.10996300
v -0.33015099 1.18413997 0.09934300
v -0.42110401 1.18377995 0.11313100
v -0.20292400 1.26924002 0.16218100
v -0.60296100 1.05634999 0.16555899
v -0.23129100 1.11835003 -0.09263300
v -0.25122800 1.13669002 -0.06130400
v -0.26994801 1.15363002 -0.02941000
v -0.21416301 1.09634995 -0.12335500
v -0.19266900 1.07693994 -0.15511800
v -0.27626100 1.19331002 -0.00557800
v -0.17141999 1.05651999 -0.18705900
v -0.11278300 1.01679003 -0.21054301
v -0.08852900 1.01285005 -0.24463400
v 0.11268900 1.01030004 -0.27269900
v 0.15634599 1.01445997 -0.27369699
v 0.19706801 1.02881002 -0.27789599
v 0.23609801 1.05036998 -0.28269801
v 0.27668700 1.07625997 -0.28459299
v 0.31084701 1.11019003 -0.27455300
v 0.06893000 1.01293004 -0.27488500
v 0.34010300 1.14487004 -0.26509500
v 0.36526600 1.18115997 -0.25823399
v 0.02575700 1.01470995 -0.27588499
v -0.01835800 1.01049995 -0.27632901
v 0.38366100 1.22057998 -0.25096300
v 0.39517200 1.26266003 -0.24383000
v 0.41740999 0.44248101 -0.46176100
v 0.38356701 0.46509701 -0.47886699
v 0.81319797 0.57659203 -0.44902900
v 0.97174603 0.61229098 -0.24087100
v 1.08117998 0.73697698 0.09649700
v 1.01791000 0.67988801 -0.15828900
v 1.07816005 0.69865298 0.21408901
v 1.00302005 1.13192999 0.36643100
v 0.63939899 1.32200003 0.27570999
v 0.67218202 1.31423998 0.30059001
v 0.70549798 1.30594003 0.32494801
v 0.74108398 1.29698002 0.34712800
v 0.77934498 1.28786004 0.36555001
v 0.81860399 1.27680004 0.37846899
v 0.86007798 1.26344001 0.37901399
v 0.45168599 1.37801003 0.01498900
v 0.47141901 1.38153005 0.05480300
v 0.49176601 1.38382995 0.09461100
v 0.43630999 1.37105000 -0.02572700
v 0.42632699 1.36117005 -0.06813600
v 0.51764798 1.38221002 0.13004500
v 0.54244602 1.38005996 0.16539100
v 0.56932002 1.37574005 0.19915000
v 0.60036498 1.36921000 0.22963800
v 0.42020699 1.34893000 -0.11083900
v 0.41087601 1.33679998 -0.15354900
v 0.91084403 1.20612001 0.38370001
v 0.95240802 1.19168997 0.37898499
v 0.40921599 1.32061994 -0.19480500
v 1.06897998 1.00331998 0.39179000
v 1.07061994 1.04521000 0.39661801
v 1.06691003 0.96147799 0.38531399
v -0.58611703 0.59653598 0.09327800
v -0.57900399 0.63748300 0.08425500
v -0.58365703 0.68037802 0.08086400
v -0.59904099 0.55791301 0.10496500
v -0.61746299 0.52088302 0.11744500
v -0.62731898 0.48035499 0.12824100
v -0.59715098 0.72114801 0.08464000
v -0.60838097 0.76317197 0.08620400
v -0.63496101 0.43858001 0.13830100
v -0.63459802 0.39603499 0.14706500
v -0.63476998 0.79885203 0.09813300
v -0.64357698 0.35432801 0.15856400
v -0.65350002 0.84045702 0.10430900
v -0.67400002 0.32784599 0.18231300
v -0.64018899 0.92063600 0.13851801
v -0.70165801 0.30791500 0.21293600
v -0.72226000 0.27814999 0.23809400
v -0.74106503 0.24261400 0.25516000
v -0.76328099 0.19375800 0.25937301
v -0.65154701 0.96507001 0.14121100
v -0.67313802 0.00030700 0.16652501
v -0.78555602 0.14877300 0.25675699
v -0.36042601 0.19934700 -0.37417701
v -0.25167400 0.30327299 -0.41947201
v -0.22204800 1.27172995 0.11678500
v -0.23790300 1.23435998 0.05211100
v -0.25320899 1.20491004 0.14308700
v -0.27201799 1.13181996 0.06864500
v -0.56348699 1.11968005 0.15445000
v -0.46558899 1.17569995 0.11547300
v -0.27789301 1.17268002 0.07931500
v -0.63248801 1.03378999 0.15246899
v -0.26545301 1.22082996 0.02040300
v -0.15324099 1.03359997 -0.21807100
v -0.06267600 1.01086998 -0.27973601
v 0.40805501 1.30430996 -0.23671800
v 0.45879799 0.45669600 -0.46447200
v 0.49978501 0.47157401 -0.46706501
v 0.54049599 0.48707601 -0.46937299
v 0.58142900 0.50237399 -0.47269401
v 0.22697200 0.45556101 -0.47629499
v 0.18487400 0.44510499 -0.47049099
v 0.14239000 0.43563899 -0.46283600
v 0.09951000 0.42645401 -0.45553300
v 0.05691000 0.41819400 -0.44806001
v 0.01450500 0.41018501 -0.44036800
v -0.02762800 0.40201899 -0.43367901
v -0.07013600 0.39300901 -0.43113601
v -0.11243500 0.38197601 -0.43199599
v 0.26887801 0.46620801 -0.48237401
v 0.30996999 0.47782299 -0.48846000
v 0.35121399 0.48900500 -0.49513000
v -0.15409300 0.36826000 -0.43740800
v 0.62236398 0.51603001 -0.47877800
v -0.19636001 0.35532799 -0.43837401
v 0.66298598 0.53075498 -0.48232201
v 0.70167899 0.55170798 -0.47959000
v 0.74103302 0.57197499 -0.47771701
v 0.78186899 0.59005702 -0.47739300
v 0.95660502 0.60118997 -0.27959600
v 0.93802798 0.59346801 -0.31821600
v 1.09601998 0.75970697 0.06489200
v 1.06541002 0.79346001 0.04680300
v 1.09397995 0.68234801 0.14612401
v 1.10202003 0.70009702 0.10888900
v 1.05953002 0.78444600 0.00373500
v 1.04895997 0.77567601 -0.03788400
v 1.04391003 0.76083899 -0.07823800
v 1.04705000 0.73929799 -0.11601700
v 1.03906000 0.72127002 -0.15509100
v 1.01282001 0.66058099 -0.19805600
v 0.99227703 0.65103197 -0.23919800
v 1.09164000 0.66748399 0.18641500
v 1.07709002 0.72356200 0.28441900
v 1.06842995 0.75762701 0.31174099
v 1.08501995 0.69085598 0.25562099
v 1.06222999 0.79441297 0.33713099
v 1.06517005 0.83580500 0.35292599
v 1.06729996 0.87805599 0.36494201
v 1.06725001 0.91985703 0.37570101
v 0.91643298 0.58897603 -0.35696301
v 0.88987201 0.59095401 -0.39366299
v 0.85940802 0.59565300 -0.43479300
v 1.03925002 1.11000001 0.38035700
v 0.99630803 1.17411005 0.37490201
v 0.90204501 1.24931002 0.38130599
v 0.63364899 1.36194003 0.25634399
v 1.07297003 1.08787000 0.39771301
v -0.66987002 0.88364500 0.11040400
v -0.66252202 1.00885999 0.14090499
v -0.65051299 -0.00609700 0.13061200
v -0.62922299 -0.00652800 0.09334600
v -0.60858202 -0.00735800 0.05489900
v -0.58777499 -0.00706400 0.01514600
v -0.56672400 -0.00703500 -0.02634000
v -0.54491597 -0.00680400 -0.07069600
v -0.52305901 -0.00600600 -0.11746700
v -0.50283098 -0.00563200 -0.16256300
v -0.48375601 -0.00205900 -0.20578700
v -0.46440700 0.00206600 -0.24983899
v -0.44930801 0.02484700 -0.28671101
v -0.78492600 0.07473600 0.23198800
v -0.80641401 0.10998300 0.24741900
v -0.76303703 0.04323400 0.21171901
v -0.73974699 0.02081800 0.18294200
v -0.71585602 0.00072700 0.15796700
v -0.44004700 0.06447000 -0.31141999
v -0.42707700 0.10492200 -0.33398801
v -0.41504499 0.14825700 -0.34878799
v -0.40262601 0.18947200 -0.36540499
v -0.30648300 0.25070700 -0.39809600
v -0.34887499 0.23785500 -0.39530000
v -0.29428899 0.29071900 -0.41605300
v -0.23936100 0.34376401 -0.43542501
v -0.25009599 1.26564002 0.07973000
v -0.25714901 1.23933995 0.27822500
v -0.25814399 1.22679996 0.25187701
v -0.25598499 1.22932994 0.21568400
v -0.21076600 1.27760994 0.25370201
v -0.25760001 1.23634005 0.17443500
v -0.20662101 1.29793000 0.20664001
v -0.27944800 1.20984995 0.10327700
v -0.60456997 1.10257006 0.15773800
v -0.51016402 1.16731000 0.12156500
v -0.55449402 1.15768003 0.12998199
v -0.36463001 1.22380996 0.09338700
v -0.40674201 1.21052003 0.08382400
v -0.45056200 1.20089996 0.08368900
v -0.23170701 1.30140996 0.14443301
v -0.63829702 1.07764995 0.14692400
v -0.26622701 1.14393997 -0.10084400
v -0.25053301 1.11969995 -0.13205101
v -0.28643101 1.16163003 -0.06860000
v -0.30808800 1.18015003 -0.03660700
v -0.22888900 1.10145998 -0.16389400
v -0.20845900 1.08050001 -0.19604699
v -0.30048499 1.23468995 0.01629400
v -0.18951499 1.05726004 -0.22759201
v -0.13181999 1.00978994 -0.24825300
v -0.10617500 1.00261998 -0.28157300
v 0.09394700 1.00270998 -0.30947801
v 0.13754299 1.00189996 -0.30764300
v 0.17981200 1.01311004 -0.31139901
v 0.22129101 1.02802002 -0.31614599
v 0.25756499 1.04824996 -0.32206601
v 0.31211901 1.09193003 -0.31434399
v 0.34138599 1.12573004 -0.30378500
v 0.05061600 1.00573003 -0.31092900
v 0.36334699 1.16425002 -0.29745001
v 0.38505799 1.20266998 -0.29034901
v 0.00677200 1.00371003 -0.31180200
v -0.03637500 0.99840802 -0.31167999
v 0.40113601 1.24326003 -0.28292400
v 0.41072300 1.28620994 -0.27694201
v 0.42530999 0.47849599 -0.48318601
v 0.39224699 0.50180399 -0.49976599
v 0.82259601 0.61056000 -0.46949399
v 0.98231697 0.63559097 -0.27552399
v 1.11562002 0.72176099 0.07502000
v 1.03272998 0.70136303 -0.19120800
v 1.09986997 0.66210699 0.22710299
v 1.03717995 1.15209997 0.38113499
v 0.66652900 1.35470998 0.28273001
v 0.70072299 1.34656000 0.30680501
v 0.73577499 1.33739996 0.32987100
v 0.77232200 1.32800996 0.35052100
v 0.81081498 1.31977999 0.36885399
v 0.85180098 1.30669999 0.37809399
v 0.89323300 1.29184997 0.37567201
v 0.45564401 1.40957999 -0.01648200
v 0.47364700 1.41441000 0.02381400
v 0.49548101 1.41643000 0.06288300
v 0.51606899 1.41832995 0.10236200
v 0.44570500 1.39971006 -0.05916400
v 0.43583000 1.38917005 -0.10161500
v 0.53988802 1.41759002 0.13967900
v 0.56712401 1.41436005 0.17403300
v 0.59612799 1.40841997 0.20631400
v 0.62580699 1.40256000 0.23805200
v 0.42896399 1.37659001 -0.14483599
v 0.42284799 1.36228001 -0.18681300
v 0.94370598 1.23436999 0.38168001
v 0.98534000 1.21824002 0.37873399
v 0.42319301 1.34521997 -0.22871000
v 1.10246003 0.97900403 0.40533999
v 1.10415995 1.02200997 0.41059300
v 1.10605001 1.06544995 0.41400701
v 1.10161996 0.93643498 0.39750099
v -0.58544201 0.60753000 0.05235000
v -0.59789097 0.56735098 0.06243600
v -0.58738101 0.65197700 0.04647500
v -0.60293299 0.69366997 0.04635200
v -0.61273903 0.52859801 0.07434600
v -0.62830502 0.48978999 0.08560400
v -0.63761801 0.44894499 0.09701000
v -0.61609602 0.73562902 0.04723900
v -0.63770503 0.77643198 0.05822200
v -0.64071101 0.40682599 0.10829400
v -0.64854097 0.36591601 0.11998500
v -0.66507399 0.81176800 0.06879400
v -0.67823303 0.34041700 0.13603599
v -0.68822801 0.84897900 0.07414400
v -0.72045600 0.31861800 0.17700100
v -0.67726898 0.93693602 0.12213100
v -0.74479902 0.30011499 0.20968600
v -0.76570803 0.26880300 0.23383901
v -0.78694898 0.23121600 0.25106800
v -0.80765897 0.18960300 0.25677100
v -0.68988401 0.98123300 0.12431600
v -0.69305098 -0.00474700 0.12473800
v -0.82823598 0.14907400 0.25404000
v -0.39030701 0.23005700 -0.38180301
v -0.28222501 0.33160499 -0.43240100
v -0.27047899 1.29838002 0.10626900
v -0.27685601 1.25190997 0.04706800
v -0.24128200 1.25775003 0.27725500
v -0.27629399 1.24000001 0.13596100
v -0.21284300 1.30274999 0.18234400
v -0.59875703 1.14461994 0.13796000
v -0.49497101 1.19040000 0.08485100
v -0.32055199 1.21768999 0.12889500
v -0.66898203 1.05260003 0.13398300
v -0.32269201 1.21625996 -0.01204200
v -0.17029400 1.03120995 -0.25829801
v -0.07897500 0.99427700 -0.31371900
v 0.28473699 1.06053996 -0.33161700
v 0.42648301 1.32687998 -0.26915899
v 0.46623099 0.49349099 -0.48503500
v 0.50774097 0.50602603 -0.49153101
v 0.54848897 0.52196300 -0.49392200
v 0.58934498 0.53661698 -0.49885201
v 0.19621401 0.48381400 -0.48843899
v 0.23803300 0.49370101 -0.49610201
v 0.15396599 0.47453099 -0.47951999
v 0.11146300 0.46590701 -0.46965700
v 0.06883200 0.45736101 -0.46300799
v 0.02683200 0.45029101 -0.45304701
v -0.01599800 0.44202700 -0.44578600
v -0.05854400 0.43225399 -0.44385099
v -0.10005300 0.42006901 -0.44847700
v -0.14182200 0.40775201 -0.45254600
v 0.27932599 0.50446302 -0.50215501
v 0.31946999 0.51623201 -0.50784498
v 0.35946700 0.52809203 -0.51201600
v -0.18419100 0.39572501 -0.45358899
v 0.62961900 0.55294597 -0.50008500
v -0.22626901 0.38401401 -0.45263001
v 0.66971898 0.56905299 -0.50301099
v 0.70895302 0.58876699 -0.50090498
v 0.74846703 0.60849798 -0.49798501
v 0.78941602 0.62613398 -0.49658301
v 0.96832401 0.62379801 -0.31382200
v 0.95010102 0.61553597 -0.35307500
v 1.11172998 0.78337300 0.03628800
v 1.13364005 0.74711901 0.04718900
v 1.09037995 0.81213897 0.01566400
v 1.12067997 0.66116899 0.11934900
v 1.11521006 0.64526403 0.15854700
v 1.13249004 0.68134803 0.08349200
v 1.07721996 0.80968201 -0.02682200
v 1.06781995 0.79929101 -0.07025300
v 1.07122004 0.77945399 -0.10884700
v 1.06393003 0.76204503 -0.15084600
v 1.06327999 0.73661101 -0.18561199
v 1.01329005 0.68915099 -0.23365299
v 1.01198006 0.66657001 -0.26956201
v 1.11736000 0.63404202 0.19899800
v 1.11443996 0.70137298 0.28766501
v 1.10564005 0.73334402 0.31773201
v 1.09988999 0.76909697 0.34429601
v 1.12088001 0.66629601 0.26354700
v 1.09882998 0.80869699 0.36338601
v 1.10029995 0.85114300 0.37612200
v 1.10064006 0.89362502 0.38866201
v 0.92272103 0.61735499 -0.38903600
v 0.89485598 0.62058198 -0.42682299
v 0.86311698 0.63034898 -0.46268201
v 1.07475996 1.13059998 0.39631599
v 1.03375006 1.19482994 0.38033399
v 0.93470800 1.27695000 0.37984601
v 0.65889698 1.39523995 0.26502100
v 1.10783994 1.10915005 0.41470399
v -0.69931298 0.33192399 0.15135001
v -0.71362299 0.88332802 0.07831400
v -0.69695997 0.91034502 0.10056500
v -0.69879299 1.02672005 0.12059700
v -0.67241400 -0.00634500 0.09083700
v -0.65178603 -0.00683300 0.05470000
v -0.63097399 -0.00734400 0.01622900
v -0.60997999 -0.00713800 -0.02421200
v -0.58881903 -0.00715300 -0.06695700
v -0.56805801 -0.00665100 -0.11125200
v -0.54837698 -0.00610400 -0.15543699
v -0.52969700 -0.00582100 -0.19912100
v -0.51176202 0.00268100 -0.24152499
v -0.49510300 0.01112900 -0.28468901
v -0.48226601 0.05141700 -0.30884501
v -0.80524999 0.04587000 0.20466700
v -0.82675999 0.07693400 0.22565100
v -0.84889400 0.11047500 0.24323200
v -0.78171903 0.02791200 0.17561799
v -0.76137000 0.00962300 0.14754100
v -0.73462701 -0.00006600 0.11621500
v -0.46984199 0.09167600 -0.33202699
v -0.45764601 0.13512000 -0.34689999
v -0.44500700 0.17874600 -0.35814300
v -0.43252400 0.22022000 -0.37347099
v -0.33726400 0.27876201 -0.41244799
v -0.37869301 0.26916599 -0.40144399
v -0.32482299 0.32051700 -0.42556101
v -0.26969600 0.37323400 -0.44701499
v -0.29320201 1.28357005 0.07181700
v -0.25783601 1.26189995 0.24429201
v -0.26140401 1.26870000 0.20469400
v -0.24836101 1.29763997 0.27288100
v -0.21372600 1.32611001 0.24650900
v -0.27619600 1.27175999 0.16685000
v -0.22361900 1.33511996 0.20700601
v -0.63669598 1.12099004 0.13027100
v -0.54000002 1.18724000 0.09337200
v -0.58521903 1.18148994 0.10277900
v -0.38927799 1.23916996 0.05109200
v -0.35545701 1.25525999 0.12575400
v -0.43371099 1.22354996 0.05008200
v -0.47858399 1.21601999 0.05204900
v -0.26117700 1.31815004 0.13755700
v -0.24245600 1.33106005 0.17109500
v -0.67068797 1.09638000 0.12075800
v -0.30005500 1.17044997 -0.10944200
v -0.28296801 1.14747000 -0.14165600
v -0.26186201 1.12863004 -0.17411999
v -0.32303801 1.18490005 -0.07691900
v -0.34241700 1.20648003 -0.04629400
v -0.24279401 1.10613000 -0.20633700
v -0.22077100 1.08559000 -0.23911700
v -0.33916000 1.24900997 0.00900800
v -0.31596801 1.26545000 0.03856200
v -0.20419399 1.05720997 -0.26886499
v -0.14852200 1.00686002 -0.28848800
v -0.12273600 0.99353302 -0.31929699
v 0.11886100 0.98150301 -0.33764401
v 0.07516400 0.98104602 -0.33874300
v 0.16221100 0.98753601 -0.33954000
v 0.20640300 0.99976498 -0.34386599
v 0.25134501 1.01882005 -0.35181999
v 0.34769201 1.10737002 -0.34086901
v 0.32055399 1.07554996 -0.35336599
v 0.37071300 1.14397001 -0.33408099
v 0.03220800 0.98224401 -0.34080300
v 0.38737899 1.18490005 -0.33015099
v 0.40477800 1.22523999 -0.32303599
v -0.01067400 0.98045301 -0.34180501
v -0.05360400 0.97790802 -0.34345499
v 0.41950601 1.26599002 -0.31609499
v 0.43311000 1.30710006 -0.30859700
v 0.43286899 0.51548898 -0.50331497
v 0.39931500 0.54149401 -0.51501799
v 0.82922602 0.64640099 -0.49040401
v 0.99665999 0.65621001 -0.30821201
v 1.15160000 0.70717198 0.05566300
v 1.04051995 0.72627199 -0.22362100
v 1.13251996 0.63421899 0.23647000
v 1.07385004 1.17319000 0.39707199
v 0.69362098 1.38734996 0.28976101
v 0.72856897 1.37842000 0.31364200
v 0.76547700 1.36978996 0.33469200
v 0.80332398 1.36028004 0.35407901
v 0.84354103 1.34840000 0.36618701
v 0.88466299 1.33454001 0.37225199
v 0.92619199 1.31958997 0.37475300
v 0.47870299 1.44568002 -0.00721100
v 0.46766800 1.43717003 -0.05065200
v 0.49165699 1.45240998 0.03537200
v 0.51455897 1.45352006 0.07391100
v 0.53779697 1.45383000 0.11292200
v 0.45294499 1.42912996 -0.09243000
v 0.44495001 1.41708004 -0.13568500
v 0.56425202 1.45144999 0.14870900
v 0.59436202 1.44675004 0.18061200
v 0.62151301 1.44184005 0.21500701
v 0.65251100 1.43564999 0.24566200
v 0.43865299 1.40331995 -0.17850301
v 0.43648899 1.38741004 -0.22063400
v 0.97532499 1.26170003 0.38166699
v 1.01286995 1.24653995 0.37533799
v 0.43714100 1.36993003 -0.26204300
v 1.13903999 0.95618498 0.40818501
v 1.14005995 0.99889803 0.41708201
v 1.14153004 1.04259002 0.42263800
v 1.14347005 1.08682001 0.42559001
v 1.13742006 0.91303498 0.40069300
v -0.59465802 0.57739300 0.02038100
v -0.59293801 0.62097502 0.01236600
v -0.61019599 0.53753197 0.03145000
v -0.59682798 0.66693097 0.00804000
v -0.61875802 0.70463997 0.00764400
v -0.62449098 0.49791801 0.04303500
v -0.63566601 0.45740500 0.05487600
v -0.64034402 0.41564000 0.06750200
v -0.64157403 0.74251598 0.00984700
v -0.66701603 0.78958398 0.03183800
v -0.64692199 0.37435701 0.08103000
v -0.67015398 0.33916301 0.09712400
v -0.69703501 0.82138002 0.04006600
v -0.71263999 0.32447800 0.10437700
v -0.72277802 0.85602701 0.04510700
v -0.76266700 0.30662200 0.17345700
v -0.73857301 0.31883800 0.13964599
v -0.71200299 0.95280403 0.10124300
v -0.78698802 0.28733301 0.20368201
v -0.81043798 0.26160899 0.22892100
v -0.83142698 0.22804500 0.24990800
v -0.85122102 0.18824901 0.25298500
v -0.72462302 0.99745899 0.10252800
v -0.71599400 -0.00554000 0.08765400
v -0.87102598 0.14829400 0.24715100
v -0.42077300 0.26049101 -0.39006200
v -0.31397200 0.35874701 -0.44607899
v -0.31180000 1.31116998 0.09643500
v -0.31720901 1.24716997 0.16162799
v -0.63163197 1.16263998 0.11253700
v -0.52271402 1.21115994 0.05500000
v -0.36554700 1.27313006 0.07919300
v -0.29310799 1.33073997 0.13065501
v -0.70236403 1.07120001 0.10968100
v -0.36266801 1.23266006 -0.01812800
v -0.18832400 1.02471006 -0.29777500
v -0.09650000 0.97502202 -0.34612301
v 0.29805401 1.03919005 -0.36791700
v 0.44391799 1.35007000 -0.30185699
v 0.47364300 0.52956402 -0.50699300
v 0.51459098 0.54362702 -0.51201397
v 0.55522501 0.55895698 -0.51559401
v 0.59602600 0.57410997 -0.51969099
v 0.20811400 0.52373499 -0.50371802
v 0.16574000 0.51394099 -0.49578300
v 0.25024700 0.53435302 -0.51083499
v 0.12352300 0.50530100 -0.48503700
v 0.08114400 0.49706700 -0.47615400
v 0.03862400 0.48917800 -0.46823701
v -0.00385200 0.48096400 -0.46238199
v -0.04701300 0.47265899 -0.45495600
v -0.08948000 0.46189001 -0.45552900
v -0.13088000 0.44869801 -0.46281701
v -0.17280699 0.43713999 -0.46420199
v 0.29125500 0.54588199 -0.51613402
v 0.32811600 0.55620199 -0.52232099
v 0.36517400 0.56762099 -0.52549899
v -0.21486700 0.42578799 -0.46369299
v 0.63680798 0.58967298 -0.52287799
v -0.25732401 0.41421100 -0.46207899
v 0.67700201 0.60658699 -0.52394301
v 0.71634299 0.62588102 -0.52131200
v 0.75623900 0.64390397 -0.52018601
v 0.79597503 0.66267002 -0.51703298
v 0.98035902 0.64654100 -0.34722999
v 0.95901400 0.64111698 -0.38537601
v 1.13167000 0.81098700 0.01352000
v 1.15028000 0.77196997 0.01921400
v 1.17227006 0.73500001 0.03207300
v 1.10977995 0.84009099 -0.00999100
v 1.14857996 0.64113498 0.09307600
v 1.13891995 0.62219501 0.13031700
v 1.13610995 0.60871899 0.17025501
v 1.17023003 0.66726798 0.06505300
v 1.09842002 0.83277702 -0.05889500
v 1.08817005 0.82383299 -0.10329000
v 1.08870995 0.80299598 -0.14456999
v 1.09363997 0.77861601 -0.18344299
v 1.08250999 0.75600499 -0.22394399
v 1.03005004 0.70654303 -0.26555899
v 1.02810001 0.68561399 -0.30434299
v 1.14428997 0.60231400 0.21017399
v 1.14679003 0.67297798 0.29604399
v 1.14119005 0.70892698 0.32099199
v 1.13573003 0.74362803 0.34920299
v 1.13434994 0.78278601 0.37066600
v 1.15444005 0.63900000 0.27143699
v 1.13527000 0.82540101 0.38491300
v 1.13647997 0.86907798 0.39538300
v 0.92934901 0.64552701 -0.42012399
v 0.90014499 0.65224802 -0.45587099
v 0.86839402 0.66490102 -0.48731399
v 1.10997999 1.15252995 0.41260901
v 1.07392001 1.21506000 0.39659601
v 0.96673298 1.30429995 0.37899899
v 0.68683898 1.42768002 0.27150699
v 1.04110003 1.23222005 0.38257101
v 1.14524996 1.13093996 0.42673701
v -0.74997699 0.88954198 0.05159200
v -0.73461902 0.92117399 0.07973200
v -0.72856700 1.04250002 0.09266600
v -0.69629800 -0.00628700 0.05506200
v -0.67500597 -0.00687100 0.01789300
v -0.65380502 -0.00681700 -0.02158100
v -0.63281298 -0.00696800 -0.06300100
v -0.61244798 -0.00674800 -0.10577300
v -0.59316999 -0.00655500 -0.14879100
v -0.57494998 -0.00623800 -0.19157100
v -0.55749702 0.00106200 -0.23342299
v -0.54137301 0.01122200 -0.27559599
v -0.52647603 0.04422200 -0.30451500
v -0.51326102 0.08204600 -0.32885200
v -0.84743100 0.04961100 0.19763701
v -0.82426703 0.03160400 0.16768500
v -0.86918902 0.07815300 0.22080900
v -0.89141399 0.11088200 0.23663101
v -0.79926401 0.02306600 0.13610800
v -0.77574301 0.00778000 0.10575600
v -0.74684101 -0.00446900 0.06290100
v -0.50022203 0.12361400 -0.34792700
v -0.48755601 0.16759799 -0.35468999
v -0.47464600 0.21090600 -0.36434501
v -0.46286801 0.25109801 -0.38141701
v -0.36739799 0.30883601 -0.42097801
v -0.40967801 0.29919600 -0.41080299
v -0.35394299 0.35184601 -0.43105301
v -0.29974601 0.40343401 -0.45444399
v -0.32211199 1.30464995 0.07379700
v -0.26341599 1.30157006 0.23517101
v -0.27523199 1.30505002 0.19575000
v -0.24755800 1.34372997 0.26789001
v -0.23652500 1.36647999 0.23391300
v -0.31412801 1.28007996 0.19089399
v -0.25577500 1.36146998 0.19678500
v -0.66899699 1.13906002 0.10363100
v -0.56652302 1.20784998 0.05819200
v -0.62219799 1.19062996 0.08904500
v -0.37640700 1.29728997 0.03679900
v -0.42130199 1.25050998 0.01454000
v -0.35097501 1.28555000 0.15715700
v -0.35802001 1.30330002 0.11114700
v -0.46052399 1.23026001 0.01455200
v -0.50444901 1.22925997 0.01722500
v -0.27653900 1.34748995 0.16364799
v -0.70161402 1.11363006 0.09236200
v -0.33795801 1.19110000 -0.11755600
v -0.31732300 1.17277002 -0.15028700
v -0.29605401 1.15474999 -0.18333900
v -0.27556199 1.13383996 -0.21654800
v -0.35985401 1.20709002 -0.08516200
v -0.38140500 1.22404003 -0.05303300
v -0.25409099 1.11205995 -0.24983500
v -0.23871601 1.08118999 -0.27833700
v -0.38457599 1.26926005 0.00470100
v -0.35427299 1.28050005 0.02036300
v -0.33242401 1.29814005 0.05115800
v -0.22168700 1.05062997 -0.30875000
v -0.16722301 0.99771899 -0.32952800
v -0.13908100 0.97201699 -0.35188499
v 0.14356799 0.96437502 -0.36892599
v 0.10075600 0.95644897 -0.36508501
v 0.05754700 0.95834500 -0.36823699
v 0.18767700 0.97270900 -0.37160099
v 0.23094299 0.98799199 -0.37913799
v 0.27602100 1.00191998 -0.38722101
v 0.35771501 1.09090996 -0.37686399
v 0.38049001 1.12481999 -0.36939201
v 0.33590499 1.05578005 -0.38801599
v 0.39842600 1.16402996 -0.36569300
v 0.01554500 0.95721000 -0.36808699
v 0.41222799 1.20577002 -0.36190999
v 0.42714399 1.24681997 -0.35550299
v -0.02715100 0.95391297 -0.36780101
v -0.06977500 0.95513898 -0.37203401
v 0.43910399 1.28895998 -0.34919599
v 0.45300701 1.33011997 -0.34087899
v 0.43980300 0.55499101 -0.51928103
v 0.40528899 0.58088899 -0.52915400
v 0.83475900 0.68216002 -0.51320702
v 1.01382005 0.67533898 -0.34213701
v 1.19291997 0.69759899 0.04832300
v 1.06513000 0.73179901 -0.25841901
v 1.15867996 0.60191798 0.24895400
v 1.10951996 1.19568002 0.41310501
v 0.72346199 1.41806996 0.29351401
v 0.75943899 1.40943003 0.31630099
v 0.79702699 1.40014005 0.33678499
v 0.83625603 1.38968003 0.35467201
v 0.87684000 1.37670004 0.36375999
v 0.91765499 1.36241996 0.37084299
v 0.95833999 1.34717000 0.37534499
v 0.48358801 1.47750998 -0.04055200
v 0.49545899 1.48435998 0.00458800
v 0.47320199 1.46831000 -0.08439700
v 0.51475900 1.48762000 0.04539500
v 0.53589201 1.48930001 0.08489600
v 0.56238401 1.48809004 0.12131500
v 0.46555600 1.45590997 -0.12704900
v 0.45679200 1.44366002 -0.16994900
v 0.58887702 1.48587000 0.15689300
v 0.61680698 1.48153996 0.19290400
v 0.64763802 1.47528005 0.22402300
v 0.68089199 1.46810997 0.25213000
v 0.45027801 1.42973006 -0.21269400
v 0.45130500 1.41210997 -0.25428399
v 1.00604999 1.28899002 0.38237801
v 1.04123998 1.27311003 0.38052899
v 0.45671701 1.39248002 -0.29422501
v 1.17628002 0.93413103 0.40516701
v 1.17770004 0.97749197 0.41162100
v 1.17888999 1.02090001 0.41869801
v 1.18078005 1.06462002 0.42491299
v 1.18271005 1.10883999 0.42823401
v 1.17507005 0.89032900 0.39933401
v -0.60911298 0.54795098 -0.01037100
v -0.59945500 0.58973497 -0.02117100
v -0.59453201 0.63219702 -0.03040500
v -0.62124097 0.50712502 0.00058800
v -0.61128902 0.68011099 -0.02780400
v -0.63858402 0.71234697 -0.02911900
v -0.62904799 0.46543899 0.01252200
v -0.63347203 0.42334101 0.02580900
v -0.63592798 0.38066500 0.04089100
v -0.66825998 0.76719999 0.00008400
v -0.69304001 0.80081999 0.00112900
v -0.65337199 0.34140000 0.05585800
v -0.68898797 0.31940699 0.06412800
v -0.72551101 0.82935500 0.00867800
v -0.75529701 0.31299901 0.10037100
v -0.75542301 0.86138302 0.01536000
v -0.80531597 0.29865301 0.17415801
v -0.78034002 0.30755600 0.13813400
v -0.74876398 0.96415401 0.07808400
v -0.83687901 0.28579700 0.19203401
v -0.85645002 0.25990799 0.22609600
v -0.87530702 0.22358499 0.24193300
v -0.89494699 0.18550301 0.25035599
v -0.75295901 1.01310003 0.07481500
v -0.91409302 0.14677100 0.24288100
v -0.45154101 0.29041201 -0.39989600
v -0.34246600 0.39203200 -0.44826999
v -0.32104301 1.34142005 0.11760900
v -0.66018802 1.17191005 0.07584200
v -0.60902399 1.21027005 0.05952400
v -0.54787898 1.22457004 0.01826700
v -0.35296601 1.32550001 0.06195100
v -0.31156400 1.36062002 0.15315799
v -0.73518097 1.08713996 0.08461800
v -0.40387899 1.24809003 -0.02365400
v -0.20107800 1.02435005 -0.33922401
v -0.11289800 0.95228201 -0.37412900
v 0.31480500 1.02006996 -0.40439901
v 0.46318901 1.37255001 -0.33478701
v 0.48034599 0.56786001 -0.52575803
v 0.52081901 0.58213800 -0.53106201
v 0.56180000 0.59643197 -0.53636998
v 0.60267502 0.61187702 -0.53941602
v 0.22080199 0.56530398 -0.51517701
v 0.17811500 0.55521101 -0.50646698
v 0.13539800 0.54524398 -0.49801901
v 0.26452699 0.57701802 -0.51993001
v 0.09306400 0.53630900 -0.49055901
v 0.05053000 0.52827102 -0.48261699
v 0.00798800 0.51967102 -0.47747901
v -0.03432200 0.51164401 -0.47046199
v -0.07671400 0.50083399 -0.47165999
v -0.11904400 0.49071500 -0.47115901
v -0.16156299 0.47983900 -0.46899199
v -0.20328400 0.46884099 -0.46846399
v 0.31194401 0.59033400 -0.52823198
v 0.36808199 0.60729402 -0.53556001
v -0.24519201 0.45763299 -0.46734601
v 0.64397198 0.62667000 -0.54449499
v -0.28724799 0.44660300 -0.46262500
v 0.68443698 0.64459097 -0.54345298
v 0.72363901 0.66358799 -0.54151601
v 0.76305598 0.68208301 -0.53884900
v 0.80060703 0.70294601 -0.53250498
v 0.98979402 0.67136598 -0.37880200
v 0.96461397 0.67038000 -0.41513300
v 1.15068996 0.84403801 0.00145600
v 1.17196000 0.80589002 0.00825100
v 1.19430995 0.76868898 0.01844200
v 1.21667004 0.73056698 0.03191300
v 1.13731003 0.86583400 -0.05451200
v 1.17967999 0.62344700 0.07044900
v 1.16005003 0.59756202 0.09976200
v 1.15288997 0.58118898 0.13926600
v 1.15745997 0.57283300 0.18119200
v 1.20896006 0.65454000 0.05540300
v 1.12554002 0.84980899 -0.08770800
v 1.12347996 0.83163100 -0.12725399
v 1.12854004 0.80383301 -0.15464400
v 1.11887002 0.74416798 -0.20316499
v 1.09568000 0.71762800 -0.23417699
v 1.05413997 0.71986997 -0.30041701
v 1.05557001 0.70356703 -0.34618300
v 1.16376996 0.56717497 0.22336800
v 1.18032002 0.64717299 0.30199200
v 1.17472005 0.68386501 0.32546201
v 1.17341995 0.72258401 0.34686899
v 1.17214000 0.76121998 0.36789101
v 1.17289996 0.80331099 0.38152999
v 1.18419003 0.60924101 0.27996400
v 1.17387998 0.84610599 0.39396799
v 0.93716699 0.67386901 -0.45067501
v 0.90473402 0.68633801 -0.48007599
v 0.87273699 0.70167500 -0.50823802
v 1.14603996 1.17508996 0.42665499
v 1.10944998 1.23860002 0.40934601
v 1.07387996 1.25670004 0.39550301
v 0.99829102 1.33125997 0.38083199
v 0.71653003 1.45879996 0.27681300
v 1.18406999 1.15321004 0.42939100
v -0.66433197 0.74444401 -0.03174200
v -0.72963297 0.30896199 0.06384300
v -0.78236699 0.89585203 0.01944600
v -0.76986498 0.92802501 0.04963100
v -0.75812203 1.05648005 0.06553000
v -0.72048199 -0.00612600 0.02056100
v -0.69818199 -0.00722000 -0.01863700
v -0.67703998 -0.00715100 -0.05893900
v -0.65675199 -0.00681200 -0.10042400
v -0.63751000 -0.00632300 -0.14246801
v -0.61950201 -0.00562300 -0.18456100
v -0.60253501 -0.00091000 -0.22587299
v -0.58635598 0.00949500 -0.26669601
v -0.57099003 0.03941100 -0.29812199
v -0.55675501 0.07701700 -0.32032999
v -0.54341602 0.11584900 -0.34089500
v -0.86715901 0.03761500 0.16017000
v -0.89047003 0.05148200 0.19275300
v -0.84219301 0.02956900 0.12822200
v -0.91198999 0.07732300 0.21679500
v -0.93425101 0.11052500 0.23081200
v -0.81504500 0.02291700 0.09577800
v -0.79495800 0.00194200 0.06499000
v -0.53001702 0.15852100 -0.35173100
v -0.51711297 0.20145200 -0.35982001
v -0.50469100 0.24339800 -0.37096500
v -0.49315801 0.28294101 -0.38756001
v -0.39714301 0.34041399 -0.42515600
v -0.43969500 0.33082899 -0.41598800
v -0.38399801 0.38305399 -0.43721101
v -0.32862899 0.43615800 -0.45270199
v -0.34204400 1.35423994 0.09236000
v -0.27292100 1.33718002 0.22760500
v -0.31066701 1.31547999 0.21665600
v -0.25636101 1.39445996 0.26134500
v -0.27287400 1.39186001 0.22002000
v -0.35105801 1.31362998 0.19104500
v -0.29359701 1.37914002 0.18564500
v -0.69871199 1.15553999 0.07274000
v -0.59111202 1.22722995 0.02117600
v -0.65426302 1.21010995 0.05688700
v -0.44295800 1.24100006 -0.02191000
v -0.35220900 1.33212996 0.14368500
v -0.48537499 1.23626995 -0.02192900
v -0.52802998 1.23645997 -0.02035000
v -0.73314601 1.12946999 0.06445100
v -0.37770599 1.20829999 -0.12468100
v -0.35499001 1.19420004 -0.15837200
v -0.33359700 1.17653000 -0.19160300
v -0.31137899 1.15832996 -0.22480001
v -0.28964600 1.13747001 -0.25834301
v -0.40009400 1.22170997 -0.09158300
v -0.42246699 1.23413002 -0.05747900
v -0.27123401 1.10868001 -0.29020000
v -0.25318199 1.07905996 -0.32041001
v -0.22243001 1.06321001 -0.35241699
v -0.17513700 0.96725798 -0.37148100
v -0.18619800 1.00312996 -0.37416101
v -0.15882400 0.95378202 -0.37936500
v 0.12559301 0.93740100 -0.39626601
v 0.16879000 0.94386101 -0.39791101
v 0.08290100 0.93029702 -0.39267701
v 0.04134800 0.92943197 -0.39192501
v 0.21115001 0.95662200 -0.40471801
v 0.25441301 0.96885997 -0.41095099
v 0.29463699 0.98521900 -0.42322701
v 0.39313799 1.10683000 -0.40268600
v 0.37292999 1.07263994 -0.40826100
v 0.41127601 1.14344001 -0.40063000
v 0.35399401 1.03576005 -0.41956699
v 0.42616099 1.18359005 -0.39735800
v -0.00032100 0.92810202 -0.38935199
v 0.43774700 1.22592998 -0.39324999
v 0.45210800 1.26760995 -0.38565001
v -0.04224800 0.93036401 -0.39412999
v -0.08499600 0.93075502 -0.39818099
v 0.46496400 1.30887997 -0.37879401
v 0.47728699 1.35020995 -0.37175500
v 0.44595701 0.59460402 -0.53512597
v 0.40994000 0.62091798 -0.54028302
v 0.83939898 0.72034901 -0.53201503
v 1.02831995 0.69133002 -0.38092700
v 1.13490999 0.87529600 -0.01774600
v 1.23808002 0.68743902 0.04487100
v 1.14342999 0.77026403 -0.18038601
v 1.07823002 0.69231898 -0.26617599
v 1.18801999 0.57212901 0.25589800
v 1.14634001 1.21907997 0.42343399
v 0.75320798 1.44931996 0.29839799
v 0.78999698 1.44023001 0.32029700
v 0.82853299 1.43000996 0.33885100
v 0.86877197 1.41877997 0.35256201
v 0.90953797 1.40445006 0.36126399
v 0.95011401 1.38989997 0.36971000
v 0.99032599 1.37408996 0.37662899
v 0.50287998 1.51373005 -0.02792100
v 0.49317700 1.50988996 -0.07759100
v 0.51581699 1.52038002 0.01673700
v 0.48211101 1.49845004 -0.11974200
v 0.53765398 1.52263999 0.05588900
v 0.56054097 1.52382004 0.09397600
v 0.58891100 1.52120996 0.12909999
v 0.47566900 1.48435998 -0.16238301
v 0.46773699 1.47068000 -0.20473599
v 0.61711502 1.51777995 0.16410600
v 0.64512801 1.51375997 0.19910300
v 0.67602199 1.50770998 0.23025700
v 0.71106702 1.49887002 0.25665200
v 0.46727800 1.45372999 -0.24660601
v 0.47093800 1.43455994 -0.28737199
v 1.03733003 1.31518996 0.37561801
v 1.07228005 1.29935002 0.39062101
v 0.47797900 1.41394997 -0.32697999
v 1.21358001 0.91241300 0.39957699
v 1.21472001 0.95588398 0.40692800
v 1.21651995 0.99902201 0.41577601
v 1.21791995 1.04335999 0.41662201
v 1.21967006 1.08737004 0.41826800
v 1.22142994 1.13134003 0.42209300
v 1.21229005 0.86859298 0.39484301
v -0.61649799 0.51615202 -0.04118100
v -0.60899001 0.55754203 -0.05214500
v -0.60172302 0.59754598 -0.06443800
v -0.60902101 0.65524799 -0.05400400
v -0.62281799 0.47431201 -0.02957900
v -0.63639897 0.68505901 -0.05862900
v -0.66316003 0.71604598 -0.06035100
v -0.62483197 0.43216199 -0.01624800
v -0.62869501 0.38834199 -0.00199000
v -0.63558698 0.34300601 0.01589700
v -0.69172603 0.77567899 -0.03270000
v -0.71915799 0.80754203 -0.03168900
v -0.66206902 0.30798900 0.03042600
v -0.70298302 0.29269701 0.03181900
v -0.75525999 0.83242100 -0.02276000
v -0.79729199 0.30524501 0.09987200
v -0.77201402 0.30267799 0.06053800
v -0.78846401 0.86359698 -0.01398900
v -0.82064998 0.29807299 0.13991900
v -0.78924501 0.96452802 0.04399600
v -0.77187997 0.98847800 0.05907200
v -0.88091397 0.27885601 0.18568800
v -0.89965898 0.25314099 0.21671300
v -0.91904598 0.22040300 0.23735300
v -0.93820202 0.18265501 0.24381500
v -0.78150100 1.02776003 0.04921500
v -0.76849502 -0.00531100 0.02499000
v -0.95755100 0.14435001 0.24041200
v -0.48129800 0.32313499 -0.40244401
v -0.37062901 0.42571199 -0.44469500
v -0.33427000 1.38039005 0.12657900
v -0.27336699 1.36410999 0.25528800
v -0.66734600 1.17219996 0.03133200
v -0.63492799 1.22790003 0.02184700
v -0.57096398 1.24002004 -0.01787300
v -0.32796100 1.40796006 0.16053100
v -0.75971502 1.09737003 0.05006000
v -0.19430400 1.04470003 -0.38273901
v -0.13003200 0.92754900 -0.39847299
v 0.33243901 1.00177002 -0.43855500
v 0.48887101 1.39215004 -0.36504400
v 0.48646399 0.60807800 -0.54070699
v 0.52714801 0.62170702 -0.54788601
v 0.56832600 0.63561100 -0.55285001
v 0.60970902 0.65087098 -0.55757302
v 0.23464400 0.60777098 -0.51897001
v 0.19072200 0.59674901 -0.51456898
v 0.14763799 0.58660001 -0.50719202
v 0.10510500 0.57718301 -0.49797800
v 0.28048500 0.62046897 -0.52317101
v 0.06262400 0.56832999 -0.49331999
v 0.02003900 0.55951703 -0.49048901
v -0.02203100 0.55103302 -0.48352301
v -0.06449100 0.54129797 -0.48021999
v -0.10677100 0.53201902 -0.48038799
v -0.14905000 0.52218002 -0.47876200
v -0.19144300 0.51195699 -0.47321799
v -0.23334600 0.50065303 -0.47345799
v 0.32751799 0.63373202 -0.53662401
v 0.37327200 0.64787799 -0.54039001
v -0.27523899 0.48972899 -0.46843901
v 0.65021598 0.66773999 -0.55922598
v -0.31717500 0.47898600 -0.46297199
v 0.68952000 0.68629497 -0.55743599
v 0.72941601 0.70316601 -0.55859298
v 0.76819003 0.72270203 -0.55474597
v 0.80652100 0.74067098 -0.55398101
v 0.99596101 0.69891298 -0.40930900
v 0.96955502 0.70051801 -0.44286299
v 1.16650999 0.86971599 -0.02161400
v 1.19049001 0.83993298 -0.00538600
v 1.21397996 0.80407500 0.00707500
v 1.23713005 0.76879400 0.02324300
v 1.25964999 0.73239702 0.03819600
v 1.17454004 0.83962601 -0.07188200
v 1.21970999 0.61097097 0.05688800
v 1.19181001 0.58034998 0.07764900
v 1.17399001 0.55556899 0.10778700
v 1.17470002 0.54538399 0.15194701
v 1.18051004 0.53844500 0.19324499
v 1.25240004 0.64300603 0.04972600
v 1.15882003 0.85463297 -0.11452500
v 1.16213000 0.83073598 -0.13686401
v 1.17279005 0.79603601 -0.15669800
v 1.13204002 0.70484799 -0.22065300
v 1.15775001 0.73248601 -0.19894700
v 1.11336005 0.67905599 -0.25157800
v 1.07663000 0.67702699 -0.30691001
v 1.06616998 0.71839499 -0.38823900
v 1.19123006 0.53652102 0.23259699
v 1.21381998 0.62137198 0.30687600
v 1.21024001 0.66103703 0.32679999
v 1.20975006 0.70013702 0.34660700
v 1.20976996 0.74031001 0.36355799
v 1.21037996 0.78214198 0.37681100
v 1.21114004 0.82577902 0.38454399
v 1.21606004 0.58226502 0.28421801
v 0.94045597 0.70859802 -0.47315201
v 0.90946299 0.72218698 -0.50101203
v 0.87701899 0.73925000 -0.52618200
v 1.18499005 1.19784999 0.42936000
v 1.10905004 1.28136003 0.40293500
v 1.14519000 1.26300001 0.41945100
v 1.02989995 1.35778999 0.38302401
v 0.74694502 1.48983002 0.28041601
v 1.22303998 1.17569005 0.42415601
v -0.59698898 0.63478601 -0.08098000
v -0.68698102 0.74932402 -0.06472700
v -0.74522400 0.28629601 0.02751500
v -0.81722802 0.89776802 -0.01063200
v -0.80684203 0.93191099 0.02031000
v -0.85988200 0.28852299 0.14265600
v -0.78487301 1.06650996 0.03506700
v -0.74330902 -0.00646300 -0.01532100
v -0.72139102 -0.00671800 -0.05508800
v -0.70099998 -0.00683200 -0.09553400
v -0.68158299 -0.00638900 -0.13662501
v -0.66352499 -0.00544400 -0.17797101
v -0.64678597 -0.00070800 -0.21929900
v -0.63112098 0.00712500 -0.26047301
v -0.61552602 0.03774500 -0.28910699
v -0.60018998 0.07534800 -0.30844200
v -0.58631200 0.11173800 -0.32996300
v -0.57286698 0.15212600 -0.34388700
v -0.88546503 0.03725800 0.11872000
v -0.90971702 0.04290600 0.15224200
v -0.93258703 0.05643300 0.18488900
v -0.85908997 0.03444100 0.08713300
v -0.95487398 0.07910300 0.21137100
v -0.97777098 0.10832200 0.22944100
v -0.83657700 0.02199100 0.05921400
v -0.81445700 0.00230200 0.02660300
v -0.56006598 0.19387600 -0.35431600
v -0.54736000 0.23479100 -0.36546299
v -0.53523201 0.27537301 -0.37689599
v -0.52285898 0.31586099 -0.38817200
v -0.42636800 0.37306300 -0.42690599
v -0.46819499 0.36457199 -0.41330200
v -0.41350701 0.41516900 -0.43813100
v -0.35771599 0.46911499 -0.45011601
v -0.30676499 1.34779000 0.24490800
v -0.34652999 1.34353006 0.22409900
v -0.28981000 1.42348003 0.24150400
v -0.30003199 1.38530004 0.26758501
v -0.30913499 1.41416001 0.19817200
v -0.34882700 1.36284995 0.17536500
v -0.72174299 1.16273999 0.03497300
v -0.61458802 1.24057996 -0.01689500
v -0.67670500 1.21493995 0.01540300
v -0.46430501 1.23905003 -0.05947600
v -0.50719798 1.23838997 -0.05961100
v -0.54980803 1.24467003 -0.05804100
v -0.75632799 1.13530004 0.02625900
v -0.39568201 1.20975995 -0.16480100
v -0.41923299 1.22063005 -0.13059101
v -0.37293601 1.19543004 -0.19895500
v -0.35101601 1.17736995 -0.23193701
v -0.32988900 1.15515995 -0.26375601
v -0.30972600 1.12915003 -0.29509801
v -0.44213101 1.23115003 -0.09569600
v -0.28589100 1.10576999 -0.33132401
v -0.25192800 1.09499002 -0.36412400
v -0.21921900 1.08069003 -0.39412799
v -0.18501399 0.97318399 -0.40863600
v -0.17952900 0.92822498 -0.39991000
v -0.19043800 1.01495004 -0.41710401
v 0.15077899 0.91124201 -0.42138901
v 0.10740100 0.90350598 -0.41955999
v 0.19343300 0.92191899 -0.42604199
v 0.06345400 0.89425898 -0.41872200
v 0.02805400 0.90590698 -0.41052100
v 0.23537099 0.93438202 -0.43294400
v 0.27586699 0.94906998 -0.44301501
v 0.31619599 0.96287900 -0.45323700
v 0.40475300 1.09143996 -0.43185601
v 0.43068200 1.11872995 -0.44037399
v 0.38996401 1.05260003 -0.43795401
v 0.44462001 1.15985000 -0.43155700
v 0.37231100 1.01467001 -0.45049900
v 0.45644599 1.20178998 -0.42635301
v -0.01430500 0.90284801 -0.41028899
v 0.46559399 1.24535000 -0.42265201
v 0.47883299 1.28685999 -0.41565201
v -0.05672300 0.90741998 -0.42141101
v -0.10080100 0.90315801 -0.42192799
v 0.49232399 1.32783997 -0.40817899
v 0.50567597 1.36863005 -0.40026301
v 0.45141399 0.63505900 -0.54641300
v 0.41588899 0.66165400 -0.55034500
v 0.84487599 0.75866199 -0.55039501
v 1.03355002 0.71413898 -0.41804001
v 1.27286005 0.70259702 0.04163700
v 1.18251002 0.88465500 -0.05395300
v 1.28605998 0.67279702 0.04507800
v 1.18393004 0.75580901 -0.17152201
v 1.10326004 0.66376102 -0.26997501
v 1.08311999 0.65983301 -0.34407800
v 1.07965004 0.67820299 -0.38309500
v 1.21684003 0.54281998 0.26403201
v 1.18482995 1.24245000 0.42671400
v 0.78360403 1.47999001 0.30221501
v 0.82155001 1.46965003 0.32217100
v 0.86129200 1.45816004 0.33658499
v 0.90182102 1.44498003 0.34824899
v 0.94231600 1.43127000 0.35884401
v 0.98243499 1.41657996 0.36869699
v 1.02213001 1.40081000 0.37555799
v 0.51016599 1.53672004 -0.05413300
v 0.52208197 1.54858994 -0.01363300
v 0.50660098 1.54061997 -0.11637900
v 0.54060501 1.55436003 0.02685000
v 0.49580100 1.52569997 -0.15585200
v 0.56273001 1.55694997 0.06512500
v 0.58713901 1.55726004 0.10201300
v 0.61849499 1.55198002 0.13497099
v 0.48741201 1.51145995 -0.19756100
v 0.48383299 1.49549997 -0.23949599
v 0.64815003 1.54711998 0.16889100
v 0.67634499 1.54337001 0.20313799
v 0.70766598 1.53749001 0.23428699
v 0.74037802 1.53092003 0.26349100
v 0.48666099 1.47610998 -0.27992600
v 0.49399301 1.45493996 -0.31939501
v 1.06921995 1.34182000 0.37935701
v 1.10585999 1.32465005 0.39639199
v 0.50314498 1.43338001 -0.35783201
v 1.24967003 0.89149600 0.38838401
v 1.25182998 0.93445098 0.39710599
v 1.25279999 0.97852999 0.40088499
v 1.25478995 1.02232003 0.40472999
v 1.25629997 1.06623995 0.40476400
v 1.25715995 1.11019003 0.40510201
v 1.25899005 1.15414000 0.40877801
v 1.24888003 0.84797603 0.38382500
v -0.61800700 0.52550203 -0.08275700
v -0.61853302 0.48378700 -0.07223600
v -0.60690099 0.56540298 -0.09359900
v -0.60213000 0.60413003 -0.10701900
v -0.62557101 0.66400999 -0.08953800
v -0.62181503 0.44213700 -0.06026600
v -0.65001899 0.69620103 -0.09579800
v -0.68042302 0.72336900 -0.09913600
v -0.61930901 0.39982399 -0.04576800
v -0.62507898 0.34922501 -0.02780600
v -0.64399701 0.30397400 -0.00772500
v -0.71375698 0.78017098 -0.06625100
v -0.74324298 0.80890602 -0.06587300
v -0.67629600 0.27848101 0.00131200
v -0.71814603 0.26703301 -0.00266000
v -0.78561902 0.83404702 -0.05145400
v -0.81387502 0.29580599 0.06049000
v -0.83718097 0.29340801 0.10091000
v -0.78712201 0.27917701 0.02505300
v -0.82169199 0.86433297 -0.04327400
v -0.80262500 1.00097001 0.03253300
v -0.81961101 0.97201902 0.01019100
v -0.90169299 0.28335100 0.14194900
v -0.92334199 0.27252999 0.18070801
v -0.94323403 0.25033900 0.21254000
v -0.96211302 0.21655101 0.23156001
v -0.98169100 0.17879300 0.24052100
v -0.81373399 1.03936994 0.02453500
v -0.78900898 -0.00604400 -0.01202100
v -1.00152004 0.13969800 0.23939900
v -0.50974202 0.35681501 -0.39817300
v -0.40003899 0.45799401 -0.44283599
v -0.68995398 1.17975998 -0.00360900
v -0.65864199 1.23632002 -0.01851000
v -0.59293997 1.24846005 -0.05666600
v -0.31968200 1.43913996 0.20210500
v -0.77784997 1.09959996 0.01110300
v -0.19696100 1.05755997 -0.42757699
v -0.14660500 0.89832503 -0.42242700
v 0.35515299 0.97706801 -0.46641201
v 0.51801199 1.40998995 -0.39333701
v 0.49224100 0.64869797 -0.55548102
v 0.53339100 0.66203701 -0.56194001
v 0.57454801 0.67622399 -0.56443501
v 0.61562699 0.69301599 -0.56844902
v 0.24785499 0.65041697 -0.52367198
v 0.20367700 0.63872403 -0.51856703
v 0.16032000 0.62834799 -0.51301402
v 0.11816300 0.61860400 -0.50325298
v 0.07547400 0.60945302 -0.49702799
v 0.29285300 0.66318601 -0.53175700
v 0.03301000 0.60095799 -0.49255699
v -0.00938500 0.59225303 -0.49025899
v -0.05209000 0.58294803 -0.48543599
v -0.09445300 0.57356000 -0.48292899
v -0.13694701 0.56388402 -0.48342600
v -0.17960900 0.55357802 -0.48337501
v -0.22160700 0.54357600 -0.47933999
v -0.26368299 0.53282499 -0.47468701
v 0.33678600 0.67633200 -0.54191202
v 0.38012901 0.68937302 -0.54877001
v -0.30583200 0.52042198 -0.47654501
v 0.65495801 0.71044999 -0.56791902
v -0.34827599 0.50899500 -0.46992201
v 0.69443101 0.72781098 -0.56912100
v 0.73418200 0.74444801 -0.57139403
v 0.77385700 0.76397598 -0.57063901
v 0.81094700 0.78252399 -0.56889898
v 0.99998897 0.72782999 -0.43893501
v 0.97486502 0.73210299 -0.46703401
v 1.20992005 0.88161898 -0.01661900
v 1.23133004 0.84291500 -0.00086200
v 1.25627995 0.80619103 0.01132500
v 1.27988005 0.77127701 0.02345000
v 1.30209005 0.73603898 0.02934600
v 1.19939005 0.86228698 -0.11388400
v 1.21687996 0.86411101 -0.07432300
v 1.26330996 0.60054398 0.05167400
v 1.23179996 0.56155199 0.06176900
v 1.20360005 0.53303301 0.08465500
v 1.19351006 0.51733500 0.12497600
v 1.18734002 0.50577301 0.16647001
v 1.19341004 0.50005299 0.20945400
v 1.29549003 0.63099301 0.04998100
v 1.20625997 0.82776099 -0.14922699
v 1.21640003 0.78600103 -0.16111200
v 1.17048001 0.69072199 -0.20960499
v 1.14040995 0.66009498 -0.22769800
v 1.19768000 0.71781099 -0.18974601
v 1.11804998 0.62814200 -0.26347899
v 1.09929001 0.64329302 -0.30437601
v 1.06421995 0.73820102 -0.42956099
v 1.07482004 0.69470298 -0.42416501
v 1.21580005 0.50386500 0.24472401
v 1.24773002 0.59750003 0.30547801
v 1.24686003 0.63900697 0.32379800
v 1.24640000 0.67939502 0.34075800
v 1.24678004 0.72009403 0.35544199
v 1.24716997 0.76236099 0.36569101
v 1.24783003 0.80493200 0.37548399
v 1.24662006 0.55433500 0.28996301
v 0.94680101 0.74255198 -0.49470499
v 0.91491997 0.75894397 -0.51887101
v 0.88238502 0.77798802 -0.54172403
v 1.22367001 1.22046006 0.42279500
v 1.14333999 1.30682003 0.41127399
v 1.18279004 1.28727996 0.42447600
v 1.06122994 1.38489997 0.38182399
v 0.77844203 1.51989996 0.28290299
v 0.52042699 1.55776000 -0.08130300
v 1.26066005 1.19844997 0.41035300
v -0.61559600 0.63818502 -0.11989200
v -0.70214599 0.75746298 -0.10106100
v -0.75997001 0.25577199 -0.00459500
v -0.84042603 0.93575197 -0.01091600
v -0.85398000 0.89332598 -0.04169400
v -0.87882900 0.28738901 0.10098500
v -0.80908698 1.07119000 0.00029300
v -0.76573098 -0.00685100 -0.05163000
v -0.74500602 -0.00616200 -0.09129100
v -0.72550499 -0.00591200 -0.13140300
v -0.70723802 -0.00572400 -0.17189400
v -0.69031399 -0.00137700 -0.21239799
v -0.67559600 0.00606100 -0.25377399
v -0.65946800 0.03864900 -0.27896100
v -0.64458299 0.07253700 -0.30204299
v -0.63050902 0.10754800 -0.32402000
v -0.61594898 0.14686500 -0.33667299
v -0.60267597 0.18779200 -0.34592301
v -0.90222698 0.04586600 0.07437000
v -0.92800999 0.04512800 0.10987900
v -0.95173699 0.04911200 0.14557099
v -0.97498202 0.05961100 0.18022300
v -0.87105000 0.05022000 0.04010200
v -0.99777597 0.07916100 0.20941401
v -1.02151000 0.10653800 0.22537300
v -0.85822999 0.01433200 0.02347400
v -0.83326602 0.00067200 -0.01087600
v -0.58939302 0.22820801 -0.35453701
v -0.57557797 0.26830199 -0.36186200
v -0.56246603 0.30898499 -0.36978099
v -0.55066299 0.35001901 -0.37975499
v -0.45441300 0.40642899 -0.42279801
v -0.49594399 0.39795801 -0.40784299
v -0.44282001 0.44745699 -0.43639201
v -0.38876200 0.49905100 -0.45679799
v -0.34069899 1.39489996 0.20710599
v -0.33626401 1.38014996 0.24919499
v -0.32554501 1.41959000 0.24608301
v -0.73819202 1.16034997 -0.00799700
v -0.63655603 1.24712002 -0.05716500
v -0.69565803 1.21366000 -0.02768900
v -0.48446301 1.23912001 -0.09777900
v -0.52725202 1.24606001 -0.09779400
v -0.57053900 1.24959004 -0.09728900
v -0.77084100 1.13072002 -0.01597500
v -0.41418701 1.21068001 -0.20463200
v -0.43721199 1.22411001 -0.17017201
v -0.46151501 1.23146999 -0.13462900
v -0.39288700 1.19140005 -0.23753700
v -0.37001601 1.17364001 -0.27076399
v -0.34637699 1.15301001 -0.30203500
v -0.31998599 1.12835002 -0.33108899
v -0.28501901 1.12417996 -0.37918499
v -0.25099200 1.11078000 -0.40618801
v -0.22484800 1.09054995 -0.43733099
v -0.20144100 0.93959802 -0.43372101
v -0.19774900 0.98142600 -0.44803199
v -0.19911399 1.02395999 -0.46043399
v -0.19586299 0.89627898 -0.42209199
v 0.17606901 0.88665903 -0.44613400
v 0.13320500 0.87727898 -0.44374999
v 0.08962800 0.86847800 -0.44372401
v 0.21783200 0.89931202 -0.45341101
v 0.01538000 0.87922901 -0.42490199
v 0.25945899 0.91191399 -0.46051899
v 0.30066901 0.92416102 -0.46788099
v 0.33945501 0.93823099 -0.48062301
v 0.42200699 1.07221997 -0.45788199
v 0.46480599 1.13495004 -0.46835700
v 0.40776801 1.03190005 -0.46838099
v 0.47576699 1.17780006 -0.46104300
v 0.39203200 0.99315798 -0.48193201
v 0.48770401 1.21986997 -0.45379901
v -0.02864200 0.87700999 -0.43270901
v 0.49850699 1.26265001 -0.44827899
v 0.50858802 1.30507004 -0.44416600
v -0.07206600 0.87664098 -0.44189101
v -0.11667300 0.87006903 -0.44145501
v 0.52209401 1.34582996 -0.43622199
v 0.53546703 1.38738000 -0.42736399
v 0.45748600 0.67661798 -0.55667198
v 0.42260900 0.70392299 -0.55620599
v 0.84891999 0.79944301 -0.56206399
v 1.03218997 0.74252999 -0.45317301
v 1.32597005 0.70082498 0.03602700
v 1.21873999 0.89982998 -0.04725700
v 1.33140004 0.65918303 0.05185400
v 1.22844005 0.74642801 -0.17669900
v 1.08262002 0.63429999 -0.37887201
v 1.09756994 0.61934203 -0.33888999
v 1.08969998 0.65447497 -0.41646901
v 1.24258006 0.51215398 0.27605501
v 1.22355998 1.26514006 0.42155400
v 0.81523597 1.50950003 0.30543700
v 0.85542601 1.49642003 0.31783500
v 0.89517599 1.48424006 0.33151001
v 0.93421400 1.47224998 0.34812501
v 0.97419000 1.45862997 0.36056599
v 1.01451004 1.44395006 0.36883399
v 1.05443001 1.42759001 0.37348199
v 0.53410500 1.57200003 -0.04472400
v 0.54845101 1.58201003 -0.00415200
v 0.53068203 1.58253002 -0.11354900
v 0.51654601 1.56821001 -0.15075301
v 0.56699198 1.58806002 0.03503400
v 0.51059800 1.55086994 -0.19092500
v 0.59153700 1.58875000 0.07188500
v 0.61845499 1.58704996 0.10704500
v 0.64882302 1.58213997 0.14001900
v 0.50541198 1.53459001 -0.23181400
v 0.50302899 1.51742005 -0.27315500
v 0.67799598 1.57776999 0.17418800
v 0.70878702 1.57190001 0.20570000
v 0.73943502 1.56715000 0.23733100
v 0.77354997 1.55950999 0.26377600
v 0.50950801 1.49640000 -0.31218499
v 0.52052897 1.47352004 -0.34899801
v 1.10043001 1.36826003 0.39020500
v 1.13832998 1.35106003 0.40463701
v 0.53309202 1.45054996 -0.38535199
v 1.28562999 0.87050599 0.37567201
v 1.28770995 0.91344899 0.38334700
v 1.28891003 0.95714003 0.38775301
v 1.29100001 1.00085998 0.39170501
v 1.29322004 1.04466999 0.39376599
v 1.29471004 1.08855999 0.39350200
v 1.29542994 1.13267004 0.39373201
v 1.29448998 1.17677999 0.38846201
v 1.28436995 0.82717401 0.37061599
v -0.61941499 0.49287400 -0.11425200
v -0.61607301 0.53372598 -0.12332000
v -0.62132698 0.45271099 -0.10346200
v -0.61224103 0.57309502 -0.13623600
v -0.60531098 0.61287999 -0.14934300
v -0.63590503 0.67413598 -0.12913500
v -0.61288601 0.41238499 -0.09048700
v -0.66160101 0.70576602 -0.13563700
v -0.68933702 0.73627901 -0.14091700
v -0.61462700 0.37121299 -0.07726000
v -0.63463300 0.29927000 -0.04885900
v -0.65676898 0.26769200 -0.03028200
v -0.73088300 0.78552598 -0.10278100
v -0.77842599 0.82687998 -0.06949900
v -0.69164002 0.24998000 -0.03446500
v -0.73094201 0.23271900 -0.03762200
v -0.81256700 0.84554797 -0.07716500
v -0.85558897 0.28799301 0.06061300
v -0.82927001 0.27143499 0.02453100
v -0.80188698 0.24679101 -0.00509300
v -0.84695500 0.87059098 -0.07936000
v -0.83837599 1.01119995 0.00863100
v -0.85339099 0.98029798 -0.01615600
v -0.92116898 0.28267401 0.10038100
v -0.94411999 0.27837500 0.13999000
v -0.96636099 0.27057600 0.17833000
v -0.98616499 0.24686000 0.20944899
v -1.00548005 0.21177299 0.22761300
v -1.02582002 0.17284800 0.23678400
v -0.84869099 1.05200005 0.00195900
v -0.80989999 -0.00632400 -0.04853200
v -1.04806995 0.13287701 0.23453601
v -0.53730100 0.39074200 -0.39050499
v -0.43016699 0.48889399 -0.44506800
v -0.70900202 1.16908002 -0.04208100
v -0.68115598 1.23991001 -0.05992000
v -0.61375499 1.25142002 -0.09741200
v -0.80045402 1.10000002 -0.02544400
v -0.32397300 1.13524997 -0.36188099
v -0.21000700 1.06494999 -0.47062299
v -0.16324300 0.86469501 -0.44239500
v 0.04480000 0.85968202 -0.44640601
v 0.37882999 0.95213097 -0.49181199
v 0.45459899 1.09159005 -0.47772801
v 0.55146301 1.42628002 -0.41795000
v 0.49830601 0.69010103 -0.56518501
v 0.53984499 0.70267099 -0.57054502
v 0.58052599 0.71724802 -0.57534701
v 0.61915201 0.73416901 -0.57410401
v 0.26073900 0.69364899 -0.52644700
v 0.21696299 0.68103403 -0.51934201
v 0.17361800 0.67013401 -0.51290900
v 0.13133000 0.66024399 -0.50565499
v 0.08874700 0.65077698 -0.49906501
v 0.04594500 0.64198202 -0.49541801
v 0.30384499 0.70605302 -0.53536898
v 0.00337400 0.63370597 -0.48914400
v -0.03942200 0.62454498 -0.49224901
v -0.08221600 0.61464900 -0.49082699
v -0.12491700 0.60522997 -0.48629299
v -0.16751599 0.59510303 -0.48714200
v -0.20921800 0.58559901 -0.49031600
v -0.25160301 0.57452297 -0.48856199
v -0.29392600 0.56368399 -0.48265299
v 0.34641200 0.71852100 -0.54582298
v 0.38848999 0.73139697 -0.55234200
v -0.33621600 0.55227798 -0.47885999
v 0.65996701 0.75143498 -0.57846701
v -0.37712100 0.54127902 -0.46662000
v 0.69946498 0.76853901 -0.58079600
v 0.73768300 0.78582603 -0.58158100
v 0.77508098 0.80676198 -0.58171302
v 0.81487799 0.82379401 -0.57940203
v 1.00441003 0.75607699 -0.47047001
v 0.98524100 0.76388502 -0.48578101
v 1.24407995 0.87285697 -0.02644800
v 1.27020001 0.84781998 0.00137200
v 1.29319000 0.80955601 0.00614700
v 1.31807005 0.77402002 0.01044200
v 1.34535003 0.74537301 0.02765000
v 1.23845994 0.88447303 -0.10504000
v 1.30235004 0.58964998 0.05807500
v 1.27031004 0.56247401 0.05879300
v 1.24135005 0.50818402 0.07188400
v 1.21774006 0.49019900 0.10163100
v 1.20620000 0.47718301 0.14112000
v 1.19728994 0.46582299 0.18282600
v 1.21019995 0.46320400 0.22873800
v 1.33639002 0.61719298 0.05801000
v 1.24310005 0.85693198 -0.14071900
v 1.24978995 0.81637299 -0.15661700
v 1.26048005 0.77657801 -0.17034499
v 1.18031001 0.64700800 -0.21641000
v 1.21185994 0.67743897 -0.20352100
v 1.14644003 0.61498302 -0.23018600
v 1.24236000 0.70657599 -0.19192700
v 1.10762000 0.60191399 -0.29799500
v 1.08032000 0.71553802 -0.46354401
v 1.06052995 0.75469899 -0.47172800
v 1.09432006 0.67387903 -0.45621601
v 1.23705006 0.46985099 0.26336500
v 1.28139997 0.61650598 0.31906000
v 1.27983999 0.57106501 0.30547199
v 1.28228998 0.65884501 0.33150500
v 1.28319001 0.69926000 0.34751201
v 1.28325999 0.74174899 0.35596400
v 1.28294003 0.78465998 0.36146000
v 1.27482998 0.52413702 0.29745901
v 0.95439798 0.77748197 -0.51397699
v 0.92023402 0.79668403 -0.53307903
v 0.88688397 0.81740099 -0.55197299
v 1.26215994 1.24277997 0.41183999
v 1.17788994 1.33264995 0.41642901
v 1.22211003 1.30954003 0.41856301
v 1.09367001 1.41174996 0.38266101
v 0.81060499 1.54867005 0.28532299
v 0.54596102 1.59519994 -0.07561500
v 1.29666996 1.22088003 0.39169401
v -0.62586600 0.64640898 -0.16054600
v -0.71336901 0.76645201 -0.13718601
v -0.62076700 0.33468300 -0.06523300
v -0.76109999 0.81217402 -0.10606400
v -0.77446699 0.22272600 -0.03837000
v -0.88077199 0.92421502 -0.04861200
v -0.88238800 0.89422601 -0.08037800
v -0.89699501 0.27959400 0.06141800
v -0.86999297 0.94713902 -0.03674600
v -0.84253198 1.08712995 -0.02285000
v -0.78878897 -0.00601800 -0.08754100
v -0.76922703 -0.00554800 -0.12687500
v -0.75087798 -0.00559000 -0.16645600
v -0.73383403 -0.00203400 -0.20613401
v -0.71834302 0.00927000 -0.24389499
v -0.70297301 0.03799900 -0.27201301
v -0.68762702 0.07216600 -0.29197001
v -0.67384100 0.10599200 -0.31348401
v -0.66025102 0.14255200 -0.33125201
v -0.64564401 0.18289100 -0.33641201
v -0.63139099 0.22302601 -0.34229401
v -0.91643399 0.06418600 0.02885800
v -0.94520700 0.05649900 0.06710600
v -0.97044301 0.05229100 0.10473300
v -0.99410498 0.05336600 0.14148800
v -1.01695001 0.06398000 0.17645000
v -0.89802700 0.03030000 0.01167100
v -1.04024994 0.07850200 0.20830500
v -1.06490004 0.10818400 0.22099900
v -0.87753499 0.00234000 -0.01013900
v -0.85378700 -0.00605700 -0.04641000
v -0.61390102 0.26182300 -0.34074101
v -0.59967399 0.30230999 -0.34581199
v -0.58723700 0.34358501 -0.35456499
v -0.57337099 0.38533500 -0.36348999
v -0.48429999 0.43800601 -0.42340800
v -0.52357101 0.43101001 -0.40197799
v -0.47198001 0.47929999 -0.43362701
v -0.41772500 0.53066999 -0.45322099
v -0.74733597 1.14677000 -0.05020200
v -0.65737200 1.25102997 -0.09901000
v -0.70569301 1.19964004 -0.07082500
v -0.50417203 1.24126005 -0.13674700
v -0.54738897 1.24799001 -0.13748001
v -0.59068602 1.25119996 -0.13805200
v -0.78676802 1.12198997 -0.05579400
v -0.45783901 1.21904004 -0.20867699
v -0.43463600 1.20627999 -0.24334000
v -0.48047999 1.23345995 -0.17398700
v -0.41134799 1.19026995 -0.27730000
v -0.38870001 1.16973996 -0.30968499
v -0.35931101 1.15266001 -0.33868501
v -0.28274700 1.14024997 -0.41924599
v -0.32146001 1.15042996 -0.39784101
v -0.25112399 1.12460005 -0.44728300
v -0.22802299 1.10360003 -0.47911400
v -0.22252400 0.90650302 -0.45439100
v -0.22045800 0.94853503 -0.47003001
v -0.21845900 0.99124098 -0.48486200
v -0.21608600 1.03299999 -0.50045598
v -0.21583401 0.86055303 -0.44241700
v 0.20181400 0.86135799 -0.47018701
v 0.15920299 0.84966600 -0.46443501
v 0.11638300 0.84166300 -0.46518800
v 0.07265600 0.83375102 -0.46768400
v 0.24341100 0.87447298 -0.47757900
v 0.00076000 0.85082299 -0.44871300
v 0.28455600 0.88714498 -0.48529699
v 0.32606301 0.89820403 -0.49232799
v 0.36548999 0.91177702 -0.50328201
v 0.44332400 1.04902995 -0.48641601
v 0.49745399 1.15278006 -0.49448401
v 0.48747101 1.10985994 -0.50094599
v 0.43062299 1.00759995 -0.49473801
v 0.51050699 1.19455004 -0.48512301
v 0.41642901 0.96722400 -0.50744700
v 0.52107698 1.23688996 -0.47899699
v -0.04329100 0.84559000 -0.45334300
v 0.53076702 1.27987003 -0.47464600
v 0.54078299 1.32246995 -0.47035500
v -0.08722900 0.84148800 -0.45884201
v -0.13213199 0.83449602 -0.45885199
v 0.55428100 1.36321998 -0.46206000
v 0.56815797 1.40349996 -0.45322901
v 0.46396101 0.71787798 -0.56183302
v 0.43012801 0.74582601 -0.56088102
v 0.85282999 0.84087998 -0.57009000
v 1.03182995 0.77982998 -0.48444399
v 1.37164998 0.72600102 0.05432900
v 1.36723006 0.68475401 0.06407800
v 1.25276005 0.89511800 -0.06360100
v 1.27619004 0.52624297 0.06046100
v 1.36811996 0.64283502 0.07393000
v 1.27709997 0.73531002 -0.18823700
v 1.12540996 0.58603603 -0.25922999
v 1.10256004 0.61298001 -0.40957901
v 1.09747005 0.59266102 -0.37152901
v 1.10584998 0.57624501 -0.33162001
v 1.11018002 0.63359702 -0.44717899
v 1.26773000 0.48123100 0.29105699
v 1.26214004 1.28687000 0.41018099
v 0.84925199 1.53621995 0.30222201
v 0.88864100 1.52397001 0.31694901
v 0.92709601 1.51300001 0.33460301
v 0.96612298 1.50053000 0.35147101
v 1.00627005 1.48640001 0.36342999
v 1.04696000 1.47086000 0.36761901
v 1.08713996 1.45467997 0.37224099
v 0.55814201 1.60798001 -0.03646100
v 0.57341701 1.61708999 0.00375000
v 0.54471898 1.60544002 -0.14608000
v 0.55722398 1.61961997 -0.10715700
v 0.53567100 1.58870995 -0.18513501
v 0.59616399 1.61968994 0.04134700
v 0.52885997 1.57244003 -0.22507100
v 0.62128401 1.61980999 0.07776600
v 0.64952302 1.61681998 0.11173400
v 0.67946398 1.61207998 0.14484800
v 0.52554899 1.55523002 -0.26522800
v 0.52862900 1.53583002 -0.30452099
v 0.70907700 1.60709000 0.17784800
v 0.74042398 1.60125005 0.20879300
v 0.77197498 1.59632003 0.23920199
v 0.80778599 1.58624995 0.26287001
v 0.53829902 1.51343000 -0.34079701
v 0.54941797 1.49078000 -0.37727001
v 1.13258004 1.39478004 0.39287800
v 1.17077994 1.37776995 0.40575701
v 0.56446499 1.46686006 -0.41189799
v 1.31998003 0.84897101 0.36225399
v 1.32404995 0.89182800 0.37105501
v 1.32446003 0.93580002 0.37398100
v 1.32527995 0.97937602 0.37441000
v 1.32764995 1.02302003 0.37680399
v 1.33120000 1.06654000 0.38120201
v 1.33250999 1.11064994 0.38129699
v 1.33255994 1.15490997 0.37846899
v 1.33191001 1.19893003 0.37337199
v 1.31810999 0.80621302 0.35561499
v -0.64314997 0.46413001 -0.14106999
v -0.63407600 0.50348997 -0.15355900
v -0.62478900 0.54253298 -0.16563100
v -0.64300299 0.42413101 -0.12740400
v -0.61385798 0.58033699 -0.17831600
v -0.61066699 0.61986899 -0.19111501
v -0.64700800 0.68175000 -0.16993600
v -0.64143902 0.38494501 -0.11544300
v -0.66774702 0.71752399 -0.17691700
v -0.72066897 0.77401501 -0.16726100
v -0.64898098 0.34916201 -0.09935100
v -0.65955299 0.31520000 -0.08203300
v -0.67243701 0.27920601 -0.06583400
v -0.74112999 0.79585397 -0.13948900
v -0.79553401 0.83321798 -0.11114700
v -0.71636802 0.26624200 -0.06804800
v -0.75880700 0.25555399 -0.06716500
v -0.82927799 0.85763597 -0.11631600
v -0.87151700 0.26321501 0.02714500
v -0.84505397 0.24051100 -0.00428800
v -0.81805700 0.21351400 -0.03604700
v -0.86510700 0.88035202 -0.11982900
v -0.87769198 1.02225995 -0.00891900
v -0.88564599 0.99087900 -0.04044200
v -0.96413702 0.28071100 0.09973000
v -0.94010502 0.27682200 0.06034700
v -0.98687500 0.27511600 0.13790201
v -1.00920999 0.26260599 0.17471300
v -1.02978003 0.24344800 0.20843799
v -1.04964006 0.20738500 0.22932699
v -1.07217002 0.16548499 0.23757900
v -0.88210899 1.06735003 -0.02253600
v -0.83248901 -0.00564800 -0.08413200
v -1.09880996 0.12289800 0.22649600
v -0.56126499 0.42531601 -0.37759101
v -0.45899600 0.52031398 -0.44137999
v -0.72168702 1.15728998 -0.08401600
v -0.69701600 1.23321998 -0.10231300
v -0.63396502 1.25118995 -0.13920900
v -0.83169597 1.11468005 -0.05283400
v -0.35928699 1.16649997 -0.37633201
v -0.22327200 1.07555997 -0.51125199
v -0.17766200 0.82731801 -0.45945099
v 0.02921000 0.82500303 -0.46823999
v 0.40250701 0.92722201 -0.51894599
v 0.47574800 1.06757998 -0.50923097
v 0.58141500 1.44394004 -0.44544899
v 0.50539500 0.73151702 -0.56993997
v 0.54609603 0.74555600 -0.57622600
v 0.58645397 0.76078898 -0.57822001
v 0.62662798 0.77658302 -0.58330703
v 0.27185899 0.73562598 -0.52784002
v 0.22874101 0.72319400 -0.52124798
v 0.18674000 0.71191698 -0.51210499
v 0.14448300 0.70130098 -0.50422102
v 0.10205300 0.69165897 -0.49809101
v 0.05939300 0.68315500 -0.49496400
v 0.01616400 0.67447799 -0.49001601
v 0.31404099 0.74833602 -0.53892499
v -0.02634100 0.66622502 -0.49292099
v -0.06892100 0.65682900 -0.49596599
v -0.11180800 0.64696401 -0.49428001
v -0.15434700 0.63720000 -0.49356499
v -0.19655900 0.62783301 -0.49186000
v -0.23886199 0.61754602 -0.49654201
v -0.28204799 0.60630101 -0.48988500
v -0.32434699 0.59536898 -0.48242500
v 0.35657099 0.76102698 -0.54445302
v 0.39830300 0.77471000 -0.55228400
v -0.36642900 0.58408302 -0.47701901
v 0.66676700 0.79280698 -0.58759397
v -0.40536299 0.57311398 -0.46041700
v 0.70542401 0.80974299 -0.59147400
v 0.73489797 0.83400899 -0.59318399
v 0.77526098 0.85036302 -0.58805901
v 0.81691802 0.86680698 -0.58456498
v 0.99324799 0.80007601 -0.50511998
v 1.28004003 0.87901902 -0.02965300
v 1.30526996 0.84935701 -0.00863000
v 1.32876003 0.81433398 -0.00641500
v 1.35292995 0.78868502 0.01743700
v 1.37636995 0.76802802 0.04547600
v 1.27751994 0.88029200 -0.12464100
v 1.27192998 0.91539901 -0.09527900
v 1.34343004 0.57494801 0.05440300
v 1.31000996 0.54951602 0.05267400
v 1.24688005 0.46669099 0.08269100
v 1.28105998 0.48779699 0.06593200
v 1.22601998 0.44941199 0.11602600
v 1.21238005 0.43572101 0.15420499
v 1.20747995 0.42678601 0.19807801
v 1.23793006 0.42832199 0.24847899
v 1.37320995 0.59919000 0.07190300
v 1.28351998 0.84579098 -0.15117601
v 1.29279995 0.80626899 -0.16477500
v 1.29867995 0.76826698 -0.18241900
v 1.19116998 0.60418999 -0.22138301
v 1.22417998 0.63539499 -0.21415301
v 1.25629997 0.66363001 -0.19920500
v 1.16022003 0.57295102 -0.23393700
v 1.29036999 0.69238901 -0.19925199
v 1.11548996 0.55889601 -0.29188800
v 1.08464003 0.73695701 -0.50184900
v 1.10731995 0.69927800 -0.48952800
v 1.06155002 0.77596003 -0.51092601
v 1.12479997 0.65860802 -0.48110801
v 1.26212001 0.43915701 0.28263801
v 1.31473994 0.59562802 0.31225500
v 1.31717002 0.63817400 0.32250300
v 1.31087005 0.53642201 0.30909300
v 1.31870997 0.67969400 0.33361599
v 1.31839001 0.72158200 0.34188899
v 1.31757998 0.76384401 0.34867701
v 1.30487001 0.49418101 0.30569100
v 0.95830703 0.81631398 -0.52254200
v 0.92423701 0.83437800 -0.53902102
v 0.89012003 0.85716301 -0.55663800
v 1.29922998 1.26463997 0.39534599
v 1.21217000 1.35739005 0.41234601
v 1.26367998 1.32999003 0.40914899
v 1.12627995 1.43842995 0.38089001
v 0.84434497 1.57587004 0.28488901
v 0.57418197 1.62934995 -0.06869900
v 1.33455002 1.24275005 0.37686801
v -0.63025600 0.65651101 -0.20312899
v -0.69804400 0.74871701 -0.18922600
v -0.77516299 0.81910402 -0.14499100
v -0.80150098 0.24480100 -0.06515800
v -0.91512698 0.92165202 -0.08099200
v -0.90285498 0.95689797 -0.05755300
v -0.89918298 0.90584201 -0.11911000
v -0.91442800 0.25836599 0.02812900
v -0.87475902 1.10288000 -0.04958400
v -0.81281501 -0.00568600 -0.12266400
v -0.79436201 -0.00545900 -0.16176599
v -0.77703899 -0.00272000 -0.20097600
v -0.76113898 0.01065600 -0.23746800
v -0.74545002 0.03866000 -0.26460299
v -0.73065901 0.07077400 -0.28484601
v -0.71647102 0.10468100 -0.30213800
v -0.70297301 0.13979600 -0.31924900
v -0.68927401 0.17812800 -0.32944801
v -0.67568201 0.21939100 -0.33222800
v -0.65757900 0.25692999 -0.32931599
v -0.94206703 0.03942100 0.00261800
v -0.96391702 0.06996000 0.02355200
v -0.98887098 0.06502700 0.06510000
v -1.01329994 0.05845800 0.10231200
v -1.03683996 0.05805200 0.13910300
v -1.05948997 0.06627800 0.17504901
v -0.92168999 0.00553000 -0.01161700
v -1.08173001 0.08349100 0.20746300
v -0.89737898 -0.00305300 -0.04581700
v -0.87607598 -0.00537600 -0.08147200
v -0.63726997 0.29331201 -0.32296801
v -0.62433600 0.33841601 -0.32350799
v -0.61020398 0.37989700 -0.33771199
v -0.59758502 0.42025501 -0.35180801
v -0.51060402 0.47074401 -0.41531599
v -0.54819900 0.46488801 -0.39015999
v -0.49928299 0.51154798 -0.42406800
v -0.44635800 0.56197500 -0.44690001
v -0.77061498 1.14435995 -0.08494100
v -0.67644501 1.24415004 -0.14171000
v -0.72187001 1.19719005 -0.10935500
v -0.52396798 1.24205005 -0.17645299
v -0.56754202 1.24695003 -0.17832799
v -0.61092901 1.24559999 -0.17953099
v -0.81845599 1.14268005 -0.08068700
v -0.50088900 1.22959995 -0.21317600
v -0.47812700 1.21395004 -0.24763800
v -0.45482099 1.19992006 -0.28197601
v -0.43027100 1.18595004 -0.31617200
v -0.40456000 1.17428994 -0.35362700
v -0.31728601 1.16670001 -0.43526801
v -0.27940801 1.15719998 -0.45797801
v -0.35520601 1.18144000 -0.41520199
v -0.25088000 1.14004004 -0.48771200
v -0.23137000 1.11777997 -0.52046603
v -0.23928000 0.91279501 -0.49328700
v -0.24304500 0.87253100 -0.47620600
v -0.23798200 0.95646298 -0.50846702
v -0.23468700 0.99996001 -0.52451199
v -0.23231700 1.04338002 -0.53945702
v -0.22266200 0.81506097 -0.45480201
v 0.22835000 0.83463198 -0.49053201
v 0.18651301 0.82338101 -0.48599601
v 0.14369801 0.81392097 -0.48473400
v 0.10119800 0.80411702 -0.48178101
v 0.05795100 0.79516602 -0.48232701
v 0.27059799 0.84659201 -0.49546301
v -0.01437000 0.81748301 -0.46978599
v 0.31235099 0.85865498 -0.50379902
v 0.35208899 0.87223703 -0.51590598
v 0.39152199 0.88645500 -0.52789301
v 0.46626499 1.02479005 -0.51276702
v 0.53398597 1.16896999 -0.51480699
v 0.52428401 1.12609005 -0.52015299
v 0.51378298 1.08351004 -0.52577698
v 0.45591700 0.98166800 -0.51818198
v 0.54414099 1.21149004 -0.50931299
v 0.44318500 0.94042999 -0.52843100
v 0.55430698 1.25381005 -0.50403100
v -0.05777600 0.81004399 -0.46974701
v 0.56424099 1.29639006 -0.50002199
v 0.57564700 1.33849001 -0.49431100
v -0.10170500 0.80321699 -0.47172400
v -0.14566100 0.79569399 -0.47272900
v 0.58890700 1.37918997 -0.48564500
v 0.60256702 1.41927004 -0.47704899
v 0.47160599 0.75978303 -0.56873101
v 0.43851301 0.78829700 -0.56387800
v 0.85677099 0.88244098 -0.57595003
v 1.40491998 0.75086898 0.07419500
v 1.40483999 0.70821398 0.08023500
v 1.40480995 0.66525900 0.08300300
v 1.29114997 0.91637099 -0.05752000
v 1.31395996 0.50918901 0.05229300
v 1.22035003 0.42532101 0.21626700
v 1.40199006 0.62254101 0.08887900
v 1.32964003 0.76003700 -0.19611201
v 1.13769996 0.54339200 -0.25596300
v 1.32810998 0.72009802 -0.20728600
v 1.12767005 0.59406602 -0.43692699
v 1.11312997 0.57011497 -0.40400001
v 1.11301005 0.55130702 -0.36584300
v 1.11758995 0.53328401 -0.32607201
v 1.03464997 0.81496203 -0.51024097
v 1.14259005 0.61865097 -0.47097301
v 1.29814005 0.45278099 0.30112600
v 1.31280005 0.56602502 0.31067401
v 1.30160999 1.30802000 0.39715999
v 1.23793006 1.34369004 0.41074699
v 0.88279802 1.56365001 0.30152500
v 0.92048001 1.55302000 0.32083201
v 0.95871902 1.54148996 0.33906701
v 0.99880499 1.52749002 0.35035700
v 1.03928995 1.51358998 0.36076799
v 1.07981002 1.49826002 0.36758599
v 1.11971998 1.48259997 0.37426499
v 0.58352101 1.64340997 -0.02879000
v 0.60418802 1.64770997 0.00921900
v 0.56232202 1.62594998 -0.17922600
v 0.57162100 1.64249003 -0.13976900
v 0.58358198 1.65570998 -0.10036100
v 0.55707300 1.60635996 -0.21802799
v 0.62610400 1.65079999 0.04660000
v 0.55125898 1.59011996 -0.25782001
v 0.65357000 1.64833999 0.08095500
v 0.68210000 1.64508998 0.11497200
v 0.71095699 1.64110005 0.14894199
v 0.55150700 1.57139003 -0.29660201
v 0.55736899 1.55214000 -0.33374199
v 0.74090499 1.63567996 0.18099999
v 0.77170002 1.63111997 0.21250300
v 0.80566102 1.62302995 0.23924901
v 0.84201199 1.61256003 0.26133499
v 0.56847799 1.53076005 -0.36874601
v 0.58167303 1.50669003 -0.40288499
v 1.16395998 1.42123997 0.39151701
v 1.20077002 1.40445995 0.40232101
v 0.59785599 1.48313999 -0.43549499
v 1.35150003 0.87094498 0.34591401
v 1.34909999 0.82760298 0.34029701
v 1.35599005 0.91413897 0.35285100
v 1.36056006 0.95691401 0.35959899
v 1.36257994 1.00049996 0.36087799
v 1.36460996 1.04435003 0.36105901
v 1.36784005 1.08815002 0.36478800
v 1.36830997 1.13227999 0.36320701
v 1.36974001 1.17646003 0.36260799
v 1.37101996 1.22068000 0.36169100
v 1.34746003 0.78519201 0.33339599
v -0.65731800 0.43413699 -0.17038600
v -0.65332597 0.47453800 -0.18280400
v -0.64279503 0.51393700 -0.19585600
v -0.62459302 0.55032498 -0.20862500
v -0.65969199 0.39365000 -0.15788500
v -0.61147898 0.58884698 -0.22025201
v -0.61341703 0.62850100 -0.23274000
v -0.64642400 0.69585800 -0.21477599
v -0.66504699 0.35422099 -0.14447500
v -0.67261499 0.72624201 -0.21557300
v -0.75108200 0.80408800 -0.17541300
v -0.72508401 0.78490102 -0.20285000
v -0.68237698 0.32532501 -0.12006100
v -0.69979697 0.29716200 -0.09391200
v -0.80512297 0.84851402 -0.15123700
v -0.74350899 0.28627899 -0.09563500
v -0.78630298 0.27539599 -0.09482000
v -0.83936000 0.87484002 -0.15984599
v -0.88833499 0.23098500 0.00205900
v -0.86160100 0.20848601 -0.03000400
v -0.84433502 0.23513401 -0.06187000
v -0.87442899 0.89382201 -0.15598100
v -0.90912402 1.03383005 -0.03805200
v -0.91325301 0.99870300 -0.07063700
v -0.98366803 0.27374801 0.06076600
v -1.00747001 0.27794799 0.09898700
v -0.95839000 0.25769299 0.02617000
v -1.03041005 0.27651700 0.13783699
v -1.05204999 0.25830701 0.17409500
v -1.07327998 0.23572800 0.20701100
v -1.09450996 0.20224500 0.22995900
v -1.11871004 0.16000000 0.23714900
v -0.91194201 1.07869995 -0.05512000
v -0.85626501 -0.00483500 -0.11882900
v -1.12424004 0.08954300 0.20492500
v -0.58456099 0.46078801 -0.36388099
v -0.48597699 0.55187500 -0.42938799
v -0.76017201 1.17581999 -0.11122500
v -0.71561402 1.22531998 -0.14283900
v -0.65379101 1.24274004 -0.18089500
v -0.86369801 1.13367999 -0.07955100
v -0.40019301 1.19392002 -0.40129900
v -0.23232500 1.08739996 -0.55241799
v -0.26341501 0.84743202 -0.45010999
v -0.18898600 0.78487802 -0.46779701
v 0.01444800 0.78777701 -0.48454899
v 0.43063501 0.90082198 -0.54006499
v 0.50228298 1.04146004 -0.53190303
v 0.61771399 1.45827997 -0.46627700
v 0.51293099 0.77428198 -0.57523400
v 0.55382502 0.78906500 -0.57599998
v 0.59416300 0.80346298 -0.58415598
v 0.63490403 0.81772602 -0.59138101
v 0.28427601 0.77724499 -0.52390099
v 0.24213500 0.76547003 -0.51672101
v 0.20012000 0.75376803 -0.50846797
v 0.15824200 0.74263000 -0.50061601
v 0.11566300 0.73253697 -0.49577400
v 0.07297800 0.72387803 -0.49394900
v 0.02969800 0.71553397 -0.49253300
v -0.01272800 0.70774400 -0.49570799
v 0.32583299 0.78969002 -0.53136802
v -0.05533400 0.69894600 -0.49685800
v -0.09853500 0.68934202 -0.49695599
v -0.14099400 0.67991298 -0.49688700
v -0.18387800 0.67029798 -0.49627301
v -0.22625899 0.66040701 -0.49445301
v -0.26892099 0.64964497 -0.49113801
v -0.31194299 0.63858199 -0.48650700
v -0.35245901 0.62734902 -0.47410601
v 0.36627701 0.80335802 -0.54203701
v 0.40744200 0.81674600 -0.55248898
v -0.39346299 0.61632597 -0.46503699
v 0.67606801 0.83182597 -0.59391898
v -0.43242499 0.60392702 -0.44846499
v 0.73622298 0.88040102 -0.59829098
v 0.77934402 0.89502102 -0.59578699
v 0.82227099 0.90871501 -0.58920300
v 1.00188005 0.84963298 -0.51785499
v 1.31651998 0.89044899 -0.03131800
v 1.34066999 0.85459697 -0.01324400
v 1.36357999 0.82914901 0.00651400
v 1.38079000 0.80959499 0.03655700
v 1.41207004 0.79364002 0.06811900
v 1.30922997 0.91021401 -0.11744200
v 1.31710994 0.87443900 -0.13949800
v 1.31051004 0.94040900 -0.09015300
v 1.38227999 0.55703402 0.06272800
v 1.34916997 0.53289998 0.05410600
v 1.28260005 0.44811100 0.07129000
v 1.24809003 0.42199701 0.09033000
v 1.31719995 0.46827900 0.05558300
v 1.23259997 0.40683901 0.12915000
v 1.22069001 0.39540800 0.16778401
v 1.21364999 0.38777301 0.20876700
v 1.23186004 0.38429400 0.24324800
v 1.25556004 0.39664999 0.27925000
v 1.41147995 0.58006102 0.08116900
v 1.32728004 0.83637398 -0.15730099
v 1.33253002 0.79834402 -0.17719300
v 1.23442996 0.59211898 -0.21575999
v 1.20365000 0.56186002 -0.22385401
v 1.26654994 0.62063903 -0.20502800
v 1.30025995 0.64943302 -0.20570400
v 1.17519999 0.53126800 -0.23474000
v 1.33371997 0.67826599 -0.21433200
v 1.12881994 0.51596600 -0.28709999
v 1.12302005 0.72797799 -0.51840198
v 1.10027003 0.76836401 -0.52865601
v 1.14499998 0.69052100 -0.50458097
v 1.07193995 0.80794400 -0.53887200
v 1.16209996 0.64851999 -0.49731800
v 1.29078996 0.41194201 0.29886499
v 1.34774995 0.58004099 0.30331799
v 1.34948003 0.61962903 0.30625001
v 1.35259998 0.66104501 0.31455901
v 1.34377003 0.50656700 0.30220699
v 1.34644997 0.54543501 0.30252299
v 1.35257995 0.70317602 0.32120001
v 1.34832001 0.74359000 0.32693401
v 1.33846998 0.46633101 0.30125499
v 0.96205699 0.84729898 -0.52731502
v 0.92798698 0.87186599 -0.54360503
v 0.89565200 0.89639503 -0.56314301
v 1.33631003 1.28618002 0.37791899
v 1.26742005 1.36953998 0.40241799
v 1.30252004 1.35000002 0.39313000
v 1.15839005 1.46607995 0.38154301
v 0.87855798 1.60223997 0.28260499
v 0.59691101 1.66733003 -0.06169300
v 1.23538995 1.38609004 0.40353099
v 1.37220001 1.26454997 0.36111900
v -0.62995499 0.66750598 -0.24848300
v -0.70269501 0.75660098 -0.22957700
v -0.78232098 0.83308899 -0.18348600
v -0.82867599 0.26446599 -0.09188700
v -0.93533802 0.95672601 -0.08557800
v -0.93636698 0.93588501 -0.12154100
v -0.90709198 0.92185903 -0.15549099
v -0.93150198 0.22440800 0.00640900
v -1.14414001 0.12316700 0.22524901
v -0.90621901 1.11822999 -0.08050500
v -0.83759803 -0.00485000 -0.15731101
v -0.82012898 -0.00363700 -0.19653900
v -0.80353600 0.01208800 -0.23196600
v -0.78785199 0.03807100 -0.26045200
v -0.77307302 0.06989300 -0.28057799
v -0.75941902 0.10230700 -0.29572499
v -0.74616700 0.13605900 -0.30797699
v -0.73269600 0.17314699 -0.31944901
v -0.72092700 0.21429400 -0.32473999
v -0.70745802 0.25621000 -0.31451300
v -0.67360401 0.27565700 -0.31596899
v -0.98762202 0.04131900 0.00340600
v -0.96588200 0.00906900 -0.01547400
v -1.01022995 0.07256400 0.02590500
v -1.03337002 0.06991500 0.06581600
v -1.05752003 0.06211100 0.10115600
v -1.08071005 0.06132200 0.13756800
v -1.10314000 0.06769900 0.17490700
v -0.94129801 -0.00182800 -0.04543400
v -0.91945302 -0.00606500 -0.07882200
v -0.89958298 -0.00502900 -0.11514200
v -0.65744698 0.31236500 -0.30091000
v -0.63808799 0.37875801 -0.30050099
v -0.62877500 0.41754001 -0.31837299
v -0.61829901 0.45746401 -0.33467001
v -0.53614700 0.50390798 -0.40205801
v -0.56900197 0.50067002 -0.37229699
v -0.52518499 0.54302198 -0.40968001
v -0.47197801 0.59265202 -0.43069300
v -0.80462098 1.16708004 -0.11076900
v -0.69611102 1.23267996 -0.18219601
v -0.75042498 1.20027006 -0.14409800
v -0.54442698 1.23697996 -0.21686600
v -0.58809799 1.23995996 -0.21952100
v -0.63143897 1.23826003 -0.22087701
v -0.85059899 1.16450000 -0.10690300
v -0.52148801 1.22195995 -0.25226200
v -0.49860901 1.20594001 -0.28678200
v -0.47479799 1.19252002 -0.32066599
v -0.45005700 1.17147005 -0.34862700
v -0.42499599 1.16321003 -0.38005900
v -0.34907401 1.19628000 -0.45333099
v -0.31159401 1.18570006 -0.47174099
v -0.27687201 1.17477000 -0.49701300
v -0.39036199 1.20699000 -0.44188800
v -0.25078201 1.15631998 -0.52799797
v -0.23663200 1.13127005 -0.56193399
v -0.26203400 0.91750199 -0.53369403
v -0.27159601 0.87202299 -0.51308697
v -0.27968401 0.85079002 -0.49839300
v -0.25321999 0.96454602 -0.54987502
v -0.24884400 1.00746000 -0.56475401
v -0.24300601 1.05242002 -0.58005798
v -0.26522699 0.80437899 -0.45362699
v -0.23194200 0.77459002 -0.46638200
v 0.25555301 0.80664402 -0.50872099
v 0.21358000 0.79555202 -0.50385702
v 0.17127100 0.78466201 -0.49917799
v 0.12958200 0.77358902 -0.49220800
v 0.08672000 0.76414198 -0.49045300
v 0.04357000 0.75609100 -0.49277499
v 0.29732901 0.81852299 -0.51465499
v -0.02884000 0.78005099 -0.48424101
v 0.33855200 0.83193201 -0.52511102
v 0.37790999 0.84600800 -0.53965503
v 0.41786900 0.86066502 -0.55040002
v 0.49224201 0.99859703 -0.53597897
v 0.56146699 1.14163005 -0.53899997
v 0.57164103 1.18420005 -0.53369898
v 0.55023098 1.09978998 -0.54571599
v 0.53965700 1.05802000 -0.54959202
v 0.48220700 0.95538002 -0.54031301
v 0.58056998 1.22718000 -0.53022099
v 0.47006899 0.91437602 -0.55027801
v 0.58938402 1.26972997 -0.52795798
v -0.07174100 0.77204800 -0.48427299
v 0.60083997 1.31177998 -0.52207899
v 0.61261803 1.35362005 -0.51518703
v -0.11508400 0.76362401 -0.48443300
v -0.15825000 0.75434202 -0.48269001
v 0.62615401 1.39384997 -0.50568700
v 0.64060903 1.43272996 -0.49506801
v 0.47960100 0.80242997 -0.57128400
v 0.44770601 0.83130401 -0.56450403
v 0.68957901 0.86984599 -0.59995598
v 0.86288202 0.92291802 -0.57925898
v 1.43968999 0.77710599 0.10552800
v 1.43434000 0.73276699 0.10496300
v 1.43620002 0.68912899 0.10531000
v 1.43474996 0.64524102 0.10853700
v 1.33229005 0.93900901 -0.05685600
v 1.35355997 0.49080601 0.05329700
v 1.43717003 0.60167003 0.10508200
v 1.36576998 0.74716097 -0.21703900
v 1.37089002 0.78698897 -0.19911200
v 1.15342999 0.50105500 -0.25338501
v 1.36627996 0.70603901 -0.22826700
v 1.15867996 0.57823497 -0.46020001
v 1.14054000 0.55206400 -0.42952201
v 1.12565994 0.52733600 -0.39755601
v 1.12574005 0.50822002 -0.36080000
v 1.12715006 0.48922801 -0.32013500
v 1.04251003 0.84721202 -0.53905702
v 1.18138003 0.60934198 -0.48438901
v 1.33081996 0.42594901 0.30537799
v 1.33722997 1.32884002 0.37712601
v 0.91510201 1.59230006 0.30419001
v 0.95187300 1.58229005 0.32596901
v 0.99134898 1.56956005 0.34093001
v 1.03205001 1.55507004 0.34977800
v 1.07281005 1.54010999 0.35698900
v 1.11317003 1.52533996 0.36488199
v 1.15302002 1.51118004 0.37512600
v 0.61362499 1.67496002 -0.02359800
v 0.63555199 1.67764997 0.01301400
v 0.59102201 1.66117001 -0.17242600
v 0.58424503 1.64240003 -0.21128000
v 0.60342097 1.67439997 -0.13245800
v 0.61398202 1.68859994 -0.09421000
v 0.58174098 1.62116003 -0.24914400
v 0.65866500 1.67923999 0.04970400
v 0.57717401 1.60345995 -0.28845400
v 0.68578398 1.67692006 0.08430900
v 0.71299899 1.67484999 0.11974300
v 0.74332100 1.66942000 0.15249000
v 0.57896101 1.58542001 -0.32654899
v 0.59185398 1.56755996 -0.36002201
v 0.77276099 1.66517997 0.18485001
v 0.80520701 1.65845001 0.21378800
v 0.84143198 1.64673996 0.23508000
v 0.87741101 1.63716996 0.25725001
v 0.60312998 1.54723001 -0.39344600
v 0.61579603 1.52209997 -0.42519000
v 1.19523001 1.44832003 0.38886499
v 1.22905004 1.42885995 0.39580199
v 0.63199300 1.49837005 -0.45702001
v 1.38341999 0.89201403 0.32806399
v 1.37883997 0.84859902 0.32272699
v 1.37427998 0.80581999 0.31527299
v 1.39045000 0.93449801 0.33616000
v 1.39629996 0.97739202 0.34283501
v 1.39830005 1.02127004 0.34387800
v 1.40146995 1.06508994 0.34610000
v 1.40311003 1.10942996 0.34612000
v 1.40555000 1.15374994 0.34760699
v 1.40658998 1.19819999 0.34555000
v 1.40767002 1.24267006 0.34399900
v 1.37144005 0.76266301 0.30935401
v -0.67049903 0.44610399 -0.21095400
v -0.67198300 0.40399000 -0.19826600
v -0.65557802 0.48387101 -0.22659799
v -0.63501400 0.51976502 -0.23916200
v -0.61789697 0.55814201 -0.25051901
v -0.68102801 0.36109701 -0.18693399
v -0.60446799 0.59846401 -0.26113799
v -0.60822600 0.63947499 -0.27474400
v -0.64794898 0.70046198 -0.24254601
v -0.70380598 0.32556099 -0.16639601
v -0.67634100 0.73068398 -0.25238100
v -0.75806701 0.81518698 -0.21236700
v -0.72956699 0.79343599 -0.24060200
v -0.72486001 0.30809799 -0.12933999
v -0.81276000 0.86331201 -0.19273400
v -0.76950300 0.29561901 -0.13037200
v -0.81266099 0.28562900 -0.12792300
v -0.87119597 0.91135502 -0.17651001
v -0.90346998 0.19433001 -0.02860600
v -0.88690001 0.22281700 -0.05937800
v -0.87138498 0.25377801 -0.08760100
v -0.93292701 1.03985000 -0.07295200
v -0.94174802 0.98680699 -0.11571900
v -1.02767003 0.26983300 0.06121900
v -1.00276995 0.25277901 0.02853500
v -1.05174005 0.27981099 0.09867800
v -0.97620100 0.22378901 0.00651100
v -1.07368004 0.27240801 0.13800000
v -1.09421003 0.25122201 0.17157300
v -1.11637998 0.22849900 0.20224699
v -1.13952994 0.19864599 0.22784799
v -1.16430998 0.16227500 0.23753300
v -0.93211800 1.08497000 -0.09427800
v -0.88075900 -0.00406400 -0.15283699
v -1.16798997 0.09032800 0.20644601
v -1.14763999 0.06857700 0.17417701
v -0.65820801 0.34552699 -0.28548801
v -0.60165602 0.49793899 -0.34472400
v -0.51084900 0.58222699 -0.41376400
v -0.79046398 1.18815005 -0.14303300
v -0.73569202 1.21051002 -0.18298800
v -0.67382997 1.23130000 -0.21992300
v -0.90064698 1.15675998 -0.10460900
v -0.40902400 1.14753997 -0.41165400
v -0.39414099 1.16690004 -0.44376999
v -0.24122700 1.09698999 -0.59507602
v -0.30054700 0.82445198 -0.46695700
v -0.20090500 0.74455202 -0.48111999
v 0.00000400 0.74812597 -0.49189499
v 0.45829099 0.87353700 -0.55897701
v 0.53002298 1.01451004 -0.55203497
v 0.65489298 1.47188997 -0.48328099
v 0.52076000 0.81685197 -0.57691097
v 0.56179702 0.83128101 -0.58302802
v 0.60325497 0.84564102 -0.58929199
v 0.64578998 0.85849601 -0.59482002
v -0.04226300 0.74103302 -0.49702799
v -0.08497000 0.73169500 -0.49272799
v -0.12828100 0.72224402 -0.49269301
v -0.17081800 0.71246397 -0.48995799
v -0.21326500 0.70254201 -0.48824400
v -0.25537500 0.69164598 -0.48338699
v -0.29694799 0.68036002 -0.47702399
v -0.33854899 0.66922599 -0.46984899
v -0.37902400 0.65734500 -0.45821500
v -0.41905701 0.64579600 -0.44583201
v -0.45823899 0.63338101 -0.43124300
v 0.74291801 0.92466998 -0.60062897
v 0.69846803 0.91185600 -0.60170400
v 0.78655303 0.93765903 -0.59550202
v 0.82974499 0.95051199 -0.59460402
v 0.96646303 0.88454401 -0.53160101
v 1.35011005 0.89141101 -0.02099100
v 1.37873006 0.86735201 -0.00768000
v 1.39512002 0.84713900 0.02317100
v 1.41009998 0.82771099 0.05473600
v 1.45032001 0.82195902 0.10774000
v 1.34275997 0.93527502 -0.10579000
v 1.34437001 0.90635800 -0.13211299
v 1.35801005 0.87061900 -0.15253900
v 1.35026002 0.96550500 -0.08559400
v 1.36008000 0.92536998 -0.03349600
v 1.41805005 0.53651500 0.07777700
v 1.38645005 0.51358497 0.06701000
v 1.28032005 0.41200900 0.07335700
v 1.31708002 0.42859501 0.05939000
v 1.24210000 0.37457401 0.10170900
v 1.35540998 0.44796601 0.05655900
v 1.23224998 0.36386600 0.14069900
v 1.22005999 0.35441899 0.18015800
v 1.22270000 0.34043300 0.23711801
v 1.24924004 0.35398200 0.28012899
v 1.28126001 0.37135401 0.30190101
v 1.43915999 0.55752701 0.10434200
v 1.37081003 0.83204401 -0.17236200
v 1.24646997 0.54962099 -0.21831700
v 1.27671003 0.57828802 -0.21160500
v 1.21728003 0.51975203 -0.22530600
v 1.30960000 0.60745001 -0.21254800
v 1.34046996 0.63649899 -0.22299100
v 1.18856001 0.48930499 -0.22907799
v 1.37193000 0.66390997 -0.23459600
v 1.13979995 0.47238201 -0.28110501
v 1.14348996 0.76204902 -0.53732598
v 1.16524994 0.72324800 -0.52744800
v 1.11626005 0.80361098 -0.55142301
v 1.18624997 0.68559498 -0.51450902
v 1.08302999 0.84698701 -0.55920702
v 1.20516002 0.64544499 -0.50484198
v 1.32167006 0.38547099 0.30898601
v 1.37837994 0.59994501 0.28555399
v 1.37926996 0.55914903 0.28781399
v 1.38266003 0.64217597 0.29130000
v 1.38320994 0.68614298 0.29291099
v 1.37773001 0.47942099 0.29156399
v 1.38011003 0.51963502 0.29012501
v 1.38765001 0.73318303 0.29174700
v 1.37159002 0.43876201 0.29682401
v 0.93355399 0.91073298 -0.54983598
v 0.90181601 0.93676502 -0.56786001
v 1.37188005 1.30812001 0.35879201
v 1.26432002 1.40986001 0.39292201
v 1.30069995 1.39135003 0.38669801
v 1.33596003 1.37134004 0.37424001
v 1.19382000 1.49580002 0.37882099
v 0.91149998 1.62988997 0.28292000
v 0.62675601 1.69937003 -0.05673000
v 1.40850997 1.28685999 0.34390599
v -0.62478799 0.67810202 -0.29216799
v -0.64947498 0.70506698 -0.27031600
v -0.70086998 0.76232898 -0.27054101
v -0.78612500 0.84853500 -0.22201000
v -0.83768803 0.90017200 -0.20185800
v -0.85531199 0.27553400 -0.12277200
v -0.92973697 0.96273702 -0.15778901
v -0.89362103 0.95159602 -0.18392099
v -0.94917500 0.18918300 -0.01660500
v -0.90465403 1.01502001 -0.10453700
v -1.19195998 0.12804700 0.22555400
v -0.92395997 1.12084997 -0.12329800
v -0.86295599 -0.00310900 -0.19157600
v -0.84613198 0.01127000 -0.22806700
v -0.82983601 0.03816300 -0.25671700
v -0.81417501 0.07205400 -0.27702299
v -0.79610097 0.11615900 -0.29579800
v -0.77755600 0.16619100 -0.31125399
v -0.76393503 0.20589700 -0.31454000
v -0.74936801 0.24555700 -0.30508399
v -0.69522101 0.29426101 -0.29180199
v -1.03236997 0.04109400 0.00560400
v -1.01171005 0.00887400 -0.01543800
v -0.99540102 -0.00396700 -0.05648800
v -1.05554998 0.06749400 0.03070100
v -1.07903004 0.06998800 0.06589500
v -1.10326004 0.06466800 0.09934500
v -1.12550998 0.06296500 0.13630900
v -0.96195197 -0.00568300 -0.07431700
v -0.94226497 -0.00501200 -0.11063600
v -0.92373699 -0.00434500 -0.14816301
v -0.68150800 0.31903100 -0.26505601
v -0.65574902 0.41603601 -0.28183800
v -0.66499197 0.37892100 -0.26438901
v -0.64672500 0.45560101 -0.29797700
v -0.62965900 0.49487001 -0.31044400
v -0.55807698 0.53795898 -0.38407201
v -0.58661801 0.53976899 -0.35497800
v -0.54573601 0.57253599 -0.38928899
v -0.49644199 0.62247097 -0.41327101
v -0.83351898 1.18294001 -0.14219600
v -0.71458501 1.21145999 -0.21692100
v -0.77290100 1.19152999 -0.17991900
v -0.56528801 1.22438002 -0.25575000
v -0.60881299 1.22486997 -0.25876099
v -0.65209001 1.22351003 -0.26016399
v -0.87856400 1.17859006 -0.14002900
v -0.54261100 1.20913005 -0.29108399
v -0.51895100 1.19102001 -0.32311499
v -0.49392700 1.17131996 -0.35083300
v -0.46863699 1.14910996 -0.37420300
v -0.44385701 1.13055003 -0.39642400
v -0.38282999 1.21875000 -0.47907701
v -0.34319201 1.21440005 -0.48798901
v -0.30749100 1.20386004 -0.50958401
v -0.27582601 1.19145000 -0.53651500
v -0.38246199 1.18815005 -0.47760299
v -0.25155100 1.17198002 -0.56867498
v -0.24232900 1.14407003 -0.60382903
v -0.27884600 0.93540698 -0.53767300
v -0.28593400 0.91012502 -0.49636900
v -0.30282801 0.87009102 -0.46846300
v -0.28532499 0.97942698 -0.57752299
v -0.27056399 1.01767004 -0.59993398
v -0.26826200 1.05741000 -0.61604500
v -0.27364600 0.76380599 -0.46268401
v -0.30635700 0.79296899 -0.44340199
v -0.24275801 0.73341501 -0.47570100
v 0.51968300 0.97147298 -0.55615503
v 0.58780801 1.11451006 -0.56356198
v 0.59859502 1.15699995 -0.55726701
v 0.60819101 1.19981003 -0.55315101
v 0.57762903 1.07193005 -0.56776899
v 0.56794798 1.02965999 -0.56896001
v 0.50933403 0.92874700 -0.56117201
v 0.61798501 1.24289000 -0.54902399
v 0.49868399 0.88726997 -0.56832802
v 0.62816000 1.28472996 -0.54614902
v 0.63920897 1.32685006 -0.54003000
v 0.65268499 1.36747003 -0.53038400
v 0.66628498 1.40722001 -0.52011001
v 0.68009502 1.44588995 -0.50896198
v 0.48851401 0.84551299 -0.57295501
v 0.65466201 0.90005600 -0.59843802
v 0.86982602 0.96446198 -0.58309299
v 1.02748001 0.87083799 -0.53294098
v 1.00476003 0.89889902 -0.52409601
v 1.43680000 0.84552300 0.07808000
v 1.45835996 0.79966903 0.14131001
v 1.45375001 0.75530398 0.13938500
v 1.45424998 0.71130902 0.13743199
v 1.45378995 0.66781402 0.13901600
v 1.45368004 0.62257302 0.13774000
v 1.37338996 0.95822001 -0.05512600
v 1.39020002 0.47015101 0.06520400
v 1.27740002 0.38392699 0.07988200
v 1.45346999 0.57832199 0.13722500
v 1.39830005 0.73176903 -0.24276800
v 1.40011001 0.77276802 -0.23178700
v 1.40680003 0.81152397 -0.21585800
v 1.16770995 0.45863199 -0.24834900
v 1.40152001 0.68979001 -0.24899399
v 1.19903004 0.57051200 -0.46714500
v 1.17322004 0.53691697 -0.45019600
v 1.15461004 0.51010102 -0.42179900
v 1.14069998 0.48495099 -0.39097899
v 1.13679004 0.46518901 -0.35347700
v 1.14247000 0.44694600 -0.31432801
v 1.05733001 0.88136101 -0.55620402
v 1.22318995 0.60392201 -0.49375400
v 1.36203003 0.39802000 0.29958901
v 1.37004995 1.35088003 0.35640001
v 0.94743401 1.62066996 0.30590799
v 0.98497599 1.61040998 0.32717600
v 1.02561998 1.59635997 0.33715701
v 1.06651998 1.58080995 0.34225801
v 1.10676003 1.56735003 0.35247800
v 1.14709997 1.55405998 0.36269000
v 1.18826997 1.53916001 0.36605701
v 0.64564198 1.70422995 -0.02036900
v 0.66745800 1.70674002 0.01594500
v 0.62279701 1.69321001 -0.16494900
v 0.61628097 1.67375004 -0.20426600
v 0.60935497 1.65524006 -0.24299200
v 0.63191599 1.70948005 -0.12618700
v 0.64410198 1.72116995 -0.08862900
v 0.60328197 1.63682997 -0.28159800
v 0.68996102 1.70885003 0.05326100
v 0.60452098 1.61216998 -0.31811199
v 0.71801502 1.70551002 0.08762400
v 0.74564600 1.70314002 0.12295700
v 0.77603197 1.69780004 0.15542699
v 0.60462898 1.58649004 -0.35626301
v 0.63327801 1.58657002 -0.38249201
v 0.80708802 1.69239998 0.18616100
v 0.84049398 1.68368006 0.21193001
v 0.87496901 1.67457998 0.23574300
v 0.90994298 1.66577995 0.25854301
v 0.63912100 1.55908000 -0.41500199
v 0.65089202 1.53488004 -0.44452301
v 1.21746004 1.46688998 0.38525701
v 1.25627995 1.45010996 0.38521299
v 0.67008102 1.50976002 -0.47125801
v 1.40932000 0.86932600 0.30216801
v 1.41524994 0.91239202 0.30804101
v 1.40319002 0.82630301 0.29662600
v 1.39767003 0.78157800 0.29265499
v 1.42426002 0.95468700 0.31679901
v 1.42969000 0.99814701 0.32169500
v 1.43514001 1.04174995 0.32570499
v 1.43764997 1.08623004 0.32759401
v 1.43903995 1.13083994 0.32823899
v 1.44175005 1.17545998 0.32937601
v 1.44205999 1.22025001 0.32644400
v 1.44502997 1.26489997 0.32957801
v -0.66296500 0.45179099 -0.25659201
v -0.67409402 0.41329101 -0.24115500
v -0.68264598 0.37517899 -0.22563800
v -0.64056802 0.48730299 -0.26870501
v -0.62062001 0.52555501 -0.28022799
v -0.61136401 0.56816900 -0.29204100
v -0.69816500 0.33805501 -0.21335199
v -0.59538299 0.61047202 -0.30090800
v -0.59517902 0.65346199 -0.31365201
v -0.75124902 0.30922499 -0.16897599
v -0.66853201 0.74098903 -0.28896901
v -0.76020801 0.83134401 -0.24853800
v -0.71436697 0.79695201 -0.28820699
v -0.80940002 0.88526499 -0.23195501
v -0.79564101 0.29876399 -0.16669101
v -0.83826202 0.28791600 -0.16266599
v -0.86041301 0.93848801 -0.21027800
v -0.92852098 0.20941500 -0.05673800
v -0.91338199 0.24102600 -0.08538800
v -0.89762700 0.26531899 -0.11884300
v -0.93229401 1.04929996 -0.10873100
v -0.90004498 1.00610006 -0.14716700
v -1.04714000 0.24955399 0.02910900
v -1.07090998 0.26348001 0.06205700
v -1.02218997 0.22409301 0.00278800
v -1.09291005 0.26463899 0.09950400
v -0.99562198 0.19577099 -0.02110200
v -1.11496997 0.26239899 0.13613901
v -1.13686001 0.24914500 0.17009699
v -1.15943003 0.23014399 0.20149100
v -1.18410003 0.20200799 0.22347900
v -1.21208000 0.17030001 0.23198500
v -0.92563999 1.07834995 -0.13744999
v -0.90583497 -0.00290700 -0.18648900
v -0.73470801 0.28235599 -0.28466901
v -1.20829999 0.09610800 0.20614401
v -1.19216001 0.07012500 0.17360801
v -1.17119002 0.06216300 0.13508300
v -0.68175602 0.34678301 -0.24815799
v -0.61131299 0.53483701 -0.32136801
v -0.53268701 0.61077100 -0.39310601
v -0.81227398 1.18066001 -0.17789599
v -0.71641701 1.19341004 -0.22540100
v -0.74568301 1.17251003 -0.20614500
v -0.69046599 1.21022999 -0.25057200
v -0.92482501 1.16246998 -0.14960000
v -0.38582599 1.12172997 -0.44571400
v -0.42010501 1.10788000 -0.41939601
v -0.36965600 1.14914000 -0.47802299
v -0.24530201 1.11320996 -0.63264197
v -0.29565901 0.95331103 -0.54165101
v -0.34053299 0.82871199 -0.45902401
v -0.27145499 1.09062004 -0.64166898
v 0.55817902 0.98700601 -0.57099801
v 0.69370002 1.48461998 -0.49671099
v 0.52977598 0.85943800 -0.57848501
v 0.57089299 0.87285203 -0.58661097
v 0.61240399 0.88682598 -0.59152800
v -0.28359199 0.72086501 -0.46576801
v -0.32510200 0.71049500 -0.46076301
v -0.36362201 0.69679099 -0.44647300
v -0.40441999 0.68547601 -0.43779400
v -0.44415200 0.67390901 -0.42661500
v -0.48287201 0.66352397 -0.41460100
v 0.75050497 0.96716499 -0.60337800
v 0.70640600 0.95440298 -0.60443997
v 0.66213697 0.94178098 -0.60656601
v 0.79413700 0.98009199 -0.59968197
v 0.83674002 0.99343902 -0.59442300
v 0.97144598 0.92476600 -0.53823698
v 1.38301003 0.90906501 -0.00608400
v 1.40490997 0.88729203 0.01743500
v 1.42426002 0.86611402 0.04640900
v 1.47249997 0.84173203 0.14076699
v 1.46130002 0.86517799 0.10755000
v 1.36491001 0.93990600 -0.12078400
v 1.37984002 0.91022903 -0.14951199
v 1.39599001 0.87775499 -0.17508399
v 1.37562001 0.99783301 -0.07828600
v 1.39189005 0.94778001 -0.01630700
v 1.45122004 0.51485503 0.10100100
v 1.42492998 0.49268600 0.07502600
v 1.31375003 0.39085200 0.06370700
v 1.35364997 0.40501800 0.06210200
v 1.26382005 0.34277701 0.08223500
v 1.23861003 0.33209199 0.11277600
v 1.38998997 0.42472801 0.07266500
v 1.22413003 0.32235199 0.15022101
v 1.21387005 0.31424999 0.19184700
v 1.24229002 0.31259400 0.29171401
v 1.27305996 0.33078200 0.30735299
v 1.31323004 0.34517500 0.31325799
v 1.46032000 0.53508198 0.13542899
v 1.41524005 0.84909600 -0.20355199
v 1.25948000 0.50741100 -0.21595100
v 1.28908002 0.53685302 -0.21610300
v 1.32007003 0.56622499 -0.21700200
v 1.23000002 0.47762600 -0.21955900
v 1.35027003 0.59505701 -0.22672699
v 1.37825000 0.62230003 -0.24332900
v 1.20217001 0.44761899 -0.22033399
v 1.40566003 0.64818603 -0.25999501
v 1.15542996 0.42997000 -0.27589500
v 1.16593003 0.79691100 -0.54850900
v 1.18710005 0.76062799 -0.53789598
v 1.20866001 0.72293299 -0.52811700
v 1.12413001 0.85494602 -0.56665599
v 1.22881997 0.68525898 -0.51467103
v 1.09742999 0.88868302 -0.57020599
v 1.24886000 0.64775801 -0.50053298
v 1.35333002 0.35761300 0.30667901
v 1.40587997 0.57796699 0.26270300
v 1.40597999 0.62129301 0.26291001
v 1.41183996 0.53573102 0.26873800
v 1.41053998 0.66507697 0.26706001
v 1.41340995 0.71020198 0.26828900
v 1.41662002 0.49338701 0.27668700
v 1.41155005 0.45019799 0.28024101
v 1.39971995 0.40869600 0.28033501
v 0.94064999 0.95080698 -0.55708402
v 0.90870899 0.97811902 -0.57079101
v 1.40651000 1.33097994 0.34022599
v 1.29454994 1.43232000 0.37820101
v 1.33138001 1.41360998 0.36756399
v 1.36538005 1.39354002 0.35087001
v 1.23158002 1.52567995 0.36381400
v 0.94533199 1.65631998 0.28042701
v 0.66152799 1.72441006 -0.05555600
v 1.24353004 1.48775995 0.37692001
v 1.44275999 1.30960000 0.32466900
v 1.41930997 0.75651699 0.27080199
v -0.73463500 0.31578699 -0.21001300
v -0.63925302 0.71678603 -0.30865601
v -0.60582501 0.69402897 -0.33134899
v -0.68755400 0.77470797 -0.30823499
v -0.73413801 0.81595302 -0.26900500
v -0.78166699 0.86885601 -0.25958201
v -0.82907999 0.92465401 -0.24064299
v -0.87991297 0.27447599 -0.15853600
v -0.91425800 0.98501700 -0.18486600
v -0.89679199 0.96271700 -0.22384600
v -0.97172999 0.21046600 -0.05025000
v -0.91200900 1.04026997 -0.14230900
v -1.25021005 0.14147200 0.23098899
v -0.92767698 1.10781002 -0.16773300
v -0.88855398 0.01167500 -0.22233900
v -0.87225997 0.03690900 -0.25326601
v -0.85589999 0.07247500 -0.27236000
v -0.83940399 0.11271200 -0.28951201
v -0.82330900 0.15645701 -0.30507600
v -0.80861199 0.19870000 -0.30902800
v -0.79307801 0.23829700 -0.30057099
v -0.77733302 0.27406499 -0.28064999
v -0.71900398 0.31236899 -0.25474301
v -1.07641995 0.04041800 0.00834400
v -1.05623996 0.00890900 -0.01316900
v -1.03972006 -0.00397700 -0.05297000
v -0.98406798 -0.00513300 -0.10438700
v -1.09845996 0.06173600 0.03541600
v -1.13135004 0.06330500 0.05491400
v -1.14970005 0.06116400 0.09643100
v -1.24615002 0.10678900 0.20569301
v -0.96634901 -0.00433200 -0.14296401
v -0.94877601 -0.00349400 -0.18150499
v -0.56673002 0.59384400 -0.36553600
v -0.59012699 0.57779902 -0.32883999
v -0.52006400 0.65367001 -0.39800799
v -0.85465300 1.17772996 -0.17921300
v -0.78443199 1.15968001 -0.20114800
v -0.58658499 1.20758998 -0.29483899
v -0.63022798 1.20579004 -0.29768601
v -0.67165101 1.19632995 -0.29360899
v -0.89625502 1.17191994 -0.17726400
v -0.56330198 1.18755996 -0.32670501
v -0.53833300 1.16591001 -0.35433900
v -0.51298499 1.14215004 -0.37758300
v -0.48621199 1.11863005 -0.39599600
v -0.45859799 1.09485996 -0.41036499
v -0.37221900 1.21457005 -0.51347703
v -0.33661699 1.23397005 -0.52384800
v -0.30441099 1.22221994 -0.54736501
v -0.27378601 1.20962000 -0.57484102
v -0.36769101 1.17197001 -0.51538002
v -0.25300199 1.18762004 -0.60944700
v -0.24963699 1.15552998 -0.64623201
v -0.31492099 0.93229198 -0.51175600
v -0.32842600 0.90868700 -0.48017401
v -0.34166199 0.87470102 -0.46071801
v -0.28781599 0.99783301 -0.52188498
v -0.28314599 1.02630997 -0.55171698
v -0.28216699 1.05943000 -0.57802701
v -0.28371301 1.09266996 -0.60564202
v -0.31297699 0.75084001 -0.45049900
v -0.34727100 0.78049999 -0.45050800
v 0.54837799 0.94367498 -0.57437998
v 0.62697101 1.12873006 -0.57725900
v 0.61657399 1.08591998 -0.58228099
v 0.63734502 1.17121005 -0.57235301
v 0.64813799 1.21363997 -0.56618297
v 0.60678500 1.04305995 -0.58497202
v 0.59733999 1.00002003 -0.58643901
v 0.53874099 0.90135002 -0.57844698
v 0.65863299 1.25613999 -0.56317502
v 0.66957498 1.29807997 -0.55783999
v 0.68128997 1.34009004 -0.54977798
v 0.69439203 1.38092005 -0.54096699
v 0.70776999 1.42015004 -0.53013700
v 0.72121698 1.45855999 -0.51775098
v 0.61958599 0.92883700 -0.59628898
v 0.87722802 1.00713003 -0.58361399
v 1.03506005 0.91175300 -0.54540199
v 1.00858998 0.94053900 -0.53222001
v 1.45012999 0.88688701 0.07371200
v 1.46730995 0.82145500 0.17667800
v 1.46247005 0.77716601 0.17646700
v 1.45564997 0.73313802 0.17758000
v 1.44921994 0.68913800 0.17622000
v 1.45052004 0.64485002 0.17186300
v 1.45337999 0.59957498 0.17200699
v 1.38730001 0.97521001 -0.10977400
v 1.39387000 0.99119598 -0.04034200
v 1.42396998 0.44764900 0.07803900
v 1.30598998 0.35188401 0.06892800
v 1.21364999 0.30428699 0.23154700
v 1.21678996 0.29042700 0.27145600
v 1.45782995 0.55488002 0.17259400
v 1.42181003 0.71479303 -0.27499300
v 1.42618001 0.75550801 -0.26351300
v 1.43282998 0.79496801 -0.24947301
v 1.44180000 0.83426303 -0.23885700
v 1.18141997 0.41629601 -0.24136700
v 1.42417002 0.67320502 -0.28396201
v 1.23854995 0.56115198 -0.47648501
v 1.21428001 0.52826601 -0.45743299
v 1.18958998 0.49654099 -0.43935701
v 1.17086005 0.46890801 -0.41426101
v 1.15883005 0.44532001 -0.38236299
v 1.14815998 0.42214900 -0.34810701
v 1.15148997 0.40281001 -0.30746999
v 1.14324999 0.82968700 -0.55954701
v 1.07093000 0.92115700 -0.56453598
v 1.26723003 0.60662198 -0.48774099
v 1.39013004 0.36756700 0.28463799
v 1.40228999 1.37418997 0.33521000
v 0.98111302 1.64742005 0.30309501
v 1.01951003 1.63626003 0.32053399
v 1.06006002 1.62049997 0.32624200
v 1.10048997 1.60771000 0.33707500
v 1.14066005 1.59540999 0.34872699
v 1.18176997 1.58247006 0.35571700
v 1.22274995 1.56645000 0.35180700
v 0.67835200 1.73188996 -0.01948200
v 0.70046300 1.73405004 0.01789000
v 0.64673901 1.70634997 -0.19791900
v 0.65502000 1.72476006 -0.15820301
v 0.64177799 1.68483996 -0.23633800
v 0.63423902 1.66764998 -0.27551001
v 0.66838998 1.73775005 -0.11660800
v 0.69373000 1.74637997 -0.06300800
v 0.63261098 1.64282000 -0.31055999
v 0.72511601 1.73427999 0.05464000
v 0.63207698 1.61724997 -0.34737101
v 0.75168800 1.73275006 0.09031700
v 0.78208601 1.72695005 0.12237100
v 0.80918700 1.72575998 0.15710300
v 0.66659600 1.59312999 -0.40768400
v 0.84149700 1.71879005 0.18553400
v 0.87465203 1.71056998 0.21142200
v 0.90786499 1.70242000 0.23632000
v 0.94217700 1.69385004 0.25825500
v 0.67369002 1.56789005 -0.43376201
v 0.68598598 1.54606998 -0.46025199
v 1.28605998 1.47299004 0.37063900
v 0.70820701 1.52120996 -0.48352200
v 1.43272996 0.84622800 0.27636099
v 1.43716002 0.88981700 0.27812499
v 1.44626999 0.93220598 0.28522801
v 1.42671001 0.80212599 0.27338001
v 1.45473003 0.97514403 0.29166099
v 1.46027994 1.01896000 0.29588100
v 1.46467996 1.06323004 0.29942101
v 1.46914995 1.10775995 0.30306101
v 1.47107005 1.15260005 0.30382299
v 1.47450995 1.19746006 0.30503401
v 1.47502005 1.24245000 0.30418399
v 1.47590005 1.28727996 0.30369601
v -0.58096701 0.62421602 -0.33984500
v -0.57563400 0.66784400 -0.35208699
v -0.77822202 0.30606201 -0.20730500
v -0.65689898 0.75198197 -0.32563800
v -0.75403798 0.85140699 -0.28327799
v -0.70104998 0.81182098 -0.32509199
v -0.72820097 0.83268100 -0.30442700
v -0.79931903 0.90815502 -0.26920000
v -0.82080400 0.29570001 -0.20323400
v -0.86408597 0.28934801 -0.19728000
v -0.85423201 0.95960802 -0.25745299
v -0.95448399 0.23225100 -0.08161200
v -0.93905199 0.25267899 -0.11679600
v -0.92243898 0.26645499 -0.15412299
v -0.93132597 1.01915002 -0.17924599
v -1.06655002 0.21940701 0.00162500
v -1.09003997 0.24212199 0.02942500
v -1.11282003 0.25379601 0.06229500
v -1.04357004 0.19288100 -0.02665200
v -1.13502002 0.26168901 0.09720200
v -1.01392996 0.20552500 -0.04896200
v -1.15691996 0.26350099 0.13363600
v -1.17901003 0.25211599 0.16820300
v -1.20173001 0.23680501 0.20000300
v -1.22735000 0.21126100 0.22163600
v -1.25741005 0.18464699 0.23805700
v -0.93247998 1.06189001 -0.17727099
v -0.93132102 0.00878800 -0.21784900
v -0.75910598 0.30243000 -0.24891400
v -1.02497005 -0.00419700 -0.09662600
v -1.23455000 0.08171300 0.17195900
v -1.21670997 0.06730400 0.13351600
v -1.19564998 0.06623700 0.09416600
v -0.55283201 0.63965702 -0.37161100
v -0.82651401 1.15362000 -0.20242199
v -0.70060098 1.17095995 -0.27449900
v -0.71926898 1.15153003 -0.23439600
v -0.75265998 1.13416004 -0.21972699
v -0.91648501 1.15014005 -0.17378600
v -0.34924901 1.11227000 -0.48133701
v -0.39344400 1.07714999 -0.43633300
v -0.43061101 1.06816006 -0.41462401
v -0.34765100 1.13677001 -0.51749003
v -0.27292800 1.12487996 -0.66353399
v -0.29748899 0.97163397 -0.49053001
v -0.37527701 0.85735202 -0.46224400
v -0.28648800 1.12488997 -0.63433599
v -0.38103899 0.80931002 -0.45749101
v 0.58798498 0.95758098 -0.58629698
v 0.73406303 1.49684000 -0.50505197
v 0.57882202 0.91529399 -0.58652902
v -0.35304600 0.73853397 -0.44127199
v -0.39384699 0.72672701 -0.43391401
v -0.43381199 0.71530998 -0.42615199
v -0.47190699 0.70352697 -0.41753900
v -0.50686401 0.69495302 -0.39882001
v 0.71515697 0.99665898 -0.60776001
v 0.75896698 1.00943995 -0.60681802
v 0.67163002 0.98329699 -0.60245502
v 0.62883598 0.97059703 -0.59717500
v 0.80258799 1.02226996 -0.60557199
v 0.84311497 1.03615999 -0.59057999
v 0.97699302 0.96567798 -0.54361802
v 1.41478002 0.92842197 0.01282600
v 1.43559003 0.90699202 0.04058800
v 1.48456001 0.88480502 0.14013200
v 1.47895002 0.86444998 0.17720100
v 1.47582996 0.90660399 0.10315600
v 1.40189004 0.94822299 -0.13768400
v 1.41504002 0.92253101 -0.16945200
v 1.43428004 0.89562398 -0.19853000
v 1.39525998 1.03187001 -0.06264200
v 1.41003001 1.01034999 -0.09478500
v 1.40578997 0.98535103 -0.02463000
v 1.45771003 0.47031301 0.09649000
v 1.46835995 0.49302801 0.13459700
v 1.34879994 0.36220500 0.06953900
v 1.38597000 0.37833399 0.08547900
v 1.29505002 0.30936900 0.07546500
v 1.25282001 0.29981899 0.08867600
v 1.22542000 0.29045400 0.11939800
v 1.42675996 0.39224601 0.10665700
v 1.21018004 0.28279701 0.15951400
v 1.20279002 0.27414301 0.20365500
v 1.26674998 0.28981501 0.31588000
v 1.23446000 0.27068901 0.30338499
v 1.30523002 0.30489001 0.32011199
v 1.34572995 0.31828201 0.31707999
v 1.46773005 0.51387697 0.17363299
v 1.45385003 0.87468100 -0.23025700
v 1.27207994 0.46525601 -0.21675700
v 1.30165994 0.49566099 -0.21942000
v 1.33160996 0.52600998 -0.22255300
v 1.35939002 0.55472302 -0.23394901
v 1.24338996 0.43510801 -0.21353801
v 1.38830996 0.58158398 -0.24690001
v 1.41633999 0.60653299 -0.26668799
v 1.21484005 0.40499100 -0.21249700
v 1.42870998 0.63088399 -0.29376999
v 1.16781998 0.38679200 -0.26862699
v 1.18777001 0.83236098 -0.55462903
v 1.20980000 0.79844999 -0.54470801
v 1.23046994 0.76280600 -0.53177100
v 1.24978995 0.72635800 -0.51546901
v 1.13926995 0.89720398 -0.56957901
v 1.16454005 0.86477399 -0.56407702
v 1.27048004 0.68862998 -0.50368100
v 1.11252999 0.92978197 -0.57046098
v 1.29015005 0.65226603 -0.48747399
v 1.38048005 0.32779300 0.29446101
v 1.43413997 0.55459899 0.24075200
v 1.42974997 0.59874302 0.23705500
v 1.43130004 0.64284301 0.23752899
v 1.43239999 0.50939399 0.24049900
v 1.43739998 0.68711901 0.24216899
v 1.44068003 0.73279399 0.24484800
v 1.43216002 0.46391001 0.24499100
v 1.42428005 0.42071399 0.24869500
v 1.41504002 0.37841201 0.25404501
v 0.94684702 0.99191701 -0.55632597
v 0.91586900 1.02007997 -0.56886202
v 1.43903005 1.35371995 0.31932101
v 1.32488000 1.45504999 0.35955599
v 1.36136997 1.43616998 0.34519899
v 1.39721000 1.41692996 0.32892600
v 1.27488995 1.51171005 0.35818401
v 1.26435995 1.55124998 0.34620300
v 0.97701597 1.68473995 0.27951699
v 0.66239101 1.62234998 -0.37568000
v 1.47271001 1.33208001 0.29931101
v 1.44333994 0.77848101 0.24631999
v -0.62434000 0.72790700 -0.34337601
v -0.57485598 0.71098900 -0.37378901
v -0.67473698 0.78715903 -0.34472501
v -0.77091599 0.89019400 -0.29536399
v -0.81615698 0.94745600 -0.27982900
v -0.90703899 0.28244501 -0.19283000
v -0.91907299 1.00180995 -0.22356001
v -0.88779300 0.98292398 -0.25413400
v -0.99583697 0.22893099 -0.07600500
v -1.28685999 0.12512200 0.20544000
v -1.29279995 0.16112600 0.23262399
v -0.91516602 1.09079003 -0.20667499
v -0.91482198 0.03383300 -0.24813700
v -0.89880198 0.06874700 -0.26936901
v -0.88285202 0.10743400 -0.28487200
v -0.86785698 0.14863600 -0.29886699
v -0.85346299 0.19136500 -0.30190501
v -0.83786798 0.23100799 -0.29273799
v -0.82112199 0.26547900 -0.27369401
v -0.80103999 0.29156101 -0.24388701
v -1.11860001 0.04069200 0.01407800
v -1.09942997 0.00831200 -0.00729200
v -1.08309996 -0.00299300 -0.04788900
v -1.06690001 -0.00410000 -0.08998800
v -1.00867999 -0.00461000 -0.13701101
v -1.17641997 0.06172500 0.05312900
v -1.27375996 0.10203800 0.16943200
v -0.99156898 -0.00308100 -0.17613500
v -0.97441900 0.00748200 -0.21328899
v -0.54140800 0.68305701 -0.37681600
v -0.86906499 1.14910996 -0.20455600
v -0.79497898 1.12667000 -0.21770100
v -0.60766399 1.18613005 -0.33246300
v -0.65087903 1.17665994 -0.33129999
v -0.68839300 1.15814996 -0.31928101
v -0.90814501 1.13782001 -0.19797100
v -0.58269799 1.16108000 -0.35931000
v -0.55647498 1.13370001 -0.37992901
v -0.52885002 1.10783994 -0.39803001
v -0.49973199 1.08140004 -0.41153899
v -0.35221401 1.08626997 -0.44868401
v -0.46861601 1.05849004 -0.42909700
v -0.36505401 1.19411004 -0.55286700
v -0.36690500 1.23404002 -0.55452698
v -0.33305001 1.25434005 -0.56086701
v -0.30189201 1.24231994 -0.58411199
v -0.27532399 1.22572005 -0.61326897
v -0.34873399 1.16112006 -0.55459303
v -0.26199999 1.19992995 -0.65030903
v -0.28665000 1.16075003 -0.66944599
v -0.31266201 0.94615400 -0.45959800
v -0.32239199 0.91497499 -0.43431601
v -0.37058899 0.90155500 -0.44758701
v -0.27448601 1.01013005 -0.47439700
v -0.27379301 1.04024994 -0.50746101
v -0.27794600 1.07082999 -0.53756398
v -0.28259400 1.10140002 -0.56639099
v -0.28797901 1.13305998 -0.59201598
v -0.38779801 0.76752198 -0.44774100
v 0.66728401 1.14242005 -0.58828503
v 0.65689099 1.10011995 -0.59336901
v 0.64731401 1.05659997 -0.59591103
v 0.67806000 1.18481004 -0.58218002
v 0.68946999 1.22667003 -0.57689601
v 0.63814002 1.01338995 -0.59686202
v 0.70105398 1.26891005 -0.56975299
v 0.71216500 1.31157005 -0.56350499
v 0.72455502 1.35248005 -0.55553401
v 0.73787099 1.39240003 -0.54431403
v 0.75012302 1.43248999 -0.53563201
v 0.76267201 1.47068000 -0.52048701
v 0.88339198 1.04876006 -0.58000797
v 1.04229999 0.95233500 -0.55661303
v 1.01264000 0.98164397 -0.53959298
v 1.42294002 0.96964198 0.00663000
v 1.46659994 0.92684698 0.06601000
v 1.46429002 0.84450400 0.21212000
v 1.45889997 0.80017799 0.21230200
v 1.45655000 0.75554901 0.21272300
v 1.45467997 0.71043801 0.21247800
v 1.45264995 0.66572499 0.20792100
v 1.44783998 0.62109798 0.20509100
v 1.44959998 0.57682502 0.20727500
v 1.42428994 0.98596698 -0.12483500
v 1.40805995 1.02613997 -0.02526300
v 1.44482005 0.42888999 0.10241400
v 1.33536005 0.32105100 0.08092500
v 1.20139003 0.26231101 0.24616100
v 1.20853996 0.24778301 0.28526500
v 1.45640004 0.53240901 0.21026801
v 1.44450998 0.73732501 -0.29823601
v 1.43561006 0.69778198 -0.31156901
v 1.45457006 0.77656603 -0.28484899
v 1.46211004 0.81702799 -0.27427900
v 1.47147000 0.85725802 -0.26638100
v 1.19068003 0.37394699 -0.23020200
v 1.42546999 0.65699601 -0.32169101
v 1.27866995 0.55323899 -0.47428799
v 1.25425994 0.51874900 -0.46666801
v 1.23062003 0.48710099 -0.44820800
v 1.20474994 0.45479301 -0.43385300
v 1.18434000 0.42790601 -0.41024199
v 1.16736996 0.40297800 -0.38001999
v 1.16154003 0.37941399 -0.34160799
v 1.15894997 0.35951000 -0.30113101
v 1.08363998 0.96173698 -0.56977803
v 1.31142998 0.61754602 -0.47246200
v 1.40375996 0.33743101 0.26114601
v 1.43298995 1.39688003 0.31165299
v 1.01440001 1.67400002 0.29777801
v 1.05359995 1.66150999 0.31206900
v 1.09361005 1.64802003 0.32283801
v 1.13416004 1.63525999 0.33287001
v 1.17454004 1.62142003 0.33878699
v 1.21422994 1.60628998 0.33944899
v 1.25337994 1.58985996 0.33230701
v 0.71476799 1.75330997 -0.02033500
v 0.73616201 1.75802004 0.01859100
v 0.67271799 1.71551001 -0.23055901
v 0.68041801 1.73525000 -0.19102800
v 0.69062102 1.75335002 -0.14952700
v 0.66739100 1.69537997 -0.26874301
v 0.66387498 1.67243004 -0.30398899
v 0.70893300 1.76337004 -0.10497600
v 0.66310102 1.64708996 -0.33924699
v 0.76126498 1.75835001 0.05555200
v 0.78734303 1.75737000 0.09069600
v 0.81457198 1.75572002 0.12582500
v 0.84340101 1.75307000 0.15874000
v 0.70305598 1.58968997 -0.43454501
v 0.69705802 1.62462997 -0.40239099
v 0.87756199 1.74364996 0.18408100
v 0.90987700 1.73653996 0.21052900
v 0.94032401 1.73084998 0.23677000
v 0.97307003 1.72242999 0.25746599
v 0.72251803 1.55500996 -0.46901101
v 1.31666005 1.49670994 0.35223699
v 0.74729902 1.53288996 -0.49037701
v 1.45270002 0.86750197 0.24636200
v 1.45012999 0.82315302 0.24661300
v 1.46212006 0.91014200 0.25048399
v 1.46995997 0.95344102 0.25504500
v 1.47855997 0.99683398 0.25913000
v 1.48421001 1.04105997 0.26456401
v 1.49144995 1.08517003 0.26976600
v 1.49474001 1.13006997 0.27205801
v 1.49958003 1.17495000 0.27427399
v 1.50190997 1.21983004 0.27476600
v 1.50241995 1.26472998 0.27343199
v 1.49846005 1.30939996 0.27013701
v -0.61039102 0.73576999 -0.36930501
v -0.64503300 0.76002502 -0.36085001
v -0.73965800 0.87260097 -0.31605801
v -0.68548900 0.82768399 -0.36019701
v -0.71348798 0.85057801 -0.33949101
v -0.78382999 0.93097103 -0.30417699
v -0.84436899 0.28389901 -0.23771600
v -0.88699502 0.27512899 -0.23101400
v -0.82782400 0.98877299 -0.28796700
v -0.98065400 0.24755099 -0.11167600
v -0.96532500 0.26196101 -0.14920700
v -0.94876099 0.26960799 -0.18794800
v -0.86384898 1.00680995 -0.27142701
v -0.92625600 1.04686999 -0.22040100
v -1.11003006 0.21310300 0.00336400
v -1.08694005 0.18430400 -0.02037000
v -1.13329995 0.23939399 0.02666500
v -1.15548003 0.25580600 0.05894400
v -1.03541994 0.22391000 -0.06740100
v -1.17707002 0.26642400 0.09465800
v -1.19885004 0.26706100 0.13135999
v -1.22054005 0.25660801 0.16531700
v -1.24267995 0.24394301 0.19604801
v -1.26691997 0.22597601 0.22210699
v -1.29641998 0.20679900 0.23698600
v -0.95762801 0.03188100 -0.24237700
v -1.05083001 -0.00390300 -0.13091600
v -1.16039002 0.04221000 0.02002300
v -1.25899005 0.08202800 0.13225000
v -1.24018002 0.07246200 0.09168600
v -1.21994996 0.07303700 0.04662800
v -0.83849198 1.12102997 -0.22045299
v -0.69401902 1.13571000 -0.25410500
v -0.71899801 1.10295999 -0.24354100
v -0.76366299 1.09862995 -0.23418599
v -0.70718700 1.12665999 -0.29251501
v -0.31473300 1.11119998 -0.50958103
v -0.31597501 1.08383000 -0.47402301
v -0.36034200 1.04986000 -0.42522499
v -0.40245301 1.04165995 -0.41244000
v -0.43625000 1.03167999 -0.42956799
v -0.31520200 1.13615000 -0.54888999
v -0.28314099 0.97750098 -0.44176301
v -0.41477999 0.83789802 -0.46879801
v -0.40796599 0.88609499 -0.46100199
v -0.29395300 1.16337001 -0.62580901
v -0.42125800 0.79696202 -0.45460400
v 0.77540201 1.50777996 -0.50592703
v -0.42818400 0.75567001 -0.43799499
v -0.46749499 0.74353302 -0.42837599
v -0.50650102 0.73046798 -0.42139301
v -0.54328197 0.71910799 -0.40505201
v 0.68045598 1.02664006 -0.60386401
v 0.72400802 1.03946996 -0.60774899
v 0.76751900 1.05236995 -0.60639697
v 0.80967999 1.06515002 -0.60112101
v 0.85152501 1.07775998 -0.59127802
v 0.98433697 1.00709999 -0.54258698
v 1.44552004 0.94882601 0.03488400
v 1.49559999 0.92769802 0.13779201
v 1.48450005 0.90874398 0.17763600
v 1.47283006 0.88792402 0.21387801
v 1.49215996 0.94775701 0.09737800
v 1.43874002 0.96078998 -0.15525600
v 1.44936001 0.94033998 -0.19268300
v 1.46826994 0.91669703 -0.22124501
v 1.42437005 1.05168998 -0.08113600
v 1.42009997 1.07043004 -0.04082900
v 1.44498003 1.02479005 -0.11013600
v 1.43128002 1.01059997 0.00084100
v 1.47005999 0.45066199 0.13473000
v 1.47264004 0.47624001 0.17516699
v 1.37241995 0.33723199 0.09883300
v 1.41112006 0.35216701 0.11708400
v 1.32152998 0.27968800 0.09430300
v 1.28784001 0.26401201 0.08048700
v 1.24251997 0.25599799 0.09413100
v 1.21676004 0.25029901 0.13065299
v 1.45326996 0.41250899 0.14013299
v 1.19817996 0.24383999 0.17205800
v 1.18536997 0.23544399 0.22216199
v 1.26016998 0.24873900 0.32707801
v 1.29841995 0.26435399 0.32805800
v 1.22202003 0.23138499 0.32358900
v 1.33658004 0.27821600 0.32568300
v 1.36960006 0.28795600 0.30289301
v 1.45438004 0.47945201 0.21078600
v 1.48134995 0.89826798 -0.25685099
v 1.28726006 0.42345399 -0.21211000
v 1.31516004 0.45454299 -0.22098300
v 1.34325004 0.48572701 -0.22725900
v 1.37138999 0.51583999 -0.23548900
v 1.39795995 0.54366499 -0.24945800
v 1.25829005 0.39356601 -0.19993900
v 1.42490005 0.56505698 -0.27267700
v 1.43270004 0.58769900 -0.30583900
v 1.22845995 0.36317199 -0.20554700
v 1.42316997 0.61397702 -0.33216000
v 1.17348003 0.34230399 -0.25643301
v 1.29576004 0.58544701 -0.47425401
v 1.20630002 0.87190402 -0.55729598
v 1.22999001 0.83768499 -0.54737699
v 1.25092995 0.80308002 -0.53239900
v 1.27125001 0.76672602 -0.51852602
v 1.28986001 0.72948599 -0.50226301
v 1.18131006 0.90542501 -0.56548798
v 1.15463996 0.93861997 -0.57073700
v 1.30894005 0.69228703 -0.48603401
v 1.12644994 0.97105598 -0.57330197
v 1.32863998 0.65598798 -0.46988499
v 1.39520001 0.29652399 0.27139100
v 1.44450998 0.43141600 0.21303500
v 1.43341994 0.38922301 0.21846600
v 1.42115998 0.34757599 0.22435500
v 0.95403302 1.03401995 -0.55269903
v 0.92251903 1.06209004 -0.56339997
v 1.46756005 1.37607002 0.29304701
v 1.35497999 1.47871006 0.33934399
v 1.39082003 1.45928001 0.32220700
v 1.42662001 1.43980002 0.30452499
v 1.30630004 1.53699994 0.34132901
v 1.29483998 1.57614994 0.32745001
v 1.00920999 1.71159005 0.27494699
v 0.73029202 1.77030003 -0.06058200
v 0.69617200 1.64961004 -0.36662799
v 1.49772000 1.35435998 0.26833200
v -0.58199900 0.74793702 -0.40123200
v -0.65848500 0.80072498 -0.37866500
v -0.75328702 0.91232800 -0.32772899
v -0.79372501 0.97281802 -0.31036401
v -0.92971802 0.26789901 -0.22511899
v -0.89818698 1.02745998 -0.25240999
v -1.02225995 0.24872901 -0.10160700
v -1.07549000 0.21318200 -0.05933300
v -1.32251000 0.15213200 0.20347001
v -1.31228995 0.12541100 0.16825700
v -1.32974994 0.18567900 0.23393600
v -0.88108999 1.11143005 -0.22062001
v -0.89347500 1.07258999 -0.24129701
v -0.94136602 0.06580700 -0.26225001
v -0.92582798 0.10340500 -0.27693701
v -0.91161102 0.14147900 -0.29254699
v -0.89648402 0.18278900 -0.29147401
v -0.88126802 0.22233599 -0.28349501
v -0.86403000 0.25709000 -0.26513901
v -1.14244998 0.00774500 0.00020600
v -1.12650001 -0.00134700 -0.04259700
v -1.10971999 -0.00364800 -0.08422800
v -1.09320998 -0.00369000 -0.12514400
v -1.03417003 -0.00334300 -0.17069399
v -1.20365000 0.04015100 0.02705600
v -1.29718995 0.10452400 0.13073900
v -1.01736999 0.00603400 -0.20864400
v -1.00083005 0.02878800 -0.23856200
v -0.80779701 1.09538996 -0.23728800
v -0.62738597 1.15296996 -0.36196500
v -0.66963202 1.13536000 -0.35464400
v -0.68148100 1.11175001 -0.32469100
v -0.60096902 1.12531996 -0.38465101
v -0.57187998 1.09765005 -0.40188500
v -0.54148799 1.07078004 -0.41715500
v -0.50935602 1.04495001 -0.43156600
v -0.31744701 1.05866003 -0.43629301
v -0.47423801 1.01941001 -0.44181100
v -0.36489099 1.22476995 -0.57721400
v -0.35035601 1.19079995 -0.58809501
v -0.36359200 1.25462997 -0.59548301
v -0.33121201 1.27427006 -0.59895498
v -0.30442199 1.26346004 -0.62296999
v -0.28572100 1.23933995 -0.64633900
v -0.31607401 1.16433001 -0.58599597
v -0.30049899 1.19643998 -0.66148400
v -0.29145500 0.94362003 -0.40957901
v -0.33886501 0.90780300 -0.41538900
v -0.40567100 0.92907703 -0.45613599
v -0.27957201 1.02743995 -0.42837799
v -0.28162301 1.05493999 -0.46641901
v -0.28445801 1.08305001 -0.50132197
v -0.28854600 1.10944998 -0.53819799
v 0.70977902 1.15459001 -0.59140801
v 0.69925100 1.11260998 -0.59803802
v 0.68975902 1.06976998 -0.60091698
v 0.72090203 1.19726002 -0.58676797
v 0.73221397 1.23949003 -0.58207798
v 0.74387300 1.28199995 -0.57486099
v 0.75574303 1.32358003 -0.56693101
v 0.76807201 1.36453998 -0.56003499
v 0.78070003 1.40513003 -0.54869902
v 0.79300499 1.44349003 -0.53395599
v 0.80479401 1.48183000 -0.51962399
v 0.89131200 1.09043002 -0.57428098
v 1.05303001 0.99268597 -0.56198400
v 1.02173996 1.02208996 -0.55032301
v 1.45064998 0.99141097 0.03130200
v 1.47227001 0.97030699 0.06416300
v 1.45770001 1.00206995 -0.14460400
v 1.43757999 1.05350995 -0.00732600
v 1.35749996 0.29576901 0.10983100
v 1.43665004 0.37350401 0.14726500
v 1.18541002 0.22353999 0.26392800
v 1.19234002 0.20905700 0.30706099
v 1.44033003 0.72386700 -0.33899900
v 1.45510006 0.76231301 -0.32837501
v 1.42692006 0.68435800 -0.34867400
v 1.46487999 0.80252701 -0.31840301
v 1.47814000 0.84202999 -0.30829200
v 1.48550999 0.88353002 -0.29949400
v 1.20000994 0.33284301 -0.21670499
v 1.41723001 0.64315599 -0.35864300
v 1.31491005 0.54899102 -0.45968801
v 1.29653001 0.51317698 -0.46462500
v 1.27117002 0.47822201 -0.45809200
v 1.24433005 0.44486701 -0.44446599
v 1.21754003 0.41384599 -0.43096700
v 1.19594002 0.39101401 -0.40590200
v 1.17578006 0.34988701 -0.37412500
v 1.15881002 0.33500999 -0.33698100
v 1.15804005 0.31675199 -0.29673001
v 1.09542000 1.00230002 -0.57430702
v 1.34731996 0.62143999 -0.45131600
v 1.33187997 0.58418900 -0.45668200
v 1.41103995 0.30620801 0.23402800
v 1.46351004 1.42051005 0.28838399
v 1.04740000 1.70072997 0.29286399
v 1.08721995 1.68879998 0.30699101
v 1.12782001 1.67498004 0.31679699
v 1.16842997 1.66139996 0.32448101
v 1.20738995 1.64576006 0.32552499
v 1.24461997 1.63057005 0.32116699
v 1.28318000 1.61538994 0.31478900
v 0.75147301 1.77515996 -0.02037100
v 0.77393299 1.77927995 0.01880400
v 0.70075297 1.72118998 -0.26248699
v 0.70629603 1.74270999 -0.22465800
v 0.71606398 1.76151001 -0.18393700
v 0.72839999 1.77783000 -0.14244600
v 0.69554502 1.70056999 -0.29958299
v 0.69457901 1.67479002 -0.33236399
v 0.74678200 1.78687000 -0.10023700
v 0.79951400 1.77941000 0.05535300
v 0.82273602 1.78281999 0.09243700
v 0.85037202 1.78138006 0.12612100
v 0.88022202 1.77766001 0.15763400
v 0.73396701 1.61851001 -0.42696401
v 0.73149103 1.65392995 -0.39337501
v 0.91298401 1.77096999 0.18466900
v 0.94655102 1.76242006 0.21018399
v 0.97436398 1.75585997 0.22969700
v 1.00217998 1.74928999 0.24920900
v 0.73300302 1.58536005 -0.45316800
v 0.75841999 1.56693995 -0.47400501
v 1.34630001 1.52066004 0.33085299
v 0.78717101 1.54326999 -0.48978600
v 1.47694004 0.93217701 0.21585400
v 1.48793995 0.97533900 0.22040400
v 1.50111997 1.01812994 0.22763100
v 1.50699997 1.06332004 0.23289301
v 1.51427996 1.10778999 0.23762099
v 1.51698005 1.15297997 0.23913300
v 1.52048004 1.19771004 0.23984499
v 1.52354002 1.24275994 0.23999301
v 1.52358997 1.28768003 0.23880300
v 1.52215004 1.33255994 0.23665300
v -0.62605703 0.77564198 -0.39295301
v -0.72318000 0.89183903 -0.35014600
v -0.66399097 0.84448600 -0.39117500
v -0.69423801 0.86887598 -0.37152201
v -0.76230198 0.95518601 -0.33486301
v -0.90605998 0.24673800 -0.25547299
v -0.82606101 1.02911997 -0.27820301
v -0.79545701 1.01485002 -0.30602100
v -1.00847006 0.26084900 -0.14197500
v -0.99266201 0.26816201 -0.18339799
v -0.97300398 0.26125300 -0.22091401
v -0.86037499 1.04979002 -0.26061201
v -1.15425003 0.21042900 0.00074500
v -1.13045001 0.18045500 -0.01693600
v -1.11623001 0.20422100 -0.05322700
v -1.17583001 0.24124900 0.02127300
v -1.19763994 0.25836399 0.05601700
v -1.06448996 0.24590801 -0.09132700
v -1.21964002 0.26607099 0.09182300
v -1.24129999 0.26859799 0.12757200
v -1.25980997 0.26472700 0.16028801
v -1.27971995 0.25595099 0.19322100
v -1.30018997 0.25196701 0.22908500
v -1.33141994 0.23345700 0.24388500
v -0.98457903 0.06151200 -0.25873399
v -1.07667005 -0.00290200 -0.16509400
v -1.18622994 0.00743300 0.00532500
v -1.28081000 0.08854800 0.09083600
v -1.26381004 0.07516400 0.04781800
v -1.24679995 0.04148300 0.03364200
v -0.85052699 1.08671999 -0.24072801
v -0.74757200 1.11133003 -0.28273699
v -0.78135502 1.08422995 -0.26919600
v -0.72756600 1.10669005 -0.32716799
v -0.32828900 1.02869999 -0.40415999
v -0.37397501 1.01675999 -0.39853901
v -0.40577900 1.00474000 -0.42169499
v -0.43736801 0.99443001 -0.44518301
v -0.32034799 0.93471599 -0.38627699
v -0.27569401 0.97978699 -0.39377400
v -0.37930799 0.93605399 -0.42445701
v -0.45075199 0.86638898 -0.46600100
v -0.45633599 0.82356298 -0.45853800
v -0.44616699 0.91012001 -0.46107101
v -0.31901300 1.19415998 -0.62102300
v -0.46170700 0.78456300 -0.44087300
v 0.81666702 1.51840997 -0.50499898
v -0.50158298 0.77034402 -0.43198499
v -0.54028398 0.75682902 -0.42121699
v 0.73276103 1.08264995 -0.60484600
v 0.77606302 1.09452999 -0.60209900
v 0.81839502 1.10678995 -0.59509599
v 0.86038297 1.11913002 -0.58473802
v 0.99440801 1.04899001 -0.53676099
v 1.50266004 0.97327602 0.14077400
v 1.49340999 0.95284200 0.18010700
v 1.50072002 0.99196899 0.09785300
v 1.46949995 0.98046702 -0.17990100
v 1.48303998 0.96022999 -0.21493100
v 1.49068999 0.94143498 -0.25123900
v 1.45634997 1.06897998 -0.10115700
v 1.43528998 1.09536004 -0.06850700
v 1.44728005 1.09753001 -0.01179800
v 1.46982002 1.04586005 -0.13617299
v 1.45490003 1.03375995 0.02647000
v 1.46656001 0.43773901 0.17658600
v 1.39330995 0.31241700 0.12851900
v 1.41988003 0.33292899 0.15543500
v 1.34337997 0.25410700 0.12071400
v 1.30962002 0.23755400 0.10487600
v 1.27640998 0.22024900 0.09061900
v 1.23326004 0.21652199 0.11006600
v 1.20133996 0.21254100 0.13819000
v 1.44895995 0.39974901 0.18091500
v 1.16727996 0.20951000 0.20359799
v 1.16292000 0.20107999 0.24182899
v 1.24984002 0.21053700 0.34822899
v 1.29031003 0.22552000 0.34311900
v 1.33059001 0.23914000 0.33725801
v 1.20974004 0.18561301 0.35110399
v 1.36293006 0.24891400 0.31728300
v 1.38434005 0.25597101 0.28141999
v 1.49779999 0.92395699 -0.29132500
v 1.30344999 0.38171199 -0.20704500
v 1.33116996 0.41422501 -0.21534701
v 1.35751998 0.44597301 -0.22774000
v 1.38316000 0.47730699 -0.24041200
v 1.40834999 0.50821501 -0.25403300
v 1.42630994 0.54492700 -0.27732399
v 1.27538002 0.35053599 -0.20329700
v 1.42622995 0.57095701 -0.34493101
v 1.24547994 0.32418999 -0.20094100
v 1.41014004 0.60118699 -0.36922899
v 1.17903996 0.29892099 -0.23251900
v 1.15996003 0.29416001 -0.26746500
v 1.22285998 0.91303802 -0.55513901
v 1.24748003 0.87867802 -0.54550099
v 1.27102995 0.84370798 -0.53379101
v 1.29124999 0.80797702 -0.51752001
v 1.30955994 0.77083200 -0.50021100
v 1.32517004 0.73286200 -0.48061100
v 1.19761002 0.94624197 -0.56735402
v 1.16963005 0.97943699 -0.57251298
v 1.34333003 0.69570100 -0.46361101
v 1.14020002 1.01201999 -0.57642603
v 1.36285996 0.65985900 -0.44739401
v 1.39786005 0.26534000 0.24334200
v 1.43254995 0.35918200 0.18669599
v 1.41670001 0.31843901 0.19405700
v 0.96178800 1.07590997 -0.54799998
v 0.93229902 1.10337996 -0.56165600
v 1.49466002 1.39927006 0.26394501
v 1.38513994 1.50272000 0.31833401
v 1.41968000 1.48282003 0.29821101
v 1.45602000 1.46403003 0.28068501
v 1.33544004 1.56084001 0.31875300
v 1.32397997 1.60093999 0.30719900
v 1.04071999 1.73771000 0.26778701
v 0.76595002 1.79426003 -0.05836700
v 0.72638100 1.67455006 -0.36070800
v 1.51725996 1.37725997 0.23211400
v -0.59993500 0.79494798 -0.42063001
v -0.63200301 0.81962699 -0.40687001
v -0.73153102 0.93466198 -0.35822901
v -0.76776999 0.99936497 -0.33644801
v -0.94897002 0.23955999 -0.25003201
v -1.05122995 0.25795001 -0.13385700
v -1.10615003 0.23274601 -0.08557100
v -1.34914994 0.18520300 0.19989900
v -1.34915996 0.15288500 0.16755900
v -1.33861005 0.12455300 0.13092799
v -1.36634004 0.20926499 0.24039200
v -0.96915102 0.09851400 -0.27097699
v -0.95467901 0.13593000 -0.28415799
v -0.93965697 0.17568099 -0.28358799
v -0.92412198 0.21457499 -0.27555001
v -1.16997004 0.00091400 -0.03734900
v -1.15303004 -0.00308600 -0.07873000
v -1.13617003 -0.00319900 -0.11968000
v -1.11931002 -0.00310900 -0.15998200
v -1.05990005 0.00562500 -0.20272900
v -1.22976005 0.00741900 0.01311700
v -1.32095003 0.10588400 0.09107400
v -1.04387999 0.02344200 -0.23690499
v -1.02814996 0.05616400 -0.25641400
v -0.81904101 1.06535006 -0.26097700
v -0.64476299 1.11188996 -0.38238800
v -0.66714603 1.08896005 -0.35860801
v -0.70123500 1.08948004 -0.36244899
v -0.61608601 1.08451998 -0.40371400
v -0.58393300 1.05767000 -0.42011899
v -0.54978299 1.03039002 -0.43069899
v -0.51458001 1.00399995 -0.44060001
v -0.47868499 0.97747803 -0.44801700
v -0.34524700 1.22312999 -0.61728400
v -0.34057799 1.25336003 -0.63978899
v -0.32477999 1.27611005 -0.63884997
v -0.31983900 1.22983003 -0.65527302
v -0.30091801 0.96360803 -0.35693601
v -0.35146001 0.94813800 -0.39885199
v -0.44218701 0.95254898 -0.45480800
v -0.41207600 0.96619099 -0.43145800
v -0.29450300 1.00699997 -0.39160499
v 0.75326902 1.16719997 -0.59420103
v 0.74269801 1.12441003 -0.59700203
v 0.76418501 1.20941997 -0.58840799
v 0.77537799 1.25115001 -0.57972801
v 0.78715599 1.29394996 -0.57503903
v 0.79979998 1.33536005 -0.56797200
v 0.81173301 1.37625003 -0.55793399
v 0.82374001 1.41747999 -0.54881501
v 0.83568501 1.45560002 -0.53307301
v 0.84698600 1.49292004 -0.51845598
v 0.90272802 1.13145995 -0.57479000
v 1.06333995 1.03258002 -0.57030499
v 1.03410995 1.06194997 -0.55499399
v 1.47651005 1.01195002 0.05963500
v 1.48591006 1.02207005 -0.16868301
v 1.42826998 1.11925006 -0.03233400
v 1.45975995 1.07670999 0.02273300
v 1.37917995 0.26988700 0.13590901
v 1.18436003 0.20780499 0.17656000
v 1.17000997 0.18684299 0.28249601
v 1.17341995 0.19026300 0.32344100
v 1.43708003 0.75258797 -0.36710900
v 1.42172003 0.71420699 -0.37529600
v 1.45247996 0.79074502 -0.35872900
v 1.40985000 0.67395598 -0.38457900
v 1.46586001 0.82988101 -0.34962299
v 1.47661996 0.87083697 -0.34137601
v 1.49129999 0.91070002 -0.33400899
v 1.43783998 0.54097301 -0.31724399
v 1.21348000 0.29369500 -0.20636700
v 1.40127003 0.63270301 -0.39418399
v 1.35049999 0.54881400 -0.44036701
v 1.33534002 0.51166898 -0.44870201
v 1.31519997 0.47421399 -0.45437399
v 1.28590000 0.43777800 -0.45260599
v 1.24436998 0.39123201 -0.43459100
v 1.20167994 0.35815901 -0.40426400
v 1.17106998 0.30871299 -0.37077200
v 1.15275002 0.29445499 -0.33565101
v 1.14546001 0.27516401 -0.30212501
v 1.10801005 1.04330003 -0.57461703
v 1.37978995 0.62539703 -0.42737201
v 1.36600995 0.58668602 -0.43400601
v 1.40190005 0.27779201 0.20365700
v 1.48870003 1.44376004 0.25742799
v 1.08015001 1.72610998 0.28502899
v 1.12158000 1.71309996 0.29652500
v 1.16287005 1.69872999 0.30462500
v 1.20236003 1.68315995 0.30689901
v 1.23436999 1.67044997 0.30526400
v 1.27084994 1.65559995 0.30034700
v 1.31064999 1.64017999 0.29233301
v 0.78818798 1.79788995 -0.01871700
v 0.81231600 1.79958999 0.01847200
v 0.72877300 1.72512996 -0.29421201
v 0.73388398 1.74715996 -0.25732800
v 0.74019301 1.77042997 -0.22061700
v 0.75197899 1.78652000 -0.17891900
v 0.76672900 1.79997003 -0.13758600
v 0.72503799 1.70044994 -0.32942501
v 0.78400999 1.80998003 -0.09693400
v 0.83462900 1.80441999 0.05599100
v 0.85892200 1.80745995 0.09181600
v 0.88646102 1.80691004 0.12471000
v 0.91731399 1.80306995 0.15552901
v 0.77079701 1.65585995 -0.41384801
v 0.76544601 1.60002995 -0.45539400
v 0.75408202 1.67094004 -0.38976800
v 0.95137101 1.79612005 0.18325400
v 0.98945898 1.78669000 0.21317500
v 1.03288996 1.77471006 0.23886000
v 0.79576200 1.57949996 -0.47332901
v 1.37406003 1.54308999 0.30560300
v 0.82650399 1.55588996 -0.48891100
v 1.50292003 0.99742401 0.18559800
v 1.51327002 1.04196000 0.19156501
v 1.52142000 1.08668005 0.19691600
v 1.52702999 1.13112998 0.20112400
v 1.53383994 1.17566001 0.20326599
v 1.53459001 1.22066998 0.20311800
v 1.53592002 1.26557004 0.20166600
v 1.53192997 1.31011999 0.19870999
v 1.52860999 1.35447001 0.19484800
v -0.57424599 0.77752101 -0.42581999
v -0.70079303 0.91197401 -0.38013300
v -0.66866302 0.88816899 -0.39893699
v -0.63458902 0.86388898 -0.41533399
v -0.73764801 0.97916800 -0.36263299
v -0.79222101 1.05321002 -0.29247999
v -0.77220303 1.04352999 -0.33295599
v -1.03687000 0.26500899 -0.17777100
v -1.01626003 0.25308999 -0.21520700
v -0.99211103 0.23209301 -0.24416600
v -1.17329001 0.17247500 -0.01958500
v -1.19639003 0.21019199 -0.00445400
v -1.15586996 0.19088399 -0.05300700
v -1.14399004 0.21141800 -0.08609100
v -1.21961999 0.24270900 0.02033600
v -1.23881996 0.26912501 0.05192500
v -1.09264004 0.24678800 -0.12612601
v -1.25902998 0.28463799 0.08741600
v -1.28272998 0.29331401 0.12276300
v -1.29709005 0.28050300 0.15744901
v -1.30665004 0.29213199 0.20140800
v -1.33039999 0.28234699 0.23799101
v -1.36626005 0.25867200 0.25139701
v -1.01317000 0.09222200 -0.26913500
v -1.10237002 0.00584300 -0.19709601
v -1.21369004 0.00334800 -0.03135500
v -1.30253005 0.09011000 0.04971700
v -1.29048002 0.04622800 0.03850300
v -1.27353001 0.00917400 0.01931800
v -0.76520902 1.08376002 -0.31428799
v -0.74166203 1.07105994 -0.35454100
v -0.34736899 0.99268001 -0.38224599
v -0.38279900 0.97513700 -0.40394801
v -0.31362301 0.97524899 -0.36848599
v -0.48798600 0.89198399 -0.45880899
v -0.49188000 0.85006702 -0.45646101
v -0.49731800 0.80791301 -0.44885299
v -0.48397899 0.93556100 -0.45833701
v 0.85729498 1.52917004 -0.49908000
v -0.53669399 0.79287100 -0.43964601
v 0.78652698 1.13724995 -0.59953302
v 0.82880902 1.14917004 -0.59038103
v 0.87111902 1.16105998 -0.58070201
v 1.00372005 1.09009004 -0.53857303
v 1.51485002 1.02005005 0.14965799
v 1.49580002 1.03132999 0.09108300
v 1.49784005 1.00168002 -0.20474400
v 1.50550997 0.98355502 -0.24400499
v 1.50669003 0.96690798 -0.28406599
v 1.46673000 1.11342001 -0.09416400
v 1.47939003 1.09092999 -0.13001700
v 1.44543004 1.13909996 -0.06017400
v 1.46797001 1.12135994 0.01917500
v 1.44466996 1.15358996 -0.01639900
v 1.49671996 1.06681001 -0.16124199
v 1.47850001 1.05367994 0.05580100
v 1.40268004 0.29229999 0.16331799
v 1.33052003 0.21222199 0.13084701
v 1.36493003 0.22844701 0.14669999
v 1.29759002 0.19538601 0.11461700
v 1.26051998 0.18219601 0.10625600
v 1.22135997 0.17912300 0.12150100
v 1.16993999 0.17916600 0.15272000
v 1.15591002 0.17686699 0.18770900
v 1.13779998 0.18018401 0.22060300
v 1.13498998 0.17581999 0.26087099
v 1.23851001 0.17469500 0.37772301
v 1.28128004 0.18765900 0.36352599
v 1.32216001 0.20127299 0.35332799
v 1.35531998 0.20898700 0.32854301
v 1.16957998 0.18394400 0.36946699
v 1.37502003 0.21568100 0.29328501
v 1.38411999 0.22497700 0.25373101
v 1.50366998 0.95197701 -0.32560799
v 1.31921005 0.33778799 -0.21471199
v 1.34623003 0.37270600 -0.21805000
v 1.37397003 0.40617701 -0.22531199
v 1.39850998 0.43944600 -0.23987500
v 1.42039001 0.47196901 -0.25878999
v 1.43489003 0.50550199 -0.28601801
v 1.29570997 0.29629999 -0.21271300
v 1.42484999 0.52733099 -0.36038300
v 1.40705001 0.55888999 -0.38214099
v 1.25898004 0.29049599 -0.20052899
v 1.39298999 0.59161901 -0.40472001
v 1.19005001 0.25953501 -0.21351200
v 1.16132998 0.25856999 -0.24100600
v 1.20028996 0.32001299 -0.40101701
v 1.13996005 0.25011501 -0.27223200
v 1.23924005 0.95444399 -0.55572599
v 1.26398003 0.92049497 -0.54298401
v 1.28785002 0.88569403 -0.53019702
v 1.30990005 0.85048401 -0.51474500
v 1.32872999 0.81335199 -0.49534300
v 1.34343004 0.77329999 -0.47747499
v 1.35913002 0.73528498 -0.45858401
v 1.21348000 0.98765701 -0.56804699
v 1.18493998 1.02069998 -0.57513702
v 1.37586999 0.69952899 -0.44008100
v 1.15381002 1.05308998 -0.57658303
v 1.39138997 0.66533399 -0.42003301
v 1.38748002 0.23740301 0.21440300
v 0.97410500 1.11686003 -0.55035698
v 0.94511098 1.14414001 -0.56478697
v 1.51240003 1.42185998 0.22669500
v 1.41169000 1.52561998 0.29064500
v 1.44436002 1.50527000 0.26863101
v 1.47985995 1.48698997 0.24850699
v 1.36412001 1.58506000 0.29680899
v 1.34865999 1.62234998 0.27854300
v 1.07318997 1.76321006 0.25932401
v 0.80416501 1.81516004 -0.05609800
v 0.75472599 1.69472003 -0.35636300
v 0.76932800 1.62777996 -0.43418500
v 1.52697003 1.39897001 0.19072901
v -0.56792402 0.81616700 -0.43480900
v -0.60098302 0.83952802 -0.42753401
v -0.70374000 0.95662701 -0.38279799
v -0.74389797 1.02471995 -0.36465600
v -0.96647799 0.20547500 -0.26689699
v -1.07657003 0.24889700 -0.16788299
v -1.13285995 0.22957601 -0.12120400
v -1.38775003 0.21233700 0.19815101
v -1.36647999 0.19489400 0.16183800
v -1.36302996 0.16469599 0.12609001
v -1.35169005 0.13938899 0.08803900
v -1.39730000 0.23445299 0.24327800
v -0.99818897 0.12993801 -0.27728400
v -0.98310500 0.16893500 -0.27845800
v -1.19655001 -0.00291900 -0.07292500
v -1.17955005 -0.00275400 -0.11427600
v -1.16235995 -0.00243200 -0.15504301
v -1.14480996 0.00564300 -0.19305301
v -1.08696997 0.02049700 -0.23100001
v -1.25738001 0.00453400 -0.02429400
v -1.34243000 0.10696800 0.04982600
v -1.07169998 0.05099900 -0.25121999
v -1.05738997 0.08606500 -0.26423499
v -0.65833598 1.06580997 -0.39145699
v -0.70612502 1.04772997 -0.38091400
v -0.62609601 1.04001999 -0.41203800
v -0.59085298 1.01381004 -0.42499399
v -0.55580199 0.98836899 -0.43936500
v -0.52023298 0.96269900 -0.45164999
v 0.79694301 1.17973995 -0.59328002
v 0.80725598 1.22136998 -0.58164299
v 0.81822699 1.26321006 -0.57581502
v 0.83006799 1.30474997 -0.56728202
v 0.84316802 1.34661996 -0.56177402
v 0.85396999 1.38759005 -0.54943800
v 0.86655200 1.42782998 -0.54139298
v 0.87871599 1.46710002 -0.53284901
v 0.88815200 1.50416005 -0.51363599
v 0.91390997 1.17344999 -0.57279402
v 1.07653999 1.07318997 -0.56798899
v 1.04504001 1.10248995 -0.55792499
v 1.51513004 1.04702997 0.11812900
v 1.50718999 1.04594004 -0.19691999
v 1.48268998 1.09642005 0.05268200
v 1.38814998 0.25125200 0.17410900
v 1.18710005 0.17879000 0.13809299
v 1.13496006 0.17393000 0.30201000
v 1.20274997 0.18238400 0.39771500
v 1.13218999 0.18453200 0.34538400
v 1.42911994 0.78271800 -0.39472499
v 1.41754997 0.74407399 -0.40333101
v 1.40328002 0.70527899 -0.41107601
v 1.44430006 0.82045001 -0.38775101
v 1.46035004 0.85849202 -0.38121900
v 1.47379005 0.89884198 -0.37438700
v 1.48854995 0.93996602 -0.36673701
v 1.44032001 0.49661499 -0.33317599
v 1.23073006 0.25546199 -0.20395300
v 1.38434005 0.55176300 -0.41686800
v 1.37219000 0.51273000 -0.42845699
v 1.35996997 0.47414500 -0.44278300
v 1.31371999 0.43655100 -0.45194000
v 1.29428005 0.39771599 -0.44533101
v 1.23813999 0.32749200 -0.43106601
v 1.15643001 0.27096701 -0.37329400
v 1.18824005 0.28015700 -0.39941099
v 1.13440001 0.25780001 -0.34027600
v 1.12342000 0.23735499 -0.30846199
v 1.12176001 1.08360004 -0.56796300
v 1.50898004 1.46652997 0.22092900
v 1.11465001 1.75058997 0.27467999
v 1.15660000 1.73637998 0.28380400
v 1.19986999 1.71956003 0.28776899
v 1.25471997 1.69834006 0.28734201
v 1.29615998 1.67887998 0.27610999
v 1.33468997 1.66090000 0.26352000
v 0.82595402 1.81947005 -0.01799700
v 0.84675902 1.82588995 0.01938100
v 0.75721800 1.72416997 -0.32501200
v 0.76157701 1.75015998 -0.29012999
v 0.76986200 1.76979995 -0.25185800
v 0.77818400 1.79122996 -0.21428300
v 0.79026198 1.80797005 -0.17384800
v 0.80512398 1.82210004 -0.13392401
v 0.82200199 1.83254004 -0.09460700
v 0.87127101 1.82772005 0.05500700
v 0.89610797 1.83053994 0.08954600
v 0.92532802 1.82745004 0.12004000
v 0.95524698 1.82670999 0.15192799
v 0.80671400 1.64458001 -0.43070799
v 0.77667397 1.68795002 -0.38615999
v 0.80185002 1.61372006 -0.45436200
v 0.99000800 1.81966996 0.18018200
v 1.02763999 1.81029999 0.20725200
v 1.06747997 1.79765999 0.22882099
v 0.83371902 1.59294999 -0.46979699
v 1.40151000 1.56693006 0.28056899
v 0.86622900 1.56779003 -0.48287901
v 1.52137995 1.06656003 0.15705900
v 1.52820003 1.11028004 0.16099800
v 1.53230000 1.15465999 0.16330799
v 1.53285003 1.19939005 0.16493300
v 1.53593004 1.24398994 0.16388400
v 1.53158998 1.28776002 0.16144700
v 1.53468001 1.33103001 0.15685201
v 1.53190994 1.37524998 0.15297700
v -0.67109299 0.93260801 -0.40353400
v -0.63435900 0.90837902 -0.41685301
v -0.59946001 0.88369900 -0.43003601
v -0.70778197 1.00162005 -0.38649201
v -1.05840003 0.24303199 -0.20839800
v -1.03573000 0.22571500 -0.24147999
v -1.01022995 0.19905300 -0.26369300
v -1.21710002 0.17340399 -0.02412500
v -1.19406998 0.17721000 -0.05761000
v -1.23549998 0.21591300 -0.01835700
v -1.18311000 0.19434200 -0.08479600
v -1.17267001 0.20778200 -0.11516300
v -1.26136005 0.25667799 0.01595300
v -1.27681994 0.28777301 0.04670300
v -1.11644006 0.23242500 -0.16143800
v -1.29427004 0.30999100 0.08141900
v -1.32620001 0.30624399 0.13835600
v -1.34109998 0.28343800 0.16304500
v -1.35230005 0.30981299 0.19759300
v -1.36618996 0.30236900 0.23396900
v -1.40496004 0.27699599 0.24015100
v -1.04328001 0.12299100 -0.27637601
v -1.12835002 0.01917900 -0.22640200
v -1.24015999 -0.00285200 -0.06647200
v -1.32957006 0.05577500 0.04875200
v -1.31713998 0.01101200 0.03280500
v -1.30124998 0.00530800 -0.01522600
v -0.52704501 0.87654299 -0.45120201
v -0.52414602 0.91917098 -0.45198700
v -0.53066802 0.83473098 -0.44591001
v 0.89761901 1.54193997 -0.49376300
v 0.83919001 1.19158995 -0.58385903
v 0.88190901 1.20283997 -0.57546902
v 1.01707006 1.13067997 -0.54229403
v 1.49995995 1.07270002 0.08629100
v 1.51528001 1.02674997 -0.23465499
v 1.51514995 1.01054001 -0.27534601
v 1.51305997 0.99517399 -0.31672901
v 1.48997998 1.13591003 -0.12433300
v 1.47607005 1.15792000 -0.08786300
v 1.50790000 1.11247003 -0.15578701
v 1.45578003 1.18096995 -0.05166100
v 1.47055995 1.16830003 0.02007300
v 1.48591006 1.14128006 0.05521600
v 1.51858997 1.09104002 -0.19049799
v 1.35137999 0.18657801 0.15777400
v 1.31839001 0.16941200 0.13830300
v 1.37349999 0.21044800 0.18567200
v 1.28085995 0.15629600 0.12699001
v 1.24621999 0.14392400 0.11364500
v 1.20626998 0.14246801 0.12599801
v 1.17381001 0.14315300 0.14544000
v 1.14111996 0.14885500 0.16880400
v 1.12004995 0.15105900 0.20061800
v 1.10074997 0.16022301 0.23915200
v 1.09407997 0.16502900 0.28202999
v 1.23151004 0.15148801 0.41340700
v 1.27374005 0.15771000 0.39456499
v 1.31421006 0.16603801 0.37560600
v 1.34811997 0.17058501 0.34531701
v 1.36526000 0.17632200 0.30698800
v 1.12934995 0.17575300 0.39039600
v 1.16280997 0.17586900 0.41490301
v 1.37232006 0.18479601 0.26580399
v 1.37523997 0.19635201 0.22561800
v 1.50137997 0.98203498 -0.35805401
v 1.33446002 0.29435599 -0.23033500
v 1.35951996 0.33138099 -0.23365000
v 1.38564003 0.36631101 -0.23781900
v 1.41238999 0.40039399 -0.24452600
v 1.43198001 0.43452600 -0.26489699
v 1.44529998 0.46650699 -0.29535300
v 1.27287996 0.25386599 -0.21317001
v 1.41749001 0.48451599 -0.37531900
v 1.40114999 0.51760298 -0.39689001
v 1.16805995 0.22281200 -0.21977700
v 1.20591998 0.22115099 -0.20245600
v 1.13755000 0.22022900 -0.24330001
v 1.34154999 0.43532401 -0.45127499
v 1.26370001 0.35906100 -0.44535199
v 1.22017002 0.28852499 -0.42938700
v 1.11489999 0.21323100 -0.27644101
v 1.25455999 0.99612302 -0.55373102
v 1.27997994 0.96253401 -0.54076302
v 1.30368996 0.92824602 -0.52622598
v 1.32687998 0.89376199 -0.51173800
v 1.34612000 0.85929501 -0.49139601
v 1.36405003 0.82213402 -0.47285599
v 1.37476003 0.77318698 -0.45429599
v 1.39031005 0.73847800 -0.43367499
v 1.22836006 1.02941000 -0.56692702
v 1.19840002 1.06254995 -0.57413101
v 1.16671002 1.09443998 -0.57353097
v 0.98726398 1.15842998 -0.55092502
v 0.95601201 1.18571997 -0.56003302
v 1.51949000 1.44279003 0.18560800
v 1.43365002 1.54665995 0.25841200
v 1.46525002 1.52721000 0.23555399
v 1.49798000 1.50958002 0.21106499
v 1.38639998 1.60464001 0.26431999
v 1.37296999 1.64382005 0.24980800
v 1.10771000 1.78538001 0.24673100
v 0.84236300 1.83650994 -0.05536200
v 0.78550202 1.71890998 -0.35427499
v 0.81083798 1.67791998 -0.40824899
v 1.52424002 1.41870999 0.14813800
v -0.56540400 0.85915500 -0.44109401
v -0.67188001 0.97728902 -0.40631899
v -1.09864998 0.22879399 -0.20089599
v -1.24843001 0.23629500 -0.00120200
v -1.15489995 0.21184500 -0.15399501
v -1.31051004 0.33454800 0.11658900
v -1.36837995 0.24102600 0.15318599
v -1.40305996 0.25683099 0.19709200
v -1.38171995 0.20661999 0.11966600
v -1.37955999 0.17671400 0.08404800
v -1.37364995 0.14956801 0.04169100
v -1.02715003 0.16159600 -0.27580899
v -1.22317004 -0.00347800 -0.10867000
v -1.20599997 -0.00276600 -0.15029199
v -1.18783998 0.00485700 -0.18966000
v -1.16910005 0.02139500 -0.22616300
v -1.11636996 0.04493100 -0.24321000
v -1.28390002 -0.00302900 -0.05902400
v -1.36652994 0.07067100 0.04513900
v -1.10268998 0.07856000 -0.25547901
v -1.08927000 0.11679700 -0.26704401
v -0.66810203 1.02181995 -0.40103501
v -0.63117599 0.99600899 -0.41417900
v -0.59512198 0.97078699 -0.42815399
v -0.55866498 0.94554001 -0.43913800
v 0.85037398 1.23297000 -0.57792598
v 0.86091501 1.27434003 -0.56878102
v 0.87272298 1.31519997 -0.55837399
v 0.88431102 1.35711002 -0.55132800
v 0.89645100 1.39890003 -0.54185498
v 0.90992498 1.43707001 -0.53560799
v 0.91968000 1.47613001 -0.52116197
v 0.92887700 1.51510000 -0.50439602
v 0.92450899 1.21438003 -0.56528300
v 1.08977997 1.11387002 -0.56482202
v 1.05911005 1.14314997 -0.55504203
v 1.51926994 1.09109998 0.12102500
v 1.52085996 1.07178998 -0.22771400
v 1.45061004 1.19866002 -0.01293100
v 1.50583994 1.11598003 0.08610300
v 1.10220003 0.15908100 0.32514000
v 1.19605994 0.16574199 0.44087401
v 1.10033000 0.16744401 0.36827499
v 1.40523005 0.77565300 -0.42851299
v 1.41925001 0.81256002 -0.42242301
v 1.43376005 0.85011202 -0.41600800
v 1.44772005 0.88920301 -0.40875801
v 1.45999002 0.93015802 -0.40005800
v 1.47381997 0.97186399 -0.39228401
v 1.31256998 0.25411701 -0.22637101
v 1.44209003 0.45985699 -0.32592499
v 1.43887997 0.45320800 -0.35649699
v 1.24934006 0.21727300 -0.20917401
v 1.39335001 0.47728601 -0.41284400
v 1.38364995 0.43761799 -0.42985901
v 1.30903995 0.35970899 -0.44958600
v 1.28603995 0.32390100 -0.44590199
v 1.26347005 0.28894699 -0.44691601
v 1.13628995 0.23565300 -0.37750700
v 1.16775000 0.24364799 -0.40374199
v 1.20237994 0.24924999 -0.42734000
v 1.11296999 0.22238800 -0.34604201
v 1.09808004 0.20256101 -0.31314799
v 1.13522005 1.12460005 -0.56579298
v 1.51055002 1.48585999 0.17852400
v 1.14905000 1.77274001 0.25992700
v 1.19184995 1.75594997 0.26547799
v 1.23738003 1.73988998 0.26918501
v 1.28190005 1.71972001 0.26264101
v 1.32045996 1.70030999 0.24823800
v 1.35933995 1.68323004 0.23548500
v 0.86303699 1.84173000 -0.01803300
v 0.88452798 1.84709001 0.01824000
v 0.79088300 1.74761999 -0.32158399
v 0.79827100 1.77040994 -0.28536299
v 0.80678099 1.79148996 -0.24719800
v 0.81497300 1.81421995 -0.20982000
v 0.82794499 1.83017004 -0.17086500
v 0.84337699 1.84361005 -0.13207699
v 0.86183602 1.84977996 -0.09260500
v 0.90839797 1.84999001 0.05263000
v 0.93373698 1.85216999 0.08538700
v 0.96295202 1.84942997 0.11551000
v 0.99381000 1.84744000 0.14531100
v 0.84560502 1.65910995 -0.42311701
v 0.84030801 1.62453997 -0.44447500
v 0.81627202 1.70987999 -0.38055900
v 1.02805996 1.84138000 0.17342000
v 1.06479001 1.83051002 0.19677500
v 1.10283005 1.82021999 0.21723901
v 0.87316602 1.60371006 -0.46194199
v 1.42138004 1.58670998 0.24620201
v 0.90612501 1.57965004 -0.47562101
v 1.52276003 1.13504004 0.12452700
v 1.52419996 1.17940998 0.12747200
v 1.52296996 1.22416997 0.12937801
v 1.52767003 1.26854002 0.12814900
v 1.52904999 1.30382001 0.11045500
v 1.52585995 1.35026002 0.11308800
v 1.52163005 1.39442003 0.11045200
v -0.63331902 0.95230401 -0.41656199
v -0.59729999 0.92730600 -0.42884001
v -0.56206399 0.90210497 -0.44063801
v -1.07611001 0.21231700 -0.23385499
v -1.05249000 0.18933600 -0.25793499
v -1.25906003 0.18003000 -0.03481900
v -1.23484004 0.16852801 -0.06024300
v -1.21331000 0.17960200 -0.10130300
v -1.27021003 0.22183201 -0.03763300
v -1.19450998 0.19033700 -0.14594200
v -1.30015004 0.26726601 0.01142800
v -1.28399003 0.24882901 -0.01912200
v -1.31463003 0.31145000 0.04173300
v -1.13528001 0.20683999 -0.19126800
v -1.32809997 0.33575499 0.07430300
v -1.36808002 0.31167400 0.15618300
v -1.35186994 0.34098101 0.13701800
v -1.38424003 0.28256699 0.17401800
v -1.39758003 0.30209699 0.20968001
v -1.37017000 0.10923200 0.05368000
v -1.07193995 0.15424700 -0.26861599
v -1.14998996 0.06606300 -0.24716300
v -1.26691997 -0.00327300 -0.10238300
v -1.35851002 0.02813800 0.03106900
v -1.34570003 0.00513100 -0.00554800
v -1.32808995 -0.00133500 -0.05041400
v 0.93823200 1.55419004 -0.48844999
v 0.89254397 1.24381006 -0.56766897
v 1.03033996 1.17091000 -0.54113197
v 1.52521002 1.05396998 -0.26618701
v 1.52087998 1.03874004 -0.30647901
v 1.51165998 1.02507997 -0.34773001
v 1.50137997 1.18018997 -0.11791500
v 1.51859999 1.15892994 -0.15180300
v 1.48632002 1.20090997 -0.08086900
v 1.52899003 1.14024997 -0.18959101
v 1.46594000 1.22353005 -0.04657800
v 1.49179006 1.18630004 0.05692800
v 1.47443998 1.21308994 0.02436300
v 1.50685000 1.16046000 0.09029000
v 1.53044999 1.11901999 -0.22366001
v 1.36013997 0.16924000 0.19736899
v 1.33396995 0.14734100 0.17168900
v 1.30228996 0.12953900 0.14948300
v 1.26195002 0.11859100 0.13530301
v 1.22938001 0.10656200 0.11943600
v 1.18836999 0.10695400 0.13532400
v 1.15002000 0.10985400 0.15673900
v 1.11388004 0.11600100 0.18293101
v 1.08674002 0.12369100 0.21855401
v 1.06896996 0.13441300 0.26233000
v 1.07049000 0.13702400 0.30866200
v 1.22621000 0.13401701 0.45402700
v 1.27040994 0.12936801 0.42435500
v 1.30811000 0.12944400 0.39656499
v 1.34025002 0.13248900 0.36333299
v 1.35518003 0.13767500 0.32176301
v 1.36238003 0.14496499 0.27949101
v 1.09157002 0.14144900 0.39547199
v 1.12560999 0.14491101 0.42197201
v 1.15368998 0.15529899 0.45441499
v 1.36362004 0.15537600 0.23780800
v 1.48632002 1.01402998 -0.38369200
v 1.36931002 0.29378399 -0.25601700
v 1.34413004 0.25767699 -0.25482199
v 1.39503002 0.32880700 -0.25812000
v 1.41726005 0.36434501 -0.26433301
v 1.44009995 0.39831901 -0.27697000
v 1.45431995 0.42906001 -0.30029199
v 1.29163003 0.21402800 -0.22130400
v 1.41237998 0.44367799 -0.39449799
v 1.14262998 0.18621901 -0.21674100
v 1.18236995 0.18492299 -0.20791900
v 1.22441006 0.18239801 -0.20538600
v 1.11251998 0.18366601 -0.24561000
v 1.37099004 0.39791900 -0.44447300
v 1.33016002 0.39635101 -0.45579699
v 1.24030006 0.25301999 -0.44841900
v 1.08897996 0.17825200 -0.28027400
v 1.29456997 1.00452995 -0.53710902
v 1.26842999 1.03807998 -0.54911101
v 1.31863999 0.97070003 -0.52126402
v 1.34259999 0.93648601 -0.50673300
v 1.36465001 0.90268397 -0.48900399
v 1.38621998 0.86994201 -0.47062501
v 1.38923001 0.80753398 -0.45034099
v 1.24178004 1.07124996 -0.56166500
v 1.21185994 1.10416996 -0.56977201
v 1.18005002 1.13566995 -0.56794298
v 0.99842298 1.19885004 -0.54634202
v 0.96683198 1.22691000 -0.55335301
v 1.51695001 1.46188998 0.14268699
v 1.45104003 1.56734002 0.22303100
v 1.48104000 1.54961002 0.20050000
v 1.50112998 1.52889001 0.17130201
v 1.40720999 1.62519002 0.23136100
v 1.39549994 1.66518998 0.21815901
v 1.14241004 1.80864000 0.23354401
v 0.87894702 1.86012995 -0.05411600
v 0.82172298 1.74012005 -0.34953699
v 0.84980398 1.69412994 -0.40091801
v 1.51215005 1.43628001 0.10665700
v -1.11536002 0.19656500 -0.22701199
v -1.17361999 0.18686800 -0.18339901
v -1.30738997 0.28935799 0.02658000
v -1.34028006 0.36713099 0.10798700
v -1.38276994 0.25147301 0.10838100
v -1.39247000 0.22024401 0.07738300
v -1.38292003 0.19118100 0.04133400
v -1.41491997 0.12188600 0.05673200
v -1.24996996 -0.00344500 -0.14515799
v -1.23184001 0.00564000 -0.18482600
v -1.21273005 0.01798400 -0.22421600
v -1.19533002 0.05734200 -0.24175200
v -1.31075001 -0.00307700 -0.09522200
v -1.40669000 0.08013600 0.05641800
v -1.39513004 0.05133100 0.02751100
v -1.13538003 0.10774800 -0.25690001
v -1.12381995 0.15255100 -0.24643600
v 0.90338099 1.28476000 -0.55908102
v 0.91452402 1.32556999 -0.54850298
v 0.92717600 1.36827004 -0.54351503
v 0.94222701 1.40702999 -0.53678501
v 0.95176798 1.44763005 -0.52610999
v 0.96110398 1.48854995 -0.51459199
v 0.97015101 1.52689004 -0.49535599
v 0.93546897 1.25603998 -0.55764800
v 1.10432994 1.15453994 -0.55877799
v 1.07199001 1.18414998 -0.55368400
v 1.53041995 1.09768999 -0.25739399
v 1.45802999 1.24236000 -0.01056100
v 1.07722998 0.13662800 0.35225201
v 1.18552995 0.13124700 0.46915799
v 1.40306997 0.84203303 -0.44615501
v 1.41727996 0.88063800 -0.44003400
v 1.42992997 0.92107397 -0.43108699
v 1.44093001 0.96277100 -0.42106000
v 1.45383000 1.00474000 -0.41320699
v 1.31996000 0.22018000 -0.25338599
v 1.45673001 0.42046300 -0.34002799
v 1.42934000 0.41125700 -0.37429401
v 1.26557004 0.17839999 -0.22143100
v 1.40119004 0.40289199 -0.40939501
v 1.35485005 0.35800099 -0.45115000
v 1.33088005 0.32315999 -0.44135499
v 1.30973005 0.28713500 -0.44724599
v 1.28595996 0.25121099 -0.45210701
v 1.11351001 0.20089000 -0.38148299
v 1.14200997 0.21071900 -0.41090000
v 1.17632997 0.21619600 -0.43457001
v 1.21538997 0.21772800 -0.45243701
v 1.08808005 0.18894400 -0.35058501
v 1.07397997 0.16783600 -0.31872600
v 1.14800000 1.16633999 -0.56523299
v 1.50313997 1.50259995 0.13746700
v 1.18311000 1.79268003 0.24292600
v 1.22560000 1.77690995 0.24530400
v 1.26747000 1.75855994 0.24308901
v 1.30738997 1.73889005 0.23571600
v 1.34605002 1.72192001 0.22147299
v 1.38074994 1.70292997 0.20221300
v 0.90108001 1.86238003 -0.01844900
v 0.92192101 1.86828995 0.01641000
v 0.82830298 1.76528001 -0.31501201
v 0.83611399 1.78919005 -0.27939501
v 0.84388602 1.81254995 -0.24271999
v 0.85417598 1.83318996 -0.20621599
v 0.86738002 1.85007000 -0.16806300
v 0.88329899 1.86019003 -0.12881100
v 0.90022701 1.87006998 -0.09108700
v 0.94566298 1.87067997 0.04810000
v 0.97184300 1.87136996 0.07878800
v 1.00006998 1.87182999 0.10926100
v 1.03102005 1.86992002 0.13797000
v 0.88472998 1.67299998 -0.41629201
v 0.87939203 1.63731003 -0.43701401
v 0.85411298 1.72810996 -0.37509900
v 1.06526995 1.86220002 0.16444300
v 1.10090995 1.85298002 0.18611000
v 1.13880002 1.84195995 0.20338300
v 0.91251701 1.61591005 -0.45450199
v 1.43788004 1.60625005 0.20963500
v 0.94573599 1.59282005 -0.46953699
v 1.51240003 1.20467997 0.09242500
v 1.51887000 1.25014997 0.09495900
v 1.51277995 1.32454002 0.07152500
v 1.51169002 1.37047005 0.07266100
v 1.50817001 1.41292000 0.06919700
v -1.09033000 0.17373499 -0.24943000
v -1.27883995 0.16346700 -0.05760100
v -1.29755998 0.19329201 -0.05262600
v -1.25445998 0.16499899 -0.09956700
v -1.30928004 0.23235101 -0.05151400
v -1.23336005 0.16754900 -0.13900299
v -1.21300006 0.16704901 -0.17660201
v -1.32233000 0.26217300 -0.02718100
v -1.33649004 0.27077100 0.00905300
v -1.34842002 0.33678100 0.03452400
v -1.33956003 0.30682001 0.01168200
v -1.15088999 0.17548300 -0.21668200
v -1.36159003 0.35776100 0.06869100
v -1.39763999 0.34233499 0.14977400
v -1.41076005 0.30667999 0.16024600
v -1.38235998 0.37045601 0.12671100
v -1.41143000 0.25894600 0.14402400
v -1.42375004 0.16212600 0.04868200
v -1.17973995 0.09770500 -0.25085899
v -1.29387999 -0.00313200 -0.13903600
v -1.38774002 0.01779800 -0.00077500
v -1.37250996 0.00141700 -0.04169300
v -1.35511005 -0.00142200 -0.08656800
v 0.97823799 1.56708002 -0.48090401
v 1.04216003 1.21220005 -0.54204702
v 1.52680004 1.08209002 -0.29685101
v 1.51598001 1.06859004 -0.33694500
v 1.49498999 1.05674005 -0.37311599
v 1.51084006 1.22317004 -0.11201600
v 1.52721000 1.20343006 -0.14746100
v 1.54006004 1.18577003 -0.18516301
v 1.49452996 1.24383998 -0.07630600
v 1.53515005 1.13293004 -0.23970900
v 1.47570002 1.26530004 -0.04177600
v 1.49941003 1.23095000 0.05965700
v 1.48312998 1.25671995 0.02841800
v 1.34370995 0.13014100 0.21030299
v 1.31781995 0.10799800 0.18412100
v 1.28868997 0.08846200 0.15763700
v 1.24835002 0.07924700 0.14521100
v 1.21214998 0.06938000 0.12646499
v 1.16893995 0.07308100 0.14805900
v 1.12769997 0.07654600 0.17039099
v 1.09256005 0.08250900 0.20294300
v 1.05866003 0.09136100 0.23850299
v 1.05376005 0.09901700 0.28799301
v 1.06730998 0.10029600 0.33402899
v 1.26680005 0.10260400 0.45918599
v 1.21273994 0.09849400 0.47744900
v 1.30535996 0.09567200 0.42157301
v 1.33352005 0.09500900 0.38305500
v 1.34802997 0.09926300 0.33881599
v 1.34885001 0.10749600 0.29389599
v 1.34860003 0.11680500 0.25103399
v 1.09535003 0.10690700 0.41923401
v 1.07208002 0.10372000 0.38016799
v 1.12399995 0.11330300 0.44540000
v 1.14333999 0.12035600 0.47094199
v 1.46693003 1.04690003 -0.40615401
v 1.37156999 0.26468700 -0.28959700
v 1.40042996 0.29723600 -0.28794500
v 1.34619999 0.22891299 -0.28762800
v 1.42486000 0.33216599 -0.28915399
v 1.44291997 0.36765400 -0.29070100
v 1.45653999 0.38936600 -0.31377301
v 1.29420996 0.18488000 -0.25406700
v 1.11842000 0.14882100 -0.21913700
v 1.15865004 0.14732701 -0.20592900
v 1.19880998 0.14862999 -0.19425200
v 1.23798001 0.14494400 -0.22357100
v 1.08511996 0.14895000 -0.24669600
v 1.39418006 0.36197299 -0.42674401
v 1.25783002 0.21505800 -0.45555899
v 1.06405997 0.14467201 -0.28739399
v 1.33457994 1.01274002 -0.51928198
v 1.30939996 1.04651999 -0.53419101
v 1.28185999 1.08009005 -0.54482102
v 1.35835004 0.97874302 -0.50297397
v 1.37863004 0.94524002 -0.48186201
v 1.39732003 0.91228700 -0.45961300
v 1.25407004 1.11333001 -0.55584699
v 1.22398996 1.14587998 -0.56181401
v 1.19244003 1.17747998 -0.56431800
v 1.01033998 1.23907995 -0.53976601
v 0.97755301 1.26777995 -0.54738599
v 1.49910998 1.47694004 0.10178700
v 1.46605003 1.58903003 0.18857799
v 1.48557997 1.57045996 0.16216800
v 1.48934996 1.54312003 0.13101099
v 1.42296004 1.64285004 0.19290701
v 1.40685999 1.67930996 0.17701600
v 1.17786002 1.82879996 0.21651401
v 0.91815698 1.87884998 -0.05356200
v 0.85973400 1.75717998 -0.34319901
v 0.88827300 1.71063006 -0.39594200
v 1.50918996 1.27690995 0.06392300
v 1.49994004 1.45501995 0.06630100
v -1.19094002 0.15912899 -0.21095800
v -1.37346995 0.38859501 0.09578100
v -1.40969002 0.28204101 0.09642900
v -1.41129005 0.25564301 0.07186200
v -1.39159000 0.23664200 0.04041800
v -1.42462003 0.17904900 0.01128700
v -1.46231997 0.13742401 0.05986100
v -1.44813001 0.09685500 0.06047000
v -1.27648997 0.00608800 -0.18022700
v -1.25691998 0.01338000 -0.22092500
v -1.23896003 0.05079100 -0.23838800
v -1.22402000 0.08967200 -0.24864700
v -1.33756006 -0.00222100 -0.13183600
v -1.43707001 0.06676100 0.03285300
v -1.41465998 0.05624400 -0.00363000
v -1.16577005 0.14029101 -0.23948000
v 0.94507998 1.29650998 -0.54866600
v 0.95626301 1.33752000 -0.54047501
v 0.97156602 1.37582004 -0.53163600
v 0.98380899 1.41892004 -0.52577698
v 0.99342197 1.46085000 -0.51714599
v 1.00273001 1.50118995 -0.50144798
v 1.01067996 1.54128003 -0.49007800
v 1.11701000 1.19575000 -0.55578399
v 1.08440995 1.22535002 -0.55315900
v 1.53255999 1.12378001 -0.28599200
v 1.54129004 1.17329001 -0.22878000
v 1.47170997 1.28455997 -0.00555100
v 1.17290998 0.08864600 0.47566700
v 1.41068006 0.95386899 -0.45230699
v 1.42074001 0.99593902 -0.44185001
v 1.43335998 1.03801000 -0.43412399
v 1.32129002 0.19327199 -0.28745201
v 1.44026005 0.37933499 -0.35129499
v 1.41840005 0.37000099 -0.38809201
v 1.26937997 0.14915600 -0.25455201
v 1.37463999 0.32277000 -0.42941800
v 1.35176003 0.28639001 -0.42818499
v 1.33177996 0.24930499 -0.43131700
v 1.29639995 0.21281500 -0.44927600
v 1.11819005 0.17553100 -0.41427600
v 1.08828998 0.16763800 -0.38628101
v 1.15320003 0.17994700 -0.43697599
v 1.19037998 0.18287800 -0.45758799
v 1.23345006 0.17946300 -0.46284300
v 1.06097996 0.15726499 -0.35699701
v 1.04803002 0.13444801 -0.32625300
v 1.16078997 1.20717001 -0.55667800
v 1.48802996 1.51659000 0.09842400
v 1.21697998 1.81185997 0.22145100
v 1.25513005 1.79289997 0.21830800
v 1.29438996 1.77605999 0.21482700
v 1.33161998 1.75779998 0.20495699
v 1.36614001 1.73852003 0.18748300
v 1.38747001 1.71336997 0.16140901
v 0.93723500 1.88672996 -0.01797100
v 0.95937800 1.88858998 0.01285700
v 0.86649901 1.78356004 -0.30978599
v 0.87441099 1.80762005 -0.27347401
v 0.88334399 1.83035004 -0.23840900
v 0.89374697 1.85236001 -0.20190600
v 0.90910399 1.86257005 -0.16358300
v 0.92261302 1.87889004 -0.12634100
v 0.93909198 1.88972998 -0.08894700
v 0.98079598 1.89400005 0.04313100
v 1.00735998 1.89513004 0.07326900
v 1.03702998 1.89454997 0.10235000
v 1.06873000 1.89087999 0.12978500
v 0.92298800 1.68921995 -0.41142601
v 0.91839403 1.65167999 -0.43195301
v 0.89296901 1.74382997 -0.36868501
v 1.10215998 1.88214004 0.15223300
v 1.13692999 1.87372005 0.17304800
v 1.17355001 1.85857999 0.18444900
v 0.95183498 1.62860000 -0.44600400
v 1.45571995 1.61802995 0.16152599
v 0.98519498 1.60456002 -0.45937800
v 1.48766005 1.30201006 0.03567100
v 1.49484003 1.34631002 0.03621900
v 1.49743998 1.38761997 0.03280400
v 1.49255002 1.43159997 0.03124600
v -1.32367003 0.16416299 -0.06032000
v -1.29686999 0.15649401 -0.10014300
v -1.34152997 0.20313001 -0.06228800
v -1.27526999 0.15570900 -0.13779999
v -1.35212004 0.24199800 -0.05565700
v -1.25426996 0.15242000 -0.17343301
v -1.23272002 0.14586700 -0.20710801
v -1.36143994 0.26798800 -0.02291000
v -1.37176001 0.28389999 0.00383300
v -1.38654995 0.35462001 0.03535700
v -1.37496996 0.32670200 0.00257200
v -1.39804006 0.36080399 0.07147500
v -1.43781996 0.33147100 0.13202000
v -1.42505002 0.36553600 0.12704401
v -1.43341005 0.29253301 0.13369600
v -1.41014004 0.38606799 0.09911800
v -1.40270996 0.20934901 0.01125400
v -1.46929002 0.16444699 0.02040300
v -1.20772004 0.12690900 -0.23362701
v -1.32063997 0.00716600 -0.17460699
v -1.41187000 0.02430300 -0.03629400
v -1.40066004 0.00169800 -0.07716600
v -1.38186002 -0.00031100 -0.12317600
v 1.01828003 1.58102000 -0.47414801
v 1.05245996 1.25329995 -0.54671901
v 1.52391005 1.11149001 -0.32749900
v 1.50416005 1.09951997 -0.36464399
v 1.47553003 1.08940995 -0.39602399
v 1.51735997 1.26627004 -0.10843100
v 1.53436005 1.24668002 -0.14266200
v 1.54691994 1.22920001 -0.17953800
v 1.54921997 1.21560001 -0.22120200
v 1.50225997 1.28631997 -0.07281800
v 1.54207003 1.16314995 -0.27420601
v 1.48097003 1.30797994 -0.03943600
v 1.33089006 0.09015600 0.22178900
v 1.30399001 0.06766500 0.19481900
v 1.27339005 0.04740700 0.16771100
v 1.22993004 0.04492700 0.15815200
v 1.19176996 0.03352200 0.13800600
v 1.14919996 0.04086700 0.16324601
v 1.10792994 0.04234100 0.18814200
v 1.07742000 0.04797400 0.22521099
v 1.05540001 0.05664100 0.26866499
v 1.05707002 0.06343400 0.31672800
v 1.06498003 0.06651100 0.36225200
v 1.29440999 0.05856100 0.43638101
v 1.24107003 0.06885100 0.48575199
v 1.20078003 0.05659300 0.48182699
v 1.31921005 0.05770000 0.39821899
v 1.33870995 0.06064700 0.35563400
v 1.34239995 0.06941700 0.30804101
v 1.33559000 0.07883200 0.26365900
v 1.07167006 0.06941900 0.41084999
v 1.11195004 0.07264000 0.43687400
v 1.13364995 0.07935200 0.47086400
v 1.44619000 1.08010995 -0.42749599
v 1.36908996 0.24171300 -0.32448700
v 1.39693999 0.27542701 -0.32396999
v 1.41925001 0.31266999 -0.32379299
v 1.34345996 0.20685700 -0.32364199
v 1.43569005 0.35201901 -0.32272601
v 1.29586995 0.15805300 -0.28828400
v 1.08906996 0.11347200 -0.21829300
v 1.13115001 0.11045000 -0.20308299
v 1.17305005 0.11114400 -0.19048400
v 1.21390998 0.10937200 -0.22057199
v 1.24579000 0.11267400 -0.25351200
v 1.05680001 0.13027599 -0.26154599
v 1.40312004 0.32870400 -0.39597201
v 1.31620002 0.21266700 -0.43024299
v 1.27339005 0.17585100 -0.45647499
v 1.02731001 0.13022301 -0.29279900
v 1.34586000 1.05481994 -0.51031202
v 1.36917996 1.02102005 -0.49304599
v 1.32088995 1.08852005 -0.52582902
v 1.29589999 1.12189996 -0.54249501
v 1.39058006 0.98733801 -0.47359100
v 1.26706004 1.15520000 -0.55159301
v 1.23633003 1.18794000 -0.55760801
v 1.20464003 1.21933997 -0.55838698
v 1.02093995 1.27980006 -0.53406799
v 0.98819399 1.30840003 -0.54190099
v 1.48652995 1.49530005 0.06285900
v 1.47283006 1.58510005 0.12427600
v 1.47414994 1.55534995 0.09322100
v 1.42914999 1.65522003 0.14847700
v 1.40426004 1.68787003 0.13258900
v 1.21115994 1.84346998 0.19280501
v 0.95560402 1.90242004 -0.05188900
v 0.89835799 1.77364004 -0.33772200
v 0.92693901 1.72770000 -0.39170501
v 1.47953999 1.47683001 0.02825300
v -1.43297994 0.29585001 0.06365800
v -1.42604995 0.31652400 0.08616200
v -1.42431998 0.27189800 0.03280800
v -1.39420998 0.25981501 0.00365800
v -1.44824004 0.13899100 -0.02347500
v -1.40287995 0.17428300 -0.01960900
v -1.48743999 0.11439600 0.05443400
v -1.49896002 0.13237500 0.03486000
v -1.47648001 0.09102500 0.03503100
v -1.30298996 0.00894900 -0.22185500
v -1.28371000 0.04446600 -0.23464900
v -1.26681006 0.08155400 -0.23913500
v -1.24980998 0.11537100 -0.22736099
v -1.36443996 0.00743600 -0.16674100
v -1.45486999 0.07839000 -0.00295900
v -1.43500996 0.06912700 -0.03577000
v 1.00047004 1.34856999 -0.53598398
v 1.01451004 1.38949001 -0.52575499
v 1.02480996 1.43130004 -0.51685798
v 1.03385997 1.47256994 -0.50364399
v 1.04331005 1.51488996 -0.49453500
v 1.05150998 1.55505002 -0.48144799
v 1.12898004 1.23724997 -0.55154598
v 1.09638000 1.26639998 -0.54844302
v 1.53094995 1.15346003 -0.31684399
v 1.54819000 1.20390999 -0.26337200
v 1.47952998 1.32585001 -0.00388500
v 1.27117002 0.06196400 0.46891400
v 1.16141999 0.04519300 0.47173500
v 1.40213001 1.02952003 -0.46483299
v 1.41279995 1.07163000 -0.45562699
v 1.31760001 0.17227200 -0.32375500
v 1.42182004 0.33935899 -0.35825300
v 1.27161002 0.12177000 -0.28928900
v 1.04955006 0.11588000 -0.23569800
v 1.38251996 0.29069000 -0.39784101
v 1.35854995 0.25518101 -0.39700100
v 1.33741999 0.21889900 -0.39620599
v 1.29825997 0.17705899 -0.42821699
v 1.08955002 0.14481100 -0.42145801
v 1.12521005 0.14755400 -0.44442701
v 1.05675995 0.14052400 -0.39542601
v 1.16446996 0.14862899 -0.46336600
v 1.20853996 0.14532200 -0.47166201
v 1.24907005 0.14002000 -0.46035299
v 1.02908003 0.13513900 -0.36620700
v 1.00365996 0.13137200 -0.32997900
v 1.17252004 1.24948001 -0.55499899
v 1.47783995 1.52798998 0.05891000
v 1.24949002 1.83073997 0.19718200
v 1.28540003 1.81362998 0.19465600
v 1.32234001 1.79611003 0.19089700
v 1.35283995 1.77411997 0.17309199
v 1.36949003 1.74697995 0.14673001
v 1.37994003 1.71905005 0.11766600
v 0.97696602 1.90645003 -0.01840100
v 0.99416298 1.90824997 0.00447200
v 0.90523398 1.80007994 -0.30319801
v 0.91368097 1.82439995 -0.26810700
v 0.92321903 1.84774005 -0.23363900
v 0.93474197 1.86802006 -0.19861101
v 0.94866401 1.88069999 -0.16048600
v 0.96311003 1.89345002 -0.12354500
v 0.97902697 1.90737998 -0.08710300
v 1.01677001 1.91396999 0.03472600
v 1.04497004 1.91526997 0.06532100
v 1.07448995 1.91772997 0.09464900
v 1.10634995 1.91224003 0.11831200
v 0.96145999 1.70749998 -0.41102099
v 0.95745599 1.66719997 -0.42686301
v 0.93189198 1.76018000 -0.36343300
v 1.13867998 1.90348005 0.13963600
v 1.17299998 1.88990998 0.15462600
v 1.20843005 1.87627006 0.16648600
v 0.99047703 1.64598000 -0.44582599
v 1.02406001 1.62074995 -0.45710599
v 1.47634995 1.36785996 -0.00101500
v 1.47946000 1.41123998 -0.00395000
v 1.47379005 1.45366001 -0.00635700
v -1.37598002 0.17195100 -0.04862500
v -1.33859003 0.16201600 -0.10665800
v -1.31807995 0.15015399 -0.13939600
v -1.38739002 0.21023200 -0.05216600
v -1.29703999 0.13805300 -0.17119400
v -1.39170003 0.24647801 -0.04467500
v -1.27471006 0.13420001 -0.20342100
v -1.40810001 0.29903701 0.00232500
v -1.43002999 0.34608600 0.05010100
v -1.41460001 0.34557000 0.00516100
v -1.43191004 0.35212699 0.08548700
v -1.40723002 0.22964400 -0.02032400
v -1.48354006 0.11448200 -0.00296800
v -1.35099006 0.00738800 -0.21316600
v -1.43978000 0.03389900 -0.06958800
v -1.42249000 0.01652300 -0.11275000
v -1.40762997 0.01288300 -0.15958300
v 1.05841005 1.59651005 -0.46861601
v 1.06356001 1.29446006 -0.54358000
v 1.51531005 1.14183998 -0.35637799
v 1.48757994 1.13152003 -0.38886601
v 1.45720005 1.12233996 -0.41954100
v 1.52435005 1.30899000 -0.10518400
v 1.54123998 1.28970003 -0.13826600
v 1.55244994 1.27223003 -0.17428900
v 1.55388999 1.25820994 -0.21437900
v 1.55480003 1.24528003 -0.25530100
v 1.50884998 1.32906997 -0.07016700
v 1.53757000 1.19437003 -0.30550501
v 1.48847997 1.35011995 -0.03793000
v 1.32050002 0.05002800 0.23232201
v 1.28922999 0.02830400 0.20702000
v 1.24621999 0.01868800 0.19287100
v 1.20369005 0.01447800 0.17498100
v 1.17079997 0.00534300 0.16031601
v 1.14157999 0.01266400 0.19122601
v 1.10376000 0.00748600 0.21781200
v 1.08192003 0.01870400 0.25767800
v 1.06658006 0.02646200 0.29964399
v 1.07350004 0.03229100 0.34213200
v 1.08070004 0.03497600 0.38428801
v 1.26529002 0.03107400 0.44002301
v 1.28874004 0.03045700 0.40310800
v 1.23512995 0.03041700 0.47224301
v 1.19330001 0.02951000 0.45267200
v 1.31034005 0.02933400 0.36574799
v 1.33010995 0.03336900 0.32388401
v 1.32840002 0.04185800 0.27447501
v 1.09880996 0.03820500 0.42125499
v 1.12980998 0.04276300 0.44703400
v 1.42504001 1.11381996 -0.44849801
v 1.37990999 0.26387200 -0.36079699
v 1.35631001 0.22791401 -0.36081001
v 1.40388000 0.30012199 -0.36108300
v 1.33254004 0.19252101 -0.35998100
v 1.29038000 0.13790300 -0.32526201
v 1.05364001 0.08300800 -0.21171600
v 1.09842002 0.07570500 -0.20250700
v 1.14565003 0.07150300 -0.19052300
v 1.19138002 0.07244000 -0.21870600
v 1.22319996 0.07571900 -0.25394800
v 1.24767995 0.08511200 -0.29144400
v 1.01365995 0.11857700 -0.25818899
v 1.31803000 0.18209200 -0.39625499
v 1.27962005 0.13890401 -0.43339401
v 0.99328101 0.10699300 -0.29493600
v 1.35693002 1.09711003 -0.50187898
v 1.37986004 1.06324005 -0.48350099
v 1.33306003 1.13077998 -0.51990998
v 1.30888999 1.16426003 -0.53831202
v 1.27941000 1.19762003 -0.54673600
v 1.24821997 1.23008001 -0.55077499
v 1.21679997 1.26135004 -0.55162799
v 1.03209996 1.32040000 -0.53063899
v 1.46625996 1.53222001 0.02032300
v 1.44835997 1.62691998 0.11711900
v 1.46201003 1.59749997 0.08447100
v 1.46392000 1.56561995 0.05317300
v 1.42130005 1.66305006 0.10326900
v 1.39345002 1.69421005 0.08761800
v 1.24480999 1.86311996 0.17428300
v 0.99883002 1.91798997 -0.04939200
v 0.93756098 1.78954995 -0.33119100
v 0.96589899 1.74380004 -0.38684499
v 1.47214997 1.49934006 -0.01342600
v -1.35941005 0.17063800 -0.07452600
v -1.43566000 0.31828201 0.02673700
v -1.46622002 0.10208400 -0.02914200
v -1.42078996 0.16826200 -0.04724000
v -1.32945001 0.04053500 -0.22910400
v -1.30848002 0.07489100 -0.22704500
v -1.28881001 0.10698000 -0.21485201
v -1.39347994 0.01753800 -0.19696900
v -1.47052002 0.06954700 -0.06434900
v 1.04488003 1.36069000 -0.52596802
v 1.05554998 1.40207005 -0.51690602
v 1.06614995 1.44360006 -0.50485700
v 1.07559001 1.48635006 -0.49774301
v 1.08397996 1.52760994 -0.48716301
v 1.09170997 1.56922996 -0.47606000
v 1.14048004 1.27859998 -0.54905701
v 1.10737002 1.30747998 -0.54460502
v 1.52251995 1.18432999 -0.34550300
v 1.54437995 1.23522997 -0.29497001
v 1.15761006 0.02309500 0.43558499
v 1.39111996 1.10553002 -0.47533301
v 1.30744004 0.15761900 -0.36044499
v 1.26774001 0.10039500 -0.32737800
v 1.01198995 0.09026400 -0.22552200
v 1.29536998 0.14646000 -0.39711601
v 1.09228003 0.12095500 -0.45579299
v 1.05604994 0.12139300 -0.43139699
v 1.13389003 0.11707400 -0.47098300
v 1.01757002 0.13505401 -0.41085199
v 1.17841005 0.11357600 -0.48099801
v 1.22696996 0.10450200 -0.47161099
v 1.25636995 0.10187700 -0.43989700
v 0.98861402 0.12570800 -0.37563100
v 0.96546900 0.11171300 -0.33413199
v 1.18474996 1.29121006 -0.54838097
v 1.28155994 1.85194004 0.17278901
v 1.31552994 1.83293998 0.17054801
v 1.34423006 1.81053996 0.16042200
v 1.35774004 1.78311002 0.13397600
v 1.36241996 1.75338995 0.10504300
v 1.36486995 1.72370005 0.07453000
v 1.02779996 1.92499995 -0.00753000
v 0.94425499 1.81795001 -0.29802600
v 0.95338500 1.84300005 -0.26394501
v 0.96398503 1.86424005 -0.22771899
v 0.97581702 1.88224995 -0.19204000
v 0.98826498 1.89577997 -0.15770300
v 1.00292003 1.90894997 -0.12287400
v 1.01978004 1.92349005 -0.08613900
v 1.05571997 1.92935002 0.02605700
v 1.08341002 1.93606997 0.05680800
v 1.11574996 1.93702996 0.08151000
v 1.14584005 1.93370998 0.10545000
v 1.00026000 1.72476995 -0.40711099
v 0.99560702 1.68628001 -0.42878601
v 0.97132897 1.77463996 -0.35547799
v 1.17489004 1.92464995 0.12741400
v 1.20883000 1.90980005 0.14161500
v 1.24409997 1.89370000 0.15181801
v 1.03012002 1.66185999 -0.44181499
v 1.06370997 1.63712001 -0.45389000
v 1.49046004 1.39229000 -0.03915900
v 1.48898005 1.43489003 -0.04212400
v 1.48751998 1.47748995 -0.04655600
v -1.39528000 0.18740800 -0.07908600
v -1.37852001 0.16846099 -0.11357400
v -1.36073005 0.15498500 -0.14625899
v -1.34157002 0.13498200 -0.17338800
v -1.32455003 0.10911800 -0.20244800
v -1.49690998 0.13760000 -0.02787800
v -1.46656001 0.17509200 -0.04147000
v -1.37475002 0.03899900 -0.22361200
v -1.44878995 0.05904500 -0.10671700
v -1.43484998 0.04213700 -0.14616400
v -1.44105005 0.02304900 -0.18756600
v 1.09789002 1.60993004 -0.46054000
v 1.07510996 1.33502996 -0.53848398
v 1.49861002 1.17379999 -0.38013500
v 1.46800995 1.16434002 -0.41026300
v 1.43519998 1.15579998 -0.43871301
v 1.52973998 1.35171998 -0.10244900
v 1.54561996 1.33238006 -0.13548200
v 1.55882001 1.31518996 -0.17020801
v 1.56020999 1.30141997 -0.20923200
v 1.56089997 1.28726995 -0.24809299
v 1.54946995 1.27576005 -0.28487501
v 1.51218998 1.37213004 -0.06975400
v 1.52832997 1.22624004 -0.33427599
v 1.30165994 0.01744400 0.24720900
v 1.26013994 0.00960300 0.23078600
v 1.22028005 -0.00164500 0.21351600
v 1.17988002 0.00163900 0.20020300
v 1.14741004 -0.00425500 0.22772500
v 1.11629999 -0.00540700 0.25635999
v 1.09048998 -0.00647800 0.28960800
v 1.07335997 -0.00192900 0.32450399
v 1.07946002 -0.00083400 0.36463600
v 1.09992003 0.00400500 0.40162101
v 1.22145998 0.02441000 0.42739999
v 1.24773002 0.01719500 0.39905900
v 1.26478004 0.01454700 0.36294401
v 1.18542004 0.00583900 0.42074800
v 1.28880000 0.01737600 0.33043799
v 1.31821001 0.02561500 0.30506101
v 1.12746000 0.01431200 0.41947600
v 1.40140998 1.14786994 -0.46584201
v 1.28254998 0.12192000 -0.36319000
v 1.02145004 0.04925900 -0.20485701
v 1.06551003 0.04222000 -0.20269801
v 1.10943997 0.03746300 -0.19617400
v 1.17119002 0.03688800 -0.22684801
v 1.20027995 0.03919500 -0.25659901
v 1.22424996 0.04748400 -0.29386801
v 1.24226999 0.06390500 -0.33099601
v 0.97948998 0.08772600 -0.26084900
v 1.27198994 0.10934000 -0.40127999
v 0.96083701 0.08018600 -0.29908600
v 1.36758995 1.13935995 -0.49343500
v 1.34502006 1.17303002 -0.51323903
v 1.31933999 1.20674002 -0.52939397
v 1.29170001 1.24056005 -0.54101199
v 1.26036000 1.27277994 -0.54595500
v 1.22849000 1.30365002 -0.54372501
v 1.46421003 1.54413998 -0.01980400
v 1.45615005 1.57394004 0.01326600
v 1.43344998 1.63362002 0.07498500
v 1.44658005 1.60513997 0.04303200
v 1.40512002 1.66568005 0.06050600
v 1.37117004 1.69263995 0.04419900
v 1.28163004 1.87852001 0.15693399
v 1.04212999 1.93315995 -0.04847800
v 0.97658998 1.80671000 -0.32504100
v 1.00520003 1.75939000 -0.38005701
v 1.47985995 1.52047002 -0.05310400
v -1.50814998 0.10066100 -0.05918400
v -1.43879998 0.19359900 -0.07540800
v -1.35292006 0.07484800 -0.21842200
v -1.41996002 0.03434400 -0.22414400
v -1.48239005 0.08956300 -0.10501900
v 1.08667004 1.37677002 -0.53183001
v 1.09788001 1.41767001 -0.51800603
v 1.10797000 1.45857000 -0.50358802
v 1.11702001 1.49979997 -0.49106100
v 1.12497997 1.54165006 -0.48114401
v 1.13191998 1.58281004 -0.46719801
v 1.15216005 1.32010996 -0.54264802
v 1.11925995 1.34853995 -0.53776300
v 1.51002002 1.21616995 -0.37222099
v 1.53310001 1.26706004 -0.32239300
v 1.14283001 -0.00093200 0.40777600
v 1.30631006 0.01786200 0.28623900
v 1.25764000 0.08511600 -0.36704099
v 0.98797500 0.05078100 -0.23461500
v 1.14856994 0.03250300 -0.19995500
v 1.05788004 0.09704300 -0.46579701
v 1.09853995 0.10305600 -0.49467000
v 1.01295996 0.11805700 -0.45246801
v 1.13977003 0.09044100 -0.50026101
v 0.97625798 0.11766500 -0.41956100
v 1.20404994 0.07026700 -0.48005301
v 1.23341000 0.06533400 -0.44856000
v 1.24662006 0.07291200 -0.40691000
v 0.95658201 0.09882300 -0.38205400
v 0.93716902 0.07917800 -0.34153301
v 1.19693005 1.33320999 -0.54115200
v 1.31894004 1.87791002 0.14416300
v 1.33096004 1.84473002 0.14921200
v 1.34941006 1.81932998 0.12385800
v 1.35504997 1.79104996 0.09353100
v 1.34998000 1.76073003 0.06264600
v 1.35043001 1.72943997 0.03083900
v 1.06637001 1.94359004 -0.01311200
v 0.98554099 1.83124006 -0.29053399
v 0.99476701 1.85772002 -0.25724700
v 1.00609004 1.87855005 -0.21840499
v 1.01814997 1.89461005 -0.18238001
v 1.02667999 1.90849996 -0.15941000
v 1.04266000 1.92288005 -0.12238800
v 1.06090999 1.93736994 -0.08580700
v 1.09136999 1.95412004 0.01946000
v 1.11844003 1.96493006 0.05089900
v 1.15962994 1.97345996 0.08444000
v 1.18443000 1.96153998 0.10283800
v 1.03954995 1.73787999 -0.39689901
v 1.03473997 1.70104003 -0.42177001
v 1.01045001 1.79077995 -0.34845701
v 1.20922995 1.94962001 0.12123500
v 1.24535000 1.93059003 0.13387600
v 1.28170002 1.90508997 0.14107800
v 1.06963003 1.67664003 -0.43496999
v 1.10346997 1.64910996 -0.44175801
v 1.51423001 1.41520000 -0.06966600
v 1.51150000 1.45784998 -0.07376200
v 1.50318003 1.49984002 -0.08207300
v -1.41826999 0.17636400 -0.11812000
v -1.39969003 0.16468599 -0.15700001
v -1.38108003 0.14317600 -0.18370000
v -1.36494994 0.10412900 -0.20029500
v -1.51210999 0.17207800 -0.04864400
v -1.52735996 0.14431600 -0.06645600
v -1.48705995 0.19408500 -0.08008800
v -1.39856005 0.08054300 -0.21722500
v -1.48084998 0.05342200 -0.13415700
v -1.46460998 0.05621800 -0.17668700
v -1.44224000 0.07113800 -0.21525601
v 1.13800001 1.62328005 -0.44972801
v 1.47695994 1.20684004 -0.39936399
v 1.44570005 1.19787002 -0.42893401
v 1.41134000 1.18967998 -0.45588100
v 1.53288996 1.39469004 -0.10144500
v 1.54888999 1.37476003 -0.13338199
v 1.56357002 1.35706997 -0.16667300
v 1.56288004 1.34575999 -0.20554601
v 1.56417000 1.33846998 -0.24756201
v 1.55262995 1.31536996 -0.27309999
v 1.53770995 1.30657005 -0.30982900
v 1.51593995 1.25853002 -0.36073899
v 1.27356994 -0.00131500 0.26686099
v 1.23192000 -0.00690300 0.25343701
v 1.18985999 -0.00712800 0.24036700
v 1.16057003 -0.00696200 0.26793000
v 1.13369000 -0.00752800 0.29815099
v 1.10818005 -0.00647100 0.33151200
v 1.12466002 -0.00642800 0.37091601
v 1.21150005 -0.00031400 0.39298701
v 1.23269999 -0.00197300 0.36141700
v 1.25347996 -0.00164900 0.32911700
v 1.16902995 -0.00664700 0.38058001
v 1.28321004 -0.00041500 0.30353299
v 1.37641001 1.18148005 -0.48248300
v 1.00294006 0.00951100 -0.21858899
v 1.03938997 0.00398900 -0.20579401
v 1.08074999 0.00271600 -0.20559700
v 1.11609995 0.00676100 -0.20654100
v 1.14513004 0.00439900 -0.23057100
v 1.17240000 0.00605600 -0.26160401
v 1.19651997 0.01097900 -0.29805601
v 1.21599996 0.02702700 -0.33546999
v 1.23221004 0.04839000 -0.37171599
v 0.96591598 0.04536600 -0.27371299
v 1.17435002 0.07865300 -0.49145299
v 0.93572098 0.04354900 -0.30998099
v 1.35292995 1.21512997 -0.50060898
v 1.32839000 1.24907005 -0.51651102
v 1.30069995 1.28248000 -0.52799702
v 1.27037001 1.31482005 -0.53292799
v 1.23847997 1.34603000 -0.53298599
v 1.46995997 1.56251001 -0.06059700
v 1.44860005 1.58385003 -0.02887400
v 1.43116999 1.60741997 0.00168600
v 1.42008996 1.63615000 0.03282700
v 1.39330006 1.66618001 0.01853200
v 1.35733998 1.69763005 -0.00035500
v 1.07977998 1.95431006 -0.05124600
v 1.01751006 1.81804001 -0.31496099
v 1.04451001 1.77261996 -0.36970499
v 1.49594998 1.54264998 -0.08889300
v -1.51563001 0.12313800 -0.10360200
v -1.45731997 0.18769300 -0.10906900
v -1.51276004 0.08967000 -0.13791800
v 1.12974000 1.38920999 -0.52484602
v 1.13984001 1.42957997 -0.50940102
v 1.14937997 1.47261000 -0.50146401
v 1.15839005 1.51467001 -0.48926401
v 1.16558003 1.55586004 -0.47527599
v 1.17253995 1.59766996 -0.45973501
v 1.16263998 1.36213005 -0.53609502
v 1.48764002 1.24880004 -0.39116400
v 1.52082002 1.29970002 -0.34821200
v 0.97561699 0.00981800 -0.25138599
v 1.06058002 0.08571800 -0.51552099
v 1.02131999 0.08085500 -0.47915700
v 1.10555005 0.06890200 -0.52014202
v 0.97554499 0.09006200 -0.45986101
v 1.14460003 0.05269600 -0.50952798
v 0.94550800 0.08273300 -0.42447001
v 1.17755997 0.03936400 -0.48801500
v 1.20420003 0.03313200 -0.45509601
v 1.22070003 0.03773700 -0.41331199
v 0.93626499 0.06159700 -0.38929701
v 0.91910499 0.04202200 -0.35344699
v 1.20583999 1.37591004 -0.53136700
v 1.33985996 1.85408998 0.11659000
v 1.34668005 1.82805002 0.08462500
v 1.34468997 1.80005002 0.05211500
v 1.34088004 1.77040005 0.01945100
v 1.33982003 1.73898995 -0.01190400
v 1.32442999 1.92186999 0.13178900
v 1.09978998 1.97109997 -0.01821000
v 1.02660000 1.84563994 -0.28136799
v 1.03704000 1.86951005 -0.24402800
v 1.04987001 1.89366996 -0.20326900
v 1.06693995 1.91527998 -0.15876099
v 1.08329999 1.93665004 -0.12208500
v 1.09771001 1.96082997 -0.08899600
v 1.11936998 1.98871005 0.01506500
v 1.14666998 2.00254989 0.04591500
v 1.21076000 1.99312997 0.10102200
v 1.07861996 1.74949002 -0.38383999
v 1.07393003 1.71127999 -0.40786701
v 1.05049002 1.80347002 -0.33811799
v 1.24719000 1.97008002 0.11833800
v 1.28450000 1.94894004 0.13010800
v 1.10871005 1.68826997 -0.42117301
v 1.14286005 1.66231000 -0.42994800
v 1.53542995 1.43791997 -0.10109400
v 1.52642000 1.47899997 -0.10938800
v 1.51862001 1.52121997 -0.11772800
v -1.44088995 0.17168400 -0.16086100
v -1.42050004 0.15284100 -0.19464301
v -1.40748000 0.10870700 -0.19626001
v -1.52266002 0.16479200 -0.09702800
v -1.48793006 0.16325399 -0.11294600
v -1.48714995 0.12431900 -0.12303600
v -1.49839997 0.06956400 -0.16815799
v -1.44431996 0.10937000 -0.19850899
v 1.17720997 1.63572001 -0.43604800
v 1.45567000 1.23997998 -0.41932201
v 1.42164004 1.23157001 -0.44598100
v 1.38583004 1.22341001 -0.47138101
v 1.55096996 1.41684997 -0.13302800
v 1.56668997 1.39798999 -0.16360900
v 1.56754994 1.38708997 -0.19951500
v 1.56090999 1.38213003 -0.23862299
v 1.54370999 1.34437001 -0.29555801
v 1.52504003 1.33938003 -0.33423901
v 1.49948001 1.29135001 -0.38494599
v 1.24373996 -0.00651200 0.29216200
v 1.20289004 -0.00694900 0.28033000
v 1.17631996 -0.00735500 0.30943400
v 1.15107000 -0.00691900 0.34011200
v 1.19348001 -0.00669800 0.35115999
v 1.21727002 -0.00677900 0.32074600
v 1.01768005 -0.00093900 -0.24890000
v 1.06094003 -0.00045800 -0.24399400
v 1.10343003 0.00019700 -0.23925599
v 1.12984002 0.00025200 -0.27047801
v 1.15576005 0.00013200 -0.30404601
v 1.18037999 0.00327000 -0.34049401
v 1.20414996 0.01315800 -0.37739000
v 0.94924599 0.00586600 -0.28876400
v 0.93315297 0.00299000 -0.33551300
v 1.36293006 1.25750995 -0.48952901
v 1.33817995 1.29137003 -0.50509900
v 1.30999994 1.32456994 -0.51521802
v 1.27936006 1.35693002 -0.51968098
v 1.24725997 1.38782001 -0.51995200
v 1.48503995 1.58412004 -0.09749000
v 1.45903003 1.60358000 -0.06884600
v 1.43673003 1.62477005 -0.03900900
v 1.40759003 1.64047003 -0.01257000
v 1.34118998 1.89333999 0.10832400
v 1.38009000 1.67455006 -0.02920500
v 1.35362995 1.71121001 -0.04486700
v 1.10803998 1.98695004 -0.05688100
v 1.18168998 2.01816010 0.07188000
v 1.05886996 1.83106005 -0.30374601
v 1.08398998 1.78576005 -0.35893199
v 1.51005995 1.56361997 -0.12611200
v -1.45131004 0.14935800 -0.12640700
v -1.51572001 0.12743700 -0.15533499
v -1.51559997 0.10603600 -0.18552700
v -1.47640002 0.09197900 -0.19066900
v 1.17279994 1.40268004 -0.52042198
v 1.18201005 1.44509006 -0.50969398
v 1.19123995 1.48712003 -0.49654999
v 1.19941998 1.53002000 -0.48572701
v 1.20661998 1.57137001 -0.46936500
v 1.21200001 1.61058998 -0.44690701
v 1.46522999 1.28211999 -0.41016299
v 1.54729998 1.38075995 -0.27909899
v 1.50485003 1.33327997 -0.37244800
v 0.99640399 -0.00408400 -0.28615400
v 1.07639003 0.03510400 -0.52767199
v 1.02981997 0.05188000 -0.52080101
v 1.00056005 0.04745500 -0.47792900
v 1.11670005 0.02035400 -0.51937503
v 0.95186597 0.05108600 -0.45763001
v 1.14602005 0.01113000 -0.49643901
v 0.93049997 0.03708700 -0.42084900
v 1.16928995 0.00676800 -0.45975399
v 1.18795002 0.00816500 -0.41936001
v 0.93348199 0.01811400 -0.38393500
v 1.21518004 1.41768003 -0.51852399
v 1.34727001 1.86647999 0.07694500
v 1.34660006 1.84024000 0.04395700
v 1.34195006 1.81239998 0.01060300
v 1.33352005 1.78454006 -0.02280800
v 1.34676003 1.75708997 -0.05592900
v 1.34911001 1.93412006 0.10289600
v 1.32598996 1.96283996 0.12153800
v 1.12428999 2.00697994 -0.02370700
v 1.06852996 1.85789001 -0.26829499
v 1.07979000 1.88322997 -0.23066400
v 1.09367001 1.90595996 -0.19100900
v 1.10667002 1.93432999 -0.15717299
v 1.11826003 1.96343994 -0.12623700
v 1.12599003 1.99407995 -0.09650800
v 1.14239001 2.02661991 0.00819400
v 1.16673994 2.04395008 0.03787200
v 1.21978998 2.03665996 0.09036800
v 1.25288999 2.01216006 0.10844100
v 1.11767995 1.76198006 -0.37298501
v 1.11278999 1.72388005 -0.39484000
v 1.09044003 1.81567001 -0.32643399
v 1.28883004 1.98839998 0.11862100
v 1.14717996 1.70000005 -0.40693399
v 1.18096006 1.67268002 -0.41311100
v 1.54948997 1.45825005 -0.13651100
v 1.54066002 1.49914002 -0.14583699
v 1.53183997 1.54094994 -0.15531200
v -1.46493006 0.16399200 -0.19527701
v -1.47897005 0.15034699 -0.15817600
v -1.49669003 0.13784100 -0.19566000
v 1.21701002 1.65129995 -0.42811900
v 1.43042004 1.27362001 -0.43524000
v 1.39547002 1.26542997 -0.46062300
v 1.56533003 1.43683004 -0.16591400
v 1.56405997 1.42361999 -0.19419301
v 1.56085002 1.41854000 -0.22334801
v 1.54952002 1.41797996 -0.26250899
v 1.52815998 1.37813997 -0.31698799
v 1.50715005 1.37346995 -0.35443300
v 1.47557998 1.32465994 -0.40151900
v 1.04192996 -0.00650100 -0.28165799
v 1.08639002 -0.00531700 -0.27671999
v 1.11300004 -0.00593300 -0.31009001
v 1.13888001 -0.00397400 -0.34534299
v 1.16382003 0.00054900 -0.38218299
v 0.97752398 -0.00712800 -0.32514799
v 0.96335298 -0.00588400 -0.36685601
v 1.37265003 1.29978001 -0.47846201
v 1.34775996 1.33379996 -0.49366599
v 1.31863999 1.36687005 -0.50192702
v 1.28805006 1.39962995 -0.50837302
v 1.25613999 1.42981994 -0.50749898
v 1.47212005 1.62520003 -0.10600600
v 1.49873996 1.60546005 -0.13480300
v 1.44128001 1.64196002 -0.08002200
v 1.41228998 1.65962005 -0.05393100
v 1.35826004 1.90587997 0.07248200
v 1.38803005 1.69506001 -0.06961800
v 1.36881995 1.73398995 -0.08562700
v 1.13153994 2.02224994 -0.06324200
v 1.19654000 2.06145000 0.06299700
v 1.09985995 1.84563005 -0.29256299
v 1.12265003 1.79524004 -0.34423500
v 1.51871002 1.58162999 -0.16665301
v 1.22414994 1.45957005 -0.50537097
v 1.23282003 1.50231004 -0.49276301
v 1.24003994 1.54305995 -0.47407001
v 1.24664998 1.58447003 -0.45613399
v 1.25149000 1.62372994 -0.43421200
v 1.44256997 1.31614995 -0.42866600
v 1.53254998 1.41666996 -0.29999799
v 1.48494995 1.36731994 -0.39095101
v 1.02379000 -0.00719100 -0.31997600
v 1.10203004 0.00186600 -0.50156099
v 1.05636001 0.00444900 -0.51852500
v 1.01908004 0.01443800 -0.50631201
v 0.97434998 0.01175300 -0.46909800
v 0.94519001 0.01142200 -0.44850600
v 1.12676001 0.00119700 -0.46105799
v 0.95339102 0.00003200 -0.40971899
v 1.14670002 0.00030200 -0.42262799
v 1.35423994 1.88102996 0.03809300
v 1.34838998 1.85551000 0.00384800
v 1.34342003 1.82927001 -0.03082000
v 1.34932005 1.80283999 -0.06463200
v 1.36521995 1.77825999 -0.09650100
v 1.35955000 1.97461998 0.10013000
v 1.36810005 1.94690001 0.06869900
v 1.33071995 2.00367999 0.11522700
v 1.14511001 2.04442000 -0.03092700
v 1.11081004 1.86861002 -0.25318199
v 1.12314999 1.89584994 -0.21822900
v 1.13362002 1.92718995 -0.18774100
v 1.14127004 1.96229005 -0.16172600
v 1.14665997 1.99761999 -0.13774300
v 1.15188003 2.03016996 -0.11089900
v 1.16219997 2.06540990 -0.00032000
v 1.18415999 2.08484006 0.02909400
v 1.23187006 2.07898998 0.08111300
v 1.26151001 2.05357003 0.09919500
v 1.29488003 2.03003001 0.11374800
v 1.15629005 1.77368999 -0.36099800
v 1.15181994 1.73710001 -0.38335100
v 1.12965000 1.82625997 -0.31249699
v 1.18543994 1.71071994 -0.39003399
v 1.22012997 1.68610001 -0.40033200
v 1.55797005 1.47533000 -0.17601600
v 1.54496002 1.51452005 -0.18695199
v 1.52828002 1.55311000 -0.19811800
v 1.25521004 1.66131997 -0.40996799
v 1.40736997 1.30783999 -0.45285499
v 1.56066000 1.44568002 -0.20474900
v 1.54717004 1.45086002 -0.24205400
v 1.53400004 1.45354998 -0.28014600
v 1.51082003 1.41299999 -0.33597001
v 1.48798001 1.40811002 -0.37199399
v 1.45235002 1.35885000 -0.41802499
v 1.06877005 -0.00654700 -0.31537199
v 1.09569001 -0.00613000 -0.34995699
v 1.12179005 -0.00415200 -0.38584900
v 1.00741005 -0.00666100 -0.35890800
v 1.01083004 0.00802400 -0.47102800
v 0.99348199 -0.00566600 -0.39869699
v 1.38234997 1.34210002 -0.46730599
v 1.35597003 1.37607002 -0.48006499
v 1.32669997 1.40926003 -0.48788700
v 1.29642999 1.44178998 -0.49400201
v 1.26504004 1.47211003 -0.49514201
v 1.45112002 1.66191006 -0.11731600
v 1.47593999 1.64077997 -0.14632000
v 1.49847996 1.61857998 -0.17736000
v 1.41885996 1.67733002 -0.09387900
v 1.36901999 1.92082000 0.03428900
v 1.39900005 1.71513999 -0.10865900
v 1.38578999 1.75668001 -0.12685101
v 1.15102005 2.05831003 -0.06914100
v 1.21153998 2.10331988 0.05392600
v 1.14222002 1.85719001 -0.27746701
v 1.16024005 1.80589998 -0.33034599
v 1.51457000 1.59294999 -0.21022099
v 1.27306998 1.51426995 -0.47818401
v 1.28064001 1.55625999 -0.46096000
v 1.28567004 1.59633994 -0.44016799
v 1.28980994 1.63452995 -0.41640201
v 1.41825998 1.35046995 -0.44380501
v 1.51607001 1.45217001 -0.31751299
v 1.46080005 1.40130997 -0.40510699
v 1.05197001 -0.00653000 -0.35415199
v 1.08411002 0.00142500 -0.46510100
v 1.04431999 0.00255500 -0.46903801
v 0.98162502 0.00043100 -0.43816400
v 1.10415006 -0.00070100 -0.42503899
v 1.36451006 1.89619005 -0.00088200
v 1.35843003 1.87204003 -0.03613400
v 1.35632002 1.84740996 -0.07158800
v 1.36688006 1.82207000 -0.10615300
v 1.37514997 1.79900002 -0.14165600
v 1.38250995 1.98704004 0.06677700
v 1.36763000 2.01571012 0.09684300
v 1.38363004 1.96158004 0.03147600
v 1.33625996 2.04413009 0.10675100
v 1.16375995 2.08239007 -0.03961700
v 1.15494001 1.88335001 -0.24065700
v 1.16275001 1.91858006 -0.21470000
v 1.16761994 1.95690000 -0.19279100
v 1.17094004 1.99467003 -0.17315800
v 1.17359996 2.03181005 -0.15432200
v 1.16369998 2.06471992 -0.10223400
v 1.18236995 2.10308003 -0.01022500
v 1.20254004 2.12370992 0.01852700
v 1.27102995 2.09583998 0.09247800
v 1.24475002 2.12052011 0.07177100
v 1.30291998 2.07003999 0.10283600
v 1.19333005 1.78297997 -0.34372801
v 1.19008005 1.74829996 -0.36900401
v 1.16533995 1.83606005 -0.29850399
v 1.22426999 1.72298002 -0.37698501
v 1.25847006 1.69744003 -0.38437000
v 1.54607999 1.48311996 -0.21632101
v 1.53178000 1.52155995 -0.22821800
v 1.51795995 1.56045997 -0.24070400
v 1.29314995 1.67183995 -0.39161301
v 1.53252995 1.48811996 -0.25599799
v 1.51789999 1.49006999 -0.29463899
v 1.49211001 1.44835997 -0.35238799
v 1.46393001 1.44172001 -0.38529500
v 1.42817998 1.39328003 -0.43282601
v 1.07901001 -0.00633300 -0.38931599
v 1.03605998 -0.00654500 -0.39316499
v 1.02139997 -0.00395100 -0.43219000
v 1.39240003 1.38478994 -0.45682400
v 1.36433995 1.41857004 -0.46605301
v 1.33510005 1.45165002 -0.47337800
v 1.30492997 1.48394001 -0.47834101
v 1.45428002 1.67662001 -0.15757801
v 1.42785001 1.69635999 -0.13113500
v 1.47315001 1.65249002 -0.18809500
v 1.49019003 1.62755001 -0.22051500
v 1.38191998 1.93643999 -0.00413500
v 1.40497005 1.73005998 -0.14343700
v 1.38747001 1.77541006 -0.17608599
v 1.17144001 2.09435010 -0.07765000
v 1.17981994 2.06714010 -0.13557900
v 1.22652996 2.14376998 0.04438300
v 1.19081998 1.87110996 -0.25871599
v 1.19498003 1.81378996 -0.31338900
v 1.19303000 1.84223998 -0.28496900
v 1.49988997 1.59780002 -0.25251001
v 1.31331003 1.52628005 -0.46237099
v 1.31788003 1.56605005 -0.44057000
v 1.32384002 1.60634995 -0.42002600
v 1.32676005 1.64409006 -0.39454600
v 1.49570000 1.48740005 -0.33103999
v 1.43532002 1.43535995 -0.41750300
v 1.06224000 -0.00399800 -0.42833099
v 1.37767005 1.91233003 -0.03996000
v 1.37179005 1.88933003 -0.07630700
v 1.37377000 1.86458004 -0.11303700
v 1.37961996 1.84203994 -0.15200999
v 1.40626001 1.74035001 -0.17146599
v 1.37688994 1.81839001 -0.18525000
v 1.39257002 2.02880001 0.06361300
v 1.39932001 2.00214005 0.02974900
v 1.37254000 2.05752993 0.09011400
v 1.39771998 1.97751999 -0.00670400
v 1.34367001 2.08554006 0.10384000
v 1.18425000 2.11884999 -0.04974100
v 1.19576001 1.90699005 -0.23423401
v 1.19929004 1.94758999 -0.21809700
v 1.20014000 1.98678005 -0.20260900
v 1.19869006 2.02374005 -0.18604600
v 1.20107996 2.06292009 -0.16940500
v 1.18302000 2.10222006 -0.11550300
v 1.19798005 2.14201999 -0.01967300
v 1.21539998 2.16441989 0.01021100
v 1.31119001 2.11161995 0.09707500
v 1.28051996 2.13767004 0.08560800
v 1.25511003 2.16259003 0.06682300
v 1.22923005 1.79159999 -0.32515201
v 1.22799003 1.76031995 -0.35466099
v 1.26191998 1.73443997 -0.36082000
v 1.29630995 1.70918000 -0.36746901
v 1.52113998 1.52678001 -0.26994899
v 1.50116003 1.56313002 -0.28119099
v 1.32951999 1.68113005 -0.36904100
v 1.49800003 1.52548003 -0.30682099
v 1.46851003 1.48224998 -0.36465201
v 1.43814003 1.47553003 -0.39546099
v 1.40163004 1.42753005 -0.44414201
v 1.37170994 1.46044004 -0.44965601
v 1.34231997 1.49319005 -0.45610401
v 1.44687998 1.68461001 -0.19801299
v 1.42960000 1.70922995 -0.16788501
v 1.46221006 1.65934002 -0.22964300
v 1.47106004 1.62911999 -0.26033899
v 1.39684999 1.95246994 -0.04273000
v 1.38444996 1.78986001 -0.21815000
v 1.40354002 1.75268996 -0.21177100
v 1.18966997 2.13187003 -0.08915600
v 1.20236003 2.10350990 -0.15305901
v 1.23716998 2.18558002 0.03812100
v 1.22976005 1.89093006 -0.25156900
v 1.22675002 1.85048997 -0.26529399
v 1.22868001 1.82202995 -0.29516900
v 1.47613001 1.59669006 -0.29059801
v 1.34737003 1.53340006 -0.43538299
v 1.35413003 1.57436001 -0.41635799
v 1.35766995 1.61304998 -0.39229599
v 1.35999000 1.65072000 -0.36663800
v 1.47130001 1.52128005 -0.34134299
v 1.40771997 1.46928000 -0.42627099
v 1.39355004 1.92844999 -0.07934300
v 1.38817000 1.90582001 -0.11695200
v 1.37994003 1.88457000 -0.15515700
v 1.36333001 1.86512995 -0.19525300
v 1.42321002 1.71747005 -0.20645399
v 1.35470998 1.81974995 -0.21710099
v 1.40021002 2.07128000 0.05919800
v 1.40969002 2.04465008 0.02676800
v 1.40918005 2.02005005 -0.00932800
v 1.37918997 2.09924006 0.08436200
v 1.41025996 1.99482000 -0.04555900
v 1.35012996 2.12742996 0.09695500
v 1.19792998 2.15797997 -0.05871400
v 1.23408997 1.93176997 -0.23628099
v 1.24123001 1.97493005 -0.22432300
v 1.22528005 2.00582004 -0.20903100
v 1.22722995 2.04747009 -0.19601101
v 1.23021996 2.09101009 -0.18296000
v 1.20437002 2.14013004 -0.12948699
v 1.20972002 2.18253994 -0.02705700
v 1.22569001 2.20587993 0.00394300
v 1.31921005 2.15365005 0.09249000
v 1.29005003 2.17951989 0.08024300
v 1.26505005 2.20480990 0.06299200
v 1.26291001 1.79952002 -0.30384499
v 1.26437998 1.77041996 -0.33604401
v 1.29699004 1.74217999 -0.33805701
v 1.33000004 1.71596003 -0.34144601
v 1.47318995 1.55905998 -0.31547001
v 1.36146998 1.68710995 -0.34003299
v 1.44316995 1.51611996 -0.37443501
v 1.41178000 1.50939000 -0.40429199
v 1.37699997 1.50107002 -0.42993301
v 1.43657994 1.69166994 -0.23878500
v 1.44598997 1.66280997 -0.26982799
v 1.44936001 1.62933004 -0.29873401
v 1.41109002 1.96951997 -0.08234300
v 1.38639998 1.75702000 -0.24987701
v 1.35792005 1.78693998 -0.25112900
v 1.41372001 1.72650003 -0.24632600
v 1.20658004 2.16981006 -0.09812100
v 1.23380995 2.13710999 -0.16891800
v 1.24758005 2.22711992 0.03340500
v 1.26837003 1.90849996 -0.24192201
v 1.26338005 1.86672997 -0.25332800
v 1.26095998 1.82869995 -0.27244699
v 1.44719994 1.59210002 -0.32429901
v 1.38144004 1.54091001 -0.40830699
v 1.38742006 1.58150995 -0.38810199
v 1.39043999 1.61986005 -0.36331800
v 1.39116001 1.65620995 -0.33644900
v 1.44422996 1.55385005 -0.34828401
v 1.40669000 1.94608998 -0.12044400
v 1.39254999 1.92692006 -0.15742300
v 1.36968005 1.90998995 -0.19119400
v 1.33043003 1.85257995 -0.22887500
v 1.32564998 1.81289005 -0.24956600
v 1.41157997 2.11360002 0.05991000
v 1.42050004 2.08768010 0.02548600
v 1.42147994 2.06300998 -0.01110900
v 1.42120004 2.03848004 -0.04761300
v 1.38874996 2.14147997 0.08477300
v 1.42453003 2.01255012 -0.08448800
v 1.35804999 2.16920996 0.09309200
v 1.21169996 2.19744992 -0.06504600
v 1.27531004 1.95142996 -0.23356600
v 1.25373995 2.02341008 -0.21523400
v 1.25998998 2.06813002 -0.20563400
v 1.26446998 2.11326003 -0.19810700
v 1.22309995 2.17804003 -0.13514100
v 1.21868002 2.22447991 -0.03205000
v 1.23587000 2.24791002 0.00057100
v 1.32714999 2.19603992 0.09033100
v 1.29661000 2.22263002 0.08272200
v 1.27419996 2.24688005 0.05966700
v 1.29538000 1.80673003 -0.27892700
v 1.29779005 1.77667999 -0.31093401
v 1.33080995 1.75021005 -0.31315601
v 1.36274004 1.72305000 -0.31370401
v 1.39168000 1.69210005 -0.30963501
v 1.41673005 1.54960001 -0.38302401
v 1.41952002 1.69537997 -0.27714100
v 1.41955996 1.65997005 -0.30364299
v 1.41993999 1.62460005 -0.33122501
v 1.42335999 1.98817003 -0.12341800
v 1.33615005 1.89524996 -0.21668600
v 1.39181006 1.72739995 -0.28247899
v 1.36284006 1.75795996 -0.28591001
v 1.32892001 1.78209996 -0.28208101
v 1.22021997 2.20973992 -0.10333400
v 1.28339005 1.99638999 -0.22713000
v 1.27042997 2.15853000 -0.19348700
v 1.24785995 2.18790007 -0.16460000
v 1.25652003 2.26961994 0.03171700
v 1.30789995 1.92436004 -0.23078100
v 1.30119002 1.88211000 -0.23986100
v 1.29572999 1.84081995 -0.25218800
v 1.41807997 1.58705997 -0.35659301
v 1.40802002 1.96879005 -0.16074100
v 1.38116002 1.95328999 -0.19281700
v 1.34566998 1.93896997 -0.21440899
v 1.42882001 2.13169003 0.02583800
v 1.41917002 2.15727997 0.05993800
v 1.43010998 2.10720992 -0.01144500
v 1.43313003 2.08230996 -0.04819900
v 1.43778002 2.05653000 -0.08521200
v 1.39477003 2.18444991 0.08084100
v 1.43733001 2.03207994 -0.12411900
v 1.36499000 2.21170998 0.08976200
v 1.22566998 2.23914003 -0.07020700
v 1.31649995 1.96818995 -0.22757100
v 1.29159999 2.04104996 -0.21902300
v 1.29830003 2.08541012 -0.21212301
v 1.30410004 2.13036990 -0.20877200
v 1.23829997 2.22077990 -0.13398901
v 1.23056996 2.26682997 -0.03727300
v 1.24369001 2.29121995 -0.00014000
v 1.33495998 2.23852992 0.08703700
v 1.30473995 2.26534009 0.07946400
v 1.28108001 2.29023004 0.05820100
v 1.41972995 2.01331997 -0.16122900
v 1.23905003 2.25535011 -0.11223200
v 1.32468998 2.01255012 -0.22314200
v 1.31111002 2.17423010 -0.20451200
v 1.27996004 2.20296001 -0.18876299
v 1.25768006 2.23304009 -0.16200700
v 1.26495004 2.31324005 0.02969600
v 1.39244998 1.99712002 -0.19359900
v 1.35710001 1.98264003 -0.21667200
v 1.44168997 2.15083003 -0.01016300
v 1.43536997 2.17593002 0.02591700
v 1.42506003 2.20126009 0.05939200
v 1.44517004 2.12610006 -0.04721000
v 1.44607997 2.10177994 -0.08518900
v 1.44810998 2.07723999 -0.12459500
v 1.40158999 2.22748995 0.08031400
v 1.43013000 2.05794001 -0.16084900
v 1.37296999 2.25414991 0.08748200
v 1.23616004 2.28406000 -0.07686400
v 1.33245003 2.05673003 -0.21813300
v 1.33940995 2.10108995 -0.21516301
v 1.34674001 2.14504004 -0.21276499
v 1.24029005 2.31059003 -0.03997900
v 1.25106001 2.33523011 -0.00401800
v 1.34139001 2.28093004 0.08393300
v 1.31166995 2.30814004 0.07741300
v 1.29024994 2.33541989 0.05919900
v 1.40260994 2.04159999 -0.19317199
v 1.25187004 2.30111003 -0.11782700
v 1.36536002 2.02719998 -0.21420100
v 1.35343003 2.18867993 -0.20673101
v 1.31892002 2.21772003 -0.20101801
v 1.28679001 2.24692988 -0.18761399
v 1.26445997 2.27500010 -0.15696999
v 1.27040005 2.35854006 0.03062900
v 1.44738996 2.19562006 -0.00993900
v 1.44930005 2.17139006 -0.04753300
v 1.44259000 2.22016001 0.02566500
v 1.43101001 2.24453998 0.05631900
v 1.45271003 2.14697003 -0.08505100
v 1.45526004 2.12280011 -0.12304400
v 1.43870997 2.10276008 -0.16073300
v 1.40774000 2.26980996 0.07482800
v 1.41085994 2.08600998 -0.19160201
v 1.37845004 2.29648995 0.08454000
v 1.24662995 2.32779002 -0.08037900
v 1.37448001 2.07113004 -0.21229200
v 1.38165998 2.11525989 -0.20852900
v 1.38873005 2.15955997 -0.20773600
v 1.24913001 2.35426998 -0.04184600
v 1.25955999 2.37928009 -0.00484500
v 1.34456003 2.32263994 0.08481700
v 1.31626999 2.34856009 0.06988100
v 1.30365002 2.38248992 0.06130500
v 1.26975000 2.31812000 -0.15651400
v 1.26189995 2.34423995 -0.11877500
v 1.35986996 2.23264003 -0.20845500
v 1.39461994 2.20350003 -0.20395900
v 1.32621002 2.26096010 -0.19893301
v 1.29343998 2.29005003 -0.18597400
v 1.28030002 2.40304995 0.02813700
v 1.46148002 2.21537995 -0.04519200
v 1.45565999 2.24049997 -0.00853000
v 1.46432996 2.19104004 -0.08353400
v 1.44561005 2.26568007 0.02504400
v 1.43842006 2.28648996 0.05358300
v 1.46241999 2.16790009 -0.12282600
v 1.44714999 2.14745998 -0.15890101
v 1.41722000 2.13029003 -0.18817300
v 1.41594994 2.31066990 0.07198300
v 1.38284004 2.33754992 0.08003000
v 1.25277996 2.37112999 -0.08164500
v 1.42749000 2.17407990 -0.19052400
v 1.25716996 2.39708996 -0.04342400
v 1.26931000 2.42228007 -0.00802000
v 1.34228003 2.36171007 0.08056400
v 1.31228006 2.42723989 0.05807300
v 1.27856004 2.36109996 -0.15535900
v 1.30281997 2.33228993 -0.18260799
v 1.26681006 2.38767004 -0.12001800
v 1.36705005 2.27601004 -0.20554601
v 1.40085006 2.24799991 -0.20446700
v 1.43339002 2.21882010 -0.19084799
v 1.33289003 2.30397010 -0.19903401
v 1.28685999 2.44779992 0.02638100
v 1.34744000 2.40394998 0.07577700
v 1.47359002 2.23546004 -0.08258800
v 1.46807003 2.26068997 -0.04370800
v 1.46076000 2.28763008 -0.00487800
v 1.46974003 2.21262002 -0.12198000
v 1.44990003 2.31987000 0.03956100
v 1.45722997 2.19165993 -0.15988700
v 1.42272997 2.35139990 0.06561100
v 1.38645005 2.37861991 0.07392800
v 1.25680006 2.41447997 -0.08295500
v 1.26215994 2.44007993 -0.04580500
v 1.27231002 2.46648002 -0.00967200
v 1.32011998 2.47127008 0.05163000
v 1.35355997 2.44806004 0.07025900
v 1.28646004 2.40317011 -0.15462001
v 1.30754995 2.37526011 -0.18403000
v 1.33914006 2.34670997 -0.19844200
v 1.27047002 2.43044996 -0.12131800
v 1.37320006 2.31895995 -0.20419700
v 1.40776002 2.29145002 -0.19931400
v 1.44008005 2.26359010 -0.19163400
v 1.46000004 2.23667002 -0.16002300
v 1.29407001 2.49217010 0.02212500
v 1.39118004 2.42161012 0.07019900
v 1.47731996 2.25681996 -0.12148900
v 1.48019004 2.28033996 -0.08082300
v 1.47457004 2.30663991 -0.04116300
v 1.46543002 2.33523989 -0.00080100
v 1.45764995 2.36454010 0.03858300
v 1.42868996 2.39423990 0.06173500
v 1.26484001 2.45693994 -0.08553800
v 1.26633000 2.48340988 -0.04919900
v 1.28020000 2.50969005 -0.01558100
v 1.35994005 2.49164009 0.06060000
v 1.32650006 2.51571989 0.04538300
v 1.39698005 2.46574998 0.06450700
v 1.31473005 2.41739011 -0.18416201
v 1.29404998 2.44463992 -0.15433200
v 1.34598994 2.38907003 -0.19473100
v 1.37959003 2.36131001 -0.20235901
v 1.27704000 2.47221994 -0.12325800
v 1.41421998 2.33425999 -0.19614901
v 1.44656003 2.30717993 -0.18445399
v 1.46895003 2.28038001 -0.15925600
v 1.30315995 2.53512001 0.01350500
v 1.43235004 2.43761992 0.05379500
v 1.48152006 2.30149007 -0.11943100
v 1.48626006 2.32539010 -0.07983000
v 1.48257005 2.35149002 -0.03971000
v 1.47160006 2.38005996 -0.00266600
v 1.46343005 2.40882993 0.03415100
v 1.27040994 2.49917006 -0.08765500
v 1.27260995 2.52640009 -0.05386300
v 1.28582001 2.55274010 -0.02161300
v 1.40166998 2.50938010 0.05359800
v 1.36467004 2.53642988 0.05345900
v 1.33269000 2.55960011 0.03532800
v 1.43587995 2.48161006 0.04507200
v 1.32137001 2.45902991 -0.18424200
v 1.35097003 2.43118000 -0.20007700
v 1.29926002 2.48607993 -0.15701801
v 1.38429999 2.40390992 -0.20385399
v 1.41938996 2.37713003 -0.19494000
v 1.28154004 2.51375008 -0.12642300
v 1.45170999 2.35067010 -0.18068400
v 1.47653997 2.32449007 -0.15738501
v 1.30856001 2.57845998 0.00570400
v 1.46550000 2.45314002 0.02759500
v 1.48795998 2.34595990 -0.11859500
v 1.49135005 2.37003994 -0.07944500
v 1.48983002 2.39616990 -0.04075200
v 1.47774005 2.42429996 -0.00720700
v 1.27504003 2.54159999 -0.09337900
v 1.27904999 2.56884003 -0.05959600
v 1.28974998 2.59625006 -0.02744900
v 1.43864000 2.52515006 0.03299300
v 1.40664995 2.55377007 0.04639800
v 1.37079000 2.58031988 0.04231900
v 1.33870995 2.60278010 0.02413500
v 1.47079003 2.49662995 0.01869100
v 1.32766998 2.50046992 -0.18517400
v 1.35640001 2.47340012 -0.20138200
v 1.39076996 2.44634008 -0.20557600
v 1.30287004 2.52747989 -0.16182999
v 1.42414999 2.41985011 -0.19654100
v 1.45649004 2.39391994 -0.18128701
v 1.28609002 2.55530000 -0.13220800
v 1.48367000 2.36877990 -0.15614200
v 1.31138003 2.62241006 -0.00207900
v 1.48185003 2.46817994 -0.01337600
v 1.49564004 2.39025998 -0.11901100
v 1.50063002 2.41388988 -0.08047900
v 1.49670994 2.44036007 -0.04426000
v 1.28067994 2.58330989 -0.09981500
v 1.27924001 2.61160994 -0.06573700
v 1.29413998 2.63896990 -0.03706200
v 1.44369996 2.56944990 0.02599200
v 1.47464001 2.54066992 0.01015900
v 1.41164005 2.59826994 0.03791400
v 1.37636995 2.62370992 0.03030400
v 1.34332001 2.64617991 0.01279800
v 1.48631001 2.51225996 -0.01992200
v 1.32993996 2.54206991 -0.19078600
v 1.36074996 2.51540995 -0.20513000
v 1.39591002 2.48863006 -0.20931301
v 1.42912996 2.46284008 -0.19875100
v 1.30762994 2.56943011 -0.16567300
v 1.46045005 2.43728995 -0.18352100
v 1.48619998 2.41302991 -0.15582800
v 1.28858995 2.59734988 -0.13912500
v 1.31430995 2.66581011 -0.01184700
v 1.50133002 2.48459005 -0.04940200
v 1.50253999 2.43425989 -0.12107400
v 1.50732994 2.45794010 -0.08370300
v 1.28450000 2.62521005 -0.10669700
v 1.28262997 2.65395999 -0.07455800
v 1.29454994 2.68191004 -0.04456900
v 1.44909000 2.61320996 0.02041800
v 1.47956002 2.58464003 0.00390800
v 1.49318004 2.55641007 -0.02539100
v 1.41533005 2.64277005 0.02677600
v 1.37986004 2.66927004 0.01997700
v 1.34514999 2.69085002 0.00387500
v 1.50549996 2.52890992 -0.05528500
v 1.33307004 2.58439994 -0.19559400
v 1.36421001 2.55802989 -0.20810400
v 1.39958000 2.53176999 -0.20949601
v 1.43379998 2.50552011 -0.20329100
v 1.46589005 2.48040009 -0.18770000
v 1.30718994 2.61142993 -0.17425200
v 1.48711002 2.45702004 -0.15595999
v 1.29262996 2.63943005 -0.14538001
v 1.31797004 2.70862007 -0.02198000
v 1.51033998 2.50238991 -0.08861000
v 1.50288999 2.47868991 -0.12255300
v 1.28604996 2.66746998 -0.11419500
v 1.28627002 2.69597006 -0.08414500
v 1.29512000 2.72478008 -0.05211400
v 1.45327997 2.65801001 0.01556500
v 1.48078001 2.62767005 -0.00366300
v 1.49533999 2.59951997 -0.03270100
v 1.50885999 2.57242990 -0.06227200
v 1.41745996 2.69458008 0.02135000
v 1.38037002 2.71655011 0.01070200
v 1.34634995 2.73528004 -0.00600500
v 1.51489997 2.54630995 -0.09429000
v 1.33511996 2.62698007 -0.20253199
v 1.36790001 2.60093999 -0.21270300
v 1.40321004 2.57516003 -0.21258999
v 1.43726003 2.54910994 -0.20552900
v 1.46859002 2.52400994 -0.18816400
v 1.49191999 2.50025010 -0.15919100
v 1.31163001 2.65400004 -0.17910300
v 1.29337001 2.68150997 -0.15232500
v 1.31729996 2.75178003 -0.03082100
v 1.50777996 2.52210999 -0.12695800
v 1.28710997 2.70967007 -0.12270500
v 1.28763998 2.73841000 -0.09248400
v 1.29417002 2.76701999 -0.06236700
v 1.45537996 2.69294000 0.01055000
v 1.48478997 2.66881990 -0.00878500
v 1.49618006 2.64142990 -0.04031200
v 1.51078999 2.61492991 -0.06908700
v 1.51713002 2.58920002 -0.10142700
v 1.41605997 2.74449992 0.00872800
v 1.37897003 2.76233006 0.00135500
v 1.34504998 2.77929997 -0.01600200
v 1.51427996 2.56510997 -0.13356300
v 1.33771002 2.67016006 -0.20783500
v 1.36989999 2.64443994 -0.21961001
v 1.40541005 2.61910009 -0.21870500
v 1.44044995 2.59344006 -0.21081200
v 1.47250998 2.56767011 -0.19147500
v 1.49572003 2.54356003 -0.16324200
v 1.31154001 2.69623995 -0.18646400
v 1.29332995 2.72361994 -0.15987501
v 1.31545997 2.79459000 -0.04202400
v 1.45419002 2.72634006 0.00193100
v 1.28425002 2.75174999 -0.13134700
v 1.28698003 2.78046989 -0.10118800
v 1.29263997 2.80907011 -0.07389200
v 1.48506999 2.70739007 -0.01646900
v 1.49789000 2.68232989 -0.04721900
v 1.51255000 2.65675998 -0.07607600
v 1.52061999 2.63081002 -0.10789200
v 1.51918006 2.60720992 -0.14108799
v 1.45009005 2.76906991 -0.00797300
v 1.41337001 2.78891993 -0.00121600
v 1.37686002 2.80685997 -0.00880000
v 1.34157002 2.82313991 -0.02555400
v 1.50027001 2.58662009 -0.17049700
v 1.33734000 2.71269989 -0.21525399
v 1.37117004 2.68859005 -0.22538300
v 1.40705001 2.66441011 -0.22749899
v 1.44237995 2.64067006 -0.21809900
v 1.47732997 2.61355996 -0.20350900
v 1.30917001 2.73812008 -0.19493100
v 1.28910995 2.76518989 -0.16973300
v 1.30961001 2.83712006 -0.05292600
v 1.48286998 2.74838996 -0.02447400
v 1.28092003 2.79358006 -0.14033100
v 1.28148997 2.82256007 -0.10969700
v 1.28688002 2.85168004 -0.08106600
v 1.49662995 2.72365999 -0.05466600
v 1.51081002 2.69833994 -0.08402000
v 1.51865005 2.67248011 -0.11487000
v 1.51817000 2.64761996 -0.14676800
v 1.50048006 2.63102007 -0.17777900
v 1.44473004 2.81254005 -0.01482200
v 1.47549999 2.79045010 -0.03471900
v 1.40882003 2.83333993 -0.00749400
v 1.37457001 2.85314012 -0.01771500
v 1.33705997 2.86782002 -0.03408700
v 1.33574998 2.75500011 -0.22319999
v 1.37021005 2.73186994 -0.23324899
v 1.40682006 2.70894003 -0.23902200
v 1.44423997 2.68810010 -0.23095199
v 1.47818995 2.66866994 -0.21255100
v 1.30615997 2.77977991 -0.20483901
v 1.28702998 2.80690002 -0.17922500
v 1.30716002 2.88183999 -0.05852600
v 1.49719000 2.76639009 -0.06093700
v 1.50123000 2.65616989 -0.18216901
v 1.27947998 2.83554006 -0.14903100
v 1.27579999 2.86456990 -0.11806400
v 1.28306997 2.89453006 -0.08959700
v 1.50945997 2.74067998 -0.09149200
v 1.51651001 2.71427989 -0.12294300
v 1.51723003 2.68730998 -0.15384600
v 1.46869004 2.83282995 -0.04171700
v 1.43695998 2.85427999 -0.02035800
v 1.48939002 2.80861998 -0.06990000
v 1.37537003 2.90138006 -0.02754300
v 1.33520997 2.91369009 -0.04259700
v 1.36830997 2.77447009 -0.24084499
v 1.33266997 2.79696012 -0.23179600
v 1.40610003 2.75306010 -0.24504700
v 1.44423997 2.73327994 -0.24062400
v 1.47781003 2.71548009 -0.22215100
v 1.50286996 2.70047998 -0.19161101
v 1.30288005 2.82170010 -0.21379501
v 1.28384995 2.84868002 -0.18754700
v 1.30183995 2.92594004 -0.06683500
v 1.50460994 2.78337002 -0.09953200
v 1.42326999 2.89251995 -0.02514700
v 1.27277994 2.87677002 -0.15791000
v 1.26870000 2.90635991 -0.12748000
v 1.27184999 2.93648005 -0.09703000
v 1.51368999 2.75710011 -0.13069700
v 1.51505995 2.72944999 -0.16306400
v 1.48409998 2.85157990 -0.07636600
v 1.46413004 2.87563992 -0.04545900
v 1.50244999 2.82682991 -0.10624700
v 1.41482997 2.93421006 -0.03400000
v 1.36961997 2.94605994 -0.03816700
v 1.32735002 2.95865011 -0.05056600
v 1.36442006 2.81633997 -0.25123799
v 1.40257001 2.79583001 -0.25398901
v 1.32969999 2.83909988 -0.24117100
v 1.44193995 2.77727008 -0.24865600
v 1.47569001 2.76032996 -0.22974300
v 1.50084996 2.74445009 -0.19976699
v 1.30210996 2.86385012 -0.22055601
v 1.27944005 2.88976002 -0.19677600
v 1.29010999 2.96907997 -0.07361200
v 1.51090002 2.80048990 -0.13851300
v 1.45519996 2.91739988 -0.05162800
v 1.26356995 2.91806006 -0.16803300
v 1.25881004 2.94817996 -0.13712600
v 1.25951004 2.97791004 -0.10561000
v 1.51139998 2.77304006 -0.17052600
v 1.49616003 2.86999989 -0.11327100
v 1.47476995 2.89365005 -0.08357900
v 1.50843000 2.84415007 -0.14586700
v 1.44447994 2.95878005 -0.05771400
v 1.40351999 2.97358990 -0.04224500
v 1.35605001 2.99312997 -0.04283900
v 1.31317997 3.00395989 -0.05745900
v 1.36056006 2.85891008 -0.26195699
v 1.39821005 2.83877993 -0.26045501
v 1.43640006 2.82105994 -0.25319099
v 1.32754004 2.88164997 -0.25002900
v 1.47367001 2.80401993 -0.23994100
v 1.50039005 2.78860998 -0.20870499
v 1.29983997 2.90293002 -0.22967000
v 1.27513003 2.93006992 -0.20756000
v 1.27523005 3.01106000 -0.08060300
v 1.51134002 2.81705999 -0.17884099
v 1.46917999 2.93653989 -0.08809200
v 1.25547004 2.95992994 -0.18181200
v 1.24705005 2.98986006 -0.14927100
v 1.24208999 3.01713991 -0.11354500
v 1.50222003 2.88758993 -0.15296300
v 1.48889005 2.91293001 -0.11951800
v 1.50642002 2.86118007 -0.18631300
v 1.43026996 2.99641991 -0.06689100
v 1.46127999 2.97870994 -0.09280800
v 1.39152002 3.00880003 -0.04987900
v 1.33873999 3.04251003 -0.05274900
v 1.29577005 3.04670000 -0.06425200
v 1.35862005 2.90603995 -0.27026999
v 1.39425004 2.88112998 -0.27138299
v 1.43229997 2.86370993 -0.26275000
v 1.46796000 2.84787989 -0.24682800
v 1.32614005 2.91295004 -0.25817600
v 1.49567997 2.83278990 -0.21651401
v 1.29879999 2.93988991 -0.23969799
v 1.27227998 2.97130990 -0.22322300
v 1.25633001 3.05029988 -0.08821900
v 1.47870004 2.95503998 -0.12591100
v 1.38095999 3.04177999 -0.05445800
v 1.24561000 3.00359988 -0.20423400
v 1.23044002 3.02908993 -0.15664300
v 1.22531998 3.05569005 -0.12126500
v 1.49486005 2.93099999 -0.15813400
v 1.49541998 2.90410995 -0.19124500
v 1.48831999 2.87661004 -0.22278100
v 1.41742003 3.03295994 -0.07395900
v 1.44979000 3.01876998 -0.09941200
v 1.47088003 2.99749994 -0.13143000
v 1.36491001 3.07936001 -0.05946700
v 1.31958997 3.08404994 -0.05602200
v 1.27444005 3.08644009 -0.06733000
v 1.32625997 2.94433999 -0.26748201
v 1.39089000 2.92194009 -0.27713099
v 1.42446005 2.90724993 -0.27083001
v 1.46193004 2.89146996 -0.25376499
v 1.29893005 2.97866988 -0.25788301
v 1.27535999 3.01292992 -0.24557300
v 1.23746002 3.08882999 -0.09177600
v 1.48319995 2.97284007 -0.16503900
v 1.40423000 3.07096004 -0.07758200
v 1.36347997 2.95237994 -0.27954400
v 1.25066996 3.04715991 -0.23821700
v 1.22563004 3.04785991 -0.20079800
v 1.21027994 3.06716990 -0.16103600
v 1.20928001 3.09494996 -0.12332300
v 1.48553002 2.94601011 -0.19744800
v 1.47684002 2.91835999 -0.22682300
v 1.43511999 3.05723000 -0.10601300
v 1.45718002 3.03797007 -0.13830900
v 1.47037995 3.01378989 -0.17233001
v 1.38689995 3.10882998 -0.08124500
v 1.34353006 3.12323999 -0.06276100
v 1.29822004 3.12719011 -0.06134600
v 1.25426996 3.12680006 -0.07272500
v 1.33580995 2.98537993 -0.27746701
v 1.40417004 2.95600009 -0.27828801
v 1.44586003 2.94371009 -0.26120299
v 1.30805004 3.01813006 -0.27663001
v 1.28399003 3.05225992 -0.26940301
v 1.21910000 3.12818003 -0.09431400
v 1.47358000 2.98619008 -0.20458201
v 1.41750002 3.09493995 -0.11094800
v 1.37908006 2.99191999 -0.28597000
v 1.22809005 3.08323002 -0.23524900
v 1.26314998 3.08768010 -0.26018700
v 1.20484996 3.08914995 -0.20104200
v 1.19180000 3.10659003 -0.16292199
v 1.19119000 3.13274002 -0.12538899
v 1.46351004 2.95604992 -0.23126900
v 1.43937004 3.07635999 -0.14483701
v 1.45150995 3.05199003 -0.17992499
v 1.45903003 3.02547002 -0.21332400
v 1.36923003 3.14309001 -0.08324600
v 1.39470005 3.12951994 -0.11720900
v 1.31712997 3.17360997 -0.06530300
v 1.27494001 3.17001009 -0.06503500
v 1.23538995 3.16731000 -0.07699100
v 1.35346997 3.02611995 -0.28375399
v 1.41942000 2.99415994 -0.27266401
v 1.32714999 3.05909991 -0.28446701
v 1.30221999 3.09337997 -0.28110099
v 1.19886994 3.16567993 -0.09707000
v 1.44790006 2.99238992 -0.23841700
v 1.41924000 3.11328006 -0.15087800
v 1.35316002 3.17593002 -0.08579800
v 1.39798999 3.03103995 -0.28152299
v 1.20434999 3.11953998 -0.23298299
v 1.23712003 3.12133002 -0.25975099
v 1.27785003 3.12835002 -0.27569899
v 1.18097997 3.12607002 -0.20008001
v 1.17060995 3.14294004 -0.16065700
v 1.16716003 3.16655993 -0.12519500
v 1.43394995 3.09073997 -0.18664999
v 1.43981004 3.06317997 -0.22190100
v 1.43376005 3.03083992 -0.25069001
v 1.37461996 3.16510010 -0.12135400
v 1.39996004 3.15075994 -0.15562600
v 1.33052003 3.21419001 -0.09096700
v 1.29159999 3.21414995 -0.07040600
v 1.24959004 3.20887995 -0.06557500
v 1.21024001 3.20332003 -0.07873900
v 1.37521994 3.06722999 -0.28652599
v 1.34755003 3.10072994 -0.28537101
v 1.32214999 3.13537002 -0.28291601
v 1.17309999 3.19898009 -0.09740400
v 1.41287994 3.12776995 -0.19248299
v 1.35291004 3.20009995 -0.12564699
v 1.41191006 3.06739998 -0.25784999
v 1.18025005 3.15498996 -0.22994199
v 1.21174002 3.15588999 -0.25662500
v 1.25226998 3.16295004 -0.27092800
v 1.29449999 3.16979003 -0.28234601
v 1.15718997 3.16084003 -0.19769500
v 1.14380002 3.17441010 -0.15882200
v 1.14145994 3.19856000 -0.12544701
v 1.42060995 3.10145998 -0.23017000
v 1.37618995 3.18545008 -0.16087200
v 1.39136004 3.16462994 -0.19739400
v 1.30136001 3.24871993 -0.09944200
v 1.32749999 3.23481989 -0.13125800
v 1.26347005 3.25037003 -0.07845800
v 1.22168005 3.24394011 -0.07076200
v 1.18151999 3.23607993 -0.07907500
v 1.38916004 3.10418010 -0.26273501
v 1.36317003 3.13881993 -0.26469401
v 1.33694005 3.17374992 -0.26892099
v 1.14592004 3.23146009 -0.09993400
v 1.39942002 3.13949990 -0.23527800
v 1.35191000 3.22031999 -0.16544200
v 1.15188003 3.18710995 -0.22969700
v 1.18400002 3.18952990 -0.25459099
v 1.22442997 3.19701004 -0.26556700
v 1.26505995 3.20398998 -0.27788800
v 1.30791998 3.20777988 -0.26828700
v 1.12887001 3.19109011 -0.19476999
v 1.11620998 3.20457006 -0.15730099
v 1.11257994 3.22843003 -0.12373200
v 1.36784005 3.20059991 -0.20185600
v 1.37237000 3.17369008 -0.23877300
v 1.30034995 3.26947999 -0.13809900
v 1.27046001 3.28183007 -0.10979800
v 1.32550001 3.25381994 -0.16956000
v 1.23206997 3.28295994 -0.08866200
v 1.19159997 3.27712989 -0.07561600
v 1.15251005 3.26817012 -0.08274500
v 1.34512997 3.20765996 -0.24177399
v 1.11626995 3.26198006 -0.09871000
v 1.34213996 3.23469996 -0.20495901
v 1.15582001 3.22345996 -0.25024101
v 1.12162006 3.21752000 -0.22785200
v 1.19537997 3.23090005 -0.26090801
v 1.23617995 3.23804998 -0.26817000
v 1.27715003 3.24070001 -0.26217699
v 1.31759000 3.24154997 -0.24262901
v 1.09846997 3.21918988 -0.19244300
v 1.08583999 3.23238993 -0.15491100
v 1.08270001 3.25707006 -0.12045900
v 1.29803002 3.28614998 -0.17663300
v 1.26935005 3.30093002 -0.14803900
v 1.23865998 3.31396008 -0.12024900
v 1.31349003 3.26445007 -0.20674799
v 1.19953001 3.31350994 -0.10000700
v 1.15999997 3.30838990 -0.08083100
v 1.12115002 3.29821992 -0.07854600
v 1.08305001 3.28764009 -0.09097200
v 1.12715006 3.25615001 -0.24476001
v 1.16694999 3.26492000 -0.25491601
v 1.09274006 3.24865007 -0.22203900
v 1.20683002 3.27219009 -0.26155999
v 1.24640000 3.27423000 -0.25195801
v 1.28279996 3.27105999 -0.24012300
v 1.06751001 3.24681997 -0.18816400
v 1.05260003 3.25612998 -0.14901200
v 1.04986000 3.28133988 -0.11364100
v 1.26796997 3.31471992 -0.18786000
v 1.28728998 3.28874993 -0.21159001
v 1.23996997 3.33418989 -0.15982600
v 1.20773995 3.34699011 -0.13021700
v 1.16831005 3.34692001 -0.10564000
v 1.12933004 3.33873010 -0.07862800
v 1.08853996 3.32616997 -0.07140600
v 1.05070996 3.31454992 -0.08761700
v 1.13819003 3.29762006 -0.24852100
v 1.09806001 3.28727007 -0.23659600
v 1.18048000 3.30742002 -0.25184399
v 1.06069005 3.27608991 -0.21802700
v 1.22172999 3.31093001 -0.24411000
v 1.25753999 3.30395007 -0.22561800
v 1.03432000 3.27163005 -0.18404400
v 1.02032995 3.28193998 -0.14450200
v 1.01473999 3.30339003 -0.10862800
v 1.23730004 3.33818007 -0.20871601
v 1.20903003 3.36320996 -0.17356101
v 1.17781997 3.38150001 -0.14333200
v 1.13645995 3.37167001 -0.09943600
v 1.09736001 3.36787009 -0.07941900
v 1.05631995 3.35485005 -0.07394200
v 1.01603997 3.33866000 -0.08126100
v 1.14409995 3.39687991 -0.12119100
v 1.10927999 3.32827997 -0.23888400
v 1.15214002 3.33652997 -0.23647900
v 1.06754994 3.31699991 -0.23192701
v 1.19482005 3.34045005 -0.22877000
v 1.02999997 3.30453992 -0.21089600
v 1.00268996 3.29893994 -0.17714299
v 0.98941600 3.30919003 -0.13975599
v 0.97913402 3.32641006 -0.10427600
v 1.20855999 3.36525989 -0.19547699
v 1.17796004 3.38997006 -0.18281600
v 1.14633000 3.41102004 -0.16069800
v 1.10721004 3.40387988 -0.09954200
v 1.06518996 3.39740992 -0.08370100
v 1.02236998 3.38277006 -0.07378900
v 0.98187000 3.36494994 -0.08029100
v 1.11328995 3.42888999 -0.13552099
v 1.08130002 3.35895991 -0.22936000
v 1.12454998 3.36690998 -0.22398700
v 1.16858006 3.37204003 -0.21746200
v 1.03921998 3.34594011 -0.21990401
v 1.00083995 3.33416009 -0.20181400
v 0.97254699 3.32781005 -0.17068800
v 0.95722902 3.33542991 -0.13535200
v 0.94555700 3.35464001 -0.10234800
v 1.14056003 3.40279007 -0.20348699
v 1.11067998 3.42968011 -0.18269700
v 1.07421994 3.43282008 -0.11111900
v 1.03199995 3.42458010 -0.09320600
v 0.98862499 3.40888000 -0.08459200
v 0.94907397 3.39054990 -0.08596000
v 1.07685006 3.44610000 -0.15619600
v 1.05194998 3.38752007 -0.21935400
v 1.09751999 3.39962006 -0.21617700
v 1.01063001 3.37481999 -0.20853600
v 0.97361499 3.36468005 -0.18977900
v 0.94664502 3.35687995 -0.16012900
v 0.92623299 3.37383008 -0.13691400
v 0.92176801 3.39738989 -0.11046200
v 1.06985998 3.42750001 -0.19840799
v 1.04051995 3.45679998 -0.13234299
v 0.99956101 3.44949007 -0.10684600
v 0.95578802 3.42795992 -0.10261000
v 1.03968000 3.45165992 -0.17856801
v 1.02619004 3.41600990 -0.20631599
v 0.98557597 3.40411997 -0.19309400
v 0.94616503 3.39493990 -0.17598601
v 0.94086403 3.42017007 -0.14234400
v 1.00335002 3.45805001 -0.15661301
v 0.97352397 3.44931006 -0.13306899
v 1.00593996 3.43721008 -0.18924300
v 0.97094500 3.43144011 -0.16904899
f 1 2 3
f 4 2 1
f 2 5 3
f 3 6 1
f 4 7 2
f 8 4 1
f 2 9 5
f 3 5 10
f 6 3 10
f 11 1 6
f 4 12 7
f 2 7 9
f 8 13 4
f 14 8 1
f 9 15 5
f 10 5 16
f 17 6 10
f 14 1 11
f 11 6 18
f 13 12 4
f 12 19 7
f 20 9 7
f 21 13 8
f 22 8 14
f 23 15 9
f 15 16 5
f 24 10 16
f 17 18 6
f 17 10 24
f 14 11 25
f 11 18 26
f 27 12 13
f 28 19 12
f 20 7 19
f 20 23 9
f 29 13 21
f 22 21 8
f 22 14 30
f 23 31 15
f 32 16 15
f 33 24 16
f 34 18 17
f 17 24 35
f 11 26 25
f 14 25 30
f 36 26 18
f 27 28 12
f 27 13 29
f 28 37 19
f 20 19 38
f 20 39 23
f 40 29 21
f 41 21 22
f 42 22 30
f 23 43 31
f 31 32 15
f 33 16 32
f 33 44 24
f 36 18 34
f 34 17 35
f 35 24 44
f 25 26 45
f 46 30 25
f 47 26 36
f 27 48 28
f 49 27 29
f 50 37 28
f 19 37 38
f 20 38 39
f 43 23 39
f 40 51 29
f 40 21 41
f 41 22 42
f 52 42 30
f 31 43 53
f 31 54 32
f 33 32 55
f 33 56 44
f 36 34 57
f 34 35 58
f 59 35 44
f 47 45 26
f 46 25 45
f 52 30 46
f 47 36 60
f 49 48 27
f 48 50 28
f 51 49 29
f 50 61 37
f 37 62 38
f 39 38 63
f 39 64 43
f 65 51 40
f 66 40 41
f 67 41 42
f 68 42 52
f 43 64 53
f 31 53 54
f 32 54 55
f 33 55 56
f 44 56 69
f 57 34 58
f 60 36 57
f 59 58 35
f 59 44 69
f 47 70 45
f 46 45 70
f 52 46 71
f 47 60 72
f 49 73 48
f 74 50 48
f 75 49 51
f 76 61 50
f 61 62 37
f 38 62 63
f 39 63 77
f 39 77 64
f 78 51 65
f 66 65 40
f 67 66 41
f 67 42 68
f 68 52 79
f 80 53 64
f 54 53 81
f 82 55 54
f 56 55 83
f 69 56 84
f 85 57 58
f 60 57 86
f 59 87 58
f 59 69 88
f 47 72 70
f 89 46 70
f 71 46 89
f 52 71 79
f 60 90 72
f 75 73 49
f 73 74 48
f 76 50 74
f 78 75 51
f 76 91 61
f 61 92 62
f 63 62 93
f 63 94 77
f 95 64 77
f 96 78 65
f 97 65 66
f 98 66 67
f 99 67 68
f 100 68 79
f 81 53 80
f 80 64 95
f 82 54 81
f 82 83 55
f 56 83 84
f 69 84 101
f 85 86 57
f 85 58 87
f 60 86 90
f 59 88 87
f 88 69 101
f 72 102 70
f 89 70 102
f 103 71 89
f 104 79 71
f 72 90 105
f 75 106 73
f 107 74 73
f 108 76 74
f 78 109 75
f 110 91 76
f 61 91 92
f 92 93 62
f 63 93 94
f 94 111 77
f 95 77 111
f 96 112 78
f 96 65 97
f 98 97 66
f 99 98 67
f 99 68 100
f 113 100 79
f 81 80 114
f 115 80 95
f 82 81 116
f 117 83 82
f 118 84 83
f 101 84 119
f 85 120 86
f 85 87 121
f 86 122 90
f 123 87 88
f 88 101 124
f 72 105 102
f 125 89 102
f 104 71 103
f 103 89 125
f 104 113 79
f 105 90 126
f 109 106 75
f 106 107 73
f 107 108 74
f 108 110 76
f 112 109 78
f 110 127 91
f 92 91 128
f 92 129 93
f 130 94 93
f 94 131 111
f 132 95 111
f 133 112 96
f 134 96 97
f 135 97 98
f 136 98 99
f 137 99 100
f 113 138 100
f 115 114 80
f 81 114 116
f 115 95 132
f 117 82 116
f 117 118 83
f 119 84 118
f 139 101 119
f 85 121 120
f 86 120 122
f 123 121 87
f 122 126 90
f 123 88 124
f 124 101 139
f 102 105 140
f 125 102 140
f 141 104 103
f 142 103 125
f 143 113 104
f 144 105 126
f 109 145 106
f 106 146 107
f 107 147 108
f 108 148 110
f 112 149 109
f 150 127 110
f 127 128 91
f 92 128 129
f 130 93 129
f 130 131 94
f 151 111 131
f 151 132 111
f 152 112 133
f 134 133 96
f 134 97 135
f 136 135 98
f 136 99 137
f 137 100 138
f 153 138 113
f 154 114 115
f 114 155 116
f 156 115 132
f 117 116 157
f 117 158 118
f 119 118 159
f 139 119 160
f 121 161 120
f 122 120 162
f 163 121 123
f 122 164 126
f 123 124 165
f 124 139 166
f 144 140 105
f 167 125 140
f 143 104 141
f 141 103 142
f 142 125 167
f 153 113 143
f 144 126 168
f 149 145 109
f 106 145 146
f 146 147 107
f 147 148 108
f 148 150 110
f 152 149 112
f 150 169 127
f 170 128 127
f 171 129 128
f 172 130 129
f 130 173 131
f 151 131 174
f 175 132 151
f 176 152 133
f 177 133 134
f 178 134 135
f 136 179 135
f 180 136 137
f 137 138 181
f 153 182 138
f 154 155 114
f 156 154 115
f 155 157 116
f 175 156 132
f 117 157 158
f 159 118 158
f 160 119 159
f 139 160 183
f 163 161 121
f 120 161 162
f 122 162 164
f 163 123 165
f 126 164 168
f 165 124 166
f 139 183 166
f 184 140 144
f 167 140 184
f 185 143 141
f 186 141 142
f 187 142 167
f 188 153 143
f 189 144 168
f 149 190 145
f 145 191 146
f 192 147 146
f 193 148 147
f 194 150 148
f 152 195 149
f 196 169 150
f 170 127 169
f 170 171 128
f 172 129 171
f 172 173 130
f 174 131 173
f 197 151 174
f 175 151 197
f 198 152 176
f 177 176 133
f 178 177 134
f 178 135 179
f 180 179 136
f 180 137 181
f 181 138 182
f 153 199 182
f 154 200 155
f 201 154 156
f 202 157 155
f 175 203 156
f 204 158 157
f 205 159 158
f 206 160 159
f 160 207 183
f 163 208 161
f 162 161 209
f 162 210 164
f 163 165 211
f 212 168 164
f 165 166 213
f 214 166 183
f 184 144 189
f 215 167 184
f 188 143 185
f 185 141 186
f 186 142 187
f 187 167 215
f 188 199 153
f 189 168 216
f 195 190 149
f 190 191 145
f 191 192 146
f 193 147 192
f 193 194 148
f 194 196 150
f 198 195 152
f 196 217 169
f 218 170 169
f 170 219 171
f 172 171 220
f 172 221 173
f 221 174 173
f 197 174 222
f 175 197 223
f 224 198 176
f 225 176 177
f 226 177 178
f 227 178 179
f 180 228 179
f 180 181 229
f 230 181 182
f 231 182 199
f 201 200 154
f 202 155 200
f 203 201 156
f 204 157 202
f 175 223 203
f 205 158 204
f 205 206 159
f 206 207 160
f 207 232 183
f 163 211 208
f 208 209 161
f 162 209 210
f 212 164 210
f 211 165 213
f 216 168 212
f 214 213 166
f 214 183 232
f 184 189 233
f 215 184 233
f 188 185 234
f 185 186 235
f 186 187 236
f 187 215 237
f 188 238 199
f 189 216 239
f 240 190 195
f 190 241 191
f 191 242 192
f 193 192 243
f 193 244 194
f 194 245 196
f 246 195 198
f 196 247 217
f 217 218 169
f 218 219 170
f 219 220 171
f 172 220 248
f 172 248 221
f 222 174 221
f 249 197 222
f 249 223 197
f 250 198 224
f 224 176 225
f 226 225 177
f 227 226 178
f 228 227 179
f 180 229 228
f 230 229 181
f 231 230 182
f 231 199 251
f 201 252 200
f 253 202 200
f 254 201 203
f 255 204 202
f 256 203 223
f 257 205 204
f 205 258 206
f 206 259 207
f 207 260 232
f 208 211 261
f 208 262 209
f 263 210 209
f 264 212 210
f 211 213 265
f 216 212 266
f 214 267 213
f 214 232 268
f 189 239 233
f 215 233 269
f 185 235 234
f 188 234 238
f 235 186 236
f 236 187 237
f 215 269 237
f 238 251 199
f 239 216 270
f 240 241 190
f 246 240 195
f 241 242 191
f 192 242 243
f 193 243 244
f 244 245 194
f 245 247 196
f 250 246 198
f 271 217 247
f 217 272 218
f 218 273 219
f 219 274 220
f 220 275 248
f 248 276 221
f 222 221 276
f 249 222 277
f 278 223 249
f 279 250 224
f 280 224 225
f 281 225 226
f 282 226 227
f 283 227 228
f 284 228 229
f 230 285 229
f 286 230 231
f 287 231 251
f 254 252 201
f 253 200 252
f 253 255 202
f 256 254 203
f 257 204 255
f 278 256 223
f 257 258 205
f 258 259 206
f 207 259 260
f 232 260 288
f 211 265 261
f 208 261 262
f 263 209 262
f 263 264 210
f 264 266 212
f 265 213 289
f 270 216 266
f 214 268 267
f 213 267 289
f 232 288 268
f 239 290 233
f 269 233 290
f 235 291 234
f 238 234 292
f 235 236 293
f 236 237 294
f 237 269 295
f 296 251 238
f 239 270 297
f 298 241 240
f 246 299 240
f 300 242 241
f 301 243 242
f 244 243 302
f 244 303 245
f 304 247 245
f 250 305 246
f 271 272 217
f 306 271 247
f 218 272 273
f 219 273 274
f 274 275 220
f 307 248 275
f 307 276 248
f 222 276 277
f 249 277 308
f 278 249 308
f 279 309 250
f 279 224 280
f 281 280 225
f 282 281 226
f 282 227 283
f 284 283 228
f 284 229 285
f 286 285 230
f 287 286 231
f 287 251 310
f 311 252 254
f 312 253 252
f 313 255 253
f 314 254 256
f 257 255 315
f 278 316 256
f 257 317 258
f 258 318 259
f 319 260 259
f 320 288 260
f 261 265 321
f 262 261 322
f 323 263 262
f 263 324 264
f 264 325 266
f 265 289 326
f 270 266 327
f 268 328 267
f 267 329 289
f 288 330 268
f 239 297 290
f 331 269 290
f 235 293 291
f 291 292 234
f 296 238 292
f 293 236 294
f 294 237 295
f 295 269 331
f 310 251 296
f 270 332 297
f 298 300 241
f 299 298 240
f 305 299 246
f 300 301 242
f 302 243 301
f 244 302 303
f 303 304 245
f 306 247 304
f 309 305 250
f 271 333 272
f 306 334 271
f 335 273 272
f 336 274 273
f 274 337 275
f 307 275 338
f 307 339 276
f 339 277 276
f 340 308 277
f 278 308 341
f 342 309 279
f 343 279 280
f 344 280 281
f 345 281 282
f 346 282 283
f 347 283 284
f 348 284 285
f 349 285 286
f 350 286 287
f 351 287 310
f 311 312 252
f 314 311 254
f 313 253 312
f 313 315 255
f 314 256 316
f 257 315 317
f 278 341 316
f 258 317 318
f 319 259 318
f 320 260 319
f 352 288 320
f 321 265 326
f 261 321 322
f 323 262 322
f 323 324 263
f 324 325 264
f 266 325 327
f 329 326 289
f 270 327 332
f 330 328 268
f 328 329 267
f 352 330 288
f 353 290 297
f 331 290 353
f 293 354 291
f 355 292 291
f 296 292 356
f 293 294 357
f 357 294 295
f 358 295 331
f 359 310 296
f 360 297 332
f 298 361 300
f 362 298 299
f 305 363 299
f 300 364 301
f 302 301 365
f 302 366 303
f 303 367 304
f 306 304 368
f 369 305 309
f 334 333 271
f 333 335 272
f 306 370 334
f 335 336 273
f 336 337 274
f 337 338 275
f 307 338 371
f 307 371 339
f 340 277 339
f 340 372 308
f 372 341 308
f 373 309 342
f 343 342 279
f 344 343 280
f 344 281 345
f 345 282 346
f 347 346 283
f 348 347 284
f 349 348 285
f 350 349 286
f 351 350 287
f 374 351 310
f 311 375 312
f 314 376 311
f 377 313 312
f 378 315 313
f 379 314 316
f 315 380 317
f 316 341 381
f 382 318 317
f 383 319 318
f 384 320 319
f 352 320 385
f 321 326 386
f 322 321 387
f 323 322 388
f 323 389 324
f 324 390 325
f 327 325 391
f 392 326 329
f 327 393 332
f 330 394 328
f 328 395 329
f 396 330 352
f 353 297 360
f 397 331 353
f 293 398 354
f 354 355 291
f 355 356 292
f 359 296 356
f 293 357 398
f 357 295 358
f 358 331 397
f 374 310 359
f 360 332 399
f 362 361 298
f 361 364 300
f 362 299 363
f 369 363 305
f 364 365 301
f 302 365 366
f 303 366 367
f 368 304 367
f 306 368 370
f 373 369 309
f 334 400 333
f 333 401 335
f 334 370 402
f 403 336 335
f 336 404 337
f 337 405 338
f 406 371 338
f 407 339 371
f 340 339 407
f 340 408 372
f 409 341 372
f 410 373 342
f 411 342 343
f 412 343 344
f 413 344 345
f 414 345 346
f 415 346 347
f 416 347 348
f 349 417 348
f 350 418 349
f 419 350 351
f 420 351 374
f 376 375 311
f 377 312 375
f 379 376 314
f 377 378 313
f 378 380 315
f 379 316 381
f 382 317 380
f 409 381 341
f 382 383 318
f 384 319 383
f 384 385 320
f 421 352 385
f 392 386 326
f 321 386 387
f 388 322 387
f 323 388 389
f 389 390 324
f 390 391 325
f 327 391 393
f 392 329 395
f 399 332 393
f 396 394 330
f 328 394 395
f 396 352 421
f 422 353 360
f 397 353 422
f 423 354 398
f 424 355 354
f 425 356 355
f 426 359 356
f 398 357 427
f 357 358 427
f 428 358 397
f 429 374 359
f 430 360 399
f 362 431 361
f 432 364 361
f 433 362 363
f 369 434 363
f 364 435 365
f 436 366 365
f 366 437 367
f 368 367 438
f 368 439 370
f 373 440 369
f 334 402 400
f 333 400 401
f 403 335 401
f 402 370 441
f 403 404 336
f 337 404 405
f 406 338 405
f 406 442 371
f 407 371 442
f 340 407 408
f 443 372 408
f 443 409 372
f 410 444 373
f 411 410 342
f 411 343 412
f 413 412 344
f 413 345 414
f 414 346 415
f 416 415 347
f 416 348 417
f 349 418 417
f 419 418 350
f 420 419 351
f 420 374 445
f 446 375 376
f 447 377 375
f 379 448 376
f 449 378 377
f 450 380 378
f 379 381 451
f 452 382 380
f 453 381 409
f 454 383 382
f 384 383 455
f 384 456 385
f 457 421 385
f 458 386 392
f 387 386 459
f 388 387 460
f 389 388 461
f 389 462 390
f 463 391 390
f 464 393 391
f 465 392 395
f 466 399 393
f 396 467 394
f 468 395 394
f 469 396 421
f 422 360 430
f 397 422 470
f 424 354 423
f 423 398 471
f 425 355 424
f 425 426 356
f 429 359 426
f 471 398 427
f 427 358 428
f 428 397 470
f 445 374 429
f 472 430 399
f 433 431 362
f 431 432 361
f 432 435 364
f 434 433 363
f 440 434 369
f 435 436 365
f 436 437 366
f 437 438 367
f 368 438 439
f 439 441 370
f 373 444 440
f 400 402 473
f 400 474 401
f 403 401 475
f 402 441 476
f 403 477 404
f 478 405 404
f 406 405 479
f 480 442 406
f 407 442 481
f 407 482 408
f 443 408 483
f 484 409 443
f 485 444 410
f 486 410 411
f 487 411 412
f 488 412 413
f 489 413 414
f 490 414 415
f 491 415 416
f 492 416 417
f 417 418 493
f 494 418 419
f 495 419 420
f 420 445 496
f 447 375 446
f 446 376 448
f 449 377 447
f 379 451 448
f 450 378 449
f 450 452 380
f 451 381 453
f 454 382 452
f 484 453 409
f 454 455 383
f 384 455 456
f 457 385 456
f 497 421 457
f 459 386 458
f 465 458 392
f 387 459 460
f 388 460 461
f 389 461 462
f 463 390 462
f 463 464 391
f 464 466 393
f 465 395 468
f 472 399 466
f 469 467 396
f 467 468 394
f 497 469 421
f 498 422 430
f 470 422 498
f 424 423 499
f 500 423 471
f 501 425 424
f 425 502 426
f 503 429 426
f 471 427 504
f 504 427 428
f 505 428 470
f 506 445 429
f 507 430 472
f 508 431 433
f 509 432 431
f 510 435 432
f 511 433 434
f 440 512 434
f 513 436 435
f 514 437 436
f 515 438 437
f 439 438 516
f 439 517 441
f 444 518 440
f 402 476 473
f 400 473 474
f 401 474 475
f 403 475 477
f 441 519 476
f 478 404 477
f 479 405 478
f 480 406 479
f 480 520 442
f 481 442 520
f 407 481 482
f 482 483 408
f 521 443 483
f 521 484 443
f 485 522 444
f 486 485 410
f 486 411 487
f 488 487 412
f 488 413 489
f 489 414 490
f 491 490 415
f 491 416 492
f 492 417 493
f 494 493 418
f 494 419 495
f 495 420 496
f 523 496 445
f 447 446 524
f 525 446 448
f 526 449 447
f 525 448 451
f 450 449 527
f 450 528 452
f 529 451 453
f 530 454 452
f 531 453 484
f 532 455 454
f 533 456 455
f 534 457 456
f 497 457 535
f 536 459 458
f 537 458 465
f 460 459 538
f 461 460 539
f 461 540 462
f 463 462 541
f 542 464 463
f 543 466 464
f 544 465 468
f 472 466 545
f 469 546 467
f 547 468 467
f 497 548 469
f 498 430 507
f 470 498 549
f 499 423 500
f 501 424 499
f 500 471 550
f 501 502 425
f 503 426 502
f 506 429 503
f 471 504 550
f 504 428 505
f 505 470 549
f 506 523 445
f 507 472 551
f 508 509 431
f 511 508 433
f 509 510 432
f 510 513 435
f 511 434 512
f 440 518 512
f 513 514 436
f 514 515 437
f 515 516 438
f 439 516 517
f 441 517 519
f 522 518 444
f 552 473 476
f 474 473 553
f 475 474 554
f 475 555 477
f 556 476 519
f 557 478 477
f 558 479 478
f 480 479 559
f 560 520 480
f 561 481 520
f 482 481 562
f 482 562 483
f 521 483 563
f 521 564 484
f 485 565 522
f 566 485 486
f 567 486 487
f 568 487 488
f 569 488 489
f 570 489 490
f 571 490 491
f 491 492 572
f 492 493 573
f 494 574 493
f 494 495 575
f 495 496 576
f 523 577 496
f 525 524 446
f 526 447 524
f 527 449 526
f 525 451 578
f 450 527 528
f 528 530 452
f 529 578 451
f 529 453 531
f 530 532 454
f 531 484 564
f 532 533 455
f 534 456 533
f 534 535 457
f 579 497 535
f 536 538 459
f 537 536 458
f 544 537 465
f 539 460 538
f 461 539 540
f 541 462 540
f 542 463 541
f 543 464 542
f 543 545 466
f 547 544 468
f 472 545 551
f 469 548 546
f 546 547 467
f 579 548 497
f 498 507 580
f 549 498 580
f 499 500 581
f 501 499 582
f 500 550 583
f 584 502 501
f 585 503 502
f 506 503 586
f 550 504 587
f 504 505 587
f 505 549 588
f 506 589 523
f 590 507 551
f 508 591 509
f 592 508 511
f 593 510 509
f 510 594 513
f 511 512 595
f 596 512 518
f 513 597 514
f 514 598 515
f 515 599 516
f 516 600 517
f 519 517 601
f 522 602 518
f 552 553 473
f 556 552 476
f 474 553 554
f 475 554 555
f 557 477 555
f 556 519 603
f 558 478 557
f 558 559 479
f 560 480 559
f 604 520 560
f 562 481 561
f 604 561 520
f 562 563 483
f 605 521 563
f 605 564 521
f 566 565 485
f 522 565 606
f 567 566 486
f 568 567 487
f 569 568 488
f 569 489 570
f 570 490 571
f 571 491 572
f 492 573 572
f 573 493 574
f 494 575 574
f 495 576 575
f 576 496 577
f 523 607 577
f 608 524 525
f 526 524 609
f 610 527 526
f 608 525 578
f 611 528 527
f 612 530 528
f 529 613 578
f 614 529 531
f 530 615 532
f 616 531 564
f 617 533 532
f 618 534 533
f 619 535 534
f 620 579 535
f 536 621 538
f 537 621 536
f 544 622 537
f 539 538 623
f 624 540 539
f 541 540 625
f 542 541 626
f 543 542 627
f 543 628 545
f 547 629 544
f 630 551 545
f 548 631 546
f 632 547 546
f 579 633 548
f 590 580 507
f 634 549 580
f 581 500 583
f 499 581 582
f 584 501 582
f 583 550 635
f 584 585 502
f 586 503 585
f 506 586 589
f 550 587 635
f 505 588 587
f 588 549 634
f 523 589 607
f 590 551 636
f 592 591 508
f 591 593 509
f 592 511 595
f 593 594 510
f 594 597 513
f 596 595 512
f 596 518 602
f 514 597 598
f 598 599 515
f 599 600 516
f 600 601 517
f 519 601 603
f 522 606 602
f 637 553 552
f 556 638 552
f 554 553 639
f 554 640 555
f 641 557 555
f 642 556 603
f 643 558 557
f 644 559 558
f 560 559 645
f 604 560 646
f 647 562 561
f 604 648 561
f 647 563 562
f 605 563 649
f 650 564 605
f 566 651 565
f 652 606 565
f 653 566 567
f 654 567 568
f 655 568 569
f 569 570 656
f 570 571 657
f 571 572 658
f 659 572 573
f 573 574 660
f 575 661 574
f 662 575 576
f 576 577 663
f 607 664 577
f 608 609 524
f 610 526 609
f 610 611 527
f 608 578 665
f 611 612 528
f 612 615 530
f 614 613 529
f 578 613 665
f 614 531 616
f 617 532 615
f 616 564 650
f 618 533 617
f 618 619 534
f 620 535 619
f 620 666 579
f 621 667 538
f 622 621 537
f 629 622 544
f 623 538 667
f 624 539 623
f 624 625 540
f 541 625 626
f 627 542 626
f 543 627 628
f 628 630 545
f 632 629 547
f 636 551 630
f 633 631 548
f 631 632 546
f 579 666 633
f 590 668 580
f 634 580 668
f 581 583 669
f 581 670 582
f 584 582 671
f 583 635 672
f 584 673 585
f 674 586 585
f 586 675 589
f 635 587 676
f 676 587 588
f 588 634 677
f 678 607 589
f 590 636 679
f 680 591 592
f 681 593 591
f 682 592 595
f 593 683 594
f 594 684 597
f 685 595 596
f 596 602 686
f 597 687 598
f 598 688 599
f 599 689 600
f 600 690 601
f 691 603 601
f 692 602 606
f 637 639 553
f 637 552 638
f 642 638 556
f 554 639 640
f 641 555 640
f 641 643 557
f 642 603 693
f 644 558 643
f 644 645 559
f 560 645 646
f 694 604 646
f 647 561 648
f 694 648 604
f 649 563 647
f 695 605 649
f 695 650 605
f 653 651 566
f 652 565 651
f 652 696 606
f 654 653 567
f 654 568 655
f 655 569 656
f 656 570 657
f 571 658 657
f 658 572 659
f 659 573 660
f 661 660 574
f 662 661 575
f 662 576 663
f 664 663 577
f 697 664 607
f 608 698 609
f 699 610 609
f 700 611 610
f 608 665 698
f 701 612 611
f 702 615 612
f 614 703 613
f 613 704 665
f 614 616 705
f 706 617 615
f 707 616 650
f 708 618 617
f 709 619 618
f 710 620 619
f 711 666 620
f 621 712 667
f 622 712 621
f 713 622 629
f 714 623 667
f 715 624 623
f 716 625 624
f 717 626 625
f 627 626 718
f 627 719 628
f 720 630 628
f 721 629 632
f 722 636 630
f 723 631 633
f 631 724 632
f 725 633 666
f 590 679 668
f 634 668 726
f 583 672 669
f 581 669 670
f 671 582 670
f 584 671 673
f 635 727 672
f 674 585 673
f 674 675 586
f 678 589 675
f 635 676 727
f 676 588 677
f 677 634 726
f 697 607 678
f 728 679 636
f 680 681 591
f 682 680 592
f 681 683 593
f 682 595 685
f 594 683 684
f 597 684 687
f 685 596 686
f 692 686 602
f 598 687 688
f 688 689 599
f 689 690 600
f 691 601 690
f 693 603 691
f 696 692 606
f 637 729 639
f 637 638 730
f 642 731 638
f 639 732 640
f 733 641 640
f 734 643 641
f 735 642 693
f 736 644 643
f 644 737 645
f 738 646 645
f 694 646 739
f 647 648 740
f 741 648 694
f 649 647 740
f 695 649 742
f 695 743 650
f 744 651 653
f 745 652 651
f 746 696 652
f 654 747 653
f 654 655 748
f 655 656 749
f 656 657 750
f 751 657 658
f 658 659 752
f 659 660 753
f 661 754 660
f 662 754 661
f 662 663 755
f 756 663 664
f 697 757 664
f 699 609 698
f 699 700 610
f 700 701 611
f 758 698 665
f 702 612 701
f 702 706 615
f 614 705 703
f 703 704 613
f 758 665 704
f 707 705 616
f 708 617 706
f 707 650 743
f 708 709 618
f 709 710 619
f 710 711 620
f 711 759 666
f 760 667 712
f 713 712 622
f 721 713 629
f 715 623 714
f 714 667 760
f 715 716 624
f 717 625 716
f 718 626 717
f 627 718 719
f 720 628 719
f 720 722 630
f 724 721 632
f 722 728 636
f 723 724 631
f 725 723 633
f 759 725 666
f 761 668 679
f 726 668 761
f 762 669 672
f 670 669 763
f 764 671 670
f 673 671 765
f 766 672 727
f 674 673 767
f 674 768 675
f 769 678 675
f 676 770 727
f 676 677 770
f 677 726 771
f 772 697 678
f 728 773 679
f 680 774 681
f 682 775 680
f 776 683 681
f 777 682 685
f 778 684 683
f 684 779 687
f 780 685 686
f 692 781 686
f 688 687 782
f 688 783 689
f 689 784 690
f 691 690 785
f 693 691 786
f 696 787 692
f 637 730 729
f 729 732 639
f 730 638 731
f 735 731 642
f 733 640 732
f 734 641 733
f 734 736 643
f 735 693 788
f 736 737 644
f 738 645 737
f 739 646 738
f 694 739 789
f 741 740 648
f 741 694 789
f 649 740 742
f 695 742 790
f 695 790 743
f 791 651 744
f 744 653 747
f 745 746 652
f 791 745 651
f 746 792 696
f 654 748 747
f 655 749 748
f 656 750 749
f 750 657 751
f 751 658 752
f 752 659 753
f 753 660 754
f 662 793 754
f 756 755 663
f 662 755 793
f 757 756 664
f 794 757 697
f 795 699 698
f 796 700 699
f 700 797 701
f 795 698 758
f 798 702 701
f 702 799 706
f 705 800 703
f 801 704 703
f 802 758 704
f 707 803 705
f 708 706 804
f 707 743 805
f 806 709 708
f 807 710 709
f 808 711 710
f 809 759 711
f 810 760 712
f 713 810 712
f 811 713 721
f 812 715 714
f 813 714 760
f 715 814 716
f 815 717 716
f 718 717 816
f 719 718 817
f 818 720 719
f 819 722 720
f 820 721 724
f 821 728 722
f 822 724 723
f 823 723 725
f 824 725 759
f 761 679 773
f 726 761 825
f 762 763 669
f 762 672 766
f 764 670 763
f 764 765 671
f 767 673 765
f 766 727 826
f 674 767 827
f 674 827 768
f 769 675 768
f 772 678 769
f 727 770 826
f 677 771 770
f 726 825 771
f 772 794 697
f 828 773 728
f 775 774 680
f 774 776 681
f 777 775 682
f 776 778 683
f 780 777 685
f 778 779 684
f 779 782 687
f 780 686 781
f 787 781 692
f 688 782 783
f 689 783 784
f 784 785 690
f 691 785 786
f 693 786 788
f 792 787 696
f 729 730 829
f 729 830 732
f 730 731 831
f 735 832 731
f 833 733 732
f 834 734 733
f 835 736 734
f 836 735 788
f 736 837 737
f 738 737 838
f 839 739 738
f 840 789 739
f 741 841 740
f 842 741 789
f 841 742 740
f 790 742 843
f 844 743 790
f 791 744 845
f 845 744 747
f 745 846 746
f 847 745 791
f 848 792 746
f 849 747 748
f 749 850 748
f 750 851 749
f 750 751 852
f 751 752 853
f 752 753 854
f 855 753 754
f 855 754 793
f 756 856 755
f 857 793 755
f 858 756 757
f 794 859 757
f 796 699 795
f 796 797 700
f 798 701 797
f 860 795 758
f 798 799 702
f 804 706 799
f 705 803 800
f 801 703 800
f 802 704 801
f 802 860 758
f 707 805 803
f 806 708 804
f 805 743 844
f 806 807 709
f 808 710 807
f 808 809 711
f 861 759 809
f 862 760 810
f 811 810 713
f 820 811 721
f 812 814 715
f 812 714 813
f 813 760 862
f 815 716 814
f 815 816 717
f 817 718 816
f 818 719 817
f 819 720 818
f 821 722 819
f 822 820 724
f 821 828 728
f 823 822 723
f 824 823 725
f 861 824 759
f 761 773 863
f 761 863 825
f 864 763 762
f 865 762 766
f 764 763 866
f 764 867 765
f 767 765 868
f 869 766 826
f 767 868 827
f 870 768 827
f 871 769 768
f 872 772 769
f 826 770 873
f 873 770 771
f 771 825 874
f 875 794 772
f 828 876 773
f 775 877 774
f 774 878 776
f 777 879 775
f 776 880 778
f 881 777 780
f 778 882 779
f 883 782 779
f 884 780 781
f 885 781 787
f 886 783 782
f 783 887 784
f 784 888 785
f 786 785 889
f 788 786 890
f 792 891 787
f 730 831 829
f 729 829 830
f 830 892 732
f 832 831 731
f 836 832 735
f 834 733 833
f 833 732 892
f 835 734 834
f 835 837 736
f 836 788 893
f 838 737 837
f 839 738 838
f 839 840 739
f 894 789 840
f 842 841 741
f 842 789 894
f 843 742 841
f 895 790 843
f 895 844 790
f 896 791 845
f 849 845 747
f 847 846 745
f 846 848 746
f 896 847 791
f 848 897 792
f 849 748 850
f 749 851 850
f 750 852 851
f 751 853 852
f 752 854 853
f 854 753 855
f 855 793 898
f 858 856 756
f 857 755 856
f 898 793 857
f 859 858 757
f 899 859 794
f 900 796 795
f 901 797 796
f 902 798 797
f 860 900 795
f 903 799 798
f 904 804 799
f 905 800 803
f 906 801 800
f 907 802 801
f 908 860 802
f 909 803 805
f 910 806 804
f 911 805 844
f 912 807 806
f 913 808 807
f 914 809 808
f 915 861 809
f 916 862 810
f 916 810 811
f 917 811 820
f 918 814 812
f 919 812 813
f 813 862 920
f 921 815 814
f 815 922 816
f 817 816 923
f 818 817 924
f 925 819 818
f 926 821 819
f 927 820 822
f 928 828 821
f 823 929 822
f 824 930 823
f 931 824 861
f 773 876 863
f 825 863 932
f 866 763 864
f 864 762 865
f 865 766 869
f 764 866 867
f 868 765 867
f 869 826 933
f 868 934 827
f 871 768 870
f 870 827 934
f 872 769 871
f 875 772 872
f 933 826 873
f 873 771 874
f 874 825 932
f 899 794 875
f 935 876 828
f 879 877 775
f 877 878 774
f 878 880 776
f 881 879 777
f 880 882 778
f 881 780 884
f 882 883 779
f 886 782 883
f 884 781 885
f 891 885 787
f 886 887 783
f 887 888 784
f 888 889 785
f 890 786 889
f 893 788 890
f 897 891 792
f 831 936 829
f 829 937 830
f 830 938 892
f 832 939 831
f 836 940 832
f 834 833 941
f 942 833 892
f 943 835 834
f 835 944 837
f 836 893 945
f 946 838 837
f 947 839 838
f 839 948 840
f 949 894 840
f 950 841 842
f 951 842 894
f 950 843 841
f 895 843 952
f 953 844 895
f 954 896 845
f 954 845 849
f 847 955 846
f 846 956 848
f 957 847 896
f 958 897 848
f 959 849 850
f 851 960 850
f 961 851 852
f 852 853 962
f 963 853 854
f 964 854 855
f 964 855 898
f 965 856 858
f 966 857 856
f 967 898 857
f 968 858 859
f 899 969 859
f 901 796 900
f 902 797 901
f 903 798 902
f 970 900 860
f 903 904 799
f 910 804 904
f 905 906 800
f 909 905 803
f 907 801 906
f 907 908 802
f 970 860 908
f 911 909 805
f 910 912 806
f 953 911 844
f 913 807 912
f 914 808 913
f 914 915 809
f 915 971 861
f 972 862 916
f 916 811 917
f 927 917 820
f 918 921 814
f 918 812 919
f 919 813 920
f 972 920 862
f 921 922 815
f 922 923 816
f 924 817 923
f 925 818 924
f 925 926 819
f 928 821 926
f 929 927 822
f 928 935 828
f 930 929 823
f 931 930 824
f 971 931 861
f 863 876 973
f 932 863 973
f 974 866 864
f 975 864 865
f 865 869 976
f 867 866 977
f 868 867 978
f 979 869 933
f 868 978 934
f 980 871 870
f 870 934 981
f 982 872 871
f 875 872 983
f 933 873 984
f 984 873 874
f 874 932 985
f 986 899 875
f 935 987 876
f 988 877 879
f 989 878 877
f 878 990 880
f 991 879 881
f 880 992 882
f 993 881 884
f 882 994 883
f 995 886 883
f 996 884 885
f 891 997 885
f 998 887 886
f 999 888 887
f 1000 889 888
f 1001 890 889
f 893 890 1002
f 897 1003 891
f 831 939 936
f 936 937 829
f 830 937 938
f 942 892 938
f 940 939 832
f 836 945 940
f 942 941 833
f 943 834 941
f 943 944 835
f 946 837 944
f 893 1004 945
f 946 947 838
f 947 948 839
f 949 840 948
f 1005 894 949
f 950 842 951
f 951 894 1005
f 950 952 843
f 1006 895 952
f 1006 953 895
f 1007 896 954
f 954 849 959
f 957 955 847
f 955 956 846
f 956 958 848
f 957 896 1007
f 1008 897 958
f 959 850 960
f 961 960 851
f 961 852 962
f 1009 962 853
f 1009 853 963
f 963 854 964
f 964 898 1010
f 965 966 856
f 965 858 968
f 966 967 857
f 1010 898 967
f 969 968 859
f 1011 969 899
f 1012 901 900
f 1013 902 901
f 1014 903 902
f 970 1012 900
f 1015 904 903
f 1016 910 904
f 1017 906 905
f 909 1018 905
f 1019 907 906
f 1020 908 907
f 1021 970 908
f 1022 909 911
f 1023 912 910
f 1024 911 953
f 1025 913 912
f 1026 914 913
f 1027 915 914
f 1028 971 915
f 972 916 1029
f 1029 916 917
f 1030 917 927
f 918 1031 921
f 918 919 1032
f 919 920 1033
f 1034 920 972
f 1035 922 921
f 1036 923 922
f 1037 924 923
f 925 924 1038
f 1039 926 925
f 1040 928 926
f 929 1041 927
f 928 1042 935
f 1043 929 930
f 931 1044 930
f 1045 931 971
f 987 973 876
f 1046 932 973
f 974 977 866
f 974 864 975
f 975 865 976
f 976 869 979
f 867 977 978
f 979 933 1047
f 1048 934 978
f 982 871 980
f 980 870 981
f 981 934 1048
f 982 983 872
f 986 875 983
f 933 984 1047
f 984 874 985
f 1046 985 932
f 986 1011 899
f 1049 987 935
f 988 989 877
f 991 988 879
f 989 990 878
f 990 992 880
f 993 991 881
f 992 994 882
f 993 884 996
f 995 883 994
f 995 998 886
f 996 885 997
f 1003 997 891
f 998 999 887
f 999 1000 888
f 1001 889 1000
f 1001 1002 890
f 893 1002 1004
f 1008 1003 897
f 936 939 1050
f 936 1051 937
f 1052 938 937
f 942 938 1053
f 940 1054 939
f 940 945 1055
f 1056 941 942
f 1057 943 941
f 943 1058 944
f 1059 946 944
f 945 1004 1060
f 1061 947 946
f 1062 948 947
f 1063 949 948
f 1005 949 1064
f 1065 950 951
f 1066 951 1005
f 1065 952 950
f 1006 952 1067
f 1006 1068 953
f 1007 954 1069
f 1070 954 959
f 957 1071 955
f 955 1072 956
f 1073 958 956
f 1074 957 1007
f 1075 1008 958
f 959 960 1076
f 961 1077 960
f 961 962 1078
f 1009 1078 962
f 1009 963 1079
f 1080 963 964
f 1080 964 1010
f 965 1081 966
f 1082 965 968
f 1083 967 966
f 1084 1010 967
f 969 1085 968
f 1011 1086 969
f 1012 1013 901
f 1014 902 1013
f 1014 1015 903
f 1087 1012 970
f 1016 904 1015
f 1016 1023 910
f 1019 906 1017
f 1017 905 1018
f 1022 1018 909
f 1019 1020 907
f 1020 1021 908
f 1087 970 1021
f 1024 1022 911
f 1025 912 1023
f 1024 953 1068
f 1026 913 1025
f 1026 1027 914
f 1028 915 1027
f 1028 1088 971
f 1089 972 1029
f 1030 1029 917
f 1030 927 1041
f 918 1032 1031
f 1031 1035 921
f 1032 919 1033
f 1034 1033 920
f 1034 972 1089
f 1035 1036 922
f 1036 1037 923
f 1038 924 1037
f 1039 925 1038
f 1040 926 1039
f 1040 1042 928
f 1043 1041 929
f 1049 935 1042
f 1044 1043 930
f 1045 1044 931
f 1088 1045 971
f 987 1090 973
f 1090 1046 973
f 974 1091 977
f 1092 974 975
f 975 976 1093
f 1094 976 979
f 1095 978 977
f 1096 979 1047
f 1048 978 1095
f 1097 982 980
f 1098 980 981
f 1099 981 1048
f 1100 983 982
f 1101 986 983
f 984 1102 1047
f 984 985 1102
f 1103 985 1046
f 986 1104 1011
f 1049 1105 987
f 1106 989 988
f 991 1107 988
f 1108 990 989
f 1109 992 990
f 1110 991 993
f 1111 994 992
f 1112 993 996
f 1113 995 994
f 1114 998 995
f 1115 996 997
f 1116 997 1003
f 999 998 1117
f 1118 1000 999
f 1119 1001 1000
f 1120 1002 1001
f 1004 1002 1121
f 1008 1122 1003
f 939 1054 1050
f 936 1050 1051
f 1052 937 1051
f 1053 938 1052
f 1056 942 1053
f 940 1055 1054
f 945 1060 1055
f 1057 941 1056
f 1057 1058 943
f 1059 944 1058
f 1061 946 1059
f 1004 1123 1060
f 1062 947 1061
f 1062 1063 948
f 1064 949 1063
f 1124 1005 1064
f 1065 951 1066
f 1124 1066 1005
f 1067 952 1065
f 1125 1006 1067
f 1125 1068 1006
f 1069 954 1070
f 1007 1069 1126
f 1127 1070 959
f 1074 1071 957
f 1071 1072 955
f 1073 956 1072
f 1073 1075 958
f 1074 1007 1126
f 1075 1128 1008
f 1077 1076 960
f 1127 959 1076
f 961 1078 1077
f 1129 1078 1009
f 1080 1079 963
f 1129 1009 1079
f 1130 1080 1010
f 1082 1081 965
f 1083 966 1081
f 1082 968 1085
f 1083 1084 967
f 1130 1010 1084
f 1086 1085 969
f 1131 1086 1011
f 1132 1013 1012
f 1133 1014 1013
f 1134 1015 1014
f 1087 1132 1012
f 1135 1016 1015
f 1136 1023 1016
f 1137 1019 1017
f 1138 1017 1018
f 1139 1018 1022
f 1140 1020 1019
f 1141 1021 1020
f 1142 1087 1021
f 1143 1022 1024
f 1144 1025 1023
f 1145 1024 1068
f 1146 1026 1025
f 1147 1027 1026
f 1148 1028 1027
f 1149 1088 1028
f 1150 1089 1029
f 1030 1150 1029
f 1151 1030 1041
f 1152 1031 1032
f 1031 1153 1035
f 1154 1032 1033
f 1155 1033 1034
f 1034 1089 1156
f 1157 1036 1035
f 1158 1037 1036
f 1038 1037 1159
f 1160 1039 1038
f 1040 1039 1161
f 1040 1162 1042
f 1163 1041 1043
f 1049 1042 1164
f 1044 1165 1043
f 1045 1166 1044
f 1167 1045 1088
f 1105 1090 987
f 1090 1168 1046
f 1092 1091 974
f 1095 977 1091
f 1092 975 1093
f 1093 976 1094
f 1094 979 1096
f 1096 1047 1169
f 1048 1095 1170
f 1100 982 1097
f 1097 980 1098
f 1098 981 1099
f 1099 1048 1170
f 1101 983 1100
f 1101 1104 986
f 1169 1047 1102
f 1103 1102 985
f 1103 1046 1168
f 1104 1131 1011
f 1171 1105 1049
f 1106 1108 989
f 1107 1106 988
f 1110 1107 991
f 1108 1109 990
f 1109 1111 992
f 1112 1110 993
f 1113 994 1111
f 1112 996 1115
f 1114 995 1113
f 1114 1117 998
f 1115 997 1116
f 1122 1116 1003
f 1117 1118 999
f 1119 1000 1118
f 1120 1001 1119
f 1120 1121 1002
f 1004 1121 1123
f 1128 1122 1008
f 1050 1054 1172
f 1050 1173 1051
f 1174 1052 1051
f 1053 1052 1175
f 1176 1056 1053
f 1055 1177 1054
f 1055 1060 1178
f 1057 1056 1179
f 1180 1058 1057
f 1059 1058 1181
f 1182 1061 1059
f 1123 1183 1060
f 1184 1062 1061
f 1185 1063 1062
f 1064 1063 1186
f 1124 1064 1187
f 1188 1065 1066
f 1189 1066 1124
f 1188 1067 1065
f 1190 1125 1067
f 1191 1068 1125
f 1192 1069 1070
f 1193 1126 1069
f 1127 1192 1070
f 1194 1071 1074
f 1195 1072 1071
f 1196 1073 1072
f 1073 1197 1075
f 1198 1074 1126
f 1199 1128 1075
f 1200 1076 1077
f 1201 1127 1076
f 1077 1078 1202
f 1202 1078 1129
f 1203 1079 1080
f 1129 1079 1204
f 1130 1203 1080
f 1205 1081 1082
f 1083 1081 1206
f 1207 1082 1085
f 1208 1084 1083
f 1209 1130 1084
f 1210 1085 1086
f 1211 1086 1131
f 1132 1133 1013
f 1134 1014 1133
f 1135 1015 1134
f 1087 1212 1132
f 1135 1136 1016
f 1144 1023 1136
f 1137 1140 1019
f 1138 1137 1017
f 1138 1018 1139
f 1143 1139 1022
f 1141 1020 1140
f 1141 1142 1021
f 1142 1212 1087
f 1145 1143 1024
f 1144 1146 1025
f 1191 1145 1068
f 1146 1147 1026
f 1148 1027 1147
f 1148 1149 1028
f 1213 1088 1149
f 1214 1089 1150
f 1151 1150 1030
f 1163 1151 1041
f 1152 1153 1031
f 1152 1032 1154
f 1157 1035 1153
f 1154 1033 1155
f 1155 1034 1156
f 1214 1156 1089
f 1157 1158 1036
f 1159 1037 1158
f 1160 1038 1159
f 1161 1039 1160
f 1040 1161 1162
f 1164 1042 1162
f 1165 1163 1043
f 1171 1049 1164
f 1044 1166 1165
f 1167 1166 1045
f 1213 1167 1088
f 1105 1215 1090
f 1215 1168 1090
f 1092 1216 1091
f 1217 1095 1091
f 1218 1092 1093
f 1093 1094 1219
f 1094 1096 1220
f 1221 1096 1169
f 1170 1095 1217
f 1222 1100 1097
f 1097 1098 1223
f 1224 1098 1099
f 1099 1170 1225
f 1101 1100 1226
f 1101 1227 1104
f 1169 1102 1228
f 1228 1102 1103
f 1229 1103 1168
f 1230 1131 1104
f 1171 1231 1105
f 1106 1232 1108
f 1107 1233 1106
f 1110 1234 1107
f 1108 1235 1109
f 1236 1111 1109
f 1237 1110 1112
f 1113 1111 1238
f 1112 1115 1239
f 1240 1114 1113
f 1117 1114 1241
f 1242 1115 1116
f 1243 1116 1122
f 1241 1118 1117
f 1244 1119 1118
f 1245 1120 1119
f 1246 1121 1120
f 1247 1123 1121
f 1248 1122 1128
f 1172 1054 1177
f 1050 1172 1173
f 1174 1051 1173
f 1175 1052 1174
f 1176 1053 1175
f 1179 1056 1176
f 1055 1178 1177
f 1183 1178 1060
f 1180 1057 1179
f 1180 1181 1058
f 1182 1059 1181
f 1184 1061 1182
f 1249 1183 1123
f 1185 1062 1184
f 1186 1063 1185
f 1187 1064 1186
f 1250 1124 1187
f 1189 1188 1066
f 1250 1189 1124
f 1190 1067 1188
f 1251 1125 1190
f 1191 1125 1251
f 1193 1069 1192
f 1193 1252 1126
f 1253 1192 1127
f 1195 1071 1194
f 1198 1194 1074
f 1254 1072 1195
f 1196 1197 1073
f 1254 1196 1072
f 1197 1199 1075
f 1198 1126 1252
f 1255 1128 1199
f 1201 1076 1200
f 1200 1077 1202
f 1253 1127 1201
f 1256 1202 1129
f 1203 1204 1079
f 1256 1129 1204
f 1257 1203 1130
f 1206 1081 1205
f 1205 1082 1258
f 1208 1083 1206
f 1258 1082 1207
f 1210 1207 1085
f 1209 1084 1208
f 1257 1130 1209
f 1210 1086 1211
f 1259 1211 1131
f 1260 1133 1132
f 1261 1134 1133
f 1262 1135 1134
f 1212 1260 1132
f 1263 1136 1135
f 1264 1144 1136
f 1265 1140 1137
f 1266 1137 1138
f 1267 1138 1139
f 1268 1139 1143
f 1269 1141 1140
f 1270 1142 1141
f 1271 1212 1142
f 1272 1143 1145
f 1273 1146 1144
f 1274 1145 1191
f 1275 1147 1146
f 1148 1147 1276
f 1277 1149 1148
f 1278 1213 1149
f 1214 1150 1279
f 1151 1279 1150
f 1163 1280 1151
f 1281 1153 1152
f 1152 1154 1282
f 1157 1153 1283
f 1154 1155 1284
f 1285 1155 1156
f 1286 1156 1214
f 1157 1287 1158
f 1288 1159 1158
f 1160 1159 1289
f 1161 1160 1290
f 1161 1291 1162
f 1292 1164 1162
f 1293 1163 1165
f 1294 1171 1164
f 1166 1295 1165
f 1167 1296 1166
f 1213 1297 1167
f 1231 1215 1105
f 1298 1168 1215
f 1218 1216 1092
f 1217 1091 1216
f 1218 1093 1219
f 1219 1094 1220
f 1221 1220 1096
f 1221 1169 1299
f 1300 1170 1217
f 1226 1100 1222
f 1222 1097 1223
f 1223 1098 1224
f 1224 1099 1225
f 1225 1170 1300
f 1101 1226 1227
f 1227 1230 1104
f 1169 1228 1299
f 1229 1228 1103
f 1229 1168 1298
f 1259 1131 1230
f 1171 1301 1231
f 1106 1233 1232
f 1108 1232 1235
f 1107 1234 1233
f 1237 1234 1110
f 1235 1236 1109
f 1236 1238 1111
f 1237 1112 1239
f 1240 1113 1238
f 1242 1239 1115
f 1240 1241 1114
f 1242 1116 1243
f 1248 1243 1122
f 1241 1244 1118
f 1245 1119 1244
f 1245 1246 1120
f 1246 1247 1121
f 1249 1123 1247
f 1255 1248 1128
f 1172 1177 1302
f 1172 1303 1173
f 1304 1174 1173
f 1175 1174 1305
f 1176 1175 1306
f 1179 1176 1307
f 1178 1308 1177
f 1183 1309 1178
f 1180 1179 1310
f 1311 1181 1180
f 1182 1181 1312
f 1184 1182 1313
f 1249 1314 1183
f 1185 1184 1315
f 1316 1186 1185
f 1187 1186 1317
f 1250 1187 1318
f 1319 1188 1189
f 1250 1320 1189
f 1190 1188 1319
f 1251 1190 1321
f 1322 1191 1251
f 1323 1193 1192
f 1324 1252 1193
f 1253 1323 1192
f 1195 1194 1325
f 1326 1194 1198
f 1254 1195 1327
f 1328 1197 1196
f 1254 1329 1196
f 1330 1199 1197
f 1198 1252 1331
f 1332 1255 1199
f 1333 1201 1200
f 1334 1200 1202
f 1335 1253 1201
f 1256 1334 1202
f 1203 1336 1204
f 1337 1256 1204
f 1257 1336 1203
f 1338 1206 1205
f 1339 1205 1258
f 1208 1206 1340
f 1341 1258 1207
f 1342 1207 1210
f 1209 1208 1343
f 1257 1209 1344
f 1345 1210 1211
f 1346 1211 1259
f 1261 1133 1260
f 1262 1134 1261
f 1262 1263 1135
f 1212 1347 1260
f 1263 1264 1136
f 1264 1273 1144
f 1269 1140 1265
f 1266 1265 1137
f 1266 1138 1267
f 1268 1267 1139
f 1268 1143 1272
f 1269 1270 1141
f 1271 1142 1270
f 1271 1348 1212
f 1274 1272 1145
f 1273 1275 1146
f 1274 1191 1322
f 1275 1276 1147
f 1277 1148 1276
f 1278 1149 1277
f 1349 1213 1278
f 1350 1214 1279
f 1280 1279 1151
f 1293 1280 1163
f 1281 1283 1153
f 1281 1152 1282
f 1282 1154 1284
f 1157 1283 1287
f 1351 1284 1155
f 1351 1155 1285
f 1286 1285 1156
f 1286 1214 1350
f 1287 1288 1158
f 1288 1289 1159
f 1290 1160 1289
f 1161 1290 1291
f 1292 1162 1291
f 1292 1294 1164
f 1295 1293 1165
f 1294 1301 1171
f 1296 1295 1166
f 1167 1297 1296
f 1349 1297 1213
f 1231 1352 1215
f 1298 1215 1352
f 1353 1216 1218
f 1354 1217 1216
f 1218 1219 1355
f 1219 1220 1356
f 1357 1220 1221
f 1358 1221 1299
f 1300 1217 1354
f 1226 1222 1359
f 1222 1223 1360
f 1223 1224 1361
f 1224 1225 1362
f 1363 1225 1300
f 1226 1364 1227
f 1227 1365 1230
f 1366 1299 1228
f 1366 1228 1229
f 1367 1229 1298
f 1368 1259 1230
f 1301 1369 1231
f 1233 1370 1232
f 1235 1232 1371
f 1234 1372 1233
f 1237 1373 1234
f 1374 1236 1235
f 1375 1238 1236
f 1237 1239 1376
f 1377 1240 1238
f 1242 1378 1239
f 1379 1241 1240
f 1242 1243 1380
f 1248 1380 1243
f 1381 1244 1241
f 1382 1245 1244
f 1245 1383 1246
f 1384 1247 1246
f 1249 1247 1385
f 1255 1386 1248
f 1308 1302 1177
f 1172 1302 1303
f 1304 1173 1303
f 1305 1174 1304
f 1306 1175 1305
f 1176 1306 1307
f 1310 1179 1307
f 1178 1309 1308
f 1314 1309 1183
f 1311 1180 1310
f 1311 1312 1181
f 1182 1312 1313
f 1184 1313 1315
f 1249 1387 1314
f 1316 1185 1315
f 1317 1186 1316
f 1187 1317 1318
f 1250 1318 1388
f 1319 1189 1320
f 1250 1388 1320
f 1190 1319 1321
f 1389 1251 1321
f 1322 1251 1389
f 1324 1193 1323
f 1324 1390 1252
f 1253 1391 1323
f 1325 1194 1326
f 1195 1325 1327
f 1326 1198 1331
f 1254 1327 1392
f 1328 1330 1197
f 1328 1196 1329
f 1254 1392 1329
f 1332 1199 1330
f 1390 1331 1252
f 1393 1255 1332
f 1333 1335 1201
f 1333 1200 1394
f 1334 1394 1200
f 1335 1395 1253
f 1396 1334 1256
f 1336 1337 1204
f 1396 1256 1337
f 1257 1397 1336
f 1340 1206 1338
f 1339 1338 1205
f 1339 1258 1341
f 1208 1340 1343
f 1341 1207 1342
f 1345 1342 1210
f 1209 1343 1344
f 1257 1344 1397
f 1345 1211 1346
f 1398 1346 1259
f 1347 1261 1260
f 1399 1262 1261
f 1400 1263 1262
f 1348 1347 1212
f 1401 1264 1263
f 1402 1273 1264
f 1403 1269 1265
f 1404 1265 1266
f 1405 1266 1267
f 1406 1267 1268
f 1407 1268 1272
f 1408 1270 1269
f 1409 1271 1270
f 1410 1348 1271
f 1274 1411 1272
f 1273 1412 1275
f 1413 1274 1322
f 1275 1414 1276
f 1277 1276 1415
f 1416 1278 1277
f 1417 1349 1278
f 1350 1279 1418
f 1418 1279 1280
f 1419 1280 1293
f 1420 1283 1281
f 1421 1281 1282
f 1282 1284 1422
f 1423 1287 1283
f 1351 1424 1284
f 1425 1351 1285
f 1425 1285 1286
f 1426 1286 1350
f 1287 1427 1288
f 1288 1427 1289
f 1290 1289 1428
f 1290 1429 1291
f 1292 1291 1430
f 1431 1294 1292
f 1432 1293 1295
f 1294 1433 1301
f 1434 1295 1296
f 1297 1435 1296
f 1349 1436 1297
f 1231 1369 1352
f 1298 1352 1437
f 1353 1354 1216
f 1438 1353 1218
f 1355 1219 1356
f 1218 1355 1438
f 1356 1220 1357
f 1357 1221 1358
f 1358 1299 1439
f 1440 1300 1354
f 1222 1360 1359
f 1226 1359 1364
f 1360 1223 1361
f 1361 1224 1362
f 1362 1225 1363
f 1363 1300 1440
f 1227 1364 1365
f 1368 1230 1365
f 1439 1299 1366
f 1367 1366 1229
f 1367 1298 1437
f 1398 1259 1368
f 1301 1441 1369
f 1233 1372 1370
f 1232 1370 1371
f 1374 1235 1371
f 1234 1373 1372
f 1237 1376 1373
f 1375 1236 1374
f 1377 1238 1375
f 1378 1376 1239
f 1379 1240 1377
f 1242 1442 1378
f 1379 1381 1241
f 1242 1380 1442
f 1248 1386 1380
f 1381 1382 1244
f 1382 1383 1245
f 1383 1384 1246
f 1384 1385 1247
f 1249 1385 1387
f 1393 1386 1255
f 1308 1443 1302
f 1302 1444 1303
f 1304 1303 1445
f 1305 1304 1446
f 1306 1305 1447
f 1307 1306 1448
f 1310 1307 1449
f 1308 1309 1450
f 1314 1450 1309
f 1451 1311 1310
f 1311 1452 1312
f 1313 1312 1453
f 1313 1454 1315
f 1387 1455 1314
f 1316 1315 1456
f 1317 1316 1457
f 1318 1317 1458
f 1388 1318 1459
f 1319 1320 1460
f 1461 1320 1388
f 1319 1460 1321
f 1389 1321 1462
f 1463 1322 1389
f 1391 1324 1323
f 1464 1390 1324
f 1253 1395 1391
f 1465 1325 1326
f 1325 1466 1327
f 1326 1331 1467
f 1327 1468 1392
f 1328 1469 1330
f 1470 1328 1329
f 1392 1471 1329
f 1332 1330 1469
f 1472 1331 1390
f 1473 1393 1332
f 1474 1335 1333
f 1475 1333 1394
f 1334 1476 1394
f 1477 1395 1335
f 1396 1476 1334
f 1478 1337 1336
f 1478 1396 1337
f 1479 1336 1397
f 1480 1340 1338
f 1481 1338 1339
f 1339 1341 1482
f 1483 1343 1340
f 1341 1342 1484
f 1485 1342 1345
f 1344 1343 1486
f 1487 1397 1344
f 1488 1345 1346
f 1489 1346 1398
f 1347 1399 1261
f 1400 1262 1399
f 1400 1401 1263
f 1490 1347 1348
f 1401 1402 1264
f 1402 1412 1273
f 1408 1269 1403
f 1404 1403 1265
f 1405 1404 1266
f 1405 1267 1406
f 1406 1268 1407
f 1411 1407 1272
f 1409 1270 1408
f 1410 1271 1409
f 1491 1348 1410
f 1413 1411 1274
f 1275 1412 1414
f 1413 1322 1463
f 1414 1415 1276
f 1416 1277 1415
f 1416 1417 1278
f 1492 1349 1417
f 1493 1350 1418
f 1419 1418 1280
f 1432 1419 1293
f 1420 1423 1283
f 1420 1281 1421
f 1421 1282 1422
f 1424 1422 1284
f 1423 1427 1287
f 1494 1424 1351
f 1494 1351 1425
f 1425 1286 1426
f 1493 1426 1350
f 1289 1427 1495
f 1289 1495 1428
f 1290 1428 1429
f 1430 1291 1429
f 1431 1292 1430
f 1431 1433 1294
f 1434 1432 1295
f 1301 1433 1441
f 1435 1434 1296
f 1436 1435 1297
f 1492 1436 1349
f 1352 1369 1496
f 1437 1352 1496
f 1497 1354 1353
f 1353 1438 1498
f 1355 1356 1499
f 1438 1355 1500
f 1501 1356 1357
f 1502 1357 1358
f 1503 1358 1439
f 1497 1440 1354
f 1360 1504 1359
f 1359 1505 1364
f 1360 1361 1506
f 1507 1361 1362
f 1362 1363 1508
f 1363 1440 1509
f 1510 1365 1364
f 1368 1365 1511
f 1439 1366 1512
f 1512 1366 1367
f 1513 1367 1437
f 1514 1398 1368
f 1441 1515 1369
f 1372 1516 1370
f 1370 1517 1371
f 1374 1371 1518
f 1373 1519 1372
f 1376 1520 1373
f 1521 1375 1374
f 1377 1375 1522
f 1378 1523 1376
f 1379 1377 1524
f 1442 1525 1378
f 1379 1526 1381
f 1442 1380 1527
f 1380 1386 1527
f 1528 1382 1381
f 1529 1383 1382
f 1530 1384 1383
f 1531 1385 1384
f 1387 1385 1532
f 1533 1386 1393
f 1308 1450 1443
f 1443 1444 1302
f 1445 1303 1444
f 1446 1304 1445
f 1447 1305 1446
f 1448 1306 1447
f 1449 1307 1448
f 1451 1310 1449
f 1314 1534 1450
f 1451 1452 1311
f 1312 1452 1453
f 1313 1453 1454
f 1456 1315 1454
f 1387 1535 1455
f 1455 1534 1314
f 1457 1316 1456
f 1458 1317 1457
f 1459 1318 1458
f 1536 1388 1459
f 1460 1320 1461
f 1536 1461 1388
f 1462 1321 1460
f 1389 1462 1537
f 1463 1389 1537
f 1391 1464 1324
f 1538 1390 1464
f 1391 1395 1539
f 1465 1466 1325
f 1465 1326 1467
f 1327 1466 1468
f 1467 1331 1472
f 1392 1468 1540
f 1328 1541 1469
f 1470 1541 1328
f 1471 1470 1329
f 1392 1540 1471
f 1473 1332 1469
f 1538 1472 1390
f 1542 1393 1473
f 1474 1477 1335
f 1475 1474 1333
f 1475 1394 1476
f 1477 1543 1395
f 1544 1476 1396
f 1479 1478 1336
f 1544 1396 1478
f 1545 1479 1397
f 1483 1340 1480
f 1481 1480 1338
f 1481 1339 1482
f 1482 1341 1484
f 1483 1486 1343
f 1485 1484 1342
f 1485 1345 1488
f 1487 1344 1486
f 1545 1397 1487
f 1488 1346 1489
f 1489 1398 1546
f 1490 1399 1347
f 1547 1400 1399
f 1548 1401 1400
f 1491 1490 1348
f 1549 1402 1401
f 1402 1550 1412
f 1551 1408 1403
f 1552 1403 1404
f 1553 1404 1405
f 1554 1405 1406
f 1555 1406 1407
f 1556 1407 1411
f 1557 1409 1408
f 1558 1410 1409
f 1559 1491 1410
f 1560 1411 1413
f 1561 1414 1412
f 1413 1463 1562
f 1563 1415 1414
f 1416 1415 1564
f 1565 1417 1416
f 1566 1492 1417
f 1493 1418 1567
f 1567 1418 1419
f 1568 1419 1432
f 1569 1423 1420
f 1570 1420 1421
f 1421 1422 1571
f 1572 1422 1424
f 1423 1573 1427
f 1574 1424 1494
f 1494 1425 1575
f 1575 1425 1426
f 1576 1426 1493
f 1573 1495 1427
f 1428 1495 1577
f 1429 1428 1578
f 1430 1429 1579
f 1431 1430 1580
f 1431 1581 1433
f 1434 1582 1432
f 1583 1441 1433
f 1584 1434 1435
f 1585 1435 1436
f 1586 1436 1492
f 1515 1496 1369
f 1587 1437 1496
f 1497 1353 1498
f 1498 1438 1500
f 1499 1356 1501
f 1500 1355 1499
f 1501 1357 1502
f 1502 1358 1503
f 1503 1439 1588
f 1497 1589 1440
f 1360 1506 1504
f 1359 1504 1505
f 1505 1510 1364
f 1506 1361 1507
f 1507 1362 1508
f 1363 1509 1508
f 1440 1589 1509
f 1511 1365 1510
f 1514 1368 1511
f 1439 1512 1588
f 1512 1367 1513
f 1513 1437 1587
f 1546 1398 1514
f 1441 1590 1515
f 1372 1519 1516
f 1370 1516 1517
f 1517 1518 1371
f 1521 1374 1518
f 1373 1520 1519
f 1376 1523 1520
f 1521 1522 1375
f 1377 1522 1524
f 1378 1525 1523
f 1379 1524 1526
f 1442 1591 1525
f 1528 1381 1526
f 1442 1527 1591
f 1533 1527 1386
f 1528 1529 1382
f 1529 1530 1383
f 1530 1531 1384
f 1531 1532 1385
f 1387 1532 1535
f 1542 1533 1393
f 1450 1592 1443
f 1443 1593 1444
f 1445 1444 1594
f 1595 1446 1445
f 1447 1446 1596
f 1448 1447 1597
f 1449 1448 1598
f 1451 1449 1599
f 1534 1592 1450
f 1451 1600 1452
f 1453 1452 1601
f 1454 1453 1602
f 1603 1456 1454
f 1455 1535 1604
f 1455 1605 1534
f 1606 1457 1456
f 1458 1457 1607
f 1608 1459 1458
f 1609 1536 1459
f 1610 1460 1461
f 1611 1461 1536
f 1462 1460 1610
f 1537 1462 1612
f 1463 1537 1613
f 1391 1539 1464
f 1614 1538 1464
f 1543 1539 1395
f 1465 1615 1466
f 1465 1467 1616
f 1468 1466 1615
f 1617 1467 1472
f 1468 1618 1540
f 1541 1619 1469
f 1470 1620 1541
f 1471 1621 1470
f 1471 1540 1622
f 1473 1469 1619
f 1538 1623 1472
f 1624 1542 1473
f 1474 1625 1477
f 1626 1474 1475
f 1627 1475 1476
f 1477 1628 1543
f 1629 1476 1544
f 1630 1478 1479
f 1630 1544 1478
f 1631 1479 1545
f 1632 1483 1480
f 1633 1480 1481
f 1481 1482 1634
f 1635 1482 1484
f 1636 1486 1483
f 1637 1484 1485
f 1638 1485 1488
f 1639 1487 1486
f 1545 1487 1640
f 1488 1489 1641
f 1489 1546 1642
f 1547 1399 1490
f 1548 1400 1547
f 1548 1549 1401
f 1491 1643 1490
f 1549 1550 1402
f 1561 1412 1550
f 1557 1408 1551
f 1551 1403 1552
f 1552 1404 1553
f 1554 1553 1405
f 1555 1554 1406
f 1556 1555 1407
f 1560 1556 1411
f 1557 1558 1409
f 1559 1410 1558
f 1559 1644 1491
f 1560 1413 1562
f 1563 1414 1561
f 1463 1613 1562
f 1563 1564 1415
f 1565 1416 1564
f 1566 1417 1565
f 1645 1492 1566
f 1646 1493 1567
f 1568 1567 1419
f 1582 1568 1432
f 1569 1573 1423
f 1569 1420 1570
f 1570 1421 1571
f 1571 1422 1572
f 1574 1572 1424
f 1647 1574 1494
f 1647 1494 1575
f 1576 1575 1426
f 1646 1576 1493
f 1573 1648 1495
f 1495 1648 1577
f 1428 1577 1578
f 1429 1578 1579
f 1430 1579 1580
f 1431 1580 1581
f 1583 1433 1581
f 1584 1582 1434
f 1583 1590 1441
f 1585 1584 1435
f 1586 1585 1436
f 1586 1492 1645
f 1515 1649 1496
f 1587 1496 1649
f 1497 1498 1650
f 1498 1500 1651
f 1499 1501 1652
f 1500 1499 1653
f 1501 1502 1654
f 1502 1503 1655
f 1503 1588 1656
f 1497 1650 1589
f 1657 1504 1506
f 1658 1505 1504
f 1659 1510 1505
f 1660 1506 1507
f 1507 1508 1661
f 1662 1508 1509
f 1663 1509 1589
f 1664 1511 1510
f 1665 1514 1511
f 1588 1512 1666
f 1666 1512 1513
f 1667 1513 1587
f 1668 1546 1514
f 1669 1515 1590
f 1670 1516 1519
f 1516 1671 1517
f 1517 1672 1518
f 1521 1518 1673
f 1520 1674 1519
f 1520 1523 1675
f 1521 1676 1522
f 1522 1677 1524
f 1525 1678 1523
f 1526 1524 1679
f 1591 1680 1525
f 1528 1526 1681
f 1682 1591 1527
f 1533 1682 1527
f 1528 1683 1529
f 1529 1684 1530
f 1685 1531 1530
f 1531 1686 1532
f 1535 1532 1687
f 1542 1688 1533
f 1443 1592 1593
f 1594 1444 1593
f 1595 1445 1594
f 1596 1446 1595
f 1597 1447 1596
f 1448 1597 1598
f 1449 1598 1599
f 1451 1599 1600
f 1534 1689 1592
f 1600 1601 1452
f 1602 1453 1601
f 1603 1454 1602
f 1606 1456 1603
f 1690 1604 1535
f 1455 1604 1605
f 1605 1689 1534
f 1607 1457 1606
f 1608 1458 1607
f 1609 1459 1608
f 1691 1536 1609
f 1610 1461 1611
f 1691 1611 1536
f 1462 1610 1612
f 1537 1612 1692
f 1613 1537 1692
f 1614 1464 1539
f 1614 1693 1538
f 1694 1539 1543
f 1465 1616 1615
f 1617 1616 1467
f 1468 1615 1695
f 1617 1472 1623
f 1468 1695 1618
f 1618 1696 1540
f 1697 1619 1541
f 1470 1621 1620
f 1697 1541 1620
f 1471 1698 1621
f 1699 1622 1540
f 1471 1622 1698
f 1624 1473 1619
f 1693 1623 1538
f 1624 1700 1542
f 1626 1625 1474
f 1477 1625 1628
f 1627 1626 1475
f 1627 1476 1629
f 1543 1628 1701
f 1702 1629 1544
f 1631 1630 1479
f 1702 1544 1630
f 1703 1631 1545
f 1632 1636 1483
f 1632 1480 1633
f 1633 1481 1634
f 1634 1482 1635
f 1635 1484 1637
f 1639 1486 1636
f 1637 1485 1638
f 1638 1488 1641
f 1640 1487 1639
f 1703 1545 1640
f 1641 1489 1642
f 1642 1546 1704
f 1643 1547 1490
f 1705 1548 1547
f 1548 1706 1549
f 1491 1644 1643
f 1549 1707 1550
f 1708 1561 1550
f 1709 1557 1551
f 1551 1552 1710
f 1711 1552 1553
f 1712 1553 1554
f 1555 1713 1554
f 1714 1555 1556
f 1560 1715 1556
f 1716 1558 1557
f 1717 1559 1558
f 1718 1644 1559
f 1560 1562 1719
f 1720 1563 1561
f 1721 1562 1613
f 1722 1564 1563
f 1565 1564 1723
f 1724 1566 1565
f 1725 1645 1566
f 1646 1567 1726
f 1568 1726 1567
f 1727 1568 1582
f 1569 1728 1573
f 1729 1569 1570
f 1730 1570 1571
f 1731 1571 1572
f 1574 1732 1572
f 1647 1733 1574
f 1734 1647 1575
f 1734 1575 1576
f 1735 1576 1646
f 1736 1648 1573
f 1737 1577 1648
f 1578 1577 1738
f 1579 1578 1739
f 1580 1579 1740
f 1580 1741 1581
f 1583 1581 1742
f 1584 1743 1582
f 1583 1744 1590
f 1585 1745 1584
f 1586 1746 1585
f 1747 1586 1645
f 1515 1748 1649
f 1587 1649 1749
f 1498 1651 1650
f 1500 1653 1651
f 1501 1654 1652
f 1499 1652 1653
f 1502 1655 1654
f 1503 1656 1655
f 1588 1750 1656
f 1650 1751 1589
f 1658 1504 1657
f 1657 1506 1660
f 1658 1659 1505
f 1659 1664 1510
f 1660 1507 1661
f 1661 1508 1662
f 1662 1509 1663
f 1663 1589 1751
f 1665 1511 1664
f 1668 1514 1665
f 1588 1666 1750
f 1666 1513 1667
f 1667 1587 1749
f 1704 1546 1668
f 1752 1515 1669
f 1669 1590 1744
f 1670 1671 1516
f 1674 1670 1519
f 1671 1672 1517
f 1673 1518 1672
f 1521 1673 1676
f 1520 1675 1674
f 1678 1675 1523
f 1522 1676 1677
f 1677 1679 1524
f 1680 1678 1525
f 1526 1679 1681
f 1753 1680 1591
f 1528 1681 1683
f 1682 1753 1591
f 1688 1682 1533
f 1683 1684 1529
f 1684 1685 1530
f 1685 1686 1531
f 1686 1687 1532
f 1690 1535 1687
f 1542 1700 1688
f 1593 1592 1754
f 1755 1594 1593
f 1595 1594 1756
f 1757 1596 1595
f 1758 1597 1596
f 1597 1759 1598
f 1599 1598 1760
f 1600 1599 1761
f 1689 1754 1592
f 1762 1601 1600
f 1602 1601 1763
f 1603 1602 1764
f 1606 1603 1765
f 1690 1766 1604
f 1604 1767 1605
f 1605 1768 1689
f 1607 1606 1769
f 1608 1607 1770
f 1609 1608 1771
f 1691 1609 1772
f 1773 1610 1611
f 1774 1611 1691
f 1773 1612 1610
f 1775 1692 1612
f 1776 1613 1692
f 1694 1614 1539
f 1614 1777 1693
f 1694 1543 1701
f 1615 1616 1778
f 1617 1779 1616
f 1615 1780 1695
f 1781 1617 1623
f 1782 1618 1695
f 1782 1696 1618
f 1696 1699 1540
f 1783 1619 1697
f 1784 1620 1621
f 1697 1620 1785
f 1784 1621 1698
f 1786 1622 1699
f 1787 1698 1622
f 1783 1624 1619
f 1693 1788 1623
f 1789 1700 1624
f 1626 1790 1625
f 1791 1628 1625
f 1792 1626 1627
f 1793 1627 1629
f 1794 1701 1628
f 1795 1629 1702
f 1796 1630 1631
f 1702 1630 1796
f 1797 1631 1703
f 1798 1636 1632
f 1799 1632 1633
f 1800 1633 1634
f 1801 1634 1635
f 1635 1637 1802
f 1803 1639 1636
f 1804 1637 1638
f 1805 1638 1641
f 1806 1640 1639
f 1807 1703 1640
f 1641 1642 1808
f 1809 1642 1704
f 1705 1547 1643
f 1705 1706 1548
f 1706 1707 1549
f 1810 1643 1644
f 1707 1708 1550
f 1708 1720 1561
f 1716 1557 1709
f 1709 1551 1710
f 1711 1710 1552
f 1712 1711 1553
f 1713 1712 1554
f 1714 1713 1555
f 1714 1556 1715
f 1560 1719 1715
f 1716 1717 1558
f 1718 1559 1717
f 1718 1811 1644
f 1721 1719 1562
f 1720 1722 1563
f 1776 1721 1613
f 1723 1564 1722
f 1724 1565 1723
f 1725 1566 1724
f 1725 1812 1645
f 1813 1646 1726
f 1727 1726 1568
f 1743 1727 1582
f 1729 1728 1569
f 1736 1573 1728
f 1730 1729 1570
f 1730 1571 1731
f 1732 1731 1572
f 1574 1733 1732
f 1647 1814 1733
f 1734 1814 1647
f 1735 1734 1576
f 1813 1735 1646
f 1736 1815 1648
f 1738 1577 1737
f 1815 1737 1648
f 1578 1738 1739
f 1740 1579 1739
f 1580 1740 1741
f 1581 1741 1742
f 1583 1742 1744
f 1745 1743 1584
f 1746 1745 1585
f 1747 1746 1586
f 1747 1645 1812
f 1752 1748 1515
f 1816 1649 1748
f 1816 1749 1649
f 1817 1650 1651
f 1818 1651 1653
f 1819 1652 1654
f 1820 1653 1652
f 1821 1654 1655
f 1655 1656 1822
f 1656 1750 1823
f 1817 1751 1650
f 1824 1658 1657
f 1825 1657 1660
f 1658 1826 1659
f 1659 1827 1664
f 1660 1661 1828
f 1829 1661 1662
f 1830 1662 1663
f 1663 1751 1831
f 1665 1664 1832
f 1833 1668 1665
f 1666 1834 1750
f 1666 1667 1834
f 1835 1667 1749
f 1836 1704 1668
f 1752 1669 1837
f 1838 1669 1744
f 1839 1671 1670
f 1674 1840 1670
f 1841 1672 1671
f 1673 1672 1842
f 1843 1676 1673
f 1674 1675 1844
f 1845 1675 1678
f 1846 1677 1676
f 1677 1847 1679
f 1680 1848 1678
f 1681 1679 1849
f 1753 1850 1680
f 1683 1681 1851
f 1682 1852 1753
f 1688 1852 1682
f 1683 1853 1684
f 1684 1854 1685
f 1685 1855 1686
f 1856 1687 1686
f 1690 1687 1857
f 1858 1688 1700
f 1755 1593 1754
f 1756 1594 1755
f 1757 1595 1756
f 1757 1758 1596
f 1758 1759 1597
f 1598 1759 1760
f 1761 1599 1760
f 1762 1600 1761
f 1859 1754 1689
f 1762 1763 1601
f 1764 1602 1763
f 1765 1603 1764
f 1769 1606 1765
f 1690 1860 1766
f 1766 1767 1604
f 1605 1767 1768
f 1859 1689 1768
f 1607 1769 1770
f 1771 1608 1770
f 1772 1609 1771
f 1861 1691 1772
f 1774 1773 1611
f 1861 1774 1691
f 1775 1612 1773
f 1775 1862 1692
f 1776 1692 1862
f 1694 1777 1614
f 1863 1693 1777
f 1694 1701 1864
f 1778 1616 1779
f 1615 1778 1780
f 1781 1779 1617
f 1865 1695 1780
f 1781 1623 1788
f 1865 1782 1695
f 1782 1866 1696
f 1866 1699 1696
f 1867 1783 1697
f 1785 1620 1784
f 1867 1697 1785
f 1784 1698 1868
f 1786 1787 1622
f 1786 1699 1869
f 1787 1868 1698
f 1789 1624 1783
f 1863 1788 1693
f 1870 1700 1789
f 1792 1790 1626
f 1790 1791 1625
f 1791 1794 1628
f 1793 1792 1627
f 1795 1793 1629
f 1871 1701 1794
f 1872 1795 1702
f 1797 1796 1631
f 1872 1702 1796
f 1873 1797 1703
f 1803 1636 1798
f 1798 1632 1799
f 1799 1633 1800
f 1800 1634 1801
f 1801 1635 1802
f 1804 1802 1637
f 1806 1639 1803
f 1805 1804 1638
f 1805 1641 1808
f 1807 1640 1806
f 1807 1873 1703
f 1808 1642 1809
f 1874 1809 1704
f 1810 1705 1643
f 1705 1875 1706
f 1706 1876 1707
f 1811 1810 1644
f 1877 1708 1707
f 1878 1720 1708
f 1879 1716 1709
f 1709 1710 1880
f 1711 1881 1710
f 1712 1882 1711
f 1713 1883 1712
f 1714 1884 1713
f 1714 1715 1885
f 1886 1715 1719
f 1716 1887 1717
f 1888 1718 1717
f 1718 1889 1811
f 1721 1890 1719
f 1891 1722 1720
f 1892 1721 1776
f 1893 1723 1722
f 1724 1723 1894
f 1895 1725 1724
f 1896 1812 1725
f 1897 1813 1726
f 1897 1726 1727
f 1743 1898 1727
f 1899 1728 1729
f 1900 1736 1728
f 1901 1729 1730
f 1902 1730 1731
f 1732 1903 1731
f 1904 1732 1733
f 1905 1733 1814
f 1906 1814 1734
f 1906 1734 1735
f 1813 1907 1735
f 1908 1815 1736
f 1738 1737 1909
f 1815 1910 1737
f 1738 1911 1739
f 1740 1739 1912
f 1740 1913 1741
f 1741 1914 1742
f 1915 1744 1742
f 1745 1916 1743
f 1917 1745 1746
f 1918 1746 1747
f 1747 1812 1919
f 1920 1748 1752
f 1920 1816 1748
f 1921 1749 1816
f 1817 1651 1818
f 1818 1653 1820
f 1820 1652 1819
f 1819 1654 1821
f 1821 1655 1822
f 1822 1656 1823
f 1750 1922 1823
f 1923 1751 1817
f 1824 1826 1658
f 1824 1657 1825
f 1825 1660 1828
f 1659 1826 1827
f 1832 1664 1827
f 1828 1661 1829
f 1829 1662 1830
f 1830 1663 1831
f 1923 1831 1751
f 1833 1665 1832
f 1836 1668 1833
f 1750 1834 1922
f 1835 1834 1667
f 1835 1749 1921
f 1874 1704 1836
f 1838 1837 1669
f 1752 1837 1924
f 1838 1744 1915
f 1839 1841 1671
f 1840 1839 1670
f 1674 1844 1840
f 1841 1842 1672
f 1843 1673 1842
f 1843 1846 1676
f 1845 1844 1675
f 1845 1678 1848
f 1846 1847 1677
f 1849 1679 1847
f 1850 1848 1680
f 1681 1849 1851
f 1753 1925 1850
f 1683 1851 1853
f 1852 1925 1753
f 1858 1852 1688
f 1684 1853 1854
f 1854 1855 1685
f 1855 1856 1686
f 1857 1687 1856
f 1690 1857 1860
f 1926 1858 1700
f 1927 1755 1754
f 1928 1756 1755
f 1757 1756 1929
f 1930 1758 1757
f 1758 1931 1759
f 1932 1760 1759
f 1761 1760 1933
f 1762 1761 1933
f 1927 1754 1859
f 1934 1763 1762
f 1935 1764 1763
f 1936 1765 1764
f 1769 1765 1937
f 1938 1766 1860
f 1766 1939 1767
f 1767 1940 1768
f 1859 1768 1941
f 1942 1770 1769
f 1771 1770 1943
f 1772 1771 1944
f 1861 1772 1945
f 1774 1946 1773
f 1861 1947 1774
f 1946 1775 1773
f 1775 1948 1862
f 1776 1862 1949
f 1694 1864 1777
f 1950 1863 1777
f 1871 1864 1701
f 1778 1779 1951
f 1778 1952 1780
f 1781 1953 1779
f 1954 1865 1780
f 1781 1788 1955
f 1956 1782 1865
f 1957 1866 1782
f 1869 1699 1866
f 1958 1783 1867
f 1785 1784 1959
f 1867 1785 1960
f 1784 1868 1959
f 1786 1961 1787
f 1962 1786 1869
f 1787 1963 1868
f 1958 1789 1783
f 1863 1964 1788
f 1870 1926 1700
f 1965 1870 1789
f 1966 1790 1792
f 1967 1791 1790
f 1968 1794 1791
f 1969 1792 1793
f 1970 1793 1795
f 1971 1871 1794
f 1972 1795 1872
f 1797 1973 1796
f 1872 1796 1973
f 1873 1974 1797
f 1975 1803 1798
f 1976 1798 1799
f 1977 1799 1800
f 1978 1800 1801
f 1801 1802 1979
f 1980 1802 1804
f 1806 1803 1981
f 1982 1804 1805
f 1805 1808 1983
f 1807 1806 1984
f 1807 1985 1873
f 1986 1808 1809
f 1987 1809 1874
f 1810 1875 1705
f 1875 1876 1706
f 1877 1707 1876
f 1811 1988 1810
f 1877 1878 1708
f 1878 1891 1720
f 1879 1887 1716
f 1879 1709 1880
f 1710 1881 1880
f 1711 1882 1881
f 1712 1883 1882
f 1713 1884 1883
f 1714 1885 1884
f 1886 1885 1715
f 1886 1719 1890
f 1888 1717 1887
f 1888 1889 1718
f 1889 1989 1811
f 1892 1890 1721
f 1893 1722 1891
f 1892 1776 1949
f 1894 1723 1893
f 1895 1724 1894
f 1896 1725 1895
f 1896 1990 1812
f 1991 1813 1897
f 1898 1897 1727
f 1916 1898 1743
f 1899 1992 1728
f 1901 1899 1729
f 1900 1908 1736
f 1992 1900 1728
f 1902 1901 1730
f 1902 1731 1903
f 1904 1903 1732
f 1904 1733 1905
f 1905 1814 1993
f 1906 1993 1814
f 1907 1906 1735
f 1991 1907 1813
f 1908 1994 1815
f 1909 1737 1910
f 1738 1909 1911
f 1815 1994 1910
f 1911 1912 1739
f 1740 1912 1913
f 1741 1913 1914
f 1915 1742 1914
f 1917 1916 1745
f 1918 1917 1746
f 1918 1747 1919
f 1919 1812 1990
f 1920 1752 1924
f 1920 1995 1816
f 1921 1816 1995
f 1996 1817 1818
f 1818 1820 1997
f 1820 1819 1998
f 1819 1821 1999
f 2000 1821 1822
f 1822 1823 2001
f 2002 1823 1922
f 1923 1817 1996
f 2003 1826 1824
f 2004 1824 1825
f 1825 1828 2005
f 2006 1827 1826
f 2007 1832 1827
f 1828 1829 2008
f 2009 1829 1830
f 2010 1830 1831
f 1923 2011 1831
f 2012 1833 1832
f 1836 1833 2013
f 2014 1922 1834
f 1835 2014 1834
f 1835 1921 2015
f 2016 1874 1836
f 1838 2017 1837
f 1924 1837 2018
f 1838 1915 2019
f 1839 2020 1841
f 1840 2021 1839
f 1840 1844 2022
f 1841 2023 1842
f 1843 1842 2024
f 1843 2025 1846
f 1845 2026 1844
f 2027 1845 1848
f 1846 2028 1847
f 1849 1847 2029
f 2030 1848 1850
f 2031 1851 1849
f 2032 1850 1925
f 1851 2033 1853
f 2034 1925 1852
f 1858 2034 1852
f 1854 1853 2035
f 1854 2036 1855
f 1855 2037 1856
f 1857 1856 2038
f 1857 2038 1860
f 1926 2039 1858
f 1927 1928 1755
f 1929 1756 1928
f 1930 1757 1929
f 1930 1931 1758
f 1931 1932 1759
f 1933 1760 1932
f 1934 1762 1933
f 2040 1927 1859
f 1935 1763 1934
f 1936 1764 1935
f 1936 1937 1765
f 1942 1769 1937
f 1938 1939 1766
f 1938 1860 2041
f 1939 1940 1767
f 1941 1768 1940
f 2040 1859 1941
f 1943 1770 1942
f 1944 1771 1943
f 1945 1772 1944
f 1861 1945 2042
f 1947 1946 1774
f 1861 2042 1947
f 1946 1948 1775
f 2043 1862 1948
f 1949 1862 2043
f 1950 1777 1864
f 1950 2044 1863
f 2045 1864 1871
f 1951 1779 1953
f 1778 1951 1952
f 1954 1780 1952
f 1781 1955 1953
f 2046 1865 1954
f 1964 1955 1788
f 1957 1782 1956
f 2046 1956 1865
f 2047 1866 1957
f 2047 1869 1866
f 1958 1867 2048
f 1785 1959 1960
f 2048 1867 1960
f 2049 1959 1868
f 1962 1961 1786
f 1787 1961 1963
f 2050 1962 1869
f 2049 1868 1963
f 1958 1965 1789
f 1863 2044 1964
f 2051 1926 1870
f 1965 2051 1870
f 1966 1967 1790
f 1966 1792 1969
f 1968 1791 1967
f 1968 1971 1794
f 1970 1969 1793
f 1972 1970 1795
f 1971 2052 1871
f 2053 1972 1872
f 1797 1974 1973
f 2053 1872 1973
f 1873 2054 1974
f 1981 1803 1975
f 1975 1798 1976
f 1976 1799 1977
f 1977 1800 1978
f 1978 1801 1979
f 1979 1802 1980
f 1980 1804 1982
f 1984 1806 1981
f 1982 1805 1983
f 1983 1808 1986
f 1807 1984 1985
f 1873 1985 2054
f 1987 1986 1809
f 2055 1987 1874
f 1810 1988 1875
f 1875 2056 1876
f 2057 1877 1876
f 1811 1989 1988
f 2058 1878 1877
f 2059 1891 1878
f 1879 2060 1887
f 1879 1880 2061
f 1880 1881 2062
f 1881 1882 2063
f 1883 2064 1882
f 2065 1883 1884
f 2066 1884 1885
f 2067 1885 1886
f 2068 1886 1890
f 1888 1887 2069
f 1888 2070 1889
f 1889 2071 1989
f 1892 2072 1890
f 2073 1893 1891
f 1892 1949 2074
f 2075 1894 1893
f 1895 1894 2076
f 1896 1895 2077
f 1896 2078 1990
f 2079 1991 1897
f 1898 2079 1897
f 2080 1898 1916
f 1899 2081 1992
f 1901 2082 1899
f 1900 2083 1908
f 1992 2084 1900
f 2085 1901 1902
f 2086 1902 1903
f 1904 2087 1903
f 1904 1905 2088
f 2089 1905 1993
f 1906 2090 1993
f 1907 2090 1906
f 1991 2091 1907
f 1908 2092 1994
f 1909 1910 2093
f 1909 2094 1911
f 2095 1910 1994
f 1911 2096 1912
f 1912 2097 1913
f 1914 1913 2098
f 1915 1914 2099
f 1917 2100 1916
f 2101 1917 1918
f 1918 1919 2102
f 2102 1919 1990
f 2103 1920 1924
f 2103 1995 1920
f 2104 1921 1995
f 1996 1818 1997
f 1997 1820 1998
f 1998 1819 1999
f 2000 1999 1821
f 2000 1822 2001
f 2001 1823 2002
f 2002 1922 2105
f 2106 1923 1996
f 2003 2006 1826
f 2003 1824 2004
f 2004 1825 2005
f 2005 1828 2008
f 2007 1827 2006
f 2012 1832 2007
f 2008 1829 2009
f 2009 1830 2010
f 2011 2010 1831
f 2106 2011 1923
f 2013 1833 2012
f 2016 1836 2013
f 2105 1922 2014
f 1835 2015 2014
f 2015 1921 2104
f 2055 1874 2016
f 1838 2019 2017
f 2017 2018 1837
f 2107 1924 2018
f 1915 2099 2019
f 1839 2021 2020
f 1841 2020 2023
f 1840 2022 2021
f 2026 2022 1844
f 2023 2024 1842
f 1843 2024 2025
f 1846 2025 2028
f 2027 2026 1845
f 2027 1848 2030
f 1847 2028 2029
f 2031 1849 2029
f 2032 2030 1850
f 2031 2033 1851
f 2032 1925 2108
f 2035 1853 2033
f 2034 2108 1925
f 2039 2034 1858
f 1854 2035 2036
f 2036 2037 1855
f 2037 2038 1856
f 2038 2041 1860
f 2109 2039 1926
f 2110 1928 1927
f 1929 1928 2111
f 1930 1929 2112
f 1930 2113 1931
f 2114 1932 1931
f 2115 1933 1932
f 1934 1933 2116
f 2040 2110 1927
f 2117 1935 1934
f 1936 1935 2118
f 2119 1937 1936
f 2120 1942 1937
f 2121 1939 1938
f 2122 1938 2041
f 1939 2123 1940
f 1941 1940 2124
f 2125 2040 1941
f 2126 1943 1942
f 1944 1943 2127
f 1945 1944 2128
f 1945 2129 2042
f 1947 2130 1946
f 1947 2042 2131
f 1946 2130 1948
f 2043 1948 2132
f 1949 2043 2133
f 2045 1950 1864
f 1950 2134 2044
f 2045 1871 2052
f 2135 1951 1953
f 1951 2136 1952
f 1954 1952 2137
f 2138 1953 1955
f 2046 1954 2139
f 1964 2140 1955
f 2050 1957 1956
f 2046 2141 1956
f 2047 1957 2050
f 2047 2050 1869
f 1958 2048 2142
f 1960 1959 2143
f 2048 1960 2144
f 2049 2143 1959
f 2145 1961 1962
f 1961 2146 1963
f 2050 2141 1962
f 2147 2049 1963
f 1958 2142 1965
f 1964 2044 2148
f 2109 1926 2051
f 1965 2149 2051
f 2150 1967 1966
f 2151 1966 1969
f 1968 1967 2152
f 2153 1971 1968
f 2154 1969 1970
f 2155 1970 1972
f 1971 2156 2052
f 2053 2157 1972
f 2158 1973 1974
f 2053 1973 2158
f 2159 1974 2054
f 1981 1975 2160
f 1975 1976 2161
f 1976 1977 2162
f 2163 1977 1978
f 1978 1979 2164
f 1979 1980 2165
f 2166 1980 1982
f 1984 1981 2167
f 1982 1983 2168
f 1983 1986 2169
f 1984 2170 1985
f 2171 2054 1985
f 1987 2172 1986
f 2055 2173 1987
f 1875 1988 2056
f 2057 1876 2056
f 2058 1877 2057
f 1989 2174 1988
f 2058 2059 1878
f 2073 1891 2059
f 1879 2061 2060
f 1887 2060 2069
f 1880 2062 2061
f 1881 2063 2062
f 1882 2064 2063
f 2065 2064 1883
f 2065 1884 2066
f 2067 2066 1885
f 2067 1886 2068
f 2072 2068 1890
f 1888 2069 2070
f 1889 2070 2071
f 2071 2175 1989
f 1892 2074 2072
f 2073 2075 1893
f 1949 2133 2074
f 2076 1894 2075
f 1895 2076 2077
f 1896 2077 2078
f 2176 1990 2078
f 2079 2177 1991
f 2080 2079 1898
f 2100 2080 1916
f 1899 2082 2081
f 2081 2178 1992
f 2085 2082 1901
f 1900 2084 2083
f 1908 2083 2092
f 1992 2178 2084
f 2086 2085 1902
f 2086 1903 2087
f 1904 2088 2087
f 2089 2088 1905
f 2179 2089 1993
f 2090 2179 1993
f 2091 2090 1907
f 1991 2177 2091
f 2092 2180 1994
f 2093 1910 2095
f 1909 2093 2094
f 1911 2094 2096
f 2095 1994 2180
f 2096 2097 1912
f 1913 2097 2098
f 2099 1914 2098
f 2101 2100 1917
f 2101 1918 2102
f 2102 1990 2176
f 2103 1924 2107
f 2181 1995 2103
f 2181 2104 1995
f 2182 1996 1997
f 2183 1997 1998
f 2184 1998 1999
f 2185 1999 2000
f 2000 2001 2186
f 2001 2002 2187
f 2002 2105 2188
f 2182 2106 1996
f 2003 2189 2006
f 2190 2003 2004
f 2004 2005 2191
f 2192 2005 2008
f 2193 2007 2006
f 2194 2012 2007
f 2008 2009 2195
f 2196 2009 2010
f 2011 2197 2010
f 2198 2011 2106
f 2199 2013 2012
f 2016 2013 2200
f 2201 2105 2014
f 2201 2014 2015
f 2202 2015 2104
f 2203 2055 2016
f 2017 2019 2204
f 2017 2205 2018
f 2107 2018 2206
f 2019 2099 2207
f 2208 2020 2021
f 2209 2023 2020
f 2210 2021 2022
f 2211 2022 2026
f 2212 2024 2023
f 2213 2025 2024
f 2214 2028 2025
f 2215 2026 2027
f 2216 2027 2030
f 2029 2028 2217
f 2031 2029 2218
f 2219 2030 2032
f 2031 2220 2033
f 2221 2032 2108
f 2222 2035 2033
f 2034 2223 2108
f 2039 2223 2034
f 2036 2035 2224
f 2225 2037 2036
f 2226 2038 2037
f 2038 2227 2041
f 2109 2228 2039
f 2110 2111 1928
f 2112 1929 2111
f 1930 2112 2113
f 2114 1931 2113
f 2115 1932 2114
f 2116 1933 2115
f 2117 1934 2116
f 2229 2110 2040
f 2118 1935 2117
f 2119 1936 2118
f 2119 2120 1937
f 2126 1942 2120
f 2121 2123 1939
f 2122 2121 1938
f 2122 2041 2230
f 2123 2124 1940
f 2125 1941 2124
f 2229 2040 2125
f 2126 2127 1943
f 1944 2127 2128
f 1945 2128 2129
f 2042 2129 2231
f 1947 2131 2130
f 2042 2231 2131
f 2132 1948 2130
f 2232 2043 2132
f 2133 2043 2232
f 2045 2134 1950
f 2044 2134 2233
f 2045 2052 2234
f 2135 2136 1951
f 2235 2135 1953
f 2136 2137 1952
f 1954 2137 2139
f 2138 2235 1953
f 2138 1955 2140
f 2236 2046 2139
f 2237 2140 1964
f 2050 1956 2141
f 2236 2141 2046
f 2048 2238 2142
f 2144 1960 2143
f 2048 2144 2238
f 2239 2143 2049
f 2145 2146 1961
f 2145 1962 2240
f 2146 2147 1963
f 1962 2141 2240
f 2239 2049 2147
f 1965 2142 2149
f 2044 2233 2148
f 2237 1964 2148
f 2109 2051 2241
f 2149 2241 2051
f 2150 2152 1967
f 2151 2150 1966
f 2154 2151 1969
f 2153 1968 2152
f 2153 2242 1971
f 2154 1970 2155
f 2155 1972 2157
f 2242 2156 1971
f 2156 2234 2052
f 2243 2157 2053
f 2159 2158 1974
f 2243 2053 2158
f 2159 2054 2244
f 2160 1975 2161
f 2167 1981 2160
f 2161 1976 2162
f 2162 1977 2163
f 2163 1978 2164
f 1979 2245 2164
f 2166 2165 1980
f 1979 2165 2245
f 2166 1982 2168
f 1984 2167 2170
f 1983 2169 2168
f 1986 2172 2169
f 2170 2171 1985
f 2171 2244 2054
f 1987 2173 2172
f 2055 2246 2173
f 2174 2056 1988
f 2247 2057 2056
f 2248 2058 2057
f 1989 2175 2174
f 2249 2059 2058
f 2250 2073 2059
f 2251 2060 2061
f 2252 2069 2060
f 2253 2061 2062
f 2254 2062 2063
f 2255 2063 2064
f 2256 2064 2065
f 2257 2065 2066
f 2258 2066 2067
f 2259 2067 2068
f 2260 2068 2072
f 2070 2069 2261
f 2071 2070 2262
f 2071 2263 2175
f 2264 2072 2074
f 2265 2075 2073
f 2266 2074 2133
f 2267 2076 2075
f 2268 2077 2076
f 2269 2078 2077
f 2270 2176 2078
f 2271 2177 2079
f 2271 2079 2080
f 2100 2272 2080
f 2081 2082 2273
f 2081 2274 2178
f 2085 2275 2082
f 2084 2276 2083
f 2083 2277 2092
f 2084 2178 2278
f 2279 2085 2086
f 2280 2086 2087
f 2281 2087 2088
f 2282 2088 2089
f 2283 2089 2179
f 2284 2179 2090
f 2091 2284 2090
f 2285 2091 2177
f 2092 2286 2180
f 2093 2095 2287
f 2093 2288 2094
f 2094 2289 2096
f 2095 2180 2290
f 2291 2097 2096
f 2292 2098 2097
f 2099 2098 2293
f 2101 2294 2100
f 2101 2102 2295
f 2102 2176 2296
f 2103 2107 2297
f 2181 2103 2297
f 2298 2104 2181
f 2182 1997 2183
f 2183 1998 2184
f 2184 1999 2185
f 2185 2000 2186
f 2186 2001 2187
f 2187 2002 2188
f 2188 2105 2299
f 2300 2106 2182
f 2190 2189 2003
f 2193 2006 2189
f 2190 2004 2191
f 2191 2005 2192
f 2192 2008 2195
f 2194 2007 2193
f 2199 2012 2194
f 2195 2009 2196
f 2196 2010 2197
f 2198 2197 2011
f 2198 2106 2300
f 2200 2013 2199
f 2203 2016 2200
f 2201 2299 2105
f 2201 2015 2202
f 2298 2202 2104
f 2203 2246 2055
f 2019 2207 2204
f 2017 2204 2205
f 2018 2205 2206
f 2107 2206 2301
f 2207 2099 2293
f 2208 2209 2020
f 2210 2208 2021
f 2209 2212 2023
f 2210 2022 2211
f 2211 2026 2215
f 2212 2213 2024
f 2213 2214 2025
f 2217 2028 2214
f 2215 2027 2216
f 2216 2030 2219
f 2029 2217 2218
f 2031 2218 2220
f 2221 2219 2032
f 2220 2302 2033
f 2303 2221 2108
f 2222 2224 2035
f 2222 2033 2302
f 2223 2304 2108
f 2039 2228 2223
f 2225 2036 2224
f 2225 2226 2037
f 2226 2227 2038
f 2227 2230 2041
f 2305 2228 2109
f 2110 2306 2111
f 2112 2111 2307
f 2112 2308 2113
f 2309 2114 2113
f 2115 2114 2310
f 2311 2116 2115
f 2117 2116 2312
f 2229 2306 2110
f 2313 2118 2117
f 2314 2119 2118
f 2315 2120 2119
f 2126 2120 2316
f 2121 2317 2123
f 2122 2318 2121
f 2122 2230 2319
f 2320 2124 2123
f 2125 2124 2321
f 2229 2125 2322
f 2323 2127 2126
f 2127 2324 2128
f 2129 2128 2325
f 2326 2231 2129
f 2131 2327 2130
f 2328 2131 2231
f 2327 2132 2130
f 2329 2232 2132
f 2330 2133 2232
f 2045 2234 2134
f 2134 2331 2233
f 2235 2136 2135
f 2332 2137 2136
f 2333 2139 2137
f 2334 2235 2138
f 2138 2140 2335
f 2236 2139 2336
f 2237 2337 2140
f 2236 2240 2141
f 2338 2142 2238
f 2144 2143 2339
f 2238 2144 2340
f 2339 2143 2239
f 2145 2341 2146
f 2145 2240 2342
f 2343 2147 2146
f 2344 2239 2147
f 2149 2142 2338
f 2345 2148 2233
f 2237 2148 2346
f 2305 2109 2241
f 2149 2347 2241
f 2348 2152 2150
f 2349 2150 2151
f 2350 2151 2154
f 2351 2153 2152
f 2352 2242 2153
f 2353 2154 2155
f 2354 2155 2157
f 2242 2355 2156
f 2356 2234 2156
f 2357 2157 2243
f 2358 2158 2159
f 2243 2158 2358
f 2359 2159 2244
f 2160 2161 2360
f 2167 2160 2361
f 2161 2162 2362
f 2363 2162 2163
f 2163 2164 2364
f 2364 2164 2245
f 2365 2165 2166
f 2366 2245 2165
f 2166 2168 2367
f 2167 2368 2170
f 2168 2169 2369
f 2370 2169 2172
f 2371 2171 2170
f 2171 2372 2244
f 2373 2172 2173
f 2246 2374 2173
f 2247 2056 2174
f 2248 2057 2247
f 2249 2058 2248
f 2375 2174 2175
f 2249 2250 2059
f 2265 2073 2250
f 2251 2252 2060
f 2251 2061 2253
f 2261 2069 2252
f 2254 2253 2062
f 2254 2063 2255
f 2256 2255 2064
f 2256 2065 2257
f 2258 2257 2066
f 2258 2067 2259
f 2260 2259 2068
f 2260 2072 2264
f 2070 2261 2262
f 2071 2262 2263
f 2175 2263 2376
f 2266 2264 2074
f 2265 2267 2075
f 2266 2133 2330
f 2268 2076 2267
f 2269 2077 2268
f 2270 2078 2269
f 2377 2176 2270
f 2271 2378 2177
f 2272 2271 2080
f 2100 2294 2272
f 2275 2273 2082
f 2081 2273 2274
f 2274 2379 2178
f 2279 2275 2085
f 2084 2278 2276
f 2276 2277 2083
f 2092 2277 2286
f 2379 2278 2178
f 2280 2279 2086
f 2280 2087 2281
f 2281 2088 2282
f 2283 2282 2089
f 2380 2283 2179
f 2380 2179 2284
f 2285 2284 2091
f 2378 2285 2177
f 2286 2381 2180
f 2095 2290 2287
f 2093 2287 2288
f 2094 2288 2289
f 2291 2096 2289
f 2290 2180 2381
f 2291 2292 2097
f 2292 2293 2098
f 2101 2295 2294
f 2295 2102 2296
f 2377 2296 2176
f 2297 2107 2301
f 2382 2181 2297
f 2298 2181 2382
f 2182 2183 2383
f 2384 2183 2184
f 2385 2184 2185
f 2386 2185 2186
f 2387 2186 2187
f 2388 2187 2188
f 2389 2188 2299
f 2300 2182 2383
f 2390 2189 2190
f 2391 2193 2189
f 2392 2190 2191
f 2393 2191 2192
f 2192 2195 2394
f 2395 2194 2193
f 2396 2199 2194
f 2397 2195 2196
f 2398 2196 2197
f 2198 2399 2197
f 2400 2198 2300
f 2401 2200 2199
f 2402 2203 2200
f 2403 2299 2201
f 2403 2201 2202
f 2298 2404 2202
f 2203 2405 2246
f 2204 2207 2406
f 2204 2407 2205
f 2206 2205 2408
f 2301 2206 2409
f 2207 2293 2410
f 2411 2209 2208
f 2412 2208 2210
f 2413 2212 2209
f 2210 2211 2414
f 2415 2211 2215
f 2416 2213 2212
f 2213 2417 2214
f 2217 2214 2418
f 2419 2215 2216
f 2216 2219 2420
f 2421 2218 2217
f 2422 2220 2218
f 2221 2423 2219
f 2424 2302 2220
f 2303 2425 2221
f 2303 2108 2304
f 2426 2224 2222
f 2222 2302 2427
f 2223 2428 2304
f 2228 2428 2223
f 2225 2224 2429
f 2225 2430 2226
f 2431 2227 2226
f 2432 2230 2227
f 2305 2433 2228
f 2111 2306 2307
f 2112 2307 2308
f 2309 2113 2308
f 2309 2310 2114
f 2311 2115 2310
f 2312 2116 2311
f 2313 2117 2312
f 2229 2434 2306
f 2314 2118 2313
f 2315 2119 2314
f 2316 2120 2315
f 2323 2126 2316
f 2121 2318 2317
f 2320 2123 2317
f 2122 2319 2318
f 2435 2319 2230
f 2320 2321 2124
f 2125 2321 2322
f 2229 2322 2434
f 2323 2324 2127
f 2325 2128 2324
f 2326 2129 2325
f 2436 2231 2326
f 2328 2327 2131
f 2436 2328 2231
f 2329 2132 2327
f 2437 2232 2329
f 2437 2330 2232
f 2134 2234 2331
f 2438 2233 2331
f 2235 2332 2136
f 2333 2137 2332
f 2336 2139 2333
f 2332 2235 2334
f 2334 2138 2335
f 2337 2335 2140
f 2439 2236 2336
f 2237 2346 2337
f 2439 2240 2236
f 2440 2338 2238
f 2144 2339 2340
f 2440 2238 2340
f 2441 2339 2239
f 2145 2442 2341
f 2341 2343 2146
f 2439 2342 2240
f 2145 2342 2442
f 2343 2344 2147
f 2441 2239 2344
f 2149 2338 2347
f 2345 2346 2148
f 2345 2233 2443
f 2444 2305 2241
f 2444 2241 2347
f 2348 2351 2152
f 2348 2150 2349
f 2350 2349 2151
f 2353 2350 2154
f 2351 2352 2153
f 2352 2445 2242
f 2353 2155 2354
f 2357 2354 2157
f 2242 2445 2355
f 2355 2356 2156
f 2356 2331 2234
f 2446 2357 2243
f 2359 2358 2159
f 2446 2243 2358
f 2447 2359 2244
f 2360 2161 2362
f 2160 2360 2361
f 2167 2361 2368
f 2363 2362 2162
f 2363 2163 2364
f 2364 2245 2448
f 2366 2165 2365
f 2365 2166 2367
f 2366 2448 2245
f 2367 2168 2369
f 2371 2170 2368
f 2370 2369 2169
f 2373 2370 2172
f 2371 2372 2171
f 2447 2244 2372
f 2374 2373 2173
f 2449 2374 2246
f 2375 2247 2174
f 2450 2248 2247
f 2451 2249 2248
f 2375 2175 2376
f 2452 2250 2249
f 2265 2250 2453
f 2454 2252 2251
f 2455 2251 2253
f 2456 2261 2252
f 2457 2253 2254
f 2458 2254 2255
f 2459 2255 2256
f 2460 2256 2257
f 2461 2257 2258
f 2462 2258 2259
f 2463 2259 2260
f 2464 2260 2264
f 2465 2262 2261
f 2466 2263 2262
f 2467 2376 2263
f 2468 2264 2266
f 2265 2469 2267
f 2470 2266 2330
f 2471 2268 2267
f 2472 2269 2268
f 2270 2269 2473
f 2377 2270 2474
f 2475 2378 2271
f 2272 2475 2271
f 2476 2272 2294
f 2275 2477 2273
f 2274 2273 2478
f 2274 2479 2379
f 2480 2275 2279
f 2278 2481 2276
f 2276 2482 2277
f 2277 2483 2286
f 2379 2484 2278
f 2280 2485 2279
f 2280 2281 2486
f 2487 2281 2282
f 2488 2282 2283
f 2489 2283 2380
f 2490 2380 2284
f 2285 2490 2284
f 2378 2491 2285
f 2286 2492 2381
f 2287 2290 2493
f 2287 2494 2288
f 2289 2288 2495
f 2291 2289 2496
f 2290 2381 2497
f 2291 2498 2292
f 2292 2499 2293
f 2295 2500 2294
f 2501 2295 2296
f 2502 2296 2377
f 2297 2301 2503
f 2382 2297 2503
f 2298 2382 2504
f 2383 2183 2384
f 2384 2184 2385
f 2385 2185 2386
f 2386 2186 2387
f 2387 2187 2388
f 2388 2188 2389
f 2505 2389 2299
f 2300 2383 2506
f 2390 2391 2189
f 2390 2190 2392
f 2395 2193 2391
f 2392 2191 2393
f 2393 2192 2394
f 2394 2195 2397
f 2396 2194 2395
f 2401 2199 2396
f 2397 2196 2398
f 2398 2197 2399
f 2400 2399 2198
f 2400 2300 2506
f 2402 2200 2401
f 2402 2405 2203
f 2505 2299 2403
f 2403 2202 2404
f 2298 2507 2404
f 2405 2449 2246
f 2207 2410 2406
f 2204 2406 2407
f 2205 2407 2408
f 2409 2206 2408
f 2508 2301 2409
f 2293 2499 2410
f 2411 2413 2209
f 2412 2411 2208
f 2412 2210 2414
f 2413 2416 2212
f 2415 2414 2211
f 2419 2415 2215
f 2416 2417 2213
f 2417 2418 2214
f 2421 2217 2418
f 2419 2216 2420
f 2423 2420 2219
f 2422 2218 2421
f 2422 2424 2220
f 2425 2423 2221
f 2424 2427 2302
f 2509 2425 2303
f 2303 2304 2510
f 2426 2429 2224
f 2426 2222 2427
f 2510 2304 2428
f 2228 2433 2428
f 2225 2429 2430
f 2430 2431 2226
f 2431 2432 2227
f 2432 2435 2230
f 2305 2511 2433
f 2512 2307 2306
f 2513 2308 2307
f 2514 2309 2308
f 2515 2310 2309
f 2516 2311 2310
f 2517 2312 2311
f 2313 2312 2518
f 2512 2306 2434
f 2519 2314 2313
f 2520 2315 2314
f 2521 2316 2315
f 2522 2323 2316
f 2523 2317 2318
f 2524 2320 2317
f 2319 2525 2318
f 2435 2526 2319
f 2527 2321 2320
f 2322 2321 2528
f 2529 2434 2322
f 2323 2530 2324
f 2325 2324 2531
f 2326 2325 2532
f 2436 2326 2533
f 2534 2327 2328
f 2535 2328 2436
f 2329 2327 2534
f 2437 2329 2536
f 2537 2330 2437
f 2438 2443 2233
f 2538 2438 2331
f 2539 2333 2332
f 2540 2336 2333
f 2539 2332 2334
f 2541 2334 2335
f 2542 2335 2337
f 2439 2336 2543
f 2337 2346 2544
f 2545 2338 2440
f 2340 2339 2546
f 2440 2340 2547
f 2441 2546 2339
f 2548 2341 2442
f 2549 2343 2341
f 2439 2550 2342
f 2342 2551 2442
f 2343 2552 2344
f 2553 2441 2344
f 2545 2347 2338
f 2554 2346 2345
f 2554 2345 2443
f 2444 2511 2305
f 2444 2347 2555
f 2556 2351 2348
f 2557 2348 2349
f 2558 2349 2350
f 2559 2350 2353
f 2351 2560 2352
f 2352 2561 2445
f 2562 2353 2354
f 2563 2354 2357
f 2445 2564 2355
f 2565 2356 2355
f 2566 2331 2356
f 2567 2357 2446
f 2568 2358 2359
f 2446 2358 2568
f 2447 2569 2359
f 2570 2360 2362
f 2361 2360 2571
f 2368 2361 2572
f 2363 2573 2362
f 2574 2363 2364
f 2364 2448 2575
f 2366 2365 2576
f 2577 2365 2367
f 2366 2578 2448
f 2367 2369 2579
f 2371 2368 2580
f 2581 2369 2370
f 2582 2370 2373
f 2371 2583 2372
f 2447 2372 2584
f 2585 2373 2374
f 2586 2374 2449
f 2375 2450 2247
f 2451 2248 2450
f 2452 2249 2451
f 2375 2376 2587
f 2452 2453 2250
f 2265 2453 2469
f 2454 2456 2252
f 2455 2454 2251
f 2457 2455 2253
f 2456 2465 2261
f 2457 2254 2458
f 2459 2458 2255
f 2459 2256 2460
f 2461 2460 2257
f 2461 2258 2462
f 2463 2462 2259
f 2463 2260 2464
f 2468 2464 2264
f 2465 2466 2262
f 2466 2467 2263
f 2467 2588 2376
f 2470 2468 2266
f 2469 2471 2267
f 2537 2470 2330
f 2471 2472 2268
f 2473 2269 2472
f 2270 2473 2474
f 2377 2474 2589
f 2590 2378 2475
f 2476 2475 2272
f 2500 2476 2294
f 2480 2477 2275
f 2478 2273 2477
f 2274 2478 2479
f 2479 2591 2379
f 2480 2279 2485
f 2278 2484 2481
f 2481 2482 2276
f 2482 2483 2277
f 2483 2492 2286
f 2379 2591 2484
f 2280 2486 2485
f 2487 2486 2281
f 2488 2487 2282
f 2489 2488 2283
f 2489 2380 2592
f 2490 2592 2380
f 2491 2490 2285
f 2590 2491 2378
f 2492 2593 2381
f 2493 2290 2497
f 2287 2493 2494
f 2494 2495 2288
f 2496 2289 2495
f 2291 2496 2498
f 2497 2381 2593
f 2292 2498 2499
f 2501 2500 2295
f 2501 2296 2502
f 2502 2377 2589
f 2503 2301 2508
f 2382 2503 2594
f 2504 2382 2594
f 2298 2504 2507
f 2595 2383 2384
f 2596 2384 2385
f 2385 2386 2597
f 2598 2386 2387
f 2387 2388 2599
f 2600 2388 2389
f 2505 2601 2389
f 2506 2383 2595
f 2390 2602 2391
f 2390 2392 2603
f 2395 2391 2604
f 2605 2392 2393
f 2393 2394 2606
f 2394 2397 2607
f 2396 2395 2608
f 2609 2401 2396
f 2610 2397 2398
f 2398 2399 2611
f 2400 2612 2399
f 2400 2506 2613
f 2614 2402 2401
f 2402 2615 2405
f 2505 2403 2616
f 2616 2403 2404
f 2617 2404 2507
f 2618 2449 2405
f 2406 2410 2619
f 2406 2620 2407
f 2408 2407 2621
f 2409 2408 2622
f 2508 2409 2623
f 2499 2624 2410
f 2625 2413 2411
f 2626 2411 2412
f 2627 2412 2414
f 2628 2416 2413
f 2415 2629 2414
f 2419 2630 2415
f 2416 2631 2417
f 2632 2418 2417
f 2421 2418 2633
f 2634 2419 2420
f 2635 2420 2423
f 2636 2422 2421
f 2422 2637 2424
f 2638 2423 2425
f 2639 2427 2424
f 2509 2640 2425
f 2509 2303 2510
f 2426 2641 2429
f 2426 2427 2642
f 2510 2428 2643
f 2433 2643 2428
f 2430 2429 2644
f 2430 2645 2431
f 2431 2646 2432
f 2647 2435 2432
f 2648 2433 2511
f 2512 2513 2307
f 2514 2308 2513
f 2515 2309 2514
f 2516 2310 2515
f 2516 2517 2311
f 2518 2312 2517
f 2519 2313 2518
f 2512 2434 2529
f 2520 2314 2519
f 2521 2315 2520
f 2522 2316 2521
f 2522 2530 2323
f 2523 2524 2317
f 2525 2523 2318
f 2527 2320 2524
f 2526 2525 2319
f 2649 2526 2435
f 2528 2321 2527
f 2529 2322 2528
f 2531 2324 2530
f 2532 2325 2531
f 2533 2326 2532
f 2650 2436 2533
f 2534 2328 2535
f 2650 2535 2436
f 2536 2329 2534
f 2651 2437 2536
f 2537 2437 2651
f 2652 2443 2438
f 2538 2652 2438
f 2566 2538 2331
f 2540 2333 2539
f 2540 2543 2336
f 2541 2539 2334
f 2542 2541 2335
f 2542 2337 2544
f 2439 2543 2550
f 2554 2544 2346
f 2545 2440 2653
f 2654 2340 2546
f 2654 2547 2340
f 2440 2547 2653
f 2655 2546 2441
f 2564 2341 2548
f 2656 2548 2442
f 2549 2552 2343
f 2564 2549 2341
f 2342 2550 2551
f 2656 2442 2551
f 2553 2344 2552
f 2655 2441 2553
f 2545 2555 2347
f 2554 2443 2657
f 2444 2658 2511
f 2444 2555 2658
f 2556 2560 2351
f 2557 2556 2348
f 2558 2557 2349
f 2558 2350 2559
f 2559 2353 2562
f 2352 2560 2561
f 2659 2445 2561
f 2563 2562 2354
f 2563 2357 2567
f 2659 2564 2445
f 2565 2355 2564
f 2565 2566 2356
f 2660 2567 2446
f 2568 2359 2569
f 2660 2446 2568
f 2447 2661 2569
f 2570 2571 2360
f 2570 2362 2573
f 2361 2571 2572
f 2368 2572 2580
f 2574 2573 2363
f 2574 2364 2575
f 2575 2448 2662
f 2577 2576 2365
f 2366 2576 2578
f 2577 2367 2579
f 2578 2662 2448
f 2581 2579 2369
f 2371 2580 2583
f 2582 2581 2370
f 2585 2582 2373
f 2583 2584 2372
f 2447 2584 2661
f 2586 2585 2374
f 2586 2449 2663
f 2375 2587 2450
f 2451 2450 2664
f 2452 2451 2665
f 2588 2587 2376
f 2452 2666 2453
f 2469 2453 2667
f 2668 2456 2454
f 2455 2669 2454
f 2670 2455 2457
f 2671 2465 2456
f 2672 2457 2458
f 2673 2458 2459
f 2674 2459 2460
f 2675 2460 2461
f 2676 2461 2462
f 2677 2462 2463
f 2678 2463 2464
f 2679 2464 2468
f 2680 2466 2465
f 2680 2467 2466
f 2681 2588 2467
f 2682 2468 2470
f 2469 2683 2471
f 2684 2470 2537
f 2471 2685 2472
f 2473 2472 2686
f 2473 2687 2474
f 2474 2688 2589
f 2689 2590 2475
f 2689 2475 2476
f 2500 2690 2476
f 2480 2691 2477
f 2478 2477 2692
f 2478 2693 2479
f 2479 2694 2591
f 2695 2480 2485
f 2484 2696 2481
f 2481 2697 2482
f 2482 2698 2483
f 2483 2699 2492
f 2484 2591 2700
f 2485 2486 2701
f 2702 2486 2487
f 2488 2703 2487
f 2489 2704 2488
f 2489 2592 2705
f 2706 2592 2490
f 2706 2490 2491
f 2707 2491 2590
f 2492 2708 2593
f 2493 2497 2709
f 2493 2710 2494
f 2494 2711 2495
f 2496 2495 2712
f 2498 2496 2713
f 2497 2593 2714
f 2499 2498 2715
f 2716 2500 2501
f 2501 2502 2717
f 2718 2502 2589
f 2503 2508 2719
f 2594 2503 2719
f 2720 2504 2594
f 2721 2507 2504
f 2595 2384 2596
f 2596 2385 2597
f 2598 2597 2386
f 2598 2387 2599
f 2599 2388 2600
f 2600 2389 2601
f 2722 2601 2505
f 2506 2595 2723
f 2390 2603 2602
f 2604 2391 2602
f 2605 2603 2392
f 2608 2395 2604
f 2605 2393 2606
f 2606 2394 2607
f 2607 2397 2610
f 2609 2396 2608
f 2614 2401 2609
f 2610 2398 2611
f 2611 2399 2612
f 2400 2613 2612
f 2613 2506 2723
f 2614 2615 2402
f 2618 2405 2615
f 2722 2505 2616
f 2617 2616 2404
f 2617 2507 2721
f 2663 2449 2618
f 2619 2410 2624
f 2406 2619 2620
f 2620 2621 2407
f 2408 2621 2622
f 2409 2622 2623
f 2508 2623 2724
f 2499 2715 2624
f 2625 2628 2413
f 2626 2625 2411
f 2627 2626 2412
f 2627 2414 2629
f 2628 2631 2416
f 2630 2629 2415
f 2725 2630 2419
f 2632 2417 2631
f 2632 2633 2418
f 2636 2421 2633
f 2725 2419 2634
f 2635 2634 2420
f 2638 2635 2423
f 2636 2637 2422
f 2726 2424 2637
f 2638 2425 2640
f 2639 2642 2427
f 2639 2424 2726
f 2727 2640 2509
f 2509 2510 2728
f 2426 2642 2641
f 2429 2641 2644
f 2728 2510 2643
f 2648 2643 2433
f 2430 2644 2645
f 2431 2645 2646
f 2646 2647 2432
f 2647 2649 2435
f 2729 2648 2511
f 2730 2513 2512
f 2514 2513 2731
f 2732 2515 2514
f 2733 2516 2515
f 2734 2517 2516
f 2735 2518 2517
f 2736 2519 2518
f 2730 2512 2529
f 2737 2520 2519
f 2738 2521 2520
f 2739 2522 2521
f 2522 2740 2530
f 2741 2524 2523
f 2525 2742 2523
f 2743 2527 2524
f 2526 2744 2525
f 2649 2745 2526
f 2746 2528 2527
f 2529 2528 2747
f 2748 2531 2530
f 2749 2532 2531
f 2533 2532 2750
f 2751 2650 2533
f 2752 2534 2535
f 2753 2535 2650
f 2752 2536 2534
f 2754 2651 2536
f 2755 2537 2651
f 2652 2657 2443
f 2756 2652 2538
f 2656 2538 2566
f 2540 2539 2757
f 2540 2758 2543
f 2541 2757 2539
f 2542 2759 2541
f 2542 2544 2760
f 2761 2550 2543
f 2554 2762 2544
f 2545 2653 2763
f 2654 2546 2764
f 2765 2547 2654
f 2765 2653 2547
f 2655 2764 2546
f 2565 2564 2548
f 2656 2566 2548
f 2766 2552 2549
f 2659 2549 2564
f 2551 2550 2767
f 2656 2551 2756
f 2553 2552 2768
f 2769 2655 2553
f 2545 2763 2555
f 2554 2657 2762
f 2658 2729 2511
f 2658 2555 2770
f 2556 2771 2560
f 2772 2556 2557
f 2773 2557 2558
f 2774 2558 2559
f 2775 2559 2562
f 2776 2561 2560
f 2659 2561 2777
f 2778 2562 2563
f 2779 2563 2567
f 2565 2548 2566
f 2660 2780 2567
f 2781 2568 2569
f 2660 2568 2782
f 2569 2661 2783
f 2570 2784 2571
f 2570 2573 2785
f 2571 2786 2572
f 2580 2572 2787
f 2574 2788 2573
f 2574 2575 2789
f 2790 2575 2662
f 2791 2576 2577
f 2578 2576 2792
f 2577 2579 2793
f 2578 2794 2662
f 2795 2579 2581
f 2580 2796 2583
f 2797 2581 2582
f 2798 2582 2585
f 2799 2584 2583
f 2661 2584 2800
f 2586 2801 2585
f 2802 2586 2663
f 2450 2587 2664
f 2451 2664 2665
f 2452 2665 2666
f 2588 2803 2587
f 2666 2667 2453
f 2469 2667 2683
f 2671 2456 2668
f 2668 2454 2669
f 2670 2669 2455
f 2672 2670 2457
f 2671 2680 2465
f 2673 2672 2458
f 2673 2459 2674
f 2675 2674 2460
f 2675 2461 2676
f 2677 2676 2462
f 2678 2677 2463
f 2679 2678 2464
f 2679 2468 2682
f 2681 2467 2680
f 2681 2804 2588
f 2684 2682 2470
f 2471 2683 2685
f 2755 2684 2537
f 2472 2685 2686
f 2473 2686 2687
f 2474 2687 2688
f 2805 2589 2688
f 2689 2806 2590
f 2690 2689 2476
f 2716 2690 2500
f 2480 2807 2691
f 2692 2477 2691
f 2478 2692 2693
f 2479 2693 2694
f 2694 2808 2591
f 2695 2807 2480
f 2695 2485 2701
f 2484 2700 2696
f 2481 2696 2697
f 2697 2698 2482
f 2698 2699 2483
f 2699 2708 2492
f 2808 2700 2591
f 2701 2486 2702
f 2703 2702 2487
f 2488 2809 2703
f 2489 2705 2704
f 2488 2704 2809
f 2592 2810 2705
f 2706 2810 2592
f 2707 2706 2491
f 2707 2590 2806
f 2811 2593 2708
f 2709 2497 2714
f 2493 2709 2710
f 2494 2710 2711
f 2712 2495 2711
f 2496 2712 2713
f 2498 2713 2715
f 2811 2714 2593
f 2716 2501 2717
f 2718 2717 2502
f 2718 2589 2805
f 2719 2508 2724
f 2812 2594 2719
f 2721 2504 2720
f 2720 2594 2812
f 2813 2595 2596
f 2814 2596 2597
f 2815 2597 2598
f 2598 2599 2816
f 2817 2599 2600
f 2818 2600 2601
f 2722 2819 2601
f 2723 2595 2813
f 2820 2602 2603
f 2821 2604 2602
f 2822 2603 2605
f 2823 2608 2604
f 2605 2606 2824
f 2825 2606 2607
f 2826 2607 2610
f 2827 2609 2608
f 2614 2609 2828
f 2829 2610 2611
f 2830 2611 2612
f 2831 2612 2613
f 2613 2723 2832
f 2833 2615 2614
f 2834 2618 2615
f 2722 2616 2835
f 2617 2835 2616
f 2836 2617 2721
f 2837 2663 2618
f 2619 2624 2838
f 2619 2839 2620
f 2840 2621 2620
f 2841 2622 2621
f 2842 2623 2622
f 2843 2724 2623
f 2624 2715 2844
f 2625 2845 2628
f 2626 2846 2625
f 2847 2626 2627
f 2627 2629 2848
f 2849 2631 2628
f 2850 2629 2630
f 2725 2851 2630
f 2852 2632 2631
f 2632 2853 2633
f 2636 2633 2854
f 2855 2725 2634
f 2855 2634 2635
f 2856 2635 2638
f 2857 2637 2636
f 2726 2637 2858
f 2859 2638 2640
f 2639 2860 2642
f 2639 2726 2861
f 2862 2640 2727
f 2727 2509 2728
f 2863 2641 2642
f 2863 2644 2641
f 2728 2643 2864
f 2865 2643 2648
f 2645 2644 2866
f 2646 2645 2867
f 2868 2647 2646
f 2869 2649 2647
f 2870 2648 2729
f 2731 2513 2730
f 2732 2514 2731
f 2733 2515 2732
f 2734 2516 2733
f 2735 2517 2734
f 2736 2518 2735
f 2737 2519 2736
f 2871 2730 2529
f 2738 2520 2737
f 2738 2739 2521
f 2739 2740 2522
f 2740 2748 2530
f 2743 2524 2741
f 2741 2523 2742
f 2525 2744 2742
f 2743 2746 2527
f 2745 2744 2526
f 2649 2872 2745
f 2747 2528 2746
f 2871 2529 2747
f 2749 2531 2748
f 2750 2532 2749
f 2751 2533 2750
f 2873 2650 2751
f 2753 2752 2535
f 2873 2753 2650
f 2754 2536 2752
f 2874 2651 2754
f 2755 2651 2874
f 2875 2657 2652
f 2875 2652 2756
f 2656 2756 2538
f 2540 2757 2758
f 2761 2543 2758
f 2876 2757 2541
f 2542 2760 2759
f 2759 2876 2541
f 2760 2544 2762
f 2761 2767 2550
f 2763 2653 2877
f 2878 2654 2764
f 2765 2654 2878
f 2765 2877 2653
f 2879 2764 2655
f 2766 2768 2552
f 2659 2766 2549
f 2756 2551 2767
f 2769 2553 2768
f 2879 2655 2769
f 2555 2763 2770
f 2762 2657 2880
f 2658 2881 2729
f 2658 2770 2881
f 2772 2771 2556
f 2771 2776 2560
f 2773 2772 2557
f 2774 2773 2558
f 2775 2774 2559
f 2778 2775 2562
f 2777 2561 2776
f 2659 2777 2766
f 2779 2778 2563
f 2779 2567 2780
f 2882 2780 2660
f 2782 2568 2781
f 2781 2569 2783
f 2882 2660 2782
f 2783 2661 2883
f 2570 2785 2784
f 2571 2784 2786
f 2573 2788 2785
f 2572 2786 2787
f 2580 2787 2796
f 2574 2789 2788
f 2789 2575 2790
f 2790 2662 2884
f 2791 2792 2576
f 2791 2577 2793
f 2578 2792 2794
f 2795 2793 2579
f 2794 2884 2662
f 2797 2795 2581
f 2799 2583 2796
f 2797 2582 2798
f 2801 2798 2585
f 2799 2800 2584
f 2661 2800 2883
f 2802 2801 2586
f 2885 2802 2663
f 2803 2664 2587
f 2886 2665 2664
f 2666 2665 2887
f 2804 2803 2588
f 2666 2888 2667
f 2889 2683 2667
f 2890 2671 2668
f 2891 2668 2669
f 2892 2669 2670
f 2672 2893 2670
f 2894 2680 2671
f 2673 2895 2672
f 2896 2673 2674
f 2897 2674 2675
f 2898 2675 2676
f 2899 2676 2677
f 2900 2677 2678
f 2901 2678 2679
f 2902 2679 2682
f 2903 2681 2680
f 2904 2804 2681
f 2905 2682 2684
f 2906 2685 2683
f 2907 2684 2755
f 2908 2686 2685
f 2909 2687 2686
f 2910 2688 2687
f 2805 2688 2911
f 2689 2912 2806
f 2690 2912 2689
f 2716 2913 2690
f 2914 2691 2807
f 2915 2692 2691
f 2916 2693 2692
f 2917 2694 2693
f 2694 2918 2808
f 2695 2914 2807
f 2695 2701 2919
f 2696 2700 2920
f 2696 2921 2697
f 2697 2922 2698
f 2698 2923 2699
f 2699 2924 2708
f 2808 2925 2700
f 2701 2702 2926
f 2703 2927 2702
f 2703 2809 2928
f 2929 2704 2705
f 2704 2930 2809
f 2931 2705 2810
f 2932 2810 2706
f 2707 2932 2706
f 2707 2806 2933
f 2934 2811 2708
f 2709 2714 2935
f 2709 2936 2710
f 2937 2711 2710
f 2712 2711 2938
f 2713 2712 2939
f 2713 2940 2715
f 2941 2714 2811
f 2942 2716 2717
f 2943 2717 2718
f 2718 2805 2944
f 2719 2724 2945
f 2812 2719 2945
f 2946 2721 2720
f 2720 2812 2947
f 2813 2596 2814
f 2814 2597 2815
f 2815 2598 2816
f 2816 2599 2817
f 2817 2600 2818
f 2818 2601 2819
f 2948 2819 2722
f 2949 2723 2813
f 2821 2602 2820
f 2822 2820 2603
f 2823 2604 2821
f 2822 2605 2824
f 2827 2608 2823
f 2824 2606 2825
f 2825 2607 2826
f 2826 2610 2829
f 2827 2828 2609
f 2833 2614 2828
f 2829 2611 2830
f 2831 2830 2612
f 2831 2613 2832
f 2949 2832 2723
f 2833 2834 2615
f 2834 2837 2618
f 2948 2722 2835
f 2836 2835 2617
f 2836 2721 2946
f 2885 2663 2837
f 2838 2624 2844
f 2619 2838 2839
f 2840 2620 2839
f 2841 2621 2840
f 2842 2622 2841
f 2843 2623 2842
f 2843 2950 2724
f 2844 2715 2940
f 2625 2846 2845
f 2845 2849 2628
f 2847 2846 2626
f 2847 2627 2951
f 2850 2848 2629
f 2627 2848 2951
f 2852 2631 2849
f 2851 2850 2630
f 2725 2952 2851
f 2852 2853 2632
f 2853 2854 2633
f 2857 2636 2854
f 2855 2952 2725
f 2856 2855 2635
f 2859 2856 2638
f 2857 2858 2637
f 2953 2726 2858
f 2862 2859 2640
f 2639 2861 2860
f 2860 2863 2642
f 2953 2861 2726
f 2862 2727 2954
f 2955 2727 2728
f 2956 2644 2863
f 2865 2864 2643
f 2955 2728 2864
f 2870 2865 2648
f 2956 2866 2644
f 2645 2866 2867
f 2868 2646 2867
f 2868 2869 2647
f 2869 2872 2649
f 2870 2729 2957
f 2958 2731 2730
f 2732 2731 2959
f 2960 2733 2732
f 2961 2734 2733
f 2735 2734 2962
f 2736 2735 2963
f 2737 2736 2964
f 2871 2958 2730
f 2965 2738 2737
f 2966 2739 2738
f 2739 2967 2740
f 2740 2968 2748
f 2969 2743 2741
f 2741 2742 2970
f 2742 2744 2971
f 2743 2972 2746
f 2745 2973 2744
f 2974 2745 2872
f 2975 2747 2746
f 2871 2747 2976
f 2749 2748 2977
f 2750 2749 2978
f 2751 2750 2979
f 2980 2873 2751
f 2981 2752 2753
f 2982 2753 2873
f 2981 2754 2752
f 2874 2754 2983
f 2984 2755 2874
f 2880 2657 2875
f 2875 2756 2767
f 2985 2758 2757
f 2761 2758 2986
f 2876 2985 2757
f 2760 2987 2759
f 2759 2988 2876
f 2760 2762 2989
f 2761 2990 2767
f 2991 2763 2877
f 2878 2764 2992
f 2993 2765 2878
f 2993 2877 2765
f 2992 2764 2879
f 2994 2768 2766
f 2995 2769 2768
f 2996 2879 2769
f 2770 2763 2991
f 2989 2762 2880
f 2729 2881 2957
f 2997 2881 2770
f 2772 2998 2771
f 2999 2776 2771
f 2773 3000 2772
f 2774 3001 2773
f 2775 3002 2774
f 3003 2775 2778
f 3004 2777 2776
f 2994 2766 2777
f 3005 2778 2779
f 2779 2780 3006
f 2882 3007 2780
f 2782 2781 3008
f 2781 2783 3009
f 2882 2782 3010
f 2783 2883 3009
f 2785 3011 2784
f 2786 2784 3012
f 2788 3013 2785
f 2786 3014 2787
f 2796 2787 3015
f 2788 2789 3016
f 3017 2789 2790
f 2790 2884 3018
f 3019 2792 2791
f 2791 2793 3020
f 2792 3021 2794
f 3022 2793 2795
f 2794 3023 2884
f 3024 2795 2797
f 2799 2796 3025
f 3026 2797 2798
f 3027 2798 2801
f 2799 3028 2800
f 2800 3029 2883
f 3030 2801 2802
f 2885 3031 2802
f 2886 2664 2803
f 2886 2887 2665
f 2666 2887 2888
f 2804 3032 2803
f 2888 2889 2667
f 2906 2683 2889
f 2894 2671 2890
f 2890 2668 2891
f 2892 2891 2669
f 2892 2670 2893
f 2672 2895 2893
f 2903 2680 2894
f 2896 2895 2673
f 2897 2896 2674
f 2898 2897 2675
f 2899 2898 2676
f 2899 2677 2900
f 2900 2678 2901
f 2901 2679 2902
f 2905 2902 2682
f 2903 2904 2681
f 3033 2804 2904
f 2905 2684 2907
f 2906 2908 2685
f 2984 2907 2755
f 2909 2686 2908
f 2909 2910 2687
f 2911 2688 2910
f 2805 2911 3034
f 3035 2806 2912
f 2913 2912 2690
f 2942 2913 2716
f 2915 2691 2914
f 2915 2916 2692
f 2916 2917 2693
f 2917 2918 2694
f 2918 3036 2808
f 2695 3037 2914
f 2701 2926 2919
f 2695 2919 3037
f 2700 2925 2920
f 2696 2920 2921
f 2921 2922 2697
f 2922 2923 2698
f 2923 2924 2699
f 2934 2708 2924
f 2808 3038 2925
f 2702 2927 2926
f 2703 2928 2927
f 2928 2809 3039
f 2929 2930 2704
f 2929 2705 2931
f 3039 2809 2930
f 3040 2931 2810
f 2932 3040 2810
f 2707 3041 2932
f 2933 2806 3035
f 3042 2707 2933
f 2934 3043 2811
f 2941 2935 2714
f 2709 2935 2936
f 2937 2710 2936
f 2938 2711 2937
f 2939 2712 2938
f 2713 2939 2940
f 3043 2941 2811
f 2942 2717 2943
f 2943 2718 2944
f 2805 3034 2944
f 2950 2945 2724
f 2812 2945 3044
f 2946 2720 2947
f 2947 2812 3044
f 3045 2813 2814
f 2814 2815 3046
f 2815 2816 3047
f 3048 2816 2817
f 3049 2817 2818
f 3050 2818 2819
f 3051 2819 2948
f 2949 2813 3045
f 2821 2820 3052
f 2822 3053 2820
f 2823 2821 3054
f 2822 2824 3055
f 3056 2827 2823
f 2824 2825 3057
f 2825 2826 3058
f 3059 2826 2829
f 3060 2828 2827
f 3061 2833 2828
f 2829 2830 3062
f 2831 3063 2830
f 2831 2832 3064
f 3065 2832 2949
f 2833 3066 2834
f 3067 2837 2834
f 3068 2948 2835
f 3068 2835 2836
f 3069 2836 2946
f 3070 2885 2837
f 2838 2844 3071
f 2839 2838 3072
f 2840 2839 3073
f 2841 2840 3074
f 3075 2842 2841
f 3076 2843 2842
f 2843 3077 2950
f 2844 2940 3078
f 3079 2845 2846
f 3080 2849 2845
f 3081 2846 2847
f 3082 2847 2951
f 3083 2848 2850
f 3083 2951 2848
f 3084 2852 2849
f 3085 2850 2851
f 3086 2851 2952
f 3087 2853 2852
f 3088 2854 2853
f 3089 2857 2854
f 3090 2952 2855
f 2856 3090 2855
f 2859 3091 2856
f 3092 2858 2857
f 3093 2953 2858
f 3094 2859 2862
f 3095 2860 2861
f 3096 2863 2860
f 3097 2861 2953
f 2954 2727 2955
f 2862 2954 3098
f 3096 2956 2863
f 3099 2864 2865
f 2955 2864 3100
f 3099 2865 2870
f 2956 3101 2866
f 3102 2867 2866
f 3103 2868 2867
f 3104 2869 2868
f 3105 2872 2869
f 3106 2870 2957
f 2959 2731 2958
f 2960 2732 2959
f 2961 2733 2960
f 2962 2734 2961
f 2963 2735 2962
f 2964 2736 2963
f 2965 2737 2964
f 3107 2958 2871
f 2966 2738 2965
f 2966 2967 2739
f 2740 2967 2968
f 2977 2748 2968
f 2969 2972 2743
f 2969 2741 2970
f 2970 2742 2971
f 2973 2971 2744
f 2975 2746 2972
f 2974 2973 2745
f 3108 2974 2872
f 2976 2747 2975
f 3107 2871 2976
f 2978 2749 2977
f 2979 2750 2978
f 2980 2751 2979
f 3109 2873 2980
f 2982 2981 2753
f 2982 2873 3109
f 2983 2754 2981
f 3110 2874 2983
f 3110 2984 2874
f 2880 2875 2990
f 2875 2767 2990
f 2986 2758 2985
f 2761 2986 2990
f 2876 2988 2985
f 2760 2989 2987
f 2759 2987 2988
f 2991 2877 3111
f 2878 2992 3112
f 2993 2878 3112
f 2993 3111 2877
f 3113 2992 2879
f 2995 2768 2994
f 2995 2996 2769
f 3113 2879 2996
f 2997 2770 2991
f 2880 3114 2989
f 2957 2881 3115
f 2997 3115 2881
f 2772 3000 2998
f 2998 2999 2771
f 2999 3004 2776
f 2773 3001 3000
f 2774 3002 3001
f 3003 3002 2775
f 3005 3003 2778
f 3004 2994 2777
f 3005 2779 3006
f 3007 3006 2780
f 3116 3007 2882
f 2781 3009 3008
f 2782 3008 3010
f 3116 2882 3010
f 2883 3117 3009
f 2785 3013 3011
f 2784 3011 3012
f 2786 3012 3014
f 2788 3016 3013
f 2787 3014 3015
f 2796 3015 3025
f 3017 3016 2789
f 3017 2790 3018
f 3018 2884 3118
f 3019 3021 2792
f 3019 2791 3020
f 3022 3020 2793
f 2794 3021 3023
f 3024 3022 2795
f 2884 3023 3118
f 3026 3024 2797
f 2799 3025 3028
f 3026 2798 3027
f 3030 3027 2801
f 3028 3029 2800
f 3029 3117 2883
f 3031 3030 2802
f 3119 3031 2885
f 2886 2803 3032
f 3120 2887 2886
f 3121 2888 2887
f 3033 3032 2804
f 3122 2889 2888
f 3123 2906 2889
f 3124 2894 2890
f 3125 2890 2891
f 3126 2891 2892
f 3127 2892 2893
f 3128 2893 2895
f 3129 2903 2894
f 2896 3130 2895
f 2897 3131 2896
f 2898 3132 2897
f 3133 2898 2899
f 3134 2899 2900
f 3135 2900 2901
f 3136 2901 2902
f 3137 2902 2905
f 3138 2904 2903
f 3139 3033 2904
f 3140 2905 2907
f 3141 2908 2906
f 3142 2907 2984
f 3143 2909 2908
f 3144 2910 2909
f 3145 2911 2910
f 3146 3034 2911
f 3035 2912 3147
f 2913 3147 2912
f 2942 3148 2913
f 3149 2915 2914
f 3150 2916 2915
f 2916 3151 2917
f 2917 3152 2918
f 3153 3036 2918
f 3036 3038 2808
f 3149 2914 3037
f 3154 2919 2926
f 3037 2919 3155
f 2920 2925 3156
f 2920 3157 2921
f 2921 3158 2922
f 2922 3159 2923
f 2923 3160 2924
f 2934 2924 3161
f 3038 3162 2925
f 3154 2926 2927
f 2927 2928 3163
f 2928 3039 3164
f 2929 3165 2930
f 2929 2931 3166
f 3039 2930 3167
f 3040 3168 2931
f 2932 3169 3040
f 3042 3041 2707
f 3041 3169 2932
f 3170 2933 3035
f 3171 3042 2933
f 2934 3172 3043
f 3173 2935 2941
f 3174 2936 2935
f 3175 2937 2936
f 2938 2937 3176
f 3177 2939 2938
f 2940 2939 3178
f 3179 2941 3043
f 2942 2943 3180
f 2943 2944 3181
f 3182 2944 3034
f 2950 3183 2945
f 3044 2945 3183
f 3184 2946 2947
f 2947 3044 3185
f 3045 2814 3046
f 3046 2815 3047
f 3047 2816 3048
f 3048 2817 3049
f 3049 2818 3050
f 3051 3050 2819
f 3051 2948 3186
f 3187 2949 3045
f 3052 2820 3053
f 2821 3052 3188
f 2822 3055 3053
f 3054 2821 3188
f 3056 2823 3054
f 2824 3057 3055
f 3060 2827 3056
f 3057 2825 3058
f 3058 2826 3059
f 3059 2829 3062
f 3061 2828 3060
f 3061 3066 2833
f 3062 2830 3063
f 2831 3064 3063
f 3064 2832 3065
f 3065 2949 3187
f 3067 2834 3066
f 3070 2837 3067
f 3068 3186 2948
f 3068 2836 3069
f 3069 2946 3184
f 3119 2885 3070
f 2844 3078 3071
f 3072 2838 3071
f 3073 2839 3072
f 3074 2840 3073
f 3075 2841 3074
f 3075 3076 2842
f 3076 3077 2843
f 3189 2950 3077
f 2940 3178 3078
f 3079 3080 2845
f 3081 3079 2846
f 3084 2849 3080
f 3082 3081 2847
f 3082 2951 3190
f 3085 3083 2850
f 3190 2951 3083
f 3087 2852 3084
f 3086 3085 2851
f 3086 2952 3191
f 3087 3088 2853
f 3089 2854 3088
f 3092 2857 3089
f 3090 3191 2952
f 3091 3090 2856
f 3094 3091 2859
f 3092 3093 2858
f 3192 2953 3093
f 3094 2862 3098
f 3096 2860 3095
f 3097 3095 2861
f 3192 3097 2953
f 2954 2955 3193
f 3194 3098 2954
f 3096 3195 2956
f 3099 3100 2864
f 2955 3100 3193
f 3106 3099 2870
f 3195 3101 2956
f 3102 2866 3101
f 3103 2867 3102
f 3104 2868 3103
f 3104 3105 2869
f 3105 3108 2872
f 3196 3106 2957
f 3197 2959 2958
f 2960 2959 3198
f 3199 2961 2960
f 3200 2962 2961
f 3201 2963 2962
f 2964 2963 3202
f 3203 2965 2964
f 3107 3197 2958
f 3204 2966 2965
f 2966 3205 2967
f 2968 2967 3206
f 2977 2968 3207
f 3208 2972 2969
f 3209 2969 2970
f 3210 2970 2971
f 3211 2971 2973
f 3212 2975 2972
f 2974 3213 2973
f 3108 3214 2974
f 3215 2976 2975
f 3216 3107 2976
f 3217 2978 2977
f 3218 2979 2978
f 2980 2979 3219
f 3109 2980 3220
f 3221 2981 2982
f 3222 2982 3109
f 3221 2983 2981
f 3223 3110 2983
f 3224 2984 3110
f 2880 2990 3225
f 3226 2986 2985
f 2990 2986 3225
f 3226 2985 2988
f 2987 2989 3114
f 2987 3227 2988
f 3228 2991 3111
f 3112 2992 3229
f 2993 3112 3230
f 2993 3230 3111
f 3113 3229 2992
f 3231 2995 2994
f 3232 2996 2995
f 3233 3113 2996
f 3228 2997 2991
f 2880 3225 3114
f 3196 2957 3115
f 3234 3115 2997
f 3235 2998 3000
f 3236 2999 2998
f 3237 3004 2999
f 3238 3000 3001
f 3239 3001 3002
f 3240 3002 3003
f 3241 3003 3005
f 3231 2994 3004
f 3005 3006 3242
f 3243 3006 3007
f 3244 3007 3116
f 3009 3245 3008
f 3010 3008 3246
f 3247 3116 3010
f 3009 3117 3248
f 3013 3249 3011
f 3012 3011 3250
f 3251 3014 3012
f 3016 3252 3013
f 3014 3253 3015
f 3025 3015 3253
f 3017 3254 3016
f 3017 3018 3255
f 3018 3118 3256
f 3019 3257 3021
f 3019 3020 3257
f 3022 3258 3020
f 3021 3259 3023
f 3260 3022 3024
f 3261 3118 3023
f 3026 3262 3024
f 3028 3025 3263
f 3264 3026 3027
f 3265 3027 3030
f 3028 3266 3029
f 3267 3117 3029
f 3268 3030 3031
f 3119 3269 3031
f 3120 2886 3032
f 3121 2887 3120
f 3122 2888 3121
f 3270 3032 3033
f 3122 3123 2889
f 3123 3141 2906
f 3129 2894 3124
f 3125 3124 2890
f 3125 2891 3126
f 3127 3126 2892
f 3127 2893 3128
f 3130 3128 2895
f 3129 3138 2903
f 2896 3131 3130
f 2897 3132 3131
f 3133 3132 2898
f 3134 3133 2899
f 3135 3134 2900
f 3136 3135 2901
f 3137 3136 2902
f 3140 3137 2905
f 3139 2904 3138
f 3139 3271 3033
f 3142 3140 2907
f 3143 2908 3141
f 3142 2984 3224
f 3144 2909 3143
f 3145 2910 3144
f 3145 3146 2911
f 3146 3272 3034
f 3273 3035 3147
f 3148 3147 2913
f 2942 3180 3148
f 3149 3150 2915
f 3150 3151 2916
f 3151 3152 2917
f 3152 3153 2918
f 3153 3274 3036
f 3274 3038 3036
f 3149 3037 3275
f 3154 3155 2919
f 3037 3155 3275
f 2925 3162 3156
f 2920 3156 3157
f 2921 3157 3158
f 3158 3159 2922
f 3159 3160 2923
f 3160 3161 2924
f 2934 3161 3172
f 3038 3276 3162
f 3154 2927 3163
f 3163 2928 3164
f 3039 3277 3164
f 2929 3166 3165
f 2930 3165 3167
f 2931 3168 3166
f 3039 3167 3277
f 3040 3169 3168
f 3042 3278 3041
f 3041 3279 3169
f 3171 2933 3170
f 3170 3035 3273
f 3171 3280 3042
f 3043 3172 3281
f 3173 3174 2935
f 3173 2941 3179
f 3174 3175 2936
f 3175 3176 2937
f 3177 2938 3176
f 3178 2939 3177
f 3179 3043 3281
f 2943 3181 3180
f 3182 3181 2944
f 3272 3182 3034
f 3189 3183 2950
f 3044 3183 3282
f 3184 2947 3185
f 3185 3044 3282
f 3283 3045 3046
f 3284 3046 3047
f 3285 3047 3048
f 3286 3048 3049
f 3287 3049 3050
f 3288 3050 3051
f 3289 3051 3186
f 3187 3045 3283
f 3290 3052 3053
f 3188 3052 3290
f 3291 3053 3055
f 3292 3054 3188
f 3293 3056 3054
f 3294 3055 3057
f 3295 3060 3056
f 3296 3057 3058
f 3297 3058 3059
f 3298 3059 3062
f 3061 3060 3299
f 3300 3066 3061
f 3301 3062 3063
f 3064 3302 3063
f 3064 3065 3303
f 3065 3187 3304
f 3305 3067 3066
f 3306 3070 3067
f 3307 3186 3068
f 3307 3068 3069
f 3308 3069 3184
f 3309 3119 3070
f 3071 3078 3310
f 3311 3072 3071
f 3312 3073 3072
f 3313 3074 3073
f 3314 3075 3074
f 3075 3315 3076
f 3076 3316 3077
f 3189 3077 3317
f 3318 3078 3178
f 3319 3080 3079
f 3320 3079 3081
f 3321 3084 3080
f 3322 3081 3082
f 3323 3082 3190
f 3324 3083 3085
f 3324 3190 3083
f 3325 3087 3084
f 3326 3085 3086
f 3327 3086 3191
f 3328 3088 3087
f 3089 3088 3329
f 3092 3089 3330
f 3090 3331 3191
f 3091 3331 3090
f 3094 3332 3091
f 3333 3093 3092
f 3334 3192 3093
f 3335 3094 3098
f 3336 3096 3095
f 3097 3337 3095
f 3338 3097 3192
f 3194 2954 3193
f 3339 3098 3194
f 3336 3195 3096
f 3340 3100 3099
f 3341 3193 3100
f 3106 3340 3099
f 3342 3101 3195
f 3102 3101 3343
f 3103 3102 3344
f 3345 3104 3103
f 3346 3105 3104
f 3105 3347 3108
f 3348 3106 3196
f 3198 2959 3197
f 3199 2960 3198
f 3200 2961 3199
f 3201 2962 3200
f 3202 2963 3201
f 3203 2964 3202
f 3203 3204 2965
f 3349 3197 3107
f 3204 3205 2966
f 3205 3206 2967
f 3207 2968 3206
f 3217 2977 3207
f 3212 2972 3208
f 3208 2969 3209
f 3209 2970 3210
f 3210 2971 3211
f 3211 2973 3213
f 3212 3215 2975
f 3214 3213 2974
f 3108 3350 3214
f 3216 2976 3215
f 3349 3107 3216
f 3217 3218 2978
f 3219 2979 3218
f 3220 2980 3219
f 3351 3109 3220
f 3222 3221 2982
f 3351 3222 3109
f 3221 3223 2983
f 3352 3110 3223
f 3352 3224 3110
f 3226 3225 2986
f 3227 3226 2988
f 2987 3114 3227
f 3228 3111 3353
f 3354 3112 3229
f 3230 3112 3354
f 3353 3111 3230
f 3355 3229 3113
f 3232 2995 3231
f 3233 2996 3232
f 3233 3355 3113
f 3228 3234 2997
f 3227 3114 3225
f 3196 3115 3356
f 3234 3356 3115
f 3235 3236 2998
f 3235 3000 3238
f 3236 3237 2999
f 3237 3231 3004
f 3239 3238 3001
f 3240 3239 3002
f 3241 3240 3003
f 3241 3005 3357
f 3243 3242 3006
f 3005 3242 3357
f 3244 3243 3007
f 3358 3244 3116
f 3009 3248 3245
f 3246 3008 3245
f 3247 3010 3246
f 3358 3116 3247
f 3117 3359 3248
f 3252 3249 3013
f 3249 3250 3011
f 3251 3012 3250
f 3251 3360 3014
f 3016 3254 3252
f 3014 3360 3253
f 3263 3025 3253
f 3017 3255 3254
f 3018 3256 3255
f 3256 3118 3361
f 3021 3257 3259
f 3020 3362 3257
f 3260 3258 3022
f 3020 3258 3362
f 3261 3023 3259
f 3260 3024 3262
f 3261 3361 3118
f 3264 3262 3026
f 3028 3263 3266
f 3265 3264 3027
f 3265 3030 3268
f 3266 3267 3029
f 3267 3359 3117
f 3269 3268 3031
f 3363 3269 3119
f 3270 3120 3032
f 3364 3121 3120
f 3365 3122 3121
f 3271 3270 3033
f 3366 3123 3122
f 3367 3141 3123
f 3368 3129 3124
f 3369 3124 3125
f 3370 3125 3126
f 3371 3126 3127
f 3372 3127 3128
f 3373 3128 3130
f 3374 3138 3129
f 3375 3130 3131
f 3132 3376 3131
f 3133 3377 3132
f 3378 3133 3134
f 3379 3134 3135
f 3380 3135 3136
f 3381 3136 3137
f 3382 3137 3140
f 3383 3139 3138
f 3384 3271 3139
f 3385 3140 3142
f 3386 3143 3141
f 3387 3142 3224
f 3388 3144 3143
f 3389 3145 3144
f 3390 3146 3145
f 3391 3272 3146
f 3392 3273 3147
f 3148 3392 3147
f 3148 3180 3393
f 3149 3394 3150
f 3395 3151 3150
f 3151 3396 3152
f 3152 3397 3153
f 3153 3398 3274
f 3274 3276 3038
f 3149 3275 3394
f 3154 3399 3155
f 3394 3275 3155
f 3156 3162 3400
f 3156 3401 3157
f 3402 3158 3157
f 3403 3159 3158
f 3404 3160 3159
f 3405 3161 3160
f 3161 3406 3172
f 3276 3407 3162
f 3408 3154 3163
f 3163 3164 3409
f 3410 3164 3277
f 3166 3411 3165
f 3165 3412 3167
f 3168 3413 3166
f 3277 3167 3414
f 3168 3169 3415
f 3280 3278 3042
f 3278 3279 3041
f 3279 3415 3169
f 3171 3170 3416
f 3417 3170 3273
f 3418 3280 3171
f 3172 3419 3281
f 3173 3420 3174
f 3173 3179 3421
f 3174 3422 3175
f 3175 3423 3176
f 3424 3177 3176
f 3178 3177 3425
f 3426 3179 3281
f 3180 3181 3427
f 3182 3428 3181
f 3272 3429 3182
f 3430 3183 3189
f 3430 3282 3183
f 3184 3185 3431
f 3185 3282 3432
f 3283 3046 3284
f 3284 3047 3285
f 3286 3285 3048
f 3286 3049 3287
f 3287 3050 3288
f 3288 3051 3289
f 3289 3186 3433
f 3434 3187 3283
f 3290 3053 3291
f 3435 3188 3290
f 3291 3055 3294
f 3292 3293 3054
f 3292 3188 3435
f 3295 3056 3293
f 3294 3057 3296
f 3295 3299 3060
f 3296 3058 3297
f 3297 3059 3298
f 3298 3062 3301
f 3300 3061 3299
f 3300 3305 3066
f 3301 3063 3302
f 3064 3303 3302
f 3065 3304 3303
f 3304 3187 3434
f 3306 3067 3305
f 3309 3070 3306
f 3307 3433 3186
f 3307 3069 3308
f 3308 3184 3431
f 3363 3119 3309
f 3318 3310 3078
f 3311 3071 3310
f 3312 3072 3311
f 3313 3073 3312
f 3314 3074 3313
f 3314 3315 3075
f 3076 3315 3316
f 3317 3077 3316
f 3189 3317 3436
f 3318 3178 3425
f 3319 3321 3080
f 3319 3079 3320
f 3322 3320 3081
f 3325 3084 3321
f 3323 3322 3082
f 3437 3323 3190
f 3324 3085 3326
f 3437 3190 3324
f 3325 3328 3087
f 3327 3326 3086
f 3327 3191 3438
f 3328 3439 3088
f 3439 3329 3088
f 3330 3089 3329
f 3333 3092 3330
f 3438 3191 3331
f 3440 3331 3091
f 3335 3332 3094
f 3440 3091 3332
f 3333 3334 3093
f 3441 3192 3334
f 3339 3335 3098
f 3336 3095 3337
f 3338 3337 3097
f 3441 3338 3192
f 3442 3194 3193
f 3339 3194 3443
f 3336 3444 3195
f 3340 3341 3100
f 3341 3445 3193
f 3348 3340 3106
f 3342 3343 3101
f 3444 3342 3195
f 3102 3343 3344
f 3345 3103 3344
f 3345 3346 3104
f 3346 3347 3105
f 3347 3350 3108
f 3348 3196 3446
f 3447 3198 3197
f 3199 3198 3448
f 3200 3199 3449
f 3201 3200 3450
f 3202 3201 3451
f 3452 3203 3202
f 3453 3204 3203
f 3447 3197 3349
f 3454 3205 3204
f 3205 3455 3206
f 3456 3207 3206
f 3217 3207 3457
f 3458 3212 3208
f 3459 3208 3209
f 3460 3209 3210
f 3461 3210 3211
f 3462 3211 3213
f 3212 3463 3215
f 3214 3464 3213
f 3350 3465 3214
f 3466 3216 3215
f 3467 3349 3216
f 3468 3218 3217
f 3219 3218 3469
f 3220 3219 3470
f 3351 3220 3471
f 3472 3221 3222
f 3473 3222 3351
f 3472 3223 3221
f 3474 3352 3223
f 3475 3224 3352
f 3227 3225 3226
f 3476 3228 3353
f 3477 3354 3229
f 3478 3230 3354
f 3353 3230 3478
f 3355 3477 3229
f 3479 3232 3231
f 3480 3233 3232
f 3481 3355 3233
f 3476 3234 3228
f 3196 3356 3446
f 3234 3482 3356
f 3483 3236 3235
f 3484 3235 3238
f 3485 3237 3236
f 3479 3231 3237
f 3486 3238 3239
f 3240 3487 3239
f 3241 3488 3240
f 3241 3357 3488
f 3489 3242 3243
f 3490 3357 3242
f 3491 3243 3244
f 3358 3492 3244
f 3493 3245 3248
f 3246 3245 3494
f 3495 3247 3246
f 3496 3358 3247
f 3497 3248 3359
f 3252 3498 3249
f 3249 3499 3250
f 3251 3250 3500
f 3251 3501 3360
f 3252 3254 3502
f 3503 3253 3360
f 3263 3253 3503
f 3504 3254 3255
f 3256 3505 3255
f 3506 3256 3361
f 3257 3507 3259
f 3362 3507 3257
f 3260 3508 3258
f 3258 3509 3362
f 3510 3261 3259
f 3260 3262 3511
f 3261 3512 3361
f 3264 3513 3262
f 3266 3263 3514
f 3265 3515 3264
f 3265 3268 3516
f 3266 3517 3267
f 3267 3518 3359
f 3269 3519 3268
f 3363 3520 3269
f 3270 3364 3120
f 3364 3365 3121
f 3365 3366 3122
f 3521 3270 3271
f 3367 3123 3366
f 3386 3141 3367
f 3374 3129 3368
f 3368 3124 3369
f 3369 3125 3370
f 3371 3370 3126
f 3372 3371 3127
f 3373 3372 3128
f 3373 3130 3375
f 3374 3383 3138
f 3376 3375 3131
f 3132 3377 3376
f 3378 3377 3133
f 3379 3378 3134
f 3380 3379 3135
f 3381 3380 3136
f 3381 3137 3382
f 3385 3382 3140
f 3384 3139 3383
f 3384 3522 3271
f 3385 3142 3387
f 3386 3388 3143
f 3475 3387 3224
f 3389 3144 3388
f 3389 3390 3145
f 3390 3391 3146
f 3391 3523 3272
f 3524 3273 3392
f 3148 3393 3392
f 3180 3427 3393
f 3394 3395 3150
f 3395 3396 3151
f 3152 3396 3397
f 3397 3398 3153
f 3274 3398 3525
f 3274 3526 3276
f 3408 3399 3154
f 3527 3155 3399
f 3394 3155 3527
f 3407 3400 3162
f 3156 3400 3401
f 3528 3157 3401
f 3402 3403 3158
f 3402 3157 3528
f 3404 3159 3403
f 3405 3160 3404
f 3405 3406 3161
f 3172 3406 3419
f 3276 3529 3407
f 3408 3163 3409
f 3409 3164 3410
f 3530 3410 3277
f 3166 3413 3411
f 3411 3412 3165
f 3167 3412 3414
f 3168 3531 3413
f 3530 3277 3414
f 3168 3415 3531
f 3280 3532 3278
f 3278 3533 3279
f 3534 3415 3279
f 3416 3170 3417
f 3418 3171 3416
f 3524 3417 3273
f 3418 3535 3280
f 3536 3281 3419
f 3173 3421 3420
f 3174 3420 3422
f 3426 3421 3179
f 3175 3422 3423
f 3424 3176 3423
f 3424 3425 3177
f 3426 3281 3536
f 3428 3427 3181
f 3182 3429 3428
f 3272 3523 3429
f 3430 3189 3436
f 3537 3282 3430
f 3185 3432 3431
f 3537 3432 3282
f 3538 3283 3284
f 3539 3284 3285
f 3286 3540 3285
f 3541 3286 3287
f 3542 3287 3288
f 3543 3288 3289
f 3544 3289 3433
f 3434 3283 3538
f 3545 3290 3291
f 3435 3290 3545
f 3546 3291 3294
f 3547 3293 3292
f 3548 3292 3435
f 3549 3295 3293
f 3550 3294 3296
f 3551 3299 3295
f 3296 3297 3552
f 3553 3297 3298
f 3554 3298 3301
f 3555 3300 3299
f 3556 3305 3300
f 3301 3302 3557
f 3302 3303 3558
f 3559 3303 3304
f 3560 3304 3434
f 3561 3306 3305
f 3562 3309 3306
f 3307 3563 3433
f 3307 3308 3563
f 3308 3431 3564
f 3565 3363 3309
f 3566 3310 3318
f 3311 3310 3567
f 3312 3311 3568
f 3569 3313 3312
f 3314 3313 3570
f 3571 3315 3314
f 3315 3572 3316
f 3317 3316 3573
f 3436 3317 3574
f 3575 3318 3425
f 3576 3321 3319
f 3577 3319 3320
f 3578 3320 3322
f 3325 3321 3579
f 3580 3322 3323
f 3581 3323 3437
f 3582 3324 3326
f 3582 3437 3324
f 3325 3583 3328
f 3327 3584 3326
f 3327 3438 3585
f 3328 3586 3439
f 3439 3587 3329
f 3330 3329 3588
f 3333 3330 3588
f 3589 3438 3331
f 3440 3589 3331
f 3590 3332 3335
f 3590 3440 3332
f 3333 3591 3334
f 3441 3334 3592
f 3593 3335 3339
f 3336 3337 3594
f 3338 3595 3337
f 3441 3596 3338
f 3443 3194 3442
f 3442 3193 3445
f 3597 3339 3443
f 3336 3594 3444
f 3340 3598 3341
f 3599 3445 3341
f 3348 3598 3340
f 3342 3600 3343
f 3444 3601 3342
f 3343 3602 3344
f 3345 3344 3603
f 3345 3604 3346
f 3346 3605 3347
f 3347 3606 3350
f 3607 3348 3446
f 3447 3448 3198
f 3449 3199 3448
f 3450 3200 3449
f 3451 3201 3450
f 3452 3202 3451
f 3453 3203 3452
f 3454 3204 3453
f 3447 3349 3608
f 3454 3455 3205
f 3456 3206 3455
f 3457 3207 3456
f 3468 3217 3457
f 3458 3463 3212
f 3459 3458 3208
f 3459 3209 3460
f 3460 3210 3461
f 3461 3211 3462
f 3462 3213 3464
f 3466 3215 3463
f 3214 3465 3464
f 3465 3350 3609
f 3467 3216 3466
f 3467 3608 3349
f 3469 3218 3468
f 3470 3219 3469
f 3471 3220 3470
f 3610 3351 3471
f 3473 3472 3222
f 3473 3351 3610
f 3474 3223 3472
f 3611 3352 3474
f 3475 3352 3611
f 3476 3353 3612
f 3613 3354 3477
f 3613 3478 3354
f 3353 3478 3612
f 3614 3477 3355
f 3479 3480 3232
f 3481 3233 3480
f 3614 3355 3481
f 3476 3482 3234
f 3615 3446 3356
f 3482 3615 3356
f 3485 3236 3483
f 3484 3483 3235
f 3486 3484 3238
f 3485 3479 3237
f 3487 3486 3239
f 3240 3488 3487
f 3488 3357 3616
f 3490 3242 3489
f 3491 3489 3243
f 3616 3357 3490
f 3491 3244 3492
f 3617 3492 3358
f 3493 3494 3245
f 3493 3248 3497
f 3495 3246 3494
f 3496 3247 3495
f 3617 3358 3496
f 3497 3359 3618
f 3252 3502 3498
f 3498 3499 3249
f 3499 3500 3250
f 3251 3500 3501
f 3619 3360 3501
f 3504 3502 3254
f 3619 3503 3360
f 3263 3503 3514
f 3504 3255 3505
f 3506 3505 3256
f 3506 3361 3620
f 3510 3259 3507
f 3621 3507 3362
f 3260 3511 3508
f 3508 3509 3258
f 3621 3362 3509
f 3510 3512 3261
f 3262 3513 3511
f 3361 3512 3620
f 3264 3515 3513
f 3266 3514 3517
f 3265 3516 3515
f 3268 3519 3516
f 3267 3517 3518
f 3518 3618 3359
f 3269 3520 3519
f 3363 3622 3520
f 3521 3364 3270
f 3623 3365 3364
f 3624 3366 3365
f 3522 3521 3271
f 3625 3367 3366
f 3626 3386 3367
f 3627 3374 3368
f 3628 3368 3369
f 3629 3369 3370
f 3371 3630 3370
f 3631 3371 3372
f 3632 3372 3373
f 3633 3373 3375
f 3374 3634 3383
f 3635 3375 3376
f 3377 3636 3376
f 3378 3637 3377
f 3379 3638 3378
f 3639 3379 3380
f 3640 3380 3381
f 3641 3381 3382
f 3642 3382 3385
f 3643 3384 3383
f 3644 3522 3384
f 3645 3385 3387
f 3646 3388 3386
f 3647 3387 3475
f 3648 3389 3388
f 3649 3390 3389
f 3650 3391 3390
f 3651 3523 3391
f 3524 3392 3393
f 3652 3393 3427
f 3394 3653 3395
f 3395 3654 3396
f 3396 3655 3397
f 3397 3656 3398
f 3657 3525 3398
f 3274 3525 3526
f 3526 3529 3276
f 3658 3399 3408
f 3527 3399 3659
f 3394 3527 3653
f 3407 3660 3400
f 3401 3400 3661
f 3528 3401 3661
f 3402 3662 3403
f 3402 3528 3663
f 3404 3403 3664
f 3405 3404 3665
f 3405 3666 3406
f 3406 3667 3419
f 3529 3668 3407
f 3408 3409 3669
f 3409 3410 3670
f 3530 3671 3410
f 3672 3411 3413
f 3673 3412 3411
f 3412 3674 3414
f 3413 3531 3675
f 3530 3414 3676
f 3415 3677 3531
f 3280 3535 3532
f 3278 3532 3533
f 3534 3279 3533
f 3534 3677 3415
f 3678 3416 3417
f 3418 3416 3679
f 3680 3417 3524
f 3418 3681 3535
f 3536 3419 3682
f 3421 3683 3420
f 3422 3420 3684
f 3426 3685 3421
f 3686 3423 3422
f 3687 3424 3423
f 3688 3425 3424
f 3426 3536 3689
f 3690 3427 3428
f 3691 3428 3429
f 3523 3692 3429
f 3430 3436 3693
f 3537 3430 3693
f 3694 3431 3432
f 3695 3432 3537
f 3538 3284 3539
f 3539 3285 3540
f 3541 3540 3286
f 3541 3287 3542
f 3543 3542 3288
f 3543 3289 3544
f 3544 3433 3696
f 3697 3434 3538
f 3545 3291 3546
f 3698 3435 3545
f 3546 3294 3550
f 3549 3293 3547
f 3547 3292 3548
f 3548 3435 3698
f 3551 3295 3549
f 3550 3296 3552
f 3555 3299 3551
f 3552 3297 3553
f 3553 3298 3554
f 3554 3301 3557
f 3556 3300 3555
f 3561 3305 3556
f 3557 3302 3558
f 3559 3558 3303
f 3559 3304 3560
f 3560 3434 3697
f 3562 3306 3561
f 3565 3309 3562
f 3563 3696 3433
f 3563 3308 3564
f 3564 3431 3694
f 3565 3622 3363
f 3566 3567 3310
f 3566 3318 3575
f 3568 3311 3567
f 3569 3312 3568
f 3570 3313 3569
f 3571 3314 3570
f 3571 3572 3315
f 3573 3316 3572
f 3574 3317 3573
f 3699 3436 3574
f 3575 3425 3688
f 3576 3579 3321
f 3576 3319 3577
f 3577 3320 3578
f 3580 3578 3322
f 3325 3579 3583
f 3581 3580 3323
f 3700 3581 3437
f 3582 3326 3584
f 3700 3437 3582
f 3328 3583 3586
f 3327 3701 3584
f 3585 3438 3589
f 3327 3585 3701
f 3439 3586 3587
f 3587 3588 3329
f 3333 3588 3591
f 3702 3589 3440
f 3593 3590 3335
f 3590 3702 3440
f 3334 3591 3592
f 3441 3592 3703
f 3597 3593 3339
f 3595 3594 3337
f 3338 3596 3595
f 3441 3703 3596
f 3443 3442 3704
f 3442 3445 3705
f 3706 3597 3443
f 3594 3707 3444
f 3598 3599 3341
f 3705 3445 3599
f 3607 3598 3348
f 3342 3601 3600
f 3600 3602 3343
f 3444 3707 3601
f 3602 3603 3344
f 3345 3603 3604
f 3346 3604 3605
f 3605 3606 3347
f 3350 3606 3609
f 3607 3446 3708
f 3447 3709 3448
f 3449 3448 3710
f 3450 3449 3711
f 3712 3451 3450
f 3452 3451 3713
f 3453 3452 3714
f 3454 3453 3715
f 3447 3608 3709
f 3454 3716 3455
f 3456 3455 3717
f 3718 3457 3456
f 3719 3468 3457
f 3458 3720 3463
f 3721 3458 3459
f 3459 3460 3722
f 3460 3461 3723
f 3724 3461 3462
f 3725 3462 3464
f 3466 3463 3726
f 3465 3727 3464
f 3609 3727 3465
f 3728 3467 3466
f 3729 3608 3467
f 3469 3468 3730
f 3731 3470 3469
f 3732 3471 3470
f 3733 3610 3471
f 3734 3472 3473
f 3735 3473 3610
f 3734 3474 3472
f 3736 3611 3474
f 3737 3475 3611
f 3476 3612 3738
f 3739 3613 3477
f 3613 3740 3478
f 3478 3740 3612
f 3614 3739 3477
f 3741 3480 3479
f 3742 3481 3480
f 3743 3614 3481
f 3476 3738 3482
f 3708 3446 3615
f 3482 3744 3615
f 3745 3485 3483
f 3746 3483 3484
f 3747 3484 3486
f 3741 3479 3485
f 3748 3486 3487
f 3749 3487 3488
f 3749 3488 3616
f 3750 3490 3489
f 3491 3751 3489
f 3616 3490 3752
f 3753 3491 3492
f 3617 3754 3492
f 3755 3494 3493
f 3493 3497 3756
f 3495 3494 3757
f 3496 3495 3758
f 3759 3617 3496
f 3760 3497 3618
f 3502 3761 3498
f 3498 3762 3499
f 3499 3763 3500
f 3500 3764 3501
f 3619 3501 3765
f 3504 3766 3502
f 3619 3767 3503
f 3514 3503 3767
f 3504 3505 3768
f 3506 3769 3505
f 3506 3620 3770
f 3510 3507 3771
f 3621 3771 3507
f 3772 3508 3511
f 3773 3509 3508
f 3774 3621 3509
f 3510 3775 3512
f 3513 3776 3511
f 3512 3777 3620
f 3778 3513 3515
f 3514 3779 3517
f 3780 3515 3516
f 3519 3781 3516
f 3518 3517 3782
f 3518 3783 3618
f 3520 3784 3519
f 3520 3622 3785
f 3521 3623 3364
f 3623 3624 3365
f 3625 3366 3624
f 3786 3521 3522
f 3626 3367 3625
f 3646 3386 3626
f 3627 3634 3374
f 3628 3627 3368
f 3628 3369 3629
f 3629 3370 3630
f 3631 3630 3371
f 3632 3631 3372
f 3632 3373 3633
f 3635 3633 3375
f 3643 3383 3634
f 3635 3376 3636
f 3377 3637 3636
f 3378 3638 3637
f 3639 3638 3379
f 3640 3639 3380
f 3641 3640 3381
f 3641 3382 3642
f 3645 3642 3385
f 3644 3384 3643
f 3644 3787 3522
f 3647 3645 3387
f 3646 3648 3388
f 3647 3475 3737
f 3649 3389 3648
f 3650 3390 3649
f 3650 3651 3391
f 3651 3788 3523
f 3524 3393 3652
f 3652 3427 3690
f 3395 3653 3654
f 3654 3655 3396
f 3397 3655 3656
f 3657 3398 3656
f 3657 3789 3525
f 3525 3790 3526
f 3526 3791 3529
f 3658 3659 3399
f 3658 3408 3669
f 3792 3527 3659
f 3653 3527 3792
f 3407 3668 3660
f 3660 3661 3400
f 3528 3661 3793
f 3402 3663 3662
f 3664 3403 3662
f 3528 3793 3663
f 3404 3664 3665
f 3405 3665 3666
f 3666 3794 3406
f 3406 3794 3667
f 3682 3419 3667
f 3529 3795 3668
f 3409 3670 3669
f 3671 3670 3410
f 3530 3796 3671
f 3673 3411 3672
f 3672 3413 3675
f 3673 3674 3412
f 3676 3414 3674
f 3797 3675 3531
f 3530 3676 3798
f 3677 3797 3531
f 3535 3799 3532
f 3532 3800 3533
f 3534 3533 3801
f 3534 3802 3677
f 3679 3416 3678
f 3678 3417 3680
f 3418 3679 3681
f 3803 3680 3524
f 3681 3804 3535
f 3536 3682 3805
f 3806 3683 3421
f 3684 3420 3683
f 3686 3422 3684
f 3426 3689 3685
f 3421 3685 3806
f 3687 3423 3686
f 3688 3424 3687
f 3536 3805 3689
f 3691 3690 3428
f 3692 3691 3429
f 3788 3692 3523
f 3699 3693 3436
f 3807 3537 3693
f 3808 3694 3432
f 3695 3808 3432
f 3695 3537 3807
f 3809 3538 3539
f 3539 3540 3810
f 3811 3540 3541
f 3541 3542 3812
f 3543 3813 3542
f 3543 3544 3814
f 3815 3544 3696
f 3697 3538 3809
f 3545 3546 3816
f 3698 3545 3816
f 3546 3550 3817
f 3549 3547 3818
f 3819 3547 3548
f 3548 3698 3820
f 3551 3549 3821
f 3550 3552 3822
f 3823 3555 3551
f 3552 3553 3824
f 3825 3553 3554
f 3554 3557 3826
f 3556 3555 3827
f 3828 3561 3556
f 3829 3557 3558
f 3559 3830 3558
f 3831 3559 3560
f 3832 3560 3697
f 3562 3561 3833
f 3834 3565 3562
f 3563 3835 3696
f 3563 3564 3835
f 3836 3564 3694
f 3565 3837 3622
f 3838 3567 3566
f 3839 3566 3575
f 3840 3568 3567
f 3569 3568 3841
f 3570 3569 3842
f 3571 3570 3843
f 3571 3844 3572
f 3845 3573 3572
f 3846 3574 3573
f 3699 3574 3847
f 3848 3575 3688
f 3576 3849 3579
f 3576 3577 3850
f 3577 3578 3851
f 3580 3852 3578
f 3583 3579 3853
f 3581 3854 3580
f 3700 3855 3581
f 3856 3582 3584
f 3856 3700 3582
f 3583 3857 3586
f 3858 3584 3701
f 3859 3585 3589
f 3860 3701 3585
f 3586 3861 3587
f 3587 3862 3588
f 3588 3862 3591
f 3859 3589 3702
f 3863 3590 3593
f 3863 3702 3590
f 3592 3591 3864
f 3865 3703 3592
f 3866 3593 3597
f 3867 3594 3595
f 3868 3595 3596
f 3596 3703 3869
f 3704 3442 3705
f 3706 3443 3704
f 3706 3870 3597
f 3867 3707 3594
f 3598 3871 3599
f 3872 3705 3599
f 3607 3871 3598
f 3873 3600 3601
f 3874 3602 3600
f 3707 3875 3601
f 3602 3876 3603
f 3604 3603 3877
f 3605 3604 3878
f 3605 3879 3606
f 3880 3609 3606
f 3607 3708 3881
f 3448 3709 3710
f 3711 3449 3710
f 3712 3450 3711
f 3713 3451 3712
f 3714 3452 3713
f 3453 3714 3715
f 3454 3715 3716
f 3608 3882 3709
f 3717 3455 3716
f 3718 3456 3717
f 3719 3457 3718
f 3719 3730 3468
f 3721 3720 3458
f 3726 3463 3720
f 3721 3459 3722
f 3722 3460 3723
f 3723 3461 3724
f 3724 3462 3725
f 3725 3464 3727
f 3728 3466 3726
f 3609 3883 3727
f 3729 3467 3728
f 3729 3882 3608
f 3731 3469 3730
f 3732 3470 3731
f 3733 3471 3732
f 3733 3884 3610
f 3734 3473 3735
f 3735 3610 3884
f 3736 3474 3734
f 3885 3611 3736
f 3737 3611 3885
f 3612 3886 3738
f 3739 3887 3613
f 3613 3887 3740
f 3740 3886 3612
f 3614 3888 3739
f 3742 3480 3741
f 3743 3481 3742
f 3743 3888 3614
f 3482 3738 3744
f 3889 3708 3615
f 3889 3615 3744
f 3745 3741 3485
f 3745 3483 3746
f 3747 3746 3484
f 3748 3747 3486
f 3749 3748 3487
f 3749 3616 3890
f 3750 3752 3490
f 3750 3489 3751
f 3753 3751 3491
f 3890 3616 3752
f 3754 3753 3492
f 3617 3891 3754
f 3755 3757 3494
f 3755 3493 3756
f 3756 3497 3892
f 3758 3495 3757
f 3759 3496 3758
f 3759 3891 3617
f 3892 3497 3760
f 3760 3618 3893
f 3502 3766 3761
f 3498 3761 3762
f 3499 3762 3763
f 3500 3763 3764
f 3501 3764 3765
f 3619 3765 3894
f 3504 3768 3766
f 3619 3894 3767
f 3514 3767 3779
f 3505 3769 3768
f 3506 3770 3769
f 3895 3770 3620
f 3510 3771 3775
f 3621 3896 3771
f 3772 3773 3508
f 3776 3772 3511
f 3773 3774 3509
f 3774 3896 3621
f 3775 3777 3512
f 3778 3776 3513
f 3895 3620 3777
f 3780 3778 3515
f 3517 3779 3782
f 3780 3516 3781
f 3784 3781 3519
f 3518 3782 3783
f 3893 3618 3783
f 3520 3785 3784
f 3897 3785 3622
f 3786 3623 3521
f 3898 3624 3623
f 3899 3625 3624
f 3787 3786 3522
f 3900 3626 3625
f 3901 3646 3626
f 3902 3634 3627
f 3903 3627 3628
f 3904 3628 3629
f 3905 3629 3630
f 3906 3630 3631
f 3907 3631 3632
f 3908 3632 3633
f 3909 3633 3635
f 3910 3643 3634
f 3911 3635 3636
f 3912 3636 3637
f 3913 3637 3638
f 3639 3914 3638
f 3915 3639 3640
f 3916 3640 3641
f 3917 3641 3642
f 3645 3918 3642
f 3919 3644 3643
f 3920 3787 3644
f 3647 3921 3645
f 3922 3648 3646
f 3647 3737 3923
f 3922 3649 3648
f 3924 3650 3649
f 3925 3651 3650
f 3651 3926 3788
f 3803 3524 3652
f 3652 3690 3927
f 3928 3654 3653
f 3654 3929 3655
f 3930 3656 3655
f 3931 3657 3656
f 3657 3932 3789
f 3525 3789 3790
f 3790 3791 3526
f 3791 3795 3529
f 3933 3659 3658
f 3658 3669 3934
f 3935 3792 3659
f 3928 3653 3792
f 3668 3936 3660
f 3660 3937 3661
f 3793 3661 3937
f 3938 3662 3663
f 3664 3662 3939
f 3663 3793 3940
f 3665 3664 3941
f 3665 3942 3666
f 3666 3943 3794
f 3944 3667 3794
f 3682 3667 3945
f 3668 3795 3946
f 3947 3669 3670
f 3948 3670 3671
f 3530 3798 3796
f 3948 3671 3796
f 3673 3672 3949
f 3672 3675 3950
f 3673 3951 3674
f 3676 3674 3952
f 3953 3675 3797
f 3676 3954 3798
f 3677 3955 3797
f 3804 3799 3535
f 3799 3800 3532
f 3800 3801 3533
f 3534 3801 3802
f 3802 3955 3677
f 3679 3678 3956
f 3678 3680 3957
f 3958 3681 3679
f 3959 3680 3803
f 3681 3960 3804
f 3682 3961 3805
f 3962 3683 3806
f 3963 3684 3683
f 3964 3686 3684
f 3689 3965 3685
f 3966 3806 3685
f 3687 3686 3967
f 3688 3687 3968
f 3805 3969 3689
f 3691 3970 3690
f 3971 3691 3692
f 3788 3972 3692
f 3973 3693 3699
f 3807 3693 3973
f 3808 3974 3694
f 3695 3974 3808
f 3975 3695 3807
f 3809 3539 3810
f 3811 3810 3540
f 3811 3541 3812
f 3542 3813 3812
f 3543 3814 3813
f 3815 3814 3544
f 3815 3696 3976
f 3977 3697 3809
f 3816 3546 3817
f 3978 3698 3816
f 3817 3550 3822
f 3818 3547 3819
f 3821 3549 3818
f 3819 3548 3820
f 3978 3820 3698
f 3823 3551 3821
f 3822 3552 3824
f 3827 3555 3823
f 3825 3824 3553
f 3825 3554 3826
f 3826 3557 3829
f 3828 3556 3827
f 3833 3561 3828
f 3829 3558 3830
f 3831 3830 3559
f 3831 3560 3832
f 3977 3832 3697
f 3834 3562 3833
f 3834 3837 3565
f 3696 3835 3976
f 3835 3564 3836
f 3979 3836 3694
f 3897 3622 3837
f 3840 3567 3838
f 3838 3566 3839
f 3839 3575 3848
f 3841 3568 3840
f 3842 3569 3841
f 3843 3570 3842
f 3571 3843 3844
f 3845 3572 3844
f 3846 3573 3845
f 3847 3574 3846
f 3980 3699 3847
f 3848 3688 3968
f 3576 3850 3849
f 3849 3853 3579
f 3577 3851 3850
f 3852 3851 3578
f 3854 3852 3580
f 3583 3853 3857
f 3855 3854 3581
f 3981 3855 3700
f 3856 3584 3858
f 3981 3700 3856
f 3857 3861 3586
f 3982 3858 3701
f 3859 3860 3585
f 3982 3701 3860
f 3587 3861 3862
f 3862 3864 3591
f 3983 3859 3702
f 3866 3863 3593
f 3863 3983 3702
f 3865 3592 3864
f 3865 3984 3703
f 3866 3597 3870
f 3868 3867 3595
f 3868 3596 3869
f 3869 3703 3984
f 3985 3704 3705
f 3986 3706 3704
f 3987 3870 3706
f 3867 3988 3707
f 3872 3599 3871
f 3872 3985 3705
f 3607 3881 3871
f 3873 3874 3600
f 3873 3601 3875
f 3874 3876 3602
f 3988 3875 3707
f 3877 3603 3876
f 3878 3604 3877
f 3605 3878 3879
f 3880 3606 3879
f 3880 3989 3609
f 3990 3881 3708
f 3991 3710 3709
f 3711 3710 3992
f 3712 3711 3993
f 3713 3712 3994
f 3714 3713 3995
f 3714 3996 3715
f 3715 3997 3716
f 3991 3709 3882
f 3998 3717 3716
f 3999 3718 3717
f 4000 3719 3718
f 4001 3730 3719
f 3721 4002 3720
f 4003 3726 3720
f 3721 3722 4004
f 3722 3723 4005
f 4006 3723 3724
f 4007 3724 3725
f 4008 3725 3727
f 3728 3726 4009
f 3609 3989 3883
f 4008 3727 3883
f 4010 3729 3728
f 3729 4011 3882
f 4012 3731 3730
f 4013 3732 3731
f 4014 3733 3732
f 4015 3884 3733
f 3734 3735 4016
f 3735 3884 4017
f 3736 3734 4016
f 3885 3736 4018
f 3737 3885 4019
f 3886 4020 3738
f 4021 3887 3739
f 3887 4022 3740
f 3740 4022 3886
f 3888 4021 3739
f 3742 3741 4023
f 4024 3743 3742
f 3743 4025 3888
f 3738 4020 3744
f 3990 3708 3889
f 3889 3744 4026
f 4023 3741 3745
f 4027 3745 3746
f 3747 4028 3746
f 3748 4029 3747
f 4030 3748 3749
f 3749 3890 4031
f 4032 3752 3750
f 3750 3751 4033
f 3753 4034 3751
f 4035 3890 3752
f 3754 4036 3753
f 4037 3754 3891
f 4038 3757 3755
f 3755 3756 4039
f 3756 3892 4040
f 4041 3758 3757
f 3759 3758 4042
f 3759 4043 3891
f 3892 3760 4044
f 3760 3893 4045
f 3766 4046 3761
f 3762 3761 4047
f 3762 4048 3763
f 3763 4049 3764
f 4050 3765 3764
f 4051 3894 3765
f 4052 3766 3768
f 3767 3894 4053
f 3779 3767 4053
f 4054 3768 3769
f 4055 3769 3770
f 4056 3770 3895
f 3771 4057 3775
f 3896 4057 3771
f 4058 3773 3772
f 3776 4059 3772
f 4060 3774 3773
f 3774 4061 3896
f 3775 4062 3777
f 3778 4063 3776
f 4064 3895 3777
f 3780 4065 3778
f 3779 4066 3782
f 3780 3781 4067
f 4068 3781 3784
f 3782 4069 3783
f 3893 3783 4070
f 4071 3784 3785
f 3897 4072 3785
f 3786 3898 3623
f 3899 3624 3898
f 3900 3625 3899
f 4073 3786 3787
f 3900 3901 3626
f 3901 3922 3646
f 3910 3634 3902
f 3902 3627 3903
f 3903 3628 3904
f 3905 3904 3629
f 3906 3905 3630
f 3906 3631 3907
f 3908 3907 3632
f 3908 3633 3909
f 3909 3635 3911
f 3910 3919 3643
f 3911 3636 3912
f 3912 3637 3913
f 3914 3913 3638
f 3915 3914 3639
f 3916 3915 3640
f 3917 3916 3641
f 3917 3642 3918
f 3921 3918 3645
f 3920 3644 3919
f 3920 4074 3787
f 3647 3923 3921
f 3737 4019 3923
f 4075 3649 3922
f 3924 3925 3650
f 4075 3924 3649
f 3925 3926 3651
f 3926 4076 3788
f 3803 3652 3927
f 3927 3690 3970
f 3928 3929 3654
f 3930 3655 3929
f 3930 3931 3656
f 3931 3932 3657
f 3932 4077 3789
f 3789 4078 3790
f 3790 4079 3791
f 3791 4080 3795
f 3935 3659 3933
f 3933 3658 3934
f 3934 3669 3947
f 3935 4081 3792
f 3928 3792 4081
f 3668 3946 3936
f 3660 3936 3937
f 4082 3793 3937
f 3939 3662 3938
f 3938 3663 3940
f 3664 3939 3941
f 3940 3793 4082
f 3665 3941 3942
f 3942 3943 3666
f 3943 3944 3794
f 3945 3667 3944
f 3682 3945 3961
f 3795 4083 3946
f 3948 3947 3670
f 3798 4084 3796
f 3948 3796 4085
f 3672 3950 3949
f 3673 3949 3951
f 3950 3675 3953
f 3951 3952 3674
f 3676 3952 3954
f 4086 3953 3797
f 3798 3954 4087
f 4086 3797 3955
f 3804 4088 3799
f 3799 4089 3800
f 4090 3801 3800
f 3802 3801 4091
f 3802 4092 3955
f 3678 3957 3956
f 3958 3679 3956
f 3959 3957 3680
f 3958 3960 3681
f 4093 3959 3803
f 3804 3960 4094
f 3805 3961 4095
f 3963 3683 3962
f 3962 3806 3966
f 3963 3964 3684
f 3967 3686 3964
f 3689 3969 3965
f 3966 3685 3965
f 3968 3687 3967
f 3805 4095 3969
f 3971 3970 3691
f 3971 3692 3972
f 3788 4076 3972
f 3973 3699 3980
f 4096 3807 3973
f 3979 3694 3974
f 3975 3974 3695
f 3975 3807 4096
f 4097 3809 3810
f 3811 4098 3810
f 3811 3812 4099
f 3813 4100 3812
f 4101 3813 3814
f 4102 3814 3815
f 3815 3976 4103
f 3977 3809 4097
f 4104 3816 3817
f 3978 3816 4104
f 3817 3822 4105
f 3818 3819 4106
f 3821 3818 4107
f 4108 3819 3820
f 4109 3820 3978
f 3823 3821 4110
f 3822 3824 4111
f 4112 3827 3823
f 3825 4113 3824
f 3825 3826 4114
f 3826 3829 4115
f 4116 3828 3827
f 4117 3833 3828
f 3829 3830 4118
f 3831 4119 3830
f 4120 3831 3832
f 4121 3832 3977
f 4122 3834 3833
f 3834 4123 3837
f 3835 4124 3976
f 3835 3836 4124
f 4125 3836 3979
f 3897 3837 4126
f 3840 3838 4127
f 3838 3839 4128
f 3839 3848 4129
f 3841 3840 4130
f 3842 3841 4131
f 3843 3842 4132
f 3843 4133 3844
f 4134 3845 3844
f 3846 3845 4135
f 4136 3847 3846
f 4137 3980 3847
f 4138 3848 3968
f 3849 3850 4139
f 3849 4140 3853
f 3851 4141 3850
f 3852 4142 3851
f 3854 4143 3852
f 3853 4144 3857
f 3855 4145 3854
f 3981 4146 3855
f 3856 3858 4147
f 3981 3856 4147
f 3857 4148 3861
f 4149 3858 3982
f 4150 3860 3859
f 4151 3982 3860
f 3861 4152 3862
f 4152 3864 3862
f 4150 3859 3983
f 4153 3863 3866
f 4153 3983 3863
f 3865 3864 4154
f 3865 4155 3984
f 4156 3866 3870
f 4157 3867 3868
f 3868 3869 4158
f 4159 3869 3984
f 3986 3704 3985
f 3986 3987 3706
f 4156 3870 3987
f 4157 3988 3867
f 3872 3871 4160
f 3872 4161 3985
f 4160 3871 3881
f 3873 4162 3874
f 4163 3873 3875
f 3874 4164 3876
f 4165 3875 3988
f 4166 3877 3876
f 3878 3877 4167
f 3878 4168 3879
f 4169 3880 3879
f 4170 3989 3880
f 4171 3881 3990
f 3992 3710 3991
f 3711 3992 3993
f 3712 3993 3994
f 3995 3713 3994
f 3714 3995 3996
f 3715 3996 3997
f 3998 3716 3997
f 3991 3882 4172
f 3999 3717 3998
f 4000 3718 3999
f 4001 3719 4000
f 4012 3730 4001
f 3721 4004 4002
f 4003 3720 4002
f 4009 3726 4003
f 3722 4005 4004
f 4005 3723 4006
f 4006 3724 4007
f 4007 3725 4008
f 4010 3728 4009
f 3989 4173 3883
f 4174 4008 3883
f 4010 4011 3729
f 4172 3882 4011
f 4012 4175 3731
f 4014 3732 4013
f 4013 3731 4175
f 4015 3733 4014
f 4176 3884 4015
f 4016 3735 4017
f 4176 4017 3884
f 4018 3736 4016
f 4177 3885 4018
f 4019 3885 4177
f 3886 4178 4020
f 4021 4179 3887
f 4179 4022 3887
f 4022 4178 3886
f 4180 4021 3888
f 4024 3742 4023
f 4024 4025 3743
f 4180 3888 4025
f 4026 3744 4020
f 4181 3990 3889
f 4181 3889 4026
f 4023 3745 4027
f 4028 4027 3746
f 4029 4028 3747
f 4030 4029 3748
f 4030 3749 4031
f 4031 3890 4182
f 4035 3752 4032
f 4032 3750 4033
f 3751 4034 4033
f 4036 4034 3753
f 4183 3890 4035
f 4037 4036 3754
f 4037 3891 4184
f 4041 3757 4038
f 4038 3755 4039
f 3756 4040 4039
f 4040 3892 4185
f 4041 4042 3758
f 3759 4042 4043
f 4043 4184 3891
f 4044 3760 4045
f 4185 3892 4044
f 3893 4186 4045
f 4052 4046 3766
f 3761 4046 4047
f 3762 4047 4048
f 4048 4049 3763
f 4050 3764 4049
f 4051 3765 4050
f 4187 3894 4051
f 4054 4052 3768
f 4187 4053 3894
f 3779 4053 4066
f 4054 3769 4055
f 4056 4055 3770
f 4056 3895 4188
f 3775 4057 4062
f 4189 4057 3896
f 4058 4060 3773
f 4059 4058 3772
f 3776 4063 4059
f 4060 4061 3774
f 4189 3896 4061
f 4064 3777 4062
f 4065 4063 3778
f 4064 4188 3895
f 3780 4067 4065
f 3782 4066 4069
f 4068 4067 3781
f 4068 3784 4071
f 3783 4069 4070
f 3893 4070 4186
f 4072 4071 3785
f 4190 4072 3897
f 4073 3898 3786
f 4191 3899 3898
f 3900 3899 4192
f 4074 4073 3787
f 4193 3901 3900
f 4194 3922 3901
f 4052 3910 3902
f 3902 3903 4046
f 3903 3904 4047
f 3905 4048 3904
f 3906 4049 3905
f 4050 3906 3907
f 4051 3907 3908
f 4187 3908 3909
f 4195 3909 3911
f 4054 3919 3910
f 4196 3911 3912
f 4197 3912 3913
f 4198 3913 3914
f 4199 3914 3915
f 4200 3915 3916
f 4201 3916 3917
f 4202 3917 3918
f 3921 4203 3918
f 4055 3920 3919
f 4056 4074 3920
f 3923 4204 3921
f 4019 4205 3923
f 4075 3922 4194
f 4206 3925 3924
f 4207 3924 4075
f 3925 4208 3926
f 3926 4209 4076
f 4093 3803 3927
f 3927 3970 4210
f 4211 3929 3928
f 3930 3929 4212
f 3930 4213 3931
f 3931 4214 3932
f 4215 4077 3932
f 3789 4077 4078
f 3790 4078 4079
f 3791 4079 4080
f 3795 4080 4083
f 3935 3933 4216
f 4217 3933 3934
f 4218 3934 3947
f 3935 4219 4081
f 4220 3928 4081
f 3936 3946 4221
f 3936 4222 3937
f 4082 3937 4222
f 3939 3938 4223
f 3938 3940 4224
f 3941 3939 4225
f 3940 4082 4226
f 3941 4227 3942
f 3942 4228 3943
f 3943 4229 3944
f 3945 3944 4230
f 3945 4231 3961
f 4232 3946 4083
f 4233 3947 3948
f 3798 4087 4084
f 4085 3796 4084
f 4233 3948 4085
f 3950 4234 3949
f 3949 4235 3951
f 3950 3953 4236
f 3951 4237 3952
f 3954 3952 4238
f 4086 4239 3953
f 3954 4240 4087
f 4086 3955 4241
f 3804 4094 4088
f 3799 4088 4089
f 4090 3800 4089
f 4091 3801 4090
f 3802 4091 4092
f 4092 4241 3955
f 3956 3957 4242
f 3958 3956 4243
f 3959 4244 3957
f 3958 4245 3960
f 4093 4246 3959
f 3960 4247 4094
f 3961 4248 4095
f 3963 3962 4249
f 3962 3966 4250
f 3963 4251 3964
f 3967 3964 4252
f 4253 3965 3969
f 3966 3965 4254
f 4255 3968 3967
f 4256 3969 4095
f 4210 3970 3971
f 3971 3972 4257
f 4076 4258 3972
f 4259 3973 3980
f 4096 3973 4259
f 3979 3974 4260
f 4261 3974 3975
f 3975 4096 4262
f 4097 3810 4098
f 3811 4099 4098
f 4099 3812 4100
f 4101 4100 3813
f 4101 3814 4102
f 4102 3815 4103
f 4103 3976 4263
f 4264 3977 4097
f 4104 3817 4105
f 3978 4104 4265
f 3822 4111 4105
f 4108 4106 3819
f 3818 4106 4107
f 3821 4107 4110
f 4108 3820 4109
f 4109 3978 4265
f 4112 3823 4110
f 4111 3824 4113
f 4116 3827 4112
f 3825 4114 4113
f 3826 4115 4114
f 3829 4118 4115
f 4116 4117 3828
f 4122 3833 4117
f 4118 3830 4119
f 4120 4119 3831
f 4120 3832 4121
f 4121 3977 4264
f 4122 4123 3834
f 4123 4126 3837
f 4263 3976 4124
f 4124 3836 4125
f 4125 3979 4260
f 4190 3897 4126
f 4127 3838 4128
f 4130 3840 4127
f 4128 3839 4129
f 4129 3848 4138
f 4131 3841 4130
f 3842 4131 4132
f 3843 4132 4133
f 4134 3844 4133
f 4134 4135 3845
f 4136 3846 4135
f 4137 3847 4136
f 4266 3980 4137
f 4138 3968 4255
f 4141 4139 3850
f 3849 4139 4140
f 3853 4140 4144
f 4142 4141 3851
f 4143 4142 3852
f 4145 4143 3854
f 4144 4148 3857
f 4146 4145 3855
f 3981 4267 4146
f 4149 4147 3858
f 4147 4268 3981
f 3861 4148 4152
f 4269 4149 3982
f 4150 4151 3860
f 4269 3982 4151
f 4152 4154 3864
f 4270 4150 3983
f 4271 4153 3866
f 4153 4270 3983
f 3865 4154 4155
f 3984 4155 4272
f 4156 4271 3866
f 4157 3868 4158
f 4159 4158 3869
f 4159 3984 4272
f 3986 3985 4161
f 4273 3987 3986
f 4274 4156 3987
f 4275 3988 4157
f 4276 3872 4160
f 4276 4161 3872
f 4171 4160 3881
f 4163 4162 3873
f 3874 4162 4164
f 4163 3875 4165
f 4164 4166 3876
f 4275 4165 3988
f 4166 4167 3877
f 3878 4167 4168
f 4169 3879 4168
f 4169 4170 3880
f 4170 4277 3989
f 4278 4171 3990
f 4279 3992 3991
f 4280 3993 3992
f 4281 3994 3993
f 3995 3994 4282
f 3995 4283 3996
f 4283 3997 3996
f 3998 3997 4284
f 4279 3991 4172
f 3999 3998 4285
f 4000 3999 4286
f 4287 4001 4000
f 4287 4012 4001
f 4004 4288 4002
f 4289 4003 4002
f 4290 4009 4003
f 4005 4291 4004
f 4005 4006 4292
f 4006 4007 4293
f 4294 4007 4008
f 4010 4009 4295
f 4277 4173 3989
f 4174 3883 4173
f 4294 4008 4174
f 4010 4296 4011
f 4172 4011 4297
f 4298 4175 4012
f 4014 4013 4299
f 4013 4175 4300
f 4015 4014 4301
f 4302 4176 4015
f 4016 4017 4303
f 4304 4017 4176
f 4018 4016 4303
f 4177 4018 4305
f 4019 4177 4306
f 4307 4020 4178
f 4308 4179 4021
f 4309 4022 4179
f 4309 4178 4022
f 4180 4308 4021
f 4310 4024 4023
f 4024 4311 4025
f 4180 4025 4312
f 4307 4026 4020
f 4181 4278 3990
f 4313 4181 4026
f 4310 4023 4027
f 4314 4027 4028
f 4029 4315 4028
f 4030 4316 4029
f 4030 4031 4317
f 4182 3890 4183
f 4031 4182 4318
f 4319 4035 4032
f 4032 4033 4320
f 4034 4321 4033
f 4036 4322 4034
f 4183 4035 4323
f 4324 4036 4037
f 4325 4037 4184
f 4041 4038 4326
f 4038 4039 4327
f 4040 4328 4039
f 4040 4185 4328
f 4041 4329 4042
f 4043 4042 4330
f 4043 4331 4184
f 4044 4045 4332
f 4185 4044 4333
f 4334 4045 4186
f 4052 3902 4046
f 4046 3903 4047
f 4048 4047 3904
f 3905 4049 4048
f 4050 4049 3906
f 4051 4050 3907
f 4187 4051 3908
f 4054 3910 4052
f 4187 4195 4053
f 4195 4066 4053
f 4054 4055 3919
f 4056 3920 4055
f 4056 4188 4074
f 4057 4335 4062
f 4189 4335 4057
f 4058 4336 4060
f 4337 4058 4059
f 4338 4059 4063
f 4339 4061 4060
f 4340 4189 4061
f 4064 4062 4341
f 4342 4063 4065
f 4064 4343 4188
f 4067 4344 4065
f 4069 4066 4196
f 4068 4345 4067
f 4346 4068 4071
f 4069 4197 4070
f 4070 4198 4186
f 4072 4347 4071
f 4190 4348 4072
f 4191 3898 4073
f 4191 4192 3899
f 4193 3900 4192
f 4349 4073 4074
f 4193 4194 3901
f 4187 3909 4195
f 4195 3911 4196
f 4197 4196 3912
f 4197 3913 4198
f 4199 4198 3914
f 4199 3915 4200
f 4201 4200 3916
f 4202 4201 3917
f 4202 3918 4203
f 3921 4204 4203
f 3923 4205 4204
f 4019 4306 4205
f 4075 4194 4350
f 4206 4208 3925
f 4207 4206 3924
f 4207 4075 4350
f 3926 4208 4209
f 4209 4351 4076
f 4093 3927 4352
f 3927 4210 4353
f 4211 4212 3929
f 4220 4211 3928
f 3930 4212 4213
f 3931 4213 4214
f 4354 3932 4214
f 4215 4355 4077
f 4354 4215 3932
f 4356 4078 4077
f 4357 4079 4078
f 4358 4080 4079
f 4359 4083 4080
f 4217 4216 3933
f 3935 4216 4219
f 4218 4217 3934
f 4218 3947 4233
f 4360 4081 4219
f 4360 4220 4081
f 4232 4221 3946
f 3936 4221 4222
f 4082 4222 4361
f 3938 4224 4223
f 3939 4223 4362
f 3940 4226 4224
f 3939 4362 4225
f 3941 4225 4227
f 4082 4361 4226
f 3942 4227 4228
f 4228 4229 3943
f 3944 4229 4230
f 3945 4230 4231
f 3961 4231 4248
f 4363 4232 4083
f 4087 4364 4084
f 4085 4084 4365
f 4366 4233 4085
f 3950 4236 4234
f 3949 4234 4235
f 4235 4237 3951
f 3953 4239 4236
f 4237 4238 3952
f 3954 4238 4240
f 4086 4367 4239
f 4087 4240 4368
f 4086 4241 4367
f 4088 4094 4369
f 4088 4370 4089
f 4090 4089 4371
f 4091 4090 4372
f 4091 4373 4092
f 4092 4374 4241
f 3957 4244 4242
f 3956 4242 4243
f 3958 4243 4245
f 3959 4246 4244
f 3960 4245 4247
f 4093 4375 4246
f 4094 4247 4376
f 4377 4095 4248
f 4249 3962 4250
f 3963 4249 4251
f 3966 4254 4250
f 4251 4252 3964
f 4255 3967 4252
f 4254 3965 4253
f 4256 4253 3969
f 4256 4095 4377
f 4210 3971 4257
f 4258 4257 3972
f 4076 4351 4258
f 4266 4259 3980
f 4378 4096 4259
f 4261 4260 3974
f 4261 3975 4262
f 4378 4262 4096
f 4379 4097 4098
f 4380 4098 4099
f 4381 4099 4100
f 4382 4100 4101
f 4383 4101 4102
f 4102 4103 4384
f 4385 4103 4263
f 4264 4097 4379
f 4104 4105 4386
f 4104 4386 4265
f 4387 4105 4111
f 4388 4106 4108
f 4389 4107 4106
f 4390 4110 4107
f 4391 4108 4109
f 4392 4109 4265
f 4393 4112 4110
f 4394 4111 4113
f 4395 4116 4112
f 4396 4113 4114
f 4397 4114 4115
f 4398 4115 4118
f 4116 4399 4117
f 4400 4122 4117
f 4118 4119 4401
f 4120 4402 4119
f 4120 4121 4403
f 4404 4121 4264
f 4405 4123 4122
f 4123 4406 4126
f 4263 4124 4407
f 4124 4125 4407
f 4408 4125 4260
f 4190 4126 4409
f 4127 4128 4410
f 4130 4127 4411
f 4128 4129 4412
f 4413 4129 4138
f 4131 4130 4414
f 4132 4131 4415
f 4133 4132 4416
f 4417 4134 4133
f 4134 4418 4135
f 4136 4135 4419
f 4137 4136 4420
f 4421 4266 4137
f 4413 4138 4255
f 4141 4422 4139
f 4139 4423 4140
f 4144 4140 4424
f 4142 4425 4141
f 4143 4426 4142
f 4145 4427 4143
f 4428 4148 4144
f 4429 4145 4146
f 3981 4268 4267
f 4146 4267 4430
f 4268 4147 4149
f 4148 4431 4152
f 4432 4149 4269
f 4433 4151 4150
f 4434 4269 4151
f 4152 4431 4154
f 4270 4433 4150
f 4435 4153 4271
f 4435 4270 4153
f 4155 4154 4436
f 4437 4272 4155
f 4438 4271 4156
f 4157 4158 4439
f 4159 4440 4158
f 4159 4272 4441
f 4273 3986 4161
f 4273 4274 3987
f 4274 4438 4156
f 4275 4157 4439
f 4276 4160 4442
f 4443 4161 4276
f 4442 4160 4171
f 4163 4444 4162
f 4445 4164 4162
f 4163 4165 4446
f 4447 4166 4164
f 4448 4165 4275
f 4166 4449 4167
f 4450 4168 4167
f 4169 4168 4451
f 4452 4170 4169
f 4453 4277 4170
f 4278 4454 4171
f 4280 3992 4279
f 4281 3993 4280
f 4282 3994 4281
f 3995 4282 4283
f 4283 4284 3997
f 4285 3998 4284
f 4455 4279 4172
f 3999 4285 4286
f 4456 4000 4286
f 4287 4000 4456
f 4287 4298 4012
f 4291 4288 4004
f 4289 4002 4288
f 4289 4290 4003
f 4295 4009 4290
f 4005 4292 4291
f 4006 4293 4292
f 4293 4007 4294
f 4010 4295 4296
f 4277 4457 4173
f 4458 4174 4173
f 4459 4294 4174
f 4296 4297 4011
f 4455 4172 4297
f 4298 4460 4175
f 4299 4013 4300
f 4014 4299 4301
f 4460 4300 4175
f 4302 4015 4301
f 4302 4461 4176
f 4304 4303 4017
f 4304 4176 4461
f 4018 4303 4305
f 4462 4177 4305
f 4306 4177 4462
f 4463 4307 4178
f 4308 4464 4179
f 4309 4179 4465
f 4309 4463 4178
f 4180 4466 4308
f 4310 4311 4024
f 4311 4312 4025
f 4180 4312 4466
f 4313 4026 4307
f 4181 4467 4278
f 4313 4467 4181
f 4314 4310 4027
f 4314 4028 4315
f 4029 4316 4315
f 4030 4317 4316
f 4317 4031 4318
f 4182 4183 4468
f 4182 4469 4318
f 4319 4323 4035
f 4319 4032 4320
f 4320 4033 4321
f 4034 4322 4321
f 4324 4322 4036
f 4183 4323 4470
f 4324 4037 4325
f 4325 4184 4471
f 4038 4327 4326
f 4326 4472 4041
f 4039 4328 4327
f 4328 4185 4473
f 4041 4472 4329
f 4042 4329 4330
f 4043 4330 4331
f 4474 4184 4331
f 4334 4332 4045
f 4044 4332 4333
f 4185 4333 4473
f 4334 4186 4199
f 4195 4196 4066
f 4188 4349 4074
f 4341 4062 4335
f 4189 4475 4335
f 4337 4336 4058
f 4336 4339 4060
f 4338 4337 4059
f 4342 4338 4063
f 4339 4340 4061
f 4340 4475 4189
f 4064 4341 4343
f 4344 4342 4065
f 4188 4343 4349
f 4345 4344 4067
f 4069 4196 4197
f 4346 4345 4068
f 4346 4071 4347
f 4070 4197 4198
f 4199 4186 4198
f 4348 4347 4072
f 4190 4476 4348
f 4191 4073 4349
f 4191 4477 4192
f 4478 4193 4192
f 4479 4194 4193
f 4334 4199 4200
f 4480 4200 4201
f 4202 4481 4201
f 4202 4203 4482
f 4483 4203 4204
f 4205 4484 4204
f 4205 4306 4485
f 4350 4194 4479
f 4206 4486 4208
f 4487 4206 4207
f 4488 4207 4350
f 4489 4209 4208
f 4209 4490 4351
f 4352 3927 4353
f 4093 4352 4375
f 4491 4353 4210
f 4211 4492 4212
f 4220 4492 4211
f 4493 4213 4212
f 4494 4214 4213
f 4494 4354 4214
f 4215 4495 4355
f 4355 4356 4077
f 4496 4215 4354
f 4356 4357 4078
f 4357 4358 4079
f 4359 4080 4358
f 4359 4363 4083
f 4217 4497 4216
f 4216 4497 4219
f 4218 4498 4217
f 4218 4233 4499
f 4500 4360 4219
f 4360 4501 4220
f 4502 4221 4232
f 4221 4503 4222
f 4361 4222 4503
f 4223 4224 4504
f 4223 4504 4362
f 4224 4226 4505
f 4225 4362 4506
f 4225 4507 4227
f 4361 4508 4226
f 4227 4509 4228
f 4228 4510 4229
f 4511 4230 4229
f 4231 4230 4512
f 4231 4513 4248
f 4514 4232 4363
f 4087 4368 4364
f 4364 4365 4084
f 4366 4085 4365
f 4515 4233 4366
f 4234 4236 4516
f 4234 4517 4235
f 4235 4518 4237
f 4239 4519 4236
f 4237 4520 4238
f 4238 4521 4240
f 4239 4367 4522
f 4523 4368 4240
f 4367 4241 4524
f 4094 4376 4369
f 4088 4369 4370
f 4089 4370 4371
f 4372 4090 4371
f 4091 4372 4373
f 4373 4374 4092
f 4374 4524 4241
f 4242 4244 4525
f 4242 4526 4243
f 4243 4527 4245
f 4246 4528 4244
f 4245 4529 4247
f 4375 4530 4246
f 4531 4376 4247
f 4377 4248 4532
f 4249 4250 4533
f 4534 4251 4249
f 4535 4250 4254
f 4536 4252 4251
f 4537 4255 4252
f 4538 4254 4253
f 4256 4539 4253
f 4540 4256 4377
f 4491 4210 4257
f 4541 4257 4258
f 4351 4542 4258
f 4543 4259 4266
f 4378 4259 4543
f 4544 4260 4261
f 4545 4261 4262
f 4546 4262 4378
f 4379 4098 4380
f 4380 4099 4381
f 4382 4381 4100
f 4382 4101 4383
f 4383 4102 4384
f 4384 4103 4385
f 4385 4263 4547
f 4264 4379 4548
f 4387 4386 4105
f 4265 4386 4549
f 4387 4111 4394
f 4388 4389 4106
f 4388 4108 4391
f 4390 4107 4389
f 4393 4110 4390
f 4392 4391 4109
f 4392 4265 4549
f 4393 4395 4112
f 4394 4113 4396
f 4395 4399 4116
f 4396 4114 4397
f 4398 4397 4115
f 4398 4118 4401
f 4400 4117 4399
f 4400 4405 4122
f 4401 4119 4402
f 4120 4403 4402
f 4403 4121 4404
f 4404 4264 4548
f 4405 4406 4123
f 4406 4409 4126
f 4263 4407 4550
f 4407 4125 4408
f 4544 4408 4260
f 4190 4409 4476
f 4410 4128 4412
f 4127 4410 4411
f 4130 4411 4414
f 4413 4412 4129
f 4415 4131 4414
f 4416 4132 4415
f 4417 4133 4416
f 4417 4418 4134
f 4135 4418 4419
f 4420 4136 4419
f 4421 4137 4420
f 4421 4551 4266
f 4552 4413 4255
f 4425 4422 4141
f 4422 4423 4139
f 4423 4424 4140
f 4428 4144 4424
f 4142 4426 4425
f 4143 4427 4426
f 4429 4427 4145
f 4553 4148 4428
f 4429 4146 4430
f 4268 4554 4267
f 4555 4430 4267
f 4268 4149 4432
f 4553 4431 4148
f 4556 4432 4269
f 4557 4151 4433
f 4434 4556 4269
f 4434 4151 4557
f 4431 4436 4154
f 4558 4433 4270
f 4559 4435 4271
f 4558 4270 4435
f 4437 4155 4436
f 4437 4560 4272
f 4559 4271 4438
f 4440 4439 4158
f 4159 4441 4440
f 4560 4441 4272
f 4443 4273 4161
f 4273 4561 4274
f 4274 4562 4438
f 4275 4439 4563
f 4276 4442 4564
f 4443 4276 4564
f 4442 4171 4454
f 4163 4446 4444
f 4444 4445 4162
f 4447 4164 4445
f 4448 4446 4165
f 4447 4449 4166
f 4448 4275 4563
f 4449 4450 4167
f 4450 4451 4168
f 4452 4169 4451
f 4452 4453 4170
f 4565 4277 4453
f 4278 4566 4454
f 4280 4279 4567
f 4568 4281 4280
f 4569 4282 4281
f 4282 4570 4283
f 4571 4284 4283
f 4285 4284 4572
f 4567 4279 4455
f 4285 4573 4286
f 4574 4456 4286
f 4287 4456 4575
f 4287 4575 4298
f 4291 4576 4288
f 4577 4289 4288
f 4578 4290 4289
f 4579 4295 4290
f 4291 4292 4580
f 4581 4292 4293
f 4582 4293 4294
f 4579 4296 4295
f 4277 4583 4457
f 4458 4173 4457
f 4459 4174 4458
f 4582 4294 4459
f 4584 4297 4296
f 4585 4455 4297
f 4428 4460 4298
f 4299 4300 4423
f 4301 4299 4422
f 4460 4424 4300
f 4302 4301 4425
f 4302 4426 4461
f 4586 4303 4304
f 4304 4461 4587
f 4586 4305 4303
f 4586 4462 4305
f 4306 4462 4588
f 4589 4307 4463
f 4466 4464 4308
f 4179 4464 4465
f 4309 4465 4590
f 4309 4590 4463
f 4310 4591 4311
f 4311 4592 4312
f 4466 4312 4593
f 4589 4313 4307
f 4278 4467 4566
f 4594 4467 4313
f 4314 4591 4310
f 4314 4315 4595
f 4315 4316 4596
f 4597 4316 4317
f 4317 4318 4598
f 4183 4470 4468
f 4182 4468 4469
f 4469 4599 4318
f 4319 4600 4323
f 4319 4320 4600
f 4601 4320 4321
f 4322 4602 4321
f 4324 4603 4322
f 4323 4604 4470
f 4324 4325 4605
f 4474 4471 4184
f 4325 4471 4606
f 4607 4326 4327
f 4607 4472 4326
f 4608 4327 4328
f 4328 4473 4609
f 4472 4610 4329
f 4330 4329 4611
f 4331 4330 4612
f 4474 4331 4613
f 4480 4332 4334
f 4333 4332 4614
f 4473 4333 4615
f 4616 4341 4335
f 4616 4335 4475
f 4337 4617 4336
f 4336 4618 4339
f 4338 4619 4337
f 4342 4620 4338
f 4339 4621 4340
f 4340 4622 4475
f 4341 4623 4343
f 4344 4624 4342
f 4343 4477 4349
f 4345 4625 4344
f 4346 4626 4345
f 4627 4346 4347
f 4628 4347 4348
f 4348 4476 4629
f 4191 4349 4477
f 4478 4192 4477
f 4478 4479 4193
f 4480 4334 4200
f 4481 4480 4201
f 4202 4482 4481
f 4482 4203 4483
f 4484 4483 4204
f 4205 4485 4484
f 4485 4306 4588
f 4630 4350 4479
f 4487 4486 4206
f 4486 4489 4208
f 4488 4487 4207
f 4630 4488 4350
f 4489 4490 4209
f 4490 4631 4351
f 4632 4352 4353
f 4632 4375 4352
f 4491 4633 4353
f 4493 4212 4492
f 4501 4492 4220
f 4493 4494 4213
f 4494 4634 4354
f 4496 4495 4215
f 4495 4635 4355
f 4355 4636 4356
f 4634 4496 4354
f 4356 4637 4357
f 4357 4638 4358
f 4359 4358 4639
f 4359 4640 4363
f 4498 4497 4217
f 4497 4641 4219
f 4218 4499 4498
f 4515 4499 4233
f 4500 4642 4360
f 4500 4219 4641
f 4360 4642 4501
f 4502 4503 4221
f 4514 4502 4232
f 4361 4503 4643
f 4504 4224 4505
f 4504 4644 4362
f 4505 4226 4508
f 4362 4644 4506
f 4225 4506 4507
f 4227 4507 4509
f 4361 4643 4508
f 4228 4509 4510
f 4510 4645 4229
f 4512 4230 4511
f 4511 4229 4646
f 4231 4512 4513
f 4532 4248 4513
f 4514 4363 4647
f 4648 4364 4368
f 4649 4365 4364
f 4650 4366 4365
f 4651 4515 4366
f 4516 4236 4519
f 4234 4516 4517
f 4235 4517 4518
f 4237 4518 4520
f 4239 4522 4519
f 4238 4520 4521
f 4523 4240 4521
f 4367 4652 4522
f 4653 4368 4523
f 4367 4524 4652
f 4369 4376 4654
f 4370 4369 4655
f 4656 4371 4370
f 4657 4372 4371
f 4658 4373 4372
f 4373 4659 4374
f 4374 4660 4524
f 4661 4525 4244
f 4242 4525 4526
f 4526 4527 4243
f 4527 4529 4245
f 4246 4530 4528
f 4528 4661 4244
f 4529 4531 4247
f 4662 4530 4375
f 4531 4663 4376
f 4664 4377 4532
f 4535 4533 4250
f 4534 4249 4533
f 4534 4536 4251
f 4535 4254 4538
f 4537 4252 4536
f 4552 4255 4537
f 4538 4253 4539
f 4540 4539 4256
f 4664 4540 4377
f 4491 4257 4541
f 4542 4541 4258
f 4631 4542 4351
f 4543 4266 4551
f 4665 4378 4543
f 4544 4261 4545
f 4545 4262 4546
f 4546 4378 4665
f 4666 4379 4380
f 4667 4380 4381
f 4382 4668 4381
f 4669 4382 4383
f 4670 4383 4384
f 4384 4385 4671
f 4547 4263 4550
f 4672 4385 4547
f 4548 4379 4666
f 4673 4386 4387
f 4549 4386 4673
f 4674 4387 4394
f 4675 4389 4388
f 4388 4391 4676
f 4390 4389 4677
f 4393 4390 4678
f 4679 4391 4392
f 4392 4549 4680
f 4393 4681 4395
f 4682 4394 4396
f 4395 4683 4399
f 4684 4396 4397
f 4685 4397 4398
f 4398 4401 4686
f 4683 4400 4399
f 4687 4405 4400
f 4688 4401 4402
f 4403 4689 4402
f 4690 4403 4404
f 4691 4404 4548
f 4405 4692 4406
f 4406 4693 4409
f 4550 4407 4408
f 4694 4408 4544
f 4476 4409 4695
f 4696 4410 4412
f 4697 4411 4410
f 4698 4414 4411
f 4699 4412 4413
f 4700 4415 4414
f 4701 4416 4415
f 4702 4417 4416
f 4703 4418 4417
f 4704 4419 4418
f 4420 4419 4705
f 4706 4421 4420
f 4421 4707 4551
f 4699 4413 4552
f 4301 4422 4425
f 4299 4423 4422
f 4300 4424 4423
f 4428 4424 4460
f 4302 4425 4426
f 4427 4461 4426
f 4429 4587 4427
f 4575 4553 4428
f 4708 4429 4430
f 4268 4432 4554
f 4555 4267 4554
f 4709 4430 4555
f 4553 4710 4431
f 4556 4711 4432
f 4712 4557 4433
f 4713 4556 4434
f 4434 4557 4714
f 4710 4436 4431
f 4558 4712 4433
f 4715 4435 4559
f 4715 4558 4435
f 4716 4437 4436
f 4717 4560 4437
f 4559 4438 4718
f 4440 4719 4439
f 4440 4441 4720
f 4721 4441 4560
f 4443 4561 4273
f 4274 4561 4562
f 4718 4438 4562
f 4719 4563 4439
f 4564 4442 4454
f 4443 4564 4722
f 4723 4444 4446
f 4724 4445 4444
f 4725 4447 4445
f 4726 4446 4448
f 4727 4449 4447
f 4448 4563 4728
f 4729 4450 4449
f 4730 4451 4450
f 4452 4451 4731
f 4732 4453 4452
f 4565 4583 4277
f 4733 4565 4453
f 4566 4734 4454
f 4568 4280 4567
f 4569 4281 4568
f 4569 4570 4282
f 4571 4283 4570
f 4572 4284 4571
f 4285 4572 4573
f 4735 4567 4455
f 4574 4286 4573
f 4736 4456 4574
f 4575 4456 4736
f 4575 4428 4298
f 4291 4580 4576
f 4577 4288 4576
f 4578 4289 4577
f 4737 4290 4578
f 4737 4579 4290
f 4580 4292 4581
f 4581 4293 4582
f 4584 4296 4579
f 4583 4738 4457
f 4458 4457 4738
f 4739 4459 4458
f 4740 4582 4459
f 4585 4297 4584
f 4735 4455 4585
f 4586 4304 4587
f 4587 4461 4427
f 4586 4741 4462
f 4741 4588 4462
f 4589 4463 4742
f 4466 4743 4464
f 4464 4744 4465
f 4590 4465 4745
f 4463 4590 4742
f 4311 4591 4592
f 4593 4312 4592
f 4466 4593 4743
f 4594 4313 4589
f 4746 4566 4467
f 4594 4746 4467
f 4314 4595 4591
f 4595 4315 4596
f 4596 4316 4597
f 4597 4317 4598
f 4318 4599 4598
f 4470 4747 4468
f 4468 4748 4469
f 4469 4749 4599
f 4600 4604 4323
f 4601 4600 4320
f 4601 4321 4602
f 4603 4602 4322
f 4324 4605 4603
f 4470 4604 4750
f 4325 4606 4605
f 4751 4471 4474
f 4606 4471 4751
f 4607 4327 4608
f 4607 4752 4472
f 4608 4328 4609
f 4609 4473 4753
f 4472 4752 4610
f 4611 4329 4610
f 4330 4611 4612
f 4331 4612 4613
f 4474 4613 4754
f 4480 4614 4332
f 4615 4333 4614
f 4473 4615 4755
f 4616 4623 4341
f 4756 4616 4475
f 4337 4619 4617
f 4617 4618 4336
f 4339 4618 4621
f 4620 4619 4338
f 4624 4620 4342
f 4340 4621 4622
f 4756 4475 4622
f 4343 4623 4477
f 4344 4625 4624
f 4345 4626 4625
f 4627 4626 4346
f 4627 4347 4628
f 4628 4348 4629
f 4476 4757 4629
f 4623 4478 4477
f 4758 4479 4478
f 4481 4614 4480
f 4481 4482 4759
f 4482 4483 4760
f 4484 4761 4483
f 4484 4485 4762
f 4763 4485 4588
f 4630 4479 4758
f 4487 4764 4486
f 4765 4489 4486
f 4488 4766 4487
f 4767 4488 4630
f 4768 4490 4489
f 4490 4769 4631
f 4632 4353 4633
f 4632 4662 4375
f 4770 4633 4491
f 4493 4492 4771
f 4501 4771 4492
f 4493 4772 4494
f 4772 4634 4494
f 4496 4773 4495
f 4495 4774 4635
f 4355 4635 4636
f 4356 4636 4637
f 4634 4775 4496
f 4357 4637 4638
f 4358 4638 4639
f 4359 4639 4640
f 4363 4640 4647
f 4498 4776 4497
f 4776 4641 4497
f 4498 4499 4777
f 4778 4499 4515
f 4500 4779 4642
f 4500 4641 4780
f 4642 4781 4501
f 4782 4503 4502
f 4783 4502 4514
f 4782 4643 4503
f 4504 4505 4784
f 4504 4784 4644
f 4785 4505 4508
f 4506 4644 4786
f 4507 4506 4787
f 4507 4788 4509
f 4789 4508 4643
f 4509 4790 4510
f 4510 4791 4645
f 4229 4645 4646
f 4512 4511 4792
f 4511 4646 4793
f 4512 4794 4513
f 4795 4532 4513
f 4514 4647 4796
f 4649 4364 4648
f 4648 4368 4653
f 4649 4650 4365
f 4651 4366 4650
f 4651 4797 4515
f 4516 4519 4798
f 4517 4516 4799
f 4517 4800 4518
f 4520 4518 4801
f 4519 4522 4802
f 4521 4520 4803
f 4523 4521 4804
f 4652 4805 4522
f 4653 4523 4806
f 4652 4524 4807
f 4376 4663 4654
f 4369 4654 4655
f 4656 4370 4655
f 4656 4657 4371
f 4657 4658 4372
f 4658 4659 4373
f 4374 4659 4660
f 4660 4807 4524
f 4661 4808 4525
f 4525 4809 4526
f 4526 4810 4527
f 4527 4811 4529
f 4812 4528 4530
f 4813 4661 4528
f 4529 4814 4531
f 4662 4815 4530
f 4531 4816 4663
f 4664 4532 4817
f 4818 4533 4535
f 4534 4533 4819
f 4820 4536 4534
f 4821 4535 4538
f 4537 4536 4822
f 4552 4537 4823
f 4538 4539 4824
f 4825 4539 4540
f 4826 4540 4664
f 4770 4491 4541
f 4542 4827 4541
f 4631 4828 4542
f 4829 4543 4551
f 4665 4543 4829
f 4830 4544 4545
f 4831 4545 4546
f 4832 4546 4665
f 4666 4380 4667
f 4667 4381 4668
f 4669 4668 4382
f 4669 4383 4670
f 4670 4384 4671
f 4672 4671 4385
f 4833 4547 4550
f 4672 4547 4834
f 4548 4666 4835
f 4674 4673 4387
f 4680 4549 4673
f 4674 4394 4682
f 4675 4677 4389
f 4675 4388 4676
f 4679 4676 4391
f 4678 4390 4677
f 4393 4678 4681
f 4679 4392 4680
f 4395 4681 4683
f 4682 4396 4684
f 4684 4397 4685
f 4685 4398 4686
f 4686 4401 4688
f 4836 4400 4683
f 4687 4692 4405
f 4687 4400 4836
f 4688 4402 4689
f 4690 4689 4403
f 4690 4404 4691
f 4691 4548 4835
f 4692 4693 4406
f 4695 4409 4693
f 4694 4550 4408
f 4694 4544 4830
f 4476 4695 4757
f 4696 4697 4410
f 4696 4412 4699
f 4697 4698 4411
f 4700 4414 4698
f 4701 4415 4700
f 4702 4416 4701
f 4703 4417 4702
f 4703 4704 4418
f 4704 4705 4419
f 4706 4420 4705
f 4706 4707 4421
f 4837 4551 4707
f 4699 4552 4838
f 4708 4587 4429
f 4575 4736 4553
f 4708 4430 4709
f 4711 4554 4432
f 4555 4554 4839
f 4840 4709 4555
f 4736 4710 4553
f 4841 4711 4556
f 4712 4714 4557
f 4713 4841 4556
f 4713 4434 4714
f 4710 4716 4436
f 4842 4712 4558
f 4715 4559 4843
f 4842 4558 4715
f 4717 4437 4716
f 4717 4844 4560
f 4559 4718 4843
f 4440 4720 4719
f 4721 4720 4441
f 4844 4721 4560
f 4443 4722 4561
f 4845 4562 4561
f 4718 4562 4846
f 4847 4563 4719
f 4564 4454 4734
f 4722 4564 4734
f 4723 4724 4444
f 4726 4723 4446
f 4724 4725 4445
f 4725 4727 4447
f 4726 4448 4728
f 4727 4729 4449
f 4847 4728 4563
f 4730 4450 4729
f 4730 4731 4451
f 4732 4452 4731
f 4732 4733 4453
f 4565 4848 4583
f 4849 4565 4733
f 4566 4850 4734
f 4851 4568 4567
f 4569 4568 4852
f 4569 4853 4570
f 4854 4571 4570
f 4855 4572 4571
f 4856 4573 4572
f 4851 4567 4735
f 4574 4573 4857
f 4736 4574 4858
f 4859 4576 4580
f 4860 4577 4576
f 4578 4577 4861
f 4862 4737 4578
f 4863 4579 4737
f 4859 4580 4581
f 4864 4581 4582
f 4584 4579 4863
f 4865 4738 4583
f 4739 4458 4738
f 4740 4459 4739
f 4864 4582 4740
f 4866 4585 4584
f 4735 4585 4867
f 4708 4586 4587
f 4708 4741 4586
f 4868 4588 4741
f 4589 4742 4869
f 4743 4744 4464
f 4744 4745 4465
f 4590 4745 4870
f 4742 4590 4870
f 4871 4592 4591
f 4872 4593 4592
f 4593 4873 4743
f 4594 4589 4869
f 4746 4874 4566
f 4594 4874 4746
f 4871 4591 4595
f 4595 4596 4875
f 4596 4597 4876
f 4597 4598 4877
f 4598 4599 4878
f 4470 4750 4747
f 4747 4879 4468
f 4468 4879 4748
f 4748 4749 4469
f 4749 4880 4599
f 4600 4881 4604
f 4601 4882 4600
f 4883 4601 4602
f 4603 4884 4602
f 4605 4885 4603
f 4604 4886 4750
f 4605 4606 4887
f 4751 4474 4754
f 4606 4751 4888
f 4889 4607 4608
f 4889 4752 4607
f 4890 4608 4609
f 4753 4473 4755
f 4609 4753 4891
f 4610 4752 4892
f 4611 4610 4893
f 4611 4894 4612
f 4613 4612 4895
f 4613 4896 4754
f 4615 4614 4759
f 4755 4615 4897
f 4616 4758 4623
f 4756 4758 4616
f 4619 4898 4617
f 4617 4899 4618
f 4618 4900 4621
f 4620 4901 4619
f 4624 4902 4620
f 4622 4621 4903
f 4756 4622 4767
f 4625 4904 4624
f 4626 4905 4625
f 4627 4906 4626
f 4627 4628 4907
f 4628 4629 4908
f 4909 4629 4757
f 4758 4478 4623
f 4481 4759 4614
f 4482 4760 4759
f 4483 4761 4760
f 4484 4762 4761
f 4763 4762 4485
f 4763 4588 4868
f 4756 4630 4758
f 4487 4766 4764
f 4764 4765 4486
f 4768 4489 4765
f 4767 4766 4488
f 4756 4767 4630
f 4768 4769 4490
f 4769 4910 4631
f 4911 4632 4633
f 4911 4662 4632
f 4912 4633 4770
f 4493 4771 4772
f 4501 4913 4771
f 4772 4914 4634
f 4775 4773 4496
f 4773 4774 4495
f 4635 4774 4915
f 4635 4916 4636
f 4636 4917 4637
f 4914 4775 4634
f 4637 4918 4638
f 4639 4638 4919
f 4920 4640 4639
f 4647 4640 4921
f 4498 4777 4776
f 4776 4922 4641
f 4777 4499 4778
f 4778 4515 4797
f 4500 4780 4779
f 4779 4923 4642
f 4780 4641 4922
f 4642 4923 4781
f 4501 4781 4913
f 4783 4782 4502
f 4783 4514 4796
f 4924 4643 4782
f 4785 4784 4505
f 4644 4784 4925
f 4789 4785 4508
f 4786 4644 4925
f 4506 4786 4787
f 4507 4787 4788
f 4509 4788 4790
f 4789 4643 4924
f 4790 4791 4510
f 4645 4791 4926
f 4645 4926 4646
f 4511 4793 4792
f 4512 4792 4794
f 4793 4646 4927
f 4795 4513 4794
f 4795 4817 4532
f 4647 4928 4796
f 4649 4648 4929
f 4930 4648 4653
f 4649 4931 4650
f 4651 4650 4932
f 4651 4933 4797
f 4519 4802 4798
f 4516 4798 4799
f 4517 4799 4800
f 4801 4518 4800
f 4803 4520 4801
f 4522 4805 4802
f 4804 4521 4803
f 4523 4804 4806
f 4652 4934 4805
f 4935 4653 4806
f 4652 4807 4934
f 4654 4663 4936
f 4655 4654 4937
f 4656 4655 4938
f 4656 4939 4657
f 4657 4940 4658
f 4658 4941 4659
f 4942 4660 4659
f 4660 4943 4807
f 4813 4808 4661
f 4525 4808 4809
f 4526 4809 4810
f 4527 4810 4811
f 4529 4811 4814
f 4812 4813 4528
f 4815 4812 4530
f 4531 4814 4816
f 4662 4944 4815
f 4816 4945 4663
f 4946 4664 4817
f 4818 4819 4533
f 4818 4535 4821
f 4820 4534 4819
f 4820 4822 4536
f 4821 4538 4824
f 4823 4537 4822
f 4552 4823 4838
f 4825 4824 4539
f 4825 4540 4826
f 4946 4826 4664
f 4770 4541 4827
f 4828 4827 4542
f 4910 4828 4631
f 4837 4829 4551
f 4665 4829 4947
f 4831 4830 4545
f 4831 4546 4832
f 4832 4665 4947
f 4948 4666 4667
f 4667 4668 4949
f 4950 4668 4669
f 4951 4669 4670
f 4952 4670 4671
f 4953 4671 4672
f 4834 4547 4833
f 4694 4833 4550
f 4954 4672 4834
f 4835 4666 4948
f 4955 4673 4674
f 4680 4673 4955
f 4956 4674 4682
f 4957 4677 4675
f 4958 4675 4676
f 4679 4959 4676
f 4678 4677 4960
f 4961 4681 4678
f 4962 4679 4680
f 4683 4681 4963
f 4682 4684 4964
f 4965 4684 4685
f 4966 4685 4686
f 4967 4686 4688
f 4836 4683 4963
f 4968 4692 4687
f 4969 4687 4836
f 4688 4689 4970
f 4690 4971 4689
f 4690 4691 4972
f 4691 4835 4973
f 4968 4693 4692
f 4695 4693 4974
f 4975 4694 4830
f 4695 4976 4757
f 4977 4697 4696
f 4978 4696 4699
f 4697 4979 4698
f 4700 4698 4980
f 4981 4701 4700
f 4702 4701 4982
f 4983 4703 4702
f 4984 4704 4703
f 4985 4705 4704
f 4706 4705 4986
f 4987 4707 4706
f 4988 4837 4707
f 4978 4699 4838
f 4708 4709 4741
f 4711 4839 4554
f 4555 4839 4989
f 4840 4868 4709
f 4840 4555 4989
f 4736 4858 4710
f 4841 4990 4711
f 4991 4714 4712
f 4992 4841 4713
f 4993 4713 4714
f 4858 4716 4710
f 4842 4991 4712
f 4715 4843 4994
f 4842 4715 4994
f 4995 4717 4716
f 4717 4996 4844
f 4718 4997 4843
f 4720 4998 4719
f 4721 4999 4720
f 4844 5000 4721
f 4845 4561 4722
f 4845 4846 4562
f 4718 4846 5001
f 4998 4847 4719
f 5002 4722 4734
f 5003 4724 4723
f 4726 5004 4723
f 5005 4725 4724
f 5006 4727 4725
f 4726 4728 5007
f 5008 4729 4727
f 5007 4728 4847
f 5009 4730 4729
f 5010 4731 4730
f 4732 4731 5011
f 5012 4733 4732
f 4849 4848 4565
f 4865 4583 4848
f 4849 4733 5013
f 4874 4850 4566
f 5002 4734 4850
f 4851 4852 4568
f 4569 4852 4853
f 4854 4570 4853
f 4855 4571 4854
f 4856 4572 4855
f 4857 4573 4856
f 4851 4735 5014
f 4574 4857 4858
f 4860 4576 4859
f 4860 4861 4577
f 4862 4578 4861
f 5015 4737 4862
f 5015 4863 4737
f 4859 4581 5016
f 4864 5016 4581
f 4866 4584 4863
f 4865 5017 4738
f 4739 4738 5017
f 4740 4739 5018
f 5019 4864 4740
f 4866 4867 4585
f 5014 4735 4867
f 4709 4868 4741
f 4869 4742 5020
f 4743 5021 4744
f 5022 4745 4744
f 5023 4870 4745
f 4742 4870 5020
f 4872 4592 4871
f 4872 4873 4593
f 5024 4743 4873
f 4594 4869 4874
f 4871 4595 4875
f 4596 4876 4875
f 4597 4877 4876
f 4598 4878 4877
f 4878 4599 4880
f 4747 4750 5025
f 4747 5026 4879
f 4879 5027 4748
f 4748 5028 4749
f 4749 5029 4880
f 4600 4882 4881
f 4604 4881 4886
f 4883 4882 4601
f 4883 4602 4884
f 4885 4884 4603
f 4605 4887 4885
f 4886 5030 4750
f 4606 4888 4887
f 4751 4754 4888
f 4889 4608 4890
f 4889 5031 4752
f 4890 4609 4891
f 5032 4753 4755
f 5033 4891 4753
f 4892 4752 5031
f 4893 4610 4892
f 4611 4893 4894
f 4894 4895 4612
f 4613 4895 4896
f 4754 4896 5034
f 4615 4759 4897
f 4755 4897 5035
f 4619 4901 4898
f 4617 4898 4899
f 4618 4899 4900
f 4621 4900 4903
f 4620 4902 4901
f 4624 4904 4902
f 4622 4903 4767
f 4625 4905 4904
f 4626 4906 4905
f 4627 4907 4906
f 4628 4908 4907
f 4909 4908 4629
f 5036 4909 4757
f 4897 4759 4760
f 4761 5037 4760
f 4762 5038 4761
f 4763 5039 4762
f 4763 4868 5040
f 5041 4764 4766
f 5042 4765 4764
f 5043 4768 4765
f 4767 4903 4766
f 5044 4769 4768
f 5045 4910 4769
f 4911 4633 4912
f 4911 4944 4662
f 4912 4770 5046
f 4772 4771 5047
f 4913 5047 4771
f 4772 5047 4914
f 4775 5048 4773
f 4773 5049 4774
f 4774 5050 4915
f 4635 4915 4916
f 4636 4916 4917
f 4637 4917 4918
f 5051 4775 4914
f 4918 4919 4638
f 4920 4639 4919
f 4920 4921 4640
f 4647 4921 4928
f 4777 5052 4776
f 5052 4922 4776
f 4777 4778 5053
f 4778 4797 5054
f 4779 4780 5055
f 4779 5056 4923
f 5057 4780 4922
f 5058 4781 4923
f 5058 4913 4781
f 5059 4782 4783
f 4783 4796 5060
f 4924 4782 5059
f 5061 4784 4785
f 5061 4925 4784
f 5062 4785 4789
f 4786 4925 5063
f 4787 4786 5064
f 4788 4787 5065
f 4790 4788 5066
f 4789 4924 5067
f 4790 5068 4791
f 4791 5069 4926
f 4926 4927 4646
f 4792 4793 5070
f 4792 5071 4794
f 4793 4927 5072
f 4795 4794 5073
f 5074 4817 4795
f 4796 4928 5075
f 4930 4929 4648
f 4649 4929 4931
f 4930 4653 4935
f 4650 4931 4932
f 4651 4932 4933
f 4933 5076 4797
f 4802 5077 4798
f 4799 4798 5078
f 5079 4800 4799
f 4801 4800 5080
f 4803 4801 5081
f 4805 5082 4802
f 4804 4803 5083
f 4806 4804 5084
f 5085 4805 4934
f 5086 4935 4806
f 4934 4807 5087
f 4936 4663 5088
f 4654 4936 4937
f 4655 4937 4938
f 4656 4938 4939
f 4657 4939 4940
f 4940 4941 4658
f 4942 4659 4941
f 4942 4943 4660
f 4943 5087 4807
f 4813 5089 4808
f 4808 5090 4809
f 4809 5091 4810
f 4810 5092 4811
f 4811 5093 4814
f 4812 5094 4813
f 5095 4812 4815
f 4814 5096 4816
f 5097 4815 4944
f 4816 5098 4945
f 4663 4945 5088
f 4946 4817 5099
f 4818 4921 4819
f 4928 4818 4821
f 4920 4820 4819
f 4820 4919 4822
f 4821 4824 5075
f 4823 4822 4918
f 4838 4823 4917
f 5100 4824 4825
f 4825 4826 5101
f 4946 5102 4826
f 5046 4770 4827
f 5103 4827 4828
f 4910 5104 4828
f 5105 4829 4837
f 5105 4947 4829
f 5106 4830 4831
f 4831 4832 5107
f 5108 4832 4947
f 4948 4667 4949
f 4950 4949 4668
f 4950 4669 4951
f 4951 4670 4952
f 4953 4952 4671
f 4953 4672 4954
f 5109 4834 4833
f 4975 4833 4694
f 5110 4954 4834
f 4835 4948 5111
f 4955 4674 4956
f 4680 4955 5112
f 4956 4682 4964
f 4957 4960 4677
f 4957 4675 4958
f 4959 4958 4676
f 4962 4959 4679
f 4961 4678 4960
f 4963 4681 4961
f 4962 4680 5112
f 4964 4684 4965
f 4965 4685 4966
f 4966 4686 4967
f 4967 4688 4970
f 5113 4836 4963
f 4969 4968 4687
f 5113 4969 4836
f 4970 4689 4971
f 4690 4972 4971
f 4972 4691 4973
f 4973 4835 5111
f 4968 4974 4693
f 4695 4974 4976
f 5106 4975 4830
f 5036 4757 4976
f 4977 4979 4697
f 4977 4696 4978
f 4979 4980 4698
f 4981 4700 4980
f 4982 4701 4981
f 4983 4702 4982
f 4984 4703 4983
f 4985 4704 4984
f 4985 4986 4705
f 4987 4706 4986
f 4988 4707 4987
f 5114 4837 4988
f 4978 4838 4916
f 4990 4839 4711
f 4990 4989 4839
f 4840 5040 4868
f 4840 4989 5115
f 5116 4990 4841
f 4991 4993 4714
f 4992 5116 4841
f 4992 4713 4993
f 4995 4716 4858
f 5117 4991 4842
f 5118 4994 4843
f 5117 4842 4994
f 4995 4996 4717
f 5119 4844 4996
f 4718 5001 4997
f 5118 4843 4997
f 4999 4998 4720
f 5000 4999 4721
f 5119 5000 4844
f 5002 4845 4722
f 5120 4846 4845
f 5120 5001 4846
f 4998 5121 4847
f 5005 4724 5003
f 5003 4723 5004
f 4726 5122 5004
f 5005 5006 4725
f 5008 4727 5006
f 4726 5007 5122
f 5008 5009 4729
f 5007 4847 5121
f 5009 5010 4730
f 5010 5011 4731
f 5012 4732 5011
f 5012 5013 4733
f 4849 5123 4848
f 5124 4865 4848
f 5125 4849 5013
f 4874 5126 4850
f 5002 4850 5127
f 4851 5128 4852
f 4853 4852 5129
f 5130 4854 4853
f 4855 4854 5131
f 4856 4855 5132
f 5133 4857 4856
f 4851 5014 5128
f 4995 4858 4857
f 5134 4860 4859
f 5135 4861 4860
f 5136 4862 4861
f 5015 4862 5137
f 5138 4863 5015
f 5134 4859 5016
f 4864 5139 5016
f 5138 4866 4863
f 5140 5017 4865
f 4739 5017 5018
f 5019 4740 5018
f 5019 5139 4864
f 4866 5141 4867
f 5142 5014 4867
f 4869 5020 5126
f 5024 5021 4743
f 5022 4744 5021
f 5022 5023 4745
f 5143 4870 5023
f 5143 5020 4870
f 5144 4872 4871
f 4872 5145 4873
f 5024 4873 5146
f 4869 5126 4874
f 5144 4871 4875
f 4875 4876 5147
f 4877 5148 4876
f 4877 4878 5149
f 4878 4880 5150
f 5025 4750 5030
f 4747 5025 5026
f 4879 5026 5151
f 4879 5151 5027
f 4748 5027 5028
f 4749 5028 5029
f 5152 4880 5029
f 5153 4881 4882
f 4881 5154 4886
f 4883 5155 4882
f 5156 4883 4884
f 5157 4884 4885
f 5158 4885 4887
f 4886 5159 5030
f 4887 4888 5160
f 4888 4754 5034
f 5161 4889 4890
f 5161 5031 4889
f 5162 4890 4891
f 5033 4753 5032
f 5032 4755 5035
f 5033 5163 4891
f 5164 4892 5031
f 5165 4893 4892
f 4894 4893 5166
f 5167 4895 4894
f 5167 4896 4895
f 5034 4896 5159
f 5035 4897 5037
f 4901 5168 4898
f 4898 5169 4899
f 4900 4899 5170
f 4900 5041 4903
f 4902 5171 4901
f 5172 4902 4904
f 4905 5173 4904
f 4906 5174 4905
f 4907 5175 4906
f 5176 4907 4908
f 4909 5177 4908
f 5178 4909 5036
f 5037 4897 4760
f 5038 5037 4761
f 4762 5039 5038
f 4763 5040 5039
f 5042 4764 5041
f 4903 5041 4766
f 5042 5043 4765
f 5044 4768 5043
f 5044 5045 4769
f 5045 5179 4910
f 4911 4912 5180
f 4911 5180 4944
f 5181 4912 5046
f 4913 5182 5047
f 4914 5047 5183
f 5051 5048 4775
f 5048 5049 4773
f 5049 5050 4774
f 4977 4915 5050
f 4978 4916 4915
f 4838 4917 4916
f 4823 4918 4917
f 5051 4914 5183
f 4822 4919 4918
f 4920 4919 4820
f 4920 4819 4921
f 4928 4921 4818
f 4777 5053 5052
f 5052 5184 4922
f 4778 5054 5053
f 5076 5054 4797
f 5057 5055 4780
f 4779 5055 5056
f 5185 4923 5056
f 5057 4922 5184
f 5058 4923 5185
f 5058 5182 4913
f 5059 4783 5060
f 4796 5075 5060
f 4924 5059 5067
f 5062 5061 4785
f 5061 5186 4925
f 5062 4789 5187
f 5063 4925 5186
f 4786 5063 5064
f 4787 5064 5065
f 4788 5065 5066
f 4790 5066 5068
f 5187 4789 5067
f 5068 5069 4791
f 5069 5188 4926
f 4926 5188 4927
f 4793 5072 5070
f 4792 5070 5071
f 5073 4794 5071
f 4927 5189 5072
f 5074 4795 5073
f 5099 4817 5074
f 4928 4821 5075
f 5190 4929 4930
f 5191 4931 4929
f 5192 4930 4935
f 5193 4932 4931
f 5194 4933 4932
f 5195 5076 4933
f 4802 5082 5077
f 4798 5077 5078
f 5079 4799 5078
f 5080 4800 5079
f 4801 5080 5081
f 5083 4803 5081
f 5085 5082 4805
f 4804 5083 5084
f 5086 4806 5084
f 5085 4934 5196
f 5197 4935 5086
f 4934 5087 5196
f 4936 5088 5198
f 4936 5199 4937
f 4938 4937 5200
f 4939 4938 5201
f 4940 4939 5202
f 4940 5203 4941
f 5204 4942 4941
f 4942 5205 4943
f 4943 5206 5087
f 4813 5094 5089
f 4808 5089 5090
f 5090 5091 4809
f 4810 5091 5092
f 4811 5092 5093
f 4814 5093 5096
f 5095 5094 4812
f 5097 5095 4815
f 5096 5098 4816
f 5097 4944 5207
f 5098 5208 4945
f 4945 5209 5088
f 4946 5099 5210
f 5075 4824 5100
f 5100 4825 5101
f 4826 5102 5101
f 4946 5210 5102
f 5046 4827 5103
f 5104 5103 4828
f 5179 5104 4910
f 5114 5105 4837
f 5211 4947 5105
f 5106 4831 5107
f 5107 4832 5108
f 5211 5108 4947
f 5212 4948 4949
f 5213 4949 4950
f 5214 4950 4951
f 5215 4951 4952
f 5216 4952 4953
f 5217 4953 4954
f 5110 4834 5109
f 5109 4833 4975
f 5218 4954 5110
f 5212 5111 4948
f 4955 4956 5219
f 5112 4955 5219
f 4956 4964 5220
f 5221 4960 4957
f 4957 4958 5222
f 4959 5223 4958
f 5224 4959 4962
f 5225 4961 4960
f 5226 4963 4961
f 5227 4962 5112
f 4964 4965 5228
f 4965 4966 5229
f 4966 4967 5230
f 4967 4970 5231
f 5113 4963 5226
f 4969 5232 4968
f 5113 5233 4969
f 4970 4971 5234
f 4972 5235 4971
f 4972 4973 5236
f 4973 5111 5237
f 4968 5238 4974
f 4974 5239 4976
f 5240 4975 5106
f 5241 5036 4976
f 4977 5050 4979
f 4977 4978 4915
f 4979 5242 4980
f 4981 4980 5243
f 4982 4981 5244
f 4983 4982 5245
f 4984 4983 5246
f 5247 4985 4984
f 5248 4986 4985
f 5249 4987 4986
f 5250 4988 4987
f 5251 5114 4988
f 5252 4989 4990
f 4840 5115 5040
f 5252 5115 4989
f 5116 5252 4990
f 4991 5253 4993
f 4992 5254 5116
f 4992 4993 5255
f 5117 5253 4991
f 5256 4994 5118
f 5256 5117 4994
f 5133 4996 4995
f 5119 4996 5257
f 5001 5258 4997
f 5259 5118 4997
f 4999 5260 4998
f 5000 5261 4999
f 5119 5262 5000
f 5002 5120 4845
f 5120 5263 5001
f 5260 5121 4998
f 5005 5003 5264
f 5003 5004 5265
f 5004 5122 5266
f 5005 5267 5006
f 5268 5008 5006
f 5122 5007 5269
f 5008 5270 5009
f 5007 5121 5269
f 5009 5271 5010
f 5010 5272 5011
f 5273 5012 5011
f 5274 5013 5012
f 5125 5123 4849
f 5124 4848 5123
f 5140 4865 5124
f 5125 5013 5275
f 4850 5126 5127
f 5002 5127 5120
f 5129 4852 5128
f 5130 4853 5129
f 5130 5131 4854
f 4855 5131 5132
f 5133 4856 5132
f 5133 4995 4857
f 5276 5128 5014
f 5135 4860 5134
f 5136 4861 5135
f 5137 4862 5136
f 5277 5015 5137
f 5277 5138 5015
f 5134 5016 5278
f 5016 5139 5278
f 5138 5141 4866
f 5279 5017 5140
f 5279 5018 5017
f 5019 5018 5280
f 5019 5281 5139
f 5141 5142 4867
f 5276 5014 5142
f 5126 5020 5282
f 5024 5022 5021
f 5283 5023 5022
f 5143 5023 5284
f 5143 5282 5020
f 5144 5145 4872
f 5146 4873 5145
f 5024 5146 5285
f 5144 4875 5147
f 5147 4876 5148
f 4877 5149 5148
f 4878 5150 5149
f 5152 5150 4880
f 5167 5025 5030
f 5166 5026 5025
f 5165 5151 5026
f 5286 5027 5151
f 5027 5287 5028
f 5028 5288 5029
f 5152 5029 5289
f 5153 5154 4881
f 5155 5153 4882
f 4886 5154 5159
f 5156 5155 4883
f 5156 4884 5157
f 5157 4885 5158
f 5158 4887 5160
f 4896 5030 5159
f 4888 5034 5160
f 5290 5161 4890
f 5161 5291 5031
f 5162 5290 4890
f 5162 4891 5292
f 5293 5033 5032
f 5032 5035 5294
f 5033 5295 5163
f 4891 5163 5292
f 5165 4892 5164
f 5291 5164 5031
f 5166 4893 5165
f 5167 4894 5166
f 5167 5030 4896
f 5296 5034 5159
f 5297 5035 5037
f 5171 5168 4901
f 4898 5168 5169
f 5169 5170 4899
f 4900 5170 5041
f 5172 5171 4902
f 5173 5172 4904
f 5174 5173 4905
f 5175 5174 4906
f 5176 5175 4907
f 5176 4908 5177
f 5178 5177 4909
f 5298 5178 5036
f 5038 5297 5037
f 5299 5038 5039
f 5040 5300 5039
f 5042 5041 5170
f 5042 5301 5043
f 5302 5044 5043
f 5303 5045 5044
f 5304 5179 5045
f 5181 5180 4912
f 5180 5207 4944
f 5181 5046 5305
f 5182 5183 5047
f 5051 5306 5048
f 5048 5307 5049
f 5049 5242 5050
f 5308 5051 5183
f 5309 5052 5053
f 5309 5184 5052
f 5310 5053 5054
f 5311 5054 5076
f 5312 5055 5057
f 5056 5055 5313
f 5314 5185 5056
f 5315 5057 5184
f 5058 5185 5316
f 5058 5316 5182
f 5059 5060 5317
f 5317 5060 5075
f 5059 5317 5067
f 5062 5318 5061
f 5318 5186 5061
f 5062 5187 5319
f 5320 5063 5186
f 5064 5063 5321
f 5322 5065 5064
f 5066 5065 5323
f 5066 5324 5068
f 5187 5067 5325
f 5068 5326 5069
f 5069 5327 5188
f 4927 5188 5189
f 5070 5072 5328
f 5070 5329 5071
f 5073 5071 5330
f 5189 5331 5072
f 5074 5073 5332
f 5099 5074 5333
f 5191 4929 5190
f 5190 4930 5192
f 5191 5193 4931
f 5192 4935 5197
f 5194 4932 5193
f 5195 4933 5194
f 5334 5076 5195
f 5082 5335 5077
f 5078 5077 5336
f 5079 5078 5337
f 5080 5079 5338
f 5080 5339 5081
f 5340 5083 5081
f 5085 5341 5082
f 5340 5084 5083
f 5086 5084 5342
f 5085 5196 5343
f 5197 5086 5344
f 5345 5196 5087
f 5088 5209 5198
f 4936 5198 5199
f 4937 5199 5200
f 4938 5200 5201
f 4939 5201 5202
f 4940 5202 5203
f 5204 4941 5203
f 5204 5205 4942
f 5205 5206 4943
f 5206 5346 5087
f 5094 5347 5089
f 5090 5089 5348
f 5090 5349 5091
f 5092 5091 5350
f 5092 5351 5093
f 5352 5096 5093
f 5095 5353 5094
f 5097 5354 5095
f 5096 5355 5098
f 5097 5207 5356
f 5357 5208 5098
f 4945 5208 5209
f 5358 5210 5099
f 5317 5075 5100
f 5100 5101 5325
f 5101 5102 5359
f 5102 5210 5360
f 5305 5046 5103
f 5361 5103 5104
f 5179 5362 5104
f 5363 5105 5114
f 5363 5211 5105
f 5106 5107 5364
f 5365 5107 5108
f 5366 5108 5211
f 5212 4949 5213
f 5213 4950 5214
f 5215 5214 4951
f 5215 4952 5216
f 5217 5216 4953
f 5217 4954 5218
f 5110 5109 5367
f 5109 4975 5240
f 5218 5110 5368
f 5212 5369 5111
f 4956 5220 5219
f 5112 5219 5370
f 5220 4964 5228
f 5225 4960 5221
f 5221 4957 5222
f 5222 4958 5223
f 5224 5223 4959
f 5224 4962 5227
f 5225 5226 4961
f 5227 5112 5370
f 5228 4965 5229
f 5229 4966 5230
f 4967 5231 5230
f 4970 5234 5231
f 5371 5113 5226
f 4969 5233 5232
f 4968 5232 5238
f 5371 5233 5113
f 5234 4971 5235
f 4972 5236 5235
f 4973 5237 5236
f 5237 5111 5369
f 5238 5239 4974
f 5239 5241 4976
f 5240 5106 5364
f 5298 5036 5241
f 4979 5050 5242
f 5242 5243 4980
f 4981 5243 5244
f 4982 5244 5245
f 4983 5245 5246
f 5247 4984 5246
f 5248 4985 5247
f 5249 4986 5248
f 5250 4987 5249
f 5251 4988 5250
f 5372 5114 5251
f 5115 5300 5040
f 5373 5115 5252
f 5374 5252 5116
f 4993 5253 5255
f 4992 5255 5254
f 5374 5116 5254
f 5117 5375 5253
f 5376 5256 5118
f 5256 5375 5117
f 5133 5257 4996
f 5119 5257 5377
f 5001 5263 5258
f 5259 4997 5258
f 5259 5376 5118
f 5261 5260 4999
f 5000 5262 5261
f 5119 5377 5262
f 5120 5127 5263
f 5378 5121 5260
f 5003 5265 5264
f 5005 5264 5267
f 5265 5004 5266
f 5379 5266 5122
f 5267 5268 5006
f 5268 5270 5008
f 5379 5122 5269
f 5009 5270 5271
f 5378 5269 5121
f 5271 5272 5010
f 5273 5011 5272
f 5274 5012 5273
f 5274 5275 5013
f 5125 5380 5123
f 5124 5123 5381
f 5140 5124 5382
f 5125 5275 5383
f 5126 5282 5127
f 5129 5128 5384
f 5385 5130 5129
f 5386 5131 5130
f 5387 5132 5131
f 5133 5132 5257
f 5276 5384 5128
f 5135 5134 5388
f 5136 5135 5389
f 5137 5136 5390
f 5277 5137 5391
f 5392 5138 5277
f 5134 5278 5388
f 5393 5278 5139
f 5392 5141 5138
f 5394 5279 5140
f 5280 5018 5279
f 5019 5280 5281
f 5393 5139 5281
f 5395 5142 5141
f 5276 5142 5396
f 5024 5283 5022
f 5283 5284 5023
f 5143 5284 5397
f 5143 5397 5282
f 5144 5398 5145
f 5399 5146 5145
f 5400 5285 5146
f 5024 5285 5283
f 5144 5147 5398
f 5401 5147 5148
f 5148 5149 5402
f 5149 5150 5403
f 5152 5404 5150
f 5167 5166 5025
f 5166 5165 5026
f 5165 5164 5151
f 5286 5287 5027
f 5164 5286 5151
f 5287 5288 5028
f 5289 5029 5288
f 5152 5289 5405
f 5153 5406 5154
f 5155 5406 5153
f 5296 5159 5154
f 5156 5407 5155
f 5156 5157 5408
f 5157 5158 5409
f 5158 5160 5409
f 5160 5034 5296
f 5290 5410 5161
f 5410 5291 5161
f 5162 5411 5290
f 5162 5292 5411
f 5293 5295 5033
f 5293 5032 5294
f 5294 5035 5297
f 5412 5163 5295
f 5292 5163 5413
f 5291 5414 5164
f 5171 5415 5168
f 5168 5416 5169
f 5169 5301 5170
f 5172 5417 5171
f 5173 5418 5172
f 5174 5419 5173
f 5175 5420 5174
f 5176 5421 5175
f 5176 5177 5422
f 5178 5423 5177
f 5424 5178 5298
f 5299 5297 5038
f 5300 5299 5039
f 5042 5170 5301
f 5302 5043 5301
f 5303 5044 5302
f 5303 5304 5045
f 5425 5179 5304
f 5181 5426 5180
f 5180 5426 5207
f 5427 5181 5305
f 5428 5183 5182
f 5308 5306 5051
f 5306 5307 5048
f 5049 5307 5242
f 5308 5183 5428
f 5309 5053 5310
f 5429 5184 5309
f 5311 5310 5054
f 5334 5311 5076
f 5312 5313 5055
f 5312 5057 5315
f 5056 5313 5430
f 5314 5431 5185
f 5314 5056 5430
f 5315 5184 5429
f 5431 5316 5185
f 5316 5428 5182
f 5067 5317 5325
f 5062 5319 5318
f 5318 5432 5186
f 5187 5359 5319
f 5320 5321 5063
f 5432 5320 5186
f 5322 5064 5321
f 5322 5323 5065
f 5066 5323 5324
f 5068 5324 5433
f 5187 5325 5359
f 5068 5433 5326
f 5069 5326 5327
f 5327 5434 5188
f 5188 5434 5189
f 5328 5072 5331
f 5070 5328 5329
f 5330 5071 5329
f 5332 5073 5330
f 5189 5435 5331
f 5074 5332 5333
f 5358 5099 5333
f 5436 5191 5190
f 5190 5192 5437
f 5438 5193 5191
f 5439 5192 5197
f 5440 5194 5193
f 5441 5195 5194
f 5442 5334 5195
f 5082 5341 5335
f 5077 5335 5336
f 5078 5336 5337
f 5079 5337 5338
f 5080 5338 5339
f 5340 5081 5339
f 5085 5343 5341
f 5443 5084 5340
f 5342 5084 5443
f 5086 5342 5344
f 5444 5343 5196
f 5445 5197 5344
f 5444 5196 5345
f 5345 5087 5346
f 5209 5446 5198
f 5199 5198 5447
f 5199 5448 5200
f 5201 5200 5449
f 5202 5201 5450
f 5202 5450 5203
f 5451 5204 5203
f 5452 5205 5204
f 5205 5453 5206
f 5206 5454 5346
f 5353 5347 5094
f 5347 5348 5089
f 5090 5348 5349
f 5349 5350 5091
f 5092 5350 5351
f 5351 5352 5093
f 5352 5355 5096
f 5095 5354 5353
f 5097 5356 5354
f 5355 5357 5098
f 5455 5356 5207
f 5357 5456 5208
f 5208 5457 5209
f 5358 5458 5210
f 5317 5100 5325
f 5101 5359 5325
f 5102 5360 5359
f 5210 5458 5360
f 5305 5103 5361
f 5362 5361 5104
f 5425 5362 5179
f 5372 5363 5114
f 5459 5211 5363
f 5364 5107 5365
f 5366 5365 5108
f 5459 5366 5211
f 5212 5213 5460
f 5461 5213 5214
f 5462 5214 5215
f 5215 5216 5463
f 5464 5216 5217
f 5465 5217 5218
f 5367 5109 5240
f 5368 5110 5367
f 5466 5218 5368
f 5212 5460 5369
f 5220 5467 5219
f 5370 5219 5467
f 5468 5220 5228
f 5469 5225 5221
f 5221 5222 5470
f 5471 5222 5223
f 5224 5472 5223
f 5224 5227 5473
f 5474 5226 5225
f 5475 5227 5370
f 5476 5228 5229
f 5229 5230 5477
f 5478 5230 5231
f 5234 5479 5231
f 5371 5226 5474
f 5480 5232 5233
f 5232 5481 5238
f 5482 5233 5371
f 5234 5235 5483
f 5484 5235 5236
f 5236 5237 5484
f 5237 5369 5485
f 5481 5239 5238
f 5486 5241 5239
f 5487 5240 5364
f 5298 5241 5488
f 5307 5243 5242
f 5244 5243 5489
f 5245 5244 5490
f 5491 5246 5245
f 5247 5246 5492
f 5248 5247 5493
f 5249 5248 5494
f 5250 5249 5495
f 5251 5250 5496
f 5372 5251 5497
f 5498 5300 5115
f 5373 5498 5115
f 5374 5373 5252
f 5499 5255 5253
f 5254 5255 5500
f 5374 5254 5501
f 5375 5499 5253
f 5376 5502 5256
f 5256 5502 5375
f 5377 5257 5387
f 5258 5263 5397
f 5503 5259 5258
f 5504 5376 5259
f 5261 5505 5260
f 5506 5261 5262
f 5507 5262 5377
f 5127 5282 5263
f 5378 5260 5505
f 5508 5264 5265
f 5267 5264 5509
f 5265 5266 5510
f 5511 5266 5379
f 5512 5268 5267
f 5513 5270 5268
f 5514 5379 5269
f 5515 5271 5270
f 5514 5269 5378
f 5271 5516 5272
f 5273 5272 5517
f 5518 5274 5273
f 5274 5519 5275
f 5125 5383 5380
f 5380 5381 5123
f 5124 5381 5382
f 5394 5140 5382
f 5520 5383 5275
f 5385 5129 5384
f 5385 5386 5130
f 5386 5387 5131
f 5257 5132 5387
f 5276 5521 5384
f 5389 5135 5388
f 5136 5389 5390
f 5391 5137 5390
f 5522 5277 5391
f 5522 5392 5277
f 5523 5388 5278
f 5523 5278 5393
f 5392 5395 5141
f 5524 5279 5394
f 5524 5280 5279
f 5525 5281 5280
f 5526 5393 5281
f 5396 5142 5395
f 5276 5396 5521
f 5283 5527 5284
f 5503 5397 5284
f 5263 5282 5397
f 5399 5145 5398
f 5400 5146 5399
f 5400 5528 5285
f 5285 5527 5283
f 5398 5147 5401
f 5401 5148 5402
f 5149 5403 5402
f 5150 5404 5403
f 5152 5405 5404
f 5286 5529 5287
f 5164 5414 5286
f 5287 5530 5288
f 5289 5288 5413
f 5412 5405 5289
f 5406 5296 5154
f 5155 5407 5406
f 5156 5408 5407
f 5157 5407 5408
f 5157 5409 5407
f 5160 5296 5409
f 5290 5531 5410
f 5410 5531 5291
f 5290 5411 5531
f 5530 5411 5292
f 5293 5532 5295
f 5533 5293 5294
f 5534 5294 5297
f 5412 5413 5163
f 5412 5295 5535
f 5530 5292 5413
f 5291 5531 5414
f 5417 5415 5171
f 5168 5415 5416
f 5416 5301 5169
f 5418 5417 5172
f 5419 5418 5173
f 5420 5419 5174
f 5175 5421 5420
f 5176 5422 5421
f 5177 5423 5422
f 5424 5423 5178
f 5536 5424 5298
f 5534 5297 5299
f 5537 5299 5300
f 5416 5302 5301
f 5538 5303 5302
f 5539 5304 5303
f 5540 5425 5304
f 5427 5426 5181
f 5426 5455 5207
f 5427 5305 5541
f 5542 5306 5308
f 5306 5489 5307
f 5543 5308 5428
f 5544 5309 5310
f 5429 5309 5544
f 5545 5310 5311
f 5334 5546 5311
f 5312 5547 5313
f 5548 5312 5315
f 5430 5313 5549
f 5314 5550 5431
f 5314 5430 5551
f 5315 5429 5552
f 5431 5553 5316
f 5316 5553 5428
f 5318 5319 5554
f 5318 5554 5432
f 5319 5359 5360
f 5320 5555 5321
f 5432 5556 5320
f 5322 5321 5557
f 5322 5558 5323
f 5323 5559 5324
f 5324 5560 5433
f 5326 5433 5561
f 5326 5562 5327
f 5327 5563 5434
f 5189 5434 5435
f 5328 5331 5564
f 5328 5565 5329
f 5330 5329 5566
f 5332 5330 5567
f 5435 5568 5331
f 5332 5569 5333
f 5358 5333 5570
f 5438 5191 5436
f 5436 5190 5437
f 5439 5437 5192
f 5440 5193 5438
f 5439 5197 5445
f 5440 5441 5194
f 5442 5195 5441
f 5571 5334 5442
f 5341 5572 5335
f 5336 5335 5573
f 5336 5574 5337
f 5338 5337 5575
f 5576 5339 5338
f 5577 5340 5339
f 5343 5578 5341
f 5443 5340 5577
f 5342 5443 5579
f 5344 5342 5580
f 5444 5581 5343
f 5445 5344 5582
f 5444 5345 5583
f 5584 5345 5346
f 5457 5446 5209
f 5198 5446 5447
f 5199 5447 5448
f 5449 5200 5448
f 5450 5201 5449
f 5451 5203 5450
f 5451 5585 5204
f 5452 5453 5205
f 5452 5204 5585
f 5453 5454 5206
f 5454 5586 5346
f 5353 5587 5347
f 5588 5348 5347
f 5348 5589 5349
f 5349 5590 5350
f 5351 5350 5591
f 5351 5592 5352
f 5352 5593 5355
f 5353 5354 5594
f 5595 5354 5356
f 5355 5596 5357
f 5597 5356 5455
f 5357 5598 5456
f 5208 5456 5457
f 5599 5458 5358
f 5554 5360 5458
f 5305 5361 5541
f 5600 5361 5362
f 5425 5601 5362
f 5602 5363 5372
f 5602 5459 5363
f 5603 5364 5365
f 5604 5365 5366
f 5605 5366 5459
f 5461 5460 5213
f 5461 5214 5462
f 5462 5215 5463
f 5464 5463 5216
f 5464 5217 5465
f 5465 5218 5466
f 5487 5367 5240
f 5368 5367 5606
f 5466 5368 5607
f 5369 5460 5608
f 5468 5467 5220
f 5609 5370 5467
f 5468 5228 5476
f 5474 5225 5469
f 5469 5221 5470
f 5471 5470 5222
f 5471 5223 5472
f 5224 5473 5472
f 5473 5227 5475
f 5475 5370 5609
f 5476 5229 5477
f 5477 5230 5478
f 5478 5231 5479
f 5234 5483 5479
f 5371 5474 5610
f 5480 5611 5232
f 5480 5233 5482
f 5232 5611 5481
f 5371 5610 5482
f 5235 5484 5483
f 5237 5485 5484
f 5369 5608 5485
f 5481 5486 5239
f 5486 5488 5241
f 5487 5364 5603
f 5536 5298 5488
f 5307 5489 5243
f 5490 5244 5489
f 5491 5245 5490
f 5491 5492 5246
f 5247 5492 5493
f 5248 5493 5494
f 5249 5494 5495
f 5250 5495 5496
f 5251 5496 5497
f 5612 5372 5497
f 5498 5537 5300
f 5373 5613 5498
f 5374 5614 5373
f 5499 5500 5255
f 5254 5500 5501
f 5374 5501 5614
f 5375 5615 5499
f 5376 5616 5502
f 5502 5615 5375
f 5377 5387 5617
f 5503 5258 5397
f 5503 5504 5259
f 5504 5616 5376
f 5506 5505 5261
f 5507 5506 5262
f 5507 5377 5617
f 5378 5505 5618
f 5508 5509 5264
f 5508 5265 5510
f 5512 5267 5509
f 5511 5510 5266
f 5619 5511 5379
f 5513 5268 5512
f 5515 5270 5513
f 5619 5379 5514
f 5515 5516 5271
f 5514 5378 5618
f 5272 5516 5517
f 5518 5273 5517
f 5518 5519 5274
f 5520 5275 5519
f 5620 5380 5383
f 5621 5381 5380
f 5622 5382 5381
f 5394 5382 5623
f 5624 5383 5520
f 5385 5384 5625
f 5385 5626 5386
f 5386 5617 5387
f 5625 5384 5521
f 5627 5389 5388
f 5390 5389 5628
f 5629 5391 5390
f 5522 5391 5630
f 5522 5631 5392
f 5627 5388 5523
f 5632 5523 5393
f 5392 5631 5395
f 5633 5524 5394
f 5524 5525 5280
f 5525 5526 5281
f 5632 5393 5526
f 5396 5395 5634
f 5396 5635 5521
f 5527 5503 5284
f 5399 5398 5636
f 5400 5399 5636
f 5400 5637 5528
f 5285 5528 5527
f 5398 5401 5636
f 5401 5402 5638
f 5402 5403 5639
f 5640 5403 5404
f 5404 5405 5641
f 5286 5414 5529
f 5287 5529 5530
f 5530 5413 5288
f 5412 5289 5413
f 5412 5535 5405
f 5409 5296 5406
f 5409 5406 5407
f 5529 5531 5411
f 5530 5529 5411
f 5533 5532 5293
f 5295 5532 5535
f 5534 5533 5294
f 5414 5531 5529
f 5417 5642 5415
f 5415 5538 5416
f 5418 5643 5417
f 5419 5644 5418
f 5420 5645 5419
f 5420 5421 5646
f 5422 5647 5421
f 5648 5422 5423
f 5424 5649 5423
f 5536 5650 5424
f 5534 5299 5537
f 5416 5538 5302
f 5539 5303 5538
f 5540 5304 5539
f 5540 5651 5425
f 5427 5652 5426
f 5652 5455 5426
f 5427 5541 5653
f 5542 5489 5306
f 5654 5542 5308
f 5654 5308 5543
f 5543 5428 5553
f 5545 5544 5310
f 5655 5429 5544
f 5546 5545 5311
f 5571 5546 5334
f 5548 5547 5312
f 5547 5549 5313
f 5548 5315 5552
f 5551 5430 5549
f 5314 5551 5550
f 5431 5550 5656
f 5552 5429 5655
f 5431 5656 5553
f 5554 5319 5360
f 5432 5554 5657
f 5320 5556 5555
f 5555 5557 5321
f 5432 5657 5556
f 5322 5557 5558
f 5323 5558 5559
f 5324 5559 5658
f 5324 5658 5560
f 5561 5433 5560
f 5326 5561 5562
f 5562 5563 5327
f 5563 5659 5434
f 5434 5659 5435
f 5331 5660 5564
f 5328 5564 5565
f 5566 5329 5565
f 5567 5330 5566
f 5332 5567 5569
f 5435 5661 5568
f 5331 5568 5660
f 5570 5333 5569
f 5599 5358 5570
f 5438 5436 5662
f 5663 5436 5437
f 5664 5437 5439
f 5665 5440 5438
f 5439 5445 5598
f 5666 5441 5440
f 5667 5442 5441
f 5668 5571 5442
f 5341 5578 5572
f 5335 5572 5573
f 5336 5573 5574
f 5337 5574 5575
f 5576 5338 5575
f 5577 5339 5576
f 5581 5578 5343
f 5669 5443 5577
f 5669 5579 5443
f 5342 5579 5580
f 5344 5580 5582
f 5444 5670 5581
f 5445 5582 5456
f 5584 5583 5345
f 5444 5583 5670
f 5584 5346 5586
f 5457 5671 5446
f 5446 5672 5447
f 5448 5447 5673
f 5674 5449 5448
f 5450 5449 5675
f 5451 5450 5676
f 5451 5676 5585
f 5677 5453 5452
f 5452 5585 5678
f 5679 5454 5453
f 5680 5586 5454
f 5353 5594 5587
f 5587 5588 5347
f 5588 5589 5348
f 5589 5590 5349
f 5590 5591 5350
f 5351 5591 5592
f 5352 5592 5593
f 5593 5596 5355
f 5595 5594 5354
f 5597 5595 5356
f 5596 5598 5357
f 5681 5597 5455
f 5445 5456 5598
f 5457 5456 5582
f 5657 5458 5599
f 5554 5458 5657
f 5541 5361 5600
f 5601 5600 5362
f 5425 5651 5601
f 5602 5372 5612
f 5602 5682 5459
f 5604 5603 5365
f 5605 5604 5366
f 5605 5459 5682
f 5461 5683 5460
f 5461 5462 5684
f 5462 5463 5685
f 5464 5686 5463
f 5464 5465 5686
f 5465 5466 5687
f 5606 5367 5487
f 5607 5368 5606
f 5466 5607 5688
f 5683 5608 5460
f 5468 5689 5467
f 5609 5467 5689
f 5468 5476 5690
f 5474 5469 5691
f 5692 5469 5470
f 5693 5470 5471
f 5694 5471 5472
f 5695 5472 5473
f 5696 5473 5475
f 5697 5475 5609
f 5476 5477 5698
f 5699 5477 5478
f 5700 5478 5479
f 5701 5479 5483
f 5474 5691 5610
f 5480 5702 5611
f 5482 5703 5480
f 5481 5611 5704
f 5703 5482 5610
f 5705 5483 5484
f 5706 5484 5485
f 5707 5485 5608
f 5481 5704 5486
f 5486 5708 5488
f 5709 5487 5603
f 5536 5488 5710
f 5542 5490 5489
f 5711 5491 5490
f 5712 5492 5491
f 5713 5493 5492
f 5714 5494 5493
f 5715 5495 5494
f 5716 5496 5495
f 5717 5497 5496
f 5718 5612 5497
f 5498 5613 5537
f 5373 5614 5613
f 5499 5719 5500
f 5501 5500 5720
f 5614 5501 5721
f 5499 5615 5719
f 5502 5616 5722
f 5502 5722 5615
f 5527 5504 5503
f 5528 5616 5504
f 5506 5723 5505
f 5507 5724 5506
f 5507 5617 5725
f 5505 5723 5618
f 5726 5509 5508
f 5508 5510 5727
f 5512 5509 5728
f 5729 5510 5511
f 5619 5730 5511
f 5731 5513 5512
f 5732 5515 5513
f 5619 5514 5733
f 5734 5516 5515
f 5514 5618 5733
f 5735 5517 5516
f 5736 5518 5517
f 5737 5519 5518
f 5520 5519 5738
f 5620 5621 5380
f 5620 5383 5624
f 5622 5381 5621
f 5623 5382 5622
f 5633 5394 5623
f 5624 5520 5739
f 5385 5625 5626
f 5386 5626 5617
f 5625 5521 5740
f 5627 5628 5389
f 5629 5390 5628
f 5630 5391 5629
f 5522 5630 5741
f 5522 5741 5631
f 5742 5627 5523
f 5742 5523 5632
f 5631 5634 5395
f 5633 5743 5524
f 5524 5743 5525
f 5525 5744 5526
f 5745 5632 5526
f 5396 5634 5635
f 5635 5740 5521
f 5400 5636 5637
f 5528 5637 5616
f 5528 5504 5527
f 5636 5401 5638
f 5638 5402 5639
f 5639 5403 5640
f 5640 5404 5641
f 5641 5405 5535
f 5533 5746 5532
f 5747 5535 5532
f 5748 5533 5534
f 5643 5642 5417
f 5642 5538 5415
f 5418 5644 5643
f 5419 5645 5644
f 5420 5646 5645
f 5647 5646 5421
f 5648 5647 5422
f 5648 5423 5649
f 5424 5650 5649
f 5536 5749 5650
f 5748 5534 5537
f 5642 5539 5538
f 5750 5540 5539
f 5751 5651 5540
f 5427 5653 5652
f 5652 5681 5455
f 5653 5541 5752
f 5654 5711 5542
f 5753 5654 5543
f 5753 5543 5553
f 5754 5544 5545
f 5754 5655 5544
f 5755 5545 5546
f 5756 5546 5571
f 5757 5547 5548
f 5758 5549 5547
f 5759 5548 5552
f 5551 5549 5760
f 5761 5550 5551
f 5550 5762 5656
f 5552 5655 5763
f 5753 5553 5656
f 5556 5764 5555
f 5765 5557 5555
f 5657 5766 5556
f 5558 5557 5767
f 5559 5558 5768
f 5658 5559 5769
f 5658 5770 5560
f 5561 5560 5771
f 5562 5561 5772
f 5773 5563 5562
f 5774 5659 5563
f 5435 5659 5661
f 5660 5775 5564
f 5776 5565 5564
f 5566 5565 5777
f 5567 5566 5778
f 5569 5567 5779
f 5661 5780 5568
f 5568 5781 5660
f 5570 5569 5782
f 5599 5570 5783
f 5663 5662 5436
f 5665 5438 5662
f 5663 5437 5664
f 5664 5439 5598
f 5666 5440 5665
f 5667 5441 5666
f 5668 5442 5667
f 5784 5571 5668
f 5785 5572 5578
f 5572 5786 5573
f 5787 5574 5573
f 5788 5575 5574
f 5576 5575 5789
f 5790 5577 5576
f 5581 5791 5578
f 5669 5577 5790
f 5669 5792 5579
f 5579 5793 5580
f 5671 5582 5580
f 5581 5670 5791
f 5584 5794 5583
f 5583 5795 5670
f 5584 5586 5796
f 5457 5582 5671
f 5446 5671 5672
f 5447 5672 5673
f 5448 5673 5797
f 5449 5674 5675
f 5448 5797 5674
f 5450 5675 5798
f 5450 5798 5676
f 5585 5676 5799
f 5677 5679 5453
f 5677 5452 5678
f 5585 5799 5678
f 5679 5680 5454
f 5800 5586 5680
f 5801 5587 5594
f 5587 5802 5588
f 5588 5803 5589
f 5589 5804 5590
f 5590 5805 5591
f 5592 5591 5806
f 5592 5807 5593
f 5593 5808 5596
f 5595 5809 5594
f 5597 5810 5595
f 5664 5598 5596
f 5811 5597 5681
f 5657 5599 5766
f 5752 5541 5600
f 5601 5812 5600
f 5651 5813 5601
f 5814 5602 5612
f 5814 5682 5602
f 5815 5603 5604
f 5816 5604 5605
f 5817 5605 5682
f 5461 5684 5683
f 5462 5685 5684
f 5686 5685 5463
f 5465 5687 5686
f 5466 5688 5687
f 5606 5487 5709
f 5607 5606 5818
f 5607 5819 5688
f 5683 5820 5608
f 5468 5690 5689
f 5821 5609 5689
f 5476 5698 5690
f 5692 5691 5469
f 5692 5470 5693
f 5693 5471 5694
f 5694 5472 5695
f 5695 5473 5696
f 5696 5475 5697
f 5697 5609 5821
f 5698 5477 5699
f 5699 5478 5700
f 5700 5479 5701
f 5701 5483 5705
f 5822 5610 5691
f 5823 5702 5480
f 5611 5702 5704
f 5703 5823 5480
f 5703 5610 5822
f 5705 5484 5706
f 5706 5485 5707
f 5820 5707 5608
f 5486 5704 5708
f 5708 5710 5488
f 5815 5709 5603
f 5536 5710 5749
f 5542 5711 5490
f 5712 5491 5711
f 5713 5492 5712
f 5714 5493 5713
f 5715 5494 5714
f 5715 5716 5495
f 5717 5496 5716
f 5718 5497 5717
f 5824 5612 5718
f 5613 5748 5537
f 5614 5825 5613
f 5720 5500 5719
f 5501 5720 5721
f 5614 5721 5825
f 5826 5719 5615
f 5616 5637 5722
f 5722 5826 5615
f 5506 5724 5723
f 5507 5725 5724
f 5617 5626 5725
f 5723 5827 5618
f 5726 5728 5509
f 5726 5508 5727
f 5727 5510 5729
f 5512 5728 5828
f 5730 5729 5511
f 5619 5829 5730
f 5732 5513 5731
f 5828 5731 5512
f 5732 5734 5515
f 5619 5733 5829
f 5734 5830 5516
f 5827 5733 5618
f 5736 5517 5735
f 5735 5516 5830
f 5736 5737 5518
f 5737 5738 5519
f 5520 5738 5739
f 5831 5621 5620
f 5620 5624 5832
f 5833 5622 5621
f 5834 5623 5622
f 5835 5633 5623
f 5624 5739 5832
f 5625 5836 5626
f 5625 5740 5836
f 5837 5628 5627
f 5629 5628 5838
f 5839 5630 5629
f 5840 5741 5630
f 5841 5631 5741
f 5837 5627 5742
f 5742 5632 5842
f 5841 5634 5631
f 5633 5843 5743
f 5743 5744 5525
f 5744 5745 5526
f 5842 5632 5745
f 5844 5635 5634
f 5845 5740 5635
f 5637 5636 5846
f 5636 5638 5846
f 5638 5639 5847
f 5639 5640 5848
f 5640 5641 5849
f 5641 5535 5747
f 5748 5746 5533
f 5747 5532 5746
f 5643 5750 5642
f 5644 5850 5643
f 5645 5851 5644
f 5646 5852 5645
f 5647 5853 5646
f 5648 5854 5647
f 5648 5649 5855
f 5650 5856 5649
f 5749 5857 5650
f 5642 5750 5539
f 5751 5540 5750
f 5751 5858 5651
f 5859 5652 5653
f 5859 5681 5652
f 5653 5752 5860
f 5861 5711 5654
f 5753 5861 5654
f 5755 5754 5545
f 5754 5862 5655
f 5756 5755 5546
f 5784 5756 5571
f 5757 5758 5547
f 5757 5548 5759
f 5758 5760 5549
f 5759 5552 5763
f 5863 5551 5760
f 5761 5762 5550
f 5863 5761 5551
f 5864 5656 5762
f 5763 5655 5862
f 5753 5656 5864
f 5556 5766 5764
f 5765 5555 5764
f 5765 5767 5557
f 5558 5767 5768
f 5559 5768 5769
f 5658 5769 5770
f 5770 5771 5560
f 5561 5771 5772
f 5773 5562 5772
f 5773 5774 5563
f 5774 5865 5659
f 5865 5661 5659
f 5660 5866 5775
f 5776 5564 5775
f 5776 5777 5565
f 5778 5566 5777
f 5567 5778 5779
f 5782 5569 5779
f 5867 5780 5661
f 5780 5781 5568
f 5781 5866 5660
f 5783 5570 5782
f 5599 5783 5766
f 5663 5868 5662
f 5665 5662 5869
f 5663 5664 5808
f 5666 5665 5870
f 5667 5666 5871
f 5668 5667 5872
f 5784 5668 5873
f 5785 5786 5572
f 5785 5578 5874
f 5787 5573 5786
f 5788 5574 5787
f 5789 5575 5788
f 5790 5576 5789
f 5791 5874 5578
f 5875 5669 5790
f 5669 5876 5792
f 5579 5792 5793
f 5671 5580 5793
f 5670 5877 5791
f 5584 5796 5794
f 5583 5794 5795
f 5670 5795 5877
f 5800 5796 5586
f 5672 5671 5793
f 5672 5878 5673
f 5797 5673 5879
f 5674 5797 5675
f 5675 5880 5798
f 5676 5798 5881
f 5676 5882 5799
f 5883 5679 5677
f 5884 5677 5678
f 5799 5885 5678
f 5679 5886 5680
f 5887 5800 5680
f 5801 5802 5587
f 5809 5801 5594
f 5802 5803 5588
f 5803 5804 5589
f 5590 5804 5805
f 5591 5805 5806
f 5592 5806 5807
f 5593 5807 5808
f 5664 5596 5808
f 5810 5809 5595
f 5811 5810 5597
f 5888 5811 5681
f 5752 5600 5812
f 5601 5813 5812
f 5858 5813 5651
f 5824 5814 5612
f 5889 5682 5814
f 5816 5815 5604
f 5816 5605 5817
f 5889 5817 5682
f 5890 5683 5684
f 5891 5684 5685
f 5892 5685 5686
f 5893 5686 5687
f 5894 5687 5688
f 5818 5606 5709
f 5607 5818 5819
f 5895 5688 5819
f 5890 5820 5683
f 5896 5689 5690
f 5821 5689 5896
f 5897 5690 5698
f 5898 5691 5692
f 5692 5693 5899
f 5900 5693 5694
f 5901 5694 5695
f 5902 5695 5696
f 5903 5696 5697
f 5904 5697 5821
f 5905 5698 5699
f 5699 5700 5906
f 5907 5700 5701
f 5908 5701 5705
f 5898 5822 5691
f 5823 5909 5702
f 5704 5702 5910
f 5703 5911 5823
f 5703 5822 5911
f 5705 5706 5912
f 5913 5706 5707
f 5820 5914 5707
f 5708 5704 5910
f 5708 5915 5710
f 5815 5916 5709
f 5749 5710 5917
f 5861 5712 5711
f 5918 5713 5712
f 5919 5714 5713
f 5715 5714 5920
f 5921 5716 5715
f 5922 5717 5716
f 5923 5718 5717
f 5924 5824 5718
f 5613 5825 5748
f 5720 5719 5925
f 5720 5926 5721
f 5721 5927 5825
f 5925 5719 5826
f 5637 5846 5722
f 5846 5826 5722
f 5723 5724 5928
f 5724 5725 5929
f 5725 5626 5836
f 5723 5928 5827
f 5726 5930 5728
f 5726 5727 5931
f 5932 5727 5729
f 5828 5728 5933
f 5932 5729 5730
f 5730 5829 5934
f 5732 5731 5935
f 5731 5828 5936
f 5937 5734 5732
f 5829 5733 5938
f 5939 5830 5734
f 5827 5938 5733
f 5736 5735 5940
f 5941 5735 5830
f 5736 5942 5737
f 5737 5943 5738
f 5943 5739 5738
f 5831 5833 5621
f 5831 5620 5832
f 5834 5622 5833
f 5835 5623 5834
f 5835 5944 5633
f 5943 5832 5739
f 5945 5836 5740
f 5838 5628 5837
f 5839 5629 5838
f 5840 5630 5839
f 5840 5946 5741
f 5841 5741 5946
f 5947 5837 5742
f 5947 5742 5842
f 5841 5844 5634
f 5633 5944 5843
f 5948 5743 5843
f 5948 5744 5743
f 5744 5949 5745
f 5950 5842 5745
f 5845 5635 5844
f 5945 5740 5845
f 5846 5638 5847
f 5847 5639 5848
f 5640 5849 5848
f 5641 5747 5849
f 5825 5746 5748
f 5747 5746 5927
f 5850 5750 5643
f 5644 5851 5850
f 5645 5852 5851
f 5646 5853 5852
f 5854 5853 5647
f 5648 5855 5854
f 5649 5856 5855
f 5857 5856 5650
f 5749 5951 5857
f 5850 5751 5750
f 5952 5858 5751
f 5859 5653 5860
f 5859 5888 5681
f 5953 5860 5752
f 5753 5864 5861
f 5954 5754 5755
f 5954 5862 5754
f 5756 5955 5755
f 5956 5756 5784
f 5957 5758 5757
f 5757 5759 5958
f 5959 5760 5758
f 5759 5763 5960
f 5863 5760 5961
f 5761 5962 5762
f 5863 5963 5761
f 5864 5762 5964
f 5965 5763 5862
f 5764 5766 5966
f 5765 5764 5967
f 5765 5968 5767
f 5768 5767 5969
f 5769 5768 5970
f 5770 5769 5971
f 5770 5972 5771
f 5771 5973 5772
f 5974 5773 5772
f 5975 5774 5773
f 5774 5976 5865
f 5865 5867 5661
f 5977 5775 5866
f 5776 5775 5978
f 5776 5979 5777
f 5778 5777 5980
f 5779 5778 5981
f 5782 5779 5982
f 5983 5780 5867
f 5984 5781 5780
f 5985 5866 5781
f 5783 5782 5986
f 5966 5766 5783
f 5663 5808 5868
f 5662 5868 5869
f 5665 5869 5870
f 5666 5870 5871
f 5667 5871 5872
f 5668 5872 5873
f 5784 5873 5987
f 5785 5988 5786
f 5785 5874 5989
f 5787 5786 5990
f 5991 5788 5787
f 5992 5789 5788
f 5790 5789 5993
f 5791 5994 5874
f 5875 5876 5669
f 5875 5790 5993
f 5876 5995 5792
f 5793 5792 5878
f 5877 5994 5791
f 5796 5996 5794
f 5794 5997 5795
f 5795 5998 5877
f 5800 5999 5796
f 5672 5793 5878
f 5673 5878 5879
f 5797 5879 6000
f 6001 5675 5797
f 6001 5880 5675
f 5880 5881 5798
f 5676 5881 5882
f 5799 5882 6002
f 5883 5886 5679
f 5883 5677 5884
f 5884 5678 5885
f 5799 6002 5885
f 5887 5680 5886
f 5887 6003 5800
f 6004 5802 5801
f 5809 6005 5801
f 5802 6006 5803
f 5803 6007 5804
f 6008 5805 5804
f 6009 5806 5805
f 5806 6010 5807
f 5808 5807 5868
f 5810 6011 5809
f 6012 5810 5811
f 6013 5811 5888
f 5953 5752 5812
f 6014 5812 5813
f 5858 6015 5813
f 6016 5814 5824
f 6016 5889 5814
f 6017 5815 5816
f 5816 5817 6018
f 6019 5817 5889
f 5890 5684 5891
f 5892 5891 5685
f 5892 5686 5893
f 5893 5687 5894
f 5894 5688 5895
f 5916 5818 5709
f 6020 5819 5818
f 6021 5895 5819
f 5890 6022 5820
f 5896 5690 5897
f 6023 5821 5896
f 5897 5698 5905
f 5898 5692 5899
f 5900 5899 5693
f 5900 5694 5901
f 5901 5695 5902
f 5903 5902 5696
f 5903 5697 5904
f 5904 5821 6023
f 5905 5699 5906
f 5906 5700 5907
f 5907 5701 5908
f 5908 5705 5912
f 6024 5822 5898
f 5823 6025 5909
f 5910 5702 5909
f 5823 5911 6025
f 6024 5911 5822
f 5912 5706 5913
f 5913 5707 5914
f 5820 6022 5914
f 5708 5910 5915
f 5710 5915 5917
f 6017 5916 5815
f 5749 5917 5951
f 5861 5918 5712
f 5919 5713 5918
f 5920 5714 5919
f 5921 5715 5920
f 5922 5716 5921
f 5922 5923 5717
f 5923 5924 5718
f 6026 5824 5924
f 5720 5925 5926
f 5926 5927 5721
f 5825 5927 5746
f 5847 5925 5826
f 5846 5847 5826
f 5724 5929 5928
f 5929 5725 5836
f 5827 5928 6027
f 5726 5931 5930
f 5930 5933 5728
f 5932 5931 5727
f 5936 5828 5933
f 5932 5730 5934
f 5829 6028 5934
f 5731 5936 5935
f 5732 5935 6029
f 5937 5939 5734
f 6029 5937 5732
f 5829 5938 6028
f 5939 6030 5830
f 5827 6027 5938
f 5941 5940 5735
f 5736 5940 5942
f 6030 5941 5830
f 5737 5942 5943
f 5831 6031 5833
f 5942 5831 5832
f 5834 5833 6032
f 5835 5834 6033
f 5835 6034 5944
f 5943 5942 5832
f 5945 5929 5836
f 6035 5838 5837
f 6036 5839 5838
f 5840 5839 6037
f 5840 6038 5946
f 5841 5946 5844
f 6035 5837 5947
f 5947 5842 6039
f 6040 5843 5944
f 5948 5843 6041
f 5948 5949 5744
f 5950 5745 5949
f 5950 6039 5842
f 6042 5845 5844
f 6043 5945 5845
f 5847 5848 5925
f 5926 5848 5849
f 5849 5747 5927
f 5851 5952 5850
f 5851 5852 6044
f 5853 6045 5852
f 5854 6046 5853
f 5854 5855 6047
f 5856 6048 5855
f 5857 6049 5856
f 5857 5951 6050
f 5850 5952 5751
f 5952 6051 5858
f 6052 5859 5860
f 6052 5888 5859
f 6053 5860 5953
f 5861 5864 5918
f 5955 5954 5755
f 6054 5862 5954
f 5956 5955 5756
f 5956 5784 5987
f 5957 5959 5758
f 5957 5757 5958
f 5958 5759 5960
f 5959 5961 5760
f 5960 5763 5965
f 5863 5961 6055
f 5963 5962 5761
f 5962 5964 5762
f 5863 6055 5963
f 5918 5864 5964
f 6054 5965 5862
f 5764 5966 5967
f 5765 5967 5968
f 5968 5969 5767
f 5768 5969 5970
f 5769 5970 5971
f 5770 5971 5972
f 5972 5973 5771
f 5974 5772 5973
f 5974 5975 5773
f 5975 5976 5774
f 5976 6056 5865
f 5865 6056 5867
f 5978 5775 5977
f 6057 5977 5866
f 5776 5978 5979
f 5980 5777 5979
f 5778 5980 5981
f 5982 5779 5981
f 5782 5982 5986
f 5983 5984 5780
f 5983 5867 6056
f 5984 5985 5781
f 6057 5866 5985
f 5966 5783 5986
f 6010 5869 5868
f 6058 5870 5869
f 6059 5871 5870
f 6060 5872 5871
f 5873 5872 6061
f 6062 5987 5873
f 5785 5989 5988
f 5988 5990 5786
f 5874 6063 5989
f 5991 5787 5990
f 5992 5788 5991
f 5992 5993 5789
f 5874 5994 6063
f 6064 5876 5875
f 6064 5875 5993
f 5876 6065 5995
f 5792 5995 5878
f 5877 6066 5994
f 5796 5999 5996
f 5794 5996 5997
f 5795 5997 5998
f 5877 5998 6066
f 5800 6003 5999
f 5879 5878 5995
f 5879 6067 6000
f 6001 5797 6000
f 6001 6068 5880
f 5880 6069 5881
f 5882 5881 6070
f 6002 5882 6071
f 5883 6072 5886
f 5883 5884 6073
f 5884 5885 6074
f 6002 6075 5885
f 6076 5887 5886
f 5887 6077 6003
f 6004 6006 5802
f 6005 6004 5801
f 5809 6011 6005
f 5803 6006 6007
f 6007 6008 5804
f 6008 6009 5805
f 6009 6058 5806
f 5806 6058 6010
f 6010 5868 5807
f 6012 6011 5810
f 6013 6012 5811
f 6013 5888 6078
f 6014 5953 5812
f 6014 5813 6015
f 6051 6015 5858
f 6026 6016 5824
f 6079 5889 6016
f 6017 5816 6018
f 6019 6018 5817
f 6079 6019 5889
f 6080 5890 5891
f 5892 6081 5891
f 6082 5892 5893
f 5893 5894 6083
f 6084 5894 5895
f 6020 5818 5916
f 6021 5819 6020
f 6085 5895 6021
f 6080 6022 5890
f 6086 5896 5897
f 6023 5896 6086
f 6087 5897 5905
f 6088 5898 5899
f 6089 5899 5900
f 6090 5900 5901
f 6091 5901 5902
f 6092 5902 5903
f 6093 5903 5904
f 6094 5904 6023
f 6095 5905 5906
f 6096 5906 5907
f 6097 5907 5908
f 6098 5908 5912
f 6024 5898 6088
f 6025 6099 5909
f 5910 5909 6100
f 5911 6101 6025
f 6024 6101 5911
f 6102 5912 5913
f 6103 5913 5914
f 6104 5914 6022
f 5915 5910 6100
f 5915 6105 5917
f 6017 6106 5916
f 5917 6107 5951
f 5919 5918 5964
f 6108 5920 5919
f 6109 5921 5920
f 6109 5922 5921
f 5922 6110 5923
f 6111 5924 5923
f 6026 5924 6112
f 5925 5848 5926
f 5926 5849 5927
f 5928 5929 6113
f 6027 5928 6113
f 6114 5930 5931
f 5930 6115 5933
f 6116 5931 5932
f 5936 5933 6117
f 6118 5932 5934
f 6028 6119 5934
f 6120 5935 5936
f 6121 6029 5935
f 6122 5939 5937
f 5937 6029 6123
f 6028 5938 6124
f 6125 6030 5939
f 6124 5938 6027
f 6126 5940 5941
f 5942 5940 6127
f 6030 6128 5941
f 5831 6129 6031
f 6031 6032 5833
f 5942 6129 5831
f 6033 5834 6032
f 5835 6033 6130
f 5835 6130 6034
f 6034 6040 5944
f 6113 5929 5945
f 6035 6036 5838
f 6037 5839 6036
f 5840 6037 6038
f 6131 5946 6038
f 6042 5844 5946
f 6035 5947 6132
f 6132 5947 6039
f 6040 6041 5843
f 5948 6041 6133
f 5948 6133 5949
f 6134 5950 5949
f 5950 6135 6039
f 6043 5845 6042
f 6043 6113 5945
f 5851 6044 5952
f 6045 6044 5852
f 5853 6046 6045
f 5854 6047 6046
f 5855 6048 6047
f 5856 6049 6048
f 5857 6050 6049
f 6050 5951 6136
f 6044 6051 5952
f 6053 6052 5860
f 6052 6078 5888
f 6137 6053 5953
f 6138 5954 5955
f 6138 6054 5954
f 6139 5955 5956
f 5956 5987 6140
f 6141 5959 5957
f 6142 5957 5958
f 5958 5960 6143
f 6144 5961 5959
f 6145 5960 5965
f 6055 5961 6146
f 5963 6147 5962
f 5962 6108 5964
f 6055 6148 5963
f 6054 6145 5965
f 5967 5966 6149
f 5968 5967 6150
f 6151 5969 5968
f 5970 5969 6152
f 5971 5970 6153
f 5972 5971 6154
f 5972 6155 5973
f 6156 5974 5973
f 6157 5975 5974
f 5975 6158 5976
f 5976 6159 6056
f 6160 5978 5977
f 6057 6161 5977
f 6162 5979 5978
f 5980 5979 6163
f 5980 6164 5981
f 5982 5981 6165
f 5986 5982 6166
f 5983 6167 5984
f 5983 6056 6168
f 6169 5985 5984
f 6170 6057 5985
f 5966 5986 6149
f 6010 6058 5869
f 6059 5870 6058
f 6059 6060 5871
f 6061 5872 6060
f 6062 5873 6061
f 6171 5987 6062
f 5988 5989 6172
f 5988 6173 5990
f 5989 6063 6174
f 5991 5990 6175
f 5992 5991 6176
f 6177 5993 5992
f 5994 6178 6063
f 6064 6065 5876
f 6177 6064 5993
f 6067 5995 6065
f 5994 6066 6178
f 5999 6179 5996
f 5996 6180 5997
f 5997 6181 5998
f 5998 6182 6066
f 6003 6183 5999
f 5879 5995 6067
f 6000 6067 6184
f 6001 6000 6068
f 5880 6068 6069
f 5881 6069 6070
f 5882 6070 6071
f 6002 6071 6185
f 5883 6073 6072
f 6076 5886 6072
f 5884 6074 6073
f 6075 6074 5885
f 6002 6185 6075
f 6076 6077 5887
f 6186 6003 6077
f 6004 6187 6006
f 6188 6004 6005
f 6189 6005 6011
f 6190 6007 6006
f 6007 6191 6008
f 6008 6192 6009
f 6009 6059 6058
f 6012 6193 6011
f 6013 6194 6012
f 6013 6078 6195
f 6014 6137 5953
f 6196 6014 6015
f 6197 6015 6051
f 6198 6016 6026
f 6198 6079 6016
f 6017 6018 6199
f 6019 6200 6018
f 6201 6019 6079
f 6080 5891 6081
f 6082 6081 5892
f 6082 5893 6083
f 6084 6083 5894
f 6085 6084 5895
f 6020 5916 6106
f 6021 6020 6202
f 6085 6021 6203
f 6080 6204 6022
f 6086 5897 6087
f 6205 6023 6086
f 6087 5905 6095
f 6088 5899 6089
f 6089 5900 6090
f 6090 5901 6091
f 6092 6091 5902
f 6093 6092 5903
f 6093 5904 6094
f 6094 6023 6205
f 6095 5906 6096
f 6096 5907 6097
f 6097 5908 6098
f 6098 5912 6102
f 6024 6088 6206
f 6025 6207 6099
f 5909 6099 6100
f 6101 6207 6025
f 6024 6206 6101
f 6102 5913 6103
f 6103 5914 6104
f 6104 6022 6204
f 5915 6100 6105
f 5917 6105 6107
f 6017 6199 6106
f 5951 6107 6136
f 6108 5919 5964
f 6109 5920 6108
f 6109 6208 5922
f 5922 6208 6110
f 6111 5923 6110
f 6111 6112 5924
f 6209 6026 6112
f 6027 6113 6043
f 6114 6115 5930
f 6114 5931 6116
f 6117 5933 6115
f 6116 5932 6118
f 6120 5936 6117
f 6118 5934 6119
f 6210 6119 6028
f 6121 5935 6120
f 6121 6123 6029
f 6122 6125 5939
f 6122 5937 6123
f 6210 6028 6124
f 6211 6030 6125
f 6124 6027 6043
f 6127 5940 6126
f 6126 5941 6128
f 5942 6127 6129
f 6211 6128 6030
f 6212 6031 6129
f 6213 6032 6031
f 6214 6033 6032
f 6215 6130 6033
f 6216 6034 6130
f 6217 6040 6034
f 6218 6036 6035
f 6219 6037 6036
f 6037 6220 6038
f 6042 5946 6131
f 6131 6038 6221
f 6218 6035 6132
f 6132 6039 6222
f 6040 6223 6041
f 6224 6133 6041
f 6134 5949 6133
f 6134 6135 5950
f 6222 6039 6135
f 6043 6042 6225
f 6045 6226 6044
f 6046 6227 6045
f 6046 6047 6228
f 6048 6229 6047
f 6049 6230 6048
f 6050 6231 6049
f 6050 6136 6232
f 6226 6051 6044
f 6233 6052 6053
f 6233 6078 6052
f 6137 6234 6053
f 6138 5955 6139
f 6235 6054 6138
f 6139 5956 6140
f 6171 6140 5987
f 6141 6144 5959
f 6142 6141 5957
f 6142 5958 6143
f 6236 6143 5960
f 6144 6146 5961
f 6236 5960 6145
f 6055 6146 6237
f 5963 6148 6147
f 6147 6108 5962
f 6055 6237 6148
f 6235 6145 6054
f 5967 6149 6150
f 6151 5968 6150
f 6151 6152 5969
f 6153 5970 6152
f 5971 6153 6154
f 5972 6154 6155
f 6156 5973 6155
f 6156 6157 5974
f 6157 6158 5975
f 5976 6158 6159
f 6168 6056 6159
f 6160 6162 5978
f 6160 5977 6161
f 6238 6161 6057
f 6162 6163 5979
f 5980 6163 6164
f 6165 5981 6164
f 5982 6165 6166
f 6149 5986 6166
f 5983 6168 6167
f 6167 6169 5984
f 6170 5985 6169
f 6170 6238 6057
f 6192 6060 6059
f 6239 6061 6060
f 6240 6062 6061
f 6241 6171 6062
f 5989 6174 6172
f 5988 6172 6173
f 5990 6173 6175
f 6174 6063 6242
f 5991 6175 6176
f 6177 5992 6176
f 6063 6178 6242
f 6243 6065 6064
f 6243 6064 6177
f 6244 6067 6065
f 6066 6245 6178
f 5999 6183 6179
f 5996 6179 6180
f 6180 6181 5997
f 5998 6181 6182
f 6182 6245 6066
f 6186 6183 6003
f 6244 6184 6067
f 6068 6000 6184
f 6246 6069 6068
f 6069 6247 6070
f 6071 6070 6248
f 6071 6249 6185
f 6250 6072 6073
f 6251 6076 6072
f 6073 6074 6252
f 6075 6253 6074
f 6075 6185 6254
f 6076 6255 6077
f 6256 6186 6077
f 6188 6187 6004
f 6187 6190 6006
f 6189 6188 6005
f 6193 6189 6011
f 6190 6191 6007
f 6191 6192 6008
f 6192 6059 6009
f 6012 6194 6193
f 6013 6195 6194
f 6257 6195 6078
f 6196 6137 6014
f 6197 6196 6015
f 6197 6051 6226
f 6198 6026 6209
f 6258 6079 6198
f 6018 6200 6199
f 6201 6200 6019
f 6258 6201 6079
f 6259 6080 6081
f 6260 6081 6082
f 6261 6082 6083
f 6262 6083 6084
f 6263 6084 6085
f 6202 6020 6106
f 6021 6202 6203
f 6085 6203 6264
f 6259 6204 6080
f 6086 6087 6265
f 6205 6086 6265
f 6087 6095 6266
f 6088 6089 6267
f 6089 6090 6268
f 6090 6091 6269
f 6092 6270 6091
f 6271 6092 6093
f 6272 6093 6094
f 6094 6205 6273
f 6274 6095 6096
f 6096 6097 6275
f 6276 6097 6098
f 6277 6098 6102
f 6088 6267 6206
f 6207 6278 6099
f 6100 6099 6279
f 6101 6280 6207
f 6101 6206 6280
f 6102 6103 6281
f 6103 6104 6282
f 6104 6204 6283
f 6105 6100 6279
f 6284 6107 6105
f 6199 6285 6106
f 6107 6286 6136
f 6147 6109 6108
f 6147 6208 6109
f 6287 6110 6208
f 6111 6110 6288
f 6111 6289 6112
f 6209 6112 6290
f 6291 6115 6114
f 6292 6114 6116
f 6293 6117 6115
f 6294 6116 6118
f 6120 6117 6295
f 6296 6118 6119
f 6210 6297 6119
f 6298 6121 6120
f 6121 6299 6123
f 6300 6125 6122
f 6122 6123 6301
f 6210 6124 6225
f 6211 6125 6302
f 6124 6043 6225
f 6127 6126 6303
f 6126 6128 6304
f 6305 6129 6127
f 6211 6306 6128
f 6212 6213 6031
f 6212 6129 6305
f 6214 6032 6213
f 6214 6307 6033
f 6308 6130 6215
f 6215 6033 6307
f 6216 6217 6034
f 6308 6216 6130
f 6217 6223 6040
f 6218 6219 6036
f 6219 6220 6037
f 6221 6038 6220
f 6225 6042 6131
f 6309 6131 6221
f 6218 6132 6310
f 6310 6132 6222
f 6224 6041 6223
f 6224 6311 6133
f 6134 6133 6311
f 6134 6312 6135
f 6313 6222 6135
f 6045 6227 6226
f 6046 6228 6227
f 6047 6229 6228
f 6230 6229 6048
f 6049 6231 6230
f 6050 6232 6231
f 6314 6232 6136
f 6234 6233 6053
f 6233 6257 6078
f 6315 6234 6137
f 6316 6138 6139
f 6316 6235 6138
f 6139 6140 6317
f 6318 6140 6171
f 6319 6144 6141
f 6142 6320 6141
f 6142 6143 6321
f 6322 6143 6236
f 6323 6146 6144
f 6324 6236 6145
f 6237 6146 6325
f 6147 6148 6208
f 6237 6287 6148
f 6324 6145 6235
f 6149 6326 6150
f 6327 6151 6150
f 6151 6328 6152
f 6329 6153 6152
f 6330 6154 6153
f 6331 6155 6154
f 6332 6156 6155
f 6156 6333 6157
f 6157 6334 6158
f 6158 6335 6159
f 6168 6159 6336
f 6160 6337 6162
f 6160 6161 6338
f 6238 6339 6161
f 6340 6163 6162
f 6163 6341 6164
f 6165 6164 6342
f 6166 6165 6343
f 6149 6166 6326
f 6167 6168 6344
f 6167 6345 6169
f 6170 6169 6346
f 6170 6346 6238
f 6192 6239 6060
f 6240 6061 6239
f 6241 6062 6240
f 6347 6171 6241
f 6348 6172 6174
f 6349 6173 6172
f 6350 6175 6173
f 6174 6242 6351
f 6352 6176 6175
f 6177 6176 6352
f 6353 6242 6178
f 6243 6244 6065
f 6243 6177 6352
f 6353 6178 6245
f 6183 6354 6179
f 6180 6179 6355
f 6180 6356 6181
f 6182 6181 6357
f 6182 6358 6245
f 6186 6359 6183
f 6244 6360 6184
f 6246 6068 6184
f 6246 6247 6069
f 6070 6247 6248
f 6361 6071 6248
f 6361 6249 6071
f 6185 6249 6362
f 6250 6251 6072
f 6250 6073 6252
f 6251 6255 6076
f 6074 6253 6252
f 6075 6254 6253
f 6185 6362 6254
f 6256 6077 6255
f 6256 6363 6186
f 6188 6364 6187
f 6187 6365 6190
f 6366 6188 6189
f 6193 6367 6189
f 6190 6368 6191
f 6191 6239 6192
f 6194 6369 6193
f 6370 6194 6195
f 6371 6195 6257
f 6315 6137 6196
f 6372 6196 6197
f 6197 6226 6373
f 6374 6198 6209
f 6374 6258 6198
f 6199 6200 6285
f 6201 6375 6200
f 6258 6376 6201
f 6260 6259 6081
f 6260 6082 6261
f 6261 6083 6262
f 6263 6262 6084
f 6263 6085 6264
f 6202 6106 6285
f 6202 6377 6203
f 6378 6264 6203
f 6259 6379 6204
f 6265 6087 6266
f 6380 6205 6265
f 6266 6095 6274
f 6267 6089 6268
f 6268 6090 6269
f 6091 6270 6269
f 6271 6270 6092
f 6271 6093 6272
f 6272 6094 6273
f 6273 6205 6380
f 6274 6096 6275
f 6275 6097 6276
f 6276 6098 6277
f 6277 6102 6281
f 6206 6267 6381
f 6382 6278 6207
f 6278 6279 6099
f 6280 6382 6207
f 6280 6206 6381
f 6281 6103 6282
f 6282 6104 6283
f 6204 6379 6283
f 6284 6105 6279
f 6284 6286 6107
f 6286 6314 6136
f 6288 6110 6287
f 6287 6208 6148
f 6111 6288 6289
f 6289 6290 6112
f 6209 6290 6383
f 6291 6293 6115
f 6292 6291 6114
f 6292 6116 6294
f 6295 6117 6293
f 6296 6294 6118
f 6298 6120 6295
f 6296 6119 6297
f 6210 6309 6297
f 6298 6299 6121
f 6299 6301 6123
f 6300 6302 6125
f 6300 6122 6301
f 6210 6225 6309
f 6211 6302 6306
f 6126 6304 6303
f 6305 6127 6303
f 6306 6304 6128
f 6212 6384 6213
f 6385 6212 6305
f 6386 6214 6213
f 6387 6307 6214
f 6388 6308 6215
f 6215 6307 6389
f 6216 6390 6217
f 6308 6391 6216
f 6392 6223 6217
f 6218 6393 6219
f 6219 6394 6220
f 6395 6221 6220
f 6225 6131 6309
f 6309 6221 6396
f 6218 6310 6393
f 6397 6310 6222
f 6398 6224 6223
f 6224 6399 6311
f 6134 6311 6312
f 6313 6135 6312
f 6313 6397 6222
f 6227 6373 6226
f 6228 6400 6227
f 6401 6228 6229
f 6230 6402 6229
f 6403 6230 6231
f 6231 6232 6404
f 6314 6405 6232
f 6406 6233 6234
f 6406 6257 6233
f 6315 6407 6234
f 6316 6139 6317
f 6408 6235 6316
f 6318 6317 6140
f 6347 6318 6171
f 6319 6323 6144
f 6320 6319 6141
f 6142 6321 6320
f 6322 6321 6143
f 6409 6322 6236
f 6325 6146 6323
f 6324 6409 6236
f 6410 6237 6325
f 6410 6287 6237
f 6408 6324 6235
f 6327 6150 6326
f 6327 6328 6151
f 6328 6329 6152
f 6330 6153 6329
f 6331 6154 6330
f 6331 6332 6155
f 6332 6333 6156
f 6157 6333 6334
f 6334 6335 6158
f 6159 6335 6336
f 6168 6336 6344
f 6160 6411 6337
f 6340 6162 6337
f 6338 6161 6339
f 6160 6338 6411
f 6238 6412 6339
f 6340 6341 6163
f 6342 6164 6341
f 6165 6342 6343
f 6326 6166 6343
f 6167 6344 6345
f 6346 6169 6345
f 6346 6412 6238
f 6368 6240 6239
f 6241 6240 6413
f 6414 6347 6241
f 6348 6349 6172
f 6348 6174 6351
f 6349 6350 6173
f 6352 6175 6350
f 6351 6242 6415
f 6353 6415 6242
f 6243 6416 6244
f 6243 6352 6416
f 6353 6245 6417
f 6418 6354 6183
f 6179 6354 6355
f 6180 6355 6356
f 6181 6356 6357
f 6182 6357 6358
f 6417 6245 6358
f 6186 6363 6359
f 6359 6418 6183
f 6416 6360 6244
f 6246 6184 6360
f 6246 6419 6247
f 6420 6248 6247
f 6421 6361 6248
f 6422 6249 6361
f 6422 6362 6249
f 6250 6423 6251
f 6250 6252 6424
f 6425 6255 6251
f 6426 6252 6253
f 6253 6254 6427
f 6254 6362 6428
f 6429 6256 6255
f 6430 6363 6256
f 6366 6364 6188
f 6364 6365 6187
f 6365 6368 6190
f 6366 6189 6367
f 6369 6367 6193
f 6191 6368 6239
f 6370 6369 6194
f 6371 6370 6195
f 6431 6371 6257
f 6372 6315 6196
f 6372 6197 6373
f 6374 6209 6383
f 6374 6432 6258
f 6375 6285 6200
f 6201 6376 6375
f 6432 6376 6258
f 6433 6259 6260
f 6434 6260 6261
f 6435 6261 6262
f 6436 6262 6263
f 6437 6263 6264
f 6202 6285 6377
f 6378 6203 6377
f 6438 6264 6378
f 6433 6379 6259
f 6265 6266 6439
f 6380 6265 6439
f 6440 6266 6274
f 6267 6268 6441
f 6268 6269 6442
f 6269 6270 6443
f 6444 6270 6271
f 6445 6271 6272
f 6272 6273 6446
f 6447 6273 6380
f 6448 6274 6275
f 6275 6276 6449
f 6276 6277 6450
f 6451 6277 6281
f 6267 6441 6381
f 6382 6452 6278
f 6453 6279 6278
f 6280 6454 6382
f 6280 6381 6454
f 6455 6281 6282
f 6456 6282 6283
f 6457 6283 6379
f 6453 6284 6279
f 6458 6286 6284
f 6459 6314 6286
f 6410 6288 6287
f 6460 6289 6288
f 6289 6461 6290
f 6290 6462 6383
f 6463 6293 6291
f 6464 6291 6292
f 6465 6292 6294
f 6295 6293 6466
f 6467 6294 6296
f 6298 6295 6468
f 6296 6297 6469
f 6297 6309 6396
f 6298 6387 6299
f 6470 6301 6299
f 6300 6471 6302
f 6300 6301 6472
f 6302 6473 6306
f 6473 6303 6304
f 6385 6305 6303
f 6473 6304 6306
f 6385 6384 6212
f 6386 6213 6384
f 6387 6214 6386
f 6474 6307 6387
f 6388 6475 6308
f 6388 6215 6389
f 6389 6307 6474
f 6390 6216 6391
f 6392 6217 6390
f 6308 6475 6391
f 6392 6398 6223
f 6393 6394 6219
f 6395 6220 6394
f 6395 6396 6221
f 6393 6310 6476
f 6397 6476 6310
f 6398 6399 6224
f 6477 6311 6399
f 6312 6311 6477
f 6478 6313 6312
f 6479 6397 6313
f 6227 6400 6373
f 6401 6400 6228
f 6401 6229 6402
f 6403 6402 6230
f 6403 6231 6404
f 6404 6232 6405
f 6314 6480 6405
f 6406 6234 6407
f 6406 6431 6257
f 6481 6407 6315
f 6482 6316 6317
f 6482 6408 6316
f 6483 6317 6318
f 6484 6318 6347
f 6485 6323 6319
f 6486 6319 6320
f 6320 6321 6487
f 6322 6488 6321
f 6489 6322 6409
f 6490 6325 6323
f 6491 6409 6324
f 6410 6325 6492
f 6491 6324 6408
f 6327 6326 6493
f 6327 6494 6328
f 6328 6495 6329
f 6330 6329 6496
f 6331 6330 6497
f 6331 6498 6332
f 6332 6499 6333
f 6333 6500 6334
f 6334 6501 6335
f 6336 6335 6502
f 6344 6336 6503
f 6337 6411 6504
f 6340 6337 6505
f 6338 6339 6506
f 6411 6338 6506
f 6412 6507 6339
f 6340 6508 6341
f 6509 6342 6341
f 6510 6343 6342
f 6493 6326 6343
f 6344 6511 6345
f 6346 6345 6512
f 6346 6512 6412
f 6368 6413 6240
f 6414 6241 6413
f 6513 6347 6414
f 6514 6349 6348
f 6515 6348 6351
f 6516 6350 6349
f 6416 6352 6350
f 6517 6351 6415
f 6518 6415 6353
f 6518 6353 6417
f 6418 6519 6354
f 6354 6520 6355
f 6355 6521 6356
f 6357 6356 6522
f 6357 6523 6358
f 6417 6358 6524
f 6363 6525 6359
f 6359 6525 6418
f 6516 6360 6416
f 6246 6360 6419
f 6420 6247 6419
f 6421 6248 6420
f 6421 6526 6361
f 6422 6361 6526
f 6527 6362 6422
f 6250 6424 6423
f 6425 6251 6423
f 6424 6252 6426
f 6425 6429 6255
f 6426 6253 6427
f 6254 6428 6427
f 6527 6428 6362
f 6429 6430 6256
f 6430 6528 6363
f 6529 6364 6366
f 6530 6365 6364
f 6365 6413 6368
f 6366 6367 6531
f 6369 6532 6367
f 6370 6533 6369
f 6371 6534 6370
f 6431 6535 6371
f 6481 6315 6372
f 6536 6372 6373
f 6374 6383 6537
f 6374 6537 6432
f 6375 6538 6285
f 6539 6375 6376
f 6432 6540 6376
f 6433 6260 6434
f 6434 6261 6435
f 6436 6435 6262
f 6437 6436 6263
f 6438 6437 6264
f 6538 6377 6285
f 6541 6378 6377
f 6438 6378 6542
f 6433 6543 6379
f 6439 6266 6440
f 6544 6380 6439
f 6440 6274 6448
f 6441 6268 6442
f 6269 6443 6442
f 6444 6443 6270
f 6444 6271 6445
f 6445 6272 6446
f 6447 6446 6273
f 6447 6380 6544
f 6448 6275 6449
f 6276 6450 6449
f 6450 6277 6451
f 6451 6281 6455
f 6545 6381 6441
f 6546 6452 6382
f 6453 6278 6452
f 6546 6382 6454
f 6545 6454 6381
f 6456 6455 6282
f 6456 6283 6457
f 6457 6379 6543
f 6458 6284 6453
f 6458 6459 6286
f 6459 6480 6314
f 6460 6288 6410
f 6460 6461 6289
f 6461 6462 6290
f 6383 6462 6547
f 6463 6466 6293
f 6548 6463 6291
f 6548 6291 6464
f 6465 6464 6292
f 6465 6294 6467
f 6295 6466 6468
f 6467 6296 6469
f 6298 6468 6387
f 6469 6297 6396
f 6387 6470 6299
f 6472 6301 6470
f 6300 6472 6471
f 6471 6473 6302
f 6473 6385 6303
f 6471 6384 6385
f 6549 6386 6384
f 6387 6386 6470
f 6468 6474 6387
f 6388 6550 6475
f 6388 6389 6551
f 6389 6474 6466
f 6391 6392 6390
f 6475 6392 6391
f 6475 6398 6392
f 6393 6552 6394
f 6553 6395 6394
f 6554 6396 6395
f 6393 6476 6552
f 6555 6476 6397
f 6398 6550 6399
f 6556 6477 6399
f 6478 6312 6477
f 6479 6313 6478
f 6479 6555 6397
f 6536 6373 6400
f 6557 6400 6401
f 6558 6401 6402
f 6403 6559 6402
f 6560 6403 6404
f 6561 6404 6405
f 6562 6405 6480
f 6563 6406 6407
f 6563 6431 6406
f 6564 6407 6481
f 6482 6317 6483
f 6482 6565 6408
f 6484 6483 6318
f 6513 6484 6347
f 6485 6490 6323
f 6486 6485 6319
f 6486 6320 6487
f 6488 6487 6321
f 6489 6488 6322
f 6566 6489 6409
f 6490 6492 6325
f 6566 6409 6491
f 6460 6410 6492
f 6565 6491 6408
f 6327 6493 6494
f 6328 6494 6495
f 6496 6329 6495
f 6497 6330 6496
f 6331 6497 6498
f 6332 6498 6499
f 6333 6499 6500
f 6334 6500 6501
f 6501 6502 6335
f 6336 6502 6503
f 6344 6503 6511
f 6411 6506 6504
f 6337 6504 6505
f 6340 6505 6508
f 6339 6507 6506
f 6412 6567 6507
f 6509 6341 6508
f 6510 6342 6509
f 6493 6343 6510
f 6345 6511 6512
f 6412 6512 6567
f 6530 6414 6413
f 6568 6513 6414
f 6514 6516 6349
f 6514 6348 6515
f 6517 6515 6351
f 6516 6416 6350
f 6517 6415 6569
f 6569 6415 6518
f 6518 6417 6570
f 6418 6571 6519
f 6354 6519 6520
f 6355 6520 6521
f 6356 6521 6522
f 6357 6522 6523
f 6524 6358 6523
f 6570 6417 6524
f 6363 6528 6525
f 6525 6571 6418
f 6419 6360 6516
f 6420 6419 6514
f 6421 6420 6515
f 6421 6517 6526
f 6422 6526 6572
f 6527 6422 6572
f 6573 6423 6424
f 6574 6425 6423
f 6575 6424 6426
f 6576 6429 6425
f 6426 6427 6577
f 6427 6428 6578
f 6527 6579 6428
f 6429 6580 6430
f 6581 6528 6430
f 6529 6530 6364
f 6529 6366 6531
f 6530 6413 6365
f 6532 6531 6367
f 6533 6532 6369
f 6534 6533 6370
f 6535 6534 6371
f 6582 6535 6431
f 6536 6481 6372
f 6537 6383 6547
f 6432 6537 6540
f 6539 6538 6375
f 6540 6539 6376
f 6583 6433 6434
f 6584 6434 6435
f 6585 6435 6436
f 6586 6436 6437
f 6587 6437 6438
f 6541 6377 6538
f 6542 6378 6541
f 6588 6438 6542
f 6583 6543 6433
f 6589 6439 6440
f 6544 6439 6589
f 6589 6440 6448
f 6441 6442 6590
f 6442 6443 6591
f 6444 6592 6443
f 6593 6444 6445
f 6594 6445 6446
f 6595 6446 6447
f 6447 6544 6596
f 6448 6449 6597
f 6598 6449 6450
f 6450 6451 6599
f 6600 6451 6455
f 6545 6441 6590
f 6546 6601 6452
f 6602 6453 6452
f 6546 6454 6603
f 6603 6454 6545
f 6604 6455 6456
f 6456 6457 6605
f 6606 6457 6543
f 6602 6458 6453
f 6458 6607 6459
f 6459 6608 6480
f 6460 6609 6461
f 6461 6610 6462
f 6462 6611 6547
f 6463 6389 6466
f 6612 6463 6548
f 6613 6548 6464
f 6614 6464 6465
f 6465 6467 6615
f 6468 6466 6474
f 6467 6469 6616
f 6469 6396 6554
f 6472 6470 6549
f 6472 6549 6471
f 6471 6385 6473
f 6471 6549 6384
f 6549 6470 6386
f 6388 6617 6550
f 6550 6398 6475
f 6463 6551 6389
f 6388 6551 6618
f 6553 6394 6552
f 6553 6554 6395
f 6476 6619 6552
f 6555 6619 6476
f 6556 6399 6550
f 6556 6620 6477
f 6478 6477 6620
f 6621 6479 6478
f 6622 6555 6479
f 6557 6536 6400
f 6558 6557 6401
f 6559 6558 6402
f 6560 6559 6403
f 6560 6404 6561
f 6562 6561 6405
f 6623 6562 6480
f 6564 6563 6407
f 6582 6431 6563
f 6624 6564 6481
f 6482 6483 6625
f 6482 6625 6565
f 6626 6483 6484
f 6627 6484 6513
f 6628 6490 6485
f 6629 6485 6486
f 6486 6487 6630
f 6631 6487 6488
f 6632 6488 6489
f 6633 6489 6566
f 6634 6492 6490
f 6635 6566 6491
f 6460 6492 6609
f 6635 6491 6565
f 6494 6493 6636
f 6494 6637 6495
f 6496 6495 6638
f 6497 6496 6639
f 6497 6639 6498
f 6499 6498 6640
f 6499 6641 6500
f 6500 6642 6501
f 6501 6643 6502
f 6644 6503 6502
f 6645 6511 6503
f 6504 6506 6646
f 6647 6505 6504
f 6648 6508 6505
f 6506 6507 6646
f 6649 6507 6567
f 6509 6508 6650
f 6510 6509 6651
f 6493 6510 6636
f 6652 6512 6511
f 6652 6567 6512
f 6568 6414 6530
f 6568 6653 6513
f 6514 6419 6516
f 6420 6514 6515
f 6421 6515 6517
f 6517 6569 6526
f 6569 6518 6654
f 6654 6518 6570
f 6571 6655 6519
f 6519 6656 6520
f 6520 6657 6521
f 6522 6521 6658
f 6522 6659 6523
f 6524 6523 6660
f 6661 6570 6524
f 6525 6528 6662
f 6525 6662 6571
f 6526 6569 6572
f 6527 6572 6663
f 6574 6423 6573
f 6575 6573 6424
f 6576 6425 6574
f 6575 6426 6577
f 6576 6580 6429
f 6577 6427 6578
f 6579 6578 6428
f 6527 6663 6579
f 6580 6581 6430
f 6581 6664 6528
f 6529 6568 6530
f 6529 6531 6665
f 6666 6531 6532
f 6667 6532 6533
f 6534 6668 6533
f 6669 6534 6535
f 6582 6670 6535
f 6624 6481 6536
f 6537 6547 6671
f 6672 6540 6537
f 6539 6673 6538
f 6674 6539 6540
f 6583 6434 6584
f 6585 6584 6435
f 6586 6585 6436
f 6587 6586 6437
f 6587 6438 6588
f 6541 6538 6673
f 6675 6542 6541
f 6676 6588 6542
f 6583 6677 6543
f 6544 6589 6678
f 6589 6448 6597
f 6442 6591 6590
f 6591 6443 6592
f 6593 6592 6444
f 6593 6445 6594
f 6594 6446 6595
f 6595 6447 6596
f 6596 6544 6678
f 6597 6449 6598
f 6598 6450 6599
f 6599 6451 6600
f 6604 6600 6455
f 6545 6590 6679
f 6546 6680 6601
f 6602 6452 6601
f 6546 6603 6680
f 6603 6545 6679
f 6604 6456 6605
f 6605 6457 6606
f 6606 6543 6677
f 6602 6607 6458
f 6607 6608 6459
f 6623 6480 6608
f 6461 6609 6610
f 6462 6610 6611
f 6547 6611 6681
f 6612 6551 6463
f 6613 6612 6548
f 6613 6464 6614
f 6614 6465 6615
f 6615 6467 6616
f 6469 6554 6616
f 6388 6618 6617
f 6682 6550 6617
f 6683 6618 6551
f 6684 6553 6552
f 6616 6554 6553
f 6684 6552 6619
f 6555 6685 6619
f 6682 6556 6550
f 6556 6686 6620
f 6621 6478 6620
f 6622 6479 6621
f 6622 6685 6555
f 6557 6624 6536
f 6558 6687 6557
f 6559 6688 6558
f 6560 6689 6559
f 6560 6561 6690
f 6691 6561 6562
f 6623 6692 6562
f 6693 6563 6564
f 6693 6582 6563
f 6624 6694 6564
f 6626 6625 6483
f 6565 6625 6695
f 6627 6626 6484
f 6627 6513 6653
f 6628 6634 6490
f 6629 6628 6485
f 6629 6486 6630
f 6630 6487 6631
f 6632 6631 6488
f 6633 6632 6489
f 6633 6566 6696
f 6609 6492 6634
f 6635 6696 6566
f 6635 6565 6695
f 6494 6636 6637
f 6495 6637 6638
f 6639 6496 6638
f 6498 6639 6640
f 6499 6640 6641
f 6500 6641 6642
f 6501 6642 6643
f 6643 6644 6502
f 6644 6645 6503
f 6645 6652 6511
f 6647 6504 6646
f 6647 6648 6505
f 6648 6650 6508
f 6649 6646 6507
f 6697 6649 6567
f 6509 6650 6651
f 6651 6698 6510
f 6636 6510 6698
f 6697 6567 6652
f 6665 6653 6568
f 6572 6569 6654
f 6654 6570 6699
f 6571 6700 6655
f 6655 6656 6519
f 6520 6656 6657
f 6521 6657 6701
f 6521 6701 6658
f 6522 6658 6659
f 6659 6660 6523
f 6661 6524 6660
f 6699 6570 6661
f 6528 6664 6662
f 6571 6662 6700
f 6663 6572 6654
f 6574 6573 6702
f 6703 6573 6575
f 6704 6576 6574
f 6575 6577 6705
f 6576 6706 6580
f 6707 6577 6578
f 6579 6708 6578
f 6709 6579 6663
f 6580 6710 6581
f 6581 6711 6664
f 6529 6665 6568
f 6666 6665 6531
f 6667 6666 6532
f 6667 6533 6668
f 6669 6668 6534
f 6670 6669 6535
f 6712 6670 6582
f 6671 6547 6681
f 6672 6537 6671
f 6674 6540 6672
f 6674 6673 6539
f 6713 6583 6584
f 6714 6584 6585
f 6715 6585 6586
f 6587 6716 6586
f 6587 6588 6717
f 6675 6541 6673
f 6676 6542 6675
f 6718 6588 6676
f 6677 6583 6713
f 6589 6719 6678
f 6589 6597 6719
f 6590 6591 6720
f 6721 6591 6592
f 6593 6722 6592
f 6593 6594 6723
f 6594 6595 6724
f 6595 6596 6725
f 6596 6678 6726
f 6727 6597 6598
f 6728 6598 6599
f 6729 6599 6600
f 6730 6600 6604
f 6679 6590 6720
f 6680 6731 6601
f 6602 6601 6732
f 6733 6680 6603
f 6733 6603 6679
f 6604 6605 6734
f 6735 6605 6606
f 6606 6677 6736
f 6602 6732 6607
f 6607 6737 6608
f 6738 6623 6608
f 6610 6609 6739
f 6740 6611 6610
f 6611 6741 6681
f 6683 6551 6612
f 6742 6612 6613
f 6743 6613 6614
f 6614 6615 6744
f 6615 6616 6745
f 6617 6618 6746
f 6682 6617 6747
f 6748 6618 6683
f 6616 6553 6684
f 6684 6619 6749
f 6749 6619 6685
f 6682 6686 6556
f 6750 6620 6686
f 6621 6620 6750
f 6751 6622 6621
f 6622 6752 6685
f 6687 6624 6557
f 6688 6687 6558
f 6689 6688 6559
f 6560 6690 6689
f 6690 6561 6691
f 6692 6691 6562
f 6753 6692 6623
f 6694 6693 6564
f 6693 6712 6582
f 6687 6694 6624
f 6626 6754 6625
f 6695 6625 6754
f 6755 6626 6627
f 6756 6627 6653
f 6628 6757 6634
f 6758 6628 6629
f 6759 6629 6630
f 6760 6630 6631
f 6761 6631 6632
f 6762 6632 6633
f 6633 6696 6763
f 6739 6609 6634
f 6635 6764 6696
f 6635 6695 6764
f 6636 6765 6637
f 6638 6637 6766
f 6639 6638 6767
f 6639 6767 6640
f 6640 6768 6641
f 6642 6641 6769
f 6642 6770 6643
f 6770 6644 6643
f 6771 6645 6644
f 6697 6652 6645
f 6647 6646 6772
f 6647 6773 6648
f 6774 6650 6648
f 6772 6646 6649
f 6775 6649 6697
f 6776 6651 6650
f 6698 6651 6776
f 6636 6698 6765
f 6777 6653 6665
f 6663 6654 6699
f 6700 6778 6655
f 6655 6779 6656
f 6656 6780 6657
f 6657 6781 6701
f 6782 6658 6701
f 6783 6659 6658
f 6784 6660 6659
f 6785 6661 6660
f 6786 6699 6661
f 6664 6787 6662
f 6700 6662 6787
f 6702 6573 6703
f 6704 6574 6702
f 6703 6575 6705
f 6704 6706 6576
f 6577 6788 6705
f 6706 6710 6580
f 6707 6788 6577
f 6707 6578 6708
f 6709 6708 6579
f 6709 6663 6699
f 6581 6710 6711
f 6711 6789 6664
f 6666 6777 6665
f 6790 6666 6667
f 6791 6667 6668
f 6669 6792 6668
f 6670 6793 6669
f 6712 6794 6670
f 6671 6681 6795
f 6672 6671 6796
f 6674 6672 6797
f 6674 6798 6673
f 6714 6713 6584
f 6715 6714 6585
f 6716 6715 6586
f 6587 6717 6716
f 6718 6717 6588
f 6798 6675 6673
f 6676 6675 6799
f 6800 6718 6676
f 6713 6736 6677
f 6801 6678 6719
f 6719 6597 6727
f 6721 6720 6591
f 6721 6592 6722
f 6593 6723 6722
f 6594 6724 6723
f 6724 6595 6725
f 6725 6596 6726
f 6726 6678 6801
f 6728 6727 6598
f 6728 6599 6729
f 6730 6729 6600
f 6730 6604 6734
f 6679 6720 6802
f 6680 6803 6731
f 6732 6601 6731
f 6733 6803 6680
f 6733 6679 6802
f 6734 6605 6735
f 6735 6606 6736
f 6732 6737 6607
f 6737 6738 6608
f 6738 6753 6623
f 6740 6610 6739
f 6740 6741 6611
f 6804 6681 6741
f 6742 6683 6612
f 6743 6742 6613
f 6743 6614 6744
f 6615 6745 6744
f 6616 6684 6745
f 6748 6746 6618
f 6617 6746 6747
f 6805 6682 6747
f 6748 6683 6806
f 6684 6749 6745
f 6752 6749 6685
f 6805 6686 6682
f 6750 6686 6807
f 6751 6621 6750
f 6751 6752 6622
f 6688 6808 6687
f 6689 6809 6688
f 6689 6690 6810
f 6690 6691 6811
f 6692 6812 6691
f 6753 6813 6692
f 6694 6814 6693
f 6814 6712 6693
f 6808 6694 6687
f 6755 6754 6626
f 6815 6695 6754
f 6755 6627 6756
f 6777 6756 6653
f 6758 6757 6628
f 6739 6634 6757
f 6758 6629 6759
f 6759 6630 6760
f 6761 6760 6631
f 6761 6632 6762
f 6762 6633 6763
f 6816 6763 6696
f 6816 6696 6764
f 6815 6764 6695
f 6765 6766 6637
f 6767 6638 6766
f 6640 6767 6768
f 6769 6641 6768
f 6642 6769 6770
f 6771 6644 6770
f 6771 6697 6645
f 6647 6772 6773
f 6774 6648 6773
f 6776 6650 6774
f 6775 6772 6649
f 6771 6775 6697
f 6698 6776 6765
f 6700 6817 6778
f 6655 6778 6779
f 6656 6779 6780
f 6657 6780 6781
f 6782 6701 6781
f 6782 6783 6658
f 6784 6659 6783
f 6785 6660 6784
f 6786 6661 6785
f 6709 6699 6786
f 6664 6789 6787
f 6700 6787 6817
f 6702 6703 6818
f 6704 6702 6819
f 6703 6705 6820
f 6704 6821 6706
f 6705 6788 6822
f 6706 6823 6710
f 6824 6788 6707
f 6825 6707 6708
f 6709 6826 6708
f 6710 6827 6711
f 6711 6828 6789
f 6790 6777 6666
f 6791 6790 6667
f 6791 6668 6792
f 6669 6793 6792
f 6670 6794 6793
f 6712 6829 6794
f 6795 6681 6804
f 6671 6795 6796
f 6672 6796 6797
f 6674 6797 6798
f 6830 6713 6714
f 6830 6714 6715
f 6716 6831 6715
f 6832 6716 6717
f 6833 6717 6718
f 6799 6675 6798
f 6800 6676 6799
f 6800 6834 6718
f 6713 6835 6736
f 6801 6719 6836
f 6836 6719 6727
f 6837 6720 6721
f 6838 6721 6722
f 6839 6722 6723
f 6839 6723 6724
f 6724 6725 6840
f 6725 6726 6841
f 6726 6801 6842
f 6843 6727 6728
f 6844 6728 6729
f 6845 6729 6730
f 6730 6734 6845
f 6837 6802 6720
f 6803 6846 6731
f 6732 6731 6847
f 6733 6848 6803
f 6733 6802 6848
f 6734 6735 6849
f 6735 6736 6850
f 6732 6847 6737
f 6737 6851 6738
f 6738 6852 6753
f 6853 6740 6739
f 6740 6854 6741
f 6855 6804 6741
f 6742 6806 6683
f 6743 6856 6742
f 6857 6743 6744
f 6858 6744 6745
f 6748 6859 6746
f 6859 6747 6746
f 6859 6805 6747
f 6748 6806 6860
f 6749 6858 6745
f 6752 6858 6749
f 6861 6686 6805
f 6861 6807 6686
f 6862 6750 6807
f 6862 6751 6750
f 6751 6863 6752
f 6809 6808 6688
f 6689 6810 6809
f 6810 6690 6811
f 6691 6812 6811
f 6692 6813 6812
f 6753 6864 6813
f 6808 6814 6694
f 6814 6829 6712
f 6755 6865 6754
f 6815 6754 6865
f 6866 6755 6756
f 6867 6756 6777
f 6868 6757 6758
f 6853 6739 6757
f 6869 6758 6759
f 6870 6759 6760
f 6761 6871 6760
f 6761 6762 6872
f 6762 6763 6872
f 6873 6763 6816
f 6816 6764 6874
f 6815 6874 6764
f 6765 6875 6766
f 6767 6766 6876
f 6768 6767 6876
f 6769 6768 6877
f 6769 6878 6770
f 6771 6770 6878
f 6772 6879 6773
f 6774 6773 6880
f 6776 6774 6875
f 6775 6879 6772
f 6771 6878 6775
f 6765 6776 6875
f 6778 6817 6881
f 6778 6881 6779
f 6882 6780 6779
f 6883 6781 6780
f 6883 6782 6781
f 6884 6783 6782
f 6885 6784 6783
f 6785 6784 6886
f 6786 6785 6887
f 6709 6786 6826
f 6888 6787 6789
f 6888 6817 6787
f 6818 6703 6820
f 6819 6702 6818
f 6704 6819 6821
f 6820 6705 6822
f 6706 6821 6823
f 6824 6822 6788
f 6823 6827 6710
f 6824 6707 6825
f 6825 6708 6826
f 6711 6827 6828
f 6828 6889 6789
f 6790 6867 6777
f 6791 6890 6790
f 6791 6792 6891
f 6793 6892 6792
f 6794 6893 6793
f 6829 6894 6794
f 6895 6795 6804
f 6896 6796 6795
f 6797 6796 6897
f 6798 6797 6898
f 6830 6899 6713
f 6830 6715 6831
f 6832 6831 6716
f 6832 6717 6833
f 6833 6718 6834
f 6799 6798 6898
f 6800 6799 6900
f 6800 6901 6834
f 6899 6835 6713
f 6835 6850 6736
f 6801 6836 6902
f 6836 6727 6843
f 6838 6837 6721
f 6839 6838 6722
f 6839 6724 6840
f 6725 6841 6840
f 6841 6726 6842
f 6801 6902 6842
f 6843 6728 6844
f 6903 6844 6729
f 6903 6729 6845
f 6845 6734 6849
f 6837 6904 6802
f 6905 6846 6803
f 6731 6846 6847
f 6848 6905 6803
f 6848 6802 6904
f 6849 6735 6850
f 6737 6847 6851
f 6851 6852 6738
f 6753 6852 6864
f 6853 6854 6740
f 6855 6741 6854
f 6855 6906 6804
f 6742 6907 6806
f 6857 6856 6743
f 6742 6856 6907
f 6857 6744 6858
f 6748 6860 6859
f 6859 6860 6805
f 6806 6907 6860
f 6752 6863 6858
f 6861 6805 6860
f 6861 6908 6807
f 6909 6862 6807
f 6862 6910 6751
f 6751 6910 6863
f 6809 6911 6808
f 6809 6810 6912
f 6810 6811 6913
f 6812 6914 6811
f 6813 6915 6812
f 6813 6864 6916
f 6808 6911 6814
f 6911 6829 6814
f 6866 6865 6755
f 6815 6865 6917
f 6867 6866 6756
f 6868 6853 6757
f 6869 6868 6758
f 6870 6869 6759
f 6871 6870 6760
f 6761 6918 6871
f 6761 6872 6918
f 6873 6872 6763
f 6919 6873 6816
f 6919 6816 6874
f 6815 6917 6874
f 6766 6875 6876
f 6768 6876 6877
f 6769 6877 6878
f 6879 6880 6773
f 6774 6880 6875
f 6775 6878 6879
f 6920 6881 6817
f 6881 6882 6779
f 6882 6883 6780
f 6884 6782 6883
f 6885 6783 6884
f 6886 6784 6885
f 6887 6785 6886
f 6786 6887 6826
f 6889 6888 6789
f 6920 6817 6888
f 6818 6820 6921
f 6819 6818 6922
f 6819 6923 6821
f 6820 6822 6924
f 6821 6925 6823
f 6926 6822 6824
f 6823 6927 6827
f 6824 6825 6928
f 6825 6826 6929
f 6930 6828 6827
f 6930 6889 6828
f 6790 6890 6867
f 6791 6891 6890
f 6892 6891 6792
f 6893 6892 6793
f 6894 6893 6794
f 6931 6894 6829
f 6896 6795 6895
f 6895 6804 6906
f 6896 6897 6796
f 6797 6897 6898
f 6830 6932 6899
f 6830 6831 6932
f 6933 6831 6832
f 6934 6832 6833
f 6935 6833 6834
f 6799 6898 6900
f 6800 6900 6901
f 6834 6901 6936
f 6937 6835 6899
f 6835 6938 6850
f 6902 6836 6939
f 6836 6843 6939
f 6940 6837 6838
f 6941 6838 6839
f 6839 6840 6942
f 6840 6841 6943
f 6841 6842 6944
f 6902 6945 6842
f 6946 6843 6844
f 6947 6844 6903
f 6948 6903 6845
f 6845 6849 6949
f 6940 6904 6837
f 6905 6950 6846
f 6847 6846 6951
f 6952 6905 6848
f 6952 6848 6904
f 6953 6849 6850
f 6851 6847 6951
f 6851 6954 6852
f 6852 6955 6864
f 6956 6854 6853
f 6957 6855 6854
f 6958 6906 6855
f 6857 6959 6856
f 6856 6960 6907
f 6857 6858 6863
f 6907 6861 6860
f 6861 6960 6908
f 6909 6807 6908
f 6909 6910 6862
f 6961 6863 6910
f 6809 6912 6911
f 6810 6913 6912
f 6913 6811 6914
f 6915 6914 6812
f 6813 6916 6915
f 6864 6962 6916
f 6931 6829 6911
f 6866 6963 6865
f 6963 6917 6865
f 6867 6964 6866
f 6956 6853 6868
f 6965 6868 6869
f 6870 6966 6869
f 6871 6967 6870
f 6968 6871 6918
f 6918 6872 6969
f 6873 6969 6872
f 6919 6970 6873
f 6971 6919 6874
f 6971 6874 6917
f 6875 6880 6876
f 6877 6876 6880
f 6877 6879 6878
f 6877 6880 6879
f 6920 6972 6881
f 6881 6972 6882
f 6973 6883 6882
f 6973 6884 6883
f 6885 6884 6974
f 6886 6885 6975
f 6887 6886 6976
f 6887 6929 6826
f 6889 6977 6888
f 6977 6920 6888
f 6820 6924 6921
f 6818 6921 6922
f 6819 6922 6923
f 6821 6923 6925
f 6926 6924 6822
f 6823 6925 6927
f 6926 6824 6928
f 6927 6930 6827
f 6825 6929 6928
f 6930 6978 6889
f 6867 6890 6964
f 6891 6979 6890
f 6892 6980 6891
f 6893 6981 6892
f 6894 6982 6893
f 6931 6983 6894
f 6984 6896 6895
f 6985 6895 6906
f 6986 6897 6896
f 6987 6898 6897
f 6899 6932 6988
f 6933 6932 6831
f 6934 6933 6832
f 6934 6833 6935
f 6935 6834 6936
f 6987 6900 6898
f 6901 6900 6989
f 6990 6936 6901
f 6937 6938 6835
f 6937 6899 6988
f 6953 6850 6938
f 6902 6939 6991
f 6939 6843 6946
f 6941 6940 6838
f 6941 6839 6942
f 6840 6943 6942
f 6943 6841 6944
f 6944 6842 6945
f 6902 6991 6945
f 6947 6946 6844
f 6947 6903 6992
f 6948 6992 6903
f 6948 6845 6949
f 6949 6849 6953
f 6993 6904 6940
f 6994 6950 6905
f 6951 6846 6950
f 6994 6905 6952
f 6952 6904 6993
f 6851 6951 6954
f 6852 6954 6955
f 6864 6955 6962
f 6957 6854 6956
f 6958 6855 6957
f 6995 6906 6958
f 6857 6863 6959
f 6959 6960 6856
f 6907 6960 6861
f 6961 6908 6960
f 6961 6909 6908
f 6961 6910 6909
f 6959 6863 6961
f 6912 6931 6911
f 6913 6996 6912
f 6913 6914 6997
f 6915 6998 6914
f 6999 6915 6916
f 6962 7000 6916
f 6964 6963 6866
f 7001 6917 6963
f 6965 6956 6868
f 6966 6965 6869
f 6967 6966 6870
f 6968 6967 6871
f 6968 6918 7002
f 6918 6969 7002
f 6873 6970 6969
f 6919 7003 6970
f 6971 7003 6919
f 7001 6971 6917
f 7004 6972 6920
f 6972 6973 6882
f 6973 6974 6884
f 6975 6885 6974
f 6976 6886 6975
f 6887 6976 6929
f 6889 6978 6977
f 7004 6920 6977
f 7005 6921 6924
f 6922 6921 7006
f 6922 7007 6923
f 6925 6923 7008
f 6926 7005 6924
f 6925 7009 6927
f 6926 6928 7010
f 6927 7011 6930
f 6928 6929 7012
f 6930 7011 6978
f 6964 6890 6979
f 6980 6979 6891
f 6981 6980 6892
f 6982 6981 6893
f 6983 6982 6894
f 6996 6983 6931
f 6984 6986 6896
f 6985 6984 6895
f 6995 6985 6906
f 6986 6987 6897
f 7013 6988 6932
f 7013 6932 6933
f 7014 6933 6934
f 7015 6934 6935
f 6935 6936 7016
f 6989 6900 6987
f 6990 6901 6989
f 7017 6936 6990
f 6937 7018 6938
f 6937 6988 7019
f 7020 6953 6938
f 6991 6939 7021
f 6939 6946 7021
f 7022 6940 6941
f 6941 6942 7023
f 6942 6943 7024
f 6943 6944 7025
f 7026 6944 6945
f 6945 6991 7027
f 6947 7028 6946
f 6947 6992 7029
f 6948 7030 6992
f 6948 6949 7031
f 6949 6953 7032
f 6993 6940 7022
f 6994 7033 6950
f 6951 6950 7034
f 6994 6952 7035
f 6952 6993 7035
f 6951 7034 6954
f 6954 7036 6955
f 6962 6955 7037
f 7038 6957 6956
f 7039 6958 6957
f 7040 6995 6958
f 6959 6961 6960
f 6996 6931 6912
f 6913 6997 6996
f 6998 6997 6914
f 6999 6998 6915
f 6999 6916 7000
f 6962 7041 7000
f 6964 7042 6963
f 7001 6963 7042
f 7038 6956 6965
f 7043 6965 6966
f 6967 7043 6966
f 6968 7044 6967
f 6968 7002 7045
f 6969 7046 7002
f 6969 6970 7046
f 7047 6970 7003
f 7048 7003 6971
f 7048 6971 7001
f 7004 7049 6972
f 7049 6973 6972
f 7049 6974 6973
f 6975 6974 7050
f 6976 6975 7051
f 6929 6976 7012
f 6978 7052 6977
f 7052 7004 6977
f 7006 6921 7005
f 6922 7006 7007
f 7007 7053 6923
f 6923 7053 7008
f 6925 7008 7009
f 6926 7010 7005
f 6927 7009 7011
f 6928 7012 7010
f 7011 7054 6978
f 6964 6979 7042
f 6980 7055 6979
f 7056 6980 6981
f 7057 6981 6982
f 6983 7058 6982
f 6996 7059 6983
f 6984 7060 6986
f 6985 7061 6984
f 6995 7062 6985
f 6986 7063 6987
f 7013 7064 6988
f 7014 7013 6933
f 7014 6934 7015
f 7015 6935 7016
f 7017 7016 6936
f 7063 6989 6987
f 7065 6990 6989
f 7017 6990 7066
f 6937 7019 7018
f 7018 7020 6938
f 7019 6988 7064
f 7032 6953 7020
f 6991 7021 7067
f 7028 7021 6946
f 7022 6941 7023
f 7023 6942 7024
f 7024 6943 7025
f 7025 6944 7026
f 7026 6945 7027
f 7027 6991 7067
f 6947 7029 7028
f 7068 7029 6992
f 6948 7031 7030
f 7030 7068 6992
f 7031 6949 7032
f 6993 7022 7069
f 7070 7033 6994
f 7033 7034 6950
f 7070 6994 7035
f 7035 6993 7069
f 7034 7036 6954
f 6955 7036 7037
f 6962 7037 7041
f 7039 6957 7038
f 7040 6958 7039
f 7071 6995 7040
f 6996 6997 7059
f 6998 7072 6997
f 6999 7073 6998
f 6999 7000 7074
f 7000 7041 7075
f 7076 7001 7042
f 7043 7038 6965
f 6967 7044 7043
f 6968 7045 7044
f 7002 7077 7045
f 7002 7046 7077
f 7047 7046 6970
f 7078 7047 7003
f 7078 7003 7048
f 7076 7048 7001
f 7079 7049 7004
f 7050 6974 7049
f 7051 6975 7050
f 7012 6976 7051
f 7054 7052 6978
f 7052 7079 7004
f 7006 7005 7080
f 7007 7006 7081
f 7007 7081 7053
f 7008 7053 7082
f 7009 7008 7082
f 7005 7010 7080
f 7009 7082 7011
f 7010 7012 7083
f 7082 7054 7011
f 7055 7042 6979
f 7056 7055 6980
f 7057 7056 6981
f 7057 6982 7058
f 6983 7059 7058
f 6984 7061 7060
f 6986 7060 7063
f 6985 7062 7061
f 7071 7062 6995
f 7013 7084 7064
f 7014 7084 7013
f 7014 7015 7085
f 7015 7016 7086
f 7017 7087 7016
f 7065 6989 7063
f 7066 6990 7065
f 7088 7017 7066
f 7089 7018 7019
f 7090 7020 7018
f 7019 7064 7091
f 7032 7020 7092
f 7021 7093 7067
f 7028 7093 7021
f 7022 7023 7094
f 7023 7024 7095
f 7024 7025 7096
f 7097 7025 7026
f 7098 7026 7027
f 7027 7067 7099
f 7028 7029 7100
f 7068 7101 7029
f 7030 7031 7102
f 7103 7068 7030
f 7031 7032 7104
f 7022 7094 7069
f 7070 7105 7033
f 7033 7106 7034
f 7070 7035 7107
f 7107 7035 7069
f 7034 7106 7036
f 7037 7036 7108
f 7037 7109 7041
f 7110 7039 7038
f 7111 7040 7039
f 7112 7071 7040
f 6997 7072 7059
f 6998 7073 7072
f 6999 7074 7073
f 7000 7075 7074
f 7113 7075 7041
f 7055 7076 7042
f 7110 7038 7043
f 7110 7043 7044
f 7114 7044 7045
f 7115 7045 7077
f 7116 7077 7046
f 7116 7046 7047
f 7078 7117 7047
f 7078 7048 7118
f 7118 7048 7076
f 7079 7050 7049
f 7119 7051 7050
f 7012 7051 7083
f 7054 7120 7052
f 7120 7079 7052
f 7006 7080 7081
f 7053 7081 7121
f 7053 7121 7082
f 7010 7083 7080
f 7082 7121 7054
f 7056 7122 7055
f 7057 7123 7056
f 7057 7058 7124
f 7059 7125 7058
f 7060 7061 7126
f 7127 7063 7060
f 7128 7061 7062
f 7071 7129 7062
f 7130 7064 7084
f 7014 7085 7084
f 7015 7086 7085
f 7016 7087 7086
f 7088 7087 7017
f 7065 7063 7127
f 7066 7065 7131
f 7132 7088 7066
f 7089 7090 7018
f 7089 7019 7091
f 7090 7092 7020
f 7091 7064 7130
f 7032 7092 7104
f 7093 7133 7067
f 7028 7100 7093
f 7023 7095 7094
f 7024 7096 7095
f 7097 7096 7025
f 7098 7097 7026
f 7098 7027 7134
f 7133 7099 7067
f 7027 7099 7134
f 7100 7029 7101
f 7135 7101 7068
f 7031 7104 7102
f 7103 7030 7102
f 7103 7135 7068
f 7094 7136 7069
f 7070 7137 7105
f 7105 7106 7033
f 7070 7107 7137
f 7107 7069 7138
f 7106 7108 7036
f 7037 7108 7109
f 7113 7041 7109
f 7111 7039 7110
f 7112 7040 7111
f 7139 7071 7112
f 7059 7072 7125
f 7073 7140 7072
f 7074 7141 7073
f 7074 7075 7142
f 7113 7143 7075
f 7055 7122 7076
f 7114 7110 7044
f 7114 7045 7115
f 7144 7115 7077
f 7144 7077 7116
f 7117 7116 7047
f 7145 7117 7078
f 7145 7078 7118
f 7122 7118 7076
f 7119 7050 7079
f 7083 7051 7119
f 7121 7120 7054
f 7120 7119 7079
f 7081 7080 7146
f 7121 7081 7146
f 7146 7080 7083
f 7056 7123 7122
f 7057 7124 7123
f 7058 7125 7124
f 7128 7126 7061
f 7127 7060 7126
f 7128 7062 7129
f 7139 7129 7071
f 7147 7130 7084
f 7147 7084 7085
f 7086 7148 7085
f 7149 7086 7087
f 7088 7150 7087
f 7065 7127 7131
f 7066 7131 7151
f 7152 7088 7132
f 7132 7066 7151
f 7153 7090 7089
f 7089 7091 7154
f 7090 7155 7092
f 7091 7130 7156
f 7157 7104 7092
f 7093 7158 7133
f 7100 7158 7093
f 7094 7095 7159
f 7095 7096 7160
f 7097 7161 7096
f 7098 7162 7097
f 7098 7134 7163
f 7133 7164 7099
f 7164 7134 7099
f 7100 7101 7165
f 7135 7166 7101
f 7167 7102 7104
f 7103 7102 7168
f 7103 7169 7135
f 7094 7159 7136
f 7138 7069 7136
f 7137 7170 7105
f 7105 7171 7106
f 7107 7138 7137
f 7106 7171 7108
f 7108 7172 7109
f 7113 7109 7173
f 7111 7110 7114
f 7112 7111 7174
f 7139 7112 7175
f 7140 7125 7072
f 7073 7141 7140
f 7074 7142 7141
f 7143 7142 7075
f 7176 7143 7113
f 7174 7114 7115
f 7144 7177 7115
f 7144 7116 7178
f 7178 7116 7117
f 7179 7117 7145
f 7145 7118 7180
f 7180 7118 7122
f 7146 7083 7119
f 7121 7146 7120
f 7146 7119 7120
f 7123 7180 7122
f 7123 7124 7181
f 7125 7182 7124
f 7183 7126 7128
f 7127 7126 7184
f 7185 7128 7129
f 7139 7186 7129
f 7187 7130 7147
f 7148 7147 7085
f 7149 7148 7086
f 7150 7149 7087
f 7152 7150 7088
f 7127 7184 7131
f 7151 7131 7184
f 7152 7132 7188
f 7189 7132 7151
f 7153 7155 7090
f 7153 7089 7154
f 7154 7091 7156
f 7155 7157 7092
f 7187 7156 7130
f 7167 7104 7157
f 7190 7133 7158
f 7100 7165 7158
f 7095 7160 7159
f 7096 7161 7160
f 7097 7162 7161
f 7098 7163 7162
f 7191 7163 7134
f 7190 7164 7133
f 7191 7134 7164
f 7166 7165 7101
f 7135 7192 7166
f 7168 7102 7167
f 7103 7168 7169
f 7135 7169 7192
f 7136 7159 7193
f 7138 7136 7194
f 7137 7195 7170
f 7170 7171 7105
f 7137 7138 7195
f 7108 7171 7172
f 7172 7173 7109
f 7176 7113 7173
f 7174 7111 7114
f 7112 7174 7175
f 7139 7175 7196
f 7140 7182 7125
f 7140 7141 7197
f 7141 7142 7198
f 7143 7199 7142
f 7176 7200 7143
f 7174 7115 7177
f 7144 7201 7177
f 7144 7178 7201
f 7179 7178 7117
f 7202 7179 7145
f 7202 7145 7180
f 7123 7181 7180
f 7182 7181 7124
f 7183 7184 7126
f 7185 7183 7128
f 7185 7129 7186
f 7139 7196 7186
f 7187 7147 7203
f 7203 7147 7148
f 7204 7148 7149
f 7205 7149 7150
f 7206 7150 7152
f 7207 7151 7184
f 7189 7188 7132
f 7152 7188 7208
f 7189 7151 7207
f 7209 7155 7153
f 7153 7154 7210
f 7154 7156 7211
f 7212 7157 7155
f 7187 7213 7156
f 7167 7157 7214
f 7190 7158 7215
f 7165 7215 7158
f 7160 7216 7159
f 7217 7160 7161
f 7162 7218 7161
f 7162 7163 7219
f 7191 7220 7163
f 7190 7221 7164
f 7191 7164 7221
f 7166 7222 7165
f 7223 7166 7192
f 7224 7168 7167
f 7225 7169 7168
f 7226 7192 7169
f 7159 7216 7193
f 7136 7193 7194
f 7195 7138 7194
f 7195 7227 7170
f 7170 7228 7171
f 7228 7172 7171
f 7172 7229 7173
f 7230 7176 7173
f 7174 7177 7175
f 7231 7196 7175
f 7140 7197 7182
f 7197 7141 7198
f 7199 7198 7142
f 7200 7199 7143
f 7232 7200 7176
f 7201 7231 7177
f 7233 7201 7178
f 7179 7233 7178
f 7202 7234 7179
f 7202 7180 7181
f 7235 7181 7182
f 7207 7184 7183
f 7236 7183 7185
f 7237 7185 7186
f 7186 7196 7238
f 7187 7203 7239
f 7204 7203 7148
f 7205 7204 7149
f 7206 7205 7150
f 7206 7152 7208
f 7189 7240 7188
f 7188 7241 7208
f 7189 7207 7242
f 7209 7212 7155
f 7209 7153 7210
f 7210 7154 7211
f 7211 7156 7213
f 7212 7214 7157
f 7187 7239 7213
f 7224 7167 7214
f 7243 7190 7215
f 7165 7222 7215
f 7217 7216 7160
f 7217 7161 7218
f 7162 7219 7218
f 7163 7220 7219
f 7191 7244 7220
f 7243 7221 7190
f 7191 7221 7244
f 7223 7222 7166
f 7223 7192 7245
f 7225 7168 7224
f 7225 7226 7169
f 7226 7245 7192
f 7216 7246 7193
f 7194 7193 7247
f 7195 7194 7248
f 7195 7248 7227
f 7170 7227 7228
f 7228 7229 7172
f 7230 7173 7229
f 7230 7232 7176
f 7177 7231 7175
f 7231 7249 7196
f 7235 7182 7197
f 7197 7198 7250
f 7199 7251 7198
f 7200 7252 7199
f 7232 7253 7200
f 7201 7254 7231
f 7233 7254 7201
f 7234 7233 7179
f 7235 7234 7202
f 7235 7202 7181
f 7207 7183 7236
f 7237 7236 7185
f 7237 7186 7238
f 7249 7238 7196
f 7255 7239 7203
f 7204 7255 7203
f 7256 7204 7205
f 7257 7205 7206
f 7206 7208 7258
f 7189 7242 7240
f 7188 7240 7241
f 7241 7259 7208
f 7242 7207 7236
f 7209 7260 7212
f 7209 7210 7261
f 7210 7211 7262
f 7211 7213 7263
f 7264 7214 7212
f 7265 7213 7239
f 7224 7214 7266
f 7267 7243 7215
f 7267 7215 7222
f 7217 7268 7216
f 7217 7218 7269
f 7219 7269 7218
f 7220 7270 7219
f 7244 7271 7220
f 7243 7272 7221
f 7272 7244 7221
f 7223 7273 7222
f 7274 7223 7245
f 7275 7225 7224
f 7276 7226 7225
f 7277 7245 7226
f 7268 7246 7216
f 7246 7247 7193
f 7194 7247 7248
f 7227 7248 7278
f 7227 7279 7228
f 7279 7229 7228
f 7230 7229 7280
f 7230 7281 7232
f 7231 7254 7249
f 7235 7197 7250
f 7198 7251 7250
f 7252 7251 7199
f 7200 7253 7252
f 7232 7282 7253
f 7233 7283 7254
f 7234 7283 7233
f 7235 7250 7234
f 7237 7284 7236
f 7237 7238 7285
f 7286 7238 7249
f 7287 7239 7255
f 7256 7255 7204
f 7256 7205 7257
f 7257 7206 7288
f 7259 7258 7208
f 7206 7258 7288
f 7289 7240 7242
f 7290 7241 7240
f 7291 7259 7241
f 7242 7236 7284
f 7209 7261 7260
f 7260 7264 7212
f 7261 7210 7262
f 7211 7263 7262
f 7265 7263 7213
f 7264 7266 7214
f 7287 7265 7239
f 7275 7224 7266
f 7267 7292 7243
f 7267 7222 7273
f 7217 7293 7268
f 7217 7269 7293
f 7270 7269 7219
f 7271 7270 7220
f 7294 7271 7244
f 7243 7292 7272
f 7295 7244 7272
f 7274 7273 7223
f 7296 7274 7245
f 7276 7225 7275
f 7276 7277 7226
f 7277 7296 7245
f 7268 7297 7246
f 7246 7298 7247
f 7247 7299 7248
f 7248 7299 7278
f 7227 7278 7279
f 7279 7280 7229
f 7230 7280 7281
f 7232 7281 7282
f 7300 7249 7254
f 7251 7283 7250
f 7252 7300 7251
f 7253 7286 7252
f 7253 7282 7285
f 7300 7254 7283
f 7234 7250 7283
f 7237 7285 7284
f 7286 7285 7238
f 7300 7286 7249
f 7301 7287 7255
f 7301 7255 7256
f 7302 7256 7257
f 7257 7288 7303
f 7299 7258 7259
f 7288 7258 7298
f 7290 7240 7289
f 7289 7242 7284
f 7291 7241 7290
f 7291 7278 7259
f 7260 7261 7304
f 7305 7264 7260
f 7306 7261 7262
f 7307 7262 7263
f 7308 7263 7265
f 7309 7266 7264
f 7287 7310 7265
f 7275 7266 7311
f 7312 7292 7267
f 7312 7267 7273
f 7293 7313 7268
f 7269 7314 7293
f 7270 7314 7269
f 7271 7315 7270
f 7294 7316 7271
f 7295 7294 7244
f 7317 7272 7292
f 7295 7272 7317
f 7274 7318 7273
f 7319 7274 7296
f 7276 7275 7320
f 7276 7321 7277
f 7322 7296 7277
f 7268 7313 7297
f 7246 7297 7298
f 7247 7298 7299
f 7278 7299 7259
f 7291 7279 7278
f 7291 7280 7279
f 7290 7281 7280
f 7289 7282 7281
f 7300 7283 7251
f 7252 7286 7300
f 7253 7285 7286
f 7284 7285 7282
f 7301 7323 7287
f 7302 7301 7256
f 7302 7257 7303
f 7303 7288 7297
f 7299 7298 7258
f 7288 7298 7297
f 7290 7289 7281
f 7289 7284 7282
f 7291 7290 7280
f 7306 7304 7261
f 7305 7260 7304
f 7305 7309 7264
f 7306 7262 7307
f 7308 7307 7263
f 7308 7265 7310
f 7309 7311 7266
f 7287 7323 7310
f 7275 7311 7320
f 7324 7292 7312
f 7312 7273 7318
f 7293 7325 7313
f 7293 7314 7325
f 7270 7315 7314
f 7271 7316 7315
f 7326 7316 7294
f 7295 7327 7294
f 7324 7317 7292
f 7328 7295 7317
f 7319 7318 7274
f 7319 7296 7329
f 7276 7320 7321
f 7321 7322 7277
f 7322 7329 7296
f 7313 7303 7297
f 7301 7330 7323
f 7302 7330 7301
f 7302 7303 7331
f 7332 7304 7306
f 7305 7304 7333
f 7334 7309 7305
f 7306 7307 7335
f 7308 7336 7307
f 7308 7310 7337
f 7338 7311 7309
f 7323 7339 7310
f 7320 7311 7340
f 7324 7312 7341
f 7312 7318 7341
f 7313 7325 7331
f 7342 7325 7314
f 7315 7342 7314
f 7316 7343 7315
f 7326 7344 7316
f 7327 7326 7294
f 7328 7327 7295
f 7328 7317 7324
f 7319 7345 7318
f 7346 7319 7329
f 7321 7320 7347
f 7348 7322 7321
f 7349 7329 7322
f 7313 7331 7303
f 7323 7330 7350
f 7302 7331 7330
f 7332 7333 7304
f 7332 7306 7335
f 7334 7305 7333
f 7334 7338 7309
f 7336 7335 7307
f 7308 7337 7336
f 7337 7310 7339
f 7338 7340 7311
f 7323 7350 7339
f 7320 7340 7347
f 7351 7324 7341
f 7341 7318 7345
f 7325 7352 7331
f 7342 7352 7325
f 7315 7343 7342
f 7316 7344 7343
f 7326 7353 7344
f 7327 7354 7326
f 7328 7355 7327
f 7356 7328 7324
f 7346 7345 7319
f 7357 7346 7329
f 7348 7321 7347
f 7349 7322 7348
f 7349 7357 7329
f 7330 7352 7350
f 7331 7352 7330
f 7332 7358 7333
f 7359 7332 7335
f 7334 7333 7360
f 7334 7361 7338
f 7336 7362 7335
f 7363 7336 7337
f 7337 7339 7364
f 7338 7365 7340
f 7339 7350 7366
f 7340 7367 7347
f 7356 7324 7351
f 7368 7351 7341
f 7368 7341 7345
f 7342 7369 7352
f 7343 7369 7342
f 7344 7370 7343
f 7354 7353 7326
f 7353 7371 7344
f 7355 7354 7327
f 7356 7355 7328
f 7346 7372 7345
f 7357 7373 7346
f 7348 7347 7374
f 7349 7348 7375
f 7349 7376 7357
f 7369 7350 7352
f 7359 7358 7332
f 7333 7358 7360
f 7359 7335 7362
f 7334 7360 7361
f 7361 7365 7338
f 7363 7362 7336
f 7363 7337 7364
f 7364 7339 7366
f 7365 7367 7340
f 7369 7366 7350
f 7374 7347 7367
f 7356 7351 7377
f 7378 7351 7368
f 7368 7345 7372
f 7343 7370 7369
f 7371 7370 7344
f 7354 7379 7353
f 7353 7380 7371
f 7381 7354 7355
f 7356 7382 7355
f 7346 7373 7372
f 7383 7373 7357
f 7375 7348 7374
f 7349 7375 7376
f 7376 7383 7357
f 7359 7384 7358
f 7385 7360 7358
f 7386 7359 7362
f 7387 7361 7360
f 7388 7365 7361
f 7389 7362 7363
f 7363 7364 7390
f 7364 7366 7391
f 7392 7367 7365
f 7369 7370 7366
f 7374 7367 7393
f 7377 7351 7378
f 7356 7377 7382
f 7378 7368 7394
f 7368 7372 7394
f 7371 7391 7370
f 7381 7379 7354
f 7379 7380 7353
f 7371 7380 7395
f 7382 7381 7355
f 7373 7396 7372
f 7397 7373 7383
f 7398 7375 7374
f 7375 7398 7376
f 7399 7383 7376
f 7386 7384 7359
f 7384 7385 7358
f 7387 7360 7385
f 7389 7386 7362
f 7388 7361 7387
f 7388 7392 7365
f 7389 7363 7390
f 7390 7364 7391
f 7391 7366 7370
f 7392 7393 7367
f 7398 7374 7393
f 7377 7378 7400
f 7377 7401 7382
f 7402 7378 7394
f 7396 7394 7372
f 7371 7395 7391
f 7381 7403 7379
f 7379 7404 7380
f 7380 7405 7395
f 7382 7406 7381
f 7397 7396 7373
f 7407 7397 7383
f 7408 7376 7398
f 7399 7407 7383
f 7399 7376 7408
f 7386 7409 7384
f 7410 7385 7384
f 7387 7385 7411
f 7389 7412 7386
f 7413 7388 7387
f 7413 7392 7388
f 7414 7389 7390
f 7390 7391 7395
f 7392 7415 7393
f 7398 7393 7416
f 7402 7400 7378
f 7377 7400 7401
f 7401 7406 7382
f 7402 7394 7417
f 7417 7394 7396
f 7381 7406 7403
f 7403 7404 7379
f 7404 7405 7380
f 7414 7395 7405
f 7397 7418 7396
f 7419 7397 7407
f 7408 7398 7416
f 7399 7420 7407
f 7399 7408 7421
f 7412 7409 7386
f 7410 7384 7409
f 7410 7411 7385
f 7413 7387 7411
f 7414 7412 7389
f 7413 7415 7392
f 7414 7390 7395
f 7415 7416 7393
f 7422 7400 7402
f 7400 7423 7401
f 7401 7424 7406
f 7425 7402 7417
f 7417 7396 7418
f 7406 7426 7403
f 7403 7427 7404
f 7404 7428 7405
f 7429 7414 7405
f 7419 7418 7397
f 7430 7419 7407
f 7408 7416 7431
f 7399 7421 7420
f 7420 7430 7407
f 7421 7408 7431
f 7432 7409 7412
f 7433 7410 7409
f 7434 7411 7410
f 7413 7411 7435
f 7429 7412 7414
f 7436 7415 7413
f 7437 7416 7415
f 7422 7423 7400
f 7425 7422 7402
f 7423 7424 7401
f 7424 7426 7406
f 7425 7417 7438
f 7438 7417 7418
f 7426 7427 7403
f 7427 7428 7404
f 7429 7405 7428
f 7419 7439 7418
f 7440 7419 7430
f 7437 7431 7416
f 7420 7421 7441
f 7442 7430 7420
f 7421 7431 7443
f 7432 7433 7409
f 7429 7432 7412
f 7433 7434 7410
f 7435 7411 7434
f 7436 7413 7435
f 7436 7437 7415
f 7422 7444 7423
f 7445 7422 7425
f 7423 7446 7424
f 7424 7447 7426
f 7448 7425 7438
f 7439 7438 7418
f 7426 7449 7427
f 7427 7450 7428
f 7429 7428 7451
f 7440 7439 7419
f 7452 7440 7430
f 7453 7431 7437
f 7421 7443 7441
f 7442 7420 7441
f 7442 7452 7430
f 7453 7443 7431
f 7454 7433 7432
f 7429 7451 7432
f 7455 7434 7433
f 7456 7435 7434
f 7436 7435 7457
f 7458 7437 7436
f 7445 7444 7422
f 7444 7446 7423
f 7445 7425 7448
f 7446 7447 7424
f 7447 7449 7426
f 7448 7438 7459
f 7459 7438 7439
f 7449 7450 7427
f 7451 7428 7450
f 7440 7460 7439
f 7461 7440 7452
f 7458 7453 7437
f 7441 7443 7462
f 7442 7441 7463
f 7464 7452 7442
f 7465 7443 7453
f 7454 7455 7433
f 7454 7432 7451
f 7455 7456 7434
f 7456 7457 7435
f 7458 7436 7457
f 7445 7466 7444
f 7444 7467 7446
f 7445 7448 7468
f 7446 7469 7447
f 7447 7470 7449
f 7471 7448 7459
f 7460 7459 7439
f 7449 7472 7450
f 7473 7451 7450
f 7461 7460 7440
f 7474 7461 7452
f 7475 7453 7458
f 7465 7462 7443
f 7463 7441 7462
f 7464 7442 7463
f 7464 7474 7452
f 7475 7465 7453
f 7476 7455 7454
f 7473 7454 7451
f 7477 7456 7455
f 7478 7457 7456
f 7479 7458 7457
f 7445 7468 7466
f 7444 7466 7467
f 7467 7469 7446
f 7471 7468 7448
f 7469 7470 7447
f 7449 7470 7472
f 7471 7459 7480
f 7480 7459 7460
f 7473 7450 7472
f 7461 7481 7460
f 7482 7461 7474
f 7479 7475 7458
f 7483 7462 7465
f 7463 7462 7484
f 7464 7463 7485
f 7486 7474 7464
f 7487 7465 7475
f 7476 7477 7455
f 7476 7454 7473
f 7477 7478 7456
f 7479 7457 7478
f 7468 7488 7466
f 7467 7466 7489
f 7467 7490 7469
f 7491 7468 7471
f 7469 7492 7470
f 7470 7493 7472
f 7494 7471 7480
f 7480 7460 7481
f 7473 7472 7495
f 7482 7481 7461
f 7496 7482 7474
f 7497 7475 7479
f 7483 7484 7462
f 7487 7483 7465
f 7485 7463 7484
f 7486 7464 7485
f 7486 7496 7474
f 7487 7475 7497
f 7498 7477 7476
f 7476 7473 7495
f 7499 7478 7477
f 7479 7478 7500
f 7491 7488 7468
f 7488 7489 7466
f 7467 7489 7490
f 7490 7492 7469
f 7491 7471 7494
f 7492 7493 7470
f 7472 7493 7495
f 7494 7480 7501
f 7501 7480 7481
f 7482 7502 7481
f 7496 7503 7482
f 7497 7479 7500
f 7504 7484 7483
f 7505 7483 7487
f 7485 7484 7506
f 7507 7486 7485
f 7508 7496 7486
f 7509 7487 7497
f 7498 7499 7477
f 7498 7476 7495
f 7499 7500 7478
f 7491 7510 7488
f 7488 7511 7489
f 7489 7512 7490
f 7490 7513 7492
f 7514 7491 7494
f 7492 7515 7493
f 7516 7495 7493
f 7517 7494 7501
f 7501 7481 7502
f 7503 7502 7482
f 7518 7503 7496
f 7497 7500 7519
f 7504 7506 7484
f 7505 7504 7483
f 7505 7487 7509
f 7507 7485 7506
f 7507 7508 7486
f 7508 7518 7496
f 7509 7497 7519
f 7520 7499 7498
f 7516 7498 7495
f 7521 7500 7499
f 7514 7510 7491
f 7510 7511 7488
f 7511 7512 7489
f 7512 7513 7490
f 7492 7513 7515
f 7514 7494 7517
f 7516 7493 7515
f 7517 7501 7522
f 7522 7501 7502
f 7503 7523 7502
f 7518 7524 7503
f 7521 7519 7500
f 7525 7506 7504
f 7505 7526 7504
f 7527 7505 7509
f 7507 7506 7528
f 7507 7529 7508
f 7530 7518 7508
f 7509 7519 7531
f 7520 7521 7499
f 7520 7498 7516
f 7514 7532 7510
f 7510 7533 7511
f 7511 7534 7512
f 7512 7535 7513
f 7513 7536 7515
f 7537 7514 7517
f 7538 7516 7515
f 7539 7517 7522
f 7522 7502 7523
f 7524 7523 7503
f 7540 7524 7518
f 7541 7519 7521
f 7528 7506 7525
f 7526 7525 7504
f 7527 7526 7505
f 7527 7509 7531
f 7507 7528 7529
f 7530 7508 7529
f 7530 7540 7518
f 7541 7531 7519
f 7542 7521 7520
f 7538 7520 7516
f 7537 7532 7514
f 7532 7533 7510
f 7533 7534 7511
f 7512 7534 7535
f 7535 7536 7513
f 7538 7515 7536
f 7539 7537 7517
f 7539 7522 7543
f 7543 7522 7523
f 7524 7544 7523
f 7540 7545 7524
f 7542 7541 7521
f 7546 7528 7525
f 7547 7525 7526
f 7548 7526 7527
f 7527 7531 7549
f 7529 7528 7550
f 7551 7530 7529
f 7552 7540 7530
f 7541 7553 7531
f 7538 7542 7520
f 7537 7554 7532
f 7532 7555 7533
f 7533 7556 7534
f 7534 7557 7535
f 7535 7558 7536
f 7538 7536 7559
f 7539 7560 7537
f 7561 7539 7543
f 7543 7523 7544
f 7545 7544 7524
f 7540 7562 7545
f 7563 7541 7542
f 7546 7550 7528
f 7547 7546 7525
f 7548 7547 7526
f 7548 7527 7549
f 7553 7549 7531
f 7551 7529 7550
f 7552 7530 7551
f 7552 7562 7540
f 7563 7553 7541
f 7538 7559 7542
f 7560 7554 7537
f 7532 7554 7555
f 7555 7556 7533
f 7556 7557 7534
f 7535 7557 7558
f 7558 7559 7536
f 7561 7560 7539
f 7561 7543 7564
f 7564 7543 7544
f 7545 7565 7544
f 7562 7566 7545
f 7563 7542 7559
f 7567 7550 7546
f 7568 7546 7547
f 7569 7547 7548
f 7570 7548 7549
f 7571 7549 7553
f 7551 7550 7572
f 7573 7552 7551
f 7574 7562 7552
f 7575 7553 7563
f 7560 7576 7554
f 7554 7577 7555
f 7555 7578 7556
f 7579 7557 7556
f 7580 7558 7557
f 7558 7581 7559
f 7561 7582 7560
f 7561 7564 7583
f 7564 7544 7565
f 7545 7566 7565
f 7584 7566 7562
f 7563 7559 7581
f 7585 7550 7567
f 7568 7567 7546
f 7568 7547 7569
f 7570 7569 7548
f 7571 7570 7549
f 7575 7571 7553
f 7585 7572 7550
f 7573 7551 7572
f 7574 7552 7573
f 7574 7584 7562
f 7575 7563 7581
f 7560 7582 7576
f 7576 7577 7554
f 7577 7578 7555
f 7578 7579 7556
f 7579 7580 7557
f 7580 7581 7558
f 7561 7583 7582
f 7583 7564 7586
f 7586 7564 7565
f 7566 7587 7565
f 7584 7588 7566
f 7589 7585 7567
f 7589 7567 7568
f 7590 7568 7569
f 7570 7591 7569
f 7571 7592 7570
f 7593 7571 7575
f 7594 7572 7585
f 7573 7572 7595
f 7574 7573 7596
f 7574 7597 7584
f 7598 7575 7581
f 7582 7599 7576
f 7576 7600 7577
f 7577 7601 7578
f 7578 7602 7579
f 7579 7603 7580
f 7598 7581 7580
f 7582 7583 7604
f 7605 7583 7586
f 7586 7565 7587
f 7566 7588 7587
f 7606 7588 7584
f 7607 7585 7589
f 7589 7568 7590
f 7590 7569 7591
f 7570 7592 7591
f 7593 7592 7571
f 7593 7575 7598
f 7594 7595 7572
f 7607 7594 7585
f 7573 7595 7596
f 7574 7596 7597
f 7597 7606 7584
f 7582 7604 7599
f 7599 7600 7576
f 7577 7600 7601
f 7578 7601 7602
f 7602 7603 7579
f 7598 7580 7603
f 7604 7583 7605
f 7605 7586 7608
f 7586 7587 7608
f 7609 7587 7588
f 7606 7610 7588
f 7607 7589 7611
f 7589 7590 7611
f 7590 7591 7612
f 7613 7591 7592
f 7614 7592 7593
f 7615 7593 7598
f 7594 7616 7595
f 7617 7594 7607
f 7596 7595 7618
f 7597 7596 7619
f 7597 7620 7606
f 7621 7599 7604
f 7599 7622 7600
f 7600 7623 7601
f 7602 7601 7624
f 7602 7625 7603
f 7615 7598 7603
f 7626 7604 7605
f 7627 7605 7608
f 7608 7587 7609
f 7609 7588 7610
f 7628 7610 7606
f 7607 7611 7629
f 7611 7590 7612
f 7613 7612 7591
f 7614 7613 7592
f 7614 7593 7615
f 7617 7616 7594
f 7616 7618 7595
f 7617 7607 7629
f 7596 7618 7619
f 7597 7619 7620
f 7620 7628 7606
f 7621 7622 7599
f 7626 7621 7604
f 7622 7623 7600
f 7623 7624 7601
f 7602 7624 7625
f 7630 7603 7625
f 7630 7615 7603
f 7626 7605 7627
f 7631 7627 7608
f 7631 7608 7609
f 7632 7609 7610
f 7628 7633 7610
f 7629 7611 7634
f 7634 7611 7612
f 7635 7612 7613
f 7636 7613 7614
f 7630 7614 7615
f 7617 7637 7616
f 7638 7618 7616
f 7617 7629 7639
f 7619 7618 7638
f 7620 7619 7640
f 7641 7628 7620
f 7621 7642 7622
f 7643 7621 7626
f 7622 7644 7623
f 7623 7645 7624
f 7624 7646 7625
f 7647 7630 7625
f 7648 7626 7627
f 7649 7627 7631
f 7631 7609 7632
f 7632 7610 7633
f 7650 7633 7628
f 7629 7634 7651
f 7634 7612 7635
f 7636 7635 7613
f 7636 7614 7630
f 7617 7639 7637
f 7637 7638 7616
f 7629 7651 7639
f 7619 7638 7652
f 7619 7652 7640
f 7641 7620 7640
f 7650 7628 7641
f 7643 7642 7621
f 7642 7644 7622
f 7648 7643 7626
f 7644 7645 7623
f 7645 7646 7624
f 7647 7625 7646
f 7647 7636 7630
f 7648 7627 7649
f 7649 7631 7653
f 7653 7631 7632
f 7632 7633 7654
f 7650 7655 7633
f 7634 7656 7651
f 7634 7635 7656
f 7657 7635 7636
f 7637 7639 7658
f 7659 7638 7637
f 7660 7639 7651
f 7659 7652 7638
f 7640 7652 7661
f 7641 7640 7662
f 7663 7650 7641
f 7643 7664 7642
f 7642 7665 7644
f 7648 7666 7643
f 7667 7645 7644
f 7645 7668 7646
f 7669 7647 7646
f 7657 7636 7647
f 7648 7649 7670
f 7649 7653 7671
f 7653 7632 7654
f 7654 7633 7655
f 7672 7655 7650
f 7651 7656 7673
f 7657 7656 7635
f 7660 7658 7639
f 7659 7637 7658
f 7660 7651 7673
f 7659 7674 7652
f 7674 7661 7652
f 7662 7640 7661
f 7663 7641 7662
f 7672 7650 7663
f 7666 7664 7643
f 7664 7665 7642
f 7665 7667 7644
f 7648 7670 7666
f 7667 7668 7645
f 7669 7646 7668
f 7657 7647 7669
f 7649 7671 7670
f 7653 7675 7671
f 7653 7654 7675
f 7676 7654 7655
f 7672 7677 7655
f 7678 7673 7656
f 7678 7656 7657
f 7660 7679 7658
f 7680 7659 7658
f 7660 7673 7681
f 7680 7674 7659
f 7682 7661 7674
f 7662 7661 7683
f 7684 7663 7662
f 7685 7672 7663
f 7666 7686 7664
f 7664 7687 7665
f 7665 7688 7667
f 7666 7670 7689
f 7667 7690 7668
f 7669 7668 7691
f 7678 7657 7669
f 7692 7670 7671
f 7693 7671 7675
f 7675 7654 7676
f 7676 7655 7677
f 7672 7694 7677
f 7678 7695 7673
f 7660 7681 7679
f 7680 7658 7679
f 7695 7681 7673
f 7680 7696 7674
f 7682 7683 7661
f 7696 7682 7674
f 7684 7662 7683
f 7685 7663 7684
f 7685 7694 7672
f 7666 7689 7686
f 7664 7686 7687
f 7687 7688 7665
f 7667 7688 7690
f 7692 7689 7670
f 7690 7691 7668
f 7678 7669 7691
f 7693 7692 7671
f 7693 7675 7697
f 7675 7676 7697
f 7676 7677 7698
f 7677 7694 7699
f 7678 7691 7695
f 7700 7679 7681
f 7680 7679 7701
f 7695 7702 7681
f 7680 7701 7696
f 7703 7683 7682
f 7704 7682 7696
f 7684 7683 7705
f 7685 7684 7706
f 7707 7694 7685
f 7689 7708 7686
f 7686 7709 7687
f 7687 7710 7688
f 7711 7690 7688
f 7692 7712 7689
f 7690 7713 7691
f 7714 7692 7693
f 7715 7693 7697
f 7697 7676 7698
f 7698 7677 7699
f 7694 7716 7699
f 7695 7691 7713
f 7700 7701 7679
f 7702 7700 7681
f 7695 7713 7702
f 7717 7696 7701
f 7703 7705 7683
f 7704 7703 7682
f 7717 7704 7696
f 7684 7705 7718
f 7684 7718 7706
f 7707 7685 7706
f 7707 7716 7694
f 7712 7708 7689
f 7708 7709 7686
f 7687 7709 7710
f 7710 7711 7688
f 7711 7713 7690
f 7714 7712 7692
f 7714 7693 7715
f 7719 7715 7697
f 7719 7697 7698
f 7720 7698 7699
f 7721 7699 7716
f 7722 7701 7700
f 7723 7700 7702
f 7702 7713 7724
f 7722 7717 7701
f 7703 7725 7705
f 7726 7703 7704
f 7727 7704 7717
f 7705 7725 7718
f 7718 7728 7706
f 7707 7706 7729
f 7707 7730 7716
f 7731 7708 7712
f 7708 7732 7709
f 7709 7733 7710
f 7710 7734 7711
f 7711 7724 7713
f 7731 7712 7714
f 7735 7714 7715
f 7719 7736 7715
f 7719 7698 7720
f 7720 7699 7721
f 7721 7716 7737
f 7723 7722 7700
f 7723 7702 7724
f 7738 7717 7722
f 7726 7725 7703
f 7727 7726 7704
f 7738 7727 7717
f 7739 7718 7725
f 7739 7728 7718
f 7729 7706 7728
f 7707 7729 7730
f 7730 7737 7716
f 7731 7740 7708
f 7708 7740 7732
f 7709 7732 7733
f 7710 7733 7734
f 7734 7724 7711
f 7735 7731 7714
f 7736 7735 7715
f 7719 7741 7736
f 7719 7720 7742
f 7720 7721 7743
f 7744 7721 7737
f 7745 7722 7723
f 7723 7724 7746
f 7745 7738 7722
f 7747 7725 7726
f 7727 7748 7726
f 7738 7749 7727
f 7747 7739 7725
f 7750 7728 7739
f 7729 7728 7751
f 7729 7752 7730
f 7730 7753 7737
f 7731 7754 7740
f 7740 7755 7732
f 7755 7733 7732
f 7733 7756 7734
f 7734 7746 7724
f 7735 7754 7731
f 7736 7757 7735
f 7719 7742 7741
f 7736 7741 7758
f 7742 7720 7743
f 7744 7743 7721
f 7744 7737 7759
f 7745 7723 7746
f 7745 7760 7738
f 7747 7726 7748
f 7749 7748 7727
f 7738 7760 7749
f 7761 7739 7747
f 7751 7728 7750
f 7761 7750 7739
f 7729 7751 7752
f 7730 7752 7753
f 7753 7759 7737
f 7754 7762 7740
f 7740 7762 7755
f 7755 7756 7733
f 7756 7746 7734
f 7735 7757 7754
f 7736 7758 7757
f 7742 7763 7741
f 7741 7764 7758
f 7765 7742 7743
f 7766 7743 7744
f 7767 7744 7759
f 7745 7746 7768
f 7745 7768 7760
f 7747 7748 7769
f 7770 7748 7749
f 7771 7749 7760
f 7761 7747 7769
f 7772 7751 7750
f 7773 7750 7761
f 7752 7751 7774
f 7775 7753 7752
f 7776 7759 7753
f 7754 7777 7762
f 7755 7762 7778
f 7755 7778 7756
f 7756 7768 7746
f 7754 7757 7777
f 7758 7779 7757
f 7765 7763 7742
f 7763 7764 7741
f 7764 7780 7758
f 7765 7743 7766
f 7767 7766 7744
f 7781 7767 7759
f 7760 7768 7782
f 7770 7769 7748
f 7770 7749 7771
f 7771 7760 7782
f 7761 7769 7783
f 7784 7751 7772
f 7772 7750 7773
f 7773 7761 7783
f 7784 7774 7751
f 7775 7752 7774
f 7776 7753 7775
f 7776 7781 7759
f 7785 7762 7777
f 7785 7778 7762
f 7756 7778 7782
f 7756 7782 7768
f 7757 7779 7777
f 7758 7780 7779
f 7765 7786 7763
f 7787 7764 7763
f 7764 7788 7780
f 7789 7765 7766
f 7790 7766 7767
f 7791 7767 7781
f 7770 7792 7769
f 7793 7770 7771
f 7771 7782 7794
f 7792 7783 7769
f 7784 7772 7795
f 7772 7773 7795
f 7773 7783 7796
f 7797 7774 7784
f 7775 7774 7798
f 7799 7776 7775
f 7776 7800 7781
f 7801 7785 7777
f 7785 7794 7778
f 7794 7782 7778
f 7801 7777 7779
f 7780 7802 7779
f 7789 7786 7765
f 7786 7787 7763
f 7787 7788 7764
f 7788 7803 7780
f 7789 7766 7790
f 7791 7790 7767
f 7804 7791 7781
f 7793 7792 7770
f 7793 7771 7794
f 7805 7783 7792
f 7784 7795 7806
f 7773 7796 7795
f 7805 7796 7783
f 7797 7798 7774
f 7797 7784 7806
f 7799 7775 7798
f 7799 7800 7776
f 7800 7804 7781
f 7801 7807 7785
f 7785 7807 7794
f 7802 7801 7779
f 7780 7803 7802
f 7789 7808 7786
f 7809 7787 7786
f 7787 7810 7788
f 7788 7811 7803
f 7789 7790 7812
f 7813 7790 7791
f 7814 7791 7804
f 7793 7815 7792
f 7793 7794 7807
f 7805 7792 7815
f 7795 7816 7806
f 7796 7816 7795
f 7805 7817 7796
f 7797 7818 7798
f 7797 7806 7819
f 7799 7798 7820
f 7799 7821 7800
f 7822 7804 7800
f 7801 7823 7807
f 7802 7823 7801
f 7803 7824 7802
f 7789 7812 7808
f 7809 7786 7808
f 7809 7810 7787
f 7810 7811 7788
f 7811 7825 7803
f 7812 7790 7813
f 7814 7813 7791
f 7826 7814 7804
f 7793 7807 7815
f 7827 7805 7815
f 7828 7806 7816
f 7817 7816 7796
f 7827 7817 7805
f 7797 7819 7818
f 7820 7798 7818
f 7819 7806 7828
f 7799 7820 7821
f 7822 7800 7821
f 7826 7804 7822
f 7815 7807 7823
f 7802 7824 7823
f 7803 7825 7824
f 7829 7808 7812
f 7830 7809 7808
f 7809 7831 7810
f 7810 7832 7811
f 7811 7833 7825
f 7812 7813 7834
f 7814 7835 7813
f 7826 7836 7814
f 7827 7815 7823
f 7837 7828 7816
f 7817 7837 7816
f 7827 7838 7817
f 7818 7819 7839
f 7820 7818 7840
f 7819 7828 7841
f 7820 7842 7821
f 7822 7821 7843
f 7844 7826 7822
f 7827 7823 7824
f 7838 7824 7825
f 7829 7830 7808
f 7829 7812 7834
f 7830 7831 7809
f 7831 7832 7810
f 7832 7833 7811
f 7845 7825 7833
f 7834 7813 7835
f 7836 7835 7814
f 7826 7846 7836
f 7847 7828 7837
f 7817 7838 7837
f 7827 7824 7838
f 7839 7819 7841
f 7818 7839 7840
f 7820 7840 7842
f 7847 7841 7828
f 7842 7843 7821
f 7844 7822 7843
f 7844 7846 7826
f 7838 7825 7845
f 7829 7848 7830
f 7829 7834 7849
f 7830 7850 7831
f 7831 7851 7832
f 7832 7852 7833
f 7845 7833 7853
f 7854 7834 7835
f 7855 7835 7836
f 7836 7846 7856
f 7847 7837 7845
f 7838 7845 7837
f 7857 7839 7841
f 7839 7858 7840
f 7859 7842 7840
f 7847 7860 7841
f 7861 7843 7842
f 7844 7843 7862
f 7844 7863 7846
f 7829 7849 7848
f 7830 7848 7850
f 7849 7834 7854
f 7831 7850 7851
f 7851 7852 7832
f 7853 7833 7852
f 7847 7845 7853
f 7854 7835 7855
f 7855 7836 7856
f 7864 7856 7846
f 7857 7858 7839
f 7857 7841 7860
f 7859 7840 7858
f 7861 7842 7859
f 7847 7853 7860
f 7861 7862 7843
f 7844 7862 7863
f 7864 7846 7863
f 7865 7848 7849
f 7848 7866 7850
f 7867 7849 7854
f 7850 7868 7851
f 7851 7869 7852
f 7853 7852 7870
f 7871 7854 7855
f 7872 7855 7856
f 7864 7873 7856
f 7874 7858 7857
f 7875 7857 7860
f 7876 7859 7858
f 7877 7861 7859
f 7853 7870 7860
f 7878 7862 7861
f 7879 7863 7862
f 7864 7863 7880
f 7865 7866 7848
f 7865 7849 7867
f 7866 7868 7850
f 7867 7854 7871
f 7851 7868 7869
f 7869 7870 7852
f 7871 7855 7872
f 7872 7856 7873
f 7864 7881 7873
f 7876 7858 7874
f 7875 7874 7857
f 7875 7860 7870
f 7876 7877 7859
f 7878 7861 7877
f 7879 7862 7878
f 7879 7880 7863
f 7864 7880 7881
f 7865 7882 7866
f 7865 7867 7883
f 7866 7884 7868
f 7867 7871 7885
f 7868 7886 7869
f 7887 7870 7869
f 7888 7871 7872
f 7889 7872 7873
f 7890 7873 7881
f 7891 7876 7874
f 7887 7874 7875
f 7887 7875 7870
f 7892 7877 7876
f 7878 7877 7893
f 7894 7879 7878
f 7879 7895 7880
f 7896 7881 7880
f 7865 7883 7882
f 7866 7882 7884
f 7867 7885 7883
f 7884 7886 7868
f 7885 7871 7888
f 7887 7869 7886
f 7888 7872 7889
f 7889 7873 7890
f 7897 7890 7881
f 7891 7892 7876
f 7891 7874 7887
f 7892 7893 7877
f 7878 7893 7898
f 7894 7895 7879
f 7894 7878 7898
f 7896 7880 7895
f 7897 7881 7896
f 7883 7899 7882
f 7882 7900 7884
f 7885 7901 7883
f 7902 7886 7884
f 7903 7885 7888
f 7891 7887 7886
f 7888 7889 7904
f 7905 7889 7890
f 7897 7906 7890
f 7891 7907 7892
f 7908 7893 7892
f 7909 7898 7893
f 7910 7895 7894
f 7910 7894 7898
f 7896 7895 7911
f 7897 7896 7912
f 7883 7901 7899
f 7899 7900 7882
f 7902 7884 7900
f 7903 7901 7885
f 7891 7886 7902
f 7903 7888 7904
f 7905 7904 7889
f 7905 7890 7906
f 7913 7906 7897
f 7891 7902 7907
f 7908 7892 7907
f 7909 7893 7908
f 7909 7914 7898
f 7910 7911 7895
f 7910 7898 7914
f 7912 7896 7911
f 7913 7897 7912
f 7901 7915 7899
f 7899 7916 7900
f 7902 7900 7917
f 7903 7918 7901
f 7919 7903 7904
f 7920 7904 7905
f 7905 7906 7921
f 7913 7922 7906
f 7907 7902 7917
f 7908 7907 7917
f 7909 7908 7923
f 7909 7924 7914
f 7925 7911 7910
f 7925 7910 7914
f 7912 7911 7926
f 7913 7912 7927
f 7918 7915 7901
f 7899 7915 7916
f 7917 7900 7916
f 7919 7918 7903
f 7919 7904 7920
f 7920 7905 7921
f 7921 7906 7922
f 7928 7922 7913
f 7908 7917 7923
f 7909 7923 7924
f 7929 7914 7924
f 7925 7926 7911
f 7929 7925 7914
f 7927 7912 7926
f 7928 7913 7927
f 7918 7930 7915
f 7931 7916 7915
f 7923 7917 7916
f 7919 7932 7918
f 7919 7920 7933
f 7934 7920 7921
f 7935 7921 7922
f 7928 7936 7922
f 7924 7923 7931
f 7929 7924 7937
f 7938 7926 7925
f 7929 7938 7925
f 7927 7926 7939
f 7928 7927 7940
f 7918 7932 7930
f 7930 7931 7915
f 7923 7916 7931
f 7919 7933 7932
f 7934 7933 7920
f 7935 7934 7921
f 7935 7922 7936
f 7928 7940 7936
f 7924 7931 7937
f 7941 7929 7937
f 7938 7939 7926
f 7941 7938 7929
f 7940 7927 7939
f 7932 7942 7930
f 7930 7937 7931
f 7933 7943 7932
f 7944 7933 7934
f 7944 7934 7935
f 7945 7935 7936
f 7945 7936 7940
f 7941 7937 7942
f 7946 7939 7938
f 7941 7946 7938
f 7947 7940 7939
f 7943 7942 7932
f 7942 7937 7930
f 7944 7943 7933
f 7944 7935 7945
f 7947 7945 7940
f 7941 7942 7948
f 7946 7947 7939
f 7941 7948 7946
f 7948 7942 7943
f 7944 7949 7943
f 7944 7945 7949
f 7949 7945 7947
f 7946 7949 7947
f 7946 7948 7949
f 7948 7943 7949
