v 2.06727000 -26.90630000 -537.54600000
v 2.09538000 -27.07860000 -537.68500000
v 2.15266000 -26.68970000 -537.46800000
v -2.13630000 -26.35300000 -542.88300000
v 0.71695600 -25.15480000 -537.73800000
v -1.95595000 -26.43990000 -542.80300000
v -1.19310000 -26.42560000 -542.58200000
v -1.30338000 -26.58170000 -542.98100000
v -1.36314000 -26.53360000 -542.79800000
v -1.76958000 -26.39330000 -542.42300000
v -1.59552000 -26.52190000 -542.80900000
v -2.31434000 -26.30670000 -542.46300000
v -2.78182000 -26.28630000 -536.00900000
v 1.56563000 -35.99880000 -543.15100000
v 1.73391000 -36.11190000 -543.00100000
v 1.36168000 -36.15760000 -543.08500000
v 0.90250400 -35.63710000 -543.70500000
v 2.40736000 -22.87890000 -540.78700000
v 0.91753200 -36.09050000 -543.36200000
v 2.33416000 -20.17480000 -536.10400000
v 1.89157000 -20.35430000 -535.92200000
v 2.32324000 -20.31520000 -535.91700000
v -1.78741000 -28.25250000 -544.93100000
v -1.55646000 -28.31940000 -545.23500000
v -2.00944000 -28.26100000 -545.09000000
v 0.10053700 -27.94720000 -538.19400000
v 0.15129100 -27.28460000 -538.45500000
v 0.07018600 -26.72210000 -538.69000000
v -0.04359090 -26.86160000 -538.89300000
v -4.16186000 -30.65670000 -537.04700000
v -4.34764000 -31.09680000 -537.37500000
v -3.98320000 -30.79370000 -536.93900000
v 1.62010000 -21.91070000 -536.39900000
v 1.56875000 -22.38450000 -536.63600000
v 1.76657000 -22.30100000 -536.55200000
v 0.06140530 -26.95740000 -538.70200000
v 0.02992190 -27.19250000 -538.64300000
v 1.59912000 -26.50910000 -537.26100000
v 1.74413000 -26.93100000 -537.39900000
v -2.25130000 -26.12430000 -542.87400000
v 1.87741000 -27.26780000 -537.61500000
v 1.80933000 -26.40220000 -537.24700000
v 2.23660000 -26.47730000 -537.37800000
v 1.86429000 -25.92630000 -537.14500000
v 2.05242000 -26.08970000 -537.17100000
v 1.60065000 -26.00020000 -537.19600000
v 1.39921000 -26.38330000 -537.27400000
v -0.13550700 -26.52810000 -539.03300000
v 0.06900580 -26.49040000 -538.68000000
v -2.54108000 -26.44300000 -536.06000000
v -0.21262000 -25.42590000 -542.82500000
v -0.25678900 -25.56140000 -543.01200000
v -0.57566500 -25.82870000 -542.97200000
v 1.13953000 -21.29220000 -539.36300000
v 0.93433000 -21.65970000 -539.39900000
v 1.12898000 -21.13900000 -539.17400000
v 0.88401700 -21.94760000 -539.66900000
v 0.73908300 -22.53010000 -540.21700000
v 0.74992500 -22.43050000 -540.04400000
v 0.88698600 -22.06480000 -539.87200000
v 2.85464000 -20.13800000 -536.46600000
v 2.92609000 -20.46190000 -536.05600000
v 2.92844000 -20.30370000 -536.25800000
v 3.13256000 -20.22220000 -536.88800000
v 2.55466000 -20.13080000 -536.19400000
v 2.60284000 -20.00300000 -536.44400000
v 2.53026000 -20.29880000 -535.96800000
v 2.69935000 -20.45810000 -535.88900000
v 1.87072000 -20.22180000 -536.11300000
v 4.20987000 -32.90880000 -542.41200000
v 1.39734000 -20.81350000 -538.99200000
v 1.22026000 -20.83220000 -538.83900000
v 0.89827600 -21.57100000 -539.17800000
v -0.30548500 -24.76680000 -542.10200000
v -0.43904000 -25.23550000 -542.10700000
v -0.49032000 -24.99080000 -541.78200000
v 0.59256000 -22.98050000 -540.61400000
v 0.25354300 -23.50480000 -540.87300000
v 0.60974100 -22.87670000 -540.43000000
v 0.69137900 -23.15730000 -541.22000000
v -4.06988000 -37.76400000 -542.13300000
v 0.36967000 -23.46940000 -541.26400000
v 0.76295900 -22.83720000 -540.80500000
v -4.06379000 -36.36470000 -543.09000000
v 2.28955000 -26.96690000 -537.85600000
v 2.24277000 -26.24380000 -537.24900000
v 2.17666000 -27.15530000 -537.92300000
v 2.34828000 -26.64000000 -537.57300000
v 2.55611000 -26.66790000 -537.92200000
v 2.58214000 -26.23750000 -537.54700000
v 2.37805000 -27.13500000 -538.58500000
v 2.16041000 -27.43860000 -538.53700000
v 2.44549000 -27.11640000 -538.83000000
v 2.08693000 -27.63980000 -538.45100000
v 2.25219000 -27.48720000 -538.90600000
v -2.72569000 -35.70110000 -543.45900000
v 2.02806000 -27.27510000 -537.76400000
v 1.93681000 -27.84530000 -538.08000000
v 2.03020000 -27.48070000 -538.05100000
v 2.18224000 -27.26930000 -538.16400000
v 2.04316000 -27.82730000 -538.34300000
v 2.44265000 -26.96040000 -538.21800000
v 2.30559000 -27.05850000 -538.08100000
v 3.19171000 -23.86340000 -537.47900000
v 3.15208000 -24.33540000 -537.52200000
v 3.27076000 -24.00400000 -537.68400000
v 1.25589000 -27.67770000 -544.20900000
v 1.62742000 -28.01430000 -544.23400000
v 1.20033000 -28.07360000 -544.55000000
v 2.75132000 -27.51040000 -541.91100000
v 2.81377000 -27.87280000 -542.14500000
v 2.68466000 -27.74690000 -542.30500000
v 2.59693000 -27.39880000 -542.07000000
v 2.59070000 -26.84080000 -541.25400000
v 2.39164000 -26.74400000 -541.68100000
v 2.49629000 -26.76070000 -541.47000000
v 2.29183000 -26.81320000 -541.94300000
v -3.69520000 -37.11420000 -542.88800000
v 2.04757000 -25.99820000 -542.06900000
v 2.15657000 -26.45290000 -541.95300000
v 2.03997000 -26.26780000 -542.08600000
v 1.95650000 -26.37290000 -542.26900000
v 2.06488000 -26.53330000 -542.17300000
v 1.96893000 -26.57410000 -542.40300000
v 1.86658000 -26.33510000 -542.45800000
v 1.85295000 -28.72230000 -544.59900000
v -5.02509000 -24.41820000 -541.47000000
v 1.97500000 -28.93230000 -544.60600000
v 2.09593000 -29.32930000 -544.68000000
v 1.92581000 -29.35520000 -544.87400000
v 1.92708000 -29.13130000 -544.75300000
v 1.77028000 -29.21640000 -544.92400000
v 1.36712000 -28.76280000 -544.94200000
v 1.19707000 -29.04000000 -545.23100000
v 1.02434000 -28.88290000 -545.23400000
v 2.50389000 -27.11470000 -541.82200000
v 2.40484000 -27.32070000 -542.26600000
v 1.91883000 -26.98120000 -542.66500000
v 2.03338000 -27.17130000 -542.63900000
v 1.84477000 -27.16320000 -542.84800000
v 1.79811000 -26.77550000 -542.72000000
v 1.54891000 -26.92610000 -543.12400000
v 1.68294000 -27.13380000 -543.05700000
v 1.37310000 -27.11190000 -543.50800000
v -0.93378400 -26.33070000 -543.41700000
v -1.27500000 -26.66910000 -543.61700000
v -1.23257000 -26.60460000 -543.35500000
v -1.43708000 -26.72200000 -543.44100000
v -1.49544000 -28.26730000 -544.99600000
v -1.62232000 -28.14840000 -544.77900000
v -1.41109000 -28.06060000 -544.83200000
v -1.41353000 -27.81460000 -544.65000000
v -1.54669000 -27.96070000 -544.65100000
v -1.27882000 -27.64910000 -544.66300000
v -1.62542000 -28.43510000 -545.44400000
v -1.06816000 -28.06660000 -545.23700000
v -1.16838000 -28.22310000 -545.42300000
v -1.30914000 -28.21600000 -545.20600000
v 0.39873200 -27.90670000 -544.81100000
v 0.07557070 -28.12770000 -545.11400000
v -0.01890660 -27.88180000 -544.99500000
v 2.50287000 -27.42330000 -539.97200000
v -5.61001000 -35.72990000 -539.04700000
v 2.63152000 -27.22590000 -540.39900000
v 0.56291000 -31.10730000 -537.29800000
v -3.30620000 -31.95100000 -536.85500000
v 0.77443300 -31.53380000 -537.29400000
v 0.35427500 -31.48080000 -537.20000000
v 1.33565000 -34.18720000 -545.67400000
v 1.37933000 -34.19960000 -545.93900000
v 1.57746000 -32.39520000 -538.11300000
v 1.11675000 -34.18530000 -545.54700000
v 1.44588000 -34.43580000 -545.37700000
v 1.01077000 -34.25820000 -545.30500000
v 0.80838500 -34.32450000 -545.15800000
v 0.57007400 -34.26320000 -545.19700000
v 0.75468600 -34.19790000 -545.35200000
v 1.81378000 -34.19750000 -545.88400000
v 1.96233000 -34.32610000 -545.77000000
v 1.48902000 -34.26930000 -545.56200000
v 2.26994000 -35.38100000 -545.25300000
v 2.10645000 -35.73060000 -545.08200000
v 2.06179000 -35.28970000 -545.23900000
v 2.40764000 -35.09990000 -545.46900000
v 1.86569000 -35.66080000 -545.06800000
v 1.70185000 -35.35390000 -545.11100000
v -3.29577000 -36.20730000 -538.43600000
v -3.68517000 -30.42080000 -536.74400000
v -3.45327000 -30.46530000 -536.64300000
v -1.09478000 -34.46630000 -537.94300000
v -1.46250000 -34.65820000 -537.99100000
v -1.06717000 -34.85160000 -538.01700000
v -0.03711990 -35.00500000 -538.06700000
v -0.28808700 -35.33160000 -538.18300000
v 0.18663700 -35.30970000 -538.18600000
v 3.18686000 -23.35970000 -540.07500000
v 0.24774800 -34.74370000 -538.04500000
v 0.49024100 -34.89390000 -538.13500000
v 0.60965200 -35.11170000 -538.25200000
v 0.87971900 -34.73660000 -538.24100000
v 0.80657000 -34.50460000 -538.14900000
v -0.46267600 -33.75170000 -537.63200000
v -0.29317700 -33.89210000 -537.73800000
v -0.07773370 -33.98440000 -537.84100000
v 0.08396730 -34.12220000 -537.91400000
v -0.97366500 -20.98470000 -537.84600000
v 0.86112800 -23.66410000 -537.51500000
v 0.14203300 -34.32150000 -537.96100000
v 0.39874200 -34.37990000 -538.00700000
v 4.11775000 -36.46060000 -544.05300000
v 4.22276000 -36.31070000 -544.23500000
v 4.29676000 -36.28340000 -543.99000000
v 4.03539000 -36.34800000 -544.42800000
v -2.13373000 -23.01780000 -539.60200000
v -2.13107000 -23.22350000 -539.54700000
v -2.09984000 -23.12130000 -539.79600000
v -2.20080000 -22.87270000 -539.95900000
v -2.20845000 -22.61900000 -539.66300000
v -1.44177000 -25.49830000 -540.06900000
v -1.22444000 -25.62840000 -540.16600000
v -1.48365000 -25.67170000 -540.53600000
v -1.28269000 -25.70940000 -540.62300000
v -2.19527000 -24.71260000 -540.66600000
v -2.27402000 -24.70670000 -541.07900000
v -2.21357000 -24.50700000 -540.76000000
v -6.10386000 -36.19750000 -543.26300000
v -6.10028000 -36.22140000 -543.69800000
v -5.72689000 -36.13270000 -543.42600000
v -6.95274000 -35.98500000 -542.37400000
v -6.90273000 -36.03770000 -542.78800000
v -6.85124000 -36.14190000 -542.54100000
v -6.81007000 -36.10150000 -543.02500000
v -6.70287000 -36.31180000 -542.59100000
v -6.64721000 -36.52920000 -542.23500000
v -6.85467000 -36.26150000 -542.11100000
v -6.89187000 -36.34780000 -541.63600000
v -6.93202000 -36.10320000 -541.98500000
v -3.18119000 -38.55040000 -540.69300000
v -3.29604000 -38.52080000 -540.89500000
v -3.13370000 -38.37000000 -541.04500000
v -5.91205000 -28.69000000 -540.88300000
v -2.71336000 -38.19250000 -541.12500000
v -2.79435000 -38.06020000 -541.29600000
v -2.56324000 -38.05210000 -541.27400000
v -0.27775100 -37.08310000 -541.92600000
v -0.01505580 -37.25200000 -542.21400000
v 0.09365330 -37.31690000 -541.85400000
v 0.14878400 -37.34890000 -542.33800000
v 0.26189400 -37.37890000 -541.75000000
v -4.47119000 -36.00910000 -545.06500000
v -4.51737000 -35.96060000 -545.50200000
v -4.27236000 -35.92190000 -545.47400000
v -4.50171000 -35.95250000 -545.76900000
v -4.13321000 -35.72130000 -546.07800000
v -1.66887000 -34.76180000 -547.87500000
v -1.99864000 -34.90580000 -547.56300000
v -2.18300000 -34.78210000 -547.66500000
v -2.42700000 -34.88140000 -547.19600000
v -2.45000000 -34.74340000 -547.34800000
v -2.23792000 -35.01300000 -547.22500000
v -1.59305000 -25.99000000 -541.16000000
v -1.54816000 -26.11350000 -541.37100000
v -1.71538000 -25.96300000 -541.38300000
v 1.32012000 -25.64540000 -537.25800000
v -5.64459000 -31.36120000 -545.63900000
v -2.35377000 -20.81850000 -539.06200000
v -6.03148000 -28.90960000 -540.97300000
v -2.40685000 -25.70460000 -542.26100000
v -2.58281000 -34.96420000 -537.93600000
v -0.36849400 -35.41050000 -546.81200000
v -2.29393000 -25.87110000 -542.80400000
v -2.33840000 -25.77150000 -542.04500000
v -2.22522000 -25.97250000 -542.05600000
v -2.04409000 -25.93410000 -541.75300000
v -2.36494000 -25.65550000 -541.82800000
v -1.79437000 -26.51530000 -542.98300000
v -1.98380000 -26.35990000 -543.02800000
v -1.94859000 -26.46640000 -543.21500000
v -2.10434000 -26.26410000 -543.23400000
v -2.42851000 -35.96350000 -538.34500000
v -6.71529000 -35.85710000 -545.50300000
v -2.15698000 -26.16790000 -543.04400000
v -2.26025000 -26.40760000 -542.74000000
v -2.35966000 -25.98190000 -542.57600000
v -2.33628000 -25.83600000 -542.44900000
v -2.13513000 -26.13830000 -542.19200000
v -1.69378000 -37.89930000 -540.57600000
v -1.91082000 -38.01650000 -540.86000000
v 2.34740000 -23.23110000 -541.03800000
v -0.33834700 -24.45930000 -540.42600000
v -1.61648000 -26.70980000 -543.29200000
v -1.86304000 -26.74790000 -543.44200000
v -1.83775000 -38.04620000 -540.61900000
v -4.73791000 -23.13370000 -540.53000000
v -1.44214000 -25.96590000 -540.97700000
v -5.04954000 -28.68440000 -539.18700000
v 0.81838900 -35.35080000 -538.54500000
v -1.82210000 -25.72130000 -540.96500000
v 1.50361000 -25.78570000 -537.20000000
v -1.68253000 -26.09310000 -541.55000000
v -1.88353000 -25.84980000 -541.39500000
v -2.07286000 -25.76720000 -541.35900000
v -1.71621000 -26.18410000 -541.74500000
v -1.71676000 -26.29120000 -541.96700000
v -1.96042000 -32.26500000 -536.81900000
v -1.87754000 -26.10490000 -541.85500000
v -1.34962000 -26.19410000 -541.96700000
v -1.48502000 -26.30350000 -542.12900000
v -1.35060000 -26.16370000 -541.71400000
v -1.20077000 -26.03570000 -541.82000000
v -3.29103000 -30.28790000 -536.59900000
v -1.34484000 -26.13500000 -541.46100000
v -2.13651000 -26.41750000 -542.61000000
v -1.23591000 -25.93770000 -541.09600000
v -1.11345000 -25.77340000 -540.99500000
v -1.38452000 -26.07940000 -541.20700000
v -1.53131000 -26.23260000 -541.60200000
v -6.84282000 -34.11450000 -545.79300000
v -1.51144000 -26.28920000 -541.86000000
v -1.72398000 -26.33110000 -542.19000000
v -1.94997000 -26.30640000 -542.28100000
v -1.91730000 -26.21710000 -542.07300000
v 2.31981000 -36.48980000 -542.48400000
v 2.14442000 -36.63100000 -542.45000000
v 2.13507000 -36.42950000 -542.60800000
v 4.01770000 -35.65310000 -545.16100000
v 4.09363000 -35.21810000 -545.37800000
v 4.19768000 -35.63970000 -544.96900000
v 1.47888000 -35.72000000 -544.87300000
v 1.40448000 -35.80640000 -544.65400000
v 1.25089000 -35.62980000 -544.76900000
v 1.38266000 -35.50970000 -544.94200000
v 0.61332600 -35.26530000 -544.46400000
v 0.82740500 -35.43290000 -544.43500000
v 0.64398500 -35.40090000 -544.26900000
v 0.42082000 -35.23930000 -544.31900000
v 1.08727000 -35.71870000 -543.55500000
v -5.90475000 -30.41590000 -544.94800000
v 1.15019000 -35.59810000 -543.76900000
v 0.70291200 -35.62650000 -543.85400000
v 0.87074500 -35.50290000 -544.19200000
v 0.95325900 -35.53330000 -543.94500000
v 0.90324200 -35.09240000 -544.90200000
v -6.22862000 -36.12150000 -546.49800000
v 0.94654600 -35.33550000 -544.78800000
v 1.15377000 -35.44640000 -544.85900000
v 4.20320000 -32.95770000 -542.84600000
v 1.01556000 -35.50640000 -544.63800000
v 1.01418000 -35.56850000 -544.39800000
v 1.19545000 -35.67750000 -544.55800000
v 1.33178000 -35.74130000 -544.19000000
v 1.39029000 -35.80630000 -544.42100000
v 0.72564800 -36.78540000 -543.07600000
v 0.88643500 -36.90910000 -542.90100000
v 0.40291700 -37.07110000 -543.06400000
v 0.57813200 -36.68860000 -543.26300000
v 0.34020000 -36.77540000 -543.32900000
v -1.43792000 -25.59880000 -540.29300000
v 0.97823900 -36.47700000 -543.08300000
v 0.51021600 -23.29470000 -541.17800000
v 0.57837800 -37.28770000 -542.76000000
v 0.55466600 -37.14960000 -542.92000000
v 0.80841300 -37.26610000 -542.65500000
v 0.58683600 -37.39040000 -542.55700000
v 0.81385500 -37.37760000 -542.44800000
v 1.12085000 -36.84510000 -542.82300000
v 0.98670100 -37.07220000 -542.74400000
v 1.39117000 -35.71840000 -543.81100000
v 2.28930000 -19.87930000 -536.76500000
v 1.81025000 -19.99940000 -536.67000000
v 1.62615000 -35.57210000 -545.02500000
v 1.51057000 -35.34760000 -545.04600000
v -5.33295000 -26.51850000 -542.35000000
v 1.69229000 -35.80130000 -544.95700000
v 1.60746000 -35.90090000 -544.73700000
v 1.78086000 -36.02980000 -544.57700000
v 1.56296000 -35.88930000 -544.25900000
v 1.80417000 -36.02320000 -544.32200000
v 1.96896000 -36.12340000 -544.71100000
v 1.99220000 -36.13140000 -544.47500000
v 2.74369000 -36.33210000 -543.85900000
v 3.06048000 -36.37610000 -544.21100000
v 3.15296000 -36.46560000 -543.85200000
v 3.43928000 -36.45740000 -544.19200000
v 2.15258000 -36.27150000 -542.78500000
v -3.51683000 -25.09810000 -542.54100000
v 2.31664000 -36.21740000 -543.19600000
v 2.36613000 -36.25970000 -542.95400000
v 2.15441000 -36.16990000 -543.00100000
v 2.23239000 -27.27770000 -538.44300000
v 0.62778800 -23.71010000 -538.07200000
v 2.71810000 -20.70930000 -538.67200000
v -4.34959000 -23.99010000 -541.52800000
v -3.15701000 -30.97260000 -546.56100000
v 1.72149000 -36.34000000 -542.82900000
v 1.46988000 -35.82970000 -543.36400000
v 1.32679000 -35.96390000 -543.23100000
v 1.25491000 -35.80420000 -543.40400000
v 1.32652000 -35.70280000 -543.59100000
v -5.77775000 -32.66370000 -546.28000000
v 1.84909000 -35.94670000 -543.46300000
v 1.83311000 -35.98250000 -543.22200000
v 1.67121000 -35.87300000 -543.38000000
v 0.63129600 -23.95520000 -538.01800000
v 1.76387000 -36.81250000 -542.50300000
v 1.70986000 -36.58870000 -542.68000000
v -6.14780000 -28.50400000 -543.12300000
v 1.62279000 -37.03040000 -542.40800000
v 1.91446000 -36.39950000 -542.70600000
v 1.92871000 -36.20760000 -542.86000000
v 1.94574000 -36.08610000 -543.05700000
v 2.27288000 -36.20090000 -544.45800000
v 2.17584000 -36.19220000 -544.63400000
v 2.40832000 -36.21550000 -544.69800000
v 2.06630000 -36.04460000 -543.88700000
v 1.94180000 -36.03600000 -544.10800000
v 0.45250600 -35.61960000 -543.95600000
v -0.37605300 -35.44080000 -547.42600000
v -0.16732500 -35.34880000 -547.50200000
v -0.19300300 -35.35890000 -547.25600000
v 1.62495000 -34.29530000 -547.15500000
v 1.64138000 -34.14900000 -547.36800000
v 1.75603000 -34.24840000 -546.97500000
v -0.10687500 -35.25430000 -547.96100000
v -0.34140700 -35.39750000 -547.92100000
v -0.19987000 -35.18120000 -548.33800000
v -0.09269430 -35.17050000 -548.14100000
v -0.85449500 -32.64620000 -548.17100000
v -0.42957100 -32.85200000 -548.25100000
v -0.81219100 -33.04260000 -548.33700000
v -4.35063000 -35.76790000 -546.16800000
v -3.25931000 -33.91100000 -547.51800000
v -3.00324000 -33.96810000 -547.59600000
v -3.38801000 -34.10600000 -547.40500000
v -2.76052000 -33.40080000 -547.82300000
v -2.58403000 -33.57160000 -547.91000000
v -2.88967000 -33.81750000 -547.70300000
v -3.35839000 -33.69690000 -547.52900000
v -3.50411000 -33.92510000 -547.43400000
v 3.14490000 -20.37450000 -536.71500000
v 3.17209000 -20.52900000 -536.50200000
v 3.23843000 -20.58380000 -536.76600000
v 2.92830000 -20.05150000 -536.86400000
v 4.23609000 -33.14720000 -543.19600000
v 2.69903000 -19.95960000 -536.89400000
v -5.38778000 -27.10920000 -543.06100000
v 3.26428000 -20.61240000 -537.16700000
v 2.85297000 -20.66050000 -535.91900000
v 2.38843000 -21.73970000 -536.31600000
v 2.43771000 -22.00530000 -536.56900000
v 2.52946000 -21.83050000 -536.49400000
v 2.50574000 -21.57600000 -536.23900000
v -3.10590000 -28.76150000 -545.30100000
v 2.99813000 -21.90320000 -536.95500000
v 3.07196000 -22.07350000 -537.08100000
v 3.20010000 -21.92380000 -537.18200000
v 3.11580000 -21.73950000 -536.97300000
v 2.27901000 -22.12610000 -536.54100000
v 2.17763000 -22.52520000 -536.63900000
v 2.53822000 -22.42320000 -536.78300000
v 2.69528000 -22.20010000 -536.83200000
v 2.81003000 -21.94490000 -536.80700000
v 2.94843000 -21.71760000 -536.75700000
v 2.84949000 -21.61880000 -536.55100000
v 3.12287000 -21.54900000 -536.78400000
v 1.86698000 -20.89430000 -535.69400000
v 1.79294000 -21.26110000 -535.88300000
v 1.93878000 -21.14070000 -535.76600000
v -5.11669000 -25.56590000 -542.21900000
v -5.24824000 -25.93980000 -542.11500000
v -5.58500000 -27.52640000 -541.29700000
v -5.18200000 -26.05110000 -542.34300000
v -1.07072000 -26.51580000 -543.74300000
v -1.20934000 -26.75980000 -544.04900000
v -0.62995100 -26.07740000 -543.63900000
v -1.68932000 -26.94700000 -543.76800000
v -1.51977000 -26.98320000 -543.91900000
v -1.52723000 -27.16920000 -544.11500000
v -1.73904000 -27.32950000 -544.18000000
v -1.66262000 -27.54830000 -544.30200000
v -1.89978000 -27.48440000 -544.34400000
v -2.05309000 -27.63450000 -544.50300000
v -0.76503800 -25.68570000 -541.94900000
v -0.68804800 -25.66180000 -542.12100000
v -1.03040000 -25.93790000 -541.96200000
v -0.78871700 -25.94900000 -542.53200000
v -0.90263700 -26.02220000 -542.33000000
v -1.31663000 -26.34880000 -542.36100000
v -1.54453000 -26.37740000 -542.35300000
v -1.08472000 -26.24930000 -542.39700000
v -1.25003000 -26.21890000 -542.20100000
v -1.01027000 -26.30860000 -542.66000000
v -0.95413100 -26.29670000 -542.90800000
v -0.69650000 -25.88780000 -542.74800000
v -0.83592200 -26.17060000 -543.07000000
v -3.74672000 -25.10440000 -542.60200000
v -3.82640000 -25.42330000 -542.89500000
v -3.83152000 -24.90760000 -542.43200000
v -4.23537000 -28.42460000 -544.70600000
v -4.02144000 -28.45710000 -544.84100000
v -3.29946000 -23.40540000 -541.06200000
v -3.63097000 -28.13430000 -544.60500000
v 0.32889100 -31.17530000 -546.96700000
v -3.62922000 -27.93090000 -544.44900000
v -6.32459000 -30.80800000 -540.86600000
v -3.41303000 -27.70310000 -544.44300000
v 2.15421000 -33.34830000 -547.21700000
v -2.47793000 -25.78690000 -542.94100000
v -2.68086000 -25.67630000 -542.85700000
v -3.20063000 -28.17380000 -544.87600000
v -3.61498000 -28.29000000 -544.80200000
v -3.79680000 -28.41210000 -544.87900000
v -3.49751000 -22.58380000 -536.35600000
v -4.27992000 -28.81180000 -545.09100000
v -4.45394000 -28.71650000 -544.97800000
v -4.04853000 -28.81770000 -545.13700000
v -4.38338000 -29.07410000 -545.19800000
v -4.36616000 -27.74100000 -544.38300000
v -4.76983000 -28.05830000 -544.40400000
v -4.59823000 -27.73520000 -544.33700000
v -3.99511000 -27.19690000 -544.24600000
v -4.15241000 -27.64050000 -544.35500000
v -4.32140000 -27.99400000 -544.45200000
v -5.15242000 -29.91260000 -545.28100000
v -5.37853000 -30.38480000 -545.30500000
v -5.58762000 -30.02260000 -545.04900000
v -5.59699000 -30.43810000 -545.22700000
v -3.03408000 -32.28300000 -547.37600000
v -2.41858000 -31.96510000 -547.47900000
v -2.65255000 -32.28620000 -547.57100000
v -2.79582000 -31.93880000 -547.28300000
v -2.22420000 -32.08270000 -547.62700000
v -2.44061000 -32.18360000 -547.60800000
v -4.56700000 -23.69060000 -541.19300000
v -6.36099000 -36.17260000 -546.04800000
v -6.50034000 -35.96280000 -546.13100000
v -6.30822000 -35.88710000 -546.48600000
v -5.34278000 -36.16150000 -546.54700000
v -3.43260000 -22.34860000 -536.38000000
v -5.79883000 -36.12530000 -546.64700000
v -6.14274000 -35.49070000 -546.61900000
v -6.46257000 -35.49810000 -546.37000000
v 0.85835200 -25.10520000 -537.57300000
v -6.02438000 -36.10970000 -546.66600000
v -6.19000000 -35.71550000 -546.60800000
v -5.73418000 -35.69320000 -546.77400000
v -4.08748000 -31.93610000 -537.33700000
v -0.74265000 -30.87620000 -546.98700000
v -1.05899000 -31.17620000 -547.15200000
v -1.07885000 -30.97280000 -547.02900000
v -2.46641000 -27.44140000 -544.44700000
v -2.39549000 -27.81620000 -544.74400000
v -2.77396000 -27.69730000 -544.65500000
v 2.43304000 -37.41250000 -541.32200000
v 0.29379700 -27.12460000 -538.32400000
v 0.10751400 -27.51940000 -538.36100000
v -0.24623100 -27.49010000 -538.49300000
v -0.44392900 -28.43850000 -537.77700000
v -0.40654100 -28.29080000 -537.91200000
v -0.59049500 -28.23060000 -537.78900000
v -0.56515100 -28.57480000 -537.46100000
v -4.67559000 -23.31160000 -538.30100000
v 0.62684400 -37.34320000 -540.11700000
v 0.17877600 -31.43460000 -547.14300000
v 1.96925000 -37.90910000 -541.09300000
v -0.96329700 -27.54630000 -537.71300000
v -2.35690000 -26.08450000 -542.72300000
v -1.01177000 -27.32120000 -537.74500000
v -0.95668900 -27.66880000 -537.48100000
v -0.73437700 -28.10960000 -537.64500000
v -0.92664600 -27.74990000 -537.71100000
v -4.03937000 -28.09640000 -537.60800000
v -0.58147900 -33.74230000 -548.51500000
v -3.90920000 -28.08100000 -537.42600000
v 2.75420000 -20.53640000 -538.33100000
v -4.26498000 -27.20140000 -538.13100000
v -4.23960000 -27.10200000 -537.93400000
v -4.04958000 -30.28930000 -537.00700000
v -0.38637700 -33.10650000 -548.33900000
v -3.78310000 -30.02260000 -536.98300000
v -4.28684000 -30.00750000 -537.38200000
v -2.98784000 -28.81930000 -536.76600000
v -3.31631000 -28.94730000 -537.00100000
v -6.33327000 -28.68960000 -542.69400000
v -2.90755000 -29.07250000 -536.71800000
v -3.07844000 -28.41030000 -536.59000000
v -1.12275000 -26.90140000 -537.59200000
v -1.09319000 -27.23450000 -537.32100000
v -1.08441000 -27.10500000 -537.78100000
v -1.40971000 -24.66330000 -536.47900000
v -1.34560000 -25.08920000 -536.64700000
v -1.29985000 -24.56420000 -536.65000000
v 4.42558000 -33.81020000 -543.98700000
v -1.29671000 -26.00460000 -536.77200000
v 1.34232000 -30.52530000 -546.16100000
v -1.23593000 -25.87540000 -537.00100000
v -1.13941000 -26.54850000 -537.17000000
v -1.17926000 -26.56140000 -536.91500000
v -1.11602000 -26.78030000 -537.13400000
v -1.72902000 -27.37510000 -536.63100000
v -1.52484000 -27.36520000 -536.75700000
v -1.14619000 -20.58720000 -535.90200000
v -1.25289000 -27.51310000 -536.99300000
v -1.20092000 -27.32350000 -537.13400000
v -1.37619000 -27.57600000 -536.81700000
v -1.26037000 -27.10750000 -536.95800000
v 2.07473000 -30.74420000 -537.95000000
v -1.12945000 -27.05310000 -537.12800000
v -1.47513000 -26.77500000 -536.66700000
v -1.34766000 -26.92740000 -536.79400000
v -1.18138000 -26.84710000 -536.93200000
v -1.67952000 -26.75550000 -536.53400000
v -3.37736000 -30.06500000 -536.72100000
v -3.00791000 -30.33530000 -536.52100000
v -2.89978000 -30.11250000 -536.52100000
v -3.21300000 -29.90150000 -536.73900000
v -2.71478000 -30.26800000 -536.49600000
v 4.60683000 -34.43200000 -544.24400000
v -0.95522800 -28.09770000 -536.98800000
v -0.73035400 -28.16410000 -537.39200000
v -0.76747600 -28.48210000 -537.09700000
v 1.60868000 -22.89800000 -536.75600000
v 1.67338000 -23.42350000 -536.82400000
v 1.82136000 -23.02340000 -536.72000000
v 1.47151000 -23.06700000 -536.85800000
v 0.91098600 -21.10660000 -536.89800000
v 0.87750600 -20.92230000 -537.36200000
v 0.83572600 -21.29950000 -537.26600000
v 1.00230000 -20.65960000 -537.08500000
v 1.42182000 -21.94450000 -536.52900000
v 1.44961000 -22.17780000 -536.63300000
v 1.70098000 -21.01540000 -535.79500000
v 1.57146000 -21.18000000 -535.94300000
v -0.48467600 -33.32320000 -548.41800000
v 0.32982200 -25.91310000 -538.28700000
v 0.23411200 -26.18760000 -538.31300000
v 0.44754400 -25.83830000 -538.11200000
v 0.25272100 -25.74260000 -538.45200000
v 0.50954100 -25.99390000 -537.92600000
v 0.63116200 -26.39850000 -537.69700000
v 1.71738000 -27.45370000 -537.59700000
v 1.61129000 -27.88930000 -537.72500000
v 1.74449000 -27.67200000 -537.73700000
v 1.53839000 -27.66330000 -537.59100000
v 1.51964000 -27.38170000 -537.50400000
v 1.67573000 -27.18800000 -537.47800000
v 2.36676000 -28.70960000 -538.42800000
v 1.41262000 -26.67310000 -537.32300000
v 1.61027000 -26.74570000 -537.32200000
v 1.22285000 -26.49810000 -537.33900000
v 0.77805300 -26.16080000 -537.60800000
v -0.74125800 -25.91050000 -539.71100000
v -0.29390600 -26.26230000 -539.26100000
v -0.43825600 -26.17270000 -539.40400000
v -5.18448000 -25.50640000 -540.17500000
v -6.25898000 -28.61670000 -542.90900000
v -0.25129400 -26.02530000 -539.34800000
v -0.51250300 -25.86580000 -539.72700000
v -0.03135180 -26.15680000 -538.94300000
v -1.39410000 -32.73010000 -548.14600000
v -4.75892000 -38.15730000 -540.50000000
v -2.76062000 -35.23470000 -543.71000000
v -5.04090000 -37.88320000 -540.88200000
v 3.35023000 -31.94710000 -540.12300000
v -0.26410400 -25.56080000 -539.52100000
v -0.05588070 -25.66770000 -539.04800000
v -1.08341000 -26.13380000 -538.66900000
v -0.98335500 -26.33890000 -538.76000000
v -1.09878000 -25.94550000 -539.13800000
v -0.53025800 -27.22600000 -538.49500000
v -0.17845700 -27.26810000 -538.63700000
v -0.13201900 -27.09960000 -538.81500000
v 1.37786000 -25.40400000 -537.22100000
v -5.04705000 -37.76890000 -541.08000000
v 1.21571000 -24.55740000 -537.23800000
v 1.16798000 -25.46030000 -537.33100000
v 1.11561000 -24.99670000 -537.34000000
v 0.83889400 -25.58100000 -537.61500000
v 0.99906500 -25.50740000 -537.45100000
v 1.16953000 -26.28770000 -537.35100000
v 0.93474000 -24.94370000 -537.48200000
v 0.16610100 -26.80600000 -538.49000000
v 0.36383100 -26.93850000 -538.15600000
v 0.58969600 -27.30950000 -537.99500000
v 0.65340800 -27.57700000 -537.93400000
v -0.46267700 -25.41640000 -542.30500000
v 0.00056148 -25.08010000 -542.60700000
v -0.32823100 -25.33670000 -542.49600000
v -0.36649700 -25.48500000 -542.68400000
v -0.49876000 -25.55230000 -542.51600000
v -2.29563000 -25.08120000 -541.34600000
v -0.51305300 -25.85270000 -543.24500000
v 0.05217710 -25.48000000 -543.17000000
v -0.30339800 -25.74420000 -543.39000000
v 1.37362000 -25.10970000 -542.48300000
v 1.11009000 -25.41320000 -542.69300000
v 1.00165000 -25.19790000 -542.64100000
v -0.00304595 -25.26030000 -542.79400000
v 0.21297100 -25.13480000 -542.77300000
v 0.15248200 -25.32190000 -542.95700000
v 0.47904500 -25.13880000 -542.76900000
v 0.29927000 -25.43390000 -543.11800000
v 0.17733800 -25.55430000 -543.32500000
v 0.54368500 -25.48220000 -543.05700000
v 0.41946000 -25.58790000 -543.24600000
v 0.61017300 -25.31550000 -542.85600000
v 0.74344300 -25.15630000 -542.70200000
v 0.74437300 -25.46250000 -542.92600000
v 2.09830000 -19.92370000 -536.61600000
v 2.35719000 -19.92730000 -536.52500000
v 1.31393000 -20.36170000 -537.87600000
v 1.43814000 -20.46050000 -538.32500000
v 1.12777000 -20.49470000 -537.82900000
v 1.63607000 -20.33180000 -538.28100000
v 1.66680000 -20.21740000 -538.04600000
v -5.23165000 -32.90120000 -538.14600000
v 1.74290000 -20.13480000 -537.78800000
v 1.59753000 -20.15630000 -537.64600000
v 1.40109000 -20.26020000 -537.64200000
v -2.09520000 -24.67550000 -540.29500000
v 1.53687000 -20.16140000 -537.43100000
v -1.47213000 -21.04400000 -536.05400000
v 0.39631800 -24.19730000 -538.53300000
v 0.55174900 -24.11120000 -538.18200000
v 0.58784300 -23.58050000 -538.30700000
v 0.62587200 -24.20620000 -537.97100000
v 0.68579000 -23.36180000 -537.87700000
v 0.82395000 -24.15160000 -537.62500000
v 1.18498000 -21.76660000 -539.96000000
v 0.98063400 -22.14920000 -540.20900000
v 1.25208000 -21.86060000 -540.13900000
v 1.05320000 -22.21920000 -540.40000000
v -0.15917300 -24.21260000 -541.81200000
v -0.31483600 -24.57200000 -541.94600000
v -0.27695200 -24.40460000 -541.75400000
v -0.09374090 -24.38790000 -542.21400000
v -0.10125100 -24.08760000 -541.59400000
v -0.26080100 -24.35590000 -541.30600000
v 0.22831100 -23.77410000 -541.78800000
v -0.03000080 -24.05480000 -541.83500000
v 0.22965800 -23.63580000 -541.35700000
v 0.12395400 -23.78480000 -541.49900000
v -0.68554400 -25.18220000 -541.21600000
v -0.77050000 -25.32450000 -541.08600000
v -2.27128000 -35.11050000 -545.69900000
v -0.24283400 -24.74440000 -539.41000000
v -2.35549000 -20.11750000 -536.42600000
v -0.30374500 -24.59480000 -539.75900000
v 0.12812900 -23.65070000 -540.72900000
v 0.64266900 -22.71480000 -539.32200000
v 0.52947400 -23.07300000 -539.53400000
v 0.58250400 -23.07670000 -539.08700000
v 0.37072000 -23.57120000 -539.31300000
v 0.79137600 -22.17340000 -539.67400000
v 0.80519900 -22.05460000 -539.48500000
v 0.74474200 -36.05080000 -539.25500000
v 0.80498600 -22.55210000 -540.44500000
v 1.10678000 -20.87280000 -536.33400000
v 1.06003000 -20.68880000 -536.67000000
v 0.98195900 -21.13050000 -536.67000000
v 0.93605400 -21.53620000 -536.92300000
v 1.15476000 -21.30530000 -536.38500000
v -5.98644000 -31.61710000 -545.53800000
v 0.85855200 -21.50380000 -537.18200000
v 0.82436100 -21.50890000 -537.45900000
v 1.90299000 -20.16030000 -537.94400000
v 1.84702000 -20.24560000 -538.19800000
v 1.85633000 -20.34960000 -538.42700000
v 1.88888000 -20.46090000 -538.63500000
v 1.93641000 -20.57530000 -538.83200000
v 1.65781000 -20.56880000 -538.72200000
v 1.14658000 -20.66820000 -538.20000000
v 1.05813000 -20.62870000 -537.99200000
v 0.82343000 -21.72780000 -537.54000000
v 2.49874000 -33.71190000 -539.32600000
v 0.80435500 -21.45510000 -537.93200000
v 0.84402300 -21.13930000 -537.66300000
v 0.87125600 -20.90030000 -537.59800000
v 0.86786600 -20.95560000 -537.80900000
v -1.25582000 -24.72920000 -537.06400000
v 0.95040200 -20.68520000 -537.74600000
v 1.07299000 -20.95540000 -538.69500000
v 0.97980400 -21.22240000 -538.98900000
v 0.88837000 -21.44910000 -538.97900000
v -0.65148100 -25.36590000 -541.69800000
v 0.07566580 -23.78880000 -541.22100000
v -0.08203310 -24.01010000 -541.17600000
v -0.20812100 -24.23180000 -541.10200000
v -0.03749930 -23.89820000 -540.77100000
v -0.52468500 -24.91800000 -541.51100000
v -0.36702500 -24.60430000 -541.74300000
v -0.52320800 -24.84930000 -541.21300000
v -0.61441600 -25.01060000 -541.12700000
v -0.46176900 -24.68730000 -540.96800000
v 1.92460000 -21.92970000 -540.30200000
v 1.50898000 -22.35800000 -540.70800000
v 1.71276000 -21.88360000 -540.27600000
v 2.19068000 -21.03410000 -539.37500000
v 2.37040000 -21.44250000 -539.73400000
v 2.10747000 -21.38210000 -539.75000000
v 2.36751000 -21.75750000 -540.03600000
v -3.32544000 -23.05130000 -540.81600000
v 2.11705000 -21.99670000 -540.32700000
v -3.12231000 -22.44240000 -536.10400000
v 2.38772000 -22.29800000 -540.45000000
v 0.50667100 -24.06910000 -542.34500000
v 0.29128000 -24.17200000 -542.34300000
v 3.01606000 -33.19180000 -546.46400000
v 0.47443800 -24.31470000 -542.45900000
v 0.17292500 -24.02580000 -542.15200000
v 0.07903700 -24.26140000 -542.28400000
v -0.02776800 -24.15860000 -542.06000000
v 0.35070800 -23.80900000 -542.00900000
v 0.35884700 -23.95160000 -542.21500000
v 1.34717000 -21.58730000 -539.86100000
v 3.34784000 -23.88410000 -537.89500000
v 3.24835000 -23.65260000 -537.50000000
v 1.68753000 -28.11880000 -537.87500000
v 1.42549000 -28.31440000 -537.63800000
v 1.95630000 -28.52600000 -538.10700000
v 1.66669000 -28.61330000 -537.78000000
v 3.18935000 -28.91090000 -541.31700000
v 3.15897000 -29.04350000 -541.93700000
v 3.14609000 -28.62210000 -541.68000000
v 3.17718000 -29.13980000 -541.41900000
v 3.18252000 -29.12670000 -541.19200000
v -3.65860000 -22.47030000 -540.38800000
v 3.22749000 -29.34670000 -541.49800000
v 3.19555000 -29.40360000 -541.25400000
v 3.14973000 -28.19570000 -540.63700000
v 3.22846000 -28.41600000 -540.59000000
v 3.19378000 -28.30390000 -541.04500000
v 3.12553000 -28.11280000 -540.86000000
v 3.03318000 -27.95520000 -541.06500000
v 0.09803920 -36.34560000 -539.23400000
v 1.46183000 -28.97000000 -537.49200000
v 1.50608000 -28.53580000 -537.65400000
v 1.09939000 -29.07630000 -537.33300000
v -0.43284800 -29.68550000 -537.37500000
v -0.58517200 -29.92830000 -537.34700000
v -0.09710600 -29.90840000 -537.38400000
v -0.23314100 -28.44540000 -537.92700000
v -0.02134880 -28.46510000 -537.94400000
v -0.71338700 -29.30660000 -537.22300000
v -0.57393400 -29.26310000 -537.39200000
v -0.57638500 -29.03410000 -537.45700000
v -0.43207000 -29.23830000 -537.57900000
v -0.52792300 -28.81250000 -537.57000000
v -0.61303800 -28.81970000 -537.34400000
v 0.05279240 -30.09340000 -537.40600000
v 0.16573100 -30.49330000 -537.45000000
v 0.29650300 -30.08730000 -537.28800000
v 0.01558840 -29.66570000 -537.33100000
v 0.13225100 -29.88670000 -537.30100000
v 0.51579200 -30.04740000 -537.15600000
v 0.43573000 -29.67890000 -537.13700000
v 0.16477800 -29.43350000 -537.35400000
v -2.56328000 -26.22030000 -536.00900000
v -0.21791100 -29.67900000 -537.39500000
v -0.36192200 -29.44800000 -537.44800000
v 3.59239000 -35.27330000 -541.61400000
v 4.62930000 -35.30980000 -543.60100000
v 3.39243000 -35.32470000 -541.26700000
v -0.20806100 -29.30590000 -537.58800000
v -0.26224900 -29.10710000 -537.75500000
v -0.08519890 -28.67150000 -537.86500000
v -0.31255100 -28.67940000 -537.88100000
v 0.10936600 -28.78800000 -537.73700000
v -0.11535300 -28.90200000 -537.78600000
v 3.03483000 -22.79750000 -540.11800000
v -0.04107780 -29.11870000 -537.65100000
v 2.56876000 -29.99140000 -538.58800000
v 2.68273000 -29.70880000 -538.96500000
v 2.59979000 -29.76980000 -538.56500000
v 1.58969000 -26.37790000 -542.84900000
v 1.38267000 -26.51570000 -543.17300000
v 1.25564000 -26.34570000 -543.30300000
v 1.51925000 -26.53600000 -542.96600000
v 1.75316000 -25.19750000 -542.31600000
v 1.73292000 -25.83380000 -542.47200000
v 1.59110000 -25.59620000 -542.49200000
v 1.92885000 -25.25780000 -542.18400000
v 1.96147000 -24.68070000 -542.09400000
v 2.37014000 -27.26280000 -538.96500000
v 2.42530000 -27.22510000 -539.17100000
v 2.32842000 -27.45030000 -539.13400000
v 2.40699000 -27.48830000 -539.50900000
v 2.63034000 -26.03110000 -537.51200000
v 2.78184000 -26.25040000 -537.94800000
v 2.86957000 -25.75550000 -537.77600000
v 2.64795000 -26.63080000 -538.11400000
v 2.86998000 -26.19380000 -538.16800000
v 2.52924000 -26.56040000 -537.73800000
v 2.64920000 -26.34830000 -537.74300000
v 2.58479000 -26.79290000 -538.26300000
v 4.17691000 -33.18100000 -543.63700000
v 3.08184000 -25.47750000 -540.50400000
v 3.02413000 -25.95510000 -540.36100000
v 2.91702000 -25.81590000 -540.83300000
v 3.36779000 -23.19400000 -539.47000000
v 3.29578000 -23.16950000 -539.71700000
v 3.35913000 -22.77440000 -539.41100000
v 3.23714000 -22.97610000 -539.81700000
v 2.03130000 -26.32910000 -537.24400000
v 2.99966000 -24.09180000 -540.68400000
v 2.27915000 -26.00900000 -537.19700000
v -0.23530400 -26.56160000 -544.52500000
v 2.40301000 -25.52280000 -537.19200000
v 2.50644000 -25.72250000 -537.27700000
v 2.49022000 -25.92950000 -537.30600000
v 2.46885000 -26.13730000 -537.33100000
v 2.61071000 -25.57460000 -537.34700000
v 1.70388000 -25.11980000 -537.10500000
v 1.80285000 -25.50040000 -537.12200000
v 1.87799000 -25.26080000 -537.09300000
v 1.74270000 -24.87320000 -537.05800000
v 1.53665000 -24.78930000 -537.10600000
v 1.95572000 -25.66690000 -537.12300000
v 2.18999000 -25.57030000 -537.13000000
v 2.69885000 -25.19870000 -537.29800000
v 2.53855000 -25.35020000 -537.22900000
v 2.67969000 -24.71470000 -537.15400000
v 2.84815000 -24.81260000 -537.30300000
v 2.84443000 -24.56580000 -537.24700000
v 2.84928000 -25.04280000 -537.38400000
v 2.99140000 -24.67020000 -537.41700000
v 2.50033000 -25.12560000 -537.15700000
v 2.68653000 -24.96570000 -537.21100000
v 2.28822000 -24.47520000 -536.98500000
v 2.11042000 -25.15530000 -537.06800000
v 2.30788000 -25.02500000 -537.07700000
v 2.85365000 -25.27250000 -537.49200000
v 2.75738000 -25.66900000 -537.55400000
v 3.11717000 -23.71710000 -540.36000000
v -3.07197000 -22.64670000 -536.00200000
v 2.97320000 -25.33370000 -537.70400000
v 3.12434000 -24.73470000 -537.63600000
v 2.95368000 -25.77990000 -537.98400000
v 3.03064000 -25.74530000 -538.19100000
v 3.14524000 -25.29600000 -538.12700000
v 1.81969000 -27.87460000 -543.86800000
v 1.98003000 -28.34810000 -544.26800000
v 1.67166000 -28.72500000 -544.71000000
v 1.41506000 -28.98860000 -545.04900000
v 1.51360000 -29.38820000 -545.18800000
v 1.12501000 -29.24530000 -545.37700000
v 1.76318000 -28.35250000 -544.41400000
v 1.59406000 -28.19400000 -544.40200000
v 1.33839000 -28.40840000 -544.69900000
v 1.60640000 -27.60730000 -543.71000000
v 1.42763000 -27.67720000 -544.04000000
v 0.82122100 -27.16700000 -544.24400000
v 1.05937000 -27.50330000 -544.22200000
v 0.88301400 -27.56140000 -544.40600000
v 1.22465000 -27.34160000 -543.88300000
v 1.11856000 -27.12530000 -543.87000000
v 0.96630200 -27.07590000 -544.03800000
v 2.75036000 -27.40200000 -540.87000000
v 2.76919000 -27.54560000 -540.66800000
v 2.92683000 -27.73780000 -541.06700000
v 2.66174000 -27.46310000 -540.46900000
v 2.38492000 -27.46090000 -542.44700000
v 2.98065000 -28.30660000 -542.09800000
v 2.86484000 -28.37880000 -542.54900000
v 2.81072000 -28.16740000 -542.45700000
v 2.85334000 -28.67900000 -542.84800000
v 2.81261000 -28.43230000 -542.78500000
v 2.96546000 -28.82690000 -542.64600000
v 2.91600000 -29.04840000 -543.00200000
v 2.81637000 -28.85000000 -543.02800000
v 2.63460000 -28.28990000 -542.96100000
v 2.73631000 -28.49220000 -542.97600000
v 2.18186000 -29.56260000 -544.71300000
v 3.15598000 -29.61080000 -543.00400000
v 3.11744000 -29.39290000 -542.93400000
v 3.14612000 -29.32470000 -542.71700000
v 3.35120000 -29.91620000 -542.72200000
v 3.63962000 -31.11820000 -542.57600000
v 3.61205000 -31.27530000 -543.03200000
v 3.49224000 -30.87230000 -542.97500000
v 2.54865000 -26.09670000 -541.43800000
v 2.54338000 -26.60600000 -541.31500000
v 2.42837000 -26.52380000 -541.54600000
v 2.29780000 -26.39090000 -541.74100000
v 2.00266000 -25.75120000 -542.14600000
v 1.92603000 -26.13960000 -542.25800000
v 2.22170000 -25.99100000 -541.85600000
v 2.15685000 -26.20650000 -541.91500000
v 2.16901000 -25.79810000 -541.95100000
v 2.11926000 -25.57810000 -542.01600000
v 2.10354000 -24.85350000 -541.99700000
v 3.31734000 -30.77910000 -543.43600000
v 2.78001000 -25.69550000 -541.19900000
v 0.83852300 -34.48780000 -547.76000000
v 1.83919000 -26.55450000 -542.59300000
v 2.27443000 -27.12600000 -542.26200000
v 2.22364000 -27.25500000 -542.47000000
v 2.12401000 -27.36010000 -542.67600000
v 2.34661000 -27.03160000 -542.03200000
v 2.10940000 -27.00520000 -542.44600000
v 1.97397000 -26.78890000 -542.53200000
v 2.21328000 -26.91080000 -542.20400000
v 1.27188000 -31.10580000 -546.49600000
v -4.67103000 -29.50650000 -537.94300000
v 1.13575000 -31.22420000 -546.63700000
v 1.60393000 -31.09090000 -546.24400000
v 3.07349000 -25.32430000 -537.92300000
v 1.35915000 -30.75750000 -546.27200000
v 1.16553000 -29.64500000 -545.61300000
v 1.29734000 -30.10600000 -545.86900000
v 0.92961600 -29.91290000 -545.96800000
v 1.41962000 -29.99640000 -545.66400000
v 1.59114000 -30.13760000 -545.64100000
v 1.33166000 -30.32900000 -546.02300000
v -6.46304000 -32.07250000 -540.43000000
v 0.80147400 -29.34270000 -545.62900000
v 0.62243300 -29.13590000 -545.58600000
v 1.14252000 -28.64010000 -544.99200000
v 0.72460300 -28.59640000 -545.17800000
v -1.11206000 -26.47610000 -542.82300000
v -1.12454000 -26.50330000 -543.08100000
v -0.57026400 -26.13910000 -543.90100000
v -0.88053500 -26.38420000 -543.91300000
v -1.04831000 -26.65850000 -544.16200000
v -1.24977000 -27.88180000 -544.84400000
v -1.24513000 -28.10280000 -545.01600000
v -1.10916000 -27.69290000 -544.84300000
v -1.07228000 -27.91290000 -545.01700000
v -0.88358700 -27.87020000 -545.15900000
v -0.78109400 -27.50890000 -544.93900000
v -1.47683000 -27.37120000 -544.26800000
v 1.75882000 -22.28920000 -540.63800000
v -1.59383000 -27.76860000 -544.46100000
v -1.30123000 -27.44130000 -544.48800000
v -1.44961000 -27.59530000 -544.44500000
v 1.02421000 -25.71790000 -543.02200000
v 0.63574500 -25.68230000 -543.21900000
v 1.25877000 -26.14080000 -543.19000000
v 1.11682000 -26.46570000 -543.53300000
v 1.40360000 -25.87110000 -542.84200000
v 1.54008000 -25.99470000 -542.78500000
v 0.91730700 -26.51060000 -543.76300000
v 0.78402700 -26.65290000 -543.97200000
v 0.01316700 -26.60280000 -544.45300000
v 0.26004000 -26.30990000 -544.11100000
v 0.24440300 -26.65860000 -544.35800000
v -0.14669100 -26.79380000 -544.58900000
v -0.32648300 -26.38440000 -544.41300000
v -0.08875880 -26.39390000 -544.36100000
v 0.00659318 -26.21580000 -544.18800000
v -0.53615300 -27.15650000 -544.77600000
v 0.79640000 -21.49140000 -538.15700000
v -0.46943500 -27.72310000 -545.09300000
v -0.07606460 -27.64890000 -544.87200000
v -0.41765500 -27.54970000 -544.94800000
v -0.36497100 -27.29870000 -544.79900000
v 0.02879300 -27.44430000 -544.73300000
v 0.62988500 -27.24590000 -544.40600000
v 0.66397300 -27.47270000 -544.48800000
v -0.37090400 -29.70490000 -546.31700000
v -0.61911800 -30.17050000 -546.65300000
v -0.59345200 -29.80440000 -546.43000000
v -0.78820500 -29.96960000 -546.56000000
v -0.24410400 -29.17680000 -545.91500000
v -0.41540700 -29.49480000 -546.17800000
v -0.63547700 -29.41730000 -546.14600000
v -0.44399900 -29.02490000 -545.86800000
v -0.21653500 -29.37590000 -546.04800000
v 0.13216000 -28.95920000 -545.66700000
v 0.50829100 -29.55540000 -545.91600000
v -0.75994600 -25.37290000 -540.35900000
v 0.93343800 -28.31970000 -544.86100000
v 0.49524100 -28.28620000 -545.01200000
v 0.72923800 -28.22330000 -544.86900000
v 0.29193200 -27.74180000 -544.76400000
v 0.26852000 -27.52550000 -544.67500000
v 1.08649000 -27.70570000 -544.36800000
v 0.83030200 -27.91070000 -544.62900000
v 0.27506800 -28.31590000 -545.14100000
v 0.05921020 -28.34740000 -545.28800000
v 3.09101000 -28.19790000 -541.52100000
v 3.22337000 -28.50350000 -541.03800000
v 3.15362000 -28.44540000 -541.50200000
v 3.30140000 -29.57660000 -541.38600000
v 3.33296000 -29.52790000 -541.64200000
v 3.18138000 -29.49640000 -541.00700000
v 3.22126000 -29.25820000 -541.90600000
v 3.33755000 -29.47910000 -541.89400000
v 0.87629000 -22.62040000 -540.67500000
v 1.92539000 -28.51620000 -544.44000000
v 2.74942000 -29.05640000 -543.38300000
v 2.61507000 -28.84330000 -543.44400000
v 0.96770500 -26.23750000 -537.46900000
v 2.25840000 -28.40040000 -543.86600000
v 2.20643000 -28.59350000 -544.06400000
v 1.99962000 -28.17960000 -544.07000000
v 2.09468000 -28.59170000 -544.26700000
v 2.30670000 -28.27860000 -543.64000000
v 2.46483000 -28.41150000 -543.42700000
v -0.68117700 -30.41790000 -537.31500000
v -0.37534100 -30.78020000 -537.28000000
v -0.22765400 -30.63770000 -537.37900000
v -0.81746300 -30.71370000 -537.09600000
v -0.22714900 -30.14020000 -537.45700000
v -0.06817680 -30.50260000 -537.44400000
v -0.48193800 -30.09350000 -537.41400000
v 0.00469837 -31.07980000 -537.25800000
v 0.14959500 -30.89690000 -537.31500000
v -0.14434500 -31.25160000 -537.18000000
v -0.58795400 -31.72970000 -536.94400000
v -0.45786000 -31.96280000 -536.96600000
v -0.23078400 -31.97280000 -536.99700000
v -0.63219000 -31.11140000 -537.06200000
v -0.48198800 -31.54220000 -537.00600000
v -0.16068300 -31.68150000 -537.03300000
v -0.01961220 -31.86220000 -537.01300000
v 0.01231760 -32.04500000 -537.04200000
v 0.21882900 -31.93310000 -537.09100000
v 0.50800800 -37.54470000 -540.69300000
v -1.34428000 -26.42360000 -536.68300000
v 0.91791700 -37.67340000 -540.85400000
v 1.29021000 -37.82860000 -541.07600000
v -1.33762000 -25.33600000 -536.68600000
v 1.10590000 -37.66820000 -540.66000000
v 0.55079100 -23.35420000 -541.38300000
v 1.91279000 -37.91790000 -541.33700000
v -5.63588000 -27.54950000 -542.90600000
v -0.05621040 -35.27770000 -547.05400000
v 1.57611000 -37.80510000 -540.77800000
v 0.80352800 -37.46130000 -540.32100000
v 1.05775000 -37.53190000 -540.43500000
v 2.52169000 -35.69010000 -545.15900000
v -1.67546000 -20.67100000 -538.70400000
v 2.22309000 -35.94950000 -545.00000000
v 2.49748000 -35.47880000 -545.25700000
v 2.29406000 -35.58580000 -545.17000000
v 3.12114000 -33.61590000 -546.42300000
v 2.91123000 -33.66900000 -546.52700000
v 2.97279000 -33.42190000 -546.51700000
v 2.33062000 -34.17850000 -546.12000000
v 2.07524000 -34.12660000 -546.16600000
v 2.49879000 -34.11440000 -546.27400000
v 2.25947000 -34.08420000 -546.31600000
v 2.38739000 -34.00660000 -546.48100000
v 0.61565800 -35.09760000 -544.65300000
v 2.79321000 -21.39790000 -539.39500000
v 0.95868400 -34.47590000 -545.13000000
v 0.79736900 -34.70720000 -544.97000000
v 0.47992100 -34.52340000 -544.86500000
v 0.99091300 -34.69760000 -545.07100000
v 1.34435000 -34.57390000 -545.26100000
v -3.62365000 -22.36600000 -536.55100000
v 1.18646000 -34.40730000 -545.26600000
v 1.63180000 -34.40280000 -545.52100000
v 2.05008000 -34.52180000 -545.65400000
v 2.17647000 -34.37790000 -545.81800000
v 2.48285000 -33.74640000 -546.73700000
v 2.29590000 -33.92940000 -546.69900000
v 1.96684000 -33.27270000 -547.34500000
v 1.63866000 -33.54350000 -547.56300000
v 1.77449000 -33.16100000 -547.46400000
v 0.30697300 -34.65590000 -548.17200000
v 0.28702800 -34.82560000 -548.00200000
v 0.45685300 -34.47190000 -548.12900000
v -1.13398000 -34.42660000 -548.45500000
v -0.93584300 -34.93550000 -548.48100000
v -1.18271000 -34.68170000 -548.36600000
v -0.89287500 -34.44440000 -548.53700000
v 1.45362000 -33.50020000 -547.68900000
v 1.35092000 -33.02270000 -547.71100000
v 1.18769000 -32.84070000 -547.76500000
v 1.36339000 -32.76980000 -547.63400000
v 1.70536000 -37.97290000 -541.14500000
v 2.86260000 -30.29140000 -539.19700000
v 2.86760000 -30.01850000 -539.48700000
v -1.68089000 -33.50300000 -537.28700000
v -1.64147000 -33.71170000 -537.46200000
v -1.22980000 -33.67960000 -537.47300000
v -1.29305000 -33.47600000 -537.33800000
v -1.84359000 -33.64990000 -537.33300000
v -1.86978000 -33.44080000 -537.16800000
v -1.59231000 -33.88920000 -537.61400000
v -1.68692000 -33.24890000 -537.14000000
v -1.53414000 -33.05090000 -537.08600000
v -1.17887000 -33.32030000 -537.28000000
v -1.33978000 -32.89910000 -537.04000000
v -0.03489220 -33.58200000 -537.72000000
v -0.56807400 -36.77230000 -539.47100000
v -0.90267700 -36.96940000 -539.66300000
v -0.41467700 -36.92220000 -539.58100000
v -3.13686000 -31.42880000 -536.77200000
v -3.27719000 -31.65610000 -536.81900000
v -2.87134000 -31.80900000 -536.71300000
v -3.33818000 -31.37770000 -536.86000000
v -2.62508000 -34.33540000 -537.71100000
v -2.21837000 -34.70960000 -537.88400000
v -2.06488000 -34.49030000 -537.85000000
v -3.30674000 -34.51520000 -537.79500000
v -2.97271000 -34.79020000 -537.88100000
v -3.06934000 -34.41220000 -537.74200000
v -2.66466000 -34.56230000 -537.80600000
v -1.17825000 -35.05340000 -538.03800000
v -0.94797400 -34.07860000 -537.73500000
v -0.52660400 -34.21360000 -537.82400000
v -0.89747500 -33.89520000 -537.62000000
v -1.17244000 -34.10450000 -537.77100000
v 0.95388300 -35.45730000 -538.74900000
v 0.65127700 -35.29860000 -538.38900000
v 0.56916000 -35.62950000 -538.73600000
v 0.44728500 -35.45050000 -538.41300000
v 0.33167600 -35.58670000 -538.55800000
v 1.12817000 -34.69420000 -538.34900000
v 0.96284700 -34.92800000 -538.35500000
v 1.32999000 -34.75990000 -538.48300000
v 0.85101800 -35.14950000 -538.39300000
v 1.08517000 -35.08300000 -538.50700000
v 1.17060000 -35.35670000 -538.79900000
v -0.45763000 -35.13170000 -538.07600000
v -1.06198000 -35.26880000 -538.07800000
v -0.55656600 -35.30990000 -538.15000000
v -0.81528100 -35.28540000 -538.11300000
v -0.07693400 -34.43730000 -537.94500000
v -0.30864700 -34.11200000 -537.82000000
v -0.55277400 -34.45370000 -537.90800000
v 0.65696300 -34.32680000 -538.06000000
v 1.47734000 -37.88500000 -541.21900000
v 1.35445000 -34.54350000 -538.39700000
v 2.80000000 -29.39670000 -539.26800000
v 2.82317000 -29.50570000 -539.81300000
v 2.88460000 -29.25660000 -539.44400000
v 2.92397000 -29.32900000 -539.91500000
v 2.97836000 -29.10620000 -539.60500000
v 4.57073000 -35.50130000 -543.46500000
v 4.59819000 -35.62120000 -543.91800000
v 4.67461000 -35.10200000 -543.68000000
v -1.40021000 -20.61490000 -535.87400000
v -1.32883000 -20.82020000 -535.96700000
v -1.48448000 -20.41090000 -535.82700000
v -0.23171100 -19.58130000 -535.89800000
v -0.43935500 -19.90250000 -535.93800000
v -0.03503020 -19.67550000 -536.04800000
v -0.28152600 -20.00210000 -536.09500000
v -4.58757000 -23.45450000 -538.09900000
v -4.44056000 -23.68610000 -537.71400000
v -4.43051000 -23.48350000 -537.75200000
v -3.79896000 -21.03520000 -538.16800000
v -3.85039000 -21.09270000 -538.66500000
v -4.00214000 -21.32450000 -538.00000000
v -2.94222000 -21.08930000 -539.31900000
v -3.06662000 -21.45200000 -539.60200000
v -3.31210000 -21.45490000 -539.55200000
v -4.59540000 -30.64460000 -537.59800000
v -4.51034000 -31.17100000 -537.50800000
v -4.35174000 -30.86660000 -537.30500000
v -4.56875000 -31.41920000 -537.54100000
v -4.79255000 -31.68630000 -537.78500000
v -4.61516000 -31.64490000 -537.59100000
v -3.49899000 -31.52340000 -536.93300000
v -3.99847000 -31.47140000 -537.19800000
v -3.98883000 -31.01620000 -537.08300000
v -3.72983000 -30.82430000 -536.83500000
v -3.89130000 -30.40040000 -536.84900000
v -4.75995000 -24.04250000 -541.37100000
v -4.04803000 -30.53350000 -536.92900000
v 1.00546000 -22.65080000 -540.85500000
v -5.16379000 -35.71610000 -538.76500000
v -2.54587000 -35.11510000 -543.78600000
v -3.77018000 -31.18120000 -537.04900000
v -3.75734000 -31.41930000 -537.06800000
v 1.81065000 -25.66570000 -542.32700000
v -4.21666000 -31.53280000 -537.32000000
v -3.37394000 -33.97620000 -537.55900000
v -3.49092000 -34.33730000 -537.73800000
v -3.72500000 -33.75650000 -537.52800000
v -2.49611000 -33.74410000 -537.38000000
v -2.34979000 -34.11980000 -537.64300000
v -2.11215000 -33.90460000 -537.50600000
v -5.31515000 -25.82730000 -541.88000000
v -5.36615000 -26.27620000 -541.91100000
v -5.34989000 -24.80170000 -541.03500000
v -2.75645000 -35.09080000 -543.94000000
v -5.38637000 -25.20250000 -540.95300000
v -3.29442000 -22.50990000 -536.20800000
v -5.24365000 -24.33330000 -539.87000000
v -3.33692000 -24.08040000 -541.66500000
v -5.14043000 -23.68900000 -539.62200000
v -5.21007000 -23.95220000 -539.93900000
v -5.23483000 -24.01840000 -540.21700000
v -5.30861000 -24.73520000 -540.18400000
v -5.35059000 -24.89110000 -540.41400000
v -5.30474000 -25.02700000 -540.24200000
v -5.31233000 -24.46480000 -540.26200000
v -5.32399000 -24.43450000 -540.49800000
v -5.25532000 -24.21890000 -540.63300000
v -5.37569000 -24.76770000 -540.79800000
v -0.47788700 -29.02030000 -537.66400000
v -5.20059000 -24.95040000 -539.85000000
v -3.00607000 -26.62870000 -536.12400000
v 0.95202900 -25.74270000 -537.48900000
v -2.81484000 -27.23370000 -536.19300000
v -2.83353000 -25.18440000 -535.82700000
v -2.72390000 -25.60720000 -535.87800000
v -2.66977000 -25.04330000 -535.79700000
v -2.91008000 -24.67540000 -535.77800000
v -3.06760000 -24.80290000 -535.85100000
v -2.96295000 -25.65450000 -535.91800000
v -1.28077000 -25.73680000 -536.84000000
v -4.23387000 -33.73740000 -537.71300000
v -4.58469000 -26.29100000 -538.41700000
v -2.88097000 -28.47360000 -536.47700000
v -2.61757000 -28.98130000 -536.44500000
v -2.99805000 -28.22900000 -536.45000000
v -4.38646000 -33.55190000 -537.74200000
v -2.94077000 -27.83590000 -536.32400000
v -2.85686000 -28.05690000 -536.35500000
v -3.87270000 -26.50800000 -536.86200000
v -3.98885000 -26.87130000 -537.12800000
v 1.73474000 -34.34610000 -538.56700000
v -1.10316000 -20.16730000 -535.81900000
v -0.97161400 -20.33810000 -535.90200000
v -0.88854100 -20.04910000 -535.85200000
v -1.97269000 -38.10130000 -540.41000000
v -0.58354100 -20.25630000 -536.07600000
v -0.50174300 -20.09190000 -536.00600000
v -4.47913000 -22.30160000 -539.67500000
v -4.72973000 -22.83110000 -539.95800000
v -4.80002000 -22.86460000 -539.74100000
v -5.12851000 -24.88350000 -541.71500000
v -5.23246000 -25.04190000 -541.56700000
v -5.09568000 -24.65620000 -541.59000000
v -4.97667000 -24.74970000 -541.79700000
v -4.79064000 -24.61820000 -541.83700000
v -4.91908000 -24.50820000 -541.64700000
v -5.18871000 -24.61360000 -541.38200000
v -4.80578000 -24.25950000 -541.52200000
v -4.50827000 -22.46100000 -539.84900000
v -4.48642000 -22.69170000 -540.23900000
v -4.62042000 -23.19140000 -540.71200000
v -4.90901000 -23.34510000 -540.48700000
v -4.78251000 -22.99280000 -540.15700000
v -3.39754000 -21.83110000 -539.82000000
v -4.38600000 -22.49450000 -540.06000000
v -4.40043000 -22.76360000 -540.43100000
v -3.86663000 -22.55430000 -540.42500000
v -3.63624000 -22.65200000 -540.56000000
v -4.08317000 -22.83270000 -540.64700000
v -4.41173000 -23.06500000 -540.75100000
v -4.48055000 -23.26300000 -540.88300000
v -4.30689000 -22.85190000 -540.59800000
v -4.15314000 -23.59160000 -541.25100000
v -4.10160000 -23.91060000 -541.54200000
v -4.14364000 -24.07390000 -541.68000000
v -1.26926000 -24.94500000 -536.87300000
v -1.24261000 -25.21800000 -537.21400000
v -1.25230000 -24.51040000 -536.87100000
v -1.11782000 -22.81930000 -536.90800000
v -1.21060000 -23.16650000 -537.10900000
v -1.14364000 -22.68840000 -537.13600000
v -1.09897000 -22.91340000 -536.67500000
v -1.11045000 -22.44500000 -537.18500000
v -1.20157000 -22.58970000 -537.37000000
v -1.19158000 -22.35400000 -537.40800000
v -4.74199000 -25.99710000 -538.75400000
v -1.31498000 -22.49540000 -537.57700000
v -1.15732000 -22.02850000 -536.14500000
v -1.03790000 -22.03970000 -536.35800000
v -1.10875000 -21.80520000 -536.24800000
v -1.10293000 -22.26570000 -536.24400000
v -1.18478000 -22.75300000 -536.24800000
v -1.12763000 -22.96220000 -536.43000000
v -1.09209000 -22.51130000 -536.35000000
v -1.05132000 -22.48260000 -536.57400000
v -4.37683000 -37.69760000 -539.66400000
v -1.01547000 -21.83130000 -536.49000000
v -1.10802000 -21.60650000 -536.36700000
v -1.23226000 -21.38870000 -536.29200000
v -1.08736000 -21.44290000 -536.53100000
v -0.99669600 -22.03220000 -536.61100000
v -1.04071000 -22.26050000 -536.47000000
v -0.98332700 -22.04550000 -536.85200000
v -1.05418000 -22.44440000 -536.79700000
v -1.04398000 -22.29060000 -536.97800000
v -0.40683800 -28.86530000 -537.80100000
v -1.00107000 -22.07970000 -537.06700000
v -1.25702000 -22.03280000 -537.61900000
v -1.16594000 -22.11850000 -537.42900000
v -1.40446000 -22.16650000 -537.81000000
v -0.66184100 -25.77720000 -539.89200000
v -0.79278800 -25.69890000 -540.04900000
v -0.99547800 -25.56650000 -540.34600000
v -1.06319000 -25.56330000 -540.57400000
v -0.99430600 -25.66130000 -540.12000000
v -1.31472000 -25.54140000 -539.90000000
v -1.13123000 -25.66410000 -539.93700000
v -2.11404000 -24.42540000 -540.30800000
v -1.57371000 -24.78040000 -538.91100000
v -1.72424000 -24.67220000 -539.33500000
v -1.78112000 -24.45460000 -539.01000000
v -2.03796000 -25.63870000 -541.00100000
v -2.18051000 -25.66050000 -541.21900000
v -1.61389000 -25.42950000 -540.21600000
v -1.86627000 -25.46340000 -540.56500000
v -1.59379000 -25.30610000 -540.01100000
v -1.58139000 -25.15880000 -539.78600000
v -1.76180000 -25.23380000 -540.17600000
v 0.37788500 -25.29790000 -542.92400000
v -2.24081000 -24.90660000 -540.97500000
v 0.70076600 -23.81200000 -537.83600000
v -4.99661000 -24.08320000 -538.87700000
v -2.19944000 -25.29640000 -540.94300000
v -2.20904000 -25.08930000 -540.88100000
v -1.43750000 -23.66320000 -537.48600000
v -1.45307000 -23.41700000 -537.48900000
v -1.24257000 -23.37290000 -537.14300000
v -3.12546000 -28.58100000 -536.75400000
v 0.29557200 -28.51400000 -545.29100000
v -2.25536000 -25.68800000 -541.46000000
v -2.25645000 -25.76820000 -541.66500000
v -2.27434000 -25.29280000 -541.21700000
v -2.22740000 -25.47820000 -541.09600000
v -2.39746000 -25.28550000 -541.68900000
v -2.43839000 -25.44420000 -541.84900000
v 3.33180000 -33.61220000 -540.22700000
v 3.31571000 -30.46220000 -543.16200000
v -2.29128000 -25.93650000 -543.03200000
v -2.29139000 -26.06660000 -543.22400000
v -2.50154000 -26.07210000 -543.36100000
v -2.68176000 -25.79190000 -543.08900000
v -2.87785000 -25.83700000 -543.23600000
v 3.23553000 -30.54490000 -543.42400000
v -2.04579000 -20.34050000 -536.12500000
v -1.89345000 -20.19780000 -535.99900000
v -0.36956800 -20.20800000 -536.20700000
v -0.39780100 -20.39210000 -536.38300000
v -0.23900200 -20.25070000 -536.41600000
v -0.29528200 -20.42730000 -536.61100000
v -1.67113000 -21.18820000 -536.05700000
v -2.94649000 -21.64120000 -536.31000000
v 3.17311000 -24.20710000 -540.30700000
v -5.30473000 -33.09880000 -538.22500000
v 2.15717000 -27.57270000 -538.69600000
v -2.96623000 -21.86030000 -536.21800000
v 1.91092000 -27.67230000 -537.93000000
v -3.44609000 -21.56040000 -536.71100000
v -1.68236000 -34.61540000 -548.07200000
v 2.93491000 -20.53830000 -538.17200000
v -5.24599000 -37.25410000 -541.72800000
v -4.50705000 -37.24580000 -542.22000000
v -4.43478000 -37.43980000 -542.10200000
v 3.23572000 -24.18820000 -540.10400000
v -4.94898000 -37.03480000 -542.08200000
v -5.93896000 -36.93820000 -539.79000000
v -6.15604000 -36.96210000 -540.14200000
v -5.79692000 -37.25710000 -540.00600000
v -5.95675000 -37.17090000 -540.21300000
v -5.12726000 -36.02220000 -543.15300000
v -5.29645000 -36.37310000 -542.90500000
v -5.38315000 -36.17340000 -543.05400000
v -4.91269000 -36.08310000 -543.09600000
v -4.88822000 -36.54780000 -542.89300000
v -4.74957000 -36.82450000 -542.66400000
v -4.92592000 -36.69530000 -542.73800000
v -5.53622000 -36.90890000 -539.50600000
v -5.61070000 -37.09080000 -539.65500000
v 3.20216000 -23.77010000 -540.14800000
v -6.29569000 -36.71280000 -540.08800000
v -6.12802000 -36.85080000 -539.92900000
v -6.30356000 -36.85280000 -540.31300000
v -5.18001000 -37.53820000 -541.38600000
v -5.60526000 -37.51550000 -541.22500000
v -5.70043000 -37.46480000 -541.03600000
v -1.64358000 -21.42040000 -536.03600000
v -4.09818000 -35.57930000 -543.91900000
v -3.95481000 -35.62830000 -544.12800000
v -3.84487000 -35.51780000 -543.97000000
v -3.44087000 -35.61690000 -544.24300000
v -4.45260000 -35.73240000 -543.64100000
v -4.22587000 -35.59770000 -543.67600000
v -5.78415000 -36.37670000 -544.84200000
v -4.70735000 -36.05050000 -544.99400000
v -5.54248000 -36.33920000 -544.82500000
v -5.69834000 -36.49340000 -544.37500000
v -5.41479000 -36.40620000 -544.63400000
v -5.27762000 -36.52490000 -544.25800000
v -6.13272000 -36.36060000 -544.21600000
v -5.95997000 -36.37490000 -544.08500000
v -6.48824000 -36.18330000 -543.40700000
v -6.39827000 -36.31760000 -542.97500000
v -6.66746000 -36.15100000 -543.21900000
v -6.35229000 -36.20510000 -543.63800000
v -6.32310000 -36.24860000 -543.86300000
v -6.59060000 -36.19580000 -543.58700000
v -7.03097000 -35.78690000 -542.34800000
v -6.98406000 -35.89670000 -542.13500000
v -6.59097000 -36.19840000 -543.00700000
v -6.56217000 -36.33410000 -542.80100000
v -6.35563000 -36.48050000 -542.78200000
v -5.81930000 -36.31480000 -543.01200000
v -5.72227000 -36.45840000 -542.84600000
v -5.38452000 -36.57410000 -542.74900000
v -4.62147000 -36.00400000 -545.24500000
v -6.08075000 -36.70050000 -542.53400000
v -6.28740000 -36.74030000 -542.37200000
v -6.51758000 -36.48920000 -542.62000000
v -6.48356000 -36.61710000 -542.41100000
v -2.11901000 -36.22490000 -543.17200000
v -2.08318000 -36.38220000 -542.99600000
v -2.23803000 -36.61630000 -542.95300000
v 4.00169000 -33.02000000 -541.06700000
v -5.87954000 -34.69570000 -539.12800000
v -5.84693000 -35.21710000 -539.18500000
v 0.30071200 -26.31430000 -538.09600000
v -4.66869000 -36.66440000 -542.84500000
v -4.69423000 -36.44020000 -542.96100000
v -3.07667000 -37.42710000 -542.44100000
v -3.41519000 -37.61220000 -542.27300000
v -3.17469000 -37.28880000 -542.60100000
v -3.07617000 -37.93790000 -541.53900000
v -3.21889000 -38.06200000 -541.38900000
v -3.60973000 -38.17940000 -541.39900000
v -3.84332000 -37.77090000 -542.19000000
v -3.86737000 -37.88790000 -541.96200000
v -4.18729000 -37.91210000 -541.76900000
v -3.62475000 -37.71840000 -542.22700000
v -3.74592000 -37.49870000 -542.56600000
v -3.64509000 -37.84890000 -542.00200000
v -3.57121000 -37.56070000 -542.41700000
v -4.64599000 -37.85750000 -539.81900000
v -4.42514000 -38.03070000 -539.94900000
v -4.61309000 -37.68740000 -539.68200000
v -2.50531000 -38.38850000 -540.40900000
v -2.59353000 -38.47070000 -540.59600000
v -2.34775000 -38.38230000 -540.57100000
v -2.72936000 -38.40990000 -540.35700000
v -0.46671100 -37.17100000 -540.92700000
v -0.71524800 -37.18530000 -540.47300000
v -0.52343600 -37.21600000 -540.66000000
v -0.30836000 -37.32040000 -540.58500000
v 1.36801000 -31.79790000 -546.96200000
v -0.71297100 -37.21570000 -540.23800000
v -0.75814800 -37.09390000 -540.67900000
v -0.97820800 -37.11380000 -540.78200000
v -0.94399600 -37.19810000 -540.55500000
v -2.01778000 -38.16900000 -540.68000000
v 3.81068000 -32.31250000 -540.94700000
v -1.55177000 -37.75090000 -540.67500000
v -2.11873000 -38.12080000 -540.91400000
v -5.11660000 -36.17450000 -545.11000000
v -2.52168000 -37.32520000 -542.56000000
v -2.45828000 -37.52710000 -542.20600000
v -2.49276000 -37.73800000 -541.81100000
v -2.58707000 -37.94240000 -541.44900000
v -2.65569000 -37.83530000 -541.64600000
v -3.40445000 -38.42480000 -541.04700000
v -3.49721000 -38.30220000 -541.20300000
v 0.53982700 -37.54090000 -541.10300000
v 0.78308200 -37.55770000 -541.57500000
v 1.02866000 -37.69360000 -541.30300000
v 1.22493000 -37.70830000 -541.52300000
v -0.45655700 -37.17560000 -539.94700000
v -0.93486300 -37.23760000 -540.06900000
v -0.48459800 -37.23240000 -540.17500000
v -0.27943700 -37.30970000 -540.35000000
v -0.08371830 -37.39020000 -540.52100000
v 3.18855000 -33.50120000 -540.04300000
v 0.58549100 -37.46260000 -542.32000000
v 0.80218500 -37.46730000 -542.22400000
v 0.69608200 -37.51170000 -541.80600000
v 0.37130600 -37.43470000 -542.20400000
v 0.58724700 -37.48680000 -542.05300000
v -6.96641000 -35.60540000 -545.33100000
v -6.80975000 -35.78130000 -545.31500000
v -7.07263000 -35.63520000 -544.89000000
v -6.42713000 -36.12830000 -545.22500000
v -6.70900000 -35.93150000 -544.84100000
v -6.69524000 -35.84480000 -545.73100000
v -6.60266000 -35.95910000 -545.32000000
v -6.77960000 -35.65120000 -545.83100000
v -5.64572000 -36.43290000 -544.62400000
v -6.02068000 -36.35680000 -544.72600000
v -6.46558000 -36.18610000 -544.49200000
v -6.55407000 -36.24340000 -544.02900000
v -6.75831000 -36.16540000 -544.18900000
v -6.30211000 -36.29270000 -544.35800000
v -6.23627000 -36.26790000 -544.60100000
v -6.53216000 -36.04950000 -544.85300000
v -6.61501000 -36.06330000 -544.63700000
v -6.39231000 -36.16090000 -544.72600000
v -5.24636000 -36.30620000 -543.83200000
v -4.88307000 -36.20260000 -543.88600000
v -5.09449000 -36.16840000 -543.73000000
v -4.97882000 -36.15400000 -545.32300000
v -5.31775000 -36.28110000 -544.78700000
v -5.26810000 -36.48770000 -544.49200000
v -5.06830000 -36.43760000 -544.44300000
v -4.04667000 -28.29620000 -544.61000000
v -5.06950000 -36.45930000 -544.17100000
v -5.31095000 -36.43410000 -544.02900000
v 3.32857000 -33.36850000 -540.18100000
v -4.07384000 -36.00490000 -544.77100000
v -4.05375000 -36.02590000 -544.95800000
v -3.83332000 -35.95840000 -545.28600000
v -4.32119000 -36.04570000 -544.67700000
v 0.71812900 -29.85890000 -546.03900000
v -4.21860000 -36.01250000 -545.11000000
v -4.52718000 -36.04600000 -544.83500000
v -4.72429000 -36.24480000 -544.27800000
v -4.76456000 -36.20460000 -544.52600000
v -4.57359000 -36.13880000 -544.42200000
v -3.81058000 -35.72980000 -544.33700000
v -3.57501000 -35.73940000 -544.38100000
v -3.81907000 -35.95970000 -544.90600000
v -3.95603000 -35.84310000 -544.47700000
v -3.71433000 -35.84500000 -544.55900000
v -3.60291000 -35.89060000 -544.81600000
v -4.36431000 -36.01750000 -544.44000000
v -4.13746000 -35.94710000 -544.56600000
v -5.33893000 -36.23610000 -544.98700000
v -4.87098000 -36.34330000 -544.10200000
v -4.52697000 -36.09260000 -544.23300000
v -1.10940000 -34.90580000 -548.32400000
v -1.00894000 -35.12900000 -548.26500000
v -1.34259000 -34.95520000 -547.94900000
v -1.28662000 -34.83350000 -548.17100000
v -0.73781400 -34.97850000 -548.57700000
v 0.38078100 -23.39190000 -541.02200000
v -0.42654300 -35.29810000 -548.32500000
v 2.70250000 -33.38340000 -539.46100000
v -0.65177900 -35.30800000 -548.30300000
v -0.58448600 -35.19430000 -548.50400000
v -0.82968700 -35.29850000 -548.16600000
v -1.18744000 -35.13650000 -547.83700000
v -1.85033000 -35.22540000 -546.79000000
v -4.95545000 -36.24030000 -544.64300000
v -1.65948000 -35.18650000 -546.69500000
v -2.45116000 -35.12410000 -546.11700000
v -2.65268000 -34.98450000 -545.56500000
v -2.85439000 -34.88330000 -546.19300000
v -2.04782000 -35.28320000 -546.35200000
v -2.08794000 -35.28230000 -546.64100000
v -1.86550000 -35.25730000 -546.53100000
v -3.09213000 -35.41970000 -544.17400000
v -2.90412000 -35.26530000 -544.57300000
v -2.93425000 -35.28390000 -544.29600000
v 3.47975000 -33.51100000 -546.14800000
v -2.94935000 -35.24680000 -544.04600000
v -3.05278000 -35.44940000 -544.44400000
v -4.08334000 -35.86770000 -545.63800000
v 1.33961000 -31.34640000 -546.59000000
v -2.84660000 -35.02500000 -545.47400000
v -3.07903000 -35.02620000 -545.80400000
v -3.02818000 -35.12650000 -545.53900000
v -3.09873000 -34.91180000 -546.02200000
v -2.47732000 -33.81800000 -547.93700000
v -5.62765000 -35.90930000 -546.73900000
v -1.52880000 -34.51690000 -548.23700000
v -2.75033000 -34.05590000 -547.64400000
v -2.34645000 -34.01550000 -547.96900000
v -2.15560000 -34.44530000 -547.94200000
v -2.56093000 -34.22730000 -547.66900000
v -2.24325000 -33.82150000 -548.07000000
v -2.87450000 -34.15040000 -547.48000000
v -2.03617000 -35.22930000 -546.89800000
v -2.02979000 -35.12240000 -547.14700000
v 3.32311000 -33.56700000 -546.29700000
v -3.10004000 -34.83140000 -546.23500000
v -3.17262000 -34.78220000 -546.45900000
v -3.27986000 -35.01060000 -546.17100000
v -3.19739000 -34.64610000 -546.81000000
v -3.27078000 -34.75200000 -546.65300000
v -2.92601000 -34.59580000 -546.84100000
v -5.06691000 -36.35540000 -543.94400000
v -2.82149000 -34.73960000 -546.64900000
v -2.70870000 -34.72600000 -546.88400000
v -2.73827000 -34.88060000 -546.44800000
v -6.93137000 -35.71360000 -545.08900000
v -2.47449000 -35.03700000 -546.76800000
v -2.43512000 -35.15250000 -546.35400000
v -2.35449000 -35.17980000 -546.60100000
v -4.17486000 -31.06650000 -537.22100000
v -2.68777000 -34.98750000 -545.32500000
v 4.00478000 -34.87710000 -545.74700000
v -2.67649000 -34.98800000 -545.81900000
v -2.42477000 -35.00860000 -545.45200000
v -3.19936000 -28.75790000 -536.89900000
v 1.48283000 -37.88700000 -540.95600000
v 1.15149000 -30.20930000 -546.07900000
v 1.35135000 -37.73790000 -540.72500000
v 1.18781000 -37.76070000 -540.87900000
v 2.03976000 -32.06500000 -546.78200000
v 0.87466900 -29.18300000 -545.49000000
v -1.04737000 -25.88450000 -541.71100000
v -0.92141000 -25.68860000 -541.37000000
v 3.61655000 -30.67280000 -542.09500000
v 3.65448000 -30.81920000 -541.66100000
v 3.63853000 -30.90810000 -542.09200000
v 3.67515000 -31.04960000 -541.34700000
v 3.65038000 -30.87060000 -541.21500000
v 3.83502000 -36.46920000 -543.39900000
v 3.97560000 -36.55850000 -543.84500000
v 4.03223000 -36.35140000 -543.39400000
v 4.59806000 -34.89270000 -543.22600000
v 3.58206000 -35.87110000 -542.36200000
v 3.67770000 -35.99580000 -542.58100000
v 3.80400000 -35.79830000 -542.47600000
v 3.61911000 -35.60860000 -542.07900000
v 3.48248000 -35.75830000 -542.11800000
v 2.49412000 -36.48520000 -542.32000000
v 3.25759000 -29.76360000 -542.85800000
v 0.76210300 -30.43230000 -546.41000000
v 2.47577000 -36.34900000 -542.51900000
v 2.27418000 -36.89070000 -542.17600000
v 2.11003000 -37.20850000 -542.02900000
v 3.00571000 -25.64660000 -540.67600000
v 2.10319000 -37.60030000 -541.69000000
v 2.27587000 -37.42740000 -541.68200000
v 2.25457000 -37.25380000 -541.87200000
v -3.30952000 -20.98980000 -537.05200000
v 4.56248000 -35.11120000 -543.17400000
v 4.01100000 -34.24280000 -541.40900000
v 4.11197000 -34.48980000 -541.80100000
v 4.20238000 -34.07180000 -541.71800000
v 1.53460000 -34.35420000 -546.88000000
v 1.71050000 -34.25610000 -546.72900000
v 4.16833000 -34.51440000 -545.56500000
v 0.18731300 -34.44400000 -545.09000000
v 4.27150000 -33.91230000 -544.94600000
v 0.53293400 -34.33940000 -545.40800000
v 0.69210800 -34.32770000 -545.57200000
v 0.88632500 -34.19690000 -545.52900000
v 4.40824000 -34.74200000 -544.98900000
v -0.36472100 -34.58690000 -544.50600000
v -0.11656700 -34.50770000 -544.79600000
v -0.16310700 -34.65870000 -544.95400000
v 0.03009390 -34.48360000 -544.93800000
v -0.39361600 -34.75420000 -544.94700000
v -0.93711300 -36.27130000 -543.26200000
v -1.23846000 -36.11370000 -543.09900000
v -3.12367000 -20.84360000 -536.91800000
v -1.08201000 -35.95590000 -543.46200000
v 4.45200000 -34.91340000 -544.85700000
v 4.50290000 -35.44420000 -544.56100000
v 4.28444000 -34.49050000 -545.33000000
v 4.33399000 -34.97200000 -545.08700000
v 4.04602000 -36.19630000 -544.65000000
v 4.19409000 -36.20570000 -544.46500000
v 4.33724000 -36.10060000 -544.37400000
v 3.77500000 -36.41410000 -544.42400000
v 3.86181000 -36.54270000 -544.06200000
v 4.22534000 -36.01950000 -544.63800000
v 4.02125000 -36.04570000 -544.82500000
v 3.80691000 -36.04250000 -544.95400000
v 4.44143000 -35.66130000 -544.56500000
v 4.38985000 -35.89680000 -544.50700000
v 4.29365000 -35.39340000 -544.97100000
v 4.35915000 -35.54280000 -544.78200000
v 3.75662000 -31.43490000 -542.38100000
v 3.73290000 -31.28830000 -541.95200000
v 3.86403000 -31.69730000 -542.11000000
v 3.87154000 -31.80290000 -542.64100000
v 3.67475000 -31.03820000 -541.85800000
v 3.72666000 -31.30520000 -542.18400000
v 3.71577000 -31.38090000 -542.62400000
v 3.78266000 -31.60630000 -542.76200000
v 2.99582000 -25.85180000 -540.57200000
v 3.75939000 -31.66160000 -543.01900000
v 4.49112000 -34.60300000 -542.78400000
v 4.59466000 -34.48620000 -543.17200000
v 4.63002000 -34.68540000 -543.30400000
v 0.71743600 -24.04870000 -537.80300000
v 4.62459000 -34.47590000 -543.43800000
v 4.54224000 -34.08610000 -543.19200000
v 4.54286000 -34.07420000 -543.43700000
v 4.49086000 -33.93870000 -542.71900000
v 4.46324000 -33.94120000 -542.50000000
v 4.53217000 -34.17870000 -542.83100000
v 0.71615500 -35.79930000 -543.68600000
v 0.75034900 -36.01020000 -543.53700000
v 0.50968000 -36.35930000 -543.49600000
v 0.54462000 -35.97750000 -543.68500000
v 0.23946800 -35.80350000 -543.85600000
v 0.83759000 -36.35010000 -543.26300000
v 0.72720100 -36.24200000 -543.42500000
v 1.34661000 -36.40070000 -542.95100000
v 1.54055000 -36.22980000 -542.97100000
v 1.22440000 -35.64390000 -543.97800000
v 1.08608000 -35.59950000 -544.15300000
v 4.21014000 -34.99730000 -545.30200000
v 3.59827000 -36.53930000 -544.01100000
v 2.40729000 -36.18550000 -544.03700000
v 2.82322000 -36.32190000 -544.13500000
v 2.28956000 -36.14070000 -543.84800000
v 2.46286000 -36.28020000 -543.40000000
v 2.52906000 -36.31370000 -543.16100000
v 2.60196000 -36.32520000 -543.61900000
v 2.81347000 -36.41450000 -543.58400000
v 2.24912000 -36.16030000 -543.42300000
v 2.38687000 -36.21130000 -543.62600000
v -3.79356000 -21.91890000 -536.89200000
v 2.16893000 -36.09490000 -543.65000000
v 1.34773000 -34.43700000 -546.67000000
v 1.32080000 -34.49230000 -546.87800000
v -0.49670700 -35.40950000 -546.64500000
v -0.26074900 -35.38550000 -547.01400000
v -0.26739900 -35.40790000 -546.57400000
v -6.95255000 -33.99970000 -545.57400000
v -0.39294100 -35.44110000 -547.20400000
v -0.35225700 -35.42600000 -547.67900000
v -0.60973700 -35.45960000 -547.28300000
v 0.81440400 -30.07810000 -546.15000000
v -0.56872000 -35.42940000 -547.84100000
v -0.56532200 -35.38490000 -548.08800000
v -1.38377000 -35.07840000 -547.40000000
v -1.44258000 -35.15100000 -546.86400000
v -1.60931000 -35.05690000 -547.25300000
v -1.05358000 -35.28210000 -547.41000000
v -1.22694000 -35.20950000 -547.01000000
v -0.86195300 -35.38540000 -547.27700000
v -1.06244000 -35.28490000 -546.84800000
v -0.01676300 -35.23220000 -547.32100000
v 0.15957600 -35.06580000 -547.64200000
v 0.40165300 -34.90610000 -547.42200000
v 0.79899400 -34.67340000 -547.57700000
v 0.42533900 -34.77940000 -547.80000000
v 0.27367800 -35.06050000 -547.01800000
v 0.49272900 -34.95310000 -546.97400000
v 0.62944600 -34.80350000 -547.40100000
v 0.83443800 -34.76010000 -547.33100000
v 0.04949840 -35.15690000 -547.81000000
v 0.22804200 -34.96350000 -547.83200000
v 2.89623000 -32.58220000 -546.32700000
v -2.68753000 -26.02910000 -535.95800000
v 3.05388000 -32.97770000 -546.36900000
v 2.76616000 -32.59950000 -546.52300000
v -0.68165600 -32.03910000 -547.74200000
v -0.74020600 -32.32650000 -547.96200000
v -0.91217300 -31.72400000 -547.51300000
v -0.95905100 -32.46230000 -548.06300000
v -1.19325000 -34.15020000 -548.47500000
v -2.19430000 -33.56150000 -548.10000000
v -1.85302000 -33.86480000 -548.28100000
v -1.81581000 -33.61940000 -548.27400000
v -1.66899000 -33.79590000 -548.34600000
v -1.53394000 -34.65150000 -544.49000000
v -1.92662000 -33.22110000 -548.16600000
v -1.34371000 -33.29150000 -548.34300000
v -1.53291000 -33.37110000 -548.32200000
v -3.02555000 -34.24130000 -547.35100000
v -3.35273000 -34.63230000 -546.97100000
v -3.45664000 -34.80550000 -546.78600000
v -3.06818000 -34.38350000 -547.18000000
v -3.60023000 -34.99750000 -546.64100000
v -3.23723000 -34.28020000 -547.32500000
v -3.48515000 -34.53340000 -547.12800000
v -3.83467000 -34.73100000 -547.01300000
v -3.44650000 -34.31540000 -547.29300000
v -3.62254000 -34.37610000 -547.25000000
v -5.07901000 -36.33050000 -546.26800000
v -5.30081000 -36.34030000 -546.33200000
v -5.12611000 -36.19400000 -546.46100000
v -4.92562000 -36.19020000 -546.29700000
v -4.76157000 -36.03750000 -546.31900000
v -4.70289000 -35.28120000 -546.91200000
v -4.81443000 -35.65990000 -546.75600000
v -5.04016000 -35.66570000 -546.80200000
v -4.68798000 -35.73600000 -546.65800000
v -5.16138000 -36.00670000 -546.63300000
v -5.40036000 -35.94560000 -546.70600000
v -5.26404000 -35.55310000 -546.84900000
v -5.64857000 -35.47040000 -546.80900000
v -3.31858000 -33.08630000 -547.51600000
v -3.36004000 -32.87390000 -547.44800000
v -7.34613000 -34.57720000 -543.83300000
v -3.46483000 -32.53680000 -547.27600000
v -3.73602000 -32.89870000 -547.27500000
v -2.37745000 -33.42540000 -548.00300000
v -2.26322000 -32.97150000 -547.97400000
v -2.14933000 -33.32140000 -548.09200000
v -2.70516000 -33.15650000 -547.81800000
v -2.83448000 -33.01480000 -547.73900000
v -2.59461000 -32.88870000 -547.82200000
v -2.96055000 -32.85130000 -547.64400000
v -3.05771000 -33.09250000 -547.64400000
v -1.74513000 -22.65380000 -538.19200000
v -3.56688000 -33.04500000 -547.38700000
v -3.65270000 -33.27700000 -547.38900000
v -3.61103000 -33.73400000 -547.42600000
v -3.74954000 -33.95780000 -547.35900000
v -3.85028000 -33.74520000 -547.33800000
v -4.15701000 -24.26100000 -541.84100000
v -5.02602000 -24.97730000 -541.94300000
v -5.13385000 -25.21530000 -541.96000000
v -4.15701000 -24.76550000 -542.23500000
v -4.47646000 -24.95160000 -542.23700000
v -4.64884000 -24.87120000 -542.13100000
v -2.45992000 -22.41210000 -539.92400000
v -2.28366000 -22.98970000 -540.16000000
v -2.56973000 -22.67950000 -540.19500000
v 3.04834000 -20.10970000 -537.07200000
v 2.85296000 -20.02880000 -537.11200000
v 2.40269000 -21.12580000 -539.39600000
v 2.35669000 -20.78320000 -539.04000000
v 4.15336000 -35.43030000 -545.16300000
v 3.32997000 -20.90670000 -536.51000000
v 3.30968000 -20.81990000 -536.78200000
v 3.34356000 -21.01260000 -536.73800000
v 3.33460000 -21.19010000 -536.81200000
v 3.29628000 -20.96370000 -537.44000000
v -7.28040000 -34.65480000 -544.71800000
v 3.30432000 -20.98860000 -537.67700000
v 3.27637000 -20.76440000 -537.54700000
v 3.27292000 -21.70970000 -537.19100000
v 3.34634000 -21.83930000 -537.39500000
v 3.41670000 -21.73210000 -537.61900000
v 3.35569000 -21.33450000 -537.31300000
v 3.50264000 -22.03600000 -538.25700000
v 3.47228000 -22.15990000 -538.68100000
v 3.43464000 -21.96710000 -538.73800000
v 3.36287000 -21.42900000 -538.42400000
v 3.42288000 -21.68600000 -538.46200000
v 3.40169000 -21.75040000 -538.67700000
v 3.25205000 -21.25790000 -538.56800000
v 3.32179000 -21.93020000 -539.11400000
v 2.88012000 -21.45210000 -536.37900000
v 2.88149000 -21.28210000 -536.20700000
v 3.09143000 -21.28220000 -536.38700000
v 3.20060000 -21.35260000 -536.63100000
v 3.08535000 -20.49600000 -536.27100000
v 3.06964000 -20.66840000 -536.09000000
v 3.29688000 -22.55650000 -537.38200000
v 3.29661000 -23.00730000 -537.44300000
v 3.39458000 -22.52550000 -537.56100000
v 3.37093000 -23.16790000 -537.60900000
v 3.18076000 -22.66960000 -537.25300000
v 3.14681000 -23.11960000 -537.26100000
v 2.99684000 -22.99050000 -537.12000000
v 3.40856000 -22.93400000 -537.65500000
v 3.40494000 -22.26040000 -537.58300000
v 3.18002000 -22.42320000 -537.22600000
v 3.20183000 -22.17480000 -537.22900000
v 3.03698000 -22.29070000 -537.08600000
v 1.97780000 -22.66230000 -536.63700000
v 1.11411000 -22.99160000 -537.13000000
v 1.21444000 -23.59180000 -537.09300000
v 1.28736000 -23.38830000 -537.00800000
v 1.50532000 -23.54480000 -536.90700000
v 1.41820000 -23.95690000 -537.01300000
v 1.57372000 -23.82520000 -536.91800000
v 1.79452000 -23.96190000 -536.88200000
v -0.49242900 -28.61060000 -537.68100000
v -6.32085000 -29.35080000 -541.80100000
v -6.28079000 -29.11590000 -541.81000000
v -6.14607000 -29.20420000 -541.35400000
v -6.20133000 -29.01020000 -541.58300000
v -5.87242000 -35.90670000 -546.73400000
v -5.27027000 -26.48990000 -542.57900000
v -5.47709000 -26.93860000 -542.59900000
v -5.39552000 -26.49830000 -541.93000000
v -5.45109000 -26.37550000 -541.68200000
v -5.17091000 -26.67030000 -543.07800000
v -5.40419000 -26.93480000 -542.85900000
v -5.32122000 -26.74660000 -542.92600000
v -5.02699000 -25.85390000 -542.47300000
v -5.05907000 -26.04790000 -542.54300000
v -4.97066000 -25.62740000 -542.40400000
v -4.94614000 -25.40560000 -542.31000000
v -6.97692000 -32.36730000 -543.57600000
v -4.80012000 -25.73920000 -542.54300000
v -4.61536000 -25.65950000 -542.57700000
v -4.74908000 -25.48870000 -542.44100000
v -4.27159000 -25.47440000 -542.67400000
v -4.20928000 -25.65370000 -542.82700000
v -4.41209000 -25.68610000 -542.68100000
v -4.16255000 -25.82380000 -543.00000000
v -4.36446000 -25.85820000 -542.83300000
v -6.12957000 -35.91590000 -546.66100000
v -1.74135000 -27.93960000 -544.57900000
v -1.85906000 -28.07780000 -544.74600000
v -2.02895000 -28.13130000 -544.90900000
v -2.46389000 -28.02560000 -544.92200000
v -2.05050000 -27.96510000 -544.75600000
v 0.08999210 -33.77730000 -537.79800000
v -2.30195000 -27.61020000 -544.56900000
v -2.17495000 -27.79030000 -544.66700000
v -3.82972000 -27.32860000 -544.26600000
v -3.38067000 -26.38570000 -543.85000000
v -3.63215000 -26.66870000 -544.04800000
v -3.62541000 -26.48130000 -543.91100000
v -2.11873000 -26.41130000 -543.41700000
v -5.98364000 -35.69720000 -546.70800000
v -2.31598000 -26.38060000 -543.53600000
v -2.22896000 -26.56980000 -543.60500000
v -2.13266000 -26.76030000 -543.62000000
v -2.51083000 -26.25110000 -543.52500000
v -2.71242000 -26.11910000 -543.50500000
v 1.59384000 -35.93180000 -544.48800000
v -2.88484000 -25.68970000 -543.01300000
v -3.10459000 -25.61260000 -542.99700000
v -2.89912000 -25.54450000 -542.78900000
v -3.23675000 -25.34440000 -542.71000000
v -3.26672000 -25.87760000 -543.37200000
v -3.36860000 -26.18820000 -543.68100000
v -3.16966000 -26.07610000 -543.56700000
v -2.94446000 -26.19150000 -543.62400000
v -3.49266000 -27.08110000 -544.18100000
v -3.35770000 -35.91910000 -543.25600000
v -4.48411000 -27.32120000 -544.19800000
v -3.65335000 -26.90390000 -544.15700000
v -3.82560000 -26.76660000 -544.08100000
v -3.19263000 -26.55750000 -543.91500000
v -3.42691000 -26.84500000 -544.09600000
v -3.84530000 -28.12570000 -544.51000000
v 0.57123100 -23.07400000 -540.78900000
v -6.63648000 -30.93250000 -543.85200000
v -6.73498000 -31.33240000 -543.96800000
v -6.70551000 -31.18350000 -543.56000000
v -6.54143000 -30.82810000 -544.07300000
v -6.63079000 -31.10120000 -544.05400000
v -6.54359000 -31.14640000 -544.30700000
v -6.28401000 -30.49780000 -544.39100000
v -5.92724000 -29.99490000 -544.67100000
v -6.03612000 -30.37860000 -544.73300000
v 1.52515000 -32.65640000 -547.48900000
v -5.67055000 -29.61310000 -544.77300000
v -5.63270000 -29.81400000 -544.91200000
v -2.02265000 -28.38310000 -545.29400000
v -3.82291000 -36.95360000 -542.96700000
v -4.52458000 -28.14610000 -544.47600000
v -4.46764000 -28.35750000 -544.58600000
v -4.63485000 -28.49180000 -544.64100000
v -4.82980000 -28.63780000 -544.70500000
v -4.73617000 -28.27840000 -544.48800000
v -4.83011000 -28.46000000 -544.56200000
v -5.01644000 -28.58570000 -544.58300000
v -5.26792000 -28.95110000 -544.72200000
v -5.38956000 -28.81300000 -544.54000000
v -5.48647000 -29.02770000 -544.61400000
v -5.34645000 -29.36630000 -544.91700000
v -5.62476000 -29.22870000 -544.62000000
v -2.86453000 -27.89260000 -544.77800000
v -3.23885000 -27.80600000 -544.58000000
v -3.15249000 -27.59450000 -544.48100000
v -3.57809000 -28.66520000 -545.12900000
v -3.92410000 -28.94760000 -545.21400000
v -4.19217000 -29.20100000 -545.30900000
v -4.45424000 -25.99920000 -538.02000000
v -3.78356000 -29.20590000 -545.44500000
v -4.17103000 -29.50920000 -545.54300000
v -4.08665000 -28.59210000 -537.55600000
v -2.58808000 -29.08400000 -545.73000000
v -3.00851000 -29.37280000 -545.83000000
v -3.17606000 -29.27090000 -545.70100000
v -6.81000000 -32.62780000 -544.80800000
v -6.91414000 -32.81320000 -544.42100000
v -6.80608000 -32.47590000 -544.59100000
v -4.43193000 -26.44140000 -537.98400000
v -6.61457000 -35.43600000 -546.20900000
v -6.56326000 -35.70140000 -546.19700000
v -6.76470000 -35.42650000 -545.99800000
v -6.50522000 -35.24390000 -546.35100000
v -6.68294000 -35.21400000 -546.16400000
v -6.74810000 -34.99840000 -546.09300000
v -5.89757000 -35.48480000 -546.73100000
v -5.97949000 -35.08420000 -546.68500000
v -6.35982000 -31.72170000 -545.16200000
v -6.60633000 -31.87210000 -544.73300000
v -6.56643000 -31.48510000 -544.55300000
v -6.75860000 -32.21170000 -544.52600000
v -6.73638000 -32.51760000 -544.97300000
v -6.78153000 -34.34970000 -545.93600000
v -7.03577000 -33.67250000 -545.28400000
v -6.93446000 -33.46860000 -545.43600000
v -4.40944000 -26.76470000 -538.22200000
v -5.73438000 -30.01550000 -539.70900000
v -5.64590000 -29.84470000 -539.48200000
v -5.56780000 -30.17980000 -539.36100000
v -5.50172000 -30.33350000 -539.22100000
v -5.58314000 -30.55700000 -539.28300000
v -5.81175000 -30.24580000 -539.80300000
v -6.53429000 -29.61810000 -542.86800000
v -6.56063000 -29.88240000 -542.94500000
v -6.54778000 -29.77780000 -542.44600000
v -6.57010000 -29.96500000 -543.19600000
v -6.58288000 -30.07210000 -542.81200000
v -5.31604000 -37.71780000 -540.68200000
v -6.57384000 -30.10510000 -542.57800000
v -4.19244000 -26.86500000 -537.55000000
v -6.61172000 -30.28550000 -543.50500000
v -6.62632000 -30.21200000 -543.27200000
v -5.61042000 -27.36370000 -542.74900000
v -5.50676000 -27.13100000 -542.80500000
v -5.50678000 -27.32030000 -542.97500000
v -5.58627000 -27.18970000 -542.57500000
v -5.69279000 -27.42440000 -542.52500000
v -5.53592000 -27.51030000 -543.11800000
v -6.45153000 -29.58600000 -543.31000000
v -5.66800000 -28.65950000 -544.17600000
v -5.33551000 -28.56520000 -544.41500000
v -3.22515000 -22.25760000 -536.25100000
v -4.99767000 -27.98600000 -544.29800000
v -4.91213000 -27.60980000 -544.15900000
v -5.16847000 -28.48760000 -544.46100000
v -5.34160000 -34.61980000 -546.92400000
v -5.55387000 -34.97920000 -546.85200000
v -5.86549000 -34.59420000 -546.72100000
v -5.52793000 -31.10300000 -545.59500000
v -5.53501000 -31.50960000 -545.77300000
v -5.84460000 -31.40690000 -545.54200000
v -5.04575000 -30.09230000 -545.34800000
v -2.32782000 -32.77520000 -547.90000000
v -2.27981000 -32.53220000 -547.83700000
v -2.06986000 -32.62960000 -547.94400000
v -4.84436000 -28.15270000 -538.95800000
v -2.90933000 -32.61530000 -547.60400000
v -2.50939000 -32.64850000 -547.78500000
v -2.46870000 -32.41210000 -547.71300000
v -2.32655000 -31.52570000 -547.21700000
v -2.54897000 -31.62500000 -547.18800000
v -3.78447000 -31.04530000 -546.43700000
v -4.08900000 -31.37190000 -546.50500000
v -4.02280000 -31.15560000 -546.42200000
v -4.25485000 -31.26480000 -546.37300000
v -3.14449000 -31.96620000 -547.11300000
v -3.36430000 -32.10750000 -547.09600000
v -3.50538000 -31.99780000 -546.95400000
v -1.93414000 -31.61540000 -547.38300000
v -1.99546000 -31.97530000 -547.61600000
v -2.17053000 -31.65620000 -547.35700000
v -1.57305000 -31.95890000 -547.65900000
v -4.22281000 -32.93930000 -547.10500000
v -3.88264000 -32.72470000 -547.16200000
v -5.13638000 -33.52160000 -546.87500000
v -4.85893000 -33.09380000 -546.89700000
v -4.90969000 -33.51970000 -546.96400000
v -5.25813000 -33.74820000 -546.86800000
v -5.49094000 -33.76350000 -546.77000000
v -5.47467000 -36.41410000 -545.66700000
v -5.29201000 -36.43190000 -545.84600000
v -5.20386000 -36.26560000 -545.34600000
v -3.91678000 -34.57220000 -547.14000000
v -3.96989000 -34.86780000 -546.92200000
v -4.09101000 -35.05510000 -546.83900000
v -4.21057000 -34.89250000 -546.98200000
v -3.64536000 -34.15620000 -547.33900000
v -3.92172000 -34.17770000 -547.28100000
v -4.29334000 -34.53340000 -547.14900000
v -4.46259000 -34.94030000 -547.01200000
v -4.05255000 -34.44390000 -547.19800000
v -4.64968000 -34.79410000 -547.05900000
v -4.93767000 -35.11130000 -546.97200000
v -5.36234000 -35.12510000 -546.89900000
v -5.59544000 -35.21980000 -546.83400000
v -0.81762600 -29.74580000 -546.40600000
v -1.25758000 -29.86120000 -546.45000000
v -1.46631000 -30.02100000 -546.51000000
v -1.68919000 -29.76920000 -546.33400000
v -0.43482500 -30.34510000 -546.72100000
v -0.81996700 -30.21940000 -546.68300000
v -1.01639000 -29.89990000 -546.50600000
v -1.00680000 -30.10580000 -546.61200000
v -1.79857000 -23.70450000 -538.09600000
v -4.87844000 -27.98450000 -539.11200000
v -1.37750000 -30.43800000 -546.73200000
v -1.35956000 -30.65090000 -546.84700000
v -1.61114000 -30.77540000 -546.89500000
v 0.35133600 -30.90630000 -546.82900000
v -0.06239580 -31.11110000 -547.02800000
v 0.09293660 -30.83620000 -546.86400000
v -0.32010000 -31.07520000 -547.06200000
v -2.65996000 -28.36930000 -545.18100000
v -4.35727000 -26.62260000 -537.84600000
v -2.43811000 -28.23830000 -545.12000000
v -2.03769000 -28.54850000 -545.48300000
v -2.26380000 -28.49830000 -545.40400000
v -2.49959000 -28.63720000 -545.44400000
v -2.28532000 -28.69560000 -545.55700000
v -2.20229000 -28.89370000 -545.69700000
v -2.51474000 -29.26200000 -545.88200000
v -2.24094000 -29.27210000 -545.94100000
v -2.00092000 -28.91950000 -545.74200000
v -1.72128000 -29.23200000 -545.96700000
v -1.84319000 -29.42840000 -546.09000000
v -1.81159000 -28.82390000 -545.71100000
v -0.65394800 -28.18080000 -545.48000000
v -0.88441400 -28.56110000 -545.69100000
v -1.02041000 -28.37170000 -545.58500000
v -0.47902200 -28.37440000 -545.55700000
v -4.25868000 -29.88750000 -545.67600000
v -1.89012000 -21.32810000 -536.03000000
v -4.39243000 -30.07450000 -545.68100000
v -4.12175000 -29.69980000 -545.66000000
v -3.91630000 -29.71030000 -545.75500000
v -4.03193000 -29.88940000 -545.78700000
v -3.72028000 -29.61960000 -545.77600000
v -1.99382000 -29.63910000 -546.20600000
v -2.36976000 -29.43740000 -546.02500000
v -1.52174000 -29.59470000 -546.23400000
v 0.34956800 -27.99300000 -538.01600000
v 0.35934400 -28.42810000 -537.83600000
v 0.57461700 -28.04860000 -537.83800000
v -0.77118100 -26.88940000 -538.50100000
v -0.73846000 -27.14530000 -538.45400000
v -0.56115000 -26.99610000 -538.54700000
v -5.09577000 -37.87650000 -540.30200000
v -0.76044000 -27.82490000 -538.32200000
v -0.85722600 -27.57710000 -538.37400000
v -1.13046000 -26.73460000 -537.37500000
v -4.88528000 -28.37610000 -538.99800000
v -4.97704000 -26.35000000 -540.37400000
v -0.87765500 -29.42050000 -537.09600000
v -0.62853200 -29.72450000 -537.28800000
v -0.56060100 -29.48590000 -537.32200000
v -4.57404000 -26.63110000 -538.95400000
v -0.79460100 -29.89460000 -537.22900000
v -1.34113000 -29.08800000 -536.65100000
v -1.16405000 -28.95230000 -536.76700000
v -7.16777000 -34.66490000 -542.71700000
v -1.10705000 -28.70250000 -536.77600000
v -2.81531000 -26.75920000 -536.10600000
v -2.55015000 -26.65150000 -536.10100000
v -2.66857000 -27.44920000 -536.22900000
v -1.48545000 -23.24460000 -536.05000000
v -1.52872000 -23.68910000 -536.12200000
v -1.31923000 -23.64030000 -536.28800000
v -1.43494000 -25.47790000 -536.52400000
v -1.51124000 -25.05110000 -536.41500000
v -5.24876000 -37.66170000 -539.94200000
v -4.60739000 -31.04170000 -537.64100000
v -5.01542000 -28.12680000 -539.47000000
v -4.16271000 -28.14070000 -537.80400000
v -4.12208000 -28.34280000 -537.66800000
v -4.19510000 -27.96480000 -537.94300000
v -4.25757000 -28.37420000 -537.86800000
v -4.25261000 -28.76590000 -537.72200000
v -3.87929000 -29.89610000 -537.15600000
v -3.63642000 -29.86310000 -537.01200000
v -4.56212000 -30.40910000 -537.50400000
v -4.33245000 -30.64400000 -537.20300000
v -4.57265000 -30.15630000 -537.55300000
v -4.21917000 -30.42890000 -537.11300000
v -4.78441000 -30.01470000 -537.83500000
v -4.71009000 -26.17980000 -538.90600000
v -4.62611000 -29.90540000 -537.69900000
v -4.43239000 -29.81290000 -537.57300000
v -4.56032000 -29.63080000 -537.75500000
v -4.84445000 -29.39110000 -538.27000000
v -4.79923000 -29.53540000 -538.08500000
v -4.56054000 -29.33800000 -537.90900000
v -5.09452000 -29.80400000 -538.26400000
v -4.78253000 -29.15900000 -538.35700000
v -4.68305000 -29.27690000 -538.13000000
v -4.42475000 -28.89190000 -537.90900000
v -3.95311000 -27.60510000 -537.39800000
v -3.86426000 -27.86510000 -537.31500000
v -4.10353000 -26.92520000 -537.35700000
v -4.00281000 -27.10820000 -537.25300000
v -4.88247000 -24.90560000 -538.83500000
v -4.08784000 -27.89310000 -537.73000000
v -4.12456000 -27.49150000 -537.82500000
v -4.62459000 -25.69530000 -538.38700000
v -4.05525000 -27.40970000 -537.56600000
v -4.10132000 -27.14650000 -537.50400000
v -5.19411000 -24.33680000 -539.59700000
v -5.09912000 -24.78680000 -539.47100000
v -5.21919000 -24.53070000 -539.76700000
v -4.32799000 -28.01530000 -538.15500000
v -4.23489000 -27.79990000 -538.08300000
v -4.35058000 -27.78550000 -538.27300000
v -4.28803000 -27.39080000 -538.25700000
v -3.58499000 -30.03780000 -536.84800000
v -3.54841000 -30.23330000 -536.70300000
v -3.51926000 -29.65390000 -537.04100000
v -3.19670000 -29.67660000 -536.83100000
v -3.73275000 -29.71250000 -537.18000000
v -3.76453000 -29.32750000 -537.28000000
v -3.79475000 -29.56040000 -537.29300000
v -3.41263000 -29.39050000 -537.04200000
v -3.58202000 -29.22390000 -537.15700000
v -3.23962000 -29.19520000 -536.95100000
v -3.56087000 -28.95080000 -537.10800000
v -3.76631000 -29.09160000 -537.23900000
v -4.71241000 -25.82640000 -538.58100000
v -2.72469000 -29.15900000 -536.55300000
v -2.64774000 -29.41560000 -536.52500000
v -4.45558000 -22.32610000 -538.00400000
v -2.51407000 -29.61420000 -536.45900000
v -2.83361000 -29.56810000 -536.62000000
v -2.84938000 -29.84130000 -536.56800000
v -2.64732000 -27.08180000 -536.17100000
v 2.13732000 -35.23320000 -539.53000000
v -2.42174000 -27.45940000 -536.31100000
v -2.32268000 -27.68110000 -536.33800000
v -1.98643000 -27.57720000 -536.47100000
v -2.45687000 -27.90070000 -536.29900000
v -1.88267000 -27.16610000 -536.52700000
v -2.09850000 -27.19980000 -536.41100000
v -2.93310000 -27.40430000 -536.22800000
v -2.78933000 -27.64400000 -536.26100000
v -2.69147000 -28.48390000 -536.39000000
v -4.27358000 -25.86590000 -537.41800000
v -2.73733000 -28.72940000 -536.44800000
v -2.47950000 -28.80710000 -536.38200000
v 0.86101000 -29.75680000 -537.02100000
v 0.78035100 -29.97690000 -537.04300000
v 1.04751000 -29.94110000 -537.03200000
v 1.12807000 -29.70890000 -537.04600000
v 0.67612900 -30.17220000 -537.12900000
v 0.74996400 -30.34310000 -537.17900000
v 0.48475800 -30.27820000 -537.26700000
v 0.61564600 -30.50370000 -537.29400000
v 0.52739700 -30.71340000 -537.36300000
v 0.76212000 -30.73420000 -537.32800000
v -1.20296000 -30.74720000 -536.91100000
v -1.05139000 -30.41920000 -537.07400000
v -1.59071000 -30.11800000 -536.81400000
v -1.41418000 -30.60420000 -536.86600000
v -1.17672000 -30.24310000 -537.00900000
v -1.37852000 -30.87980000 -536.84700000
v -2.49551000 -29.22190000 -536.43900000
v -2.38765000 -29.43730000 -536.45100000
v -2.15367000 -29.53220000 -536.49000000
v -4.95604000 -27.68360000 -539.44300000
v -2.11600000 -29.79330000 -536.55200000
v -1.91896000 -29.66380000 -536.59500000
v -2.49064000 -29.87600000 -536.45800000
v -1.72029000 -30.31060000 -536.79300000
v -0.92359300 -27.72340000 -537.93500000
v -0.90982200 -27.67030000 -538.16100000
v -1.01767000 -27.40310000 -537.50800000
v -3.04259000 -29.24760000 -536.81500000
v -1.07413000 -27.50280000 -537.31100000
v -0.97454300 -27.76000000 -537.26400000
v -1.38545000 -28.47310000 -536.50500000
v -1.22525000 -28.33350000 -536.66000000
v -1.40244000 -28.21660000 -536.54900000
v 1.18788000 -22.14140000 -536.82900000
v 0.94731000 -24.27520000 -537.46300000
v 0.80956800 -23.89150000 -537.62000000
v 0.86366000 -24.70400000 -537.55700000
v 0.73131000 -24.59870000 -537.72700000
v 0.52247200 -24.59370000 -538.07200000
v 0.41827000 -24.52220000 -538.29300000
v 0.06485910 -24.27860000 -539.10800000
v 0.18038300 -24.47390000 -538.73900000
v 2.62333000 -32.62600000 -546.69700000
v -0.05722180 -24.15470000 -539.52300000
v -0.08332830 -24.40990000 -539.17800000
v 0.02864220 -24.65080000 -538.81100000
v -0.10315400 -24.61420000 -539.03900000
v 0.47477700 -30.13200000 -546.32000000
v 1.08642000 -24.42860000 -537.33500000
v 0.74364000 -27.35120000 -537.82700000
v 0.55064900 -26.85060000 -537.80200000
v 0.92184400 -27.40620000 -537.67700000
v 0.92109100 -26.97800000 -537.53900000
v 0.81053300 -27.16510000 -537.66200000
v 1.16043000 -27.05780000 -537.47400000
v 0.72313000 -26.90870000 -537.65100000
v 1.18543000 -26.68250000 -537.37600000
v 0.85076000 -26.70500000 -537.53800000
v 0.14910700 -25.28630000 -538.44500000
v 0.09312750 -25.38490000 -538.62500000
v 0.35933700 -25.63130000 -538.25500000
v 0.44408500 -25.41830000 -538.08000000
v -0.00452040 -25.27460000 -538.79200000
v -0.03559000 -25.43820000 -538.97200000
v -0.16189300 -25.19810000 -539.22500000
v -0.08623680 -25.22070000 -539.00600000
v 0.48483200 -26.60800000 -537.82700000
v 0.43075400 -26.19160000 -537.95000000
v 0.32248400 -26.55240000 -538.03800000
v 0.25560200 -26.70250000 -538.23000000
v 0.14063200 -26.35080000 -538.48400000
v 0.22042900 -26.45220000 -538.26400000
v -0.60997400 -25.57470000 -540.04600000
v -0.38247100 -25.94750000 -539.53500000
v -0.24629700 -25.78990000 -539.43000000
v -0.14207800 -25.84570000 -539.20900000
v 0.23102200 -25.98100000 -538.44700000
v 0.14509900 -26.12370000 -538.55900000
v 0.13741500 -25.63650000 -538.63700000
v 0.14541900 -25.87250000 -538.63300000
v -0.60892200 -26.77470000 -538.65600000
v -1.71563000 -31.86380000 -536.82000000
v -0.91006000 -25.77980000 -539.87200000
v -0.80609600 -26.02110000 -539.50400000
v -0.52251100 -26.36220000 -539.21200000
v 1.33173000 -25.90290000 -537.26500000
v 1.14728000 -26.04430000 -537.35700000
v -2.10810000 -28.58630000 -536.35100000
v 1.20269000 -24.79640000 -537.26700000
v 1.29368000 -24.12770000 -542.12800000
v 1.68078000 -24.31340000 -542.10500000
v 1.31763000 -24.49280000 -542.29600000
v 1.98402000 -23.80800000 -541.65400000
v 1.34571000 -23.94160000 -542.00600000
v 1.35539000 -23.77400000 -541.88200000
v 2.18622000 -23.32070000 -541.21200000
v -7.34955000 -34.92910000 -543.50800000
v 1.97222000 -23.23800000 -541.28500000
v -0.17066200 -25.08690000 -542.44600000
v -0.23678700 -24.89710000 -542.28200000
v -0.15899500 -24.66690000 -542.29900000
v 1.65002000 -35.34220000 -539.16800000
v -0.04471520 -24.83900000 -542.45500000
v 0.31355000 -24.76890000 -542.58300000
v 0.14758700 -24.92210000 -542.60200000
v 0.23000200 -24.40450000 -542.42500000
v 0.15284300 -24.66930000 -542.48900000
v 1.57727000 -25.12140000 -542.40500000
v 1.52833000 -25.34410000 -542.46500000
v 0.57071500 -23.21810000 -538.87200000
v 0.41929500 -23.69900000 -538.95200000
v 0.54196400 -23.54650000 -538.57300000
v 0.44357500 -23.52280000 -539.09000000
v 0.38416600 -23.88910000 -538.83700000
v 0.20109000 -23.88900000 -539.32300000
v 0.27588800 -24.08600000 -538.92800000
v 0.44726200 -23.93190000 -538.59700000
v 0.25969200 -23.71310000 -539.45600000
v -7.31107000 -34.80060000 -543.34400000
v 0.75736900 -23.36510000 -537.67600000
v 0.74887100 -22.94660000 -537.67500000
v 0.95057900 -23.28150000 -537.33000000
v 0.96816900 -22.83020000 -537.28500000
v 0.81255500 -22.59240000 -537.53900000
v 0.69325400 -22.49900000 -537.87200000
v 2.11181000 -21.76980000 -540.12200000
v 1.79919000 -21.59220000 -539.98100000
v 0.68801700 -22.53950000 -539.82800000
v 0.65627400 -22.63100000 -539.58400000
v 0.53886500 -22.98570000 -539.75600000
v -0.35111800 -24.53010000 -541.29200000
v -0.33721800 -24.51240000 -541.52800000
v -0.36842700 -24.78560000 -539.88800000
v -5.32001000 -28.46000000 -539.94500000
v -0.09435280 -24.82510000 -538.91900000
v 0.25220700 -25.16870000 -538.28100000
v 0.29820500 -25.39070000 -538.26000000
v 0.29707700 -24.69530000 -538.40100000
v 0.40973800 -24.76090000 -538.19800000
v 0.46663200 -25.00610000 -538.05900000
v 0.63361800 -24.72700000 -537.85700000
v 0.15523800 -24.87970000 -538.49900000
v 0.30704100 -24.94420000 -538.27600000
v 1.28721000 -35.44590000 -538.98000000
v 1.49751000 -35.32410000 -539.02100000
v 1.60672000 -35.52270000 -539.30600000
v 0.01927910 -25.11160000 -538.60200000
v -0.07425340 -25.04840000 -538.82700000
v 0.01622740 -24.86130000 -538.69300000
v -0.13487400 -25.00460000 -539.06900000
v -0.20551600 -24.97110000 -539.30000000
v 0.97318100 -32.29090000 -547.54100000
v -0.78800600 -25.55620000 -540.22300000
v -0.84115600 -25.52410000 -541.24200000
v -1.07079000 -25.83030000 -541.23200000
v -1.14546000 -25.69410000 -540.76300000
v -1.28539000 -25.84030000 -540.86100000
v -1.00677000 -25.60140000 -540.84600000
v -0.88154700 -25.48750000 -540.98300000
v -0.86537200 -25.40160000 -540.52300000
v -0.89736700 -25.44270000 -540.72700000
v -0.63485400 -24.99540000 -540.70400000
v -0.75383400 -25.22320000 -540.70100000
v -0.43692200 -24.63080000 -540.57400000
v -0.49946200 -24.94680000 -540.24700000
v -0.62110700 -25.36300000 -540.17500000
v -0.48110100 -25.40100000 -539.97100000
v -0.34641500 -24.54290000 -540.20400000
v -5.09376000 -28.53730000 -539.39400000
v -0.25531500 -24.34850000 -540.03900000
v -0.04567100 -23.98490000 -539.98800000
v 0.56305600 -22.89910000 -539.97400000
v 0.46781000 -23.13620000 -539.97900000
v 0.58349300 -22.86800000 -540.20100000
v 0.42188900 -23.21260000 -540.55600000
v 0.39620500 -23.24830000 -540.25000000
v 0.15548900 -23.60840000 -540.27500000
v 0.16049000 -23.65590000 -540.05200000
v 0.91287900 -31.86740000 -537.41600000
v -5.22531000 -28.61490000 -539.58100000
v 0.65998500 -22.37670000 -539.01800000
v 0.68732600 -22.13840000 -539.04500000
v 0.74190500 -21.90810000 -539.04000000
v 0.72461600 -22.25590000 -537.87300000
v 0.76352400 -22.39000000 -537.68800000
v 0.79526000 -22.13000000 -537.64200000
v 0.86961300 -22.13200000 -537.38100000
v -2.81547000 -22.20200000 -536.02600000
v 0.65602000 -22.39060000 -538.11200000
v 0.61738600 -22.63080000 -538.22800000
v 0.65005700 -22.60950000 -538.03000000
v 0.62395400 -23.07180000 -538.15400000
v 0.60081000 -23.12880000 -538.38600000
v 0.61156400 -22.97570000 -538.87000000
v -7.28158000 -34.58490000 -543.39200000
v -2.49389000 -28.34190000 -536.34200000
v -1.27689000 -29.58110000 -536.87600000
v 0.74451300 -22.24240000 -539.44300000
v 0.67513800 -22.50870000 -539.21200000
v 0.64183900 -22.62320000 -539.05200000
v 0.62779200 -22.84760000 -539.09000000
v 1.22050000 -20.79730000 -536.13200000
v 1.19192000 -20.62280000 -536.28300000
v 1.30845000 -20.52800000 -536.11900000
v 1.46102000 -20.36260000 -536.19700000
v 1.39047000 -20.72740000 -535.92600000
v 1.13020000 -20.48790000 -537.09300000
v 1.05459000 -20.61320000 -536.86800000
v 1.18572000 -20.47940000 -536.65000000
v 1.29669000 -20.42120000 -536.40000000
v 1.35235000 -20.29950000 -536.65300000
v 1.05827000 -21.60760000 -536.69100000
v 1.20651000 -21.55240000 -536.45500000
v 2.53723000 -24.09480000 -541.27100000
v 0.92828700 -22.36010000 -537.28800000
v 1.05693000 -22.38730000 -537.09700000
v -5.18718000 -28.27400000 -539.80800000
v 0.96773500 -22.15180000 -537.16300000
v 2.54323000 -19.91330000 -536.69000000
v 2.46558000 -19.89710000 -536.94400000
v 2.38219000 -19.94420000 -537.18200000
v 2.21482000 -19.88200000 -537.00300000
v 1.32043000 -21.13200000 -539.34000000
v 1.25383000 -20.96440000 -539.10900000
v 1.45870000 -20.97150000 -539.22000000
v 0.85476400 -21.72220000 -537.32100000
v 0.84003000 -21.93780000 -537.46400000
v 0.74655900 -21.72630000 -538.19800000
v 0.77845900 -21.71470000 -537.94900000
v 0.79912000 -21.86830000 -537.71100000
v 0.69400600 -21.98860000 -538.25900000
v 0.75884000 -22.00650000 -537.87100000
v 0.68419200 -21.88900000 -538.62600000
v -0.77912100 -25.51390000 -541.50600000
v -0.62980300 -25.47860000 -541.90200000
v 2.00705000 -22.34250000 -540.63400000
v 1.85973000 -22.48520000 -540.77600000
v 1.34008000 -21.96960000 -540.32100000
v 1.29855000 -22.12950000 -540.48200000
v 2.61693000 -21.61050000 -539.75500000
v 1.07078000 -23.06410000 -541.29300000
v 0.96481500 -23.33460000 -541.56400000
v 0.89701900 -23.16910000 -541.36500000
v 0.95401000 -23.50680000 -541.75400000
v 0.69191500 -23.56530000 -541.82500000
v 2.15050000 -20.65590000 -538.96200000
v 1.97177000 -20.94330000 -539.30600000
v 1.83245000 -21.08890000 -539.45500000
v 1.78904000 -20.80570000 -539.13400000
v 1.49163000 -21.83750000 -540.21600000
v 1.42139000 -21.69610000 -540.03200000
v 3.34415000 -24.24310000 -538.07000000
v 3.37102000 -24.03380000 -538.09900000
v 3.31129000 -24.68300000 -538.21100000
v 3.36310000 -24.48100000 -538.34700000
v 2.24946000 -29.52040000 -537.79700000
v 2.40620000 -29.49150000 -537.99000000
v 2.26677000 -29.28460000 -537.88500000
v 2.01391000 -28.92640000 -537.91300000
v 2.24176000 -29.76660000 -537.77000000
v 2.41829000 -29.27930000 -538.08500000
v 1.97677000 -28.20710000 -538.21800000
v 2.90252000 -28.64470000 -539.47400000
v 3.01799000 -28.72540000 -539.68700000
v 3.01888000 -28.54590000 -539.83900000
v 1.84494000 -28.07670000 -538.04100000
v 1.99066000 -28.00600000 -538.20800000
v -5.39603000 -28.42730000 -540.18200000
v 2.22781000 -27.95670000 -538.77000000
v 2.46714000 -27.85040000 -539.47300000
v 0.37072100 -30.43830000 -546.54800000
v 2.55493000 -27.85580000 -539.72300000
v -1.37775000 -29.35450000 -536.73200000
v 2.39022000 -27.84570000 -539.24300000
v 2.37664000 -27.63340000 -539.33600000
v 2.30075000 -27.66510000 -539.08500000
v 2.30269000 -27.87400000 -539.00800000
v 2.33292000 -28.06970000 -538.93100000
v 2.41727000 -28.05660000 -539.13700000
v -7.22764000 -34.79050000 -542.89200000
v 3.47838000 -32.85080000 -545.47300000
v 2.76488000 -27.69820000 -540.46600000
v 2.88551000 -27.89340000 -540.45100000
v 2.89260000 -27.77200000 -540.66100000
v 2.57877000 -27.65070000 -540.08500000
v 2.73469000 -27.82690000 -540.21900000
v 3.01982000 -28.08780000 -540.42500000
v 3.12177000 -28.26540000 -540.38800000
v 2.88436000 -28.00050000 -540.25400000
v 1.90193000 -29.23060000 -537.62700000
v 0.39827000 -29.47720000 -537.22900000
v 0.63595400 -29.59170000 -537.09000000
v 0.86038500 -29.52930000 -537.07500000
v 0.80850000 -29.29350000 -537.20600000
v 1.05670000 -29.45860000 -537.12100000
v 0.85850200 -28.64990000 -537.50700000
v 1.12285000 -28.69990000 -537.47200000
v 1.16634000 -28.30830000 -537.57500000
v 0.69647700 -28.47110000 -537.61900000
v 0.85008300 -29.07930000 -537.32900000
v 0.83761600 -28.00250000 -537.73200000
v 0.29854300 -28.64760000 -537.73400000
v 0.61782500 -28.71410000 -537.55400000
v 0.01009780 -29.31410000 -537.50300000
v -0.10065900 -29.48030000 -537.43300000
v 0.18095800 -29.19710000 -537.48900000
v 0.60927300 -29.36600000 -537.20800000
v 0.88122200 -26.85860000 -544.01100000
v 0.78249000 -26.98540000 -544.18200000
v 0.66765200 -26.81790000 -544.16800000
v 0.33936100 -26.90110000 -544.42200000
v 2.62965000 -26.77700000 -541.06600000
v -4.39429000 -28.44100000 -538.05600000
v 2.69205000 -26.65890000 -540.87000000
v 2.74639000 -26.70900000 -540.64000000
v 2.68322000 -26.90970000 -540.84100000
v 2.81686000 -26.56620000 -540.42300000
v 2.79242000 -26.47850000 -540.68500000
v 2.67678000 -26.98730000 -540.37200000
v 2.70232000 -26.89190000 -540.58400000
v 2.65172000 -26.91950000 -539.92100000
v 2.74719000 -26.76590000 -540.37000000
v 2.55325000 -27.16240000 -539.96300000
v 2.46106000 -27.26950000 -539.53900000
v 2.73287000 -26.57890000 -538.33300000
v 2.85466000 -26.43020000 -538.71300000
v 2.64018000 -26.78020000 -538.48400000
v 2.53245000 -26.96500000 -538.66100000
v 2.58772000 -26.92940000 -538.90700000
v 3.29984000 -24.92550000 -538.58600000
v 3.28202000 -24.90930000 -538.33000000
v 3.20541000 -23.48970000 -537.39100000
v 3.32374000 -23.40280000 -537.56100000
v -4.89232000 -29.90850000 -537.97600000
v 3.39484000 -23.61860000 -537.90500000
v 3.39696000 -23.36770000 -537.77600000
v 3.43796000 -23.12560000 -537.82800000
v 3.51556000 -22.67670000 -538.25900000
v 3.49867000 -23.09260000 -538.28100000
v 3.49729000 -23.11220000 -538.48000000
v 3.32303000 -22.07550000 -537.39000000
v 3.41190000 -21.99570000 -537.59000000
v 3.46609000 -22.19690000 -537.77700000
v -5.20701000 -29.41310000 -538.78700000
v 3.50255000 -22.13020000 -538.00400000
v 3.51936000 -22.26940000 -538.20700000
v 3.25817000 -20.73660000 -537.80600000
v 3.26201000 -20.99590000 -538.18700000
v 3.15224000 -20.86640000 -538.28300000
v 3.21459000 -20.53630000 -537.67000000
v 3.42086000 -21.58580000 -538.26600000
v 3.34249000 -21.16770000 -538.07700000
v 3.28276000 -20.71900000 -536.99300000
v 3.28149000 -20.82440000 -537.24900000
v 3.32052000 -20.97750000 -537.00400000
v 3.31520000 -21.07880000 -537.24200000
v 3.22533000 -21.57540000 -536.99300000
v 3.27889000 -21.39150000 -536.88900000
v -5.23970000 -29.07810000 -539.13500000
v 3.33643000 -21.22420000 -537.06800000
v 3.38029000 -21.46120000 -537.54600000
v 3.35428000 -21.28160000 -537.69900000
v 3.42563000 -21.57810000 -538.03600000
v 3.34044000 -21.13940000 -537.85200000
v -1.66972000 -29.66920000 -536.70500000
v -4.69965000 -30.44850000 -537.72400000
v 3.52030000 -22.44270000 -538.37900000
v 3.50069000 -22.39690000 -538.61200000
v 3.50558000 -22.19450000 -538.44400000
v 3.49594000 -22.81680000 -538.68300000
v -1.83785000 -35.06160000 -547.25500000
v 3.46445000 -22.79930000 -538.92500000
v 3.46234000 -22.35570000 -538.85500000
v 3.42059000 -22.77760000 -539.16600000
v 3.44403000 -23.20220000 -539.03100000
v -5.21879000 -29.24470000 -538.95300000
v 3.42697000 -23.42370000 -539.11600000
v 3.39239000 -23.43560000 -539.36600000
v 3.22929000 -22.36450000 -539.58100000
v 3.24187000 -22.17130000 -539.44300000
v 3.20612000 -22.57420000 -539.72700000
v 3.30263000 -23.57390000 -539.78200000
v 3.09878000 -24.14210000 -540.49000000
v 3.14773000 -23.51100000 -540.22300000
v 3.31454000 -23.97520000 -539.78400000
v 3.25385000 -23.98790000 -540.02500000
v -1.13128000 -29.75790000 -536.98900000
v 3.25881000 -24.41680000 -539.99200000
v 3.34263000 -24.12070000 -539.62100000
v 3.39607000 -24.15900000 -538.94300000
v 3.37815000 -24.31020000 -539.15800000
v 3.37307000 -24.15550000 -539.36500000
v 3.07522000 -25.15350000 -537.78900000
v -5.60789000 -33.18580000 -546.56600000
v 3.29277000 -24.38580000 -537.89900000
v 3.22519000 -24.53080000 -537.73800000
v 3.10524000 -24.95190000 -537.72900000
v 3.24716000 -24.86910000 -538.08700000
v 3.25984000 -24.65330000 -539.90100000
v 3.21586000 -24.86230000 -540.03400000
v 3.18056000 -24.84900000 -540.26800000
v 2.04424000 -24.07620000 -536.88700000
v 2.29479000 -23.99460000 -536.91600000
v -1.52369000 -29.87750000 -536.81100000
v 2.50461000 -23.86170000 -536.95900000
v 2.07194000 -24.33670000 -536.92900000
v 1.93785000 -23.80330000 -536.84700000
v -5.10369000 -33.09240000 -546.78900000
v 1.41087000 -24.42760000 -537.09700000
v 1.32566000 -24.97040000 -537.20300000
v -1.54755000 -25.91840000 -536.45200000
v 1.64648000 -24.35260000 -536.97900000
v 1.72594000 -24.61360000 -537.01200000
v 1.92367000 -24.74030000 -536.99200000
v 3.00572000 -22.76270000 -537.11200000
v 2.70678000 -23.95900000 -537.06300000
v 2.81779000 -23.58580000 -537.06200000
v 2.04276000 -23.13230000 -536.73500000
v 2.23553000 -22.98960000 -536.75000000
v 2.46100000 -23.34420000 -536.86700000
v -1.93433000 -29.89600000 -536.64100000
v 2.85861000 -24.31290000 -537.21000000
v 3.02988000 -24.18780000 -537.32800000
v 2.67728000 -24.45770000 -537.11900000
v 2.68800000 -24.20440000 -537.09100000
v 2.49023000 -24.60210000 -537.05800000
v 2.49692000 -24.86690000 -537.10100000
v 2.94652000 -26.13560000 -538.39400000
v 3.08834000 -25.69430000 -538.39000000
v 2.80877000 -22.84740000 -536.98800000
v 3.18396000 -25.30680000 -538.36900000
v 3.09451000 -25.76770000 -538.58800000
v 3.26661000 -25.07690000 -539.19500000
v 3.16243000 -25.51150000 -539.23400000
v 3.16620000 -25.49560000 -539.46800000
v 2.79123000 -26.63960000 -540.14400000
v 2.70875000 -26.83590000 -540.12400000
v 2.90308000 -26.35950000 -539.80500000
v 2.94632000 -26.27310000 -540.02000000
v 2.74457000 -26.70920000 -539.85500000
v 2.83602000 -26.47770000 -539.42500000
v 2.51361000 -27.10570000 -539.33800000
v 2.66981000 -26.80210000 -539.12600000
v 2.75224000 -29.84080000 -539.39100000
v 2.74216000 -29.60670000 -539.33900000
v 3.17842000 -30.76460000 -539.53400000
v 3.39371000 -30.97410000 -540.10300000
v 3.27201000 -30.68040000 -539.74000000
v 3.02932000 -30.40300000 -539.35800000
v 3.26119000 -30.44530000 -539.76600000
v 2.77434000 -31.34070000 -539.03900000
v 3.04021000 -31.20340000 -539.41700000
v 2.88781000 -31.15550000 -539.16400000
v 3.15252000 -31.37300000 -539.62900000
v 2.97405000 -30.99310000 -539.25200000
v 2.83182000 -30.92870000 -538.99800000
v 3.12002000 -30.99820000 -539.49300000
v 2.48147000 -29.73380000 -538.13800000
v 1.21723000 -34.47450000 -547.44000000
v 2.45020000 -29.99590000 -538.16800000
v 2.57551000 -29.40880000 -538.43200000
v 2.06617000 -30.10700000 -537.67400000
v 2.37911000 -29.89990000 -537.96200000
v 1.30277000 -29.95370000 -537.09000000
v 1.40872000 -29.75770000 -537.13000000
v 1.54692000 -29.97120000 -537.21500000
v 2.09707000 -29.37930000 -537.69600000
v 1.92980000 -29.47590000 -537.52900000
v 1.60366000 -29.39740000 -537.35500000
v 1.66416000 -29.76300000 -537.27500000
v 2.69861000 -22.46100000 -536.88700000
v 1.43278000 -30.17600000 -537.23600000
v 1.81272000 -30.36040000 -537.56500000
v 1.89731000 -29.72860000 -537.45300000
v 1.76318000 -29.95180000 -537.37000000
v -1.99530000 -30.28250000 -536.69900000
v 2.32130000 -30.13620000 -538.00600000
v 2.39758000 -30.24210000 -538.20700000
v 1.63714000 -31.32140000 -537.81000000
v 1.55922000 -31.74520000 -537.84800000
v 1.79364000 -31.39820000 -537.98000000
v 1.82746000 -31.79670000 -538.16200000
v 1.76220000 -31.15050000 -537.86600000
v -2.10588000 -25.91090000 -536.11600000
v 1.93142000 -31.16980000 -538.01300000
v 1.69404000 -30.94420000 -537.75400000
v 1.36983000 -30.76730000 -537.53100000
v 1.55448000 -31.14450000 -537.69700000
v -6.78450000 -34.59320000 -545.98500000
v 1.60184000 -30.75580000 -537.65000000
v 1.72674000 -30.56180000 -537.62500000
v 2.17822000 -30.25510000 -537.85400000
v 1.90617000 -30.93720000 -537.90900000
v 2.26358000 -30.63660000 -538.10100000
v 2.25831000 -31.08310000 -538.27000000
v 2.64033000 -31.27310000 -538.80600000
v 2.79956000 -31.55920000 -539.14400000
v 2.41438000 -30.99100000 -538.40000000
v 2.42526000 -30.74720000 -538.34300000
v 2.27624000 -30.38660000 -538.05000000
v 2.48139000 -30.33540000 -538.41400000
v 2.49014000 -30.55730000 -538.43200000
v 2.58862000 -30.44640000 -538.61900000
v 3.30989000 -31.08560000 -539.89000000
v 1.54566000 -28.38700000 -544.56300000
v 1.30169000 -28.57260000 -544.84300000
v -2.97398000 -23.31200000 -535.86300000
v 1.66583000 -27.44390000 -543.38200000
v 1.79463000 -27.74540000 -543.67600000
v 2.00701000 -27.72480000 -543.21300000
v 1.23973000 -26.72240000 -543.49900000
v 1.39420000 -26.74430000 -543.28100000
v 1.63076000 -26.76420000 -542.91300000
v 1.49323000 -26.71470000 -543.08800000
v 1.38313000 -26.92840000 -543.38800000
v 2.83041000 -36.33530000 -542.95900000
v 1.05530000 -26.90730000 -543.83300000
v 1.21689000 -26.93800000 -543.63400000
v 2.70104000 -27.15400000 -540.87100000
v 2.73061000 -27.26750000 -541.08300000
v 2.98905000 -27.87290000 -540.85600000
v 3.02500000 -27.99020000 -540.65600000
v 2.93014000 -27.86960000 -541.73200000
v 3.01066000 -28.09420000 -541.73000000
v 2.91608000 -27.98490000 -541.95300000
v 3.00318000 -27.96670000 -541.51800000
v 2.72632000 -28.22840000 -542.70800000
v 2.65765000 -28.03160000 -542.60900000
v 2.46525000 -27.88860000 -542.73500000
v 2.54802000 -28.08360000 -542.83200000
v 2.33906000 -27.93000000 -542.95800000
v 1.41377000 -27.51660000 -543.84700000
v 1.23013000 -27.49670000 -544.04300000
v 1.51268000 -27.28370000 -543.43400000
v 1.53154000 -27.46370000 -543.60100000
v 1.67365000 -27.31100000 -543.22100000
v 1.82278000 -27.35000000 -543.03900000
v 3.25217000 -29.47450000 -542.54500000
v 3.18713000 -29.19180000 -542.12900000
v 3.23632000 -29.35080000 -542.32900000
v 3.05997000 -28.71090000 -542.19300000
v -1.90163000 -25.81220000 -536.19300000
v 3.07596000 -28.45120000 -541.89200000
v 2.97443000 -28.54560000 -542.38100000
v 3.06836000 -28.98520000 -542.46600000
v 3.03486000 -29.17430000 -542.86800000
v 2.98290000 -29.23790000 -543.09500000
v 2.76660000 -29.24400000 -543.53900000
v 3.43121000 -30.30740000 -542.75100000
v 3.42341000 -30.64210000 -542.99700000
v 3.38221000 -30.39630000 -542.94600000
v 3.12895000 -30.52920000 -543.64700000
v 3.12950000 -30.33380000 -543.50200000
v 3.35626000 -30.13840000 -542.85600000
v 2.15079000 -31.51650000 -546.01200000
v 2.14172000 -31.70180000 -546.24900000
v 2.01364000 -31.53680000 -546.27100000
v 2.16030000 -31.10260000 -545.73700000
v 2.23494000 -31.34680000 -545.77300000
v 1.93274000 -31.13880000 -546.03700000
v 2.30163000 -31.56800000 -545.80100000
v 2.37607000 -30.99400000 -545.39900000
v 2.05612000 -30.86490000 -545.72300000
v 2.39310000 -31.38900000 -545.58000000
v 2.47204000 -31.61130000 -545.60900000
v 2.65866000 -31.31050000 -545.22000000
v 2.66295000 -31.66340000 -545.44600000
v 1.71704000 -29.38920000 -545.04700000
v 1.87044000 -29.56530000 -545.02800000
v 1.94548000 -30.26410000 -545.49100000
v 1.53384000 -30.47390000 -545.96700000
v 1.40302000 -33.92980000 -547.65500000
v 1.79394000 -29.91670000 -545.33000000
v 2.16009000 -30.12500000 -545.15400000
v 2.11824000 -30.29480000 -545.33600000
v 2.03224000 -29.75090000 -545.01800000
v 2.19410000 -29.77850000 -544.83700000
v 2.04853000 -29.54740000 -544.85900000
v 2.18516000 -29.95960000 -544.97800000
v 3.18410000 -30.05300000 -543.19600000
v 2.89356000 -29.86130000 -543.64500000
v 2.90457000 -30.06050000 -543.77100000
v 3.06644000 -29.64220000 -543.21100000
v 2.60169000 -29.57220000 -543.99300000
v 2.64355000 -29.75000000 -544.03400000
v 2.64877000 -29.90830000 -544.13800000
v 2.42203000 -29.89150000 -544.52700000
v 2.30003000 -29.74890000 -544.63600000
v 2.35075000 -29.22240000 -544.20900000
v 2.47572000 -29.39070000 -544.10200000
v 2.25819000 -29.48530000 -544.53800000
v 2.63800000 -29.24710000 -543.75600000
v 3.59795000 -30.77830000 -542.33100000
v 3.51085000 -30.74010000 -542.76100000
v 3.42497000 -29.77340000 -541.32100000
v 3.43534000 -29.70690000 -541.58200000
v 3.57060000 -30.00500000 -541.34000000
v 3.52356000 -29.86800000 -541.52100000
v 3.46626000 -29.92080000 -541.12900000
v 3.53897000 -29.88970000 -541.77500000
v 3.61743000 -30.14810000 -541.72800000
v 3.43625000 -29.91730000 -542.48000000
v 3.64475000 -30.25860000 -541.45600000
v 3.65018000 -30.54560000 -541.48200000
v 3.64184000 -30.38340000 -541.67800000
v 3.62924000 -30.51860000 -541.90200000
v 3.56265000 -30.19490000 -542.16200000
v 3.58092000 -30.57570000 -542.29800000
v 3.49311000 -30.35690000 -542.56000000
v -1.75002000 -26.55180000 -536.45500000
v 3.50418000 -31.06340000 -543.16700000
v 2.95069000 -30.68800000 -544.20100000
v 3.07969000 -31.01620000 -544.27400000
v 2.94747000 -30.94890000 -544.46900000
v 3.28588000 -31.85260000 -544.50400000
v 3.04231000 -31.67020000 -544.87700000
v 3.21720000 -31.62590000 -544.49900000
v 3.36724000 -31.51260000 -544.12500000
v 3.44656000 -31.75880000 -544.12900000
v 3.15121000 -31.41890000 -544.47600000
v 2.89910000 -31.19540000 -544.75800000
v 2.89428000 -30.38310000 -544.03300000
v 2.80832000 -30.62110000 -544.41300000
v 2.71427000 -30.42130000 -544.42200000
v 2.93446000 -30.26940000 -543.86500000
v -1.67708000 -24.42640000 -536.19700000
v 2.41093000 -26.03140000 -541.64200000
v 2.43917000 -26.28210000 -541.55500000
v 1.57273000 -26.19900000 -542.82800000
v 1.73331000 -26.30790000 -542.64300000
v 1.35946000 -25.48560000 -542.60100000
v -1.83199000 -30.10740000 -536.71900000
v -0.62634600 -35.14930000 -544.07700000
v 1.17849000 -25.60050000 -542.79700000
v 1.39374000 -25.67830000 -542.69300000
v 1.68517000 -26.04240000 -542.62900000
v -1.74175000 -24.70560000 -536.21100000
v -6.65533000 -34.48870000 -546.12800000
v 1.90116000 -25.90900000 -542.28800000
v 1.81230000 -26.09220000 -542.46600000
v 2.09047000 -25.33760000 -542.03800000
v 1.94453000 -25.50530000 -542.18600000
v 2.26946000 -25.20440000 -541.86400000
v -1.89313000 -23.42600000 -535.86400000
v 2.26497000 -24.97290000 -541.85400000
v 1.98743000 -24.18090000 -541.85900000
v 2.95866000 -26.22410000 -540.28300000
v 2.88459000 -26.36170000 -540.46800000
v 2.85976000 -26.23990000 -540.67800000
v -2.12503000 -23.29800000 -535.75700000
v 3.90803000 -32.35570000 -543.33700000
v 3.81757000 -32.15810000 -543.44900000
v -2.07132000 -23.06170000 -535.76400000
v 3.55783000 -31.81260000 -543.91500000
v 3.54123000 -31.60590000 -543.76200000
v 0.59933400 -33.15070000 -537.81900000
v 3.52656000 -31.97910000 -544.09700000
v 3.71854000 -32.26180000 -543.84700000
v 3.78293000 -32.47930000 -543.86100000
v 0.91017900 -31.45670000 -546.89300000
v 1.17061000 -31.44840000 -546.75800000
v 0.78324600 -31.60060000 -547.05500000
v 0.74309400 -31.10720000 -546.78800000
v 1.05846000 -30.96500000 -546.57400000
v 1.85368000 -32.25950000 -547.07800000
v 2.01876000 -32.44930000 -547.08800000
v 1.63050000 -32.27260000 -547.21200000
v 0.98844300 -32.87590000 -547.89000000
v 0.97372500 -32.67800000 -547.81100000
v -0.64114800 -35.92830000 -543.64000000
v 1.86618000 -31.38210000 -546.29300000
v 1.79626000 -31.18940000 -546.18200000
v 1.97965000 -31.01090000 -545.89000000
v 1.95167000 -30.64510000 -545.70300000
v 1.66979000 -30.72440000 -545.99900000
v 1.76163000 -30.96660000 -546.05100000
v 1.59951000 -29.75770000 -545.34300000
v 1.57371000 -29.93260000 -545.48600000
v -0.18993100 -28.41080000 -545.45300000
v -0.31200400 -28.79780000 -545.70300000
v -0.37031400 -28.57250000 -545.61200000
v 0.05660040 -28.54020000 -545.41900000
v -0.08421560 -28.85140000 -545.66600000
v 0.30895300 -28.69060000 -545.42400000
v 0.50429300 -28.89140000 -545.49400000
v -1.83791000 -22.99410000 -535.85100000
v 0.09561660 -25.69130000 -543.54900000
v 0.28628800 -25.84060000 -543.61900000
v 0.05464000 -25.82520000 -543.75900000
v -1.03589000 -35.78450000 -543.61800000
v -0.16012900 -25.88990000 -543.84900000
v -0.19961900 -26.06310000 -544.07800000
v -0.44098200 -26.17390000 -544.09600000
v 0.00703350 -25.99170000 -543.99000000
v -0.07070260 -25.62200000 -543.38600000
v -0.30949700 -25.86180000 -543.64600000
v -1.12285000 -27.25280000 -544.54500000
v -0.12390400 -28.20650000 -545.29300000
v -2.28542000 -29.97080000 -536.52400000
v -0.96070100 -27.04740000 -544.57900000
v -1.65789000 -23.09550000 -535.93900000
v -0.79015500 -26.86100000 -544.61900000
v -1.05891000 -35.43530000 -543.83700000
v -1.33029000 -27.10910000 -544.24500000
v -1.57096000 -23.48590000 -537.67100000
v 0.20677400 -25.97350000 -543.83900000
v 0.16245200 -26.13050000 -544.03300000
v 0.57624800 -26.14230000 -543.76700000
v -1.66294000 -23.34330000 -535.96900000
v 0.39584800 -26.00870000 -543.73700000
v 0.70154500 -25.85800000 -543.38100000
v 0.78081700 -26.18940000 -543.67600000
v -0.70508800 -26.46080000 -544.30800000
v -0.76668500 -26.63630000 -544.49000000
v -0.51705200 -26.50410000 -544.50700000
v -0.59867900 -26.71030000 -544.61500000
v -1.25380000 -35.76810000 -543.51100000
v -0.25175700 -26.22980000 -544.25000000
v -0.74412600 -35.08850000 -545.38400000
v -3.83710000 -24.34190000 -536.56800000
v -0.37796500 -26.74870000 -544.62600000
v -0.54440300 -26.92950000 -544.70200000
v -0.30952400 -27.01850000 -544.69600000
v 0.10300700 -26.82230000 -544.51200000
v 0.41793500 -27.14120000 -544.47400000
v -1.11625000 -29.56080000 -546.23900000
v -1.48532000 -29.81320000 -546.38900000
v 0.20119000 -29.36210000 -545.90800000
v 0.06347090 -29.65880000 -546.15400000
v 1.32359000 -29.37780000 -545.31800000
v 1.38771000 -29.75600000 -545.51900000
v 1.02575000 -29.40760000 -545.53000000
v 0.94739700 -29.56170000 -545.68900000
v 0.47609800 -29.75790000 -546.07300000
v 0.65366600 -29.68500000 -545.94100000
v -0.15666500 -27.24000000 -544.72500000
v 0.04571300 -27.21360000 -544.65400000
v -6.93454000 -34.91630000 -541.25100000
v 0.45730500 -27.38820000 -544.54900000
v 0.30633600 -28.12580000 -544.98800000
v 0.52902300 -28.08710000 -544.86100000
v -1.30084000 -29.26090000 -546.01200000
v -1.34189000 -29.46490000 -546.15200000
v -1.27156000 -29.01560000 -545.88300000
v -1.08308000 -29.06700000 -545.92200000
v 2.54243000 -29.07240000 -543.78500000
v -3.95409000 -24.51680000 -536.72400000
v 2.19981000 -28.82100000 -544.18900000
v 2.10781000 -28.87290000 -544.39200000
v 2.00797000 -28.71790000 -544.45600000
v 2.30227000 -28.79900000 -543.98700000
v -7.22149000 -34.34660000 -543.41700000
v 2.09713000 -29.11030000 -544.55000000
v 2.33233000 -29.01620000 -544.10100000
v 2.40519000 -28.72820000 -543.75000000
v 2.30884000 -28.59830000 -543.86300000
v 2.49592000 -28.64430000 -543.52800000
v 2.60345000 -28.44220000 -543.18400000
v 2.71990000 -28.65640000 -543.09900000
v 2.34190000 -28.06780000 -543.19000000
v 2.18239000 -27.89410000 -543.17500000
v 2.49214000 -28.26170000 -543.21700000
v 2.15874000 -28.07170000 -543.62200000
v 2.29420000 -36.13560000 -540.33800000
v 2.45173000 -36.63890000 -540.73700000
v 2.56292000 -36.23040000 -540.66200000
v 0.98525600 -35.72380000 -539.06700000
v 2.19861000 -35.98350000 -540.17100000
v 2.29533000 -35.77640000 -540.13400000
v 2.38376000 -35.58560000 -540.09300000
v 2.57871000 -35.87860000 -540.48500000
v 2.69511000 -35.53430000 -540.40200000
v 2.49342000 -35.38470000 -540.05500000
v 2.79936000 -35.17580000 -540.25500000
v 2.83557000 -35.32430000 -540.42300000
v 2.91522000 -34.99960000 -540.27300000
v 1.65965000 -34.80390000 -538.73300000
v 1.87797000 -35.03960000 -539.09300000
v 1.96045000 -34.82600000 -539.01100000
v -0.97761400 -30.85170000 -536.97200000
v -1.01176000 -31.22970000 -536.86700000
v 0.28673300 -30.70490000 -537.38200000
v 0.31042700 -31.70180000 -537.12800000
v 0.55810700 -31.68180000 -537.19800000
v 0.15513300 -31.51050000 -537.15400000
v 0.07667050 -31.68970000 -537.07300000
v -0.28990500 -37.23920000 -541.04500000
v -6.97811000 -34.82280000 -541.48400000
v 0.11755500 -37.46310000 -540.71500000
v 0.11188600 -37.43920000 -540.94700000
v 0.66875100 -37.18940000 -539.93200000
v -7.00426000 -34.12190000 -542.48200000
v 1.02519000 -37.38000000 -540.25500000
v 0.26058000 -37.09550000 -539.74000000
v -0.37184800 -28.22110000 -545.42800000
v -0.15606900 -36.93450000 -539.57200000
v 0.11946900 -36.91120000 -539.56100000
v -0.69029200 -36.61580000 -539.35500000
v 0.47936400 -37.05960000 -539.75200000
v -6.91735000 -34.30820000 -541.41200000
v 1.21272000 -37.22170000 -540.18400000
v 1.13619000 -37.03450000 -540.00900000
v 2.46479000 -35.28250000 -545.37000000
v -4.16326000 -24.03700000 -537.02300000
v -1.58836000 -30.76710000 -536.82900000
v 2.70680000 -34.99210000 -545.68100000
v 2.49133000 -35.90170000 -545.05200000
v 2.71158000 -35.60180000 -545.24800000
v 2.72690000 -35.80860000 -545.11900000
v 2.88693000 -35.51680000 -545.35600000
v 2.67601000 -35.39070000 -545.38100000
v 3.22910000 -34.02750000 -546.37500000
v 3.15391000 -34.24430000 -546.32900000
v 2.97871000 -34.07840000 -546.38700000
v 3.05702000 -33.85430000 -546.43900000
v -6.99976000 -35.85520000 -544.54200000
v 2.65960000 -33.28810000 -546.79100000
v 2.70260000 -33.70270000 -546.61900000
v -7.20680000 -35.52520000 -544.67100000
v 2.81273000 -33.89960000 -546.47700000
v 2.61194000 -34.00790000 -546.43300000
v 2.55648000 -33.88120000 -546.58200000
v -0.91112500 -28.62740000 -536.95400000
v 2.62160000 -34.26770000 -546.13500000
v 2.37340000 -34.29880000 -545.98200000
v -6.68793000 -35.19690000 -540.48500000
v 2.81658000 -34.44570000 -546.08300000
v -3.83961000 -25.07600000 -536.62400000
v 2.59121000 -34.43580000 -545.97800000
v 2.74310000 -34.12360000 -546.32500000
v -6.64073000 -35.40940000 -540.36400000
v -6.20596000 -36.08090000 -539.73800000
v 2.88368000 -34.27420000 -546.24800000
v -6.19620000 -36.36400000 -539.79200000
v 3.42285000 -34.20400000 -546.32000000
v 3.35991000 -34.40910000 -546.25900000
v 3.55005000 -34.57740000 -546.14600000
v 3.29058000 -34.58570000 -546.15400000
v -3.72910000 -25.45550000 -536.51000000
v 2.91772000 -34.67450000 -545.97800000
v -3.59485000 -25.09220000 -536.30200000
v 3.07648000 -34.42000000 -546.21500000
v 3.03995000 -34.56690000 -546.09900000
v 0.77078600 -35.15260000 -544.77300000
v 0.79715500 -35.32270000 -544.61900000
v 0.69952000 -34.92450000 -544.83400000
v -6.77234000 -36.43110000 -542.06500000
v 1.12117000 -35.06050000 -545.01100000
v 1.29317000 -35.26400000 -545.00100000
v 1.91166000 -34.66090000 -545.49900000
v 1.68354000 -34.57700000 -545.43400000
v -1.08460000 -28.21110000 -536.81400000
v 2.25924000 -34.58830000 -545.71200000
v 3.02080000 -32.59490000 -546.13200000
v 1.82133000 -34.12600000 -547.19100000
v 1.95998000 -34.08440000 -546.99900000
v 1.65163000 -34.19890000 -546.23500000
v 2.04541000 -34.09770000 -546.38800000
v 1.40575000 -34.27280000 -546.17900000
v 2.16090000 -34.04600000 -546.55000000
v 2.06106000 -34.04210000 -546.75700000
v 2.30129000 -33.80470000 -546.86700000
v 2.12352000 -33.92480000 -546.93200000
v 2.09489000 -33.63140000 -547.20700000
v 2.18905000 -33.74300000 -547.05000000
v 2.00051000 -33.90800000 -547.16600000
v 1.80113000 -33.94430000 -547.34600000
v 1.53711000 -33.73590000 -547.60800000
v 1.37371000 -22.36080000 -536.75400000
v 2.03157000 -32.85150000 -547.24600000
v 1.79103000 -32.89560000 -547.41300000
v 0.55978300 -34.25910000 -548.14400000
v -7.04878000 -34.91520000 -541.84600000
v 1.05334000 -34.31320000 -547.72500000
v 1.25675000 -34.31760000 -547.56900000
v 1.00346000 -34.64970000 -547.42300000
v 0.64039300 -34.62660000 -547.78100000
v 0.65998500 -34.43220000 -547.95400000
v -3.43919000 -25.22450000 -536.13900000
v 0.89056800 -34.06480000 -547.96100000
v 1.10781000 -33.66620000 -547.89900000
v 0.86598800 -34.28860000 -547.87900000
v 3.25990000 -30.05140000 -540.30100000
v 3.39170000 -30.02600000 -540.72100000
v -3.47000000 -25.45530000 -536.19700000
v 2.96995000 -29.78480000 -540.19800000
v -6.66745000 -36.70340000 -541.76900000
v 1.41549000 -22.84530000 -536.85800000
v 3.11397000 -30.31960000 -539.58400000
v -3.56068000 -36.44500000 -538.60900000
v -3.31636000 -35.98560000 -538.30400000
v -3.72688000 -36.13200000 -538.44300000
v -1.23001000 -31.23240000 -536.83400000
v -1.59297000 -31.04040000 -536.82200000
v -1.62902000 -31.58300000 -536.81900000
v -2.83167000 -32.48760000 -536.81500000
v -2.64789000 -32.15260000 -536.74500000
v -3.40332000 -31.11780000 -536.84300000
v -3.19768000 -31.17540000 -536.75900000
v -2.89605000 -31.42680000 -536.69600000
v 1.25390000 -22.83340000 -536.98800000
v -2.64667000 -31.94230000 -536.72500000
v -2.19481000 -31.88990000 -536.78200000
v -2.25669000 -31.60870000 -536.75200000
v -1.94818000 -31.96530000 -536.81300000
v -1.75980000 -32.14570000 -536.82100000
v -1.77112000 -32.42590000 -536.84400000
v -1.55962000 -32.56810000 -536.88700000
v -1.33994000 -32.44750000 -536.87800000
v -1.32741000 -32.21870000 -536.83800000
v -1.98717000 -32.54890000 -536.86600000
v -0.84400700 -33.67470000 -537.50800000
v -0.49741400 -33.98890000 -537.71300000
v -0.40468400 -33.50990000 -537.57600000
v 0.43915200 -33.95230000 -537.92300000
v -1.07238000 -33.15320000 -537.22900000
v -0.79877600 -33.46240000 -537.43400000
v -0.72940100 -33.24480000 -537.37900000
v -1.12389000 -32.54250000 -536.96200000
v -0.87388300 -33.06320000 -537.25300000
v -0.91588800 -32.62680000 -537.06500000
v -0.12317700 -37.10330000 -539.74500000
v -0.51587300 -37.05240000 -539.74200000
v 1.24220000 -31.37290000 -537.49600000
v 0.75766900 -31.77700000 -537.30100000
v 0.42528900 -31.87690000 -537.15600000
v -0.10601800 -32.19710000 -537.08400000
v 0.18090000 -32.17080000 -537.16800000
v 0.08594170 -32.34320000 -537.22200000
v 0.36115100 -32.30190000 -537.34800000
v 0.39071900 -32.09070000 -537.23800000
v 0.58735600 -31.94420000 -537.27500000
v 0.57206600 -32.16720000 -537.39700000
v 0.68541700 -32.56730000 -537.65600000
v 0.78407200 -32.21570000 -537.55400000
v 1.13993000 -32.12600000 -537.70900000
v 1.65849000 -32.17080000 -538.07400000
v 1.67971000 -31.90420000 -538.02800000
v 1.34471000 -32.07780000 -537.80400000
v 0.71345600 -25.67920000 -537.76700000
v 1.91083000 -32.49570000 -538.40100000
v 1.79887000 -32.70020000 -538.39600000
v 2.06928000 -32.89970000 -538.67600000
v 1.81399000 -32.31470000 -538.25300000
v -3.03364000 -23.50630000 -535.91200000
v 1.45502000 -32.23890000 -537.96000000
v 0.83323300 -33.12850000 -537.92200000
v -3.11056000 -25.44290000 -535.94200000
v 0.89587800 -32.87930000 -537.88400000
v -3.37852000 -32.85010000 -537.10000000
v -3.05777000 -33.16340000 -537.15700000
v -2.95779000 -33.03660000 -537.03100000
v -2.95897000 -33.35120000 -537.25100000
v -2.73509000 -33.41820000 -537.21000000
v -3.39763000 -32.63640000 -537.04900000
v -3.20105000 -32.71590000 -536.98000000
v -2.99354000 -32.81980000 -536.93800000
v -3.09431000 -32.35000000 -536.84600000
v -3.03066000 -32.58740000 -536.88400000
v -2.60423000 -32.85360000 -536.87900000
v -2.65123000 -33.93040000 -537.51700000
v -2.92914000 -33.96480000 -537.52100000
v -2.99940000 -34.19730000 -537.63100000
v -4.16091000 -37.83050000 -539.75500000
v -4.02884000 -38.14440000 -540.05900000
v -3.08853000 -38.50140000 -540.48400000
v -2.94796000 -38.53770000 -540.68900000
v -2.82773000 -38.50840000 -540.53300000
v -3.64463000 -36.96020000 -538.99000000
v -7.01546000 -35.25390000 -541.53800000
v -3.31989000 -36.75850000 -538.83300000
v -2.02728000 -35.83190000 -538.31800000
v -1.82976000 -35.67360000 -538.23900000
v -2.28846000 -35.59170000 -538.14800000
v -0.70705400 -36.87830000 -541.43100000
v -0.62417000 -37.09280000 -540.84200000
v -0.80591900 -36.91650000 -541.18500000
v -1.38001000 -36.20420000 -542.53000000
v -1.56249000 -36.38840000 -542.17300000
v -1.57569000 -36.19050000 -542.52300000
v -4.78355000 -22.79080000 -539.31800000
v -1.73056000 -36.22350000 -542.66700000
v -1.74916000 -36.09760000 -542.87000000
v -6.49437000 -36.70810000 -542.19100000
v -1.02709000 -36.71480000 -541.60800000
v -0.93317800 -36.83070000 -541.38500000
v -1.24445000 -36.77880000 -541.64100000
v -1.45831000 -36.53980000 -541.98900000
v -1.54655000 -36.78400000 -541.84200000
v -2.27431000 -37.67460000 -541.73700000
v -1.67488000 -36.59360000 -542.10900000
v -7.04248000 -35.39000000 -541.72000000
v -1.88481000 -37.14840000 -541.82000000
v -1.86224000 -36.69630000 -542.25600000
v -1.83843000 -36.82120000 -542.07400000
v -2.11300000 -37.13950000 -542.19900000
v -1.77323000 -36.93640000 -541.89500000
v -1.56150000 -37.12030000 -541.56100000
v -1.86472000 -37.46210000 -541.49000000
v 0.86218500 -25.33180000 -537.58400000
v -1.15459000 -37.30090000 -540.02400000
v -1.14779000 -37.17460000 -539.86500000
v -0.93142800 -37.12140000 -539.84300000
v -0.70296300 -37.08190000 -539.81100000
v -1.05935000 -36.87150000 -539.54300000
v -1.44550000 -37.00270000 -539.57600000
v -1.30175000 -36.88380000 -539.49000000
v -1.20150000 -36.74170000 -539.37700000
v -2.14088000 -38.25940000 -540.49100000
v -1.81253000 -37.94550000 -540.37500000
v -1.60730000 -37.79290000 -540.42500000
v -2.15217000 -38.10990000 -540.26600000
v -1.99451000 -37.90290000 -540.21300000
v -1.51597000 -37.66700000 -540.28500000
v -1.42446000 -37.63020000 -540.51100000
v -1.75992000 -37.78610000 -540.22100000
v -2.26088000 -37.61550000 -539.86900000
v 0.58652300 -25.50070000 -537.90700000
v -1.36894000 -33.98330000 -537.70800000
v -1.39201000 -34.19600000 -537.85800000
v -2.35694000 -26.78590000 -536.19900000
v -0.82015900 -34.46200000 -537.91500000
v -0.94854600 -34.65500000 -537.97800000
v -0.69679800 -34.65450000 -537.96500000
v 2.13252000 -34.13200000 -538.97800000
v 2.51374000 -34.47110000 -539.49000000
v 0.58244700 -25.77090000 -537.91600000
v 2.10423000 -33.12530000 -538.76600000
v 2.05453000 -33.70550000 -538.82800000
v 2.33111000 -33.40880000 -539.05700000
v -7.00219000 -35.50470000 -541.47000000
v 1.19032000 -34.42540000 -538.28600000
v 2.37877000 -34.38210000 -539.30400000
v -2.21645000 -26.98580000 -536.30600000
v 2.63077000 -34.58170000 -539.65100000
v 1.14475000 -34.15720000 -538.21900000
v 1.36323000 -34.29270000 -538.32600000
v 1.54997000 -34.19190000 -538.41000000
v 1.55255000 -34.43630000 -538.46600000
v 1.86975000 -34.23430000 -538.65900000
v -6.41905000 -37.01310000 -541.01000000
v 1.53096000 -34.65230000 -538.55000000
v 1.72696000 -34.56790000 -538.64900000
v 1.92179000 -34.45640000 -538.76000000
v -1.71054000 -34.71660000 -537.96100000
v -1.57402000 -34.87200000 -537.99700000
v -1.84579000 -34.88610000 -537.96500000
v -1.54143000 -35.22180000 -538.04800000
v -2.18445000 -36.22300000 -538.58100000
v -2.12393000 -36.39710000 -538.74500000
v -1.74772000 -36.02450000 -538.51500000
v -2.20049000 -36.02710000 -538.42600000
v -2.65493000 -36.22720000 -538.49800000
v -0.92720700 -36.58250000 -539.30000000
v 4.62959000 -35.09560000 -544.30700000
v 4.55142000 -35.23020000 -544.53500000
v 4.55773000 -34.83690000 -544.61300000
v 0.56226500 -25.23520000 -537.92300000
v 4.43882000 -34.50340000 -544.90900000
v -6.98845000 -33.05750000 -543.89700000
v -1.49737000 -19.98090000 -535.79900000
v -1.06214000 -19.90650000 -535.80200000
v -1.33893000 -19.81080000 -535.80700000
v -1.34409000 -20.20840000 -535.78700000
v -0.82356800 -19.77590000 -535.82200000
v -1.04118000 -19.37330000 -535.96600000
v -0.69442600 -19.55820000 -535.84900000
v -1.11274000 -19.69490000 -535.82700000
v -1.21277000 -19.27230000 -536.07300000
v -2.38117000 -20.36670000 -536.35100000
v -2.65725000 -20.21770000 -536.71100000
v -2.55565000 -20.50050000 -536.46000000
v -2.70253000 -20.40550000 -536.65800000
v -2.71118000 -19.97480000 -537.06800000
v -2.86614000 -20.19960000 -537.11000000
v -2.52285000 -20.05140000 -536.64300000
v -2.44378000 -19.71680000 -536.90700000
v -3.02584000 -20.34250000 -537.29000000
v -3.04202000 -20.63080000 -536.97600000
v -4.50197000 -22.66490000 -537.85400000
v -4.51968000 -22.88520000 -537.88900000
v -4.45065000 -22.76850000 -537.66800000
v -4.35163000 -23.12700000 -537.46400000
v -4.48828000 -23.12820000 -537.86800000
v -4.29454000 -22.90550000 -537.33600000
v -4.30171000 -23.81420000 -537.31000000
v -4.38700000 -23.98080000 -537.43500000
v -4.27901000 -24.00210000 -537.21500000
v -4.39996000 -23.27710000 -537.64000000
v -4.28449000 -23.59450000 -537.32900000
v -4.20680000 -23.51180000 -537.15300000
v 1.05832000 -34.09710000 -547.83400000
v -4.20150000 -23.77760000 -537.12200000
v -4.18794000 -23.29300000 -537.13200000
v -3.98660000 -23.73470000 -536.77900000
v -3.94254000 -23.30820000 -536.74300000
v -3.85453000 -23.70070000 -536.59900000
v -3.87331000 -24.11420000 -536.61000000
v -2.62682000 -23.49710000 -535.69600000
v -2.51251000 -24.02240000 -535.66500000
v -2.29406000 -23.64960000 -535.73000000
v -4.65032000 -23.84810000 -538.03700000
v -4.80054000 -23.65110000 -538.39600000
v -4.74937000 -24.07420000 -538.11400000
v 1.10609000 -22.77370000 -537.12400000
v -3.56195000 -20.76550000 -538.66500000
v -3.51115000 -20.65020000 -538.28500000
v -3.70859000 -20.93060000 -538.66900000
v -3.74624000 -21.08990000 -538.88600000
v -4.13301000 -21.48100000 -538.88300000
v -3.57078000 -21.82700000 -539.73300000
v -3.65960000 -21.68880000 -539.56800000
v -3.40701000 -21.30900000 -539.39600000
v -3.53042000 -20.98980000 -539.02400000
v -3.81936000 -21.28000000 -539.06700000
v -2.10577000 -19.60040000 -538.18400000
v -2.33728000 -19.93730000 -538.49400000
v 1.21569000 -22.39330000 -536.90200000
v -2.46511000 -20.13180000 -538.64600000
v -2.74424000 -20.65920000 -539.01000000
v -2.97307000 -20.64370000 -538.99900000
v -2.49914000 -20.65010000 -538.98100000
v -2.72211000 -20.98600000 -539.23000000
v -2.46189000 -20.97290000 -539.17700000
v -2.18741000 -20.98290000 -539.08500000
v -2.47022000 -21.33940000 -539.38500000
v -1.37131000 -20.80220000 -538.45300000
v -1.86066000 -21.18180000 -538.93900000
v -1.74075000 -20.87780000 -538.79600000
v -5.71426000 -33.27560000 -538.70300000
v -5.60013000 -33.71170000 -538.66400000
v -5.44840000 -33.44330000 -538.45500000
v -6.00617000 -34.26910000 -539.20000000
v -5.73932000 -34.62790000 -538.93500000
v -5.84652000 -34.22930000 -538.98900000
v -5.58660000 -34.79630000 -538.82000000
v -5.73131000 -33.52560000 -538.77400000
v 0.94771000 -23.80450000 -537.40800000
v -5.80801000 -33.07550000 -538.82800000
v -5.49458000 -34.10770000 -538.61200000
v -5.18623000 -32.23520000 -538.19500000
v -5.46653000 -32.63720000 -538.41200000
v -5.40354000 -32.86490000 -538.31700000
v -5.03933000 -32.86830000 -538.02200000
v -5.14894000 -32.68410000 -538.09800000
v -4.37673000 -31.35330000 -537.40100000
v -4.42060000 -31.59490000 -537.44500000
v -4.43628000 -31.82220000 -537.53900000
v -4.62576000 -31.85090000 -537.69200000
v -0.62572600 -28.55510000 -545.66700000
v -7.02204000 -35.60640000 -541.71500000
v -4.80498000 -31.88670000 -537.83600000
v -4.70008000 -32.06990000 -537.77500000
v -4.50187000 -32.04200000 -537.63300000
v -4.26153000 -32.30230000 -537.48700000
v -6.96927000 -35.75230000 -541.33500000
v -3.46751000 -31.78020000 -536.91900000
v -3.10766000 -31.86550000 -536.76300000
v -3.66854000 -31.84690000 -537.05500000
v -3.49051000 -32.03000000 -536.97900000
v -3.55809000 -32.25820000 -537.07200000
v -3.33101000 -32.22750000 -536.92700000
v -4.83652000 -33.91170000 -538.09400000
v -2.33446000 -25.61620000 -535.95600000
v -4.60318000 -33.56950000 -537.86400000
v -4.32133000 -33.07080000 -537.59500000
v -4.47579000 -32.90090000 -537.66500000
v 1.09509000 -23.43230000 -537.17700000
v -4.53748000 -33.35590000 -537.77600000
v -4.16669000 -33.26310000 -537.55000000
v -3.82854000 -33.10790000 -537.33200000
v -4.09898000 -32.16220000 -537.38400000
v -6.98269000 -35.86050000 -541.70900000
v -4.05131000 -31.70470000 -537.26000000
v -2.35850000 -26.29530000 -536.10100000
v -3.43598000 -33.23590000 -537.26900000
v -3.36224000 -33.45910000 -537.34900000
v -3.29683000 -33.08240000 -537.17600000
v -3.11754000 -33.51000000 -537.36000000
v -3.82550000 -32.71230000 -537.26900000
v -3.72142000 -32.91220000 -537.24300000
v -3.51914000 -32.98340000 -537.18800000
v -3.71590000 -32.48680000 -537.19600000
v -3.59407000 -32.70750000 -537.16100000
v -3.88037000 -31.87660000 -537.19600000
v -3.91187000 -32.33670000 -537.29100000
v -5.69705000 -35.34450000 -539.04300000
v -5.53744000 -35.29540000 -538.89700000
v -5.44082000 -35.91820000 -538.98400000
v -5.41243000 -34.96310000 -538.71700000
v -5.22053000 -35.31890000 -538.69200000
v -2.63035000 -35.39170000 -538.03000000
v -2.97894000 -35.17960000 -537.96100000
v -3.09896000 -35.41300000 -538.01600000
v -3.10014000 -34.97350000 -537.92600000
v -4.01339000 -35.85410000 -538.38400000
v -3.56355000 -35.85960000 -538.27400000
v -3.71912000 -35.49890000 -538.18400000
v -4.08522000 -34.69740000 -538.04100000
v -2.54786000 -25.78140000 -535.92400000
v -3.84494000 -35.01160000 -538.08600000
v -3.87096000 -34.78390000 -538.00500000
v -4.48493000 -35.88740000 -538.54000000
v -4.19043000 -36.17410000 -538.57400000
v -4.13801000 -35.35050000 -538.28500000
v -4.25573000 -35.76800000 -538.42800000
v -3.80851000 -35.26480000 -538.14500000
v -4.01101000 -35.17820000 -538.19500000
v -4.22801000 -35.08070000 -538.25200000
v -4.59363000 -35.25160000 -538.42100000
v 1.18762000 -23.42730000 -541.63800000
v -4.48468000 -35.07020000 -538.34600000
v -4.51303000 -34.69000000 -538.23400000
v -6.93828000 -36.11280000 -541.70300000
v -4.68467000 -34.48550000 -538.21300000
v -4.37932000 -34.36390000 -538.00900000
v -4.77757000 -34.64420000 -538.32700000
v -4.03549000 -36.31160000 -538.60500000
v -4.03455000 -36.74400000 -538.88300000
v -3.83391000 -36.46210000 -538.65400000
v -3.77578000 -36.79490000 -538.87600000
v -6.54495000 -32.25330000 -540.57300000
v -2.14546000 -33.22840000 -536.99600000
v -2.23018000 -33.00350000 -536.94800000
v -2.62051000 -33.12420000 -536.95300000
v -2.57656000 -33.33440000 -537.06200000
v -2.33432000 -33.41840000 -537.05400000
v 2.51504000 -22.75240000 -540.63400000
v -2.06327000 -33.61810000 -537.23000000
v -2.25537000 -33.77340000 -537.36200000
v -4.37618000 -35.83170000 -544.01100000
v -2.30138000 -33.61360000 -537.20100000
v -2.51181000 -33.53780000 -537.19700000
v -4.70165000 -36.02970000 -543.85800000
v -2.66684000 -33.60880000 -537.33100000
v -2.77250000 -33.77050000 -537.44500000
v -3.02167000 -33.73630000 -537.43600000
v -3.17998000 -33.87320000 -537.49100000
v -3.99619000 -33.44830000 -537.51100000
v -3.81367000 -33.33340000 -537.39600000
v -4.46570000 -33.76000000 -537.84200000
v -4.08973000 -33.89910000 -537.69700000
v -4.27032000 -34.21090000 -537.89200000
v -3.98872000 -33.69240000 -537.58600000
v -3.69491000 -34.16900000 -537.69700000
v -5.23622000 -25.36290000 -541.77600000
v -5.34119000 -25.75820000 -541.61800000
v -5.33922000 -25.93290000 -541.07700000
v -5.33402000 -26.52580000 -540.90000000
v -5.19903000 -26.11250000 -540.74800000
v -5.23467000 -25.71500000 -540.76000000
v -5.35959000 -25.23910000 -540.70600000
v -5.25021000 -25.90590000 -540.87500000
v -5.06444000 -26.11570000 -540.51700000
v -5.34960000 -25.55210000 -541.18400000
v -5.37156000 -25.82840000 -541.23200000
v -5.31015000 -25.67680000 -540.98500000
v -5.26643000 -25.26140000 -541.56000000
v -5.35217000 -25.67940000 -541.40200000
v -5.46630000 -26.42500000 -541.27200000
v -5.40235000 -25.97110000 -541.45000000
v -5.42756000 -26.14610000 -541.66800000
v -5.12676000 -26.30390000 -540.60200000
v -2.47817000 -25.18720000 -535.84500000
v -4.96355000 -26.60700000 -540.30600000
v -5.39204000 -26.34600000 -541.07500000
v -5.50129000 -26.73150000 -541.29200000
v -5.44751000 -26.86680000 -541.07100000
v -5.36490000 -26.98550000 -540.85200000
v -5.82356000 -28.80650000 -540.54700000
v -5.83666000 -28.96190000 -540.39200000
v 2.57019000 -22.36950000 -540.38000000
v -5.80942000 -37.29170000 -540.42800000
v -5.70460000 -28.06120000 -541.28300000
v -5.82581000 -28.15650000 -541.49900000
v -5.87896000 -28.45340000 -541.14800000
v -5.63706000 -28.25240000 -540.88900000
v -4.74586000 -26.87160000 -539.57000000
v -4.71970000 -27.02480000 -539.38400000
v -4.63583000 -26.84160000 -539.31700000
v -4.65859000 -26.64120000 -539.43600000
v -5.29980000 -24.83650000 -541.26400000
v -5.20595000 -24.36810000 -541.05300000
v -5.17284000 -24.16160000 -540.88300000
v -5.08257000 -24.16870000 -541.12700000
v -5.15326000 -23.98260000 -540.71800000
v -5.15616000 -23.80030000 -540.34000000
v -4.98989000 -23.24740000 -539.85700000
v -5.02118000 -23.29230000 -539.60900000
v -4.84416000 -22.92080000 -539.51300000
v -1.85062000 -27.77400000 -536.47200000
v -5.11738000 -23.58890000 -539.98400000
v -4.73379000 -23.15380000 -538.45300000
v -5.05685000 -23.53940000 -539.26400000
v -5.18448000 -23.92740000 -539.67700000
v -5.09024000 -23.81970000 -539.23200000
v -4.99065000 -23.40300000 -539.09900000
v -4.42484000 -25.58120000 -537.74800000
v -4.34280000 -25.61700000 -537.51100000
v -4.32428000 -25.40710000 -537.37300000
v -4.76639000 -26.19900000 -539.83000000
v -1.26175000 -25.54490000 -538.44000000
v -4.95760000 -25.80330000 -539.71600000
v -4.70322000 -26.41260000 -539.75900000
v -4.76505000 -26.20180000 -539.61300000
v -4.75910000 -26.33840000 -539.99900000
v -4.96725000 -25.60780000 -539.37400000
v -4.80725000 -25.93620000 -538.99100000
v -4.86854000 -25.64970000 -538.96100000
v -3.58464000 -25.57670000 -536.34200000
v -3.53144000 -25.99980000 -536.34800000
v -3.39991000 -25.67990000 -536.16600000
v -3.86112000 -25.58360000 -536.68000000
v -3.97628000 -25.16610000 -536.81900000
v -3.98236000 -25.41910000 -536.83200000
v -4.21306000 -25.42240000 -537.15500000
v -3.99716000 -25.70940000 -536.84200000
v -4.31412000 -24.63130000 -537.23600000
v -4.20179000 -25.01060000 -537.12800000
v -4.04579000 -24.73790000 -536.86600000
v -4.26736000 -25.21180000 -537.23600000
v -4.08802000 -25.89080000 -536.99200000
v -3.95369000 -25.99080000 -536.81500000
v -3.85267000 -25.84650000 -536.67100000
v -3.60180000 -26.15900000 -536.45500000
v -4.14032000 -26.25580000 -537.20800000
v -4.17617000 -26.65610000 -537.41200000
v -4.08744000 -26.71560000 -537.23000000
v -4.27459000 -26.28650000 -537.60300000
v -4.26424000 -26.56710000 -537.61200000
v -4.17473000 -26.02220000 -537.20600000
v -4.01990000 -26.36780000 -537.01300000
v -4.26489000 -25.63130000 -537.29400000
v -4.14699000 -25.66190000 -537.05500000
v -4.48034000 -25.17550000 -537.68500000
v -4.39128000 -25.18360000 -537.46700000
v -4.35060000 -25.00230000 -537.35100000
v -1.47963000 -27.98590000 -536.57100000
v -3.08252000 -27.17470000 -536.22300000
v -3.14933000 -27.43170000 -536.30600000
v -3.21629000 -26.74930000 -536.25800000
v -3.17163000 -26.51950000 -536.18200000
v -3.25338000 -26.99770000 -536.30500000
v -3.29637000 -27.25140000 -536.37600000
v -3.40706000 -26.78730000 -536.41600000
v -3.32297000 -28.52130000 -536.89300000
v -3.26758000 -28.34510000 -536.72100000
v -3.10237000 -27.98940000 -536.42900000
v -3.20739000 -28.15350000 -536.55900000
v -3.52804000 -28.47640000 -537.02000000
v -3.42288000 -28.72360000 -537.01300000
v -1.46387000 -24.66520000 -538.03700000
v -3.43573000 -28.28630000 -536.87300000
v -3.38142000 -28.09460000 -536.70100000
v -3.72966000 -26.89930000 -536.79900000
v -3.75378000 -26.41010000 -536.68500000
v -3.56172000 -26.57760000 -536.52500000
v -4.63260000 -22.48930000 -539.62000000
v -4.69390000 -22.56310000 -539.37600000
v -4.29471000 -22.31500000 -539.87000000
v -4.58571000 -24.27780000 -541.66500000
v -4.39842000 -24.34720000 -541.81900000
v -4.73512000 -23.62830000 -541.03800000
v -4.92663000 -23.99430000 -541.18600000
v -4.87031000 -23.58110000 -540.84800000
v -3.18819000 -21.86590000 -539.89600000
v -6.90439000 -34.49730000 -541.28000000
v 2.25282000 -22.42450000 -540.60300000
v -4.38094000 -23.70950000 -541.28300000
v -4.57844000 -24.09560000 -541.51700000
v -4.21786000 -23.17970000 -540.91300000
v -4.35069000 -23.35290000 -541.00900000
v -3.96461000 -24.15210000 -541.80200000
v -3.86861000 -24.00320000 -541.66900000
v -3.54075000 -23.72270000 -541.39000000
v -3.59248000 -24.02660000 -541.69200000
v -3.77342000 -23.70700000 -541.38600000
v -3.89861000 -23.56170000 -541.26200000
v -4.02716000 -23.04210000 -540.84700000
v -3.98815000 -23.41420000 -541.14100000
v -4.18401000 -22.40140000 -540.09400000
v -4.13162000 -22.12160000 -539.73600000
v -3.88350000 -22.08410000 -539.82000000
v -4.27073000 -22.57420000 -540.28400000
v -1.71035000 -24.96810000 -536.26800000
v -1.56647000 -24.79920000 -536.34800000
v -1.54475000 -24.55260000 -536.32700000
v -2.30815000 -23.90090000 -535.71700000
v -2.11460000 -23.76240000 -535.80900000
v -2.12614000 -23.51570000 -535.78000000
v -2.30976000 -23.15020000 -535.68800000
v -2.08577000 -24.00040000 -535.84200000
v -1.93203000 -23.85950000 -535.91500000
v -1.23270000 -25.62410000 -537.08200000
v -1.20108000 -26.08980000 -537.13700000
v -1.44160000 -23.89970000 -537.58000000
v -1.58114000 -23.90790000 -537.83000000
v -1.68763000 -23.74450000 -537.91400000
v -1.15370000 -23.32140000 -536.87100000
v -1.70707000 -23.52300000 -537.90100000
v -1.90212000 -23.66790000 -538.30900000
v -1.77110000 -23.30470000 -538.02600000
v -1.66831000 -22.26900000 -538.22400000
v 1.13730000 -22.29550000 -540.56900000
v -1.76164000 -22.46970000 -538.31300000
v -1.62147000 -22.45420000 -538.04900000
v -1.47932000 -22.02690000 -538.00100000
v -1.60359000 -22.04560000 -538.22200000
v -1.21977000 -22.80230000 -537.30300000
v -1.76823000 -27.58460000 -536.56900000
v -1.32497000 -22.77750000 -537.50600000
v -2.05365000 -24.53560000 -540.10600000
v -2.12762000 -24.82060000 -540.49300000
v -1.97573000 -24.39670000 -539.67400000
v -1.87528000 -24.60370000 -539.71800000
v -2.00379000 -24.44810000 -539.91100000
v -2.08377000 -24.26920000 -540.10700000
v -2.10964000 -24.20530000 -540.35800000
v -2.12110000 -23.11750000 -540.02500000
v -2.09943000 -23.36390000 -539.92800000
v -2.12410000 -23.59710000 -539.86800000
v -2.10154000 -23.57130000 -540.13900000
v -2.11130000 -23.33860000 -540.12700000
v -2.27291000 -24.48330000 -541.03800000
v -2.32466000 -24.63990000 -541.26300000
v -2.14348000 -23.96190000 -540.67800000
v -2.13702000 -23.59290000 -540.43000000
v -2.12940000 -24.16590000 -540.62300000
v -2.08909000 -23.98500000 -540.43900000
v -2.09289000 -23.78270000 -540.29400000
v -1.58997000 -24.29180000 -538.13700000
v -2.10046000 -24.03850000 -539.73600000
v -2.08183000 -24.07450000 -539.46400000
v -2.08744000 -24.01630000 -540.20000000
v -2.09685000 -24.03330000 -539.97800000
v -2.13177000 -23.46470000 -539.18900000
v -2.10701000 -23.10730000 -539.14600000
v -2.08650000 -23.44290000 -538.91900000
v -1.41485000 -24.16530000 -537.61500000
v -1.49499000 -24.28020000 -537.86500000
v -0.79685600 -26.65840000 -538.60600000
v -0.85001100 -29.16140000 -537.09900000
v -0.95385600 -26.12700000 -539.14800000
v -0.82954700 -26.48310000 -538.78400000
v -1.11946000 -25.75490000 -539.51300000
v -1.36380000 -25.23300000 -538.68800000
v -1.33610000 -25.34520000 -538.50200000
v -1.19396000 -25.67420000 -538.60300000
v -1.32756000 -25.32760000 -538.91000000
v -1.49671000 -25.07780000 -539.35600000
v -1.41802000 -25.12110000 -538.93000000
v -0.74327100 -28.75680000 -537.13900000
v -1.65402000 -24.33960000 -538.36700000
v -1.77316000 -24.23450000 -538.53400000
v -1.91987000 -24.31490000 -539.18600000
v -1.90011000 -24.15370000 -538.74400000
v -2.02477000 -24.04160000 -538.96500000
v -1.77188000 -24.81560000 -539.73800000
v -1.85819000 -24.53030000 -539.51400000
v -1.84104000 -24.89410000 -539.95800000
v -0.59854300 -28.33970000 -537.57100000
v -1.15105000 -25.75900000 -539.29800000
v -1.08501000 -29.40850000 -546.12200000
v -0.75146600 -20.57690000 -536.22100000
v -1.06611000 -25.74080000 -539.73100000
v -0.94915100 -25.88070000 -539.61700000
v -1.21919000 -25.60220000 -539.69100000
v -1.25114000 -25.54370000 -539.45500000
v -1.12360000 -25.91030000 -538.94900000
v -1.18139000 -25.71020000 -539.04400000
v -1.31793000 -25.39790000 -539.26800000
v -1.22901000 -25.58470000 -539.22900000
v -1.35117000 -25.42100000 -539.64600000
v -1.47864000 -25.20410000 -539.59400000
v -1.60438000 -24.87250000 -539.33200000
v -1.60363000 -24.98030000 -539.57100000
v -2.11335000 -25.49780000 -540.88300000
v -0.93122400 -20.95020000 -536.45800000
v -1.93189000 -25.14540000 -540.33700000
v -2.05998000 -25.39990000 -540.71400000
v -6.83659000 -34.50600000 -541.03800000
v -2.25359000 -25.10150000 -541.10600000
v -3.45500000 -24.92750000 -542.33500000
v -3.66806000 -24.74680000 -542.27200000
v -2.85844000 -23.63040000 -541.02800000
v -2.71429000 -23.33870000 -540.72800000
v -0.92489900 -29.68310000 -537.10500000
v 1.31024000 -22.32090000 -540.66200000
v -3.66859000 -24.35570000 -541.98000000
v -3.27513000 -24.26800000 -541.78200000
v -3.39148000 -24.58350000 -542.04800000
v -1.33613000 -24.60170000 -537.45900000
v -1.22974000 -25.46200000 -537.52800000
v -1.34229000 -25.01450000 -537.76000000
v -3.81363000 -21.14450000 -537.92900000
v -3.65983000 -20.85510000 -538.22000000
v -3.89075000 -21.38730000 -537.59300000
v -3.64881000 -21.17650000 -537.51600000
v -3.52968000 -20.86070000 -537.79200000
v -2.79010000 -19.92580000 -537.44400000
v -3.03626000 -20.23880000 -537.53500000
v -3.01101000 -20.13830000 -537.73700000
v -3.16770000 -20.52640000 -537.36600000
v -3.21623000 -20.78400000 -537.12100000
v -1.71295000 -20.04940000 -535.88700000
v -1.61284000 -19.79190000 -535.89800000
v -2.01793000 -20.60840000 -536.12400000
v -1.86684000 -20.46430000 -536.00500000
v -2.37877000 -20.63480000 -536.32100000
v -0.84365300 -21.06780000 -536.66600000
v -0.64377900 -20.96400000 -536.78600000
v -0.72794000 -20.87550000 -536.57700000
v -0.79216300 -21.17310000 -536.85200000
v -0.53423000 -20.77440000 -536.68600000
v -6.89075000 -34.08180000 -541.28000000
v -3.03517000 -23.71450000 -535.90300000
v -2.84425000 -23.56950000 -535.78300000
v -3.16945000 -23.34280000 -536.03100000
v -2.55123000 -23.23010000 -535.68200000
v -2.91017000 -22.44380000 -535.98700000
v -3.11734000 -22.87320000 -535.96900000
v -2.89175000 -22.82640000 -535.85500000
v 0.71928000 -32.97360000 -537.80700000
v -2.30382000 -34.69750000 -544.40200000
v -3.00851000 -22.08380000 -536.15500000
v -3.30685000 -22.95070000 -536.10900000
v -3.02812000 -22.27410000 -536.09800000
v -2.74281000 -20.60700000 -536.61100000
v -2.78295000 -20.80780000 -536.59100000
v -2.60627000 -20.93080000 -536.43900000
v -2.55683000 -20.73190000 -536.44500000
v 0.72320300 -32.76670000 -537.74200000
v -2.93547000 -20.71140000 -536.77000000
v -3.20620000 -21.04900000 -536.84600000
v -3.39910000 -21.19890000 -536.96100000
v -3.26862000 -21.24380000 -536.74800000
v -3.00391000 -20.91580000 -536.72500000
v -1.17477000 -26.31480000 -537.24900000
v -1.72025000 -20.32580000 -535.89200000
v -1.56552000 -20.19640000 -535.81300000
v -1.80421000 -20.71690000 -536.02700000
v -1.64917000 -20.57040000 -535.91400000
v -1.83777000 -21.54950000 -535.97900000
v -1.46065000 -21.58210000 -536.06300000
v -1.72812000 -20.95750000 -536.05800000
v -1.93309000 -21.11070000 -536.09400000
v -2.12942000 -21.29350000 -536.08800000
v -2.03978000 -21.56250000 -535.98200000
v -2.15548000 -21.02000000 -536.17900000
v -1.97013000 -20.86380000 -536.12900000
v -2.71961000 -21.29800000 -536.35900000
v -4.74818000 -22.70300000 -539.55700000
v -2.32575000 -21.16860000 -536.20700000
v -2.73797000 -21.51410000 -536.28000000
v -2.56148000 -21.59320000 -536.16500000
v 1.27184000 -31.73840000 -537.58700000
v -2.85754000 -21.00770000 -536.56600000
v 1.29589000 -22.51730000 -540.83000000
v -3.07613000 -21.12140000 -536.65600000
v -3.29479000 -21.45280000 -536.63100000
v -3.11691000 -21.32950000 -536.55600000
v -3.13782000 -21.54900000 -536.45900000
v -4.79903000 -36.91610000 -542.45000000
v -4.61981000 -37.06640000 -542.34400000
v -5.18359000 -36.68600000 -542.63500000
v -4.98052000 -36.79810000 -542.53300000
v -5.43568000 -36.82170000 -542.32500000
v -5.24584000 -36.87470000 -542.23600000
v -2.95152000 -29.76650000 -546.06700000
v -2.04204000 -22.71040000 -539.02600000
v -4.43700000 -37.17410000 -542.45000000
v -4.26331000 -37.28380000 -542.57100000
v -4.33105000 -37.37560000 -542.32800000
v -4.31215000 -36.94870000 -542.85000000
v -4.18577000 -37.16800000 -542.78900000
v -4.06522000 -37.36160000 -542.70200000
v -4.76213000 -37.35190000 -541.80700000
v -5.52431000 -37.51910000 -540.27000000
v -2.06722000 -35.65730000 -543.53500000
v -2.56363000 -36.16150000 -543.26800000
v -2.48223000 -35.78250000 -543.46100000
v -2.17076000 -36.04460000 -543.33700000
v -2.68368000 -36.76120000 -542.95500000
v 1.60352000 -22.48200000 -540.80700000
v -2.81868000 -37.11170000 -542.75100000
v -3.09866000 -29.63040000 -545.96800000
v -4.91341000 -36.31250000 -542.99300000
v -5.13930000 -36.56350000 -542.80700000
v -3.56332000 -29.79910000 -545.91200000
v -6.14853000 -37.02730000 -540.38300000
v -6.11653000 -37.08280000 -540.64200000
v -5.98781000 -37.15620000 -540.44800000
v -6.30979000 -36.47190000 -539.97600000
v -5.27364000 -37.73930000 -540.91300000
v -3.45070000 -35.40730000 -543.88800000
v -3.16922000 -35.35140000 -543.93000000
v -3.58714000 -35.39750000 -543.63000000
v -3.35145000 -35.34130000 -543.74000000
v -3.15839000 -35.31300000 -543.66700000
v -5.51080000 -36.39640000 -546.24800000
v -5.52962000 -36.29130000 -546.43500000
v -1.04477000 -29.24810000 -546.01700000
v -1.78404000 -22.31520000 -538.44500000
v -3.46197000 -35.07530000 -546.39700000
v -2.48082000 -29.61340000 -546.09600000
v -5.77237000 -36.27740000 -546.46800000
v -5.65511000 -36.38000000 -545.52600000
v -5.51414000 -36.44170000 -545.87600000
v -5.38821000 -36.44460000 -546.08400000
v -5.72813000 -36.40810000 -545.79800000
v -5.73440000 -36.37620000 -546.26300000
v -4.74734000 -36.05500000 -545.41000000
v -4.67390000 -36.07720000 -545.65800000
v -6.86916000 -33.84630000 -541.15800000
v -5.51193000 -36.47700000 -544.18600000
v -5.45531000 -36.31130000 -543.82300000
v -7.09189000 -34.89630000 -542.10400000
v -7.18707000 -34.88140000 -542.62500000
v -7.12629000 -35.12810000 -542.20800000
v -7.24857000 -35.00760000 -542.87800000
v -7.01797000 -35.73900000 -541.93400000
v -0.24360900 -24.39260000 -539.80500000
v -2.97453000 -35.26300000 -545.06100000
v -2.71560000 -35.01090000 -544.90800000
v -3.15372000 -20.41270000 -537.53500000
v -2.37124000 -34.81400000 -544.79700000
v -2.52815000 -34.93290000 -543.95200000
v -2.78811000 -35.10540000 -544.19800000
v -2.42680000 -34.77010000 -544.15800000
v -2.80352000 -35.13450000 -544.43100000
v -2.96626000 -35.23090000 -543.81700000
v -2.36812000 -21.88830000 -539.59700000
v -2.32625000 -35.00690000 -543.83700000
v -2.16276000 -21.56440000 -539.29600000
v -6.79937000 -34.30020000 -540.93200000
v -2.28940000 -35.22890000 -543.73400000
v -2.63708000 -29.43370000 -545.96800000
v -3.11227000 -20.56210000 -537.18200000
v -4.29657000 -36.27860000 -543.07000000
v -3.62369000 -35.53040000 -543.39200000
v -3.38962000 -35.41140000 -543.51700000
v -4.07297000 -36.98760000 -542.92100000
v -3.94133000 -37.18420000 -542.86400000
v -0.14891600 -24.35530000 -539.41600000
v -3.55195000 -37.23180000 -542.77400000
v -3.33406000 -36.86190000 -542.96600000
v -3.16936000 -36.97010000 -542.86800000
v -0.14584000 -24.17120000 -539.88900000
v -4.15886000 -38.04320000 -541.55700000
v -3.97678000 -38.12520000 -541.49300000
v -3.75973000 -38.07790000 -541.59600000
v -3.96744000 -38.28880000 -541.26200000
v -3.31847000 -37.97850000 -541.60000000
v -4.26763000 -37.42990000 -539.45100000
v -4.49896000 -37.30360000 -539.39800000
v -4.36819000 -38.02160000 -541.39600000
v -3.79238000 -26.12540000 -536.65000000
v -4.48327000 -38.05430000 -541.21900000
v -4.60904000 -37.89020000 -541.34300000
v -4.39525000 -37.78470000 -541.77400000
v 0.34327900 -37.40400000 -541.55500000
v 0.08967760 -37.30220000 -541.59600000
v -3.23724000 -29.49540000 -545.84700000
v -0.07074910 -37.19910000 -542.42400000
v -0.24506000 -36.93710000 -542.99700000
v -0.25685200 -37.00010000 -542.78400000
v -0.05273020 -37.08690000 -542.91000000
v -0.50378300 -36.88760000 -542.38200000
v -0.46979000 -36.96120000 -541.78300000
v -0.17335800 -37.22270000 -541.24700000
v -0.34447100 -37.09900000 -541.41100000
v -1.42375000 -37.58480000 -540.76600000
v -6.73488000 -33.90170000 -540.71000000
v -2.47156000 -38.37490000 -540.78800000
v -2.73747000 -38.45100000 -540.80000000
v -2.72998000 -37.31490000 -542.60300000
v -2.94436000 -37.54960000 -542.25900000
v -3.06491000 -37.64890000 -542.07800000
v -2.59959000 -37.46580000 -542.41000000
v -2.70407000 -37.57360000 -542.24000000
v -2.58822000 -37.65780000 -542.03200000
v -2.83140000 -37.66090000 -542.05700000
v -6.76265000 -34.09770000 -540.82300000
v -2.73733000 -37.75130000 -541.85300000
v -0.99704200 -36.43040000 -542.88900000
v -0.88077800 -36.42990000 -543.11900000
v -0.69448900 -36.53380000 -543.16600000
v -0.81094500 -36.58830000 -542.94300000
v -0.70447500 -36.71760000 -542.77400000
v -0.90691600 -36.54990000 -542.70600000
v -3.46822000 -29.58800000 -545.83800000
v -1.28112000 -36.23030000 -542.68500000
v -1.20562000 -36.34090000 -542.42300000
v 1.05196000 -37.37310000 -542.34300000
v 1.03665000 -37.46260000 -542.15100000
v 0.84558400 -37.51500000 -541.99700000
v 0.94178700 -37.56360000 -541.78200000
v 1.12562000 -37.51010000 -541.97000000
v 1.18816000 -37.59680000 -541.75100000
v 1.41566000 -37.64920000 -541.70800000
v 1.27009000 -37.37460000 -542.17000000
v 1.44755000 -37.21570000 -542.29900000
v 1.50094000 -37.35830000 -542.06500000
v 1.92983000 -37.34220000 -541.98500000
v 1.66523000 -37.18020000 -542.21200000
v 1.61968000 -37.72210000 -541.62600000
v 1.43832000 -37.78950000 -541.46800000
v 1.65567000 -37.88660000 -541.38800000
v 1.82379000 -37.81570000 -541.52800000
v 0.14173500 -37.43370000 -540.45600000
v 0.09452910 -23.80550000 -539.85700000
v -6.12070000 -34.56230000 -539.44700000
v -5.51798000 -32.45610000 -538.53000000
v -5.68336000 -32.22440000 -538.89400000
v -5.42300000 -32.00780000 -538.57600000
v -5.30994000 -31.67280000 -538.47600000
v -5.62643000 -31.76470000 -539.02500000
v 3.08547000 -21.59960000 -539.24700000
v -5.56014000 -33.25010000 -538.52100000
v -5.72317000 -32.85480000 -538.71800000
v -5.67459000 -32.44960000 -538.76600000
v -5.87504000 -32.61880000 -539.04900000
v -5.62881000 -32.65170000 -538.62100000
v -6.29153000 -34.16210000 -539.64200000
v -6.32467000 -34.57490000 -539.79800000
v -6.24342000 -36.29820000 -545.85800000
v -6.56229000 -36.00310000 -545.60700000
v -7.07105000 -35.71320000 -544.69000000
v -7.19103000 -35.40970000 -544.87300000
v -7.07561000 -35.39130000 -545.30500000
v -7.27419000 -35.29060000 -544.63600000
v -6.83775000 -35.23150000 -545.94500000
v -6.89054000 -35.03640000 -545.86800000
v -6.88507000 -35.46100000 -545.76300000
v -7.05349000 -35.21980000 -545.49000000
v -7.13249000 -35.16370000 -545.26300000
v -7.03802000 -34.75070000 -545.55700000
v -7.15931000 -34.94740000 -545.22100000
v -2.67423000 -19.82750000 -537.26900000
v -3.95200000 -29.52390000 -545.64000000
v -6.61299000 -34.08590000 -540.38500000
v -7.23297000 -34.61530000 -544.92000000
v -6.95923000 -32.98220000 -544.29400000
v -6.96184000 -32.90630000 -544.05700000
v -6.91778000 -32.72550000 -544.22000000
v -6.99484000 -33.14730000 -544.13900000
v -7.00620000 -33.10760000 -543.00800000
v -7.02173000 -33.20730000 -543.24500000
v -6.99884000 -33.35500000 -543.06300000
v -7.02738000 -32.95270000 -543.21700000
v -7.11887000 -34.67490000 -542.45400000
v -7.11160000 -34.50790000 -542.60900000
v -7.06315000 -34.28230000 -542.65300000
v -7.05386000 -35.15730000 -541.76600000
v -7.05877000 -35.51020000 -541.94000000
v -6.94440000 -33.89130000 -541.62500000
v -6.86082000 -34.29170000 -541.16900000
v -6.91464000 -33.86600000 -541.37800000
v -6.95740000 -33.47700000 -541.51600000
v -6.90573000 -33.60360000 -541.27400000
v -6.94574000 -34.09030000 -541.76200000
v -6.95203000 -34.31410000 -541.64700000
v -6.36134000 -34.30630000 -539.81600000
v -6.68630000 -34.08280000 -540.58900000
v -6.71813000 -34.30600000 -540.69800000
v -6.53610000 -34.33880000 -540.22200000
v -6.80601000 -33.87020000 -540.93100000
v -6.83239000 -34.07850000 -541.05400000
v -6.88421000 -34.71640000 -541.13200000
v -6.76409000 -34.51700000 -540.81300000
v -6.95936000 -35.95910000 -541.49400000
v -6.97149000 -35.94760000 -541.89400000
v -6.93368000 -36.17900000 -541.45000000
v -6.88842000 -36.41480000 -541.40100000
v -6.92048000 -36.23150000 -541.20600000
v -6.87613000 -36.30170000 -540.99500000
v -6.93439000 -35.80390000 -541.10900000
v -6.98935000 -35.72500000 -541.53700000
v -6.95594000 -35.55630000 -541.20900000
v -6.97355000 -35.33000000 -541.30500000
v -6.88091000 -35.81510000 -540.89600000
v -6.97960000 -35.08570000 -541.39100000
v -7.01769000 -34.99570000 -541.61800000
v -6.95820000 -34.54340000 -541.53500000
v -6.93651000 -34.69020000 -541.34700000
v -1.57226000 -23.70250000 -537.70700000
v -2.90258000 -20.03340000 -537.59500000
v -7.32403000 -35.04080000 -543.30800000
v -7.25212000 -35.26090000 -542.92400000
v -7.25769000 -34.68140000 -543.14500000
v -7.28172000 -34.90920000 -543.10300000
v -7.34396000 -34.72850000 -543.61500000
v -3.91371000 -30.05820000 -545.90000000
v -7.34745000 -34.67260000 -544.28300000
v -2.91750000 -20.14460000 -537.35800000
v -7.31361000 -34.39980000 -544.28400000
v -7.30928000 -34.55900000 -544.49100000
v -7.29107000 -34.37650000 -543.80100000
v -7.35532000 -34.60440000 -544.08200000
v -6.96413000 -34.22800000 -545.60700000
v -7.05426000 -33.93190000 -545.31800000
v -5.85836000 -36.42640000 -544.57700000
v -2.17639000 -21.19440000 -539.16600000
v -5.37087000 -36.27800000 -545.19700000
v 2.93484000 -21.54500000 -539.38300000
v -5.12552000 -36.19170000 -544.84900000
v -0.21144800 -24.19210000 -540.43500000
v -4.93616000 -36.11590000 -544.91200000
v -4.86727000 -36.07820000 -545.16000000
v -1.33689000 -34.59110000 -548.28900000
v -1.59970000 -21.05520000 -538.66800000
v -1.46668000 -34.73570000 -548.05200000
v -1.72923000 -34.87240000 -547.64900000
v -1.77932000 -34.97720000 -547.44100000
v -0.18259000 -24.13490000 -540.68500000
v -1.54971000 -34.97320000 -547.52500000
v -1.35773000 -35.03750000 -547.67800000
v -1.62830000 -35.12470000 -546.97000000
v -1.46772000 -35.17880000 -546.59100000
v -0.87492200 -34.63600000 -544.43100000
v -0.61177900 -34.61310000 -544.46500000
v -0.11844400 -34.56200000 -544.56200000
v -1.37106000 -34.64710000 -544.32500000
v -1.30812000 -34.69340000 -544.61200000
v -0.77762100 -34.66110000 -544.65000000
v -1.84144000 -22.65900000 -538.42400000
v -0.03849690 -34.95560000 -545.36000000
v 0.08048870 -34.77950000 -545.28800000
v -0.38534400 -34.91330000 -545.15300000
v -0.15642500 -34.81770000 -545.12900000
v -0.65400700 -34.74780000 -544.86000000
v -2.28913000 -34.78570000 -543.98600000
v -1.87185000 -22.47310000 -538.59700000
v -1.89043000 -34.90710000 -543.92500000
v -1.97314000 -23.01380000 -538.66000000
v -1.75308000 -34.73800000 -544.05700000
v -1.63421000 -34.63800000 -544.24900000
v -2.04635000 -23.05910000 -538.89800000
v -1.34645000 -30.84460000 -546.95000000
v -2.19476000 -34.62470000 -544.19000000
v -2.07614000 -34.64190000 -544.42000000
v -1.73360000 -22.88810000 -538.07400000
v -1.91330000 -34.60570000 -544.20600000
v -1.81072000 -34.63290000 -544.41600000
v -3.57272000 -35.27400000 -546.30500000
v -3.41054000 -34.89360000 -546.55600000
v -3.40696000 -35.19620000 -546.16300000
v -3.18963000 -35.21370000 -545.71000000
v -3.33569000 -35.36310000 -545.81000000
v -0.13842500 -24.08480000 -540.92300000
v -2.91329000 -35.12050000 -545.27800000
v -1.79131000 -34.23080000 -548.26800000
v -1.94072000 -34.51710000 -548.04700000
v -2.14016000 -34.07680000 -548.09500000
v -2.00691000 -34.30430000 -548.12200000
v -2.29386000 -34.57400000 -547.74300000
v -2.54483000 -34.53550000 -547.38600000
v -2.26772000 -35.18360000 -546.81000000
v -1.80772000 -23.09110000 -538.16000000
v -1.89732000 -35.12320000 -545.51600000
v -1.48705000 -35.22530000 -545.71800000
v -2.00622000 -35.02340000 -545.31300000
v -1.54382000 -35.05440000 -545.33000000
v 4.00578000 -32.76950000 -541.16600000
v 4.14589000 -33.04510000 -541.53600000
v 4.08154000 -32.79560000 -541.42200000
v 4.09099000 -33.18080000 -541.28500000
v 4.21833000 -33.44940000 -541.66700000
v 4.27429000 -33.39550000 -541.89500000
v 4.21528000 -33.68680000 -541.64500000
v 4.15361000 -33.85420000 -541.52000000
v 4.29665000 -34.06020000 -541.94600000
v 3.65557000 -35.44840000 -541.95000000
v 3.78511000 -35.48880000 -542.16500000
v 4.02518000 -35.65190000 -542.57200000
v -3.77607000 -21.21200000 -537.69000000
v 4.10306000 -36.19670000 -543.25000000
v 4.04803000 -35.95600000 -542.88100000
v 3.84129000 -35.28000000 -542.05100000
v 2.38157000 -37.16460000 -541.75600000
v 2.40989000 -37.32940000 -541.53800000
v 2.28542000 -37.59390000 -541.48000000
v 2.32523000 -37.62350000 -541.22400000
v 2.42881000 -36.81110000 -542.05700000
v -3.62575000 -21.03530000 -537.70700000
v 2.62459000 -36.80560000 -541.68500000
v 2.50834000 -37.05190000 -541.61900000
v 2.70585000 -36.48330000 -541.97200000
v 3.75107000 -35.07920000 -541.71600000
v 4.44030000 -34.10900000 -542.33300000
v 4.34281000 -33.81810000 -542.04000000
v 4.43473000 -34.31160000 -542.41000000
v 4.25597000 -33.19380000 -541.99500000
v 4.38329000 -33.64860000 -542.26000000
v 4.36864000 -33.47670000 -542.40700000
v 4.19565000 -33.01340000 -541.83000000
v 4.42909000 -34.51460000 -542.52800000
v 4.50046000 -34.36760000 -542.68600000
v 4.33913000 -34.64380000 -542.37900000
v 4.46750000 -34.83120000 -542.80500000
v 4.45466000 -35.19980000 -542.94500000
v 4.51740000 -35.83060000 -543.75400000
v 4.16636000 -36.35510000 -543.60400000
v 4.17883000 -36.43140000 -543.82000000
v 4.30281000 -36.22580000 -543.74500000
v 4.43029000 -36.06690000 -543.87200000
v 4.43329000 -35.87600000 -543.48900000
v 4.58684000 -35.30270000 -543.34400000
v 4.33848000 -35.86640000 -543.23000000
v -1.87503000 -31.40070000 -547.25300000
v 4.38713000 -35.45180000 -542.95200000
v 4.33105000 -35.30900000 -542.75300000
v 4.00844000 -34.89220000 -541.96400000
v 4.23230000 -34.66450000 -542.17100000
v 4.18664000 -35.03830000 -542.35200000
v 4.33947000 -34.95440000 -542.57600000
v 4.07492000 -33.72060000 -541.29700000
v 4.04105000 -33.98840000 -541.32500000
v 1.44599000 -34.41640000 -547.09500000
v 1.24079000 -34.57270000 -547.07300000
v -3.66945000 -20.96430000 -537.96800000
v 0.99727900 -34.34810000 -545.91400000
v 0.82109100 -34.35310000 -545.75000000
v 0.81007500 -34.51570000 -545.93100000
v 1.01380000 -34.46960000 -546.09400000
v 0.83922200 -34.64270000 -546.09700000
v 0.65001000 -34.52680000 -545.76200000
v 0.39107900 -34.53750000 -545.45200000
v 0.49296800 -34.87470000 -544.67300000
v 0.28537800 -34.85270000 -544.53000000
v 0.15622200 -35.17230000 -544.23000000
v -1.23006000 -34.78790000 -544.16000000
v -0.95562800 -34.74380000 -544.23600000
v -1.49317000 -34.77770000 -544.12200000
v -1.40823000 -34.97200000 -544.01300000
v -1.01631000 -34.90540000 -544.12200000
v 4.50231000 -34.45320000 -544.67400000
v 4.41587000 -34.27610000 -544.85800000
v 3.99741000 -32.15560000 -542.12900000
v 3.97772000 -32.07550000 -542.36100000
v 3.73276000 -31.27590000 -541.74100000
v 3.85548000 -31.73050000 -541.68900000
v 3.82113000 -31.70940000 -541.46200000
v 3.72528000 -31.72590000 -543.27800000
v 3.64835000 -31.69670000 -543.52900000
v 3.60491000 -32.19500000 -544.06700000
v 3.56408000 -32.34320000 -544.26300000
v 3.47921000 -32.13310000 -544.28300000
v 3.66190000 -32.56270000 -544.29400000
v 3.73574000 -32.10500000 -543.66600000
v 3.64155000 -32.03690000 -543.88000000
v 3.81894000 -31.89340000 -543.11800000
v -2.09992000 -31.44630000 -547.23800000
v 3.50276000 -31.69170000 -540.41800000
v -1.95594000 -31.00320000 -546.98600000
v 3.51954000 -31.45770000 -540.44900000
v 3.64290000 -31.45760000 -540.83000000
v 3.77007000 -31.67720000 -541.23800000
v 3.82476000 -31.91550000 -541.27300000
v 3.64720000 -31.03940000 -541.05900000
v 3.75830000 -31.47230000 -541.39600000
v 3.62839000 -30.77810000 -541.01000000
v 3.59395000 -30.90450000 -540.80300000
v 3.67207000 -31.30320000 -541.02700000
v 3.57456000 -31.10140000 -540.67500000
v 3.89399000 -32.13580000 -541.33000000
v 3.95730000 -32.17020000 -541.58400000
v 4.05939000 -32.43500000 -541.88500000
v 4.11505000 -32.60650000 -542.04400000
v 4.43913000 -33.69210000 -543.32500000
v 4.46110000 -33.73180000 -543.05500000
v 4.39486000 -33.51500000 -542.65200000
v 4.10250000 -32.61960000 -542.73800000
v 4.26162000 -33.13350000 -542.92100000
v 4.12371000 -32.77470000 -542.93200000
v 4.25850000 -33.07910000 -542.64600000
v 3.92652000 -31.98040000 -541.73900000
v 3.95140000 -32.01610000 -541.95500000
v 4.01846000 -32.25110000 -542.57100000
v 3.97953000 -32.20280000 -542.81400000
v -0.39052200 -24.52990000 -540.80100000
v 4.07454000 -32.46920000 -542.53700000
v 4.10196000 -32.53910000 -542.28800000
v 4.26441000 -33.09430000 -542.39100000
v 1.24618000 -37.23910000 -542.42400000
v 1.19681000 -37.06580000 -542.64600000
v 1.31803000 -36.65570000 -542.83800000
v 1.56714000 -36.85350000 -542.59400000
v 2.83725000 -36.26410000 -542.05100000
v -0.35434200 -25.71830000 -539.65000000
v 2.65081000 -36.29740000 -542.40600000
v -2.13196000 -23.87250000 -539.37700000
v 2.37385000 -36.30400000 -542.71100000
v 2.61243000 -36.26030000 -542.66100000
v 2.82676000 -36.20150000 -542.52800000
v 3.18999000 -36.44290000 -543.21600000
v 3.54280000 -36.57250000 -543.74200000
v 3.41813000 -36.48440000 -543.31700000
v 2.68541000 -36.38470000 -543.37700000
v 3.19045000 -36.50690000 -543.43500000
v 2.09362000 -36.09680000 -543.22800000
v -1.83665000 -23.48680000 -538.15200000
v 0.38572500 -36.18380000 -543.62900000
v 0.27631300 -36.39440000 -543.53200000
v 0.16600100 -36.18170000 -543.63800000
v 0.06336510 -35.96570000 -543.75000000
v -0.09302200 -35.41210000 -546.39900000
v -0.00632061 -35.33270000 -546.61800000
v 0.13880100 -35.29720000 -546.38700000
v -0.80727300 -35.36000000 -547.93300000
v -1.01041000 -35.27310000 -547.73200000
v -0.73443900 -35.43000000 -547.46600000
v -0.76993600 -35.41370000 -547.06600000
v -0.12985100 -35.34230000 -546.81000000
v 0.10830900 -35.14760000 -547.14000000
v 0.05685410 -35.29220000 -545.93600000
v 0.21349100 -35.23900000 -546.12700000
v 0.26329500 -35.12610000 -545.90600000
v 0.40275000 -35.06460000 -546.05400000
v 0.31037800 -35.16820000 -546.46500000
v 0.35167200 -35.14740000 -546.27200000
v 0.09246020 -35.21680000 -546.86400000
v 0.41436400 -35.07070000 -546.62500000
v 1.17474000 -34.53020000 -546.47100000
v 1.16698000 -34.59700000 -546.68100000
v 1.01165000 -34.74640000 -546.71600000
v 0.76122400 -34.89030000 -546.41000000
v 0.82121600 -34.86980000 -546.67000000
v 0.93478600 -34.79850000 -546.90300000
v 0.64237800 -34.96180000 -546.57600000
v 0.71789500 -34.88100000 -546.91300000
v 2.13784000 -31.85910000 -546.46700000
v 2.32473000 -32.07270000 -546.50100000
v 2.39030000 -32.30150000 -546.68600000
v 2.22573000 -32.20360000 -546.75200000
v 2.46202000 -32.05890000 -546.28200000
v 2.51875000 -32.23180000 -546.45900000
v 2.60341000 -31.80990000 -545.63700000
v 2.76661000 -31.99290000 -545.66400000
v 2.42744000 -31.76500000 -545.82600000
v 2.78971000 -31.86840000 -545.46100000
v -0.28028400 -24.94870000 -539.52600000
v -1.32658000 -31.18810000 -547.15300000
v -1.24169000 -31.51890000 -547.37100000
v -1.50367000 -31.53650000 -547.37600000
v -1.11018000 -32.11720000 -547.81200000
v -1.35784000 -32.26420000 -547.88600000
v -1.34508000 -31.85710000 -547.60800000
v -0.67169800 -31.74900000 -547.51400000
v -0.98648900 -31.53110000 -547.37700000
v -1.86544000 -32.96770000 -548.11800000
v -1.62430000 -32.87630000 -548.15800000
v -1.83610000 -32.73680000 -548.05500000
v -1.82286000 -32.51020000 -547.95700000
v -2.04115000 -32.40540000 -547.85900000
v -2.24753000 -32.29820000 -547.74800000
v -1.80198000 -32.28740000 -547.84200000
v -2.01476000 -32.18480000 -547.74600000
v -4.15900000 -35.66270000 -546.30300000
v -3.98467000 -35.53250000 -546.42600000
v -4.21485000 -35.59850000 -546.53100000
v -4.08856000 -35.42540000 -546.62700000
v -3.89087000 -35.80400000 -545.76600000
v -3.68916000 -35.80000000 -545.62600000
v -3.91275000 -35.70770000 -545.99100000
v -3.93259000 -35.61090000 -546.21100000
v -3.72246000 -35.57880000 -546.09500000
v -3.66968000 -35.21020000 -546.46400000
v -3.87636000 -35.35010000 -546.51600000
v -1.01579000 -30.32490000 -546.71400000
v -3.84642000 -35.01110000 -546.75900000
v -3.69706000 -34.86940000 -546.84700000
v -4.83050000 -36.22380000 -545.83200000
v -4.50196000 -35.90430000 -546.02900000
v -4.66178000 -36.06200000 -545.89800000
v -4.75361000 -35.90540000 -546.50100000
v -4.56088000 -35.78310000 -546.49000000
v -3.99355000 -35.21300000 -546.68800000
v -4.20734000 -35.27390000 -546.77700000
v -4.43659000 -35.66030000 -546.63900000
v -4.45068000 -35.32120000 -546.84500000
v -0.30259500 -25.33530000 -539.60900000
v -3.14342000 -33.50420000 -547.63300000
v -3.52296000 -33.50480000 -547.46400000
v -3.80802000 -24.52770000 -542.13200000
v -4.23340000 -24.59850000 -542.09600000
v -2.69261000 -21.34300000 -539.47500000
v -2.95557000 -21.61990000 -539.71600000
v -2.54429000 -21.70780000 -539.62200000
v -1.83443000 -23.90530000 -538.27600000
v -2.93059000 -21.93960000 -539.91500000
v -3.13124000 -22.06160000 -540.03700000
v -2.71203000 -22.02930000 -539.88000000
v -2.89066000 -22.14860000 -540.02900000
v -2.78436000 -22.56540000 -540.25800000
v -3.02017000 -22.48320000 -540.30600000
v -3.38070000 -22.67940000 -540.56100000
v -3.25862000 -22.36590000 -540.28400000
v -3.02940000 -22.86210000 -540.58000000
v -3.12807000 -22.67690000 -540.49300000
v -2.52762000 -23.25550000 -540.55800000
v -2.50373000 -23.46760000 -540.69000000
v -2.73795000 -23.14470000 -540.61100000
v -2.92715000 -23.04280000 -540.64800000
v -2.69721000 -22.78630000 -540.35600000
v -2.81082000 -22.91440000 -540.50600000
v -4.89367000 -24.44000000 -538.62700000
v -2.16566000 -23.41050000 -540.32700000
v 0.06042850 -30.07990000 -546.43100000
v -1.16485000 -20.03090000 -538.25800000
v -2.33952000 -23.27670000 -540.41900000
v -2.16225000 -24.36020000 -540.56000000
v -2.20352000 -24.31680000 -540.83500000
v -2.29940000 -24.26130000 -541.06300000
v -2.21077000 -24.09020000 -540.86500000
v -2.29829000 -23.84990000 -540.79700000
v -2.37757000 -24.03990000 -540.99400000
v -2.30482000 -23.63390000 -540.64900000
v -2.49347000 -24.18430000 -541.19200000
v 2.56533000 -20.90000000 -539.04900000
v 2.62680000 -20.57550000 -538.51100000
v 3.22298000 -20.73090000 -536.32000000
v 3.27163000 -21.15920000 -536.53200000
v 2.62649000 -20.65620000 -535.77400000
v -0.55832600 -24.89980000 -540.49100000
v 2.94030000 -20.88190000 -536.02900000
v 2.53019000 -20.87950000 -535.75100000
v 2.59981000 -21.07890000 -535.89800000
v 3.21633000 -21.03870000 -536.32600000
v 3.02822000 -21.10520000 -536.18300000
v 1.87630000 -21.69540000 -536.16900000
v 1.81873000 -22.06170000 -536.42700000
v 2.13554000 -22.27230000 -536.55100000
v 2.11468000 -21.79210000 -536.24700000
v 2.28287000 -21.91440000 -536.40300000
v 2.01886000 -21.36880000 -535.90400000
v 2.18616000 -21.23170000 -535.81800000
v 1.85378000 -21.49680000 -536.01700000
v 1.95046000 -20.48900000 -535.75600000
v 1.86949000 -20.66640000 -535.66800000
v 2.16657000 -20.56420000 -535.66400000
v 1.71426000 -20.51260000 -535.82300000
v 1.62626000 -20.75020000 -535.78400000
v -0.92987900 -19.69510000 -538.01000000
v 2.43328000 -20.47250000 -535.77400000
v 2.10083000 -20.79140000 -535.59100000
v 2.38894000 -20.68120000 -535.64300000
v 2.11408000 -21.02170000 -535.68400000
v 2.30381000 -20.89370000 -535.66300000
v 2.24188000 -21.42260000 -535.97800000
v 0.35557300 -23.50650000 -539.52300000
v 2.42579000 -21.25710000 -535.92600000
v 2.65789000 -21.26510000 -536.05400000
v 2.39379000 -22.60690000 -536.74200000
v -6.28862000 -28.74030000 -542.02100000
v -6.18736000 -28.74160000 -541.64900000
v -3.94006000 -21.33240000 -537.79800000
v -6.54117000 -30.39710000 -541.95500000
v -6.45113000 -29.90050000 -541.77600000
v -0.03211650 -32.51600000 -537.28300000
v -5.49111000 -26.84050000 -541.79900000
v -4.90260000 -26.73000000 -543.36700000
v -5.10264000 -26.84300000 -543.26300000
v -4.83262000 -26.83340000 -543.55400000
v -4.86008000 -27.22400000 -543.92900000
v -5.10337000 -27.64780000 -544.05500000
v -5.04798000 -27.29110000 -543.78700000
v -5.28068000 -27.82380000 -544.01900000
v -4.60027000 -26.68850000 -543.64400000
v -4.74979000 -26.89560000 -543.71700000
v -5.02211000 -26.97520000 -543.45100000
v -4.97080000 -26.60210000 -543.18300000
v -1.28921000 -19.86090000 -538.24600000
v -5.03560000 -26.47910000 -542.97100000
v -4.74696000 -26.51130000 -543.27400000
v -4.50223000 -26.40540000 -543.35400000
v -2.53284000 -26.89470000 -543.92600000
v -2.36904000 -27.04330000 -543.99500000
v -2.62066000 -27.07940000 -544.10500000
v -1.80035000 -26.62530000 -543.21200000
v -2.14248000 -20.31740000 -538.73500000
v -2.01516000 -26.60680000 -543.42300000
v -1.89426000 -19.89660000 -538.44600000
v -2.29836000 -26.89190000 -543.80700000
v -2.07671000 -26.92880000 -543.75300000
v -1.89400000 -27.02390000 -543.86600000
v -1.93086000 -27.17450000 -544.07800000
v -2.41757000 -27.17410000 -544.16500000
v -2.18019000 -27.46360000 -544.40500000
v -2.75139000 -27.36510000 -544.37800000
v -6.58863000 -30.71050000 -543.90400000
v -6.31484000 -30.16190000 -544.10300000
v -6.48343000 -30.56470000 -544.06700000
v -6.53809000 -30.30330000 -543.74700000
v -6.57474000 -30.51060000 -543.83300000
v -3.60078000 -25.46360000 -542.95400000
v -3.36002000 -25.54290000 -543.00100000
v -4.12778000 -26.00550000 -543.18300000
v -3.91673000 -25.96530000 -543.31000000
v -4.09626000 -26.15560000 -543.37400000
v -3.87139000 -26.11190000 -543.49100000
v -3.31317000 -25.69750000 -543.17500000
v -3.49658000 -25.81780000 -543.31900000
v -3.88715000 -26.58760000 -543.94400000
v -3.84755000 -26.39840000 -543.79300000
v -4.07976000 -26.49120000 -543.78400000
v -4.03236000 -26.80560000 -544.05500000
v -3.60993000 -26.11740000 -543.59000000
v -3.73517000 -25.78390000 -543.24700000
v -4.63120000 -27.18340000 -544.05200000
v -4.14362000 -27.04030000 -544.16600000
v -3.20457000 -26.80720000 -544.03000000
v -3.02249000 -26.99870000 -544.09600000
v -3.25914000 -27.03540000 -544.14200000
v -3.87251000 -27.91220000 -544.39800000
v -3.75521000 -27.52010000 -544.29300000
v -3.66268000 -27.72420000 -544.35300000
v -0.16140700 -29.89650000 -546.38200000
v -6.63174000 -34.31120000 -540.46700000
v -3.92470000 -27.69060000 -544.33300000
v -1.98250000 -19.72280000 -538.34100000
v -6.18430000 -31.62320000 -545.35700000
v -6.20653000 -31.16510000 -545.02400000
v -5.87174000 -30.77450000 -545.19600000
v -6.06953000 -31.18410000 -545.22800000
v -5.72677000 -30.25650000 -545.04600000
v -5.67999000 -30.68000000 -545.30200000
v -5.96216000 -30.66560000 -545.02800000
v -6.10525000 -30.79770000 -544.90900000
v -3.22482000 -28.38190000 -545.02100000
v 0.41320000 -29.92770000 -546.21000000
v -2.72541000 -28.03330000 -544.91300000
v -4.63577000 -29.22340000 -545.21800000
v -4.86885000 -28.96680000 -544.97400000
v -4.61862000 -29.44870000 -545.34500000
v -4.85120000 -28.80260000 -544.84800000
v -5.00052000 -29.14160000 -545.01500000
v -3.60345000 -28.44980000 -545.00800000
v -3.37793000 -28.52760000 -545.08600000
v -3.52472000 -28.87760000 -545.24700000
v -6.97132000 -32.86560000 -542.22500000
v -6.97730000 -33.08170000 -542.30100000
v -6.98481000 -33.23160000 -542.12300000
v -6.95729000 -33.42740000 -542.21700000
v -6.97103000 -32.69490000 -542.84400000
v -6.98730000 -32.91600000 -542.86200000
v -6.95142000 -32.80260000 -542.64200000
v -7.12770000 -33.64700000 -544.52600000
v -7.19368000 -33.87210000 -544.42500000
v -7.05059000 -33.40200000 -544.21600000
v -7.01221000 -33.23460000 -544.60000000
v -7.00821000 -33.20430000 -544.37400000
v 0.24870000 -30.00670000 -546.32100000
v -7.01924000 -33.30090000 -543.98400000
v -6.82661000 -31.56800000 -543.88000000
v -6.88864000 -31.78840000 -543.76600000
v -6.96098000 -32.16080000 -543.44300000
v -6.91704000 -31.94690000 -543.34300000
v -7.01302000 -32.64660000 -543.24200000
v -6.97988000 -32.40460000 -543.12700000
v -6.88830000 -31.77070000 -543.48500000
v -7.01073000 -32.84000000 -543.04900000
v -6.95328000 -32.46070000 -542.88500000
v -6.88006000 -31.91960000 -543.13300000
v -6.93341000 -32.24370000 -542.96300000
v -0.62950500 -29.19410000 -545.99200000
v -6.90790000 -32.31750000 -542.72600000
v -6.93023000 -32.56590000 -542.65600000
v -6.89652000 -32.42290000 -542.50500000
v -6.82294000 -31.60490000 -543.39400000
v -6.89265000 -32.03340000 -543.00000000
v -2.23736000 -20.11960000 -538.62900000
v -7.07909000 -33.62010000 -545.06200000
v -7.17983000 -34.00060000 -544.86700000
v -6.92543000 -33.33940000 -541.33700000
v -6.17986000 -35.06050000 -546.58000000
v -6.38544000 -35.04410000 -546.45100000
v -5.82413000 -35.27260000 -546.75700000
v -1.80353000 -19.17810000 -537.27500000
v -6.82767000 -33.85030000 -545.75200000
v -6.54780000 -32.16360000 -545.14300000
v -6.30149000 -31.85850000 -545.35400000
v -6.13982000 -31.82670000 -545.52600000
v -5.95154000 -32.06320000 -545.80200000
v -6.29387000 -32.32480000 -545.68000000
v -6.39688000 -32.25300000 -545.50000000
v -6.43441000 -32.59590000 -545.70700000
v -6.62527000 -32.55940000 -545.35700000
v -6.57126000 -32.84400000 -545.70100000
v -6.49595000 -32.96940000 -545.89900000
v -6.66002000 -33.07030000 -545.71300000
v -6.23581000 -33.54190000 -546.30100000
v -6.35552000 -33.77580000 -546.26300000
v -6.47038000 -33.36030000 -546.06600000
v -6.21743000 -30.98850000 -544.86200000
v -6.32710000 -31.35850000 -544.96600000
v -6.66396000 -31.33190000 -544.18100000
v -6.76386000 -31.55950000 -544.10700000
v -6.76342000 -31.76860000 -544.24800000
v -6.91302000 -33.00930000 -544.99500000
v -6.85577000 -32.98720000 -545.23700000
v -6.96143000 -33.20470000 -545.12100000
v -6.66270000 -30.72920000 -543.00900000
v -6.67238000 -30.86640000 -543.20200000
v -6.65905000 -30.91360000 -542.93400000
v 0.06257770 -29.86930000 -546.29400000
v -6.07750000 -29.56460000 -540.91700000
v -5.85238000 -29.83450000 -540.08300000
v -6.05182000 -30.11730000 -540.44200000
v -6.08323000 -28.87650000 -541.17800000
v -6.01849000 -29.09680000 -540.85000000
v -5.92278000 -29.19510000 -540.43800000
v -6.07964000 -29.13900000 -541.09800000
v -5.98819000 -29.25940000 -540.67600000
v -6.04681000 -29.32340000 -540.91900000
v -5.94847000 -29.40860000 -540.48000000
v -5.91252000 -29.54680000 -540.31600000
v -6.19415000 -29.39550000 -541.39800000
v 0.26904500 -29.57940000 -546.03000000
v -6.38564000 -29.60540000 -541.78000000
v 0.39007800 -29.42270000 -545.87200000
v -6.14276000 -29.82640000 -540.87600000
v -6.24342000 -29.91910000 -541.06200000
v -5.48325000 -29.89490000 -539.05700000
v -5.38434000 -30.08150000 -538.87800000
v -5.30612000 -30.04670000 -538.64200000
v -5.66624000 -29.63510000 -539.49800000
v -5.47633000 -29.50160000 -539.16900000
v -5.25237000 -30.55590000 -538.72800000
v -5.08115000 -30.87850000 -538.33800000
v -5.06927000 -30.61380000 -538.38900000
v -5.45019000 -30.50300000 -539.09000000
v -6.04620000 -30.91080000 -540.06200000
v -5.96294000 -31.06520000 -539.85400000
v -5.85322000 -30.92960000 -539.68100000
v -5.98341000 -30.43170000 -540.08800000
v -5.99567000 -30.65740000 -540.03100000
v 0.10824800 -32.64920000 -537.39600000
v -5.81731000 -31.53010000 -539.44800000
v -5.56158000 -31.31310000 -539.06900000
v -6.36846000 -29.20000000 -542.05100000
v -6.45217000 -29.37120000 -542.22200000
v -6.37731000 -28.98540000 -542.24800000
v -6.50636000 -29.37300000 -542.74100000
v -6.49403000 -29.52290000 -543.08100000
v -6.51759000 -29.57210000 -542.36800000
v -6.47641000 -29.57610000 -542.13800000
v -0.55189900 -30.79770000 -546.95000000
v -6.53685000 -29.59410000 -542.62300000
v -6.50076000 -29.37670000 -542.49200000
v -6.46251000 -29.16720000 -542.61200000
v -6.64676000 -31.20050000 -542.64700000
v -6.69380000 -31.58630000 -542.50700000
v -6.64045000 -31.48820000 -542.26600000
v -0.36018500 -30.89710000 -546.98100000
v -6.74882000 -31.93750000 -542.21800000
v -6.75293000 -32.15930000 -541.71700000
v -6.68346000 -31.92330000 -541.69700000
v -6.66820000 -31.78930000 -541.88100000
v -6.64658000 -31.60950000 -542.06400000
v -6.60881000 -31.53360000 -541.83700000
v -6.58043000 -31.14380000 -541.99300000
v -6.57236000 -31.31470000 -541.77900000
v -6.53317000 -30.85590000 -541.74400000
v -6.55861000 -31.49280000 -541.36200000
v -6.48780000 -31.09380000 -541.34400000
v -6.61964000 -30.97190000 -542.45400000
v -6.63926000 -30.94210000 -542.68000000
v -6.14631000 -31.00600000 -540.25300000
v -6.44242000 -31.31590000 -540.91100000
v -6.53953000 -31.70600000 -540.97700000
v -6.16889000 -30.62480000 -540.45300000
v -6.24817000 -31.11240000 -540.46200000
v -6.49305000 -30.66360000 -541.63100000
v -6.48210000 -30.86600000 -541.47800000
v -6.44103000 -30.26370000 -541.55900000
v -6.41579000 -30.02690000 -541.55500000
v -6.43291000 -30.67400000 -541.36200000
v 0.19129900 -30.52290000 -546.66200000
v -6.15496000 -29.50040000 -543.96400000
v -6.06502000 -29.06440000 -543.83900000
v -6.28372000 -29.36240000 -543.58800000
v -6.18643000 -29.11570000 -543.62800000
v -1.59646000 -19.53370000 -538.16900000
v -5.79016000 -27.68080000 -542.47700000
v -5.72697000 -27.60260000 -542.68900000
v -5.79145000 -27.77180000 -542.84600000
v -5.69964000 -27.73120000 -543.06800000
v -0.98809400 -19.32670000 -537.85700000
v -5.22175000 -27.40930000 -543.67400000
v -5.60636000 -28.45170000 -544.11900000
v -5.78508000 -28.59680000 -543.97400000
v -5.78236000 -28.39240000 -543.83000000
v -5.62887000 -28.30250000 -544.00600000
v -0.85492800 -18.96410000 -537.25100000
v -5.46507000 -27.89660000 -543.86400000
v -5.37543000 -27.53310000 -543.57500000
v -5.62610000 -28.13050000 -543.86400000
v -5.76902000 -28.20260000 -543.68300000
v -5.63298000 -27.97960000 -543.68300000
v -5.76814000 -28.04350000 -543.48100000
v -6.37678000 -29.64060000 -543.55200000
v -6.44208000 -29.90440000 -543.61100000
v -6.33977000 -29.81430000 -543.76900000
v -5.23702000 -28.05040000 -544.20500000
v -5.41918000 -28.24040000 -544.17700000
v 0.45612300 -23.21160000 -539.75400000
v -4.34161000 -29.68840000 -545.56700000
v 0.37442300 -23.33960000 -539.97400000
v -4.47401000 -29.87860000 -545.56200000
v -4.43462000 -29.29230000 -545.30600000
v -4.41101000 -29.49230000 -545.44700000
v -4.56336000 -29.66550000 -545.46800000
v -4.69095000 -29.86670000 -545.45600000
v -4.77734000 -29.65650000 -545.37200000
v -4.89942000 -29.28800000 -545.15200000
v -4.83293000 -29.45170000 -545.26800000
v -2.03153000 -19.27370000 -536.97100000
v -5.06980000 -29.50210000 -545.17500000
v -5.00857000 -29.67700000 -545.29700000
v -1.43550000 -30.22730000 -546.61900000
v -5.23131000 -29.72970000 -545.18400000
v -5.80840000 -33.56710000 -546.56000000
v -2.09085000 -30.07410000 -546.42500000
v -1.67450000 -30.18470000 -546.57100000
v -6.24252000 -34.17010000 -546.43100000
v -6.37568000 -34.35840000 -546.37700000
v -6.08053000 -33.96380000 -546.49300000
v -5.93316000 -34.35210000 -546.66000000
v -6.53292000 -34.30700000 -546.21800000
v -6.08489000 -34.61010000 -546.60800000
v -6.31288000 -34.60290000 -546.46700000
v -4.93048000 -30.26070000 -545.43300000
v -5.13794000 -30.32330000 -545.37200000
v -5.46830000 -30.62640000 -545.38700000
v -5.06530000 -30.64220000 -545.59300000
v -5.94511000 -31.00140000 -545.25300000
v -5.90434000 -31.19470000 -545.40000000
v -5.41680000 -30.86320000 -545.54500000
v -5.78185000 -30.93630000 -545.36500000
v -2.31294000 -19.70750000 -536.69600000
v -4.72457000 -31.41140000 -546.24700000
v -4.49268000 -31.35700000 -546.31100000
v -4.57441000 -31.57620000 -546.37300000
v -4.52679000 -22.54710000 -538.02500000
v -1.99571000 -36.61380000 -542.60700000
v -4.96098000 -31.85770000 -546.29500000
v -4.72769000 -31.03980000 -545.99700000
v -1.24381000 -25.33760000 -537.05100000
v -4.84027000 -31.26880000 -546.08600000
v -4.84766000 -31.61630000 -546.28900000
v -4.95357000 -31.48360000 -546.14200000
v -5.07487000 -31.71870000 -546.17200000
v -5.16554000 -31.55920000 -546.03000000
v -5.41642000 -31.93160000 -546.07400000
v -5.61516000 -31.92510000 -545.94800000
v -3.61206000 -31.14430000 -546.53300000
v -3.90320000 -31.49070000 -546.59200000
v -3.53978000 -30.93330000 -546.43300000
v -3.41858000 -32.31110000 -547.19100000
v -3.30622000 -32.63630000 -547.39700000
v -3.13349000 -31.73700000 -546.95100000
v -2.40145000 -31.18100000 -546.94800000
v -2.83075000 -31.40960000 -546.88300000
v -2.56538000 -31.07600000 -546.80800000
v -2.10395000 -30.83550000 -546.84500000
v -2.17792000 -31.07680000 -546.96900000
v -2.47688000 -31.40670000 -547.06900000
v -2.61990000 -31.29640000 -546.91800000
v -2.70739000 -31.51840000 -547.02800000
v -2.96073000 -31.82090000 -547.11100000
v -4.23828000 -33.92130000 -547.21700000
v -4.13194000 -34.10160000 -547.24600000
v -4.36815000 -34.13900000 -547.18500000
v -4.96589000 -34.44410000 -547.03500000
v -5.31109000 -34.86220000 -546.93100000
v -3.96618000 -33.53980000 -547.28800000
v -4.34258000 -33.72380000 -547.17800000
v -3.73338000 -33.53290000 -547.37800000
v -3.83312000 -33.11870000 -547.28600000
v -4.11367000 -33.12300000 -547.18200000
v -4.47276000 -32.90670000 -547.00800000
v -4.24371000 -32.55980000 -546.97700000
v -4.00261000 -32.51710000 -547.04200000
v -4.32128000 -32.75390000 -547.01800000
v -4.50322000 -32.66060000 -546.91500000
v -4.74613000 -32.68840000 -546.81900000
v -4.69050000 -32.88360000 -546.91100000
v -4.58525000 -32.47130000 -546.80000000
v -4.37982000 -33.11790000 -547.09100000
v -4.62425000 -33.10100000 -546.99700000
v -4.04247000 -33.31500000 -547.23600000
v -4.28749000 -33.31530000 -547.15300000
v -4.48227000 -33.94080000 -547.15100000
v -4.83962000 -34.19950000 -547.06500000
v -3.25061000 -35.13710000 -545.94800000
v -4.58254000 -33.73280000 -547.10600000
v -4.93980000 -33.97460000 -547.01500000
v -5.44814000 -34.40210000 -546.88000000
v -5.70739000 -34.37860000 -546.77800000
v -6.94219000 -33.69190000 -541.48600000
v -4.94358000 -35.30740000 -546.92600000
v -4.20320000 -34.30380000 -547.21100000
v -4.46450000 -34.36370000 -547.15500000
v -4.71769000 -34.40320000 -547.09800000
v -4.90795000 -34.86220000 -547.01800000
v 1.15129000 -30.40730000 -546.22600000
v 1.21186000 -30.85810000 -546.43100000
v -1.33153000 -24.82490000 -537.57200000
v 0.99420900 -30.10500000 -546.08700000
v -2.49052000 -37.95510000 -540.06100000
v -1.90935000 -29.86170000 -546.35600000
v -2.13143000 -29.84960000 -546.28200000
v -1.70212000 -29.96830000 -546.45200000
v -1.89302000 -30.12590000 -546.50600000
v -2.06943000 -30.32550000 -546.57600000
v -2.27698000 -30.25990000 -546.47300000
v -1.56080000 -30.57820000 -546.78800000
v -1.78738000 -30.58840000 -546.76700000
v -2.03680000 -30.58300000 -546.72600000
v -3.79265000 -38.11480000 -540.04200000
v -1.62768000 -30.39220000 -546.68100000
v -1.86493000 -30.37400000 -546.64200000
v 0.15299400 -30.31280000 -546.54600000
v 0.22049600 -30.72190000 -546.76700000
v -0.03324360 -30.42530000 -546.67100000
v -0.35528500 -30.69140000 -546.88000000
v -0.57848400 -31.04800000 -547.07600000
v -0.23171500 -30.29560000 -546.64900000
v -0.24054200 -30.51420000 -546.77400000
v -6.92609000 -34.09790000 -541.51800000
v 0.25469600 -29.78320000 -546.17100000
v -1.28619000 -25.24900000 -537.65500000
v -0.13123600 -29.73590000 -546.26900000
v -0.18778300 -30.08070000 -546.50900000
v -0.37430100 -29.91340000 -546.45900000
v -0.39556300 -30.13140000 -546.59800000
v -3.40266000 -37.94380000 -539.90600000
v -1.20859000 -30.28290000 -546.67400000
v -0.87929500 -30.46810000 -546.78800000
v -0.65818800 -30.39690000 -546.76300000
v -0.70937900 -30.62720000 -546.86400000
v -0.49274100 -30.55180000 -546.82500000
v 1.17003000 -30.62720000 -546.34400000
v -1.65441000 -31.37070000 -547.25600000
v -1.72457000 -31.58990000 -547.39500000
v -1.87709000 -30.78130000 -546.86600000
v -2.02926000 -31.22990000 -547.11300000
v -1.72690000 -30.97360000 -546.99800000
v -1.80595000 -31.18670000 -547.12300000
v -1.49806000 -30.98650000 -547.02400000
v -1.57911000 -31.17540000 -547.13400000
v 0.58275400 -30.55830000 -546.55400000
v 0.40151600 -30.66470000 -546.68300000
v 0.22939800 -23.65480000 -539.69000000
v -4.06495000 -30.24680000 -545.91000000
v -3.78995000 -29.39320000 -545.60600000
v -7.10119000 -35.39990000 -542.16000000
v 0.06545460 -24.01600000 -539.44500000
v -3.39374000 -29.37380000 -545.71600000
v -5.13451000 -34.97850000 -546.96600000
v -2.73069000 -29.65010000 -546.06600000
v -2.86967000 -29.49720000 -545.95400000
v -3.32214000 -29.73220000 -545.96000000
v -3.17166000 -29.90390000 -546.07000000
v 0.28451000 -27.35410000 -538.28500000
v 0.27230600 -27.58740000 -538.21100000
v -1.17889000 -26.34640000 -537.02600000
v -1.29188000 -25.01990000 -537.51300000
v -1.17121000 -26.27180000 -537.46100000
v -1.06468000 -29.52550000 -536.99000000
v -0.64289800 -28.59870000 -537.25600000
v -0.65765500 -28.37220000 -537.32100000
v -0.85565900 -28.90700000 -537.05600000
v -3.38459000 -38.23820000 -540.18800000
v -1.00970000 -29.05780000 -536.93600000
v -0.70650300 -29.03560000 -537.24800000
v -4.83292000 -34.63340000 -547.05900000
v -1.54777000 -27.59550000 -536.67900000
v -0.08364460 -23.99490000 -540.26900000
v -1.20630000 -27.73860000 -536.90600000
v -1.14492000 -27.95850000 -536.84600000
v -1.27327000 -28.07170000 -536.68800000
v -1.36113000 -27.81660000 -536.71500000
v -3.27475000 -37.77850000 -539.77300000
v -1.59984000 -27.78820000 -536.57900000
v -2.10515000 -27.72470000 -536.39700000
v 3.33010000 -33.13700000 -540.15000000
v -2.51083000 -25.49410000 -535.88100000
v -2.48857000 -24.90220000 -535.79900000
v -2.45047000 -26.02800000 -536.00500000
v -2.31991000 -25.34030000 -535.91700000
v -2.31617000 -25.84930000 -536.01100000
v -2.10961000 -25.70060000 -536.06100000
v -1.99154000 -26.07210000 -536.21300000
v -2.42470000 -27.03150000 -536.22200000
v -2.00632000 -26.95880000 -536.40400000
v -3.02983000 -25.20310000 -535.87900000
v -3.24078000 -25.22710000 -535.98600000
v -3.19147000 -25.66400000 -536.00700000
v 0.65511400 -22.07120000 -538.46400000
v -3.31504000 -25.45210000 -536.06100000
v -3.33761000 -25.00630000 -536.03100000
v -3.48343000 -24.98500000 -536.16100000
v -3.59461000 -25.32900000 -536.33100000
v -3.72290000 -25.20620000 -536.48200000
v -4.02740000 -24.09050000 -536.81900000
v -4.12631000 -24.27450000 -536.95200000
v -3.98618000 -24.30270000 -536.76300000
v -3.68925000 -24.42920000 -536.38200000
v -2.12048000 -22.65890000 -535.79000000
v -2.22425000 -22.89070000 -535.72300000
v -1.95253000 -22.82170000 -535.81100000
v -1.39766000 -22.82480000 -536.06000000
v -1.44647000 -23.02700000 -536.04700000
v -1.23963000 -23.00070000 -536.21700000
v -1.34455000 -22.64010000 -536.07900000
v -1.58672000 -22.63570000 -535.95500000
v -1.67173000 -22.83800000 -535.92000000
v -1.87869000 -23.21160000 -535.84700000
v -1.67780000 -23.55390000 -535.99700000
v -4.71215000 -35.02140000 -547.00400000
v -1.90219000 -24.90710000 -536.13400000
v -1.84205000 -24.51940000 -536.10100000
v -1.54603000 -26.35760000 -536.52700000
v -7.08912000 -35.07580000 -541.99000000
v -1.80951000 -26.15360000 -536.32500000
v -1.74389000 -25.94810000 -536.30500000
v -1.90472000 -25.58210000 -536.14900000
v -1.50057000 -25.69300000 -536.46900000
v -1.39063000 -25.86860000 -536.62400000
v -1.26656000 -26.28170000 -536.80200000
v -1.41724000 -26.14500000 -536.60300000
v -1.30189000 -26.67560000 -536.75900000
v -1.60702000 -26.14570000 -536.44100000
v -1.69963000 -25.69710000 -536.30000000
v -1.64507000 -25.22280000 -536.31600000
v -1.58684000 -25.47480000 -536.36400000
v -4.81912000 -30.27060000 -537.87900000
v -4.94706000 -30.12170000 -538.02700000
v -5.09797000 -30.16430000 -538.26200000
v -4.85564000 -31.30270000 -537.86900000
v -4.91974000 -31.52850000 -537.91500000
v -5.25695000 -28.00410000 -540.34700000
v -5.52558000 -28.25320000 -540.66500000
v -5.32591000 -28.21320000 -540.31000000
v -5.24217000 -28.09640000 -540.13500000
v -5.27544000 -28.26660000 -540.04600000
v -5.16323000 -28.06700000 -539.90100000
v 0.60898100 -22.46410000 -538.38000000
v -5.44484000 -28.33420000 -540.42400000
v -5.45410000 -28.61980000 -540.03500000
v -5.11435000 -28.34360000 -539.58100000
v -5.01896000 -28.32940000 -539.37200000
v -5.23098000 -28.47150000 -539.73400000
v -5.19976000 -28.75160000 -539.39700000
v -5.12901000 -27.73310000 -540.03700000
v -5.08899000 -27.83360000 -539.80100000
v -4.90623000 -27.41780000 -539.44200000
v -5.00593000 -27.59900000 -539.64300000
v -4.90336000 -27.79470000 -539.24300000
v -5.08901000 -28.07800000 -539.69000000
v -5.02097000 -27.86930000 -539.58100000
v -4.93294000 -28.19750000 -539.20500000
v -4.95361000 -27.95760000 -539.35200000
v -4.93128000 -28.61880000 -538.98300000
v -5.07106000 -35.45730000 -546.88400000
v 0.67229500 -22.00580000 -538.84700000
v -3.96362000 -28.98450000 -537.37800000
v -3.79047000 -28.87860000 -537.21300000
v -3.93382000 -29.21010000 -537.39900000
v -4.11195000 -29.09230000 -537.53800000
v -4.11857000 -28.85820000 -537.54700000
v -7.08651000 -35.28190000 -541.97100000
v 0.62014500 -22.48010000 -538.81100000
v -3.91958000 -28.52210000 -537.38700000
v -3.83158000 -28.30390000 -537.33800000
v -5.61747000 -34.58280000 -546.82600000
v -3.81491000 -28.67700000 -537.24800000
v -3.97316000 -28.75280000 -537.39400000
v -3.44092000 -24.75540000 -542.18600000
v -4.55441000 -26.10600000 -538.24000000
v -4.51521000 -26.35670000 -538.19200000
v -4.45285000 -26.22460000 -538.01500000
v -4.52874000 -25.84890000 -538.18200000
v -4.35867000 -26.14860000 -537.80600000
v -4.61195000 -25.91670000 -538.37500000
v 1.19837000 -33.89380000 -547.80200000
v -4.42877000 -26.61310000 -538.09000000
v -4.50412000 -26.52800000 -538.33400000
v -4.28053000 -26.78610000 -537.73700000
v -4.32737000 -26.85110000 -537.95700000
v 1.00894000 -20.84580000 -538.14800000
v -4.84948000 -26.47960000 -540.16100000
v -4.85147000 -26.72650000 -540.08400000
v -4.70548000 -26.64210000 -539.67500000
v -4.75194000 -26.58490000 -539.92600000
v -4.79997000 -26.81090000 -539.82900000
v -4.69767000 -26.42100000 -539.51900000
v -4.61495000 -26.62310000 -539.18800000
v -4.76903000 -26.19850000 -539.37900000
v -4.68961000 -26.40870000 -539.28100000
v -4.74734000 -26.17310000 -539.13400000
v -4.65523000 -26.40040000 -539.04800000
v -4.61433000 -26.42150000 -538.81600000
v -4.53160000 -26.65170000 -538.72100000
v -4.71454000 -33.96110000 -547.08600000
v -4.64954000 -26.23520000 -538.66800000
v -3.01476000 -29.48820000 -536.75700000
v -3.20323000 -29.42440000 -536.89700000
v -2.21780000 -29.26420000 -536.43900000
v 2.80200000 -32.89550000 -539.46300000
v -1.85472000 -28.59770000 -536.35900000
v -2.34250000 -28.57890000 -536.35000000
v -1.97984000 -28.79370000 -536.37300000
v -1.70036000 -29.06980000 -536.45000000
v -1.74786000 -29.29780000 -536.51200000
v -1.52684000 -29.20370000 -536.57400000
v -1.58006000 -29.43640000 -536.65400000
v -1.19133000 -29.38640000 -536.85800000
v -1.78336000 -29.50070000 -536.58900000
v -1.46578000 -29.61920000 -536.78900000
v -1.32759000 -29.83380000 -536.89400000
v -0.90551000 -30.29380000 -537.19900000
v -0.95044000 -30.09590000 -537.15200000
v -0.26789900 -30.39200000 -537.45200000
v -0.49909600 -30.29600000 -537.43900000
v -0.72646800 -30.14940000 -537.32300000
v -4.43977000 -33.51820000 -547.12800000
v -1.16102000 -30.00990000 -536.99300000
v -0.98479400 -29.89740000 -537.09900000
v -1.73826000 -29.88830000 -536.72100000
v -1.36859000 -30.09150000 -536.89900000
v -2.07271000 -30.05590000 -536.62000000
v -2.17154000 -30.45530000 -536.67300000
v -2.23846000 -30.21420000 -536.60200000
v -2.23391000 -30.69120000 -536.67900000
v -1.90615000 -30.48700000 -536.76000000
v -1.63858000 -30.51860000 -536.82600000
v -1.76345000 -30.93130000 -536.80700000
v -1.06082000 -28.46670000 -536.79100000
v -0.91174200 -28.35450000 -536.94800000
v 1.34706000 -22.60190000 -536.86500000
v 3.04765000 -33.16990000 -539.81000000
v 0.70795900 -25.40360000 -537.76000000
v 0.67332600 -25.95570000 -537.75300000
v 1.18002000 -22.59140000 -537.02100000
v -7.06007000 -34.40460000 -542.45300000
v 0.95739300 -23.53450000 -537.34700000
v 1.07945000 -23.69210000 -537.23200000
v -5.06667000 -34.21230000 -546.99600000
v 1.11271000 -23.21050000 -537.13700000
v 1.13493000 -23.23480000 -541.46600000
v 1.44869000 -23.46740000 -541.61900000
v -7.07797000 -34.69140000 -542.19800000
v 2.61968000 -22.96110000 -540.66300000
v 2.47912000 -23.11530000 -540.86700000
v 2.49573000 -22.53670000 -540.52900000
v 2.09966000 -22.54890000 -540.75200000
v 2.53388000 -22.15310000 -540.26800000
v 2.38978000 -32.98690000 -539.01300000
v 0.77692700 -21.54340000 -538.37500000
v 1.08811000 -22.46820000 -540.71800000
v 1.18433000 -22.71140000 -540.97800000
v 1.58573000 -22.80280000 -541.07000000
v 1.45312000 -22.64350000 -540.94000000
v -0.15618600 -24.25410000 -539.65800000
v -0.01995850 -24.01230000 -539.72700000
v 0.89214100 -21.33120000 -538.77300000
v 2.97425000 -21.38130000 -539.17500000
v -4.60494000 -34.17210000 -547.12800000
v 2.98828000 -21.74470000 -539.50900000
v 3.15351000 -21.46840000 -539.01600000
v -0.26389400 -24.30330000 -540.86300000
v -0.09623390 -23.98070000 -540.52200000
v -0.33059600 -24.45620000 -541.04500000
v -0.32895900 -24.56890000 -539.98000000
v -0.40804500 -24.76660000 -540.12300000
v -0.43708300 -24.98820000 -539.99900000
v 2.53799000 -33.01700000 -539.18200000
v -0.37635900 -25.47460000 -539.75300000
v -0.47192200 -25.64200000 -539.85700000
v -1.27168000 -25.19420000 -536.86500000
v -0.40489900 -25.21800000 -539.85200000
v -0.24135800 -25.16760000 -539.43600000
v -0.32208800 -25.13560000 -539.65200000
v 1.12670000 -36.69590000 -539.79600000
v 3.59305000 -34.98140000 -541.33500000
v -0.61417100 -25.13370000 -540.31700000
v -0.69849900 -25.14860000 -540.51000000
v 0.45027400 -23.29080000 -539.53100000
v 0.35527200 -23.42640000 -539.73600000
v 0.24948500 -23.56090000 -539.90400000
v 0.12357500 -23.84860000 -539.60200000
v -0.01798450 -23.89260000 -541.01000000
v 0.02378120 -23.78660000 -540.58600000
v 0.28357600 -23.39750000 -540.40200000
v 0.15407300 -23.59370000 -540.49900000
v -4.19949000 -33.52210000 -547.20600000
v 0.02247540 -23.79970000 -540.37100000
v 0.61196900 -22.32760000 -538.57200000
v 0.63015500 -22.25240000 -538.82300000
v 0.60712100 -22.84430000 -538.67000000
v 0.59980800 -22.94500000 -538.49700000
v 0.59944000 -22.57850000 -538.62300000
v 0.59699200 -22.70630000 -538.45000000
v 0.93714300 -20.81290000 -537.94400000
v 0.89685300 -21.03710000 -538.04100000
v 0.93479200 -21.04810000 -538.26600000
v 0.84420900 -21.25740000 -538.12100000
v 0.82761100 -21.41260000 -538.56000000
v 1.42530000 -20.57630000 -538.55900000
v 1.21414000 -20.76910000 -538.58500000
v 1.27298000 -20.62740000 -538.36800000
v 1.10343000 -20.82840000 -538.36400000
v 3.47447000 -35.07080000 -541.21100000
v 1.01131000 -20.99990000 -538.47700000
v 0.86522500 -21.27530000 -538.36000000
v 0.92334300 -21.18130000 -538.58700000
v 0.73189000 -21.77400000 -538.81400000
v 0.74704200 -21.65310000 -538.58800000
v 0.80923400 -21.54810000 -538.78100000
v 0.81076000 -21.67640000 -539.00000000
v -3.98926000 -26.61340000 -537.04400000
v 1.49084000 -20.95230000 -535.88300000
v 1.50131000 -20.51810000 -535.94000000
v 1.66135000 -20.35210000 -536.03300000
v 1.64808000 -20.21880000 -536.25500000
v 1.67545000 -20.10570000 -536.48200000
v 1.55534000 -20.12960000 -536.70500000
v 1.47344000 -20.23760000 -536.44900000
v 1.76324000 -19.99870000 -536.86800000
v 1.58000000 -20.10640000 -536.97800000
v 1.02311000 -20.58020000 -537.31400000
v 1.16837000 -20.41970000 -537.35400000
v 1.28954000 -20.33260000 -537.12400000
v 1.04845000 -20.52520000 -537.57200000
v 0.93311500 -20.71090000 -537.49000000
v 1.33971000 -20.28760000 -537.38700000
v 1.21724000 -20.37590000 -537.61700000
v 1.40788000 -20.23520000 -536.90100000
v 1.45944000 -20.19670000 -537.17500000
v 1.41859000 -21.56300000 -536.27900000
v 1.64330000 -21.56370000 -536.14300000
v -4.77231000 -33.30510000 -546.97800000
v 1.32087000 -20.94470000 -536.04200000
v 1.28965000 -21.35000000 -536.25400000
v 1.21916000 -21.77540000 -536.57600000
v 2.54402000 -20.04410000 -537.35700000
v 2.70374000 -20.16190000 -537.54300000
v -7.25610000 -34.89490000 -544.84100000
v 2.35365000 -20.17510000 -537.74800000
v 2.95059000 -20.22140000 -537.53300000
v -4.10004000 -32.73880000 -547.08900000
v -3.84309000 -33.34180000 -547.31800000
v 2.41479000 -20.26540000 -537.92600000
v 2.16624000 -20.50990000 -538.72100000
v 2.45740000 -20.58900000 -538.69300000
v 2.35322000 -20.47690000 -538.52800000
v 2.10618000 -20.40190000 -538.51200000
v 1.12527000 -21.65300000 -539.75800000
v 1.27999000 -21.32470000 -539.52700000
v 1.47823000 -21.24540000 -539.54100000
v 1.24996000 -21.49160000 -539.68300000
v 0.92310600 -20.80760000 -537.22300000
v 1.56725000 -21.08610000 -539.40300000
v 1.58480000 -20.84600000 -539.11800000
v 0.40548600 -23.52910000 -541.52400000
v -5.19495000 -34.44080000 -546.96500000
v 2.52244000 -34.24500000 -539.47300000
v 0.62039700 -24.54320000 -542.53600000
v 0.61507500 -23.70130000 -541.99500000
v 0.84104900 -23.83680000 -542.09800000
v 0.56209600 -23.84500000 -542.16300000
v 0.58111200 -23.46690000 -541.62800000
v 3.71847000 -34.80680000 -541.38900000
v 1.89345000 -21.27650000 -539.65500000
v 1.66350000 -21.36270000 -539.71700000
v 2.31981000 -29.06680000 -538.07200000
v 2.44772000 -29.07180000 -538.25900000
v 2.48437000 -28.91560000 -538.44400000
v 2.16504000 -28.66090000 -538.23600000
v 2.14335000 -28.27810000 -538.40700000
v 2.17006000 -28.86150000 -538.09100000
v 2.24030000 -28.50510000 -538.41000000
v 2.59624000 -28.04340000 -539.58000000
v 2.63997000 -27.84320000 -539.96500000
v 2.69452000 -28.02760000 -539.81500000
v 2.73276000 -28.21790000 -539.66000000
v 1.84020000 -28.77260000 -537.86900000
v 1.99082000 -28.71650000 -538.04300000
v 1.20539000 -29.31040000 -537.23700000
v 1.28764000 -29.54160000 -537.13700000
v 1.54854000 -29.18230000 -537.42700000
v 1.56537000 -28.79950000 -537.61900000
v 2.80056000 -36.05400000 -540.86400000
v 1.71754000 -28.86520000 -537.72300000
v 0.43602100 -27.40500000 -538.14400000
v -5.09465000 -34.69280000 -546.99300000
v 0.91939700 -27.80660000 -537.74700000
v 1.04207000 -27.65630000 -537.66900000
v 1.13472000 -27.46850000 -537.57700000
v 1.26922000 -27.71140000 -537.57900000
v 1.29802000 -28.50890000 -537.54200000
v 1.50825000 -28.11920000 -537.71900000
v 1.35903000 -27.51690000 -537.53700000
v 1.02545000 -27.22490000 -537.56000000
v 2.73298000 -35.70380000 -540.55900000
v 2.85363000 -35.49130000 -540.57200000
v 1.01113000 -28.14510000 -537.64300000
v 1.11993000 -27.91470000 -537.65200000
v -0.90371800 -27.30790000 -538.38500000
v -0.69732500 -27.41070000 -538.44800000
v -0.47444600 -27.47880000 -538.44500000
v -0.47947500 -27.87780000 -538.34900000
v -0.61289700 -27.66480000 -538.45200000
v 3.00359000 -35.43080000 -540.73100000
v -0.34749500 -27.69780000 -538.41200000
v -0.36167200 -28.02330000 -538.20800000
v -0.17611100 -27.87460000 -538.31000000
v -0.10305700 -28.07730000 -538.18400000
v 0.15561800 -28.14340000 -538.08600000
v 2.86953000 -35.81570000 -540.80300000
v -0.85593900 -27.95070000 -537.83800000
v -7.20271000 -34.79650000 -545.06200000
v 1.65814000 -20.07650000 -537.26200000
v -0.72935200 -28.09320000 -537.94100000
v 1.27740000 -36.56000000 -539.81700000
v -0.87361900 -27.91910000 -538.10100000
v -0.51497000 -28.13780000 -538.03600000
v -0.63237500 -27.99660000 -538.18600000
v -0.27274300 -28.20230000 -538.06200000
v -4.09561000 -33.72980000 -547.25500000
v 0.17868600 -28.33990000 -537.96900000
v -0.05447660 -28.27840000 -538.05100000
v 1.09402000 -25.93720000 -543.19000000
v -3.98321000 -33.94110000 -547.29300000
v 0.95844900 -26.32440000 -543.61500000
v 0.64811100 -26.48240000 -543.96600000
v 3.34557000 -24.72020000 -538.69800000
v 3.31257000 -24.90220000 -538.83500000
v 3.38309000 -24.48330000 -538.75400000
v 3.43529000 -23.55290000 -538.12100000
v 3.37976000 -24.22270000 -538.29500000
v 3.40277000 -23.96580000 -538.31100000
v 3.43082000 -23.72870000 -538.31800000
v 3.42172000 -23.86110000 -538.52600000
v 3.39339000 -24.32850000 -538.52600000
v 3.39771000 -24.24380000 -538.74400000
v 3.40849000 -21.54000000 -537.77500000
v 3.45126000 -21.74630000 -537.90100000
v 3.41146000 -22.34830000 -539.09000000
v 3.33620000 -22.36560000 -539.34400000
v 1.39886000 -21.74040000 -536.41200000
v -2.37189000 -23.42110000 -535.68900000
v 3.38081000 -23.70310000 -539.42500000
v 3.38917000 -23.90040000 -539.29700000
v 1.63348000 -36.74210000 -540.12500000
v 3.49412000 -22.65260000 -537.97400000
v 3.50197000 -22.87080000 -538.14000000
v 3.50285000 -22.37730000 -537.96700000
v 3.47568000 -23.09930000 -538.05000000
v 3.48293000 -23.34300000 -538.46200000
v 1.81832000 -36.57210000 -540.15600000
v 3.45766000 -23.50290000 -538.32800000
v -7.30607000 -34.80890000 -544.62600000
v 3.47942000 -23.24250000 -538.68000000
v 3.43176000 -23.73780000 -538.73200000
v 3.41068000 -23.88960000 -538.92100000
v 3.43345000 -23.61170000 -538.94100000
v 3.40867000 -23.80870000 -539.09100000
v 3.33890000 -24.29780000 -539.58600000
v 3.35791000 -24.41670000 -539.34600000
v 3.15497000 -25.47140000 -539.97700000
v 3.07167000 -25.86150000 -540.17800000
v 3.07559000 -25.69530000 -540.39400000
v 3.12531000 -25.67580000 -539.84000000
v 3.08644000 -25.83190000 -539.95000000
v 3.00332000 -25.20370000 -540.80700000
v 2.90812000 -25.62470000 -540.95600000
v 2.81867000 -25.23150000 -541.18400000
v 3.09493000 -24.58390000 -540.56500000
v 3.01320000 -24.57870000 -540.75100000
v -0.76187400 -28.74720000 -545.77300000
v 1.63076000 -21.73430000 -536.27300000
v 3.17072000 -24.61980000 -540.35200000
v 3.12646000 -24.82750000 -540.49100000
v 3.07091000 -25.02440000 -540.64600000
v 2.98014000 -24.96130000 -540.86500000
v 3.08304000 -25.25670000 -540.58300000
v 3.00853000 -25.44300000 -540.76000000
v 3.12702000 -25.48320000 -540.25000000
v 3.13427000 -25.27620000 -540.34200000
v 3.17401000 -25.06950000 -540.18100000
v 3.24600000 -24.87380000 -539.79300000
v 3.16663000 -25.27810000 -540.08700000
v 3.23303000 -25.07710000 -539.68200000
v 1.97566000 -36.69830000 -540.32300000
v 3.35109000 -24.59750000 -539.16300000
v 3.27575000 -24.87340000 -539.54000000
v 3.32637000 -24.50150000 -539.55200000
v 3.28790000 -24.67820000 -539.66500000
v 3.07690000 -25.86400000 -538.78800000
v 3.20499000 -25.33600000 -538.62200000
v 3.21394000 -25.33300000 -538.85500000
v 3.15234000 -25.57420000 -538.75300000
v 3.11451000 -25.73040000 -538.93700000
v 1.88716000 -23.53280000 -536.80200000
v 2.07122000 -23.37980000 -536.78100000
v 2.28433000 -23.48420000 -536.83500000
v 2.10139000 -23.62290000 -536.82600000
v 3.03106000 -26.03780000 -539.94800000
v 2.88073000 -26.43600000 -540.21200000
v 3.06253000 -25.89310000 -539.49200000
v 2.98223000 -26.16010000 -539.76300000
v 2.94262000 -26.24320000 -539.33700000
v 3.03533000 -25.99190000 -539.27500000
v 3.10364000 -25.75220000 -539.15000000
v 2.99710000 -26.10980000 -538.85000000
v -2.95860000 -31.59420000 -546.94200000
v 3.11683000 -25.69570000 -539.60400000
v 3.16441000 -25.52490000 -538.99800000
v 3.21571000 -25.30370000 -539.09500000
v 2.77085000 -26.60430000 -538.78400000
v 2.79767000 -26.55160000 -539.01500000
v 3.02203000 -26.02020000 -538.60700000
v 2.94045000 -26.23960000 -538.64200000
v 2.90842000 -26.32260000 -538.92200000
v 2.86572000 -26.40770000 -539.17700000
v 2.02265000 -31.72690000 -538.31400000
v 1.99393000 -31.36990000 -538.15200000
v 1.94520000 -31.93330000 -538.30300000
v 2.29207000 -31.90220000 -538.60800000
v 2.20540000 -31.32010000 -538.32300000
v 2.21659000 -31.69730000 -538.47500000
v 2.49548000 -31.41930000 -538.67400000
v 2.31453000 -31.47480000 -538.49500000
v 2.54358000 -31.65490000 -538.82000000
v 2.83897000 -31.79240000 -539.26100000
v 3.02830000 -31.42220000 -539.44900000
v 2.99851000 -31.80380000 -539.49000000
v 3.27915000 -31.77010000 -539.95100000
v 3.32423000 -32.16900000 -540.08300000
v 3.47369000 -31.90390000 -540.38000000
v 3.57574000 -32.08570000 -540.55900000
v 3.27239000 -31.32530000 -539.85000000
v 3.37327000 -31.25360000 -540.07200000
v 3.45498000 -31.07900000 -540.28300000
v 1.09320000 -31.16800000 -537.42900000
v 0.84966800 -31.14340000 -537.34700000
v 0.96473600 -30.71350000 -537.34200000
v 1.09562000 -30.53630000 -537.29400000
v 1.01957000 -30.34840000 -537.16100000
v 0.96125500 -30.94150000 -537.38800000
v 1.14865000 -30.76280000 -537.42400000
v 1.21984000 -30.97110000 -537.48400000
v 1.18044000 -30.14950000 -537.11800000
v 0.92864900 -30.16010000 -537.07000000
v 1.24930000 -30.35050000 -537.23700000
v 1.69814000 -36.37520000 -539.98200000
v 1.51195000 -30.57540000 -537.51100000
v 1.29680000 -30.56690000 -537.40100000
v 2.55728000 -30.90180000 -538.56800000
v 2.76575000 -31.13510000 -538.95400000
v -7.09055000 -34.97200000 -545.43200000
v 1.97355000 -27.89590000 -543.65200000
v 2.63880000 -27.13540000 -541.59400000
v -2.25312000 -31.30430000 -547.09600000
v 2.61353000 -26.99060000 -541.38200000
v 2.73994000 -27.31110000 -541.54000000
v 2.84972000 -27.65090000 -541.71700000
v 2.84116000 -27.75490000 -541.93500000
v 2.66350000 -27.02490000 -541.09700000
v 2.70563000 -27.17870000 -541.31800000
v 2.77545000 -27.40100000 -541.29000000
v 2.86997000 -27.62900000 -541.28000000
v 2.91253000 -27.75060000 -541.50300000
v 2.97022000 -27.84470000 -541.28900000
v 1.80102000 -36.17850000 -539.95400000
v 2.28396000 -27.73470000 -542.80100000
v 1.97359000 -27.55070000 -543.03700000
v 2.14689000 -27.74350000 -543.00100000
v 2.63262000 -31.10590000 -545.11700000
v 2.49296000 -31.20290000 -545.36400000
v 2.71025000 -30.07420000 -544.15900000
v 2.56234000 -30.00170000 -544.36800000
v 2.04524000 -30.47610000 -545.52000000
v 1.86214000 -30.43710000 -545.67300000
v 2.27091000 -30.34550000 -545.15200000
v 2.20105000 -30.51470000 -545.35500000
v -1.65411000 -28.99470000 -545.83200000
v 2.12473000 -30.69880000 -545.54500000
v 2.40150000 -30.79420000 -545.24700000
v 2.43448000 -30.23140000 -544.78600000
v 1.47539000 -21.37170000 -536.11900000
v 2.34806000 -30.56540000 -545.18600000
v 2.99122000 -29.75510000 -543.40200000
v 2.86212000 -29.64390000 -543.59000000
v 3.03656000 -29.43350000 -543.15900000
v 2.95509000 -29.52240000 -543.36800000
v 2.02060000 -36.46830000 -540.25500000
v 2.74979000 -29.46030000 -543.69400000
v 2.38586000 -29.65940000 -544.42100000
v -2.33237000 -30.95200000 -546.83200000
v 1.65788000 -21.38600000 -536.00200000
v 3.61254000 -30.14800000 -541.18700000
v -3.29480000 -31.90890000 -546.99300000
v 3.62049000 -30.29510000 -541.03900000
v 3.40723000 -29.61680000 -542.09200000
v 3.33747000 -29.56320000 -542.34000000
v -0.15267200 -33.89870000 -548.46300000
v 3.44564000 -29.67510000 -541.84000000
v 3.50553000 -29.82030000 -542.03200000
v 3.56553000 -30.04020000 -541.97400000
v 3.43305000 -29.75940000 -542.30500000
v 3.33649000 -29.70660000 -542.57500000
v 3.50620000 -30.14420000 -542.39900000
v 3.51779000 -29.97160000 -542.22700000
v 3.40279000 -30.97850000 -543.40500000
v 3.47776000 -31.15640000 -543.37600000
v 3.11718000 -30.70520000 -543.85000000
v 3.31584000 -30.95410000 -543.65400000
v 2.95634000 -31.94440000 -545.27500000
v 3.05708000 -32.15770000 -545.28400000
v 2.92737000 -32.06920000 -545.48300000
v 3.12357000 -31.91880000 -544.88200000
v 3.08675000 -32.05060000 -545.07400000
v -7.20848000 -35.04880000 -545.03300000
v 3.40319000 -31.91700000 -544.30600000
v 2.91180000 -31.59880000 -545.06100000
v 2.82000000 -31.41650000 -545.06900000
v 2.53804000 -23.38100000 -540.96000000
v 1.19552000 -21.07900000 -536.22500000
v 2.32785000 -23.70420000 -541.31500000
v -3.44883000 -24.39190000 -541.94400000
v -1.24302000 -28.79150000 -545.77800000
v 2.82070000 -21.96770000 -539.89700000
v 2.48926000 -21.94240000 -540.13500000
v 2.70333000 -22.54250000 -540.36300000
v 3.00513000 -23.66580000 -540.56000000
v 2.86571000 -24.03570000 -540.87300000
v 2.84696000 -23.64120000 -540.76100000
v 2.95094000 -23.19950000 -540.43500000
v -3.25196000 -32.40940000 -547.32800000
v 3.29698000 -21.58790000 -538.86100000
v 3.16936000 -21.79990000 -539.30700000
v 2.97608000 -21.94030000 -539.69700000
v -3.08205000 -32.50500000 -547.46200000
v 2.98350000 -22.15310000 -539.85100000
v 3.10905000 -22.36050000 -539.79200000
v 3.08897000 -22.58300000 -539.93500000
v 2.96298000 -22.60040000 -540.12100000
v 2.98031000 -22.37730000 -539.98600000
v 2.84196000 -22.20200000 -540.03700000
v -3.85220000 -31.26260000 -546.52900000
v 2.92160000 -24.26630000 -540.86000000
v 0.20319900 -33.99830000 -548.38100000
v 3.04831000 -23.44520000 -540.40300000
v 3.06880000 -23.90280000 -540.51100000
v 0.42953100 -33.85270000 -548.29200000
v 3.12044000 -22.99780000 -540.07000000
v 2.84498000 -22.46320000 -540.18600000
v 2.86614000 -22.73890000 -540.30600000
v 2.82607000 -22.94660000 -540.45600000
v 2.81871000 -23.28220000 -540.63700000
v 2.92419000 -24.49260000 -540.90300000
v 2.79094000 -24.20880000 -541.02300000
v 2.81133000 -24.64740000 -541.12200000
v 2.66920000 -23.61180000 -540.94300000
v 2.70019000 -24.04350000 -541.07500000
v 2.65883000 -24.28410000 -541.20400000
v 0.12095700 -34.63420000 -548.36500000
v 1.82520000 -24.78170000 -542.21100000
v 1.63504000 -24.72110000 -542.28300000
v 1.76512000 -24.13280000 -541.96700000
v 1.53620000 -24.10450000 -542.04700000
v 1.91031000 -24.38530000 -542.01800000
v 1.77493000 -24.53470000 -542.15900000
v 2.09440000 -24.58810000 -541.94300000
v 2.24500000 -24.74100000 -541.82100000
v 2.56356000 -24.92730000 -541.51100000
v 2.41831000 -24.84260000 -541.66100000
v 2.38946000 -24.43310000 -541.55800000
v 2.66622000 -26.31190000 -541.12300000
v 2.70784000 -26.45870000 -540.92500000
v 3.34507000 -33.33190000 -546.19900000
v 3.16091000 -33.37650000 -546.36800000
v 3.37072000 -33.14240000 -546.05400000
v 3.51885000 -33.33510000 -545.99500000
v 3.52376000 -33.72990000 -546.20900000
v 3.53198000 -33.16430000 -545.82100000
v 3.80870000 -33.66020000 -545.84300000
v 3.17715000 -32.74020000 -545.99900000
v -5.37711000 -31.60240000 -545.91700000
v 3.04799000 -32.50540000 -545.94200000
v -0.97143800 -34.19310000 -548.52200000
v 1.40295000 -33.25760000 -547.71000000
v 1.55795000 -32.86820000 -547.54200000
v 1.19548000 -33.24450000 -547.84500000
v 2.27992000 -33.51330000 -547.09000000
v 2.40263000 -33.62290000 -546.92000000
v 2.30475000 -33.10940000 -547.09500000
v 2.67003000 -33.03050000 -546.78000000
v 2.34746000 -33.30640000 -547.07200000
v 2.55307000 -32.78230000 -546.83000000
v 2.14909000 -32.64270000 -547.10100000
v 2.45148000 -32.93410000 -546.95400000
v 2.34718000 -32.68270000 -546.96600000
v -5.55550000 -31.73150000 -545.87800000
v 1.92268000 -32.66120000 -547.25100000
v 1.71500000 -32.67060000 -547.37900000
v 1.37378000 -32.51670000 -547.50800000
v 1.57926000 -32.45830000 -547.35900000
v 1.46967000 -32.11240000 -547.17600000
v 1.18828000 -32.61340000 -547.67200000
v 2.44480000 -32.52440000 -546.80900000
v 2.24522000 -32.43210000 -546.92400000
v 2.05904000 -32.25890000 -546.94000000
v 1.87961000 -32.05040000 -546.89400000
v 1.92898000 -31.85280000 -546.67300000
v 1.68823000 -32.07800000 -547.03500000
v 1.46540000 -31.22900000 -546.42100000
v -6.94706000 -34.84690000 -545.76000000
v 1.30415000 -31.94990000 -547.12300000
v 1.22918000 -32.10340000 -547.28400000
v 1.06300000 -31.93730000 -547.21800000
v 1.53904000 -31.72920000 -546.81300000
v 1.04526000 -31.60310000 -546.94600000
v 0.83633500 -31.91560000 -547.29000000
v 0.63276500 -31.43830000 -547.00400000
v 0.51512400 -31.59250000 -547.15000000
v 0.67929200 -31.74250000 -547.20600000
v 0.68246800 -32.03970000 -547.44700000
v 0.40902700 -31.76560000 -547.31500000
v -1.13000000 -27.04360000 -544.40600000
v -0.96845100 -26.84350000 -544.45000000
v 0.60498000 -29.99460000 -546.18200000
v 1.37086000 -21.15570000 -536.07000000
v 0.99586900 -30.74410000 -546.50700000
v 0.78547800 -30.65780000 -546.54700000
v 0.93648300 -30.29510000 -546.25200000
v 0.78863800 -33.89730000 -548.07700000
v 0.97046400 -30.51700000 -546.39100000
v 0.70091900 -30.22630000 -546.29300000
v 0.30486200 -30.21740000 -546.43400000
v 0.53941000 -30.33960000 -546.42900000
v -0.57754200 -27.40800000 -544.89400000
v -0.67796600 -27.65330000 -545.05800000
v -0.30628100 -28.06710000 -545.28900000
v 4.25317000 -33.69710000 -544.57400000
v -0.14615900 -27.98810000 -545.13900000
v -0.38566700 -27.88720000 -545.19000000
v -0.54362800 -28.02240000 -545.35400000
v 4.24819000 -33.59640000 -544.35700000
v -0.64691400 -27.84400000 -545.22900000
v 4.22839000 -33.46910000 -544.13100000
v -0.92893600 -28.16680000 -545.46800000
v -0.81594900 -27.99430000 -545.35600000
v -1.39819000 -28.32680000 -545.41500000
v 4.12186000 -33.25770000 -544.08900000
v -1.80972000 -28.42410000 -545.37100000
v 4.04596000 -33.30010000 -544.55400000
v 4.09950000 -33.13040000 -543.86100000
v -1.51740000 -28.53110000 -545.57600000
v -1.26149000 -28.42990000 -545.57300000
v -1.37147000 -28.65510000 -545.68700000
v -5.29395000 -31.76400000 -546.05700000
v -0.52481800 -28.77240000 -545.74900000
v -0.85938600 -29.54560000 -546.24500000
v -0.83363600 -29.34410000 -546.08700000
v -0.65903000 -28.96380000 -545.86700000
v -0.84153500 -29.13110000 -545.96100000
v -1.60966000 -28.74510000 -545.69600000
v -1.78774000 -28.60030000 -545.56800000
v -1.86837000 -29.06960000 -545.85100000
v -1.45195000 -28.90260000 -545.80900000
v -0.87685700 -28.93210000 -545.86400000
v -1.12422000 -28.58860000 -545.68800000
v 2.07192000 -27.89030000 -543.42400000
v 1.90769000 -27.73120000 -543.44000000
v 1.77196000 -37.90440000 -540.91100000
v 0.33450000 -32.90450000 -537.59900000
v 1.76708000 -37.72230000 -540.73400000
v 1.32524000 -33.70170000 -547.75300000
v -7.00873000 -35.01600000 -545.63500000
v 1.52560000 -37.62430000 -540.60700000
v 3.77229000 -32.63460000 -544.09000000
v 1.30040000 -37.57620000 -540.52300000
v 1.02043000 -37.20890000 -540.08600000
v 1.26057000 -37.40540000 -540.35500000
v 1.42016000 -37.22000000 -540.27600000
v 1.49987000 -37.41910000 -540.44900000
v 1.60235000 -37.20310000 -540.34700000
v 1.35050000 -37.02620000 -540.11400000
v 2.15925000 -36.58610000 -540.41800000
v 2.21759000 -36.36470000 -540.37300000
v 1.52538000 -35.03690000 -538.78600000
v 1.41336000 -35.23620000 -538.86600000
v 3.86988000 -32.56150000 -543.68900000
v 0.93816500 -36.12860000 -539.38900000
v 0.76919300 -35.83140000 -539.07800000
v 1.52534000 -36.01340000 -539.66300000
v 1.58692000 -36.20560000 -539.82000000
v 1.91477000 -35.98110000 -539.92900000
v 1.32888000 -35.99750000 -539.52800000
v 1.49439000 -35.82310000 -539.49900000
v 1.12553000 -35.97990000 -539.39000000
v 0.99075000 -36.31570000 -539.52000000
v 1.22972000 -35.63580000 -539.13800000
v 1.29443000 -35.81000000 -539.35400000
v 2.91284000 -34.84240000 -540.14600000
v 2.72575000 -34.69100000 -539.80700000
v -5.59865000 -30.88000000 -545.45100000
v 3.58378000 -34.31080000 -540.73600000
v 3.43491000 -34.47530000 -540.62300000
v 2.79652000 -24.42110000 -541.08100000
v 2.53195000 -24.37720000 -541.37800000
v 3.21369000 -34.83290000 -540.57500000
v 2.68996000 -36.77390000 -541.28500000
v 2.62185000 -36.90120000 -541.47500000
v 2.75633000 -36.66390000 -541.51100000
v 2.88706000 -36.44100000 -541.62700000
v 2.87660000 -36.46680000 -541.42500000
v 2.53602000 -24.65630000 -541.46700000
v 2.74274000 -36.58480000 -541.75300000
v 2.45285000 -20.11360000 -537.55700000
v 2.94085000 -35.95070000 -540.98600000
v 3.04979000 -36.12280000 -541.30100000
v 3.19926000 -35.74840000 -541.22600000
v 3.09358000 -35.50400000 -540.91300000
v 3.24794000 -35.35670000 -541.04400000
v -1.51324000 -34.89290000 -547.79900000
v 3.01886000 -36.14750000 -541.92800000
v 2.31126000 -25.60030000 -541.82200000
v 2.81887000 -36.19140000 -542.28000000
v 2.71446000 -25.52290000 -541.34500000
v 3.01117000 -36.10180000 -542.16200000
v 3.18611000 -35.98460000 -542.03600000
v 3.29672000 -35.88300000 -541.62800000
v 2.52453000 -25.85890000 -541.54200000
v 2.93972000 -24.72970000 -540.91900000
v 3.42041000 -35.68050000 -541.67100000
v 3.33891000 -35.83930000 -541.89600000
v 3.49628000 -35.65020000 -541.88800000
v 3.44917000 -35.46940000 -541.48900000
v 3.54420000 -35.47000000 -541.72400000
v 3.01011000 -36.27220000 -541.47400000
v 3.03127000 -36.21780000 -541.70500000
v 3.15317000 -36.08010000 -541.54600000
v 3.20224000 -35.92150000 -541.38300000
v 3.33474000 -35.70680000 -541.44600000
v 3.31544000 -35.52920000 -541.27400000
v 3.51727000 -35.22030000 -541.41900000
v 3.66487000 -35.03690000 -541.52200000
v 3.70209000 -35.27330000 -541.83300000
v 3.13212000 -35.26760000 -540.80400000
v 3.34916000 -35.17380000 -541.07900000
v -6.95455000 -35.24730000 -545.71100000
v 3.13714000 -35.04850000 -540.63700000
v 3.25406000 -35.11840000 -540.87800000
v 2.15689000 -34.71650000 -539.14600000
v 2.03599000 -34.59950000 -538.95100000
v 2.09728000 -34.37670000 -538.93800000
v 2.08194000 -34.92890000 -539.20300000
v 2.27783000 -34.81110000 -539.34200000
v 2.60520000 -35.02890000 -539.88500000
v 2.39200000 -34.90680000 -539.54100000
v 1.82770000 -35.23080000 -539.21800000
v 1.65883000 -35.14820000 -538.99300000
v 2.09396000 -35.83410000 -539.98400000
v -0.49606900 -30.93810000 -537.16900000
v -0.25589500 -31.02110000 -537.22800000
v 0.24820600 -30.27650000 -537.39800000
v 0.40323900 -30.48080000 -537.38900000
v 0.27362600 -31.09730000 -537.27000000
v 0.41548200 -30.90990000 -537.31900000
v 0.03623750 -30.69750000 -537.38300000
v 2.79425000 -25.00220000 -541.20800000
v -0.11050800 -37.33690000 -541.00100000
v 0.01074220 -37.27900000 -541.37800000
v -0.16078200 -36.07170000 -539.01400000
v -0.25492600 -35.91370000 -538.85500000
v -0.41710100 -36.06790000 -538.95600000
v 0.11020400 -36.12080000 -539.10700000
v -0.01570400 -35.93360000 -538.93300000
v -0.52359300 -36.24010000 -539.06700000
v -0.29576100 -36.23700000 -539.09900000
v -0.74733900 -36.28220000 -539.06900000
v -0.07080010 -36.23250000 -539.13600000
v 0.31545400 -36.25640000 -539.23700000
v -0.13812700 -36.41130000 -539.22900000
v 0.25741000 -36.47870000 -539.34200000
v 0.70172400 -37.03110000 -539.80500000
v 0.35411500 -36.87920000 -539.58200000
v 0.59151900 -36.88320000 -539.66100000
v 0.74189600 -36.69180000 -539.59600000
v 3.25754000 -36.38770000 -544.37600000
v 3.51472000 -36.41180000 -544.41700000
v 3.97509000 -36.46120000 -544.24900000
v 2.78999000 -20.08840000 -537.34100000
v 3.85754000 -36.31140000 -544.59300000
v 3.18965000 -32.59620000 -545.75400000
v 2.87106000 -28.36440000 -539.75100000
v 3.39125000 -36.33010000 -544.61400000
v 3.63268000 -36.32920000 -544.63000000
v 3.13728000 -36.31720000 -544.58100000
v 3.28302000 -36.20960000 -544.78600000
v 3.39851000 -36.07710000 -544.93000000
v 3.56461000 -36.18810000 -544.82800000
v 3.61616000 -35.99070000 -545.02200000
v 3.63430000 -35.80130000 -545.20400000
v 3.82872000 -34.99380000 -545.85900000
v 4.10827000 -34.74360000 -545.60900000
v 3.97040000 -35.12260000 -545.63000000
v 3.62097000 -34.37010000 -546.21400000
v 3.79336000 -34.53390000 -546.07900000
v 3.58530000 -34.93990000 -545.93600000
v -5.28640000 -30.69100000 -545.51500000
v 3.61725000 -35.13500000 -545.79800000
v 3.91673000 -35.36210000 -545.49500000
v 3.78627000 -35.24210000 -545.68900000
v 3.70825000 -35.46340000 -545.51900000
v 3.83117000 -35.83960000 -545.14000000
v 3.82638000 -35.61900000 -545.33200000
v 3.47605000 -35.49080000 -545.49300000
v 3.59319000 -35.63610000 -545.36500000
v 3.41185000 -35.77140000 -545.21600000
v 3.16497000 -35.82130000 -545.14300000
v 3.09373000 -35.62330000 -545.30800000
v 2.95272000 -35.91350000 -545.05500000
v 2.93370000 -35.72360000 -545.20000000
v 3.19662000 -29.08940000 -540.93900000
v 1.94298000 -35.86410000 -544.99500000
v 1.80324000 -35.98220000 -544.82700000
v 3.20962000 -28.89830000 -541.06900000
v 2.21871000 -36.13970000 -544.84500000
v 2.02480000 -36.03330000 -544.90900000
v 2.43838000 -36.08860000 -544.93200000
v 2.98472000 -28.88050000 -539.53200000
v 2.63726000 -36.16090000 -544.85200000
v 3.10307000 -28.77230000 -539.90300000
v 2.69602000 -35.99630000 -544.99700000
v 2.91037000 -36.08020000 -544.91200000
v 2.97052000 -36.33640000 -544.37700000
v 2.68880000 -36.27570000 -544.31500000
v 2.40073000 -36.20750000 -544.25900000
v 2.53531000 -36.25380000 -544.47400000
v 2.84580000 -36.28880000 -544.54700000
v 2.63857000 -36.24450000 -544.65500000
v 3.04604000 -36.20970000 -544.76800000
v 2.83099000 -36.21600000 -544.75200000
v -5.21684000 -30.51690000 -545.43700000
v 3.15772000 -36.03270000 -544.96000000
v 3.05025000 -34.87290000 -545.89100000
v 0.92902200 -31.76040000 -547.12600000
v 1.66158000 -35.13030000 -545.16200000
v 1.57132000 -34.91080000 -545.20800000
v 1.47147000 -35.12260000 -545.10000000
v 1.33410000 -34.99880000 -545.10000000
v 1.75002000 -34.78300000 -545.35000000
v 1.53662000 -34.68130000 -545.29800000
v 2.04150000 -35.05920000 -545.33000000
v 1.81385000 -34.97710000 -545.27500000
v 2.47936000 -34.96760000 -545.59800000
v 1.98830000 -34.85990000 -545.41700000
v 2.81440000 -34.83050000 -545.83200000
v 2.32975000 -20.63560000 -538.85800000
v 2.84525000 -35.15380000 -545.62100000
v 2.86207000 -35.31680000 -545.50600000
v 2.86947000 -33.00840000 -546.57700000
v 2.74975000 -32.82410000 -546.66200000
v 1.45413000 -34.32540000 -547.36500000
v 1.33308000 -34.47230000 -547.25800000
v 1.45143000 -34.14290000 -547.53300000
v 1.24841000 -34.12200000 -547.69100000
v 1.00546000 -21.85290000 -539.83700000
v 1.75728000 -33.70730000 -547.45600000
v 2.37800000 -33.88060000 -539.24000000
v 2.50543000 -33.98210000 -539.40800000
v 2.63281000 -33.83140000 -539.50100000
v 2.04807000 -33.94120000 -538.85400000
v 2.22379000 -33.88860000 -539.06000000
v 1.91784000 -33.77780000 -538.69800000
v 1.88982000 -34.00860000 -538.68100000
v 2.35108000 -33.64140000 -539.14200000
v 2.65070000 -33.59010000 -539.46300000
v 2.59854000 -33.24210000 -539.30600000
v 3.28735000 -34.45260000 -540.40400000
v 3.41443000 -34.28500000 -540.49200000
v 3.52347000 -34.12750000 -540.57800000
v -2.56595000 -32.61530000 -536.82400000
v -2.25784000 -32.59490000 -536.85200000
v -1.91858000 -32.79840000 -536.95000000
v -2.39658000 -32.24400000 -536.77800000
v -2.40796000 -32.44920000 -536.80400000
v -2.80617000 -30.52310000 -536.50500000
v -2.99771000 -30.58410000 -536.53700000
v -2.85003000 -30.79970000 -536.56600000
v -3.11894000 -30.76210000 -536.60300000
v -2.61672000 -30.70930000 -536.55800000
v 1.89077000 -19.99340000 -537.29200000
v -0.78195300 -31.27500000 -536.95500000
v -0.92351800 -31.45950000 -536.85700000
v -1.08073000 -31.64940000 -536.82000000
v 1.88018000 -20.10580000 -536.30900000
v -0.82754000 -31.68050000 -536.86000000
v -0.97423600 -31.86550000 -536.84200000
v -0.19907700 -32.37480000 -537.15500000
v -6.16690000 -34.40010000 -546.52600000
v -0.69984700 -31.49890000 -536.93900000
v -0.86025800 -32.04590000 -536.88700000
v -0.61600600 -32.12230000 -536.96200000
v -0.70579100 -31.89990000 -536.89400000
v -6.45522000 -34.80190000 -546.37300000
v 2.91090000 -21.18720000 -539.04900000
v 1.55263000 -33.94400000 -538.40100000
v -1.22056000 -31.83660000 -536.81600000
v 1.08645000 -21.50800000 -539.54100000
v -1.10769000 -32.32490000 -536.89900000
v -1.03098000 -28.80140000 -545.80000000
v 1.44742000 -21.41970000 -539.71900000
v -1.33293000 -32.00430000 -536.81400000
v -1.54928000 -32.06090000 -536.81800000
v 2.79961000 -21.59080000 -539.57700000
v -1.90448000 -33.22410000 -537.05800000
v -1.55803000 -32.82450000 -536.97700000
v -1.34739000 -32.68120000 -536.94400000
v -1.75871000 -32.69260000 -536.92100000
v -1.75686000 -32.98890000 -537.03400000
v 0.19660700 -33.95410000 -537.87600000
v 0.19373300 -33.56470000 -537.78100000
v 0.32362400 -33.75730000 -537.85400000
v 0.42218600 -33.55060000 -537.85000000
v 3.09041000 -21.09060000 -538.67900000
v -0.87105500 -32.22900000 -536.93700000
v 0.51116200 -32.72570000 -537.60800000
v 0.52913100 -32.94540000 -537.70000000
v 0.36512300 -33.12850000 -537.71800000
v 0.45228500 -32.50710000 -537.49800000
v 0.22990100 -32.48220000 -537.36600000
v -0.09133520 -32.72910000 -537.37500000
v 0.30950900 -32.68470000 -537.49700000
v 0.12668100 -33.03670000 -537.59300000
v 0.14213500 -33.20690000 -537.67400000
v 0.28619500 -33.35500000 -537.77100000
v 0.50335800 -33.33670000 -537.84200000
v 0.03981340 -33.37640000 -537.69600000
v -0.18261200 -33.41150000 -537.63000000
v -0.09808960 -33.17800000 -537.58600000
v -0.32963100 -33.27490000 -537.53700000
v 0.11726000 -32.84000000 -537.49200000
v -0.09279800 -32.95150000 -537.48400000
v 3.19977000 -20.76700000 -538.04600000
v -6.23834000 -34.82570000 -546.53700000
v -0.43223800 -32.43430000 -537.14600000
v -0.62135800 -32.31550000 -537.04200000
v -0.28465500 -33.05070000 -537.46500000
v -0.46876000 -32.91960000 -537.34600000
v -0.72063200 -32.70230000 -537.16800000
v -0.48876800 -32.67750000 -537.24100000
v -0.70722400 -35.46060000 -538.24500000
v -0.45055900 -35.46780000 -538.30400000
v -0.96282100 -35.46030000 -538.18000000
v -0.86921000 -35.60660000 -538.33600000
v 1.71849000 -20.95430000 -539.29000000
v 0.43700100 -35.30580000 -538.25400000
v -5.90126000 -34.03760000 -546.61600000
v 0.23390500 -35.47960000 -538.33900000
v 0.12126500 -35.67510000 -538.64700000
v 1.96112000 -22.68750000 -540.90100000
v -0.13378100 -35.64670000 -538.56200000
v 0.05761780 -35.56200000 -538.45300000
v 0.58839200 -35.76150000 -538.92900000
v 0.36033000 -35.70970000 -538.77100000
v 0.54732700 -36.16630000 -539.25400000
v 0.40157900 -36.61850000 -539.45000000
v 0.49584800 -36.37720000 -539.35000000
v -6.14104000 -33.73270000 -546.40200000
v 0.74551300 -36.28870000 -539.38400000
v 0.85344800 -36.48630000 -539.52900000
v 0.56887400 -35.94470000 -539.11300000
v 0.36005400 -36.05510000 -539.12700000
v -6.05710000 -34.19980000 -546.55600000
v 0.38535200 -35.86060000 -538.96600000
v 1.18168000 -32.61210000 -537.97900000
v -7.17869000 -35.29670000 -545.07100000
v 1.45584000 -31.36280000 -537.64900000
v 1.39989000 -31.58460000 -537.64700000
v 1.16806000 -31.56270000 -537.46800000
v 1.08882000 -31.80780000 -537.48500000
v 2.34663000 -36.49210000 -540.55100000
v 0.97176700 -32.04890000 -537.55800000
v 1.59180000 -33.70820000 -538.42700000
v 1.37789000 -33.78210000 -538.31100000
v 1.72712000 -34.09190000 -538.51700000
v 1.78941000 -33.62780000 -538.57300000
v 1.82341000 -33.41290000 -538.58800000
v 1.56713000 -33.03130000 -538.35200000
v 1.91271000 -33.06980000 -538.59400000
v 2.12975000 -23.11630000 -541.11200000
v 1.60031000 -32.77130000 -538.29200000
v 1.27343000 -32.77230000 -538.09100000
v 1.41760000 -32.87190000 -538.21400000
v -1.60526000 -34.30810000 -537.89700000
v -1.66171000 -34.52370000 -537.94300000
v -1.94720000 -34.03430000 -537.64800000
v -1.57265000 -34.09500000 -537.77000000
v -1.99758000 -34.24510000 -537.78100000
v -2.41918000 -34.31330000 -537.72700000
v -2.14451000 -35.40900000 -538.08600000
v -6.25913000 -33.94210000 -546.37000000
v -1.89841000 -35.48130000 -538.12900000
v -1.65449000 -35.53520000 -538.16400000
v 2.32567000 -22.64110000 -540.69800000
v -1.21591000 -35.45250000 -538.13000000
v -1.13604000 -35.61520000 -538.26600000
v -1.30268000 -35.24930000 -538.05800000
v -1.39250000 -35.59940000 -538.21400000
v -1.94141000 -35.09560000 -538.00400000
v -2.20117000 -35.14920000 -538.00600000
v -1.74599000 -35.30730000 -538.06700000
v -2.36683000 -35.35330000 -538.05000000
v -2.71208000 -35.16940000 -537.97300000
v 1.59146000 -20.71100000 -538.91800000
v -2.84140000 -34.97780000 -537.92700000
v -4.26959000 -38.18120000 -540.09800000
v -4.11621000 -36.94490000 -539.04000000
v -4.43316000 -36.69400000 -538.95600000
v -3.99917000 -37.13000000 -539.16200000
v -3.13990000 -37.00150000 -539.04600000
v -3.30255000 -37.32620000 -539.31500000
v -2.32605000 -38.27470000 -540.33400000
v -2.39634000 -38.11760000 -540.17600000
v -2.68452000 -38.11630000 -540.11800000
v -2.85637000 -38.25270000 -540.19400000
v -2.58311000 -38.26740000 -540.24400000
v -2.74705000 -37.97150000 -540.01600000
v -2.89079000 -37.26780000 -539.33500000
v -2.72919000 -36.80450000 -538.95900000
v -2.99642000 -37.45890000 -539.49300000
v -2.76134000 -37.40440000 -539.50800000
v -2.23637000 -37.93730000 -540.12700000
v -6.98027000 -35.45210000 -545.53700000
v -2.63944000 -37.52850000 -539.66500000
v -2.36366000 -37.78660000 -539.97600000
v -3.02333000 -37.74590000 -539.78100000
v -2.04173000 -37.32660000 -541.84100000
v -2.07713000 -37.59550000 -541.57600000
v -7.08466000 -35.52430000 -545.10200000
v -2.00908000 -37.94650000 -541.07000000
v -1.56126000 -37.43950000 -541.24000000
v -1.26489000 -37.08090000 -541.31800000
v -1.18645000 -37.13730000 -541.11900000
v -1.66241000 -37.63740000 -541.11900000
v -6.41811000 -34.07390000 -546.27500000
v -1.89104000 -37.75600000 -541.19600000
v -2.11815000 -37.86940000 -541.27500000
v -2.41854000 -37.01260000 -542.77800000
v 1.35912000 -23.28140000 -541.48900000
v -2.37101000 -37.19220000 -542.58500000
v 0.93328500 -22.83410000 -540.99900000
v -2.12970000 -36.68120000 -542.77000000
v -5.67502000 -33.38960000 -546.58800000
v -2.25601000 -37.37560000 -542.16400000
v -1.43761000 -36.55750000 -539.11300000
v -1.61252000 -36.69090000 -539.18000000
v -2.71183000 -36.95800000 -539.09800000
v -2.28403000 -37.30230000 -539.57200000
v -0.45878900 -34.69080000 -537.97200000
v -0.21187900 -34.80760000 -538.00400000
v 2.00477000 -34.19910000 -538.81000000
v 2.24515000 -34.28360000 -539.12700000
v 0.68324700 -33.94330000 -538.00100000
v 0.90479700 -34.22870000 -538.12800000
v 0.78903800 -33.75510000 -538.02700000
v -3.41108000 -36.59460000 -538.70600000
v -3.09429000 -36.09590000 -538.35800000
v -3.00694000 -36.49160000 -538.65500000
v -3.10065000 -35.88710000 -538.22400000
v -2.66280000 -35.87020000 -538.24600000
v -2.67693000 -35.65220000 -538.12000000
v -3.09692000 -35.66640000 -538.10500000
v -3.29700000 -35.56740000 -538.09400000
v -3.33635000 -35.34150000 -538.02700000
v -6.43632000 -36.12670000 -545.46900000
v -2.87838000 -35.55040000 -538.05100000
v 1.95589000 -33.51720000 -547.34000000
v -2.88458000 -35.77550000 -538.16100000
v -3.12916000 -36.81260000 -538.89300000
v -2.74429000 -36.52890000 -538.72200000
v -2.61876000 -36.68010000 -538.87900000
v -2.22508000 -36.53640000 -538.84800000
v -2.24164000 -36.82440000 -539.12800000
v -2.36154000 -36.68790000 -538.95800000
v -2.10512000 -36.66640000 -539.01000000
v -1.73801000 -36.37960000 -538.83600000
v -1.94817000 -36.50980000 -538.89400000
v -1.11450000 -36.28560000 -538.98500000
v -5.44007000 -29.78420000 -545.05600000
v -0.88845500 -36.03340000 -538.79200000
v -1.54613000 -36.06980000 -538.61300000
v -1.33893000 -36.11070000 -538.72400000
v -1.34846000 -35.94540000 -538.54900000
v 1.69129000 -21.20880000 -539.55900000
v -1.53999000 -36.24200000 -538.78000000
v -1.26107000 -36.42270000 -539.05900000
v 4.51213000 -35.88530000 -543.99600000
v 4.39972000 -36.12070000 -544.12000000
v 4.50804000 -35.75960000 -544.36600000
v 4.47155000 -35.93210000 -544.24400000
v 4.57218000 -35.70200000 -544.14100000
v 4.62395000 -35.45090000 -544.09000000
v -0.08307900 -19.14600000 -536.95300000
v -0.28590400 -19.21680000 -537.32800000
v -0.43397800 -19.04860000 -537.19000000
v -1.23477000 -18.91470000 -536.67400000
v -1.46480000 -18.94160000 -536.77800000
v -1.46978000 -18.99750000 -536.56300000
v -1.08751000 -18.94810000 -536.46500000
v -0.95336800 -18.91380000 -536.66900000
v -1.06174000 -18.89840000 -536.86400000
v -0.30853800 -19.03510000 -536.97200000
v -0.66152800 -18.97440000 -537.11000000
v -0.00814802 -19.11470000 -536.59300000
v -1.97345000 -19.85520000 -536.19500000
v -2.20729000 -20.21220000 -536.26300000
v -1.31224000 -18.99520000 -536.41400000
v -1.16257000 -19.07570000 -536.24700000
v -1.57635000 -19.32210000 -536.15700000
v -1.39343000 -19.62420000 -535.90100000
v -1.89983000 -19.63470000 -536.22000000
v -2.16413000 -19.95340000 -536.34500000
v -2.04291000 -19.69870000 -536.36100000
v -2.17885000 -19.72700000 -536.50800000
v -2.32377000 -19.91450000 -536.53200000
v -4.25319000 -21.59290000 -538.22900000
v -4.16256000 -21.50760000 -538.04900000
v -4.36071000 -22.29650000 -537.72900000
v -4.37963000 -22.51440000 -537.61300000
v -4.25621000 -22.29590000 -537.50300000
v -4.33908000 -22.11280000 -537.86800000
v -4.03356000 -21.89340000 -537.30900000
v -4.13473000 -22.28060000 -537.26900000
v -4.02277000 -22.08690000 -537.16400000
v -3.91417000 -21.68580000 -537.23400000
v -3.20859000 -23.57570000 -536.06000000
v -5.28828000 -29.55250000 -545.05700000
v 1.75359000 -34.93960000 -538.90400000
v -3.00076000 -24.14290000 -535.81000000
v -4.54524000 -22.15480000 -539.27500000
v -4.58405000 -22.23300000 -539.05100000
v -4.26393000 -21.56330000 -538.67500000
v -4.37238000 -21.78990000 -539.10400000
v -4.51142000 -21.99870000 -539.08600000
v -4.46304000 -21.87410000 -538.88000000
v -4.39618000 -21.77030000 -538.67100000
v -4.20108000 -21.47680000 -538.44800000
v -4.32504000 -21.67570000 -538.45300000
v -4.41600000 -21.89740000 -538.45600000
v -4.63691000 -22.51320000 -538.61900000
v -4.64096000 -22.67400000 -538.40700000
v -4.55903000 -22.50810000 -538.22400000
v -4.24674000 -22.48120000 -537.38100000
v -4.09192000 -22.68270000 -537.06600000
v -4.34291000 -22.68650000 -537.46000000
v -4.21933000 -22.67920000 -537.25500000
v -4.11251000 -23.08070000 -537.02300000
v -4.46154000 -23.91650000 -537.63200000
v -4.65573000 -24.07360000 -537.92100000
v -4.62839000 -24.28490000 -537.77600000
v -2.86673000 -20.30230000 -538.73700000
v -3.20327000 -20.62450000 -538.91100000
v -3.06706000 -20.33230000 -538.64000000
v -3.10429000 -21.00400000 -539.24700000
v -3.31193000 -20.95470000 -539.14800000
v -4.02727000 -21.59600000 -539.26900000
v -4.40514000 -21.94120000 -539.31200000
v -4.18742000 -21.61080000 -539.09300000
v -4.23044000 -21.96410000 -539.50700000
v -4.04642000 -21.78980000 -539.43500000
v -3.86151000 -21.79780000 -539.54200000
v -4.00224000 -21.95960000 -539.62100000
v -3.63183000 -21.31390000 -539.27400000
v -3.82316000 -21.61530000 -539.41200000
v -2.86706000 -19.97560000 -537.83700000
v -2.74361000 -19.85560000 -537.66300000
v -3.22216000 -20.31960000 -538.27800000
v -3.20448000 -20.29430000 -538.03300000
v -2.33770000 -19.58750000 -537.75800000
v -2.54673000 -19.80020000 -538.10100000
v -2.65205000 -19.81070000 -537.87000000
v -2.56556000 -19.76410000 -537.08500000
v -2.40511000 -19.57050000 -537.11000000
v -2.29883000 -19.54190000 -536.90900000
v -2.16147000 -19.40300000 -536.88700000
v -4.75413000 -29.07960000 -545.10300000
v -2.51757000 -19.65060000 -537.29900000
v -2.63467000 -19.73870000 -537.48900000
v -2.33000000 -19.50350000 -537.32200000
v -2.00081000 -19.28460000 -537.21200000
v -2.06883000 -19.39850000 -537.58900000
v -0.38012300 -19.32180000 -537.51400000
v -0.70626500 -19.14750000 -537.58300000
v -1.51133000 -19.33970000 -538.01900000
v -1.07983000 -19.50850000 -537.99200000
v -1.44356000 -19.68450000 -538.22200000
v -1.14677000 -19.15520000 -537.78300000
v -5.13834000 -29.33690000 -545.04000000
v -2.10419000 -20.56260000 -538.85500000
v -1.90417000 -20.28360000 -538.66300000
v -6.41165000 -36.15570000 -545.76000000
v -1.89277000 -20.70270000 -538.83500000
v -1.89969000 -21.39650000 -538.99400000
v -2.07215000 -21.38680000 -539.16200000
v -1.01705000 -21.65050000 -536.59000000
v -0.98011700 -21.53600000 -536.76000000
v -0.96159000 -21.80690000 -536.76600000
v -4.23496000 -29.36090000 -545.41700000
v 1.20318000 -24.68010000 -542.40600000
v -0.92615900 -21.64000000 -536.98000000
v -1.26675000 -21.56810000 -536.17800000
v -1.43533000 -21.32240000 -536.11500000
v -1.24435000 -20.96750000 -536.12200000
v -1.03844000 -20.87370000 -536.24500000
v -1.30843000 -21.16780000 -536.21500000
v -1.15586000 -21.24690000 -536.45300000
v -0.98641400 -21.28340000 -536.70100000
v -0.89779700 -21.39110000 -536.91300000
v -0.83821600 -21.28720000 -537.25500000
v 1.26179000 -24.87690000 -542.45900000
v -0.89546000 -21.47860000 -537.14100000
v -0.96773000 -21.70480000 -537.24300000
v -1.06848000 -21.66100000 -537.47200000
v -0.99357800 -21.29440000 -537.59200000
v -0.95936000 -21.46170000 -537.37000000
v -6.19928000 -32.99180000 -539.52500000
v -6.32682000 -33.10440000 -539.73600000
v -6.13349000 -33.38190000 -539.35700000
v -6.23531000 -31.48400000 -540.22900000
v -6.07668000 -31.15910000 -540.04200000
v -5.39206000 -30.65820000 -538.94100000
v -5.27710000 -30.92580000 -538.64000000
v -5.60811000 -30.95650000 -539.23100000
v -5.39725000 -31.01220000 -538.83600000
v -5.78246000 -30.47120000 -539.66200000
v -5.66701000 -30.79230000 -539.36200000
v -5.86236000 -31.16950000 -539.64800000
v -5.90753000 -31.41870000 -539.64300000
v -5.99338000 -31.30150000 -539.83700000
v 0.73448800 -23.28980000 -541.46200000
v -5.98418000 -32.60290000 -539.28100000
v -5.93574000 -33.01070000 -539.05500000
v -5.89631000 -32.43790000 -539.18400000
v -4.71841000 -33.17640000 -537.84700000
v -4.83220000 -33.52230000 -537.98900000
v -5.20128000 -33.34280000 -538.20100000
v -5.12663000 -33.62210000 -538.22300000
v -5.38121000 -33.27950000 -538.33900000
v 0.44411400 -23.63830000 -541.80200000
v -5.28744000 -33.54070000 -538.33800000
v -5.45435000 -33.87090000 -538.54300000
v -4.82304000 -32.41910000 -537.86400000
v -4.63658000 -32.75080000 -537.75200000
v -4.12879000 -22.66650000 -540.46300000
v -4.43501000 -32.66600000 -537.61500000
v -3.54021000 -33.61050000 -537.42900000
v -3.27695000 -33.66510000 -537.42100000
v -3.59939000 -33.40430000 -537.35900000
v -3.64678000 -33.16980000 -537.28200000
v -3.94151000 -32.93150000 -537.35200000
v -4.07354000 -32.75990000 -537.40300000
v -4.10239000 -32.39920000 -537.39700000
v -4.27732000 -32.82060000 -537.53200000
v -5.98884000 -36.74060000 -539.70900000
v -5.36410000 -36.75970000 -539.33400000
v -5.49914000 -36.58910000 -539.30600000
v -5.80570000 -36.03990000 -539.28300000
v -5.78845000 -35.77820000 -539.20700000
v -5.48000000 -36.14550000 -539.09100000
v -5.65602000 -36.21800000 -539.23500000
v -5.94968000 -36.37870000 -539.52600000
v -5.27644000 -36.09800000 -538.96400000
v -5.39044000 -35.70870000 -538.89300000
v -5.67441000 -36.48010000 -539.36100000
v 0.76804900 -24.76860000 -542.55700000
v 1.26801000 -35.16590000 -538.69500000
v -4.03660000 -22.48630000 -540.28700000
v -5.03978000 -36.11100000 -538.85200000
v -4.26223000 -36.57580000 -538.82500000
v -4.56105000 -36.26860000 -538.73900000
v -5.41670000 -37.49950000 -539.88000000
v -4.87349000 -37.69150000 -539.73900000
v -4.54799000 -23.47930000 -541.02900000
v -4.92613000 -37.29320000 -539.48200000
v -4.68968000 -37.36850000 -539.47600000
v -4.72701000 -36.97510000 -539.23000000
v -5.02343000 -37.47960000 -539.62900000
v -5.30970000 -37.41910000 -539.70800000
v -5.14260000 -37.60370000 -539.77100000
v -5.11897000 -37.11690000 -539.43700000
v -5.45577000 -28.46870000 -544.26700000
v -5.12014000 -36.68360000 -539.18600000
v -4.89414000 -36.58560000 -539.04100000
v -4.93434000 -36.35120000 -538.92200000
v -4.81213000 -36.18640000 -538.78400000
v -5.58187000 -34.55730000 -538.74800000
v -5.24082000 -28.30150000 -544.32200000
v -5.53573000 -34.32640000 -538.66800000
v -5.71872000 -34.39600000 -538.86200000
v -5.32549000 -34.25200000 -538.48300000
v -4.71653000 -34.09540000 -538.07500000
v -4.47286000 -34.12530000 -537.95800000
v -4.95503000 -34.12290000 -538.21400000
v -5.04935000 -33.87470000 -538.22400000
v -4.90451000 -34.40600000 -538.28600000
v -5.09836000 -34.31150000 -538.34600000
v -5.21223000 -34.45530000 -538.44900000
v -5.26909000 -34.86740000 -538.59500000
v 0.88320200 -23.67070000 -541.93700000
v -4.93853000 -35.71210000 -538.65400000
v -5.10647000 -35.51610000 -538.68000000
v -4.66158000 -36.05080000 -538.66500000
v -4.94775000 -35.94080000 -538.73800000
v -5.01645000 -34.59520000 -538.39800000
v -4.87260000 -34.83330000 -538.41800000
v -4.64114000 -34.85460000 -538.34600000
v -4.73598000 -35.05080000 -538.42600000
v -4.88376000 -35.49640000 -538.57400000
v -4.96179000 -35.06130000 -538.50500000
v -4.69356000 -35.69260000 -538.55200000
v -4.46689000 -35.44080000 -538.41600000
v -3.91845000 -34.07770000 -537.71100000
v -4.06722000 -34.34280000 -537.86700000
v -6.51050000 -30.11970000 -543.64300000
v -3.46216000 -34.72620000 -537.88900000
v -4.68992000 -23.41080000 -540.86800000
v -5.69920000 -27.40660000 -542.14300000
v -5.63009000 -27.24110000 -542.03000000
v -4.97095000 -26.10750000 -540.33400000
v 1.59484000 -21.53340000 -539.89600000
v -5.34065000 -27.46690000 -540.77600000
v -5.41679000 -27.66380000 -540.89100000
v -5.30757000 -27.69620000 -540.67300000
v -5.35497000 -27.22390000 -540.81900000
v -5.24273000 -26.86430000 -540.66100000
v -5.50587000 -28.06310000 -540.81800000
v -5.61423000 -28.03860000 -541.06300000
v -5.27308000 -27.87740000 -540.52300000
v -5.18594000 -27.78450000 -540.27700000
v -5.15074000 -27.41930000 -540.40000000
v -6.14536000 -34.28410000 -539.42400000
v -5.17735000 -27.91320000 -540.06600000
v -5.04626000 -27.38570000 -540.01600000
v -5.07791000 -27.30700000 -540.23000000
v -5.19454000 -27.65220000 -540.42900000
v -5.01910000 -27.05510000 -540.24100000
v 1.33272000 -32.43820000 -537.99500000
v -4.97563000 -26.84180000 -540.25200000
v -5.11849000 -26.95700000 -540.44700000
v -5.24744000 -27.29990000 -540.61100000
v -5.51704000 -27.84910000 -540.99100000
v -5.61640000 -27.81820000 -541.23700000
v -1.88402000 -28.97220000 -536.40100000
v -5.39067000 -27.89280000 -540.75100000
v -6.04435000 -28.64550000 -541.26600000
v -5.96939000 -28.65780000 -541.05600000
v -5.01593000 -27.42190000 -539.79700000
v -4.94597000 -27.30080000 -539.64300000
v -4.90270000 -26.95990000 -540.00500000
v -4.95792000 -27.18590000 -539.86900000
v -4.78375000 -27.40210000 -539.21100000
v -4.86651000 -27.58020000 -539.24800000
v -4.75481000 -27.23520000 -539.29100000
v -4.86637000 -23.03520000 -539.92300000
v -4.98562000 -23.35970000 -540.27400000
v -5.00277000 -23.29040000 -539.32600000
v -4.98135000 -23.52950000 -538.91000000
v -4.88814000 -23.03700000 -539.29500000
v -4.71807000 -22.66270000 -539.12300000
v -6.26451000 -29.54860000 -543.74800000
v -4.97375000 -25.37820000 -539.25400000
v -4.86486000 -23.85710000 -538.46600000
v -4.83098000 -24.06960000 -538.32200000
v -6.24520000 -34.40700000 -539.61400000
v -4.55470000 -25.60950000 -538.16400000
v -4.38134000 -25.93610000 -537.81300000
v -4.35142000 -26.38610000 -537.79100000
v -5.49666000 -27.76520000 -543.66400000
v -4.30389000 -26.02630000 -537.60100000
v -2.12587000 -29.02280000 -536.40500000
v -5.40106000 -25.00890000 -540.86500000
v -5.37804000 -24.98160000 -540.63800000
v -5.27439000 -25.38720000 -540.46300000
v -5.26202000 -25.27660000 -540.23700000
v -5.15966000 -25.75560000 -540.52900000
v -5.16895000 -25.63120000 -540.35100000
v -5.10187000 -25.42390000 -539.75800000
v -5.07535000 -25.73390000 -540.14200000
v -5.06623000 -25.88100000 -540.37100000
v -4.96615000 -25.96110000 -540.16200000
v -5.17831000 -25.37800000 -539.99000000
v -5.23224000 -25.14190000 -540.03600000
v -4.85696000 -25.99830000 -539.52200000
v 2.17799000 -29.06570000 -537.94000000
v -5.02032000 -25.61920000 -539.63800000
v -4.92195000 -25.80490000 -539.44800000
v -5.12547000 -24.98080000 -539.63900000
v -5.08413000 -25.21440000 -539.60000000
v -5.44985000 -29.04740000 -539.50200000
v -2.93840000 -26.10180000 -535.99300000
v -3.38012000 -25.94340000 -536.19200000
v -3.17601000 -26.11880000 -536.08800000
v -3.23744000 -24.16270000 -535.95000000
v -3.18573000 -24.35760000 -535.90400000
v -3.30030000 -23.98640000 -536.03500000
v -3.60164000 -23.77430000 -536.32200000
v -3.45192000 -24.12860000 -536.12800000
v -3.14123000 -25.00480000 -535.90700000
v -3.25932000 -24.77740000 -535.95800000
v -3.40396000 -24.34860000 -536.07200000
v -3.34472000 -24.55050000 -536.01800000
v -3.72843000 -24.17270000 -536.42800000
v -3.53719000 -24.54040000 -536.20300000
v -4.65929000 -25.13110000 -538.12600000
v -4.50764000 -25.53730000 -537.96800000
v -4.57879000 -25.17930000 -537.92600000
v -4.68626000 -25.26460000 -538.33400000
v -3.30180000 -27.57560000 -536.44700000
v -3.59834000 -27.63360000 -536.81900000
v -3.30961000 -27.88200000 -536.54400000
v -3.75379000 -27.14750000 -536.88900000
v -3.87880000 -27.25420000 -537.10600000
v -4.84383000 -25.01280000 -542.13800000
v -4.98133000 -25.17110000 -542.14000000
v -4.83827000 -24.81710000 -541.98300000
v 0.59938300 -31.88160000 -547.34600000
v -1.65733000 -24.17580000 -536.15800000
v -1.46086000 -24.06680000 -536.28500000
v -1.11969000 -25.90750000 -538.52700000
v -1.17592000 -25.75740000 -538.36100000
v -1.12608000 -25.97000000 -538.25100000
v -1.19261000 -25.78390000 -538.11800000
v -1.12105000 -26.35630000 -537.91500000
v -1.09770000 -26.41470000 -538.15800000
v -5.43601000 -28.05390000 -544.04000000
v -1.12691000 -26.58490000 -538.03700000
v -0.96481300 -27.42140000 -538.18800000
v -1.03101000 -27.26450000 -537.99400000
v -1.02900000 -27.17340000 -538.22700000
v -1.09851000 -27.04030000 -538.04800000
v -1.07284000 -26.90760000 -538.27300000
v -1.12997000 -26.79910000 -538.08200000
v -0.97220600 -26.78030000 -538.46100000
v -0.94383400 -27.04070000 -538.41700000
v -1.05210000 -26.33090000 -538.56400000
v -0.97877200 -26.54370000 -538.54900000
v -1.09045000 -26.64410000 -538.29600000
v -1.08056000 -26.41090000 -538.38000000
v -1.11622000 -26.15920000 -538.05500000
v -1.09572000 -26.20440000 -538.25400000
v -1.17789000 -25.90780000 -537.72200000
v -1.14151000 -26.13890000 -537.81700000
v -1.16879000 -26.09700000 -537.59200000
v -1.16442000 -23.20720000 -536.39900000
v -5.63851000 -28.96150000 -539.94600000
v -1.08728000 -22.72830000 -536.48300000
v -1.12214000 -23.15950000 -536.64700000
v -1.20000000 -23.53360000 -537.00700000
v -1.14735000 -23.39880000 -536.60000000
v -1.19091000 -23.81010000 -536.76900000
v -1.27543000 -23.99720000 -537.18100000
v -1.22979000 -23.90450000 -536.57200000
v -1.26653000 -24.44680000 -537.07100000
v -1.22777000 -23.99180000 -536.93900000
v -1.27946000 -24.81580000 -537.30300000
v -1.24921000 -25.25220000 -537.43200000
v -1.20725000 -25.84260000 -537.22700000
v -1.20990000 -25.65120000 -537.35400000
v -1.29712000 -23.62710000 -537.22900000
v -1.32364000 -23.83460000 -537.33500000
v -2.15824000 -22.82540000 -539.50800000
v 2.50110000 -29.28310000 -538.28300000
v -2.08123000 -22.91780000 -539.09100000
v -2.50677000 -22.18400000 -539.83300000
v -2.66912000 -22.26100000 -539.98900000
v -2.32509000 -22.36920000 -539.74600000
v -2.28386000 -22.62080000 -539.85200000
v -2.36107000 -22.11200000 -539.68000000
v -2.22283000 -22.25560000 -539.53700000
v -2.20947000 -22.44590000 -539.56000000
v -1.05966000 -21.18060000 -537.81500000
v -0.78464600 -20.67300000 -537.82500000
v -0.69940700 -20.75600000 -537.61200000
v -0.43402700 -20.35830000 -537.54900000
v -0.52526900 -20.72020000 -537.30400000
v -0.77070100 -20.97870000 -537.50100000
v -1.20918000 -20.72140000 -538.30000000
v -1.43974000 -21.01420000 -538.48500000
v -5.33769000 -27.66320000 -543.80000000
v -1.15328000 -20.48170000 -538.30200000
v -1.04081000 -20.63840000 -538.15900000
v -0.81081000 -20.36470000 -538.03700000
v -0.88309300 -20.56930000 -538.02100000
v -1.29458000 -20.96140000 -538.30800000
v -1.10586000 -21.03040000 -538.00100000
v -1.39014000 -21.20510000 -538.33600000
v -1.48176000 -21.58440000 -538.28200000
v -1.62685000 -21.29820000 -538.65200000
v -0.93450700 -21.85870000 -537.02800000
v -5.11459000 -27.18390000 -543.54900000
v -1.10536000 -21.87420000 -537.43300000
v -1.02668000 -21.96000000 -537.25200000
v -1.20659000 -21.80310000 -537.64100000
v -1.29107000 -21.69940000 -537.85700000
v -0.22787000 -20.33170000 -537.09100000
v -0.01044970 -19.96260000 -536.91700000
v -0.06966360 -20.14930000 -536.77900000
v -0.21471200 -20.36770000 -536.84700000
v 2.04023000 -28.42200000 -538.24200000
v -0.77781600 -21.23960000 -537.06700000
v -0.71455300 -21.06940000 -537.25600000
v -0.65805600 -20.23280000 -537.94100000
v -0.33876500 -20.47860000 -537.17400000
v -0.18354800 -20.13290000 -537.25800000
v -3.23085000 -24.72600000 -542.06000000
v -1.56179000 -23.06590000 -537.73100000
v -1.50321000 -23.24150000 -537.59300000
v -1.42326000 -22.61720000 -537.68400000
v -1.41347000 -23.02510000 -537.52500000
v -5.84553000 -32.83920000 -538.92900000
v -2.13885000 -23.26390000 -539.30400000
v -2.14757000 -23.45460000 -539.45400000
v -2.12658000 -23.40510000 -539.70000000
v -2.12596000 -23.81320000 -539.81100000
v -2.15098000 -23.65110000 -539.59500000
v -6.16777000 -29.30340000 -543.79700000
v -5.76356000 -32.63140000 -538.84200000
v -0.44204000 -26.72690000 -538.85500000
v -0.28999300 -26.92060000 -538.86600000
v -0.25879500 -26.70750000 -539.00100000
v -0.32283700 -26.48700000 -539.15000000
v -0.47895800 -26.55150000 -539.01900000
v -0.74601500 -26.27640000 -539.16600000
v -1.93319000 -24.67820000 -539.92400000
v -2.03050000 -24.92150000 -540.31000000
v -1.59811000 -24.52970000 -538.46300000
v -1.40182000 -25.16010000 -538.41900000
v -1.50967000 -24.84350000 -538.66300000
v -1.54188000 -24.53740000 -538.24400000
v -1.46030000 -24.93470000 -538.43700000
v -1.42631000 -25.01210000 -538.22100000
v -1.47520000 -24.78650000 -538.23300000
v -3.44443000 -20.59390000 -538.07500000
v -3.35977000 -20.45460000 -538.17900000
v -3.30401000 -20.44990000 -537.92900000
v -3.27766000 -20.51210000 -537.72000000
v -3.91303000 -21.88430000 -537.08900000
v -3.61290000 -21.54890000 -536.87900000
v -3.69644000 -21.74930000 -536.83900000
v -3.45905000 -21.37360000 -536.84100000
v -3.29587000 -20.64330000 -537.52500000
v -3.51500000 -21.06760000 -537.42400000
v -3.59741000 -21.38000000 -537.05800000
v -3.61783000 -21.27530000 -537.27900000
v -1.09280000 -20.77670000 -536.03200000
v -1.22399000 -20.39920000 -535.83800000
v -5.29249000 -34.20650000 -546.91600000
v -6.45216000 -30.49110000 -541.52500000
v -0.93602800 -20.55420000 -536.02200000
v 2.33501000 -28.85610000 -538.24900000
v -2.38706000 -22.71680000 -535.76900000
v -2.47999000 -22.96040000 -535.69800000
v -2.72088000 -23.02260000 -535.74400000
v -2.64069000 -22.77940000 -535.78600000
v -6.49672000 -30.41960000 -541.74000000
v -3.30517000 -22.72060000 -536.14600000
v 1.71806000 -36.01250000 -539.80000000
v -3.82429000 -23.44440000 -536.58600000
v -3.66750000 -23.34040000 -536.44800000
v -3.79551000 -23.19190000 -536.58100000
v -3.62577000 -23.06110000 -536.41800000
v -3.89678000 -22.84540000 -536.75300000
v -3.94279000 -23.07330000 -536.77400000
v -6.54321000 -30.64710000 -541.87400000
v -5.81269000 -36.83200000 -542.27500000
v -5.98419000 -37.00750000 -541.91500000
v -6.06566000 -36.79800000 -542.30500000
v -6.15053000 -36.90070000 -542.05400000
v -5.83336000 -37.13380000 -541.82100000
v -6.06771000 -37.14960000 -541.70900000
v -6.32235000 -37.06000000 -541.64600000
v -5.77481000 -36.96570000 -542.03100000
v -5.69314000 -37.22610000 -541.74700000
v -5.90894000 -37.30560000 -541.60400000
v -5.58406000 -37.06650000 -541.93100000
v -3.74072000 -24.16640000 -541.82600000
v -4.90871000 -37.41170000 -541.63700000
v -4.98286000 -37.66110000 -541.29000000
v -4.65773000 -38.11820000 -540.91200000
v 1.74421000 -33.86030000 -538.53800000
v -4.81375000 -37.80640000 -541.22900000
v -4.84873000 -37.92020000 -541.02300000
v -5.23510000 -37.65600000 -541.15400000
v -5.65816000 -33.05600000 -538.61500000
v -4.74078000 -37.70660000 -541.45500000
v -4.93787000 -37.54700000 -541.47300000
v -4.03806000 -37.64940000 -542.33600000
v -4.05091000 -22.24080000 -539.93300000
v -4.16382000 -37.47570000 -542.45200000
v -3.95251000 -37.51900000 -542.56500000
v -4.41550000 -37.62140000 -541.96100000
v -4.24986000 -37.75420000 -541.98900000
v -4.57781000 -37.66930000 -541.70400000
v -4.58286000 -37.48730000 -541.87300000
v -4.73828000 -37.54260000 -541.64800000
v -6.24167000 -37.06370000 -540.85400000
v -5.81981000 -37.33450000 -540.85000000
v -5.14370000 -37.86700000 -540.70200000
v -2.27947000 -36.42950000 -543.11600000
v -2.46179000 -36.60930000 -543.04800000
v -2.72083000 -36.32060000 -543.16900000
v -2.88800000 -36.47100000 -543.07700000
v -6.35711000 -37.13070000 -541.41200000
v -5.37621000 -33.97710000 -546.85400000
v -6.51786000 -36.89120000 -541.71400000
v -6.15330000 -37.24070000 -541.52500000
v -6.11552000 -30.36910000 -540.44700000
v -2.47548000 -30.41190000 -546.49000000
v -2.50080000 -30.20910000 -546.35600000
v -5.36123000 -37.39540000 -541.53600000
v -5.38833000 -37.54560000 -541.28700000
v -5.63254000 -37.36110000 -541.59800000
v -3.13584000 -30.18050000 -546.17400000
v -5.46705000 -37.23300000 -541.74400000
v -5.54555000 -37.46060000 -541.42900000
v -6.07291000 -30.52550000 -540.25600000
v -5.79082000 -37.44060000 -541.43300000
v -6.10869000 -30.76490000 -540.25000000
v -6.20719000 -37.25620000 -541.30100000
v -6.31939000 -37.13780000 -541.13200000
v -6.01806000 -37.36530000 -541.33500000
v -6.08376000 -36.23660000 -539.62200000
v -6.18641000 -36.62750000 -539.85800000
v -6.12602000 -34.83450000 -539.50500000
v -6.06927000 -35.23170000 -539.46400000
v -5.87616000 -34.94890000 -539.17400000
v -6.29102000 -35.12680000 -539.76900000
v -6.16388000 -35.04850000 -539.57800000
v -6.31320000 -35.40480000 -539.81100000
v -6.00249000 -36.33400000 -544.96800000
v -5.60905000 -36.34980000 -545.27500000
v -6.28041000 -36.27290000 -545.59000000
v -6.03261000 -36.33260000 -545.21500000
v -5.56933000 -32.85130000 -538.50800000
v -5.85166000 -36.20280000 -543.64800000
v -5.59438000 -36.17930000 -543.62500000
v -5.24390000 -36.03940000 -543.50900000
v -6.12403000 -36.29830000 -543.94900000
v -5.88212000 -36.30610000 -543.88200000
v -6.92408000 -36.05930000 -543.25800000
v -7.10025000 -35.95230000 -543.42300000
v -6.99369000 -35.96550000 -543.01700000
v -7.04935000 -35.85150000 -542.78700000
v -5.21078000 -32.19970000 -546.33300000
v -7.13668000 -35.96160000 -543.69400000
v -7.13929000 -35.76330000 -542.98200000
v -7.10723000 -35.87840000 -543.20000000
v -7.22777000 -35.64460000 -543.16600000
v -7.23716000 -35.74800000 -543.37500000
v -7.20292000 -35.38820000 -542.75500000
v -7.14991000 -35.63250000 -542.76900000
v -7.09916000 -35.56200000 -542.34900000
v -7.14329000 -35.31360000 -542.36100000
v -7.21717000 -35.12180000 -542.70000000
v -3.64494000 -35.91820000 -545.08500000
v -3.43160000 -35.79430000 -544.98400000
v -3.50653000 -35.82020000 -544.60500000
v -3.57512000 -35.51170000 -544.03200000
v -3.31075000 -35.48810000 -544.09400000
v -3.21031000 -35.58010000 -544.34100000
v -4.81009000 -32.15630000 -546.51100000
v -3.16737000 -35.59490000 -544.63700000
v -3.33775000 -35.71070000 -544.48300000
v -4.77192000 -31.97050000 -546.43000000
v -5.51477000 -27.66290000 -543.46300000
v -3.35212000 -35.76380000 -544.74800000
v -3.01494000 -35.40240000 -544.68000000
v -3.22722000 -35.63450000 -544.90300000
v -3.15236000 -35.47430000 -543.45800000
v -2.95479000 -35.37060000 -543.57500000
v -2.96234000 -35.61950000 -543.43300000
v -3.22135000 -35.68730000 -543.34200000
v -2.54953000 -35.32200000 -543.66100000
v -4.58801000 -36.99580000 -542.56700000
v -5.76724000 -27.91750000 -543.24900000
v -4.53372000 -36.87520000 -542.76500000
v -4.39026000 -37.08560000 -542.67200000
v -4.08234000 -36.59210000 -543.03500000
v -4.42722000 -36.71640000 -542.90000000
v -3.96173000 -36.77900000 -543.00900000
v -3.33919000 -37.44360000 -542.45200000
v -3.57080000 -37.40070000 -542.60700000
v -3.24084000 -37.77660000 -541.92700000
v -6.20691000 -30.86860000 -540.46000000
v -3.99120000 -37.73260000 -539.67300000
v -4.01586000 -37.49840000 -539.47400000
v -3.76864000 -37.80280000 -539.74200000
v -3.81007000 -38.55030000 -540.61400000
v -3.85922000 -38.55390000 -540.85300000
v -3.59164000 -38.56950000 -540.83300000
v -6.49791000 -31.29740000 -541.21800000
v -3.74469000 -38.42180000 -540.38800000
v -3.41370000 -38.56430000 -540.70200000
v -3.33941000 -38.50270000 -540.49500000
v 0.44269700 -37.45760000 -541.32600000
v 0.29579000 -37.45230000 -541.12000000
v -0.80859600 -36.65420000 -542.52600000
v -0.70119000 -36.74110000 -542.34100000
v -0.47646200 -36.85780000 -542.84300000
v -0.89018900 -36.58590000 -542.27700000
v -6.51560000 -31.48780000 -541.10400000
v -0.41017300 -36.93330000 -542.60600000
v -0.59092900 -36.83400000 -542.15800000
v -1.31210000 -36.37750000 -542.16600000
v -1.21015000 -36.48930000 -541.98200000
v -1.00319000 -36.48770000 -542.46600000
v -1.08788000 -36.44690000 -542.22200000
v -0.97190300 -36.55700000 -542.02400000
v -3.50705000 -24.20350000 -541.82200000
v -6.60717000 -31.26210000 -542.21700000
v -0.56788400 -36.99620000 -541.30500000
v -1.45578000 -37.51060000 -541.01900000
v -1.29624000 -37.40810000 -540.82300000
v -2.85552000 -38.34510000 -540.99700000
v -2.59321000 -38.30980000 -540.96900000
v -2.34282000 -37.96260000 -541.35100000
v -2.34123000 -38.22080000 -540.95300000
v 1.36302000 -37.49260000 -541.92100000
v 1.71763000 -37.35770000 -542.01000000
v 1.84157000 -37.66480000 -541.70000000
v 1.60824000 -37.53990000 -541.84700000
v -6.51602000 -31.04760000 -541.56900000
v -0.24820200 -37.26870000 -540.12500000
v -6.92838000 -33.11000000 -541.39000000
v -6.99972000 -33.22380000 -541.87100000
v 2.50508000 -28.04890000 -539.35300000
v -6.79354000 -33.49380000 -540.83900000
v -6.82428000 -33.29030000 -540.94500000
v -6.19019000 -32.73770000 -539.59200000
v -6.08644000 -32.78580000 -539.39200000
v -6.29317000 -32.45710000 -539.86500000
v -6.30917000 -32.68770000 -539.79700000
v -6.53653000 -31.27280000 -541.51400000
v -6.62822000 -33.37820000 -540.34400000
v -6.54236000 -33.72270000 -540.14100000
v -6.44931000 -33.43050000 -539.94800000
v -6.62889000 -33.62540000 -540.35100000
v -6.40561000 -32.89480000 -539.91600000
v -6.49081000 -33.00750000 -540.08300000
v -6.63033000 -33.10350000 -540.39700000
v -6.49130000 -32.75340000 -540.13300000
v -6.57009000 -32.93280000 -540.28300000
v -6.46373000 -32.47980000 -540.18100000
v -6.50808000 -32.37400000 -540.38000000
v -6.63129000 -32.83540000 -540.52400000
v -6.71639000 -32.88050000 -540.78100000
v -6.70176000 -33.05660000 -540.63000000
v -6.58678000 -32.55020000 -540.53900000
v -5.35201000 -31.34130000 -538.63800000
v -5.50188000 -31.65880000 -538.85000000
v -5.87761000 -32.22840000 -539.24900000
v -5.79271000 -32.38490000 -539.00200000
v -6.08517000 -32.29720000 -539.59700000
v -6.55356000 -31.08680000 -541.77600000
v -6.19977000 -32.25880000 -539.80000000
v -5.96149000 -31.66400000 -539.62900000
v -6.09164000 -32.05050000 -539.70300000
v -5.98288000 -32.12700000 -539.48400000
v -5.87322000 -31.99350000 -539.33900000
v -6.38740000 -36.15370000 -544.98300000
v -5.88389000 -28.25760000 -543.49600000
v -6.20165000 -36.25980000 -544.85100000
v 0.92936100 -35.91790000 -539.24200000
v -6.60207000 -31.38500000 -542.02000000
v -6.06276000 -36.33050000 -545.45200000
v -6.69805000 -31.83060000 -542.07100000
v -6.01430000 -36.27140000 -546.49300000
v -6.21585000 -36.25760000 -546.28000000
v -5.97461000 -36.36260000 -546.27900000
v -6.09219000 -36.33470000 -545.67700000
v -6.13786000 -36.33630000 -546.07000000
v 2.18146000 -33.74430000 -538.97800000
v -5.90326000 -28.16600000 -543.31000000
v -6.26328000 -36.26570000 -545.33900000
v -6.22981000 -36.27410000 -545.09700000
v -7.33431000 -34.87170000 -544.45000000
v -6.99000000 -32.38310000 -543.34200000
v -7.12764000 -34.33220000 -545.21000000
v -7.12623000 -34.75310000 -545.31000000
v -7.14282000 -34.12070000 -545.09200000
v -7.26484000 -34.43510000 -544.73200000
v -7.27969000 -34.30340000 -544.53100000
v -7.17101000 -33.83820000 -544.66500000
v -7.22922000 -34.06410000 -544.60100000
v -7.25984000 -34.12940000 -544.36100000
v -7.26572000 -34.16820000 -544.13600000
v -7.19829000 -33.92050000 -544.19900000
v -6.95825000 -33.17500000 -542.55900000
v -6.95199000 -33.40820000 -542.61900000
v -6.94322000 -33.54440000 -542.41300000
v -6.94463000 -33.77400000 -542.37000000
v -6.96470000 -34.00610000 -542.28500000
v -6.94071000 -33.84130000 -542.11300000
v -6.95416000 -33.64760000 -542.61400000
v -6.97375000 -33.88300000 -542.57600000
v -7.07397000 -34.18030000 -542.86300000
v -6.95484000 -34.05560000 -542.01200000
v -6.97326000 -34.28680000 -541.88900000
v -7.04653000 -34.48250000 -542.25800000
v -7.01723000 -34.49140000 -542.02800000
v -5.86715000 -33.58150000 -538.95700000
v -6.05137000 -33.84230000 -539.21400000
v -5.95925000 -34.04980000 -539.10700000
v -5.98841000 -33.64520000 -539.12400000
v -6.17935000 -33.79640000 -539.40300000
v -6.23053000 -34.01820000 -539.50200000
v -6.35235000 -33.88210000 -539.71700000
v -6.28085000 -34.85530000 -539.73700000
v -6.43052000 -34.46240000 -539.99500000
v -6.38893000 -34.97920000 -539.92800000
v -6.50332000 -34.89430000 -540.14100000
v -6.57342000 -34.75140000 -540.29700000
v -6.68316000 -34.51890000 -540.59000000
v -6.49974000 -34.60930000 -540.15000000
v -6.62081000 -31.16480000 -542.40600000
v -6.49408000 -33.93560000 -540.05200000
v -6.40780000 -34.02930000 -539.85500000
v -6.45846000 -34.20800000 -540.01700000
v -6.53770000 -34.10050000 -540.19300000
v -6.84118000 -33.65220000 -541.02000000
v -6.99020000 -34.51230000 -541.78300000
v -7.00674000 -34.73630000 -541.69900000
v -6.78475000 -35.20190000 -540.70000000
v -6.62334000 -34.96350000 -540.37800000
v -6.74307000 -34.74520000 -540.70400000
v -6.87636000 -34.95060000 -541.02600000
v -6.86559000 -35.18320000 -540.92300000
v -6.80559000 -34.96960000 -540.80800000
v -6.91798000 -35.37610000 -541.05800000
v -6.93016000 -35.14660000 -541.15600000
v -6.81101000 -35.66540000 -540.70800000
v -7.31953000 -35.27870000 -543.33400000
v -7.27603000 -35.39650000 -543.14000000
v -7.34328000 -35.38610000 -543.56800000
v -7.29702000 -34.48980000 -543.60300000
v 1.52204000 -29.57790000 -537.23500000
v -7.07832000 -33.54710000 -544.04200000
v -7.13517000 -33.76070000 -544.01800000
v -7.22973000 -34.24520000 -543.63400000
v -7.24620000 -34.18270000 -543.88800000
v -7.21078000 -34.44940000 -543.20000000
v -7.19608000 -34.55810000 -542.96900000
v -5.06845000 -36.35950000 -545.85000000
v -4.85199000 -36.17800000 -545.56800000
v -4.54875000 -36.09310000 -544.61600000
v -4.76116000 -36.10960000 -544.75000000
v -0.17553100 -35.13480000 -545.49900000
v -0.38175400 -35.08660000 -545.38300000
v -1.02960000 -34.88070000 -545.02300000
v -5.49160000 -33.05860000 -538.40700000
v -0.59672000 -34.88160000 -545.06100000
v -0.59570700 -35.38110000 -545.94300000
v -0.59966400 -35.40080000 -546.19400000
v -0.80579900 -35.31110000 -545.81000000
v -0.57212400 -35.29080000 -545.71600000
v -0.77545600 -35.20910000 -545.59100000
v -1.17673000 -34.78160000 -544.82400000
v -1.54076000 -34.75200000 -544.74100000
v -2.65717000 -34.96400000 -544.43800000
v -2.51232000 -34.82260000 -544.34500000
v -2.44813000 -34.79190000 -544.56900000
v -2.53015000 -34.89380000 -544.93900000
v -6.07127000 -28.86180000 -543.66800000
v -2.27820000 -34.97630000 -545.29900000
v -6.65877000 -31.10350000 -542.84500000
v -6.43572000 -29.18780000 -542.33000000
v 1.40974000 -29.35790000 -537.28000000
v -2.18703000 -34.72970000 -544.65600000
v -2.14923000 -34.83060000 -544.91700000
v -1.95367000 -34.69850000 -544.61800000
v -5.95305000 -29.06340000 -544.05500000
v -1.95102000 -34.80480000 -544.85100000
v -1.51229000 -34.94460000 -545.12300000
v -1.09342000 -34.99550000 -545.23900000
v -2.89471000 -34.45870000 -547.07000000
v -5.52758000 -31.88380000 -538.80400000
v -2.68963000 -34.46520000 -547.24100000
v -2.66188000 -34.29270000 -547.46900000
v 4.22638000 -35.83760000 -542.99600000
v 4.28739000 -36.04030000 -543.36400000
v 4.17983000 -35.40430000 -542.57100000
v 4.28019000 -35.65110000 -542.90100000
v 4.11436000 -35.23960000 -542.37000000
v 3.87450000 -35.09710000 -541.93600000
v 4.23418000 -34.46850000 -542.02500000
v 4.34031000 -34.25780000 -542.13100000
v 4.08926000 -33.44300000 -541.27300000
v 0.35634000 -34.39230000 -545.25300000
v 0.21614200 -34.58350000 -545.27500000
v -0.35893100 -35.35970000 -545.82300000
v -0.38738200 -35.43200000 -546.06200000
v -0.15530300 -35.39540000 -545.95500000
v -0.18673600 -35.44700000 -546.18300000
v -0.35187900 -35.43910000 -546.32200000
v 0.02545180 -35.37730000 -546.17100000
v -6.62467000 -30.51810000 -542.64600000
v -0.12738300 -35.27620000 -545.72400000
v -6.52889000 -29.73530000 -543.12100000
v 0.09336230 -35.18900000 -545.75900000
v -6.15929000 -30.21060000 -540.63500000
v 0.02728860 -35.10720000 -545.57200000
v -6.28796000 -30.30220000 -540.95600000
v 0.15617800 -34.91240000 -545.48700000
v 0.27958000 -34.72210000 -545.46900000
v -6.33782000 -29.98930000 -541.30400000
v 0.27792200 -34.45610000 -544.82400000
v 0.40217300 -34.34230000 -545.00600000
v 0.60753400 -34.37950000 -545.02700000
v 0.02941690 -34.85980000 -544.39200000
v -0.17444900 -34.71910000 -544.40400000
v 0.11883400 -34.52990000 -544.67900000
v -0.78842000 -35.77780000 -543.70100000
v -0.89480200 -36.12780000 -543.41900000
v -0.68094500 -34.74670000 -544.27500000
v -0.42252300 -34.74220000 -544.32200000
v -0.24131800 -34.92270000 -544.25800000
v -0.76027300 -34.93360000 -544.15400000
v -0.51070700 -34.94020000 -544.19600000
v -0.85306900 -35.27720000 -543.97200000
v -1.11630000 -35.23830000 -543.92900000
v -1.90344000 -35.47960000 -543.62500000
v -1.84104000 -35.65500000 -543.46500000
v -1.74008000 -35.31320000 -543.72500000
v -2.00217000 -35.28040000 -543.74000000
v -1.42146000 -35.57900000 -543.57500000
v -1.42662000 -35.77820000 -543.36400000
v -6.38082000 -29.76730000 -541.62100000
v -1.61375000 -35.67190000 -543.40300000
v -1.96461000 -36.01950000 -543.22100000
v -1.77852000 -35.97510000 -543.08300000
v -1.36633000 -36.09870000 -542.91000000
v 1.23181000 -28.90680000 -537.41900000
v -1.59978000 -35.84310000 -543.19400000
v -1.41417000 -35.96320000 -543.14300000
v -5.65771000 -31.99250000 -538.96600000
v -1.56737000 -35.98530000 -542.96700000
v -1.80343000 -35.82470000 -543.28600000
v -6.40519000 -29.44910000 -541.98200000
v -1.65790000 -35.50270000 -543.57900000
v -1.50399000 -35.36700000 -543.73100000
v -1.28687000 -35.40950000 -543.77100000
v -6.74661000 -32.03480000 -541.93500000
v -2.01501000 -34.70430000 -544.00300000
v -6.86389000 -32.34050000 -542.13100000
v -2.12212000 -34.88960000 -543.90200000
v -1.64918000 -34.94100000 -543.96900000
v -1.81744000 -35.11630000 -543.83900000
v -1.34885000 -35.19540000 -543.89200000
v -1.57626000 -35.15250000 -543.86400000
v 0.47202200 -35.43260000 -544.12700000
v 0.69120700 -35.49950000 -544.03600000
v 0.24018300 -35.49470000 -544.04700000
v -5.59743000 -31.53700000 -539.05800000
v 0.00095973 -35.00900000 -544.27700000
v -5.72338000 -31.64600000 -539.24000000
v -0.56340300 -36.42410000 -543.33900000
v -0.49157600 -36.61540000 -543.22600000
v -5.65317000 -31.17510000 -539.27200000
v -0.73360300 -36.31340000 -543.34600000
v -0.02421240 -35.53080000 -543.98400000
v -0.29211200 -36.16410000 -543.57700000
v -0.45771100 -35.57590000 -543.88900000
v 4.63730000 -34.83750000 -544.36400000
v 4.60122000 -34.61370000 -544.46900000
v 4.66684000 -34.66270000 -544.20000000
v 4.66705000 -34.88760000 -543.48600000
v 4.67178000 -34.66980000 -543.56800000
v 4.65834000 -35.32790000 -543.85900000
v 4.70183000 -35.05070000 -543.91000000
v -5.68722000 -31.41180000 -539.26600000
v 4.70734000 -34.86650000 -543.73500000
v -5.87965000 -30.66990000 -539.78200000
v 4.68465000 -34.93420000 -544.13700000
v 4.70518000 -34.76490000 -543.97700000
v 4.63975000 -34.45200000 -543.71900000
v 4.68591000 -34.63670000 -543.81000000
v 4.53876000 -34.05210000 -543.68800000
v -3.59017000 -24.55750000 -542.11300000
v -2.69231000 -23.52360000 -540.85100000
v 3.30060000 -32.78280000 -545.80400000
v 3.97643000 -32.34210000 -543.06500000
v 3.88277000 -32.15570000 -543.20600000
v -2.18644000 -20.76000000 -536.22400000
v -5.30604000 -31.88320000 -538.42300000
v 2.90070000 -29.58460000 -540.28900000
v -5.89318000 -30.45460000 -539.88500000
v 2.76243000 -29.64650000 -539.58900000
v 2.84961000 -29.65240000 -540.03500000
v 2.67251000 -29.96500000 -539.02800000
v 1.11413000 -35.80260000 -539.23400000
v 2.76872000 -30.05640000 -539.24800000
v 2.81677000 -29.84050000 -539.60500000
v 2.94285000 -29.94010000 -539.73700000
v 2.95836000 -29.85400000 -539.96700000
v 3.23967000 -30.14720000 -540.05400000
v 3.18886000 -30.23670000 -539.81700000
v 3.29826000 -29.67640000 -541.14500000
v 3.19644000 -29.69130000 -540.90600000
v 3.09249000 -29.71870000 -540.66400000
v 3.38989000 -30.12490000 -540.48400000
v 3.52160000 -30.10350000 -540.92300000
v 3.37484000 -30.24420000 -540.24100000
v 3.32753000 -30.35060000 -539.99900000
v 3.47568000 -30.35300000 -540.42900000
v 3.51203000 -30.22610000 -540.66900000
v 3.35162000 -30.58330000 -539.96100000
v 3.48858000 -30.59810000 -540.38600000
v 3.47388000 -30.83620000 -540.33800000
v 3.54442000 -30.48610000 -540.61600000
v 3.97906000 -32.36060000 -541.42400000
v 4.09965000 -32.62730000 -541.78300000
v 3.74769000 -36.58260000 -543.85900000
v 3.78815000 -36.57590000 -543.63800000
v 3.43221000 -36.38960000 -543.10500000
v 3.61789000 -36.53470000 -543.47300000
v 3.02678000 -36.12440000 -542.40800000
v 0.34786800 -37.36680000 -542.68300000
v 0.13696300 -37.23660000 -542.79800000
v -5.55176000 -32.09860000 -538.74300000
v 0.15991400 -37.13040000 -543.02400000
v 0.35088300 -37.24510000 -542.89500000
v 0.08965100 -36.81830000 -543.29800000
v -0.00574686 -36.97830000 -543.12000000
v 0.18842000 -36.60590000 -543.42600000
v -6.74846000 -31.55420000 -542.96800000
v -6.69362000 -31.45760000 -542.72400000
v -0.60835400 -36.72020000 -543.00600000
v -6.80777000 -31.91460000 -542.66500000
v -0.39631200 -36.79880000 -543.09700000
v -0.15985500 -36.82800000 -543.21000000
v -6.85735000 -32.25800000 -542.35100000
v -6.01401000 -30.26450000 -540.25800000
v 1.44773000 -32.61530000 -538.14000000
v -5.94937000 -30.83820000 -539.88300000
v -0.36358000 -36.41560000 -543.41200000
v -0.28223100 -36.65330000 -543.29300000
v -0.16043400 -36.31810000 -543.51500000
v -0.50625300 -36.22870000 -543.48700000
v -0.15818300 -36.49330000 -543.42100000
v -0.04060560 -36.64760000 -543.37500000
v 1.33296000 -29.12390000 -537.35600000
v 0.05138340 -36.39830000 -543.51000000
v -6.86934000 -32.06410000 -542.80100000
v 1.15879000 -34.60210000 -547.27300000
v 1.13382000 -34.66290000 -546.90500000
v 1.03228000 -34.71880000 -547.14900000
v -5.18464000 -30.73640000 -538.55000000
v 0.84339000 -34.80880000 -547.09700000
v -2.97012000 -28.92070000 -545.47700000
v 2.26892000 -31.72990000 -546.02900000
v 2.43050000 -31.90500000 -546.05700000
v 2.29374000 -31.89120000 -546.27000000
v -0.20207000 -33.03610000 -548.28700000
v -0.20359800 -32.80110000 -548.18200000
v -0.56826000 -32.64220000 -548.16100000
v -3.37657000 -29.01690000 -545.41700000
v -0.48559700 -32.41090000 -547.99700000
v 0.00481653 -32.40040000 -547.89300000
v -0.34985800 -32.61130000 -548.10400000
v 0.00138516 -32.75670000 -548.12100000
v -0.21176700 -32.02160000 -547.65500000
v -0.73579600 -31.53440000 -547.36400000
v -0.88930800 -31.33520000 -547.24800000
v -0.51260100 -31.45190000 -547.28600000
v -0.48595500 -31.64150000 -547.41100000
v 1.69222000 -29.05800000 -537.57900000
v 0.26692200 -31.62380000 -547.25300000
v -2.91559000 -28.68780000 -545.31800000
v -0.95885800 -32.81110000 -548.24400000
v -1.19553000 -32.85590000 -548.23000000
v -1.14640000 -32.62030000 -548.12900000
v -1.37597000 -32.50370000 -548.02900000
v -1.38845000 -32.98160000 -548.24300000
v -1.60701000 -32.62490000 -548.05800000
v -1.58758000 -32.39270000 -547.93500000
v -1.17151000 -32.37470000 -547.98100000
v -4.56237000 -35.86910000 -546.28800000
v -4.37283000 -35.72350000 -546.39700000
v -2.91867000 -23.40840000 -540.88800000
v -3.16035000 -23.26620000 -540.90000000
v -3.21771000 -23.61460000 -541.19200000
v -2.49448000 -23.85090000 -540.95400000
v -2.65247000 -23.69680000 -540.95400000
v -2.39737000 -24.40980000 -541.27000000
v -2.41546000 -24.63780000 -541.47200000
v -2.55195000 -24.47200000 -541.46400000
v -2.86404000 -24.17940000 -541.45500000
v 2.90392000 -23.79770000 -537.15600000
v 2.96592000 -23.52550000 -537.16000000
v 3.11027000 -23.39250000 -537.26100000
v 3.25771000 -23.24560000 -537.41100000
v 2.98111000 -23.23810000 -537.13200000
v 2.81796000 -23.33880000 -537.03200000
v 2.42938000 -22.84060000 -536.79700000
v 2.44401000 -23.08900000 -536.83200000
v 2.81558000 -23.09060000 -537.00700000
v -5.58310000 -29.47570000 -539.36900000
v -5.56073000 -27.06570000 -542.15900000
v 2.50575000 -33.46540000 -539.26500000
v -5.56025000 -27.07080000 -541.87800000
v -5.69193000 -27.45720000 -541.91600000
v -5.58816000 -27.16280000 -541.60100000
v -5.68421000 -27.52910000 -541.67900000
v -4.32289000 -26.20460000 -543.23800000
v -2.69508000 -28.57090000 -545.32000000
v -4.59187000 -25.88810000 -542.67000000
v -4.84048000 -25.96030000 -542.62100000
v -4.51569000 -26.04280000 -542.86000000
v -2.96366000 -29.14820000 -545.66300000
v -4.63799000 -25.09460000 -542.26900000
v -4.79101000 -25.24830000 -542.30200000
v -4.41271000 -25.13510000 -542.36700000
v -4.58037000 -25.30330000 -542.40700000
v -4.18998000 -25.11700000 -542.46400000
v -4.05530000 -25.44600000 -542.79900000
v -4.00461000 -25.61640000 -542.96700000
v -3.95898000 -25.79780000 -543.13400000
v -4.35851000 -32.41590000 -546.86500000
v -4.31510000 -26.01710000 -543.03300000
v -5.23798000 -26.31330000 -542.34900000
v -5.27686000 -26.17210000 -542.13400000
v -5.22972000 -26.55500000 -542.83000000
v -5.36105000 -26.72610000 -542.69400000
v -5.15710000 -26.25010000 -542.54200000
v -5.10607000 -26.37540000 -542.74900000
v -4.96112000 -26.17670000 -542.69000000
v -4.72537000 -26.10720000 -542.75600000
v -4.88698000 -26.30260000 -542.86700000
v -4.67230000 -26.23240000 -542.95700000
v -4.47162000 -26.16680000 -543.05900000
v -4.26881000 -26.32130000 -543.44700000
v -4.03655000 -26.29720000 -543.59700000
v -6.23803000 -29.71150000 -543.91700000
v -6.15757000 -29.74080000 -544.11500000
v -6.27920000 -29.93990000 -544.00100000
v -6.40572000 -30.08410000 -543.85200000
v -5.44437000 -32.24070000 -538.51400000
v -5.69860000 -29.08740000 -544.45200000
v -5.71245000 -29.41730000 -544.63900000
v -5.95238000 -29.29440000 -544.23300000
v -6.05990000 -29.28060000 -544.01300000
v -5.83764000 -29.08760000 -544.26400000
v -5.82205000 -29.31130000 -544.44600000
v -5.83321000 -29.57540000 -544.57700000
v -6.06088000 -29.75910000 -544.31700000
v -6.18444000 -29.98270000 -544.22800000
v -4.36331000 -26.78030000 -543.90600000
v -4.50224000 -26.98100000 -543.98500000
v -2.89507000 -26.38860000 -543.73600000
v -2.70184000 -26.32180000 -543.63900000
v -3.59639000 -32.20930000 -547.04400000
v -3.63208000 -32.41260000 -547.13700000
v -3.43582000 -31.25390000 -546.61900000
v -2.99408000 -31.11770000 -546.67300000
v -3.20986000 -31.25990000 -546.67100000
v -2.80031000 -31.20480000 -546.77500000
v -3.01842000 -31.36920000 -546.77200000
v -3.35168000 -31.75730000 -546.86300000
v -3.85730000 -31.93380000 -546.78300000
v -3.84261000 -32.30540000 -547.00000000
v -3.72213000 -31.75320000 -546.72800000
v -4.32800000 -31.47620000 -546.43800000
v -3.97263000 -32.14700000 -546.86300000
v -4.36572000 -31.68130000 -546.49400000
v -5.56125000 -29.71470000 -539.25100000
v -3.15585000 -29.07080000 -545.54000000
v -3.59847000 -29.45080000 -545.71400000
v -3.56950000 -29.08570000 -545.41100000
v -6.64529000 -30.51940000 -543.58600000
v -6.64446000 -30.73470000 -543.67600000
v -6.66994000 -30.75210000 -543.42900000
v -6.66926000 -30.95670000 -543.59700000
v -6.67973000 -31.03780000 -543.34600000
v 2.44115000 -33.23480000 -539.13000000
v -6.67289000 -31.09160000 -543.08300000
v -6.84521000 -31.58410000 -543.64300000
v -2.97244000 -26.76880000 -543.96500000
v -6.71601000 -31.27300000 -543.35000000
v -6.77068000 -31.41380000 -543.49400000
v -6.76504000 -31.49470000 -543.22000000
v -6.68719000 -31.31040000 -542.89900000
v -6.65287000 -34.75710000 -546.18200000
v -7.00817000 -33.42250000 -545.22000000
v -7.04155000 -33.41680000 -544.96600000
v 0.47077200 -27.58880000 -538.05600000
v -6.89729000 -33.19830000 -545.35500000
v -6.57229000 -32.02250000 -544.94400000
v -6.63677000 -32.39840000 -545.15400000
v -6.74566000 -32.79300000 -545.31800000
v -6.74815000 -32.97100000 -545.49200000
v -6.81105000 -33.21680000 -545.55900000
v -6.82689000 -33.43290000 -545.63100000
v -6.56913000 -33.20470000 -545.91100000
v -6.65086000 -33.72560000 -545.95600000
v -6.70614000 -33.31680000 -545.76900000
v -6.39722000 -33.13030000 -546.07700000
v -6.69381000 -34.20930000 -546.01800000
v -6.26206000 -29.78250000 -541.23900000
v -6.60338000 -33.47730000 -545.95000000
v -6.52991000 -33.85070000 -546.12000000
v 0.70051600 -27.81970000 -537.83900000
v -6.33318000 -30.98890000 -544.63200000
v -6.44989000 -31.39980000 -544.74800000
v -6.58182000 -31.33980000 -544.39800000
v -6.80479000 -32.03490000 -542.41300000
v -6.68909000 -31.70440000 -542.28400000
v -6.80468000 -32.14430000 -542.14400000
v -6.79071000 -32.38580000 -541.55300000
v -6.73101000 -32.22850000 -541.48100000
v -6.89521000 -32.58170000 -541.80600000
v -5.99565000 -29.89330000 -540.46700000
v -5.96448000 -29.65070000 -540.50700000
v -5.75386000 -29.51730000 -539.73600000
v -5.67180000 -29.42180000 -539.56600000
v -5.86471000 -29.57570000 -540.11400000
v -5.80638000 -29.63710000 -539.91000000
v -5.81154000 -29.38600000 -539.95100000
v -5.47010000 -30.11190000 -539.12500000
v -5.38653000 -30.27760000 -538.98200000
v -5.08128000 -30.37690000 -538.33500000
v -5.21523000 -29.97650000 -538.40700000
v -5.06677000 -29.96520000 -538.16800000
v -2.68895000 -26.75290000 -543.89200000
v -5.20567000 -30.21380000 -538.48800000
v -5.17573000 -30.45850000 -538.54400000
v -5.28196000 -30.28360000 -538.72300000
v -4.55332000 -26.81540000 -543.82000000
v -6.36390000 -28.78570000 -542.46900000
v -4.23491000 -26.43550000 -543.63300000
v -6.23691000 -28.46410000 -542.68400000
v -6.29010000 -28.54070000 -542.43400000
v -6.18486000 -28.30560000 -542.49700000
v -6.54529000 -29.98300000 -542.22400000
v -6.51704000 -29.77550000 -542.18100000
v -6.29018000 -29.52070000 -541.57700000
v -6.56756000 -30.18150000 -542.31400000
v -6.60250000 -30.57660000 -542.36400000
v -6.58071000 -31.69150000 -541.23600000
v -6.16401000 -29.65890000 -541.08500000
v -6.57861000 -30.62480000 -542.10200000
v -6.59738000 -31.01890000 -542.19800000
v -6.21721000 -29.57330000 -541.31600000
v -6.44299000 -31.11540000 -541.08900000
v -6.37733000 -31.08970000 -540.85000000
v -6.42104000 -31.51660000 -540.67200000
v -6.39829000 -30.45170000 -541.32000000
v -6.36857000 -30.65880000 -541.10800000
v -6.34288000 -30.40400000 -541.11900000
v -6.38827000 -30.90250000 -541.02900000
v -6.25482000 -30.72250000 -540.66700000
v -6.21560000 -30.48200000 -540.64300000
v -6.24306000 -28.73560000 -543.13000000
v -6.39981000 -28.92620000 -542.69900000
v -6.15031000 -28.38150000 -542.91200000
v -6.29512000 -28.94770000 -543.21500000
v -6.12493000 -28.60840000 -543.31900000
v -6.47403000 -29.33870000 -542.96500000
v -6.34676000 -28.87280000 -542.94300000
v -6.31468000 -29.17020000 -543.37000000
v -6.21084000 -28.98080000 -543.46800000
v -6.03730000 -28.07060000 -542.56400000
v -5.87396000 -27.84100000 -542.63000000
v -5.96174000 -27.99350000 -542.78100000
v 0.83706300 -27.59110000 -537.80800000
v -6.11218000 -28.23100000 -542.72400000
v -5.85788000 -27.92820000 -543.00400000
v -5.91705000 -28.08330000 -543.13100000
v -5.53824000 -29.39580000 -544.78900000
v -5.48779000 -29.59180000 -544.92500000
v -5.73167000 -33.82510000 -546.66400000
v -5.74728000 -34.13200000 -546.72100000
v -5.57724000 -32.29680000 -538.68800000
v -5.51031000 -27.32860000 -541.16400000
v -5.98728000 -32.66200000 -546.17700000
v -6.05821000 -32.47970000 -546.01000000
v -6.25136000 -32.51400000 -545.85800000
v -6.38557000 -32.74350000 -545.88700000
v 1.26686000 -27.28910000 -537.50200000
v -6.31297000 -32.90560000 -546.07800000
v -6.19671000 -32.68660000 -546.04700000
v 1.39877000 -27.90260000 -537.60400000
v -5.50640000 -27.03240000 -541.22200000
v -5.97848000 -33.09070000 -546.33800000
v 0.19730000 -35.95470000 -539.00300000
v -6.10337000 -32.88010000 -546.21700000
v 1.27197000 -28.10580000 -537.60600000
v -5.86899000 -32.86380000 -546.31600000
v -5.85992000 -33.29660000 -546.46000000
v -6.20302000 -33.10370000 -546.22900000
v -5.46544000 -26.60230000 -541.71000000
v -5.31916000 -32.14030000 -538.37000000
v -6.00771000 -33.52310000 -546.43500000
v -6.09026000 -33.31490000 -546.33800000
v -4.55988000 -30.82580000 -545.94400000
v -4.89608000 -30.96850000 -545.86600000
v -4.61884000 -30.62780000 -545.81300000
v -6.00071000 -34.77150000 -539.31400000
v -4.91819000 -29.87130000 -545.36800000
v -4.80779000 -30.06890000 -545.43100000
v -4.74106000 -30.28020000 -545.53900000
v -4.59272000 -30.07990000 -545.53900000
v -4.30907000 -30.25780000 -545.80200000
v -4.69786000 -30.45170000 -545.67200000
v -4.84407000 -30.62050000 -545.69300000
v -4.97864000 -30.80550000 -545.73300000
v -5.32098000 -31.06020000 -545.68600000
v -4.66644000 -32.28800000 -546.66300000
v -4.45698000 -32.24290000 -546.73800000
v -5.23943000 -33.30070000 -546.78300000
v -4.81172000 -32.51010000 -546.70900000
v -5.58612000 -32.32720000 -546.20500000
v -5.40315000 -32.38220000 -546.33200000
v -5.61951000 -32.79220000 -546.41900000
v -5.95208000 -31.82520000 -545.67000000
v -5.77678000 -32.07490000 -545.93500000
v -5.06498000 -31.35050000 -545.98500000
v -5.19906000 -31.21700000 -545.82400000
v -3.71673000 -30.84100000 -546.32700000
v -3.95703000 -30.94740000 -546.31600000
v -3.70196000 -30.62270000 -546.21100000
v -5.46627000 -26.24400000 -541.45100000
v -3.36246000 -31.05650000 -546.55000000
v -3.31661000 -30.82370000 -546.43000000
v -2.22803000 -29.63380000 -546.15300000
v -2.35700000 -29.82870000 -546.21000000
v -2.53494000 -30.00510000 -546.24100000
v -0.11086100 -27.64220000 -538.37800000
v -2.73785000 -30.13700000 -546.24800000
v -2.93106000 -30.27600000 -546.25800000
v -6.11169000 -29.40000000 -541.14400000
v -4.39268000 -30.62570000 -545.91800000
v -4.50948000 -31.00340000 -546.07900000
v -4.40053000 -31.15330000 -546.23200000
v -4.62572000 -31.20540000 -546.16000000
v -4.10661000 -30.81620000 -546.15700000
v -4.16937000 -31.04850000 -546.28300000
v -4.16082000 -30.61920000 -546.02200000
v -6.13147000 -29.01720000 -541.32900000
v -4.46569000 -30.44360000 -545.80200000
v -3.43281000 -29.96540000 -546.02600000
v -3.55166000 -30.22800000 -546.08900000
v -3.66761000 -30.03100000 -545.97500000
v -3.80529000 -30.23120000 -546.00600000
v -3.98669000 -30.42170000 -546.01300000
v -3.51696000 -30.47620000 -546.19400000
v -3.93582000 -30.60300000 -546.11500000
v -2.91770000 -30.49850000 -546.37900000
v -3.30543000 -30.59010000 -546.30700000
v -2.68307000 -30.54660000 -546.49300000
v -2.94920000 -30.87630000 -546.58100000
v -3.10601000 -30.70100000 -546.42900000
v -3.50360000 -30.71340000 -546.31500000
v -2.51120000 -30.85100000 -546.71600000
v -4.53339000 -33.31050000 -547.06900000
v -4.81285000 -33.74120000 -547.03200000
v -0.00017628 -30.61610000 -546.77500000
v -0.15547300 -30.73840000 -546.87600000
v -3.64398000 -26.33600000 -536.54200000
v -0.04162870 -30.22840000 -546.55700000
v -1.14000000 -30.73810000 -546.90300000
v -1.13685000 -30.51800000 -546.79500000
v -1.15136000 -26.63940000 -537.59300000
v -1.10124000 -26.97430000 -537.35100000
v -1.16052000 -26.36070000 -537.65900000
v -5.94137000 -29.02950000 -540.60800000
v 0.29597000 -27.78990000 -538.11700000
v -1.12781000 -26.92100000 -537.85000000
v -1.44378000 -28.72050000 -536.47900000
v 0.07774890 -27.74910000 -538.28000000
v -1.49613000 -28.95330000 -536.51000000
v -1.69636000 -28.81020000 -536.40700000
v -1.61332000 -28.58120000 -536.39400000
v -1.72806000 -27.96540000 -536.46300000
v -1.54707000 -28.35980000 -536.43000000
v -1.62546000 -28.15920000 -536.44200000
v -2.23223000 -26.08910000 -536.11200000
v -2.29121000 -26.54590000 -536.18300000
v -1.77749000 -26.36090000 -536.39600000
v -1.90583000 -26.73960000 -536.40800000
v -3.68571000 -24.67560000 -536.38100000
v -3.71064000 -24.94850000 -536.43500000
v -4.50141000 -24.17420000 -537.56900000
v -4.37987000 -24.18220000 -537.33900000
v -4.25459000 -24.23040000 -537.13500000
v -4.72188000 -24.30520000 -537.98300000
v -4.66240000 -24.52680000 -537.83800000
v -4.46518000 -24.34670000 -537.44800000
v -4.56837000 -24.43470000 -537.62700000
v -4.35068000 -24.40640000 -537.26200000
v -4.22074000 -24.47460000 -537.08000000
v -1.57568000 -34.27630000 -548.33900000
v -3.81469000 -24.82740000 -536.56100000
v -2.74788000 -24.51890000 -535.72300000
v -2.26921000 -24.13120000 -535.74200000
v -1.32248000 -24.14800000 -536.47500000
v -0.87489300 -27.90430000 -537.60900000
v -1.30247000 -23.87240000 -536.40000000
v -1.23086000 -23.44200000 -536.35000000
v -3.64127000 -24.94540000 -542.43400000
v -1.37154000 -24.41090000 -536.47000000
v -1.62288000 -23.94800000 -536.12800000
v -1.43916000 -23.84180000 -536.23800000
v -1.90725000 -23.64000000 -535.89400000
v -1.74448000 -23.79360000 -536.01400000
v -1.84240000 -24.04990000 -536.00600000
v -2.37185000 -20.90400000 -536.30600000
v -2.03761000 -24.20860000 -535.89900000
v -2.01262000 -24.44400000 -535.96400000
v -2.19815000 -24.36720000 -535.81700000
v -2.75719000 -24.04720000 -535.70300000
v -2.98080000 -24.41610000 -535.78400000
v -2.69250000 -23.78470000 -535.69800000
v -2.61914000 -24.28840000 -535.67100000
v -2.41590000 -24.31030000 -535.69900000
v -2.52243000 -24.59710000 -535.72100000
v -2.32242000 -24.77910000 -535.84200000
v -2.28190000 -25.04820000 -535.90300000
v -2.15572000 -24.62410000 -535.90800000
v -2.12228000 -24.86440000 -535.98200000
v -1.95539000 -25.33440000 -536.10200000
v -1.76359000 -25.42350000 -536.23200000
v -2.15022000 -25.24740000 -535.98600000
v -2.12276000 -25.48200000 -536.01500000
v -1.83564000 -25.15440000 -536.18800000
v -2.04664000 -25.08090000 -536.04700000
v -4.95274000 -30.52700000 -538.17600000
v -4.82362000 -30.48490000 -537.95000000
v -4.97443000 -30.73620000 -538.22300000
v -5.07917000 -31.13970000 -538.23400000
v -4.80126000 -30.89760000 -537.93000000
v -5.35669000 -28.65940000 -539.78600000
v -5.49347000 -28.81650000 -539.84800000
v -5.79145000 -28.46500000 -540.93200000
v -5.68246000 -28.61470000 -540.50900000
v -5.54269000 -28.57420000 -540.28600000
v -5.73032000 -28.93980000 -540.17000000
v -5.57644000 -29.22790000 -539.53900000
v -5.47835000 -29.28320000 -539.33300000
v -5.35805000 -29.29330000 -539.13000000
v -5.32655000 -29.63880000 -538.79400000
v -4.99654000 -28.83170000 -538.96700000
v -5.39312000 -29.86310000 -538.81800000
v -5.29460000 -29.81040000 -538.60200000
v -5.19314000 -29.57550000 -538.61200000
v -5.16185000 -29.71500000 -538.42900000
v -5.06245000 -29.35210000 -538.61700000
v -4.92025000 -29.30320000 -538.45100000
v -4.97101000 -29.60460000 -538.25700000
v -5.07081000 -29.18710000 -538.77500000
v -5.09477000 -29.03090000 -538.95500000
v -4.91173000 -29.13120000 -538.58100000
v -4.79355000 -28.92880000 -538.50500000
v -2.59950000 -28.10270000 -536.32800000
v 0.64480700 -37.52730000 -540.48400000
v -2.11263000 -28.15160000 -536.33400000
v -2.35851000 -28.13610000 -536.32300000
v -2.24121000 -28.35980000 -536.33300000
v -1.99509000 -28.37410000 -536.34300000
v -6.13665000 -28.81930000 -541.42900000
v -1.98338000 -29.40770000 -536.49000000
v -1.96031000 -29.18660000 -536.43700000
v 2.62593000 -22.94930000 -536.89500000
v 0.61525500 -24.98870000 -537.86100000
v 0.39112800 -25.18840000 -538.12200000
v 1.25087000 -24.07070000 -537.14500000
v 1.08760000 -23.93910000 -537.27400000
v 1.12606000 -23.62800000 -541.82500000
v 1.08445000 -23.97080000 -542.10100000
v 0.92881900 -25.97680000 -543.36200000
v 0.71120800 -24.18400000 -542.38400000
v 0.71496200 -23.97290000 -542.25900000
v 0.92528700 -24.32760000 -542.33600000
v 0.86040100 -24.56630000 -542.45400000
v 0.72068200 -24.37710000 -542.45000000
v -5.83542000 -30.04700000 -539.96600000
v 0.89098300 -24.06850000 -542.23100000
v 1.75015000 -23.17680000 -541.33100000
v 1.68310000 -23.53460000 -541.61400000
v 3.19383000 -20.26230000 -537.17200000
v 3.23925000 -20.43180000 -537.24900000
v 3.16849000 -20.33730000 -537.47600000
v 3.01806000 -20.15950000 -537.31500000
v 3.06167000 -20.37390000 -537.73200000
v 2.67191000 -20.33010000 -537.93400000
v 3.05640000 -20.68750000 -538.22800000
v 2.48355000 -20.35930000 -538.12600000
v 2.53131000 -20.45360000 -538.33100000
v 0.73126500 -37.60090000 -540.71000000
v 2.58868000 -20.22630000 -537.74000000
v 2.03305000 -20.01450000 -537.47100000
v 1.96566000 -20.08800000 -537.70300000
v 2.06838000 -20.31190000 -538.29500000
v 1.97708000 -20.74260000 -539.08100000
v 1.78617000 -20.66290000 -538.92400000
v 2.77518000 -29.03290000 -538.98800000
v 2.85632000 -29.18270000 -539.19700000
v 2.93657000 -29.04310000 -539.38100000
v 2.63986000 -29.53000000 -538.60300000
v 2.70601000 -29.45180000 -538.85200000
v 2.64362000 -29.30120000 -538.64400000
v 2.71046000 -29.19700000 -538.82500000
v 2.60342000 -29.04080000 -538.62600000
v 2.55106000 -29.15920000 -538.45700000
v 2.53678000 -28.78230000 -538.64400000
v 2.67283000 -28.78570000 -538.88400000
v -5.90910000 -30.22960000 -540.04000000
v 2.78350000 -28.79000000 -539.10000000
v 2.66371000 -28.42180000 -539.25400000
v 2.67191000 -28.59990000 -539.05400000
v 2.10298000 -28.04000000 -538.40200000
v 2.29664000 -28.34880000 -538.58000000
v 2.20060000 -28.10180000 -538.58100000
v 2.43270000 -28.40870000 -538.78400000
v 2.53634000 -28.24760000 -539.20300000
v 2.55309000 -28.42720000 -539.01300000
v 0.38656200 -37.47640000 -540.45000000
v 0.50536400 -27.81620000 -537.95500000
v 2.65499000 -26.85590000 -539.64900000
v 2.55571000 -27.04350000 -539.54400000
v 2.63276000 -26.87350000 -539.35900000
v 2.73468000 -26.68810000 -539.53900000
v -1.88641000 -25.01840000 -540.14600000
v 2.39350000 -31.65870000 -538.63900000
v 1.81515000 -32.06800000 -538.18600000
v 1.98366000 -32.13770000 -538.36500000
v 2.18326000 -32.12300000 -538.55300000
v 2.12733000 -32.49920000 -538.59500000
v 2.23288000 -32.94240000 -538.84100000
v 2.31391000 -32.51060000 -538.79000000
v 2.50250000 -32.78610000 -539.08900000
v 2.44358000 -32.30590000 -538.89200000
v 2.45061000 -31.88190000 -538.77600000
v 2.36486000 -32.11070000 -538.74300000
v 2.59712000 -31.87370000 -538.95700000
v 2.63651000 -32.21610000 -539.10600000
v 2.80392000 -32.18930000 -539.31400000
v -5.93418000 -30.02640000 -540.22800000
v 2.96506000 -32.19440000 -539.53000000
v 3.05731000 -32.39900000 -539.69800000
v 3.10872000 -32.17400000 -539.73000000
v 3.22013000 -32.00930000 -539.88400000
v 3.15450000 -31.80020000 -539.73100000
v 1.21566000 -25.78580000 -542.94100000
v 2.80218000 -30.42660000 -538.98600000
v 2.67017000 -30.32580000 -538.81600000
v 1.07200000 -35.55230000 -538.93600000
v 3.06491000 -30.62290000 -539.33700000
v 2.70867000 -30.80400000 -538.77900000
v 2.84005000 -30.67790000 -538.96000000
v 2.74837000 -31.03300000 -544.88200000
v 2.50945000 -30.96430000 -545.20000000
v 2.81020000 -30.77650000 -544.56000000
v 2.70676000 -30.80770000 -544.76500000
v 2.57239000 -30.63730000 -544.86400000
v 2.67471000 -30.58080000 -544.62700000
v 2.58330000 -30.33000000 -544.59800000
v 2.48651000 -30.10240000 -544.58700000
v -1.99734000 -25.27380000 -540.52000000
v 3.62481000 -31.52550000 -543.36100000
v 3.51296000 -31.32890000 -543.48600000
v 3.28538000 -31.27760000 -544.09400000
v 3.41062000 -31.38870000 -543.91900000
v 3.40596000 -31.14170000 -543.61300000
v 3.45149000 -31.33860000 -543.72400000
v 3.32892000 -31.14590000 -543.85900000
v 3.09338000 -30.84920000 -544.07200000
v 3.70777000 -33.28950000 -545.63600000
v 3.59322000 -33.07440000 -545.58600000
v 3.86612000 -33.40210000 -545.44400000
v 3.74539000 -33.19060000 -545.41400000
v 2.11280000 -23.66250000 -541.47300000
v 2.19012000 -23.85950000 -541.51900000
v 1.24949000 -37.78690000 -541.28400000
v 2.80218000 -25.87400000 -541.07500000
v 2.84327000 -26.04060000 -540.88200000
v 4.54990000 -34.38940000 -544.46000000
v 4.46128000 -34.22370000 -544.60000000
v 4.37164000 -34.06860000 -544.77300000
v 4.56421000 -34.22350000 -544.09200000
v 4.65079000 -34.47540000 -543.99700000
v 4.59209000 -34.25240000 -543.85000000
v 4.45750000 -33.98300000 -544.19900000
v 4.41654000 -34.02600000 -544.48100000
v 0.93056500 -26.13240000 -543.51000000
v -6.82474000 -32.78240000 -545.04900000
v 4.40250000 -33.52970000 -542.89900000
v 4.40832000 -33.64180000 -543.57600000
v 2.74075000 -34.85370000 -539.92600000
v 4.48661000 -33.86270000 -543.51100000
v 4.35721000 -33.47700000 -543.41100000
v 4.31555000 -33.57940000 -543.98700000
v 4.46553000 -33.83380000 -543.75300000
v 4.51662000 -34.02680000 -543.94200000
v 4.34914000 -33.73030000 -544.18300000
v 4.35357000 -33.83100000 -544.39600000
v 3.06308000 -34.88480000 -540.39400000
v -0.90029600 -33.48380000 -548.46100000
v -0.72811700 -33.28890000 -548.41800000
v -0.58916500 -33.06350000 -548.34200000
v -0.23730200 -33.29370000 -548.37200000
v -1.65715000 -34.03320000 -548.35800000
v -1.91629000 -34.08580000 -548.23100000
v -1.25367000 -33.86680000 -548.46200000
v -1.46878000 -33.82600000 -548.41200000
v -1.18382000 -33.14360000 -548.32900000
v -1.14330000 -33.42010000 -548.41300000
v -1.33414000 -33.58320000 -548.41000000
v -1.57861000 -33.58810000 -548.35500000
v -1.09223000 -33.66730000 -548.47400000
v -1.02632000 -33.92620000 -548.51400000
v -0.84017200 -33.71730000 -548.51000000
v -0.54546500 -33.99190000 -548.54000000
v -0.73426400 -34.20790000 -548.55500000
v -0.05020870 -33.43230000 -548.37100000
v 0.40593000 -33.57410000 -548.28600000
v 0.04260810 -33.83700000 -548.41300000
v 0.52612300 -33.36630000 -548.21300000
v 0.65570500 -33.55210000 -548.18400000
v -0.35328500 -33.53480000 -548.45500000
v -0.13081500 -33.65580000 -548.43300000
v -0.35283100 -33.79400000 -548.49500000
v -0.63768300 -33.51650000 -548.48400000
v 1.95863000 -31.69070000 -546.48400000
v 2.14074000 -31.99840000 -546.62200000
v 1.72560000 -31.66680000 -546.64900000
v 1.72884000 -31.86720000 -546.83000000
v 1.67017000 -31.31410000 -546.36600000
v 1.57695000 -31.45100000 -546.54100000
v 1.19298000 -32.40680000 -547.53100000
v -2.71401000 -23.84920000 -541.10900000
v 0.97861600 -32.49470000 -547.69300000
v 0.73210200 -32.56570000 -547.82800000
v 1.15650000 -32.23160000 -547.41800000
v 0.80096800 -32.38930000 -547.67800000
v 1.16347000 -36.16260000 -539.53500000
v 1.23122000 -36.35310000 -539.68100000
v 0.73079500 -26.33470000 -543.80600000
v 1.45474000 -36.40060000 -539.84400000
v 2.87366000 -36.35920000 -541.84200000
v 2.28247000 -37.11100000 -540.77900000
v 2.33644000 -36.87640000 -540.72100000
v 2.10886000 -37.25110000 -540.69000000
v 2.38546000 -37.21640000 -540.96600000
v 2.56865000 -36.89840000 -541.09300000
v 1.79169000 -36.82650000 -540.26400000
v 1.95015000 -37.15310000 -540.52300000
v 2.14688000 -36.81290000 -540.51100000
v 2.05966000 -37.75880000 -541.52300000
v -2.97890000 -24.00960000 -541.40900000
v -2.73963000 -24.35030000 -541.49700000
v 2.16122000 -37.80350000 -541.31100000
v 2.15931000 -37.76650000 -541.07900000
v -2.75496000 -24.67770000 -541.77100000
v -2.58860000 -25.00630000 -541.92400000
v 2.00222000 -37.74860000 -540.88400000
v 2.22698000 -37.59220000 -540.96700000
v 2.51442000 -37.16610000 -541.39900000
v -3.42174000 -25.38380000 -542.83100000
v 2.48983000 -37.17740000 -541.15500000
v 2.38085000 -37.41530000 -541.08900000
v -2.42776000 -25.06870000 -541.77000000
v 2.25158000 -37.36040000 -540.87000000
v 2.08472000 -37.50070000 -540.78900000
v 1.91347000 -37.58790000 -540.71200000
v -3.01906000 -25.38370000 -542.64400000
v 1.71444000 -37.50580000 -540.57300000
v 2.63363000 -35.17640000 -545.51900000
v 1.58247000 -36.98870000 -540.22100000
v -2.56193000 -25.37850000 -542.07500000
v 2.76925000 -36.40510000 -541.06000000
v 2.78404000 -36.55760000 -541.26100000
v 2.90387000 -36.32010000 -541.24600000
v 2.62212000 -36.52020000 -540.89600000
v 2.88823000 -36.16610000 -541.07100000
v 3.99972000 -34.47220000 -541.57100000
v 3.81958000 -34.84420000 -541.60400000
v 3.90089000 -34.41670000 -541.33000000
v 3.86933000 -34.63620000 -541.48700000
v 0.57338000 -26.63350000 -544.11700000
v 2.45351000 -35.05540000 -539.72300000
v 2.30999000 -35.42640000 -539.89000000
v 2.12084000 -35.43890000 -539.70300000
v -0.30405300 -36.77260000 -539.45500000
v -3.02310000 -23.67570000 -541.15600000
v -0.59022900 -36.43180000 -539.21400000
v -0.45586200 -36.60540000 -539.34100000
v -0.05410430 -36.75810000 -539.44500000
v -0.37253400 -36.42220000 -539.21300000
v 0.18875600 -36.71170000 -539.45000000
v 0.53375500 -36.72380000 -539.54400000
v 0.63968100 -36.50820000 -539.45800000
v 1.03676000 -36.88500000 -539.85700000
v 3.41021000 -35.05370000 -545.84700000
v 3.55339000 -35.32620000 -545.64800000
v 3.30563000 -34.90130000 -545.93900000
v 3.34744000 -35.20820000 -545.72400000
v 3.08046000 -35.22570000 -545.64500000
v 3.29266000 -35.35670000 -545.58800000
v 3.06618000 -35.41750000 -545.48400000
v -0.49447500 -33.15780000 -537.43100000
v -2.37090000 -32.79200000 -536.88200000
v 2.62781000 -32.60660000 -539.19600000
v -6.67798000 -31.55600000 -544.33400000
v 3.74891000 -31.83690000 -541.05900000
v 3.69424000 -31.93340000 -540.87900000
v 3.70717000 -32.30380000 -540.71100000
v 3.81723000 -32.53150000 -540.82200000
v 3.69366000 -32.10350000 -540.80400000
v 3.70905000 -32.51430000 -540.61100000
v 3.78548000 -32.75410000 -540.68900000
v 3.44949000 -32.11100000 -540.31600000
v 3.58163000 -32.28680000 -540.48300000
v 3.57305000 -32.47290000 -540.41200000
v 3.44688000 -32.32360000 -540.25600000
v -3.31948000 -23.76100000 -541.37500000
v 3.32739000 -32.41800000 -540.06900000
v 3.32943000 -32.66650000 -540.09200000
v 3.20803000 -32.27850000 -539.89400000
v 3.19610000 -32.52920000 -539.90200000
v 3.07051000 -32.65870000 -539.76000000
v 2.92932000 -32.78890000 -539.60300000
v -3.21110000 -30.51220000 -536.57000000
v -3.35959000 -30.70310000 -536.65700000
v -3.26821000 -30.93570000 -536.71100000
v -3.03483000 -30.97770000 -536.65000000
v -3.20377000 -23.96170000 -541.50000000
v -2.98597000 -31.21180000 -536.69500000
v -2.76066000 -31.24620000 -536.66600000
v -2.79795000 -31.03740000 -536.62900000
v -2.59386000 -30.93800000 -536.60900000
v -2.33446000 -31.09520000 -536.69000000
v -1.97046000 -30.96140000 -536.77000000
v -1.83450000 -31.16590000 -536.80000000
v -1.85583000 -31.40160000 -536.80300000
v -1.86532000 -31.67110000 -536.81100000
v -1.48966000 -31.80730000 -536.81700000
v -2.31503000 -31.34660000 -536.71900000
v -2.07706000 -31.46610000 -536.77300000
v -2.68756000 -30.00730000 -536.48300000
v -2.68162000 -29.70920000 -536.50700000
v -3.41388000 -23.22000000 -540.95600000
v -2.48050000 -30.12230000 -536.50900000
v -2.42872000 -30.34240000 -536.56900000
v -2.59995000 -30.47420000 -536.53700000
v -2.39880000 -30.83790000 -536.63800000
v -6.29695000 -31.53300000 -545.14100000
v -2.53853000 -31.17870000 -536.66200000
v -2.59586000 -31.39020000 -536.68300000
v -6.30806000 -33.34630000 -546.20600000
v -6.45581000 -33.59190000 -546.13400000
v -0.66655200 -36.08290000 -538.91000000
v -0.54912500 -35.75760000 -538.60300000
v -1.57400000 -35.72070000 -538.29300000
v -1.76856000 -35.84750000 -538.36600000
v -1.15948000 -35.85860000 -538.51900000
v -1.31956000 -35.76340000 -538.37200000
v -1.03424000 -35.73950000 -538.42600000
v -3.47587000 -22.83940000 -540.70300000
v -3.67279000 -23.19930000 -540.99900000
v -3.69397000 -22.84100000 -540.72600000
v -0.20679200 -35.50640000 -538.36500000
v -0.02924200 -35.42390000 -538.26300000
v -0.61892500 -35.60890000 -538.41500000
v -0.77870500 -35.74650000 -538.51900000
v -0.31700600 -35.76650000 -538.67600000
v -0.37827600 -35.62110000 -538.48700000
v -6.61305000 -32.71930000 -545.52800000
v 1.95394000 -33.28030000 -538.66900000
v 1.53755000 -33.27260000 -538.36900000
v 1.65284000 -33.45530000 -538.46400000
v -3.58471000 -38.52370000 -540.55800000
v -3.57427000 -22.17170000 -540.09000000
v -3.49832000 -38.38910000 -540.35100000
v -3.89178000 -38.29030000 -540.22500000
v -3.64628000 -38.26140000 -540.20100000
v -4.13531000 -38.31850000 -540.25600000
v -4.49873000 -37.07550000 -539.24100000
v -4.23910000 -37.09880000 -539.19000000
v -3.66419000 -37.30870000 -539.28300000
v -3.50191000 -37.46430000 -539.43300000
v -3.39185000 -37.62760000 -539.61100000
v -3.25702000 -37.48900000 -539.48000000
v -0.80650700 -37.00610000 -540.93700000
v -1.00140000 -37.02370000 -541.02200000
v -6.41658000 -32.08400000 -545.33300000
v -1.15629000 -36.88410000 -541.44300000
v -1.05952000 -36.95690000 -541.23500000
v -1.45195000 -36.89020000 -541.68100000
v -1.35640000 -36.99540000 -541.50600000
v -1.86507000 -36.54030000 -542.44000000
v -1.99611000 -36.76760000 -542.41600000
v -2.63910000 -37.23830000 -539.38200000
v -2.32488000 -36.99530000 -539.26100000
v -2.04719000 -37.26040000 -539.61500000
v -1.90629000 -37.10280000 -539.51700000
v -1.77936000 -37.47140000 -539.90500000
v -1.69376000 -36.97650000 -539.47100000
v -2.00265000 -36.80030000 -539.18600000
v -1.75928000 -36.81250000 -539.27300000
v -2.63341000 -32.37460000 -536.78100000
v 0.38797000 -26.50810000 -544.16500000
v -1.29496000 -37.50610000 -540.34200000
v -1.45313000 -37.54820000 -540.15100000
v -3.96393000 -22.33050000 -540.11900000
v -1.89265000 -37.68940000 -540.06200000
v -3.77197000 -22.35200000 -540.22800000
v 0.17480300 -31.83830000 -547.43500000
v -0.91888700 -37.25430000 -540.32600000
v -1.13061000 -37.28490000 -540.67500000
v -1.14453000 -37.20560000 -540.89700000
v -1.12078000 -37.34380000 -540.44900000
v 0.03246110 -32.02450000 -547.60800000
v -1.31030000 -37.42410000 -540.10200000
v -1.11328000 -37.34540000 -540.22700000
v -1.54523000 -37.44210000 -539.96800000
v -1.36873000 -37.29000000 -539.90300000
v 0.75152300 -31.30110000 -546.87700000
v -1.67483000 -37.60760000 -540.08300000
v 1.16981000 -33.25450000 -538.14600000
v 1.26485000 -33.51840000 -538.24400000
v 1.35652000 -34.04550000 -538.30500000
v 1.17790000 -33.70080000 -538.21300000
v 0.95481100 -33.29980000 -538.04200000
v 1.06038000 -33.49000000 -538.13800000
v 0.55773700 -33.74980000 -537.92400000
v 0.64549900 -33.54280000 -537.94300000
v -0.31504400 -19.15880000 -536.11300000
v -0.08886880 -19.21760000 -536.14500000
v -0.24361500 -19.08640000 -536.31700000
v -0.22222600 -19.33670000 -535.94100000
v -0.51443200 -19.71690000 -535.85800000
v -0.66486400 -19.93850000 -535.88200000
v -0.42980300 -19.28080000 -535.96500000
v -0.45015900 -19.48200000 -535.86200000
v -0.83882300 -19.36060000 -535.94200000
v -0.78544800 -19.16040000 -536.08600000
v -0.83938200 -18.94630000 -536.47800000
v -0.71118600 -19.03040000 -536.26300000
v -0.62568900 -18.98130000 -536.45800000
v -0.43407700 -19.00270000 -536.51700000
v 0.15212200 -19.40210000 -536.73800000
v 0.13732300 -19.59580000 -536.68200000
v -1.17037000 -36.25630000 -542.87800000
v 0.14876100 -19.27300000 -536.51900000
v 0.16511900 -19.51250000 -536.45300000
v 0.06774000 -19.20090000 -536.78400000
v 0.13149100 -32.23290000 -547.74200000
v -0.08185950 -19.87540000 -536.16300000
v 0.11908500 -19.53720000 -536.19500000
v -0.01476330 -19.42920000 -536.02200000
v 0.10478600 -19.32970000 -536.26500000
v 0.24511000 -32.44180000 -547.87000000
v 0.36636600 -32.28570000 -547.73100000
v -0.21361000 -19.04900000 -536.54900000
v -0.01959190 -19.13770000 -536.36900000
v -0.65615200 -18.95060000 -536.68000000
v -0.39753200 -18.99610000 -536.74400000
v -1.75769000 -19.47110000 -536.16400000
v -1.77665000 -19.71190000 -536.05700000
v -4.33226000 -21.79800000 -538.22800000
v -4.23075000 -21.71850000 -537.98100000
v -1.09410000 -36.38670000 -542.66100000
v -4.54424000 -22.11230000 -538.85500000
v -4.48822000 -22.00450000 -538.65900000
v -2.70576000 -20.01020000 -538.41800000
v -2.89069000 -20.16830000 -538.53400000
v -3.05654000 -20.22460000 -538.40600000
v -2.48234000 -19.84700000 -538.32000000
v -2.89320000 -20.08220000 -538.30700000
v 0.40843000 -31.95290000 -547.46300000
v -3.40423000 -20.66720000 -538.79100000
v -3.21000000 -20.36730000 -538.50400000
v -3.26906000 -20.49120000 -538.69000000
v -2.90130000 -20.02790000 -538.08000000
v -3.06570000 -20.16880000 -538.17200000
v -1.53087000 -19.12570000 -536.33700000
v -1.68238000 -19.13140000 -536.48300000
v 3.26581000 -25.09990000 -538.96300000
v -6.52665000 -32.32150000 -545.33800000
v -1.93692000 -19.35750000 -537.76000000
v -2.21652000 -19.56970000 -537.98300000
v -1.73137000 -19.18360000 -537.47400000
v -2.38609000 -20.30060000 -538.75800000
v -2.81283000 -20.47010000 -538.88800000
v -1.31768000 -20.34810000 -538.42300000
v -0.60729700 -19.53140000 -537.77500000
v -0.55689300 -19.32490000 -537.64600000
v -0.38842100 -19.52100000 -537.63500000
v -0.42537800 -19.70990000 -537.73700000
v -0.67444400 -19.73420000 -537.89600000
v -6.48240000 -32.47050000 -545.53700000
v -0.46977300 -19.89990000 -537.81900000
v -0.81874500 -20.14980000 -538.07700000
v -1.34696000 -20.09130000 -538.36700000
v -1.68040000 -20.28310000 -538.58500000
v -1.69714000 -19.91490000 -538.41800000
v -5.16789000 -32.45810000 -538.14200000
v -5.05665000 -32.04680000 -538.08400000
v -4.91198000 -32.06250000 -537.93800000
v -4.98976000 -32.57900000 -537.98700000
v -4.85555000 -32.80510000 -537.89600000
v -5.10604000 -33.13850000 -538.07100000
v -6.08133000 -35.96940000 -539.56100000
v -5.92628000 -35.61520000 -539.32600000
v -6.19987000 -35.56450000 -539.66200000
v -6.33021000 -35.91510000 -539.87500000
v -5.25116000 -33.80670000 -538.36100000
v -5.16571000 -34.06330000 -538.33300000
v -3.35622000 -34.93630000 -537.94400000
v -3.21519000 -35.16880000 -537.97100000
v -3.58376000 -35.30210000 -538.08300000
v -3.49809000 -35.48270000 -538.10900000
v -3.62432000 -34.88980000 -537.98200000
v -3.45716000 -35.11010000 -538.00100000
v -4.30831000 -34.60530000 -538.09300000
v -4.16351000 -34.47750000 -537.96500000
v -3.92312000 -34.54270000 -537.91100000
v -3.70391000 -34.66020000 -537.90700000
v -5.71861000 -27.75040000 -541.62800000
v -5.84898000 -28.08040000 -541.69900000
v -0.37927100 -31.84090000 -547.54600000
v -5.65823000 -27.67170000 -541.44500000
v -6.33581000 -28.73860000 -542.24200000
v -6.26568000 -28.53620000 -542.14800000
v -6.14680000 -28.38340000 -541.96800000
v -6.20586000 -28.34610000 -542.25100000
v -0.08106320 -31.84620000 -547.49600000
v -6.06148000 -28.19170000 -542.10900000
v -6.07690000 -28.13620000 -542.33900000
v -5.92702000 -27.91800000 -542.41100000
v -5.93383000 -27.98880000 -542.19000000
v -5.81846000 -27.84000000 -542.02500000
v -5.82496000 -27.76980000 -542.25700000
v -0.28862900 -31.39500000 -547.21200000
v -5.97600000 -28.37090000 -541.52500000
v -5.99900000 -28.20730000 -541.89600000
v -6.12224000 -28.49000000 -541.71700000
v -4.87055000 -27.02550000 -539.73500000
v -4.84125000 -27.14290000 -539.51500000
v -5.01901000 -23.77630000 -540.79600000
v -5.10484000 -23.78250000 -540.57100000
v -4.65167000 -22.90300000 -538.31000000
v -4.55577000 -23.22590000 -538.07400000
v -4.58522000 -22.74100000 -538.13300000
v -4.57184000 -22.98070000 -538.07900000
v 0.54878100 -31.00420000 -546.81400000
v -4.72547000 -22.93140000 -538.52700000
v -4.81512000 -23.41060000 -538.51200000
v -4.84307000 -23.06440000 -538.89700000
v -4.92296000 -23.47050000 -538.71500000
v -4.83804000 -23.19370000 -538.66200000
v -4.68410000 -22.60010000 -538.85700000
v -4.78176000 -22.95650000 -538.72500000
v -4.83580000 -24.65620000 -538.51300000
v -4.89745000 -24.63890000 -538.74400000
v -4.76895000 -25.10070000 -538.51700000
v -4.75076000 -24.49480000 -538.09600000
v -4.72095000 -24.87830000 -538.17000000
v -4.60626000 -24.77840000 -537.78800000
v -5.11608000 -24.08010000 -539.26100000
v -5.04598000 -23.94950000 -539.04700000
v -5.15508000 -24.54310000 -539.51400000
v -5.12391000 -24.33310000 -539.32800000
v -5.03624000 -24.45090000 -539.10600000
v -4.97030000 -24.37970000 -538.87300000
v -3.36632000 -26.56370000 -536.33900000
v -3.46997000 -26.37300000 -536.38300000
v -4.54589000 -24.67380000 -537.62100000
v -4.47852000 -24.93910000 -537.57800000
v -4.78111000 -24.86020000 -538.41100000
v -4.72751000 -25.05020000 -538.31200000
v -4.55886000 -24.99860000 -537.77500000
v -4.64720000 -24.93810000 -537.96600000
v -3.43087000 -27.02280000 -536.47100000
v -3.60068000 -27.04750000 -536.67100000
v -3.41117000 -27.43040000 -536.52800000
v -3.63376000 -27.25780000 -536.76000000
v -3.62462000 -28.70970000 -537.10400000
v 0.79904200 -30.88630000 -546.66100000
v -3.68217000 -28.32270000 -537.15300000
v -3.72495000 -28.50360000 -537.19400000
v -3.76829000 -28.10370000 -537.23300000
v -3.60274000 -28.20100000 -537.02900000
v -3.70686000 -27.95400000 -537.09700000
v -3.54066000 -28.03980000 -536.88700000
v -3.86007000 -27.47810000 -537.18000000
v -3.80814000 -27.71510000 -537.17900000
v -1.82303000 -22.87050000 -538.28400000
v -1.13483000 -21.37390000 -537.78800000
v -1.35962000 -21.38300000 -538.18900000
v -0.56661600 -20.53190000 -536.36100000
v -0.45432200 -20.58220000 -536.55600000
v -0.37185500 -20.60080000 -536.77200000
v -0.48420000 -20.80920000 -536.91900000
v -0.63505600 -21.03410000 -537.00700000
v -0.44111900 -20.68490000 -537.12300000
v -0.08124800 -19.34860000 -537.24900000
v -0.21786300 -19.44540000 -537.46100000
v -0.09249660 -19.56160000 -537.36200000
v -0.28340700 -19.91030000 -537.63400000
v 3.44693000 -36.26970000 -542.87800000
v -0.20861500 -19.70080000 -537.54400000
v -0.07045500 -19.75380000 -537.29800000
v 3.64746000 -36.16660000 -542.78600000
v 3.87536000 -36.32250000 -543.18600000
v -0.51552300 -20.11140000 -537.85000000
v -0.65700500 -19.97100000 -537.95600000
v -0.07286520 -20.10420000 -536.51800000
v 0.01576960 -19.92620000 -536.39500000
v 0.11900500 -19.75430000 -536.53500000
v 0.09927630 -19.73200000 -536.28500000
v 0.05879900 -19.32240000 -537.02200000
v 0.33265800 -34.84570000 -545.64400000
v 0.01776820 -19.54120000 -537.14700000
v 0.03713310 -19.95400000 -536.65800000
v 0.07603560 -19.77330000 -536.80300000
v 0.09698810 -19.55820000 -536.92700000
v 3.31257000 -24.85500000 -539.06800000
v 0.02042350 -19.76080000 -537.04900000
v -0.07573850 -19.95480000 -537.16500000
v -0.28334300 -20.13150000 -537.48900000
v -0.16433600 -19.92920000 -537.41800000
v -0.53316200 -20.32050000 -537.75200000
v -0.38985700 -20.13140000 -537.68000000
v -3.24163000 -24.49010000 -541.91600000
v -1.35351000 -24.34020000 -537.43700000
v -1.38375000 -24.62920000 -537.66000000
v -3.37423000 -20.93680000 -537.28000000
v -3.46378000 -21.15410000 -537.17500000
v -4.10399000 -21.52570000 -537.85700000
v -4.02681000 -21.53790000 -537.63600000
v -3.91263000 -21.52860000 -537.40500000
v -4.14013000 -21.72130000 -537.72000000
v -3.76280000 -21.47720000 -537.21500000
v -3.77141000 -21.64390000 -537.03600000
v -6.27210000 -32.06140000 -545.52500000
v -3.76763000 -21.34480000 -537.43000000
v -2.40954000 -21.65410000 -536.07800000
v -1.84536000 -22.60360000 -535.87100000
v -6.12095000 -32.06980000 -545.67200000
v -1.35495000 -22.02640000 -536.02200000
v -1.29023000 -21.79470000 -536.09200000
v -1.50219000 -21.82030000 -535.99300000
v -1.74794000 -21.92010000 -535.92200000
v -1.92072000 -21.78990000 -535.92500000
v -1.96626000 -22.04800000 -535.88800000
v -1.56562000 -22.03480000 -535.94200000
v -1.74429000 -22.17320000 -535.89800000
v -1.26922000 -22.25140000 -536.07100000
v -1.20847000 -22.48680000 -536.15800000
v -1.43097000 -22.44400000 -536.00600000
v -1.50092000 -22.23990000 -535.96300000
v -1.91907000 -22.31690000 -535.86800000
v -1.68227000 -22.42030000 -535.91800000
v 1.52399000 -34.28390000 -546.38000000
v -2.06701000 -22.44380000 -535.84400000
v -2.21547000 -21.58280000 -536.02400000
v 1.86625000 -34.15290000 -546.32200000
v -2.14140000 -21.88770000 -535.92900000
v -2.17418000 -22.19830000 -535.88500000
v 3.43914000 -23.34790000 -537.97900000
v -3.15753000 -27.73690000 -536.38900000
v -2.59157000 -22.12300000 -536.00000000
v -2.29179000 -22.46360000 -535.83300000
v -2.36178000 -22.04390000 -535.95300000
v 3.40408000 -24.10320000 -538.51600000
v -2.67228000 -22.36940000 -535.93300000
v -3.45556000 -21.93320000 -536.55800000
v -1.32274000 -35.02390000 -545.28200000
v -3.16580000 -22.01030000 -536.29800000
v -1.39990000 -35.14250000 -545.51300000
v -2.94313000 -23.06520000 -535.83400000
v -2.77770000 -23.29020000 -535.74500000
v -3.14456000 -23.11420000 -535.97000000
v -6.03885000 -31.41210000 -545.39500000
v -3.35211000 -23.42760000 -536.19300000
v -3.40491000 -23.66030000 -536.19800000
v -2.48643000 -35.04300000 -545.67500000
v -3.45440000 -23.05560000 -536.26300000
v -3.62910000 -22.78670000 -536.44800000
v -1.06895000 -36.28410000 -543.08000000
v -3.98948000 -22.29120000 -537.02900000
v -3.73272000 -22.15820000 -536.73000000
v -3.81720000 -22.35200000 -536.78400000
v -3.63744000 -21.95910000 -536.70000000
v -3.54973000 -22.16040000 -536.54800000
v -3.49907000 -23.26710000 -536.31300000
v -2.24428000 -35.22680000 -546.19000000
v -3.77671000 -22.96840000 -536.58200000
v 3.38054000 -24.41700000 -538.96300000
v -3.76340000 -22.74410000 -536.61100000
v -3.68488000 -22.55030000 -536.57100000
v -5.62783000 -36.62110000 -542.67500000
v -5.95376000 -36.46010000 -542.86900000
v -5.57187000 -36.10760000 -543.22100000
v -5.82737000 -36.18480000 -543.22000000
v -6.22666000 -36.28300000 -543.09800000
v -6.00708000 -36.29680000 -543.07100000
v -6.12420000 -36.57460000 -542.73600000
v -6.17928000 -36.42100000 -542.91800000
v -5.42767000 -36.70660000 -542.55600000
v -5.62972000 -36.76430000 -542.43500000
v -5.87869000 -36.60750000 -542.69400000
v -5.84516000 -36.72140000 -542.49500000
v -5.90232000 -37.23300000 -540.65300000
v -5.69557000 -37.39260000 -540.65700000
v 3.41096000 -23.99940000 -538.72900000
v -5.61348000 -37.48590000 -540.86100000
v -6.12681000 -37.22940000 -541.07500000
v -5.83020000 -37.43190000 -541.22500000
v -2.90922000 -37.83550000 -541.68600000
v -5.93646000 -37.33200000 -541.06200000
v -5.60220000 -37.31420000 -539.80900000
v -5.40486000 -37.59690000 -540.09300000
v -5.21731000 -37.79350000 -540.48900000
v -5.18443000 -37.77370000 -540.11300000
v -2.78943000 -36.10150000 -543.26700000
v -3.00536000 -36.06950000 -543.25600000
v -3.17562000 -36.27990000 -543.16900000
v -3.20947000 -36.05600000 -543.24200000
v -3.84823000 -35.88850000 -545.52800000
v -3.64938000 -35.86930000 -545.35400000
v -3.70788000 -35.69370000 -545.87900000
v -3.51647000 -35.53140000 -545.92000000
v -6.45546000 -31.93460000 -545.15000000
v -3.47994000 -35.77880000 -545.22500000
v -3.41246000 -35.56110000 -545.66100000
v -3.21070000 -35.47330000 -545.31400000
v -3.30058000 -35.64190000 -545.14100000
v -6.86836000 -33.63930000 -545.62200000
v -3.09257000 -35.84540000 -543.32300000
v -2.87094000 -35.86430000 -543.36400000
v -4.85209000 -35.89890000 -543.49000000
v -4.87392000 -36.03550000 -543.70700000
v -4.66883000 -35.88310000 -543.65800000
v -4.61585000 -35.81210000 -543.45100000
v -4.34333000 -35.70910000 -543.44200000
v -5.34141000 -36.00440000 -543.26300000
v -5.08064000 -35.93660000 -543.35700000
v -4.54284000 -35.85960000 -543.27100000
v -4.12343000 -35.69930000 -543.32500000
v -4.83235000 -35.91240000 -543.26300000
v -4.07539000 -35.91710000 -543.20300000
v -4.43357000 -36.04380000 -543.12500000
v -3.97652000 -35.49650000 -543.73900000
v -3.72224000 -35.43480000 -543.80600000
v -4.07730000 -35.56830000 -543.51000000
v -3.81477000 -35.47200000 -543.56000000
v -3.87151000 -35.59540000 -543.36500000
v -0.72004600 -35.36300000 -546.59900000
v -3.91606000 -35.78450000 -543.24800000
v 3.48456000 -21.92720000 -538.04300000
v -3.83299000 -36.00090000 -543.19300000
v -3.70648000 -36.46080000 -543.10900000
v -4.04089000 -36.15870000 -543.14300000
v -2.83713000 -37.45460000 -542.43700000
v -2.94721000 -37.29210000 -542.61100000
v -3.33451000 -36.66510000 -543.04800000
v -3.11148000 -36.75890000 -542.96700000
v -3.34843000 -36.42840000 -543.13000000
v -3.11646000 -36.51460000 -543.07200000
v -2.90727000 -36.67140000 -542.98300000
v -2.90878000 -36.90100000 -542.86800000
v -3.29137000 -37.15130000 -542.76200000
v -3.04052000 -37.11010000 -542.75500000
v -3.45151000 -37.77160000 -542.04700000
v -3.44091000 -37.89830000 -541.81600000
v 0.22451500 -37.26990000 -539.98100000
v 0.52139400 -37.44080000 -540.28800000
v -6.63538000 -32.09340000 -541.05700000
v 3.06239000 -35.94880000 -541.16000000
v -6.61689000 -32.41030000 -540.72900000
v -6.64799000 -32.28850000 -540.92600000
v -6.85447000 -32.61530000 -541.53100000
v -6.76598000 -32.45370000 -541.34000000
v -6.93544000 -32.78830000 -541.69600000
v -7.07652000 -34.06270000 -543.06200000
v -6.62977000 -31.69830000 -541.68100000
v -6.58518000 -31.49630000 -541.59200000
v -6.62004000 -31.74400000 -541.47100000
v -6.68940000 -32.17420000 -541.29100000
v 3.41350000 -22.11630000 -538.94400000
v -6.75123000 -32.55460000 -541.14100000
v -6.69964000 -32.33390000 -541.12900000
v -6.68862000 -32.50900000 -540.92600000
v -6.66035000 -32.66770000 -540.72700000
v -6.24234000 -31.84880000 -540.04900000
v -6.20973000 -32.04300000 -539.90300000
v -6.04677000 -31.55140000 -539.82600000
v -6.40080000 -32.59800000 -539.99200000
v -6.32187000 -32.06850000 -540.09100000
v -6.29348000 -30.98980000 -540.66100000
v -6.35090000 -31.26440000 -540.65100000
v -6.34516000 -31.51940000 -540.46200000
v -6.27894000 -31.32420000 -540.42200000
v -6.56365000 -31.92790000 -540.86200000
v -6.48797000 -31.74610000 -540.72100000
v -6.30851000 -31.70130000 -540.26000000
v -6.37080000 -31.92980000 -540.27200000
v -5.84239000 -33.34350000 -538.89100000
v -5.91979000 -33.21170000 -539.01000000
v -6.03311000 -33.20480000 -539.20100000
v -5.99119000 -33.42490000 -539.12400000
v -7.35622000 -35.15410000 -543.53600000
v -6.11199000 -33.59350000 -539.30400000
v -6.36161000 -33.60270000 -539.75100000
v -6.28040000 -33.75570000 -539.58000000
v -6.34510000 -33.35870000 -539.74400000
v -6.24400000 -33.52730000 -539.53300000
v -5.05622000 -31.58200000 -538.10000000
v -5.08986000 -31.80790000 -538.13800000
v 3.34890000 -22.16100000 -539.19200000
v -4.95290000 -31.79010000 -537.97400000
v -5.21948000 -31.24540000 -538.41900000
v -5.01053000 -31.33710000 -538.06500000
v -5.31666000 -31.13590000 -538.63100000
v -5.26542000 -31.47090000 -538.43800000
v -6.84349000 -31.78910000 -544.00400000
v -6.90305000 -32.02140000 -543.88100000
v -6.76158000 -31.97450000 -544.36900000
v -6.83104000 -32.19930000 -544.26200000
v -6.66601000 -31.74430000 -544.50100000
v -6.69524000 -31.97950000 -544.56700000
v -2.12348000 -32.77650000 -536.92200000
v -6.86709000 -32.58550000 -544.39300000
v -6.88496000 -32.45020000 -544.17000000
v -6.88885000 -32.23300000 -544.03300000
v -6.93988000 -32.29950000 -543.81600000
v -6.94590000 -32.15340000 -543.67700000
v -6.92285000 -34.64550000 -545.77600000
v -7.08936000 -34.55260000 -545.37800000
v -6.98822000 -33.43520000 -541.76000000
v -6.97877000 -33.42970000 -541.99400000
v -6.94452000 -33.62820000 -542.17300000
v -6.95964000 -33.64770000 -541.93100000
v -6.43048000 -36.76420000 -540.47300000
v -6.40764000 -35.25700000 -539.95100000
v -6.45410000 -36.61960000 -540.29900000
v -6.50949000 -36.76390000 -540.66700000
v -6.44438000 -36.46160000 -540.17300000
v -6.57066000 -35.61720000 -540.22100000
v -6.64213000 -36.06500000 -540.38100000
v -6.45405000 -35.76240000 -540.03500000
v -6.64506000 -35.80650000 -540.36000000
v -6.53242000 -36.18750000 -540.22000000
v -6.52958000 -35.36930000 -540.15600000
v -6.44277000 -35.51890000 -540.00900000
v -6.69451000 -33.28050000 -540.52400000
v -6.75590000 -33.29770000 -540.72000000
v -6.71035000 -33.52760000 -540.56800000
v -6.75992000 -33.69410000 -540.74900000
v -7.36132000 -34.95350000 -544.28100000
v -6.30811000 -35.30610000 -546.50500000
v -7.39981000 -35.05750000 -543.93100000
v -7.38013000 -34.86320000 -544.09400000
v -7.38399000 -34.97710000 -543.71400000
v -7.38498000 -34.79790000 -543.87300000
v -7.14717000 -34.20300000 -543.24200000
v -7.14061000 -34.31330000 -543.03300000
v -7.08312000 -33.95690000 -543.27100000
v -1.38269000 -25.29490000 -539.41400000
v -0.83748500 -34.97470000 -545.19400000
v -2.55012000 -34.93570000 -545.17800000
v -6.48372000 -35.12300000 -540.08900000
v -6.32867000 -35.66200000 -539.84800000
v 3.38928000 -22.56550000 -539.25200000
v -2.34440000 -34.89530000 -545.05400000
v -2.13219000 -34.92860000 -545.14100000
v -6.43994000 -36.02370000 -540.04700000
v -1.92037000 -34.92000000 -545.08600000
v -1.76556000 -35.21610000 -545.72200000
v -1.58050000 -35.25510000 -545.91700000
v -0.54742100 -35.40640000 -546.43100000
v -0.63394700 -35.40460000 -546.84200000
v -0.91328100 -35.30640000 -546.58600000
v -0.86213600 -35.35850000 -546.85700000
v -1.65531000 -35.23990000 -546.16000000
v -1.45926000 -35.19390000 -546.33200000
v -1.23775000 -35.22600000 -546.20800000
v -1.26434000 -35.20420000 -546.46500000
v -1.26863000 -35.20980000 -546.74400000
v -1.10487000 -35.25140000 -546.60100000
v -1.03637000 -35.25980000 -546.36600000
v -1.02859000 -35.28620000 -546.12800000
v -0.80656200 -35.34020000 -546.32700000
v -0.81649500 -35.35020000 -546.05900000
v -2.23511000 -35.18290000 -545.93900000
v -2.23694000 -35.25640000 -546.43600000
v -2.04048000 -35.24870000 -546.05000000
v -2.02507000 -35.18960000 -545.76200000
v -1.85431000 -35.26350000 -546.24300000
v -1.66926000 -35.21510000 -546.42900000
v -6.55143000 -35.90120000 -540.20300000
v -1.83595000 -35.25260000 -545.95700000
v -1.43598000 -35.23370000 -546.09900000
v -6.94614000 -33.86980000 -541.86300000
v -1.03671000 -35.28720000 -545.88400000
v -1.28447000 -35.25470000 -545.93900000
v -1.00146000 -35.22310000 -545.64900000
v -1.23294000 -35.22740000 -545.70200000
v -0.94806000 -35.09940000 -545.41600000
v -1.16819000 -35.12250000 -545.46800000
v -7.13771000 -33.79100000 -544.89900000
v -1.27938000 -25.45070000 -539.06300000
v -6.96498000 -33.66410000 -541.70400000
v 0.98820700 -34.73100000 -546.50100000
v 0.52637200 -35.03510000 -546.41800000
v 0.56772100 -34.98380000 -546.22700000
v 1.19938000 -34.30860000 -546.05000000
v -2.98910000 -37.74780000 -541.88100000
v 1.91567000 -34.14880000 -546.57900000
v 1.88905000 -34.17190000 -546.80600000
v 1.70599000 -34.22160000 -546.48600000
v -6.81411000 -34.81120000 -545.97200000
v 1.35189000 -34.37880000 -546.42400000
v 1.52738000 -34.32720000 -546.61800000
v 1.02725000 -34.59090000 -546.29300000
v 1.19573000 -34.41390000 -546.25600000
v 0.87937500 -34.74850000 -546.29800000
v 0.71721300 -34.82040000 -546.15000000
v 0.55891300 -34.89540000 -546.01800000
v -1.40113000 -25.20600000 -539.15400000
v 0.23928000 -35.02130000 -545.69900000
v -6.88928000 -34.39180000 -545.78100000
v 0.63301600 -34.71270000 -545.91500000
v -6.99661000 -34.49830000 -545.59800000
v 0.47258900 -34.68600000 -545.68900000
v 0.43627100 -34.90450000 -545.84000000
v -0.36751700 -35.12890000 -544.13200000
v 3.63049000 -30.52880000 -541.03200000
v 3.59125000 -30.64080000 -540.80900000
v 3.80997000 -36.21600000 -542.96400000
v 3.46655000 -36.13740000 -542.64800000
v 3.36103000 -35.89990000 -542.18700000
v 3.21119000 -36.02660000 -542.29500000
v 3.43926000 -36.01110000 -542.43700000
v 3.24595000 -36.11920000 -542.52900000
v 3.25244000 -36.22850000 -542.75500000
v 3.64763000 -36.31890000 -543.02700000
v -0.17465000 -31.25870000 -547.11900000
v -0.45211400 -31.23870000 -547.16100000
v 0.08849130 -31.25170000 -547.06000000
v 0.58314100 -30.78690000 -546.68900000
v 3.30979000 -22.56910000 -539.49600000
v 0.15084300 -31.03800000 -546.94600000
v 0.54119400 -31.23140000 -546.92700000
v -0.04505190 -31.44520000 -547.19600000
v 0.39954500 -31.41280000 -547.07200000
v 0.02593660 -31.64920000 -547.32700000
v -0.24338000 -31.55870000 -547.31000000
v -0.22498200 -31.71240000 -547.42100000
v 0.50146100 -32.14700000 -547.59000000
v 0.25968100 -32.06650000 -547.58900000
v 0.48287800 -32.50560000 -547.85900000
v -4.94634000 -36.31020000 -546.05800000
v -4.78701000 -36.16480000 -546.08100000
v -3.65280000 -23.54770000 -541.24600000
v -3.42797000 -23.56930000 -541.22600000
v -3.32273000 -22.18360000 -540.14700000
v -3.38221000 -22.01590000 -539.99000000
v -3.62126000 -22.02110000 -539.89200000
v -3.79787000 -22.19070000 -540.01200000
v 3.04588000 -35.74210000 -540.99200000
v -3.51351000 -22.31810000 -540.26100000
v 3.35618000 -23.56610000 -539.56000000
v -3.79305000 -23.04420000 -540.88200000
v -3.55573000 -23.02950000 -540.85800000
v -3.77665000 -23.37140000 -541.12100000
v -3.24910000 -22.85860000 -540.66000000
v -3.53597000 -23.38110000 -541.09800000
v -3.10416000 -23.81800000 -541.32700000
v -3.43663000 -23.89840000 -541.54100000
v -2.55707000 -25.53420000 -542.25800000
v -2.49704000 -25.22400000 -541.92200000
v -2.70744000 -25.35010000 -542.27900000
v 3.41110000 -23.21260000 -539.24600000
v -2.67130000 -25.50090000 -542.44800000
v -3.02313000 -25.21470000 -542.42800000
v -2.84195000 -25.39600000 -542.51900000
v -7.05223000 -34.34540000 -545.43300000
v -2.66896000 -25.16680000 -542.11000000
v -2.28491000 -24.88580000 -541.22000000
v -2.35603000 -25.06180000 -541.56900000
v -2.32565000 -24.85180000 -541.44800000
v -6.83241000 -32.37330000 -544.38500000
v -3.40141000 -25.22090000 -542.63200000
v -3.18353000 -25.23280000 -542.54300000
v -3.03788000 -25.04610000 -542.24100000
v -3.26124000 -25.08350000 -542.40600000
v -2.82395000 -24.99160000 -542.06800000
v -2.84790000 -25.18260000 -542.27700000
v -2.57067000 -24.66940000 -541.64800000
v -2.44799000 -24.85450000 -541.68600000
v -2.67008000 -24.84440000 -541.85300000
v -2.74085000 -24.51020000 -541.62800000
v -2.88531000 -24.78660000 -541.92700000
v -2.92450000 -24.55520000 -541.77500000
v -3.09786000 -24.16420000 -541.60400000
v -2.93084000 -24.34080000 -541.62400000
v -2.89027000 -23.84670000 -541.22800000
v -2.74094000 -24.05210000 -541.27400000
v -6.83911000 -31.99510000 -544.12600000
v 2.61352000 -22.69080000 -536.86500000
v -5.51502000 -26.75550000 -541.53500000
v -5.49637000 -26.51850000 -541.47700000
v -5.44018000 -27.13740000 -541.02000000
v -5.57139000 -27.23870000 -541.36200000
v -5.18706000 -31.01140000 -538.44800000
v -5.53745000 -26.97090000 -541.42300000
v -5.51403000 -27.61450000 -541.10300000
v -5.72356000 -27.92510000 -541.48100000
v -5.63301000 -27.40070000 -541.51400000
v -5.43257000 -27.40760000 -540.97200000
v -6.82862000 -31.71940000 -543.18200000
v -5.13999000 -31.39780000 -538.25000000
v -5.53653000 -26.96670000 -541.65100000
v 3.18230000 -35.57810000 -541.08900000
v -4.45064000 -26.50380000 -543.55200000
v -4.35110000 -26.60900000 -543.75700000
v -3.00330000 -27.37090000 -544.35800000
v -2.90964000 -27.54010000 -544.50400000
v -3.59317000 -27.31180000 -544.25200000
v -3.49780000 -27.50720000 -544.33700000
v -3.25910000 -27.44480000 -544.36300000
v -3.35889000 -27.26850000 -544.25400000
v -2.84946000 -27.17570000 -544.20700000
v -3.10930000 -27.21500000 -544.23200000
v -2.41438000 -26.69860000 -543.76500000
v -2.46917000 -26.47420000 -543.66200000
v -2.64486000 -26.54650000 -543.76000000
v -2.79420000 -26.95510000 -544.03600000
v -2.84051000 -26.61020000 -543.85000000
v -4.21527000 -32.19580000 -546.80600000
v -4.10308000 -32.34820000 -546.92800000
v -2.55454000 -28.85070000 -545.57000000
v -2.77658000 -29.01980000 -545.61600000
v -3.11740000 -28.56370000 -545.15900000
v -3.33293000 -28.72150000 -545.19700000
v -2.88191000 -28.47210000 -545.18000000
v -3.03595000 -28.32660000 -545.03400000
v -3.23933000 -28.89700000 -545.36100000
v -2.74326000 -28.79120000 -545.45800000
v 3.33654000 -23.76950000 -539.66900000
v -6.85933000 -32.16350000 -542.57700000
v -6.90692000 -32.49400000 -542.28300000
v -6.75192000 -31.68220000 -542.73400000
v -6.81572000 -31.80530000 -542.92000000
v -6.99249000 -32.60750000 -543.04000000
v -5.19509000 -31.97040000 -538.25000000
v 0.03314190 -34.64160000 -545.11000000
v -6.97618000 -33.26930000 -542.81800000
v -2.58791000 -37.15610000 -542.72200000
v -6.97330000 -33.04840000 -542.73200000
v -6.96436000 -32.93600000 -542.47500000
v -6.93802000 -32.68660000 -542.43000000
v -6.95035000 -32.16580000 -543.20800000
v -5.19174000 -31.67510000 -538.28800000
v -6.94507000 -32.68190000 -542.17800000
v -6.96025000 -32.78660000 -541.95500000
v -6.90846000 -32.53570000 -542.02300000
v -6.82751000 -32.29610000 -541.91800000
v -6.46586000 -29.71980000 -541.95800000
v -6.32839000 -29.77720000 -541.44700000
v -6.30679000 -30.13890000 -541.11000000
v -6.24158000 -30.32820000 -540.79100000
v -6.10397000 -29.97570000 -540.66700000
v -6.21432000 -30.07370000 -540.86500000
v -6.66905000 -30.62310000 -543.19800000
v -6.62348000 -30.32600000 -542.87400000
v -6.60049000 -30.28900000 -542.67400000
v -6.60805000 -30.13450000 -543.03900000
v 3.36199000 -23.94370000 -539.51600000
v -6.66421000 -30.47370000 -543.35900000
v -6.41916000 -31.77720000 -540.48700000
v -6.64950000 -30.53850000 -542.92500000
v -6.65191000 -30.38010000 -543.11600000
v -6.62378000 -30.74520000 -542.52300000
v -6.64404000 -30.72060000 -542.76400000
v -5.70031000 -28.88160000 -544.28800000
v -5.82398000 -28.84790000 -544.09700000
v -5.94297000 -28.83820000 -543.89500000
v -5.92735000 -28.63360000 -543.76600000
v -6.04302000 -28.29620000 -543.13400000
v -6.01675000 -28.41700000 -543.36700000
v -5.91298000 -28.43250000 -543.62500000
v -6.03827000 -28.62910000 -543.54600000
v -5.37867000 -27.29260000 -543.20500000
v -5.27047000 -26.91460000 -543.10700000
v -5.21669000 -27.09130000 -543.30000000
v -5.27524000 -27.31720000 -543.43200000
v -6.42063000 -32.21090000 -540.22800000
v -5.43488000 -27.48860000 -543.33400000
v -5.60957000 -27.70020000 -543.26900000
v -5.64801000 -27.85310000 -543.46500000
v -4.73731000 -31.76030000 -546.36500000
v -4.56694000 -31.82720000 -546.46000000
v -4.40578000 -31.89640000 -546.56500000
v -1.14180000 -34.64050000 -544.38800000
v -5.19253000 -31.95450000 -546.21600000
v -5.01042000 -32.06270000 -546.36400000
v -5.04055000 -32.27990000 -546.46500000
v -5.74407000 -32.26390000 -546.07600000
v -5.82363000 -32.46320000 -546.15000000
v -2.96238000 -30.02290000 -546.15800000
v -2.76769000 -29.90090000 -546.15700000
v -2.30350000 -30.04610000 -546.33100000
v -2.70609000 -30.34750000 -546.36500000
v -2.70295000 -30.76340000 -546.61000000
v -6.47942000 -31.53740000 -540.87300000
v -2.47412000 -30.62440000 -546.61600000
v -2.25548000 -30.48660000 -546.61400000
v -5.52903000 -34.19150000 -546.82700000
v -5.15974000 -33.97840000 -546.93800000
v -2.15634000 -26.32500000 -536.20700000
v -2.01857000 -26.52700000 -536.31400000
v -5.85510000 -29.12240000 -540.24400000
v -5.79678000 -29.15920000 -540.05200000
v -5.71619000 -29.15120000 -539.86400000
v -5.70399000 -29.26950000 -539.72700000
v -5.37625000 -28.83610000 -539.60700000
v -5.55225000 -29.02000000 -539.71100000
v -5.29825000 -28.93230000 -539.36800000
v -5.36699000 -29.12370000 -539.29500000
v -4.79658000 -28.31190000 -538.78100000
v -4.73714000 -28.09550000 -538.71700000
v -2.23532000 -28.80980000 -536.36700000
v -2.36153000 -29.03220000 -536.40600000
v 1.42058000 -24.69490000 -542.34700000
v 0.52932300 -24.75230000 -542.61000000
v 0.37798000 -24.96090000 -542.68700000
v 0.88415800 -24.97980000 -542.59500000
v 0.63546000 -24.96180000 -542.65400000
v 1.01257000 -24.78410000 -542.49400000
v 1.12582000 -25.03380000 -542.54400000
v 1.18290000 -24.32910000 -542.25600000
v 1.06638000 -24.52940000 -542.37800000
v 0.89115000 -22.99420000 -541.17200000
v -6.92930000 -31.96420000 -543.61100000
v 1.34878000 -22.79910000 -541.07200000
v 1.14789000 -22.90600000 -541.14800000
v -0.40580700 -37.12040000 -541.18400000
v 1.28170000 -23.08670000 -541.32700000
v 2.18977000 -22.77270000 -540.85500000
v 2.27373000 -23.00210000 -540.94800000
v 2.05196000 -22.90320000 -541.00900000
v -6.77263000 -31.36470000 -543.73500000
v 1.90416000 -23.03660000 -541.17100000
v 1.67207000 -22.98290000 -541.20700000
v 1.72059000 -22.64610000 -540.92700000
v 1.82211000 -22.83570000 -541.05300000
v 1.42235000 -22.94960000 -541.20700000
v 1.51716000 -23.13050000 -541.34900000
v 3.11557000 -20.55650000 -537.94300000
v 3.04415000 -20.86700000 -538.48500000
v 2.88284000 -20.67230000 -538.45700000
v 2.75248000 -20.86650000 -538.85800000
v 2.61167000 -21.25150000 -539.40100000
v 2.78146000 -21.21940000 -539.22800000
v 2.93244000 -21.03570000 -538.85300000
v 2.75698000 -21.03020000 -539.04900000
v 2.91937000 -20.86380000 -538.66700000
v -7.06532000 -33.43480000 -544.69100000
v 2.02370000 -19.89810000 -536.82800000
v 1.91139000 -20.01460000 -536.49000000
v 1.97204000 -19.92470000 -537.05300000
v 1.76447000 -20.00590000 -537.09100000
v -7.07117000 -33.44440000 -544.43500000
v 2.13464000 -19.94400000 -537.23800000
v 3.40917000 -23.63100000 -539.20100000
v 2.29098000 -20.01380000 -537.40200000
v 2.19537000 -20.08710000 -537.62700000
v 2.15487000 -20.17460000 -537.87200000
v 2.25139000 -20.28650000 -538.10200000
v 2.04902000 -20.22590000 -538.08000000
v 3.11482000 -28.57810000 -540.03700000
v 3.17565000 -28.81820000 -540.11900000
v 3.19922000 -28.63150000 -540.24800000
v 3.06501000 -28.94700000 -539.75500000
v 3.11281000 -29.00820000 -539.99100000
v 3.02906000 -29.22660000 -540.10600000
v -6.99688000 -33.23340000 -544.86400000
v 3.07429000 -29.20910000 -540.34600000
v 2.96695000 -29.36940000 -540.33500000
v 3.07877000 -29.30250000 -540.57800000
v 3.15931000 -29.06730000 -540.47700000
v 3.14088000 -29.03640000 -540.22200000
v -6.33865000 -32.30130000 -540.01500000
v 3.21158000 -28.85310000 -540.35800000
v 3.22407000 -28.86530000 -540.59700000
v 3.18310000 -29.09460000 -540.70000000
v 2.97947000 -29.52430000 -540.53400000
v 3.02425000 -29.74750000 -540.44500000
v 3.08244000 -29.49880000 -540.75700000
v -6.09933000 -31.80630000 -539.81500000
v 3.17821000 -29.29290000 -541.05500000
v 3.15148000 -29.30230000 -540.82000000
v 3.23631000 -28.66280000 -540.93100000
v 3.22537000 -28.87490000 -540.82300000
v 3.25194000 -28.63290000 -540.71400000
v 3.24339000 -28.65290000 -540.48900000
v 3.09920000 -28.39280000 -540.18400000
v 3.20497000 -28.46030000 -540.37400000
v 2.80010000 -28.00970000 -540.04900000
v 2.97234000 -28.18430000 -540.16000000
v 2.84576000 -28.19010000 -539.91000000
v 2.98925000 -28.35950000 -539.98500000
v 2.77640000 -28.42000000 -539.49000000
v 2.91787000 -28.52630000 -539.63600000
v -1.16552000 -25.77610000 -538.78100000
v 3.05801000 -32.28780000 -545.50400000
v -0.50368400 -36.97680000 -541.54400000
v 2.72730000 -32.39490000 -546.39000000
v 2.58028000 -32.42370000 -546.59800000
v 2.66134000 -32.22500000 -546.25300000
v 2.87058000 -32.39940000 -546.15400000
v 2.59048000 -31.93660000 -545.85100000
v 2.60356000 -32.06190000 -546.06800000
v 2.84691000 -31.73590000 -545.26800000
v -6.94885000 -32.99090000 -544.55000000
v 3.45810000 -22.46400000 -537.76900000
v -0.30754700 -37.09150000 -541.66200000
v 2.76946000 -32.10660000 -545.86700000
v 2.77588000 -32.22090000 -546.05800000
v 2.92202000 -32.30970000 -545.90400000
v 2.92462000 -32.19320000 -545.68900000
v 3.06520000 -32.40410000 -545.70800000
v 3.33178000 -32.70670000 -545.58400000
v 2.85775000 -24.86430000 -541.08800000
v 2.71071000 -25.31170000 -541.37300000
v -6.17430000 -31.63970000 -540.02200000
v 2.63608000 -25.68600000 -541.44700000
v 2.47632000 -25.62120000 -541.64600000
v 2.42464000 -25.36160000 -541.71100000
v 2.35539000 -25.81310000 -541.74600000
v 2.58556000 -25.44210000 -541.54100000
v -3.73882000 -28.99870000 -545.28800000
v 2.56602000 -25.19660000 -541.55200000
v 2.42884000 -25.09090000 -541.69500000
v 2.69173000 -25.06300000 -541.37600000
v -6.11762000 -31.40230000 -540.02500000
v 2.66785000 -24.54690000 -541.28000000
v 2.69711000 -24.79730000 -541.31700000
v 4.03073000 -32.78260000 -543.42400000
v 3.96328000 -32.76450000 -543.65400000
v 3.93123000 -32.55390000 -543.48000000
v 3.89436000 -32.96590000 -544.31700000
v 4.00106000 -33.05220000 -544.08800000
v 4.02158000 -33.17290000 -544.31700000
v 3.87407000 -32.71230000 -543.88500000
v 3.76679000 -32.75960000 -544.32300000
v 3.88050000 -32.84480000 -544.09700000
v 4.06781000 -32.96920000 -543.62700000
v 3.98338000 -32.92080000 -543.86700000
v -6.74503000 -32.72040000 -540.97900000
v 4.03944000 -32.40830000 -542.80200000
v 4.05402000 -32.56750000 -543.00300000
v 3.99733000 -32.55630000 -543.24300000
v 4.08228000 -32.77870000 -543.19400000
v 4.16736000 -32.96280000 -543.10700000
v 4.31504000 -33.34060000 -543.24500000
v 4.13686000 -33.00350000 -543.38100000
v 4.29402000 -33.40550000 -543.63500000
v 4.24543000 -33.24010000 -543.43400000
v 4.07811000 -33.44530000 -544.79300000
v 3.95707000 -33.22920000 -544.76500000
v 4.13655000 -33.37750000 -544.33500000
v 4.22397000 -33.35730000 -543.87000000
v 4.15730000 -33.50980000 -544.58000000
v 4.19436000 -33.67810000 -544.81200000
v 4.09229000 -33.57320000 -545.02500000
v -0.14185900 -34.95200000 -548.47700000
v -0.32656600 -35.10310000 -548.52200000
v -0.57051800 -34.81240000 -548.63100000
v -6.67944000 -32.01210000 -541.49800000
v -0.48866800 -34.99960000 -548.61400000
v -6.63565000 -31.92870000 -541.28600000
v -6.59614000 -31.87540000 -541.08700000
v -0.50219700 -34.62860000 -548.61500000
v -0.23165600 -34.54610000 -548.55800000
v 0.00720479 -37.29580000 -540.08000000
v -0.30322500 -34.81650000 -548.60300000
v -0.08857090 -34.68490000 -548.50200000
v 0.39686900 -37.34400000 -540.10700000
v -0.78382100 -34.69540000 -548.58100000
v -0.66223600 -34.44520000 -548.57900000
v -0.13941100 -37.19110000 -541.51300000
v -0.48453400 -34.22540000 -548.55300000
v -0.41728900 -34.42450000 -548.57200000
v 0.25429400 -33.75230000 -548.34900000
v 0.37298700 -34.30880000 -548.27200000
v 0.59897500 -34.00230000 -548.18800000
v 0.87452800 -33.65240000 -548.05700000
v -0.01148780 -35.01490000 -548.25800000
v 0.22304100 -37.38610000 -540.23600000
v 0.01885270 -34.82970000 -548.37300000
v -3.39840000 -36.16960000 -543.19700000
v 0.63460900 -33.74990000 -548.19500000
v 0.39774000 -34.09990000 -548.29300000
v 0.17231900 -34.23540000 -548.39200000
v 0.23095700 -34.46160000 -548.32600000
v -3.82036000 -28.55900000 -545.03300000
v -0.03236690 -34.12700000 -548.45600000
v -0.00429678 -34.41240000 -548.46600000
v -0.29582400 -34.05970000 -548.50900000
v -0.21607500 -34.29260000 -548.51800000
v 1.11346000 -33.05280000 -547.87000000
v 0.95961600 -33.23580000 -547.99600000
v 1.25341000 -33.46840000 -547.81800000
v 0.99145000 -33.85740000 -547.94600000
v 0.80893700 -33.40970000 -548.09900000
v 1.03328000 -33.45270000 -547.96200000
v 0.70611100 -33.19420000 -548.11000000
v 0.85903800 -33.02910000 -548.00300000
v 0.45003900 -33.15570000 -548.18600000
v 0.62724000 -32.96900000 -548.07000000
v -3.88731000 -36.51260000 -543.08300000
v 3.46426000 -22.88700000 -537.89700000
v -0.65758600 -36.81110000 -541.91900000
v 0.77889200 -32.79310000 -547.94000000
v 0.01108000 -32.97240000 -548.22000000
v 0.24759400 -33.34510000 -548.28500000
v 0.01497250 -33.20880000 -548.30000000
v -3.41397000 -28.31170000 -544.93500000
v -3.80535000 -36.23680000 -543.14700000
v 0.22798000 -33.09310000 -548.22000000
v 0.40984600 -32.90950000 -548.10800000
v 3.46737000 -23.31320000 -538.20000000
v -4.23595000 -36.05630000 -543.14700000
v 0.20369000 -32.83700000 -548.12400000
v 0.34778800 -32.66410000 -547.99500000
v 0.12252200 -32.59900000 -548.00400000
v 0.56759000 -32.72580000 -547.97300000
v -4.30729000 -35.84320000 -543.24400000
v 0.59698800 -32.35130000 -547.72000000
v -1.11436000 -25.98100000 -538.76000000
v 2.10583000 -36.22780000 -540.21800000
v 1.91027000 -36.33260000 -540.10700000
v 1.44063000 -36.64180000 -539.95800000
v 1.61246000 -36.53950000 -540.01200000
v 2.72562000 -35.89260000 -540.67000000
v 2.92879000 -35.62910000 -540.76400000
v 3.53746000 -34.54620000 -540.82700000
v 3.67889000 -34.42080000 -540.92900000
v 3.97408000 -33.87300000 -541.13600000
v 3.91927000 -34.16390000 -541.17900000
v 3.77409000 -34.22640000 -540.96400000
v 3.80501000 -34.40380000 -541.12600000
v 3.75568000 -34.61750000 -541.25700000
v 3.44782000 -23.61060000 -538.52500000
v 2.68875000 -34.33490000 -539.66300000
v -4.67139000 -36.02600000 -543.12800000
v 2.80793000 -34.49160000 -539.82000000
v 3.29861000 -34.62920000 -540.53700000
v 3.16579000 -34.66640000 -540.37400000
v 3.30642000 -34.91240000 -540.78700000
v 3.38239000 -34.70220000 -540.72300000
v 3.48079000 -34.76280000 -540.93600000
v 3.41344000 -34.95900000 -541.00700000
v 3.64355000 -34.60900000 -541.05100000
v 3.58449000 -34.81520000 -541.16300000
v 2.01257000 -35.13200000 -539.30700000
v 2.19550000 -35.01800000 -539.40000000
v -5.03784000 -36.00360000 -543.56700000
v 1.28473000 -31.62970000 -546.85700000
v -4.63112000 -28.66660000 -544.83100000
v -3.35846000 -35.61580000 -545.39200000
v 1.07154000 -36.50390000 -539.66100000
v 0.94059600 -36.69020000 -539.68800000
v 2.27611000 -33.18030000 -538.94400000
v -5.06881000 -28.96590000 -544.85800000
v 2.67797000 -33.02820000 -539.34200000
v -3.06332000 -35.43720000 -544.86800000
v 2.92542000 -33.04100000 -539.63700000
v -3.94833000 -23.21720000 -540.99900000
v 3.17954000 -33.27250000 -539.98900000
v 2.77588000 -33.15770000 -539.48400000
v 3.19115000 -33.03290000 -539.96500000
v 3.06208000 -32.91670000 -539.78800000
v -2.97821000 -38.39140000 -540.32500000
v -3.13352000 -35.46720000 -545.08700000
v -3.27215000 -35.43100000 -545.57100000
v -3.23753000 -38.37700000 -540.32400000
v -3.75662000 -37.47350000 -539.43800000
v -3.83782000 -37.62770000 -539.57600000
v -3.52355000 -37.79660000 -539.75600000
v -3.61957000 -37.63130000 -539.59100000
v -3.14144000 -37.92450000 -539.91800000
v -3.06300000 -35.29040000 -545.28300000
v -2.97567000 -38.07480000 -540.05300000
v -3.25493000 -38.08750000 -540.04400000
v -3.11354000 -38.23540000 -540.17500000
v -3.53070000 -38.10190000 -540.04400000
v -3.67296000 -37.95690000 -539.89500000
v -2.62171000 -37.81330000 -539.92600000
v -2.89601000 -37.87320000 -539.91700000
v -1.93274000 -36.16630000 -543.03000000
v -1.90283000 -36.29020000 -542.83400000
v -2.12196000 -36.83150000 -542.59100000
v -1.86787000 -36.40710000 -542.62800000
v -4.66408000 -28.85260000 -544.98900000
v -2.17584000 -19.53050000 -536.68700000
v -2.03892000 -19.48520000 -536.52200000
v -1.90598000 -19.44760000 -536.36200000
v -1.75321000 -19.26690000 -536.31800000
v -1.87664000 -19.26140000 -536.54700000
v -1.69584000 -19.07200000 -536.67300000
v -1.87512000 -19.17590000 -536.79300000
v -2.02701000 -19.33380000 -536.71200000
v -1.69076000 -19.04580000 -536.89200000
v -1.85319000 -19.16010000 -537.04300000
v -1.08117000 -18.91150000 -537.10800000
v -1.04375000 -18.96270000 -537.35400000
v -1.23597000 -18.93720000 -537.27500000
v -1.28318000 -18.89640000 -536.96100000
v -3.55507000 -35.66930000 -545.72900000
v -1.50047000 -18.95200000 -536.98700000
v -1.43546000 -18.95910000 -537.19700000
v -3.51161000 -35.73010000 -545.48300000
v -3.57092000 -35.41270000 -546.13800000
v -0.93144900 -19.13900000 -537.69700000
v -0.64971600 -19.02990000 -537.35000000
v -0.88312100 -19.03040000 -537.49000000
v -1.13757000 -19.01770000 -537.55700000
v -0.46862800 -36.94240000 -541.98800000
v -1.34807000 -19.08490000 -537.67700000
v -1.37599000 -19.00920000 -537.45100000
v -1.36441000 -19.20580000 -537.87600000
v -1.56287000 -19.19440000 -537.81400000
v -2.95720000 -36.29310000 -543.15800000
v -2.33982000 -19.69870000 -538.15600000
v -1.71092000 -19.72080000 -538.30900000
v 3.45677000 -23.34730000 -538.88300000
v -5.31491000 -37.69460000 -540.29700000
v -1.75161000 -19.41180000 -538.08400000
v -1.86380000 -19.55650000 -538.21000000
v -4.52072000 -28.95780000 -545.11200000
v -2.82720000 -28.24950000 -545.04700000
v -1.76532000 -19.30490000 -537.91200000
v -1.98449000 -19.44960000 -538.00500000
v -1.55435000 -19.11340000 -537.58400000
v -1.75469000 -19.24110000 -537.68000000
v -1.65485000 -19.05350000 -537.12800000
v -1.58363000 -19.07060000 -537.34900000
v -2.11898000 -19.91320000 -538.48100000
v -2.02656000 -20.10810000 -538.59300000
v -0.76452300 -19.32590000 -537.75900000
v -0.82884200 -19.52390000 -537.88900000
v -1.05646000 -19.86140000 -538.13900000
v -1.18726000 -19.67570000 -538.12000000
v -5.64525000 -27.26580000 -542.31900000
v 3.18444000 -36.01820000 -541.79400000
v -5.74336000 -27.51840000 -542.31700000
v -5.75880000 -27.62170000 -542.08700000
v -5.05304000 -24.22100000 -539.08000000
v -4.93601000 -24.21100000 -538.70000000
v -4.98834000 -23.76970000 -538.83700000
v -4.90179000 -23.66930000 -538.60800000
v -4.94564000 -23.92810000 -538.68600000
v -4.89479000 -24.06740000 -538.53200000
v -4.86450000 -24.27300000 -538.46000000
v -0.04837110 -37.16020000 -542.67600000
v -1.72042000 -23.93630000 -538.07600000
v -1.94630000 -23.84580000 -538.47500000
v -1.99234000 -23.62070000 -538.53800000
v -1.94121000 -23.44880000 -538.39900000
v -2.07130000 -23.83140000 -538.91100000
v -2.10728000 -23.87260000 -539.14400000
v -2.14957000 -23.65960000 -539.31300000
v -2.13292000 -23.87410000 -539.59600000
v -2.02121000 -23.78120000 -538.68400000
v -1.98595000 -23.97360000 -538.70700000
v -2.06455000 -23.61590000 -538.80200000
v -2.11504000 -23.65050000 -539.05900000
v -2.02391000 -23.42420000 -538.65400000
v -1.96390000 -23.23850000 -538.52900000
v -1.69617000 -23.09570000 -537.93900000
v -1.87789000 -23.27650000 -538.27100000
v -1.89844000 -23.06980000 -538.40200000
v -1.89830000 -22.87180000 -538.48900000
v -2.03519000 -23.23370000 -538.77100000
v -2.00080000 -22.84340000 -538.84100000
v -1.92561000 -22.73330000 -538.64100000
v -1.84464000 -22.22790000 -538.64400000
v -2.15215000 -22.61880000 -539.41900000
v -1.76292000 -21.37240000 -538.81800000
v -1.98893000 -21.57780000 -539.09600000
v -2.07771000 -21.76890000 -539.23100000
v -1.94197000 -21.74310000 -539.00800000
v -3.84628000 -22.57990000 -536.75500000
v -1.85834000 -21.84890000 -538.82800000
v -1.97527000 -21.94000000 -539.03400000
v -3.96803000 -22.48570000 -536.94200000
v -2.26790000 -21.37350000 -539.29400000
v -2.28591000 -21.71500000 -539.45800000
v -2.54434000 -21.93240000 -539.74300000
v -2.19082000 -21.87810000 -539.40900000
v -2.20999000 -22.05530000 -539.48000000
v -2.08061000 -21.99850000 -539.24200000
v -2.10138000 -22.19820000 -539.29300000
v -1.99539000 -22.15680000 -539.04700000
v -2.03053000 -22.34750000 -539.10900000
v -2.12739000 -22.39930000 -539.34600000
v -2.08017000 -22.56700000 -539.19900000
v -2.11697000 -22.78820000 -539.27100000
v -1.72820000 -22.11690000 -538.42900000
v -1.79647000 -21.98840000 -538.64400000
v -1.90192000 -22.09280000 -538.83500000
v -1.93317000 -22.33590000 -538.84000000
v -1.99780000 -22.50090000 -538.98300000
v -1.95205000 -22.58920000 -538.80400000
v -1.82583000 -21.59890000 -538.85600000
v -1.67809000 -21.51800000 -538.65000000
v -1.61188000 -21.64660000 -538.47700000
v -1.74351000 -21.74440000 -538.65900000
v -1.68135000 -21.89940000 -538.45900000
v -1.57872000 -21.80810000 -538.31900000
v -1.49534000 -21.82440000 -538.15400000
v -1.37912000 -21.60360000 -538.08400000
v -0.83120600 -20.77370000 -536.36300000
v -1.13540000 -21.04730000 -536.33100000
v -3.09075000 -24.39030000 -541.76600000
v -3.06832000 -24.64140000 -541.92200000
v -1.72774000 -24.12520000 -538.26600000
v -1.60936000 -24.10920000 -538.01000000
v -2.96601000 -28.10370000 -544.90100000
v -1.51155000 -24.45180000 -538.02900000
v -1.41007000 -24.40540000 -537.64500000
v -1.44546000 -24.52330000 -537.84200000
v -1.26998000 -25.58890000 -538.21300000
v -1.25996000 -25.59690000 -537.98600000
v -3.88319000 -22.12060000 -536.94100000
v -1.20867000 -25.73060000 -537.85300000
v -1.26454000 -25.47780000 -537.77500000
v -1.32660000 -25.41910000 -538.03200000
v -1.33122000 -25.25020000 -537.87200000
v -3.47916000 -22.83780000 -536.29000000
v -3.31040000 -23.19300000 -536.14600000
v -3.29106000 -21.90130000 -536.44000000
v -1.35442000 -25.38000000 -538.28800000
v -1.38402000 -25.22090000 -538.14700000
v -3.35836000 -22.12600000 -536.40700000
v -1.41270000 -24.88740000 -538.00000000
v -1.37928000 -25.07700000 -537.98700000
v -5.41937000 -37.61790000 -540.49000000
v -5.60649000 -37.45580000 -540.47000000
v -5.45773000 -37.60080000 -541.02400000
v -5.48085000 -37.58220000 -540.73900000
v -4.31245000 -35.69290000 -543.86300000
v -4.19284000 -35.73300000 -544.10600000
v -4.53480000 -35.99520000 -544.02900000
v -4.51541000 -35.85430000 -543.83000000
v -6.58811000 -32.14840000 -540.78800000
v -6.50936000 -31.97520000 -540.62800000
v -3.52851000 -21.74410000 -536.69500000
v -1.05181000 -34.67480000 -544.62200000
v -6.78497000 -33.09110000 -540.87900000
v -6.87320000 -33.16480000 -541.13900000
v -6.89716000 -32.84000000 -541.45300000
v -6.81915000 -32.71410000 -541.26000000
v -6.98858000 -33.00830000 -541.79900000
v -6.99078000 -33.02190000 -542.03800000
v -3.32494000 -21.69460000 -536.54600000
v -2.53711000 -22.53970000 -535.84500000
v -6.95613000 -33.00470000 -541.59100000
v 3.45950000 -23.48840000 -538.70900000
v -6.80548000 -32.92070000 -541.04700000
v -6.87108000 -32.94830000 -541.24900000
v -7.03869000 -33.43320000 -543.82300000
v -7.01290000 -33.23840000 -543.73000000
v -7.00505000 -33.01980000 -543.66900000
v -7.00276000 -32.58350000 -543.48200000
v -7.00281000 -32.79400000 -543.60600000
v -7.02429000 -32.79720000 -543.39200000
v -6.86337000 -36.48150000 -541.17700000
v -6.43935000 -36.90800000 -540.82600000
v -6.29972000 -36.93140000 -540.59800000
v -6.52163000 -36.97740000 -541.49200000
v -6.66353000 -36.85140000 -541.31000000
v -6.67516000 -36.78480000 -541.54200000
v -6.50823000 -37.02330000 -541.24900000
v -6.59389000 -36.88310000 -541.06400000
v -6.31312000 -36.82350000 -542.14500000
v -6.35382000 -36.92770000 -541.88600000
v -6.65556000 -36.62220000 -542.00300000
v -6.51473000 -36.79330000 -541.95400000
v -6.79162000 -36.50550000 -541.81700000
v -6.80362000 -36.57620000 -541.58800000
v -6.79916000 -36.64760000 -541.35900000
v -0.29574800 -37.03480000 -542.38500000
v -6.64334000 -36.74880000 -540.88700000
v -6.75194000 -36.70880000 -541.12500000
v -2.33380000 -21.82590000 -535.99700000
v -6.79320000 -36.55510000 -540.95400000
v -6.79955000 -36.39980000 -540.80200000
v -6.68649000 -36.58650000 -540.72000000
v -6.57753000 -36.56290000 -540.50900000
v -5.95342000 -36.12330000 -539.44800000
v -5.94174000 -35.86850000 -539.37800000
v 3.29688000 -24.44780000 -539.77800000
v -6.31545000 -36.18860000 -539.90300000
v -6.59861000 -36.34800000 -540.38400000
v -6.41493000 -36.27240000 -540.06300000
v -6.70950000 -36.36830000 -540.59600000
v -6.72959000 -36.13730000 -540.55900000
v -6.90626000 -36.04710000 -540.99900000
v -6.94373000 -36.00260000 -541.25200000
v -6.82931000 -36.18390000 -540.78200000
v -6.82602000 -35.94900000 -540.74500000
v -6.73915000 -35.86980000 -540.54800000
v -6.70088000 -35.62450000 -540.47000000
v -6.75160000 -35.42950000 -540.59300000
v -6.58298000 -35.15890000 -540.27400000
v -7.18779000 -35.67230000 -544.48200000
v -7.29177000 -35.43560000 -544.44200000
v -7.13394000 -35.83330000 -544.32200000
v -7.30453000 -35.61620000 -543.59900000
v -7.23215000 -35.81340000 -543.59400000
v -7.27689000 -35.74630000 -543.83000000
v -2.42703000 -22.28670000 -535.90500000
v -7.35665000 -35.49170000 -543.80000000
v -7.24716000 -35.16500000 -544.84400000
v -7.33521000 -35.17780000 -544.40800000
v -7.37978000 -35.13840000 -544.15700000
v -7.35292000 -35.37590000 -544.22100000
v -6.89336000 -35.80480000 -544.82300000
v -6.82027000 -35.96310000 -544.59500000
v -6.70358000 -36.10700000 -544.41600000
v -6.93054000 -36.02250000 -544.34500000
v -6.95651000 -36.09510000 -544.07200000
v -7.09233000 -35.95680000 -544.16200000
v -6.56495000 -36.22860000 -543.79900000
v -6.79242000 -36.17540000 -543.68500000
v -6.75730000 -36.14760000 -543.42800000
v -6.96185000 -36.08630000 -543.53400000
v -6.77707000 -36.18550000 -543.93600000
v -6.98062000 -36.10480000 -543.80800000
v -7.24278000 -35.78100000 -544.07900000
v -7.14532000 -35.95470000 -543.93100000
v -2.75231000 -21.74970000 -536.18600000
v -7.28116000 -35.61520000 -544.26200000
v -1.67769000 -21.67640000 -535.97300000
v -7.34364000 -35.56770000 -544.02600000
v -6.06365000 -30.94230000 -545.07700000
v -7.39138000 -35.31850000 -543.98300000
v -7.38359000 -35.23740000 -543.76100000
v -7.02066000 -33.45760000 -543.31500000
v -7.02621000 -33.01820000 -543.43400000
v -7.02238000 -33.24280000 -543.48000000
v -7.03262000 -33.44380000 -543.57900000
v -7.05531000 -33.65010000 -543.52000000
v -4.03489000 -21.71650000 -537.47000000
v -7.07493000 -33.62300000 -543.78700000
v 3.11443000 -25.65850000 -540.12000000
v -6.98859000 -34.25190000 -542.12300000
v -7.00666000 -34.23980000 -542.31200000
v -7.02000000 -34.06510000 -542.68000000
v -7.01811000 -33.93910000 -542.85000000
v -6.97134000 -33.49860000 -542.84500000
v -7.00080000 -33.58770000 -543.08200000
v -7.02546000 -33.82240000 -543.07000000
v -6.98261000 -33.72720000 -542.83800000
v -7.09861000 -33.87390000 -543.49600000
v -7.03850000 -33.71120000 -543.29200000
v -7.12069000 -33.82030000 -543.74700000
v -7.17337000 -34.02580000 -543.69600000
v -7.15637000 -34.10320000 -543.45800000
v -3.28157000 -20.74040000 -537.33600000
v -0.55878800 -35.16490000 -545.49700000
v -0.35207200 -35.23940000 -545.61000000
v -1.26311000 -35.95210000 -543.31800000
v -1.30393000 -24.26720000 -537.25000000
v -1.19226000 -35.60420000 -543.67900000
v -0.94616800 -35.62180000 -543.75800000
v -0.83377700 -35.46490000 -543.88000000
v -0.68442400 -35.60650000 -543.83200000
v -0.63082500 -35.38560000 -543.96300000
v -0.42631400 -35.34490000 -544.01800000
v -0.12416400 -35.14150000 -544.16800000
v -0.19908900 -35.33860000 -544.05700000
v 2.75776000 -36.38230000 -543.15400000
v 3.00322000 -36.39610000 -543.10400000
v 2.59362000 -36.30100000 -542.91100000
v 3.23235000 -36.34200000 -542.98600000
v 3.04005000 -36.19770000 -542.64100000
v -1.39213000 -24.77720000 -537.81200000
v 3.04139000 -36.29450000 -542.86600000
v 2.81567000 -36.26410000 -542.76000000
v -3.03947000 -24.87010000 -542.07500000
v -3.24141000 -24.91840000 -542.22100000
v 2.85694000 -22.36430000 -536.96900000
v 2.83067000 -22.62280000 -536.98300000
v -5.41626000 -32.61760000 -546.44800000
v -5.21100000 -32.67070000 -546.58000000
v -5.38513000 -32.84110000 -546.56600000
v -3.41280000 -31.44310000 -546.68700000
v -3.69262000 -31.56970000 -546.66500000
v -4.07873000 -31.97530000 -546.73100000
v -0.17707500 -19.16430000 -537.13900000
v -4.18858000 -31.81470000 -546.61600000
v -3.94893000 -31.73550000 -546.65700000
v -4.32332000 -32.04020000 -546.68000000
v -4.57285000 -32.07020000 -546.58100000
v 3.00900000 -26.08410000 -540.15500000
v -4.87295000 -32.34560000 -546.59000000
v -5.54017000 -32.98370000 -546.53700000
v -5.75850000 -33.03840000 -546.43700000
v -4.93091000 -32.89240000 -546.80800000
v -5.34807000 -33.08950000 -546.67400000
v -4.98971000 -32.70090000 -546.70700000
v -5.16948000 -32.89040000 -546.69300000
v -5.22908000 -32.44570000 -546.45700000
v -5.03896000 -32.50250000 -546.58900000
v 2.92307000 -25.36700000 -540.97500000
v -6.06388000 -30.58860000 -544.82500000
v -4.43432000 -28.25960000 -538.20000000
v -4.45887000 -28.67640000 -538.05100000
v -4.35148000 -29.62160000 -537.60100000
v -4.19562000 -29.79640000 -537.43800000
v -4.11448000 -29.59410000 -537.49100000
v -3.96878000 -29.73660000 -537.33300000
v -4.25318000 -29.43850000 -537.61400000
v -4.08410000 -29.33320000 -537.53400000
v -3.93082000 -29.47430000 -537.41700000
v -0.17227500 -20.26990000 -536.64500000
v -0.16714100 -20.06560000 -536.28700000
v -4.27341000 -29.22060000 -537.67100000
v -4.42808000 -29.40500000 -537.73800000
v -4.28133000 -28.98960000 -537.71200000
v -4.43337000 -29.14050000 -537.83500000
v -4.55571000 -29.08220000 -538.03400000
v -4.55243000 -28.83600000 -538.14200000
v -4.46340000 -28.02200000 -538.33500000
v -4.53284000 -28.54100000 -538.23700000
v -3.89370000 -22.88380000 -540.74200000
v 3.62168000 -32.98600000 -545.35500000
v 3.75970000 -33.09030000 -545.17700000
v 2.23734000 -24.49540000 -541.75200000
v 2.08841000 -24.37120000 -541.86400000
v 2.25275000 -24.06880000 -541.56500000
v 2.21257000 -24.25280000 -541.68600000
v 2.37443000 -23.96370000 -541.39200000
v 2.39265000 -24.20800000 -541.47100000
v 0.95372900 -32.09480000 -547.39200000
v 0.75122900 -32.20470000 -547.55500000
v 1.44951000 -35.66320000 -539.32100000
v 1.67934000 -35.64210000 -539.48100000
v 1.43456000 -35.50150000 -539.15100000
v 1.78587000 -35.43240000 -539.37300000
v 1.83832000 -35.68790000 -539.65000000
v 1.97250000 -35.33440000 -539.45700000
v 1.67864000 -35.83390000 -539.64200000
v 1.89325000 -35.82960000 -539.80700000
v 2.02965000 -35.64510000 -539.78600000
v 2.19758000 -35.61720000 -539.92900000
v 2.28762000 -35.26870000 -539.72500000
v 1.91504000 -35.52160000 -539.57500000
v 3.47585000 -33.23600000 -540.33800000
v 3.33457000 -32.90480000 -540.12600000
v 2.83016000 -25.46970000 -541.15500000
v -4.44876000 -22.45930000 -537.82500000
v -0.97320000 -20.37200000 -538.17700000
v -5.78614000 -30.51820000 -545.13000000
v -0.98367600 -20.09860000 -538.17700000
v -1.14133000 -20.24580000 -538.30400000
v -0.56887100 -20.88810000 -537.15100000
v -4.80177000 -25.73640000 -538.78300000
v -4.92749000 -25.56380000 -539.14800000
v -4.90932000 -25.37410000 -539.01700000
v -4.88543000 -25.16590000 -538.92700000
v -5.00986000 -24.87020000 -539.25700000
v -5.04402000 -25.02620000 -539.41100000
v -4.95770000 -25.13300000 -539.16600000
v -4.65164000 -25.47370000 -538.36500000
v -4.73094000 -25.57560000 -538.59900000
v -4.82792000 -25.43180000 -538.79300000
v -4.74614000 -25.34470000 -538.57600000
v -4.82193000 -25.15450000 -538.72300000
v -0.64560200 -20.69440000 -536.46200000
v -5.08013000 -24.59140000 -539.30700000
v -5.00198000 -24.69150000 -539.12800000
v -4.95231000 -24.64810000 -538.94200000
v -4.93723000 -24.92080000 -539.03900000
v -5.03953000 -37.78030000 -539.90600000
v -4.84127000 -37.89440000 -539.92000000
v 3.13099000 -24.38790000 -540.44700000
v -4.64044000 -38.02160000 -539.97700000
v -4.76283000 -38.07670000 -540.13000000
v -4.97677000 -37.92760000 -540.11000000
v -4.51379000 -38.17450000 -540.12900000
v -4.38945000 -38.30940000 -540.30200000
v -3.73498000 -38.33320000 -541.21300000
v -3.66315000 -38.47050000 -541.03900000
v -4.13520000 -38.34620000 -541.11100000
v -4.16180000 -38.17310000 -541.33200000
v -3.91388000 -38.44630000 -541.06200000
v -4.31818000 -38.36550000 -540.94900000
v -4.11106000 -38.49200000 -540.89300000
v -4.06377000 -38.53340000 -540.65200000
v -4.30952000 -38.44760000 -540.70500000
v -3.98693000 -38.44640000 -540.42500000
v -4.24710000 -38.43330000 -540.46800000
v -4.31828000 -38.20230000 -541.17600000
v -1.26471000 -21.47540000 -537.95700000
v -4.48532000 -38.18920000 -541.01800000
v 0.15953400 -35.80580000 -538.83500000
v -1.05791000 -21.47790000 -537.57600000
v -4.49871000 -38.31050000 -540.78900000
v -4.68098000 -38.19500000 -540.69000000
v -4.63329000 -38.21610000 -540.32600000
v -4.50357000 -38.32620000 -540.53300000
v -4.83535000 -38.03720000 -540.83800000
v -4.92217000 -38.03420000 -540.67700000
v -5.00503000 -37.97420000 -540.49300000
v -4.87710000 -38.05460000 -540.31100000
v -3.56774000 -36.86070000 -543.00300000
v -3.73777000 -36.71790000 -543.04800000
v 3.03459000 -24.34830000 -540.66900000
v -3.49683000 -35.75230000 -543.27900000
v -3.38567000 -35.55620000 -543.37300000
v -5.76735000 -30.02610000 -544.88800000
v -3.53560000 -36.58740000 -543.08900000
v -3.56937000 -36.29830000 -543.15600000
v -3.70536000 -35.77330000 -543.25700000
v -3.60257000 -36.02420000 -543.20500000
v -6.93508000 -32.66970000 -544.03500000
v -6.93529000 -32.49700000 -543.93300000
v -6.97360000 -32.79190000 -543.83500000
v -6.97460000 -32.56330000 -543.71400000
v -4.97451000 -28.45680000 -539.18800000
v -1.21012000 -21.26670000 -537.99900000
v -4.87274000 -28.78090000 -538.74700000
v -4.83944000 -28.55020000 -538.79000000
v -3.72897000 -27.59870000 -537.01600000
v -3.98189000 -27.33690000 -537.34700000
v -4.74619000 -28.47280000 -538.61900000
v -4.67522000 -28.27600000 -538.56100000
v 3.32153000 -32.25510000 -544.69900000
v 3.21043000 -32.17450000 -544.88500000
v 3.43754000 -32.28950000 -544.48200000
v 3.54750000 -32.47810000 -544.46000000
v 3.63041000 -32.66130000 -544.55600000
v 3.44926000 -32.46380000 -544.67100000
v 3.50518000 -32.61090000 -544.81500000
v 3.33246000 -32.41650000 -544.91000000
v 3.67223000 -32.80480000 -544.74500000
v 3.57128000 -32.76280000 -544.97300000
v 3.20576000 -24.41650000 -540.21800000
v 3.92153000 -33.09100000 -544.53500000
v 3.82347000 -33.01620000 -544.74100000
v 3.78080000 -32.87550000 -544.53500000
v 4.24153000 -35.19910000 -545.15600000
v 4.10116000 -34.97820000 -545.51300000
v 4.30183000 -34.75780000 -545.22400000
v 4.20411000 -34.74620000 -545.41800000
v -6.18654000 -31.37940000 -545.20100000
v 4.36325000 -34.56380000 -545.12700000
v 2.90897000 -25.11570000 -541.01400000
v 4.21952000 -34.31750000 -545.49600000
v 4.29152000 -34.20380000 -545.29200000
v 4.36531000 -34.34410000 -545.10900000
v 4.18217000 -33.77570000 -545.06300000
v 4.32703000 -34.11570000 -545.05100000
v 4.05462000 -34.57960000 -545.77100000
v -3.64176000 -27.81340000 -536.95000000
v 3.97718000 -34.42780000 -545.92900000
v 3.91281000 -34.71320000 -545.92500000
v 3.84654000 -34.28810000 -546.09600000
v -4.08005000 -28.08010000 -544.46900000
v 3.99278000 -34.16550000 -545.90600000
v 4.10727000 -34.29450000 -545.71900000
v 3.29364000 -33.79390000 -546.34900000
v 3.65488000 -33.92570000 -546.18200000
v 3.74802000 -33.79340000 -546.03600000
v -4.38463000 -27.11720000 -544.12800000
v 3.65969000 -34.14460000 -546.22500000
v 3.46737000 -33.96530000 -546.30800000
v -3.47935000 -27.23180000 -536.56200000
v 3.83985000 -34.03900000 -546.06500000
v 3.92307000 -33.90610000 -545.87300000
v 4.09876000 -33.86970000 -545.47600000
v 4.06792000 -34.01850000 -545.70400000
v -3.55595000 -27.44740000 -536.71300000
v 4.19089000 -34.09350000 -545.50300000
v 4.10094000 -33.72550000 -545.26700000
v 4.22299000 -33.95900000 -545.24400000
v 3.67613000 -33.41180000 -545.82400000
v 3.96325000 -33.77090000 -545.67100000
v 3.98348000 -33.63200000 -545.46500000
v 3.84271000 -33.52440000 -545.65200000
v 3.99264000 -33.49430000 -545.24400000
v 3.04343000 -24.79750000 -540.70600000
v 3.98554000 -33.36230000 -545.00300000
v 3.87966000 -33.28490000 -545.21500000
v 3.72991000 -32.95580000 -544.94100000
v 3.86339000 -33.15920000 -544.97000000
v 3.63782000 -32.91210000 -545.13600000
v -4.73563000 -27.60560000 -544.23800000
v 3.21065000 -32.50190000 -545.49300000
v 3.18958000 -32.27970000 -545.08500000
v 3.15966000 -32.35110000 -545.31600000
v -3.44074000 -27.66610000 -536.62300000
v -3.72016000 -26.66170000 -536.72000000
v -3.57607000 -26.82040000 -536.59400000
v -0.84417700 -26.11270000 -539.31400000
v 3.28240000 -32.47400000 -545.19200000
v 3.36517000 -32.64530000 -545.34400000
v 3.41841000 -32.60240000 -545.06600000
v 3.50488000 -32.77910000 -545.23100000
v 2.83571000 -33.50130000 -539.64700000
v 2.78654000 -33.72280000 -539.64300000
v 2.94375000 -33.66160000 -539.80400000
v 2.89274000 -33.28610000 -539.65200000
v 3.02150000 -33.41900000 -539.83500000
v 3.07892000 -33.63330000 -539.94700000
v 3.20171000 -33.77140000 -540.10800000
v 3.47041000 -33.46800000 -540.36300000
v 3.32990000 -33.86310000 -540.27100000
v 3.13492000 -25.05580000 -540.42000000
v -4.66716000 -29.01280000 -538.25700000
v -4.65696000 -28.76430000 -538.35400000
v -4.76166000 -28.69650000 -538.55800000
v 3.47820000 -32.79260000 -540.29300000
v 3.48269000 -33.01120000 -540.31900000
v 3.64315000 -32.89140000 -540.49900000
v 3.63544000 -33.11810000 -540.50800000
v -3.80371000 -26.23950000 -543.65400000
v 3.61992000 -33.33710000 -540.51800000
v 3.69442000 -34.09630000 -540.79500000
v 3.85269000 -33.99860000 -540.98500000
v 3.89603000 -33.72480000 -540.94900000
v 3.99841000 -33.57910000 -541.09900000
v 3.76221000 -33.86270000 -540.80600000
v 3.61956000 -33.95860000 -540.64900000
v 2.90364000 -34.30050000 -539.86500000
v 3.09116000 -34.26080000 -540.06900000
v 3.01359000 -34.09010000 -539.93700000
v 2.88500000 -34.66670000 -539.98700000
v 3.03538000 -34.67160000 -540.18900000
v 2.98723000 -34.47360000 -540.01900000
v 3.13962000 -34.46050000 -540.21000000
v 3.24812000 -34.25310000 -540.26200000
v -3.38889000 -26.16740000 -536.25700000
v 2.76960000 -33.94350000 -539.64700000
v 2.65164000 -34.10080000 -539.57500000
v 2.82887000 -34.13630000 -539.74600000
v -3.26219000 -26.33630000 -536.19900000
v 3.06349000 -33.87130000 -539.96500000
v 2.91273000 -33.90850000 -539.79700000
v 3.35545000 -34.08250000 -540.34900000
v 3.18902000 -34.03500000 -540.13600000
v 3.20440000 -25.07520000 -539.93500000
v 3.47700000 -33.91790000 -540.46000000
v 3.80081000 -32.09540000 -541.07600000
v 3.89935000 -32.32620000 -541.18000000
v 3.91743000 -32.53710000 -541.05300000
v 3.99951000 -32.56050000 -541.29000000
v 3.91563000 -32.75570000 -540.93600000
v -3.78454000 -25.60680000 -543.07100000
v 3.89304000 -32.93900000 -540.85000000
v -5.17034000 -24.13330000 -539.49300000
v 4.01397000 -33.30520000 -541.07400000
v 3.91951000 -33.17530000 -540.88600000
v 3.90110000 -33.44310000 -540.89600000
v -0.21388100 -37.06890000 -542.57200000
v 3.62683000 -32.68160000 -540.46900000
v 3.78352000 -33.01220000 -540.68200000
v 3.78570000 -33.25190000 -540.70600000
v -5.03159000 -23.68080000 -539.05500000
v -4.82013000 -24.47230000 -538.36400000
v 3.62409000 -33.76540000 -540.60100000
v 3.78066000 -33.63310000 -540.76300000
v 3.75614000 -33.44340000 -540.69900000
v 3.16928000 -25.48140000 -539.71400000
v 3.47059000 -33.69830000 -540.40300000
v 3.61684000 -33.56070000 -540.54900000
v -0.38252400 -36.98950000 -542.17000000
v -4.79265000 -27.93170000 -538.88200000
v -4.82454000 -27.75240000 -539.04400000
v -4.73917000 -27.52430000 -539.02200000
v -4.50845000 -26.86430000 -538.85000000
v -4.46935000 -27.10690000 -538.71200000
v -4.41016000 -27.09090000 -538.51800000
v -4.55969000 -26.85340000 -539.07600000
v -4.77293000 -24.67000000 -538.25800000
v -4.53975000 -27.09430000 -538.94600000
v -4.53140000 -27.30600000 -538.76800000
v -4.62274000 -27.06870000 -539.16400000
v -4.64065000 -27.29590000 -539.02500000
v -4.62321000 -27.48290000 -538.82600000
v -4.72228000 -27.70520000 -538.84800000
v -4.70056000 -24.70020000 -538.00800000
v -3.67620000 -25.95100000 -543.42200000
v -4.79699000 -24.28770000 -538.21500000
v -4.50388000 -27.52010000 -538.58000000
v -4.60309000 -27.67590000 -538.65600000
v -4.66281000 -27.87880000 -538.66000000
v -4.83148000 -24.88440000 -538.63400000
v -4.61184000 -22.35800000 -538.82700000
v -4.64951000 -26.07100000 -538.50800000
v -4.56560000 -26.46560000 -538.57400000
v -4.48222000 -26.69290000 -538.47700000
v -4.46399000 -26.87320000 -538.62100000
v -4.40468000 -26.91620000 -538.38200000
v -4.22184000 -27.57950000 -538.11100000
v -4.13429000 -27.71510000 -537.88800000
v -4.33620000 -27.16300000 -538.33700000
v -4.75895000 -22.81330000 -538.90700000
v -4.41611000 -27.32870000 -538.50600000
v -4.81338000 -22.91490000 -539.10800000
v -4.37657000 -27.56860000 -538.36500000
v -4.50344000 -27.78570000 -538.46600000
v -4.92175000 -23.28970000 -538.88600000
v -4.59782000 -28.04580000 -538.50600000
v -4.55424000 -28.28120000 -538.37000000
v -4.64341000 -28.51650000 -538.42900000
v 2.23075000 -26.84530000 -537.66100000
v 3.25594000 -25.07440000 -539.43300000
v -4.70310000 -22.73470000 -538.65600000
v -3.42246000 -26.00230000 -543.50400000
v -1.61820000 -26.45370000 -542.57300000
v -1.78531000 -26.46510000 -542.70900000
v -1.95883000 -26.40580000 -542.52300000
v -4.63212000 -23.10780000 -538.25000000
v -5.05014000 -23.97220000 -540.95800000
v 3.19377000 -25.27860000 -539.83000000
v 1.08641000 -35.92060000 -543.37000000
v 0.90714700 -35.85800000 -543.53200000
v 2.10399000 -20.24840000 -536.01200000
v -3.54840000 -25.64140000 -543.13900000
v -1.76458000 -28.31340000 -545.14200000
v -4.96799000 -23.56580000 -540.64000000
v -4.18029000 -30.85480000 -537.11800000
v 1.60317000 -22.13090000 -536.51200000
v -6.09550000 -28.58950000 -541.49700000
v -3.63675000 -25.27290000 -542.75700000
v -6.05186000 -30.17830000 -544.58400000
v 1.79557000 -26.65400000 -537.30800000
v 1.89356000 -27.05580000 -537.51000000
v -4.02732000 -23.72800000 -541.38800000
v 2.00266000 -26.54670000 -537.34400000
v -5.99462000 -28.28930000 -541.72100000
v 1.94046000 -26.79540000 -537.42200000
v 1.81740000 -26.16040000 -537.19500000
v -5.96918000 -28.46310000 -541.34600000
v 1.59772000 -26.25110000 -537.22500000
v -5.90139000 -28.03480000 -541.95300000
v -6.36082000 -30.40620000 -544.20000000
v -0.02239380 -26.63220000 -538.88300000
v -2.16865000 -32.37370000 -536.81300000
v -6.22353000 -28.60800000 -541.88000000
v -0.19357000 -37.12630000 -542.18100000
v -5.74166000 -27.68250000 -541.85600000
v -0.41317300 -25.63170000 -542.89400000
v 1.00502000 -21.46810000 -539.34400000
v -5.83230000 -28.27640000 -541.31200000
v 0.97233600 -21.73400000 -539.61600000
v 0.86899200 -22.20080000 -540.05600000
v -5.78619000 -27.89760000 -541.76300000
v -3.71797000 -34.41820000 -537.80800000
v -6.44632000 -30.32480000 -543.97700000
v 2.99446000 -20.17170000 -536.66800000
v 2.73963000 -20.15060000 -536.28800000
v -2.30679000 -27.31490000 -544.29700000
v -2.17950000 -27.18330000 -544.12200000
v 2.36388000 -20.03390000 -536.30900000
v 2.74173000 -20.29710000 -536.08500000
v -3.89084000 -34.29110000 -537.79400000
v 2.11560000 -20.11420000 -536.19800000
v 1.40073000 -20.68290000 -538.76000000
v -3.66487000 -35.10000000 -538.05600000
v 0.99786900 -21.34120000 -539.17100000
v -0.39941600 -25.00470000 -542.02300000
v -0.40166200 -24.80570000 -541.88800000
v -6.20698000 -35.81560000 -539.69600000
v 0.40658700 -23.28750000 -540.79600000
v -5.94033000 -35.34990000 -539.31300000
v 0.28347900 -23.65960000 -541.61300000
v 0.72994200 -22.99910000 -540.99200000
v -6.06568000 -35.47370000 -539.47900000
v 0.55098300 -23.18270000 -540.99200000
v -6.07146000 -35.71640000 -539.51100000
v -4.79416000 -32.61510000 -537.85000000
v -2.58882000 -27.26260000 -544.27500000
v 2.41152000 -26.77410000 -537.78800000
v 2.47024000 -26.45050000 -537.54700000
v 2.27918000 -27.31370000 -538.72500000
v -4.68455000 -32.96580000 -537.80500000
v -4.90190000 -33.03880000 -537.94500000
v -2.01938000 -27.32440000 -544.24100000
v 1.90762000 -27.48190000 -537.77600000
v -5.01469000 -32.30290000 -538.01600000
v 2.07528000 -27.34630000 -537.94300000
v -5.30971000 -32.64470000 -538.24300000
v 2.01532000 -27.64980000 -538.19100000
v -1.80450000 -20.09810000 -538.54200000
v 2.10492000 -27.44870000 -538.29800000
v -1.50279000 -19.87610000 -538.34000000
v -1.96206000 -20.46990000 -538.76900000
v 2.32908000 -27.12620000 -538.32400000
v 2.47139000 -26.85000000 -538.02500000
v -1.76590000 -20.48640000 -538.69900000
v -1.57476000 -20.08190000 -538.46000000
v -4.95884000 -24.20120000 -541.34000000
v 3.17120000 -24.09560000 -537.49000000
v 1.44259000 -27.84860000 -544.22200000
v 1.42030000 -28.03480000 -544.39100000
v 1.25289000 -27.87580000 -544.37900000
v 2.72275000 -27.62580000 -542.10800000
v -1.48110000 -20.25340000 -538.48800000
v 2.55673000 -27.51780000 -542.26300000
v 2.28874000 -26.59520000 -541.80800000
v 2.18033000 -26.68070000 -542.06800000
v -0.83975100 -19.89790000 -538.04200000
v -1.48699000 -20.66220000 -538.57200000
v 3.35263000 -24.66270000 -538.93300000
v 1.78730000 -28.91800000 -544.74900000
v 1.20911000 -28.84120000 -545.10100000
v 2.45981000 -27.22100000 -542.04700000
v 1.52527000 -27.10770000 -543.27600000
v -2.63645000 -20.30280000 -538.77000000
v 1.72885000 -26.96450000 -542.88500000
v -1.09016000 -26.50110000 -543.52200000
v -1.06667000 -26.46690000 -543.29500000
v -1.37891000 -26.65020000 -543.18900000
v -0.07829090 -35.78210000 -538.74800000
v -2.57284000 -20.47350000 -538.88400000
v 0.17901800 -27.94200000 -544.93300000
v 3.30372000 -24.84870000 -539.29100000
v 2.56830000 -27.26470000 -540.15500000
v -1.92303000 -19.29280000 -537.47400000
v 0.57011700 -31.45900000 -537.23900000
v -1.88672000 -26.88270000 -543.64100000
v 0.42000800 -31.27700000 -537.25000000
v 1.55863000 -34.18950000 -545.79500000
v 3.32199000 -24.65860000 -539.40300000
v 1.17455000 -34.21190000 -545.82300000
v 1.26720000 -34.25720000 -545.41900000
v -2.24856000 -19.49530000 -537.55800000
v -2.12939000 -19.47540000 -537.79900000
v -2.70490000 -19.93550000 -538.22000000
v 1.72788000 -34.28350000 -545.68600000
v -2.74327000 -19.90400000 -538.01800000
v -3.56894000 -20.87650000 -538.85200000
v 2.07209000 -35.51670000 -545.15800000
v -3.35944000 -20.80050000 -538.98300000
v 2.23568000 -35.16740000 -545.35900000
v -2.69728000 -20.14290000 -538.62500000
v 1.86100000 -35.44540000 -545.13400000
v -4.56425000 -22.25630000 -538.63700000
v -1.21583000 -34.64350000 -537.99100000
v -2.12666000 -27.05110000 -543.93900000
v -0.06530540 -35.24040000 -538.13700000
v -4.23910000 -21.90580000 -537.79800000
v 0.14168200 -35.12990000 -538.12500000
v 0.02887440 -34.82370000 -538.03100000
v 0.23736200 -34.94490000 -538.09900000
v 0.37796800 -35.11120000 -538.16200000
v -4.41058000 -22.13520000 -538.07900000
v 0.73940600 -34.93790000 -538.24700000
v -4.32035000 -21.93030000 -538.02900000
v 0.65628700 -34.72390000 -538.15000000
v -0.11525600 -33.78440000 -537.75800000
v -4.49505000 -22.26680000 -538.24900000
v 0.19129900 -34.52060000 -538.00000000
v -4.41453000 -22.02300000 -538.25900000
v 0.31310700 -34.15900000 -537.94400000
v 0.42714400 -34.63870000 -538.06500000
v 0.58727700 -34.51450000 -538.08200000
v -1.83447000 -19.94320000 -536.02400000
v -2.15843000 -22.84870000 -539.75300000
v -1.23562000 -25.63850000 -540.40900000
v -1.59541000 -19.55210000 -536.00600000
v -2.23572000 -24.69930000 -540.87400000
v -0.88808100 -18.92690000 -537.03300000
v -5.97739000 -36.16230000 -543.45900000
v -0.53472000 -18.98070000 -536.93100000
v -0.78458100 -18.93350000 -536.86500000
v -6.74915000 -36.19190000 -542.79100000
v -0.46912900 -19.04800000 -536.28100000
v -6.77647000 -36.31570000 -542.33500000
v -0.94100400 -19.03600000 -536.27000000
v -6.87867000 -36.29730000 -541.86500000
v -6.89946000 -36.12230000 -542.26400000
v -0.56110500 -19.13970000 -536.09300000
v -6.64026000 -36.45360000 -542.43700000
v -2.97546000 -38.21070000 -541.15300000
v -3.02680000 -38.06970000 -541.32600000
v -0.07668300 -37.22200000 -541.99100000
v -0.63278200 -19.33030000 -535.93800000
v 0.14507300 -37.35410000 -542.09500000
v -1.00065000 -19.18860000 -536.09500000
v -4.38762000 -35.96740000 -545.28900000
v -4.32665000 -35.82050000 -545.92900000
v -4.31701000 -35.89000000 -545.68900000
v -1.92742000 -34.79210000 -547.75100000
v -1.86248000 -34.67640000 -547.93100000
v -2.25360000 -34.87890000 -547.43600000
v -2.37679000 -34.67250000 -547.54200000
v -2.04198000 -35.00670000 -547.37000000
v -4.68009000 -26.60130000 -543.46100000
v 0.85897900 -33.52680000 -538.04200000
v -2.05634000 -26.04440000 -541.97100000
v -2.32874000 -25.93300000 -542.22200000
v 0.73146100 -33.33380000 -537.94200000
v 0.99000900 -33.74150000 -538.12500000
v -4.92987000 -27.07120000 -543.69200000
v -1.56553000 -26.60930000 -543.03700000
v -1.95543000 -37.40350000 -539.78100000
v -4.73061000 -27.03430000 -543.87700000
v -2.33208000 -26.10140000 -542.32600000
v -1.59503000 -37.29180000 -539.80600000
v -2.40255000 -32.03090000 -536.75800000
v -1.47369000 -25.81140000 -540.76000000
v -1.28313000 -37.46330000 -540.58500000
v -1.64034000 -25.86270000 -540.95000000
v -1.67372000 -25.71860000 -540.75900000
v -1.71515000 -25.60530000 -540.60800000
v -2.05794000 -25.84460000 -541.55600000
v -1.75847000 -25.84640000 -541.16600000
v -1.95209000 -25.74750000 -541.17200000
v -2.02291000 -37.56900000 -539.91000000
v -1.89250000 -36.93880000 -539.36300000
v -1.64468000 -37.12960000 -539.63700000
v -1.84902000 -25.97670000 -541.62600000
v -1.81251000 -37.27010000 -539.70700000
v -1.19773000 -26.01460000 -541.58300000
v -5.17198000 -27.54180000 -543.88900000
v -1.20750000 -25.98480000 -541.33900000
v -2.09526000 -36.97020000 -539.32200000
v -2.17002000 -37.13340000 -539.45000000
v -2.53263000 -37.04700000 -539.23600000
v -2.40426000 -37.17660000 -539.40700000
v -1.69535000 -24.99050000 -539.79400000
v -2.24859000 -37.01920000 -542.59100000
v -4.97171000 -27.42550000 -543.99600000
v -2.15121000 -26.28430000 -542.38100000
v 1.07169000 -32.45160000 -537.85100000
v 4.01354000 -35.46290000 -545.32300000
v -2.11856000 -36.98620000 -542.39700000
v -4.74263000 -27.39110000 -544.12100000
v 1.08806000 -35.25280000 -544.93200000
v 1.19958000 -35.68460000 -544.34500000
v 0.64641700 -36.97290000 -542.99700000
v 0.49543500 -36.88480000 -543.17600000
v -3.14249000 -37.61750000 -539.63500000
v 0.94753400 -36.70210000 -542.97900000
v -3.47108000 -37.27760000 -539.26100000
v 0.78297000 -36.58210000 -543.16000000
v 1.00491000 -36.25950000 -543.19700000
v -3.89080000 -23.84690000 -541.51700000
v 1.53367000 -31.92590000 -546.99100000
v 1.14366000 -36.10800000 -543.21300000
v 1.17189000 -36.32910000 -543.06000000
v -5.40403000 -26.66160000 -542.18300000
v 0.13115400 -37.31140000 -542.56500000
v 0.76690100 -37.11360000 -542.83100000
v 1.14606000 -36.58130000 -542.94300000
v -3.54277000 -37.11130000 -539.11600000
v 1.61891000 -35.83430000 -543.85600000
v 1.54494000 -35.78360000 -543.61500000
v 1.71164000 -35.92890000 -544.09300000
v 1.47603000 -35.79410000 -544.03200000
v -5.48621000 -26.87910000 -542.05900000
v 2.97764000 -36.38740000 -543.98700000
v 2.93320000 -36.41840000 -543.77600000
v 3.22615000 -36.43440000 -544.10500000
v 3.38048000 -36.50680000 -543.93400000
v 2.31248000 -23.73640000 -536.88100000
v 1.74518000 -35.87870000 -543.65900000
v 1.94749000 -36.77750000 -542.42200000
v 1.92288000 -36.59160000 -542.56500000
v 2.10978000 -36.84090000 -542.31100000
v 1.85296000 -36.98930000 -542.31000000
v -3.89269000 -37.31700000 -539.30500000
v -5.43579000 -26.69800000 -541.94800000
v -6.48814000 -30.16260000 -541.79500000
v 1.95775000 -35.99050000 -543.67800000
v 1.84220000 -35.94710000 -543.89300000
v 2.09272000 -36.12540000 -544.28400000
v -4.10887000 -37.29880000 -539.32400000
v -6.50577000 -29.97020000 -541.98100000
v 2.25841000 -23.23390000 -536.79200000
v -6.25230000 -28.87780000 -541.80800000
v -0.14547500 -35.31920000 -547.74300000
v -4.32783000 -37.23780000 -539.31800000
v -0.10868900 -37.19950000 -541.75600000
v -0.30066700 -35.32020000 -548.13500000
v 2.13322000 -23.86250000 -536.86700000
v -0.68773600 -32.83840000 -548.25800000
v 1.46826000 -33.53270000 -538.34900000
v -3.13872000 -34.09730000 -547.46000000
v -2.77871000 -33.63340000 -547.81100000
v -2.68216000 -33.83380000 -547.80900000
v -3.11591000 -33.74460000 -547.62500000
v 3.25504000 -20.71230000 -536.56100000
v 1.35506000 -33.33350000 -538.26900000
v 3.04615000 -20.32540000 -536.47200000
v 2.77265000 -20.01310000 -536.65800000
v -0.93292200 -35.87960000 -538.61500000
v -0.71279000 -35.90390000 -538.71800000
v 3.05976000 -25.91870000 -539.72400000
v 3.22353000 -20.44990000 -536.96900000
v -0.49444200 -35.91590000 -538.79300000
v 2.65824000 -21.63380000 -536.40700000
v 2.33633000 -22.36310000 -536.66800000
v 2.49153000 -22.19350000 -536.69700000
v 2.62500000 -21.99280000 -536.68800000
v 2.88869000 -22.12540000 -536.94800000
v -0.91409900 -32.84150000 -537.14900000
v -0.65477500 -33.05340000 -537.33100000
v 2.73842000 -21.78410000 -536.62400000
v -2.40060000 -30.57960000 -536.61100000
v 2.46739000 -21.42410000 -536.08600000
v -5.23155000 -25.70270000 -542.05800000
v -5.14850000 -25.79530000 -542.28200000
v -1.19446000 -26.66700000 -543.83200000
v -1.35171000 -26.81400000 -543.85700000
v -0.91811300 -26.35440000 -543.66100000
v -2.05658000 -31.72790000 -536.79000000
v -0.78021900 -26.19980000 -543.53600000
v -1.66038000 -26.81850000 -543.53200000
v -1.48202000 -26.83320000 -543.67700000
v -2.08739000 -31.21040000 -536.75700000
v -2.04367000 -30.69350000 -536.73700000
v -1.71621000 -27.10750000 -544.01000000
v -2.17361000 -30.94390000 -536.71700000
v -1.36334000 -26.94560000 -544.09100000
v 2.36729000 -21.07460000 -535.78200000
v -1.81872000 -27.69890000 -544.44300000
v -0.86981500 -25.85960000 -542.11500000
v -0.89790700 -25.78370000 -541.84900000
v -0.74815100 -25.81590000 -542.31800000
v -3.59095000 -30.65170000 -536.72900000
v -1.42273000 -26.45880000 -542.57400000
v 2.79249000 -32.63500000 -539.40600000
v -1.03881000 -26.06930000 -542.18700000
v -1.17619000 -26.08840000 -542.03500000
v 2.94431000 -32.56950000 -539.58400000
v -0.85710900 -26.11040000 -542.72700000
v -0.92692300 -26.14320000 -542.52300000
v 3.19675000 -32.78410000 -539.93900000
v -0.76812100 -26.03550000 -542.92000000
v 3.46124000 -32.56470000 -540.25200000
v 3.59086000 -31.86570000 -540.62900000
v -0.67993200 -25.99110000 -543.14100000
v 2.66235000 -32.81010000 -539.27900000
v -3.88749000 -25.25760000 -542.73000000
v -4.42931000 -28.54520000 -544.77400000
v 1.79716000 -32.45730000 -547.23000000
v -3.83418000 -28.30100000 -544.68900000
v 2.91618000 -26.31480000 -539.57400000
v 2.94964000 -35.02470000 -545.75000000
v -3.44525000 -27.94400000 -544.56900000
v -3.43017000 -28.15520000 -544.74200000
v -2.45410000 -25.73340000 -542.69300000
v -2.68074000 -25.58260000 -542.65300000
v 3.17395000 -35.05700000 -545.79700000
v -4.04373000 -28.64380000 -545.03700000
v 2.15776000 -20.40030000 -535.81800000
v -4.24137000 -28.58680000 -544.91600000
v -4.15778000 -29.00090000 -545.20200000
v -4.56610000 -27.92390000 -544.40400000
v 2.06920000 -21.58860000 -536.07000000
v -4.03444000 -27.44610000 -544.30700000
v -4.30220000 -27.48150000 -544.31500000
v 3.18040000 -34.73680000 -546.02800000
v 0.82946800 -36.88360000 -539.75500000
v -5.27889000 -30.15180000 -545.27500000
v -5.37660000 -29.97080000 -545.17600000
v -5.50631000 -30.20810000 -545.17700000
v -2.82538000 -32.16710000 -547.41400000
v -2.62202000 -32.06390000 -547.44600000
v -2.86270000 -32.39330000 -547.52000000
v -2.98922000 -32.05640000 -547.26000000
v -2.59502000 -31.84070000 -547.31400000
v 0.02935440 -36.56150000 -539.33700000
v -1.72576000 -24.75970000 -539.53400000
v -6.37505000 -36.06520000 -546.29900000
v -1.86264000 -24.05290000 -538.48300000
v -5.56987000 -36.13020000 -546.61300000
v -6.32464000 -35.59360000 -546.49100000
v -6.43544000 -35.79500000 -546.33400000
v -0.82944100 -31.10160000 -547.10800000
v -0.93396000 -30.88390000 -546.98600000
v -2.52813000 -27.64410000 -544.62700000
v -2.67688000 -27.52410000 -544.52300000
v 3.04902000 -25.95660000 -539.02900000
v 0.17074100 -27.04990000 -538.51600000
v -0.03469730 -27.41300000 -538.50600000
v -0.21364100 -36.59760000 -539.33400000
v -0.96852600 -27.48900000 -537.96100000
v -3.98776000 -28.32750000 -537.50100000
v -4.32803000 -26.98270000 -538.14800000
v -3.79356000 -30.20800000 -536.87100000
v 2.29451000 -35.09940000 -539.58100000
v -3.99024000 -30.10100000 -537.08200000
v -4.21603000 -30.19850000 -537.20600000
v -3.10524000 -29.00200000 -536.86600000
v 0.57036800 -37.47850000 -541.56100000
v -2.04339000 -24.10490000 -539.21400000
v -1.06911000 -27.14900000 -537.54200000
v -1.31810000 -24.82970000 -536.66400000
v 2.46253000 -35.23090000 -539.88800000
v -1.41091000 -24.89990000 -536.50300000
v -1.22536000 -26.12050000 -536.94000000
v 2.28157000 -21.60950000 -536.14600000
v -1.27212000 -25.47640000 -536.87300000
v 3.89134000 -34.90800000 -541.79000000
v 3.97963000 -34.68980000 -541.73600000
v 2.52006000 -36.77030000 -540.89900000
v 2.70828000 -36.27390000 -540.87300000
v -1.34318000 -27.32800000 -536.91900000
v 2.66980000 -36.65370000 -541.07300000
v -1.45314000 -27.14380000 -536.80000000
v -1.66132000 -27.16380000 -536.65100000
v -1.57059000 -26.96290000 -536.65800000
v -1.50879000 -26.57360000 -536.59500000
v -3.14698000 -30.12220000 -536.59200000
v 1.77621000 -37.05540000 -540.36800000
v -1.02712000 -27.86050000 -537.04600000
v -0.87655800 -28.00700000 -537.20400000
v 2.99841000 -35.25880000 -540.60000000
v -1.11868000 -27.61650000 -537.12000000
v -0.79534000 -28.23400000 -537.14600000
v 1.65034000 -23.16930000 -536.79200000
v 1.85592000 -23.27870000 -536.76400000
v 1.76681000 -22.77240000 -536.67700000
v 1.74415000 -22.54600000 -536.62400000
v 1.45495000 -36.85260000 -540.07200000
v 1.26231000 -36.82090000 -539.94600000
v 1.53441000 -22.62660000 -536.72600000
v 0.86899200 -21.06920000 -537.14300000
v 0.84598900 -21.10380000 -537.40700000
v 1.74333000 -37.29660000 -540.47300000
v 0.35483300 -26.07330000 -538.12300000
v 1.92510000 -37.37600000 -540.61400000
v 0.59021600 -26.18340000 -537.77100000
v 2.58127000 -36.99380000 -541.27700000
v 2.14120000 -37.02260000 -540.60400000
v 1.96411000 -36.92900000 -540.42500000
v 1.41674000 -27.13840000 -537.43400000
v 2.44079000 -37.00170000 -540.92800000
v -0.27096400 -32.58300000 -537.25900000
v 2.29216000 -36.69190000 -540.59300000
v 1.29547000 -26.89980000 -537.39600000
v 1.52606000 -26.95470000 -537.37700000
v -1.98294000 -24.28730000 -539.41600000
v 3.10716000 -25.72640000 -539.36100000
v -4.52501000 -37.83280000 -541.54200000
v -0.58405100 -26.04650000 -539.56900000
v 1.38057000 -36.19560000 -539.68700000
v 2.97208000 -26.17710000 -539.10100000
v -4.33684000 -37.92720000 -541.60500000
v 1.39388000 -32.29530000 -547.35300000
v -1.86294000 -24.45790000 -539.33700000
v 0.06036760 -26.25670000 -538.72000000
v 0.05633610 -26.01480000 -538.78900000
v -0.14175000 -26.31170000 -539.09200000
v -0.14759300 -26.08340000 -539.14800000
v -0.01661100 -26.39170000 -538.88900000
v -1.92425000 -24.22880000 -538.99000000
v 2.07065000 -22.01690000 -536.39500000
v 1.44637000 -31.54470000 -546.69600000
v -0.20090100 -25.39340000 -539.37500000
v -0.16135500 -25.62250000 -539.28700000
v -1.05009000 -26.13700000 -538.93300000
v 1.95890000 -22.43680000 -536.57800000
v -0.34284200 -27.28800000 -538.52100000
v 1.55631000 -25.56550000 -537.17100000
v 1.80420000 -31.51970000 -546.46600000
v 0.13771300 -33.57240000 -548.35700000
v 1.95530000 -22.20510000 -536.49600000
v -0.78788300 -33.96130000 -548.54000000
v 1.02526000 -25.22790000 -537.42200000
v 0.81329000 -25.87220000 -537.61700000
v 2.21696000 -34.50210000 -539.11900000
v 0.96193700 -25.98380000 -537.47800000
v -1.41725000 -34.08720000 -548.42500000
v 0.25379200 -26.90810000 -538.33700000
v 0.43470700 -27.18410000 -538.14200000
v -0.96278000 -33.24980000 -548.39000000
v -0.59876800 -25.61120000 -542.31500000
v 1.87113000 -21.87420000 -536.30100000
v -0.17794200 -25.26340000 -542.64000000
v -0.54412300 -25.69540000 -542.73600000
v -0.64845000 -25.75300000 -542.53000000
v 4.31229000 -33.87090000 -544.67300000
v 4.35584000 -33.59260000 -543.79600000
v 3.00320000 -26.09170000 -539.51800000
v -0.64472400 -26.02690000 -543.38300000
v -0.39236400 -25.71350000 -543.13300000
v -0.18127000 -25.59470000 -543.20500000
v 4.32963000 -33.33030000 -543.01500000
v 4.39384000 -33.52980000 -543.15100000
v -0.47749100 -25.90200000 -543.48600000
v -0.80340700 -26.16790000 -543.28900000
v 1.26206000 -25.27170000 -542.56900000
v 2.81795000 -21.09150000 -536.02800000
v -0.06453780 -25.42860000 -542.99300000
v 4.51242000 -34.19450000 -544.32900000
v 2.75212000 -26.10910000 -541.04900000
v 0.86810300 -25.34230000 -542.77000000
v 2.61574000 -23.84340000 -541.09400000
v 2.13629000 -20.00700000 -536.40000000
v 1.26344000 -20.49520000 -538.10000000
v 1.45324000 -20.34130000 -538.09600000
v 1.64106000 -20.44740000 -538.50900000
v 2.47487000 -23.84810000 -541.24100000
v 1.78065000 -20.06770000 -537.51500000
v -4.20122000 -25.81840000 -537.19900000
v 1.51415000 -20.23920000 -537.87000000
v -4.21174000 -37.60840000 -539.58700000
v 3.12646000 -20.88750000 -536.16800000
v -1.68778000 -24.43510000 -538.62500000
v 3.25833000 -25.12330000 -538.72500000
v 0.45149300 -24.28750000 -538.34600000
v 0.49776300 -24.02220000 -538.38700000
v 0.56444000 -23.84630000 -538.23800000
v 0.68981800 -23.57590000 -537.87200000
v 3.44824000 -32.93720000 -545.70500000
v 3.19974000 -31.07220000 -544.07500000
v 0.52269800 -23.76300000 -538.45900000
v 1.03244000 -21.97000000 -540.05000000
v 3.21890000 -30.91850000 -543.86700000
v 2.70368000 -26.73880000 -538.92700000
v 1.15253000 -22.03770000 -540.27300000
v -0.23564500 -24.53850000 -542.13200000
v -0.22230900 -24.28710000 -541.55300000
v 3.55503000 -31.50670000 -543.58000000
v 3.56512000 -31.07930000 -542.95000000
v 2.34406000 -34.60180000 -539.31200000
v 0.04835180 -23.91690000 -541.67800000
v 3.57224000 -31.30910000 -543.24700000
v -4.48978000 -37.52030000 -539.54700000
v 0.22361500 -23.59110000 -541.11600000
v -0.68507200 -25.11800000 -540.93000000
v -0.23889200 -24.51380000 -539.55500000
v -0.30605100 -24.75390000 -539.63700000
v 2.53678000 -30.44330000 -544.77500000
v 0.52443800 -23.17410000 -539.30500000
v 0.59087600 -22.94830000 -539.31400000
v 2.74080000 -20.87550000 -535.88200000
v 0.45019900 -23.38160000 -539.30200000
v 2.63656000 -30.20310000 -544.40000000
v 2.61228000 -30.87580000 -544.97900000
v 0.85564900 -21.86610000 -539.43400000
v 0.77326500 -22.30180000 -539.85500000
v 0.86812500 -22.35250000 -540.27700000
v 2.48413000 -30.69540000 -545.06200000
v 2.71175000 -30.56550000 -538.78800000
v 0.67510800 -22.69960000 -540.31300000
v 0.92409200 -32.63670000 -537.82600000
v 0.95280000 -22.41910000 -540.51800000
v 2.63181000 -35.19950000 -540.05900000
v 3.06281000 -30.83240000 -539.34600000
v 2.94928000 -30.76580000 -539.14800000
v 2.94098000 -30.52250000 -539.14700000
v 0.72210400 -22.75800000 -540.58000000
v 0.97391800 -20.88640000 -536.77800000
v 0.92999200 -20.86370000 -536.98800000
v 3.09014000 -31.60810000 -539.58500000
v 1.05660000 -21.37170000 -536.57500000
v 1.07283000 -21.10800000 -536.44900000
v 2.76921000 -26.57510000 -538.54700000
v 1.03017000 -20.89820000 -536.55300000
v 0.87386100 -21.30610000 -537.02400000
v 0.94694400 -21.35930000 -536.78000000
v 3.21976000 -31.56970000 -539.79800000
v 2.88086000 -32.39580000 -539.46700000
v 2.54477000 -20.74640000 -538.86100000
v 3.06429000 -31.99050000 -539.62700000
v 2.72710000 -32.40970000 -539.27500000
v 0.80631100 -21.61070000 -537.73000000
v 0.82771600 -21.29940000 -537.49900000
v -3.53275000 -38.03020000 -541.61500000
v 0.81993500 -21.38250000 -537.70300000
v 0.84277300 -21.21420000 -537.88600000
v 0.98623400 -21.13090000 -538.79300000
v 1.10065000 -21.01670000 -538.94400000
v 2.72290000 -31.98770000 -539.15400000
v 2.53891000 -32.07670000 -538.94100000
v -0.52529600 -25.22900000 -541.88800000
v 2.57533000 -32.41010000 -539.08000000
v -0.02028880 -23.94440000 -541.41200000
v 0.09991370 -23.71740000 -540.95700000
v 2.46366000 -32.55570000 -538.97900000
v -0.15129400 -24.15100000 -541.35400000
v -0.58366600 -25.13790000 -541.64300000
v -0.67516100 -25.27360000 -541.48200000
v -0.60366100 -25.05180000 -541.37900000
v -0.44393800 -24.75950000 -541.63900000
v 2.35044000 -32.74540000 -538.90300000
v -0.57550200 -24.89910000 -540.93200000
v 1.74233000 -22.08220000 -540.45700000
v 1.53774000 -22.18980000 -540.56200000
v 2.24643000 -21.24480000 -539.57900000
v 2.25681000 -32.31040000 -538.67600000
v 2.18883000 -32.70530000 -538.72800000
v 2.22564000 -21.57480000 -539.91100000
v 2.44792000 -21.63130000 -539.87900000
v 2.27651000 -21.89440000 -540.19300000
v 2.04192000 -32.31730000 -538.46100000
v 2.75078000 -26.64070000 -539.27700000
v 2.57618000 -27.03340000 -539.76600000
v -0.19506400 -24.34370000 -541.99900000
v 0.12089800 -23.93700000 -541.94400000
v 2.58378000 -21.07070000 -539.23000000
v 3.02710000 -25.91420000 -538.38600000
v 2.63628000 -28.24070000 -539.43000000
v 2.32375000 -28.19700000 -538.75500000
v 3.31306000 -23.77690000 -537.70000000
v 1.63054000 -28.35370000 -537.81300000
v 1.82142000 -28.31410000 -538.02500000
v 1.79298000 -28.52880000 -537.94200000
v 3.17881000 -28.88910000 -541.55600000
v 3.15460000 -28.86410000 -541.77300000
v 3.17942000 -29.11630000 -541.67400000
v 3.22016000 -28.38200000 -540.81700000
v 2.43654000 -28.25030000 -538.97500000
v 3.12016000 -28.13510000 -541.10300000
v 1.37374000 -28.73210000 -537.51900000
v 1.90166000 -31.56770000 -538.14900000
v 2.41317000 -28.56650000 -538.60400000
v 0.35419900 -29.87670000 -537.18800000
v 0.22182000 -29.65340000 -537.23600000
v 2.11764000 -31.92310000 -538.44800000
v 2.55098000 -28.60030000 -538.81700000
v 0.13587800 -28.97510000 -537.62900000
v 0.36059500 -28.82130000 -537.60900000
v 2.62779000 -29.87660000 -538.79500000
v 2.65960000 -29.65890000 -538.76100000
v 1.42038000 -26.31030000 -543.06300000
v 2.78310000 -28.59860000 -539.28100000
v 1.75051000 -25.43600000 -542.34200000
v 1.93436000 -24.98720000 -542.16700000
v 2.88438000 -28.80810000 -539.32100000
v 2.66946000 -28.95740000 -538.78700000
v 1.20505000 -31.94850000 -537.63800000
v 2.39839000 -27.36360000 -539.33900000
v 2.85832000 -26.00760000 -537.92300000
v 2.76586000 -25.91080000 -537.67400000
v 2.78118000 -26.40820000 -538.16400000
v 2.72857000 -26.12730000 -537.73800000
v 2.11268000 -31.52550000 -538.32200000
v 2.78142000 -29.30610000 -539.02500000
v 2.67917000 -26.46690000 -537.94100000
v -3.69168000 -37.96590000 -541.79300000
v 2.48914000 -26.96700000 -538.43400000
v -2.32981000 -23.44130000 -540.53100000
v 3.32778000 -22.97780000 -539.56700000
v 2.85329000 -28.97250000 -539.18000000
v 3.27553000 -22.77630000 -539.65500000
v -3.80800000 -38.20330000 -541.39300000
v 2.31945000 -25.76860000 -537.18400000
v 2.72489000 -20.42660000 -538.13200000
v 2.41076000 -26.32970000 -537.38500000
v 2.64466000 -25.81440000 -537.45600000
v 2.52919000 -31.15160000 -538.60900000
v 1.62747000 -25.34580000 -537.14100000
v 1.92333000 -25.00820000 -537.04600000
v 1.54329000 -24.99110000 -537.13100000
v 2.29853000 -20.38130000 -538.32600000
v 1.72039000 -25.75210000 -537.15200000
v 2.83164000 -20.28220000 -537.74200000
v 2.91708000 -20.40590000 -537.94500000
v 2.05161000 -25.40620000 -537.09500000
v 2.10435000 -25.84160000 -537.14300000
v 1.75829000 -23.75700000 -541.73700000
v 1.59779000 -23.32540000 -541.48200000
v 1.82224000 -23.38200000 -541.45700000
v 2.72905000 -25.42720000 -537.41600000
v -2.42037000 -23.09960000 -540.36600000
v 2.30270000 -24.74390000 -537.03100000
v -2.22395000 -23.18910000 -540.23700000
v 1.07062000 -24.16980000 -542.21100000
v 2.30141000 -25.30280000 -537.12300000
v 2.38202000 -31.24470000 -538.47300000
v -2.49491000 -22.89510000 -540.28600000
v -3.94713000 -37.99690000 -541.73000000
v 1.54549000 -23.68720000 -541.76200000
v 1.32885000 -23.59070000 -541.74500000
v 2.97813000 -25.10580000 -537.58400000
v 2.99160000 -24.88890000 -537.50000000
v 2.69716000 -31.73050000 -539.04900000
v 1.09629000 -23.80050000 -541.98500000
v 1.24817000 -24.30420000 -537.18700000
v 2.86572000 -25.50850000 -537.62900000
v 3.11536000 -25.50470000 -538.26500000
v 3.05210000 -25.53630000 -538.05000000
v 2.97173000 -25.55070000 -537.84300000
v -4.06012000 -37.87780000 -541.91800000
v 2.94346000 -25.97510000 -538.16200000
v 1.82689000 -28.01380000 -544.06100000
v 1.81085000 -28.17330000 -544.24900000
v 1.66413000 -29.04320000 -544.90300000
v 1.55704000 -29.19060000 -545.05900000
v 1.55523000 -28.84790000 -544.86200000
v -2.61063000 -23.02250000 -540.45400000
v 2.93990000 -31.60510000 -539.35900000
v 1.34842000 -29.19080000 -545.20300000
v -1.79247000 -24.34230000 -538.79400000
v 1.70151000 -28.53940000 -544.57100000
v 1.23584000 -23.83370000 -537.11700000
v 1.37773000 -28.22200000 -544.55300000
v 0.75775400 -24.88600000 -537.68000000
v -4.41726000 -24.77880000 -537.42300000
v 1.61116000 -27.70800000 -543.88000000
v 1.63404000 -27.84860000 -544.06000000
v -2.22271000 -27.92460000 -536.32800000
v 0.86542300 -27.36110000 -544.31300000
v -1.86922000 -28.15860000 -536.37100000
v 1.03732000 -27.30510000 -544.08500000
v -5.14131000 -28.87940000 -539.16800000
v 1.25498000 -27.16110000 -543.70700000
v -4.94120000 -28.97900000 -538.74600000
v -5.03164000 -29.49770000 -538.43800000
v 2.68748000 -27.31010000 -540.65000000
v -5.45212000 -29.68230000 -539.00900000
v -2.91180000 -22.69700000 -540.41100000
v -5.34547000 -29.46790000 -538.97000000
v -5.58887000 -28.76960000 -540.10400000
v 2.92416000 -28.32360000 -542.31300000
v 2.89411000 -31.99460000 -539.38400000
v 2.91836000 -28.60300000 -542.61400000
v 2.93019000 -28.92440000 -542.83200000
v -5.57005000 -28.44620000 -540.51400000
v 3.22075000 -29.55830000 -542.76200000
v 3.64344000 -31.22630000 -542.78800000
v 2.76130000 -35.01790000 -540.08000000
v 2.55527000 -26.35590000 -541.35100000
v -5.67267000 -28.43670000 -540.72300000
v -5.69313000 -28.76680000 -540.32900000
v 2.09647000 -25.09580000 -542.02900000
v 2.66064000 -26.10450000 -541.24000000
v 2.67119000 -25.89030000 -541.32300000
v 1.69464000 -26.55570000 -542.76600000
v -3.67409000 -23.87100000 -541.54600000
v 2.25729000 -27.50270000 -542.63300000
v 2.40044000 -26.93620000 -541.81600000
v 2.09594000 -26.76640000 -542.32200000
v -1.48852000 -24.95180000 -538.87800000
v -4.95462000 -30.93750000 -538.13200000
v 1.40920000 -30.98960000 -546.34000000
v 1.12772000 -29.98940000 -545.90800000
v 1.05723000 -29.77550000 -545.78700000
v 1.46492000 -30.24140000 -545.83200000
v -4.76096000 -31.08160000 -537.82000000
v -4.92121000 -31.12060000 -538.01900000
v 0.71018800 -28.94880000 -545.43500000
v 0.95555500 -29.02950000 -545.36000000
v -4.95258000 -30.32180000 -538.10500000
v 0.96276200 -28.70020000 -545.14200000
v 0.92416300 -28.51260000 -545.01500000
v -0.95391700 -26.33380000 -543.15500000
v -4.85042000 -30.70810000 -538.03500000
v -0.75173400 -26.23700000 -543.80900000
v 3.32809000 -31.52070000 -540.00800000
v -2.33120000 -24.54000000 -535.78100000
v -1.03842000 -26.55930000 -543.97400000
v -0.86312100 -26.47170000 -544.13400000
v -0.92037800 -27.70530000 -544.98500000
v -0.88603600 -32.42320000 -537.00300000
v -2.82816000 -24.27360000 -535.72900000
v -1.51268000 -24.96210000 -539.12000000
v 0.79438400 -25.61800000 -543.06000000
v -2.89888000 -23.86590000 -535.78700000
v -1.96227000 -24.69220000 -536.05600000
v 1.09753000 -26.18850000 -543.38900000
v -3.07068000 -22.26210000 -540.16900000
v 1.27168000 -25.96150000 -543.05400000
v 1.41523000 -26.09380000 -542.98700000
v 1.26744000 -26.55040000 -543.37500000
v -1.84402000 -24.28580000 -536.05000000
v 0.14258900 -26.44330000 -544.27800000
v -0.76431500 -27.29250000 -544.82900000
v -1.19442000 -23.64500000 -536.53400000
v -0.24374800 -27.74220000 -545.00700000
v -0.20796900 -27.48870000 -544.84000000
v -1.30768000 -23.23890000 -536.19600000
v -0.56477100 -29.98730000 -546.54600000
v -0.43417300 -29.27860000 -546.02400000
v -1.23923000 -24.25460000 -536.87700000
v -0.61729400 -29.60970000 -546.29700000
v -1.27392000 -24.31800000 -536.65900000
v -0.18761900 -29.56660000 -546.17300000
v -0.01602330 -29.27330000 -545.92000000
v -0.03826160 -29.07580000 -545.79000000
v 0.73552000 -29.52260000 -545.77900000
v 0.59346500 -29.34840000 -545.73200000
v -2.69986000 -24.77790000 -535.75000000
v 0.70980500 -28.40930000 -545.02300000
v -3.45778000 -22.50130000 -540.42300000
v 0.96056900 -28.11840000 -544.70000000
v 1.15033000 -28.25490000 -544.70500000
v 1.12194000 -28.44200000 -544.85400000
v -3.23596000 -22.53350000 -540.41300000
v -3.95239000 -24.93600000 -536.76100000
v 0.10604000 -27.69530000 -544.81700000
v 3.39184000 -31.72650000 -540.17800000
v -3.14795000 -35.30200000 -545.48800000
v 1.05568000 -27.91950000 -544.53300000
v -3.91803000 -24.71740000 -536.69100000
v 0.73600900 -28.04590000 -544.75600000
v 0.48683900 -27.64520000 -544.64000000
v 0.59978400 -27.86820000 -544.70500000
v 0.70793600 -27.68900000 -544.56900000
v -2.84565000 -22.36110000 -540.14900000
v 0.91563000 -27.75250000 -544.50200000
v 3.14579000 -28.27620000 -541.30800000
v 3.19677000 -31.15580000 -539.66000000
v 3.18487000 -28.68060000 -541.43600000
v 3.19192000 -28.49040000 -541.27000000
v -4.09468000 -24.51230000 -536.91100000
v -2.75285000 -21.78670000 -539.76300000
v 3.21061000 -28.70410000 -541.18900000
v -4.45128000 -24.55760000 -537.44000000
v 3.24747000 -29.33680000 -541.71500000
v -3.00396000 -21.76020000 -539.81800000
v 2.71163000 -28.84430000 -543.24500000
v 2.83909000 -29.05660000 -543.19300000
v -4.56269000 -24.06430000 -537.74200000
v 2.13129000 -28.37350000 -544.08500000
v 2.00485000 -28.03350000 -543.85200000
v -3.80947000 -24.57130000 -536.53700000
v 2.38656000 -28.49050000 -543.65800000
v 2.15192000 -28.20680000 -543.85400000
v -0.46210400 -30.54270000 -537.36100000
v -0.61329500 -30.68240000 -537.22400000
v -0.01988080 -30.29490000 -537.47200000
v -1.96760000 -26.30360000 -536.28900000
v -0.32482500 -29.91430000 -537.40000000
v -0.11564900 -30.86060000 -537.30700000
v -2.38161000 -21.54330000 -539.44900000
v 0.13076700 -31.29290000 -537.21500000
v -2.13529000 -26.73970000 -536.29200000
v -0.29538500 -31.44600000 -537.08600000
v -0.38711700 -31.18520000 -537.12900000
v -0.35458600 -31.72980000 -537.00300000
v 0.65095900 -37.59340000 -540.91100000
v -1.76143000 -28.37550000 -536.37200000
v 1.05267000 -37.73110000 -541.07000000
v -1.98093000 -27.95180000 -536.38300000
v -1.15831000 -26.49410000 -537.41600000
v -1.14691000 -26.73890000 -537.81300000
v 0.88406700 -37.59010000 -540.57000000
v 2.57384000 -34.83570000 -539.70600000
v 2.32212000 -35.77940000 -545.09000000
v 2.08832000 -34.21520000 -545.96100000
v -1.14958000 -26.52860000 -537.79800000
v 1.85698000 -34.15740000 -546.08400000
v 0.57877800 -34.71390000 -544.82500000
v 0.72229200 -34.52230000 -544.98600000
v -0.93025300 -30.67220000 -546.87900000
v 0.92367800 -34.89580000 -544.98000000
v -4.67858000 -33.51950000 -547.04900000
v 1.15873000 -34.61630000 -545.16300000
v -2.75689000 -30.98470000 -546.69300000
v 1.84233000 -34.46110000 -545.59300000
v -2.27092000 -30.71310000 -546.72600000
v 3.42281000 -31.49800000 -540.22000000
v 1.79455000 -33.42120000 -547.46200000
v -2.57986000 -21.50850000 -539.53300000
v 3.45427000 -31.29760000 -540.28300000
v 0.09233290 -35.03680000 -548.02500000
v 0.15689800 -34.84280000 -548.19000000
v -2.88528000 -30.68010000 -546.49400000
v -1.00611000 -34.67440000 -548.48500000
v 1.60536000 -33.31190000 -547.58300000
v -3.12168000 -30.44610000 -546.28500000
v -3.33182000 -30.34810000 -546.18900000
v -1.45906000 -33.61150000 -537.39800000
v -1.51931000 -33.41500000 -537.25500000
v -3.73711000 -30.41520000 -546.10500000
v -1.43408000 -33.25680000 -537.20300000
v -2.77711000 -21.16890000 -539.37400000
v -1.29407000 -33.10410000 -537.15200000
v -3.78737000 -29.85560000 -545.86200000
v -0.25711000 -33.64890000 -537.66500000
v -3.32734000 -30.11970000 -546.10700000
v -0.67033200 -36.92270000 -539.61600000
v -3.03887000 -31.63590000 -536.73000000
v -2.44419000 -34.54770000 -537.80800000
v -2.78183000 -21.53890000 -539.62500000
v -3.10125000 -34.60710000 -537.82000000
v -2.48062000 -34.75670000 -537.88500000
v -2.83418000 -34.36220000 -537.71800000
v -2.88236000 -34.58140000 -537.81000000
v -2.72797000 -34.77450000 -537.88200000
v -1.31536000 -34.84630000 -538.01500000
v -0.74641200 -34.26700000 -537.82800000
v -0.71391800 -34.05160000 -537.72300000
v -1.15595000 -33.90710000 -537.62500000
v -1.03909000 -33.74040000 -537.51700000
v -4.22884000 -30.43610000 -545.91400000
v -3.88924000 -30.76880000 -546.21800000
v 0.75812900 -35.52430000 -538.70100000
v 0.59089800 -35.48350000 -538.55100000
v 1.16175000 -34.89170000 -538.44700000
v 2.01088000 -36.08440000 -540.07100000
v -4.33246000 -30.80190000 -546.03700000
v 1.32284000 -34.98830000 -538.60200000
v 1.02385000 -35.26130000 -538.60300000
v -4.29820000 -30.96140000 -546.15500000
v -0.93705300 -35.07230000 -538.04300000
v -0.82488900 -34.86590000 -538.01800000
v -0.69906100 -35.09940000 -538.05700000
v -4.05427000 -24.92250000 -542.39000000
v -2.57630000 -29.79720000 -546.15600000
v -0.24225700 -35.08900000 -538.07500000
v -4.43156000 -24.55570000 -541.98500000
v -0.32568200 -34.34260000 -537.88500000
v -0.03044440 -34.63990000 -537.98900000
v -0.11072300 -34.22100000 -537.89800000
v -3.44707000 -37.03980000 -542.89100000
v -4.01516000 -24.60250000 -542.16700000
v 1.00154000 -34.56070000 -538.24200000
v -5.10214000 -31.01600000 -545.77500000
v 2.80642000 -29.45200000 -539.53000000
v 2.89756000 -29.44030000 -540.08700000
v 2.89828000 -29.30850000 -539.68700000
v 3.01633000 -29.15650000 -539.84900000
v 4.59987000 -35.54390000 -543.71400000
v -5.42700000 -31.28030000 -545.72500000
v -0.25127500 -19.78700000 -535.98000000
v -4.53002000 -23.62680000 -537.94500000
v -4.47950000 -23.36380000 -537.89800000
v -3.90220000 -21.11920000 -538.39600000
v -4.04578000 -21.29960000 -538.41300000
v -3.94549000 -21.20080000 -538.17200000
v -2.92043000 -21.31410000 -539.49400000
v -3.14716000 -21.25830000 -539.43500000
v -4.49845000 -30.88800000 -537.49500000
v -4.47013000 -30.64320000 -537.40200000
v -4.75226000 -31.47300000 -537.72200000
v -4.17805000 -31.29650000 -537.28100000
v -3.83468000 -30.62010000 -536.80300000
v -5.29563000 -31.41540000 -545.86900000
v -3.82309000 -30.96640000 -536.96500000
v -4.96472000 -31.15190000 -545.93300000
v -3.96735000 -31.25000000 -537.16100000
v -5.92676000 -32.28250000 -545.96500000
v -3.65129000 -31.63510000 -537.01600000
v -3.55987000 -31.28530000 -536.95700000
v -5.77248000 -31.84950000 -545.80000000
v -3.84299000 -31.64880000 -537.13400000
v -3.90381000 -24.73200000 -542.28500000
v -3.44268000 -34.14860000 -537.64400000
v -3.24630000 -34.28650000 -537.69200000
v -3.60726000 -33.96790000 -537.59400000
v -5.57324000 -32.10860000 -546.08700000
v -2.38215000 -33.92740000 -537.51000000
v -5.19879000 -25.46960000 -541.98900000
v -5.33877000 -26.05840000 -541.91400000
v -3.89239000 -24.31640000 -541.95300000
v -5.36347000 -25.03420000 -541.12700000
v -5.21433000 -24.13720000 -539.74400000
v -4.25198000 -24.42530000 -541.95100000
v -5.38272000 -32.14210000 -546.21400000
v -5.15896000 -23.73260000 -539.84200000
v -5.24632000 -24.13590000 -539.99300000
v -5.60147000 -32.54560000 -546.31100000
v -5.27869000 -24.21940000 -540.38000000
v -4.04351000 -24.43740000 -542.02700000
v -5.27822000 -24.27550000 -540.13700000
v -5.45575000 -33.33470000 -546.68900000
v -5.32379000 -24.50220000 -540.70900000
v -5.36656000 -24.71180000 -540.58100000
v -3.80043000 -37.34230000 -542.74500000
v -5.34298000 -24.64940000 -540.38200000
v -5.26265000 -24.91040000 -540.05400000
v -5.27489000 -24.51470000 -540.02600000
v -2.95270000 -33.55210000 -547.72600000
v -3.05171000 -26.90170000 -536.18200000
v -5.35998000 -33.53610000 -546.78100000
v -2.89127000 -25.42360000 -535.86800000
v -2.67216000 -25.33380000 -535.83900000
v -2.89860000 -24.94930000 -535.81000000
v -5.19830000 -30.84890000 -545.64900000
v -1.23299000 -25.56380000 -538.85200000
v -4.53368000 -30.26620000 -545.67500000
v -4.94495000 -30.45350000 -545.53200000
v -2.81010000 -25.84770000 -535.92600000
v -4.75766000 -30.81350000 -545.84500000
v -2.93114000 -28.65570000 -536.60900000
v -6.11217000 -32.29130000 -545.82800000
v -2.80975000 -28.89980000 -536.59300000
v -0.72064900 -30.89180000 -537.07900000
v -2.75669000 -28.27300000 -536.37500000
v -4.81806000 -23.35650000 -540.69000000
v -3.85852000 -26.76010000 -536.91900000
v -5.58993000 -33.58090000 -546.68100000
v -0.74830600 -20.18120000 -535.93900000
v -5.93429000 -33.76770000 -546.53600000
v -1.27719000 -25.45040000 -538.68000000
v -3.33312000 -33.45930000 -547.54600000
v -4.67244000 -22.65210000 -539.79000000
v -5.58710000 -33.97080000 -546.76700000
v -5.31100000 -25.10230000 -541.35600000
v -4.74569000 -24.41610000 -541.69300000
v -6.01793000 -28.15770000 -542.93600000
v -4.56906000 -22.64030000 -540.00800000
v -4.53312000 -36.25100000 -543.04500000
v -4.83328000 -23.14600000 -540.33000000
v -4.64797000 -22.81440000 -540.16400000
v -4.30996000 -35.10790000 -546.91000000
v -4.63965000 -22.92510000 -540.36700000
v -3.21460000 -21.64030000 -539.72200000
v -3.44247000 -21.63060000 -539.63600000
v -6.36674000 -29.41430000 -543.41500000
v -4.53464000 -35.14120000 -546.94100000
v -3.88671000 -22.71390000 -540.58300000
v -6.43793000 -29.11440000 -542.85200000
v -4.53675000 -22.97120000 -540.56600000
v -6.38471000 -29.11090000 -543.09300000
v -4.48302000 -36.48580000 -542.97100000
v 0.98269300 -31.37810000 -537.37700000
v -1.24954000 -25.01360000 -537.08400000
v -6.41473000 -29.33190000 -543.20700000
v -1.26183000 -24.72080000 -536.84200000
v -6.16639000 -28.79630000 -543.40500000
v -1.17425000 -22.94140000 -537.10100000
v -6.29725000 -30.55790000 -540.88500000
v -1.14106000 -23.07050000 -536.88000000
v -6.37951000 -30.20170000 -541.33800000
v -4.59072000 -35.51020000 -546.78400000
v -6.43268000 -30.87820000 -541.23300000
v -1.07843000 -22.67580000 -536.72600000
v -6.57267000 -30.87560000 -541.99500000
v -6.60105000 -30.79870000 -542.25700000
v -6.57459000 -30.39320000 -542.20100000
v -1.09361000 -22.55770000 -536.96400000
v -6.59168000 -30.36130000 -542.45400000
v -6.56151000 -29.96760000 -542.46600000
v -1.02501000 -22.24690000 -536.71400000
v -1.31003000 -22.26440000 -537.61500000
v 1.33739000 -31.16750000 -537.54300000
v -1.09147000 -22.21540000 -537.22400000
v -4.33036000 -35.48100000 -546.72200000
v -6.53847000 -30.18610000 -542.05800000
v 0.71590500 -31.30830000 -537.30000000
v -2.15931000 -24.57360000 -540.50100000
v -6.42056000 -29.00290000 -542.47300000
v -1.64634000 -24.71610000 -539.10700000
v -1.77147000 -24.53580000 -539.18000000
v -1.67769000 -24.56640000 -538.86600000
v -1.90131000 -25.58650000 -540.78100000
v -5.55784000 -29.94830000 -539.27900000
v -1.64664000 -25.53130000 -540.41900000
v -1.80741000 -25.35180000 -540.36600000
v -1.45559000 -25.35590000 -539.83300000
v -5.72810000 -29.75700000 -539.69600000
v -1.72605000 -25.10830000 -539.98600000
v -4.94543000 -36.03790000 -546.50500000
v -5.87918000 -29.34690000 -540.21100000
v -2.18305000 -24.93140000 -540.71700000
v -2.13743000 -25.17930000 -540.70300000
v 0.68636800 -30.93360000 -537.34200000
v 0.86076400 -30.52380000 -537.25200000
v -1.35680000 -23.46370000 -537.33900000
v -1.34292000 -23.22190000 -537.35800000
v 1.42128000 -30.39110000 -537.35700000
v -6.00550000 -29.48980000 -540.71100000
v -2.46103000 -25.58630000 -542.04500000
v -2.50507000 -25.65070000 -542.48400000
v -2.29055000 -25.48620000 -541.35400000
v -2.22893000 -25.86480000 -541.86700000
v -2.35409000 -25.51770000 -541.61000000
v -2.32856000 -25.29740000 -541.46900000
v -5.91021000 -29.78030000 -540.28800000
v -6.04080000 -29.73820000 -540.69700000
v -6.83063000 -32.40740000 -541.71600000
v -6.74762000 -31.80830000 -542.48300000
v -2.49109000 -25.92060000 -543.16400000
v -2.69341000 -25.94830000 -543.30800000
v -2.03559000 -20.08010000 -536.15700000
v -2.36528000 -35.42540000 -543.63400000
v -1.01351000 -25.95380000 -539.37000000
v -2.14819000 -35.44490000 -543.65000000
v -1.56508000 -20.80340000 -535.97200000
v -3.14124000 -21.76410000 -536.37200000
v -6.42530000 -31.57340000 -544.93600000
v -5.00333000 -37.26640000 -541.75700000
v -5.09658000 -37.11990000 -541.89600000
v -4.84701000 -37.18010000 -541.92900000
v -0.52240800 -34.63670000 -544.71400000
v -4.70962000 -37.12810000 -542.12200000
v -5.98082000 -37.07420000 -539.98600000
v -5.14298000 -36.20270000 -543.01700000
v -6.46018000 -31.20810000 -544.56100000
v -5.37245000 -37.10710000 -539.53300000
v -5.76826000 -36.87030000 -539.62300000
v -5.79280000 -37.11310000 -539.79200000
v -5.12948000 -37.40140000 -541.57400000
v -3.78842000 -35.14500000 -546.61200000
v -3.69467000 -35.61880000 -544.17900000
v -6.34075000 -31.18570000 -544.79000000
v -6.21152000 -30.78370000 -544.70900000
v -5.58821000 -36.31340000 -545.03600000
v -5.48081000 -36.50800000 -544.42300000
v -5.91541000 -36.43730000 -544.31800000
v -6.42354000 -30.95180000 -544.42400000
v -6.39259000 -36.20290000 -543.21100000
v -6.22720000 -36.18190000 -543.45400000
v -6.57656000 -34.07480000 -546.12300000
v -5.62688000 -36.24410000 -543.03100000
v -5.50687000 -36.40770000 -542.87600000
v 2.58668000 -30.68720000 -538.58200000
v -6.30854000 -36.62760000 -542.58600000
v 0.21820600 -37.36460000 -541.35500000
v -3.76161000 -35.44450000 -546.31600000
v -6.70718000 -33.95920000 -545.94400000
v -6.75000000 -33.59260000 -545.80100000
v -6.72654000 -32.62140000 -545.16900000
v -5.71894000 -35.10990000 -539.02500000
v -5.73521000 -34.86780000 -538.99300000
v -3.18579000 -37.53890000 -542.28100000
v -6.49964000 -31.79220000 -544.94100000
v -3.24075000 -38.23280000 -541.20200000
v -3.40349000 -38.13310000 -541.38700000
v -6.67202000 -32.12670000 -544.74600000
v -6.65390000 -32.26150000 -544.95000000
v -3.80210000 -37.64610000 -542.38800000
v -6.50800000 -34.56600000 -546.29900000
v -6.70498000 -31.30110000 -543.13300000
v -4.39535000 -37.86050000 -539.79700000
v -2.63465000 -34.94670000 -544.15500000
v -0.50629500 -37.26570000 -540.41700000
v -1.71434000 -37.89090000 -540.79700000
v 2.67499000 -31.02450000 -538.77700000
v -6.64579000 -31.36890000 -542.47700000
v -2.22559000 -38.27670000 -540.74500000
v -2.60335000 -34.90700000 -544.70500000
v -2.36628000 -37.58980000 -541.99100000
v 2.64488000 -27.28850000 -541.82800000
v -3.58796000 -29.27250000 -545.57400000
v -2.84015000 -37.92620000 -541.48300000
v -3.36847000 -29.18380000 -545.56900000
v -4.13087000 -31.59600000 -546.55800000
v 0.81039200 -37.64050000 -541.10700000
v 0.85480700 -37.61480000 -541.35500000
v 0.66236900 -37.54510000 -541.32000000
v 1.01456000 -37.61810000 -541.55700000
v -3.74007000 -32.08790000 -546.91500000
v 0.36082900 -37.40370000 -542.44800000
v 0.33924800 -37.41570000 -541.97600000
v 0.48254500 -37.45130000 -541.79600000
v -6.57211000 -36.00030000 -545.07400000
v -6.74948000 -35.85390000 -545.08000000
v -6.85805000 -35.67050000 -545.57500000
v -3.46458000 -31.64240000 -546.75500000
v -6.52741000 -36.01650000 -545.88600000
v -3.60653000 -31.86830000 -546.83200000
v -6.63557000 -35.82390000 -545.97300000
v -3.20130000 -31.53560000 -546.79100000
v -6.52598000 -36.21950000 -544.26400000
v -6.33360000 -36.29210000 -544.10800000
v -3.66200000 -31.36610000 -546.60800000
v -3.80781000 -32.51240000 -547.10800000
v -6.07972000 -36.36900000 -544.47200000
v -1.78597000 -32.06590000 -547.70400000
v -3.02674000 -26.51740000 -543.84900000
v -5.16262000 -36.33490000 -544.64400000
v -4.26238000 -26.89960000 -544.03700000
v -4.29201000 -36.03080000 -544.90000000
v -3.91097000 -36.00730000 -545.10800000
v -4.11641000 -35.97580000 -545.28300000
v -4.14927000 -26.67420000 -543.91200000
v -5.94829000 -29.53110000 -544.38000000
v -4.89414000 -36.36000000 -544.37300000
v -6.07128000 -29.99060000 -544.44100000
v -3.86346000 -35.92650000 -544.68700000
v -5.94736000 -29.77990000 -544.52100000
v -4.18518000 -35.87440000 -544.34600000
v -4.03208000 -35.74490000 -544.28100000
v -4.70760000 -36.16830000 -544.05400000
v -6.05582000 -29.51190000 -544.17800000
v -4.35510000 -35.92460000 -544.20600000
v -1.17777000 -35.05810000 -548.10000000
v -4.58340000 -26.32630000 -543.17000000
v -0.82434400 -35.16860000 -548.41300000
v -4.82034000 -26.41150000 -543.07400000
v -5.32867000 -26.40840000 -542.13800000
v -4.34316000 -25.30290000 -542.51600000
v -1.01821000 -35.23040000 -548.00300000
v -4.11928000 -25.28180000 -542.63100000
v -3.97392000 -25.09530000 -542.55600000
v -1.81517000 -35.14120000 -547.04800000
v -4.27555000 -24.93860000 -542.30200000
v -2.66524000 -34.99030000 -546.05300000
v -2.87733000 -34.92680000 -545.93900000
v -2.63583000 -35.01470000 -546.28100000
v -2.76751000 -35.07710000 -544.66200000
v -4.03070000 -35.93190000 -545.44400000
v -5.63488000 -27.29620000 -541.76800000
v -4.11202000 -35.79470000 -545.85100000
v -2.88064000 -34.97470000 -545.69500000
v 2.50544000 -26.95430000 -541.61400000
v 2.63860000 -23.20570000 -536.92200000
v -1.36000000 -34.34560000 -548.39800000
v -2.56317000 -34.02120000 -547.80800000
v -2.22364000 -34.24050000 -547.97700000
v -2.35931000 -34.36500000 -547.79000000
v -2.41166000 -34.17240000 -547.83700000
v -1.52716000 -33.11350000 -548.25500000
v 3.08900000 -23.68820000 -537.30400000
v -1.71252000 -33.13880000 -548.21600000
v -3.30388000 -34.91560000 -546.35300000
v -3.03418000 -34.68170000 -546.63200000
v -2.61593000 -24.26880000 -541.34600000
v -2.47246000 -23.66770000 -540.80900000
v -2.93199000 -34.77460000 -546.41300000
v -2.64651000 -34.88800000 -546.70600000
v -2.57197000 -24.00300000 -541.11600000
v -2.58654000 -34.68940000 -547.14700000
v -1.81997000 -30.70850000 -536.79200000
v -2.54948000 -34.87570000 -546.95600000
v -2.38117000 -35.02520000 -546.99700000
v -3.07937000 -23.48110000 -541.02600000
v -2.46042000 -35.08920000 -545.89300000
v 2.76809000 -27.44450000 -541.70700000
v -2.89351000 -35.20870000 -544.84600000
v -2.93915000 -23.22460000 -540.77200000
v -0.89068600 -25.72410000 -541.59800000
v -3.11995000 -23.06000000 -540.74700000
v -1.04959000 -25.85680000 -541.47200000
v -2.07275000 -32.84330000 -548.01400000
v 3.64034000 -30.78440000 -541.88900000
v 3.65570000 -30.81970000 -541.43800000
v 3.99788000 -36.48160000 -543.60900000
v -4.64736000 -36.00790000 -546.12800000
v 4.62890000 -35.09760000 -543.42400000
v -0.60926100 -31.90280000 -547.62700000
v 3.69862000 -35.69920000 -542.27600000
v -0.53759800 -31.33280000 -537.03800000
v 2.82058000 -27.53360000 -541.49400000
v 2.08451000 -37.03460000 -542.17500000
v 1.88105000 -37.17010000 -542.13900000
v 2.34946000 -36.68880000 -542.29300000
v -1.57166000 -32.17300000 -547.79800000
v 2.10283000 -37.42390000 -541.85500000
v -0.98118800 -32.27100000 -547.92700000
v -1.02545000 -33.01970000 -548.30700000
v -0.67611600 -31.28380000 -547.21000000
v 2.31185000 -37.04570000 -541.99600000
v -0.10211800 -32.21150000 -547.77500000
v -2.80531000 -35.07010000 -545.08800000
v -0.33731400 -32.21980000 -547.82800000
v 4.11480000 -34.28950000 -541.65400000
v -0.43673600 -32.03630000 -547.70400000
v 0.89603200 -37.08300000 -539.92900000
v -0.57270400 -32.20940000 -547.85700000
v 2.81646000 -27.50960000 -541.07300000
v -0.12269400 -32.58340000 -548.03700000
v -0.30809800 -34.59410000 -544.76300000
v -1.10006000 -36.12170000 -543.28400000
v 4.49396000 -35.08390000 -544.72200000
v 4.42947000 -35.31690000 -544.76400000
v 4.37425000 -35.15360000 -544.93900000
v 3.69024000 -36.47620000 -544.23000000
v -0.23997300 -32.40160000 -547.94200000
v -1.13718000 -31.70590000 -547.50600000
v 4.01957000 -35.85100000 -545.00700000
v -0.05112780 -36.15350000 -543.62700000
v 4.16446000 -35.86580000 -544.84500000
v 1.98060000 -33.51920000 -538.73900000
v -1.35835000 -31.67540000 -547.47900000
v -4.90441000 -23.79160000 -541.01700000
v 4.30229000 -35.77270000 -544.73300000
v 0.24336200 -36.96940000 -543.20400000
v 3.78837000 -31.48400000 -542.10500000
v 3.83124000 -31.62320000 -542.30700000
v 3.90465000 -31.82810000 -542.38500000
v 3.81244000 -31.61080000 -542.52900000
v 3.67662000 -31.11210000 -542.11800000
v 3.68002000 -31.04750000 -541.60500000
v 3.68859000 -31.22200000 -542.39300000
v 3.63544000 -30.99810000 -542.34700000
v 3.65000000 -36.43100000 -543.24100000
v -1.56825000 -31.75210000 -547.51800000
v 3.84366000 -31.82790000 -542.89100000
v 3.70150000 -31.44330000 -542.88200000
v 4.02569000 -32.39240000 -541.66600000
v 4.55665000 -34.69830000 -543.03300000
v 4.05803000 -32.59610000 -541.53700000
v 4.58312000 -34.28490000 -543.31800000
v 4.55919000 -34.24110000 -543.05700000
v 4.49170000 -34.15080000 -542.59000000
v 4.51225000 -33.96390000 -542.97200000
v 3.54211000 -30.73530000 -540.58900000
v 3.53363000 -30.95680000 -540.53200000
v 4.55029000 -34.44270000 -542.93100000
v 3.41799000 -30.71640000 -540.14900000
v 0.58987300 -36.15760000 -543.56300000
v 3.58634000 -30.36820000 -540.83600000
v 0.50237700 -35.79920000 -543.82000000
v 0.42446000 -36.56560000 -543.41700000
v 1.83378000 -27.54040000 -543.24200000
v 3.42360000 -30.47320000 -540.19200000
v 0.64919900 -36.47680000 -543.34400000
v 3.24813000 -29.85720000 -540.75500000
v 3.36328000 -29.88260000 -540.94800000
v 3.28929000 -36.52700000 -543.69300000
v 3.02829000 -30.13140000 -539.64900000
v 2.60826000 -36.25440000 -544.08200000
v 2.52075000 -36.25030000 -543.83700000
v 3.08911000 -30.04480000 -539.88500000
v 3.04520000 -36.47970000 -543.59300000
v 2.03214000 -36.04010000 -543.43600000
v 3.11159000 -29.96430000 -540.11200000
v -1.11117000 -31.90680000 -547.65300000
v 2.71999000 -30.19460000 -539.03600000
v 2.82802000 -29.73450000 -539.81200000
v 2.56149000 -30.21560000 -538.61400000
v 2.49982000 -30.10650000 -538.38500000
v -0.51814400 -35.43680000 -547.03300000
v 2.62626000 -30.09780000 -538.82200000
v -1.33793000 -32.05200000 -547.74500000
v 3.58631000 -31.34840000 -540.65300000
v -0.56029100 -35.46220000 -547.57500000
v -1.41022000 -31.35370000 -547.26000000
v -1.41217000 -35.11490000 -547.13400000
v 3.52180000 -31.20550000 -540.47600000
v -1.20134000 -35.17060000 -547.56200000
v 3.91110000 -32.08890000 -542.99500000
v -1.01750000 -35.31580000 -547.10500000
v -1.21126000 -35.19170000 -547.26800000
v 4.59105000 -34.26520000 -543.58200000
v 0.17274500 -35.07050000 -547.41600000
v 0.01038350 -35.21160000 -547.56500000
v 0.55550300 -34.77680000 -547.60400000
v -7.05018000 -35.65300000 -542.14200000
v 0.32910500 -34.91660000 -547.61500000
v 0.45858600 -34.92230000 -547.20200000
v 4.66634000 -35.20720000 -544.08600000
v 3.81398000 -36.20510000 -544.78200000
v 2.12103000 -27.55470000 -542.84200000
v 3.05781000 -32.77970000 -546.24000000
v 3.20804000 -32.95280000 -546.14400000
v 2.91183000 -32.79510000 -546.46100000
v -0.84762200 -32.13500000 -547.82500000
v -0.88129000 -31.93200000 -547.67000000
v -0.70775800 -32.49360000 -548.07500000
v -2.03339000 -33.69850000 -548.18500000
v -2.38627000 -33.64380000 -548.00800000
v -1.13928000 -31.35340000 -547.26400000
v -1.98067000 -33.46160000 -548.18800000
v -1.76036000 -33.39550000 -548.26500000
v -0.17623600 -35.95570000 -543.71800000
v -0.05183050 -35.75870000 -543.85100000
v -3.11763000 -34.52570000 -546.98900000
v -3.27908000 -34.46750000 -547.15400000
v 0.03692630 -35.33200000 -544.09900000
v -0.53003400 -35.77700000 -543.75600000
v -0.23907800 -35.56330000 -543.93100000
v -3.57827000 -34.71360000 -546.97500000
v -3.70383000 -34.56780000 -547.13000000
v -4.82887000 -35.47990000 -546.84800000
v -0.42848300 -35.99230000 -543.64800000
v -4.95834000 -35.85890000 -546.67600000
v -0.30112000 -35.77530000 -543.80000000
v -5.22653000 -35.79980000 -546.76400000
v -0.66681600 -36.10550000 -543.51900000
v -5.47681000 -35.68730000 -546.80800000
v 0.27754700 -35.32520000 -544.16400000
v -3.16824000 -32.92650000 -547.56100000
v -3.52472000 -32.78820000 -547.34300000
v -1.26332000 -31.03580000 -547.06100000
v -2.32536000 -33.19590000 -547.99300000
v -2.09048000 -33.08390000 -548.06900000
v 2.32272000 -31.16850000 -545.56800000
v -2.74440000 -32.75330000 -547.72300000
v -2.47193000 -33.03760000 -547.90200000
v 0.17072100 -35.65430000 -543.94200000
v -2.54925000 -33.30090000 -547.91000000
v -3.19002000 -33.27760000 -547.60200000
v 0.65605800 -34.85210000 -547.15600000
v 0.57224900 -34.96220000 -546.77000000
v -2.94585000 -33.28300000 -547.71800000
v -3.44245000 -33.25870000 -547.48200000
v -4.74252000 -23.84190000 -541.21200000
v -7.17228000 -35.07460000 -542.45800000
v -0.88158300 -26.30840000 -538.97000000
v -1.18388000 -35.02620000 -544.02700000
v -2.07928000 -35.08570000 -543.81700000
v -5.18162000 -25.11330000 -541.77500000
v 2.51269000 -29.79850000 -544.29400000
v -4.41188000 -24.75690000 -542.14300000
v -2.40258000 -22.63360000 -540.02200000
v -2.37498000 -22.81190000 -540.11900000
v 2.82768000 -30.14410000 -543.99000000
v 2.44501000 -21.30050000 -539.56000000
v 2.37445000 -20.95140000 -539.22300000
v 2.16373000 -20.84850000 -539.18200000
v 1.75239000 -30.57180000 -545.84600000
v -4.40865000 -25.39010000 -537.60000000
v 3.25765000 -20.58200000 -537.41700000
v 0.19179200 -35.21050000 -546.63900000
v 3.36872000 -21.60100000 -537.38100000
v -0.90942400 -35.09460000 -544.04800000
v 3.46731000 -21.94020000 -538.48800000
v 3.33939000 -21.50230000 -538.64100000
v -0.86287300 -35.95350000 -543.56100000
v 0.33886400 -34.66390000 -544.69100000
v 3.36158000 -21.84100000 -538.91100000
v 2.68920000 -21.43840000 -536.23100000
v 3.02309000 -21.48630000 -536.57500000
v 2.30768000 -30.17780000 -544.96200000
v 3.33494000 -22.76840000 -537.47300000
v 0.09149890 -34.69290000 -544.54000000
v 0.31867000 -35.08410000 -546.81900000
v 3.17750000 -22.88680000 -537.27400000
v -1.49716000 -24.06810000 -537.77500000
v 3.43938000 -22.70890000 -537.72300000
v 2.27496000 -30.75000000 -545.39000000
v 3.31482000 -22.32470000 -537.39500000
v 0.27225300 -35.01580000 -547.24400000
v 2.42103000 -30.43090000 -544.97500000
v 3.01322000 -22.52870000 -537.10400000
v 4.22472000 -34.28010000 -541.88300000
v 2.00900000 -22.89220000 -536.68900000
v 2.74951000 -29.68270000 -543.80200000
v 1.29171000 -23.10600000 -536.98300000
v 1.45811000 -23.29200000 -536.89200000
v 4.03964000 -35.46100000 -542.42600000
v 4.02043000 -35.10820000 -542.15100000
v 4.37562000 -35.66590000 -543.10400000
v 1.37598000 -23.68150000 -536.99500000
v 1.72095000 -23.68580000 -536.85100000
v -6.32307000 -28.96360000 -542.02600000
v -0.77453500 -35.39140000 -547.71300000
v -6.23054000 -29.26080000 -541.60400000
v 4.22582000 -35.54030000 -542.73700000
v -5.39611000 -26.70640000 -542.46400000
v -5.47918000 -26.87430000 -542.32000000
v 2.89373000 -29.27040000 -543.32000000
v 2.85166000 -29.42290000 -543.50200000
v -4.50147000 -25.47770000 -542.55100000
v 4.39288000 -36.04050000 -543.62600000
v -2.24236000 -28.15440000 -545.02600000
v 4.17045000 -36.01470000 -543.12200000
v -1.94631000 -27.84270000 -544.60300000
v -2.83942000 -34.31750000 -547.29700000
v -2.24604000 -27.98130000 -544.84800000
v -0.90915800 -35.35130000 -547.53500000
v -1.26187000 -34.90300000 -545.05800000
v -2.29888000 -26.22220000 -543.38700000
v -1.68836000 -34.87470000 -544.98700000
v -3.08534000 -25.75700000 -543.18900000
v -3.15388000 -25.47650000 -542.84200000
v 2.61904000 -29.42400000 -543.88400000
v -1.75412000 -35.01530000 -545.25800000
v -3.59153000 -26.30030000 -543.76100000
v -1.76692000 -34.77520000 -544.78600000
v -2.91587000 -26.01280000 -543.45900000
v -3.06938000 -25.91400000 -543.38300000
v -3.73681000 -27.12470000 -544.21200000
v -2.14521000 -35.08240000 -545.51700000
v -3.90405000 -26.97170000 -544.17200000
v -7.13422000 -34.88850000 -542.35200000
v -4.23066000 -27.26510000 -544.25300000
v -4.53387000 -27.52460000 -544.27800000
v -1.71640000 -34.69550000 -544.60200000
v -0.92748300 -34.75960000 -544.81700000
v -1.41351000 -34.82040000 -544.88600000
v -3.40465000 -26.61210000 -543.98800000
v 2.48431000 -29.59740000 -544.20500000
v -3.15250000 -26.29870000 -543.74800000
v -0.58449700 -35.01550000 -545.26500000
v -4.12258000 -27.85310000 -544.40600000
v -6.69522000 -31.14030000 -543.80500000
v -6.51186000 -30.93970000 -544.22500000
v -6.31489000 -30.74780000 -544.49400000
v -6.40983000 -30.69170000 -544.27200000
v -5.89812000 -30.20320000 -544.83200000
v -6.15726000 -30.35810000 -544.52000000
v 0.31125600 -35.98960000 -543.75100000
v -5.80446000 -29.80720000 -544.73000000
v -6.18239000 -30.56670000 -544.60900000
v -6.20890000 -30.21660000 -544.34200000
v -0.80951000 -34.85370000 -544.99500000
v 3.70867000 -34.76810000 -546.01500000
v -4.27706000 -28.22180000 -544.54400000
v -5.05728000 -28.78530000 -544.72500000
v -5.75340000 -36.42800000 -544.12800000
v -5.00495000 -28.35300000 -544.45900000
v -5.40766000 -29.17770000 -544.76500000
v -5.59392000 -36.39210000 -543.97900000
v 3.41519000 -36.54580000 -543.53500000
v -5.21365000 -29.15270000 -544.88400000
v -3.08895000 -27.95430000 -544.75400000
v -3.28042000 -28.00960000 -544.70800000
v -3.00971000 -27.73920000 -544.62600000
v -3.78632000 -28.77390000 -545.15700000
v -3.96338000 -29.13440000 -545.32600000
v -0.22176300 -34.98070000 -545.28900000
v 3.64996000 -30.40340000 -541.26300000
v -4.99816000 -36.29740000 -545.68200000
v -4.00120000 -29.32840000 -545.47200000
v -5.06002000 -36.26460000 -545.49400000
v -2.77192000 -29.25610000 -545.80700000
v -7.19197000 -33.97600000 -543.95600000
v -6.87266000 -32.72850000 -544.60900000
v -6.88860000 -32.85680000 -544.80600000
v -6.95380000 -33.06150000 -544.76000000
v -6.68266000 -35.61280000 -546.04700000
v 2.94542000 -36.45260000 -543.34800000
v 3.64888000 -30.64320000 -541.25000000
v -6.58302000 -34.99950000 -546.28400000
v -6.07678000 -35.28760000 -546.64600000
v 1.53346000 -36.47810000 -542.83500000
v -7.29426000 -35.51330000 -543.36100000
v -6.54350000 -31.64400000 -544.72700000
v -6.73781000 -32.36630000 -544.75800000
v -7.28929000 -35.14750000 -543.10800000
v -6.84175000 -35.42020000 -540.81400000
v -6.95408000 -33.76610000 -545.49900000
v -5.78709000 -29.86500000 -539.86900000
v -6.89537000 -35.59910000 -540.95600000
v -6.81943000 -34.73420000 -540.91700000
v -5.64023000 -30.04320000 -539.49600000
v -5.70284000 -30.23530000 -539.59900000
v -6.66186000 -34.74740000 -540.49500000
v -6.55847000 -29.83710000 -542.70100000
v -6.55408000 -30.03990000 -543.42800000
v 1.50376000 -36.69000000 -542.73200000
v -5.55647000 -27.05990000 -542.40400000
v -6.49251000 -29.80480000 -543.38100000
v -5.52322000 -28.70240000 -544.35300000
v -5.56399000 -28.90090000 -544.45200000
v -4.82113000 -27.83140000 -544.30200000
v -5.08460000 -27.83300000 -544.18200000
v -5.01127000 -28.17000000 -544.36200000
v -6.72039000 -34.97690000 -540.59500000
v -5.21051000 -28.71990000 -544.58700000
v -5.51705000 -34.76900000 -546.87000000
v -5.75110000 -34.79680000 -546.78000000
v -5.78838000 -35.02390000 -546.76700000
v -5.99593000 -34.84120000 -546.66900000
v -5.75994000 -31.61620000 -545.68700000
v -5.71864000 -31.15130000 -545.50700000
v -6.67678000 -33.80600000 -540.51500000
v -2.68747000 -32.51760000 -547.66100000
v -3.13207000 -32.72190000 -547.52500000
v -2.09855000 -23.27010000 -539.03300000
v -6.59092000 -33.86840000 -540.29000000
v -2.38611000 -31.74530000 -547.34300000
v -6.45237000 -33.72080000 -539.93000000
v -2.77086000 -31.71850000 -547.14000000
v 3.44947000 -34.75470000 -546.05100000
v -3.19821000 -32.18970000 -547.23500000
v -2.00879000 -31.79110000 -547.48800000
v -5.87356000 -36.36500000 -545.61300000
v -1.78699000 -31.82810000 -547.54800000
v -6.59666000 -34.52480000 -540.36500000
v -2.21075000 -31.87470000 -547.49000000
v -3.97217000 -32.93470000 -547.19200000
v -3.66683000 -32.65760000 -547.22500000
v -5.00616000 -33.30180000 -546.88300000
v -6.40287000 -34.73330000 -539.95100000
v -5.03729000 -33.74520000 -546.95200000
v -5.23289000 -36.36340000 -545.61100000
v -6.10360000 -34.06310000 -539.31100000
v -5.90070000 -33.82590000 -539.01900000
v -4.10402000 -34.69910000 -547.08700000
v -5.79380000 -34.00340000 -538.91100000
v -3.81574000 -34.35950000 -547.24900000
v -4.37245000 -34.73760000 -547.07900000
v 1.33917000 -36.87830000 -542.70000000
v 3.41444000 -30.83280000 -543.19300000
v -4.55901000 -34.57960000 -547.11200000
v -5.18523000 -35.26240000 -546.91700000
v -7.03898000 -34.70140000 -541.94200000
v -5.42476000 -35.39610000 -546.85900000
v 2.99663000 -30.61480000 -544.02600000
v -0.88367200 -31.05760000 -536.96100000
v -1.23363000 -30.06080000 -546.56200000
v -7.12917000 -34.42090000 -542.81900000
v -6.95502000 -33.30360000 -542.38500000
v -7.31357000 -34.38270000 -544.03400000
v -0.10568300 -30.94130000 -546.96100000
v -2.61682000 -28.17200000 -545.03800000
v -7.12632000 -33.66300000 -544.26800000
v -2.61934000 -27.84870000 -544.78700000
v -2.23796000 -28.32500000 -545.21500000
v -2.46659000 -28.43580000 -545.30200000
v -7.10802000 -33.61470000 -544.79200000
v -2.02268000 -28.72050000 -545.61500000
v 1.02898000 -37.24630000 -542.55500000
v -2.11205000 -29.10030000 -545.84500000
v -2.35283000 -29.09800000 -545.80600000
v -2.39885000 -28.91830000 -545.66100000
v -1.97667000 -29.26730000 -545.96900000
v -7.11092000 -33.86960000 -545.10400000
v -0.76366500 -28.35790000 -545.58800000
v -4.16354000 -30.07200000 -545.80100000
v -7.19570000 -34.36260000 -544.98500000
v 3.22054000 -30.73860000 -543.64300000
v -2.10239000 -29.45020000 -546.07100000
v -1.75902000 -29.60170000 -546.21400000
v 0.38144000 -28.19910000 -537.92400000
v -7.22125000 -34.21100000 -544.80700000
v -1.01465000 -29.28430000 -536.96400000
v -7.05871000 -34.14090000 -545.36300000
v -0.74983600 -29.58910000 -537.20200000
v -7.16764000 -34.56100000 -545.13800000
v 1.40891000 -37.06440000 -542.51900000
v -1.19130000 -29.18380000 -536.80400000
v -1.29981000 -28.83500000 -536.62300000
v -1.00154000 -28.83480000 -536.90000000
v -1.24187000 -28.58710000 -536.63000000
v -2.79626000 -26.51940000 -536.05700000
v -7.29635000 -35.05470000 -544.63300000
v -5.87664000 -36.39220000 -546.04700000
v 4.33302000 -33.30850000 -542.76800000
v 4.32658000 -33.28890000 -542.53000000
v -2.86462000 -27.00640000 -536.15200000
v -5.98518000 -31.89070000 -539.57700000
v -1.43551000 -23.45920000 -536.13200000
v -1.34718000 -25.60920000 -536.66800000
v -1.45943000 -25.26300000 -536.48200000
v -4.64906000 -30.85740000 -537.71600000
v -5.85653000 -31.76320000 -539.40800000
v -4.72451000 -30.66640000 -537.82200000
v -4.68383000 -31.25930000 -537.68200000
v -4.21204000 -28.54430000 -537.72800000
v -5.75530000 -31.87760000 -539.18500000
v -4.09298000 -29.96150000 -537.26800000
v -5.77298000 -32.11960000 -539.10600000
v -4.39185000 -30.41430000 -537.28800000
v -4.41221000 -30.21990000 -537.38300000
v 3.24024000 -32.01470000 -544.69600000
v 4.22423000 -32.99750000 -542.13300000
v -2.06145000 -24.23890000 -539.86500000
v -5.98595000 -32.36540000 -539.39300000
v -4.69292000 -30.20330000 -537.68400000
v -6.08592000 -32.54740000 -539.49100000
v -4.74212000 -29.74660000 -537.88000000
v -4.47222000 -30.00720000 -537.52200000
v -4.91852000 -29.74660000 -538.08400000
v 4.16631000 -32.76980000 -542.21100000
v -4.34173000 -28.63260000 -537.89300000
v -3.97823000 -27.84460000 -537.51800000
v -5.43936000 -31.22450000 -538.85200000
v -4.19706000 -27.35180000 -537.99300000
v -4.05058000 -27.64980000 -537.64000000
v -4.14570000 -27.25420000 -537.74100000
v -4.21115000 -27.01790000 -537.72800000
v -5.17509000 -24.74740000 -539.68800000
v -5.24719000 -24.71910000 -539.92800000
v -5.47371000 -31.43630000 -538.86000000
v -5.41400000 -31.78390000 -538.63700000
v -4.29380000 -28.20200000 -538.01100000
v -5.38834000 -31.55270000 -538.65900000
v 3.38118000 -35.92100000 -545.07300000
v -3.40727000 -29.85070000 -536.88600000
v -3.34590000 -29.60610000 -536.95100000
v -3.61095000 -29.47480000 -537.16700000
v -3.42067000 -29.13820000 -537.06300000
v -6.54755000 -32.65980000 -540.34500000
v -5.64584000 -36.43260000 -546.04200000
v -2.84810000 -29.32450000 -536.66500000
v 4.14034000 -32.68860000 -542.47400000
v -3.01573000 -29.72490000 -536.69900000
v -3.02703000 -29.94380000 -536.62000000
v -2.60278000 -26.87280000 -536.13600000
v -6.43052000 -33.17910000 -539.93500000
v -2.19143000 -27.45610000 -536.41100000
v -6.53933000 -33.22710000 -540.15800000
v 2.99973000 -31.81960000 -545.07300000
v -2.53882000 -27.25910000 -536.24400000
v -2.55266000 -27.66870000 -536.27500000
v -1.96011000 -27.38200000 -536.51600000
v -1.79097000 -26.95530000 -536.52100000
v -2.30697000 -27.23670000 -536.32600000
v 3.35441000 -32.08030000 -544.49800000
v -3.00602000 -27.61110000 -536.28700000
v -2.69598000 -27.87470000 -536.30000000
v -6.54103000 -33.50100000 -540.13500000
v -6.29620000 -32.89220000 -539.71300000
v 4.03981000 -32.31100000 -542.33600000
v -3.91126000 -26.24850000 -536.82500000
v -6.18834000 -32.49410000 -539.68500000
v -2.54953000 -28.59490000 -536.36700000
v 0.60567400 -29.82430000 -537.08000000
v -6.06601000 -32.98270000 -539.28900000
v -6.86926000 -33.42820000 -541.10900000
v -6.97988000 -33.23840000 -541.60300000
v -1.02998000 -30.62310000 -537.01600000
v -0.83219200 -30.52510000 -537.17900000
v -1.44258000 -30.33270000 -536.87900000
v -0.03481870 -37.35470000 -540.29100000
v -1.24320000 -30.47900000 -536.95700000
v -0.19443900 -37.20570000 -539.93300000
v -2.31436000 -29.70430000 -536.48500000
v -2.04575000 -24.21460000 -539.62400000
v 3.91649000 -31.98740000 -542.78500000
v 1.86659000 -37.50860000 -541.84700000
v -2.40864000 -37.84560000 -541.59300000
v -0.85223300 -27.94010000 -537.42600000
v 3.95156000 -32.02070000 -542.57600000
v 1.28639000 -22.03850000 -536.68400000
v -4.37052000 -24.16420000 -541.67600000
v 0.94088500 -24.03550000 -537.45400000
v 0.95287500 -24.52260000 -537.46700000
v -2.22706000 -38.04380000 -541.12800000
v 4.05422000 -32.37090000 -542.09500000
v 0.71686100 -24.31260000 -537.77600000
v 0.83013800 -24.42610000 -537.60900000
v 0.62213200 -24.46120000 -537.91800000
v 2.94898000 -31.42370000 -544.85700000
v 0.53242200 -24.36060000 -538.13200000
v -2.44726000 -38.14010000 -541.14100000
v 0.31871700 -24.45650000 -538.51500000
v 0.17506800 -24.27540000 -538.93400000
v 0.28562200 -24.28390000 -538.71500000
v -3.01160000 -38.47370000 -540.87600000
v 2.79158000 -31.24290000 -544.97700000
v 0.00437584 -24.20890000 -539.30300000
v 0.04233890 -24.46240000 -538.95400000
v -1.58190000 -37.70530000 -540.91400000
v -0.18052700 -24.56790000 -539.29900000
v -0.16956000 -24.78590000 -539.16800000
v 1.09163000 -24.17150000 -537.30600000
v 1.15541000 -31.77570000 -547.04300000
v 1.04418000 -24.72170000 -537.38400000
v 0.50213300 -27.02940000 -537.97500000
v 0.64407700 -27.10590000 -537.81500000
v -0.66951400 -36.83940000 -541.69100000
v 1.00816000 -26.50700000 -537.44500000
v -0.83169000 -36.76550000 -541.59400000
v 0.81572300 -26.43360000 -537.56400000
v 0.66488500 -26.64980000 -537.66100000
v 1.05216000 -26.80380000 -537.45700000
v -0.85594900 -36.68270000 -541.82800000
v 0.22775300 -25.51650000 -538.44600000
v 3.99870000 -32.21400000 -541.85400000
v 0.48555500 -25.62860000 -538.06700000
v -0.11067800 -25.43590000 -539.16200000
v 0.04117810 -25.53800000 -538.82300000
v -1.09999000 -36.60420000 -541.80300000
v 0.44407000 -26.38860000 -537.87500000
v 0.15365100 -26.58430000 -538.45900000
v 2.73995000 -31.52810000 -545.26200000
v 0.39697600 -26.77680000 -537.99500000
v 2.64156000 -23.21190000 -540.77600000
v -5.17241000 -36.40620000 -546.07900000
v -0.78037400 -36.68750000 -542.08500000
v -0.60241900 -36.80230000 -542.59100000
v 0.06169870 -37.34950000 -541.16400000
v -5.08427000 -36.40270000 -542.92700000
v -0.04569300 -25.91440000 -538.99800000
v 2.37394000 -23.45950000 -541.14700000
v -3.27353000 -37.66810000 -542.11800000
v 0.04742030 -25.77370000 -538.83400000
v -3.17469000 -37.85850000 -541.74000000
v -0.29093100 -32.81130000 -537.36100000
v -3.38346000 -37.30750000 -542.63400000
v -0.34494700 -27.09260000 -538.66200000
v -4.20044000 -36.77440000 -542.95500000
v -0.64660400 -26.19110000 -539.36800000
v -4.27311000 -36.52710000 -543.00900000
v 1.12488000 -25.75800000 -537.36300000
v -2.54657000 -35.55980000 -543.54900000
v -4.74116000 -36.21440000 -543.03900000
v -2.76011000 -35.46320000 -543.54700000
v 1.37354000 -26.13650000 -537.26200000
v 4.17426000 -32.83690000 -542.66500000
v -7.18067000 -35.27230000 -542.56200000
v 2.21652000 -23.52360000 -541.31100000
v -7.08028000 -35.71480000 -542.56600000
v 1.22618000 -25.21020000 -537.28200000
v 1.43856000 -24.30180000 -542.17600000
v 1.55349000 -24.49710000 -542.22800000
v 4.45648000 -33.73620000 -542.80300000
v 2.02937000 -23.44770000 -541.39600000
v -7.21753000 -35.51870000 -542.95800000
v 1.89655000 -23.59890000 -541.56800000
v -0.32958800 -25.23430000 -542.32400000
v -0.30454400 -25.08060000 -542.22800000
v -7.14518000 -35.49400000 -542.55700000
v 0.01509590 -24.53880000 -542.38700000
v -6.98396000 -35.93540000 -542.57800000
v 0.38451500 -24.54840000 -542.52000000
v -5.68710000 -36.27840000 -543.79300000
v -5.48040000 -36.07420000 -543.44700000
v -5.34776000 -36.17200000 -543.65500000
v 0.50727700 -23.48220000 -538.85300000
v 0.56569400 -23.34370000 -538.68800000
v 0.47599900 -23.70650000 -538.71300000
v -5.98483000 -36.36480000 -545.85700000
v 0.51851800 -23.31030000 -539.07400000
v 4.49695000 -33.89420000 -543.23900000
v 4.16436000 -32.81910000 -541.94800000
v -5.83361000 -36.35830000 -545.35900000
v 0.16301100 -24.08260000 -539.16600000
v 0.33563000 -23.73040000 -539.19600000
v 0.29904500 -23.90500000 -539.07600000
v 0.36246000 -24.08030000 -538.72200000
v 3.32584000 -35.65080000 -545.31500000
v 0.71901700 -23.15840000 -537.75000000
v 0.82456600 -23.14030000 -537.51800000
v 0.95081300 -23.05740000 -537.31900000
v 0.84060800 -22.86700000 -537.47900000
v 0.75039900 -22.69040000 -537.67700000
v 0.68250500 -22.77170000 -537.85900000
v -5.42130000 -36.35390000 -545.43400000
v 0.64656100 -23.22690000 -538.00900000
v 0.76881400 -23.63360000 -537.67200000
v -5.80514000 -36.34820000 -545.10500000
v 0.84656400 -23.40790000 -537.50100000
v 1.88504000 -21.74620000 -540.13300000
v 1.64758000 -21.70710000 -540.09400000
v 2.01971000 -21.57390000 -539.95100000
v 1.86119000 -21.44060000 -539.82400000
v -6.19039000 -35.30550000 -539.63400000
v 0.71648900 -22.40150000 -539.63800000
v 3.88842000 -31.94240000 -541.50900000
v 0.61021200 -22.75750000 -539.78900000
v 0.59616300 -22.84830000 -539.54300000
v -6.21838000 -34.65410000 -539.62400000
v -6.00244000 -35.04480000 -539.35600000
v -0.44087900 -24.71410000 -541.40500000
v -0.42377200 -24.65220000 -541.17000000
v 2.62330000 -21.81210000 -539.93800000
v -6.04798000 -36.51290000 -539.66700000
v -0.36216100 -24.97790000 -539.77200000
v -2.68296000 -36.54630000 -543.06400000
v 3.72094000 -31.45280000 -541.18700000
v 0.17215800 -24.66240000 -538.60400000
v 0.52670200 -24.81800000 -538.00500000
v -2.64180000 -35.93340000 -543.36800000
v -2.50173000 -36.39050000 -543.16500000
v 0.15839100 -25.06210000 -538.42100000
v -2.33608000 -36.22260000 -543.25700000
v 3.70356000 -31.58080000 -541.01700000
v -0.96361300 -25.66350000 -541.11500000
v -0.79602100 -25.30860000 -540.88000000
v -0.51522200 -24.77380000 -540.73100000
v -0.51346500 -25.17330000 -540.09100000
v -2.44781000 -36.80740000 -542.92100000
v -0.43863900 -24.72140000 -540.35800000
v -6.03096000 -37.19720000 -540.85600000
v -0.30407100 -24.36790000 -540.63100000
v -4.25059000 -37.58610000 -542.20100000
v -0.26323000 -24.32950000 -540.26300000
v -0.16477900 -24.15630000 -540.15200000
v -2.14100000 -23.78030000 -540.56600000
v 0.49862300 -23.05910000 -540.16200000
v -2.65517000 -36.95860000 -542.84900000
v 0.64877300 -22.67270000 -540.03500000
v -4.65620000 -37.98740000 -541.12600000
v 2.33140000 -22.08130000 -540.32700000
v -5.60914000 -36.89790000 -542.17100000
v 0.28308800 -23.42300000 -540.63900000
v 0.28167700 -23.45060000 -540.15300000
v 0.49807200 -23.06780000 -540.38700000
v 0.04161320 -23.81810000 -540.12400000
v -1.17322000 -31.44200000 -536.82200000
v 3.62375000 -31.17390000 -540.85600000
v 0.83371700 -22.34170000 -537.49100000
v -2.00596000 -35.85080000 -543.39800000
v 0.69224000 -22.15080000 -538.07900000
v 0.64467300 -22.24380000 -538.31000000
v 0.67039600 -23.00080000 -537.91200000
v -5.41466000 -36.95550000 -542.08500000
v -6.18540000 -37.01210000 -541.82500000
v 0.60537400 -22.88650000 -538.29200000
v 0.63774300 -22.83890000 -538.07700000
v 0.60465900 -23.32270000 -538.24200000
v 0.62721100 -23.47850000 -538.08600000
v 0.58426700 -23.34900000 -538.46400000
v 0.60048800 -23.11760000 -538.64500000
v 0.82732900 -21.79760000 -539.21600000
v 2.80836000 -21.77590000 -539.73600000
v 0.76761700 -22.04120000 -539.25600000
v -5.95626000 -36.88630000 -542.12700000
v -3.97125000 -22.69400000 -536.89100000
v -4.03606000 -22.89480000 -536.94000000
v 0.69111400 -22.47820000 -539.41300000
v 0.70515500 -22.28080000 -539.23000000
v -3.54182000 -23.51690000 -536.32700000
v 0.62516400 -22.72820000 -538.85300000
v -3.71605000 -23.62290000 -536.45100000
v -2.79769000 -22.60710000 -535.88600000
v -2.30527000 -35.63070000 -543.54900000
v 1.13151000 -20.63620000 -536.47200000
v -0.56753100 -20.39500000 -536.20700000
v 1.22828000 -20.39550000 -536.87200000
v -0.77319600 -20.39720000 -536.03900000
v 1.03070000 -21.99640000 -536.97200000
v 1.11515000 -21.87060000 -536.76200000
v 1.08431000 -22.20910000 -536.98300000
v -0.92597300 -20.70380000 -536.17300000
v 0.89786500 -22.60690000 -537.38300000
v 1.00747000 -22.58560000 -537.19900000
v 2.68359000 -22.74590000 -540.49000000
v 3.69702000 -31.24100000 -541.25200000
v 0.99139800 -21.77010000 -536.92000000
v 0.90751400 -21.69820000 -537.10600000
v 0.91139000 -21.92460000 -537.18900000
v 2.62479000 -19.97330000 -537.14000000
v -3.43718000 -20.87930000 -537.53400000
v 3.66020000 -31.71530000 -540.82500000
v -3.15559000 -20.31350000 -537.77400000
v -3.39760000 -20.72430000 -537.68000000
v -3.42080000 -20.65500000 -537.87200000
v 0.73737800 -21.90840000 -538.06400000
v 0.71346700 -21.80240000 -538.41400000
v -3.55549000 -20.77180000 -538.04300000
v 0.64171200 -22.12040000 -538.66100000
v -0.75471600 -25.37210000 -541.32300000
v -1.43371000 -25.04600000 -538.65700000
v -0.75365000 -25.58970000 -541.73000000
v -0.54138600 -25.43820000 -542.08800000
v -1.52315000 -24.71570000 -538.44400000
v -1.59009000 -24.64530000 -538.67800000
v -2.40596000 -36.00220000 -543.36700000
v 1.94559000 -22.14700000 -540.48600000
v -1.98704000 -24.78710000 -540.11800000
v 2.16925000 -22.21270000 -540.48600000
v -0.67864400 -26.42920000 -539.00200000
v 3.58581000 -31.60700000 -540.63000000
v 1.52879000 -22.01690000 -540.40200000
v 3.73012000 -31.91190000 -543.49500000
v 2.60788000 -21.43610000 -539.58900000
v 0.78288600 -23.42320000 -541.65800000
v -0.64132900 -26.59650000 -538.82300000
v 2.04628000 -21.15830000 -539.53000000
v -0.43974100 -26.90220000 -538.71200000
v -2.10543000 -23.79260000 -540.05200000
v -1.47804000 -22.84130000 -537.68300000
v -1.64414000 -23.29650000 -537.81100000
v 3.33694000 -24.44580000 -538.13600000
v 2.37479000 -29.68400000 -537.92600000
v 3.79555000 -31.96070000 -543.30900000
v -1.61131000 -22.87660000 -537.87200000
v 1.78299000 -27.87840000 -537.88700000
v -1.54137000 -22.62140000 -537.85500000
v 2.14113000 -27.83650000 -538.59000000
v 2.20691000 -27.73010000 -538.83900000
v -0.11922300 -20.15900000 -537.01100000
v -2.23864000 -35.83930000 -543.45600000
v -0.30582400 -20.31410000 -537.34000000
v 2.58186000 -27.43690000 -540.23200000
v -0.70339600 -20.46380000 -537.87500000
v -0.85908500 -21.19530000 -537.43100000
v 2.44351000 -27.67470000 -539.60800000
v 2.45303000 -27.46100000 -539.73400000
v 2.92008000 -23.44500000 -540.59500000
v 2.65429000 -27.63150000 -540.29700000
v -0.34299400 -20.55490000 -536.96600000
v 2.50944000 -27.65710000 -539.86300000
v -1.39856000 -21.82030000 -537.97900000
v 2.06255000 -29.16110000 -537.78900000
v 1.87075000 -29.01330000 -537.74200000
v 1.05746000 -28.51190000 -537.52400000
v 0.90863500 -28.38150000 -537.59100000
v 0.97436400 -28.87150000 -537.41100000
v -1.34070000 -21.93610000 -537.80500000
v 3.68022000 -32.41440000 -544.06400000
v -1.17601000 -21.58900000 -537.71600000
v 0.74948400 -28.21530000 -537.69500000
v -1.50849000 -21.21360000 -538.51200000
v 0.55084600 -28.30510000 -537.76900000
v 0.60749300 -29.13840000 -537.34800000
v 0.99943400 -29.24130000 -537.23200000
v 3.67006000 -31.50150000 -543.13600000
v 0.49388500 -28.57040000 -537.68500000
v 0.74135800 -28.89300000 -537.42900000
v -1.51617000 -21.41700000 -538.43200000
v 0.14072800 -28.56390000 -537.84900000
v -0.96053200 -20.79920000 -537.97800000
v 0.53344900 -28.92970000 -537.47800000
v 0.38936600 -29.27530000 -537.34700000
v 0.36764900 -29.05920000 -537.47800000
v -1.13504000 -20.87600000 -538.15000000
v 3.72576000 -31.25990000 -541.50500000
v 0.95687100 -26.70960000 -543.84500000
v 0.45285900 -26.75460000 -544.27300000
v 3.78925000 -31.49660000 -541.62400000
v 0.57642600 -27.00510000 -544.33200000
v 2.61815000 -26.52480000 -541.12600000
v 2.62670000 -27.05830000 -540.16900000
v -1.25231000 -21.13180000 -538.16700000
v 2.49713000 -27.24360000 -539.76300000
v -1.32984000 -20.57100000 -538.44400000
v 2.85241000 -26.36160000 -538.41600000
v 3.88424000 -31.79260000 -541.91100000
v 2.66581000 -26.77980000 -538.70400000
v -1.55068000 -20.85320000 -538.63300000
v -1.74341000 -21.10750000 -538.82000000
v 3.32763000 -24.72280000 -538.44600000
v 3.36731000 -24.54640000 -538.55400000
v -0.90907400 -21.08870000 -537.64400000
v -0.64267400 -20.85940000 -537.39000000
v -0.42540700 -20.51350000 -537.35400000
v 3.35525000 -23.57040000 -537.69800000
v -0.55196200 -20.61080000 -537.50000000
v -0.60859200 -20.52980000 -537.68300000
v 3.39955000 -23.79480000 -538.10000000
v -0.84077400 -20.87150000 -537.74000000
v -2.62306000 -22.47320000 -540.09200000
v 3.50844000 -22.86710000 -538.41000000
v 3.80959000 -31.53400000 -541.86400000
v 3.45996000 -21.94600000 -537.79900000
v -2.14030000 -23.02410000 -539.35800000
v -1.34847000 -24.06870000 -537.41000000
v 3.51734000 -22.49440000 -538.14700000
v -1.18918000 -26.06520000 -537.35400000
v -1.22431000 -25.44830000 -537.26800000
v -1.20550000 -25.67330000 -537.61800000
v 3.30751000 -21.20920000 -538.32700000
v -1.18980000 -25.86410000 -537.47700000
v 3.18697000 -21.05310000 -538.45000000
v 3.46617000 -21.79600000 -538.22500000
v 3.38290000 -21.38170000 -538.17600000
v -1.29688000 -24.55500000 -537.25800000
v 3.29725000 -20.94280000 -537.93000000
v -1.25669000 -25.03560000 -537.30300000
v -5.60330000 -37.42330000 -540.03700000
v -1.22534000 -24.07620000 -536.70700000
v 3.32512000 -21.46740000 -537.14700000
v -1.25953000 -24.18780000 -537.06600000
v -1.22587000 -23.77020000 -537.03800000
v -4.35621000 -23.53540000 -541.14800000
v -1.17131000 -23.57610000 -536.79200000
v 3.33103000 -21.18830000 -537.48800000
v -1.15814000 -25.95150000 -537.97500000
v 3.38277000 -21.36240000 -537.93200000
v -1.09424000 -26.13260000 -538.43600000
v -1.48802000 -24.29350000 -536.31400000
v 3.20484000 -21.34610000 -538.78400000
v -4.62346000 -24.68240000 -541.99900000
v -4.59430000 -24.48350000 -541.83900000
v 3.49370000 -23.00770000 -538.62600000
v -5.08845000 -25.35670000 -542.13500000
v 3.50921000 -22.63610000 -538.51800000
v 3.48444000 -22.59200000 -538.76800000
v -3.73140000 -27.40000000 -536.93500000
v -3.87785000 -27.01370000 -537.01400000
v 3.44514000 -22.57070000 -539.00600000
v -3.48032000 -27.86480000 -536.73400000
v 3.39293000 -22.98560000 -539.32800000
v 3.47033000 -23.04990000 -538.84900000
v -4.50374000 -25.36910000 -537.84100000
v 3.43781000 -22.99270000 -539.08600000
v -0.37430400 -32.19960000 -537.04000000
v 3.93337000 -31.92220000 -542.15800000
v -4.59860000 -25.36860000 -538.11100000
v -3.58250000 -24.80880000 -536.26300000
v 3.16798000 -22.78810000 -539.89100000
v 3.23571000 -23.57240000 -540.00700000
v 3.16851000 -23.97220000 -540.28000000
v 3.26658000 -23.36540000 -539.85800000
v -3.76217000 -23.90710000 -536.47300000
v 3.19999000 -23.17200000 -539.97500000
v 3.33661000 -23.37230000 -539.61600000
v 3.27627000 -23.78270000 -539.91300000
v -3.57645000 -24.28490000 -536.24800000
v -3.43252000 -24.75260000 -536.10400000
v -3.13352000 -24.58150000 -535.87400000
v 3.29501000 -24.20570000 -539.85800000
v 3.39141000 -24.05730000 -539.13800000
v -3.61387000 -24.02420000 -536.30200000
v -3.10037000 -23.95050000 -535.90300000
v -3.45425000 -23.88960000 -536.17900000
v -5.73142000 -37.34860000 -540.22800000
v -3.24412000 -25.86940000 -536.07800000
v -3.02051000 -26.34810000 -536.06800000
v 3.24441000 -21.69150000 -539.07800000
v 3.31767000 -24.12950000 -537.87700000
v -3.05122000 -25.89380000 -535.98800000
v 3.24819000 -24.25470000 -537.69700000
v 3.21166000 -24.79980000 -537.85700000
v -5.03824000 -25.42610000 -539.51200000
v 3.27001000 -24.62450000 -537.97900000
v 3.16858000 -25.06470000 -537.97100000
v -5.15809000 -25.19040000 -539.81400000
v -4.83239000 -25.98440000 -539.25900000
v 3.21996000 -24.63780000 -540.12600000
v -4.97679000 -25.84750000 -539.95000000
v -4.85822000 -26.00130000 -539.76800000
v 2.27419000 -24.22360000 -536.94500000
v 2.48613000 -24.34490000 -537.02400000
v 2.49725000 -24.10250000 -536.99300000
v 3.05853000 -21.25040000 -538.91900000
v -4.85301000 -26.07800000 -539.99500000
v 1.84497000 -24.21590000 -536.91300000
v -5.07939000 -25.61820000 -539.91400000
v 1.36271000 -24.69140000 -537.15900000
v 1.54529000 -24.55610000 -537.06100000
v 1.44936000 -25.18420000 -537.17800000
v -5.23935000 -25.56980000 -540.56700000
v 1.43933000 -24.20150000 -537.04500000
v -5.32881000 -25.15080000 -540.46100000
v 1.62268000 -24.09400000 -536.94600000
v -4.62373000 -37.30120000 -542.00300000
v -4.36155000 -25.79080000 -537.66300000
v -4.22905000 -26.13650000 -537.41000000
v -4.20204000 -26.39920000 -537.41900000
v 0.24468400 -35.02920000 -544.38000000
v 1.88357000 -24.46740000 -536.94600000
v -4.45645000 -25.75570000 -537.94400000
v 2.11899000 -24.88270000 -537.02000000
v 2.10182000 -24.60470000 -536.97400000
v -5.34274000 -37.09540000 -541.89800000
v 2.68726000 -23.72960000 -537.01400000
v -5.01627000 -25.22840000 -539.37800000
v 2.21058000 -22.75540000 -536.69900000
v -4.91358000 -23.16820000 -539.10500000
v 2.64803000 -23.46290000 -536.95500000
v 3.24784000 -21.99640000 -539.31500000
v -4.65071000 -22.46200000 -539.02100000
v 2.48508000 -23.60550000 -536.91400000
v 2.88251000 -24.05730000 -537.18100000
v -5.04462000 -23.56890000 -540.42700000
v 3.11607000 -24.54130000 -537.53800000
v 3.05093000 -23.93920000 -537.30500000
v 3.00285000 -24.42810000 -537.35700000
v 3.12005000 -21.94870000 -539.50700000
v -4.92279000 -23.19230000 -540.10100000
v 3.11747000 -22.14910000 -539.65600000
v -5.80145000 -28.63350000 -540.72400000
v -5.24703000 -27.08090000 -540.64000000
v -5.23082000 -26.65580000 -540.68200000
v -5.09687000 -26.74340000 -540.46900000
v -5.13203000 -27.18150000 -540.43500000
v -4.98843000 -27.16640000 -540.06800000
v 3.21294000 -25.09320000 -538.21700000
v 3.24464000 -25.11890000 -538.47400000
v -5.07357000 -27.60000000 -539.89900000
v 3.14845000 -25.52300000 -538.51400000
v -5.11692000 -27.55480000 -540.18700000
v 3.21538000 -25.29070000 -539.33100000
v 3.21209000 -25.28330000 -539.57500000
v 0.53983800 -34.48850000 -545.58800000
v -5.37858000 -28.09490000 -540.56700000
v 2.84369000 -26.50600000 -539.95700000
v -5.24239000 -27.51030000 -540.58200000
v 2.82222000 -26.53040000 -539.69000000
v 2.53985000 -27.03620000 -539.10800000
v 3.24733000 -35.50700000 -545.44000000
v -1.35829000 -31.61900000 -536.81500000
v 2.70503000 -29.79660000 -539.18400000
v 2.73448000 -29.53970000 -539.10100000
v -4.86774000 -26.22720000 -540.18800000
v 3.33812000 -30.83140000 -539.92600000
v 3.17034000 -30.53220000 -539.54900000
v -3.53357000 -34.53320000 -537.82300000
v 2.53348000 -29.87230000 -538.35400000
v 2.55432000 -29.64430000 -538.36800000
v -2.08108000 -25.04980000 -540.51100000
v -3.22772000 -34.76000000 -537.87900000
v 2.50142000 -29.49430000 -538.20300000
v 2.70727000 -22.28670000 -540.21900000
v 2.21183000 -30.00770000 -537.81800000
v -4.27433000 -35.52950000 -538.37100000
v 2.08353000 -29.61790000 -537.62600000
v 1.75193000 -29.30660000 -537.48800000
v 1.75039000 -29.55730000 -537.38000000
v 1.66950000 -30.16250000 -537.36700000
v -4.46929000 -35.66000000 -538.46900000
v -4.66654000 -35.47260000 -538.49200000
v 1.94022000 -29.95190000 -537.51600000
v 2.08492000 -29.85500000 -537.62700000
v -4.81914000 -35.26640000 -538.50100000
v 1.87807000 -30.15840000 -537.52200000
v -5.08028000 -34.85120000 -538.49700000
v -4.74533000 -35.86650000 -538.62400000
v 1.59248000 -31.51700000 -537.82600000
v 0.99191500 -34.23560000 -545.71900000
v 1.71944000 -31.64460000 -538.00200000
v -5.03038000 -35.28540000 -538.58700000
v 2.68100000 -22.03670000 -540.08200000
v 1.46356000 -30.95970000 -537.60700000
v 1.84121000 -30.74980000 -537.78100000
v 1.60114000 -30.35930000 -537.43800000
v 2.13351000 -30.50470000 -537.89900000
v -5.20858000 -35.90970000 -538.85100000
v 1.94761000 -30.55620000 -537.75800000
v 2.00997000 -30.33420000 -537.71100000
v -5.23001000 -34.65850000 -538.51200000
v 4.10864000 -34.08450000 -541.51800000
v 2.09713000 -31.17870000 -538.16300000
v 2.09234000 -30.96890000 -538.06600000
v -4.78864000 -34.27070000 -538.17400000
v 2.64820000 -31.49250000 -538.91000000
v 2.90969000 -31.37290000 -539.26000000
v 2.26264000 -30.85170000 -538.17600000
v 2.38244000 -30.49750000 -538.24600000
v 3.24719000 -30.92600000 -539.71000000
v -1.10019000 -32.08500000 -536.85000000
v 1.49756000 -28.60370000 -544.73600000
v -5.17388000 -36.98180000 -542.06700000
v 4.15482000 -33.57530000 -541.46200000
v 1.73821000 -27.59970000 -543.48900000
v 2.93855000 -23.85490000 -540.71600000
v 3.08985000 -23.22630000 -540.23300000
v 1.09637000 -26.69650000 -543.67500000
v 2.68427000 -27.08780000 -540.62800000
v 4.40339000 -35.06970000 -542.77000000
v 2.86394000 -27.63660000 -540.86400000
v 2.99577000 -28.20380000 -541.92900000
v 2.88366000 -28.10680000 -542.18700000
v -5.39956000 -34.48420000 -538.58100000
v 2.75641000 -27.96790000 -542.36800000
v 3.06318000 -28.05700000 -541.31100000
v -5.33203000 -34.02100000 -538.45600000
v 2.59277000 -27.83910000 -542.52000000
v 2.52883000 -27.64470000 -542.43200000
v 2.41233000 -27.68320000 -542.60800000
v 4.26818000 -35.17040000 -542.56500000
v -4.15787000 -23.37130000 -541.07400000
v 2.19348000 -36.11890000 -544.08600000
v 1.37585000 -27.32860000 -543.66800000
v -5.67339000 -34.17070000 -538.79300000
v 1.97166000 -27.35910000 -542.85200000
v 3.28990000 -29.41710000 -542.11700000
v 3.14898000 -29.23220000 -542.51800000
v -5.42995000 -34.71590000 -538.66100000
v 3.10727000 -28.65900000 -541.92800000
v 3.10983000 -28.94840000 -542.21300000
v 3.11668000 -28.84940000 -542.00900000
v 3.02799000 -28.50400000 -542.13900000
v -5.10524000 -36.48060000 -539.06700000
v -5.12596000 -36.89430000 -539.31100000
v 3.09057000 -28.34740000 -541.70700000
v -4.72389000 -36.41290000 -538.87700000
v -4.48587000 -36.47580000 -538.83100000
v 3.01345000 -28.76810000 -542.41800000
v -4.64858000 -36.61680000 -538.97600000
v -4.56378000 -36.85460000 -539.10100000
v -4.76004000 -36.76190000 -539.10600000
v 3.14439000 -29.13620000 -542.32500000
v 3.04294000 -29.07790000 -542.67000000
v -4.93451000 -36.82360000 -539.19800000
v 3.46520000 -30.52990000 -542.76000000
v 3.34040000 -30.64930000 -543.24000000
v -5.17349000 -37.29110000 -539.56400000
v 3.21823000 -30.30520000 -543.28900000
v 3.26009000 -29.97550000 -542.97500000
v 2.10131000 -31.26100000 -545.92400000
v 2.22149000 -30.93800000 -545.56600000
v 2.55847000 -31.44250000 -545.41500000
v -4.92404000 -37.05850000 -539.34100000
v 1.76624000 -30.25090000 -545.61900000
v 1.65216000 -30.35880000 -545.78700000
v -4.71694000 -37.17400000 -539.35800000
v 1.77533000 -30.08120000 -545.47600000
v -4.77906000 -37.51730000 -539.59000000
v 1.98194000 -30.08790000 -545.33000000
v 2.00681000 -29.92530000 -545.16700000
v 1.83160000 -29.74620000 -545.18100000
v -5.43197000 -37.25500000 -539.65400000
v 3.11819000 -30.13890000 -543.38900000
v 3.00920000 -30.08390000 -543.57300000
v 3.04761000 -29.93690000 -543.39400000
v 4.13283000 -34.88150000 -542.15500000
v 3.14622000 -29.82500000 -543.14200000
v 3.28795000 -30.21600000 -543.07200000
v -4.41355000 -36.11910000 -538.61500000
v 2.77697000 -29.91290000 -543.90100000
v 2.33193000 -29.98990000 -544.76400000
v -4.30019000 -36.35050000 -538.70000000
v 2.36184000 -29.43300000 -544.32300000
v 2.47979000 -29.19340000 -543.97600000
v -5.02170000 -36.89210000 -542.29400000
v 2.22850000 -29.26760000 -544.45000000
v -1.27980000 -23.00450000 -537.32900000
v 3.58318000 -30.86210000 -542.55100000
v 3.57367000 -30.97450000 -542.75700000
v 3.59801000 -30.04550000 -541.56800000
v 3.43484000 -30.11160000 -542.62000000
v 4.27078000 -34.83480000 -542.36500000
v 3.64469000 -30.60400000 -541.70800000
v 3.61259000 -30.27710000 -541.92500000
v 3.59622000 -30.42510000 -542.11400000
v 3.54410000 -30.38060000 -542.35300000
v -4.21684000 -22.99660000 -540.76100000
v 4.11422000 -34.68060000 -541.96300000
v 3.54045000 -30.61000000 -542.53100000
v 4.48805000 -35.49570000 -543.21200000
v 2.95975000 -30.82010000 -544.31800000
v 3.16621000 -31.77300000 -544.69600000
v -5.30739000 -36.54700000 -539.19500000
v 3.33315000 -31.68590000 -544.31400000
v 3.25447000 -31.44240000 -544.29600000
v -1.46134000 -22.39490000 -537.80900000
v 3.00423000 -31.12500000 -544.51200000
v 3.03793000 -31.31630000 -544.60900000
v 2.84924000 -30.98530000 -544.67200000
v 3.15159000 -31.22570000 -544.31800000
v 3.08841000 -31.53850000 -544.68800000
v 2.84455000 -30.49350000 -544.22100000
v -5.49555000 -36.37770000 -539.20300000
v 2.77016000 -30.28530000 -544.21000000
v 3.02712000 -30.29440000 -543.68900000
v -5.13030000 -36.27330000 -538.97100000
v 3.02310000 -30.48280000 -543.84400000
v 2.30550000 -26.18210000 -541.73900000
v -5.30882000 -36.32350000 -539.08200000
v -5.21107000 -36.78940000 -542.43600000
v 0.96731600 -25.53290000 -542.87500000
v 1.56848000 -25.80880000 -542.63200000
v -5.84014000 -36.60420000 -539.53400000
v -5.63476000 -36.71720000 -539.45400000
v 2.25266000 -25.41360000 -541.88400000
v -5.34486000 -35.48340000 -538.80800000
v -5.81327000 -36.31970000 -539.39300000
v 2.07848000 -24.02260000 -541.70200000
v 1.85593000 -23.96180000 -541.82300000
v 2.94979000 -26.11560000 -540.50500000
v 4.46330000 -35.69070000 -543.33500000
v 2.91665000 -26.00690000 -540.69400000
v -5.77536000 -35.51810000 -539.15100000
v 3.64802000 -31.85970000 -543.70900000
v 3.46752000 -31.61220000 -543.96100000
v -5.63669000 -35.96620000 -539.13300000
v 3.82016000 -32.34500000 -543.60900000
v -5.30867000 -36.95010000 -539.41700000
v 4.50297000 -35.31680000 -543.11500000
v 2.98675000 -22.98980000 -540.28100000
v 0.96157100 -31.28440000 -546.76700000
v -4.22761000 -32.57770000 -537.48000000
v 0.93595500 -31.07610000 -546.68500000
v 2.01049000 -31.35080000 -546.11700000
v 4.22953000 -36.20010000 -543.48700000
v 1.85888000 -30.79950000 -545.87300000
v 1.55954000 -30.87670000 -546.16900000
v 1.49641000 -30.66090000 -546.11000000
v 4.52649000 -35.69780000 -543.56700000
v 2.77682000 -23.10420000 -540.58800000
v -3.45912000 -33.80160000 -537.49700000
v -4.43078000 -32.44060000 -537.59800000
v 1.66314000 -29.57760000 -545.18800000
v -0.14104300 -28.62940000 -545.55400000
v -0.23692600 -28.98640000 -545.79300000
v 4.52016000 -34.95000000 -542.99200000
v 0.08311070 -28.73840000 -545.54000000
v 0.50060700 -28.48090000 -545.16700000
v 0.54975000 -28.69360000 -545.33100000
v 0.79597800 -28.79770000 -545.29500000
v 0.28846800 -28.86250000 -545.54900000
v -4.61291000 -32.28450000 -537.71600000
v 0.37965800 -29.04960000 -545.63600000
v -0.66302200 -32.51950000 -537.11700000
v 1.36544000 -34.78110000 -545.18000000
v 0.29321900 -25.68920000 -543.43800000
v -4.61193000 -32.51980000 -537.72300000
v -0.13166300 -25.74590000 -543.60300000
v -4.82216000 -32.23620000 -537.86300000
v -0.35397200 -26.01630000 -543.90100000
v -0.47041300 -25.99540000 -543.71600000
v -1.13104000 -27.46600000 -544.68500000
v -0.95973300 -27.26250000 -544.70800000
v -0.76479600 -27.07570000 -544.72800000
v -0.96072700 -27.48780000 -544.83500000
v 4.34053000 -34.46180000 -542.25700000
v 4.39770000 -34.73730000 -542.59000000
v -1.15515000 -26.85940000 -544.26400000
v -4.93471000 -33.68880000 -538.10600000
v -1.28185000 -27.25310000 -544.37800000
v 0.36317000 -26.16090000 -543.91600000
v -5.03099000 -33.42050000 -538.09600000
v 0.48253300 -25.77240000 -543.41000000
v -4.91450000 -33.26770000 -537.97900000
v 0.87478000 -25.79850000 -543.20800000
v 0.72796800 -26.02580000 -543.54400000
v 0.52817600 -25.93840000 -543.57600000
v 0.49329400 -26.32560000 -543.96700000
v -0.92408900 -26.64760000 -544.31700000
v 2.73069000 -23.43640000 -540.80100000
v -0.67816000 -26.30480000 -544.07700000
v -0.50921300 -26.33000000 -544.28200000
v -4.72573000 -33.38010000 -537.89000000
v -5.96673000 -32.80700000 -539.16000000
v -4.82200000 -36.99250000 -542.25400000
v -1.30343000 -29.66830000 -546.30700000
v -1.04596000 -29.71010000 -546.36800000
v 0.02586040 -29.47070000 -546.04100000
v 0.17996500 -29.15810000 -545.78100000
v 0.41053700 -29.23090000 -545.73800000
v 1.24353000 -29.50610000 -545.45900000
v 4.13245000 -32.82770000 -541.67100000
v 1.45631000 -29.57950000 -545.34700000
v -5.77409000 -31.27900000 -539.46100000
v 1.25600000 -29.86750000 -545.71700000
v -5.64762000 -30.39020000 -539.44200000
v -5.74371000 -31.01740000 -539.46100000
v 2.50471000 -23.62130000 -541.11100000
v -5.70154000 -30.58990000 -539.47200000
v 0.85307000 -29.71590000 -545.86200000
v -3.40300000 -35.33070000 -545.99500000
v -0.06110310 -27.00750000 -544.62700000
v -5.77955000 -30.75590000 -539.57000000
v 0.19066100 -27.04940000 -544.54800000
v -5.46733000 -30.87700000 -539.00300000
v 0.24038900 -27.30030000 -544.60600000
v -5.52577000 -31.09590000 -539.05000000
v -5.53252000 -30.73060000 -539.15300000
v -1.56410000 -29.38630000 -546.08000000
v -5.33272000 -30.44500000 -538.88600000
v -1.49419000 -29.15440000 -545.94000000
v -5.32389000 -30.78590000 -538.77600000
v 2.51924000 -28.87280000 -543.65200000
v 2.64665000 -29.05370000 -543.58400000
v -6.18172000 -31.24600000 -540.23000000
v 2.42579000 -28.95710000 -543.88900000
v -6.14092000 -33.16270000 -539.39400000
v 4.29606000 -33.23630000 -542.25700000
v 2.22203000 -29.05460000 -544.31900000
v -6.24075000 -33.26490000 -539.55900000
v -1.01914000 -21.11890000 -536.54200000
v -2.01621000 -21.15640000 -539.05200000
v -2.09920000 -20.79000000 -538.96600000
v -1.93566000 -20.94330000 -538.94100000
v 4.43056000 -33.71610000 -542.52800000
v 2.59455000 -28.62570000 -543.32600000
v -1.52957000 -20.46420000 -538.57700000
v 2.77855000 -23.82940000 -540.90900000
v -2.32804000 -20.47470000 -538.85700000
v 2.47279000 -28.12600000 -543.02600000
v -2.27465000 -20.65820000 -538.95100000
v 2.34478000 -28.18980000 -543.43300000
v -1.23541000 -19.34060000 -537.95400000
v 2.21933000 -28.02420000 -543.38400000
v 2.39975000 -36.28660000 -540.50700000
v 2.53169000 -36.41260000 -540.71500000
v 0.81890100 -35.64930000 -538.89000000
v 2.39449000 -35.91660000 -540.31500000
v 2.51924000 -35.71370000 -540.32200000
v 2.54934000 -35.52750000 -540.22900000
v 2.47528000 -36.07510000 -540.47800000
v 2.64947000 -36.07460000 -540.67800000
v 2.67329000 -35.35570000 -540.24000000
v 2.97681000 -35.10810000 -540.44800000
v -1.14933000 -31.00330000 -536.87200000
v -1.34308000 -19.50470000 -538.08900000
v 1.72545000 -24.95790000 -542.30200000
v -0.05731440 -31.46330000 -537.13200000
v -0.30754100 -37.29230000 -540.81200000
v -0.49284500 -19.14670000 -537.43700000
v -2.44247000 -19.60230000 -537.52400000
v 0.36311000 -37.51830000 -540.89500000
v 0.30328400 -37.49540000 -540.65100000
v -0.09946430 -37.38680000 -540.76200000
v 0.83696300 -37.30150000 -540.10600000
v -2.13083000 -19.39100000 -537.36200000
v 0.43681500 -37.21570000 -539.92200000
v -2.20753000 -19.40530000 -537.12400000
v 4.32221000 -33.41170000 -542.14800000
v -2.54367000 -19.70480000 -537.70800000
v -2.43361000 -19.68890000 -537.93300000
v -3.04985000 -20.14270000 -537.93600000
v 0.04591520 -37.04530000 -539.68400000
v -0.82364800 -36.78330000 -539.49000000
v -3.35885000 -20.48600000 -538.42300000
v -3.76527000 -21.91630000 -539.71000000
v -4.31732000 -22.15210000 -539.66600000
v 2.60147000 -33.53860000 -546.78000000
v 2.78892000 -33.47250000 -546.65500000
v 2.82725000 -33.22430000 -546.64100000
v -4.44455000 -22.11340000 -539.48500000
v 2.70909000 -34.62200000 -545.91000000
v 2.38122000 -34.45780000 -545.86000000
v -3.81582000 -21.44550000 -539.27200000
v 0.44022700 -35.06290000 -544.50500000
v 1.15122000 -34.84970000 -545.09000000
v -4.22546000 -21.77350000 -539.30100000
v -1.54525000 -22.23720000 -538.01600000
v -3.13173000 -20.79740000 -539.08800000
v 2.48984000 -34.62040000 -545.80700000
v 2.13550000 -34.73470000 -545.56200000
v -3.47263000 -21.14070000 -539.21800000
v -3.28137000 -21.13400000 -539.30800000
v -3.04610000 -20.46790000 -538.82900000
v 1.60039000 -34.16870000 -546.02300000
v -4.54581000 -23.85140000 -537.84500000
v 1.92616000 -33.75370000 -547.31400000
v 1.60978000 -33.94220000 -547.50200000
v 1.93340000 -33.04390000 -547.34700000
v -4.05308000 -23.23030000 -536.91800000
v -0.68127400 -32.87160000 -537.24700000
v 1.02437000 -34.50330000 -547.60200000
v 0.47881200 -34.62830000 -547.97200000
v -4.17575000 -22.89520000 -537.14600000
v 1.86926000 -35.19730000 -545.21100000
v 1.49873000 -24.91030000 -542.39000000
v 0.72538200 -34.17650000 -548.04200000
v 3.22436000 -29.92450000 -540.53400000
v 3.12051000 -29.89590000 -540.33000000
v -4.11301000 -22.47350000 -537.16000000
v 2.93751000 -30.20100000 -539.40900000
v -4.49560000 -22.14490000 -538.45200000
v -3.50674000 -36.27680000 -538.49700000
v -3.52389000 -36.06620000 -538.37600000
v 4.41713000 -33.85740000 -542.29900000
v -1.40216000 -31.13690000 -536.82600000
v -1.63263000 -31.30980000 -536.81600000
v -1.42971000 -31.40590000 -536.82000000
v -2.89447000 -32.03210000 -536.74200000
v -4.57465000 -22.40820000 -538.43100000
v -3.49005000 -30.87990000 -536.77200000
v -3.61294000 -31.04850000 -536.90900000
v -2.76301000 -31.59120000 -536.68900000
v -2.41997000 -31.79900000 -536.73900000
v -2.63407000 -31.74100000 -536.71100000
v -2.47415000 -31.55840000 -536.71200000
v -2.15997000 -32.12510000 -536.79400000
v -1.56037000 -32.31740000 -536.83500000
v -3.97614000 -21.23010000 -538.61700000
v -4.31392000 -21.66920000 -538.89100000
v -0.67140200 -33.83670000 -537.61300000
v -4.63860000 -22.40460000 -539.22600000
v -1.04473000 -33.52280000 -537.39900000
v -4.59570000 -22.32640000 -539.44900000
v -0.62319700 -33.60550000 -537.53500000
v -3.24628000 -23.78960000 -536.04600000
v 0.52906500 -34.15670000 -537.99000000
v 0.75836100 -34.11730000 -538.05300000
v -0.94569600 -33.30800000 -537.33100000
v -4.14128000 -22.09250000 -537.40200000
v -4.14377000 -21.90340000 -537.55300000
v -1.10196000 -32.96480000 -537.13600000
v -4.24793000 -22.09850000 -537.63600000
v -0.56283400 -33.38040000 -537.48100000
v 1.60300000 -23.91010000 -541.89800000
v -1.12922000 -32.75890000 -537.04000000
v -2.77008000 -21.97420000 -536.10400000
v 0.05327050 -37.18940000 -539.86700000
v -4.11506000 -21.38320000 -538.22400000
v -0.31698200 -37.08060000 -539.74600000
v -2.52824000 -20.26880000 -536.52000000
v 4.33053000 -33.58950000 -542.04100000
v 4.37611000 -34.02620000 -542.13800000
v 0.95884400 -31.62790000 -537.37000000
v -1.37340000 -19.18720000 -536.20300000
v -1.40391000 -19.40490000 -536.03200000
v 2.58704000 -36.70390000 -541.90200000
v 0.60628400 -32.35950000 -537.52400000
v 0.76258800 -32.02200000 -537.41600000
v -0.16065100 -19.06370000 -536.77100000
v 4.60213000 -35.33350000 -544.31100000
v 0.83901100 -32.42270000 -537.69900000
v 1.52876000 -32.00070000 -537.90600000
v 4.56077000 -35.55000000 -544.33600000
v 2.66736000 -36.38300000 -542.18100000
v 2.00652000 -32.67730000 -538.55200000
v 2.53945000 -36.60120000 -542.12600000
v 0.98789100 -32.26230000 -537.70700000
v 1.69079000 -32.53980000 -538.25300000
v -1.18497000 -36.56420000 -539.22100000
v 1.22611000 -32.28040000 -537.85300000
v 2.58962000 -34.80500000 -545.75200000
v 1.03062000 -33.06890000 -538.02200000
v 1.21702000 -32.99840000 -538.11600000
v -3.16108000 -32.94690000 -537.05700000
v -1.32632000 -36.26680000 -538.88700000
v -2.80795000 -33.21620000 -537.08400000
v -1.12563000 -35.99870000 -538.67900000
v -3.25883000 -32.46990000 -536.94400000
v 2.37795000 -24.63510000 -541.64100000
v -2.79827000 -32.71390000 -536.86400000
v -2.77407000 -34.13890000 -537.60600000
v -1.54210000 -35.88980000 -538.44300000
v -2.54565000 -34.10980000 -537.61100000
v -3.17081000 -34.07920000 -537.58400000
v -4.18237000 -38.00530000 -539.92100000
v -3.93954000 -37.95300000 -539.87100000
v -3.37581000 -36.94330000 -538.98000000
v -2.93519000 -21.42850000 -536.40500000
v -2.07251000 -35.63840000 -538.19300000
v -0.61873700 -37.03050000 -541.07900000
v 2.77201000 -26.28490000 -540.87600000
v -0.79808800 -36.44930000 -539.21800000
v -1.43849000 -36.26300000 -542.32600000
v -1.51983000 -36.09230000 -542.73600000
v -0.90076500 -36.19510000 -538.95800000
v -1.11243000 -36.13990000 -538.83500000
v -2.71649000 -21.11230000 -536.43900000
v -1.33777000 -36.65820000 -541.81700000
v -0.99979300 -36.39520000 -539.12400000
v -1.85918000 -36.66280000 -539.07700000
v -1.69742000 -36.34090000 -542.42500000
v -1.95141000 -37.03740000 -542.02800000
v 2.47035000 -36.92840000 -541.83500000
v -1.98620000 -36.91450000 -542.22500000
v -1.73503000 -36.49460000 -542.28100000
v -1.66272000 -37.34190000 -541.43200000
v -1.76626000 -37.23330000 -541.61400000
v -1.67092000 -37.02350000 -541.73100000
v -1.74970000 -36.19840000 -538.67200000
v -1.65185000 -36.71740000 -541.96900000
v 3.95498000 -35.34630000 -542.23900000
v 3.84644000 -36.05340000 -542.79200000
v -0.70353000 -37.18130000 -540.01400000
v -1.50714000 -36.40560000 -538.94600000
v -1.16550000 -37.02450000 -539.68200000
v -1.69412000 -36.53660000 -539.00000000
v -1.02960000 -36.69840000 -539.39200000
v -1.39115000 -37.14210000 -539.74200000
v -2.11938000 -37.75780000 -540.03500000
v -2.48549000 -36.85410000 -539.07300000
v -1.40058000 -33.79430000 -537.56000000
v -2.48124000 -36.53140000 -538.78300000
v -0.98404300 -34.27640000 -537.85000000
v -1.21089000 -34.29910000 -537.88600000
v 4.11026000 -35.76040000 -542.77000000
v 2.38390000 -34.14410000 -539.30100000
v 2.27096000 -34.06770000 -539.14600000
v 2.14434000 -33.34490000 -538.85000000
v 2.18851000 -33.54230000 -538.93600000
v 3.19949000 -33.15380000 -546.27300000
v -2.91700000 -21.22040000 -536.49800000
v -2.57098000 -36.37000000 -538.62500000
v 2.46535000 -34.70410000 -539.50500000
v 1.85106000 -34.69760000 -538.83000000
v -2.34468000 -36.36610000 -538.66800000
v 3.91548000 -35.87540000 -542.66200000
v 1.48444000 -34.86210000 -538.63900000
v -1.94204000 -34.66790000 -537.91800000
v 3.34837000 -32.96200000 -545.92900000
v -1.42945000 -35.04490000 -538.02400000
v -1.69372000 -35.07370000 -538.01000000
v -2.09114000 -34.90390000 -537.94700000
v -2.90794000 -36.67930000 -538.81600000
v -1.94687000 -36.31530000 -538.71800000
v -1.97804000 -36.13360000 -538.55400000
v -1.95982000 -35.97700000 -538.43500000
v -2.41539000 -36.17200000 -538.49600000
v -2.64123000 -36.06180000 -538.38000000
v 3.98536000 -36.13750000 -543.03400000
v -2.87731000 -36.17310000 -538.42800000
v 4.58185000 -35.01450000 -544.50800000
v -2.83355000 -36.35990000 -538.57700000
v -3.07782000 -36.30240000 -538.50400000
v 4.50567000 -34.67460000 -544.74300000
v -3.55123000 -35.67000000 -538.19400000
v -1.26070000 -20.00990000 -535.78300000
v -0.93801600 -19.56240000 -535.85700000
v -1.19685000 -19.49310000 -535.92500000
v -2.21071000 -20.48830000 -536.22400000
v -3.31856000 -35.78040000 -538.19800000
v 2.35636000 -34.78380000 -545.64500000
v -2.57882000 -19.91380000 -536.88000000
v -2.44672000 -19.86470000 -536.72000000
v -2.80375000 -20.02360000 -537.24000000
v -2.46519000 -35.75630000 -538.20900000
v -2.95643000 -20.41390000 -537.05400000
v -2.70246000 -20.10660000 -536.88700000
v -2.81225000 -20.30650000 -536.88900000
v -2.87627000 -20.50830000 -536.82700000
v -4.44281000 -23.03060000 -537.68300000
v -2.24802000 -35.81640000 -538.27600000
v -4.38434000 -22.90540000 -537.52300000
v -4.36309000 -23.74010000 -537.50400000
v -2.87933000 -35.98040000 -538.29000000
v -4.26942000 -23.80540000 -541.40100000
v -3.16142000 -36.61490000 -538.73300000
v -4.35937000 -23.49890000 -537.54200000
v -4.10213000 -23.64330000 -536.96100000
v -3.53142000 -36.78860000 -538.85500000
v -4.25256000 -23.12120000 -537.24900000
v -4.29907000 -23.34280000 -537.36700000
v -4.08397000 -23.42700000 -536.95000000
v -3.28314000 -36.42060000 -538.58400000
v -4.07921000 -23.87390000 -536.90700000
v -3.96468000 -23.53480000 -536.76200000
v 1.01478000 -34.35750000 -538.19800000
v -3.92259000 -23.91570000 -536.67700000
v -2.48396000 -23.71410000 -535.68000000
v 1.16755000 -33.91980000 -538.21500000
v -4.66536000 -23.66280000 -538.15900000
v -4.71439000 -23.49520000 -538.30700000
v 0.94173400 -33.97860000 -538.11200000
v -4.76399000 -23.85800000 -538.24300000
v -3.46117000 -20.61630000 -538.54700000
v -0.29125200 -34.55800000 -537.94900000
v -3.77076000 -20.95720000 -538.42200000
v -3.62353000 -20.78560000 -538.45200000
v -3.94446000 -21.28360000 -538.85400000
v -4.10572000 -21.38400000 -538.66700000
v -0.38888800 -34.91640000 -538.02400000
v -3.58019000 -21.48510000 -539.44900000
v -3.65601000 -21.15610000 -539.08800000
v -3.99397000 -21.44050000 -539.07000000
v -2.23253000 -19.76580000 -538.34000000
v -0.59771000 -34.88930000 -538.01300000
v -2.53624000 -19.99050000 -538.50400000
v -2.89584000 -20.84960000 -539.14500000
v -2.51985000 -37.35520000 -539.53900000
v -2.63112000 -20.82080000 -539.10800000
v -2.35376000 -21.15080000 -539.23900000
v -2.57030000 -21.14660000 -539.31700000
v -2.16890000 -37.44030000 -539.74000000
v 3.64005000 -33.57350000 -546.01000000
v -5.59345000 -33.47920000 -538.60500000
v -5.43096000 -33.66090000 -538.48500000
v -5.87320000 -34.45360000 -539.06600000
v -2.55303000 -21.87080000 -536.06800000
v -6.01263000 -34.49940000 -539.26700000
v 3.88978000 -35.59140000 -542.36600000
v -5.75258000 -33.76750000 -538.83800000
v -2.74326000 -37.12350000 -539.24000000
v -5.62806000 -33.94140000 -538.72900000
v -5.34261000 -32.40300000 -538.33400000
v -1.53320000 -36.84910000 -539.38000000
v 4.28091000 -33.64110000 -541.84800000
v -4.41928000 -32.21220000 -537.58600000
v -4.28570000 -32.02100000 -537.48000000
v -3.12176000 -32.11970000 -536.80700000
v -2.88095000 -32.25480000 -536.77400000
v -3.48207000 -32.45250000 -537.06100000
v 4.25751000 -33.86660000 -541.78500000
v -1.38487000 -36.71210000 -539.28100000
v -2.20625000 -37.47050000 -541.93600000
v -4.58039000 -33.92920000 -537.95400000
v -4.71095000 -33.73920000 -537.97500000
v -4.51090000 -33.12740000 -537.72000000
v 4.21068000 -33.21720000 -541.72300000
v -4.34809000 -33.31880000 -537.66000000
v -1.75991000 -34.42220000 -548.19400000
v 1.73372000 -33.20260000 -538.49400000
v -3.99544000 -33.18890000 -537.43700000
v -4.13764000 -33.00110000 -537.47400000
v -2.34430000 -21.41020000 -536.13300000
v -4.25087000 -31.77410000 -537.40000000
v -3.70117000 -32.05380000 -537.11900000
v -3.20335000 -33.29970000 -537.27200000
v -2.24029000 -37.19390000 -542.37300000
v -2.03108000 -36.49590000 -542.81400000
v -1.65287000 -22.68200000 -538.01000000
v -3.74986000 -32.26100000 -537.18900000
v -3.91006000 -32.09270000 -537.25900000
v 2.24126000 -32.87200000 -547.10400000
v -2.38037000 -37.36680000 -542.36900000
v -2.26427000 -36.83960000 -542.79300000
v -3.96908000 -32.55690000 -537.33500000
v -2.51688000 -21.11340000 -536.32300000
v -2.20431000 -37.78860000 -541.49100000
v -5.55915000 -35.52500000 -538.96300000
v -1.99227000 -37.67600000 -541.38500000
v -5.57032000 -35.04090000 -538.86400000
v -5.38429000 -35.20680000 -538.76100000
v -5.19309000 -35.08360000 -538.61300000
v -2.86158000 -35.34770000 -538.00200000
v -2.52466000 -21.34490000 -536.24300000
v -3.78552000 -35.94000000 -538.36100000
v -3.81377000 -35.70990000 -538.27700000
v -1.46407000 -37.21950000 -541.38000000
v -4.05252000 -34.93070000 -538.13300000
v -4.22541000 -35.97640000 -538.49500000
v -3.97198000 -36.08890000 -538.47700000
v 4.15643000 -33.30170000 -541.48600000
v -3.92741000 -35.45310000 -538.23800000
v -4.05850000 -35.62320000 -538.32600000
v -1.77072000 -37.55410000 -541.30900000
v -4.34674000 -35.27390000 -538.34100000
v -1.78916000 -37.83310000 -541.00400000
v -4.41539000 -34.90330000 -538.27400000
v -4.25716000 -34.82160000 -538.17600000
v -4.49289000 -34.50060000 -538.12600000
v -4.58817000 -34.29490000 -538.08000000
v 4.07091000 -32.96760000 -541.29500000
v -4.07875000 -36.50590000 -538.73300000
v -3.88332000 -36.63050000 -538.77300000
v -1.65811000 -35.13850000 -545.50900000
v 1.57795000 -33.07770000 -547.57600000
v -3.65446000 -36.61910000 -538.73900000
v -3.78238000 -36.28660000 -538.54100000
v -1.29815000 -37.32730000 -541.01100000
v -2.44075000 -32.99700000 -536.92000000
v -2.00051000 -33.01280000 -536.99500000
v -2.38631000 -33.20780000 -536.97200000
v -1.37731000 -37.30040000 -541.18900000
v -2.79570000 -32.97270000 -536.93600000
v -2.08357000 -37.24280000 -542.00900000
v -1.94581000 -37.36340000 -541.66800000
v -2.01872000 -33.76920000 -537.38100000
v -2.12261000 -37.51020000 -541.74700000
v -2.76375000 -37.69530000 -539.79000000
v -2.09689000 -33.42770000 -537.10500000
v -1.83984000 -33.84720000 -537.50900000
v -2.88607000 -37.57710000 -539.64600000
v -2.39661000 -37.48290000 -539.70100000
v -2.50585000 -37.65100000 -539.82000000
v -2.88478000 -33.55750000 -537.35900000
v -2.20448000 -35.14220000 -547.02400000
v -4.17977000 -33.51760000 -537.62100000
v -2.56007000 -35.03200000 -546.52700000
v -3.10025000 -37.34640000 -539.36400000
v 1.41204000 -31.84640000 -537.72700000
v -4.32512000 -33.95860000 -537.82900000
v -2.93356000 -36.87990000 -538.97800000
v -4.11741000 -34.11200000 -537.78900000
v -3.84070000 -33.91870000 -537.62700000
v -2.92977000 -37.07230000 -539.14500000
v -2.74888000 -34.57990000 -547.02500000
v -3.79096000 -33.55500000 -537.47200000
v -5.28234000 -25.60140000 -541.81500000
v -5.29129000 -25.51240000 -541.58300000
v -3.10528000 -37.18230000 -539.21100000
v -5.32480000 -26.12910000 -540.99200000
v -5.27725000 -26.30380000 -540.84700000
v -5.34140000 -25.41560000 -540.95400000
v -5.30166000 -25.48240000 -540.74600000
v -3.31784000 -37.12320000 -539.13500000
v -5.14487000 -25.92280000 -540.63900000
v -5.35991000 -25.28720000 -541.17400000
v -3.77755000 -37.13140000 -539.13900000
v -5.32203000 -25.39700000 -541.37100000
v -3.89201000 -36.95430000 -539.01000000
v -4.35700000 -36.91900000 -539.09000000
v -5.41566000 -26.12880000 -541.23900000
v -4.23533000 -36.77510000 -538.95100000
v -5.38902000 -25.94890000 -541.69000000
v 2.48394000 -33.40360000 -546.93200000
v -5.08958000 -26.51940000 -540.50200000
v -5.21758000 -26.46180000 -540.70300000
v -2.46056000 -35.16170000 -537.98900000
v 2.51059000 -33.15910000 -546.93200000
v -5.42990000 -26.61150000 -541.09700000
v -2.49075000 -35.54440000 -538.10000000
v -1.48027000 -35.41200000 -538.10100000
v -1.99236000 -35.28120000 -538.05200000
v -2.32793000 -34.94090000 -537.94500000
v -2.47072000 -34.43670000 -547.58700000
v -5.35697000 -26.75450000 -540.88500000
v -4.53855000 -23.89240000 -541.37100000
v -2.26326000 -34.48940000 -537.81600000
v -5.93881000 -28.86520000 -540.75300000
v -2.19933000 -34.28570000 -537.75500000
v -5.73248000 -28.25520000 -541.09800000
v -5.26130000 -24.59560000 -541.16800000
v -5.26037000 -24.35340000 -540.83600000
v -5.30713000 -24.57520000 -540.94200000
v -5.23692000 -24.84550000 -541.48000000
v -2.16785000 -34.06700000 -537.64000000
v -1.78991000 -34.18820000 -537.79900000
v 2.22844000 -34.94120000 -545.48100000
v -2.05174000 -33.90860000 -548.17600000
v -5.13054000 -24.38360000 -541.26900000
v -1.75322000 -34.00010000 -537.66700000
v -5.20717000 -24.00690000 -540.47700000
v -1.84644000 -34.41270000 -537.87900000
v -5.08575000 -23.47740000 -539.77200000
v -5.08236000 -23.47400000 -539.50600000
v -4.91915000 -23.07780000 -539.69900000
v -4.94630000 -23.12890000 -539.47900000
v 2.11947000 -33.08510000 -547.22700000
v -5.09586000 -23.58130000 -540.21000000
v -1.38404000 -34.44220000 -537.95000000
v -5.17628000 -23.79330000 -540.10600000
v -5.04072000 -23.39450000 -540.02900000
v 1.37221000 -33.12230000 -538.24100000
v -5.10932000 -23.68140000 -539.41300000
v 1.07420000 -32.81900000 -537.97700000
v -2.08327000 -34.64280000 -547.85400000
v -5.14539000 -23.90480000 -539.44700000
v -4.88449000 -25.78200000 -539.18400000
v -3.55912000 -25.79300000 -536.33900000
v -3.72100000 -25.69830000 -536.51900000
v -3.85194000 -25.32170000 -536.66300000
v -4.08929000 -25.48550000 -536.97300000
v -4.28619000 -24.83180000 -537.23000000
v -4.17406000 -24.74040000 -537.05000000
v -4.11638000 -25.23210000 -537.01500000
v 1.90530000 -32.86090000 -538.52800000
v -4.08143000 -24.98030000 -536.95000000
v -3.69910000 -25.93830000 -536.51200000
v -4.11497000 -26.48880000 -537.21800000
v 1.73727000 -32.94930000 -538.44000000
v -4.05491000 -26.13130000 -536.99600000
f 9338 1 2
f 9360 2 1
f 9338 3 1
f 9364 1 3
f 9364 9360 1
f 41 97 2
f 41 2 9360
f 2 87 85
f 9338 2 85
f 97 87 2
f 43 3 88
f 43 9362 3
f 9338 88 3
f 9364 3 9362
f 6 277 4
f 4 313 6
f 4 282 40
f 4 40 283
f 277 282 4
f 313 4 283
f 3302 543 5
f 10027 5 543
f 5047 3302 5
f 5047 5 3360
f 7385 3360 5
f 10027 7385 5
f 6 276 277
f 6 9343 276
f 6 313 9344
f 6 9344 9343
f 9 7 1020
f 9 9656 7
f 488 490 7
f 9656 488 7
f 492 7 490
f 492 1020 7
f 9 1020 8
f 9 8 9529
f 1021 8 1020
f 9446 8 1021
f 9446 9529 8
f 9 9529 11
f 9 11 9656
f 10 321 320
f 10 320 489
f 10 9344 321
f 10 489 9342
f 10 9342 9343
f 10 9343 9344
f 11 276 9343
f 11 9529 276
f 11 9343 9342
f 11 9342 9656
f 12 313 283
f 12 283 567
f 12 567 284
f 12 284 9532
f 12 9558 313
f 12 9532 9558
f 858 13 50
f 13 10933 50
f 1832 13 858
f 1832 6312 13
f 11391 13 6312
f 11391 10933 13
f 402 15 14
f 15 1785 14
f 16 397 14
f 1785 16 14
f 14 397 396
f 14 396 403
f 402 14 403
f 395 15 410
f 395 1785 15
f 411 15 402
f 411 410 15
f 16 9574 397
f 1784 16 1785
f 9575 16 1784
f 9575 9574 16
f 17 339 337
f 337 9349 17
f 17 342 339
f 17 340 342
f 17 1777 340
f 9349 1777 17
f 3530 5058 18
f 5916 3530 18
f 18 5058 5059
f 18 5059 8466
f 5916 18 8465
f 18 8466 8465
f 1783 1778 19
f 9349 19 1778
f 1782 1783 19
f 9571 1782 19
f 9349 9348 19
f 9348 9574 19
f 9571 19 9574
f 20 22 67
f 9350 22 20
f 20 67 65
f 9387 20 65
f 9390 9350 20
f 9387 9390 20
f 21 69 5129
f 9350 69 21
f 21 4444 4441
f 21 4441 9681
f 21 5129 4444
f 9350 21 9681
f 22 4447 67
f 9681 4447 22
f 9350 9681 22
f 1979 23 25
f 9352 25 23
f 150 149 23
f 149 9352 23
f 1978 150 23
f 1978 23 1979
f 149 158 24
f 149 24 9352
f 24 5561 155
f 24 155 5563
f 24 158 5561
f 9352 24 5563
f 10761 1979 25
f 2026 25 9352
f 10906 25 2026
f 10761 25 10906
f 2198 26 5224
f 2198 7288 26
f 5222 5223 26
f 7291 5222 26
f 5223 5224 26
f 7288 7291 26
f 9710 37 27
f 27 37 9711
f 4868 555 27
f 9710 27 555
f 27 556 4868
f 556 27 9711
f 29 36 28
f 29 28 9370
f 682 28 36
f 9370 28 49
f 49 28 11064
f 682 11064 28
f 29 672 36
f 29 6441 672
f 29 6442 6441
f 29 9370 6442
f 1264 30 32
f 30 9354 32
f 1264 2240 30
f 2240 2238 30
f 30 2238 9354
f 3448 31 1253
f 31 10254 1253
f 1254 31 1680
f 1254 10254 31
f 31 10257 1680
f 3448 10257 31
f 1260 32 9354
f 10260 32 1260
f 10258 32 1261
f 10260 1261 32
f 1264 32 10258
f 630 33 5256
f 630 9355 33
f 4434 33 9355
f 9805 33 4434
f 33 5287 5256
f 9805 5287 33
f 9355 34 35
f 35 34 9750
f 3171 34 631
f 34 9355 631
f 3171 9753 34
f 9750 34 9753
f 35 4434 9355
f 9794 4434 35
f 9789 35 9750
f 9794 35 9789
f 672 37 36
f 9710 36 37
f 9710 682 36
f 672 671 37
f 671 9711 37
f 38 9359 42
f 38 42 9367
f 47 648 38
f 47 38 9367
f 38 648 649
f 38 649 9359
f 646 9360 39
f 9768 646 39
f 649 39 9359
f 9768 39 649
f 9359 39 9364
f 39 9360 9364
f 567 40 271
f 1425 271 40
f 1425 40 282
f 283 40 567
f 41 9412 97
f 646 641 41
f 41 641 9412
f 646 41 9360
f 904 42 9362
f 9365 42 904
f 9359 9362 42
f 9365 9367 42
f 86 904 43
f 86 43 9978
f 43 88 9407
f 43 904 9362
f 43 9407 9978
f 9365 45 44
f 44 45 9989
f 46 9365 44
f 46 44 9985
f 44 918 9985
f 44 9989 918
f 45 904 86
f 45 86 906
f 9365 904 45
f 45 906 9989
f 46 299 2388
f 46 9985 299
f 46 2388 11088
f 46 9367 9365
f 46 11088 9367
f 47 650 648
f 680 650 47
f 680 47 11088
f 47 9367 11088
f 48 6443 6442
f 48 6442 9370
f 48 9780 6443
f 48 9370 9782
f 48 9782 9780
f 2373 9778 49
f 2373 49 11064
f 9370 49 9782
f 9782 49 9778
f 858 50 3477
f 2220 7299 50
f 2220 50 10933
f 50 7299 3477
f 51 52 9375
f 51 9821 52
f 51 9375 689
f 51 689 9806
f 51 9806 698
f 51 698 9821
f 9813 9375 52
f 9814 9813 52
f 9814 52 9821
f 494 53 9664
f 9807 53 494
f 692 9667 53
f 9813 692 53
f 9375 53 9807
f 9813 53 9375
f 9667 9664 53
f 54 56 2525
f 54 9393 56
f 54 2525 5164
f 54 5164 5820
f 54 5820 9376
f 54 9376 9393
f 55 73 9376
f 11195 73 55
f 55 9376 5820
f 55 5820 9378
f 9868 55 9378
f 11195 55 9868
f 56 9393 783
f 56 783 9901
f 56 2526 2525
f 56 9901 2526
f 754 57 60
f 5778 60 57
f 754 755 57
f 755 9868 57
f 5778 57 9378
f 9868 9378 57
f 9870 58 59
f 11172 59 58
f 757 58 9870
f 757 9873 58
f 11172 58 9873
f 2430 9869 59
f 2430 59 11172
f 9869 9379 59
f 9870 59 9379
f 754 60 9869
f 9845 60 5778
f 9845 9379 60
f 9869 60 9379
f 61 9384 63
f 9619 61 63
f 61 66 9384
f 9620 66 61
f 9619 9383 61
f 9620 61 9383
f 62 1928 63
f 62 63 9388
f 62 68 448
f 62 9388 68
f 62 448 1929
f 62 1929 1928
f 9619 63 1928
f 9384 9388 63
f 9383 440 64
f 64 440 9624
f 1899 443 64
f 9383 64 443
f 1899 64 7401
f 64 9624 7401
f 9384 66 65
f 9387 65 66
f 9388 65 67
f 9384 65 9388
f 710 66 2521
f 710 9387 66
f 9620 2521 66
f 67 4447 68
f 9388 67 68
f 4426 448 68
f 4426 68 4447
f 69 5130 5129
f 69 5807 5130
f 9390 5807 69
f 9390 69 9350
f 4278 70 4286
f 4278 11089 70
f 10954 4286 70
f 10954 70 10962
f 10984 10962 70
f 11089 10984 70
f 72 71 2526
f 9391 71 72
f 71 2527 2526
f 71 5169 2527
f 71 5926 5169
f 9391 5926 71
f 5115 72 782
f 782 72 9901
f 72 2526 9901
f 9391 72 5115
f 5125 784 73
f 9393 73 784
f 5125 73 11195
f 9393 9376 73
f 734 74 9395
f 734 9849 74
f 74 2403 2402
f 74 2402 9394
f 74 9849 2403
f 74 9394 9395
f 75 11100 686
f 75 686 11236
f 75 9904 9394
f 75 9394 11101
f 75 11236 9904
f 75 11101 11100
f 9910 790 76
f 9913 76 790
f 76 9395 9394
f 76 9394 9904
f 9913 9395 76
f 9910 76 9904
f 77 79 9880
f 77 11178 79
f 83 2013 77
f 83 77 9880
f 77 2013 2477
f 77 2477 11178
f 78 9907 749
f 78 749 11176
f 78 9397 1626
f 78 1626 9857
f 78 11176 9397
f 78 9857 9907
f 2476 9873 79
f 2476 79 11178
f 9880 79 9873
f 80 1125 360
f 80 360 9402
f 80 6152 1125
f 80 2545 6152
f 80 8459 2545
f 80 9400 8459
f 80 9402 9400
f 1521 1522 81
f 6509 1521 81
f 10013 81 1522
f 11166 6509 81
f 6514 81 10013
f 11166 81 6514
f 82 360 1125
f 82 1626 360
f 82 5170 741
f 82 741 9857
f 82 1125 5170
f 82 9857 1626
f 83 1089 1265
f 83 9880 1089
f 83 1265 5963
f 83 9400 2013
f 83 5963 9400
f 8077 84 3941
f 3941 84 11083
f 6600 84 8638
f 6600 11083 84
f 8077 8646 84
f 8646 8638 84
f 103 85 87
f 103 9422 85
f 9338 85 9406
f 9422 9406 85
f 906 86 911
f 911 86 9978
f 97 9414 87
f 103 87 100
f 100 87 9414
f 893 88 9406
f 893 9407 88
f 9338 9406 88
f 891 89 9422
f 9968 89 891
f 893 9406 89
f 9968 893 89
f 9422 89 9406
f 911 90 888
f 888 90 9965
f 90 9407 894
f 9965 90 894
f 911 9978 90
f 90 9978 9407
f 2630 91 93
f 9408 93 91
f 9408 91 390
f 9421 390 91
f 9970 91 2630
f 9970 9421 91
f 1441 92 94
f 94 92 9418
f 9408 390 92
f 390 9418 92
f 1441 9408 92
f 884 93 9408
f 884 11463 93
f 2631 2630 93
f 2631 93 11463
f 101 94 9416
f 11261 94 101
f 11261 1441 94
f 94 9418 9416
f 886 884 95
f 884 9408 95
f 2578 886 95
f 95 9408 1441
f 95 1441 11262
f 2578 95 11262
f 96 11085 3883
f 96 3883 11153
f 6593 96 8054
f 6593 11087 96
f 8054 96 11153
f 96 11087 11085
f 9412 9414 97
f 2569 101 98
f 101 9416 98
f 1443 98 9416
f 11259 98 1443
f 2569 98 2568
f 2568 98 11259
f 100 9414 99
f 100 99 9418
f 1443 99 9412
f 1443 9416 99
f 9412 99 9414
f 99 9416 9418
f 103 100 9421
f 100 9418 390
f 100 390 9421
f 7432 101 2569
f 11261 101 7432
f 103 9421 102
f 103 102 9422
f 895 9422 102
f 9970 895 102
f 9970 102 9421
f 106 104 9426
f 106 9933 104
f 817 104 9933
f 10527 104 817
f 9426 104 11440
f 10527 11440 104
f 2698 11395 105
f 2698 105 11439
f 2725 105 9426
f 2725 11441 105
f 11395 9426 105
f 105 11441 11439
f 106 816 9933
f 11393 816 106
f 11395 106 9426
f 11395 11393 106
f 107 2835 951
f 107 951 9427
f 107 1077 953
f 107 953 2835
f 107 9429 1077
f 107 9427 9429
f 9428 108 948
f 10016 948 108
f 9428 9427 108
f 9427 10030 108
f 10015 10016 108
f 10015 108 10030
f 9429 9428 109
f 9428 10026 109
f 10123 9429 109
f 10116 109 10026
f 10116 10115 109
f 10123 109 10115
f 110 9430 113
f 110 113 10456
f 5373 5374 110
f 5373 110 10542
f 110 5374 9430
f 110 10456 10542
f 112 9430 111
f 11528 112 111
f 5374 2827 111
f 11526 111 2827
f 9430 5374 111
f 11528 111 11526
f 9432 9430 112
f 9432 112 11532
f 11531 112 11528
f 11532 112 11531
f 9432 137 113
f 137 9440 113
f 9432 113 9430
f 113 9440 10456
f 114 116 982
f 5371 116 114
f 114 982 2614
f 114 2614 5375
f 5371 114 5375
f 983 116 115
f 115 116 10519
f 9433 115 117
f 115 10061 117
f 9433 983 115
f 115 10519 10061
f 983 982 116
f 5371 10519 116
f 1002 117 999
f 117 10061 999
f 1002 9434 117
f 9434 9433 117
f 2027 118 3945
f 2027 9137 118
f 10290 3945 118
f 118 10236 3947
f 10290 118 3947
f 118 9137 10236
f 119 121 986
f 119 988 121
f 119 985 989
f 119 2941 985
f 119 986 2941
f 119 987 988
f 119 989 987
f 123 121 120
f 121 988 120
f 123 120 9434
f 988 984 120
f 9433 120 984
f 9434 120 9433
f 123 122 121
f 122 986 121
f 124 122 123
f 125 122 124
f 125 986 122
f 10062 124 123
f 10062 123 9434
f 125 124 995
f 995 124 1001
f 10062 1001 124
f 125 2942 986
f 125 995 2932
f 125 2932 2942
f 126 3052 128
f 126 128 9438
f 126 9438 943
f 10024 126 943
f 126 1090 3052
f 10024 1090 126
f 1330 127 1333
f 1330 1334 127
f 1333 127 1335
f 1334 12164 127
f 9425 1335 127
f 9425 127 12164
f 128 3055 131
f 9438 128 131
f 3052 3051 128
f 128 3051 3055
f 131 129 130
f 2880 130 129
f 3055 129 131
f 2880 129 973
f 2893 973 129
f 2893 129 11590
f 11590 129 3055
f 132 131 130
f 2870 132 130
f 2871 2870 130
f 2880 2871 130
f 10017 131 132
f 10017 9438 131
f 10018 132 2870
f 10018 10017 132
f 944 9439 133
f 10019 944 133
f 133 1018 2808
f 133 9439 1018
f 133 2808 11515
f 10019 133 11515
f 135 9439 134
f 10072 135 134
f 944 134 9439
f 10022 134 944
f 10022 946 134
f 10072 134 946
f 135 10074 9439
f 10072 11664 135
f 135 11664 10074
f 999 136 9440
f 10061 136 999
f 5369 10456 136
f 5369 136 10519
f 136 10456 9440
f 10061 10519 136
f 137 962 997
f 9432 962 137
f 137 997 996
f 137 996 9440
f 140 138 139
f 139 138 1000
f 140 9443 138
f 141 1001 138
f 141 138 9443
f 138 1001 1000
f 140 139 11539
f 139 997 998
f 139 1000 997
f 11539 139 998
f 143 140 2839
f 143 9443 140
f 140 11539 2839
f 141 995 1001
f 141 10058 995
f 141 9443 2815
f 141 2815 10058
f 143 9441 142
f 143 142 9443
f 142 2814 2816
f 142 2817 2814
f 142 2816 2815
f 9443 142 2815
f 142 9441 2817
f 143 2839 2838
f 143 2838 9441
f 144 2820 2817
f 144 2817 9441
f 144 10036 2820
f 2836 144 9441
f 11537 144 2836
f 11537 10036 144
f 9445 145 9444
f 9640 9444 145
f 9445 10076 145
f 9640 145 9642
f 145 9818 9642
f 10076 9818 145
f 148 147 146
f 9444 146 147
f 148 146 9644
f 9444 473 146
f 9638 146 473
f 9639 146 9638
f 9644 146 9639
f 148 9446 147
f 9445 147 1021
f 9446 1021 147
f 9445 9444 147
f 148 291 9446
f 148 9643 291
f 148 9644 9643
f 151 149 150
f 151 1026 149
f 149 1026 158
f 153 151 150
f 1977 153 150
f 1977 150 1978
f 153 152 151
f 152 1025 151
f 1026 151 1025
f 1033 152 153
f 152 154 1025
f 1035 154 152
f 1033 1035 152
f 1977 1033 153
f 1027 1025 154
f 11676 1027 154
f 1035 1034 154
f 11676 154 1034
f 5561 5566 155
f 5563 155 5576
f 5566 5576 155
f 157 158 156
f 157 156 5559
f 1026 156 158
f 1028 156 1026
f 1029 156 1028
f 5560 156 1029
f 5559 156 5560
f 157 5561 158
f 157 5559 2186
f 157 2186 5567
f 157 5567 5561
f 9449 1075 159
f 1075 10126 159
f 3043 3042 159
f 9449 159 3042
f 10127 3043 159
f 10127 159 10126
f 5553 161 160
f 161 9449 160
f 1080 160 1079
f 160 3042 1079
f 1080 3000 160
f 3000 5553 160
f 160 9449 3042
f 1054 161 10099
f 1054 10120 161
f 5553 10099 161
f 161 10120 9449
f 162 2587 11266
f 162 11274 2587
f 9451 2625 162
f 11307 162 2625
f 9451 162 11266
f 162 11270 11274
f 11307 11270 162
f 163 3491 6185
f 11640 3491 163
f 11637 6180 163
f 11640 163 6180
f 12063 163 6185
f 11637 163 12063
f 164 961 10039
f 164 11266 961
f 2621 11305 164
f 2621 164 11522
f 9451 11266 164
f 9451 164 11305
f 164 10039 11522
f 10362 5352 165
f 10379 165 5352
f 165 5678 5677
f 9455 165 5677
f 10379 5678 165
f 9455 10362 165
f 166 1192 3459
f 166 3460 1192
f 166 3459 3462
f 12033 3460 166
f 166 3462 3464
f 12033 166 3464
f 3227 167 3086
f 9453 3086 167
f 3227 11858 167
f 9453 167 10362
f 10338 10362 167
f 10338 167 11858
f 3085 3086 168
f 3087 3085 168
f 9453 168 3086
f 10156 3087 168
f 9455 168 9453
f 10156 168 9455
f 9456 169 170
f 9458 170 169
f 9458 169 172
f 9459 172 169
f 180 169 9456
f 180 9459 169
f 3161 170 8231
f 3161 11799 170
f 9458 8231 170
f 9456 170 11799
f 3239 171 3246
f 3239 3248 171
f 171 11873 3246
f 3248 6259 171
f 6955 171 6259
f 6955 11873 171
f 172 174 1730
f 9459 174 172
f 172 1730 11493
f 9458 172 11493
f 180 1154 173
f 180 173 9459
f 173 1151 1153
f 173 5763 1151
f 173 1153 9459
f 3153 173 1154
f 3153 5763 173
f 174 175 177
f 1147 175 174
f 1730 174 177
f 1147 174 1153
f 9459 1153 174
f 177 175 176
f 6830 176 175
f 1147 10174 175
f 6830 175 10174
f 1728 177 176
f 1728 176 6810
f 6810 176 6829
f 6829 176 6830
f 1728 1729 177
f 1729 1730 177
f 178 179 9463
f 10170 179 178
f 178 9463 9456
f 178 9456 11799
f 178 10172 10170
f 10172 178 11799
f 179 1156 1155
f 179 1155 10180
f 10170 1156 179
f 179 10180 9463
f 1154 180 9463
f 9463 180 9456
f 181 9466 183
f 9468 181 183
f 1135 1136 181
f 1135 181 3105
f 181 1136 9466
f 9468 3105 181
f 185 182 5735
f 185 9466 182
f 1134 5735 182
f 1134 182 10169
f 182 9466 1136
f 10169 182 1136
f 5764 9468 183
f 5764 183 11809
f 9470 183 9466
f 9470 11809 183
f 184 7589 3105
f 184 3105 9468
f 184 5766 7589
f 184 12162 5766
f 184 9468 12162
f 374 371 185
f 9470 185 371
f 374 185 5735
f 9470 9466 185
f 186 371 372
f 9470 371 186
f 186 372 5758
f 186 5758 11809
f 9470 186 11809
f 187 5979 3193
f 187 3193 11818
f 187 11958 5979
f 187 11818 11817
f 11988 187 11817
f 11988 11958 187
f 189 2271 188
f 9655 189 188
f 1262 188 9716
f 1262 10258 188
f 9716 188 2271
f 10258 9655 188
f 311 2271 189
f 7644 311 189
f 7645 7644 189
f 7645 189 9655
f 3324 190 3325
f 11928 190 3324
f 3325 190 9472
f 12174 9472 190
f 11928 11929 190
f 12174 190 11929
f 191 3347 3348
f 5907 3347 191
f 191 3348 10211
f 5907 191 12174
f 191 10211 9472
f 191 9472 12174
f 192 10211 1202
f 10226 192 1202
f 3325 9472 192
f 3325 192 10227
f 9472 10211 192
f 10226 10227 192
f 9477 5972 193
f 10231 193 5972
f 9476 193 9474
f 10231 9474 193
f 9476 9478 193
f 9477 193 9478
f 194 1218 1220
f 10231 1218 194
f 194 1220 5864
f 7683 194 5864
f 7684 194 7683
f 9474 194 7684
f 10231 194 9474
f 5868 195 5870
f 5868 9479 195
f 7684 5870 195
f 9474 7684 195
f 9476 9474 195
f 9476 195 9479
f 196 11374 2686
f 11520 196 2686
f 196 11376 11374
f 196 11378 11376
f 11520 11378 196
f 198 197 9478
f 198 9489 197
f 9477 9478 197
f 10234 9477 197
f 197 9489 9486
f 10234 197 9486
f 199 198 9479
f 199 9481 198
f 198 9478 9479
f 198 9481 9483
f 198 9483 9489
f 1208 1215 199
f 1208 199 5868
f 199 1215 9481
f 199 9479 5868
f 201 9483 200
f 201 200 10238
f 1212 200 1213
f 1212 10238 200
f 200 9481 1213
f 200 9483 9481
f 201 5976 1225
f 201 1225 9490
f 11991 5976 201
f 201 9490 9483
f 11991 201 10238
f 3215 203 202
f 10200 202 203
f 11835 3215 202
f 10200 3216 202
f 3216 11839 202
f 11839 11835 202
f 1223 204 203
f 9484 203 204
f 3215 1223 203
f 10200 203 9484
f 204 205 5832
f 10235 205 204
f 10235 204 1223
f 1982 204 5832
f 9484 204 1982
f 205 208 9488
f 10235 208 205
f 205 9488 5832
f 6407 206 6393
f 11316 6393 206
f 11294 206 6407
f 11323 206 11294
f 11323 11316 206
f 207 2338 3440
f 207 11130 2338
f 5051 207 3440
f 11132 207 5051
f 11132 11130 207
f 208 9486 209
f 208 209 9488
f 1222 9486 208
f 10235 1222 208
f 209 9490 1225
f 11841 209 1225
f 209 9486 9489
f 11841 9488 209
f 209 9489 9490
f 210 211 212
f 5701 211 210
f 4206 210 212
f 1700 1749 210
f 1700 210 4206
f 5701 210 1749
f 6010 212 211
f 211 213 1746
f 5701 213 211
f 1747 211 1746
f 1747 6010 211
f 4207 4206 212
f 4208 4207 212
f 4208 212 6010
f 213 1745 1746
f 5703 1745 213
f 5701 1748 213
f 5703 213 1748
f 216 214 215
f 11328 215 214
f 9492 214 216
f 6383 214 9492
f 6383 11328 214
f 6435 216 215
f 6434 215 6433
f 6433 215 11328
f 6435 215 6434
f 3721 217 216
f 9492 216 217
f 3722 3721 216
f 6435 3722 216
f 1897 217 3721
f 10711 217 1897
f 6389 9492 217
f 6389 217 10710
f 10710 217 10711
f 8806 6383 218
f 6383 9492 218
f 6389 6388 218
f 6392 218 6388
f 6389 218 9492
f 8806 218 6392
f 220 358 219
f 220 219 1393
f 1401 219 358
f 1393 219 10372
f 1401 1403 219
f 10372 219 1403
f 220 9493 358
f 1390 220 1392
f 220 1390 9493
f 220 1394 1392
f 220 1393 1394
f 222 221 9493
f 222 9535 221
f 9493 221 358
f 10370 358 221
f 221 9535 9538
f 221 9538 9539
f 10370 221 9539
f 1391 2458 222
f 1391 222 9493
f 2458 2459 222
f 2459 9535 222
f 225 223 9495
f 225 10363 223
f 3715 223 10363
f 3715 10377 223
f 223 10377 9495
f 8304 224 1407
f 224 9495 1407
f 224 3727 3726
f 224 3726 9495
f 8304 3727 224
f 4415 225 3726
f 225 9495 3726
f 4415 4414 225
f 225 4414 10363
f 8020 226 8018
f 226 9497 8018
f 8020 8019 226
f 8019 10424 226
f 226 10425 9497
f 226 10424 10425
f 227 1490 1491
f 227 10425 1490
f 6560 227 1491
f 227 6561 6557
f 227 6557 9497
f 6560 6561 227
f 227 9497 10425
f 228 6557 6558
f 9497 6557 228
f 228 6558 11107
f 228 8017 8018
f 228 11107 8017
f 9497 228 8018
f 231 9505 229
f 231 229 11104
f 1493 229 1494
f 1493 11104 229
f 9505 1494 229
f 231 230 9500
f 231 11104 230
f 6564 232 230
f 9500 230 232
f 6565 6564 230
f 6565 230 11104
f 233 231 9500
f 233 9502 231
f 231 9502 9505
f 1495 232 1489
f 1489 232 6562
f 1495 9500 232
f 6564 6562 232
f 1504 233 1496
f 233 9500 1496
f 9507 233 1504
f 9507 9502 233
f 3286 234 1505
f 9507 1505 234
f 8906 3149 234
f 3149 9502 234
f 8906 234 3286
f 9507 234 9502
f 9504 237 235
f 235 237 9505
f 235 9502 3149
f 9504 235 3149
f 235 9505 9502
f 236 4075 3516
f 236 3516 9504
f 236 4076 4075
f 236 8909 4076
f 236 8908 8909
f 236 9504 8908
f 4074 1494 237
f 9505 237 1494
f 3516 4074 237
f 3516 237 9504
f 6615 239 238
f 11038 238 239
f 3268 238 3269
f 3268 6616 238
f 11038 3269 238
f 6615 238 6616
f 240 239 1554
f 11038 239 240
f 239 6612 1554
f 6612 239 6615
f 10440 240 1554
f 9508 6636 240
f 11038 240 6636
f 9508 240 10440
f 267 241 6268
f 12153 241 267
f 241 7355 6268
f 241 11445 7355
f 12153 11445 241
f 244 242 243
f 9508 243 242
f 11034 242 244
f 6636 242 6637
f 9508 242 6636
f 11034 6637 242
f 244 243 1552
f 10458 1552 243
f 9508 9509 243
f 9509 10458 243
f 244 1552 6638
f 11034 244 6638
f 8543 3971 245
f 245 3971 8746
f 8543 245 9608
f 245 8746 9298
f 245 9298 9373
f 245 9373 9510
f 245 9510 9608
f 3966 248 246
f 9512 246 248
f 3966 246 9373
f 9510 9373 246
f 9512 9510 246
f 247 249 3964
f 247 10467 249
f 247 3964 9608
f 247 9510 9512
f 247 9608 9510
f 247 9512 10467
f 9512 248 1569
f 1569 248 10466
f 9577 248 3966
f 9577 10466 248
f 3964 249 3963
f 3963 249 10468
f 10467 10468 249
f 1480 1501 250
f 1480 250 1606
f 1501 9514 250
f 9514 1605 250
f 10486 250 1605
f 1606 250 10486
f 251 252 9514
f 251 9516 252
f 251 3915 253
f 251 253 9516
f 251 1501 3914
f 251 9514 1501
f 251 3914 3915
f 9516 1648 252
f 252 1648 10515
f 252 10488 9514
f 252 10515 10488
f 253 3915 4377
f 253 4377 4376
f 253 4376 9515
f 253 9515 9516
f 254 431 4361
f 9515 431 254
f 254 4361 4368
f 254 4368 4367
f 254 4367 10517
f 9515 254 10517
f 4114 255 1445
f 255 9518 1445
f 4114 5634 255
f 4115 255 5634
f 4115 9517 255
f 255 9517 9518
f 256 257 9517
f 256 9519 257
f 4115 4116 256
f 4115 256 9517
f 4116 9521 256
f 256 9521 9519
f 4158 257 9520
f 4158 12180 257
f 12180 9517 257
f 257 9519 9520
f 259 9519 258
f 10536 259 258
f 260 258 9519
f 260 10539 258
f 10536 258 10538
f 258 10539 10538
f 4159 9520 259
f 4159 259 10536
f 259 9520 9519
f 1664 260 9521
f 1664 12110 260
f 260 9519 9521
f 12110 10539 260
f 263 261 262
f 262 261 316
f 263 9541 261
f 295 316 261
f 295 261 9537
f 261 9541 9537
f 300 263 262
f 300 262 317
f 312 262 316
f 312 317 262
f 300 9546 263
f 263 301 9541
f 263 9546 301
f 264 2388 299
f 9791 264 299
f 673 676 264
f 9791 673 264
f 264 676 11084
f 264 11084 2388
f 10245 265 2106
f 265 10862 2106
f 10245 2107 265
f 265 2107 10861
f 265 10861 2108
f 265 2108 10862
f 266 3424 11745
f 266 12014 3424
f 266 3427 3426
f 266 3426 12014
f 266 11737 3427
f 266 11745 11737
f 4612 4615 267
f 4612 267 6268
f 4613 267 4615
f 4613 12153 267
f 9525 268 272
f 268 10385 272
f 9525 285 268
f 10386 268 285
f 8295 10385 268
f 8295 268 10386
f 269 5927 5925
f 269 5925 12142
f 269 10210 5927
f 269 10207 10210
f 269 12148 10207
f 269 12142 12148
f 270 1805 1803
f 270 1803 8196
f 270 1804 4316
f 270 10637 1804
f 270 4316 1805
f 270 8196 10637
f 567 271 284
f 284 271 9677
f 508 271 1425
f 508 9677 271
f 9525 272 273
f 10388 273 272
f 10385 275 272
f 10388 272 275
f 286 273 9524
f 286 9525 273
f 10388 9524 273
f 274 306 9524
f 274 9546 306
f 274 1418 9540
f 10388 1418 274
f 10388 274 9524
f 274 9540 9546
f 10388 275 1418
f 10389 1418 275
f 10385 1422 275
f 10389 275 1422
f 276 278 277
f 276 4482 278
f 276 9529 4482
f 277 278 279
f 282 277 279
f 1989 279 278
f 1989 278 4484
f 278 4482 4484
f 1426 282 279
f 1426 279 10768
f 1989 10768 279
f 280 11952 3354
f 280 3354 11976
f 5982 11953 280
f 5982 280 11970
f 280 11953 11952
f 280 11976 11970
f 1572 281 1577
f 1572 10471 281
f 4029 281 1576
f 1576 281 10471
f 1577 281 4029
f 1425 282 1426
f 9532 284 285
f 285 284 9677
f 9525 9532 285
f 10386 285 9677
f 321 286 322
f 321 9558 286
f 286 9524 322
f 9525 286 9532
f 9558 9532 286
f 3312 293 287
f 10450 287 293
f 3313 287 1546
f 10450 1546 287
f 3312 287 3313
f 288 293 1544
f 10450 293 288
f 288 1544 1547
f 288 1547 5952
f 12081 288 5952
f 10450 288 12081
f 5902 289 2398
f 2398 289 11074
f 5434 289 5059
f 289 8466 5059
f 5434 11074 289
f 5902 8466 289
f 290 2466 11163
f 290 11165 2466
f 290 11163 2470
f 290 2470 11167
f 290 4109 11165
f 290 11167 4109
f 4482 291 292
f 9643 292 291
f 9529 291 4482
f 9446 291 9529
f 1993 4484 292
f 1993 292 9454
f 4484 4482 292
f 9643 9454 292
f 1322 1544 293
f 1322 293 3312
f 294 1338 10311
f 10335 1338 294
f 294 10311 1339
f 10325 294 1339
f 10328 294 10325
f 10335 294 10328
f 314 316 295
f 314 295 2459
f 2459 295 9535
f 295 9537 9535
f 4958 296 2471
f 9151 2471 296
f 10035 296 4958
f 7363 4968 296
f 4968 9151 296
f 10035 7363 296
f 297 10218 1207
f 297 1207 10224
f 297 1215 1208
f 297 1208 10219
f 297 10224 1215
f 297 10219 10218
f 298 9542 1399
f 298 1399 10368
f 298 9538 9537
f 298 9537 9541
f 298 10368 9538
f 298 9541 9542
f 9791 299 9985
f 300 317 303
f 300 303 9546
f 301 9540 302
f 301 302 9542
f 301 9546 9540
f 301 9542 9541
f 302 1417 1400
f 302 1400 9542
f 302 9540 1417
f 304 306 303
f 304 303 319
f 303 306 9546
f 303 317 319
f 304 322 306
f 308 304 319
f 320 304 308
f 320 322 304
f 305 3208 3207
f 305 3207 11831
f 305 3209 3208
f 305 3213 3209
f 9371 3213 305
f 9371 305 11831
f 306 322 9524
f 308 319 307
f 308 307 491
f 310 307 309
f 307 319 309
f 310 9659 307
f 9659 491 307
f 489 320 308
f 489 308 488
f 308 491 488
f 310 309 9548
f 312 309 317
f 9548 309 312
f 309 319 317
f 485 310 1692
f 485 9659 310
f 310 9548 1692
f 311 613 2271
f 9740 613 311
f 7644 614 311
f 9740 311 614
f 9550 312 316
f 9550 9548 312
f 9344 313 9558
f 315 2457 314
f 315 314 2459
f 314 9550 316
f 314 2457 9550
f 315 11158 2457
f 315 2459 2458
f 315 2458 2460
f 315 2460 11158
f 1806 318 4102
f 1806 4582 318
f 2070 318 7119
f 2070 8246 318
f 318 8246 4102
f 10433 318 4582
f 10433 7119 318
f 321 322 320
f 321 9344 9558
f 323 324 325
f 323 10560 324
f 4295 323 325
f 1711 1708 323
f 1708 10560 323
f 323 4295 1711
f 324 9593 325
f 324 9592 9593
f 9594 9592 324
f 9594 324 10560
f 385 325 409
f 385 4295 325
f 9593 409 325
f 326 1903 328
f 326 328 10584
f 326 9560 1903
f 326 5725 5726
f 326 10584 5725
f 326 5726 9560
f 1788 9173 327
f 1788 327 9174
f 1903 327 9173
f 1903 9560 327
f 327 5722 5716
f 327 5716 9174
f 9560 5722 327
f 1756 328 1755
f 1755 328 1903
f 1756 10590 328
f 10586 10584 328
f 10590 10586 328
f 331 329 330
f 375 330 329
f 332 329 331
f 371 329 332
f 374 329 371
f 374 375 329
f 350 331 330
f 350 330 352
f 352 330 1996
f 375 1996 330
f 346 332 331
f 348 346 331
f 348 331 350
f 346 3151 332
f 372 371 332
f 3151 372 332
f 335 333 334
f 3147 334 333
f 336 333 335
f 11789 333 336
f 1145 3147 333
f 1145 333 11789
f 341 335 334
f 349 341 334
f 349 334 348
f 348 334 3147
f 6872 336 335
f 6873 335 341
f 6872 335 6873
f 4233 336 10686
f 4233 11423 336
f 6872 10686 336
f 11789 336 11423
f 399 337 339
f 398 337 399
f 9348 337 398
f 9349 337 9348
f 9036 2022 338
f 2022 10796 338
f 4528 9084 338
f 10796 4528 338
f 9036 338 4530
f 9084 4530 338
f 1786 339 342
f 399 339 368
f 1786 368 339
f 342 340 6873
f 6873 340 417
f 10617 417 340
f 10617 340 1777
f 1787 342 341
f 342 6873 341
f 349 1787 341
f 1787 1786 342
f 3146 343 345
f 345 343 9563
f 3146 3148 343
f 3148 10176 343
f 3150 9563 343
f 3150 343 10176
f 344 537 1976
f 9700 537 344
f 344 1976 544
f 344 544 6689
f 344 6689 6690
f 9700 344 6690
f 348 345 346
f 346 345 9563
f 348 3147 345
f 3146 345 3147
f 346 9563 3151
f 4276 347 4278
f 4276 8581 347
f 4277 347 8581
f 4277 11089 347
f 4278 347 11089
f 349 348 350
f 349 350 9564
f 349 9564 1787
f 350 352 9564
f 377 351 352
f 351 9564 352
f 377 9584 351
f 351 1786 1787
f 351 9584 1786
f 351 1787 9564
f 377 352 1996
f 9565 353 354
f 9568 354 353
f 9566 356 353
f 9570 353 356
f 9565 9566 353
f 9568 353 9570
f 366 367 354
f 366 354 9568
f 367 9578 354
f 9565 354 9578
f 362 6943 355
f 362 355 9565
f 6943 6942 355
f 10591 355 6942
f 9565 355 9566
f 9566 355 10591
f 9566 357 356
f 357 10618 356
f 9570 356 10621
f 356 10618 10621
f 357 6944 6946
f 357 10591 6944
f 357 6946 10618
f 9566 10591 357
f 10370 1401 358
f 359 9570 1782
f 359 1782 9571
f 359 9568 9570
f 359 9579 9568
f 359 9571 9575
f 359 9575 9579
f 360 1626 9402
f 362 361 6943
f 362 9578 361
f 364 361 363
f 363 361 9578
f 364 6939 361
f 361 6939 6943
f 362 9565 9578
f 364 363 365
f 363 10910 365
f 363 9578 367
f 363 367 10910
f 364 365 1566
f 364 1566 10466
f 364 10466 6939
f 365 1567 1566
f 365 3996 1567
f 365 10910 3996
f 366 4288 367
f 366 10890 4288
f 366 9579 4289
f 366 4289 10890
f 366 9568 9579
f 367 4288 10910
f 399 368 9582
f 1786 9584 368
f 9582 368 9581
f 9584 9581 368
f 709 710 369
f 709 369 8485
f 710 2521 369
f 2521 2522 369
f 2522 2524 369
f 8485 369 2524
f 709 8485 370
f 709 370 8486
f 370 5132 5131
f 8486 370 5131
f 5134 5132 370
f 8485 5134 370
f 3151 5760 372
f 5758 372 5760
f 373 7042 1956
f 10755 373 1956
f 10504 7042 373
f 10504 373 9576
f 9576 373 10755
f 374 5736 375
f 374 5735 5736
f 376 1996 375
f 5736 376 375
f 376 380 378
f 376 378 1996
f 376 379 380
f 5736 379 376
f 378 377 1996
f 9583 377 378
f 9583 9584 377
f 378 380 9601
f 9583 378 416
f 378 9601 416
f 380 379 413
f 379 5738 413
f 5739 379 5736
f 5739 5738 379
f 380 413 412
f 380 412 9601
f 381 1791 9586
f 381 10626 1791
f 381 1796 1795
f 381 1795 10627
f 381 9587 1796
f 381 9586 9587
f 381 10627 10626
f 382 1791 5746
f 382 9586 1791
f 5699 382 5746
f 5699 9588 382
f 9588 9586 382
f 383 9587 9586
f 9588 383 9586
f 383 10629 9587
f 9589 383 9588
f 9589 10624 383
f 10624 10629 383
f 1789 9589 384
f 1789 384 10581
f 5700 384 5699
f 5699 384 9588
f 5700 10581 384
f 384 9589 9588
f 385 389 388
f 385 388 4295
f 385 410 389
f 385 409 410
f 496 7321 386
f 496 386 9357
f 386 7321 3785
f 8311 386 3785
f 8308 386 8311
f 8308 9357 386
f 387 388 389
f 387 1794 388
f 4303 387 389
f 387 1793 1794
f 387 1797 1793
f 4303 1797 387
f 388 1794 9004
f 9004 4295 388
f 411 389 410
f 411 4303 389
f 391 404 1408
f 391 9840 404
f 391 725 9840
f 391 11192 725
f 9841 391 1408
f 9841 11192 391
f 4423 392 5160
f 8477 392 4423
f 9892 5160 392
f 8477 8483 392
f 8478 392 8483
f 9892 392 8478
f 1352 393 1351
f 11980 1351 393
f 1352 11024 393
f 3672 393 11024
f 3672 12151 393
f 12151 11980 393
f 394 7076 7077
f 394 7272 7076
f 7244 394 7077
f 7244 7245 394
f 7245 7273 394
f 394 7273 7272
f 395 409 406
f 395 406 10832
f 395 410 409
f 395 10832 1785
f 396 397 398
f 396 398 399
f 396 399 9582
f 396 9582 403
f 9348 398 397
f 9348 397 9574
f 7196 400 7209
f 7196 8425 400
f 7235 7209 400
f 10283 7235 400
f 10283 400 8425
f 402 403 401
f 402 401 10630
f 401 403 9591
f 401 9591 9599
f 401 9599 10630
f 411 402 4303
f 4303 402 10630
f 9591 403 9582
f 724 726 404
f 9840 724 404
f 1770 404 726
f 1408 404 1770
f 405 4290 406
f 9593 405 406
f 405 408 4290
f 9595 408 405
f 9593 9592 405
f 9595 405 9592
f 9593 406 409
f 406 4290 10847
f 406 10847 10832
f 407 7174 656
f 407 656 7176
f 407 7178 7174
f 407 7176 8405
f 407 8406 7178
f 407 8405 8406
f 4004 408 4007
f 4004 10928 408
f 9595 4007 408
f 4290 408 10928
f 412 413 414
f 5749 412 414
f 5748 412 5749
f 9601 412 5748
f 5738 414 413
f 5740 414 5738
f 5740 5742 414
f 5742 5751 414
f 5749 414 5751
f 9600 416 415
f 416 11536 415
f 1800 415 1792
f 415 11536 1792
f 9599 415 1800
f 9599 9600 415
f 9583 416 9600
f 416 9601 11536
f 10617 1781 417
f 1781 10695 417
f 6872 6873 417
f 6872 417 6874
f 417 10695 6874
f 420 418 419
f 1808 419 418
f 1807 418 420
f 1807 1809 418
f 10641 1808 418
f 10641 418 1809
f 1820 420 419
f 1808 9606 419
f 10651 1820 419
f 10651 419 9606
f 1804 420 1128
f 1820 1128 420
f 1804 1807 420
f 3157 421 422
f 422 421 5774
f 423 1723 421
f 3157 423 421
f 1723 4221 421
f 5774 421 4221
f 3157 422 3169
f 3169 422 11802
f 422 5774 5776
f 422 5776 11802
f 423 1724 1723
f 423 8234 1724
f 3157 3158 423
f 3158 8234 423
f 424 9606 425
f 424 425 9609
f 424 9609 427
f 424 427 10186
f 9606 424 1829
f 424 10186 1829
f 425 1808 1811
f 425 9606 1808
f 425 1811 1812
f 425 1812 9609
f 426 8615 427
f 426 427 9609
f 426 1627 8594
f 426 9609 1627
f 426 8594 8593
f 426 8593 8615
f 427 8615 10186
f 6993 1838 428
f 10664 428 1838
f 6977 9611 428
f 6977 428 10664
f 6991 6993 428
f 6991 428 9611
f 6975 579 429
f 579 7521 429
f 6976 6975 429
f 6981 6976 429
f 6981 429 6977
f 6977 429 9611
f 9611 429 7521
f 6991 9611 430
f 10564 6991 430
f 430 7521 7520
f 430 7520 9803
f 9611 7521 430
f 10564 430 9803
f 431 7000 4361
f 6999 431 4376
f 4376 431 9515
f 6999 7000 431
f 432 433 9613
f 432 9616 433
f 432 434 439
f 432 9613 434
f 432 439 438
f 432 438 9616
f 1657 433 437
f 433 9616 437
f 1657 1662 433
f 1662 9613 433
f 2144 439 434
f 1856 434 1853
f 1853 434 9613
f 1856 2144 434
f 9614 435 436
f 436 435 10696
f 10696 435 1879
f 435 10700 1879
f 9614 10294 435
f 435 10294 10700
f 436 1654 9615
f 436 10666 1654
f 436 1876 10666
f 436 10696 1876
f 9614 436 9615
f 1657 437 9615
f 9614 9615 437
f 9614 437 10294
f 10294 437 9616
f 1887 438 439
f 4386 438 1887
f 4385 9616 438
f 4385 438 10317
f 4386 10317 438
f 1887 439 1888
f 2144 1888 439
f 440 441 442
f 9619 441 440
f 440 442 9624
f 9619 440 9383
f 441 9617 442
f 1928 4424 441
f 9619 1928 441
f 441 4424 9617
f 1905 2655 442
f 9617 1905 442
f 9624 442 2655
f 1900 445 443
f 9620 443 445
f 1900 443 1899
f 9620 9383 443
f 4276 444 8581
f 4276 9815 444
f 8583 8581 444
f 8585 444 8582
f 9815 8582 444
f 8585 8583 444
f 11223 445 1900
f 2521 445 2522
f 9620 445 2521
f 11223 2522 445
f 1961 446 2091
f 1961 8410 446
f 446 2092 2091
f 446 8409 2092
f 446 8411 8409
f 446 8410 8411
f 447 2655 2656
f 9624 2655 447
f 10718 447 2656
f 9624 447 7402
f 10718 7402 447
f 1929 448 4428
f 4426 9864 448
f 448 9864 4428
f 4437 451 449
f 449 451 9626
f 449 9626 452
f 9728 449 452
f 4437 449 4436
f 9728 4436 449
f 4437 450 451
f 450 9629 451
f 458 450 4437
f 458 9628 450
f 450 9628 9629
f 9633 9626 451
f 9633 451 9629
f 10727 452 9626
f 9728 452 9635
f 10727 9635 452
f 6971 453 6990
f 6971 8363 453
f 8359 6990 453
f 8360 8359 453
f 8360 453 8363
f 455 456 454
f 455 454 9630
f 457 454 456
f 463 454 457
f 463 462 454
f 462 9630 454
f 455 1940 456
f 1941 1940 455
f 1941 455 9630
f 457 456 1912
f 1913 1912 456
f 1913 456 2643
f 2643 456 1940
f 465 463 457
f 465 457 2659
f 457 1912 2659
f 458 4435 9627
f 458 9784 4435
f 458 4437 9784
f 458 9627 9628
f 9789 1942 459
f 459 1942 11431
f 459 9627 4435
f 9789 459 4435
f 4456 9627 459
f 4456 459 11431
f 461 460 2773
f 461 9628 460
f 460 8325 2773
f 4456 8325 460
f 4456 460 9627
f 460 9628 9627
f 462 9629 461
f 462 461 9630
f 461 2773 9012
f 461 9012 9630
f 461 9629 9628
f 463 9633 462
f 462 9633 9629
f 464 9633 463
f 464 463 10728
f 465 10728 463
f 464 1924 9626
f 464 10728 1924
f 464 9626 9633
f 465 2660 1927
f 465 1927 10728
f 465 2659 2660
f 466 632 468
f 466 468 4450
f 466 4445 632
f 466 4442 4445
f 466 4448 4442
f 466 4450 4448
f 467 468 632
f 467 4438 468
f 467 632 633
f 467 633 5407
f 467 4440 4438
f 467 5407 4440
f 468 4438 4439
f 468 4439 4450
f 469 1966 1965
f 469 1965 9637
f 469 11358 1966
f 9636 469 9637
f 9636 10274 469
f 10274 11358 469
f 470 472 7043
f 470 9637 472
f 1278 9636 470
f 1278 470 10275
f 10275 470 7043
f 9636 9637 470
f 6264 471 7844
f 8332 471 6264
f 8329 471 7195
f 8332 7195 471
f 8334 7844 471
f 8329 8334 471
f 472 1963 1964
f 472 9637 1963
f 7046 472 1964
f 7043 472 7042
f 7046 7042 472
f 9640 1023 473
f 473 1023 10081
f 9640 473 9444
f 9638 473 10081
f 474 10081 1024
f 11682 474 1024
f 9639 9638 474
f 9638 10081 474
f 9649 9639 474
f 9649 474 11682
f 1022 10078 475
f 1022 475 11675
f 9812 475 9642
f 10078 9642 475
f 9817 475 9812
f 9817 11675 475
f 9644 477 476
f 9647 476 477
f 9454 476 4488
f 4488 476 9647
f 9643 476 9454
f 9644 476 9643
f 9647 477 478
f 9649 478 477
f 9644 9639 477
f 9649 477 9639
f 1031 479 478
f 9647 478 479
f 1031 478 3006
f 9649 3006 478
f 479 480 481
f 1031 480 479
f 479 481 9411
f 4489 479 9411
f 4489 9647 479
f 9651 481 480
f 1031 1035 480
f 1033 480 1035
f 9651 480 1033
f 4491 481 482
f 9651 482 481
f 4491 9411 481
f 1983 482 1984
f 4491 482 1983
f 10763 1984 482
f 10763 482 9651
f 483 2537 484
f 483 484 9652
f 483 11235 2537
f 483 9652 9653
f 483 9653 11235
f 2537 11236 484
f 484 9654 9652
f 9804 9654 484
f 11236 9804 484
f 485 1692 9653
f 485 9653 9652
f 485 9652 9658
f 9659 485 9658
f 486 487 9654
f 486 9662 487
f 494 9661 486
f 9808 494 486
f 9808 486 9654
f 486 9661 9662
f 9658 487 490
f 9662 490 487
f 9654 487 9652
f 9658 9652 487
f 489 488 9656
f 488 491 490
f 489 9656 9342
f 9658 490 491
f 492 490 9662
f 9659 9658 491
f 492 493 1020
f 492 9661 493
f 492 9662 9661
f 493 9664 495
f 493 495 10076
f 493 1021 1020
f 493 10076 1021
f 493 9661 9664
f 494 9664 9661
f 9808 9807 494
f 9667 495 9664
f 9818 495 9667
f 10076 495 9818
f 496 498 7321
f 496 10508 498
f 496 9357 9669
f 496 9669 10508
f 497 4498 9280
f 497 9357 4498
f 497 7038 7037
f 497 7037 9669
f 497 9280 7038
f 497 9669 9357
f 3786 7321 498
f 3786 498 10268
f 10268 498 10229
f 498 10508 10229
f 1596 500 499
f 9682 499 500
f 10804 1596 499
f 499 9670 2029
f 10804 499 2029
f 9682 9670 499
f 8623 500 512
f 9672 512 500
f 9672 500 1596
f 8623 9680 500
f 9680 9682 500
f 7663 7002 501
f 7002 10540 501
f 7003 8280 501
f 7003 501 10540
f 7663 501 8292
f 8292 501 8280
f 2012 504 502
f 9675 502 504
f 9672 502 511
f 9676 511 502
f 2012 502 9672
f 9675 9676 502
f 564 8264 503
f 8270 564 503
f 7868 503 2166
f 8267 2166 503
f 8268 503 7868
f 8267 503 8264
f 8270 503 8268
f 4519 506 504
f 9675 504 506
f 4517 504 2012
f 4517 4519 504
f 7166 505 7171
f 7166 8114 505
f 505 7169 7171
f 10344 7169 505
f 505 8114 7172
f 10344 505 7172
f 2041 506 2042
f 2041 9675 506
f 2042 506 8346
f 4519 8345 506
f 8346 506 8345
f 1159 507 5989
f 1159 12172 507
f 3166 507 5502
f 3166 5989 507
f 5502 507 5506
f 5504 5506 507
f 5504 507 12172
f 508 1428 509
f 508 509 9677
f 508 1425 10395
f 508 10395 1428
f 1997 509 1428
f 1999 509 1997
f 1999 9678 509
f 509 9678 9677
f 4532 510 8362
f 4532 8645 510
f 8847 8362 510
f 8645 9676 510
f 10812 8847 510
f 10813 510 9676
f 10813 10812 510
f 4540 512 511
f 9672 511 512
f 4540 511 8645
f 8645 511 9676
f 4540 8623 512
f 539 1152 513
f 1283 539 513
f 8014 513 1152
f 1283 513 6478
f 8858 6478 513
f 8014 8002 513
f 8858 513 8002
f 514 8758 515
f 9682 514 515
f 9680 516 514
f 514 516 9683
f 514 517 8758
f 514 9683 517
f 9680 514 9682
f 8722 8687 515
f 515 8687 9670
f 8722 515 8758
f 9682 515 9670
f 2044 9683 516
f 2044 516 10815
f 9680 10815 516
f 2045 4713 517
f 2045 517 9683
f 4535 517 4713
f 4535 8758 517
f 518 9684 520
f 518 520 10783
f 522 518 9687
f 10791 518 522
f 523 9684 518
f 10791 523 518
f 518 10783 9687
f 519 2028 2032
f 519 9684 2028
f 519 2032 10854
f 519 2100 10852
f 519 10854 2100
f 519 10852 9684
f 520 9219 10783
f 520 10852 9219
f 520 9684 10852
f 1985 9686 521
f 1985 521 10778
f 4513 10780 521
f 4513 521 10782
f 10782 521 9686
f 10780 10778 521
f 4522 522 9686
f 10791 522 4522
f 522 9687 9686
f 523 2028 9684
f 10804 2028 523
f 10791 9190 523
f 10804 523 9190
f 7220 2109 524
f 524 2109 9690
f 4724 4722 524
f 4722 7220 524
f 4724 524 9691
f 524 9690 9691
f 525 4737 527
f 525 527 9692
f 525 4736 5754
f 525 9690 4736
f 525 5754 4737
f 525 9692 9690
f 6001 526 2025
f 9142 2025 526
f 4528 9142 526
f 4528 526 9692
f 6001 9691 526
f 526 9691 9692
f 4528 527 9084
f 4528 9692 527
f 4529 527 4737
f 4529 9084 527
f 528 5450 5446
f 528 5446 10872
f 528 9695 5450
f 9693 9695 528
f 9693 528 9696
f 528 10872 9696
f 529 532 533
f 10877 532 529
f 529 533 9694
f 529 9694 9697
f 10868 529 9697
f 10877 529 10868
f 530 533 2116
f 9694 533 530
f 10864 530 2116
f 9693 9694 530
f 9693 530 9695
f 10864 9695 530
f 531 9696 4773
f 10870 531 4773
f 9693 531 9694
f 9693 9696 531
f 9694 531 9697
f 10870 9697 531
f 4358 533 532
f 4360 532 2127
f 10877 2127 532
f 4358 532 4360
f 4358 2116 533
f 3665 6195 534
f 3665 534 10702
f 3671 534 11347
f 3671 12151 534
f 534 6195 11347
f 534 12151 10702
f 9700 535 536
f 10473 536 535
f 4028 6113 535
f 4028 535 6693
f 10473 535 6113
f 6693 535 6690
f 9700 6690 535
f 9704 536 2058
f 2058 536 10475
f 9700 536 9704
f 10473 10475 536
f 1976 537 545
f 9703 545 537
f 9700 9704 537
f 9703 537 9704
f 1859 538 1860
f 3903 538 1859
f 1867 1860 538
f 1868 1867 538
f 1868 538 9702
f 3903 9702 538
f 539 8008 1152
f 1283 2099 539
f 2099 8863 539
f 8863 8008 539
f 1955 540 544
f 540 6689 544
f 1655 540 1955
f 1655 9702 540
f 3908 6689 540
f 3908 540 9702
f 1990 545 541
f 9703 541 545
f 2063 1990 541
f 2063 541 10831
f 9703 8175 541
f 8175 10831 541
f 2058 2057 542
f 2060 542 2057
f 9704 2058 542
f 2060 8175 542
f 9703 542 8175
f 9703 9704 542
f 543 9796 681
f 10027 543 681
f 3302 9796 543
f 1955 544 1976
f 1976 545 1990
f 546 1655 1955
f 546 10685 1655
f 546 2063 1870
f 546 1870 10685
f 546 1955 1990
f 546 1990 2063
f 12032 3474 547
f 547 3474 12056
f 547 3487 3476
f 547 3476 12049
f 547 12056 3487
f 12032 547 12049
f 4650 4830 548
f 4650 548 4844
f 9705 548 4830
f 10175 4844 548
f 9705 9706 548
f 9706 10175 548
f 9705 549 550
f 550 549 10689
f 549 10667 4345
f 549 4345 10689
f 9705 6985 549
f 549 6985 10667
f 7282 550 4141
f 550 10689 4141
f 9706 550 7282
f 9705 550 9706
f 4491 1983 551
f 9707 551 1983
f 4491 551 9385
f 4492 9405 551
f 4492 551 9708
f 551 9405 9385
f 9707 9708 551
f 10765 1980 552
f 10905 552 1980
f 1983 1984 552
f 9707 1983 552
f 10765 552 1984
f 9707 552 10905
f 10814 553 2040
f 2040 553 10905
f 8343 9708 553
f 10814 8343 553
f 9707 553 9708
f 9707 10905 553
f 4184 4183 554
f 7579 554 4183
f 4185 4184 554
f 7582 4185 554
f 7581 554 7579
f 7582 554 7581
f 683 9801 555
f 683 555 9802
f 4868 9802 555
f 9710 555 9801
f 4868 556 4869
f 4869 556 7291
f 556 7249 7291
f 556 9711 7249
f 557 9711 671
f 557 671 9790
f 557 5216 5220
f 557 9790 5216
f 557 5220 7249
f 557 7249 9711
f 558 559 560
f 558 842 559
f 558 560 3763
f 842 558 867
f 558 1950 867
f 558 3763 1950
f 5232 560 559
f 5234 559 842
f 5232 559 5234
f 570 3763 560
f 570 560 5229
f 5232 5229 560
f 561 849 848
f 561 848 1950
f 561 4874 849
f 561 1950 3763
f 561 3763 4875
f 561 4875 4874
f 1243 7865 562
f 11996 1243 562
f 3595 7870 562
f 3595 562 9345
f 9345 562 7865
f 11996 562 7870
f 563 8091 1130
f 563 1130 11769
f 563 11769 3093
f 563 3093 11771
f 563 8605 8091
f 563 11771 8605
f 6989 564 8270
f 6989 8271 564
f 564 8269 8264
f 564 8271 8269
f 1173 1126 565
f 7573 565 1126
f 1173 565 5583
f 7577 5583 565
f 7574 565 7573
f 7577 565 7574
f 568 2329 566
f 9713 568 566
f 569 571 566
f 569 566 2329
f 571 2327 566
f 9713 566 2327
f 568 6350 589
f 568 589 9723
f 568 9723 2329
f 9713 6350 568
f 569 7318 571
f 569 2329 2331
f 2332 569 2331
f 2332 11021 569
f 569 11021 7318
f 570 620 3763
f 570 11021 620
f 570 5229 5226
f 570 5226 7318
f 570 7318 11021
f 571 5226 2327
f 571 7318 5226
f 9714 574 572
f 10964 572 574
f 2231 572 2230
f 2258 2230 572
f 9714 572 2231
f 10964 2258 572
f 573 7533 7544
f 9795 7533 573
f 7543 7534 573
f 9795 573 7534
f 7543 573 7541
f 573 7544 7541
f 7904 2254 574
f 10964 574 2254
f 7904 574 4979
f 9714 4979 574
f 8477 575 1446
f 575 9977 1446
f 7409 575 4423
f 8477 4423 575
f 7409 9977 575
f 9715 576 577
f 10966 577 576
f 9328 2269 576
f 2269 10966 576
f 9328 576 9715
f 9715 577 4994
f 10969 4994 577
f 10966 10968 577
f 10968 10969 577
f 1264 1262 578
f 1262 9716 578
f 1264 578 2240
f 9719 2240 578
f 9716 9718 578
f 9718 9719 578
f 579 634 7521
f 579 7522 634
f 6975 7522 579
f 2235 580 2236
f 9718 580 2235
f 580 2270 2236
f 9716 2270 580
f 9716 580 9718
f 9040 2244 581
f 581 2244 10960
f 10949 9040 581
f 9719 10949 581
f 9719 581 10952
f 581 10960 10952
f 9720 585 582
f 585 10308 582
f 1415 1685 582
f 10306 1415 582
f 9720 582 1685
f 10306 582 10308
f 3653 583 1685
f 9720 1685 583
f 9720 583 2279
f 10980 2279 583
f 3653 2280 583
f 10980 583 2280
f 584 7152 656
f 584 656 7180
f 584 7150 7153
f 584 7175 7150
f 584 7153 7152
f 584 7180 7175
f 585 2283 10308
f 585 10983 2283
f 9720 2330 585
f 2330 10983 585
f 586 1310 1312
f 10306 1310 586
f 3651 586 1312
f 586 3649 1415
f 10306 586 1415
f 3651 3649 586
f 589 7289 587
f 589 587 9723
f 2207 587 7284
f 2207 7285 587
f 587 10166 7284
f 587 7285 9723
f 587 7289 10166
f 604 588 608
f 604 2331 588
f 608 588 7285
f 2331 2329 588
f 2329 9723 588
f 588 9723 7285
f 6352 589 6350
f 6352 7289 589
f 7322 590 592
f 590 9724 592
f 590 3689 3688
f 9726 590 3688
f 7322 3689 590
f 9726 9724 590
f 1123 5085 591
f 10942 1123 591
f 591 5085 1353
f 591 1353 9724
f 9726 2226 591
f 10942 591 2226
f 9726 591 9724
f 592 1355 10106
f 592 10341 1355
f 7322 592 10106
f 592 9724 10341
f 7504 593 7515
f 7504 7516 593
f 7516 7513 593
f 593 7513 9810
f 7514 7515 593
f 7514 593 9810
f 596 1307 594
f 596 594 9727
f 4933 594 1307
f 4933 4935 594
f 4935 4934 594
f 4934 9727 594
f 595 1008 4846
f 595 11652 1008
f 2873 595 1014
f 595 4809 1014
f 2873 11652 595
f 595 4846 4809
f 596 3696 1307
f 6379 3696 596
f 6379 596 3697
f 596 9727 3697
f 597 598 599
f 597 4870 598
f 597 599 2207
f 597 2207 10165
f 597 3840 4870
f 597 10165 3840
f 598 611 599
f 598 4936 611
f 598 4934 1120
f 598 1120 4936
f 598 4870 4934
f 599 611 608
f 599 608 7285
f 599 7285 2207
f 600 4881 601
f 600 601 9737
f 2295 600 9737
f 2295 10994 600
f 600 3712 4881
f 600 10994 3712
f 601 4881 605
f 9734 601 605
f 9734 9736 601
f 601 9736 9737
f 1236 1237 602
f 1236 602 6468
f 602 1237 6467
f 602 1320 6468
f 602 6471 1320
f 602 6467 6471
f 603 604 9734
f 9745 604 603
f 603 605 4883
f 603 9734 605
f 9745 603 4883
f 604 608 606
f 604 606 9734
f 9745 2331 604
f 605 4881 4886
f 4883 605 4886
f 606 608 611
f 606 611 610
f 606 610 9736
f 9734 606 9736
f 607 11498 2795
f 607 2795 11507
f 607 2796 11500
f 607 11511 2796
f 607 11502 11498
f 607 11500 11502
f 607 11507 11511
f 4936 609 610
f 609 9738 610
f 609 612 9738
f 609 9739 612
f 4936 9739 609
f 4936 610 611
f 610 9738 9736
f 612 2912 7301
f 612 9739 2912
f 612 7301 10995
f 612 10995 9738
f 9740 616 613
f 10977 613 616
f 613 2270 2271
f 10977 2270 613
f 615 614 617
f 9740 614 615
f 614 5798 617
f 5799 5798 614
f 7644 5799 614
f 615 617 7661
f 615 7661 2288
f 10986 615 2288
f 9740 615 10986
f 10977 616 2273
f 10985 2273 616
f 9740 10986 616
f 10985 616 10986
f 7666 617 5798
f 7661 617 7664
f 7664 617 7665
f 7665 617 7666
f 618 6887 6886
f 7498 618 6886
f 7502 6887 618
f 7498 9822 618
f 7501 7502 618
f 7501 618 9822
f 3154 619 4884
f 3154 5044 619
f 9742 4884 619
f 5044 9746 619
f 9743 9742 619
f 9743 619 9746
f 620 4875 3763
f 620 9746 4875
f 9743 9746 620
f 9743 620 11021
f 3754 621 3125
f 621 5044 3125
f 3754 4874 621
f 621 4874 4875
f 621 4875 9746
f 621 9746 5044
f 624 622 9747
f 9749 622 624
f 3190 625 622
f 9747 622 625
f 3190 622 9753
f 9749 9753 622
f 623 10745 1946
f 10750 623 1946
f 5310 9748 623
f 5310 623 10750
f 9748 9747 623
f 623 9747 10745
f 9748 2720 624
f 10742 624 2720
f 9748 624 9747
f 10742 9749 624
f 3190 10744 625
f 9747 625 10745
f 10744 10745 625
f 626 760 9881
f 626 9889 760
f 626 9882 9754
f 626 9754 9888
f 626 9881 9882
f 626 9888 9889
f 627 5140 778
f 627 778 9755
f 5167 5140 627
f 5167 627 9754
f 627 9755 9754
f 628 765 764
f 628 764 9888
f 628 9896 765
f 9755 628 9754
f 9754 628 9888
f 9755 9896 628
f 2510 2509 629
f 2509 5136 629
f 2510 629 9882
f 5167 629 5136
f 5167 9882 629
f 631 9355 630
f 631 630 11023
f 630 5256 5150
f 11023 630 5150
f 11023 3171 631
f 632 5127 633
f 632 4445 5127
f 5540 633 5127
f 633 5397 5407
f 5540 5397 633
f 634 7520 7521
f 7544 7520 634
f 7541 634 7522
f 7544 634 7541
f 2379 636 635
f 636 9757 635
f 2363 635 637
f 637 635 9757
f 2363 638 635
f 2379 635 638
f 2374 1512 636
f 1512 9757 636
f 2374 636 2373
f 2373 636 2380
f 2380 636 2379
f 639 3329 637
f 639 637 9757
f 2363 637 11059
f 637 3329 11059
f 2363 11057 638
f 2382 2379 638
f 2381 2382 638
f 2381 638 11057
f 639 9757 2370
f 639 2370 9759
f 5048 3329 639
f 5048 639 9759
f 640 651 9759
f 11053 651 640
f 2369 11054 640
f 2369 640 11063
f 11063 640 9759
f 11053 640 11054
f 644 643 641
f 643 9412 641
f 644 641 645
f 645 641 646
f 642 643 644
f 642 11259 643
f 7203 642 644
f 5207 818 642
f 642 818 11259
f 7203 5207 642
f 1443 9412 643
f 11259 1443 643
f 644 645 5208
f 5205 644 5208
f 5205 7203 644
f 9763 645 646
f 7200 5208 645
f 7200 645 9763
f 9763 646 9768
f 6472 5183 647
f 5183 7426 647
f 5184 647 5187
f 6472 647 5184
f 5187 647 9945
f 7426 9945 647
f 648 9768 649
f 2359 648 650
f 9767 648 2359
f 9767 9768 648
f 11051 650 680
f 11051 2359 650
f 1093 9799 651
f 11053 1093 651
f 5048 9759 651
f 5048 651 9797
f 651 9799 9797
f 658 1388 652
f 658 652 9772
f 2385 652 1388
f 3768 652 2385
f 3768 2386 652
f 9772 652 2386
f 653 657 654
f 653 654 2387
f 9781 657 653
f 653 2387 6443
f 653 6443 9780
f 9781 653 9780
f 654 657 2376
f 654 2376 9772
f 654 11082 2387
f 654 9772 11082
f 655 6296 6295
f 655 6295 6298
f 655 6303 6296
f 655 6298 6300
f 11411 655 6300
f 11411 6303 655
f 656 7152 7176
f 656 7174 7180
f 2377 2376 657
f 2377 657 2378
f 9781 2378 657
f 5084 1388 658
f 4292 658 2376
f 658 9772 2376
f 4292 5084 658
f 659 9778 9779
f 659 9782 9778
f 11073 659 9779
f 9781 9780 659
f 659 9780 9782
f 9781 659 11073
f 4354 660 6995
f 4354 6996 660
f 660 6993 6992
f 6995 660 6992
f 6994 6993 660
f 6996 6994 660
f 661 9130 9132
f 661 9134 9130
f 661 9132 9131
f 661 9131 9136
f 661 9135 9134
f 661 9136 9135
f 1281 1267 662
f 662 1267 6595
f 3933 1281 662
f 3933 662 6592
f 6592 662 11087
f 11087 662 6595
f 674 663 3896
f 6504 663 674
f 3896 663 6520
f 6504 9133 663
f 663 9134 6520
f 663 9133 9134
f 5344 7463 664
f 5344 664 10121
f 5345 664 7463
f 5345 7633 664
f 5346 664 7633
f 5346 10121 664
f 2377 665 4292
f 9787 665 2377
f 4292 665 5083
f 4384 5083 665
f 4384 665 9786
f 9787 9786 665
f 11060 666 2366
f 2366 666 11061
f 9787 2378 666
f 11073 666 2378
f 9787 666 11060
f 666 11076 11061
f 11073 11076 666
f 6357 668 667
f 9788 667 668
f 667 8657 6341
f 667 6341 11352
f 6357 667 11352
f 9788 8657 667
f 6358 3746 668
f 3746 10704 668
f 6357 6358 668
f 10704 9788 668
f 669 9788 3745
f 669 3745 10399
f 669 3764 3772
f 669 10399 3764
f 3771 669 3772
f 3771 9788 669
f 2203 2202 670
f 670 2202 5215
f 2203 670 11080
f 5216 670 5215
f 5216 9790 670
f 9790 11080 670
f 672 11080 671
f 9790 671 11080
f 6441 11080 672
f 673 11093 676
f 9981 673 9791
f 9981 11414 673
f 673 11414 11093
f 6505 674 3896
f 6500 6503 674
f 6500 674 6505
f 6503 6504 674
f 10008 2351 675
f 675 2351 11047
f 675 11047 2391
f 11412 675 2391
f 2711 10008 675
f 2711 675 11412
f 9796 679 676
f 11084 676 679
f 11093 9796 676
f 9796 677 681
f 677 11047 681
f 2712 2391 677
f 2391 11047 677
f 2712 677 11093
f 11093 677 9796
f 1299 679 678
f 3302 678 679
f 9797 1299 678
f 5047 3242 678
f 3242 9797 678
f 5047 678 3302
f 11084 679 1299
f 3302 679 9796
f 680 2389 1093
f 11051 680 1093
f 680 11088 2389
f 10027 681 2339
f 2339 681 11047
f 9801 2372 682
f 2372 11064 682
f 9710 9801 682
f 683 2372 9801
f 683 11066 2372
f 11048 683 9802
f 11048 11066 683
f 2352 684 685
f 684 7107 685
f 2352 11049 684
f 7107 684 5200
f 684 9802 5200
f 11048 9802 684
f 11048 684 11049
f 2352 685 7186
f 685 7107 7439
f 685 7123 7186
f 685 7439 7123
f 690 686 688
f 11100 688 686
f 690 9804 686
f 11236 686 9804
f 699 698 687
f 698 9806 687
f 699 687 2407
f 2401 2405 687
f 2401 687 9806
f 2405 2407 687
f 690 688 689
f 689 688 9806
f 2401 9806 688
f 11100 2401 688
f 690 689 9807
f 9375 9807 689
f 9808 9804 690
f 9808 690 9807
f 691 3784 1419
f 10390 691 1419
f 691 8304 3784
f 8306 8304 691
f 8305 8306 691
f 10390 8305 691
f 9813 694 692
f 9817 692 694
f 9812 9667 692
f 9817 9812 692
f 702 693 700
f 700 693 9821
f 703 693 702
f 703 2997 693
f 9814 693 2997
f 9814 9821 693
f 9814 2997 694
f 694 2997 11672
f 9817 694 2998
f 694 11672 2998
f 9814 694 9813
f 2410 2411 695
f 11810 2410 695
f 9819 695 2411
f 6132 695 8456
f 6132 11810 695
f 9819 8456 695
f 9819 696 697
f 9824 697 696
f 2936 696 2933
f 2933 696 9819
f 2936 11625 696
f 9824 696 11625
f 707 8453 697
f 9824 707 697
f 8453 8456 697
f 9819 697 8456
f 699 700 698
f 700 9821 698
f 699 1406 700
f 701 1406 699
f 8452 701 699
f 8452 699 2407
f 702 700 1406
f 707 706 701
f 706 1406 701
f 707 701 8454
f 8452 8454 701
f 705 703 702
f 705 702 704
f 704 702 1406
f 705 11670 703
f 703 2989 2997
f 703 11670 2989
f 705 704 1037
f 708 704 706
f 706 704 1406
f 708 10087 704
f 704 10087 1037
f 705 1037 11687
f 705 11687 11670
f 9824 706 707
f 9824 708 706
f 707 8454 8453
f 9824 11625 708
f 708 11625 10087
f 709 9826 710
f 709 8486 9826
f 710 9826 9387
f 713 5142 711
f 713 711 9827
f 719 711 5142
f 719 9833 711
f 9827 711 9828
f 9828 711 9833
f 714 712 9828
f 714 9829 712
f 712 5114 5116
f 712 9829 5114
f 712 5116 9827
f 712 9827 9828
f 713 773 781
f 713 9827 773
f 713 781 5139
f 713 5139 5142
f 714 715 767
f 714 9828 715
f 714 767 768
f 714 768 9829
f 715 717 766
f 715 9833 717
f 715 766 767
f 715 9828 9833
f 3445 1440 716
f 1440 7824 716
f 9415 3445 716
f 3446 3447 716
f 3446 716 7824
f 9415 716 3447
f 718 9831 717
f 718 717 9833
f 717 7413 766
f 7413 717 9831
f 718 719 721
f 718 9833 719
f 718 721 9831
f 719 5141 721
f 719 5142 5141
f 1395 3714 720
f 1395 720 10363
f 720 3714 11241
f 6447 3715 720
f 720 3715 10363
f 6447 720 11241
f 721 5141 5144
f 721 5144 5228
f 721 5228 9831
f 1237 722 6125
f 722 1237 10401
f 3847 1437 722
f 6124 722 1437
f 3847 722 10401
f 722 6124 6127
f 722 6127 6125
f 723 9839 2419
f 723 2419 11120
f 723 9838 9839
f 723 11035 9838
f 723 11037 11035
f 723 11120 11037
f 724 11033 726
f 9839 9838 724
f 9838 11033 724
f 9840 9839 724
f 2414 9844 725
f 2414 725 11193
f 9844 9840 725
f 725 11192 11191
f 725 11191 11193
f 1770 726 11029
f 726 11031 11029
f 726 11033 11031
f 9841 2422 727
f 727 2422 11122
f 9841 727 11192
f 727 11122 11129
f 727 11129 11192
f 1770 728 2338
f 1770 11029 728
f 11025 728 2337
f 2337 728 11030
f 11025 2338 728
f 11029 11030 728
f 2553 731 729
f 9845 729 731
f 2553 729 815
f 5163 815 729
f 5778 5163 729
f 9845 5778 729
f 9848 732 730
f 9870 730 732
f 9845 730 9379
f 9870 9379 730
f 9845 9848 730
f 2552 2540 731
f 2540 9848 731
f 2552 731 2553
f 9845 731 9848
f 2541 3706 732
f 2541 732 9848
f 9875 732 3706
f 732 9875 9870
f 735 9850 733
f 9927 735 733
f 733 737 740
f 733 9850 737
f 733 740 812
f 9927 733 812
f 734 791 735
f 9927 734 735
f 734 9395 791
f 9927 9849 734
f 735 791 2434
f 735 2434 9850
f 812 811 736
f 811 11103 736
f 9927 812 736
f 736 2403 9849
f 11103 2403 736
f 9927 736 9849
f 9854 740 737
f 9909 737 9850
f 9906 9854 737
f 9909 9906 737
f 738 5078 788
f 738 788 9909
f 738 2434 2433
f 738 2433 5078
f 738 9850 2434
f 738 9909 9850
f 9399 739 742
f 9854 742 739
f 739 6161 813
f 9928 739 813
f 6161 739 9399
f 9928 9854 739
f 9928 812 740
f 9928 740 9854
f 741 742 786
f 741 9399 742
f 741 786 9857
f 741 5170 9399
f 9906 786 742
f 9906 742 9854
f 744 9858 743
f 11233 744 743
f 793 743 9858
f 9912 743 793
f 9912 9911 743
f 9911 11233 743
f 744 2456 2461
f 11233 2456 744
f 11159 744 2461
f 11159 9858 744
f 8000 745 1684
f 10779 1684 745
f 8000 10541 745
f 8209 8212 745
f 8209 745 10541
f 10779 745 8212
f 4344 2453 746
f 2453 11044 746
f 4344 746 9860
f 9859 9860 746
f 9859 746 11043
f 746 11044 11043
f 6028 747 3372
f 3372 747 11855
f 6037 3378 747
f 747 3378 11855
f 6028 6034 747
f 6034 6037 747
f 5079 2435 748
f 9860 748 2435
f 5079 748 3924
f 9859 3924 748
f 9859 748 9860
f 789 5098 749
f 789 749 9907
f 749 5098 5100
f 11176 749 5100
f 2431 11141 750
f 2431 750 11201
f 750 2502 2501
f 750 2501 11201
f 750 2503 2502
f 750 9863 2503
f 750 11141 9863
f 751 2432 4709
f 751 11141 2432
f 5093 751 4709
f 5093 9862 751
f 751 9862 9863
f 751 9863 11141
f 2412 2496 752
f 11113 2412 752
f 752 2496 2503
f 752 2503 9863
f 752 9863 9862
f 11113 752 9862
f 2415 9865 753
f 2415 753 11118
f 2420 753 4453
f 2420 11118 753
f 753 9865 4453
f 754 2500 755
f 11138 2500 754
f 11138 754 9869
f 755 2500 11197
f 755 11197 9868
f 756 5881 5602
f 6685 756 5602
f 5603 5883 756
f 6685 5603 756
f 756 5877 5881
f 756 5883 5877
f 9875 1089 757
f 9880 757 1089
f 9875 757 9870
f 9880 9873 757
f 758 2504 2505
f 5435 2504 758
f 11208 758 2505
f 5435 758 9885
f 758 9887 9885
f 11208 9887 758
f 2511 2510 759
f 2510 9881 759
f 11208 2511 759
f 759 9881 9887
f 11208 759 9887
f 760 9887 9881
f 760 9884 9885
f 760 9889 9884
f 760 9885 9887
f 764 761 9888
f 764 11221 761
f 9889 761 2514
f 11220 2514 761
f 9889 9888 761
f 11220 761 11221
f 5149 762 2515
f 762 9884 2515
f 5149 5435 762
f 5435 9885 762
f 762 9885 9884
f 7997 2108 763
f 763 2108 10861
f 4524 763 4585
f 4524 7997 763
f 7236 4585 763
f 7236 763 10861
f 2528 764 765
f 2528 11221 764
f 774 2528 765
f 774 765 9895
f 9898 9895 765
f 9898 765 9896
f 767 766 8496
f 7413 8494 766
f 766 8494 8496
f 767 7414 768
f 767 8496 7414
f 768 5162 769
f 9829 768 769
f 768 7414 5162
f 771 769 770
f 5159 770 769
f 9829 769 771
f 5159 769 5162
f 771 770 7416
f 2548 770 5159
f 2548 7415 770
f 7415 7416 770
f 9391 5114 771
f 9829 771 5114
f 771 7416 5926
f 9391 771 5926
f 773 772 4995
f 9827 772 773
f 772 5117 4995
f 5116 5117 772
f 9827 5116 772
f 5109 781 773
f 5109 773 4995
f 2528 774 2529
f 2529 774 2532
f 2532 774 9895
f 5780 5781 775
f 5780 775 5787
f 5781 5782 775
f 5782 5788 775
f 775 7021 5787
f 775 5788 7021
f 1052 2531 776
f 1052 776 5112
f 2531 9895 776
f 776 9899 5112
f 776 9895 9898
f 776 9898 9899
f 779 777 778
f 9755 778 777
f 779 9899 777
f 9755 777 9896
f 9898 9896 777
f 9898 777 9899
f 781 779 778
f 781 778 5140
f 5109 779 781
f 5109 5110 779
f 5110 9899 779
f 780 1353 10339
f 780 10341 1353
f 780 6375 1355
f 780 1355 10341
f 780 11339 6375
f 780 10339 6377
f 780 6377 11339
f 781 5140 5139
f 5115 782 5119
f 782 5121 5119
f 782 9900 5121
f 782 9901 9900
f 5071 783 784
f 783 9393 784
f 5071 9900 783
f 9900 9901 783
f 5124 5071 784
f 5124 784 5125
f 785 2536 9911
f 785 11235 2536
f 785 9904 2537
f 785 2537 11235
f 785 9910 9904
f 785 9911 9910
f 5097 786 787
f 9906 787 786
f 5097 9907 786
f 9857 786 9907
f 4152 787 788
f 9909 788 787
f 4152 5097 787
f 9909 787 9906
f 4152 788 5076
f 788 5078 5076
f 4152 4117 789
f 4117 5077 789
f 4152 789 5097
f 789 5077 5098
f 5097 789 9907
f 9912 792 790
f 790 792 11144
f 9912 790 9910
f 9913 790 11144
f 9913 2434 791
f 9913 791 9395
f 9912 793 792
f 9915 792 793
f 9915 794 792
f 792 794 11145
f 792 11145 11144
f 9915 793 9858
f 794 4283 5078
f 794 11160 4283
f 794 5078 11145
f 9915 11160 794
f 795 9916 797
f 11133 795 797
f 795 2428 803
f 795 803 11240
f 11133 2428 795
f 795 11240 9916
f 796 1032 3886
f 9917 1032 796
f 796 3860 3790
f 9917 796 3790
f 796 3886 3860
f 797 2552 11134
f 797 11245 2552
f 797 9916 11245
f 11133 797 11134
f 798 1901 9918
f 798 10714 1901
f 798 2549 10715
f 798 11250 2549
f 798 9918 11250
f 798 10715 10714
f 799 800 9918
f 799 9921 800
f 2542 9922 799
f 2542 799 11247
f 799 9918 10713
f 799 9922 9921
f 799 10713 11247
f 11136 5179 800
f 800 5179 11250
f 800 11250 9918
f 11135 800 9921
f 11135 11136 800
f 801 2428 9921
f 801 9923 2428
f 801 5440 9923
f 11146 5440 801
f 801 9921 9922
f 11146 801 9922
f 7663 802 7002
f 7002 802 10546
f 7663 8289 802
f 7680 802 8289
f 7680 8291 802
f 8291 10546 802
f 803 2428 9923
f 11174 803 9923
f 803 11174 11242
f 803 11242 11240
f 1283 935 804
f 804 935 3822
f 1283 804 2099
f 804 3829 2099
f 804 3822 3829
f 805 3574 5060
f 5062 3574 805
f 805 5060 3670
f 805 3670 11242
f 5062 805 11174
f 805 11242 11174
f 809 807 806
f 814 806 807
f 809 806 7392
f 814 5176 806
f 806 5176 7393
f 806 7393 7392
f 809 2408 807
f 810 807 811
f 810 814 807
f 807 2408 811
f 1139 808 5489
f 11784 808 1139
f 5772 1833 808
f 11935 808 1833
f 11935 5489 808
f 11784 5772 808
f 809 11105 2408
f 809 7396 5173
f 809 5173 11105
f 809 7392 7396
f 812 810 811
f 9928 810 812
f 813 814 810
f 9928 813 810
f 2408 11103 811
f 813 5176 814
f 5174 5176 813
f 5174 813 6161
f 2553 815 6242
f 5166 815 5163
f 5166 5823 815
f 6242 815 5823
f 11322 816 2555
f 2555 816 11393
f 2637 9933 816
f 2637 816 11322
f 817 2635 2634
f 10527 817 2634
f 817 11319 2635
f 817 9933 11319
f 9935 2568 818
f 11259 818 2568
f 5207 9934 818
f 9934 9935 818
f 819 5206 837
f 819 837 9934
f 819 2600 5206
f 819 7208 2600
f 819 5207 7208
f 819 9934 5207
f 5184 820 5193
f 5184 6421 820
f 5193 820 9936
f 6421 9935 820
f 9936 820 9935
f 821 837 5197
f 821 9934 837
f 821 5199 5192
f 821 5192 9936
f 821 5197 5199
f 821 9936 9934
f 826 825 822
f 9937 822 825
f 826 822 5737
f 822 10137 5737
f 9937 10133 822
f 822 10133 10137
f 2841 823 1087
f 9939 1087 823
f 11544 823 2841
f 9939 823 9938
f 11545 9938 823
f 11544 11545 823
f 824 1083 10133
f 824 11549 1083
f 824 11543 2845
f 824 2845 11549
f 9938 824 9937
f 9937 824 10133
f 9938 11543 824
f 826 829 825
f 825 829 828
f 9939 825 828
f 9939 9937 825
f 826 8517 829
f 826 5737 5734
f 8517 826 5734
f 1345 1344 827
f 1344 7728 827
f 10114 1345 827
f 7728 8286 827
f 10114 827 8286
f 1084 828 829
f 1084 1085 828
f 10139 828 1085
f 9939 828 10139
f 1084 829 6919
f 1086 6919 829
f 1086 829 8517
f 2590 831 830
f 831 9940 830
f 833 2824 830
f 9940 833 830
f 2589 2590 830
f 2589 830 2824
f 2590 8524 831
f 831 8522 8521
f 831 8521 9940
f 831 8524 8522
f 9940 832 833
f 9942 833 832
f 9940 1082 832
f 1082 10134 832
f 9942 832 10131
f 832 10134 10131
f 834 2823 833
f 9942 834 833
f 833 2823 2824
f 834 960 2823
f 834 5380 960
f 11529 5380 834
f 11529 834 9942
f 5686 5691 835
f 5686 835 5692
f 5691 5693 835
f 835 5694 5692
f 835 5693 9698
f 835 9698 5694
f 836 6963 5196
f 6988 836 5196
f 6988 5197 836
f 836 5197 9943
f 6854 6963 836
f 6854 836 9943
f 837 9943 5197
f 5206 9943 837
f 11280 2602 838
f 838 2602 11288
f 838 5194 6963
f 838 11288 5194
f 6854 838 6963
f 6854 11280 838
f 840 839 2211
f 840 10153 839
f 860 839 859
f 859 839 10153
f 860 2212 839
f 839 2212 2211
f 840 5030 1106
f 840 1106 10153
f 840 2211 2214
f 840 2214 5030
f 854 841 850
f 850 841 1104
f 854 853 841
f 859 841 853
f 859 10153 841
f 841 10153 1104
f 866 843 842
f 842 843 5237
f 866 842 867
f 5234 842 5237
f 866 11293 843
f 5236 5237 843
f 5236 843 11293
f 845 844 2212
f 845 4879 844
f 844 3744 2210
f 844 2210 10926
f 844 10926 2212
f 844 4879 3744
f 847 846 845
f 846 4879 845
f 860 847 845
f 860 845 2212
f 847 1296 846
f 849 846 848
f 848 846 1296
f 849 4879 846
f 864 847 860
f 865 847 864
f 865 1296 847
f 848 1296 1383
f 1950 848 1383
f 3754 849 4874
f 3754 4879 849
f 854 850 852
f 850 5675 852
f 850 1104 10151
f 850 10151 5675
f 851 1105 5679
f 851 10151 1105
f 851 3084 5676
f 851 5679 3084
f 851 5676 5675
f 851 5675 10151
f 854 852 9946
f 2309 855 852
f 855 9946 852
f 2309 852 5675
f 854 9947 853
f 857 2607 853
f 857 853 9947
f 859 853 2607
f 854 9946 9947
f 2307 2304 855
f 2304 11006 855
f 2307 855 2309
f 855 11006 9946
f 856 2594 2593
f 856 2593 9947
f 856 11006 2594
f 856 9947 9946
f 856 9946 11006
f 857 9947 2593
f 857 2593 11296
f 857 2606 2607
f 857 2608 2606
f 857 11296 2608
f 858 4893 1832
f 4893 858 3477
f 860 859 2607
f 864 860 2607
f 4191 5656 861
f 4191 861 5657
f 861 5647 5648
f 861 5655 5647
f 861 5648 5657
f 861 5656 5655
f 1233 862 4210
f 1233 10244 862
f 6890 1235 862
f 10553 862 1235
f 10553 4210 862
f 6890 862 10244
f 863 5655 5118
f 863 5118 5659
f 863 5633 5654
f 863 5659 5633
f 863 5654 5647
f 863 5647 5655
f 865 864 871
f 864 2606 871
f 864 2607 2606
f 869 865 871
f 869 1383 865
f 865 1383 1296
f 866 867 869
f 866 869 868
f 866 868 11293
f 867 1383 869
f 867 1950 1383
f 869 9950 868
f 2604 868 9951
f 2604 11293 868
f 868 9950 9951
f 869 871 9950
f 5453 870 5454
f 11373 870 5453
f 5465 5454 870
f 11373 5463 870
f 5463 11644 870
f 5465 870 11644
f 871 2606 2608
f 871 2608 9950
f 9952 874 872
f 11472 872 874
f 9952 872 10638
f 10635 872 10636
f 10635 10638 872
f 10636 872 11472
f 873 9952 6911
f 873 6911 11466
f 7421 9953 873
f 7421 873 11467
f 873 9953 9952
f 11467 873 11466
f 9953 7420 874
f 11473 874 7420
f 9952 9953 874
f 11472 874 11473
f 875 878 9954
f 10058 878 875
f 2932 875 2931
f 875 9954 2931
f 10058 875 2932
f 876 877 9954
f 876 10094 877
f 876 878 2816
f 876 9954 878
f 876 2816 2814
f 876 2814 10094
f 877 1038 9954
f 877 10090 1038
f 877 1039 10090
f 877 10094 1039
f 878 2815 2816
f 10058 2815 878
f 882 9956 879
f 882 879 9957
f 2410 879 2411
f 2410 11761 879
f 2411 879 9956
f 879 11761 9957
f 881 1270 880
f 881 880 11626
f 2941 880 1270
f 2938 880 2942
f 11626 880 2938
f 2941 2942 880
f 881 9956 1270
f 2933 2411 881
f 881 2411 9956
f 2937 2933 881
f 2937 881 11626
f 2943 2944 882
f 10055 2943 882
f 2944 9956 882
f 10055 882 9957
f 5481 991 883
f 883 991 9957
f 883 5475 5480
f 883 9957 5475
f 883 5480 5479
f 5481 883 5479
f 886 885 884
f 885 11463 884
f 9961 885 886
f 2744 885 9961
f 2744 11463 885
f 2577 886 2578
f 9961 886 2577
f 9961 2577 887
f 11269 887 2577
f 9961 887 2626
f 11270 2626 887
f 11270 887 11269
f 910 911 888
f 910 888 9979
f 888 9965 9963
f 888 9963 9979
f 892 9962 889
f 892 889 9964
f 889 9965 894
f 889 894 9968
f 889 9962 9965
f 889 9968 9964
f 890 933 9963
f 10009 933 890
f 890 9962 938
f 10012 890 938
f 890 9963 9962
f 10009 890 10012
f 2627 891 895
f 895 891 9422
f 2627 9964 891
f 9968 891 9964
f 10014 892 2730
f 892 11309 2730
f 10014 9962 892
f 892 9964 11309
f 894 9407 893
f 9968 894 893
f 2627 895 2629
f 9970 2629 895
f 896 5565 8574
f 896 8589 5565
f 896 8574 8583
f 896 8583 8585
f 896 8585 8584
f 896 8584 8589
f 1714 897 5278
f 1714 5293 897
f 897 5294 5278
f 897 5293 5292
f 897 5292 5295
f 897 5295 5294
f 1765 5278 898
f 11634 1765 898
f 898 9025 2949
f 11634 898 2949
f 898 5278 5277
f 898 5277 9025
f 1714 1765 899
f 1714 899 5282
f 11636 899 1765
f 899 7496 5282
f 899 7497 7496
f 11636 7497 899
f 900 901 9972
f 900 11379 901
f 900 8298 2680
f 900 2680 11379
f 900 11365 8298
f 900 9972 11365
f 901 903 9972
f 901 11378 903
f 901 11376 11378
f 901 11379 11376
f 902 8188 2676
f 902 2676 11365
f 902 8266 8188
f 902 9974 8266
f 902 9972 9974
f 902 11365 9972
f 11373 903 5463
f 5463 903 11378
f 903 9974 9972
f 11373 9974 903
f 5461 2685 905
f 2685 9139 905
f 5443 905 5458
f 5443 11519 905
f 5458 905 9139
f 5461 905 11519
f 906 911 910
f 9976 906 910
f 9976 9989 906
f 1047 907 1044
f 1049 1044 907
f 3023 907 1047
f 1049 907 1048
f 3017 1048 907
f 3023 3017 907
f 908 909 912
f 9976 909 908
f 908 912 921
f 9976 908 919
f 919 908 9998
f 908 921 9998
f 9976 910 909
f 909 910 9979
f 909 9979 912
f 9993 921 912
f 912 9979 933
f 9993 912 933
f 9981 915 913
f 9982 913 915
f 9982 916 913
f 9983 913 916
f 9981 913 11414
f 9983 11414 913
f 9981 914 915
f 915 914 9988
f 918 914 9985
f 918 9988 914
f 9981 9791 914
f 9791 9985 914
f 930 9982 915
f 930 915 9988
f 917 916 2715
f 9983 916 917
f 2715 916 2716
f 2716 916 9982
f 2712 9983 917
f 2712 917 11412
f 917 2715 11413
f 917 11413 11412
f 919 9988 918
f 919 918 9989
f 9976 919 9989
f 919 9998 9988
f 927 921 920
f 9993 920 921
f 928 920 925
f 920 932 925
f 928 927 920
f 9993 932 920
f 927 9998 921
f 922 923 924
f 928 923 922
f 922 924 2726
f 928 922 2729
f 922 2726 2728
f 922 2728 2729
f 923 926 924
f 928 925 923
f 10005 923 925
f 10005 926 923
f 924 926 11441
f 2724 2726 924
f 2724 924 11441
f 10004 925 932
f 10005 925 10004
f 10005 937 926
f 926 937 11439
f 926 11439 11441
f 928 2729 927
f 931 927 2729
f 931 9998 927
f 2708 929 11405
f 2708 11427 929
f 929 9995 2728
f 929 2728 11406
f 929 11427 9995
f 929 11406 11405
f 931 930 9998
f 931 11426 930
f 930 11426 9982
f 930 9988 9998
f 931 2729 9995
f 931 9995 11426
f 10004 932 936
f 10009 936 932
f 10009 932 9993
f 9963 933 9979
f 10009 9993 933
f 934 2686 1465
f 934 1465 11375
f 5460 2686 934
f 5460 934 5442
f 934 5461 5442
f 934 11375 5461
f 1283 6478 935
f 11206 3822 935
f 3823 3824 935
f 3823 935 6478
f 11206 935 3824
f 2695 936 1007
f 10012 1007 936
f 10004 936 2695
f 10009 10012 936
f 2698 937 11396
f 2698 11439 937
f 10005 2699 937
f 11396 937 2699
f 10011 938 939
f 10014 939 938
f 10014 938 9962
f 10011 10012 938
f 9930 2731 939
f 10010 939 2731
f 10014 9930 939
f 10010 10011 939
f 10011 940 1007
f 11399 1007 940
f 10010 2733 940
f 11451 940 2733
f 10010 940 10011
f 11451 11399 940
f 5368 941 2811
f 941 10029 2811
f 5368 10145 941
f 10015 10030 941
f 10015 941 10145
f 941 10030 10029
f 942 1090 947
f 10016 942 947
f 942 1097 1090
f 10016 1096 942
f 942 1096 10144
f 942 10144 1097
f 10019 943 9438
f 10019 11515 943
f 10024 943 11515
f 10018 944 10017
f 10019 10017 944
f 10022 944 10018
f 10018 2870 945
f 945 2870 11657
f 10022 945 3032
f 945 11707 3032
f 10022 10018 945
f 945 11657 11707
f 946 3034 1691
f 10072 946 1691
f 10022 3032 946
f 3032 11705 946
f 946 11705 3034
f 947 2807 948
f 10016 947 948
f 10024 947 1090
f 10024 2807 947
f 2807 10026 948
f 9428 948 10026
f 2807 949 10026
f 11515 949 2807
f 2808 10117 949
f 11515 2808 949
f 10116 10026 949
f 10117 10116 949
f 2811 10029 950
f 11518 2811 950
f 950 2834 2837
f 950 10029 2834
f 11518 950 2837
f 2834 951 2835
f 2834 10029 951
f 9427 951 10030
f 951 10029 10030
f 957 952 2611
f 10034 952 957
f 10032 1058 952
f 11303 952 1058
f 11303 2611 952
f 10034 10032 952
f 1077 954 953
f 10032 953 954
f 2835 953 10034
f 10034 953 10032
f 10032 954 1059
f 10128 1059 954
f 1077 10130 954
f 10130 10128 954
f 10034 956 955
f 10036 955 956
f 2834 2835 955
f 11537 2834 955
f 2835 10034 955
f 11537 955 10036
f 2819 956 957
f 10034 957 956
f 2819 2820 956
f 10036 956 2820
f 957 2611 2610
f 2819 957 2610
f 10039 959 958
f 11524 958 959
f 958 2822 2821
f 10039 958 2821
f 958 10574 2822
f 11524 10574 958
f 961 2584 959
f 961 959 10039
f 2584 2586 959
f 11524 959 2586
f 11524 2823 960
f 960 5380 5378
f 960 5378 10574
f 11524 960 10574
f 11272 2584 961
f 11272 961 11266
f 10060 997 962
f 9432 11532 962
f 10060 962 11533
f 11533 962 11532
f 11525 2845 963
f 11546 963 2845
f 10044 11526 963
f 963 11546 10044
f 11526 11525 963
f 964 2829 965
f 10044 964 965
f 964 967 2829
f 10046 967 964
f 10044 2846 964
f 10046 964 2846
f 965 2829 2830
f 11528 965 2830
f 10044 965 11526
f 11528 11526 965
f 966 972 967
f 10046 966 967
f 968 966 10046
f 10047 966 968
f 970 3061 966
f 970 966 10047
f 966 3061 972
f 967 972 971
f 967 971 2829
f 968 11552 2847
f 968 2847 11557
f 968 10046 11552
f 10047 968 11557
f 970 10047 969
f 970 969 10142
f 969 2848 2849
f 10047 2848 969
f 10142 969 2849
f 970 10141 3061
f 970 10142 10141
f 971 972 3060
f 971 2832 2829
f 11744 2832 971
f 971 3060 3064
f 11744 971 3064
f 972 3061 3060
f 2880 973 2879
f 2890 2879 973
f 2893 2890 973
f 974 5401 975
f 974 975 10049
f 974 10049 1709
f 974 1709 11581
f 974 2885 5401
f 974 11581 2885
f 975 2848 976
f 975 976 10049
f 975 2849 2848
f 975 5401 2849
f 976 2840 10049
f 976 11541 2840
f 976 2848 11557
f 976 11557 11541
f 977 1709 5418
f 11563 1709 977
f 2856 11563 977
f 2856 977 11595
f 2904 977 5418
f 2904 11595 977
f 10050 978 1763
f 10598 1763 978
f 10050 11593 978
f 10598 978 10599
f 10599 978 11592
f 11593 11592 978
f 979 2913 9852
f 979 9855 2913
f 10050 979 9852
f 11289 9855 979
f 10050 10603 979
f 11289 979 10603
f 2852 2896 980
f 2852 980 10891
f 2896 11593 980
f 2913 980 9852
f 2913 10891 980
f 9852 980 11593
f 981 2930 2929
f 981 2929 5642
f 981 10052 2930
f 981 5642 10057
f 981 10056 10052
f 981 10057 10056
f 983 10052 982
f 982 11304 2614
f 982 10052 11304
f 984 2930 983
f 9433 984 983
f 983 2930 10052
f 11622 984 988
f 11622 2930 984
f 990 989 985
f 990 985 2944
f 2941 1270 985
f 2944 985 1270
f 2941 986 2942
f 11622 988 987
f 987 989 8556
f 987 8556 2929
f 11622 987 2929
f 5636 989 990
f 5636 8556 989
f 2943 990 2944
f 11629 990 2943
f 11629 5636 990
f 5482 2947 991
f 10055 991 2947
f 5482 991 5481
f 10055 9957 991
f 992 10919 1430
f 11560 992 1430
f 992 5421 5424
f 992 10891 5421
f 992 5424 10919
f 11560 10891 992
f 993 5282 7496
f 993 9081 5282
f 8553 5638 993
f 5638 9081 993
f 10057 993 7496
f 10057 8553 993
f 3179 994 1823
f 11806 1823 994
f 3184 3176 994
f 3176 11806 994
f 3180 994 3179
f 3184 994 3180
f 10058 2932 995
f 996 997 1000
f 996 1002 999
f 996 999 9440
f 996 1000 1002
f 10060 998 997
f 10060 10658 998
f 11539 998 10658
f 10062 1000 1001
f 10062 1002 1000
f 10062 9434 1002
f 1649 1005 1003
f 1005 2966 1003
f 5524 1649 1003
f 2966 4810 1003
f 10065 1003 4810
f 5524 1003 10065
f 1004 2245 2248
f 1004 10959 2245
f 1004 2251 2247
f 1004 2247 10959
f 1004 2248 2251
f 1649 2963 1005
f 1005 2963 11645
f 1005 11647 2966
f 1005 11645 11647
f 2974 1006 2978
f 7549 1006 2974
f 2978 1006 11651
f 5524 1006 7549
f 5524 10065 1006
f 10065 11651 1006
f 11399 2695 1007
f 10011 1007 10012
f 4810 4846 1008
f 10065 4810 1008
f 10065 1008 11651
f 11651 1008 11652
f 3033 1009 11705
f 3033 11709 1009
f 3034 1009 3035
f 3034 11705 1009
f 10067 3035 1009
f 10067 1009 11709
f 10068 1010 1012
f 1012 1010 11709
f 1014 1687 1010
f 10068 1014 1010
f 10066 1010 1687
f 10066 11709 1010
f 1604 1011 1810
f 1604 11714 1011
f 1810 1011 4812
f 10066 4812 1011
f 10066 1011 10067
f 10067 1011 11714
f 2980 1013 1012
f 10068 1012 1013
f 2980 1012 3033
f 3033 1012 11709
f 11571 1013 2980
f 10068 1013 11569
f 11568 11569 1013
f 11571 11568 1013
f 1014 4809 1687
f 2873 1014 10068
f 3524 6666 1015
f 3524 1015 8875
f 1015 6666 8413
f 8396 1015 8121
f 1015 8413 8121
f 8396 8875 1015
f 1017 1691 1016
f 1017 1016 10111
f 3034 1016 1691
f 3034 3035 1016
f 1016 3035 10110
f 1016 10110 10111
f 10071 1691 1017
f 2987 10071 1017
f 2987 1017 11667
f 1017 10111 11704
f 1017 11704 11667
f 1018 10117 2808
f 1018 9439 10074
f 1018 10074 10075
f 1018 10075 10117
f 1019 10075 10074
f 11664 1019 10074
f 1019 10113 10075
f 1019 11662 10113
f 1019 11663 11662
f 11664 11663 1019
f 9445 1021 10076
f 1022 11674 2995
f 11695 1022 2995
f 11695 10078 1022
f 1022 11675 11674
f 9640 10078 1023
f 11695 1023 10078
f 10081 1023 10082
f 11695 10082 1023
f 10081 10082 1024
f 11693 1024 10082
f 11682 1024 11693
f 1028 1026 1025
f 1028 1025 1027
f 10083 1028 1027
f 11679 10083 1027
f 11679 1027 11676
f 10083 1029 1028
f 5550 5557 1029
f 10083 5550 1029
f 5557 5560 1029
f 5549 5550 1030
f 5549 1030 10097
f 10083 1030 5550
f 11679 1030 10083
f 11679 10097 1030
f 1031 1034 1035
f 1031 11684 1034
f 1031 3006 11684
f 2538 2539 1032
f 11240 2538 1032
f 3886 1032 2539
f 9916 1032 9917
f 9916 11240 1032
f 1977 9651 1033
f 11676 1034 2999
f 11684 2999 1034
f 2936 7465 1036
f 2936 1036 11625
f 7465 5238 1036
f 11689 1036 5238
f 1036 10087 11625
f 11689 10087 1036
f 3013 11687 1037
f 3013 1037 11689
f 11689 1037 10087
f 1038 10090 5238
f 1038 5238 10092
f 9954 1038 10093
f 10093 1038 10092
f 5240 1039 1042
f 1039 11521 1042
f 10094 2813 1039
f 2813 11521 1039
f 5240 10090 1039
f 10093 1040 1041
f 1040 11626 1041
f 2937 1040 7465
f 2937 11626 1040
f 7465 1040 10092
f 10093 10092 1040
f 2931 1041 2938
f 2931 10093 1041
f 1041 11626 2938
f 1042 1043 5241
f 11300 1043 1042
f 5240 1042 7559
f 7559 1042 5241
f 11521 11300 1042
f 1043 2610 2612
f 11300 2610 1043
f 7601 1043 2612
f 7601 5241 1043
f 3026 1044 1046
f 1044 10096 1046
f 3026 1047 1044
f 1049 10096 1044
f 1045 1050 3009
f 1045 10096 1050
f 11685 1045 3009
f 7723 10096 1045
f 11692 7723 1045
f 11685 11692 1045
f 3026 1046 2613
f 11301 2613 1046
f 7723 1046 10096
f 11301 1046 7723
f 3025 3023 1047
f 11716 3025 1047
f 11716 1047 3026
f 1049 1048 3020
f 11696 1048 3017
f 11696 3020 1048
f 1049 3020 1050
f 1049 1050 10096
f 2994 2996 1050
f 2994 1050 3020
f 2996 3009 1050
f 1056 1051 3025
f 1056 5549 1051
f 1051 3024 3025
f 11678 3024 1051
f 1051 5549 10097
f 11678 1051 10097
f 1052 2530 2531
f 1052 5064 2530
f 1052 5120 5064
f 1052 5112 5120
f 1055 1053 5550
f 1055 10099 1053
f 1053 5557 5550
f 1053 5554 5557
f 1053 10099 5554
f 1057 1054 10100
f 1057 10120 1054
f 1054 10099 10100
f 1056 1055 5549
f 1056 10100 1055
f 1055 5550 5549
f 1055 10100 10099
f 1056 3025 3038
f 1056 3038 10100
f 1057 1076 10120
f 1057 11720 1076
f 1057 3038 3039
f 1057 10100 3038
f 1057 3039 11720
f 3041 1058 1059
f 10032 1059 1058
f 3041 3027 1058
f 11303 1058 3027
f 10126 3041 1059
f 10128 10126 1059
f 1062 1060 4838
f 1062 10105 1060
f 1065 1060 10105
f 1065 10107 1060
f 4520 1060 4836
f 4520 4838 1060
f 1060 10107 4836
f 2158 1063 1061
f 10102 1061 1063
f 2157 1061 4839
f 2157 4843 1061
f 2158 1061 4843
f 10102 4839 1061
f 2153 1062 1063
f 10102 1063 1062
f 2153 10105 1062
f 10102 1062 4838
f 2153 1063 2159
f 2158 2160 1063
f 2159 1063 2160
f 1067 1064 10103
f 11659 1064 1067
f 1068 10103 1064
f 1068 1064 10108
f 1064 10109 10108
f 11659 10109 1064
f 1066 10103 1065
f 1066 1065 10105
f 1068 1065 10103
f 1068 10107 1065
f 4568 1066 5572
f 4568 10103 1066
f 5572 1066 5571
f 5571 1066 10105
f 2982 1067 5570
f 2982 11659 1067
f 4568 5573 1067
f 4568 1067 10103
f 5573 5570 1067
f 1068 11702 10107
f 1068 10108 11702
f 2985 1069 10109
f 2985 11661 1069
f 1069 11703 10109
f 1069 11661 11665
f 1069 11665 11667
f 1069 11667 11703
f 3036 1070 3037
f 4621 1070 3036
f 3037 1070 10110
f 4621 4623 1070
f 4623 10111 1070
f 1070 10111 10110
f 1071 1390 2455
f 1390 1071 2462
f 2455 2468 1071
f 5092 2462 1071
f 5091 1071 2468
f 5092 1071 5091
f 1074 1072 10113
f 10115 1072 1074
f 10075 10113 1072
f 10075 1072 10117
f 10116 1072 10115
f 10117 1072 10116
f 3043 1074 1073
f 1074 10113 1073
f 1079 3042 1073
f 1079 1073 11662
f 3043 1073 3042
f 10113 11662 1073
f 10125 1074 3043
f 10125 10115 1074
f 10120 1076 1075
f 1076 10126 1075
f 10120 1075 9449
f 1076 3041 10126
f 1076 11720 3041
f 1077 9429 10123
f 1077 10123 10130
f 1078 10123 10115
f 1078 10115 10125
f 1078 10130 10123
f 1078 10125 10127
f 1078 10127 10128
f 1078 10128 10130
f 1080 1079 1416
f 1416 1079 11662
f 2984 1080 1416
f 2984 2981 1080
f 1080 2981 3000
f 1081 10131 1083
f 11549 1081 1083
f 1081 2826 2828
f 11549 2826 1081
f 11529 1081 2828
f 11529 10131 1081
f 8519 1082 9940
f 8519 10137 1082
f 1082 10137 10134
f 10131 10134 1083
f 10133 1083 10134
f 1084 2898 1085
f 1084 2897 2898
f 1084 6919 2897
f 5414 1088 1085
f 10139 1085 1088
f 5414 1085 2898
f 1086 6920 6919
f 1086 8515 6920
f 1086 8518 8515
f 1086 8517 8518
f 10139 1088 1087
f 1087 1088 11540
f 2841 1087 11540
f 9939 10139 1087
f 1088 5414 5411
f 5411 11540 1088
f 5065 1265 1089
f 9875 5065 1089
f 1090 1097 3052
f 1092 10141 1091
f 11728 1092 1091
f 1091 10757 2850
f 11728 1091 2850
f 1091 10141 10142
f 1091 10142 10757
f 11727 3059 1092
f 1092 3059 11740
f 1092 11740 10141
f 11727 1092 11728
f 1093 2389 9799
f 11051 1093 11053
f 1094 3058 1095
f 10144 1094 1095
f 10147 1094 1098
f 10148 1098 1094
f 10147 3058 1094
f 10144 10148 1094
f 1095 3050 1097
f 10144 1095 1097
f 1095 3053 3050
f 1095 3058 3053
f 10015 1096 10016
f 10015 10145 1096
f 10144 1096 10148
f 10145 10148 1096
f 1097 3050 3051
f 1097 3051 3052
f 10147 1098 1099
f 11746 1099 1098
f 10148 3065 1098
f 11746 1098 3065
f 10147 1099 3059
f 11740 3059 1099
f 1099 3064 3060
f 11740 1099 3060
f 11746 3064 1099
f 5026 1100 5030
f 11011 1100 5026
f 5029 5030 1100
f 10149 5029 1100
f 10149 1100 10150
f 10150 1100 11011
f 10149 1101 1102
f 10154 1102 1101
f 5673 5674 1101
f 5673 1101 10150
f 5674 10154 1101
f 10149 10150 1101
f 5028 1102 1105
f 5679 1105 1102
f 10149 1102 5028
f 5679 1102 10154
f 3082 10309 1103
f 3082 1103 11010
f 10150 1103 10309
f 10150 11011 1103
f 11010 1103 11011
f 5029 1104 1106
f 10153 1106 1104
f 5028 1104 5029
f 10151 1104 5028
f 10151 5028 1105
f 5029 1106 5030
f 1108 1107 5677
f 10154 1107 1108
f 1109 1107 5674
f 1109 10156 1107
f 5674 1107 10154
f 10156 5677 1107
f 1108 5678 3084
f 5679 1108 3084
f 1108 5677 5678
f 5679 10154 1108
f 1109 5674 10159
f 1109 11762 10156
f 1109 10159 10158
f 1109 10158 11762
f 1110 5815 1111
f 1110 1111 10160
f 1110 1114 5812
f 1110 10160 1114
f 5808 1110 5812
f 5808 5815 1110
f 1111 1112 10160
f 1111 11369 1112
f 1111 5815 5814
f 1111 5814 11369
f 1112 1116 1115
f 1112 1115 10160
f 1112 1117 1116
f 3229 1117 1112
f 3229 1112 11369
f 5673 1113 10159
f 5673 10309 1113
f 5804 10556 1113
f 5804 1113 10897
f 10556 10159 1113
f 10897 1113 10309
f 10556 5812 1114
f 1114 10160 10158
f 10556 1114 10158
f 1115 1116 3088
f 1115 3088 11762
f 1115 10158 10160
f 1115 11762 10158
f 1116 1117 1118
f 1116 1118 3088
f 1117 3230 1118
f 3229 3230 1117
f 3088 1118 3085
f 3228 3085 1118
f 3233 3228 1118
f 3233 1118 3230
f 7410 7376 1119
f 7376 7438 1119
f 7410 1119 10161
f 11767 1119 7438
f 10161 1119 11766
f 11767 11766 1119
f 4935 4927 1120
f 1120 4927 9739
f 4935 1120 4934
f 1120 9739 4936
f 1689 1124 1121
f 10167 1121 1124
f 1689 1121 10163
f 7410 10161 1121
f 7410 1121 10167
f 10461 1121 10161
f 10461 10163 1121
f 1226 1686 1122
f 7495 1226 1122
f 1686 1689 1122
f 1689 10163 1122
f 7495 1122 10163
f 10941 1123 2225
f 10942 2225 1123
f 1123 9729 5085
f 10941 9729 1123
f 5590 1131 1124
f 10167 1124 1131
f 1689 1688 1124
f 1688 5590 1124
f 5170 1125 5177
f 6152 5177 1125
f 1173 4010 1126
f 1126 4010 4011
f 7570 1126 4011
f 7573 1126 7570
f 1127 2090 2092
f 1127 4688 2090
f 1127 2092 2095
f 1127 2095 4690
f 1127 4689 4688
f 1127 4690 4689
f 4316 1804 1128
f 4317 1128 1820
f 4324 4316 1128
f 4324 1128 4317
f 1688 1686 1129
f 5583 1129 1686
f 1688 1129 5588
f 5585 1129 5583
f 5585 5588 1129
f 1130 1131 3095
f 10167 1131 1130
f 1130 3095 11769
f 7376 1130 8091
f 7376 10167 1130
f 5592 3095 1131
f 5590 5592 1131
f 1135 1132 1136
f 1135 3110 1132
f 1132 10169 1136
f 1132 3111 3109
f 1132 3109 10169
f 1132 3110 3111
f 1133 3431 6114
f 1133 11312 3431
f 9423 1133 6114
f 9423 11741 1133
f 1133 9436 11312
f 1133 11741 9436
f 1134 3109 5740
f 1134 10169 3109
f 1134 5739 5735
f 1134 5738 5739
f 1134 5740 5738
f 3113 1135 3105
f 3113 3110 1135
f 1138 1139 1137
f 3117 1138 1137
f 1137 1139 5489
f 1665 1137 5489
f 9193 1137 1665
f 3117 1137 9193
f 1138 11783 1139
f 3122 1138 3117
f 3120 1138 3122
f 3120 11783 1138
f 11784 1139 11783
f 1143 1140 1141
f 10170 1141 1140
f 1143 1142 1140
f 3126 1140 1142
f 3127 1140 3126
f 10170 1140 3127
f 3160 1143 1141
f 3160 1141 7980
f 10172 7980 1141
f 10170 10172 1141
f 1144 1142 1143
f 3123 1142 1144
f 3132 1142 3123
f 3132 3126 1142
f 3162 1144 1143
f 3160 3162 1143
f 1158 3124 1144
f 3162 1158 1144
f 3124 3123 1144
f 1145 3146 3147
f 1145 3148 3146
f 1145 4231 3148
f 1145 11789 4231
f 5072 4107 1146
f 5826 1146 4107
f 5072 1146 8480
f 5826 11247 1146
f 1146 8479 8480
f 1146 11247 8479
f 1147 1150 1148
f 1147 1148 10174
f 1147 10178 1150
f 1147 1153 10178
f 1148 1150 10176
f 3148 10173 1148
f 3148 1148 10176
f 1148 10173 10174
f 1149 6828 6829
f 1149 10725 6828
f 1149 6829 6830
f 1149 6830 10174
f 1149 10174 10173
f 1149 10173 10725
f 11790 10176 1150
f 11790 1150 10178
f 1151 10178 1153
f 11669 1151 5763
f 11669 10178 1151
f 8005 8006 1152
f 8005 1152 8008
f 8014 1152 8006
f 3153 1154 10180
f 10180 1154 9463
f 3155 1155 1156
f 3152 10180 1155
f 3152 1155 11795
f 3155 11795 1155
f 10170 3127 1156
f 1156 3127 11787
f 3155 1156 11787
f 1158 1157 3124
f 3164 1157 1158
f 1157 3120 3124
f 1157 11782 3120
f 3164 5503 1157
f 1157 5503 11782
f 3162 3163 1158
f 3163 3165 1158
f 3164 1158 3165
f 10183 1161 1159
f 11803 1159 1161
f 10183 1159 5989
f 11803 12172 1159
f 1160 3170 1169
f 1160 1169 10190
f 5779 3170 1160
f 5779 1160 10183
f 1160 10190 10183
f 3173 11803 1161
f 12090 3173 1161
f 10190 1161 10183
f 10190 12090 1161
f 10187 1162 1163
f 1163 1162 11807
f 1164 1162 8622
f 1164 11807 1162
f 5474 8622 1162
f 10187 5474 1162
f 1830 1163 1824
f 1163 11807 1824
f 10186 1163 1830
f 10187 1163 10186
f 1164 3174 3180
f 8612 3174 1164
f 1164 3180 11807
f 8612 1164 8622
f 4112 1165 1167
f 10189 1167 1165
f 1168 1165 5498
f 10189 1165 1168
f 1839 5498 1165
f 10521 1839 1165
f 10521 1165 4112
f 1621 1166 1622
f 1621 10189 1166
f 1622 1166 10502
f 1625 1166 8606
f 1625 10502 1166
f 10189 8606 1166
f 1621 1624 1167
f 1621 1167 10189
f 4112 1167 1624
f 7535 1168 5498
f 7535 8607 1168
f 8607 8606 1168
f 10189 1168 8606
f 1169 3170 5586
f 5499 1169 8630
f 5499 10190 1169
f 8630 1169 5586
f 1172 1170 1171
f 8628 1171 1170
f 5500 1170 1172
f 5501 1170 5499
f 5499 1170 12090
f 5500 12090 1170
f 5501 8628 1170
f 5517 1172 1171
f 2970 2971 1171
f 2970 1171 8628
f 5517 1171 2971
f 5500 1172 2023
f 5514 2023 1172
f 5517 5514 1172
f 1173 1686 1226
f 1173 1226 4010
f 1173 5583 1686
f 1174 9879 2751
f 1174 2751 11815
f 1174 6913 10633
f 1174 11815 6913
f 1174 7466 9879
f 1174 10633 7466
f 1175 2746 6913
f 1175 6914 2746
f 1175 6913 11815
f 1175 6915 6914
f 1175 10625 6915
f 1175 11815 10625
f 1177 1176 1180
f 1177 10193 1176
f 1176 1181 1180
f 1176 1183 1181
f 1176 10194 1183
f 1176 10193 10194
f 1180 12105 1177
f 1177 1182 11926
f 1177 12105 1182
f 1177 11926 10193
f 1179 10193 1178
f 11837 1179 1178
f 11926 1178 10193
f 10215 1178 10214
f 11926 10214 1178
f 11837 1178 10215
f 1179 1185 10196
f 11837 1185 1179
f 1179 10194 10193
f 1179 10196 10194
f 3531 1180 1181
f 12101 1180 3531
f 12105 1180 12101
f 5827 1181 1183
f 3531 1181 12104
f 12104 1181 5827
f 5909 3321 1182
f 3321 11926 1182
f 5909 1182 12165
f 12105 12165 1182
f 5831 1183 1184
f 10196 1184 1183
f 5827 1183 5831
f 10196 1183 10194
f 1186 5828 1184
f 10198 1186 1184
f 5828 5831 1184
f 10198 1184 10196
f 10198 1185 3218
f 3218 1185 11843
f 10198 10196 1185
f 11837 11843 1185
f 1186 5829 5828
f 11850 5829 1186
f 10198 11846 1186
f 11850 1186 11846
f 1187 1982 5833
f 1187 9484 1982
f 5849 1187 5833
f 5850 1187 5849
f 10200 1187 5850
f 10200 9484 1187
f 1188 1190 7605
f 1188 10202 1190
f 3100 1188 7608
f 3100 11778 1188
f 1188 7605 7608
f 11778 10202 1188
f 3305 3306 1189
f 3305 1189 11920
f 3306 10202 1189
f 11778 3307 1189
f 3307 11920 1189
f 11778 1189 10202
f 3098 7605 1190
f 3098 1190 11854
f 1190 10202 3225
f 1190 3225 11854
f 1191 1194 1192
f 10203 1191 1192
f 3201 1194 1191
f 3201 1191 7649
f 3202 7649 1191
f 10203 3202 1191
f 1192 1194 1258
f 1192 1258 3459
f 10203 1192 3460
f 3204 1193 11823
f 3204 11829 1193
f 10203 3460 1193
f 11823 1193 3460
f 11827 10203 1193
f 11827 1193 11829
f 1194 10265 1258
f 3201 3200 1194
f 3200 10265 1194
f 10204 1195 1201
f 10208 1201 1195
f 5911 1195 10204
f 5911 11888 1195
f 10208 1195 11886
f 11886 1195 11888
f 1197 1196 11943
f 12152 1196 1197
f 10204 10207 1196
f 10204 1196 12152
f 10207 12148 1196
f 1196 11947 11943
f 12148 11947 1196
f 5910 12154 1197
f 5910 1197 12167
f 12167 1197 11943
f 12152 1197 12154
f 1198 10206 1200
f 1198 1200 10270
f 1198 10270 1273
f 1198 1273 11471
f 1198 11471 6237
f 1198 6237 11475
f 1198 11475 10206
f 5927 1199 3497
f 1199 11475 3497
f 10210 1199 5927
f 1199 10209 10206
f 1199 10206 11475
f 10210 10209 1199
f 10208 3265 1200
f 1200 3265 10270
f 1200 10206 10209
f 10208 1200 10209
f 10204 1201 10207
f 10207 1201 10210
f 10208 10209 1201
f 10210 1201 10209
f 5919 1219 1202
f 10226 1202 1219
f 11945 5919 1202
f 11945 1202 10211
f 10213 1205 1203
f 10214 1203 1205
f 10214 1206 1203
f 11928 1203 1206
f 10213 1203 10212
f 11928 10212 1203
f 3215 1204 1223
f 10233 1223 1204
f 1224 1204 10212
f 10233 1204 1224
f 3215 10213 1204
f 10213 10212 1204
f 3214 10215 1205
f 11835 3214 1205
f 11835 1205 10213
f 10215 10214 1205
f 3321 3322 1206
f 3321 1206 10214
f 3322 11929 1206
f 11928 1206 11929
f 1207 7468 1217
f 1207 1217 10224
f 1207 11751 7468
f 1207 10218 11751
f 1208 5868 1210
f 1208 1210 10219
f 1209 1211 5876
f 1209 10219 1211
f 1209 5876 5875
f 1209 5875 11751
f 1209 10218 10219
f 1209 11751 10218
f 1211 1210 5870
f 1210 1211 10219
f 1210 5868 5870
f 5874 1211 5870
f 5874 5871 1211
f 5871 5876 1211
f 1212 1213 10220
f 1212 1214 1227
f 1212 10220 1214
f 1212 1227 3334
f 1212 3334 10238
f 1213 1215 1216
f 1213 9481 1215
f 1213 1216 10220
f 1214 3344 1227
f 11942 3344 1214
f 1214 10220 10223
f 11942 1214 10223
f 1215 10224 1216
f 1216 6188 10223
f 1216 10224 6188
f 1216 10223 10220
f 1217 2446 5600
f 1217 7468 2446
f 1217 5600 6188
f 1217 6188 10224
f 10228 1220 1218
f 10228 1218 12010
f 10231 12005 1218
f 1218 12005 12010
f 5865 1221 1219
f 1221 10226 1219
f 5917 5865 1219
f 5917 1219 5919
f 5863 1220 1221
f 10228 1221 1220
f 5864 1220 5863
f 5865 5863 1221
f 10226 1221 10228
f 10234 9486 1222
f 10233 1222 10235
f 10233 12000 1222
f 10234 1222 12000
f 10233 10235 1223
f 3324 3326 1224
f 3324 1224 10212
f 3326 5971 1224
f 1224 5971 12000
f 10233 1224 12000
f 11842 1225 5976
f 11841 1225 11842
f 1226 4009 4010
f 7495 4009 1226
f 3339 3334 1227
f 3341 3339 1227
f 3344 3341 1227
f 7418 1228 1230
f 1228 10240 1230
f 1228 2747 10240
f 1228 11467 2747
f 7418 9967 1228
f 1228 9967 11467
f 1229 10241 1231
f 1229 1231 10242
f 1229 10240 6909
f 1229 6909 10634
f 1229 6910 10241
f 1229 10634 6910
f 1229 10242 10240
f 1230 1232 7419
f 1230 10242 1232
f 7418 1230 7419
f 1230 10240 10242
f 1231 10241 8502
f 1231 8502 10243
f 1231 10243 10242
f 1232 5741 7419
f 1232 8500 5741
f 1232 10243 8500
f 1232 10242 10243
f 1233 4210 11604
f 11653 10244 1233
f 1233 11604 11635
f 11653 1233 11635
f 4204 6009 1234
f 4204 1234 10244
f 6009 6013 1234
f 6013 6014 1234
f 6890 1234 6014
f 6890 10244 1234
f 6888 1235 6893
f 10553 1235 6888
f 6891 1235 6890
f 6891 6893 1235
f 1236 10401 1237
f 1238 3844 1236
f 1238 1236 6468
f 1236 3844 10401
f 6467 1237 6125
f 1238 3366 3842
f 1238 6468 3366
f 1238 3842 3841
f 1238 3841 3844
f 1239 1241 7772
f 1239 10246 1241
f 7752 7756 1239
f 1239 7772 7752
f 7753 1239 7756
f 1239 7753 10246
f 1324 1242 1240
f 1240 1242 10246
f 1324 1240 7754
f 1240 7753 7754
f 1240 10246 7753
f 7933 1241 7770
f 1241 10246 7770
f 1241 7771 7772
f 7933 7771 1241
f 1324 1433 1242
f 1242 1433 9047
f 1242 9047 7770
f 1242 7770 10246
f 10248 7865 1243
f 10247 10248 1243
f 10247 1243 11995
f 11996 11995 1243
f 10247 1244 1245
f 1245 1244 11982
f 6070 1244 11800
f 6070 11978 1244
f 11800 1244 10247
f 1244 11978 11982
f 10248 1245 3391
f 3391 1245 11982
f 10247 1245 10248
f 1246 3797 4223
f 1246 10251 3797
f 1246 4223 3798
f 1246 3798 12001
f 1246 10249 10251
f 1246 12001 10249
f 3411 1247 3410
f 3410 1247 12001
f 3411 12003 1247
f 1247 11833 10249
f 1247 10249 12001
f 12003 11833 1247
f 1248 4459 3797
f 1248 3797 10251
f 1248 7952 4459
f 1248 6039 7952
f 1248 11853 6039
f 1248 10251 11853
f 10197 1249 3425
f 3425 1249 12012
f 1249 10253 6076
f 1249 6076 12012
f 10197 10252 1249
f 1249 10252 10253
f 1251 10253 1250
f 10329 1251 1250
f 4390 1250 10205
f 4390 10329 1250
f 1250 10252 10205
f 1250 10253 10252
f 1251 3415 10253
f 12006 3415 1251
f 10330 1251 10329
f 12006 1251 10330
f 2668 1252 2237
f 10255 2237 1252
f 10945 1252 2668
f 10254 10255 1252
f 10943 10254 1252
f 10943 1252 10945
f 1255 3448 1253
f 1255 1253 10946
f 10254 2228 1253
f 10946 1253 2228
f 1254 1680 9354
f 1254 9354 2238
f 1254 2238 10255
f 1254 10255 10254
f 1255 1257 3449
f 1255 10256 1257
f 1255 3449 3448
f 1255 10946 10256
f 1256 3451 1257
f 1256 1257 10256
f 1256 3454 3451
f 1256 8135 3454
f 1256 4945 8135
f 1256 10256 4945
f 1257 3450 3449
f 1257 3451 3450
f 1258 1269 10264
f 1258 10265 1269
f 3459 1258 10264
f 1259 1269 10262
f 1259 10267 1269
f 1259 1271 3476
f 1259 10257 1271
f 1259 3476 10267
f 1259 10262 10257
f 1268 10260 1260
f 1268 1260 10262
f 1260 9354 1680
f 1260 1680 10262
f 10258 1261 9655
f 11825 9655 1261
f 11826 1261 10260
f 11826 11825 1261
f 1264 10258 1262
f 1263 3672 1335
f 1263 1335 9425
f 1263 9425 3666
f 1263 3666 10702
f 1263 12151 3672
f 1263 10702 12151
f 5065 3860 1265
f 5066 1265 3860
f 5963 1265 5066
f 6185 11501 1266
f 6185 1266 11630
f 6222 6223 1266
f 6222 1266 6225
f 6223 11630 1266
f 6225 1266 11501
f 1281 3929 1267
f 3935 1267 3929
f 3938 1267 3935
f 3938 6595 1267
f 1268 10262 1269
f 1268 1269 10265
f 1268 11826 10260
f 1268 10265 11826
f 10264 1269 10267
f 2944 1270 9956
f 3448 3449 1271
f 3448 1271 10257
f 3449 12049 1271
f 12049 3476 1271
f 11655 1272 3540
f 11889 3540 1272
f 10271 10269 1272
f 10269 11889 1272
f 10271 1272 11655
f 9381 1273 3547
f 10269 3547 1273
f 9381 11471 1273
f 10269 1273 10270
f 3546 12118 1274
f 12121 3546 1274
f 6168 1274 11655
f 12121 1274 6168
f 10271 11655 1274
f 10271 1274 12118
f 1275 3538 3263
f 10273 1275 3263
f 1275 3532 3534
f 10273 3532 1275
f 1275 3534 3535
f 1275 3535 3537
f 1275 3537 3538
f 1276 11888 5911
f 1276 5911 12154
f 10273 11888 1276
f 10273 1276 12160
f 1276 12154 12160
f 10273 1277 3532
f 1277 12101 3532
f 1277 5908 12105
f 1277 12160 5908
f 10273 12160 1277
f 1277 12105 12101
f 1278 3549 12122
f 1278 12138 3549
f 1278 12122 9636
f 1278 10275 12138
f 1279 1958 1959
f 1279 10504 1958
f 3564 1279 1959
f 3564 10275 1279
f 10275 7043 1279
f 7043 10504 1279
f 1280 6293 1295
f 1280 1295 12158
f 1280 3584 10277
f 1280 12156 3584
f 1280 10277 6293
f 1280 12158 12156
f 1646 3930 1281
f 1646 1281 3933
f 1281 10448 3929
f 1281 3930 10448
f 1282 3554 6293
f 1282 12127 3554
f 1282 6293 10277
f 1282 10277 12131
f 1282 12131 12127
f 2265 2263 1284
f 10278 1284 2263
f 10293 2265 1284
f 10278 10282 1284
f 10282 10286 1284
f 10286 10293 1284
f 6631 3678 1285
f 8294 1285 3678
f 3792 6631 1285
f 3792 1285 8320
f 8294 7648 1285
f 8320 1285 7648
f 1286 10281 3597
f 1286 3597 12181
f 1286 12168 10281
f 1286 12169 12168
f 1286 12178 12169
f 1286 12181 12178
f 10282 1287 1288
f 12175 1288 1287
f 10278 3597 1287
f 10281 1287 3597
f 10278 1287 10282
f 10281 12175 1287
f 3589 12166 1288
f 3589 1288 12175
f 10282 1288 10286
f 10284 10286 1288
f 10284 1288 12166
f 1291 1289 1290
f 10291 1290 1289
f 10292 1289 1291
f 10291 1289 1292
f 10293 1292 1289
f 10292 10971 1289
f 10293 1289 10971
f 11417 1291 1290
f 1290 10289 6294
f 11417 1290 6294
f 10291 10289 1290
f 6304 1291 6296
f 11417 6296 1291
f 10292 1291 6304
f 10284 1293 1292
f 1293 10291 1292
f 10284 1292 10286
f 10286 1292 10293
f 10284 1294 1293
f 1293 1294 10288
f 1293 10288 10289
f 10291 1293 10289
f 3586 1294 3588
f 3586 12157 1294
f 12166 3588 1294
f 10284 12166 1294
f 1294 12157 10288
f 6293 6294 1295
f 6294 10289 1295
f 1295 10289 10288
f 1295 10288 12158
f 10292 6304 1297
f 11400 1297 6304
f 6309 10970 1297
f 11400 6309 1297
f 10292 1297 10971
f 10971 1297 10970
f 10295 2219 1298
f 1298 2219 10933
f 1298 3644 3643
f 10295 1298 3643
f 1298 11391 3644
f 1298 10933 11391
f 9799 1299 9797
f 11084 1299 9799
f 2297 2221 1300
f 10992 1300 2221
f 10938 1300 2289
f 1300 10992 2289
f 3641 2297 1300
f 3641 1300 10938
f 10298 1303 1301
f 1301 1303 10299
f 1301 4900 10297
f 1301 10299 4900
f 10298 1301 10297
f 1302 10297 1306
f 1302 1306 10304
f 3502 4891 1302
f 3502 1302 10304
f 10298 1302 4891
f 10298 10297 1302
f 3566 4892 1303
f 10298 3566 1303
f 10112 1303 4892
f 10112 10299 1303
f 1304 1305 10299
f 11383 1305 1304
f 7315 7333 1304
f 7315 1304 10112
f 11383 1304 7333
f 10112 1304 10299
f 6320 1305 6321
f 6320 10299 1305
f 11383 6321 1305
f 3250 4902 1306
f 3250 1306 10297
f 11394 1306 4902
f 10304 1306 11394
f 1307 3696 9729
f 10941 4933 1307
f 10941 1307 9729
f 1313 3543 1308
f 1313 1308 12111
f 12115 1308 3543
f 3546 1308 3544
f 3544 1308 12115
f 12111 1308 3546
f 1309 4985 4984
f 1309 4984 9321
f 1309 4992 4985
f 1309 9322 4992
f 1309 9321 5010
f 1309 5010 9322
f 1310 10310 1312
f 1310 2301 2299
f 1310 2299 10310
f 10306 2301 1310
f 1311 2283 2319
f 10308 2283 1311
f 1311 2302 2301
f 10308 1311 2301
f 1311 8449 2302
f 1311 2319 8449
f 3650 1312 1315
f 1312 10310 1315
f 3651 1312 3650
f 1313 3471 3467
f 1313 3467 3543
f 1313 12043 3471
f 1313 12111 12043
f 3650 1315 1314
f 1314 1315 10999
f 10998 1314 2298
f 1314 10999 2298
f 3650 1314 7984
f 7984 1314 10998
f 10310 7375 1315
f 1315 7375 10999
f 5126 1316 3634
f 1316 11003 3634
f 9224 3658 1316
f 3658 11003 1316
f 5126 10312 1316
f 9224 1316 10312
f 1317 2255 2256
f 1317 3630 2255
f 11362 1317 2256
f 5126 3630 1317
f 5126 1317 10312
f 11362 10312 1317
f 1318 3340 3341
f 5897 3340 1318
f 3345 1318 3341
f 3346 3342 1318
f 3342 5897 1318
f 3346 1318 3345
f 1319 1320 1321
f 1319 6468 1320
f 1319 1321 3364
f 1319 3364 11961
f 1319 3366 6468
f 1319 11961 3366
f 10314 1321 1320
f 1320 6471 11211
f 10314 1320 11211
f 3367 3364 1321
f 7754 3367 1321
f 10314 7754 1321
f 1322 3311 1544
f 1322 3314 3311
f 1322 3312 3315
f 1322 3315 3314
f 1323 1433 1324
f 1323 1324 10314
f 11209 1433 1323
f 1323 10314 11211
f 11209 1323 11211
f 1324 7754 10314
f 3660 1325 1336
f 1325 3662 1336
f 11838 1325 3660
f 1325 11781 3662
f 11785 11781 1325
f 11785 1325 11838
f 6276 1327 1326
f 10318 1326 1327
f 6276 1326 1340
f 10326 1340 1326
f 10323 1326 10318
f 10326 1326 10323
f 1327 3592 3854
f 1327 12170 3592
f 10318 1327 3854
f 6276 12170 1327
f 10707 1329 1328
f 1328 1329 12159
f 1328 1330 1331
f 1328 12159 1330
f 1328 1331 1891
f 10707 1328 1891
f 10320 1329 3560
f 3560 1329 10707
f 10320 12159 1329
f 1330 1333 1331
f 1330 12159 1334
f 1331 1333 1332
f 1331 1332 6337
f 1891 1331 6337
f 10321 1332 1333
f 1332 11355 6337
f 10321 11356 1332
f 1332 11356 11355
f 10321 1333 1335
f 3584 12156 1334
f 3584 1334 12159
f 1334 12156 12164
f 3663 1335 3672
f 10321 1335 3663
f 1336 3662 1342
f 10323 1336 1342
f 3660 1336 10318
f 10323 10318 1336
f 1337 1342 3686
f 10323 1342 1337
f 1337 3686 1343
f 10328 1337 1343
f 10326 10323 1337
f 10328 10326 1337
f 1338 1347 1348
f 10335 1347 1338
f 6238 1338 1348
f 6238 10311 1338
f 6277 10325 1339
f 6277 1339 11438
f 10311 9353 1339
f 11438 1339 9353
f 11443 6276 1340
f 10328 10325 1340
f 11443 1340 10325
f 10328 1340 10326
f 1341 8283 3413
f 1341 3413 10330
f 3668 8282 1341
f 3668 1341 10329
f 1341 8282 8283
f 1341 10330 10329
f 1342 3662 3683
f 1342 3683 3686
f 1343 6166 1349
f 10335 1343 1349
f 1343 3686 6166
f 10335 10328 1343
f 1345 10333 1344
f 6189 1344 6166
f 1344 10333 6166
f 6189 7728 1344
f 4399 7680 1345
f 4399 1345 10114
f 7682 1345 7680
f 7682 10333 1345
f 1349 6166 1346
f 1349 1346 11601
f 1346 9056 3681
f 1346 3681 11601
f 1346 6166 10333
f 1346 10333 9056
f 1347 3673 1348
f 10335 1349 1347
f 1347 1349 11601
f 1347 11601 3673
f 1348 3673 3674
f 6195 1348 3674
f 6238 1348 6195
f 3671 11347 1350
f 3671 1350 11980
f 1350 3682 3680
f 1350 3680 9361
f 1350 11535 3682
f 1350 9361 11980
f 11347 11535 1350
f 1352 1351 3676
f 1351 9572 3676
f 1351 9361 9572
f 11980 9361 1351
f 1352 3675 1890
f 1352 1890 11024
f 1352 3676 3675
f 5085 10339 1353
f 1353 10341 9724
f 1354 10339 4751
f 1354 4751 11332
f 6378 1354 11332
f 6378 11341 1354
f 1354 11341 10339
f 6375 10104 1355
f 10104 10106 1355
f 1358 1356 10343
f 1358 10353 1356
f 1359 10345 1356
f 1359 1356 10349
f 1356 10345 10343
f 1356 10353 10349
f 1414 1357 3701
f 1414 10382 1357
f 1357 10345 3701
f 1357 10343 10345
f 1357 11591 10343
f 1357 10382 11591
f 1358 1361 1360
f 1358 1360 10353
f 1358 3711 1361
f 1358 10343 3711
f 1359 6368 1370
f 1359 1370 6369
f 1359 10349 6368
f 1359 6369 10345
f 1360 1361 1362
f 1360 1362 10359
f 1360 1382 10353
f 1360 10359 1382
f 1361 1364 1362
f 1361 3713 1364
f 1361 3711 3713
f 1362 1364 10357
f 1362 10357 1386
f 1362 1386 10359
f 2242 1363 3610
f 1363 2242 5010
f 2282 9088 1363
f 2282 1363 9321
f 3610 1363 9088
f 5010 9321 1363
f 6430 1364 3713
f 11610 1364 6430
f 11610 10357 1364
f 1365 1366 1367
f 1365 1368 1366
f 1365 1367 7964
f 1365 7971 1368
f 7963 1365 7964
f 7963 7971 1365
f 1366 1374 1367
f 1366 1368 1379
f 1366 1378 1374
f 1366 1379 1378
f 1367 1374 1375
f 1367 1375 6123
f 1367 6123 7964
f 1368 1371 1379
f 1368 7972 1371
f 1368 7971 7972
f 1369 4918 1370
f 1369 1370 6368
f 1369 6368 1371
f 1369 1371 7972
f 4916 4918 1369
f 4916 1369 4919
f 1369 7972 4919
f 1370 4918 6366
f 1370 6366 6369
f 1372 1379 1371
f 1371 6368 1372
f 1372 10356 1379
f 1372 10349 1381
f 1372 1381 10356
f 1372 6368 10349
f 1373 9856 1530
f 1373 1530 10447
f 1373 3266 9834
f 1373 10447 3266
f 1373 9834 9856
f 1374 6117 1375
f 1374 1378 6119
f 1374 6119 6117
f 1375 1377 1376
f 1375 1376 6123
f 1375 6117 1377
f 6128 1376 1377
f 6124 6123 1376
f 6124 1376 6127
f 6128 6127 1376
f 1377 6117 6118
f 6129 1377 6118
f 6129 6128 1377
f 1378 1379 10356
f 1378 1380 6119
f 1378 10356 1380
f 1380 1382 1384
f 1380 10356 1382
f 1380 1384 6411
f 1380 6411 6119
f 1381 10353 1382
f 1381 1382 10356
f 1381 10349 10353
f 1382 10359 1384
f 1384 6414 6411
f 1384 10359 6414
f 1385 6413 1386
f 1385 1386 10357
f 1387 1385 10357
f 1387 11281 1385
f 1385 6415 6413
f 1385 11281 6415
f 1386 6413 6414
f 1386 6414 10359
f 3709 11281 1387
f 3709 1387 11792
f 11610 1387 10357
f 11610 11792 1387
f 1389 1388 2375
f 2385 1388 1389
f 5084 2375 1388
f 2385 1389 1392
f 2455 1392 1389
f 2455 1389 2375
f 1391 1390 2462
f 1391 9493 1390
f 2455 1390 1392
f 1391 2460 2458
f 1391 2463 2460
f 1391 2462 2463
f 2385 1392 1394
f 3769 1394 1393
f 3769 1393 3775
f 1393 10372 3775
f 3767 2385 1394
f 3769 3767 1394
f 3719 3714 1395
f 3720 3719 1395
f 3720 1395 4414
f 1395 10363 4414
f 6450 10063 1396
f 6450 1396 11238
f 1396 10063 10086
f 10365 1396 10086
f 10365 10367 1396
f 11238 1396 10367
f 1397 9699 3761
f 1397 3761 9777
f 3777 9699 1397
f 3777 1397 10365
f 10366 1397 9777
f 10365 1397 10366
f 1398 3757 9783
f 10366 3757 1398
f 10023 1398 9783
f 10023 10367 1398
f 10365 10366 1398
f 10365 1398 10367
f 1420 1399 1400
f 1400 1399 9542
f 1420 3779 1399
f 1399 3779 10368
f 10387 1400 1417
f 10387 1420 1400
f 1401 1405 1403
f 10371 1405 1401
f 10370 10371 1401
f 7480 1402 3782
f 1402 10368 3782
f 10371 1402 7480
f 1402 9539 10368
f 10370 9539 1402
f 10370 1402 10371
f 10372 1403 1404
f 1403 10374 1404
f 1403 1405 10374
f 3776 1404 3778
f 3776 10372 1404
f 3778 1404 9555
f 9555 1404 10374
f 3781 7444 1405
f 3781 1405 10371
f 10374 1405 7444
f 1411 3784 1407
f 10377 1411 1407
f 8304 1407 3784
f 10377 1407 9495
f 1408 1770 2338
f 1408 2338 11130
f 9841 1408 11130
f 1409 7883 8776
f 1409 8778 7883
f 7887 1409 8776
f 7887 8777 1409
f 1409 8777 8780
f 1409 8780 8778
f 1411 1410 3784
f 10378 1410 1411
f 1420 1419 1410
f 1419 3784 1410
f 1420 1410 3779
f 1410 3782 3779
f 10378 3782 1410
f 1411 10377 10378
f 3007 1413 1412
f 10381 1412 1413
f 3007 1412 4088
f 3698 4088 1412
f 3698 1412 6382
f 1412 6381 6382
f 10381 6381 1412
f 3007 6429 1413
f 1413 6429 10382
f 10381 1413 10382
f 1414 3701 6370
f 1414 6370 6381
f 10381 1414 6381
f 10381 10382 1414
f 3648 1685 1415
f 3649 3648 1415
f 2986 2984 1416
f 2986 1416 11663
f 1416 11662 11663
f 1418 1417 9540
f 10389 1417 1418
f 10389 10387 1417
f 10387 1419 1420
f 10387 10390 1419
f 1422 8296 1421
f 10389 1422 1421
f 1421 8296 7583
f 8305 1421 7583
f 10390 1421 8305
f 10389 1421 10390
f 1422 7591 8296
f 10385 7591 1422
f 1599 1565 1423
f 1423 1565 9237
f 1599 1423 9238
f 1423 9237 9239
f 1423 9296 9238
f 1423 9239 9296
f 11560 1430 1424
f 11562 1424 1430
f 2853 2852 1424
f 2852 11560 1424
f 2853 1424 11582
f 11562 11582 1424
f 1425 1426 10395
f 1426 1427 10395
f 1426 10768 1427
f 1427 1994 1995
f 1427 10768 1994
f 1427 1995 10396
f 1427 10396 10395
f 1429 1997 1428
f 1429 1428 10396
f 1428 10395 10396
f 1429 10770 1997
f 1429 10396 10776
f 1429 10777 10770
f 1429 10776 10777
f 2855 1430 2854
f 2854 1430 10919
f 2855 11562 1430
f 3810 1432 1431
f 1431 1432 10397
f 3809 3810 1431
f 3809 1431 11964
f 6028 1431 10397
f 6028 11964 1431
f 3807 1432 3841
f 3807 9491 1432
f 3810 3841 1432
f 9491 10397 1432
f 1435 1433 1434
f 11209 1434 1433
f 1435 9047 1433
f 1436 1435 1434
f 7914 1436 1434
f 7913 7914 1434
f 11209 7913 1434
f 1436 9046 1435
f 7930 1435 9046
f 7930 9047 1435
f 7915 6420 1436
f 1436 6420 9046
f 7914 7915 1436
f 2189 1472 1437
f 6124 1437 1472
f 2189 1437 3848
f 3847 3848 1437
f 8961 1438 1442
f 1438 10402 1442
f 8961 3856 1438
f 3856 11893 1438
f 1438 3864 10402
f 1438 11893 3864
f 1439 1450 9169
f 1439 11375 1450
f 2685 1439 9107
f 2685 11375 1439
f 1439 9169 9107
f 6772 1440 3445
f 1440 6160 6158
f 1440 6158 7824
f 6772 6160 1440
f 11262 1441 11261
f 7992 3827 1442
f 11851 1442 3827
f 7992 1442 10402
f 8961 1442 11851
f 1444 3862 6462
f 1444 8884 3862
f 1444 6462 6460
f 1444 6460 8876
f 1444 8876 8884
f 1656 4114 1445
f 1656 1445 12044
f 4155 1445 9518
f 4155 12044 1445
f 7407 1446 8475
f 8477 1446 7407
f 9987 8475 1446
f 9987 1446 9977
f 6532 6536 1447
f 10415 6532 1447
f 11428 1447 6536
f 10404 1447 10405
f 10404 10415 1447
f 10405 1447 11428
f 1449 1448 3875
f 11419 1448 1449
f 1448 3866 3873
f 10408 3866 1448
f 3875 1448 3873
f 11419 10408 1448
f 1449 3875 11166
f 6513 6516 1449
f 6513 1449 11166
f 11419 1449 6516
f 11375 2688 1450
f 1450 2688 11384
f 1450 2690 9169
f 1450 11384 2690
f 10405 1451 10406
f 10405 11516 1451
f 10406 1451 10408
f 1451 11699 10408
f 1451 11516 11589
f 1451 11589 11699
f 6176 1467 1452
f 10409 1452 1467
f 6176 1452 10413
f 10409 10414 1452
f 1452 10414 10413
f 1455 1453 3892
f 10409 1453 1455
f 1467 1466 1453
f 1468 1453 1466
f 10409 1467 1453
f 1468 3892 1453
f 10409 1455 1454
f 1455 11389 1454
f 1454 8035 10414
f 1454 11342 8035
f 10409 1454 10414
f 1454 11389 11342
f 1455 3894 3575
f 1455 3575 11389
f 1455 3892 3894
f 1458 8060 1456
f 10410 1458 1456
f 1459 1456 8064
f 10410 1456 1459
f 1456 8060 8061
f 1456 8061 8064
f 10410 1457 1458
f 1457 10428 1458
f 3890 1500 1457
f 1500 10428 1457
f 3890 1457 11072
f 10410 11072 1457
f 1458 8017 8060
f 1458 10427 8017
f 1458 10428 10427
f 10410 1459 3889
f 3889 1459 11086
f 8673 1459 8064
f 11086 1459 8673
f 1513 1462 1460
f 3890 1460 1462
f 1514 1513 1460
f 3889 1514 1460
f 11072 3889 1460
f 3890 11072 1460
f 1513 1461 1462
f 3868 1462 1461
f 1513 6598 1461
f 3868 1461 3865
f 1461 6596 3865
f 1461 6598 6596
f 3868 3867 1462
f 3890 1462 3867
f 1463 1464 10412
f 1463 10413 1464
f 1463 6177 11628
f 1463 11642 6177
f 1463 10412 11642
f 1463 11628 10413
f 1464 10414 8035
f 1464 8035 11576
f 1464 11576 10412
f 1464 10413 10414
f 2686 11374 1465
f 11375 1465 2688
f 2688 1465 11380
f 1465 11374 11380
f 6545 1466 1467
f 8160 1468 1466
f 6545 3895 1466
f 8162 1466 3895
f 8160 1466 8162
f 6176 6545 1467
f 1468 8898 3892
f 8158 1468 8160
f 8158 8898 1468
f 6500 6505 1469
f 6500 1469 6508
f 6505 6533 1469
f 6508 1469 10415
f 1469 6533 6532
f 10415 1469 6532
f 8032 1470 1471
f 1471 1470 8868
f 1470 6537 6533
f 1470 6533 8868
f 1470 6539 6537
f 6539 1470 8032
f 8030 6519 1471
f 8034 1471 6519
f 8030 1471 8868
f 8034 8032 1471
f 2189 3845 1472
f 3845 8963 1472
f 6124 1472 3846
f 3846 1472 8963
f 1473 1474 1475
f 8871 1474 1473
f 1473 1475 8067
f 1473 8067 1478
f 1473 1478 8870
f 8871 1473 8870
f 10417 1475 1474
f 10417 1474 1610
f 10496 1610 1474
f 10496 1474 8871
f 6580 8068 1475
f 6580 1475 10417
f 1475 8068 8067
f 6585 1476 1611
f 10417 1611 1476
f 6580 1476 6581
f 6580 10417 1476
f 6581 1476 6582
f 6582 1476 6585
f 1477 1478 8059
f 1477 8870 1478
f 1477 8058 8057
f 1477 8057 8873
f 1477 8059 8058
f 1477 8873 8870
f 1478 8069 8059
f 1478 8067 8069
f 1579 1479 1481
f 10420 1481 1479
f 4104 1479 1579
f 1580 1479 4104
f 1580 6552 1479
f 6552 11131 1479
f 10420 1479 11131
f 1480 4111 1501
f 1480 1606 6768
f 4110 4111 1480
f 4110 1480 6768
f 1579 1481 1483
f 1593 1483 1481
f 1618 1593 1481
f 1618 1481 10420
f 4104 1579 1482
f 1579 10421 1482
f 3917 1482 10421
f 10806 1482 3917
f 10422 4104 1482
f 10422 1482 10806
f 1579 1483 10421
f 1593 10484 1483
f 1594 10421 1483
f 1594 1483 10484
f 1595 1484 1594
f 1594 1484 10421
f 1597 1484 1595
f 1598 1484 1597
f 3917 1484 1598
f 3917 10421 1484
f 6560 1485 1486
f 10422 1486 1485
f 1584 1485 10478
f 1584 10481 1485
f 6560 10478 1485
f 10422 1485 10481
f 6560 1486 6561
f 1486 10806 6561
f 10422 10806 1486
f 8955 1487 1489
f 10424 1489 1487
f 1492 1490 1487
f 10425 1487 1490
f 8955 1492 1487
f 10424 1487 10425
f 1496 1495 1488
f 1495 10424 1488
f 1497 1496 1488
f 8022 1497 1488
f 8022 1488 8019
f 8019 1488 10424
f 1495 1489 10424
f 8955 1489 6562
f 8953 1491 1490
f 8953 1490 1492
f 8953 1582 1491
f 1582 10478 1491
f 6560 1491 10478
f 8953 1492 8954
f 8954 1492 8955
f 10653 1493 1494
f 10653 6574 1493
f 1493 6574 11092
f 1493 11092 11104
f 4074 3923 1494
f 3923 10653 1494
f 1496 9500 1495
f 1504 1496 1497
f 1504 1497 10430
f 8022 8021 1497
f 8021 10430 1497
f 8016 1498 1499
f 1499 1498 10427
f 8020 1498 8016
f 8020 8018 1498
f 8018 10427 1498
f 8025 1499 8015
f 8015 1499 10428
f 8016 1499 8025
f 1499 10427 10428
f 3890 3867 1500
f 8023 1500 3867
f 8023 8015 1500
f 8015 10428 1500
f 3914 1501 4111
f 6489 1503 1502
f 1503 10430 1502
f 6489 1502 8026
f 8021 8025 1502
f 8021 1502 10430
f 1502 8025 8026
f 3286 1505 1503
f 1505 10430 1503
f 3286 1503 8904
f 6489 8904 1503
f 9507 1504 1505
f 1505 1504 10430
f 6521 1506 1507
f 1506 8718 1507
f 1506 3884 6851
f 1506 11156 3884
f 6521 11156 1506
f 1506 6851 8718
f 6521 1507 1508
f 1507 12053 1508
f 1507 8718 8719
f 1507 8719 12053
f 5964 1508 12053
f 5964 12059 1508
f 6521 1508 6522
f 6522 1508 11162
f 1508 12059 11162
f 9279 1509 4166
f 4166 1509 12086
f 4169 1509 9283
f 4169 12086 1509
f 9279 9281 1509
f 9281 9284 1509
f 9283 1509 9284
f 1510 10437 3436
f 1510 3436 12021
f 7219 6548 1510
f 1510 6548 10437
f 7219 1510 12023
f 12023 1510 12021
f 1511 3489 10436
f 1511 11637 3489
f 1511 10436 6548
f 11143 1511 6548
f 9398 1511 11143
f 9398 11637 1511
f 1512 2370 9757
f 11063 2370 1512
f 2371 1512 2374
f 11063 1512 2371
f 10337 1513 1514
f 1513 6601 6598
f 10337 6601 1513
f 3889 11086 1514
f 10337 1514 10324
f 11086 10324 1514
f 6603 1517 1515
f 8079 1515 1517
f 1515 8078 3979
f 1515 3979 10438
f 6603 1515 10438
f 8079 8078 1515
f 1516 1524 1527
f 1516 8088 1524
f 6603 1516 1527
f 6603 10438 1516
f 11075 8088 1516
f 11075 1516 10438
f 6603 11079 1517
f 8079 1517 8087
f 8087 1517 8086
f 8086 1517 11079
f 1518 1519 3955
f 1518 9509 1519
f 11077 1518 3955
f 1518 8033 10458
f 11077 8033 1518
f 1518 10458 9509
f 1519 10441 3955
f 1519 9509 10440
f 1519 10440 10441
f 1520 1555 9113
f 10441 1555 1520
f 1520 3953 9897
f 1520 9975 3953
f 1520 9113 9975
f 10441 1520 9897
f 1521 1526 1522
f 1521 1524 1526
f 1521 10444 1524
f 6509 10444 1521
f 1522 1526 9969
f 10001 1522 9969
f 10013 1522 10001
f 3951 9775 1523
f 3951 1523 10001
f 3962 6514 1523
f 3962 1523 9775
f 6514 10013 1523
f 10013 10001 1523
f 1524 8088 1526
f 1524 10444 1527
f 6604 1527 1525
f 1525 1527 10444
f 10290 1525 6512
f 6512 1525 10444
f 10290 6604 1525
f 8088 8089 1526
f 8089 9969 1526
f 6603 1527 6604
f 9108 1529 1528
f 10447 1528 1529
f 1528 1530 6194
f 10447 1530 1528
f 9106 1528 6194
f 9108 1528 9106
f 9111 5928 1529
f 1529 5928 11890
f 9111 1529 9108
f 10447 1529 11890
f 1530 11572 6194
f 1530 9856 11572
f 1531 1532 1533
f 1531 1534 1532
f 1531 1533 5934
f 5938 1534 1531
f 5938 1531 5934
f 3976 1533 1532
f 1534 3270 1532
f 3977 1532 3270
f 3976 1532 3977
f 5934 1533 3311
f 10453 3311 1533
f 3976 10453 1533
f 8701 3270 1534
f 5938 5937 1534
f 8701 1534 5937
f 1535 1537 3278
f 1535 11763 1537
f 1535 8463 3089
f 1535 3089 11763
f 1535 3278 11895
f 1535 11895 8463
f 1537 1536 1541
f 1537 10449 1536
f 1540 7730 1536
f 1540 1536 10449
f 1541 1536 1543
f 1543 1536 7730
f 1537 1538 10449
f 1537 11763 1538
f 1537 1541 3278
f 1538 1564 1563
f 1538 1563 10449
f 1538 11768 1564
f 1538 11763 11768
f 5526 1539 9573
f 5526 11046 1539
f 5529 1539 8686
f 5529 9573 1539
f 11046 8686 1539
f 1561 7730 1540
f 1561 1540 11918
f 1562 1540 10449
f 1562 11918 1540
f 1541 1543 1542
f 1541 1542 7705
f 1541 7705 3278
f 7731 1542 1543
f 1542 7706 7705
f 7732 7706 1542
f 7732 1542 7731
f 1543 7730 7733
f 7731 1543 7733
f 10453 1547 1544
f 10453 1544 3311
f 1545 7628 7629
f 1545 7630 7628
f 9277 1545 7629
f 9275 7630 1545
f 9275 1545 9276
f 9276 1545 9277
f 3313 1546 3317
f 3974 3317 1546
f 3974 1546 11042
f 10450 11042 1546
f 11027 5952 1547
f 10453 6639 1547
f 11027 1547 6639
f 1592 1548 2139
f 1592 4111 1548
f 1618 4106 1548
f 1618 1548 4108
f 4106 2139 1548
f 4108 1548 4110
f 4110 1548 4111
f 1549 3981 3978
f 8374 1549 3978
f 12058 3981 1549
f 5962 1549 8374
f 5962 12058 1549
f 1550 3982 3981
f 12058 1550 3981
f 1550 3983 3982
f 1550 10455 3983
f 5966 10455 1550
f 5966 1550 12058
f 3986 1551 1553
f 11020 1553 1551
f 10455 3292 1551
f 11020 1551 3292
f 3983 1551 3986
f 3983 10455 1551
f 10458 1553 1552
f 11020 1552 1553
f 11020 6638 1552
f 8033 3986 1553
f 8033 1553 10458
f 1555 1554 9114
f 10440 1554 1555
f 6612 9114 1554
f 1555 9114 9113
f 10441 10440 1555
f 6618 6617 1556
f 6617 10463 1556
f 6618 1556 11766
f 10461 10161 1556
f 10161 11766 1556
f 10461 1556 10463
f 3999 1557 1568
f 1557 9721 1568
f 3999 10464 1557
f 1557 10463 9721
f 10462 10463 1557
f 10462 1557 10464
f 7495 1558 1559
f 1559 1558 10464
f 7495 10163 1558
f 10461 1558 10163
f 10461 10462 1558
f 10462 10464 1558
f 1559 4001 4002
f 1559 10464 4001
f 1559 4002 4009
f 7495 1559 4009
f 1562 6645 1560
f 1562 1560 11918
f 3306 1560 3225
f 1560 11854 3225
f 3306 11918 1560
f 1560 6645 11015
f 1560 11015 11854
f 1561 3304 3303
f 1561 3303 7736
f 1561 3305 3304
f 1561 11918 3305
f 1561 7736 7730
f 1562 1563 6645
f 1562 10449 1563
f 1564 11013 1563
f 1563 11013 6645
f 1564 3091 4012
f 1564 11768 3091
f 1564 4012 11013
f 1599 8697 1565
f 1565 8697 9235
f 1565 9235 9236
f 1565 9236 9237
f 1570 1566 1567
f 1570 1569 1566
f 1569 10466 1566
f 3998 1570 1567
f 3996 3997 1567
f 3998 1567 3997
f 3998 1568 1570
f 10468 1570 1568
f 3998 3999 1568
f 10468 1568 9721
f 10467 1569 1570
f 9512 1569 10467
f 10467 1570 10468
f 1571 1572 1676
f 1571 10471 1572
f 1571 1676 5951
f 4032 5945 1571
f 4032 1571 5951
f 1571 5945 10471
f 10470 1572 1577
f 10470 1676 1572
f 1573 5951 1676
f 1573 1676 8947
f 3121 1573 4030
f 3121 4031 1573
f 1573 8947 4030
f 4031 5951 1573
f 1574 1577 5987
f 1574 10469 1577
f 1574 5987 6696
f 1574 6697 6682
f 1574 6682 10469
f 1574 6696 6697
f 1575 1586 1587
f 10469 1586 1575
f 1575 1587 8948
f 1575 8948 8947
f 10470 1575 8947
f 10470 10469 1575
f 1576 10471 1578
f 1576 1578 10475
f 4029 1576 10473
f 1576 10475 10473
f 1577 4029 5987
f 10470 1577 10469
f 4036 2059 1578
f 2059 10827 1578
f 4036 1578 10471
f 1578 10827 10475
f 1585 6684 1580
f 1585 1580 10481
f 1580 4104 10481
f 1580 6684 6552
f 1585 1584 1581
f 1584 10477 1581
f 1588 1585 1581
f 1588 1581 1587
f 1581 8949 1587
f 1581 10477 8949
f 8957 1583 1582
f 1583 10477 1582
f 8953 8957 1582
f 1582 10477 10478
f 1583 8950 8949
f 1583 8949 10477
f 1583 8951 8950
f 8957 8951 1583
f 1585 10481 1584
f 1584 10478 10477
f 1588 6684 1585
f 1588 1587 1586
f 1588 1586 6682
f 6682 1586 10469
f 1587 8949 8948
f 1588 6682 6684
f 1591 1589 1672
f 1591 11108 1589
f 1598 1672 1589
f 3918 1598 1589
f 3918 1589 11108
f 1591 1672 1590
f 1591 1590 8056
f 1619 1590 1672
f 1619 10497 1590
f 1590 3536 8056
f 1590 10497 3536
f 1591 8685 6559
f 1591 6559 11108
f 1591 8056 8685
f 1592 2139 10821
f 3914 4111 1592
f 3914 1592 6766
f 1592 10821 6766
f 1618 4108 1593
f 4108 10484 1593
f 1595 1594 10484
f 1597 1595 10491
f 1634 1595 10484
f 1634 10491 1595
f 9190 2012 1596
f 2012 9672 1596
f 10804 9190 1596
f 1598 1597 1672
f 1619 1672 1597
f 1619 1597 10491
f 3917 1598 10809
f 10809 1598 3918
f 1599 4890 8697
f 1599 9079 4890
f 1599 9238 9079
f 1600 1601 1612
f 10486 1601 1600
f 1600 1617 1603
f 10486 1600 1603
f 10493 1600 1612
f 10493 1617 1600
f 10486 1605 1601
f 10487 1601 1605
f 10487 1612 1601
f 6577 1602 8044
f 6577 10487 1602
f 8043 8044 1602
f 8043 1602 10515
f 10488 1602 10487
f 10515 1602 10488
f 6767 1606 1603
f 1606 10486 1603
f 1603 1617 1616
f 6767 1603 1616
f 1604 1810 5539
f 1604 3036 3037
f 1604 5539 3036
f 1604 3037 11714
f 9514 10488 1605
f 10488 10487 1605
f 6768 1606 6767
f 1609 1607 1608
f 1608 1607 10491
f 1609 1620 1607
f 1619 10491 1607
f 1619 1607 10497
f 1607 1620 10497
f 1609 1608 6767
f 1608 1634 6768
f 1608 10491 1634
f 1608 6768 6767
f 1609 1616 1620
f 1609 6767 1616
f 1614 1611 1610
f 10417 1610 1611
f 1614 1610 1613
f 10496 1613 1610
f 6579 1611 1614
f 6579 6585 1611
f 6577 1615 1612
f 10493 1612 1615
f 6577 1612 10487
f 10493 1614 1613
f 10493 1613 1617
f 10495 1617 1613
f 10496 10495 1613
f 6579 1614 1615
f 10493 1615 1614
f 6577 6578 1615
f 6578 6588 1615
f 6579 1615 6588
f 10495 1616 1617
f 1620 1616 10499
f 10499 1616 10495
f 1618 10420 4106
f 10497 1620 8872
f 8872 1620 10499
f 1621 1622 10500
f 1621 10500 1624
f 1622 10502 1631
f 1622 1631 10506
f 1622 10506 10500
f 4114 1624 1623
f 1623 1624 10500
f 4119 1623 1632
f 1623 10500 1632
f 4114 1623 5634
f 4119 5634 1623
f 4114 4112 1624
f 1625 8597 1630
f 1625 1630 10502
f 1625 8595 8597
f 1625 8606 8595
f 9397 9402 1626
f 1627 1629 1630
f 1627 1812 1629
f 1627 1630 8594
f 1627 9609 1812
f 5788 1628 7021
f 5788 9231 1628
f 5789 7021 1628
f 5789 1628 8698
f 8698 1628 9234
f 1628 9231 9234
f 1629 10502 1630
f 1629 1812 1631
f 1629 1631 10502
f 1630 8597 8594
f 1631 1812 4312
f 10506 1631 4312
f 4119 1632 10645
f 10506 4313 1632
f 1632 4313 10645
f 10506 1632 10500
f 1633 1635 1641
f 1633 4120 1635
f 1633 1641 1640
f 1633 1640 1663
f 10509 1633 1663
f 10509 4120 1633
f 4108 4110 1634
f 4108 1634 10484
f 1634 4110 6768
f 1635 8214 1641
f 1814 1635 4120
f 1814 4121 1635
f 4121 8214 1635
f 8010 1636 1678
f 10513 1678 1636
f 8010 8209 1636
f 8209 10541 1636
f 10511 10513 1636
f 10511 1636 10541
f 1637 1681 1650
f 10518 1637 1650
f 1637 1684 1681
f 8000 1637 1683
f 10518 1683 1637
f 8000 1684 1637
f 1653 1666 1638
f 10512 1653 1638
f 10533 1638 1666
f 10513 1638 1675
f 10533 1675 1638
f 10512 1638 10511
f 10511 1638 10513
f 1639 1640 1641
f 1639 8210 1640
f 1639 1641 8213
f 8010 8210 1639
f 8010 1639 8211
f 1639 8213 8211
f 1640 4160 1663
f 1640 1679 4160
f 1640 8210 1679
f 8214 8213 1641
f 1642 1644 1646
f 1642 1647 1644
f 3898 1642 1646
f 1642 6582 1647
f 3898 6581 1642
f 6581 6582 1642
f 1643 1644 1647
f 1643 3932 1644
f 1643 1647 6589
f 1643 10514 3932
f 10543 1643 6589
f 10543 10514 1643
f 1644 3930 1646
f 1644 3932 3930
f 1665 5488 1645
f 5492 1665 1645
f 5491 1645 5488
f 12018 1645 5491
f 5492 1645 12018
f 3898 1646 3933
f 6582 6584 1647
f 1647 6584 6589
f 8043 1648 4365
f 10517 4365 1648
f 8043 10515 1648
f 9516 10517 1648
f 1649 9785 2963
f 5524 7550 1649
f 1649 7550 9785
f 1652 1650 4153
f 10518 1650 1652
f 4153 1650 1681
f 4150 1651 1652
f 10518 1652 1651
f 4798 1653 1651
f 10512 1651 1653
f 4798 1651 4150
f 10512 10518 1651
f 4150 1652 10122
f 1652 4153 8710
f 1652 8710 10122
f 1653 1668 1666
f 4798 1668 1653
f 1661 1658 1654
f 1658 10522 1654
f 10666 1661 1654
f 1654 10522 9615
f 1868 9702 1655
f 1868 1655 10685
f 1656 4112 4114
f 1656 10521 4112
f 1656 7313 10521
f 1656 12044 7313
f 1660 6800 1657
f 1660 1657 10522
f 1657 6800 1662
f 1657 9615 10522
f 1661 4156 1658
f 1658 4156 10523
f 1658 10525 10522
f 1658 10523 10525
f 1659 4157 4155
f 1659 4155 12180
f 1659 10523 4157
f 1659 4158 10524
f 1659 12180 4158
f 1659 10524 10523
f 1660 12149 6800
f 1660 10522 10525
f 1660 10525 10524
f 1660 10524 12149
f 1840 10665 1661
f 1840 1661 10666
f 1661 12163 4156
f 1661 10665 12163
f 1662 1848 9613
f 10764 1848 1662
f 10764 1662 6800
f 1664 10509 1663
f 1664 1663 12110
f 12110 1663 4160
f 1664 9521 2673
f 1664 2673 10509
f 1665 5489 5488
f 5492 9193 1665
f 10529 1667 1666
f 1667 10533 1666
f 10529 1666 1668
f 4148 1670 1667
f 10530 1667 1670
f 4148 1667 10529
f 10530 10533 1667
f 3906 1668 4149
f 3906 10529 1668
f 4798 4149 1668
f 1850 1669 1670
f 10530 1670 1669
f 10530 1669 1671
f 10672 1671 1669
f 1849 1669 1850
f 1849 10672 1669
f 4148 1850 1670
f 1671 1674 1673
f 10530 1671 1673
f 1671 12120 1674
f 10672 6797 1671
f 1671 6797 12120
f 10534 1673 1674
f 10533 1673 1675
f 10534 1675 1673
f 10530 1673 10533
f 10534 1674 10538
f 10536 10538 1674
f 10536 1674 12120
f 10513 1675 12112
f 12112 1675 10534
f 10470 8947 1676
f 1679 1677 4160
f 12112 1677 1679
f 1677 10539 4160
f 10534 10538 1677
f 12112 10534 1677
f 10538 10539 1677
f 1679 8210 1678
f 12112 1679 1678
f 8010 1678 8210
f 10513 12112 1678
f 1680 10257 10262
f 1684 8185 1681
f 4153 1681 10568
f 10568 1681 8185
f 1682 5716 5714
f 1682 5714 9188
f 1682 5715 9174
f 1682 9185 5715
f 1682 9174 5716
f 1682 9188 9185
f 8000 1683 10541
f 10512 10511 1683
f 10511 10541 1683
f 10512 1683 10518
f 1684 6786 8185
f 10779 6786 1684
f 3653 1685 3648
f 1689 1686 1688
f 4809 5543 1687
f 4812 1687 5543
f 10066 1687 4812
f 1688 5588 5590
f 4337 5520 1690
f 4337 1690 7546
f 1690 5520 5521
f 1690 5521 5522
f 1690 5522 7546
f 10072 1691 10071
f 9548 10547 1692
f 10545 9653 1692
f 10547 10545 1692
f 1693 2456 2536
f 11158 2456 1693
f 10547 2457 1693
f 11158 1693 2457
f 10545 1693 2536
f 10547 1693 10545
f 1696 2895 1694
f 1696 1694 10549
f 1694 2895 2910
f 1694 2908 10549
f 1694 11599 2908
f 1694 2910 11599
f 1695 1761 10549
f 1695 10597 1761
f 1695 2906 10550
f 1695 11597 2906
f 1695 10549 11597
f 1695 10550 10597
f 1696 10549 1761
f 1696 1761 10596
f 1696 10599 2895
f 1696 10596 10599
f 1697 1698 4262
f 1697 10550 1698
f 1697 4262 11219
f 1697 10597 10550
f 1697 11299 10597
f 1697 11219 11299
f 1698 4264 4262
f 10829 4264 1698
f 10829 1698 10550
f 1699 1701 7927
f 1699 10551 1701
f 1699 6937 6935
f 1699 6935 10551
f 1699 10600 6937
f 1699 7927 10600
f 1700 6934 1749
f 1700 4206 10551
f 1700 6935 6934
f 6935 1700 10551
f 1701 4179 7927
f 1701 11649 4179
f 1701 10551 4205
f 1701 4205 11649
f 10553 1702 1719
f 1702 11660 1719
f 1702 6888 1769
f 1702 1769 10605
f 10553 6888 1702
f 1702 10605 11660
f 1703 1704 1705
f 8258 1704 1703
f 10555 1703 1705
f 8256 1703 1707
f 10555 1707 1703
f 8256 8258 1703
f 11941 1705 1704
f 7926 1704 8255
f 7926 11917 1704
f 8255 1704 8258
f 11917 11941 1704
f 11941 4177 1705
f 4177 12024 1705
f 10555 1705 12024
f 1706 5646 1707
f 1706 1707 10555
f 4175 1706 4176
f 4175 5646 1706
f 1706 10555 4176
f 5645 1707 5646
f 5645 8256 1707
f 1711 4293 1708
f 11869 1708 4293
f 11871 10560 1708
f 11869 11871 1708
f 5418 1709 10049
f 11581 1709 11563
f 1710 5542 4855
f 1710 4855 5548
f 1710 5545 5542
f 5545 1710 5543
f 1710 5546 5543
f 1710 5548 5546
f 1711 4296 4293
f 1711 4295 4296
f 4186 1712 10560
f 4186 10566 1712
f 1712 10558 9594
f 1712 9594 10560
f 10566 10558 1712
f 1713 1717 10562
f 1713 10566 1717
f 1713 4006 10559
f 1713 10562 4006
f 1713 10559 10558
f 1713 10558 10566
f 1714 5278 1765
f 1714 5282 5293
f 1715 1716 4184
f 1715 10562 1716
f 1715 4184 7570
f 1715 7570 6642
f 1715 6642 11019
f 1715 11019 10562
f 1716 1717 4182
f 1716 10562 1717
f 1716 4182 4183
f 1716 4183 4184
f 1717 10566 4182
f 3806 1718 1739
f 3836 1739 1718
f 3806 7950 1718
f 3836 1718 3837
f 3837 1718 7951
f 7951 1718 7950
f 11643 1719 4203
f 11660 4203 1719
f 10553 1719 4210
f 11643 4210 1719
f 8667 1720 4220
f 1720 11505 4220
f 1720 7599 7597
f 10570 1720 7597
f 8667 7599 1720
f 10570 11505 1720
f 6807 10741 1721
f 6807 1721 11602
f 1721 7597 9731
f 10570 7597 1721
f 1721 9731 11602
f 10570 1721 10741
f 4173 11505 1722
f 4173 1722 12036
f 4174 1722 10741
f 4174 12036 1722
f 10570 10741 1722
f 10570 1722 11505
f 1724 8238 1723
f 1723 1801 1802
f 1723 8238 1801
f 1723 1802 4221
f 1724 8234 8233
f 1724 8233 8235
f 1724 8235 8238
f 1743 9176 1725
f 1743 1725 9180
f 1725 9176 5715
f 1725 5715 9185
f 1725 9192 9180
f 1725 9185 9192
f 1735 1726 6828
f 1735 8372 1726
f 6810 1726 6811
f 6810 6829 1726
f 8372 6811 1726
f 1726 6829 6828
f 7500 9184 1727
f 7500 1727 9809
f 8591 1727 9183
f 8591 9809 1727
f 9207 9183 1727
f 9207 1727 9184
f 11458 1729 1728
f 4230 1728 6810
f 11458 1728 4230
f 4225 1730 1729
f 4229 4225 1729
f 11458 4229 1729
f 4225 11493 1730
f 1731 1741 1744
f 11959 1741 1731
f 1731 1744 9175
f 1731 9178 3361
f 11959 1731 3361
f 1731 9175 9178
f 4123 1732 6837
f 4123 10407 1732
f 4124 6832 1732
f 4124 1732 10576
f 6837 1732 6832
f 1732 10407 10576
f 1735 1733 1734
f 1734 1733 10576
f 1735 6833 1733
f 4124 1733 6833
f 4124 10576 1733
f 1735 1734 8372
f 1736 4132 1734
f 1736 1734 10576
f 1734 4132 8372
f 1735 6828 6833
f 1736 4131 4132
f 6773 4131 1736
f 6773 1736 4133
f 1736 10407 4133
f 1736 10576 10407
f 3988 1737 6881
f 3988 8003 1737
f 6881 1737 6835
f 10577 6835 1737
f 1737 8003 10577
f 6853 6856 1738
f 6853 1738 7765
f 8992 1738 6856
f 7765 1738 8003
f 10577 8003 1738
f 8992 10577 1738
f 3381 3806 1739
f 3835 3381 1739
f 3835 1739 3839
f 3836 3839 1739
f 1740 3019 2992
f 1740 2992 10724
f 1740 8992 3019
f 1740 6835 10577
f 1740 10724 6835
f 1740 10577 8992
f 10580 1744 1741
f 10578 1741 3359
f 11959 3359 1741
f 10578 10580 1741
f 1756 1742 1753
f 1753 1742 11868
f 1756 10579 1742
f 3358 1742 10579
f 11865 1742 3358
f 11868 1742 11865
f 9175 9176 1743
f 9175 1743 9178
f 9178 1743 9182
f 9181 1743 9180
f 9181 9182 1743
f 1788 1744 9173
f 1788 9175 1744
f 10580 9173 1744
f 1750 1746 1745
f 1751 1750 1745
f 1751 1745 10657
f 5703 10657 1745
f 1750 1747 1746
f 1754 1747 1750
f 1754 6012 1747
f 6012 6010 1747
f 5700 5707 1748
f 5700 1748 10581
f 5701 10581 1748
f 5703 1748 5707
f 1789 1749 6934
f 1789 10581 1749
f 5701 1749 10581
f 1751 10586 1750
f 1754 1750 10590
f 1750 10586 10590
f 1752 10584 1751
f 1752 1751 10657
f 1751 10584 10586
f 1752 5711 5712
f 1752 10657 5711
f 1752 5712 5725
f 1752 5725 10584
f 6011 1754 1753
f 1754 10590 1753
f 1756 1753 10590
f 6011 1753 11868
f 6011 6012 1754
f 1756 1755 10579
f 1755 1903 9173
f 1755 9173 10580
f 1755 10580 10579
f 1757 1762 10592
f 1757 10598 1762
f 1757 10595 1763
f 1757 1763 10598
f 10593 1757 10592
f 10593 10595 1757
f 1761 4243 1758
f 1761 1758 10596
f 1762 1758 10592
f 1762 10596 1758
f 11326 1758 4243
f 11326 10592 1758
f 10593 10592 1759
f 11326 1759 10592
f 10594 10593 1759
f 11370 10594 1759
f 11326 11310 1759
f 11370 1759 11310
f 10595 1760 1764
f 1760 10602 1764
f 10594 1760 10595
f 10594 11022 1760
f 11018 10602 1760
f 11022 11018 1760
f 1761 10597 4243
f 1762 10598 10596
f 10595 1764 1763
f 10603 1763 1764
f 10050 1763 10603
f 10602 1766 1764
f 10603 1764 1766
f 11636 1765 11634
f 4246 1766 4254
f 11289 1766 4246
f 4254 1766 10602
f 11289 10603 1766
f 4199 1767 4200
f 4199 11681 1767
f 1767 10613 4200
f 10605 1767 4202
f 1767 11681 4202
f 10605 10613 1767
f 1771 1768 1769
f 10605 1769 1768
f 1771 10607 1768
f 10605 1768 10613
f 1768 10607 10608
f 1768 10608 10613
f 1771 1769 6889
f 6888 6889 1769
f 1771 6889 6897
f 10649 1771 6897
f 10649 10607 1771
f 1773 1772 10607
f 11114 1772 1773
f 1772 10608 10607
f 1772 10610 10608
f 11114 10610 1772
f 1773 6899 7511
f 10649 6899 1773
f 11114 1773 7511
f 10649 1773 10607
f 1775 10609 1774
f 11739 1775 1774
f 1776 1774 10609
f 1776 10610 1774
f 11096 1774 10610
f 11096 11739 1774
f 1775 4192 10609
f 1775 11819 4192
f 11739 11819 1775
f 1776 10609 4200
f 1776 4200 10613
f 1776 10608 10610
f 1776 10613 10608
f 1780 1777 1778
f 9349 1778 1777
f 10617 1777 1780
f 10615 1780 1778
f 1783 10615 1778
f 1779 10615 1783
f 1779 1783 10621
f 4305 1779 4306
f 4305 10615 1779
f 4306 1779 10618
f 1779 10621 10618
f 4305 1780 10615
f 4305 10798 1780
f 10617 1780 10798
f 10671 1781 4308
f 4308 1781 10798
f 10617 10798 1781
f 10671 10695 1781
f 1782 10621 1783
f 9570 10621 1782
f 10832 1784 1785
f 1784 4289 9579
f 4289 1784 10832
f 9575 1784 9579
f 1788 9174 9176
f 1788 9176 9175
f 1789 6934 4299
f 1789 4299 9589
f 1790 10627 1792
f 1790 1792 11536
f 1790 5748 10626
f 1790 11536 5748
f 1790 10626 10627
f 1791 5747 5746
f 1791 10626 5747
f 1800 1792 1798
f 1792 10627 1798
f 1793 4301 1794
f 1793 1798 1795
f 1793 1795 4301
f 1793 1797 1798
f 1794 4301 9002
f 1794 9002 9004
f 1795 1796 4301
f 1795 1798 10627
f 1796 10828 4301
f 1796 9587 10629
f 1796 10629 10828
f 1800 1798 1797
f 1800 1797 10630
f 4303 10630 1797
f 1799 7957 6459
f 1799 6459 8853
f 1799 6461 7957
f 1799 8007 6461
f 1799 8005 8007
f 1799 8853 8005
f 9599 1800 10630
f 4327 1802 1801
f 4327 1801 4326
f 4326 1801 8237
f 1801 8238 8237
f 1802 4222 4221
f 1802 6967 4222
f 4327 6967 1802
f 8195 1803 1805
f 8195 8072 1803
f 8196 1803 8072
f 1804 10637 1807
f 1805 4310 4309
f 1805 4309 6816
f 1805 4316 4310
f 8195 1805 6816
f 10925 1806 4102
f 4103 10838 1806
f 4103 1806 10925
f 1806 10838 4582
f 1807 10637 1809
f 10641 1811 1808
f 1818 4314 1809
f 1818 1809 4315
f 4314 10641 1809
f 4315 1809 10637
f 1810 4812 5543
f 1810 5546 5539
f 1810 5543 5546
f 4312 1812 1811
f 4312 1811 10752
f 10752 1811 10641
f 4118 1813 1815
f 10643 1815 1813
f 4118 4119 1813
f 4119 10645 1813
f 10643 1813 10648
f 1813 10645 10648
f 8203 1814 1817
f 10643 1817 1814
f 10643 1814 4120
f 8203 4121 1814
f 2673 4116 1815
f 2673 1815 10509
f 4116 4118 1815
f 1815 4120 10509
f 10643 4120 1815
f 1818 10647 1816
f 10766 1818 1816
f 4313 1816 10645
f 10766 1816 4313
f 10648 10645 1816
f 10648 1816 10647
f 8203 1817 1819
f 1819 1817 10647
f 10643 10648 1817
f 10648 10647 1817
f 10766 4314 1818
f 1818 4315 10647
f 8198 8197 1819
f 8197 8204 1819
f 8198 1819 10647
f 8203 1819 8204
f 4317 1820 10650
f 10651 10650 1820
f 1829 1830 1821
f 10651 1829 1821
f 1821 1830 10654
f 10651 1821 10650
f 1821 10654 10650
f 10652 1827 1822
f 10655 1822 1827
f 10650 10654 1822
f 10650 1822 10738
f 10652 1822 10654
f 10655 10738 1822
f 1828 1827 1823
f 10652 1823 1827
f 1828 1823 3178
f 3178 1823 11806
f 10652 3179 1823
f 1830 1824 10654
f 10652 1824 3179
f 3179 1824 11807
f 10652 10654 1824
f 1826 1825 10655
f 10732 1825 1826
f 4324 4317 1825
f 4317 10738 1825
f 4324 1825 10732
f 10655 1825 10738
f 4333 1826 10698
f 10699 1826 4333
f 1826 10655 10698
f 10699 10732 1826
f 1828 10698 1827
f 10655 1827 10698
f 1828 3178 6968
f 1828 6968 6970
f 1828 6970 10698
f 1829 10186 1830
f 10651 9606 1829
f 8534 1831 1834
f 10661 1834 1831
f 3156 1831 8537
f 3156 10659 1831
f 8534 8537 1831
f 10661 1831 10659
f 1832 4893 3502
f 1832 3502 10304
f 1832 10304 6312
f 1833 5772 10661
f 10660 1833 10659
f 10661 10659 1833
f 10660 11935 1833
f 5773 2345 1834
f 8535 1834 2345
f 5773 1834 10661
f 8534 1834 8535
f 10571 1835 10554
f 10554 1835 10663
f 10573 1835 10571
f 10573 10662 1835
f 10663 1835 10662
f 10563 1836 1838
f 10664 1838 1836
f 10573 6979 1836
f 6979 10664 1836
f 10563 10662 1836
f 10573 1836 10662
f 6984 4351 1837
f 10663 1837 4351
f 6984 1837 4352
f 10583 4352 1837
f 10632 10583 1837
f 10663 10632 1837
f 6993 6998 1838
f 10563 1838 6998
f 1839 7532 5498
f 1839 7525 7532
f 9800 7525 1839
f 10521 9800 1839
f 1840 1876 1878
f 1840 10666 1876
f 1840 1878 10668
f 1840 10668 10665
f 1842 1843 1841
f 1842 1841 10665
f 1843 7523 1841
f 1841 7523 7524
f 1841 7524 12163
f 10665 1841 12163
f 1842 7530 1843
f 1842 10669 7530
f 1842 10665 10668
f 1842 10668 10669
f 1843 7526 7523
f 7530 7526 1843
f 4126 4125 1844
f 4139 1844 4125
f 4126 1844 6780
f 4139 4146 1844
f 4146 10784 1844
f 1844 10784 6780
f 1845 10668 1878
f 1845 1878 10691
f 4353 10528 1845
f 4353 1845 10691
f 1845 10528 10669
f 1845 10669 10668
f 1847 1846 7529
f 10526 1846 1847
f 6995 7527 1846
f 10526 6995 1846
f 1846 7527 7528
f 1846 7528 7529
f 1847 7529 7530
f 1847 7530 10669
f 10526 1847 10528
f 1847 10669 10528
f 1853 1848 1851
f 10764 1851 1848
f 1853 9613 1848
f 1849 1850 10677
f 1849 1854 10673
f 1849 10677 1854
f 1849 10673 10672
f 4148 1852 1850
f 1850 1852 4374
f 1850 4374 10677
f 10673 1853 1851
f 10672 1851 6797
f 10764 6797 1851
f 10672 10673 1851
f 4148 3906 1852
f 3906 4370 1852
f 10416 1852 4370
f 4373 4374 1852
f 10416 4373 1852
f 1856 1853 10673
f 1857 1856 1854
f 1856 10673 1854
f 1857 1854 10678
f 10677 10678 1854
f 1855 2140 10678
f 1855 10886 2140
f 2141 1855 4374
f 2141 10886 1855
f 10677 4374 1855
f 10677 1855 10678
f 1857 2144 1856
f 1857 10888 2144
f 1857 10678 10888
f 1858 1859 1860
f 11068 1859 1858
f 1858 1860 1861
f 8277 1858 1861
f 11068 1858 8277
f 3903 1859 3902
f 3911 3902 1859
f 3911 1859 11068
f 10375 1861 1860
f 1867 10375 1860
f 1862 8278 1861
f 1862 1861 10375
f 8278 8277 1861
f 1862 4378 6999
f 1862 10375 4378
f 1862 6999 10552
f 1862 10552 8278
f 1863 4804 2150
f 1863 2150 4924
f 10332 4383 1863
f 1863 4383 10347
f 1863 10679 4804
f 10332 1863 4924
f 1863 10347 10679
f 10679 1864 1865
f 1865 1864 10681
f 1866 1864 10347
f 1866 10681 1864
f 1864 10679 10347
f 1869 4969 1865
f 1869 1865 10683
f 1865 4969 10679
f 1865 10681 10683
f 1866 4379 4378
f 1866 4378 10681
f 1866 4382 4379
f 1866 10347 4382
f 1868 10683 1867
f 1867 10681 10375
f 1867 10683 10681
f 1868 10685 10683
f 1869 10893 4969
f 1869 10683 10685
f 1869 10685 10895
f 1869 10895 10893
f 1870 2063 4580
f 1870 4580 2152
f 1870 2152 10895
f 1870 10895 10685
f 1885 1872 1871
f 10687 1871 1872
f 10687 1883 1871
f 10697 1871 1883
f 1885 1871 10701
f 10701 1871 10697
f 1885 10688 1872
f 10688 4763 1872
f 10865 1872 4763
f 10865 10687 1872
f 1873 4094 6757
f 1873 8179 4094
f 4100 1873 6757
f 4100 10901 1873
f 4101 8179 1873
f 10901 4101 1873
f 5446 1874 4762
f 7074 4762 1874
f 5446 4763 1874
f 10688 1874 4763
f 7074 1874 10879
f 10879 1874 10688
f 1885 4782 1875
f 1885 1875 10688
f 10878 2131 1875
f 10879 1875 2131
f 10878 1875 4782
f 10879 10688 1875
f 10690 1878 1876
f 10696 10690 1876
f 10548 1877 2110
f 10694 2110 1877
f 10691 1877 10548
f 10691 10690 1877
f 10694 1877 10690
f 10691 1878 10690
f 1879 1880 1881
f 1879 10700 1880
f 10694 1879 1881
f 10696 1879 10694
f 10693 1881 1880
f 1880 1883 1882
f 10693 1880 1882
f 1880 10700 1883
f 2110 1881 2115
f 10694 1881 2110
f 10693 2115 1881
f 10687 1882 1883
f 10693 1882 2114
f 10865 2114 1882
f 10865 1882 10687
f 10700 10697 1883
f 3707 3708 1884
f 3707 1884 4128
f 1884 3708 12054
f 7910 4128 1884
f 7910 1884 4144
f 1884 12054 4144
f 1886 4782 1885
f 1886 1885 10701
f 4386 4781 1886
f 4386 1886 10701
f 1886 4781 5157
f 1886 5157 4782
f 1887 1888 1889
f 4781 1887 1889
f 4386 1887 4781
f 1888 5239 1889
f 2145 1888 2144
f 2145 5239 1888
f 4779 4781 1889
f 4779 1889 5235
f 1889 5239 5235
f 3664 1890 10279
f 3664 11024 1890
f 10276 1890 3675
f 10285 1890 10276
f 10285 10279 1890
f 1891 6336 1892
f 10707 1891 1892
f 1891 6335 6336
f 1891 6337 6335
f 3548 1892 10274
f 3548 10707 1892
f 1892 6336 11358
f 1892 11358 10274
f 10237 1893 4388
f 1893 10709 4388
f 10268 10229 1893
f 10229 10510 1893
f 10268 1893 10237
f 10510 10709 1893
f 7032 1895 1894
f 1895 10709 1894
f 7034 7032 1894
f 10510 7034 1894
f 10510 1894 10709
f 6337 1895 6335
f 6335 1895 7032
f 11355 1895 6337
f 11355 10709 1895
f 6387 6386 1896
f 6388 1896 6386
f 6387 1896 11324
f 6389 1896 6388
f 6389 10710 1896
f 10710 11324 1896
f 9996 1897 3721
f 9994 1897 9996
f 9994 10000 1897
f 10000 10711 1897
f 1898 4407 4397
f 11324 1898 4397
f 10000 4407 1898
f 10000 1898 10711
f 10710 10711 1898
f 10710 1898 11324
f 1900 1899 7404
f 1899 7401 7404
f 1900 7404 5702
f 11223 1900 5702
f 9929 8479 1901
f 10713 1901 8479
f 9918 1901 10713
f 10714 9929 1901
f 1902 2548 5769
f 10715 2548 1902
f 9892 4422 1902
f 10714 1902 4422
f 9892 1902 5769
f 10715 1902 10714
f 1904 1906 1905
f 1904 1905 9617
f 1904 4425 1906
f 1904 4424 4431
f 1904 9617 4424
f 1904 4431 4425
f 1905 1906 2657
f 1905 2657 2655
f 1906 1907 2657
f 1906 4425 1907
f 1927 2660 1907
f 1927 1907 4425
f 1907 2662 2657
f 1907 2660 2662
f 1908 1910 1911
f 11349 1910 1908
f 1908 1911 2656
f 1908 2656 2658
f 11349 1908 2658
f 4044 5153 1909
f 6703 4044 1909
f 4099 1909 5268
f 6703 1909 4099
f 1909 5153 5268
f 2649 1911 1910
f 11340 2649 1910
f 1910 2664 2666
f 11349 2664 1910
f 11340 1910 2666
f 2649 2652 1911
f 10718 1911 2652
f 10718 2656 1911
f 1913 10720 1912
f 2659 1912 11344
f 1912 10720 11344
f 1913 2644 1914
f 1913 1914 10720
f 1913 2643 2644
f 2644 11327 1914
f 2663 1914 5252
f 2663 10720 1914
f 1914 5253 5252
f 1914 11327 5253
f 1915 2658 2662
f 1915 11349 2658
f 1915 2662 11344
f 1915 10720 2663
f 1915 2663 11349
f 1915 11344 10720
f 2648 1916 2647
f 2647 1916 8074
f 2671 1916 2648
f 2671 10722 1916
f 11337 8074 1916
f 11337 1916 10722
f 1918 1917 8104
f 1918 10722 1917
f 2670 1917 2671
f 2670 2675 1917
f 2671 1917 10722
f 1917 2675 8104
f 1918 1921 10722
f 1918 10726 1921
f 1918 8104 10726
f 2653 1920 1919
f 10723 1919 1920
f 1922 1919 10723
f 1922 11334 1919
f 2653 1919 11338
f 11334 11338 1919
f 10722 1921 1920
f 10723 1920 1921
f 2653 11337 1920
f 11337 10722 1920
f 10723 1921 5447
f 1921 10726 5447
f 1922 5836 11336
f 1922 11354 5836
f 1922 10723 11354
f 1922 11336 11334
f 5448 11392 1923
f 5448 1923 11434
f 1923 8104 8134
f 1923 10726 8104
f 1923 8134 11434
f 1923 11392 10726
f 1925 1924 1926
f 1925 10727 1924
f 1926 1924 10728
f 10727 9626 1924
f 1925 1926 4432
f 9820 1925 4432
f 9820 4455 1925
f 4455 10727 1925
f 1926 1927 4425
f 1926 10728 1927
f 1926 4425 4431
f 1926 4431 4432
f 1928 1929 4424
f 9835 4424 1929
f 9835 1929 4428
f 10730 1932 1930
f 10737 1930 1932
f 1939 1934 1930
f 1934 10730 1930
f 1939 1930 10737
f 1937 1931 1933
f 1933 1931 7013
f 1935 7013 1931
f 10733 1935 1931
f 1937 10730 1931
f 10733 1931 10730
f 1938 1932 8542
f 1938 10737 1932
f 10735 8542 1932
f 10735 1932 10730
f 1937 1933 2639
f 2638 1933 2635
f 2635 1933 7013
f 2639 1933 2638
f 1939 10740 1934
f 10733 1934 2717
f 10740 2717 1934
f 10733 10730 1934
f 7014 1935 1936
f 10733 1936 1935
f 7012 7013 1935
f 7014 7012 1935
f 2732 1936 2717
f 10733 2717 1936
f 2732 7018 1936
f 7018 7014 1936
f 1937 2639 8639
f 1937 8639 10735
f 1937 10735 10730
f 1938 2644 2643
f 1938 2643 10737
f 1938 2645 2644
f 1938 8542 2645
f 1939 1940 1941
f 1939 10737 1940
f 1939 1941 10740
f 10737 2643 1940
f 9012 1941 9630
f 9012 10740 1941
f 9750 9749 1942
f 10742 1942 9749
f 9789 9750 1942
f 10742 11431 1942
f 2425 1943 3407
f 2425 11124 1943
f 3203 3407 1943
f 3203 1943 10744
f 10744 1943 5054
f 11124 5054 1943
f 3470 1944 1945
f 10749 1945 1944
f 5052 1944 3470
f 5052 10025 1944
f 10025 10749 1944
f 10745 1945 1946
f 10749 1946 1945
f 3470 1945 5054
f 10744 5054 1945
f 10744 1945 10745
f 1948 1946 10749
f 1948 10750 1946
f 1948 10749 1947
f 1948 1947 11418
f 1947 10025 7387
f 1947 7387 11416
f 1947 10749 10025
f 1947 11416 11418
f 1948 1949 10750
f 1948 11418 1949
f 2704 2709 1949
f 2704 1949 11410
f 1949 2709 10750
f 11418 11410 1949
f 1952 4643 1951
f 10753 1952 1951
f 1951 6860 4622
f 7157 1951 4622
f 1951 4643 6860
f 7157 10753 1951
f 1954 9605 1952
f 10753 1954 1952
f 10751 4643 1952
f 10751 1952 9605
f 1954 1953 7260
f 10753 1953 1954
f 1953 7252 4615
f 1953 4615 7260
f 1953 4620 7252
f 10753 4620 1953
f 7381 4458 1954
f 1954 4458 9605
f 7381 1954 7260
f 1955 1976 1990
f 7046 1956 7042
f 1956 7044 7045
f 1956 7047 7044
f 10755 1956 7045
f 7046 7047 1956
f 1957 1961 2091
f 1957 7045 1961
f 1957 2091 2093
f 1957 2093 10848
f 10755 7045 1957
f 10755 1957 10756
f 10756 1957 10848
f 1959 1958 7212
f 9597 7212 1958
f 9597 1958 9576
f 1958 10504 9576
f 7243 3564 1959
f 8327 1959 7212
f 7243 1959 8327
f 1960 1962 7044
f 1960 8410 1962
f 4474 4465 1960
f 4465 8410 1960
f 4474 1960 4476
f 4476 1960 7044
f 1961 7045 1962
f 1961 1962 8410
f 1962 7045 7044
f 7029 1964 1963
f 1968 1963 1965
f 1965 1963 9637
f 7029 1963 1968
f 7048 1964 7029
f 7046 1964 7048
f 1970 1965 1966
f 1970 1968 1965
f 1970 1966 7033
f 6336 7033 1966
f 6336 1966 11358
f 1967 6699 4559
f 1967 4559 8151
f 1967 8893 6699
f 8150 1967 8151
f 8150 9150 1967
f 1967 9150 8893
f 1970 1969 1968
f 7028 1968 1969
f 7029 1968 7028
f 1970 10759 1969
f 1973 7028 1969
f 1973 1969 10759
f 1970 7033 7035
f 1970 7035 10759
f 1971 1972 1973
f 7037 1972 1971
f 1971 1973 10759
f 7037 1971 10507
f 10505 10507 1971
f 10505 1971 10759
f 1972 1975 1973
f 1972 1974 1975
f 7038 1974 1972
f 7037 7038 1972
f 1975 7028 1973
f 7041 1975 1974
f 7039 4500 1974
f 7041 1974 4500
f 7038 7039 1974
f 1975 7030 7028
f 7041 7030 1975
f 10763 1977 1978
f 10763 9651 1977
f 1978 1979 1981
f 10763 1978 1981
f 10765 1981 1979
f 10761 10765 1979
f 10761 2172 1980
f 10903 1980 2172
f 10903 4534 1980
f 10905 1980 4534
f 10761 1980 10765
f 10763 1981 1984
f 10765 1984 1981
f 1982 5832 5834
f 5833 1982 5834
f 4518 1985 8344
f 4518 9686 1985
f 1985 10778 8344
f 1986 1988 10774
f 10787 1988 1986
f 2002 1986 10774
f 2002 10789 1986
f 10787 1986 2010
f 10789 2010 1986
f 4506 1988 1987
f 10787 1987 1988
f 1987 2008 2009
f 1987 2011 2008
f 4506 1987 2009
f 10787 2011 1987
f 4507 1988 4506
f 4507 10774 1988
f 1992 1991 1989
f 1991 10768 1989
f 1992 1989 4484
f 1992 8351 1991
f 1991 8351 1994
f 1991 1994 10768
f 1993 1992 4484
f 1993 8350 1992
f 1992 8350 8351
f 1993 4487 4486
f 1993 4486 8350
f 1993 9454 4487
f 7072 1995 1994
f 7072 1994 8351
f 2004 1995 7072
f 2004 10776 1995
f 10776 10396 1995
f 1999 1997 1998
f 1998 1997 10770
f 1999 1998 10771
f 4499 1998 4504
f 4499 10771 1998
f 1998 10770 4504
f 7587 8301 1999
f 7587 1999 10771
f 1999 8301 9678
f 8308 2000 7580
f 7580 2000 10771
f 8309 7587 2000
f 7587 10771 2000
f 8308 8309 2000
f 9341 2001 2003
f 2003 2001 10777
f 2001 4505 4504
f 2001 4504 10770
f 9341 4505 2001
f 2001 10770 10777
f 9341 2003 2002
f 2003 10789 2002
f 9341 2002 4510
f 2002 10774 4510
f 2004 2003 10776
f 2004 10789 2003
f 2003 10777 10776
f 2004 7072 7071
f 2004 7071 10789
f 2005 2008 2011
f 10778 2008 2005
f 4516 2005 2011
f 4516 8347 2005
f 2005 8347 8344
f 10778 2005 8344
f 6594 8053 2006
f 9140 6594 2006
f 8042 2006 8053
f 8618 2006 8042
f 8618 9146 2006
f 9146 9140 2006
f 2007 4512 9196
f 2007 9562 4512
f 10782 2007 9196
f 2007 10783 9562
f 10782 9687 2007
f 9687 10783 2007
f 10780 2009 2008
f 10780 2008 10778
f 4509 4506 2009
f 4509 2009 10780
f 4514 2010 7099
f 4514 10787 2010
f 2010 10483 7099
f 10789 10483 2010
f 4514 4516 2011
f 4514 2011 10787
f 4517 2012 9190
f 9397 2477 2013
f 9397 2013 9402
f 2013 9400 9402
f 2014 2017 2018
f 2014 4493 2017
f 2014 2018 10792
f 7092 4493 2014
f 7094 7092 2014
f 7094 2014 10792
f 4599 2015 2018
f 2015 10792 2018
f 2015 4600 4557
f 2015 4557 8468
f 4599 4600 2015
f 2015 8468 10792
f 7095 7094 2016
f 7094 10792 2016
f 7100 7095 2016
f 7101 7100 2016
f 8468 7101 2016
f 8468 2016 10792
f 2017 10793 2018
f 2017 4493 4495
f 2017 4495 10795
f 2017 10795 10793
f 4599 2018 2019
f 2018 10793 2019
f 4599 2019 7126
f 10411 7126 2019
f 10411 2019 10423
f 2019 10793 10423
f 2020 10795 9369
f 2020 9369 10801
f 10795 2020 10794
f 2020 10800 10794
f 2020 10797 10800
f 2020 10801 10797
f 9142 10796 2021
f 9142 2021 10799
f 10492 2021 9358
f 2021 10796 9358
f 10494 2021 10492
f 10799 2021 10494
f 9036 10800 2022
f 9358 10796 2022
f 2022 10797 9358
f 2022 10800 10797
f 5500 2023 5513
f 5515 5513 2023
f 5515 2023 5514
f 7191 2025 2024
f 2025 10799 2024
f 7061 2024 7066
f 7061 7190 2024
f 2024 10799 7066
f 7190 7191 2024
f 6001 2025 7191
f 9142 10799 2025
f 2026 2173 2174
f 2026 5563 2173
f 10906 2026 2174
f 2026 9352 5563
f 2027 3945 3944
f 2027 3944 6602
f 2027 6602 9138
f 2027 9138 9137
f 2032 2028 2029
f 10804 2029 2028
f 2032 2029 2030
f 2030 2029 9670
f 2033 2030 2031
f 2031 2030 8687
f 2033 2032 2030
f 9670 8687 2030
f 2034 2033 2031
f 10805 2034 2031
f 4538 2031 8687
f 4538 10805 2031
f 2033 10807 2032
f 2032 10807 10854
f 2034 10807 2033
f 2034 2102 10807
f 2034 10856 2102
f 10805 10856 2034
f 2037 2036 2035
f 2036 10856 2035
f 2037 2035 10808
f 8692 2035 10805
f 8692 10811 2035
f 2035 10856 10805
f 2035 10811 10808
f 2037 10851 2036
f 2036 10850 2098
f 2036 2098 10856
f 2036 10851 10850
f 2039 7060 2037
f 2039 2037 10808
f 2037 7060 10851
f 2038 6110 6049
f 2038 6049 7191
f 2038 10811 6110
f 2038 7191 7190
f 2038 7190 10808
f 2038 10808 10811
f 2039 7065 7060
f 7061 7065 2039
f 7061 2039 7190
f 2039 10808 7190
f 8847 2040 4534
f 2040 10905 4534
f 10812 2040 8847
f 10814 2040 10812
f 10814 2041 2042
f 10813 9675 2041
f 10813 2041 10812
f 10814 10812 2041
f 2042 8342 8343
f 2042 8346 8342
f 10814 2042 8343
f 4540 4541 2043
f 4540 2043 8623
f 4541 8360 2043
f 8360 4542 2043
f 2043 4542 10815
f 8623 2043 10815
f 2044 10815 8558
f 2044 8558 10816
f 2044 10816 9683
f 6120 4713 2045
f 6120 2045 10820
f 2045 9683 10816
f 10820 2045 10816
f 4986 2046 4984
f 4987 4984 2046
f 4988 2046 4986
f 4987 2046 11425
f 4988 6288 2046
f 6288 11425 2046
f 2047 10457 4859
f 2047 4859 10820
f 2047 8558 7090
f 2047 7090 10457
f 2047 10816 8558
f 2047 10820 10816
f 2048 4042 2191
f 2048 2191 4710
f 4042 2048 10820
f 2048 4710 4714
f 2048 4714 6120
f 2048 6120 10820
f 9714 2231 2049
f 10947 2049 2231
f 2234 4975 2049
f 2234 2049 10947
f 4982 2049 4975
f 4982 4978 2049
f 9714 2049 4978
f 2050 2178 10822
f 2050 10912 2178
f 2050 8358 8357
f 2050 8357 10913
f 2050 10822 8358
f 2050 10913 10912
f 2051 3965 2052
f 2051 2052 7031
f 2051 3888 3965
f 4865 3888 2051
f 4865 2051 10822
f 2051 7031 10822
f 2052 3965 4862
f 2052 4862 10459
f 2052 7088 7031
f 2052 10459 7088
f 2055 2053 10824
f 10835 2053 2055
f 7507 2053 2069
f 10835 2069 2053
f 10825 2053 7507
f 10825 10824 2053
f 2054 4045 4047
f 2054 8541 4045
f 2054 4047 8147
f 10824 2054 8147
f 10824 8541 2054
f 2055 8307 2068
f 10835 2055 2068
f 2055 8147 8307
f 2055 10824 8147
f 2056 4991 2171
f 2056 2171 6289
f 2056 4986 4985
f 2056 4985 4991
f 2056 6289 4986
f 2058 10827 2057
f 2061 2057 2059
f 2059 2057 10827
f 2061 2060 2057
f 2058 10475 10827
f 2061 2059 4034
f 4034 2059 4036
f 2061 10830 2060
f 2060 4579 8175
f 2060 10830 4579
f 4034 2062 2061
f 2062 10830 2061
f 4034 4035 2062
f 4035 8236 2062
f 2062 8236 7104
f 2062 7104 10830
f 4580 2063 10831
f 2064 10831 4578
f 2064 4578 10860
f 4580 10831 2064
f 10859 4580 2064
f 10859 2064 10860
f 2065 4524 4584
f 7668 4524 2065
f 8047 2065 4584
f 7668 2065 10403
f 8047 10439 2065
f 2065 10439 10403
f 2066 10439 7109
f 10442 2066 7109
f 2066 8145 8144
f 10834 2066 8144
f 10442 8145 2066
f 10834 10439 2066
f 10411 7125 2067
f 10834 2067 7125
f 2067 7625 7126
f 10411 2067 7126
f 2067 8144 7625
f 10834 8144 2067
f 2068 8143 8142
f 2068 8142 8145
f 2068 8307 8143
f 10442 2068 8145
f 10835 2068 10442
f 2069 7110 10435
f 10443 7110 2069
f 7507 2069 10435
f 10835 10443 2069
f 2940 2791 2070
f 2791 8246 2070
f 2940 2070 7119
f 7105 2072 2071
f 2071 2072 10838
f 4103 2071 10838
f 4103 10915 2071
f 7105 2071 4575
f 4575 2071 10915
f 7105 7108 2072
f 7108 7113 2072
f 7113 7114 2072
f 8052 2072 7114
f 8052 10838 2072
f 2073 4991 4992
f 2073 4994 4991
f 2073 4992 9323
f 2073 9715 4994
f 2073 9323 9325
f 2073 9325 9715
f 2074 2075 10373
f 10842 2075 2074
f 2074 7397 2079
f 10843 2074 2079
f 10839 7397 2074
f 10839 2074 10373
f 10842 2074 10843
f 2075 7087 4629
f 2075 4629 10373
f 2075 10369 7087
f 10842 10369 2075
f 7140 2076 2077
f 2076 11710 2077
f 7140 10369 2076
f 10842 2076 10369
f 10842 10843 2076
f 10843 11710 2076
f 2077 2078 4634
f 2077 11710 2078
f 7141 2077 4634
f 7140 2077 7141
f 2078 11722 4634
f 2078 11713 6148
f 2078 6148 11722
f 2078 11710 11713
f 2079 6908 6147
f 10843 2079 6147
f 7428 6908 2079
f 7428 2079 7397
f 2081 2080 6820
f 10845 2080 2081
f 4646 2080 4651
f 7179 2080 4646
f 4647 6820 2080
f 4647 2080 7179
f 4651 2080 10845
f 2083 2081 6820
f 8393 2081 2083
f 8393 2084 2081
f 2084 10845 2081
f 4648 4651 2082
f 4648 2082 7156
f 2082 4651 10845
f 7156 2082 7155
f 7155 2082 10355
f 2082 10845 10355
f 2089 8393 2083
f 2089 2083 10846
f 2083 6820 10849
f 2083 10849 10846
f 8392 2086 2084
f 2086 10845 2084
f 8392 2084 8391
f 8393 8391 2084
f 3896 6520 2085
f 3896 2085 8869
f 8037 2085 6520
f 8037 8866 2085
f 2085 8866 8869
f 2086 10354 7158
f 2086 7158 10355
f 8392 10354 2086
f 2086 10355 10845
f 2262 2255 2087
f 2255 3629 2087
f 10969 2262 2087
f 2087 3629 3632
f 4993 2087 3632
f 10969 2087 4993
f 2089 2088 8395
f 2089 10846 2088
f 2088 6236 4496
f 2088 4496 7091
f 2088 10846 6236
f 2088 7091 8395
f 2089 8398 8393
f 2089 8395 8398
f 2092 2090 2091
f 2093 2091 2090
f 2094 2093 2090
f 4688 2094 2090
f 8409 2095 2092
f 8772 2093 2094
f 8772 10848 2093
f 4687 2094 4688
f 8774 2094 4687
f 8772 2094 8774
f 8415 4690 2095
f 8414 2095 8409
f 8415 2095 8414
f 4647 2096 6820
f 4647 10340 2096
f 10331 4704 2096
f 4704 10849 2096
f 10849 6820 2096
f 10331 2096 10340
f 2097 4694 4693
f 2097 4693 6203
f 8402 4694 2097
f 2097 6203 10850
f 8402 2097 8401
f 8401 2097 10850
f 2098 6209 2102
f 2098 2102 10856
f 2098 6203 6209
f 2098 10850 6203
f 3827 2099 3829
f 7992 2099 3827
f 7992 8863 2099
f 2100 4707 10853
f 2100 10854 4707
f 2100 10853 10852
f 2101 4468 9557
f 2101 10853 4468
f 2101 9562 9219
f 2101 9219 10852
f 2101 9557 9562
f 2101 10852 10853
f 2102 6209 10807
f 2103 5201 4778
f 10857 2103 4778
f 2103 4980 4801
f 5171 2103 4801
f 10857 4980 2103
f 5171 5201 2103
f 2104 2151 2152
f 2104 4778 2151
f 2104 2152 10859
f 2104 10857 4778
f 2104 10858 10857
f 2104 10859 10858
f 2105 4733 4731
f 2105 4731 4802
f 2105 10860 4733
f 2105 4802 4980
f 2105 4980 10858
f 2105 10858 10860
f 4741 2106 5615
f 4741 7228 2106
f 2106 10862 5615
f 10245 2106 7228
f 5496 5511 2107
f 10259 5496 2107
f 10861 2107 5511
f 10245 10259 2107
f 7997 4740 2108
f 4740 10862 2108
f 4736 2109 4735
f 7221 4735 2109
f 9690 2109 4736
f 7220 7221 2109
f 2110 2111 2112
f 2110 2115 2111
f 10548 2110 2112
f 4357 2112 2111
f 2111 2115 2116
f 4358 2111 2116
f 4358 4357 2111
f 4356 4355 2112
f 4355 10548 2112
f 4357 4356 2112
f 2162 4966 2113
f 9299 2162 2113
f 2208 2113 4966
f 8446 2113 2208
f 8447 2113 8446
f 8447 9299 2113
f 9695 2114 5450
f 10865 5450 2114
f 10864 2114 9695
f 10864 10693 2114
f 10864 2116 2115
f 10864 2115 10693
f 4770 2117 2118
f 10868 2118 2117
f 4255 2128 2117
f 10868 2117 2128
f 5370 4255 2117
f 5370 2117 4770
f 4770 2118 4772
f 10870 4772 2118
f 10868 9697 2118
f 10870 2118 9697
f 2119 5457 2121
f 2119 2121 7241
f 2119 4761 4759
f 2119 4759 5457
f 2119 7240 4761
f 2119 7241 7240
f 2121 2120 2122
f 2121 5457 2120
f 7084 2122 2120
f 5457 4760 2120
f 10460 2120 4760
f 7084 2120 10460
f 2121 2122 7258
f 2121 7258 7241
f 7084 4745 2122
f 2122 4745 7255
f 7258 2122 7255
f 5409 2123 2124
f 10872 2124 2123
f 4764 4773 2123
f 5409 4764 2123
f 9696 2123 4773
f 9696 10872 2123
f 5409 2124 2125
f 7073 2125 2124
f 7073 2124 4762
f 10872 4762 2124
f 7080 5409 2125
f 7073 10465 2125
f 7080 2125 10474
f 10465 10474 2125
f 4255 2126 2128
f 10873 2128 2126
f 4255 4212 2126
f 4848 2126 4212
f 10875 2126 4848
f 10875 10873 2126
f 4360 2127 10482
f 10875 10482 2127
f 10875 2127 10873
f 10877 10873 2127
f 10877 10868 2128
f 10877 2128 10873
f 10601 4350 2129
f 2129 4350 10639
f 10482 2129 10561
f 10875 2129 10482
f 10561 2129 10639
f 10875 10601 2129
f 2130 4783 4792
f 10878 4783 2130
f 2130 4784 4787
f 2130 4792 4784
f 5156 2130 4787
f 10878 2130 5156
f 5156 4786 2131
f 10480 2131 4786
f 10878 5156 2131
f 10480 10879 2131
f 2132 10880 2134
f 10882 2132 2134
f 2135 10296 2132
f 10882 2135 2132
f 2132 10296 7231
f 2132 7231 10880
f 2133 2710 9029
f 2133 10880 2710
f 2133 4790 4793
f 2133 9029 4790
f 5147 2133 4793
f 5147 10880 2133
f 5147 10177 2134
f 5147 2134 10880
f 7277 2134 10177
f 10882 2134 7277
f 6526 2136 2135
f 2136 10296 2135
f 8435 6526 2135
f 8435 2135 10882
f 6526 10319 2136
f 7192 10313 2136
f 7192 2136 10319
f 2136 10313 10296
f 2137 3910 2138
f 2137 2138 10883
f 2137 3909 3912
f 2137 11128 3909
f 2137 3912 3910
f 2137 10883 11128
f 2138 3910 3911
f 2138 3911 11068
f 2138 6765 10883
f 2138 11068 6765
f 4106 11128 2139
f 2139 10883 10821
f 2139 11128 10883
f 2148 2140 10886
f 2148 10888 2140
f 10678 2140 10888
f 2141 2142 2143
f 4373 2142 2141
f 2141 2143 10886
f 4373 2141 4374
f 2142 10327 2143
f 4373 4380 2142
f 2142 4380 4381
f 2142 4381 10327
f 2147 2143 10327
f 10889 2143 2147
f 2143 10889 10886
f 2145 2144 10888
f 2148 4805 2145
f 2148 2145 10888
f 4775 2145 4805
f 4775 5239 2145
f 2148 2146 4805
f 2148 10886 2146
f 4806 4805 2146
f 10892 4806 2146
f 2146 10886 10889
f 10892 2146 10889
f 2149 2147 4924
f 2149 10889 2147
f 10332 4924 2147
f 10332 2147 10327
f 4880 2149 4808
f 2149 4924 4808
f 10892 2149 4880
f 10892 10889 2149
f 10893 2150 4804
f 2150 4863 4808
f 2150 4808 4924
f 10893 4863 2150
f 2152 2151 10895
f 4778 4863 2151
f 2151 4863 10893
f 2151 10893 10895
f 10859 2152 4580
f 2153 2159 11701
f 2153 5571 10105
f 2153 11701 5571
f 2154 2155 3029
f 10898 2155 2154
f 10898 2154 2159
f 2154 11701 2159
f 2154 3029 11700
f 2154 11700 11701
f 2155 4816 3029
f 2155 4723 4727
f 10898 4723 2155
f 2155 4727 4816
f 2156 2197 3029
f 2156 10921 2197
f 2156 3029 4816
f 4814 2156 4816
f 4814 10921 2156
f 2157 4831 4832
f 2157 4839 4831
f 2157 4832 4845
f 2157 4845 4843
f 4372 2160 2158
f 4842 4372 2158
f 4843 4842 2158
f 10898 2159 2160
f 4372 4841 2160
f 10898 2160 4841
f 3702 3700 2161
f 8784 2161 3700
f 3702 2161 4304
f 3703 4304 2161
f 4392 3703 2161
f 8784 4392 2161
f 4967 2162 4963
f 9300 4963 2162
f 4967 4966 2162
f 9300 2162 9299
f 4820 2163 2164
f 7283 2164 2163
f 4824 4723 2163
f 4841 2163 4723
f 4820 4824 2163
f 7283 2163 4841
f 4141 2165 2164
f 4820 2164 2165
f 7282 4141 2164
f 7282 2164 7283
f 4141 4853 2165
f 4820 2165 4821
f 4821 2165 4849
f 2165 4851 4849
f 2165 4853 4851
f 2168 4827 2166
f 8267 2168 2166
f 2166 4827 4856
f 8265 2166 4856
f 7868 2166 8265
f 2169 2167 8262
f 10902 2167 2169
f 2167 8264 8262
f 8267 8264 2167
f 10902 8267 2167
f 7278 4827 2168
f 7279 7278 2168
f 7279 2168 10902
f 10902 2168 8267
f 2169 4830 4657
f 10902 2169 4657
f 2169 8263 4830
f 2169 8262 8263
f 10903 2172 2170
f 10907 2170 2172
f 8361 2170 7027
f 10907 7027 2170
f 8361 8759 2170
f 10903 2170 8759
f 2171 4993 3632
f 2171 3632 6289
f 4991 4994 2171
f 2171 4994 4993
f 10761 10906 2172
f 10906 10907 2172
f 2173 2176 2174
f 10909 2176 2173
f 5563 5576 2173
f 10909 2173 5576
f 2174 2176 2175
f 10907 2174 2175
f 10906 2174 10907
f 8357 2175 2176
f 7027 2175 8364
f 10907 2175 7027
f 8357 8364 2175
f 2177 2176 10909
f 10913 2176 2177
f 8357 2176 10913
f 2177 10909 2180
f 2177 2180 10911
f 2177 10911 10912
f 10913 2177 10912
f 2178 2179 2196
f 10912 2179 2178
f 3939 2178 2196
f 10822 2178 3939
f 10920 2196 2179
f 10912 10911 2179
f 10914 2179 10911
f 10920 2179 10914
f 5577 2180 2183
f 2180 10909 2183
f 5577 10911 2180
f 10914 2181 2182
f 11723 2182 2181
f 5393 2181 5577
f 5393 11725 2181
f 5577 2181 10914
f 11725 11723 2181
f 10920 2182 2195
f 10921 2195 2182
f 10920 10914 2182
f 11723 10921 2182
f 5393 2183 5575
f 5393 5577 2183
f 5575 2183 5576
f 2183 10909 5576
f 2187 2184 3097
f 2187 10916 2184
f 2184 5555 3097
f 2184 5560 5555
f 5559 5560 2184
f 5559 2184 10916
f 5580 2186 2185
f 2186 10916 2185
f 2185 3452 5286
f 2185 10916 3452
f 2185 5286 5822
f 5580 2185 5822
f 5559 10916 2186
f 5580 5567 2186
f 2187 2981 2983
f 2187 3097 2981
f 2187 2983 3452
f 2187 3452 10916
f 2188 2190 4712
f 2188 10917 2190
f 2193 2188 2191
f 4710 2191 2188
f 2193 10917 2188
f 4710 2188 4712
f 2189 3850 3845
f 2189 3848 3849
f 2189 3849 3850
f 7223 4712 2190
f 7223 2190 10302
f 7224 10302 2190
f 7224 2190 10917
f 2193 2191 2192
f 4042 2192 2191
f 10199 2193 2192
f 4042 2194 2192
f 10199 2192 2194
f 10199 4095 2193
f 4095 10917 2193
f 3891 2194 3993
f 10199 2194 3891
f 2194 7089 3993
f 4859 2194 4042
f 4859 7089 2194
f 4814 4815 2195
f 4814 2195 10921
f 7246 2195 4815
f 7246 10920 2195
f 3907 3939 2196
f 7246 3907 2196
f 7246 2196 10920
f 11700 3029 2197
f 3045 11700 2197
f 3045 2197 11723
f 11723 2197 10921
f 2198 2200 7439
f 2198 10922 2200
f 2198 5224 10922
f 2198 7439 7288
f 2199 2604 11290
f 2199 11293 2604
f 2199 10922 5236
f 2199 5236 11293
f 2199 11286 10922
f 2199 11290 11286
f 2200 2603 7123
f 2200 11284 2603
f 2200 7123 7439
f 2200 10922 11286
f 2200 11286 11284
f 2203 2201 2202
f 6356 2202 2201
f 2203 2383 2201
f 3743 2201 2383
f 6355 2201 3743
f 6355 6356 2201
f 2202 5214 5215
f 6356 5214 2202
f 2203 11251 2383
f 2203 11080 11251
f 8037 2204 8755
f 8037 9135 2204
f 8038 8755 2204
f 9110 8038 2204
f 9136 9110 2204
f 9135 9136 2204
f 2205 2206 2328
f 2205 5218 2206
f 5231 2205 2328
f 5217 5218 2205
f 5217 2205 5233
f 5233 2205 5231
f 6349 2328 2206
f 2206 5215 5214
f 6349 2206 5214
f 5218 5215 2206
f 2207 7284 10165
f 9151 2208 4966
f 4968 2208 9151
f 9154 2208 4968
f 8446 2208 9154
f 3556 3565 2209
f 6241 3556 2209
f 2209 3565 12140
f 4996 2209 3567
f 3567 2209 12140
f 11468 2209 4996
f 11468 6241 2209
f 10924 2210 3744
f 3789 2210 4873
f 3789 10926 2210
f 10924 4873 2210
f 10926 2211 2212
f 10926 2214 2211
f 5006 5002 2213
f 5002 9305 2213
f 5006 2213 5007
f 5008 5007 2213
f 9302 5008 2213
f 9302 2213 9305
f 3789 5033 2214
f 3789 2214 10926
f 2214 5027 5030
f 2214 5033 5027
f 10929 2216 2215
f 10930 2215 2216
f 5020 2575 2215
f 2575 10929 2215
f 5020 2215 7292
f 7292 2215 10930
f 10930 2216 2218
f 10931 2218 2216
f 10929 4878 2216
f 10931 2216 4878
f 3920 2217 2582
f 2217 6764 2582
f 3920 4053 2217
f 2217 4053 4054
f 2217 4054 10899
f 2217 10899 6764
f 2218 3125 5043
f 10931 3125 2218
f 2218 5043 10932
f 10930 2218 10932
f 2220 10933 2219
f 2220 2219 10987
f 10295 10938 2219
f 10938 10987 2219
f 2220 3323 7299
f 2220 10987 3323
f 2221 2291 10992
f 2221 10993 2291
f 2297 2298 2221
f 2221 2298 10993
f 2222 3003 3011
f 2222 4917 3003
f 2222 3011 10940
f 2222 10101 4917
f 2222 10940 10101
f 7324 2224 2223
f 2223 2224 10940
f 2223 4923 7326
f 2223 10940 4923
f 7323 7324 2223
f 7323 2223 7326
f 7324 7319 2224
f 7319 10098 2224
f 2224 10098 7320
f 10940 2224 7320
f 2225 4940 4932
f 10941 2225 4932
f 10942 4940 2225
f 3688 3687 2226
f 4939 2226 3687
f 9726 3688 2226
f 10942 2226 4939
f 6201 6193 2227
f 2227 6193 8036
f 6201 2227 9105
f 2227 8036 8038
f 9105 2227 8038
f 10943 10069 2228
f 10946 2228 10069
f 10943 2228 10254
f 2229 4955 4956
f 2229 4964 4955
f 2229 4956 4966
f 2229 4965 4964
f 2229 4967 4965
f 2229 4966 4967
f 2233 2231 2230
f 2258 2232 2230
f 10974 2230 2232
f 2233 2230 10974
f 10947 2231 2233
f 9327 2232 2258
f 2267 2266 2232
f 2266 10974 2232
f 2267 2232 9327
f 2615 10963 2233
f 2615 2233 10974
f 10963 10947 2233
f 2234 2252 9050
f 2234 10963 2252
f 2234 9050 4975
f 2234 10947 10963
f 2235 2236 2274
f 2235 2274 9042
f 10949 2235 9042
f 9718 2235 10949
f 10977 2236 2270
f 2274 2236 2272
f 10977 2272 2236
f 10952 2239 2237
f 10957 2237 2239
f 10957 2668 2237
f 10951 2237 10255
f 10951 10952 2237
f 2240 10951 2238
f 10951 10255 2238
f 10957 2239 2243
f 10960 2243 2239
f 10952 10960 2239
f 9719 10951 2240
f 10957 2243 2241
f 10959 2241 2243
f 4942 2241 2636
f 10959 2636 2241
f 4941 2241 4942
f 10957 2241 4941
f 5005 2242 3610
f 5005 5006 2242
f 2242 5006 5007
f 2242 5007 5010
f 2245 2243 2244
f 10960 2244 2243
f 10959 2243 2245
f 9039 2245 2244
f 9040 9039 2244
f 9049 2248 2245
f 9039 9049 2245
f 2251 2246 2247
f 2247 2246 7370
f 2251 2250 2246
f 2250 7369 2246
f 10038 2246 7369
f 10038 7370 2246
f 10961 2247 7370
f 10959 2247 10961
f 9052 2251 2248
f 9051 2248 9049
f 9052 2248 9051
f 7143 7144 2249
f 7143 2249 7367
f 7144 10961 2249
f 2249 7370 7367
f 10961 7370 2249
f 9241 2250 2251
f 2250 7373 7369
f 2250 7374 7373
f 9241 7374 2250
f 9241 2251 9052
f 9038 9053 2252
f 9038 2252 10963
f 9050 2252 9051
f 9052 9051 2252
f 9053 9052 2252
f 7909 2253 2254
f 10964 2254 2253
f 2261 2253 9156
f 10967 2253 2261
f 7908 2253 7909
f 7908 9156 2253
f 10967 10964 2253
f 7906 2254 7904
f 7906 7909 2254
f 2262 2256 2255
f 2255 3630 3629
f 2262 9156 2256
f 6334 2256 9156
f 11362 2256 6334
f 9103 2257 7877
f 2257 9319 7877
f 9091 9099 2257
f 9091 2257 9104
f 2257 9099 9319
f 9103 9104 2257
f 10967 9327 2258
f 10967 2258 10964
f 10967 2261 2259
f 10968 2259 2261
f 9327 2259 9326
f 10966 9326 2259
f 10967 2259 9327
f 10966 2259 10968
f 2282 4989 2260
f 2282 2260 9096
f 2260 4989 4987
f 2260 4987 6287
f 2260 6287 9095
f 2260 9095 9096
f 2261 9156 2262
f 10968 2261 2262
f 10968 2262 10969
f 7884 2263 2265
f 7884 7885 2263
f 7885 9282 2263
f 10278 2263 9282
f 9093 2264 6309
f 2264 10970 6309
f 7884 2264 9101
f 7884 10970 2264
f 9093 9092 2264
f 2264 9092 9101
f 7884 2265 10970
f 10293 10971 2265
f 2265 10971 10970
f 2267 2268 2266
f 9054 2266 2268
f 9054 9037 2266
f 9037 10974 2266
f 2267 9326 2268
f 2267 9327 9326
f 9054 2268 9333
f 9332 2268 9326
f 9332 9333 2268
f 9332 9326 2269
f 2269 9326 10966
f 9330 2269 9328
f 9330 9332 2269
f 9716 2271 2270
f 10979 2274 2272
f 10978 2277 2272
f 10979 2272 2277
f 10978 2272 10977
f 5011 5012 2273
f 5011 2273 10985
f 5012 10978 2273
f 10978 10977 2273
f 9042 2274 2276
f 10979 2276 2274
f 9045 2276 2275
f 10979 2275 2276
f 2281 2275 2278
f 10979 2278 2275
f 4973 2275 2281
f 4973 9045 2275
f 9045 9042 2276
f 10979 2277 2278
f 10980 2278 2277
f 5012 2279 2277
f 10980 2277 2279
f 5012 2277 10978
f 2281 2278 2280
f 10980 2280 2278
f 5012 2330 2279
f 9720 2279 2330
f 4972 2281 2280
f 3653 7900 2280
f 7900 4972 2280
f 4972 4971 2281
f 4973 2281 4971
f 2282 9321 4989
f 2282 9096 9088
f 2319 2283 2284
f 10983 2284 2283
f 2320 2284 2286
f 7662 2286 2284
f 7662 2284 2287
f 10983 2287 2284
f 2320 2319 2284
f 2285 6064 4747
f 2285 4747 9082
f 2285 6040 6043
f 2285 9082 6040
f 2285 6043 9480
f 2285 9485 6064
f 2285 9480 9485
f 2320 2286 11016
f 2325 2286 7662
f 2325 11016 2286
f 7662 2287 2288
f 10985 2288 2287
f 5011 2287 10983
f 5011 10985 2287
f 7661 7662 2288
f 10985 10986 2288
f 4898 10987 2289
f 4898 2289 10992
f 10938 2289 10987
f 2290 9072 7604
f 2290 7604 9077
f 2290 8684 8683
f 2290 8683 9072
f 2290 9717 8684
f 2290 9077 9717
f 2291 2292 10989
f 2291 10993 2292
f 2291 10989 10996
f 2291 10996 10992
f 2294 10031 2292
f 2294 2292 10993
f 4889 2292 10031
f 4889 10989 2292
f 3593 3712 2293
f 3593 2293 4889
f 3712 10994 2293
f 4889 2293 10989
f 2293 10994 10989
f 7378 2294 7375
f 2294 10999 7375
f 7378 10031 2294
f 2294 10993 10999
f 4899 2296 2295
f 2296 10994 2295
f 4899 2295 10995
f 2295 9737 10995
f 3336 2296 4899
f 3336 10996 2296
f 2296 10989 10994
f 2296 10996 10989
f 10998 2298 2297
f 3641 3642 2297
f 10998 2297 3642
f 2298 10999 10993
f 2301 11005 2299
f 2299 2498 10310
f 2299 11005 2498
f 2300 3635 3601
f 2300 3601 11420
f 2300 3633 9832
f 2300 11421 3633
f 2300 9832 3635
f 2300 11420 6291
f 2300 6291 11421
f 2302 11005 2301
f 10306 10308 2301
f 8448 5016 2302
f 2302 5016 11005
f 8448 2302 8449
f 2305 2303 2304
f 2304 2303 11006
f 2306 2303 2305
f 2306 2595 2303
f 2303 2595 2594
f 2303 2594 11006
f 2305 2304 5360
f 2307 5360 2304
f 2306 2305 2766
f 2305 5359 2766
f 2305 5360 5359
f 2306 2597 2595
f 2306 5195 2597
f 2306 2766 2767
f 2306 2767 5195
f 2307 2309 2308
f 2307 2308 5360
f 2308 2309 2310
f 2308 2310 10380
f 2308 5355 5360
f 2308 10380 5355
f 2309 5676 2310
f 2309 5675 5676
f 2310 2311 2312
f 2310 5676 2311
f 2310 2312 10380
f 10379 2312 2311
f 2311 5676 3084
f 2311 3084 5678
f 10379 2311 5678
f 2312 5356 5353
f 2312 5353 10380
f 10379 5356 2312
f 2318 2313 2316
f 2316 2313 11014
f 2318 11759 2313
f 3082 11010 2313
f 11759 3082 2313
f 2313 11010 11014
f 2314 5026 2317
f 2314 2317 11014
f 2314 11011 5026
f 2314 11010 11011
f 2314 11014 11010
f 2326 2315 2934
f 2326 11012 2315
f 5034 2315 2706
f 5035 2706 2315
f 5034 2934 2315
f 5035 2315 11012
f 3107 2318 2316
f 3107 2316 5041
f 2316 11012 5041
f 2316 11014 11012
f 2317 5026 5027
f 2317 5027 5032
f 5035 2317 5032
f 5035 11012 2317
f 11012 11014 2317
f 3107 3196 2318
f 2318 3196 11820
f 2318 11820 11759
f 5013 2319 2320
f 5013 8449 2319
f 5013 2320 2321
f 2321 2320 11016
f 2324 2321 2323
f 2323 2321 11016
f 2324 7382 2321
f 5013 2321 7382
f 2322 4961 4962
f 2322 6274 4961
f 2322 4962 4965
f 2322 4967 4963
f 2322 4963 6274
f 2322 4965 4967
f 2324 2323 2723
f 2323 5036 2723
f 2323 3001 5036
f 2323 11016 3001
f 5023 2324 2667
f 5034 2667 2324
f 5034 2324 2723
f 5023 7382 2324
f 2325 7664 3001
f 2325 3001 11016
f 2325 7662 7661
f 2325 7661 7664
f 2326 2934 2778
f 2326 2778 5040
f 2326 5040 5041
f 2326 5041 11012
f 5231 2328 2327
f 9713 2327 2328
f 5231 2327 5226
f 9713 2328 6349
f 5011 2330 5012
f 5011 10983 2330
f 9745 2332 2331
f 9743 2332 9742
f 9742 2332 9745
f 9743 11021 2332
f 2334 2335 2333
f 10932 2334 2333
f 2333 2335 7296
f 2333 7294 7290
f 10932 2333 7290
f 2333 7296 7294
f 4885 2335 2334
f 3154 4885 2334
f 3154 2334 5043
f 10932 5043 2334
f 4885 3640 2335
f 2335 3640 7297
f 2335 7297 7296
f 3171 2336 3420
f 2336 3171 11023
f 11214 3420 2336
f 11213 2336 11023
f 11212 2336 11213
f 11212 11214 2336
f 11026 2351 2337
f 2337 2351 11045
f 11025 2337 11045
f 11026 2337 11030
f 3440 2338 11025
f 10027 2339 2340
f 2339 11030 2340
f 11026 11030 2339
f 11026 2339 11047
f 10027 2340 2443
f 2443 2340 11031
f 11029 2340 11030
f 11029 11031 2340
f 2441 2341 2342
f 2341 11033 2342
f 2441 11152 2341
f 2443 11031 2341
f 2443 2341 11152
f 2341 11031 11033
f 2441 2342 2440
f 2440 2342 11035
f 9838 2342 11033
f 9838 11035 2342
f 2343 11040 2347
f 2343 2347 11041
f 2343 11041 11036
f 11117 2343 11036
f 11117 11040 2343
f 11041 2348 2344
f 2348 11151 2344
f 11035 11037 2344
f 11151 11035 2344
f 11037 11036 2344
f 11041 2344 11036
f 5507 5518 2345
f 5507 2345 5773
f 5518 8535 2345
f 5069 3946 2346
f 3946 11040 2346
f 5070 2346 4861
f 2346 11040 4861
f 5069 2346 5070
f 11041 2347 2349
f 11043 2349 2347
f 3946 2347 11040
f 3946 11043 2347
f 2437 2348 2349
f 11041 2349 2348
f 2437 2451 2348
f 2451 11151 2348
f 2437 2349 11044
f 11044 2349 11043
f 2350 4555 4533
f 2350 4533 5539
f 2350 5547 4555
f 2350 5539 5546
f 2350 5546 5548
f 2350 5548 5547
f 10008 11045 2351
f 11026 11047 2351
f 2352 2354 2356
f 2352 7186 2354
f 2352 2356 11049
f 11049 2358 2353
f 2353 2358 11054
f 2369 2353 11054
f 2369 11066 2353
f 11048 11049 2353
f 11048 2353 11066
f 2354 5209 2356
f 2354 5203 5204
f 2354 7186 5203
f 2354 5204 5209
f 2355 2358 2356
f 2355 2356 5209
f 2355 5209 2357
f 11055 2355 2357
f 2355 2360 2358
f 11055 2360 2355
f 2356 2358 11049
f 7200 2357 5209
f 7200 9763 2357
f 2357 9763 9767
f 11055 2357 9767
f 11054 2358 2360
f 11055 9767 2359
f 11051 11055 2359
f 11051 11053 2360
f 11051 2360 11055
f 11053 11054 2360
f 2362 2361 2449
f 2362 11057 2361
f 2361 2439 2438
f 2361 2438 11155
f 2361 11057 2439
f 2361 11155 2449
f 2365 2362 2449
f 2365 11061 2362
f 2362 2381 11057
f 2362 11061 2381
f 2363 2364 2439
f 2363 11059 2364
f 2363 2439 11057
f 2364 7386 2439
f 2364 3320 3360
f 2364 11059 3320
f 2364 3360 7386
f 2368 2366 2365
f 2366 11061 2365
f 2368 2365 2450
f 2365 2449 2450
f 11060 2366 2368
f 2452 2367 2368
f 11060 2368 2367
f 2453 2367 2452
f 2453 5087 2367
f 9786 2367 5087
f 9786 11060 2367
f 2452 2368 2450
f 2369 11063 2371
f 2369 2371 11066
f 11063 9759 2370
f 2371 2374 2372
f 11066 2371 2372
f 2374 11064 2372
f 2374 2373 11064
f 2373 2380 9778
f 2455 2375 2468
f 2469 2468 2375
f 2469 2375 5084
f 2377 4292 2376
f 9787 2377 2378
f 9781 11073 2378
f 2380 2379 2382
f 9779 2380 2382
f 9779 9778 2380
f 11076 2382 2381
f 11076 2381 11061
f 11076 9779 2382
f 11249 3743 2383
f 6440 11249 2383
f 6440 2383 11251
f 3197 7657 2384
f 3197 2384 7658
f 3207 3208 2384
f 3207 2384 7657
f 3208 5825 2384
f 5825 7658 2384
f 3768 2385 3767
f 3768 10399 2386
f 2386 10399 9226
f 2386 9226 11082
f 9772 2386 11082
f 2387 6444 6443
f 2387 11243 6444
f 2387 11082 6445
f 2387 6445 11243
f 11084 2389 2388
f 11088 2388 2389
f 11084 9799 2389
f 5017 5015 2390
f 7380 2390 5015
f 7379 5016 2390
f 8448 2390 5016
f 5017 2390 8448
f 7380 7379 2390
f 2712 11412 2391
f 2392 2396 5478
f 2392 7390 2396
f 11094 2392 5478
f 9997 7390 2392
f 9997 2392 8457
f 11094 8457 2392
f 5477 2393 5478
f 5479 2393 5477
f 2393 11094 5478
f 5479 5480 2393
f 2393 5480 11095
f 2393 11095 11094
f 6121 2394 8450
f 6121 8458 2394
f 11095 8450 2394
f 2394 8458 8457
f 11094 2394 8457
f 11094 11095 2394
f 7494 2395 7493
f 2395 11099 7493
f 11632 2395 7494
f 2395 9990 11099
f 11633 9990 2395
f 11633 2395 11632
f 10007 2397 2396
f 2397 11849 2396
f 2396 11849 5478
f 10007 2396 7390
f 10003 2397 7389
f 10007 7389 2397
f 10002 2397 10003
f 10002 11849 2397
f 5902 2398 2400
f 2398 11097 2400
f 2398 11074 11091
f 2398 11091 11097
f 4090 2421 2399
f 4094 2399 2421
f 4090 2399 8126
f 8178 2399 4094
f 8178 8126 2399
f 5902 2400 8469
f 2400 7399 8469
f 2400 9992 7399
f 2400 11097 9992
f 2401 2402 2405
f 11101 2402 2401
f 11100 11101 2401
f 2402 2403 2405
f 9394 2402 11101
f 11103 2405 2403
f 2447 2404 5671
f 2447 9069 2404
f 2448 2404 9069
f 9070 2404 2448
f 5670 5671 2404
f 9070 5670 2404
f 2405 2409 2407
f 11103 2409 2405
f 2406 2407 2409
f 2406 8452 2407
f 11105 2406 2409
f 2406 8451 8452
f 11105 8451 2406
f 2408 2409 11103
f 11105 2409 2408
f 11810 11761 2410
f 2933 9819 2411
f 11194 2496 2412
f 11110 2412 11109
f 11113 11109 2412
f 11110 11194 2412
f 11109 2415 2413
f 2415 11118 2413
f 11111 2413 2416
f 2413 11119 2416
f 11111 11109 2413
f 2413 11118 11119
f 2414 11111 9844
f 2414 11110 11109
f 2414 11109 11111
f 2414 11193 11110
f 11113 9865 2415
f 11113 2415 11109
f 2416 11119 2418
f 2416 2418 11120
f 11111 2416 2419
f 2416 11120 2419
f 5096 2417 2420
f 2420 2417 11118
f 5096 4861 2417
f 11117 2417 4861
f 11117 11119 2417
f 11118 2417 11119
f 11037 2418 11036
f 11117 11036 2418
f 11120 2418 11037
f 11117 2418 11119
f 9844 2419 9839
f 9844 11111 2419
f 2420 4453 4857
f 5096 2420 4857
f 4092 2497 2421
f 4094 2421 2497
f 4093 2421 4090
f 4093 4092 2421
f 9841 11130 2422
f 2422 11123 11122
f 11132 11123 2422
f 11132 2422 11130
f 2423 11122 11123
f 2423 11186 11122
f 2423 11123 11125
f 2423 11125 11126
f 11127 2423 11126
f 2423 11127 11186
f 2424 5051 3470
f 2424 3470 5054
f 11132 5051 2424
f 2424 5054 11124
f 2424 11124 11123
f 11132 2424 11123
f 11217 2425 3407
f 2425 11125 11124
f 2425 11216 11125
f 2425 11217 11216
f 2426 2487 11126
f 2426 11182 2487
f 2426 11126 11125
f 2426 11125 11216
f 2426 11216 11182
f 2427 2487 2486
f 2427 2486 2491
f 2427 11126 2487
f 2493 2427 2491
f 2493 11127 2427
f 2427 11127 11126
f 11135 9921 2428
f 11133 11135 2428
f 2429 11134 6242
f 11136 2429 6242
f 11133 11134 2429
f 11133 2429 11135
f 11135 2429 11136
f 2431 11138 2430
f 2431 2430 11140
f 2430 11138 9869
f 2430 11172 11140
f 2431 11201 11138
f 2431 11140 11141
f 2474 2475 2432
f 2474 2432 11140
f 2475 4709 2432
f 11140 2432 11141
f 2433 2434 11144
f 11145 5078 2433
f 11145 2433 11144
f 2434 9913 11144
f 5079 5080 2435
f 5080 5081 2435
f 5081 11148 2435
f 9860 2435 11148
f 2519 4950 2436
f 2519 2436 4957
f 2436 4950 2570
f 2436 2570 4954
f 7353 2436 4954
f 7353 4957 2436
f 2437 2450 2451
f 2452 2450 2437
f 2452 2437 11044
f 7386 2438 2439
f 7386 2445 2438
f 11155 2438 2445
f 2445 2441 2440
f 2444 2445 2440
f 2444 2440 11151
f 11151 2440 11035
f 2445 2442 2441
f 2442 11152 2441
f 7386 2442 2445
f 7385 2442 3360
f 7386 3360 2442
f 7385 11152 2442
f 10027 2443 7385
f 7385 2443 11152
f 11155 2445 2444
f 2451 2449 2444
f 11155 2444 2449
f 2451 2444 11151
f 2446 2447 5600
f 2446 9069 2447
f 5611 2446 7468
f 2446 5611 9069
f 2447 5671 5600
f 2448 9067 9068
f 2448 9069 9067
f 9070 2448 9068
f 2451 2450 2449
f 2453 2452 11044
f 4344 5087 2453
f 2454 7551 7553
f 7555 7551 2454
f 7556 2454 7553
f 7555 2454 9065
f 7556 9066 2454
f 2454 9066 9065
f 11158 2461 2456
f 11233 2536 2456
f 9550 2457 10547
f 2460 2463 2461
f 11158 2460 2461
f 11159 2461 2463
f 2462 2465 2463
f 5092 2465 2462
f 11159 2463 2465
f 5092 2464 2465
f 9858 2465 2464
f 5092 4427 2464
f 11160 2464 4427
f 9915 9858 2464
f 9915 2464 11160
f 11159 2465 9858
f 11160 2466 4283
f 11165 4283 2466
f 11160 4427 2466
f 11163 2466 4427
f 2467 4427 5091
f 2467 11163 4427
f 2467 5081 5080
f 2467 5080 11163
f 2467 11161 5081
f 2467 5091 11161
f 2469 11161 2468
f 11161 5091 2468
f 2469 5084 5083
f 2469 5083 5086
f 2469 5086 11161
f 2470 5079 2472
f 2470 2472 11167
f 2470 5080 5079
f 2470 11163 5080
f 4955 2482 2471
f 4958 2471 2482
f 4955 2471 4956
f 9151 4956 2471
f 2472 3924 3950
f 5079 3924 2472
f 2472 3950 11168
f 2472 11168 11167
f 5070 2473 3950
f 2473 11168 3950
f 5070 4013 2473
f 2473 4013 11179
f 4882 11168 2473
f 4882 2473 11179
f 2474 11170 2475
f 2474 2476 11170
f 2474 11172 2476
f 2474 11140 11172
f 2478 4711 2475
f 2478 2475 11170
f 2475 4711 4709
f 2476 11172 9873
f 2476 11178 11170
f 2477 5099 2478
f 2477 2478 11178
f 11176 5099 2477
f 9397 11176 2477
f 2478 11177 4711
f 2478 5099 11177
f 2478 11170 11178
f 2480 11177 2479
f 11179 2480 2479
f 2479 5099 5100
f 2479 11177 5099
f 5102 2479 5100
f 11179 2479 5102
f 2480 4013 5095
f 11179 4013 2480
f 2480 5095 11177
f 3227 2481 11858
f 3227 11863 2481
f 5894 5892 2481
f 5892 11858 2481
f 5894 2481 11863
f 4955 4957 2482
f 7353 2482 4957
f 8442 4958 2482
f 8442 2482 7353
f 5104 2484 2483
f 2483 2484 11202
f 2483 2501 2502
f 2483 11202 2501
f 4977 2483 2502
f 5104 2483 4977
f 4970 2485 2484
f 2484 2485 11197
f 5104 4970 2484
f 2484 11197 11202
f 5122 2485 4970
f 5122 5125 2485
f 2485 5125 11195
f 2485 11195 11197
f 2488 2486 2487
f 2488 2534 2486
f 2491 2486 11184
f 2534 11184 2486
f 2488 2487 11182
f 2489 2529 2488
f 2489 2488 11182
f 2488 2529 2532
f 2488 2532 2534
f 2489 2517 2520
f 2489 11182 2517
f 2489 2520 11222
f 2489 11222 2529
f 2490 3829 3822
f 7989 2490 3822
f 2490 3827 3829
f 2490 11851 3827
f 7989 7985 2490
f 7985 11851 2490
f 2493 2491 2492
f 2492 2491 4952
f 2491 11185 4952
f 2491 11184 11185
f 2493 2492 11190
f 2492 4952 5108
f 2492 5108 11189
f 2492 11189 11190
f 2493 11190 11127
f 2494 11189 2495
f 2494 2495 11191
f 2494 11129 11186
f 2494 11191 11129
f 2494 11186 11190
f 2494 11190 11189
f 2495 11189 5106
f 2495 5106 11194
f 2495 11193 11191
f 2495 11194 11193
f 2496 11204 2503
f 5105 2496 11194
f 5105 11204 2496
f 3054 6757 2497
f 3054 2497 6763
f 6763 2497 4092
f 4094 2497 6757
f 7379 2498 5016
f 5016 2498 11005
f 7378 7375 2498
f 10310 2498 7375
f 7379 7378 2498
f 2575 2499 5022
f 5024 2499 2575
f 2689 4873 2499
f 2689 2499 5025
f 2499 4873 5022
f 5024 5025 2499
f 11138 11201 2500
f 11202 11197 2500
f 11202 2500 11201
f 11202 11201 2501
f 11204 2502 2503
f 4977 2502 11204
f 2506 2505 2504
f 2508 2506 2504
f 5148 2508 2504
f 5435 5148 2504
f 2512 2505 2506
f 11208 2505 2512
f 2512 2506 2507
f 5128 2507 2506
f 5128 2506 2508
f 2512 2507 5133
f 5129 2507 5128
f 5130 2507 5129
f 5133 2507 5130
f 4445 2508 5127
f 4445 5128 2508
f 5148 5127 2508
f 11210 2509 2510
f 2509 5137 5136
f 2509 5138 5137
f 11210 5138 2509
f 11210 2510 2511
f 2510 9882 9881
f 2513 2511 2512
f 11208 2512 2511
f 11210 2511 2513
f 2513 2512 5133
f 2513 5133 5132
f 2513 5132 5143
f 11210 2513 5143
f 2515 2514 5150
f 9884 2514 2515
f 11213 5150 2514
f 9889 2514 9884
f 11213 2514 11220
f 5149 2515 5145
f 5145 2515 5256
f 2515 5150 5256
f 5473 2516 5472
f 5472 2516 9825
f 5619 2516 5473
f 5619 9064 2516
f 9063 2516 9064
f 9063 9830 2516
f 9830 9825 2516
f 2517 2518 2520
f 2517 11217 2518
f 2517 11182 11216
f 2517 11216 11217
f 2520 2518 11214
f 2518 5049 3420
f 2518 3420 11214
f 2518 11217 5049
f 2519 4951 4950
f 2519 4964 4951
f 2519 4957 4955
f 2519 4955 4964
f 2520 11214 11212
f 2520 11212 11222
f 2522 2523 2524
f 11223 2523 2522
f 2524 2523 8490
f 2523 5151 8492
f 11223 5151 2523
f 2523 8492 8490
f 8487 8485 2524
f 8487 2524 8490
f 2527 2525 2526
f 2527 5168 2525
f 5164 2525 5165
f 5165 2525 5168
f 5867 5168 2527
f 5867 2527 5169
f 2528 2529 11222
f 2528 11222 11221
f 2530 11229 2531
f 2530 2533 11229
f 2530 11230 2533
f 2530 5064 11230
f 2531 2534 2532
f 2531 2532 9895
f 2531 11229 2534
f 2533 4903 11185
f 2533 11230 4903
f 2533 11185 11184
f 2533 11184 11229
f 2534 11229 11184
f 2535 4903 11230
f 2535 11232 4903
f 2535 5122 4970
f 2535 4970 11232
f 2535 5123 5122
f 2535 11230 5123
f 9911 2536 11233
f 10545 2536 11235
f 9904 11236 2537
f 2538 5061 2539
f 3670 5061 2538
f 3670 2538 11242
f 11240 11242 2538
f 3886 2539 8471
f 5872 2539 5061
f 5872 8471 2539
f 2541 9848 2540
f 2541 2540 11245
f 2552 11245 2540
f 2541 3790 3706
f 9917 3790 2541
f 9917 2541 11245
f 2542 5826 11196
f 2542 11247 5826
f 11146 9922 2542
f 11146 2542 11196
f 2545 2543 5055
f 2545 8459 2543
f 8464 5055 2543
f 8462 2543 8459
f 8464 2543 8462
f 2545 5055 2544
f 6152 2545 2544
f 2546 2544 3513
f 2546 11248 2544
f 2544 5055 3513
f 6152 2544 11248
f 2547 2546 6221
f 2547 11248 2546
f 2546 3513 7389
f 2546 7389 6221
f 2547 5174 6161
f 2547 6221 5174
f 2547 6161 5177
f 2547 5177 11248
f 2548 5159 5769
f 10715 7415 2548
f 5867 2549 2550
f 2550 2549 11250
f 2551 2549 5867
f 2551 7415 2549
f 10715 2549 7415
f 5867 2550 5168
f 6006 5168 2550
f 6006 2550 5179
f 2550 11250 5179
f 2551 5867 5169
f 2551 5169 5926
f 2551 5926 7416
f 2551 7416 7415
f 2552 2553 11134
f 11134 2553 6242
f 2555 2554 5246
f 2554 2555 11393
f 2554 2697 11255
f 2554 11393 2697
f 2554 11255 5246
f 2555 5246 5247
f 11322 2555 5247
f 2556 2557 11255
f 2556 11314 2557
f 2700 2633 2556
f 2556 2633 11314
f 2700 2556 11398
f 2556 11255 11398
f 2557 5250 5246
f 2557 5246 11255
f 2557 11315 5250
f 2557 11314 11315
f 2560 2558 2559
f 11256 2559 2558
f 2560 2769 2558
f 11256 2558 2562
f 2562 2558 11480
f 2558 2769 11480
f 2563 2560 2559
f 2563 2559 11476
f 11256 2760 2559
f 2559 2760 11476
f 2563 5181 2560
f 11276 2769 2560
f 2560 5181 6306
f 11276 2560 6306
f 2561 5186 5193
f 2561 6306 5186
f 2561 5193 5192
f 11277 2561 5192
f 6306 2561 11276
f 11277 11276 2561
f 11256 2562 2765
f 2562 11478 2765
f 2562 11487 11478
f 2562 11480 11487
f 2563 5182 5181
f 2563 6384 5182
f 2563 11476 6384
f 2569 2568 2564
f 9935 2564 2568
f 7432 2569 2564
f 5185 2564 6421
f 5185 7432 2564
f 6421 2564 9935
f 2565 5741 2566
f 2565 2566 8530
f 2565 9958 5741
f 2565 8530 8529
f 2565 8529 9955
f 2565 9955 9958
f 2566 5743 2567
f 2566 2567 8530
f 2566 5741 8500
f 2566 8500 5743
f 2567 8528 5705
f 2567 5705 8530
f 2567 5743 8497
f 2567 8497 8528
f 4948 2570 4950
f 4948 4953 2570
f 7357 2570 4953
f 7357 4954 2570
f 2579 2571 2580
f 2579 11262 2571
f 2580 2571 9932
f 2571 7434 9932
f 11261 7434 2571
f 11262 11261 2571
f 5188 2574 2572
f 11269 2572 2574
f 2572 2577 2576
f 2572 2576 6648
f 11269 2577 2572
f 5188 2572 6648
f 4826 2573 4681
f 4681 2573 4856
f 4826 5547 2573
f 2573 4855 4856
f 2573 5548 4855
f 2573 5547 5548
f 5188 5190 2574
f 5189 2574 5190
f 11274 2574 5189
f 11274 11269 2574
f 5020 5021 2575
f 5021 5024 2575
f 2575 5022 10929
f 2576 2577 2578
f 2576 2578 2579
f 2576 2579 2581
f 2576 2581 6648
f 2578 11262 2579
f 2579 2580 2581
f 2580 9941 2581
f 2580 9932 9941
f 6648 2581 7436
f 2581 9941 7436
f 3920 2582 3922
f 2582 4093 3922
f 2582 4092 4093
f 2582 6764 4092
f 9057 7490 2583
f 9842 2583 7490
f 9228 2583 8549
f 9842 8549 2583
f 9230 9057 2583
f 9230 2583 9228
f 2584 2585 2586
f 2584 2588 2585
f 11272 2588 2584
f 2585 2824 2586
f 2585 2588 2591
f 2585 2591 2589
f 2585 2589 2824
f 2586 2824 2823
f 11524 2586 2823
f 5189 2588 2587
f 11272 2587 2588
f 11274 5189 2587
f 11272 11266 2587
f 2588 8525 2591
f 5189 8525 2588
f 2589 8526 2590
f 2589 2591 8526
f 2590 8523 8524
f 2590 8526 8523
f 8525 8526 2591
f 2592 2770 2769
f 11276 2592 2769
f 2592 11481 2770
f 11277 6988 2592
f 2592 6988 11481
f 11277 2592 11276
f 2609 2593 2594
f 2609 11296 2593
f 2609 2594 2595
f 2597 2596 2595
f 2609 2595 2596
f 11288 2596 2597
f 11287 2596 2602
f 11288 2602 2596
f 2609 2596 11287
f 2597 5195 5194
f 11288 2597 5194
f 2598 2599 11278
f 2598 11280 2599
f 2598 2601 2605
f 2598 11279 2601
f 2598 2605 11291
f 2598 11278 11279
f 2598 11291 11280
f 5206 2599 9943
f 5206 11278 2599
f 2599 6854 9943
f 2599 11280 6854
f 5206 2600 11278
f 7208 5212 2600
f 2600 5212 11279
f 2600 11279 11278
f 11290 2605 2601
f 11284 2601 11279
f 11286 2601 11284
f 11290 2601 11286
f 11291 2602 11280
f 11291 11287 2602
f 5202 2603 5213
f 5202 7123 2603
f 2603 5212 5213
f 11284 5212 2603
f 11290 2604 9951
f 11290 9951 2605
f 2605 9951 11295
f 2605 11295 11291
f 9950 2608 11297
f 11297 2608 11296
f 2609 11287 11296
f 2610 2611 2612
f 11300 2819 2610
f 11303 2612 2611
f 11301 7601 2612
f 11301 2612 11303
f 3026 2613 11718
f 11303 3027 2613
f 11718 2613 3027
f 11301 11303 2613
f 2614 2616 2618
f 2614 11304 2616
f 5375 2614 2618
f 2615 9037 9055
f 2615 10974 9037
f 2615 9055 9038
f 2615 9038 10963
f 2616 2617 2618
f 2616 2620 2617
f 2616 5487 2620
f 2616 11304 5487
f 2617 2622 2618
f 2619 2617 2620
f 2624 2617 2619
f 2624 2622 2617
f 11522 2618 2622
f 5375 2618 2821
f 11522 2821 2618
f 2619 2620 2950
f 2738 2624 2619
f 2738 2619 5315
f 5315 2619 2950
f 2950 2620 2951
f 2951 2620 11896
f 11896 2620 5487
f 2621 2622 2624
f 2621 11522 2622
f 2621 2624 2739
f 2621 2739 11305
f 2623 9926 2625
f 11305 2623 2625
f 2742 2623 2739
f 2739 2623 11305
f 2742 7440 2623
f 2623 7440 9926
f 2739 2624 2738
f 9451 11305 2625
f 11307 2625 9926
f 2744 2626 7441
f 2744 9961 2626
f 11307 7441 2626
f 11307 2626 11270
f 2627 2629 9886
f 11309 2627 9886
f 11309 9964 2627
f 5327 2628 5326
f 2628 9886 5326
f 5327 5330 2628
f 5330 5329 2628
f 5329 11309 2628
f 11309 9886 2628
f 9970 2630 2629
f 11311 2629 2630
f 11311 9886 2629
f 2631 11311 2630
f 2745 9847 2631
f 2745 2631 11463
f 9847 11311 2631
f 2633 2632 11314
f 11452 2632 2633
f 2632 5243 5242
f 2632 5242 11314
f 9837 5243 2632
f 11452 9837 2632
f 11451 2633 2700
f 11452 2633 11451
f 2635 7013 2634
f 7012 2634 7013
f 7012 10527 2634
f 2638 2635 11319
f 7144 4942 2636
f 7144 2636 10961
f 10959 10961 2636
f 2638 2637 7983
f 2638 11319 2637
f 2637 5245 7983
f 2637 11322 5245
f 2637 11319 9933
f 2639 2638 7983
f 2639 7983 5264
f 2639 5264 8639
f 2669 11330 2640
f 2669 2640 11359
f 5261 5262 2640
f 5261 2640 11330
f 2640 5262 11325
f 2640 11325 11359
f 2642 2641 5265
f 2642 11325 2641
f 2641 5262 5264
f 2641 11325 5262
f 2641 5264 8649
f 2641 8649 5265
f 2642 5265 5269
f 2642 5269 11357
f 2642 11357 11325
f 2645 11327 2644
f 2647 2645 5263
f 2647 11327 2645
f 2645 8542 5263
f 2678 2646 7371
f 2678 10042 2646
f 2646 7362 7366
f 10042 7362 2646
f 2646 7366 7368
f 2646 7368 7371
f 2648 2647 5263
f 2647 8074 11327
f 2669 2671 2648
f 2669 2648 11330
f 2648 5263 11330
f 2649 8475 2652
f 5855 8475 2649
f 5855 2649 11340
f 5855 2650 2651
f 2650 11336 2651
f 11334 2650 2654
f 11340 2654 2650
f 5855 11340 2650
f 11334 11336 2650
f 5855 2651 7407
f 7407 2651 8476
f 11336 8476 2651
f 2652 7405 7403
f 10718 2652 7403
f 2652 8475 7405
f 2665 11337 2653
f 2665 2653 11338
f 11340 2666 2654
f 2654 2666 11351
f 11334 2654 11338
f 2654 11351 11338
f 2655 2657 2656
f 2656 2657 2658
f 2657 2662 2658
f 2660 2659 11344
f 2660 11344 2662
f 2678 2661 7361
f 2678 7372 2661
f 2661 8445 7361
f 2661 7372 10035
f 2661 8444 8445
f 2661 10035 8444
f 2664 2663 5252
f 11349 2663 2664
f 2666 2664 11351
f 2664 5252 11351
f 2665 5252 5253
f 2665 11351 5252
f 2665 5253 11337
f 2665 11338 11351
f 5024 2667 2706
f 5034 2706 2667
f 5021 5023 2667
f 5021 2667 5024
f 4941 7349 2668
f 10957 4941 2668
f 10945 2668 7349
f 2669 2670 2671
f 2669 11359 2670
f 2670 11360 2675
f 2670 11359 11360
f 2672 2674 11360
f 2672 11366 2674
f 2672 11325 11357
f 2672 11359 11325
f 2672 11357 11366
f 2672 11360 11359
f 2673 9521 4116
f 11363 2674 2676
f 11368 2676 2674
f 11360 2674 11363
f 11366 11368 2674
f 5254 8104 2675
f 5254 2675 11363
f 11360 11363 2675
f 11363 2676 8188
f 11365 2676 11368
f 2677 2679 8298
f 8754 2679 2677
f 11368 2677 8298
f 11366 8754 2677
f 11366 2677 11368
f 2678 7361 10042
f 2678 7371 7372
f 2679 2680 8298
f 8491 2680 2679
f 8491 2679 5272
f 8754 5272 2679
f 5258 8287 2680
f 5258 2680 8491
f 2680 8287 11379
f 5255 2681 2682
f 11444 2682 2681
f 5452 2681 2683
f 2681 8266 2683
f 5255 8266 2681
f 11444 2681 5452
f 5255 2682 8134
f 2682 11434 8134
f 11442 11434 2682
f 11442 2682 11444
f 5452 2683 5453
f 11373 5453 2683
f 9974 2683 8266
f 11373 2683 9974
f 8365 2684 8287
f 2684 11379 8287
f 8365 11380 2684
f 11374 11376 2684
f 11374 2684 11380
f 11376 11379 2684
f 5461 11375 2685
f 2685 9107 9139
f 5460 11520 2686
f 2687 2688 11380
f 2687 11384 2688
f 8394 2691 2687
f 2687 2691 11384
f 8394 2687 8365
f 2687 11380 8365
f 2689 3789 4873
f 2689 5033 3789
f 2689 5025 5032
f 2689 5032 5033
f 8921 2701 2690
f 2690 2701 11402
f 8921 2690 11384
f 9169 2690 11402
f 5274 2691 2694
f 8394 2694 2691
f 5274 11384 2691
f 2692 8012 2693
f 11385 2692 2693
f 2692 5251 8012
f 2692 8029 5251
f 5271 8029 2692
f 5271 2692 11385
f 5275 2694 2693
f 11385 2693 2694
f 5275 2693 5301
f 5301 2693 8012
f 5259 2694 8394
f 5259 11385 2694
f 5274 2694 5275
f 10004 2695 2699
f 11399 2699 2695
f 5965 7210 2696
f 10287 5965 2696
f 9028 2696 7210
f 9028 9027 2696
f 9030 2696 9027
f 9030 10287 2696
f 2698 2697 11395
f 2698 11398 2697
f 2697 11398 11255
f 2697 11393 11395
f 2698 11396 11398
f 10005 10004 2699
f 11396 2699 11399
f 2700 11398 11396
f 2700 11396 11399
f 11451 2700 11399
f 5297 2702 2701
f 11402 2701 2702
f 5297 2701 5304
f 8921 5304 2701
f 5296 2703 2702
f 2703 11402 2702
f 5296 2702 9273
f 9273 2702 5297
f 5289 5288 2703
f 5288 11402 2703
f 5289 2703 9240
f 5296 9240 2703
f 9610 2704 2705
f 2705 2704 11405
f 2708 11405 2704
f 2708 2704 11410
f 9610 2709 2704
f 2707 9590 2705
f 2707 2705 11407
f 9610 2705 9590
f 2705 11405 11407
f 5024 2706 5025
f 5035 5025 2706
f 2707 11407 2718
f 2707 2718 11429
f 2707 11436 9590
f 2707 11429 11436
f 2708 11410 11424
f 2708 11424 11427
f 5310 2709 5313
f 5310 10750 2709
f 9610 5313 2709
f 9030 2710 7231
f 10880 7231 2710
f 9032 9029 2710
f 9032 2710 9030
f 2714 2711 11413
f 2714 11416 2711
f 2711 11416 10008
f 2711 11412 11413
f 2712 11414 9983
f 2712 11093 11414
f 2713 4930 4937
f 2713 4938 4930
f 2713 4933 4932
f 2713 4932 4938
f 2713 4935 4933
f 2713 4937 4935
f 2714 11413 2715
f 2714 2715 11424
f 2714 11410 11418
f 2714 11424 11410
f 2714 11418 11416
f 2715 2716 11424
f 2716 9982 11426
f 2716 11427 11424
f 2716 11426 11427
f 2732 2717 9013
f 9013 2717 10740
f 2718 11407 2727
f 11437 2718 2727
f 2718 7010 11429
f 11437 7010 2718
f 7011 2719 7010
f 11429 7010 2719
f 7015 2719 7011
f 7015 11433 2719
f 11429 2719 11433
f 2721 2720 9604
f 10742 2720 2721
f 5311 9604 2720
f 5311 2720 9748
f 7017 7016 2721
f 7016 11431 2721
f 7017 2721 9604
f 10742 2721 11431
f 5312 2722 9604
f 5312 11436 2722
f 7017 9604 2722
f 7017 2722 10520
f 2722 11433 10520
f 2722 11436 11433
f 5034 2723 2934
f 5036 2934 2723
f 2724 2725 11437
f 2724 11441 2725
f 2724 2727 2726
f 2724 11437 2727
f 9426 11440 2725
f 11437 2725 11440
f 11406 2726 2727
f 11406 2728 2726
f 11407 11406 2727
f 2729 2728 9995
f 5329 5328 2730
f 5328 9930 2730
f 5329 2730 11309
f 10014 2730 9930
f 9930 2734 2731
f 2731 2734 11454
f 10010 2731 11454
f 2732 7384 7018
f 2732 8325 7384
f 2732 9013 8325
f 11452 2733 5306
f 5306 2733 11454
f 10010 11454 2733
f 11452 11451 2733
f 5305 5308 2734
f 5328 5305 2734
f 2734 5308 11454
f 5328 2734 9930
f 7800 5325 2735
f 2735 5325 11456
f 7940 7800 2735
f 7940 2735 9450
f 9450 2735 9339
f 2735 11456 9339
f 2737 2736 9770
f 2737 11456 2736
f 5320 2736 5324
f 5320 9770 2736
f 5324 2736 5325
f 2736 11456 5325
f 5323 9295 2737
f 5323 2737 9770
f 2737 9295 11457
f 2737 11457 11456
f 2742 2739 2738
f 2742 2738 11460
f 2738 5315 11460
f 2740 2741 5317
f 2740 11460 2741
f 2740 5317 9673
f 2740 9673 11462
f 2740 11462 11460
f 5315 2949 2741
f 2741 2949 9025
f 2741 5314 5317
f 2741 9025 5314
f 5315 2741 11460
f 2742 7443 7440
f 2742 11462 7443
f 2742 11460 11462
f 2743 5318 5331
f 2743 9673 5318
f 2743 5331 9925
f 2743 9925 7443
f 2743 7443 11462
f 2743 11462 9673
f 2744 7441 7442
f 2744 7442 11463
f 2745 5327 9847
f 2745 9925 5327
f 2745 7442 9925
f 2745 11463 7442
f 6909 2747 2746
f 2747 11466 2746
f 6914 6909 2746
f 6913 2746 11466
f 10240 2747 6909
f 2747 11467 11466
f 2748 2750 11470
f 2748 11513 2750
f 9877 2759 2748
f 2759 11513 2748
f 9877 2748 7469
f 2748 11470 7469
f 5349 2749 2806
f 11469 2806 2749
f 5349 5350 2749
f 6930 2749 5350
f 10614 2749 6930
f 10614 11469 2749
f 6928 2752 2750
f 11470 2750 2752
f 6928 2750 11469
f 11513 11469 2750
f 3191 2751 11470
f 11815 2751 3191
f 9879 7469 2751
f 2751 7469 11470
f 3191 2752 6918
f 3191 11470 2752
f 6918 2752 6925
f 6925 2752 6928
f 2753 2755 5366
f 2753 11510 2755
f 2798 2753 5366
f 2798 11509 2753
f 2753 11509 2799
f 2753 2799 11510
f 2754 2757 2755
f 2754 2755 11510
f 5342 2756 2754
f 2754 2756 10132
f 2754 2759 2757
f 2754 10132 2759
f 5342 2754 11510
f 2758 2755 2757
f 5366 2755 2758
f 5342 9883 2756
f 5348 2756 9890
f 5348 10132 2756
f 9890 2756 9883
f 9878 2758 2757
f 9877 2757 2759
f 9878 2757 9877
f 5366 2758 10451
f 2758 7471 7470
f 2758 7470 10451
f 9878 7471 2758
f 2759 10132 11513
f 2765 2762 2760
f 11472 2760 2762
f 11256 2765 2760
f 11472 11473 2760
f 11473 11476 2760
f 2761 3177 5774
f 2761 11806 3177
f 6966 3178 2761
f 2761 3178 11806
f 2761 5774 5775
f 6966 2761 5775
f 2779 2762 2765
f 2780 2762 2779
f 2780 10636 2762
f 10636 11472 2762
f 6384 2763 7425
f 11476 2763 6384
f 7420 7422 2763
f 11473 7420 2763
f 7422 7425 2763
f 11473 2763 11476
f 11478 2764 2794
f 11503 2794 2764
f 11478 11487 2764
f 11486 2764 11487
f 11486 11489 2764
f 11489 11503 2764
f 2779 2765 11478
f 2768 2767 2766
f 2774 2768 2766
f 2774 2766 5359
f 2772 2767 2768
f 6758 2767 2772
f 6758 5195 2767
f 2777 2772 2768
f 11483 2768 2774
f 2777 2768 11483
f 11480 2769 2770
f 2776 11480 2770
f 2776 2770 11482
f 11481 11482 2770
f 6789 2771 5196
f 11481 5196 2771
f 6789 6758 2771
f 11482 2771 6758
f 11481 2771 11482
f 2777 2776 2772
f 2776 11482 2772
f 11482 6758 2772
f 9013 2773 8325
f 9012 2773 9013
f 5361 2774 5359
f 10383 2774 5361
f 10383 11499 2774
f 11499 11483 2774
f 2775 11499 2793
f 2775 2793 11502
f 2775 11489 11483
f 2775 11483 11499
f 2775 11503 11489
f 2775 11502 11503
f 2777 11486 2776
f 2776 11487 11480
f 2776 11486 11487
f 2777 11483 11489
f 2777 11489 11486
f 5036 2778 2934
f 5036 5038 2778
f 5037 2778 5038
f 5037 5040 2778
f 2780 2779 2802
f 2779 2794 2802
f 2779 11478 2794
f 2780 2802 11512
f 2780 2803 10636
f 2780 11512 2803
f 2781 2783 2785
f 2781 11492 2783
f 2781 2785 2790
f 2781 2790 5889
f 2781 5889 11492
f 3240 11494 2782
f 3240 2782 11867
f 2782 11492 5890
f 2782 5890 12114
f 2782 11494 11492
f 2782 12114 11867
f 2783 2787 2785
f 5333 2787 2783
f 5333 2783 9944
f 11494 9944 2783
f 11492 11494 2783
f 3240 7446 2784
f 3240 2784 11494
f 5334 5332 2784
f 5332 9944 2784
f 5334 2784 7446
f 11494 2784 9944
f 2787 2795 2785
f 2785 2788 2790
f 2785 2795 2788
f 2844 4896 2786
f 2844 2786 4897
f 2786 4896 4895
f 7298 2786 4895
f 7298 4897 2786
f 2787 11507 2795
f 5333 11506 2787
f 2787 11506 11507
f 2788 11497 2790
f 2788 2792 11497
f 2788 11498 2792
f 2788 2795 11498
f 2792 5363 2789
f 11497 2792 2789
f 2789 5357 5358
f 2789 5364 5357
f 11497 2789 5358
f 2789 5363 5364
f 5889 2790 10358
f 10358 2790 11497
f 2940 7104 2791
f 2791 7104 8236
f 2791 8236 8152
f 2791 8152 8246
f 2793 5363 2792
f 11498 2793 2792
f 2793 11499 5363
f 11498 11502 2793
f 11500 2802 2794
f 11500 2794 11503
f 11511 2801 2796
f 11512 2796 2801
f 11500 2796 2802
f 2802 2796 11512
f 9999 2800 2797
f 11511 2797 2800
f 5336 9999 2797
f 5336 2797 11506
f 11506 2797 11507
f 11507 2797 11511
f 2798 9980 5338
f 2798 5338 11509
f 2798 5366 10451
f 2798 10451 9980
f 10006 5341 2799
f 10021 2799 5341
f 10006 2799 11509
f 10021 11510 2799
f 2801 2800 5365
f 11511 2800 2801
f 9980 5365 2800
f 9999 9980 2800
f 2804 2801 10429
f 2804 11512 2801
f 2801 5365 10429
f 2805 2803 2804
f 2804 2803 11512
f 2805 10635 2803
f 10635 10636 2803
f 2805 2804 10429
f 9872 7467 2805
f 2805 7467 10635
f 9872 2805 10429
f 5348 5349 2806
f 5348 2806 10132
f 11513 10132 2806
f 11513 2806 11469
f 10024 11515 2807
f 3819 2809 3247
f 3247 2809 3820
f 7995 2809 3819
f 7996 3820 2809
f 7995 7994 2809
f 7994 7996 2809
f 2837 2836 2810
f 2838 2810 2836
f 11518 2837 2810
f 10619 2810 2838
f 11518 2810 10619
f 5582 5368 2811
f 5582 2811 11518
f 5384 3063 2812
f 5581 2812 3063
f 5384 2812 5383
f 5383 2812 10619
f 5582 2812 5581
f 5582 10619 2812
f 2813 2814 2817
f 10094 2814 2813
f 2813 2817 2820
f 2813 2820 11521
f 9003 2818 9002
f 9004 9002 2818
f 9008 2818 9003
f 9009 9004 2818
f 9009 2818 9008
f 11521 2820 2819
f 11521 2819 11300
f 5375 2821 2822
f 11522 10039 2821
f 5375 2822 5376
f 5376 2822 5377
f 5377 2822 10574
f 2827 2825 2826
f 2828 2826 2825
f 5374 2825 2827
f 2828 2825 5379
f 5374 5373 2825
f 5373 5379 2825
f 11525 2827 2826
f 11525 2826 11549
f 11526 2827 11525
f 2828 5379 5380
f 11529 2828 5380
f 2829 2832 2830
f 2830 2832 2831
f 11531 2830 2831
f 11531 11528 2830
f 2831 2832 2833
f 5382 2831 2833
f 5382 11533 2831
f 11533 11531 2831
f 11744 2833 2832
f 3063 2833 3062
f 11744 3062 2833
f 5384 2833 3063
f 5384 5382 2833
f 11537 2837 2834
f 11537 2836 2837
f 2838 2836 9441
f 10619 2838 2839
f 5383 10619 2839
f 5383 2839 11539
f 2842 5412 2840
f 2842 2840 11541
f 2840 5412 5418
f 2840 5418 10049
f 2841 11540 2842
f 11556 2841 2842
f 11556 11544 2841
f 2842 11540 5412
f 11556 2842 11541
f 11546 2843 2846
f 11552 2846 2843
f 2843 11543 11545
f 11546 11543 2843
f 11544 2843 11545
f 11552 2843 11544
f 2844 4931 4896
f 2844 4897 4930
f 2844 4930 4938
f 2844 4938 4931
f 11525 11549 2845
f 11546 2845 11543
f 10044 11546 2846
f 11552 10046 2846
f 11556 11541 2847
f 11557 2847 11541
f 11552 11544 2847
f 11556 2847 11544
f 10047 11557 2848
f 5401 10757 2849
f 10142 2849 10757
f 5404 2894 2850
f 11728 2850 2894
f 5404 2850 10758
f 10758 2850 10757
f 2856 2851 2853
f 2853 2851 11559
f 2856 11595 2851
f 2851 2911 11559
f 2851 11595 2911
f 2853 11559 2852
f 2852 11559 2896
f 2852 10891 11560
f 2856 2853 11582
f 11619 2855 2854
f 2854 10919 5423
f 2854 5423 11621
f 11619 2854 11621
f 11577 11562 2855
f 11578 11577 2855
f 11578 2855 11619
f 2856 11582 11563
f 2859 2857 2858
f 2858 2857 6972
f 2859 11648 2857
f 2863 2857 2861
f 2861 2857 11564
f 2863 6972 2857
f 2857 11648 11564
f 2859 2858 7545
f 2858 6974 4334
f 2858 4334 7545
f 2858 6972 6974
f 2859 9792 2973
f 2859 2973 11648
f 2859 7545 9792
f 10692 2861 2860
f 2860 2861 11564
f 2975 2865 2860
f 11565 2860 2865
f 2975 2860 11564
f 10692 2860 11565
f 2866 2863 2861
f 10692 2866 2861
f 2974 2978 2862
f 2974 2862 11648
f 2975 2862 2978
f 2975 11564 2862
f 2862 11564 11648
f 2866 2867 2863
f 2867 4342 2863
f 2863 4342 6972
f 7473 5386 2864
f 10692 2864 5386
f 7473 2864 5395
f 5395 2864 10736
f 10692 11565 2864
f 11565 10736 2864
f 2975 11650 2865
f 2976 5394 2865
f 2976 2865 11650
f 5394 11565 2865
f 2866 11566 2867
f 10692 5386 2866
f 5386 11566 2866
f 2867 2869 4340
f 2867 11566 2869
f 2867 4340 4342
f 5385 2868 5386
f 5385 11039 2868
f 5386 2868 11566
f 11039 5433 2868
f 11065 2868 5433
f 11065 11566 2868
f 2869 4343 4340
f 8540 4343 2869
f 8540 2869 11065
f 11065 2869 11566
f 11657 2870 2871
f 2880 2878 2871
f 11575 2871 2878
f 11657 2871 11575
f 2877 5389 2872
f 11573 2877 2872
f 5390 2872 5389
f 5390 11568 2872
f 11571 2872 11568
f 11573 2872 11571
f 10716 2977 2873
f 2873 2977 11652
f 2873 10068 11569
f 10716 2873 11569
f 5586 3170 2874
f 11802 2874 3170
f 5586 2874 4990
f 5777 4990 2874
f 5776 5777 2874
f 5776 2874 11802
f 2979 2875 2980
f 2979 11575 2875
f 2875 11571 2980
f 11573 11571 2875
f 11573 2875 11574
f 11574 2875 11575
f 5391 2877 2876
f 11573 2876 2877
f 10729 2876 2881
f 11574 2881 2876
f 10729 5391 2876
f 11573 11574 2876
f 5392 5389 2877
f 5391 5392 2877
f 2880 2879 2878
f 2881 2878 2879
f 11574 2878 2881
f 11574 11575 2878
f 11585 2881 2879
f 2890 11585 2879
f 10729 2881 11585
f 2882 11562 11577
f 2882 11582 11562
f 2882 11581 11563
f 2882 11563 11582
f 2882 11577 11579
f 2882 11579 11581
f 2883 11578 2884
f 2883 2884 11584
f 5400 5399 2883
f 2883 5399 11579
f 5400 2883 10743
f 11584 10743 2883
f 2883 11579 11578
f 2927 10712 2884
f 11619 2927 2884
f 11584 2884 10712
f 11578 11619 2884
f 5402 2885 5399
f 5399 2885 11581
f 5402 5401 2885
f 10743 2887 2886
f 10788 2886 2887
f 2892 10772 2886
f 10788 2892 2886
f 10743 2886 10772
f 10708 2887 2888
f 2888 2887 11584
f 10788 2887 10708
f 10743 11584 2887
f 5387 5388 2888
f 5387 2888 11584
f 5388 10708 2888
f 2890 5405 2889
f 2890 2889 11585
f 5388 7479 2889
f 5388 2889 10708
f 10708 2889 5405
f 2889 7479 11585
f 2893 5405 2890
f 2892 11587 2891
f 2892 2891 11588
f 2891 3056 11588
f 2891 11733 3056
f 2891 11587 11590
f 2891 11590 11733
f 2892 11588 10772
f 10788 11587 2892
f 2893 11587 5405
f 2893 11590 11587
f 2894 11588 3048
f 11728 2894 3048
f 5404 10772 2894
f 2894 10772 11588
f 2895 11603 2910
f 2895 10599 11592
f 2895 11592 11603
f 2896 11559 11603
f 2896 11592 11593
f 2896 11603 11592
f 2897 2900 2898
f 2897 2899 2900
f 2897 2901 2899
f 2897 6919 2901
f 2898 2900 2902
f 5414 2898 2902
f 11594 2900 2899
f 5408 2899 2901
f 5408 2905 2899
f 11594 2899 2905
f 11594 2902 2900
f 5408 2901 6923
f 10623 2901 6919
f 10623 6923 2901
f 5416 2902 2903
f 11594 2903 2902
f 5414 2902 5415
f 5415 2902 5416
f 2903 2905 2907
f 11594 2905 2903
f 11598 2903 2907
f 5416 2903 11598
f 2904 5418 5417
f 2904 5417 5420
f 2904 5420 5419
f 2904 5419 11595
f 2905 2906 2907
f 10818 2906 2905
f 10818 2905 5408
f 11597 2907 2906
f 10829 10550 2906
f 10818 10829 2906
f 11597 2908 2907
f 11598 2907 2908
f 10549 2908 11597
f 11598 2908 11599
f 5416 2909 5420
f 5416 11598 2909
f 2909 5419 5420
f 2909 11600 5419
f 11598 11599 2909
f 2909 11599 11600
f 2910 11600 11599
f 2910 11603 11600
f 2911 11595 5419
f 2911 5419 11600
f 2911 11603 11559
f 2911 11600 11603
f 4927 7300 2912
f 4927 2912 9739
f 7300 8437 2912
f 7301 2912 8437
f 2913 5422 5421
f 2913 5421 10891
f 9855 5422 2913
f 2914 11605 2925
f 2914 2925 11616
f 2914 10896 7488
f 2914 7488 11605
f 2914 11616 10896
f 2915 2916 11605
f 2915 11611 2916
f 2915 7488 9843
f 2915 11605 7488
f 2915 9843 11614
f 2915 11614 11611
f 2916 7474 11605
f 2916 11613 7474
f 2916 11611 11613
f 2919 2917 11606
f 11608 2917 2919
f 10997 2917 5431
f 11608 5431 2917
f 10997 10953 2917
f 10953 11606 2917
f 10991 2918 5428
f 11606 5428 2918
f 10991 5432 2918
f 11032 2918 5432
f 11615 2918 11032
f 11606 2918 11615
f 2919 2922 11609
f 2919 11615 2922
f 2919 11606 11615
f 11608 2919 11609
f 11608 2920 2921
f 2921 2920 11639
f 2920 7483 7484
f 2920 11609 7483
f 2920 7484 11639
f 11608 11609 2920
f 2921 2956 2959
f 2921 11639 2956
f 2921 2959 5431
f 11608 2921 5431
f 11609 2922 11614
f 11612 11614 2922
f 11612 2922 11615
f 7472 2923 11039
f 7472 11613 2923
f 11032 11039 2923
f 11612 11032 2923
f 11611 11612 2923
f 11613 11611 2923
f 2924 10712 2927
f 2924 2927 11621
f 2924 11618 10712
f 2924 10896 11616
f 2924 11621 10896
f 2924 11616 11618
f 2925 7477 2926
f 2925 2926 11616
f 2925 7474 7477
f 2925 11605 7474
f 2926 7477 7478
f 2926 7478 9866
f 2926 9866 11618
f 2926 11618 11616
f 11619 11621 2927
f 2928 2939 3689
f 2928 4926 2939
f 11353 2928 3689
f 10095 4926 2928
f 10095 2928 6339
f 11353 6339 2928
f 11622 2929 2930
f 5642 2929 8556
f 2932 2931 2938
f 9954 10093 2931
f 2932 2938 2942
f 2937 2936 2933
f 6840 2935 6839
f 6839 2935 10721
f 6840 8251 2935
f 6841 2935 8998
f 6841 10721 2935
f 8251 8999 2935
f 8998 2935 8999
f 2937 7465 2936
f 2939 3687 3688
f 2939 4925 3687
f 2939 3688 3689
f 10089 4925 2939
f 10089 2939 4926
f 2940 7119 4732
f 10445 2940 4732
f 10445 7104 2940
f 10055 2945 2943
f 11629 2943 2945
f 2947 8560 2945
f 10055 2947 2945
f 8555 2945 8560
f 11629 2945 8555
f 2946 2952 3692
f 2946 4922 2952
f 2946 3011 4922
f 2946 4923 3011
f 2946 3692 7325
f 2946 7325 4923
f 5484 2947 5482
f 5484 8560 2947
f 5479 5477 2948
f 11633 2948 5477
f 5479 2948 9060
f 2948 9062 9060
f 11632 9062 2948
f 11633 11632 2948
f 5315 2950 2949
f 2950 11634 2949
f 2950 2951 11634
f 11636 2951 7497
f 2951 11896 7497
f 11636 11634 2951
f 3693 2952 2955
f 4922 2955 2952
f 3692 2952 5257
f 3693 5257 2952
f 6904 2953 2954
f 11641 2954 2953
f 6904 6903 2953
f 6903 8579 2953
f 8567 2953 8579
f 8567 11641 2953
f 4252 11246 2954
f 4252 2954 11641
f 6904 2954 11257
f 11257 2954 11246
f 2955 2988 4915
f 4922 2988 2955
f 3693 2955 4914
f 2955 4915 4914
f 11638 2956 2957
f 2956 11639 2957
f 2956 4253 2959
f 11638 4253 2956
f 4247 2957 9851
f 4247 11638 2957
f 7486 2957 7484
f 2957 11639 7484
f 9851 2957 7486
f 3249 3825 2958
f 9526 3249 2958
f 3825 5839 2958
f 5839 5840 2958
f 5848 2958 5840
f 9526 2958 5848
f 2959 4248 4250
f 2959 4253 4248
f 2959 4250 5431
f 2960 2961 11282
f 11641 2961 2960
f 2960 4248 4253
f 2960 11282 4248
f 4252 2960 4253
f 4252 11641 2960
f 5589 2961 8571
f 5589 11282 2961
f 5601 8571 2961
f 11641 5601 2961
f 5530 2962 2963
f 2962 11645 2963
f 5530 2964 2962
f 5532 2962 2964
f 5532 7739 2962
f 7739 11645 2962
f 5530 2963 8686
f 2963 9785 8686
f 5757 2964 5530
f 5532 2964 5533
f 5533 2964 5534
f 5757 5534 2964
f 7739 8268 2965
f 7739 2965 11645
f 7868 7901 2965
f 8268 7868 2965
f 7901 11647 2965
f 11645 2965 11647
f 2966 5541 4810
f 7901 5541 2966
f 7901 2966 11647
f 5520 2968 2967
f 9671 2967 2968
f 2969 5523 2967
f 2969 2967 9671
f 5520 2967 5521
f 5521 2967 5523
f 5508 5512 2968
f 5508 2968 5519
f 5512 9671 2968
f 5519 2968 5520
f 5515 2969 9671
f 5515 9776 2969
f 5516 5523 2969
f 5516 2969 9776
f 2970 8641 2971
f 2970 8628 8635
f 2970 8635 8641
f 5517 2971 7553
f 7554 7553 2971
f 7554 2971 8641
f 10675 2972 6834
f 2972 10724 6834
f 10675 10680 2972
f 2972 10680 10684
f 2972 10684 10724
f 7549 2974 2973
f 2974 11648 2973
f 7549 2973 9792
f 2975 2978 11650
f 5390 5389 2976
f 2976 5389 5394
f 5390 2976 10716
f 2976 11650 10716
f 2978 2977 11650
f 2978 11651 2977
f 11650 2977 10716
f 2977 11651 11652
f 2979 2980 3033
f 2979 3033 11707
f 2979 11657 11575
f 2979 11707 11657
f 11658 2983 2981
f 11658 2981 2984
f 3097 3000 2981
f 2983 2982 5570
f 11658 2982 2983
f 11658 2985 2982
f 2985 11659 2982
f 3452 2983 5570
f 2986 11661 2984
f 11658 2984 11661
f 2985 10109 11659
f 11658 11661 2985
f 2986 11663 2987
f 2986 2987 11665
f 2986 11665 11661
f 11663 10071 2987
f 2987 11667 11665
f 4921 2988 3003
f 4922 3003 2988
f 4921 4915 2988
f 2990 2991 2989
f 2990 2989 11670
f 2989 2991 11672
f 2989 11672 2997
f 2990 3008 2991
f 2990 3012 3008
f 2990 11691 3012
f 2990 11670 11687
f 2990 11687 11691
f 2991 2996 2993
f 2991 2993 11672
f 3008 2996 2991
f 2992 3019 8994
f 2992 8995 6834
f 2992 6834 10724
f 8995 2992 8994
f 2994 2993 2996
f 2993 2994 11674
f 2993 2998 11672
f 2993 11674 2998
f 2994 3020 2995
f 2994 2995 11674
f 11696 2995 3020
f 11695 2995 11696
f 3008 3009 2996
f 9817 2998 11675
f 11675 2998 11674
f 3002 2999 5537
f 11677 2999 3002
f 11684 5537 2999
f 11677 11676 2999
f 3097 5551 3000
f 3000 5551 5553
f 5036 3001 5038
f 5038 3001 7664
f 3004 3002 5538
f 11678 3002 3004
f 3002 5537 5538
f 11678 11677 3002
f 4922 3011 3003
f 4921 3003 4917
f 3018 3004 3016
f 3016 3004 5538
f 3024 3004 3018
f 11678 3004 3024
f 6842 6841 3005
f 6841 8996 3005
f 6863 6842 3005
f 6863 3005 8994
f 8994 3005 8995
f 8995 3005 8996
f 11682 5537 3006
f 11684 3006 5537
f 9649 11682 3006
f 3702 3007 4088
f 3702 11254 3007
f 3007 11254 6429
f 3008 11685 3009
f 3008 3012 11685
f 3010 11685 3012
f 3010 3012 11691
f 3010 3014 7559
f 3010 11690 3014
f 3010 7559 11692
f 3010 11692 11685
f 3010 11691 11690
f 10940 3011 4923
f 7391 3013 11689
f 7391 11690 3013
f 3013 11691 11687
f 3013 11690 11691
f 5240 3014 7506
f 5240 7559 3014
f 3014 11690 7506
f 3017 3016 3015
f 11693 3015 3016
f 11696 3017 3015
f 11693 10082 3015
f 11695 3015 10082
f 11695 11696 3015
f 3018 3016 3017
f 11693 3016 5538
f 3023 3018 3017
f 3024 3018 3023
f 3019 6848 6847
f 8994 3019 6847
f 8992 6848 3019
f 8223 6778 3021
f 3021 6778 8990
f 8223 3021 8184
f 3021 10790 8184
f 3021 8990 10790
f 3022 4911 3049
f 10146 3022 3049
f 3400 4911 3022
f 3400 3022 6324
f 3022 4912 6324
f 10146 4912 3022
f 3025 3024 3023
f 11716 3038 3025
f 11716 3026 11718
f 3041 11720 3027
f 11718 3027 11720
f 3765 3028 3045
f 3028 11700 3045
f 3765 5571 3028
f 3028 5571 11701
f 3028 11701 11700
f 3030 4623 4621
f 11702 3030 4621
f 3030 11704 4623
f 3030 11702 10108
f 10108 11703 3030
f 3030 11703 11704
f 3031 4834 4608
f 3031 4608 4836
f 3031 4621 4834
f 3031 11702 4621
f 3031 4836 10107
f 3031 10107 11702
f 3032 11707 11705
f 11707 3033 11705
f 10067 11714 3035
f 3035 11714 10110
f 4533 4834 3036
f 4533 3036 5539
f 4621 3036 4834
f 3037 10110 11714
f 11716 3039 3038
f 11716 11718 3039
f 3039 11718 11720
f 3040 3090 4084
f 3040 4087 3090
f 3040 4071 4087
f 3040 6748 4071
f 3040 4084 6752
f 3040 6752 6748
f 10127 10125 3043
f 3765 3045 3044
f 3044 3045 11723
f 3044 3046 3047
f 3044 11725 3046
f 3904 3044 3047
f 3765 3044 3904
f 3044 11723 11725
f 3046 5822 3047
f 5438 3046 5578
f 5438 5822 3046
f 3046 11725 5578
f 3904 3047 5574
f 5579 5574 3047
f 5579 3047 5822
f 11588 11730 3048
f 11727 11728 3048
f 11727 3048 11730
f 10124 3049 3622
f 10135 3622 3049
f 10135 3049 4911
f 10146 3049 10124
f 3051 3050 11733
f 3056 3050 3053
f 3056 11733 3050
f 3055 3051 11733
f 3056 3053 11730
f 3058 3057 3053
f 3057 11730 3053
f 3054 6761 6757
f 3054 8988 6761
f 3054 6763 8180
f 3054 8180 8988
f 11590 3055 11733
f 11588 3056 11730
f 10147 3057 3058
f 10147 3059 3057
f 11727 3057 3059
f 11727 11730 3057
f 11740 3060 3061
f 10141 11740 3061
f 11748 3063 3062
f 11744 3064 3062
f 11746 3062 3064
f 11748 3062 11746
f 5581 3063 11748
f 5581 3065 5368
f 5368 3065 10145
f 5581 11748 3065
f 10145 3065 10148
f 11748 11746 3065
f 3070 8658 3066
f 11752 3070 3066
f 8658 5598 3066
f 3066 5598 11749
f 11755 3066 11749
f 11752 3066 11755
f 5893 9766 3067
f 5893 3067 11750
f 9732 3067 7563
f 3067 9766 7563
f 9732 7595 3067
f 7595 11750 3067
f 9733 3068 11750
f 9733 11756 3068
f 3068 11749 11750
f 11755 11749 3068
f 11755 3068 11756
f 6685 3069 5603
f 11751 5603 3069
f 6912 5611 3069
f 5611 7468 3069
f 6912 3069 6685
f 11751 3069 7468
f 5672 3070 3071
f 11752 3071 3070
f 5672 10221 3070
f 3070 10221 8658
f 9076 3071 3072
f 11753 3072 3071
f 9076 5672 3071
f 11752 11753 3071
f 3072 3075 7603
f 11754 3075 3072
f 9076 3072 7603
f 11753 11754 3072
f 8662 5210 3073
f 11753 3073 5210
f 8662 3073 11756
f 11752 3073 11753
f 11752 11755 3073
f 11755 11756 3073
f 3074 5211 3077
f 11757 3074 3077
f 3074 5210 5211
f 11753 5210 3074
f 11753 3074 11754
f 11754 3074 11757
f 9725 7603 3075
f 9725 3075 9876
f 11757 9876 3075
f 11754 11757 3075
f 11757 3077 3076
f 11758 3076 3077
f 3076 3078 10051
f 11758 3078 3076
f 9876 3076 10051
f 11757 3076 9876
f 3077 5211 9744
f 11758 3077 9744
f 7518 5613 3078
f 3078 5613 10051
f 7518 3078 11758
f 3345 3344 3079
f 11942 3079 3344
f 3345 3079 11939
f 6050 3079 5599
f 11942 5599 3079
f 6050 11939 3079
f 5666 3081 3080
f 6050 3080 3081
f 5666 3080 8683
f 5670 3080 5671
f 5670 8683 3080
f 6050 5671 3080
f 5663 5664 3081
f 5663 3081 5666
f 5664 11939 3081
f 6050 3081 11939
f 10897 10309 3082
f 10897 3082 11759
f 11180 3083 3195
f 3195 3083 11759
f 5804 3083 5805
f 5804 10897 3083
f 5805 3083 11180
f 3083 10897 11759
f 3228 3086 3085
f 3087 3088 3085
f 3234 3227 3086
f 3234 3086 3228
f 11762 3088 3087
f 10156 11762 3087
f 3972 5681 3089
f 8463 3972 3089
f 5681 11763 3089
f 4084 3090 4085
f 4085 3090 6744
f 4086 3090 4087
f 4086 6744 3090
f 3092 11766 3091
f 11768 3092 3091
f 3091 11767 4012
f 3091 11766 11767
f 11071 3092 5681
f 5681 3092 11768
f 11071 6618 3092
f 3092 6618 11766
f 3093 5695 3101
f 3093 3101 11771
f 3093 10572 5695
f 3093 11769 10572
f 5050 3094 4055
f 8978 4055 3094
f 5050 8977 3094
f 6714 6717 3094
f 6714 3094 8977
f 6717 8978 3094
f 5591 3095 3103
f 5592 3103 3095
f 5591 11769 3095
f 3099 3096 5696
f 3099 11777 3096
f 3096 3101 5696
f 3096 11771 3101
f 8090 11771 3096
f 11852 8090 3096
f 11777 11852 3096
f 3097 5555 5551
f 3098 3099 7609
f 3098 11777 3099
f 3098 3224 11777
f 3098 11854 3224
f 3098 7609 7605
f 3099 5696 7611
f 3099 7611 7609
f 3100 3356 11778
f 3100 11897 3356
f 3100 7608 7607
f 3100 7607 11897
f 3101 5695 5697
f 3101 5697 5696
f 3102 3669 4059
f 3102 4086 3669
f 3102 4059 3817
f 4833 3102 3817
f 3102 4064 4086
f 4833 4064 3102
f 5591 3103 3104
f 3103 5596 3104
f 5592 5593 3103
f 5593 5596 3103
f 5591 3104 10572
f 9752 3104 5596
f 7614 3104 9752
f 7614 10572 3104
f 7589 3113 3105
f 3390 3106 3395
f 7306 3106 3390
f 11989 3395 3106
f 3106 4910 4909
f 11989 3106 4909
f 7306 4910 3106
f 3107 5042 3196
f 3107 5041 10537
f 3107 10537 5042
f 7589 5766 3108
f 3108 5766 11876
f 3108 5768 9674
f 3108 11876 5768
f 7589 3108 5770
f 3108 9674 5770
f 3111 5744 3109
f 3109 5744 5740
f 3111 3110 5733
f 3113 3112 3110
f 3112 5733 3110
f 3111 5733 5732
f 3111 5732 5744
f 3113 5771 3112
f 3112 5731 5733
f 7621 5731 3112
f 7621 3112 5771
f 7589 5771 3113
f 3116 3114 3115
f 3115 3114 3137
f 3117 3114 3116
f 3117 9193 3114
f 3114 9198 3137
f 3114 9193 9198
f 3135 3116 3115
f 3144 3135 3115
f 3115 3137 3138
f 3144 3115 3138
f 3122 3117 3116
f 3132 3122 3116
f 3135 3132 3116
f 3118 8935 4030
f 3118 4030 8947
f 3118 8937 8935
f 3118 8950 8937
f 3118 8947 8948
f 3118 8948 8950
f 5505 11784 3119
f 5505 3119 12143
f 11783 11782 3119
f 11782 12139 3119
f 11784 11783 3119
f 3119 12139 12143
f 3124 3120 3122
f 3120 11782 11783
f 3121 4030 8935
f 3121 4033 4031
f 3121 8936 4033
f 3121 8935 8936
f 3124 3122 3123
f 3132 3123 3122
f 3754 3125 4876
f 10931 4876 3125
f 3125 5044 5043
f 3131 3127 3126
f 3131 3126 3129
f 3135 3129 3126
f 3135 3126 3132
f 3131 11787 3127
f 3133 3128 8933
f 8934 3128 3133
f 8933 3128 6745
f 10855 6745 3128
f 6746 3128 8934
f 6746 10855 3128
f 3131 3129 11786
f 3144 3129 3135
f 3145 3142 3129
f 3142 11786 3129
f 3145 3129 3144
f 10119 3616 3130
f 12185 3130 3616
f 7303 3130 4908
f 12185 4908 3130
f 7303 7314 3130
f 10119 3130 7314
f 11794 3131 11786
f 11794 11787 3131
f 8168 3133 8163
f 8932 8163 3133
f 8168 8934 3133
f 8932 3133 8933
f 3136 6544 3134
f 8922 3136 3134
f 6544 7825 3134
f 9396 3134 7825
f 8922 3134 7828
f 9396 7828 3134
f 3136 3895 6545
f 8922 3895 3136
f 3136 11147 6544
f 3136 6545 11147
f 3137 5717 3138
f 3137 9197 5717
f 3137 9198 9197
f 3138 3139 3140
f 3138 5717 3139
f 3144 3138 3140
f 10871 3140 3139
f 3139 5717 5718
f 10803 3139 5718
f 10803 10871 3139
f 3145 3144 3140
f 3145 3140 9688
f 9688 3140 10871
f 3612 4907 3141
f 3612 3141 12184
f 12184 3141 3615
f 12185 3615 3141
f 4907 4908 3141
f 12185 3141 4908
f 3145 9688 3142
f 3142 5756 5768
f 3142 9688 5756
f 3142 5768 11786
f 4906 3143 3181
f 4907 3181 3143
f 11372 3143 4906
f 4907 3143 4908
f 7303 4908 3143
f 7303 3143 11372
f 3148 4231 10173
f 8908 3149 8906
f 8908 9504 3149
f 3150 5761 3151
f 3150 3151 9563
f 3150 11790 5761
f 3150 10176 11790
f 3151 5761 5760
f 3152 5762 3153
f 3153 10180 3152
f 3152 5767 5762
f 3152 11795 5767
f 3153 5762 5763
f 3154 4884 4885
f 3154 5043 5044
f 3155 11787 11794
f 3155 11794 11966
f 3155 11966 11795
f 5495 3156 5497
f 5495 10659 3156
f 5497 3156 8537
f 3157 3168 3158
f 3157 3169 3168
f 3158 3165 3163
f 3158 3163 8234
f 3158 3168 3165
f 3159 3161 7977
f 3159 11799 3161
f 8235 3159 7977
f 7980 3159 8235
f 10172 3159 7980
f 10172 11799 3159
f 3160 8233 3162
f 3160 7980 8233
f 3161 8237 7977
f 3161 8231 8240
f 3161 8240 8237
f 3162 8233 3163
f 3163 8233 8234
f 3164 3165 3167
f 3164 3167 5503
f 3165 3168 3167
f 3167 3168 3166
f 3167 3166 5502
f 3168 11801 3166
f 11801 5989 3166
f 3167 5502 5503
f 3168 3169 11801
f 3169 5779 11801
f 3169 11802 5779
f 5779 11802 3170
f 3171 3420 5045
f 3171 5045 9753
f 3172 3173 5512
f 3172 11803 3173
f 3172 5512 5508
f 3172 5508 12057
f 3172 12172 11803
f 3172 12057 12172
f 5500 5513 3173
f 5500 3173 12090
f 3173 5513 5512
f 3180 3174 11811
f 8612 8620 3174
f 8613 3174 8620
f 8613 11811 3174
f 4928 3175 3919
f 10894 3919 3175
f 4085 3175 4056
f 4928 4056 3175
f 4085 6744 3175
f 10894 3175 6744
f 5777 3177 3176
f 3177 11806 3176
f 3394 3176 3184
f 3394 5777 3176
f 5774 3177 5776
f 5776 3177 5777
f 6966 6968 3178
f 3180 3179 11807
f 3184 3180 11811
f 3187 4904 3181
f 4907 3187 3181
f 4901 3181 4904
f 4901 4905 3181
f 4905 4906 3181
f 3394 3184 3182
f 3184 11811 3182
f 8631 3394 3182
f 8631 3182 5544
f 5544 3182 11811
f 5586 4990 3183
f 8631 3183 4990
f 8630 5586 3183
f 8631 8614 3183
f 8633 3183 8614
f 8630 3183 8633
f 3185 6917 6924
f 10631 6917 3185
f 3185 6924 6922
f 3185 6922 11812
f 11813 10631 3185
f 11813 3185 11812
f 3186 6922 6927
f 3186 11812 6922
f 3186 6927 6923
f 10623 3186 6923
f 10623 10622 3186
f 3186 10622 11812
f 3612 3614 3187
f 3612 3187 4907
f 3614 4904 3187
f 3188 6907 6910
f 3188 8514 6907
f 3188 6910 6916
f 3188 6916 10631
f 11813 8514 3188
f 11813 3188 10631
f 3189 6527 8901
f 3189 8907 6527
f 3189 8901 8909
f 3189 8906 8907
f 3189 8908 8906
f 3189 8909 8908
f 3203 3190 5045
f 3203 10744 3190
f 3190 9753 5045
f 10625 3191 6918
f 10625 11815 3191
f 3522 12091 3192
f 3522 3192 12092
f 11988 3192 5978
f 5978 3192 12091
f 11988 11817 3192
f 11817 12092 3192
f 3499 11818 3193
f 11965 3499 3193
f 3193 5979 5981
f 11965 3193 5981
f 11817 11818 3194
f 11817 3194 12092
f 3194 11818 12070
f 3194 12070 12075
f 3194 12075 12092
f 11180 3195 11822
f 3195 11759 11820
f 3195 11820 11822
f 7655 3196 5042
f 11821 3196 7655
f 11821 11820 3196
f 3197 7656 7657
f 3197 11821 7656
f 3197 7658 11465
f 3197 11465 11822
f 3197 11822 11821
f 3198 3260 3261
f 3198 12034 3260
f 3198 3261 11885
f 3198 5793 7722
f 3198 11885 5793
f 3198 7722 12034
f 3199 9534 3204
f 3199 3204 11823
f 3199 7722 5796
f 3199 5796 9534
f 3199 12034 7722
f 3199 11823 12034
f 7646 3200 3201
f 11825 3200 7646
f 11826 10265 3200
f 11826 3200 11825
f 7647 7646 3201
f 7647 3201 7649
f 7650 7649 3202
f 7670 7650 3202
f 7670 3202 11827
f 11827 3202 10203
f 3203 5049 3407
f 3203 5045 5049
f 3204 9534 11828
f 3204 11828 11829
f 3205 9641 3206
f 3205 3206 11828
f 3205 3207 9641
f 3205 11831 3207
f 3205 11828 9534
f 3205 9534 11831
f 3206 7660 7659
f 3206 7659 11830
f 3206 9641 7660
f 3206 11830 11828
f 3207 7657 9641
f 3208 3209 11832
f 3208 11832 5825
f 3209 5830 3210
f 3209 3210 11832
f 3209 3213 5830
f 3211 3210 5829
f 3211 11832 3210
f 3210 5828 5829
f 3210 5830 5828
f 5821 3212 3211
f 3212 11832 3211
f 3221 5821 3211
f 3221 3211 5829
f 5821 11514 3212
f 5824 5825 3212
f 5824 3212 11514
f 3212 5825 11832
f 5794 8146 3213
f 9371 5794 3213
f 5795 5830 3213
f 5795 3213 8146
f 3219 11837 3214
f 3219 3214 11839
f 11837 10215 3214
f 11839 3214 11835
f 11835 10213 3215
f 3216 5850 5852
f 10200 5850 3216
f 3216 5852 11848
f 3216 11848 11839
f 5834 5832 3217
f 5832 9488 3217
f 7747 5834 3217
f 7747 3217 5975
f 11841 5975 3217
f 11841 3217 9488
f 3222 3218 11843
f 3222 11846 3218
f 10198 3218 11846
f 3220 11843 3219
f 3220 3219 11848
f 3219 11843 11837
f 3219 11839 11848
f 3222 3220 9632
f 3222 11843 3220
f 3220 7622 9632
f 7622 3220 11848
f 3223 10084 3221
f 3223 3221 11850
f 3221 10084 5821
f 3221 5829 11850
f 3222 11805 9631
f 3222 9631 11846
f 3222 9632 11805
f 3223 9631 5861
f 3223 5861 11668
f 3223 11850 9631
f 3223 11668 10084
f 11852 3224 11015
f 11854 11015 3224
f 11777 3224 11852
f 3306 3225 10202
f 3226 5351 10338
f 3226 10358 5351
f 3226 5890 5889
f 3226 5889 10358
f 3226 5891 5890
f 3226 10338 5891
f 3234 11863 3227
f 3233 3234 3228
f 3231 3230 3229
f 5810 3231 3229
f 5810 3229 11369
f 3231 3232 3230
f 3233 3230 3232
f 3231 5842 3232
f 5810 4462 3231
f 3231 4462 5842
f 3233 3232 3235
f 3232 11862 3235
f 3232 5842 5841
f 3232 5841 11862
f 3233 3235 3234
f 11863 3234 3235
f 3235 11862 3237
f 3235 3237 11863
f 3236 5838 3834
f 3236 3834 9874
f 3236 5841 5838
f 3236 11862 5841
f 3236 9874 11866
f 3236 11866 11862
f 3237 5894 11863
f 3237 11872 5894
f 3237 11862 11866
f 3237 11866 11872
f 3238 3241 9960
f 3238 11875 3241
f 3238 9960 5894
f 3238 5894 11872
f 3238 11872 11875
f 3239 7446 3240
f 3239 3240 11867
f 3239 3246 7446
f 3239 11867 3248
f 3241 3248 11867
f 3241 11875 3248
f 3241 12114 9960
f 3241 11867 12114
f 3242 3320 3329
f 5047 3320 3242
f 5048 3242 3329
f 5048 9797 3242
f 3243 3244 11870
f 3243 11873 3244
f 3243 9924 3246
f 3243 3246 11873
f 7449 9924 3243
f 7449 3243 11870
f 5903 3244 11873
f 5903 12194 3244
f 3244 12190 11870
f 3244 12194 12190
f 5901 3330 3245
f 7450 3245 3330
f 5901 3245 12190
f 7450 9920 3245
f 3245 9920 11870
f 3245 11870 12190
f 7447 7446 3246
f 7447 3246 9924
f 3819 3247 3818
f 3247 6048 3818
f 3247 3820 6048
f 3248 11875 6259
f 3249 3251 3825
f 3249 11877 3251
f 9526 7745 3249
f 3249 7745 11877
f 3250 4900 4901
f 3250 10297 4900
f 3250 4901 4904
f 3250 4904 4902
f 3251 3834 3825
f 3251 9874 3834
f 3251 12179 9874
f 3251 11877 12179
f 3252 3258 3257
f 3486 3252 3257
f 11879 3258 3252
f 3484 3480 3252
f 3480 11879 3252
f 3486 3484 3252
f 11879 3253 3254
f 11881 3254 3253
f 11881 3253 3255
f 12051 3255 3253
f 3480 3253 11879
f 3480 12051 3253
f 11879 3254 3259
f 12098 3259 3254
f 12098 3254 11881
f 11881 3255 3256
f 3256 3255 12109
f 3481 3255 12051
f 12109 3255 3481
f 3535 3528 3256
f 3528 11881 3256
f 3537 3535 3256
f 3537 3256 12109
f 11883 3257 3258
f 12035 3486 3257
f 12035 3257 11883
f 3258 3259 3261
f 11879 3259 3258
f 11883 3258 3261
f 11885 3261 3259
f 12098 11885 3259
f 11883 3261 3260
f 11883 3260 3464
f 12033 3464 3260
f 12033 3260 12034
f 3527 12094 3262
f 3527 3262 12098
f 5793 3262 7623
f 5793 11885 3262
f 7623 3262 12094
f 12098 3262 11885
f 3538 3264 3263
f 11886 3263 3264
f 10273 3263 11888
f 11886 11888 3263
f 11886 3264 3265
f 3264 11889 3265
f 3538 3539 3264
f 3264 3539 3540
f 3264 3540 11889
f 10208 11886 3265
f 10270 3265 11889
f 9834 3266 6607
f 11891 6607 3266
f 10447 11890 3266
f 11890 11891 3266
f 4823 3267 7696
f 4823 11891 3267
f 5928 7698 3267
f 5928 3267 11890
f 7698 7696 3267
f 3267 11891 11890
f 3268 3269 3270
f 3268 3270 8701
f 3268 8704 6616
f 3268 8701 8704
f 3269 3977 3270
f 11038 3977 3269
f 11984 3523 3271
f 12134 3271 3523
f 9580 11892 3271
f 9580 3271 12132
f 11984 3271 11892
f 12134 12132 3271
f 3272 3294 3333
f 3272 4056 3294
f 3272 3333 4082
f 3272 4085 4056
f 3272 4082 4084
f 3272 4084 4085
f 11981 5978 3273
f 11984 3273 5978
f 5991 3273 11892
f 5991 11981 3273
f 11984 11892 3273
f 3275 3274 7676
f 3275 11894 3274
f 3274 3354 11951
f 3274 11976 3354
f 3274 11951 7676
f 3274 11894 11976
f 5914 3275 5915
f 5914 11894 3275
f 5915 3275 7675
f 3275 7676 7675
f 5912 5924 3276
f 5912 3276 11894
f 3276 5924 12145
f 3276 11976 11894
f 3276 11970 11976
f 3276 12145 11970
f 3277 3279 3288
f 3277 6633 3279
f 3277 3288 11052
f 8533 6633 3277
f 8533 3277 11050
f 11050 3277 11052
f 11895 3278 7705
f 7709 3288 3279
f 11895 3279 6633
f 7706 3279 7705
f 11895 7705 3279
f 7709 3279 7706
f 11898 3282 3280
f 3282 11899 3280
f 3280 3994 3995
f 3280 11899 3994
f 11898 3280 3995
f 3281 3290 3293
f 3281 6626 3290
f 11910 3281 3293
f 11898 6626 3281
f 11898 3281 11906
f 11906 3281 11910
f 3284 11899 3282
f 11906 3284 3282
f 11898 11906 3282
f 3283 3854 3592
f 6280 3283 3592
f 3283 3661 3854
f 6281 3661 3283
f 6280 9331 3283
f 6281 3283 9331
f 8719 3285 3284
f 3284 3285 11899
f 8719 3284 8721
f 11906 8721 3284
f 6852 6858 3285
f 8718 6852 3285
f 6858 11899 3285
f 8718 3285 8719
f 8907 3286 8904
f 8907 8906 3286
f 7708 3287 3288
f 3288 3287 11052
f 7708 3289 3287
f 11062 3287 3289
f 11056 11052 3287
f 11062 11056 3287
f 7709 7708 3288
f 7708 7711 3289
f 3289 7711 7710
f 11903 3289 7710
f 11062 3289 11903
f 11903 3291 3290
f 11915 3290 3291
f 11915 3293 3290
f 6627 3290 6626
f 11903 3290 6627
f 11913 3299 3291
f 11915 3291 3299
f 11903 7710 3291
f 11913 3291 7710
f 12062 3292 5950
f 5950 3292 12102
f 10455 12038 3292
f 12062 11020 3292
f 12038 12102 3292
f 3296 3293 3297
f 11910 3293 3296
f 11915 3297 3293
f 3294 3453 3333
f 3294 4057 3453
f 3294 4056 4976
f 3294 4976 4057
f 11907 3299 3295
f 11913 3295 3299
f 5949 12099 3295
f 5949 3295 12100
f 11907 3295 12099
f 11913 11912 3295
f 11912 12100 3295
f 11909 3296 3297
f 7712 3296 7713
f 11910 3296 7712
f 11909 7713 3296
f 11907 3297 3299
f 11915 3299 3297
f 11909 3297 11907
f 5966 12052 3298
f 5966 3298 12099
f 9561 11909 3298
f 9561 3298 12052
f 11909 11907 3298
f 3298 11907 12099
f 7710 7711 3300
f 11913 7710 3300
f 7711 12072 3300
f 11912 3300 11911
f 11911 3300 12072
f 11913 3300 11912
f 12064 5950 3301
f 5950 12100 3301
f 11912 11911 3301
f 12079 3301 11911
f 11912 3301 12100
f 12064 3301 12079
f 7738 3303 3304
f 3303 7735 7736
f 7738 7735 3303
f 3304 3305 11920
f 7738 3304 11923
f 11923 3304 11920
f 3305 11918 3306
f 3307 3310 3309
f 3307 3309 11920
f 11922 3310 3307
f 11778 11922 3307
f 3308 11920 3309
f 3308 3309 12029
f 9545 3308 7719
f 3308 12029 7719
f 9545 11923 3308
f 3308 11923 11920
f 12037 3309 3310
f 12037 12029 3309
f 11922 11874 3310
f 12037 3310 11874
f 3314 5934 3311
f 3312 3313 3318
f 3312 3318 3315
f 3313 3317 3316
f 3313 3316 3318
f 3314 3315 5944
f 5935 5934 3314
f 5935 3314 5944
f 7727 3315 3318
f 3315 11924 5944
f 7727 11924 3315
f 3316 3317 7724
f 7740 3318 3316
f 7725 3316 7724
f 7740 3316 7725
f 9536 3317 3974
f 9536 7724 3317
f 7727 3318 7740
f 5947 11924 3319
f 12108 5947 3319
f 9543 3319 11924
f 9543 12017 3319
f 12107 3319 12017
f 12108 3319 12107
f 3320 11059 3329
f 3320 5047 3360
f 5909 3322 3321
f 3321 10214 11926
f 5906 3322 5909
f 5906 12174 3322
f 12174 11929 3322
f 3336 3323 4898
f 3336 10157 3323
f 4898 3323 10987
f 7299 3323 10157
f 3324 3325 3326
f 11928 3324 10212
f 3325 10227 3326
f 3326 12010 5971
f 3326 10227 12010
f 5665 3327 5973
f 5665 5974 3327
f 5783 3327 5784
f 5783 5973 3327
f 11932 5784 3327
f 11932 3327 5974
f 5172 3335 3328
f 9853 3328 3335
f 3337 8672 3328
f 3337 3328 11938
f 5172 3328 8672
f 9853 11938 3328
f 5901 7690 3330
f 7450 3330 8691
f 3330 7690 11933
f 3330 11933 8691
f 5783 3331 5785
f 6694 3331 5783
f 3331 10587 5785
f 6694 11934 3331
f 3331 11934 10587
f 5787 7021 3332
f 5787 3332 11934
f 7096 3332 7021
f 7096 8691 3332
f 11933 3332 8691
f 11933 11934 3332
f 4080 3333 3453
f 4080 3458 3333
f 4081 3333 3458
f 4081 4082 3333
f 3339 3338 3334
f 11991 3334 3338
f 11991 10238 3334
f 5172 11931 3335
f 5974 9798 3335
f 11931 5974 3335
f 9853 3335 9798
f 3336 4898 10996
f 3336 4899 10157
f 3337 5614 8674
f 10168 5614 3337
f 3337 8674 8672
f 10168 3337 11938
f 7743 3338 3339
f 11991 3338 5976
f 11997 5976 3338
f 11994 3338 7743
f 11994 11997 3338
f 3341 3340 3339
f 7743 3339 3340
f 5897 5818 3340
f 5818 7743 3340
f 3345 3341 3344
f 5973 3342 3346
f 3342 5786 5897
f 5973 5786 3342
f 6542 6518 3343
f 6518 8897 3343
f 6542 3343 8902
f 8903 3343 8897
f 8903 8902 3343
f 3346 3345 11939
f 5664 5665 3346
f 5664 3346 11939
f 5665 5973 3346
f 3347 3349 3348
f 11943 3349 3347
f 5907 11943 3347
f 11946 3348 3349
f 11945 10211 3348
f 11945 3348 11946
f 5921 11946 3349
f 5921 3349 11947
f 11947 3349 11943
f 11945 3350 5919
f 12146 5919 3350
f 5923 3350 11946
f 5923 12146 3350
f 11945 11946 3350
f 11940 3352 3351
f 11949 3351 3352
f 11950 3354 3351
f 11952 3351 3354
f 11952 11940 3351
f 11950 3351 11949
f 5994 5999 3352
f 5994 3352 11940
f 11949 3352 5999
f 6003 11887 3353
f 6003 3353 11914
f 11887 7676 3353
f 11951 3353 7676
f 11914 3353 11950
f 11951 11950 3353
f 11951 3354 11950
f 11952 3355 11937
f 11957 11937 3355
f 11953 3355 11952
f 11953 11955 3355
f 11957 3355 11955
f 11778 3356 11922
f 11874 3356 11904
f 11922 3356 11874
f 11897 11904 3356
f 11865 3358 3357
f 11956 3357 3358
f 6895 3357 6885
f 11956 6885 3357
f 6895 10656 3357
f 11865 3357 10656
f 10578 3358 10579
f 11956 3358 10578
f 3359 6886 6885
f 11956 3359 6885
f 11959 6886 3359
f 11956 10578 3359
f 3361 4240 4239
f 11959 3361 4239
f 3361 9182 4240
f 3361 9178 9182
f 4048 3362 4046
f 9149 4046 3362
f 4556 3362 4048
f 4556 8891 3362
f 3362 8891 8892
f 9149 3362 8892
f 3808 3363 3365
f 3363 11961 3365
f 3363 3842 3366
f 3363 3366 11961
f 3808 3807 3363
f 3807 3842 3363
f 3370 3365 3364
f 11961 3364 3365
f 3367 3370 3364
f 6032 3365 3370
f 6032 3808 3365
f 7753 3369 3367
f 3369 11962 3367
f 3367 11962 3370
f 7753 3367 7754
f 9513 3371 3368
f 3368 3371 11963
f 7757 9513 3368
f 7757 3368 11962
f 3368 11963 11962
f 7753 7756 3369
f 7756 9511 3369
f 9511 7757 3369
f 7757 11962 3369
f 6032 3370 11963
f 11962 11963 3370
f 6030 3371 9513
f 11859 3371 6030
f 11859 11860 3371
f 11860 11963 3371
f 3372 3374 3811
f 3372 11855 3374
f 3372 3811 11964
f 6028 3372 11964
f 3373 3375 11855
f 3373 11973 3375
f 3373 11855 3378
f 3373 3378 11972
f 3373 11972 11973
f 3374 3375 3830
f 3374 11855 3375
f 3811 3374 3833
f 3374 3830 3833
f 3375 11974 3830
f 3375 11973 11974
f 3376 11969 3377
f 3376 3377 11972
f 6094 4041 3376
f 3376 4041 11969
f 6094 3376 11967
f 3376 11972 11967
f 4097 3380 3377
f 3377 3380 11971
f 4097 3377 11969
f 11973 3377 11971
f 11972 3377 11973
f 6037 11968 3378
f 3378 11968 11967
f 3378 11967 11972
f 4743 6096 3379
f 4743 3379 11968
f 6095 6094 3379
f 6094 11967 3379
f 6096 6095 3379
f 11967 11968 3379
f 3380 3803 3927
f 4097 3803 3380
f 3380 3927 3805
f 3380 3805 3940
f 11971 3380 3940
f 3381 3940 3806
f 3835 11974 3381
f 11971 3940 3381
f 11971 3381 11974
f 3384 3382 3383
f 3383 3382 7866
f 3384 6041 3382
f 3382 4747 7866
f 3382 9082 4747
f 6041 9082 3382
f 3384 3383 11975
f 3386 3383 7867
f 3386 11975 3383
f 3383 7866 7867
f 3384 6067 6041
f 3384 11977 6067
f 3384 11975 11977
f 11977 3385 3387
f 3385 11985 3387
f 3391 3385 11975
f 3391 11986 3385
f 11977 11975 3385
f 3385 11986 11985
f 3386 10248 3391
f 3386 3391 11975
f 3386 7867 7865
f 3386 7865 10248
f 6067 3387 6068
f 11977 3387 6067
f 11808 6068 3387
f 11808 3387 11985
f 3389 3390 3388
f 3389 3388 11978
f 3390 3395 3388
f 3395 3392 3388
f 11978 3388 3392
f 3389 7305 3390
f 6070 7304 3389
f 6070 3389 11978
f 3389 7304 7305
f 7305 7306 3390
f 3391 11982 11986
f 3393 3392 3395
f 3393 11986 3392
f 11978 3392 11982
f 11986 11982 3392
f 11983 3393 3395
f 3393 3396 11986
f 11987 3396 3393
f 11983 11987 3393
f 3394 4990 5777
f 8631 4990 3394
f 11989 11983 3395
f 3396 11804 6069
f 3396 6069 11985
f 11987 11804 3396
f 3396 11985 11986
f 11990 3397 3399
f 11992 3399 3397
f 11989 3397 11983
f 11983 3397 11990
f 11989 11992 3397
f 3398 6480 6482
f 11990 6480 3398
f 3398 6482 6485
f 3398 6485 11804
f 11987 3398 11804
f 11987 11990 3398
f 3399 11205 6480
f 11990 3399 6480
f 11377 11205 3399
f 11992 11377 3399
f 3400 4909 4911
f 11992 4909 3400
f 11377 3400 6324
f 11992 3400 11377
f 3819 7334 3401
f 7995 3819 3401
f 5257 3821 3401
f 7995 3401 3821
f 11993 5257 3401
f 11993 3401 7334
f 7316 3690 3402
f 3402 3690 11993
f 7316 3402 7336
f 3402 7334 7332
f 3402 7332 7335
f 3402 11993 7334
f 3402 7335 7336
f 3690 3691 3403
f 3690 3403 11993
f 3403 3691 3692
f 3403 3692 5257
f 11993 3403 5257
f 3404 3406 6071
f 3404 11998 3406
f 3404 6071 11800
f 3404 11800 10247
f 3404 10247 11995
f 3404 11995 11998
f 6284 3405 8779
f 11998 3405 6284
f 3405 7870 8779
f 3405 11996 7870
f 3405 11995 11996
f 11998 11995 3405
f 3406 7307 6071
f 3406 6285 9315
f 3406 11998 6285
f 3406 9315 7307
f 11217 3407 5049
f 9465 3410 3408
f 3408 3410 12002
f 9465 3408 7793
f 3408 11999 7793
f 3408 12002 11999
f 11231 3409 3798
f 3409 12002 3798
f 3409 6455 6456
f 11231 6455 3409
f 3409 6456 11779
f 3409 11779 11999
f 3409 11999 12002
f 3411 3410 9465
f 3410 12001 12002
f 3411 9465 3416
f 3411 3416 12007
f 3411 3417 12003
f 3411 12007 3417
f 11834 6054 3412
f 3412 6054 12004
f 6080 11834 3412
f 6080 3412 12008
f 3412 12004 12003
f 12008 3412 12003
f 10330 3413 3414
f 11780 3414 3413
f 11780 3413 8283
f 6083 6086 3414
f 6083 3414 11780
f 12006 3414 6086
f 12006 10330 3414
f 3415 6085 11796
f 12006 6085 3415
f 3415 11797 10253
f 3415 11796 11797
f 3416 9467 6077
f 3416 6077 11796
f 3416 9465 9467
f 3416 11796 12007
f 11788 3417 6085
f 6085 3417 12007
f 11788 12008 3417
f 12008 12003 3417
f 4523 3418 8757
f 12009 3418 4523
f 7803 3418 8752
f 7803 8761 3418
f 12009 8752 3418
f 8757 3418 8761
f 4574 3421 3419
f 12011 3419 3421
f 8766 4574 3419
f 12009 3419 7790
f 12011 7790 3419
f 12009 8766 3419
f 5045 3420 5049
f 7805 3421 4574
f 7805 9442 3421
f 9442 9469 3421
f 12011 3421 9469
f 3422 3423 7806
f 3422 12012 3423
f 9448 3424 3422
f 3422 3424 12014
f 9448 3422 7806
f 3422 12014 12012
f 3423 11793 6074
f 3423 6074 11798
f 7806 3423 11798
f 3423 12012 11793
f 9448 11743 3424
f 3424 11743 11745
f 3425 12014 3426
f 3425 3426 12016
f 10197 3425 12016
f 3425 12012 12014
f 3426 3427 12015
f 3426 12015 12016
f 4105 3427 11736
f 4105 12015 3427
f 11738 11736 3427
f 11738 3427 11737
f 4389 3428 10184
f 4389 12016 3428
f 3428 8815 10155
f 3428 12015 8815
f 3428 10155 10184
f 3428 12016 12015
f 6406 3429 6399
f 11308 6399 3429
f 6406 6400 3429
f 11312 3429 6400
f 11308 3429 9436
f 11312 9436 3429
f 3430 8807 6115
f 3430 6115 11736
f 3430 11313 8807
f 3430 11738 11313
f 3430 11736 11738
f 11312 4113 3431
f 11313 3431 4113
f 11738 6114 3431
f 11738 3431 11313
f 3439 3432 8122
f 3439 12019 3432
f 3441 3432 6506
f 3441 8122 3432
f 3432 4021 6506
f 3432 12019 4021
f 3439 3433 12019
f 3439 12025 3433
f 3433 6163 12020
f 3433 12027 6163
f 12019 3433 12020
f 3433 12025 12027
f 3434 6160 4021
f 3434 4021 12019
f 3434 6162 6160
f 3434 12020 6162
f 3434 12019 12020
f 3435 3437 6725
f 3435 12021 3437
f 3435 10884 6253
f 3435 6253 12023
f 3435 6725 10884
f 3435 12023 12021
f 3436 3438 6208
f 3436 10437 3438
f 6211 3436 6208
f 12021 3436 6211
f 6211 11538 3437
f 12021 6211 3437
f 6725 3437 10887
f 3437 11538 10887
f 3492 11542 3438
f 12065 3492 3438
f 6208 3438 11542
f 12065 3438 10437
f 3439 8122 6723
f 3439 6723 12025
f 5052 5051 3440
f 5052 3440 7388
f 3440 11025 7388
f 3441 4022 6432
f 3441 6506 4022
f 3441 6432 6154
f 3441 6154 8123
f 3441 8123 8122
f 3442 11530 6163
f 3442 6163 12027
f 6212 3442 6210
f 6210 3442 11538
f 6212 11530 3442
f 3442 12027 11538
f 3443 8371 7213
f 3443 7213 12028
f 3443 7819 9413
f 3443 12028 7819
f 3443 7820 8371
f 3443 9413 7820
f 3444 6556 3445
f 3444 3445 9415
f 3444 4015 4025
f 3444 12028 4015
f 3444 4025 6556
f 3444 9415 12028
f 6772 3445 6556
f 3446 7822 3447
f 3446 7823 7822
f 9410 7823 3446
f 9410 3446 7824
f 3447 7822 7819
f 9415 3447 7819
f 3449 3450 12049
f 3450 3451 3456
f 3450 3456 12032
f 3450 12032 12049
f 3451 3454 3455
f 3451 3455 3456
f 3452 5570 5286
f 3923 3475 3453
f 4080 3453 3475
f 3923 3453 4057
f 3454 7821 3455
f 3454 8135 7821
f 3455 11666 3456
f 3455 7821 11673
f 3455 11673 11666
f 3456 11666 12031
f 3456 12031 12032
f 6174 3474 3457
f 12032 3457 3474
f 3457 11646 6174
f 11656 11646 3457
f 12031 11656 3457
f 12031 3457 12032
f 4080 4073 3458
f 4073 8928 3458
f 4081 3458 4079
f 4079 3458 8928
f 3459 3461 3462
f 3459 10264 3461
f 12033 11823 3460
f 12050 3462 3461
f 3487 3461 10267
f 3487 12050 3461
f 3461 10264 10267
f 3462 3463 3464
f 12050 3463 3462
f 12035 3464 3463
f 12035 3463 3485
f 3485 3463 12055
f 3463 12050 12055
f 12035 11883 3464
f 6213 3465 6215
f 6213 12039 3465
f 6215 3465 6216
f 6216 3465 11683
f 3465 12040 11683
f 3465 12039 12040
f 3502 3466 4891
f 3502 4895 3466
f 3466 4894 4891
f 7345 4894 3466
f 3466 4895 4896
f 7345 3466 4896
f 3467 3471 11697
f 3467 12040 3543
f 6157 3467 11697
f 6157 12040 3467
f 3469 3468 6175
f 12041 3468 3469
f 12043 3472 3468
f 12047 3468 3472
f 6175 3468 12047
f 12041 12043 3468
f 3469 6167 6165
f 9409 3469 6165
f 3469 6175 6167
f 12041 3469 9409
f 5052 3470 5051
f 3471 6156 11697
f 12041 6156 3471
f 12041 3471 12043
f 12046 3472 3541
f 12111 3541 3472
f 12111 3472 12043
f 12046 12047 3472
f 6171 3483 3473
f 6172 3473 3483
f 3542 6171 3473
f 12046 3542 3473
f 12046 3473 6172
f 3488 3474 6174
f 3488 12056 3474
f 3516 4073 3475
f 3516 3475 4074
f 4074 3475 3923
f 4080 3475 4073
f 3487 10267 3476
f 7298 4893 3477
f 7298 3477 8436
f 7299 8436 3477
f 6170 3479 3478
f 3479 12051 3478
f 3484 3478 3480
f 3480 3478 12051
f 3484 6171 3478
f 6170 3478 6171
f 3481 3479 6169
f 3481 12051 3479
f 6168 6169 3479
f 6168 3479 6170
f 3481 6169 3539
f 12109 3481 3539
f 3486 3482 3483
f 6172 3483 3482
f 3486 3485 3482
f 3485 12060 3482
f 6172 3482 6173
f 6173 3482 12060
f 3486 3483 3484
f 3484 3483 6171
f 12035 3485 3486
f 3488 3485 12055
f 3488 12060 3485
f 3487 12056 12050
f 3488 6174 12060
f 3488 12055 12056
f 10436 3489 3490
f 12063 3490 3489
f 11637 12063 3489
f 12065 10436 3490
f 12063 11630 3490
f 3490 11630 12066
f 12065 3490 12066
f 6181 6184 3491
f 6181 3491 11640
f 6184 11501 3491
f 6185 3491 11501
f 6220 11542 3492
f 6220 3492 12067
f 12065 12066 3492
f 3492 12066 12067
f 6223 11495 3493
f 6223 3493 11630
f 3493 11495 12067
f 3493 12066 11630
f 3493 12067 12066
f 3494 5924 12142
f 3494 12145 5924
f 3494 5925 12068
f 3494 12142 5925
f 3494 5988 5983
f 3494 5983 12145
f 3494 12068 5988
f 3495 7832 3496
f 3495 3496 12068
f 5927 3497 3495
f 3495 3497 7832
f 5927 3495 5925
f 5925 3495 12068
f 3496 5985 5984
f 3496 5984 5988
f 3496 5986 5985
f 3496 7832 5986
f 3496 5988 12068
f 3497 7831 7832
f 3497 11475 7831
f 3498 3508 12074
f 3498 12078 3508
f 3498 12070 12071
f 3498 12075 12070
f 3498 12071 12078
f 3498 12074 12075
f 3499 12070 11818
f 11960 3499 11965
f 11960 12071 3499
f 3499 12071 12070
f 3500 7833 3509
f 12077 3500 3509
f 3500 7834 7833
f 11960 7834 3500
f 11960 3500 12071
f 12077 12071 3500
f 3501 3504 7839
f 3501 12073 3504
f 7838 7837 3501
f 12083 3501 7837
f 7838 3501 7839
f 12083 12073 3501
f 3502 4893 4895
f 3503 7835 3504
f 3503 3504 12073
f 3503 3510 3509
f 9392 3503 3509
f 3503 12073 3510
f 9392 7835 3503
f 7835 7840 3504
f 7840 7839 3504
f 3508 11484 3505
f 3508 3505 12074
f 3505 11491 6224
f 3505 6224 11583
f 3505 11484 6232
f 3505 6232 11491
f 12074 3505 11583
f 3520 3506 11586
f 3520 12075 3506
f 11586 3506 11583
f 3506 12074 11583
f 3506 12075 12074
f 3507 3510 3511
f 12077 3510 3507
f 12080 3507 3511
f 12078 3507 11479
f 12080 11479 3507
f 12078 12077 3507
f 3508 11479 11484
f 12078 11479 3508
f 12077 3509 3510
f 9392 3509 7833
f 3510 12073 3511
f 12080 3511 3514
f 3511 12082 3514
f 12083 3511 12073
f 12083 12082 3511
f 3514 6229 3512
f 12080 3514 3512
f 3512 6229 11488
f 3512 11485 6233
f 12080 3512 6233
f 3512 11488 11485
f 5961 3513 5055
f 5961 5056 3513
f 10003 3513 5056
f 10003 7389 3513
f 3514 6228 6229
f 3514 12082 6228
f 3519 3515 3517
f 3517 3515 12084
f 3519 6228 3515
f 3515 6228 12082
f 12083 7837 3515
f 7837 12084 3515
f 12083 3515 12082
f 3516 4075 4073
f 3519 3517 6217
f 6217 3517 11508
f 3517 12085 11508
f 3517 12084 12085
f 3545 6214 3518
f 7838 3545 3518
f 6214 12085 3518
f 7838 3518 7837
f 7837 3518 12084
f 3518 12085 12084
f 3519 6217 6226
f 3519 6226 6227
f 3519 6227 6228
f 3520 12087 3522
f 3520 3522 12092
f 3520 11586 12087
f 3520 12092 12075
f 3523 12088 3521
f 12134 3523 3521
f 5929 12134 3521
f 5929 3521 12137
f 3521 12087 6191
f 12137 3521 6191
f 3521 12088 12087
f 3522 12087 12088
f 3522 12088 12091
f 11984 12091 3523
f 3523 12091 12088
f 3524 6670 6666
f 3524 8094 6670
f 3524 8874 8094
f 3524 8875 8874
f 3526 3525 12095
f 3526 12096 3525
f 3529 3525 12096
f 3529 12104 3525
f 3525 5827 12095
f 3525 12104 5827
f 3526 8146 7623
f 3526 7623 12094
f 3526 12095 8146
f 3526 12094 12096
f 3528 3527 11881
f 3528 12096 3527
f 3527 12098 11881
f 3527 12096 12094
f 3535 3529 3528
f 3529 12096 3528
f 3535 3534 3529
f 3534 12104 3529
f 11218 5058 3530
f 5916 5060 3530
f 11218 3530 5060
f 3532 3531 3534
f 3532 12101 3531
f 3534 3531 12104
f 3533 8871 8870
f 3533 8870 8873
f 3533 10499 8871
f 3533 8873 8872
f 3533 8872 10499
f 3536 8057 8056
f 3536 8873 8057
f 3536 8872 8873
f 10497 8872 3536
f 3538 3537 12109
f 3538 12109 3539
f 6169 3540 3539
f 11655 3540 6169
f 12046 3541 3542
f 12121 3542 3541
f 12111 3546 3541
f 12121 3541 3546
f 3542 6170 6171
f 12121 6170 3542
f 3543 12040 12039
f 12115 3543 12039
f 3546 3544 12118
f 6234 3544 12117
f 6234 12118 3544
f 3544 12115 12117
f 3545 12115 6214
f 7838 6235 3545
f 6235 12117 3545
f 3545 12117 12115
f 9389 3547 6234
f 6234 3547 12118
f 9389 9381 3547
f 10271 3547 10269
f 10271 12118 3547
f 3548 3560 10707
f 3548 12123 3560
f 3548 10274 12122
f 3548 12122 12123
f 3549 3563 3561
f 3549 3561 12123
f 3549 12138 3563
f 3549 12123 12122
f 3550 3555 3559
f 3550 12125 3555
f 3550 3559 3558
f 3550 3558 12136
f 3550 12136 12125
f 3551 12126 3568
f 3551 3568 12144
f 3551 11447 12141
f 3551 12150 11447
f 3551 12141 12126
f 3551 12144 12150
f 3552 3555 12125
f 3552 12130 3555
f 3552 3565 3556
f 3552 3556 12130
f 3552 12126 3565
f 3552 12125 12126
f 3559 3555 3553
f 3553 3555 12130
f 3559 3553 12128
f 3553 6297 11415
f 3553 12130 6297
f 3553 11415 12128
f 6293 3554 6294
f 11417 6294 3554
f 11417 3554 6295
f 6295 3554 12128
f 3554 12127 12128
f 6301 3556 6241
f 6301 12130 3556
f 3559 3557 3558
f 3558 3557 3561
f 3559 12127 3557
f 3557 12133 3561
f 3557 12127 12131
f 3557 12131 12133
f 3558 3561 3563
f 3558 3563 12136
f 3559 12128 12127
f 10320 3560 12133
f 3560 12123 12133
f 3561 12133 12123
f 12136 3562 3568
f 3562 12144 3568
f 8327 3569 3562
f 3562 3569 12144
f 7243 8327 3562
f 7243 3562 12136
f 7243 3563 3564
f 3564 3563 12138
f 7243 12136 3563
f 3564 12138 10275
f 3565 12126 12141
f 3565 12141 12140
f 3566 4891 4894
f 10298 4891 3566
f 7339 4892 3566
f 7339 3566 4894
f 4997 4996 3567
f 4997 3567 6260
f 11448 6260 3567
f 11448 3567 12140
f 12125 3568 12126
f 12125 12136 3568
f 3570 3569 7204
f 3570 12144 3569
f 8331 7204 3569
f 8327 8326 3569
f 8331 3569 8326
f 8328 3571 3570
f 3571 12150 3570
f 8328 3570 7204
f 3570 12150 12144
f 8328 6246 3571
f 6246 11446 3571
f 6247 3571 11446
f 6247 12150 3571
f 7287 3573 3572
f 10054 3572 3573
f 12153 7287 3572
f 10054 7356 3572
f 3572 7356 11445
f 12153 3572 11445
f 4614 3573 7287
f 4614 8438 3573
f 3573 8438 7358
f 10054 3573 7358
f 5441 5060 3574
f 11477 3574 5062
f 11477 5441 3574
f 8027 3575 3894
f 8027 8028 3575
f 8028 8867 3575
f 8867 11389 3575
f 8333 3577 3576
f 3577 9377 3576
f 6249 6264 3576
f 6249 3576 12155
f 8333 3576 6264
f 3576 9377 12155
f 8333 7842 3577
f 9363 3577 7842
f 9363 7857 3577
f 7857 9377 3577
f 6267 6268 3578
f 9366 6267 3578
f 6268 7355 3578
f 3578 7355 12155
f 9366 3578 9377
f 3578 12155 9377
f 6248 3579 4947
f 3579 10053 4947
f 6249 3579 6248
f 6249 12155 3579
f 3579 7355 10053
f 3579 12155 7355
f 3580 3581 3582
f 7861 3581 3580
f 3580 3582 3583
f 4998 3580 3583
f 5000 3580 4998
f 5000 7860 3580
f 7860 7861 3580
f 9309 3582 3581
f 7861 6275 3581
f 9309 3581 6275
f 5002 3583 3582
f 5002 3582 9305
f 9309 9305 3582
f 5001 4998 3583
f 5004 5001 3583
f 5004 3583 5002
f 10320 10277 3584
f 10320 3584 12159
f 3585 3586 3587
f 3585 12157 3586
f 3585 3587 12164
f 3585 12156 12158
f 3585 12164 12156
f 3585 12158 12157
f 3586 9346 3587
f 3586 3588 9346
f 3587 9346 3666
f 3587 3666 9425
f 3587 9425 12164
f 7863 7862 3588
f 7862 9346 3588
f 7863 3588 12166
f 11438 7863 3589
f 7863 12166 3589
f 11438 3589 12173
f 12173 3589 12175
f 12168 3591 3590
f 12170 3590 3591
f 11443 3590 6276
f 6276 3590 12170
f 11443 12176 3590
f 12168 3590 12176
f 6278 3591 12169
f 6278 12171 3591
f 12168 12169 3591
f 12170 3591 12171
f 6280 3592 12171
f 12170 12171 3592
f 3593 4888 3712
f 3593 7295 4888
f 3593 4889 10164
f 3593 10164 7295
f 10281 12168 3594
f 10281 3594 12175
f 12168 12176 3594
f 3594 12173 12175
f 3594 12176 12173
f 3595 7864 7869
f 3595 9345 7864
f 3595 7869 7873
f 3595 7873 7870
f 9290 3596 3598
f 3596 12178 3598
f 6278 3596 3599
f 9290 3599 3596
f 6278 12169 3596
f 12169 12178 3596
f 10278 9282 3597
f 12181 3597 9282
f 7883 3598 7882
f 12181 7882 3598
f 9290 3598 7883
f 12181 3598 12178
f 6278 3599 11432
f 6279 3599 9290
f 6279 9334 3599
f 11432 3599 9334
f 3601 10717 3600
f 3601 3600 11420
f 3600 11367 6327
f 3600 6327 11425
f 3600 10717 11367
f 11420 3600 11425
f 3601 3635 3602
f 3601 3602 10717
f 3623 3602 3618
f 3602 3635 3618
f 3623 3638 3602
f 3602 3638 10717
f 3607 3603 3606
f 3603 3608 3606
f 11404 3603 3607
f 11409 3608 3603
f 11409 3603 11404
f 8861 3604 3749
f 10316 3749 3604
f 6342 3750 3604
f 10316 3604 3750
f 8851 6342 3604
f 8861 8851 3604
f 6308 3605 6305
f 11404 6305 3605
f 6308 6307 3605
f 11411 3605 6307
f 11404 3605 11403
f 11411 11403 3605
f 3607 3606 5001
f 4999 3606 3608
f 4999 4998 3606
f 5001 3606 4998
f 5003 3607 5001
f 5003 6305 3607
f 11404 3607 6305
f 4999 3608 4996
f 11468 4996 3608
f 11468 3608 11409
f 3609 9089 6283
f 3609 6283 11397
f 3609 6307 6308
f 3609 11397 6307
f 3609 6308 12182
f 3609 12182 9089
f 3610 9088 3611
f 12182 3610 3611
f 5005 3610 11401
f 12182 11401 3610
f 3611 9088 9097
f 9089 3611 9090
f 12182 3611 9089
f 9090 3611 9097
f 3612 12183 3614
f 3612 12184 12183
f 3613 3627 9264
f 3613 12192 3627
f 3613 9264 6313
f 3613 6313 12183
f 3613 12183 12192
f 3614 4902 4904
f 3614 11390 4902
f 3614 6313 11390
f 3614 12183 6313
f 3615 3617 3619
f 12185 3617 3615
f 3615 3619 3626
f 12184 3615 3626
f 12185 3616 3617
f 3616 12189 3617
f 10119 12191 3616
f 3616 12191 12189
f 3617 12186 3619
f 3617 12189 12186
f 3623 3618 12189
f 3635 3636 3618
f 3618 3636 12186
f 3618 12186 12189
f 3619 3624 3625
f 3636 3624 3619
f 3619 3625 3626
f 12186 3636 3619
f 3620 7312 7311
f 3620 7311 10138
f 3620 12188 7312
f 3620 10138 10028
f 12187 3620 10028
f 12187 12188 3620
f 3623 3621 3639
f 3623 12189 3621
f 12187 3639 3621
f 12187 3621 12188
f 3621 12191 12188
f 3621 12189 12191
f 10124 3622 10119
f 10119 3622 12191
f 10135 12188 3622
f 3622 12188 12191
f 3623 3639 3638
f 12195 3625 3624
f 9832 3633 3624
f 3633 12195 3624
f 9832 3624 3636
f 3626 3625 3959
f 11003 3959 3625
f 11003 3625 12195
f 3626 3959 12192
f 12184 3626 12192
f 7280 3627 3959
f 3627 12192 3959
f 7889 3627 7280
f 7889 9264 3627
f 11421 3628 3633
f 3633 3628 12195
f 12193 3634 3628
f 3634 12195 3628
f 11421 11422 3628
f 12193 3628 11422
f 12193 3629 3630
f 11422 3632 3629
f 12193 11422 3629
f 12193 3630 5126
f 6289 3632 3631
f 11422 3631 3632
f 4988 6289 3631
f 4988 3631 6291
f 11421 6291 3631
f 11421 3631 11422
f 12193 5126 3634
f 3634 11003 12195
f 3635 9832 3636
f 3637 3638 7891
f 3637 10717 3638
f 3637 7894 6328
f 3637 6328 11367
f 3637 7891 7894
f 3637 11367 10717
f 3639 7891 3638
f 3639 10028 7891
f 12187 10028 3639
f 4885 4886 3640
f 4888 3640 4886
f 4888 7295 3640
f 3640 7295 7297
f 3641 3646 3642
f 3641 3645 3646
f 10295 3645 3641
f 10295 3641 10938
f 3642 3646 6330
f 6330 7984 3642
f 3642 7984 10998
f 7888 3643 3644
f 3647 3645 3643
f 10295 3643 3645
f 7888 3647 3643
f 7888 3644 9268
f 9268 3644 11391
f 7896 3646 3645
f 3647 7896 3645
f 6330 3646 7898
f 9199 3646 7896
f 7898 3646 9199
f 7888 3659 3647
f 9225 3647 3659
f 9225 7896 3647
f 3655 3648 3649
f 3653 3648 3652
f 3652 3648 3655
f 3651 3656 3649
f 3655 3649 3656
f 3651 3650 6332
f 3650 7984 6332
f 3651 6332 3656
f 3653 3652 7900
f 3652 3655 7905
f 3652 7903 7900
f 3652 7902 7903
f 3652 7905 7902
f 6451 3654 6454
f 6451 8848 3654
f 8864 6454 3654
f 3654 8848 8850
f 9007 3654 8850
f 8864 3654 9007
f 3655 3656 7907
f 3655 7907 7905
f 3656 6332 11364
f 7907 3656 11364
f 7897 3657 6333
f 6333 3657 11362
f 7897 9225 3657
f 9224 3657 9225
f 9224 10312 3657
f 3657 10312 11362
f 3658 3659 7280
f 9224 3659 3658
f 3658 7280 3959
f 3658 3959 11003
f 7889 7280 3659
f 7888 7889 3659
f 9224 9225 3659
f 3661 3660 3854
f 11838 3660 3661
f 3660 10318 3854
f 6281 11836 3661
f 11836 11838 3661
f 3662 6510 3683
f 6510 3662 3684
f 3662 11781 3684
f 3664 3663 11024
f 3664 11356 3663
f 3663 3672 11024
f 10321 3663 11356
f 3664 10279 10232
f 3664 10232 11356
f 3665 3667 6238
f 3665 10589 3667
f 3665 6238 6195
f 3665 10702 10589
f 10589 3666 9346
f 10589 10702 3666
f 3667 10311 6238
f 3667 7862 9353
f 3667 10589 7862
f 3667 9353 10311
f 4394 3668 4393
f 4393 3668 10140
f 4394 8282 3668
f 10140 3668 10329
f 4059 3669 3783
f 4071 3783 3669
f 4087 4071 3669
f 4086 4087 3669
f 5916 3670 5060
f 5916 5061 3670
f 3671 11980 12151
f 3673 11535 3674
f 8696 3673 3681
f 3673 11601 3681
f 8696 11535 3673
f 6195 3674 11347
f 11347 3674 11535
f 6498 3675 3676
f 10276 3675 6498
f 6498 3676 3678
f 10059 3678 3676
f 10059 3676 9572
f 3677 3679 8279
f 3677 10059 3679
f 7637 3677 8280
f 7637 8294 3677
f 3677 8279 8280
f 3677 8294 10059
f 6631 6498 3678
f 8294 3678 10059
f 3679 3680 8279
f 3679 9361 3680
f 3679 9572 9361
f 3679 10059 9572
f 8290 3680 3682
f 8290 8279 3680
f 8696 3681 8288
f 8288 3681 9056
f 8696 8290 3682
f 8696 3682 11535
f 6189 3686 3683
f 6189 3683 7726
f 7726 3683 6510
f 3684 6084 3685
f 3684 3685 6510
f 6081 6084 3684
f 6081 3684 11781
f 11780 3685 6084
f 8284 6510 3685
f 8284 3685 8283
f 11780 8283 3685
f 6189 6166 3686
f 7346 3687 4925
f 7346 4939 3687
f 11353 3689 7322
f 3694 3691 3690
f 7316 3694 3690
f 3691 7325 3692
f 3695 3691 3694
f 3695 7325 3691
f 3693 3821 5257
f 6474 3821 3693
f 6474 3693 4914
f 3695 3694 7327
f 7316 7329 3694
f 3694 7329 7327
f 3695 7326 7325
f 3695 7327 7326
f 4751 9729 3696
f 4751 3696 11332
f 6379 6380 3696
f 6380 11332 3696
f 4870 3840 3697
f 3840 11331 3697
f 4870 3697 9727
f 6379 3697 11331
f 3698 3699 4088
f 3698 10734 3699
f 3698 3741 10734
f 3698 11329 3741
f 3698 6382 11329
f 3699 3700 4088
f 3699 8784 3700
f 3699 8846 8784
f 3699 10734 8846
f 3702 4088 3700
f 6371 3701 6369
f 6369 3701 10345
f 11348 6370 3701
f 11348 3701 6371
f 3704 3702 4304
f 3704 11254 3702
f 3703 8787 4304
f 8785 3703 4392
f 8785 8786 3703
f 3703 8786 8787
f 8798 3704 4161
f 8799 4161 3704
f 8799 3704 4304
f 8798 11254 3704
f 3705 3708 3707
f 3705 3707 3905
f 3705 11792 3708
f 3705 8827 3710
f 3705 3710 11792
f 3705 3905 8827
f 5065 3706 3790
f 9875 3706 5065
f 3707 4135 3905
f 3707 4128 4135
f 11260 3708 11610
f 11260 12054 3708
f 3708 11792 11610
f 3709 3710 8839
f 3709 11792 3710
f 11275 3709 8839
f 11275 11281 3709
f 3710 8827 8837
f 8838 3710 8837
f 8838 8839 3710
f 11591 3713 3711
f 11591 3711 10343
f 3712 4888 4881
f 11253 6430 3713
f 11253 3713 6431
f 6431 3713 11591
f 3719 3718 3714
f 3718 6446 3714
f 6446 11241 3714
f 6447 11474 3715
f 11474 10377 3715
f 3718 3716 3717
f 3717 3716 3761
f 3718 10955 3716
f 3716 9769 3761
f 3716 11017 9769
f 3716 10955 11017
f 3718 3717 6446
f 3717 3760 6446
f 3717 9699 3760
f 3717 3761 9699
f 3719 10955 3718
f 3736 3719 3720
f 3737 3719 3736
f 3737 10955 3719
f 3731 3720 3730
f 3720 4414 3730
f 3736 3720 3731
f 3725 3721 3722
f 9996 3721 3725
f 3724 3722 3723
f 6435 3723 3722
f 3725 3722 3724
f 11252 3724 3723
f 6437 3723 6435
f 6437 6436 3723
f 6436 11252 3723
f 3725 3724 4410
f 3732 3729 3724
f 3729 4410 3724
f 11252 3732 3724
f 9996 3725 4410
f 3726 3727 7006
f 4416 4415 3726
f 4416 3726 7006
f 7007 7006 3727
f 8306 7007 3727
f 8306 3727 8304
f 3731 3730 3728
f 4417 3728 3730
f 11169 3731 3728
f 4418 3728 4417
f 11169 3728 4418
f 3732 11169 3729
f 9971 4410 3729
f 9971 3729 4420
f 4420 3729 11169
f 4415 3730 4414
f 4417 3730 4415
f 3732 3736 3731
f 3732 3731 11169
f 11252 3736 3732
f 3733 8846 3742
f 3733 3742 8848
f 3755 3733 6451
f 3755 8845 3733
f 3733 8848 6451
f 3733 8845 8846
f 3735 3734 8791
f 3735 11017 3734
f 6436 3734 3737
f 3737 3734 10955
f 6436 8791 3734
f 3734 11017 10955
f 3735 8791 4294
f 3735 4294 9722
f 3735 9722 9769
f 3735 9769 11017
f 11252 3737 3736
f 6436 3737 11252
f 8795 3738 3740
f 3740 3738 10866
f 6434 6433 3738
f 6433 10866 3738
f 6434 3738 8790
f 8795 8790 3738
f 6385 4140 3739
f 4140 10866 3739
f 6385 3739 11328
f 6433 3739 10866
f 6433 11328 3739
f 8795 3740 8794
f 3740 8796 8794
f 3740 8802 8796
f 3740 10866 8802
f 8849 3742 3741
f 10734 3741 3742
f 7948 8849 3741
f 7948 3741 11329
f 10734 3742 8846
f 8850 8848 3742
f 8850 3742 8849
f 6358 3743 3746
f 11249 3746 3743
f 6355 3743 6358
f 3744 4876 4878
f 3744 4879 4876
f 10924 3744 4878
f 6445 9226 3745
f 10704 6445 3745
f 3745 9226 10399
f 10704 3745 9788
f 11243 10704 3746
f 11249 11243 3746
f 3770 3764 3747
f 3764 10399 3747
f 3768 3767 3747
f 3769 3747 3767
f 3768 3747 10399
f 3770 3747 3769
f 6449 3749 3748
f 3748 3749 10316
f 3748 3751 3753
f 3748 10316 3751
f 3748 3753 11234
f 6449 3748 11234
f 6449 8861 3749
f 6342 6341 3750
f 8531 3750 6341
f 10301 3750 8531
f 10301 10316 3750
f 3751 8244 3753
f 3751 8226 8244
f 3751 10301 8226
f 3751 10316 10301
f 3776 3778 3752
f 3776 3752 8183
f 3777 3752 3778
f 3777 10086 3752
f 8183 3752 8244
f 8244 3752 10086
f 3753 8244 10086
f 3753 10086 10063
f 11234 3753 10063
f 3754 4876 4879
f 3755 3756 8845
f 3755 9836 3756
f 3755 6451 6448
f 3755 6448 9836
f 3756 3758 9701
f 3756 10023 3758
f 3756 9701 8845
f 3756 9836 10023
f 3757 9769 9722
f 3757 9722 9783
f 9777 9769 3757
f 9777 3757 10366
f 3758 3759 8793
f 3758 9783 3759
f 3758 8793 9701
f 3758 10023 9783
f 8788 3759 8789
f 8793 3759 8788
f 8789 3759 9722
f 3759 9783 9722
f 6446 3760 3762
f 9555 3762 3760
f 3778 9555 3760
f 3778 3760 9699
f 3761 9769 9777
f 6446 3762 11241
f 10374 7444 3762
f 11241 3762 7444
f 9555 10374 3762
f 3770 3774 3764
f 3772 3764 3774
f 3765 3904 5572
f 3765 5572 5571
f 6471 3766 11211
f 11215 3766 6471
f 7913 3766 9100
f 11209 3766 7913
f 8841 9100 3766
f 11215 8841 3766
f 11209 11211 3766
f 3770 3769 3775
f 3770 3773 3774
f 3770 8183 3773
f 3770 3775 8183
f 3771 3772 8531
f 3771 8531 8657
f 3771 8657 9788
f 3772 3774 8226
f 3772 8226 10301
f 3772 10301 8531
f 3773 8226 3774
f 3773 8183 8244
f 3773 8244 8226
f 3776 8183 3775
f 3776 3775 10372
f 3777 3778 9699
f 3777 10365 10086
f 10368 3779 3782
f 3814 3780 3812
f 3812 3780 11735
f 3814 8841 3780
f 8841 6126 3780
f 8842 3780 6126
f 8842 11735 3780
f 3781 6447 7444
f 3781 11474 6447
f 3781 10371 7480
f 3781 7480 11474
f 7480 3782 10378
f 3937 4059 3783
f 3937 3783 4072
f 4071 10841 3783
f 4072 3783 10841
f 3786 4983 3785
f 3786 3785 7321
f 4983 9011 3785
f 8311 3785 9011
f 3786 4387 6900
f 3786 10268 4387
f 3786 6900 4983
f 7001 6901 3787
f 6901 7005 3787
f 7001 3787 10540
f 7005 7552 3787
f 3787 7552 8322
f 7606 3787 8322
f 7606 10540 3787
f 3788 4403 4404
f 3788 4405 4403
f 6901 3788 4404
f 10544 4405 3788
f 7001 3788 6901
f 10544 3788 7001
f 5065 3790 3860
f 6900 4387 3791
f 4387 10276 3791
f 3791 6631 5437
f 6900 3791 5437
f 3791 6498 6631
f 3791 10276 6498
f 3792 5437 6631
f 3792 7947 5437
f 3792 8843 7947
f 3792 8320 8843
f 4983 3793 6427
f 6900 3793 4983
f 6900 5437 3793
f 3793 5437 7947
f 3793 7947 6427
f 6377 4811 3794
f 7949 3794 4811
f 6377 3794 11339
f 7948 3794 8849
f 7948 11339 3794
f 7949 8849 3794
f 6378 3795 4835
f 8855 4835 3795
f 6378 11332 3795
f 6380 3795 11332
f 6380 11333 3795
f 8855 3795 11333
f 4871 3796 4811
f 9007 4811 3796
f 4871 4835 3796
f 8857 3796 4835
f 8865 3796 8857
f 8865 8864 3796
f 8864 9007 3796
f 4187 3797 4178
f 4178 3797 4459
f 4187 4223 3797
f 11231 3798 4223
f 12002 12001 3798
f 4178 4459 3799
f 4178 3799 7959
f 4459 7953 3799
f 7953 7954 3799
f 7959 3799 7954
f 4187 4178 3800
f 4178 7959 3800
f 4187 3800 6464
f 6466 6464 3800
f 6466 3800 7959
f 4187 3801 4223
f 4187 11224 3801
f 11231 4223 3801
f 11227 3801 11224
f 11228 3801 11227
f 11228 11231 3801
f 4041 6100 3802
f 4041 3802 11969
f 4097 3802 4089
f 4089 3802 6088
f 4097 11969 3802
f 3802 6100 6088
f 4089 3804 3803
f 11226 3803 3804
f 11226 3927 3803
f 4097 4089 3803
f 4089 6087 3804
f 11776 3804 6087
f 11226 3804 11776
f 6463 3805 3927
f 3805 8989 3940
f 6463 8989 3805
f 3806 3940 8989
f 3806 8989 7950
f 3808 9491 3807
f 3807 3841 3842
f 6032 9494 3808
f 3808 7781 9491
f 3808 9494 7781
f 3809 3843 3810
f 3809 3852 3843
f 3809 6905 3852
f 3809 11964 6905
f 3810 3844 3841
f 3810 3843 3844
f 3811 3833 7328
f 3811 7328 6905
f 3811 6905 11964
f 3814 3812 3813
f 3815 3813 3812
f 3815 3812 6129
f 3812 11735 6129
f 3814 3813 3816
f 3815 7917 3813
f 7916 3816 3813
f 7916 3813 7917
f 3814 3816 9100
f 3814 9100 8841
f 3815 6129 6130
f 3815 6130 6422
f 3815 6422 7917
f 7914 3816 7915
f 7914 9100 3816
f 7915 3816 7916
f 3916 4060 3817
f 4070 3916 3817
f 4070 3817 4059
f 4833 3817 4060
f 3819 3818 10088
f 3818 6048 11840
f 10088 3818 11387
f 11387 3818 11840
f 3819 10088 7334
f 7998 6048 3820
f 7996 8859 3820
f 7998 3820 8859
f 6474 6475 3821
f 7995 3821 6475
f 7989 3822 11206
f 7994 3824 3823
f 3823 6478 3828
f 3823 3828 7996
f 7994 3823 7996
f 6475 6476 3824
f 6475 3824 7994
f 6476 11206 3824
f 3834 5839 3825
f 4142 3931 3826
f 3826 3931 6782
f 4142 3826 4143
f 4143 3826 6790
f 3826 6782 6783
f 3826 6783 6790
f 3828 6478 8858
f 3828 8859 7996
f 3828 8858 8001
f 3828 8001 8859
f 3830 3831 3833
f 3830 3835 3831
f 3830 11974 3835
f 3833 3831 3832
f 3859 3832 3831
f 3831 3835 3839
f 3859 3831 3839
f 7328 3833 3832
f 11902 3832 3859
f 12061 7328 3832
f 11902 12061 3832
f 5838 5839 3834
f 3836 3837 3838
f 3836 3838 3861
f 3836 3861 3839
f 3837 6462 3838
f 3837 6465 6462
f 3837 7951 6465
f 3838 3863 3861
f 3838 3862 3863
f 3838 6462 3862
f 3859 3839 3861
f 3840 10165 4872
f 3840 4872 11331
f 3844 3843 10401
f 3847 3843 3852
f 3847 10401 3843
f 3845 3850 7967
f 3845 7967 8963
f 6124 3846 6123
f 3846 7964 6123
f 3846 7965 7964
f 3846 8963 7965
f 3847 3852 3848
f 3848 3851 3849
f 3848 3852 3851
f 3849 7979 3850
f 3849 3851 3855
f 3849 3855 12048
f 3849 12048 7979
f 7981 7967 3850
f 7981 3850 7979
f 3851 3852 6905
f 3851 7328 3855
f 3851 6905 7328
f 3853 11893 3856
f 3853 3856 12069
f 3853 11936 11893
f 11902 11936 3853
f 11902 3853 12061
f 3853 12069 12061
f 3855 7328 12061
f 3855 12069 12048
f 3855 12061 12069
f 8961 3857 3856
f 12069 3856 3857
f 12022 7960 3857
f 12048 3857 7960
f 8961 12022 3857
f 12069 3857 12048
f 3858 5890 5891
f 12114 5890 3858
f 3858 5891 5892
f 9960 3858 5892
f 12114 3858 9960
f 3859 3861 11936
f 11902 3859 11936
f 5068 3860 3886
f 5066 3860 5068
f 11936 3861 3863
f 3863 3862 3864
f 8884 3864 3862
f 3863 3864 11893
f 11936 3863 11893
f 8884 10402 3864
f 3866 3865 6596
f 11699 3865 3866
f 3868 3865 11589
f 11699 11589 3865
f 3873 3866 6596
f 10408 11699 3866
f 3868 11624 3867
f 8023 3867 11624
f 3868 11589 11624
f 11187 3869 3870
f 3870 3869 11624
f 8024 8023 3869
f 8023 11624 3869
f 8024 3869 11175
f 11187 11175 3869
f 11187 3870 11516
f 3870 11589 11516
f 3870 11624 11589
f 4865 3871 3888
f 4867 3888 3871
f 4865 4864 3871
f 3871 4864 8427
f 4867 3871 8426
f 8426 3871 8427
f 6385 3872 8803
f 6385 8826 3872
f 3872 8832 8803
f 3872 8826 8825
f 3872 8825 8831
f 3872 8831 8832
f 3875 3873 3874
f 3874 3873 6599
f 3873 6596 6599
f 6511 3875 3874
f 3878 3874 3877
f 3877 3874 6599
f 6511 3874 3878
f 6511 11166 3875
f 3944 3877 3876
f 3877 6599 3876
f 11081 3944 3876
f 3876 6599 6598
f 3876 6598 6601
f 11081 3876 6601
f 3945 3878 3877
f 3944 3945 3877
f 10290 3878 3945
f 6512 6511 3878
f 10290 6512 3878
f 6499 3879 6517
f 6499 10404 3879
f 6516 6517 3879
f 11419 6516 3879
f 10404 10406 3879
f 11419 3879 10406
f 3880 8755 8036
f 3880 8036 11342
f 8866 8755 3880
f 8866 3880 8867
f 8867 3880 11389
f 3880 11342 11389
f 6843 6844 3881
f 6843 3881 10400
f 6844 11183 3881
f 3881 11207 10400
f 3881 11183 11264
f 3881 11264 11207
f 6523 8039 3882
f 6523 3882 11154
f 3882 8039 11153
f 3882 11153 11239
f 11156 11154 3882
f 11156 3882 11239
f 11085 11207 3883
f 11153 3883 11239
f 3883 11207 11264
f 3883 11264 11239
f 3884 11183 6851
f 11156 11239 3884
f 3884 11264 11183
f 3884 11239 11264
f 6522 3885 11149
f 6522 11162 3885
f 8085 8084 3885
f 8084 11149 3885
f 8085 3885 11171
f 3885 11162 11171
f 5068 3886 8471
f 8079 3887 3978
f 8374 3978 3887
f 8079 8087 3887
f 8087 8085 3887
f 8085 11171 3887
f 8374 3887 11171
f 4866 3965 3888
f 4866 3888 4867
f 10410 3889 11072
f 4866 3891 3993
f 4866 7262 3891
f 3891 7262 7264
f 10199 3891 7264
f 3894 3892 3893
f 8898 3893 3892
f 8027 3894 3893
f 6518 3893 8898
f 6518 11164 3893
f 8027 3893 11164
f 8924 8162 3895
f 8924 3895 8922
f 6505 3896 8868
f 3896 8869 8868
f 3897 3898 3900
f 3897 6581 3898
f 3897 3900 3899
f 3897 3899 8068
f 3897 6580 6581
f 3897 8068 6580
f 3898 3901 3900
f 3898 3933 3901
f 3943 3899 3900
f 3943 3942 3899
f 3942 8070 3899
f 3899 8070 8068
f 3943 3900 3901
f 3933 6592 3901
f 3943 3901 6591
f 6592 6591 3901
f 3913 3903 3902
f 10982 3902 3911
f 10982 3913 3902
f 3913 3908 3903
f 3908 9702 3903
f 3904 5574 5572
f 8805 3905 4135
f 8805 8827 3905
f 4147 3906 4149
f 4147 4370 3906
f 4148 10529 3906
f 4864 3939 3907
f 10230 4864 3907
f 7246 7247 3907
f 7247 10230 3907
f 3913 6691 3908
f 3908 6691 6689
f 3912 3909 10874
f 6553 11116 3909
f 6553 3909 11128
f 11116 10874 3909
f 10982 3911 3910
f 10982 3910 3912
f 3912 10874 11112
f 10982 3912 10935
f 10935 3912 11112
f 10935 6691 3913
f 10982 10935 3913
f 3914 6766 3915
f 3915 4375 4377
f 3915 6766 4375
f 4062 4060 3916
f 4062 3916 6742
f 4070 4069 3916
f 4069 6742 3916
f 10806 3917 10809
f 3918 6558 11106
f 3918 11108 6558
f 10809 3918 11106
f 4928 3919 3921
f 3919 10781 3921
f 3919 5057 10781
f 10894 5057 3919
f 3920 3922 6576
f 3920 10781 4053
f 3920 6576 10703
f 3920 10703 10781
f 4976 3921 4860
f 3921 6575 4860
f 4928 3921 4976
f 3921 10703 6575
f 3921 10781 10703
f 6576 3922 4091
f 10836 4091 3922
f 10836 3922 4093
f 3923 4057 10653
f 5069 3950 3924
f 5069 3924 9859
f 4153 3925 8710
f 4153 10568 3925
f 3925 8694 8702
f 10543 8694 3925
f 3925 8702 8710
f 10543 3925 10568
f 3926 8185 6784
f 10454 3926 6784
f 10568 8185 3926
f 10514 3926 10454
f 10543 3926 10514
f 10543 10568 3926
f 6463 3927 6458
f 11226 6458 3927
f 3928 6790 6783
f 6783 10454 3928
f 3928 6784 8189
f 10454 6784 3928
f 3928 6791 6790
f 3928 8189 6791
f 4134 3929 3931
f 3931 3929 10448
f 4134 3935 3929
f 3932 6781 3930
f 10448 3930 6781
f 4142 4134 3931
f 3931 10448 6782
f 10514 6781 3932
f 8816 3934 4391
f 4391 3934 8817
f 6390 8817 3934
f 8819 6390 3934
f 8816 8818 3934
f 8819 3934 8818
f 3938 3935 10706
f 4134 6867 3935
f 3935 6867 10706
f 8808 3936 6116
f 8815 6116 3936
f 8808 8809 3936
f 8809 8816 3936
f 8815 3936 10155
f 10155 3936 8816
f 3937 4067 3985
f 3937 3985 4070
f 3937 4070 4059
f 3937 4072 4067
f 3938 10398 6595
f 3938 6846 10400
f 3938 10706 6846
f 3938 10400 10398
f 4865 3939 4864
f 4865 10822 3939
f 3941 8066 8650
f 3941 10324 8066
f 8077 3941 8650
f 3941 10337 10324
f 3941 11083 10337
f 9141 3942 3943
f 3942 8071 8070
f 9145 8071 3942
f 9141 9140 3942
f 9145 3942 9140
f 9141 3943 6591
f 6602 3944 11081
f 5069 9859 3946
f 9859 11043 3946
f 10290 3947 6604
f 6604 3947 11079
f 8086 3947 10236
f 8086 11079 3947
f 8081 3949 3948
f 10236 3948 3949
f 8080 8081 3948
f 8080 3948 9137
f 10236 9137 3948
f 8081 8085 3949
f 8087 3949 8085
f 8087 8086 3949
f 8086 10236 3949
f 5069 5070 3950
f 9116 3951 3952
f 3952 3951 10001
f 3958 3951 9116
f 3958 9775 3951
f 3953 9975 3952
f 3953 3952 10001
f 3954 9116 3952
f 3954 3952 9975
f 3953 9969 9897
f 3953 10001 9969
f 3954 9113 9117
f 3954 9975 9113
f 3954 9115 9116
f 3954 9117 9115
f 8089 3955 9897
f 11077 3955 8089
f 10441 9897 3955
f 3957 3956 9607
f 9856 3956 3957
f 9602 3956 6608
f 9834 6608 3956
f 9602 9607 3956
f 9856 9834 3956
f 6197 9856 3957
f 6197 3957 11570
f 9607 7699 3957
f 11570 3957 7699
f 3961 3958 3960
f 3960 3958 9124
f 3961 9771 3958
f 3958 9116 9124
f 9771 9775 3958
f 11173 3961 3960
f 3960 9124 9126
f 11173 3960 9126
f 6503 6507 3961
f 6503 3961 11173
f 6507 9771 3961
f 6513 6514 3962
f 6513 3962 6515
f 3962 9771 6515
f 3962 9775 9771
f 3964 3963 10431
f 6617 3963 9721
f 6617 10431 3963
f 3963 10468 9721
f 3964 5682 8608
f 3964 10431 5682
f 9608 3964 8608
f 4862 3965 3993
f 4866 3993 3965
f 8783 3966 9286
f 8783 9577 3966
f 9286 3966 8911
f 3966 9373 8911
f 3969 3968 3967
f 3968 6621 3967
f 3969 3967 6945
f 3967 6621 6951
f 3967 6952 6945
f 3967 6951 6952
f 8783 3968 3969
f 3968 6624 6621
f 3968 9286 6624
f 8783 9286 3968
f 3969 6942 6940
f 8783 3969 6940
f 3969 6945 6942
f 3970 6625 6620
f 3970 6620 11070
f 3970 6624 8911
f 3970 11070 6624
f 3970 9298 6625
f 3970 8911 9298
f 8543 8533 3971
f 8533 11050 3971
f 8640 8746 3971
f 3971 11050 8640
f 8463 3973 3972
f 3973 8608 3972
f 11071 5681 3972
f 3972 8608 5682
f 11071 3972 5682
f 8463 6633 3973
f 8533 3973 6633
f 8543 3973 8533
f 8543 8608 3973
f 6635 3974 6634
f 3974 11042 6634
f 9536 3974 6635
f 3985 4066 3975
f 3985 3975 4069
f 3975 4066 10863
f 3975 8173 4069
f 3975 10863 8173
f 3976 3977 6637
f 3976 6637 6639
f 3976 6639 10453
f 3977 6636 6637
f 11038 6636 3977
f 8078 3978 3981
f 8079 3978 8078
f 3979 3984 3980
f 10438 3979 3980
f 3979 3982 3984
f 3979 8078 3982
f 3980 3984 8232
f 6605 3980 8232
f 11075 3980 6605
f 11075 10438 3980
f 8078 3981 3982
f 3982 3983 3984
f 3983 3986 3984
f 8232 3984 3986
f 3985 4067 4066
f 3985 4069 4070
f 8232 3986 8033
f 3987 3988 3990
f 3987 8003 3988
f 3987 3990 3992
f 3987 3992 7784
f 3987 7784 7765
f 3987 7765 8003
f 3988 3989 3990
f 3988 6881 3989
f 3989 6949 3990
f 6878 6879 3989
f 6878 3989 6881
f 6879 6949 3989
f 3990 3991 3992
f 6949 3991 3990
f 3991 6619 3992
f 11070 6619 3991
f 6949 6621 3991
f 11070 3991 6621
f 6628 3992 6619
f 6628 7784 3992
f 4862 3993 7089
f 3994 7784 3995
f 6853 7765 3994
f 6853 3994 11899
f 7765 7784 3994
f 6629 6626 3995
f 11898 3995 6626
f 6629 3995 6628
f 6628 3995 7784
f 3996 4003 3997
f 4287 4003 3996
f 4287 3996 10910
f 3998 3997 4000
f 4000 3997 4003
f 3998 4000 3999
f 3999 4000 4001
f 3999 4001 10464
f 6640 4001 4000
f 6640 4000 4003
f 6640 4002 4001
f 4009 4002 4008
f 6643 4008 4002
f 6640 6643 4002
f 4005 4003 4004
f 4287 4004 4003
f 6640 4003 4005
f 4005 4004 4007
f 4287 10928 4004
f 6641 4005 4007
f 6640 4005 6643
f 6641 6643 4005
f 6641 10559 4006
f 6641 4006 11019
f 10562 11019 4006
f 6641 4007 10559
f 9595 10559 4007
f 4010 4009 4008
f 4011 4010 4008
f 4011 4008 6642
f 6642 4008 6643
f 7570 4011 6642
f 4012 7438 8616
f 11767 7438 4012
f 11013 4012 8616
f 5095 4013 4857
f 5096 4857 4013
f 5070 5096 4013
f 6286 4014 6253
f 6253 4014 12023
f 6286 11142 4014
f 7219 4014 6546
f 4014 11142 6546
f 7219 12023 4014
f 4025 4015 4023
f 4023 4015 7194
f 7059 7194 4015
f 7059 4015 12028
f 4023 4016 6674
f 4023 7194 4016
f 4016 10950 6674
f 6941 6857 4016
f 4016 6857 10950
f 6941 4016 7194
f 6798 6941 4017
f 6798 4017 10973
f 6906 4017 7213
f 6906 10973 4017
f 6941 7059 4017
f 7059 7213 4017
f 8379 4018 6906
f 6906 4018 10973
f 8379 8139 4018
f 4018 8139 10975
f 4018 10975 10973
f 6798 6672 4019
f 6672 6875 4019
f 6798 4019 6857
f 4019 10948 6857
f 4019 6875 6877
f 4019 6877 10948
f 5072 4020 4107
f 5074 4107 4020
f 5075 4020 5072
f 5448 5074 4020
f 5075 11392 4020
f 5448 4020 11392
f 6772 4021 6160
f 6772 6506 4021
f 6439 4022 4025
f 6556 4025 4022
f 6439 6432 4022
f 6556 4022 6506
f 6439 4025 4023
f 6439 4023 6674
f 6155 6153 4024
f 6153 11698 4024
f 6155 4024 6674
f 6439 4024 6432
f 11698 6432 4024
f 6439 6674 4024
f 4065 6286 4026
f 4065 4026 6739
f 6286 6253 4026
f 6728 4026 6253
f 6729 4026 6728
f 6739 4026 6729
f 4027 6286 4065
f 4065 6731 4027
f 6286 4027 11142
f 6730 4027 10881
f 6730 11142 4027
f 6731 10881 4027
f 4028 6554 6113
f 4028 6692 6554
f 4028 11112 6692
f 4028 6693 11112
f 4029 6113 5987
f 4029 10473 6113
f 4033 8943 4031
f 4031 5888 5951
f 4031 8943 5888
f 4038 4037 4032
f 4032 4037 5945
f 4038 4032 5888
f 4032 5951 5888
f 4033 8936 8944
f 4033 10934 8943
f 4033 8944 10934
f 4034 5660 4035
f 4034 4036 5660
f 4035 5587 5525
f 4035 5525 8236
f 4035 5660 5587
f 4036 5945 5660
f 4036 10471 5945
f 4038 5367 4037
f 4037 5367 5587
f 4037 5587 5660
f 4037 5660 5945
f 4040 5367 4038
f 4040 4038 5430
f 4038 5888 5430
f 4039 5587 5367
f 6701 4039 5367
f 4039 5525 5587
f 4039 8152 5525
f 6701 8153 4039
f 8248 8152 4039
f 4039 8153 8248
f 4040 5430 5227
f 4040 5227 6701
f 4040 6701 5367
f 6094 6099 4041
f 4041 6099 6100
f 4859 4042 10820
f 4043 4066 4521
f 4043 10863 4066
f 4068 4043 4521
f 4068 6741 4043
f 6741 10867 4043
f 10867 10863 4043
f 4044 5227 5153
f 4044 10927 5227
f 6703 10918 4044
f 4044 10918 10927
f 4047 4045 4046
f 4048 4046 4045
f 4554 4048 4045
f 4554 4045 8541
f 9147 4047 4046
f 9147 4046 9149
f 8148 8147 4047
f 9147 8148 4047
f 4552 4048 4554
f 4552 4556 4048
f 4049 4050 4051
f 4049 4052 4050
f 8373 4049 4051
f 4049 4564 4052
f 4049 4548 4564
f 8375 4548 4049
f 8375 4049 8373
f 8968 4051 4050
f 4050 4052 8969
f 8968 4050 8970
f 4050 8969 8970
f 8980 8373 4051
f 8968 8981 4051
f 8980 4051 8981
f 4564 4561 4052
f 4052 4561 8895
f 8969 4052 8895
f 5050 4054 4053
f 5050 4053 6721
f 5057 6721 4053
f 5057 4053 10781
f 5050 4055 4054
f 10899 4054 4055
f 6718 4055 8978
f 6718 10899 4055
f 4928 4976 4056
f 4976 4860 4057
f 4057 4860 10653
f 4058 4060 4803
f 4833 4060 4058
f 4833 4058 4063
f 8218 4063 4058
f 8227 4058 4803
f 8218 4058 8227
f 4062 4803 4060
f 4061 4062 4577
f 4061 4803 4062
f 4061 4577 11009
f 4061 8227 4803
f 4061 8154 8227
f 4061 11009 8154
f 4062 11008 4577
f 4062 6742 11008
f 4833 4063 4064
f 6720 4064 4063
f 6720 4063 6719
f 6719 4063 8218
f 4086 4064 6743
f 6720 6743 4064
f 4065 6740 6731
f 4065 6739 6740
f 4067 4521 4066
f 4072 6735 4067
f 4067 6735 4521
f 4068 4521 10876
f 6731 4068 6736
f 6731 6740 4068
f 6736 4068 10876
f 4068 6740 6741
f 8173 6742 4069
f 4071 6748 10841
f 4072 6747 6735
f 4072 10841 6747
f 4075 8928 4073
f 4077 4075 4076
f 4077 8928 4075
f 4077 4076 8896
f 8910 8896 4076
f 8910 4076 8909
f 4078 4077 8896
f 4078 8927 4077
f 4077 8927 8928
f 8915 4078 8896
f 8916 4078 8915
f 8929 4078 8916
f 8929 8927 4078
f 4081 4079 10840
f 4079 8927 4083
f 4079 4083 10840
f 4079 8928 8927
f 4081 6751 4082
f 4081 10840 6751
f 6752 4084 4082
f 6752 4082 6751
f 6753 4083 8930
f 6753 10840 4083
f 4083 8927 8930
f 4086 6743 6744
f 4089 6088 6087
f 10836 4093 4090
f 4090 8126 6754
f 10836 4090 6754
f 6576 4091 6572
f 6572 4091 11098
f 10836 6755 4091
f 4091 6755 11098
f 6764 6763 4092
f 8179 8178 4094
f 4095 7265 4858
f 4095 4858 10917
f 4095 7264 7265
f 10199 7264 4095
f 4096 4098 4099
f 4096 4101 4098
f 6698 4096 4099
f 4096 8177 4101
f 6698 8174 4096
f 4096 8174 8177
f 6704 4099 4098
f 4098 4101 10901
f 6707 6704 4098
f 6708 6707 4098
f 6708 4098 10901
f 6698 4099 5268
f 6704 6703 4099
f 4100 6757 6761
f 6762 4100 6761
f 6762 10901 4100
f 4101 8177 8179
f 8248 4102 8246
f 8302 4102 8248
f 10925 4102 8302
f 6702 10915 4103
f 6702 4103 10925
f 10422 10481 4104
f 4105 6116 8815
f 4105 11736 6116
f 4105 8815 12015
f 4106 10420 6553
f 4106 6553 11128
f 5826 4107 5074
f 4109 5077 4117
f 4109 4117 11165
f 4882 5077 4109
f 4882 4109 11168
f 4109 11167 11168
f 4113 6400 11285
f 11312 6400 4113
f 4113 11285 6410
f 11313 4113 6410
f 4115 4118 4116
f 4115 5634 4118
f 4152 5076 4117
f 4117 5076 11165
f 4118 5634 4119
f 8202 8200 4121
f 4121 8200 8214
f 8202 4121 8203
f 4122 4127 4123
f 4122 4123 6836
f 4122 8877 4127
f 4122 6836 4235
f 4122 4235 8420
f 4122 8420 8877
f 4123 4127 10407
f 4123 6837 6836
f 4124 10731 6832
f 4124 6833 10731
f 4126 8420 4125
f 4139 4125 4236
f 4234 4236 4125
f 4234 4125 8420
f 4126 6779 8877
f 4126 10786 6779
f 4126 6780 10786
f 4126 8877 8420
f 4127 4133 10407
f 4127 10785 4133
f 4127 8877 10785
f 4128 8804 4135
f 7910 8801 4128
f 8801 8804 4128
f 4132 4129 4130
f 6825 4130 4129
f 10817 4129 4132
f 6823 4129 6769
f 6769 4129 10817
f 6825 4129 6823
f 8372 4132 4130
f 4130 6826 6811
f 8372 4130 6811
f 6825 6826 4130
f 10817 4132 4131
f 6770 4131 10790
f 6770 10817 4131
f 6773 10790 4131
f 6773 4133 10802
f 10785 10802 4133
f 4142 6865 4134
f 4134 6865 6867
f 8804 8832 4135
f 8805 4135 8830
f 4135 8832 8830
f 4138 4136 6865
f 4138 6868 4136
f 4136 6867 6865
f 4136 10706 6867
f 4136 6868 6869
f 4136 6869 10706
f 4140 4137 8802
f 4140 8803 4137
f 8797 4137 8800
f 8797 8802 4137
f 8800 4137 8801
f 8801 4137 8804
f 8803 8804 4137
f 4139 4138 4145
f 4139 4236 4138
f 4138 6865 4145
f 4138 4236 6868
f 4139 4145 4146
f 6385 8803 4140
f 4140 8802 10866
f 10689 4853 4141
f 4142 4143 4145
f 4142 4145 6865
f 4143 4146 4145
f 4143 6792 4146
f 4143 6790 6792
f 7910 4144 4161
f 8798 4161 4144
f 8798 4144 11258
f 11258 4144 12054
f 4146 6792 10784
f 4147 4149 8741
f 4147 10432 4370
f 4147 8741 10432
f 4798 11715 4149
f 11715 8741 4149
f 4798 4150 4151
f 8703 4151 4150
f 8703 4150 10122
f 4798 4151 11715
f 8046 4151 8049
f 11715 4151 8046
f 8703 8049 4151
f 4157 7524 4154
f 4157 4154 12044
f 4154 7523 7313
f 4154 7313 12044
f 4154 7524 7523
f 4157 12044 4155
f 4155 9518 12180
f 4157 4156 7524
f 4157 10523 4156
f 4156 12163 7524
f 4158 9520 12149
f 4158 12149 10524
f 4159 6799 6800
f 4159 10536 6799
f 4159 6800 12149
f 4159 12149 9520
f 12110 4160 10539
f 8800 7910 4161
f 8799 8800 4161
f 4162 10773 4164
f 10779 4162 4164
f 8193 4162 8212
f 8193 12089 4162
f 10779 8212 4162
f 12089 10773 4162
f 8222 7993 4163
f 7993 12089 4163
f 8193 8194 4163
f 8193 4163 12089
f 8220 4163 8194
f 8220 8222 4163
f 4164 8190 6786
f 10779 4164 6786
f 4164 8192 8190
f 4164 10773 8192
f 7991 6795 4165
f 6795 10773 4165
f 7991 4165 7993
f 7993 4165 12089
f 12089 4165 10773
f 4168 9278 4166
f 4168 4166 12086
f 9277 4166 9278
f 9277 9279 4166
f 4168 4167 11706
f 4168 12086 4167
f 4169 12076 4167
f 4169 4167 12086
f 4167 4198 11706
f 12042 4198 4167
f 12042 4167 12076
f 4168 10606 9278
f 4168 11706 10606
f 4169 9283 6809
f 4169 6809 12076
f 4170 12030 4171
f 4170 4171 12042
f 4172 4170 11517
f 4172 12030 4170
f 4170 12076 11517
f 4170 12042 12076
f 11773 4195 4171
f 4171 4195 12042
f 11773 4171 11856
f 4171 12030 11856
f 4172 11517 4173
f 4172 4173 12036
f 4172 12036 12030
f 4173 4219 4220
f 4173 11517 4219
f 4173 4220 11505
f 4174 11857 4193
f 4174 4193 12036
f 4174 10741 6808
f 4174 6808 11857
f 4175 4176 4181
f 4175 4181 5657
f 4175 5648 5646
f 4175 5657 5648
f 4181 4176 11916
f 10555 12024 4176
f 11916 4176 12024
f 6803 10746 4177
f 6803 4177 10754
f 4177 10746 12024
f 11930 10754 4177
f 11930 4177 11941
f 4179 6802 10762
f 4179 11649 6802
f 11954 7927 4179
f 11954 4179 10762
f 6801 4180 10762
f 6801 11930 4180
f 11954 10762 4180
f 11917 4180 11941
f 11954 4180 11917
f 11930 11941 4180
f 6806 5657 4181
f 6806 4181 10747
f 4181 11916 10747
f 4189 4183 4182
f 4189 4182 11908
f 4182 10566 11908
f 7579 4183 4189
f 4185 7573 4184
f 4184 7573 7570
f 4185 7574 7573
f 7578 7574 4185
f 7582 7578 4185
f 4186 10560 11871
f 4186 11908 10566
f 11861 4186 11871
f 11861 11908 4186
f 4187 6464 11224
f 5622 4189 4188
f 4189 11908 4188
f 5622 4188 5623
f 5623 4188 5627
f 5627 4188 11861
f 11861 4188 11908
f 5622 7579 4189
f 4291 7561 4190
f 4291 4190 11869
f 5627 4190 7561
f 5627 11861 4190
f 11861 11871 4190
f 4190 11871 11869
f 4191 7598 5656
f 6806 4191 5657
f 6806 9730 4191
f 4191 9730 7598
f 6808 4194 4192
f 4192 4194 10609
f 6808 4192 11857
f 11857 4192 11819
f 4196 4193 11819
f 4196 11856 4193
f 4193 11857 11819
f 4193 11856 12030
f 4193 12030 12036
f 4194 4199 4200
f 4194 11680 4199
f 10609 4194 4200
f 6808 11680 4194
f 10954 4198 4195
f 12042 4195 4198
f 11732 10954 4195
f 11732 4195 11773
f 4197 4196 11739
f 4197 11773 4196
f 4196 11819 11739
f 4196 11773 11856
f 10937 4197 4274
f 4197 11739 4274
f 10937 11732 4197
f 4197 11732 11773
f 10954 11115 4198
f 11706 4198 11115
f 11680 4201 4199
f 4199 4201 11681
f 4216 11596 4201
f 4216 4201 11680
f 4201 11596 11681
f 4218 11523 4202
f 4218 4202 11681
f 10605 4202 11660
f 11523 11660 4202
f 4214 4213 4203
f 11643 4203 4213
f 4214 4203 11523
f 11523 4203 11660
f 4204 4208 6009
f 4204 10760 4208
f 4204 4209 10760
f 4204 11653 4209
f 4204 10244 11653
f 4207 4205 4206
f 4206 4205 10551
f 4207 11649 4205
f 4208 10760 4207
f 4207 10760 11649
f 4208 6010 6009
f 6802 4209 4211
f 11635 4211 4209
f 6802 10760 4209
f 11653 11635 4209
f 11643 11604 4210
f 6801 4211 10748
f 6801 10762 4211
f 6802 4211 10762
f 10748 4211 11635
f 4850 4212 4255
f 4847 4848 4212
f 4847 4212 4852
f 4850 4852 4212
f 10754 4213 4214
f 6804 10748 4213
f 6804 4213 10754
f 11604 4213 10748
f 11643 4213 11604
f 6803 10754 4214
f 6803 4214 11534
f 4214 11523 11534
f 6806 4215 9730
f 6806 10747 4215
f 9731 9730 4215
f 9731 4215 11602
f 4215 10747 11580
f 4215 11580 11602
f 6807 11602 4216
f 6807 4216 11680
f 11580 11596 4216
f 11602 11580 4216
f 4218 4217 11534
f 4218 11596 4217
f 6805 4217 10747
f 6805 11534 4217
f 11580 10747 4217
f 11580 4217 11596
f 11523 4218 11534
f 4218 11681 11596
f 8666 4220 4219
f 4219 6809 9253
f 4219 11517 6809
f 9253 8666 4219
f 8666 8667 4220
f 5775 4221 4222
f 5774 4221 5775
f 6966 5775 4222
f 6966 4222 6968
f 6967 6968 4222
f 4226 4224 4225
f 4225 4224 11493
f 4227 4224 4226
f 4227 8231 4224
f 9458 4224 8231
f 9458 11493 4224
f 4229 4226 4225
f 4228 4227 4226
f 4228 4226 8247
f 4229 8247 4226
f 4228 8239 4227
f 4227 8240 8231
f 4227 8239 8240
f 4228 8241 8239
f 4228 8242 8241
f 4228 8247 8242
f 4229 8249 8247
f 11458 8249 4229
f 4230 6810 6811
f 6826 4230 6811
f 6826 8249 4230
f 11458 4230 8249
f 4232 10725 4231
f 4232 4231 11789
f 4231 10725 10173
f 10731 4232 6831
f 6831 4232 11423
f 10731 10725 4232
f 4232 11789 11423
f 4233 9000 6876
f 4233 6876 11423
f 10674 9000 4233
f 10674 4233 10686
f 4238 4234 4235
f 4235 4234 8420
f 4234 4237 4236
f 4234 10705 4237
f 4238 10705 4234
f 4238 4235 6839
f 6839 4235 6836
f 6868 4236 4237
f 6868 4237 6871
f 4237 6870 6871
f 10705 6870 4237
f 4238 6839 10721
f 4238 10721 10705
f 7499 4239 4240
f 7498 6886 4239
f 11959 4239 6886
f 7499 7498 4239
f 7500 7499 4240
f 7500 4240 9184
f 9182 9184 4240
f 4242 4241 11002
f 11370 4241 4242
f 4241 4280 11058
f 11370 4280 4241
f 11002 4241 11028
f 4241 11058 11028
f 4281 4242 11002
f 11022 4242 4281
f 10594 4242 11022
f 11370 4242 10594
f 10597 11299 4243
f 11302 4243 11299
f 11326 4243 11302
f 4244 4245 11139
f 11302 4245 4244
f 4279 4244 11139
f 4279 11310 4244
f 11326 11302 4244
f 11326 4244 11310
f 4261 4245 4260
f 4263 4260 4245
f 4261 11139 4245
f 11302 4263 4245
f 7481 4246 4247
f 4247 4246 11246
f 11257 4246 4254
f 7481 11289 4246
f 11257 11246 4246
f 7481 4247 9851
f 4247 11246 11638
f 4249 4250 4248
f 4249 4248 11282
f 9161 4250 4249
f 9162 4249 4251
f 4249 11282 4251
f 9161 4249 9162
f 10997 5431 4250
f 9161 10997 4250
f 8572 4251 5589
f 5589 4251 11282
f 8572 9163 4251
f 9162 4251 9163
f 4252 4253 11638
f 4252 11638 11246
f 6904 4254 10646
f 6904 11257 4254
f 4254 10602 10646
f 4850 4255 5370
f 4258 10182 4256
f 4258 4256 11244
f 5346 9666 4256
f 5346 4256 10121
f 4256 9666 11244
f 10182 10121 4256
f 4769 4768 4257
f 4768 4849 4257
f 4850 4769 4257
f 4257 4849 4851
f 4850 4257 4852
f 4257 4851 4852
f 4258 10185 10182
f 4258 10644 10185
f 4258 10640 10644
f 4258 11244 10640
f 4266 4259 11157
f 11181 4259 4266
f 11181 10640 4259
f 10640 11244 4259
f 11225 11157 4259
f 11225 4259 11244
f 7626 4261 4260
f 4263 11150 4260
f 7626 4260 11157
f 4260 11150 11157
f 9275 4268 4261
f 4268 11139 4261
f 9275 4261 7626
f 4262 4264 4265
f 4262 4265 11181
f 4262 11181 4266
f 4262 4266 11219
f 11219 11150 4263
f 11219 4263 11299
f 11302 11299 4263
f 8253 4265 4264
f 8252 8253 4264
f 10829 8252 4264
f 4265 10612 4267
f 11181 4265 4267
f 8253 10611 4265
f 4265 10611 10612
f 4266 11157 11150
f 4266 11150 11219
f 10644 4267 10612
f 10644 10640 4267
f 11181 4267 10640
f 6932 4269 4268
f 4269 11139 4268
f 6932 4268 9276
f 9275 9276 4268
f 4279 4269 11058
f 4279 11139 4269
f 6932 10604 4269
f 4269 10604 11058
f 6933 4271 4270
f 4271 11028 4270
f 6933 4270 10604
f 4270 11058 10604
f 4270 11028 11058
f 10962 4285 4271
f 4285 11028 4271
f 6933 11115 4271
f 10962 4271 11115
f 9816 4273 4272
f 4272 4273 11114
f 7509 4272 7511
f 7512 4272 7509
f 4272 11114 7511
f 7512 9816 4272
f 9816 7508 4273
f 7508 11096 4273
f 4273 11096 10610
f 4273 10610 11114
f 10936 4274 7508
f 4274 11096 7508
f 10936 10937 4274
f 4274 11739 11096
f 4275 4277 8578
f 4275 11089 4277
f 4275 8577 4284
f 4275 4284 10984
f 4275 8578 8577
f 4275 10984 11089
f 4276 4278 10936
f 4276 10936 9815
f 4277 8580 8578
f 4277 8581 8580
f 10937 4278 4286
f 10936 4278 10937
f 4280 4279 11058
f 4280 11310 4279
f 11370 11310 4280
f 8577 4282 4281
f 11022 4281 4282
f 8577 4281 4284
f 4281 11002 4284
f 6903 4282 8577
f 6903 10646 4282
f 11018 4282 10646
f 11022 4282 11018
f 4283 5076 5078
f 11165 5076 4283
f 10984 4284 4285
f 11002 4285 4284
f 10984 4285 10962
f 11002 11028 4285
f 10937 4286 11732
f 11732 4286 10954
f 4288 4287 10910
f 4288 10928 4287
f 4288 10890 10928
f 10847 4289 10832
f 10847 10890 4289
f 4290 10890 10847
f 4290 10928 10890
f 4291 5639 5635
f 4291 5635 7561
f 4291 5637 5639
f 4291 11869 5637
f 4292 5083 5084
f 4297 4293 4296
f 5637 4293 4297
f 11869 4293 5637
f 6437 8790 4294
f 6437 4294 8791
f 8790 8789 4294
f 8789 9722 4294
f 4295 9004 4296
f 9009 4297 4296
f 9009 4296 9004
f 5637 4297 6938
f 9006 6938 4297
f 9009 9006 4297
f 4300 4298 4302
f 6936 4298 4300
f 4302 4298 10828
f 6936 9005 4298
f 9005 9003 4298
f 9003 10828 4298
f 6934 6935 4299
f 6935 6937 4299
f 6937 10810 4299
f 9589 4299 10624
f 4299 10810 10624
f 4300 4302 10810
f 10600 6936 4300
f 10600 4300 6937
f 6937 4300 10810
f 9002 4301 10828
f 10624 4302 10629
f 10624 10810 4302
f 10629 4302 10828
f 8799 4304 8787
f 4305 4306 4307
f 4305 4307 10798
f 4306 6964 4307
f 4306 6946 6964
f 4306 10618 6946
f 4308 4307 10585
f 4308 10798 4307
f 4307 6964 10585
f 10585 10670 4308
f 10670 10671 4308
f 4311 4309 4310
f 4311 6817 4309
f 4309 6815 6816
f 4309 6817 6815
f 4311 4310 10719
f 4324 4310 4316
f 4324 10719 4310
f 4311 4323 4319
f 4311 4319 6817
f 4311 4322 4323
f 4311 10719 4322
f 10506 4312 4313
f 4312 10752 4313
f 10766 4313 10752
f 4314 10752 10641
f 10766 10752 4314
f 8198 4315 8196
f 8196 4315 10637
f 8198 10647 4315
f 4317 10650 10738
f 4318 4319 4320
f 4318 6817 4319
f 4318 4320 6821
f 4318 6814 6817
f 4318 6819 6814
f 4318 6821 6819
f 4321 4320 4319
f 4323 4321 4319
f 4321 8250 4320
f 6821 4320 8245
f 4320 8250 8245
f 4323 8230 4321
f 4321 8230 8243
f 4321 8243 8250
f 8229 4323 4322
f 4325 8229 4322
f 4325 4322 10719
f 8229 8230 4323
f 4324 10732 10719
f 4332 8229 4325
f 10699 4332 4325
f 10699 4325 10732
f 4325 10719 10732
f 4327 4326 8228
f 4326 8239 8228
f 4326 8237 8240
f 4326 8240 8239
f 4328 6967 4327
f 4328 4327 8228
f 4331 4328 4330
f 4330 4328 8228
f 4331 6967 4328
f 4332 4330 4329
f 4330 8228 4329
f 4332 4329 8229
f 4329 8228 8241
f 4329 8230 8229
f 4329 8242 8230
f 4329 8241 8242
f 4333 4331 4330
f 10699 4330 4332
f 10699 4333 4330
f 4333 6970 4331
f 4331 6968 6967
f 4331 6970 6968
f 4333 10698 6970
f 4335 4334 6974
f 4335 7546 4334
f 4334 5522 7545
f 4334 7546 5522
f 4337 4335 4336
f 4339 4336 4335
f 4337 7546 4335
f 4339 4335 4338
f 4338 4335 6974
f 4337 4336 5519
f 4339 8535 4336
f 4336 5518 5519
f 4336 8535 5518
f 4337 5519 5520
f 8536 4339 4338
f 4338 6974 6973
f 4338 6973 8539
f 4338 8539 8536
f 4339 8534 8535
f 4339 8536 8534
f 4341 4340 4343
f 4341 8538 4340
f 4340 8538 4342
f 4341 4343 5427
f 4341 5427 8547
f 4341 8544 8538
f 4341 8547 8544
f 6973 6972 4342
f 8538 6973 4342
f 5425 5427 4343
f 8540 5425 4343
f 4344 5088 5087
f 4344 11148 5088
f 4344 9860 11148
f 4345 4854 4853
f 4345 4853 10689
f 4345 10642 4854
f 4345 10667 10642
f 4347 4346 10588
f 4347 10642 4346
f 4346 4352 10583
f 4346 10667 4352
f 10588 4346 10583
f 10642 10667 4346
f 4847 4347 4848
f 4847 10642 4347
f 4848 4347 10601
f 4347 10588 10601
f 4349 4348 6998
f 4349 10639 4348
f 10563 6998 4348
f 10563 4348 10662
f 4348 10639 10632
f 4348 10632 10663
f 4348 10663 10662
f 4349 6994 6997
f 4349 6998 6994
f 4349 6997 10561
f 4349 10561 10639
f 10588 10583 4350
f 4350 10583 10632
f 10601 10588 4350
f 4350 10632 10639
f 6984 6987 4351
f 6987 7843 4351
f 10554 4351 7843
f 10554 10663 4351
f 6984 4352 6985
f 6985 4352 10667
f 4355 4354 4353
f 4354 10528 4353
f 4355 4353 10548
f 4353 10691 10548
f 4355 6996 4354
f 4354 6995 10526
f 4354 10526 10528
f 4356 6996 4355
f 4359 4356 4357
f 4359 6997 4356
f 4356 6997 6996
f 4358 4360 4357
f 4359 4357 4360
f 4359 4360 10482
f 4359 10561 6997
f 4359 10482 10561
f 4361 4363 4362
f 4361 4362 4368
f 4361 7000 4363
f 4362 4363 4364
f 4362 4364 4371
f 4362 10432 4368
f 4362 4371 10432
f 4363 10360 4364
f 4382 4363 7000
f 4382 10360 4363
f 4364 4380 4371
f 4364 4381 4380
f 4364 10360 4381
f 8043 4365 4366
f 8045 4366 4365
f 8045 4365 4367
f 10517 4367 4365
f 8043 4366 8044
f 8740 8044 4366
f 8737 4366 8045
f 8737 8740 4366
f 4367 4368 4369
f 8045 4367 4369
f 4368 10432 4369
f 8045 4369 8046
f 8741 8046 4369
f 8741 4369 10432
f 10416 4370 4371
f 4370 10432 4371
f 10416 4371 4380
f 4372 7283 4841
f 4372 4842 7283
f 10416 4380 4373
f 4377 4375 8278
f 4375 6765 8277
f 4375 10819 6765
f 4375 6766 10819
f 4375 8277 8278
f 10552 4376 4377
f 6999 4376 10552
f 10552 4377 8278
f 6999 4378 4379
f 10375 10681 4378
f 4382 7000 4379
f 6999 4379 7000
f 4383 10327 4381
f 4383 4381 10360
f 4382 10347 10360
f 10332 10327 4383
f 4383 10360 10347
f 4384 5086 5083
f 4384 5088 5086
f 4384 5087 5088
f 4384 9786 5087
f 4385 10294 9616
f 4385 10700 10294
f 4385 10317 10697
f 4385 10697 10700
f 4386 10701 10317
f 10268 10237 4387
f 10237 10285 4387
f 4387 10285 10276
f 10232 10279 4388
f 10232 4388 10709
f 10237 4388 10285
f 4388 10279 10285
f 4389 10184 10205
f 10197 4389 10252
f 10197 12016 4389
f 4389 10205 10252
f 4390 10136 10140
f 4390 10205 10136
f 4390 10140 10329
f 10155 8816 4391
f 10136 4391 8817
f 10136 10205 4391
f 10155 4391 10184
f 10184 4391 10205
f 8784 8845 4392
f 9701 8785 4392
f 9701 4392 8845
f 4396 4394 4393
f 4396 4393 4395
f 4393 10136 4395
f 4393 10140 10136
f 4396 10091 4394
f 4394 8281 8282
f 4394 10091 8281
f 4396 4395 6387
f 6387 4395 6386
f 6386 4395 8817
f 10136 8817 4395
f 4396 6387 10129
f 4396 10129 10091
f 4398 4397 10041
f 4398 10129 4397
f 10041 4397 4407
f 10129 11324 4397
f 4400 10091 4398
f 4400 4398 10118
f 4398 10041 4402
f 4398 4402 10118
f 4398 10091 10129
f 4399 4402 8291
f 4399 10118 4402
f 4399 8291 7680
f 4399 10114 10118
f 4400 8286 8281
f 4400 8281 10091
f 4400 10114 8286
f 4400 10118 10114
f 4401 8291 4402
f 4401 4402 10041
f 4401 4408 4406
f 4401 4406 10546
f 4401 10041 4408
f 4401 10546 8291
f 9971 4404 4403
f 10020 4403 4405
f 9971 4403 4413
f 9994 4413 4403
f 9994 4403 10020
f 9971 4420 4404
f 4420 10532 4404
f 6901 4404 10532
f 4406 4408 4405
f 10544 4406 4405
f 10020 4405 4408
f 10546 4406 10544
f 10020 4408 4407
f 10041 4407 4408
f 10000 10020 4407
f 4409 7877 7876
f 4409 7876 9291
f 7887 7877 4409
f 7887 4409 8777
f 4409 8782 8777
f 4409 9291 8782
f 9971 4413 4410
f 9996 4410 4413
f 4411 4520 4608
f 4411 4837 4520
f 4411 4608 4555
f 4411 4555 5547
f 4411 5547 4826
f 7281 4411 4826
f 7281 4837 4411
f 4475 4412 7816
f 8770 4412 4475
f 9086 7816 4412
f 8770 9085 4412
f 9086 4412 9085
f 9994 9996 4413
f 4416 4417 4415
f 4417 4416 4419
f 4421 4419 4416
f 4421 4416 7006
f 4419 4418 4417
f 4419 7004 4418
f 4420 4418 10532
f 4420 11169 4418
f 10532 4418 7004
f 4421 10535 4419
f 4419 10535 7004
f 4421 7006 10531
f 4421 10531 8323
f 4421 8323 10535
f 4422 8478 8482
f 9892 8478 4422
f 9929 4422 8482
f 10714 4422 9929
f 4423 5160 5161
f 7409 4423 5161
f 9835 4431 4424
f 4426 4449 4429
f 4426 4429 9864
f 4426 4447 4449
f 5092 5091 4427
f 9820 4432 4428
f 9835 4428 4432
f 9820 4428 9864
f 9650 4430 4429
f 4429 4430 9864
f 4429 4449 4451
f 9650 4429 4451
f 4455 4430 4454
f 9650 4454 4430
f 9820 4430 4455
f 9820 9864 4430
f 9835 4432 4431
f 4436 9685 4433
f 9805 4436 4433
f 4440 5146 4433
f 4440 4433 9685
f 4433 5146 5287
f 9805 4433 5287
f 9794 9784 4434
f 9784 9805 4434
f 9794 4435 9784
f 9794 9789 4435
f 9784 4437 4436
f 9728 9685 4436
f 9784 4436 9805
f 4439 4438 4452
f 4440 9685 4438
f 4452 4438 9685
f 9650 4450 4439
f 4454 4439 4452
f 9650 4439 4454
f 4440 5407 5146
f 4443 4441 4442
f 4444 4442 4441
f 9681 4441 4443
f 4448 4443 4442
f 4444 4445 4442
f 4449 4447 4443
f 9681 4443 4447
f 4448 4449 4443
f 4444 5128 4445
f 4444 5129 5128
f 8769 4446 6107
f 8771 6107 4446
f 8769 7812 4446
f 9435 4446 7812
f 8771 4446 8770
f 8770 4446 9435
f 4449 4448 4451
f 4451 4448 4450
f 9650 4451 4450
f 4454 4452 9635
f 4452 9728 9635
f 4452 9685 9728
f 5094 4857 4453
f 5094 4453 5093
f 4453 9865 5093
f 4455 4454 9635
f 4455 9635 10727
f 4456 7016 8325
f 4456 11431 7016
f 4457 7846 7845
f 10751 4457 7845
f 4457 9372 7846
f 9605 9372 4457
f 10751 9605 4457
f 7381 9356 4458
f 4458 9356 7859
f 4458 7859 9372
f 9605 4458 9372
f 4459 7952 7953
f 6486 6477 4460
f 6477 9598 4460
f 7162 6486 4460
f 7162 4460 10352
f 10361 4460 9598
f 10361 10352 4460
f 4622 4461 6849
f 4622 8384 4461
f 4679 6849 4461
f 4679 4461 9598
f 9603 4461 8384
f 9598 4461 9603
f 4640 5842 4462
f 4640 4462 5843
f 5810 9765 4462
f 9765 5843 4462
f 8338 4463 7022
f 4463 9585 7022
f 8326 7212 4463
f 4463 7212 9597
f 8326 4463 8338
f 4463 9597 9585
f 4473 4465 4464
f 4474 4464 4465
f 4473 4464 4466
f 4464 9522 4466
f 4474 4477 4464
f 4477 9522 4464
f 4473 8411 4465
f 4465 8411 8410
f 4472 4466 4471
f 4466 9522 4471
f 4472 9528 4466
f 4473 4466 9528
f 4469 9528 4467
f 4469 4467 9557
f 9531 4512 4467
f 4467 4512 9562
f 9531 4467 9528
f 4467 9562 9557
f 4470 9549 4468
f 4470 4468 10853
f 4468 9549 9557
f 4469 4692 6412
f 4469 9549 4692
f 4469 6412 9528
f 4469 9557 9549
f 4698 4470 6347
f 4698 6401 4470
f 4707 6347 4470
f 4707 4470 10853
f 4470 6401 9549
f 7149 4472 4471
f 8341 7149 4471
f 8341 4471 8340
f 9522 8340 4471
f 7149 9531 4472
f 9531 9528 4472
f 4473 6412 8411
f 4473 9528 6412
f 10503 4474 4476
f 10503 4477 4474
f 8771 4475 6108
f 4475 9419 6108
f 4475 7816 9419
f 8771 8770 4475
f 4476 7044 7047
f 4476 7047 7050
f 10503 4476 7050
f 4477 4478 9522
f 10501 4478 4477
f 10501 4477 10503
f 7026 7053 4478
f 7026 4478 10501
f 7053 8340 4478
f 4478 8340 9522
f 4479 4480 4481
f 4479 4486 4480
f 4479 4481 8353
f 4479 8350 4486
f 4479 7145 8350
f 4479 8353 7145
f 4480 4490 4481
f 4480 4486 9473
f 4480 9386 4490
f 4480 9473 9386
f 4481 4490 9405
f 4481 8348 8353
f 4481 9405 8348
f 7805 4574 4483
f 8767 4483 4574
f 6111 4483 9420
f 6111 11743 4483
f 8767 6112 4483
f 9420 4483 6112
f 11743 7805 4483
f 4523 8753 4485
f 4523 4485 8766
f 7818 4485 8753
f 7818 9417 4485
f 8767 8766 4485
f 9417 8767 4485
f 4486 4487 9473
f 9454 4488 4487
f 4487 4488 9473
f 4488 4489 9473
f 4488 9647 4489
f 4489 9411 9386
f 4489 9386 9473
f 4490 9386 9385
f 4490 9385 9405
f 4491 9385 9411
f 8343 8342 4492
f 8342 8348 4492
f 8343 4492 9708
f 4492 8348 9405
f 4497 4495 4493
f 7092 4497 4493
f 7057 4494 7058
f 7057 7068 4494
f 7058 4494 9382
f 10801 4494 7068
f 9369 9382 4494
f 10801 9369 4494
f 4497 9382 4495
f 9369 4495 9382
f 10795 4495 9369
f 7091 4496 4497
f 4497 4496 9382
f 6236 7058 4496
f 7058 9382 4496
f 7092 7091 4497
f 7580 4499 4498
f 9351 4498 4499
f 9357 7580 4498
f 9351 9280 4498
f 9351 4499 4504
f 7580 10771 4499
f 4500 4501 4502
f 7039 4501 4500
f 7026 4500 4502
f 7026 7041 4500
f 4501 4503 4502
f 9314 4503 4501
f 7039 4511 4501
f 9314 4501 4511
f 4502 4503 7054
f 7026 4502 7053
f 4502 7054 7053
f 9248 4503 4510
f 9314 4510 4503
f 9248 7054 4503
f 9351 4504 4505
f 9314 4511 4505
f 9351 4505 4511
f 9341 9314 4505
f 4508 4507 4506
f 4508 4506 10489
f 4509 10489 4506
f 4508 7054 4507
f 9248 4507 7054
f 9248 10774 4507
f 4508 7151 7054
f 4508 8341 7151
f 4508 10489 8341
f 4513 10485 4509
f 4513 4509 10780
f 4509 10485 10489
f 9248 4510 10774
f 9341 4510 9314
f 7039 9280 4511
f 9351 4511 9280
f 7070 9196 4512
f 7070 4512 9531
f 4513 9196 10485
f 4513 10782 9196
f 4514 4515 4516
f 4514 7099 4515
f 4515 8349 4516
f 4515 7099 8353
f 4515 8348 8349
f 4515 8353 8348
f 4516 8349 8347
f 4517 4522 4519
f 4517 10791 4522
f 4517 9190 10791
f 4518 4519 4522
f 4518 8345 4519
f 4518 4522 9686
f 4518 8344 8345
f 4520 4836 4608
f 4520 4837 4838
f 10876 4521 6735
f 4523 8757 8753
f 12009 4523 8766
f 4524 4585 4584
f 7668 9177 4524
f 9177 7997 4524
f 4525 8965 4527
f 9177 4525 4527
f 4525 4597 8965
f 4525 10418 4597
f 4598 4525 9177
f 4598 10418 4525
f 4526 4529 4742
f 4526 9084 4529
f 4526 8965 4530
f 4526 4530 9084
f 4526 4742 4739
f 4526 4739 8965
f 4740 4527 4739
f 4527 8965 4739
f 7997 4527 4740
f 9177 4527 7997
f 4528 10796 9142
f 4529 4737 5615
f 4529 5615 4742
f 4531 4530 8965
f 9036 4530 4531
f 4597 4531 8965
f 4597 10419 4531
f 9036 4531 10419
f 4532 8359 4541
f 4532 4541 8645
f 4532 8362 8359
f 4533 4555 4834
f 8847 4534 8759
f 10903 8759 4534
f 4535 4713 4537
f 4535 4537 4719
f 4535 4719 4718
f 4535 4718 6098
f 4535 6098 8758
f 4536 8692 4538
f 8722 4536 4538
f 4536 6098 4539
f 8692 4536 4539
f 8722 6098 4536
f 4537 4713 4714
f 4537 4714 4715
f 4537 4715 4717
f 4537 4717 4719
f 8722 4538 8687
f 8692 10805 4538
f 4539 6098 4718
f 4539 4718 6110
f 4539 6110 10811
f 8692 4539 10811
f 4540 8645 4541
f 4541 8359 8360
f 6978 7090 4542
f 6978 4542 8363
f 7090 8558 4542
f 8360 8363 4542
f 8558 10815 4542
f 8376 4544 4543
f 8883 4543 4544
f 8377 8376 4543
f 8380 8377 4543
f 8381 8380 4543
f 8381 4543 8883
f 8883 4544 4545
f 10900 4545 4544
f 6710 4544 8376
f 6710 10900 4544
f 8155 4545 4546
f 10900 4546 4545
f 8155 6647 4545
f 6647 8883 4545
f 8156 4546 6712
f 10900 6712 4546
f 8155 4546 8156
f 4549 4547 4548
f 4564 4548 4547
f 4570 4547 4549
f 8370 4564 4547
f 4570 4565 4547
f 8370 4547 4565
f 8375 4549 4548
f 8377 4570 4549
f 8376 4549 8375
f 8377 4549 8376
f 4550 6705 4551
f 4550 4551 10904
f 4550 10908 6705
f 4550 8489 8484
f 4550 8484 10908
f 4550 10904 8489
f 6706 4551 6705
f 6707 4551 6706
f 6707 6709 4551
f 6709 10904 4551
f 4552 4554 8489
f 4552 6759 4556
f 4552 10904 6759
f 4552 8489 10904
f 4553 8489 4554
f 4553 4554 8541
f 4553 8484 8489
f 4553 8503 8484
f 10826 8503 4553
f 10826 4553 8541
f 4608 4834 4555
f 4556 6759 8890
f 4556 8890 8891
f 4557 4558 7098
f 4557 8140 4558
f 4600 8140 4557
f 4557 7098 8468
f 4558 4563 7098
f 4558 8460 4563
f 4558 8140 8141
f 4558 8141 8460
f 8378 4560 4559
f 8460 4559 4560
f 8378 4559 6699
f 8460 8151 4559
f 4563 4560 8336
f 8460 4560 4563
f 4566 8336 4560
f 8378 4566 4560
f 4562 6699 4561
f 8370 4562 4561
f 8370 4561 4564
f 6699 8893 4561
f 4561 8893 8895
f 4567 4562 4565
f 8370 4565 4562
f 8378 4562 4567
f 8378 6699 4562
f 4572 7098 4563
f 4572 4563 8336
f 4569 4567 4565
f 4570 4569 4565
f 4573 8369 4566
f 8378 4573 4566
f 8369 8336 4566
f 6965 4567 4569
f 6965 4573 4567
f 8378 4567 4573
f 4568 5572 5574
f 4568 5574 5573
f 4571 4569 4570
f 4571 8366 4569
f 6965 4569 8366
f 8377 4571 4570
f 6953 8366 4571
f 6953 4571 8367
f 8377 8367 4571
f 4572 7101 7098
f 4572 7102 7101
f 4572 8336 7102
f 6965 8369 4573
f 8767 4574 8766
f 7105 4575 7106
f 10908 7106 4575
f 10908 4575 8225
f 4575 10915 8225
f 6702 4576 10915
f 6702 10923 4576
f 6706 6705 4576
f 6705 8225 4576
f 6706 4576 10923
f 4576 8225 10915
f 6646 4577 8879
f 6646 11009 4577
f 4577 11008 8879
f 4578 4579 5856
f 8175 4579 4578
f 4578 5856 10860
f 8175 4578 10831
f 5816 5856 4579
f 5816 4579 10830
f 6102 8732 4581
f 6102 4581 9452
f 7804 4581 8765
f 9452 4581 7804
f 8732 8764 4581
f 8764 8765 4581
f 7116 10433 4582
f 10434 7116 4582
f 10434 4582 8052
f 8052 4582 10838
f 8047 4583 7109
f 10443 7109 4583
f 4583 7801 7110
f 10443 4583 7110
f 7707 7801 4583
f 8047 7707 4583
f 4584 4585 7958
f 7707 4584 7958
f 8047 4584 7707
f 7236 7962 4585
f 7958 4585 7962
f 7236 4586 7962
f 7236 10266 4586
f 10263 4586 7237
f 4586 10266 7237
f 7962 4586 10307
f 10307 4586 10263
f 7813 4588 4587
f 7958 4587 4588
f 4589 4587 7198
f 7813 4587 4589
f 10307 7198 4587
f 7958 7962 4587
f 7962 10307 4587
f 7707 4588 7801
f 7707 7958 4588
f 7801 4588 7813
f 4591 4589 7199
f 4591 7689 4589
f 4589 7198 7199
f 7813 4589 7689
f 4590 7110 7801
f 4590 10435 7110
f 4590 7689 7111
f 4590 7111 10435
f 4590 7813 7689
f 4590 7801 7813
f 4593 4591 4592
f 4592 4591 7199
f 4593 7112 4591
f 4591 7112 7689
f 4593 4592 7115
f 4592 7118 7115
f 4592 7201 7118
f 4592 7199 7201
f 4593 7113 7112
f 4593 7117 7113
f 4593 7115 7117
f 4594 5880 4595
f 4595 7672 4594
f 7214 5880 4594
f 7215 7214 4594
f 7215 4594 7671
f 4594 7672 7671
f 5880 5913 4595
f 5957 4595 5913
f 7122 4595 5957
f 7672 4595 7122
f 4596 7115 7118
f 4596 7121 7115
f 4596 7118 7671
f 4596 7672 7121
f 4596 7671 7672
f 4597 10418 7124
f 4597 7124 10419
f 4598 10403 7125
f 4598 7125 10418
f 4598 9177 7668
f 4598 7668 10403
f 4599 7625 4600
f 4599 7126 7625
f 4600 7625 4601
f 4600 4601 8140
f 4601 7625 8144
f 8140 4601 8324
f 4601 8144 8142
f 4601 8142 8324
f 4602 4603 4604
f 7507 4603 4602
f 4602 4604 8503
f 10825 7507 4602
f 10826 4602 8503
f 10826 10825 4602
f 4603 7108 4604
f 4603 7112 7108
f 4603 7111 7112
f 7507 7111 4603
f 4604 7105 7106
f 4604 7108 7105
f 4604 7106 8503
f 4607 4605 4606
f 8390 4606 4605
f 8400 4605 4607
f 8397 8390 4605
f 8400 8397 4605
f 4607 4606 7097
f 4606 7093 7095
f 8390 7093 4606
f 4606 7095 7097
f 4607 6787 4670
f 8400 4607 4670
f 4607 7097 6787
f 4609 4617 7252
f 10384 4617 4609
f 4609 7161 4624
f 10392 4609 4624
f 4609 7252 7161
f 10384 4609 10392
f 4610 7138 7137
f 10391 4610 7137
f 4610 10839 7138
f 7459 7397 4610
f 4610 7397 10839
f 7459 4610 10391
f 6529 4611 6822
f 6529 6954 4611
f 4611 8388 6822
f 7459 4611 6954
f 7459 7133 4611
f 4611 7133 8388
f 4612 7260 4615
f 4612 6268 6267
f 7381 4612 6267
f 7381 7260 4612
f 4613 4615 4617
f 4613 4617 4616
f 4613 4616 7287
f 4613 7287 12153
f 4614 4616 4618
f 4614 7287 4616
f 4614 4618 10376
f 4614 10376 8438
f 4615 7252 4617
f 10384 4616 4617
f 10384 4618 4616
f 7134 4619 4618
f 4618 4619 10376
f 10384 7134 4618
f 10391 4619 7134
f 4619 7137 10376
f 10391 7137 4619
f 7157 7164 4620
f 7157 4620 10753
f 7164 7252 4620
f 7157 4622 6849
f 4622 6860 8384
f 4623 11704 10111
f 7161 4625 4624
f 4624 4625 8389
f 4624 8389 8388
f 10392 4624 8388
f 6827 4625 7120
f 6827 8386 4625
f 7161 7120 4625
f 4625 8386 8389
f 7140 4627 4626
f 4626 4627 7364
f 10040 7087 4626
f 4626 7087 10369
f 7140 4626 10369
f 10040 4626 7364
f 4627 7148 4628
f 4627 4628 7364
f 7140 7141 4627
f 7141 7148 4627
f 7143 4628 7146
f 7143 7365 4628
f 4628 7148 7146
f 4628 7365 7364
f 4629 7087 7019
f 7136 4629 7019
f 7135 4629 7136
f 7135 10373 4629
f 4630 7019 7087
f 4630 7360 7019
f 10040 4630 7087
f 4630 7361 7360
f 10042 7361 4630
f 10042 4630 10040
f 6143 4631 11724
f 6143 11726 4631
f 4631 6969 7147
f 4631 11726 6969
f 4631 7147 7148
f 11724 4631 7148
f 4632 4633 6969
f 4632 7350 4633
f 4632 6969 8330
f 4632 10064 7350
f 4632 8330 7351
f 4632 7351 10064
f 4633 7147 6969
f 7142 7147 4633
f 7142 4633 7348
f 4633 7350 7348
f 4634 11722 6143
f 4634 6143 11724
f 7141 4634 11724
f 6142 4636 4635
f 4635 4636 6956
f 6540 4635 4639
f 4635 6956 4639
f 4671 6142 4635
f 6540 4671 4635
f 4636 6149 4637
f 4636 4637 6956
f 6142 6151 4636
f 4636 6151 6149
f 11711 4637 6149
f 6956 4637 6894
f 4637 11717 6894
f 11711 11717 4637
f 6538 4639 4638
f 4639 6908 4638
f 6538 4638 6954
f 7428 4638 6908
f 7428 6954 4638
f 6538 6540 4639
f 4639 6894 6908
f 4639 6956 6894
f 4640 5844 5842
f 4640 5843 5853
f 4640 5853 5844
f 6150 6678 4641
f 6150 4641 11708
f 6678 10944 4641
f 4641 6877 6892
f 10944 6877 4641
f 11708 4641 6892
f 4642 6892 6875
f 10972 4642 6875
f 4642 6880 6892
f 4642 11721 6880
f 10965 4642 10972
f 10965 11721 4642
f 4643 6788 4644
f 6860 4643 4644
f 4643 4645 6788
f 10751 4645 4643
f 4648 4649 4644
f 4648 4644 4652
f 6860 4644 4649
f 4644 6788 4652
f 6788 4645 10364
f 7845 7150 4645
f 10364 4645 7150
f 10751 7845 4645
f 4646 4651 4652
f 4646 4652 4653
f 4646 4653 10334
f 7179 4646 10334
f 4647 7179 10340
f 4648 7156 4649
f 4648 4652 4651
f 6860 4649 8384
f 8384 4649 7156
f 4650 4829 4657
f 4650 4657 4830
f 4650 4845 4829
f 4650 4844 4845
f 4653 4652 6788
f 4653 6788 10364
f 7175 10334 4653
f 7175 4653 10364
f 4654 4669 4670
f 4654 6737 4669
f 4654 4670 6787
f 4654 10452 6737
f 7103 4654 6787
f 6948 4654 7103
f 6948 10452 4654
f 4655 7128 4656
f 4655 4656 10452
f 6948 8368 4655
f 6948 4655 10452
f 4655 10394 7128
f 4655 8368 10394
f 4662 6686 4656
f 4662 4656 7128
f 6686 6632 4656
f 4656 6632 10452
f 7279 4657 4829
f 7279 10902 4657
f 6864 6688 4658
f 6688 7128 4658
f 6864 4658 7129
f 7127 7129 4658
f 7127 4658 10394
f 10394 4658 7128
f 6864 4659 4660
f 4659 8596 4660
f 6864 8383 4659
f 4659 7130 7131
f 4659 10393 7130
f 4659 7131 8596
f 4659 8383 10393
f 6864 4660 4661
f 8100 4661 4660
f 8102 8100 4660
f 8102 4660 8596
f 4661 4663 4662
f 4661 4662 6688
f 8100 4663 4661
f 6864 4661 6688
f 4662 4663 6686
f 4662 7128 6688
f 4663 4665 6686
f 8101 4665 4663
f 8101 4663 8100
f 4665 6676 4664
f 4665 4664 6686
f 6686 4664 6632
f 4664 7163 6632
f 10350 4664 6676
f 10350 7163 4664
f 6655 6676 4665
f 8101 6655 4665
f 4677 4676 4666
f 6486 4666 4676
f 4677 4666 6644
f 10350 4666 6486
f 6676 6644 4666
f 10350 6676 4666
f 6613 4667 6623
f 6613 6655 4667
f 4667 7160 6623
f 8101 4667 6655
f 8102 7160 4667
f 8102 4667 8101
f 4677 6644 4668
f 10348 4677 4668
f 6613 4668 6655
f 6613 7165 4668
f 6655 4668 6644
f 10348 4668 7165
f 8399 4670 4669
f 6737 7163 4669
f 7163 10351 4669
f 8399 4669 10351
f 8400 4670 8399
f 4675 4671 6606
f 4675 11729 4671
f 4671 11729 6142
f 6540 6606 4671
f 6613 6623 4672
f 6613 4672 7165
f 6623 8431 4672
f 4672 7166 7165
f 8115 7166 4672
f 7167 8115 4672
f 7167 4672 8431
f 4673 6623 7160
f 8431 6623 4673
f 4673 7160 8599
f 8118 8119 4673
f 8118 4673 8599
f 8431 4673 8119
f 6529 4674 6538
f 6529 7173 4674
f 6538 4674 6540
f 6540 4674 6606
f 4674 7172 6606
f 4674 7173 7172
f 4675 6606 8114
f 8115 4675 8114
f 8115 8117 4675
f 4675 8117 11729
f 4680 4676 4677
f 4680 6470 4676
f 4676 6470 6477
f 6486 4676 6477
f 10348 4680 4677
f 4679 9598 4678
f 10346 4679 4678
f 4678 6477 6470
f 4678 6470 7168
f 4678 9598 6477
f 10346 4678 7168
f 4679 6827 8385
f 10346 6827 4679
f 4679 8385 6849
f 4680 7168 6470
f 4680 7169 7168
f 10348 7169 4680
f 4826 4681 4828
f 4681 4856 4827
f 7278 4681 4827
f 7278 4828 4681
f 6282 6438 4682
f 7055 6282 4682
f 7063 4682 6438
f 7056 7055 4682
f 7056 4682 10498
f 10498 4682 7063
f 4685 4683 6438
f 6785 4683 4685
f 7063 6438 4683
f 6785 8403 4683
f 6793 7063 4683
f 6793 4683 8403
f 4684 4685 6438
f 4684 7181 4685
f 4684 6282 4704
f 4684 4704 10331
f 4684 6438 6282
f 4684 10331 7181
f 6785 4685 7182
f 7181 7182 4685
f 8756 6106 4686
f 11760 4686 6106
f 8753 4686 6108
f 11760 6108 4686
f 8753 8757 4686
f 8756 4686 8757
f 7184 4687 4688
f 7852 4687 7184
f 7852 7855 4687
f 8774 4687 7855
f 7184 4688 4689
f 7188 4689 4690
f 7185 7184 4689
f 7185 4689 7188
f 7188 4690 6597
f 8415 6597 4690
f 8769 6107 4691
f 11747 4691 6107
f 8742 4691 6109
f 11747 6109 4691
f 8768 4691 8742
f 8769 4691 8768
f 6401 4699 4692
f 8412 4692 4699
f 6401 4692 9549
f 8412 6412 4692
f 4696 4693 4694
f 4708 4693 4696
f 4708 6203 4693
f 4696 4694 4695
f 8404 4695 4694
f 8402 8403 4694
f 8404 4694 8403
f 4700 4696 4695
f 4700 4695 4701
f 8407 4701 4695
f 8407 4695 8404
f 4700 6347 4696
f 4708 4696 6347
f 8743 4697 6025
f 4697 9496 6025
f 8734 8733 4697
f 4697 8733 9496
f 8744 8734 4697
f 8744 4697 8743
f 4700 4702 4698
f 4700 4698 6347
f 4698 4702 6290
f 4698 6290 6401
f 6401 6290 4699
f 6290 6587 4699
f 8414 4699 6587
f 8414 8412 4699
f 4700 4701 4702
f 4701 4703 4702
f 6683 4703 4701
f 8407 6683 4701
f 8416 4702 4703
f 8416 6290 4702
f 6695 6597 4703
f 8416 4703 6597
f 6695 4703 6683
f 4704 4706 4705
f 4704 4705 10849
f 4704 6282 4706
f 4705 4706 7058
f 6236 4705 7058
f 10846 4705 6236
f 10849 4705 10846
f 4706 6282 7055
f 4706 7055 7057
f 4706 7057 7058
f 4708 4707 6209
f 4708 6347 4707
f 4707 10854 6209
f 4708 6209 6203
f 5094 4709 4711
f 5094 5093 4709
f 4710 4712 4715
f 4710 4715 4714
f 5095 5094 4711
f 5095 4711 11177
f 4712 4716 4715
f 7223 4716 4712
f 6120 4714 4713
f 4715 4716 4717
f 7220 4717 4716
f 7220 4716 7221
f 7223 7221 4716
f 4722 4719 4717
f 4722 4717 7220
f 4721 4718 4719
f 4721 6110 4718
f 4722 4721 4719
f 8730 4720 6097
f 11772 6097 4720
f 6102 4720 8732
f 11772 4720 6102
f 8729 4720 8730
f 8729 8732 4720
f 4724 4721 4722
f 4724 6049 4721
f 4721 6049 6110
f 4824 4727 4723
f 10898 4841 4723
f 6001 6049 4724
f 6001 4724 9691
f 4725 7210 5965
f 10313 4725 5965
f 7192 4725 10313
f 7192 10315 4725
f 7214 7210 4725
f 7214 4725 10315
f 4814 4726 4815
f 4814 4817 4726
f 8428 4815 4726
f 4817 4818 4726
f 4818 4819 4726
f 8428 4726 4819
f 4816 4727 4817
f 4817 4727 4825
f 4824 4825 4727
f 4729 4728 5811
f 4729 5957 4728
f 4730 5885 4728
f 4730 4728 5913
f 5811 4728 5885
f 5957 5913 4728
f 4732 5957 4729
f 10445 4732 4729
f 4734 4729 5811
f 10445 4729 4734
f 4730 5869 5885
f 10315 5869 4730
f 4730 5913 5880
f 10315 4730 5880
f 4733 5811 4731
f 7193 4802 4731
f 4731 5811 5885
f 4731 5885 5869
f 7193 4731 5869
f 10426 5957 4732
f 10426 4732 7119
f 4734 5811 4733
f 4734 4733 5856
f 4733 10860 5856
f 4734 5856 5816
f 10445 4734 5816
f 10303 4736 4735
f 7222 4735 7221
f 10303 4735 7222
f 10303 5754 4736
f 4741 5615 4737
f 4741 4737 5720
f 5754 5720 4737
f 5754 4738 5720
f 4738 10300 5720
f 10303 4738 5754
f 4738 7226 7227
f 10303 7226 4738
f 4738 7227 10300
f 4742 4740 4739
f 4742 10862 4740
f 4741 5720 10300
f 4741 10300 7228
f 4742 5615 10862
f 6036 4743 6037
f 6036 8723 4743
f 6037 4743 11968
f 4743 8723 6096
f 4746 4744 4745
f 7256 4745 4744
f 4753 4744 4746
f 4754 4752 4744
f 7256 4744 4752
f 4754 4744 4753
f 7084 4746 4745
f 7256 7255 4745
f 4753 4746 8417
f 7084 7086 4746
f 7086 8418 4746
f 8417 4746 8418
f 6064 7866 4747
f 5964 4748 8720
f 5964 12053 4748
f 7712 7713 4748
f 8721 7712 4748
f 8720 4748 7713
f 8721 4748 12053
f 4755 4753 4749
f 4753 8417 4749
f 4755 4749 8421
f 6586 4749 8417
f 6586 8422 4749
f 4749 8422 8421
f 7256 4752 4750
f 4752 10261 4750
f 7216 7254 4750
f 7216 4750 10305
f 7217 4750 10261
f 7217 10305 4750
f 7256 4750 7254
f 5085 9729 4751
f 5085 4751 10339
f 4754 7238 4752
f 4752 7238 10261
f 4755 4754 4753
f 4756 4754 4755
f 4756 7238 4754
f 4756 4755 5569
f 4755 8421 5569
f 4756 5569 5496
f 4756 5496 10259
f 4756 10259 7238
f 4757 4758 5511
f 4757 10272 4758
f 4757 5511 5569
f 4757 5569 8421
f 4757 8421 10280
f 4757 10280 10272
f 4758 10266 5511
f 4758 7237 10266
f 4758 10272 7237
f 4761 7244 4759
f 4759 10479 5457
f 4759 7244 7075
f 4759 7075 10479
f 10479 4760 5457
f 9022 4760 9018
f 10479 9018 4760
f 9022 10460 4760
f 4761 7240 7274
f 4761 7245 7244
f 4761 7274 7245
f 10872 5446 4762
f 7074 7073 4762
f 5446 5450 4763
f 10865 4763 5450
f 5322 4773 4764
f 5322 4764 10476
f 7080 4764 5409
f 7080 10476 4764
f 4771 4767 4765
f 4765 4767 5406
f 5370 4765 4769
f 4765 5406 4769
f 4770 4771 4765
f 5370 4770 4765
f 4766 4771 4772
f 4766 7078 4771
f 4766 4772 5322
f 4766 5322 7079
f 4766 7079 7078
f 7078 4767 4771
f 7275 5406 4767
f 7078 10179 4767
f 7275 4767 10179
f 4769 5406 4768
f 4768 4822 4849
f 4768 10181 4822
f 4768 5406 10181
f 4850 5370 4769
f 4770 4772 4771
f 10870 5322 4772
f 10870 4773 5322
f 4774 4775 4776
f 4774 5239 4775
f 4796 4774 4776
f 4796 4780 4774
f 4774 4780 5235
f 4774 5235 5239
f 4775 4805 4776
f 4796 4776 5073
f 4806 4776 4805
f 5073 4776 4806
f 4777 4797 4807
f 5053 4797 4777
f 4777 4807 4880
f 4777 4880 5201
f 5171 5053 4777
f 5171 4777 5201
f 4778 5201 4863
f 5157 4781 4779
f 5101 4794 4779
f 5157 4779 4794
f 5101 4779 5235
f 4796 4799 4780
f 4799 5031 4780
f 5101 4780 5031
f 5101 5235 4780
f 4782 4794 4783
f 10878 4782 4783
f 5157 4794 4782
f 4783 4795 4792
f 4783 4794 4795
f 4787 4784 4788
f 4784 4790 4788
f 4784 4793 4790
f 4784 4792 4793
f 5156 4785 4786
f 8356 4786 4785
f 4785 4787 4788
f 5156 4787 4785
f 7040 4785 4788
f 7040 8356 4785
f 7082 4786 8356
f 7082 10480 4786
f 4788 4790 4789
f 4788 4789 4791
f 7040 4788 4791
f 9029 4789 4790
f 7232 4791 4789
f 9031 7232 4789
f 9031 4789 9029
f 7040 4791 7230
f 7229 7230 4791
f 7232 7229 4791
f 7276 4793 4792
f 4795 7276 4792
f 5147 4793 7276
f 5101 4795 4794
f 5101 5031 4795
f 4795 5031 7276
f 4796 5009 4799
f 4796 5073 5009
f 4797 4800 5009
f 5053 4800 4797
f 5073 4807 4797
f 5073 4797 5009
f 4799 5009 7277
f 4799 10177 5031
f 4799 7277 10177
f 4800 7277 5009
f 5053 8435 4800
f 10882 7277 4800
f 8435 10882 4800
f 4980 4802 4801
f 8434 4801 4802
f 5171 4801 6469
f 8434 6469 4801
f 8434 4802 7193
f 10679 4969 4804
f 10893 4804 4969
f 5073 4806 4807
f 10892 4807 4806
f 10892 4880 4807
f 4863 5201 4808
f 5201 4880 4808
f 4809 4846 5545
f 4809 5545 5543
f 4810 5541 4846
f 6377 4871 4811
f 7949 4811 9007
f 4813 5936 5935
f 4813 5935 5944
f 4813 5939 5936
f 8716 5939 4813
f 4813 5944 5947
f 8716 4813 5947
f 4814 4816 4817
f 7246 4815 7247
f 7247 4815 8428
f 4817 4825 4818
f 8433 4819 4818
f 4818 4825 4822
f 8433 4818 4822
f 6531 4819 6530
f 6530 4819 8433
f 6531 8428 4819
f 4820 4821 4824
f 4821 4822 4825
f 4821 4849 4822
f 4821 4825 4824
f 8433 4822 10181
f 4823 7696 7697
f 8714 4823 7697
f 8714 8715 4823
f 8715 11891 4823
f 7281 4826 4828
f 4828 4832 4831
f 7281 4828 4831
f 7278 4832 4828
f 4845 4832 4829
f 7279 4829 4832
f 10565 4830 8263
f 9705 4830 10565
f 4839 4837 4831
f 7281 4831 4837
f 7279 4832 7278
f 6378 4835 4871
f 8855 8857 4835
f 4839 4838 4837
f 10102 4838 4839
f 4887 8707 4840
f 4887 4840 8709
f 8715 4840 8707
f 8709 4840 8712
f 8714 8712 4840
f 8714 4840 8715
f 4844 4842 4843
f 10175 4842 4844
f 7283 4842 10175
f 4845 4844 4843
f 5545 4846 5541
f 4847 4852 4854
f 4847 4854 10642
f 10875 4848 10601
f 4854 4852 4851
f 4854 4851 4853
f 8265 4856 4855
f 8265 4855 5542
f 5095 4857 5094
f 10216 7224 4858
f 7224 10917 4858
f 4858 7265 7266
f 10216 4858 7266
f 10457 7089 4859
f 4860 6575 6574
f 10653 4860 6574
f 5070 4861 5096
f 11117 4861 11040
f 10457 4862 7089
f 10459 4862 10457
f 10230 8427 4864
f 4866 4867 7262
f 6535 4867 8426
f 6535 10201 4867
f 10201 7262 4867
f 5200 4868 4869
f 5200 9802 4868
f 5200 4869 7107
f 7107 4869 7288
f 7288 4869 7291
f 4870 9727 4934
f 6377 11341 4871
f 6378 4871 11341
f 7286 6365 4872
f 6365 11331 4872
f 7286 4872 10165
f 10924 5022 4873
f 10931 4878 4876
f 4877 7697 7695
f 4877 7695 8704
f 8714 7697 4877
f 8713 4877 8704
f 8712 4877 8713
f 8712 8714 4877
f 10924 4878 10929
f 4888 4886 4881
f 4882 5102 5077
f 4882 11179 5102
f 4883 4886 4884
f 9742 4883 4884
f 9742 9745 4883
f 4884 4886 4885
f 4887 8709 5948
f 9567 4887 5948
f 4887 7703 8707
f 9567 7703 4887
f 4889 10031 10164
f 4890 8699 8697
f 4890 9080 8699
f 4890 9079 9245
f 4890 9245 9080
f 7338 7337 4892
f 10112 4892 7337
f 7339 7338 4892
f 7298 4895 4893
f 7344 7339 4894
f 7344 4894 7345
f 7345 4896 4931
f 4897 4929 4930
f 4897 10152 4929
f 7298 8436 4897
f 4897 8436 10152
f 4898 10992 10996
f 4899 7301 10157
f 4899 10995 7301
f 6320 4901 4900
f 6320 4900 10299
f 6320 4905 4901
f 11390 11394 4902
f 5103 11185 4903
f 5103 4903 11232
f 11382 4906 4905
f 6320 6321 4905
f 11382 4905 6321
f 11372 4906 11382
f 4909 4910 4911
f 11989 4909 11992
f 10135 4911 4910
f 7306 7312 4910
f 10135 4910 7312
f 11381 6324 4912
f 7302 6325 4912
f 11381 4912 6325
f 10146 7302 4912
f 4915 4913 4914
f 6473 4914 4913
f 4915 7961 4913
f 7986 6473 4913
f 7978 4913 7961
f 7986 4913 7978
f 6473 6474 4914
f 4921 7961 4915
f 4917 4918 4916
f 4921 4917 4916
f 4920 4916 4919
f 4921 4916 4920
f 4917 10101 4918
f 4918 10101 6366
f 4920 4919 7973
f 7973 4919 7972
f 4921 4920 7961
f 4920 7976 7961
f 4920 7973 7976
f 4923 7325 7326
f 7341 7347 4925
f 7341 4925 10089
f 7347 7346 4925
f 10089 4926 7330
f 10095 7330 4926
f 4935 4937 4927
f 4937 7300 4927
f 4929 4937 4930
f 4929 7300 4937
f 4929 10152 7300
f 7343 4931 4938
f 7343 7342 4931
f 7342 7345 4931
f 10941 4932 4933
f 4932 4940 4938
f 7343 4938 4940
f 7343 4940 4939
f 10942 4939 4940
f 7343 4939 7346
f 4941 4942 10073
f 4941 10073 7349
f 7144 4943 4942
f 4942 4943 10073
f 7142 4943 7146
f 7142 10073 4943
f 7143 4943 7144
f 7143 7146 4943
f 4945 4944 8137
f 10256 4944 4945
f 4944 10070 8137
f 4944 10069 10070
f 4944 10946 10069
f 10256 10946 4944
f 4945 8132 8135
f 4945 8137 8132
f 4946 4948 4949
f 4946 11459 4948
f 4946 4949 6254
f 4946 6251 6250
f 4946 6250 11459
f 4946 6254 6251
f 4953 4947 10048
f 4953 11459 4947
f 6248 4947 11459
f 4947 10053 10048
f 4948 4950 4949
f 4948 11459 4953
f 4949 4950 4951
f 4949 4951 6254
f 4951 4964 4960
f 4951 4960 6254
f 5107 4952 5103
f 5103 4952 11185
f 5108 4952 5107
f 7357 4953 10048
f 7354 7353 4954
f 10043 7354 4954
f 10043 4954 7357
f 9151 4966 4956
f 8442 8444 4958
f 10035 4958 8444
f 4959 6254 4960
f 11453 4959 4960
f 4959 6251 6254
f 11455 6251 4959
f 11453 11455 4959
f 4960 4965 4962
f 11453 4960 4962
f 4960 4964 4965
f 6270 4962 4961
f 7861 6270 4961
f 6274 6273 4961
f 6275 4961 6273
f 7861 4961 6275
f 6270 6269 4962
f 11453 4962 6269
f 9300 6274 4963
f 7363 9153 4968
f 9154 4968 9153
f 5104 11232 4970
f 4982 4971 4972
f 4974 4973 4971
f 4975 4974 4971
f 4982 4975 4971
f 4982 4972 4981
f 7900 4981 4972
f 4974 9044 4973
f 4973 9044 9045
f 4975 9050 4974
f 4974 9048 9044
f 4974 9050 9048
f 5104 4977 5103
f 5107 5103 4977
f 5107 4977 11204
f 7903 4979 4978
f 9714 4978 4979
f 4982 4981 4978
f 7903 4978 4981
f 7903 7902 4979
f 7902 7904 4979
f 10857 10858 4980
f 7903 4981 7900
f 4983 6427 9011
f 4985 4986 4984
f 4989 4984 4987
f 9321 4984 4989
f 4985 4992 4991
f 4988 4986 6289
f 4987 11425 6287
f 4988 6291 6288
f 4992 9322 9323
f 10969 4993 4994
f 5109 4995 5110
f 5110 4995 5111
f 5111 4995 5117
f 4999 4996 4997
f 5000 4999 4997
f 5000 4997 6271
f 4997 6260 6271
f 5000 4998 4999
f 5000 6271 7860
f 5003 5001 5004
f 5006 5004 5002
f 5005 5003 5004
f 5005 11401 5003
f 5003 11401 6305
f 5005 5004 5006
f 9322 5007 5008
f 9322 5010 5007
f 9302 9324 5008
f 9322 5008 9323
f 9323 5008 9324
f 5013 7383 6292
f 5013 6292 8449
f 5013 7382 7383
f 5014 8695 7643
f 5014 7643 9657
f 5014 8693 8698
f 5014 9668 8693
f 5014 8698 8695
f 5014 9657 9668
f 5017 7293 5015
f 7293 7294 5015
f 5015 7294 10162
f 7380 5015 10162
f 5017 6292 6265
f 5017 6265 7293
f 5017 8448 6292
f 5018 5019 5020
f 5018 7383 5019
f 5018 5020 7292
f 5018 7293 6265
f 5018 6265 7383
f 5018 7292 7293
f 5019 5021 5020
f 5019 5023 5021
f 5019 7382 5023
f 5019 7383 7382
f 10924 10929 5022
f 5035 5032 5025
f 5026 5030 5027
f 5027 5033 5032
f 10149 5028 5029
f 10177 7276 5031
f 5037 5038 7665
f 5037 9634 5039
f 5037 5039 9646
f 5037 9646 5040
f 5037 7665 9634
f 5038 7664 7665
f 5039 9634 7667
f 5039 7667 9648
f 5039 9648 9646
f 10537 5041 5040
f 10537 5040 9646
f 7654 7655 5042
f 7654 5042 10537
f 5046 8700 8695
f 5046 8695 9234
f 5046 8697 8699
f 5046 9235 8697
f 5046 8699 8700
f 5046 9234 9235
f 5050 6721 8977
f 5052 7388 10025
f 5171 6469 5053
f 5053 6469 8435
f 8464 5961 5055
f 5961 9991 5056
f 9991 7400 5056
f 10002 5056 7400
f 10002 10003 5056
f 6722 6721 5057
f 10894 6722 5057
f 11067 5059 5058
f 5466 5058 11218
f 5466 11654 5058
f 11067 5058 11654
f 5434 5059 11067
f 5441 11218 5060
f 5872 5061 8465
f 5916 8465 5061
f 5062 11174 5440
f 5062 5440 11496
f 11477 5062 11496
f 7096 5082 5063
f 5063 5082 7452
f 7096 5063 8691
f 7450 8691 5063
f 7450 5063 9914
f 5063 7452 9914
f 5113 5064 5120
f 5113 5123 5064
f 11230 5064 5123
f 5066 5068 8461
f 5963 5066 8462
f 8462 5066 8461
f 5067 8461 5068
f 5067 5068 8471
f 8473 8461 5067
f 8470 5067 8472
f 8473 5067 8470
f 5067 8471 8472
f 5113 5121 5071
f 5113 5071 5124
f 5071 5121 9900
f 5075 5072 11408
f 5072 8480 5817
f 5072 5817 11408
f 5448 11442 5074
f 5074 5449 11196
f 11442 5449 5074
f 5826 5074 11196
f 5075 11354 5447
f 5075 5447 11392
f 5075 11408 11354
f 5077 5102 5098
f 5081 5086 11148
f 5081 11161 5086
f 5789 5082 7096
f 5789 8693 5082
f 7452 5082 9668
f 8693 9668 5082
f 5086 5088 11148
f 5230 8689 5089
f 5230 5089 9752
f 5089 8690 7614
f 5089 7614 9752
f 5089 8689 8690
f 5090 5118 5655
f 5090 8682 5118
f 5090 5656 5178
f 5090 5178 8682
f 5090 5655 5656
f 5093 9865 9862
f 5102 5100 5098
f 11176 5100 5099
f 5104 5103 11232
f 5108 5105 5106
f 5106 5105 11194
f 5108 5107 5105
f 5107 11204 5105
f 5108 5106 11189
f 5110 5111 5112
f 5110 5112 9899
f 5111 5120 5112
f 5111 5117 5119
f 5111 5119 5120
f 5113 5120 5121
f 5113 5124 5123
f 5114 5115 5116
f 9391 5115 5114
f 5115 5117 5116
f 5115 5119 5117
f 5659 5118 8680
f 8680 5118 8682
f 5119 5121 5120
f 5124 5122 5123
f 5124 5125 5122
f 5540 5127 5148
f 5133 5130 5131
f 5807 5131 5130
f 5133 5131 5132
f 8486 5131 5807
f 5134 5135 5132
f 5135 5143 5132
f 8488 5135 5134
f 8487 5134 8485
f 8488 5134 8487
f 5135 5144 5143
f 5135 5228 5144
f 8488 5228 5135
f 5136 5137 5139
f 5136 5139 5140
f 5167 5136 5140
f 5137 5138 5141
f 5137 5142 5139
f 5137 5141 5142
f 5144 5141 5138
f 5144 5138 5143
f 11210 5143 5138
f 5145 5287 5146
f 5145 5146 5397
f 5149 5145 5397
f 5145 5256 5287
f 5146 5407 5397
f 5147 7276 10177
f 5540 5148 5435
f 5540 5149 5397
f 5540 5435 5149
f 11213 11023 5150
f 5628 5151 5152
f 5702 5152 5151
f 5628 8492 5151
f 11223 5702 5151
f 5155 5152 5702
f 5155 9986 5152
f 5628 5152 7411
f 7411 5152 9986
f 5430 5153 5227
f 10934 5268 5153
f 8943 5153 5430
f 10934 5153 8943
f 5158 5154 7411
f 5158 8494 5154
f 5628 7411 5154
f 5628 5154 8493
f 5154 8494 8493
f 7404 5155 5702
f 7403 5155 7404
f 7403 7405 5155
f 5155 7405 9986
f 5158 7406 7408
f 5158 7411 7406
f 5158 7408 8495
f 5158 8495 8494
f 5159 5161 5160
f 5769 5159 5160
f 5159 5162 5161
f 9892 5769 5160
f 9984 5161 5162
f 7409 5161 9984
f 9984 5162 7414
f 5166 5163 5820
f 5778 9378 5163
f 5163 9378 5820
f 5164 5165 5823
f 5164 5166 5820
f 5823 5166 5164
f 6006 5165 5168
f 5165 5180 5823
f 6006 5180 5165
f 5167 9754 9882
f 5170 5177 6161
f 5170 6161 9399
f 5172 9266 5781
f 5172 5781 11931
f 5172 8672 9266
f 6187 5173 7395
f 6187 8451 5173
f 7395 5173 7396
f 11105 5173 8451
f 5174 5175 5176
f 5174 6221 5175
f 7393 5176 5175
f 6221 10007 5175
f 7398 5175 7390
f 10007 7390 5175
f 7393 5175 7398
f 6152 11248 5177
f 7598 5178 5656
f 7600 5178 7598
f 8670 5178 7600
f 8670 8682 5178
f 6006 5179 5180
f 11136 5180 5179
f 5180 6242 5823
f 11136 6242 5180
f 6472 5181 5182
f 5186 6306 5181
f 6472 5186 5181
f 6472 5182 5183
f 5183 5182 7425
f 6384 7425 5182
f 5183 7425 7424
f 5183 7424 7426
f 5186 5184 5193
f 6472 5184 5186
f 5184 5187 6421
f 5185 6421 5187
f 5185 5187 7433
f 5185 7434 7432
f 5185 7433 7434
f 5187 9945 7433
f 5188 5191 5190
f 5188 9931 5191
f 5188 6648 9931
f 5189 5190 8525
f 5190 5191 8527
f 5190 8527 8525
f 5191 5705 8527
f 5191 8529 5705
f 5191 9931 8529
f 5192 5193 9936
f 11277 5192 5199
f 6789 5194 5195
f 6789 6963 5194
f 6789 5195 6758
f 6789 5196 6963
f 6988 5196 11481
f 5199 5197 6988
f 5198 5629 5225
f 5198 5225 8662
f 7596 5629 5198
f 7596 5198 9733
f 5198 8662 11756
f 9733 5198 11756
f 11277 5199 6988
f 5202 5213 5203
f 5202 5203 7186
f 5202 7186 7123
f 5203 5205 5204
f 5203 5213 5205
f 5204 5205 5208
f 7200 5204 5208
f 7200 5209 5204
f 5205 5213 7203
f 7203 7208 5207
f 8663 5211 5210
f 8662 5225 5210
f 8663 5210 5225
f 8663 5219 5211
f 9744 5211 5219
f 7208 5213 5212
f 11284 11279 5212
f 7203 5213 7208
f 6351 6349 5214
f 6356 6351 5214
f 5216 5215 5218
f 5216 5218 5220
f 5217 5220 5218
f 5217 5222 5220
f 5217 5221 5222
f 5217 5233 5221
f 5632 5658 5219
f 5632 5219 8663
f 9744 5219 5658
f 5220 5222 7249
f 5221 5223 5222
f 5221 5234 5223
f 5221 5233 5232
f 5221 5232 5234
f 7291 7249 5222
f 5223 5237 5224
f 5223 5234 5237
f 5236 5224 5237
f 10922 5224 5236
f 5629 8285 5225
f 8663 5225 8285
f 5231 5226 5229
f 6701 5227 10927
f 8488 5803 5228
f 5228 5803 9831
f 5233 5231 5229
f 5232 5233 5229
f 5230 7560 7558
f 5230 7558 8689
f 5230 8660 7560
f 5230 9752 8660
f 7391 5238 10090
f 7391 11689 5238
f 7465 10092 5238
f 5240 7506 10090
f 11692 7559 5241
f 7723 5241 7601
f 11692 5241 7723
f 9437 5242 5243
f 9437 5244 5242
f 11315 5242 5244
f 11315 11314 5242
f 7940 5243 7800
f 7800 5243 9837
f 7940 9437 5243
f 5244 5251 5250
f 11315 5244 5250
f 8012 5251 5244
f 9437 8012 5244
f 5245 5248 5267
f 5245 11322 5248
f 5245 5267 8649
f 5245 8649 7983
f 7988 5247 5246
f 7988 5246 5250
f 5248 5247 5249
f 11322 5247 5248
f 7988 5249 5247
f 5248 5249 8671
f 5248 8671 5267
f 5270 5249 8029
f 5270 8671 5249
f 7988 8029 5249
f 7988 5250 5251
f 7988 5251 8029
f 5253 11327 8074
f 5253 8074 11337
f 5254 5255 8134
f 5254 8188 5255
f 5254 8134 8104
f 5254 11363 8188
f 5255 8188 8266
f 5259 8394 5258
f 5259 5258 8491
f 5258 8365 8287
f 8394 8365 5258
f 5259 8491 5273
f 5259 5273 11385
f 7567 5266 5260
f 5266 8661 5260
f 7567 5260 7590
f 5260 9751 7590
f 5260 8661 8660
f 5260 8660 9751
f 5261 8639 5262
f 5261 5263 8542
f 5261 11330 5263
f 5261 8542 10735
f 10735 8639 5261
f 5262 8639 5264
f 5264 7983 8649
f 5265 8649 5267
f 5265 5267 8671
f 5265 8887 5269
f 5265 8671 8887
f 5300 5403 5266
f 5300 5266 7567
f 8659 5362 5266
f 5266 5362 8661
f 8659 5266 5403
f 6698 5268 10934
f 8887 8754 5269
f 11366 5269 8754
f 11366 11357 5269
f 5270 5271 5272
f 5270 8029 5271
f 8887 5270 5272
f 8887 8671 5270
f 5271 5273 5272
f 5271 11385 5273
f 8491 5272 5273
f 8887 5272 8754
f 5274 5275 5303
f 8921 5274 5303
f 8921 11384 5274
f 9457 5275 5301
f 9457 5303 5275
f 8975 5276 5279
f 5279 5276 9295
f 5298 5276 5294
f 5294 5276 8975
f 5298 9347 5276
f 5276 9347 9295
f 8975 5277 5278
f 5314 5277 5280
f 8975 5280 5277
f 5314 9025 5277
f 5294 8975 5278
f 8975 5279 5280
f 9623 5280 5279
f 5323 5279 9295
f 9623 5279 5323
f 9623 5314 5280
f 5281 5291 5290
f 5281 5290 5292
f 5281 9179 5291
f 5281 5292 5293
f 9035 5281 5293
f 9035 9179 5281
f 9035 5293 5282
f 9035 5282 9081
f 5680 5283 8561
f 5680 9179 5283
f 8551 8561 5283
f 8551 5283 9081
f 9035 9081 5283
f 9035 5283 9179
f 9139 5284 5285
f 5284 9213 5285
f 5284 5288 5289
f 5284 9107 5288
f 5284 5289 9213
f 9139 9107 5284
f 5468 5285 5643
f 5468 9139 5285
f 5643 5285 9213
f 5286 5570 5573
f 5286 5573 5579
f 5286 5579 5822
f 5288 9107 9169
f 5288 9169 11402
f 9213 5289 5290
f 5289 9240 5290
f 9213 5290 5291
f 5290 9240 5292
f 8550 5643 5291
f 5643 9213 5291
f 8550 5291 9179
f 5292 9240 5295
f 5298 5294 5295
f 5298 5295 5296
f 5296 5295 9240
f 5298 5296 9273
f 5297 5302 5299
f 9273 5297 5299
f 5297 5304 5302
f 5298 9273 9347
f 9339 5299 5302
f 9273 5299 9347
f 11457 5299 9339
f 11457 9347 5299
f 5300 5597 5403
f 5300 7569 5597
f 5300 7567 9762
f 5300 9762 7569
f 7940 5301 9437
f 7940 9450 5301
f 9437 5301 8012
f 9450 9457 5301
f 9457 5302 5304
f 9450 9339 5302
f 9450 5302 9457
f 8921 5303 5304
f 9457 5304 5303
f 5309 5308 5305
f 5309 5305 9709
f 5328 5321 5305
f 9709 5305 5321
f 5307 5306 5308
f 5307 9837 5306
f 5306 11454 5308
f 11452 5306 9837
f 5324 5307 5308
f 5324 5325 5307
f 7800 5307 5325
f 7800 9837 5307
f 5309 5324 5308
f 5309 5320 5324
f 5309 9709 5320
f 5310 5313 5311
f 5310 5311 9748
f 5311 5313 5312
f 5311 5312 9604
f 5312 5313 9590
f 5312 9590 11436
f 9610 9590 5313
f 9623 5317 5314
f 5316 9770 5319
f 5316 5319 9811
f 9623 5323 5316
f 5316 5323 9770
f 9623 5316 9811
f 9623 9811 5317
f 9673 5317 9811
f 5318 5319 9774
f 5318 9811 5319
f 5331 5318 9774
f 9673 9811 5318
f 5319 5320 9709
f 5319 9770 5320
f 5319 9709 9774
f 5329 5321 5328
f 5330 5321 5329
f 5330 9774 5321
f 9709 5321 9774
f 7079 5322 10476
f 9847 5327 5326
f 9847 5326 11311
f 11311 5326 9886
f 5327 5331 5330
f 5327 9925 5331
f 5330 5331 9774
f 5334 9948 5332
f 5337 5332 9948
f 5337 9966 5332
f 5332 9966 9944
f 5333 9966 5336
f 5333 5336 11506
f 5333 9944 9966
f 5334 7446 7447
f 5334 7447 9948
f 5335 7445 5337
f 5335 5337 9948
f 7454 7445 5335
f 5335 7448 7455
f 5335 9948 7448
f 7454 5335 7455
f 5336 9966 5339
f 5336 5339 9999
f 5337 7445 5339
f 5337 5339 9966
f 5338 5339 7445
f 5338 9999 5339
f 5338 7445 5340
f 5338 5340 11509
f 5338 9980 9999
f 7454 5340 7445
f 7454 7456 5340
f 5340 7456 10006
f 5340 10006 11509
f 5343 10021 5341
f 5343 5341 10045
f 10006 9902 5341
f 5341 9902 10045
f 5342 10021 9883
f 5342 11510 10021
f 5343 7464 9883
f 5343 9893 7464
f 5343 9883 10021
f 5343 10045 9893
f 5344 7464 7463
f 5344 9890 7464
f 5344 10079 9890
f 5344 10121 10079
f 7640 5345 7463
f 5345 7636 7633
f 5345 7638 7636
f 7640 7638 5345
f 5346 7633 5347
f 5346 5347 9666
f 7628 7630 5347
f 7628 5347 7634
f 9666 5347 7630
f 7633 7634 5347
f 5348 10079 5349
f 5348 9890 10079
f 5349 10185 5350
f 5349 10079 10182
f 5349 10182 10185
f 10612 6930 5350
f 10185 10644 5350
f 10644 10612 5350
f 5356 5352 5351
f 10338 5351 5352
f 5358 5356 5351
f 10358 5358 5351
f 10379 5352 5356
f 10338 5352 10362
f 5357 5354 5353
f 10380 5353 5354
f 5357 5353 5356
f 5361 5355 5354
f 10380 5354 5355
f 5364 5354 5357
f 5364 5361 5354
f 5360 5355 5359
f 5361 5359 5355
f 5358 5357 5356
f 10358 11497 5358
f 10383 5361 5364
f 5362 5381 5605
f 8659 5381 5362
f 5362 5605 7560
f 5362 7560 8661
f 10383 5364 5363
f 10383 5363 11499
f 5365 7470 10429
f 5365 10451 7470
f 9980 10451 5365
f 5582 5581 5368
f 5371 5376 5369
f 5371 5369 10519
f 5372 5369 5376
f 5372 10456 5369
f 5371 5375 5376
f 5372 5376 5377
f 5372 5377 10557
f 5372 10542 10456
f 5372 10557 10542
f 5373 10557 5379
f 5373 10542 10557
f 5377 5378 10557
f 5377 10574 5378
f 5378 5380 5379
f 5378 5379 10557
f 6479 5605 5381
f 6479 5381 5606
f 10221 5606 5381
f 10221 5381 8659
f 5384 10658 5382
f 5382 10658 10060
f 5382 10060 11533
f 5384 5383 10658
f 5383 11539 10658
f 5385 5386 7473
f 7472 5385 9867
f 7472 11039 5385
f 5385 7473 9867
f 5387 9866 5388
f 11618 9866 5387
f 5387 11584 10712
f 11618 5387 10712
f 5388 9866 7479
f 5392 5394 5389
f 5390 10716 11569
f 5390 11569 11568
f 5391 5398 5392
f 10739 5398 5391
f 10729 10739 5391
f 5392 10736 5394
f 5392 5398 10736
f 5393 5575 5578
f 5393 5578 11725
f 5394 10736 11565
f 5395 5398 9871
f 5395 10736 5398
f 7473 5395 9871
f 5396 7479 7478
f 5396 7478 9861
f 11585 7479 5396
f 10739 5396 9861
f 10729 5396 10739
f 10729 11585 5396
f 10739 9871 5398
f 5402 5399 5400
f 5399 11581 11579
f 5402 5400 10758
f 5404 5400 10743
f 5404 10758 5400
f 5402 10757 5401
f 5402 10758 10757
f 5403 5597 5598
f 8658 5403 5598
f 8659 5403 8658
f 5404 10743 10772
f 10788 10708 5405
f 10788 5405 11587
f 7275 10181 5406
f 5410 5408 6923
f 10818 5408 5410
f 10616 5410 6923
f 10616 8252 5410
f 10818 5410 8252
f 5411 5417 5412
f 5411 5412 11540
f 5411 5414 5415
f 5411 5415 5417
f 5412 5417 5418
f 7538 5413 7542
f 7538 8624 5413
f 7542 5413 7543
f 7543 5413 8626
f 8626 5413 8624
f 5415 5416 5420
f 5415 5420 5417
f 7485 5421 5422
f 7485 5424 5421
f 7482 7485 5422
f 7482 5422 9855
f 7488 5423 9846
f 7488 10896 5423
f 5423 10919 9846
f 5423 10896 11621
f 7485 7487 5424
f 9846 5424 7487
f 9846 10919 5424
f 5425 5426 5427
f 5425 5429 5426
f 5425 10991 5429
f 8540 10991 5425
f 8532 5427 5426
f 5426 5429 9221
f 5426 9222 8532
f 5426 9221 9222
f 8532 8547 5427
f 9160 5429 5428
f 10991 5428 5429
f 9160 5428 10953
f 10953 5428 11606
f 9160 9221 5429
f 8943 5430 5888
f 11032 5432 5433
f 11065 5433 5432
f 8540 5432 10991
f 8540 11065 5432
f 11032 5433 11039
f 5434 11694 5471
f 5434 5471 11712
f 5434 11067 11694
f 5434 11712 11074
f 7494 7493 5436
f 5436 7493 11091
f 7494 5436 9063
f 9063 5436 9830
f 9830 5436 11712
f 5436 11091 11074
f 5436 11074 11712
f 5438 5578 5568
f 5580 5438 5568
f 5580 5822 5438
f 5439 5449 5451
f 5439 11196 5449
f 5439 5451 5456
f 5439 5456 11496
f 11146 11196 5439
f 11146 5439 11496
f 11174 9923 5440
f 11146 11496 5440
f 5464 5465 5441
f 5464 5441 11477
f 5465 11218 5441
f 11271 5442 5444
f 11519 5444 5442
f 5460 5442 11271
f 5461 11519 5442
f 5443 5458 5469
f 5443 5469 5472
f 5443 5472 11742
f 5443 11742 11519
f 5444 5471 11694
f 11742 5471 5444
f 11271 5444 11694
f 11742 5444 11519
f 5460 11271 5445
f 5460 5445 11520
f 11644 5445 5466
f 5445 11654 5466
f 5445 11271 5467
f 5445 5467 11654
f 11644 11520 5445
f 11354 10723 5447
f 5447 10726 11392
f 5448 11434 11442
f 11444 5451 5449
f 11442 11444 5449
f 5451 5452 5455
f 11444 5452 5451
f 5451 5455 5456
f 5452 5453 5455
f 5453 5454 5455
f 5464 5455 5454
f 5464 5454 5465
f 5464 5456 5455
f 5464 11477 5456
f 11477 11496 5456
f 5458 5468 5618
f 5458 9139 5468
f 5458 5618 5469
f 8611 5462 5459
f 8620 5459 5462
f 7538 8611 5459
f 7538 5459 8624
f 8620 8621 5459
f 8624 5459 8621
f 7537 5462 8611
f 7537 8619 5462
f 8613 5462 8619
f 8613 8620 5462
f 5463 11378 11520
f 5463 11520 11644
f 5465 5466 11218
f 5465 11644 5466
f 5467 11067 11654
f 5467 11694 11067
f 5467 11271 11694
f 5468 5470 5618
f 5468 5643 5470
f 5473 5472 5469
f 5618 5473 5469
f 5618 5470 8563
f 8550 5470 5643
f 8550 8564 5470
f 5470 8564 8563
f 9825 11712 5471
f 9825 5471 11742
f 11742 5472 9825
f 5618 8563 5473
f 5619 5473 8563
f 8617 8604 5474
f 8604 8625 5474
f 10187 8617 5474
f 5474 8625 8622
f 5476 5480 5475
f 5476 5475 11761
f 11761 5475 9957
f 11095 5480 5476
f 11095 5476 8450
f 5476 11810 8450
f 5476 11761 11810
f 5477 5478 11849
f 11633 5477 11849
f 5481 5479 9060
f 5482 5481 9059
f 5481 9060 9059
f 5484 5482 11884
f 5482 9059 11884
f 5484 5626 5483
f 5484 5483 8560
f 5483 5626 8564
f 5483 8559 8560
f 5483 8561 8559
f 5483 8564 8561
f 5484 11884 5626
f 5485 5619 5626
f 5485 9064 5619
f 5485 5626 11884
f 5485 9059 9062
f 5485 11884 9059
f 5485 9062 9064
f 5486 5487 11304
f 11896 5487 5486
f 10056 9823 5486
f 9823 11896 5486
f 10056 5486 10052
f 10052 5486 11304
f 11935 5488 5489
f 5491 5488 5490
f 11935 5490 5488
f 5493 5491 5490
f 11944 5493 5490
f 10660 5490 11935
f 10660 11944 5490
f 9208 5491 5493
f 9208 12018 5491
f 5492 9198 9193
f 5492 9195 9194
f 5492 9194 9198
f 5492 12018 9195
f 5493 7490 7489
f 9208 5493 7489
f 9842 7490 5493
f 9842 5493 11944
f 5494 9201 9195
f 5494 9195 12018
f 5494 9209 9201
f 5494 9208 9211
f 5494 12018 9208
f 5494 9211 9209
f 5495 5497 5704
f 6902 5495 5704
f 6902 11944 5495
f 10660 10659 5495
f 10660 5495 11944
f 5569 5511 5496
f 5497 8548 5704
f 5497 8537 8546
f 5497 8546 8548
f 9795 5498 7532
f 7535 5498 9795
f 5501 5499 8630
f 5499 12090 10190
f 5501 8629 8628
f 5501 8633 8629
f 5501 8630 8633
f 5502 12139 5503
f 5502 5506 12139
f 5503 12139 11782
f 5504 12143 5506
f 5504 12057 5509
f 5504 5509 12143
f 5504 12172 12057
f 5505 5509 5507
f 5505 5507 5773
f 5505 12143 5509
f 5505 5773 5772
f 5505 5772 11784
f 5506 12143 12139
f 5507 5509 5510
f 5507 5510 5518
f 5508 5519 5510
f 5508 5510 12057
f 5509 12057 5510
f 5510 5519 5518
f 10861 5511 10266
f 5512 5513 9671
f 5515 9671 5513
f 5515 5514 9776
f 5517 7551 5514
f 5514 7551 9776
f 5516 9573 5523
f 5526 5516 5527
f 5526 9573 5516
f 5527 5516 9776
f 5517 7553 7551
f 7548 5522 5521
f 7548 5521 5523
f 7547 7545 5522
f 7548 7547 5522
f 9573 7548 5523
f 5524 7549 7550
f 8236 5525 8152
f 5526 5527 5528
f 5526 5528 11046
f 5527 9065 5528
f 5527 7555 9065
f 5527 9776 7555
f 5757 5528 5531
f 5528 9065 5531
f 5757 11046 5528
f 5529 7547 7548
f 5529 9785 7547
f 5529 7548 9573
f 5529 8686 9785
f 5757 5530 11046
f 5530 8686 11046
f 5757 5531 5534
f 5531 6338 5534
f 5531 5535 6338
f 5531 9065 5535
f 5532 5533 8270
f 5532 8268 7739
f 5532 8270 8268
f 5533 5534 5536
f 5533 5536 6989
f 5533 6989 8270
f 5534 6338 5536
f 5535 7792 6338
f 5535 8274 7792
f 5535 9066 8274
f 5535 9065 9066
f 5536 6338 7792
f 6989 5536 7729
f 5536 7792 7729
f 11682 5538 5537
f 11682 11693 5538
f 5545 5541 5542
f 7901 5542 5541
f 7901 8265 5542
f 8613 8619 5544
f 8613 5544 11811
f 8614 5544 8619
f 8631 5544 8614
f 5551 5554 5553
f 5551 5555 5554
f 7517 5552 5556
f 5552 8590 5556
f 7517 9809 5552
f 8591 8590 5552
f 8591 5552 9809
f 5553 5554 10099
f 5554 5555 5557
f 5555 5560 5557
f 7516 5556 5558
f 5558 5556 8588
f 7516 7517 5556
f 5556 8590 8588
f 5562 5558 8588
f 5562 8589 5558
f 7516 5558 7513
f 5558 8589 7513
f 5567 5566 5561
f 5565 5562 8569
f 5565 8589 5562
f 5562 8570 8569
f 5562 8588 8570
f 5564 8570 8588
f 9170 8570 5564
f 5564 8586 8587
f 5564 8590 8586
f 9170 5564 8587
f 5564 8588 8590
f 8575 5565 8569
f 8575 8574 5565
f 5567 5568 5566
f 5575 5566 5568
f 5575 5576 5566
f 5580 5568 5567
f 5578 5575 5568
f 5579 5573 5574
f 5577 10914 10911
f 5582 11518 10619
f 7577 5585 5583
f 5584 5839 5838
f 5584 5838 5844
f 5584 5840 5839
f 5845 5840 5584
f 5853 5584 5844
f 5853 5845 5584
f 7588 5588 5585
f 7586 5585 7577
f 7588 5585 7586
f 5590 5588 5594
f 7588 5594 5588
f 8573 5589 8571
f 8573 8572 5589
f 5590 5594 5592
f 5591 10572 11769
f 5592 5594 5593
f 5593 5594 5595
f 5593 5595 7590
f 5593 7590 5596
f 9756 5595 5594
f 7588 9756 5594
f 9741 7590 5595
f 9741 5595 9756
f 5596 7590 9751
f 9752 5596 9751
f 5893 5598 5597
f 5893 5597 9766
f 9766 5597 7569
f 5893 11749 5598
f 5599 5600 5671
f 6188 5600 5599
f 6050 5599 5671
f 6188 5599 10223
f 11942 10223 5599
f 8567 8566 5601
f 8566 8571 5601
f 8567 5601 11641
f 5609 6685 5602
f 5609 5602 7557
f 5610 5602 5881
f 5610 7557 5602
f 5603 5875 5883
f 11751 5875 5603
f 6479 5604 5605
f 5604 9773 5605
f 5608 5607 5604
f 5607 9773 5604
f 5608 5604 9073
f 6479 9073 5604
f 9773 7560 5605
f 9074 5606 5672
f 5672 5606 10221
f 9074 6479 5606
f 5608 5612 5607
f 5607 5612 5609
f 5607 5609 7557
f 5607 7557 9773
f 5608 9067 5612
f 5608 9068 9067
f 5608 9073 9068
f 5609 5612 6912
f 5609 6912 6685
f 5610 5881 5882
f 5610 5882 8689
f 5610 7558 7557
f 5610 8689 7558
f 6912 5612 5611
f 5611 5612 9067
f 5611 9067 9069
f 9259 7510 5613
f 7510 10051 5613
f 9260 5613 7518
f 9259 5613 9260
f 9259 5614 7510
f 10168 7510 5614
f 9259 8674 5614
f 5616 5791 5617
f 8664 5616 5617
f 5616 5792 5791
f 5616 9250 5792
f 8664 8665 5616
f 8665 8668 5616
f 8668 9250 5616
f 5617 5791 5790
f 8675 5617 5790
f 8664 5617 8678
f 8675 8678 5617
f 5619 8563 5626
f 7518 5661 5620
f 8677 5620 5661
f 7518 5620 8676
f 8676 5620 8675
f 8675 5620 8678
f 8677 8678 5620
f 5622 5623 5621
f 5622 5621 9760
f 5623 7593 5621
f 5621 9735 7566
f 5621 7566 9760
f 5621 7593 9735
f 7579 5622 9760
f 5623 5624 5625
f 5623 5627 5624
f 5623 5625 7593
f 5624 5649 5625
f 5624 5627 7561
f 5624 5650 5649
f 5624 7561 5650
f 5625 5649 7594
f 5625 7594 7593
f 5626 8563 8564
f 5628 8493 8492
f 7596 8093 5629
f 8093 8285 5629
f 5630 5649 5651
f 5630 7594 5649
f 5630 5651 5652
f 5630 5652 8093
f 5630 7596 7594
f 5630 8093 7596
f 5631 5652 5653
f 8093 5652 5631
f 5631 5653 5654
f 8339 5631 5654
f 8093 5631 8285
f 8285 5631 8339
f 5632 5633 5658
f 5632 8339 5633
f 5632 8285 8339
f 5632 8663 8285
f 8339 5654 5633
f 5658 5633 5662
f 5633 5659 5662
f 5635 5639 5640
f 5635 5640 8773
f 5635 5650 7561
f 5635 8773 5650
f 8554 5636 8555
f 8554 8556 5636
f 11629 8555 5636
f 5639 5637 6938
f 8551 5638 8557
f 8551 9081 5638
f 8553 8557 5638
f 5640 5639 8257
f 5639 6938 8257
f 5640 8256 5645
f 5640 5645 8773
f 5640 8257 8256
f 5641 5645 5644
f 5641 5644 5653
f 8773 5645 5641
f 5651 5641 5652
f 5651 8773 5641
f 5641 5653 5652
f 8553 5642 8554
f 10057 5642 8553
f 8554 5642 8556
f 5644 5645 5646
f 5644 5646 5648
f 5644 5648 5647
f 5644 5647 5653
f 5647 5654 5653
f 5649 5650 5651
f 5650 8773 5651
f 5658 5662 5661
f 9744 5658 5661
f 8680 5662 5659
f 8677 5661 5662
f 7518 11758 5661
f 11758 9744 5661
f 8677 5662 8680
f 5663 9798 5664
f 5663 5666 5667
f 5663 5667 9853
f 5663 9853 9798
f 5664 9798 5665
f 5665 9798 5974
f 5666 8684 5667
f 5666 8683 8684
f 5667 8684 5669
f 5667 5669 11938
f 5667 11938 9853
f 5668 10051 7510
f 5668 7510 10168
f 5668 7602 9725
f 5668 10168 7602
f 5668 9725 9876
f 5668 9876 10051
f 5669 9717 7602
f 5669 7602 10168
f 5669 8684 9717
f 5669 10168 11938
f 9072 8683 5670
f 9070 9072 5670
f 9074 5672 9075
f 9075 5672 9076
f 5673 10159 5674
f 5673 10150 10309
f 10156 9455 5677
f 8550 5680 8564
f 8550 9179 5680
f 5680 8561 8564
f 5681 11768 11763
f 11071 5682 10431
f 5683 5684 5685
f 5687 5684 5683
f 5683 5685 5689
f 5687 5683 5686
f 5683 5691 5686
f 5683 5689 5691
f 5685 5684 9625
f 5687 9447 5684
f 7687 5684 9447
f 7687 9625 5684
f 5685 5688 5689
f 7673 5688 5685
f 7673 5685 9625
f 5687 5686 7206
f 5884 5686 5692
f 7206 5686 5884
f 5687 7206 9127
f 5687 9127 9447
f 5688 7610 5689
f 5688 5690 7607
f 7673 5690 5688
f 5688 7607 7610
f 5689 5693 5691
f 5689 7610 5693
f 11897 7607 5690
f 7673 11900 5690
f 11897 5690 11904
f 11900 11904 5690
f 5692 5694 5879
f 5692 5879 5877
f 5884 5692 5877
f 7610 9712 5693
f 9712 9698 5693
f 5878 5879 5694
f 7611 5878 5694
f 9698 7611 5694
f 9689 5697 5695
f 9689 5695 10572
f 7612 5696 5697
f 7611 5696 5878
f 7612 5878 5696
f 7612 5697 5698
f 9689 5698 5697
f 7613 5698 5882
f 5882 5698 8690
f 7612 5698 7613
f 8690 5698 9689
f 5706 5700 5699
f 5706 5699 5708
f 5699 5746 5708
f 5706 5707 5700
f 5703 5707 10657
f 6902 5704 8549
f 9220 5704 8548
f 9220 8549 5704
f 5705 8528 8527
f 5705 8529 8530
f 5706 5711 5707
f 5706 5708 5709
f 5706 5709 5711
f 5707 5711 10657
f 5709 5708 5752
f 5746 5750 5708
f 5750 5752 5708
f 5710 5711 5709
f 5710 5709 5755
f 5755 5709 5752
f 5712 5711 5710
f 10976 5712 5710
f 10976 5710 5755
f 5713 5725 5712
f 10976 5713 5712
f 5713 5726 5725
f 5713 5728 5726
f 5713 5729 5728
f 10976 5729 5713
f 5723 5714 5716
f 5721 5719 5714
f 10803 5714 5719
f 5714 5723 5721
f 10803 9188 5714
f 9174 5715 9176
f 5723 5716 5722
f 5718 5717 9189
f 9197 9189 5717
f 5718 9187 9188
f 5718 9189 9187
f 10803 5718 9188
f 7615 5719 5721
f 7615 7617 5719
f 10871 5719 7617
f 10803 5719 10871
f 7616 5721 5723
f 7615 5721 7618
f 7616 7618 5721
f 5724 5723 5722
f 5726 5724 5722
f 5726 5722 9560
f 7616 5723 5724
f 5728 5724 5726
f 5728 5727 5724
f 7616 5724 5727
f 5728 11121 5727
f 7616 5727 7620
f 11464 7620 5727
f 11121 11464 5727
f 5729 11121 5728
f 10976 5730 5729
f 5729 5730 11121
f 5733 5731 5730
f 11121 5730 5731
f 5733 5730 5732
f 5755 5732 5730
f 10976 5755 5730
f 7621 11464 5731
f 11121 5731 11464
f 5745 5744 5732
f 5755 5745 5732
f 8520 5734 5737
f 8518 5734 8512
f 8512 5734 8520
f 8518 8517 5734
f 5739 5736 5735
f 8519 8520 5737
f 8519 5737 10137
f 5744 5742 5740
f 7419 5741 9958
f 5745 5742 5744
f 5745 5753 5742
f 5742 5753 5751
f 8498 8497 5743
f 8498 5743 8501
f 8500 8501 5743
f 5745 5752 5753
f 5755 5752 5745
f 5746 5747 5750
f 5747 5748 5749
f 10626 5748 5747
f 5747 5749 5750
f 9601 5748 11536
f 5749 5751 5750
f 5750 5751 5753
f 5750 5753 5752
f 9674 5768 5756
f 9679 5756 7617
f 9688 7617 5756
f 9674 5756 9679
f 5758 5760 5759
f 5765 5758 5759
f 5765 11809 5758
f 5759 5760 5761
f 11669 5759 5761
f 5762 5759 5763
f 5765 5759 5762
f 11669 5763 5759
f 11669 5761 11790
f 5765 5762 5767
f 5765 5767 5764
f 5765 5764 11809
f 12162 5764 5767
f 12162 9468 5764
f 11876 5766 11966
f 12162 11966 5766
f 11795 12162 5767
f 11786 5768 11876
f 7589 5770 5771
f 7619 5771 5770
f 7619 5770 9674
f 7621 5771 7619
f 5772 5773 10661
f 5779 10183 5989
f 11801 5779 5989
f 11931 5781 5780
f 5780 5787 5784
f 11932 5780 5784
f 11931 5780 11932
f 5781 9266 5782
f 5782 9232 5788
f 5782 9265 9232
f 5782 9266 9265
f 6694 5783 5784
f 5783 5785 5786
f 5783 5786 5973
f 6694 5784 5787
f 5786 5785 6502
f 5785 5898 6502
f 5785 10587 5898
f 5897 5786 6502
f 6694 5787 11934
f 9232 9231 5788
f 5789 7096 7021
f 5789 8698 8693
f 9263 5790 5791
f 8676 8675 5790
f 9262 8676 5790
f 9262 5790 9263
f 9271 5791 5792
f 9271 9263 5791
f 9255 5792 9250
f 9274 5792 9255
f 9274 9271 5792
f 5797 5793 5794
f 5794 5793 7623
f 5797 7722 5793
f 9371 5797 5794
f 5794 7623 8146
f 5795 5831 5830
f 5795 12095 5831
f 5795 8146 12095
f 5797 5796 7722
f 9371 5796 5797
f 9371 11831 5796
f 5796 11831 9534
f 5799 5800 5798
f 5798 5800 5802
f 7666 5798 5802
f 5799 5801 5800
f 7644 5801 5799
f 7647 5800 5801
f 7652 5802 5800
f 7647 7651 5800
f 7651 7652 5800
f 7645 5801 7644
f 7646 5801 7645
f 7647 5801 7646
f 7652 7667 5802
f 7666 5802 9634
f 7667 9634 5802
f 7412 5803 8490
f 7412 9831 5803
f 8488 8487 5803
f 8487 8490 5803
f 5804 5805 5812
f 5804 5812 10556
f 5805 5806 5808
f 5805 11180 5806
f 5805 5808 5812
f 5806 5809 5808
f 5806 5819 5809
f 5806 11465 5819
f 5806 11180 11465
f 9826 8486 5807
f 9826 5807 9390
f 5808 5809 5815
f 5809 5813 5815
f 5809 11514 5813
f 5809 5819 11514
f 5810 5857 9765
f 5810 11369 5857
f 5813 5814 5815
f 5813 5837 5814
f 5813 11514 5837
f 5814 5837 5858
f 11369 5814 5858
f 10445 5816 7104
f 7104 5816 10830
f 8482 5817 8480
f 8482 8481 5817
f 11408 5817 8481
f 5818 5895 5896
f 5818 6502 5895
f 5818 5896 7743
f 5897 6502 5818
f 5819 7658 5824
f 5819 5824 11514
f 5819 11465 7658
f 5821 10084 5837
f 5821 5837 11514
f 5824 7658 5825
f 5827 5831 12095
f 5828 5830 5831
f 5833 5834 5835
f 5833 5835 5847
f 5849 5833 5847
f 5835 5834 7747
f 5835 5848 5847
f 7748 5848 5835
f 7748 5835 7747
f 5836 8483 8476
f 11336 5836 8476
f 8481 8483 5836
f 11408 8481 5836
f 11354 11408 5836
f 5837 10084 5858
f 5838 5841 5844
f 5846 5840 5845
f 5846 5847 5840
f 5848 5840 5847
f 5844 5841 5842
f 5854 5853 5843
f 11078 5854 5843
f 11078 5843 9765
f 5851 5846 5845
f 5854 5851 5845
f 5854 5845 5853
f 5849 5847 5846
f 5851 5849 5846
f 9526 5848 7748
f 5851 5850 5849
f 5852 5850 5851
f 5859 5852 5851
f 5859 5851 5854
f 7622 5852 5859
f 7622 11848 5852
f 11078 5859 5854
f 5855 7407 8475
f 11369 5858 5857
f 5858 11668 5857
f 9765 5857 5862
f 5862 5857 11668
f 5858 10084 11668
f 5860 7622 5859
f 11078 5860 5859
f 11078 5862 5860
f 11805 5860 5862
f 9632 7622 5860
f 11805 9632 5860
f 5862 11668 5861
f 11805 5862 5861
f 11805 5861 9631
f 11078 9765 5862
f 7685 5864 5863
f 5866 5863 5865
f 7685 5863 5866
f 7688 7683 5864
f 7688 5864 7685
f 5918 5866 5865
f 5917 5918 5865
f 7679 5866 5918
f 7686 5866 7679
f 7686 7685 5866
f 7192 7193 5869
f 7192 5869 10315
f 7684 5874 5870
f 5874 5873 5871
f 5873 9447 5871
f 9127 5876 5871
f 9127 5871 9447
f 5872 8465 8467
f 5872 8467 8472
f 5872 8472 8471
f 7683 5873 5874
f 7688 5873 7683
f 7688 7687 5873
f 7687 9447 5873
f 7684 7683 5874
f 5876 5886 5875
f 5886 5883 5875
f 9127 5886 5876
f 5877 5879 5881
f 5884 5877 5883
f 7613 5879 5878
f 7612 7613 5878
f 7613 5881 5879
f 7214 10315 5880
f 7613 5882 5881
f 5882 8690 8689
f 5886 5884 5883
f 7206 5884 5886
f 9127 7206 5886
f 5904 6955 5887
f 5904 5887 12179
f 6955 6259 5887
f 6259 9559 5887
f 9874 5887 9559
f 9874 12179 5887
f 5890 11492 5889
f 5892 5891 11858
f 5891 10338 11858
f 9960 5892 5894
f 5893 11750 11749
f 9612 5896 5895
f 5898 5895 6502
f 7692 5895 5898
f 7692 9612 5895
f 7742 7744 5896
f 7742 5896 9612
f 11994 7743 5896
f 11994 5896 7744
f 7692 5898 5899
f 5899 5898 10587
f 5899 10587 7690
f 12045 5899 7690
f 7692 5899 12045
f 5900 5903 5905
f 5900 12194 5903
f 5900 5905 12177
f 5900 7691 12045
f 5900 12177 7691
f 5900 12045 12194
f 5901 12045 7690
f 5901 12194 12045
f 5901 12190 12194
f 5902 8467 8466
f 5902 8469 8467
f 5903 6955 5905
f 5903 11873 6955
f 5904 5905 6955
f 5904 11878 5905
f 5904 12179 11878
f 5905 11878 12177
f 5906 12167 5907
f 5906 5907 12174
f 5906 5909 12161
f 5906 12161 12167
f 5907 12167 11943
f 5908 12160 5910
f 5908 5910 12161
f 5908 12165 12105
f 5908 12161 12165
f 5909 12165 12161
f 5910 12160 12154
f 5910 12167 12161
f 5911 10204 12152
f 5911 12152 12154
f 5912 11894 5914
f 5912 5914 12147
f 5912 5922 5924
f 5912 12147 5922
f 5914 5915 5923
f 5914 5923 12147
f 5915 7675 5920
f 5915 5920 12146
f 5915 12146 5923
f 5920 5918 5917
f 12146 5917 5919
f 5920 5917 12146
f 5920 7678 5918
f 7679 5918 7678
f 5920 7675 7678
f 5921 11947 5922
f 5921 5922 12147
f 5921 5923 11946
f 5921 12147 5923
f 5922 12142 5924
f 5922 11947 12148
f 5922 12148 12142
f 9112 7698 5928
f 9112 5928 9111
f 5929 7700 5931
f 5929 5931 12134
f 5929 12135 7700
f 5929 12137 12135
f 6191 11551 5930
f 12137 6191 5930
f 11553 5930 11551
f 11553 11554 5930
f 11554 12135 5930
f 12137 5930 12135
f 5931 7700 9602
f 5931 9602 9596
f 5931 9596 12132
f 5931 12132 12134
f 5991 11892 5932
f 5991 5932 12116
f 5932 11892 12129
f 5932 12119 12116
f 12124 12119 5932
f 12124 5932 12129
f 5933 7702 7704
f 9569 7702 5933
f 5933 7704 12113
f 9569 5933 12129
f 12124 5933 12113
f 12124 12129 5933
f 5938 5934 5935
f 5938 5935 5936
f 5938 5936 5937
f 8711 5937 5936
f 8711 5936 5939
f 8713 8701 5937
f 8711 8713 5937
f 8711 5939 8717
f 8717 5939 8716
f 5940 5942 5943
f 12113 5942 5940
f 5940 5943 7714
f 5940 7714 12026
f 5940 12026 12119
f 12124 12113 5940
f 12124 5940 12119
f 5941 5969 11925
f 12116 5969 5941
f 5993 5941 11925
f 5993 11948 5941
f 12116 5941 11948
f 12106 5943 5942
f 9567 5942 7704
f 12113 7704 5942
f 9567 12106 5942
f 5946 12013 5943
f 12106 5946 5943
f 7714 5943 12013
f 5947 5944 11924
f 12107 12013 5946
f 12106 12103 5946
f 12108 5946 12103
f 12108 12107 5946
f 12108 8716 5947
f 8709 8717 5948
f 8717 12103 5948
f 9567 5948 12106
f 12106 5948 12103
f 5949 12038 12099
f 5949 12102 12038
f 5949 12100 12102
f 12064 12062 5950
f 5950 12102 12100
f 5959 5958 5952
f 5958 12081 5952
f 5959 5952 11027
f 6634 5956 5953
f 12079 5953 5956
f 6634 5953 12097
f 11911 12072 5953
f 12079 11911 5953
f 12097 5953 12072
f 5955 5954 7709
f 5955 12097 5954
f 5954 7708 7709
f 5954 7711 7708
f 5954 12072 7711
f 5954 12097 12072
f 5955 7709 7706
f 7732 5955 7706
f 7732 12093 5955
f 5955 12093 12097
f 5958 12079 5956
f 5958 5956 12081
f 11042 5956 6634
f 12081 5956 11042
f 10426 7122 5957
f 12064 5958 5959
f 12064 12079 5958
f 5959 11027 6638
f 5959 6638 12062
f 12064 5959 12062
f 5962 8374 5960
f 5962 5960 9556
f 5960 8374 11171
f 5960 12059 9556
f 5960 11171 11162
f 5960 11162 12059
f 8464 8474 5961
f 5961 8474 9991
f 5962 9556 12052
f 5962 12052 12058
f 5963 8462 8459
f 5963 8459 9400
f 5964 8720 12059
f 10313 5965 10287
f 5966 12038 10455
f 5966 12099 12038
f 5966 12058 12052
f 5968 5967 11921
f 12037 5967 5968
f 5967 11874 6008
f 5967 6008 11919
f 12037 11874 5967
f 5967 11919 11921
f 7721 5968 11905
f 7721 12029 5968
f 5968 11921 11905
f 12037 5968 12029
f 9553 11925 5969
f 9553 5969 12026
f 12119 12026 5969
f 12116 12119 5969
f 5970 7716 9552
f 5970 12017 7716
f 5970 9552 9554
f 5970 9554 12013
f 12107 5970 12013
f 12107 12017 5970
f 5971 5972 12000
f 5971 12005 5972
f 5971 12010 12005
f 10234 5972 9477
f 10231 5972 12005
f 10234 12000 5972
f 11931 11932 5974
f 7747 5975 5977
f 11997 5977 5975
f 11841 11842 5975
f 11842 11997 5975
f 11842 5976 11997
f 7748 7747 5977
f 9523 7748 5977
f 9523 5977 9527
f 11997 9527 5977
f 11988 5978 11981
f 11984 5978 12091
f 11979 5981 5979
f 11958 11955 5979
f 11955 11979 5979
f 5992 5980 11948
f 5992 11957 5980
f 11981 11948 5980
f 11957 11958 5980
f 11988 5980 11958
f 11988 11981 5980
f 5990 5984 5981
f 11965 5981 5984
f 11979 5990 5981
f 5983 5990 5982
f 5983 5982 11970
f 5982 5990 11979
f 5982 11979 11953
f 5983 5988 5990
f 5983 11970 12145
f 11965 5984 5985
f 5984 5990 5988
f 5985 5986 7834
f 11960 5985 7834
f 11960 11965 5985
f 5986 7832 7836
f 5986 7833 7834
f 5986 7836 7833
f 6554 5987 6113
f 6696 5987 6554
f 5991 11948 11981
f 5991 12116 11948
f 5992 5993 11927
f 5992 11948 5993
f 5992 11927 11937
f 5992 11937 11957
f 5996 5993 11925
f 11927 5993 5996
f 5994 5996 5997
f 5994 11927 5996
f 5994 5997 5999
f 5994 11940 11927
f 5997 5996 5995
f 5996 11925 5995
f 5997 5995 7720
f 5995 7715 9551
f 5995 11925 7715
f 5995 9551 7720
f 5999 5997 11905
f 5997 7720 11905
f 5998 5999 11921
f 5998 11949 5999
f 6007 11914 5998
f 6007 5998 11919
f 5998 11914 11949
f 5998 11921 11919
f 5999 11905 11921
f 11880 6008 6000
f 6008 11904 6000
f 11901 11880 6000
f 11901 6000 11900
f 11900 6000 11904
f 6001 7191 6049
f 7673 9622 6002
f 7673 6002 11900
f 9621 6002 9622
f 9621 11882 6002
f 11901 6002 11882
f 11901 11900 6002
f 6005 6003 6004
f 6007 6004 6003
f 6005 11887 6003
f 6007 6003 11914
f 6005 6004 11882
f 6007 11880 6004
f 11901 6004 11880
f 11901 11882 6004
f 6005 7677 7678
f 6005 11882 7677
f 6005 7678 11887
f 6007 11919 11880
f 11874 11904 6008
f 11880 11919 6008
f 6012 6009 6010
f 6012 6013 6009
f 6011 6013 6012
f 6011 11868 6013
f 11868 6014 6013
f 10656 6890 6014
f 11865 10656 6014
f 11868 11865 6014
f 9020 6024 6015
f 11864 6015 6024
f 7934 6015 7768
f 11864 7768 6015
f 7934 9020 6015
f 6016 6017 9020
f 11764 6017 6016
f 6104 6016 7920
f 11764 6016 6104
f 7919 7920 6016
f 7919 6016 9020
f 9020 6017 6024
f 9498 6024 6017
f 8743 6025 6017
f 9498 6017 6025
f 11764 8743 6017
f 6019 6020 6018
f 6019 6018 8736
f 6020 6029 6018
f 6022 6018 6021
f 6029 6021 6018
f 6023 6018 6022
f 6023 8736 6018
f 6019 8728 6020
f 6019 8731 8728
f 6019 8738 8731
f 6019 8736 8738
f 6020 7798 6029
f 6020 7799 7798
f 6020 8728 7799
f 7759 6022 6021
f 6030 6021 6029
f 6030 9503 6021
f 9503 7759 6021
f 6023 6022 9499
f 7759 7778 6022
f 9499 6022 7778
f 6023 8733 8736
f 6023 9496 8733
f 6023 9499 9496
f 7779 6024 9498
f 11864 6024 7779
f 9499 6025 9496
f 9498 6025 9499
f 7766 7768 6026
f 6026 7777 7766
f 11864 6026 7768
f 6026 7776 7777
f 11864 7776 6026
f 6027 6033 6035
f 6027 7781 6033
f 6027 6035 6034
f 6027 6034 10397
f 6027 9491 7781
f 6027 10397 9491
f 6028 10397 6034
f 11859 6030 6029
f 11859 6029 7798
f 6030 9513 9503
f 6031 8726 7780
f 6031 7780 9494
f 6031 7798 8726
f 6031 11859 7798
f 6031 9494 11860
f 6031 11860 11859
f 6032 11860 9494
f 6032 11963 11860
f 6033 8725 6035
f 6033 7781 7780
f 6033 7780 8725
f 6034 6035 6036
f 6034 6036 6037
f 6035 8724 6036
f 6035 8725 8724
f 6036 8724 8723
f 7783 6039 6038
f 6039 11853 6038
f 6059 6060 6038
f 6059 6038 11853
f 6060 7782 6038
f 7782 7783 6038
f 7783 7952 6039
f 6041 6042 6040
f 6041 6040 9082
f 11847 6040 6042
f 11847 6043 6040
f 6041 6065 6042
f 6041 6067 6065
f 6065 6045 6042
f 11844 6042 6045
f 11844 11847 6042
f 9482 6043 9475
f 11847 9475 6043
f 9480 6043 9482
f 6046 6459 6044
f 6046 6044 11844
f 6459 6047 6044
f 6047 8973 6044
f 11845 6044 8973
f 11844 6044 11845
f 6046 6045 8004
f 6046 11844 6045
f 11814 6045 6065
f 8004 6045 11814
f 8853 6459 6046
f 8853 6046 8004
f 7957 6047 6459
f 7956 7954 6047
f 6047 7954 8973
f 7956 6047 7957
f 7998 7999 6048
f 7999 11840 6048
f 6315 6316 6051
f 6315 6051 11387
f 6316 7333 6051
f 10085 7332 6051
f 7332 10088 6051
f 10085 6051 7333
f 10088 11387 6051
f 6056 6052 6053
f 11836 6053 6052
f 6079 6052 6056
f 11785 6052 6079
f 11785 11838 6052
f 11836 6052 11838
f 6056 6053 7785
f 6053 9320 7785
f 11435 9320 6053
f 11435 6053 11836
f 6058 6060 6054
f 11834 6058 6054
f 6059 6054 6060
f 12004 6054 6059
f 6057 6055 6056
f 6079 6056 6055
f 6057 11834 6055
f 6079 6055 11791
f 6080 11791 6055
f 6080 6055 11834
f 6057 6056 7785
f 6057 7786 6058
f 6057 6058 11834
f 6057 7785 7786
f 6058 6061 6060
f 7786 6061 6058
f 10250 6059 11853
f 10250 12004 6059
f 6061 7782 6060
f 9487 7782 6061
f 7786 11816 6061
f 9487 6061 11816
f 6062 9340 6063
f 6062 6063 11824
f 7874 6062 9320
f 7874 9340 6062
f 9471 9320 6062
f 9471 6062 11824
f 6063 7866 6064
f 6063 6064 11824
f 6063 7864 7866
f 6063 7869 7864
f 6063 9340 7869
f 9485 11824 6064
f 6065 6067 6068
f 11814 6065 6068
f 11808 6066 6068
f 6066 11814 6068
f 6066 11199 8814
f 11814 6066 8814
f 6066 11200 11199
f 11808 11200 6066
f 6069 6485 11200
f 6069 11804 6485
f 11808 6069 11200
f 11808 11985 6069
f 6070 10143 7304
f 6070 11800 10143
f 6071 7307 6072
f 6071 6072 10143
f 6071 10143 11800
f 6072 7310 7304
f 6072 7304 10143
f 6072 7307 7308
f 6072 7308 7310
f 7788 6073 6075
f 11798 6075 6073
f 7788 9469 6073
f 7806 6073 9442
f 7806 11798 6073
f 6073 9469 9442
f 6074 7793 7795
f 9467 7793 6074
f 6074 7795 11798
f 9467 6074 11793
f 7789 7788 6075
f 7789 6075 7794
f 6075 7795 7794
f 11798 7795 6075
f 6076 6077 11793
f 6076 11797 6077
f 10253 11797 6076
f 12012 6076 11793
f 9467 11793 6077
f 6077 11797 11796
f 6080 6078 11791
f 6080 12008 6078
f 6082 6078 6086
f 6082 11791 6078
f 6078 11788 6086
f 6078 12008 11788
f 11785 6079 6081
f 6079 11791 6081
f 6082 6084 6081
f 6082 6081 11791
f 11785 6081 11781
f 6083 6084 6082
f 6083 6082 6086
f 6083 11780 6084
f 11788 6085 12006
f 6085 12007 11796
f 11788 12006 6086
f 6087 6088 6093
f 6087 6093 9464
f 7796 6087 9464
f 11776 6087 7796
f 6088 11774 6093
f 6088 6100 11774
f 6456 6090 6089
f 7797 6089 6090
f 11779 6456 6089
f 7789 7794 6089
f 7789 6089 7797
f 11779 6089 7794
f 6457 6090 6456
f 11226 6090 6457
f 11776 7797 6090
f 11226 11776 6090
f 7803 6091 9461
f 7803 11775 6091
f 6091 9460 9461
f 11765 9460 6091
f 11765 6091 11774
f 11775 11774 6091
f 6092 9464 6093
f 11775 6092 6093
f 8752 7790 6092
f 7790 9462 6092
f 8752 6092 11775
f 6092 9462 9464
f 11775 6093 11774
f 6095 6099 6094
f 11772 6095 6096
f 6095 6101 6099
f 11772 6101 6095
f 6097 6096 8723
f 11772 6096 6097
f 8730 6097 8723
f 8722 8758 6098
f 11765 6100 6099
f 11765 6099 6101
f 11765 11774 6100
f 11765 6101 9460
f 9460 6101 11770
f 11772 11770 6101
f 6102 9452 11770
f 11772 6102 11770
f 9452 7802 6103
f 7802 9461 6103
f 9452 6103 11770
f 9460 6103 9461
f 9460 11770 6103
f 7810 7809 6104
f 7809 11764 6104
f 7810 6104 7920
f 7809 8768 6105
f 7809 6105 11764
f 8744 6105 8742
f 8768 8742 6105
f 8744 8743 6105
f 11764 6105 8743
f 8749 6106 8750
f 11747 6106 8749
f 8750 6106 8760
f 8756 8760 6106
f 11747 11760 6106
f 8771 11760 6107
f 11747 6107 11760
f 9419 8753 6108
f 8771 6108 11760
f 8745 8742 6109
f 8745 6109 8747
f 6109 8749 8747
f 11747 8749 6109
f 6111 9420 6114
f 6111 6114 11737
f 6111 11737 11745
f 6111 11745 11743
f 7817 6112 9417
f 7817 9423 6112
f 9417 6112 8767
f 9423 9420 6112
f 9423 6114 9420
f 11738 11737 6114
f 8808 6116 6115
f 11736 6115 6116
f 8833 6115 8807
f 8808 6115 8833
f 6117 6119 6118
f 6118 6119 6122
f 6118 6122 6130
f 6129 6118 6130
f 6119 6411 6122
f 6121 8450 6132
f 6121 6132 8455
f 6121 8455 8458
f 6122 6133 6130
f 6122 6134 6133
f 6122 6411 6134
f 6467 6125 6126
f 8842 6126 6125
f 8842 6125 6127
f 11215 6467 6126
f 11215 6126 8841
f 8842 6127 6128
f 6129 11735 6128
f 8842 6128 11735
f 6422 6130 6133
f 6131 6133 6137
f 6131 6422 6133
f 6131 6137 11268
f 6131 6423 6422
f 6131 11268 6423
f 6132 8450 11810
f 6132 8456 8455
f 6133 6134 6137
f 6134 6135 6137
f 6134 6413 6135
f 6134 6411 6414
f 6134 6414 6413
f 9128 6137 6135
f 6135 6413 6415
f 6135 6415 11283
f 9128 6135 11283
f 6136 6137 9128
f 6136 11268 6137
f 6136 7911 6393
f 11316 6136 6393
f 6136 9128 7911
f 11316 11268 6136
f 11001 6139 6138
f 11734 6138 6139
f 6138 6652 6651
f 11001 6138 6651
f 11007 6652 6138
f 11731 11007 6138
f 11731 6138 11734
f 10988 6139 6660
f 11001 6660 6139
f 10988 8130 6139
f 11734 6139 8130
f 8125 8124 6140
f 11731 6140 8124
f 8127 8125 6140
f 8131 8127 6140
f 11734 8131 6140
f 11731 11734 6140
f 6141 8117 8116
f 6141 8116 8120
f 11729 8117 6141
f 8552 6141 8120
f 8562 6141 8552
f 11729 6141 8562
f 6142 8562 6151
f 6142 11729 8562
f 6143 11722 11719
f 6143 11719 11726
f 8138 6144 6146
f 6146 6144 11726
f 6144 8330 6969
f 6144 6969 11726
f 8138 8330 6144
f 11711 6145 6148
f 6148 6145 11722
f 11711 6880 6145
f 6880 11721 6145
f 6145 11721 11719
f 6145 11719 11722
f 10965 8138 6146
f 10965 6146 11721
f 11719 11721 6146
f 11719 6146 11726
f 6147 6908 6894
f 6147 6894 11717
f 10843 6147 11710
f 11710 6147 11713
f 11713 6147 11717
f 11711 6148 11717
f 11713 11717 6148
f 6150 6149 6151
f 6150 11708 6149
f 11708 11711 6149
f 6150 6151 8111
f 6150 8111 6678
f 8562 8111 6151
f 6155 10956 6153
f 6153 10958 6652
f 6153 6652 11698
f 6153 10956 10958
f 6154 6432 11698
f 6154 8124 8123
f 11007 8124 6154
f 11007 6154 11698
f 6155 6674 6673
f 6155 6673 10956
f 9409 9410 6156
f 12041 9409 6156
f 9410 11688 6156
f 6156 11688 11697
f 6157 11686 11683
f 6157 11683 12040
f 6157 11688 11686
f 6157 11697 11688
f 6158 6162 6159
f 6158 6159 11686
f 6158 6160 6162
f 6158 11686 7824
f 6159 6162 7829
f 6159 7829 6216
f 6159 6216 11683
f 6159 11683 11686
f 6162 12020 7829
f 7829 6163 11530
f 7829 12020 6163
f 9404 6164 7822
f 9413 7822 6164
f 9404 11671 6164
f 9413 6164 11673
f 11671 11666 6164
f 11673 6164 11666
f 11671 6165 6167
f 9404 7823 6165
f 9409 6165 7823
f 9404 6165 11671
f 6167 6175 11646
f 11656 6167 11646
f 11671 6167 11656
f 6168 11655 6169
f 12121 6168 6170
f 6172 6173 12047
f 12046 6172 12047
f 11646 6175 6173
f 6173 6175 12047
f 11646 6173 12060
f 11646 12060 6174
f 6176 11147 6545
f 6176 10413 11627
f 6176 11627 11147
f 11607 6178 6177
f 6178 11628 6177
f 11548 6204 6177
f 6204 11607 6177
f 11548 6177 11642
f 6186 6178 11617
f 6186 11628 6178
f 11607 11617 6178
f 8920 6179 6180
f 11640 6180 6179
f 6182 6179 11631
f 6182 11640 6179
f 8919 6179 8920
f 8919 11631 6179
f 8920 6180 7826
f 7826 6180 11637
f 6182 11617 6181
f 6182 6181 11640
f 6181 11623 6184
f 6181 11617 11623
f 6186 11617 6182
f 6186 6182 11631
f 6183 8919 6544
f 6183 6544 11147
f 6183 11631 8919
f 6183 11147 11627
f 6183 11627 11631
f 6190 11501 6184
f 6190 6184 11620
f 11620 6184 11623
f 12063 6185 11630
f 6186 11627 11628
f 6186 11631 11627
f 6187 7395 8455
f 6187 8454 8451
f 6187 8453 8454
f 6187 8455 8453
f 6189 7726 7728
f 6190 6206 6207
f 6190 11620 6206
f 6190 6207 6225
f 6190 6225 11501
f 11586 11551 6191
f 11586 6191 12087
f 6207 6192 6224
f 11550 6192 6207
f 6224 6192 11583
f 11550 11551 6192
f 11586 6192 11551
f 11586 11583 6192
f 6200 6193 6201
f 6193 6200 8035
f 6193 8035 11342
f 6193 11342 8036
f 6201 6194 6199
f 6199 6194 11572
f 6201 9105 6194
f 9106 6194 9105
f 6197 11570 6196
f 6197 6196 11572
f 11561 6199 6196
f 6199 11572 6196
f 11561 6196 6202
f 6202 6196 11567
f 6196 11570 11567
f 6197 11572 9856
f 11554 6198 7699
f 6198 11570 7699
f 11554 11555 6198
f 11555 11558 6198
f 11558 11567 6198
f 6198 11567 11570
f 6200 6201 6199
f 11561 6200 6199
f 8035 6200 11576
f 11561 11576 6200
f 11561 6202 10412
f 6202 11642 10412
f 11548 6202 11567
f 11548 11642 6202
f 11547 6204 6205
f 11558 6205 6204
f 11547 11607 6204
f 11548 11558 6204
f 11547 6205 6206
f 11550 6206 6205
f 11550 6205 11553
f 11553 6205 11555
f 11555 6205 11558
f 11550 6207 6206
f 11547 6206 11620
f 6207 6224 6225
f 6211 6208 6210
f 6210 6208 11527
f 6208 11542 11527
f 10854 10807 6209
f 6211 6210 11538
f 6212 6210 11527
f 6212 6219 6218
f 6212 6218 7830
f 6212 11527 6219
f 6212 7830 11530
f 6213 6214 12039
f 6213 12085 6214
f 6213 6215 11508
f 6213 11508 12085
f 12115 12039 6214
f 6215 6216 7830
f 6215 6218 6217
f 6215 6217 11508
f 6215 7830 6218
f 6216 7829 7830
f 6217 6218 6226
f 6218 6219 6226
f 6219 11504 6226
f 6219 11527 11504
f 6220 11490 11504
f 6220 12067 11490
f 6220 11504 11542
f 6221 7389 10007
f 6222 6230 6223
f 6222 6225 11491
f 6222 6232 6230
f 6222 11491 6232
f 6223 6230 11495
f 6224 11491 6225
f 6226 11490 6227
f 6226 11504 11490
f 6227 6229 6228
f 6227 6231 6229
f 6227 11490 6231
f 6229 6231 11488
f 6230 6232 11485
f 6230 11485 11488
f 6230 11488 11495
f 6231 11495 11488
f 6231 11490 12067
f 6231 12067 11495
f 6232 11484 11485
f 11479 6233 11484
f 12080 6233 11479
f 6233 11485 11484
f 9389 6234 12117
f 7838 7839 6235
f 9389 6235 7839
f 9389 12117 6235
f 6237 7835 7831
f 6237 7831 11475
f 7840 7835 6237
f 7840 6237 11471
f 6240 6239 7023
f 6240 8772 6239
f 8775 7023 6239
f 8772 8774 6239
f 8775 6239 8774
f 6240 7022 7020
f 6240 7020 8772
f 6240 10516 7022
f 6240 7023 10516
f 6302 6301 6241
f 11468 6302 6241
f 6245 6243 6244
f 6244 6243 8335
f 6245 11461 6243
f 6246 6243 6262
f 6246 8335 6243
f 6243 11461 6262
f 6245 6244 6266
f 6244 6263 6266
f 8332 6263 6244
f 8332 6244 8335
f 6257 6245 6250
f 6245 6266 6250
f 6257 11461 6245
f 6246 6262 11446
f 8328 8335 6246
f 6261 6247 11446
f 11448 6247 6261
f 11448 11447 6247
f 6247 11447 12150
f 6249 6248 6263
f 6248 6266 6263
f 6248 11459 6266
f 6249 6263 6264
f 6257 6250 6251
f 6250 6266 11459
f 11455 6257 6251
f 11449 6252 6256
f 11455 6256 6252
f 11455 6252 6257
f 6257 6252 11461
f 11449 6262 6252
f 6252 6262 11461
f 6728 6253 10884
f 11450 6256 6255
f 6255 6256 11455
f 6272 6255 6269
f 11453 6269 6255
f 11450 6255 6272
f 11453 6255 11455
f 11449 6256 6258
f 11450 6258 6256
f 6261 6258 6260
f 6271 6260 6258
f 11449 6258 6261
f 11450 6271 6258
f 6259 11875 9559
f 11448 6261 6260
f 11449 6261 11446
f 11449 11446 6262
f 8332 6264 6263
f 8333 6264 7844
f 6265 6292 7383
f 7381 6267 9356
f 9366 9356 6267
f 6272 6269 6270
f 7860 6272 6270
f 7860 6270 7861
f 7860 6271 6272
f 11450 6272 6271
f 9301 6273 6274
f 9310 6275 6273
f 9310 6273 9301
f 9301 6274 9300
f 9310 9309 6275
f 6277 11443 10325
f 6277 11438 12173
f 6277 12176 11443
f 6277 12173 12176
f 6278 11432 6280
f 6278 6280 12171
f 6279 8778 7872
f 6279 7872 9334
f 6279 9290 8778
f 6280 11432 9331
f 6281 9329 7874
f 6281 7874 11435
f 6281 9331 9329
f 6281 11435 11836
f 9089 9090 6283
f 9094 6283 9090
f 9094 11430 6283
f 11430 11397 6283
f 8781 6285 6284
f 11998 6284 6285
f 6284 8779 8780
f 8781 6284 8780
f 8782 6285 8781
f 8782 9315 6285
f 6287 6327 11371
f 11425 6327 6287
f 9095 6287 11371
f 11420 6288 6291
f 11420 11425 6288
f 8416 6587 6290
f 8448 8449 6292
f 11417 6295 6296
f 6298 6295 11415
f 6295 12128 11415
f 6304 6296 6303
f 6301 6298 6297
f 6298 11415 6297
f 6301 6297 12130
f 6301 6300 6298
f 11400 6303 6299
f 11411 6299 6303
f 11397 6299 6307
f 11411 6307 6299
f 6310 6299 11397
f 11400 6299 6310
f 6302 6300 6301
f 11403 6300 6302
f 11411 6300 11403
f 11409 11403 6302
f 11468 11409 6302
f 11400 6304 6303
f 11401 6308 6305
f 12182 6308 11401
f 9093 6309 6310
f 11400 6310 6309
f 9093 6310 11430
f 11430 6310 11397
f 7359 7360 6311
f 7359 6311 8443
f 7360 8445 6311
f 8442 8443 6311
f 8442 6311 8444
f 8444 6311 8445
f 11391 6312 6314
f 6312 11394 6314
f 10304 11394 6312
f 9264 6314 6313
f 6313 6314 11390
f 9268 6314 9264
f 9268 11391 6314
f 6314 11394 11390
f 6315 6322 6316
f 6315 6317 6319
f 6315 11387 6317
f 6315 6319 6322
f 6316 6322 6323
f 6316 6323 11383
f 6316 11383 7333
f 6317 11388 6319
f 6317 11387 11840
f 6317 11840 11388
f 6318 7999 11203
f 11388 7999 6318
f 6318 11203 11205
f 11377 6318 11205
f 11377 11386 6318
f 11386 11388 6318
f 11381 6322 6319
f 11381 6319 11386
f 6319 11388 11386
f 11382 6321 6323
f 11383 6323 6321
f 6322 6325 6323
f 11381 6325 6322
f 11382 6323 6325
f 11377 6324 11386
f 11381 11386 6324
f 11372 6325 7302
f 11372 11382 6325
f 7895 6326 6328
f 6326 11371 6328
f 6326 7893 6329
f 6326 6329 11371
f 6326 7880 7893
f 7895 7880 6326
f 6327 11367 11371
f 7895 6328 7894
f 6328 11371 11367
f 6329 7893 7878
f 9098 6329 7878
f 9095 6329 9098
f 9095 11371 6329
f 7984 6330 6332
f 9223 6332 6330
f 9223 6330 7898
f 9186 6331 9155
f 11361 9155 6331
f 9186 11364 6331
f 9223 9204 6331
f 9204 11361 6331
f 11364 9223 6331
f 9223 11364 6332
f 11361 6333 6334
f 11362 6334 6333
f 7897 6333 7899
f 7899 6333 11361
f 7908 6334 9156
f 7908 11361 6334
f 6335 7033 6336
f 6335 7032 7033
f 7323 6339 6340
f 11353 6340 6339
f 7323 7327 6339
f 10095 6339 7327
f 6340 7317 7319
f 11353 7317 6340
f 6340 7319 7324
f 7323 6340 7324
f 6343 6341 6342
f 6343 11352 6341
f 8531 6341 8657
f 6344 6343 6342
f 8851 6344 6342
f 6344 11350 6343
f 6362 6343 6361
f 6361 6343 11350
f 6362 11352 6343
f 8851 8852 6344
f 8854 6344 8852
f 8854 11350 6344
f 6348 6346 6345
f 6361 6345 6346
f 6348 6345 10171
f 6345 6361 6364
f 6345 6364 7286
f 6345 7286 10171
f 6359 6346 6348
f 6359 6360 6346
f 6346 6360 6362
f 6346 6362 6361
f 6354 6359 6348
f 6354 6348 10166
f 6348 10171 10166
f 6351 6350 6349
f 9713 6349 6350
f 6352 6350 6351
f 6353 6352 6351
f 6356 6353 6351
f 6354 6352 6353
f 6354 7289 6352
f 6354 6353 6359
f 6355 6353 6356
f 6355 6359 6353
f 6354 10166 7289
f 6355 6358 6359
f 6357 6360 6358
f 6357 11352 6360
f 6358 6360 6359
f 6360 11352 6362
f 6364 6361 11350
f 6363 6365 6364
f 6363 6364 11350
f 6363 11335 6365
f 8854 11333 6363
f 8854 6363 11350
f 6363 11333 11335
f 7286 6364 6365
f 6365 11335 11331
f 6371 6369 6366
f 6366 7320 6371
f 10101 7320 6366
f 7354 6367 8443
f 10043 6367 7354
f 7358 8439 6367
f 10043 7358 6367
f 8439 8440 6367
f 8440 8443 6367
f 11346 6381 6370
f 11348 11346 6370
f 10098 6371 7320
f 11348 6371 10098
f 6374 6372 10098
f 6374 11343 6372
f 6376 6372 11343
f 6376 11346 6372
f 11348 10098 6372
f 11348 6372 11346
f 6373 6376 11345
f 6373 11346 6376
f 11329 6382 6373
f 6373 6382 11346
f 11329 6373 8993
f 6373 11345 8993
f 7317 6374 7319
f 7317 11343 6374
f 6374 10098 7319
f 6375 11339 8993
f 6375 8993 11345
f 6375 11345 10104
f 6376 11343 10104
f 6376 10104 11345
f 6377 10339 11341
f 6379 11335 6380
f 6379 11331 11335
f 6380 11335 11333
f 6382 6381 11346
f 8806 8826 6383
f 6383 8826 11328
f 6385 11328 8826
f 6390 6388 6386
f 6390 6386 8817
f 6387 11324 10129
f 6391 6388 6390
f 6392 6388 6391
f 8819 6391 6390
f 6392 6391 8824
f 8819 8821 6391
f 6391 8821 8824
f 8806 6392 8824
f 9152 6407 6393
f 9152 6393 7911
f 11321 6395 6394
f 11323 6394 6395
f 11267 6394 6405
f 11294 6405 6394
f 11321 6394 11267
f 11323 11294 6394
f 11317 6398 6395
f 11323 6395 6398
f 11320 11317 6395
f 11321 11320 6395
f 7946 7943 6396
f 11265 6396 7943
f 7946 6396 7945
f 11321 7945 6396
f 11318 6396 11265
f 11320 6396 11318
f 11321 6396 11320
f 6397 7918 9087
f 11318 7918 6397
f 11317 6397 9087
f 11320 6397 11317
f 11320 11318 6397
f 6423 11268 6398
f 11317 6423 6398
f 11316 6398 11268
f 11323 6398 11316
f 6403 6399 6402
f 11308 6402 6399
f 11298 6399 6403
f 11298 6406 6399
f 6406 6408 6400
f 6400 6408 11285
f 6403 6402 9083
f 7807 9086 6402
f 7807 6402 11308
f 6402 9086 9083
f 6405 6403 9083
f 11294 6403 6405
f 11298 6403 11294
f 6405 9083 6404
f 11267 6405 6404
f 7815 6424 6404
f 6424 11267 6404
f 7815 6404 9083
f 11306 6408 6406
f 11306 6406 11298
f 9152 11306 6407
f 11298 11294 6407
f 11306 11298 6407
f 6408 7912 11292
f 11306 7912 6408
f 11285 6408 11292
f 7912 8840 6409
f 11292 7912 6409
f 8838 8835 6409
f 11292 6409 8835
f 8838 6409 8839
f 8839 6409 8840
f 6410 8834 8807
f 11313 6410 8807
f 6410 11292 8834
f 11285 11292 6410
f 6412 8412 8411
f 6416 6415 11281
f 6416 11283 6415
f 8840 9125 6416
f 11275 8840 6416
f 9125 11283 6416
f 11275 6416 11281
f 6420 6417 11263
f 6420 11273 6417
f 11265 6417 6425
f 6425 6417 11273
f 6426 11263 6417
f 6426 6417 11265
f 7937 6419 6418
f 6419 11263 6418
f 7937 6418 7938
f 7938 6418 7941
f 7941 6418 7942
f 7942 6418 11263
f 6420 6419 9046
f 6420 11263 6419
f 7930 6419 7937
f 7930 9046 6419
f 7915 11273 6420
f 6423 7917 6422
f 6423 9087 7917
f 11317 9087 6423
f 7815 7929 6424
f 6424 7929 7928
f 6424 7928 7945
f 6424 7945 11267
f 7918 6425 11273
f 11318 6425 7918
f 11318 11265 6425
f 6426 7944 7942
f 6426 7942 11263
f 6426 7943 7944
f 6426 11265 7943
f 8844 6427 7947
f 9010 6427 8844
f 9011 6427 9010
f 6431 6429 6428
f 11254 6428 6429
f 11253 6431 6428
f 8798 6428 11254
f 8798 11258 6428
f 11258 11253 6428
f 6431 10382 6429
f 11260 6430 11253
f 11260 11610 6430
f 6431 11591 10382
f 6437 6435 6434
f 6437 6434 8790
f 6437 8791 6436
f 6442 6440 6441
f 6441 6440 11251
f 6444 6440 6442
f 6444 11249 6440
f 6441 11251 11080
f 6444 6442 6443
f 6444 11243 11249
f 6445 11082 9226
f 10704 11243 6445
f 6447 11241 7444
f 6448 6451 11237
f 9836 6448 11238
f 6448 11237 11238
f 6449 6452 6453
f 6449 11234 6452
f 8862 6449 6453
f 8862 8861 6449
f 6450 6452 11234
f 6450 11237 6452
f 6450 11234 10063
f 6450 11238 11237
f 6451 6454 11237
f 6452 6454 6453
f 6452 11237 6454
f 8864 6453 6454
f 8865 8862 6453
f 8865 6453 8864
f 6457 6456 6455
f 11228 6457 6455
f 11228 6455 11231
f 11226 6457 6458
f 11228 6458 6457
f 11227 6463 6458
f 11228 11227 6458
f 7957 6461 6460
f 6460 6461 8876
f 6460 6462 6465
f 7957 6460 6465
f 8007 8876 6461
f 11224 8989 6463
f 11227 11224 6463
f 6466 7951 6464
f 6464 7951 7950
f 11224 6464 7950
f 6466 6465 7951
f 6466 7956 6465
f 7956 7957 6465
f 6466 7959 7956
f 11215 6471 6467
f 8434 6526 6469
f 8435 6469 6526
f 6473 6476 6474
f 6473 8885 6476
f 7986 8885 6473
f 6474 6476 6475
f 7995 6475 7994
f 6476 8885 11206
f 9074 9073 6479
f 6480 6481 6482
f 6480 11205 6481
f 6481 6483 6482
f 8009 6483 6481
f 8009 6481 11203
f 6481 11205 11203
f 8011 6482 6483
f 8011 6485 6482
f 8009 8001 6483
f 8858 6483 8001
f 8002 8011 6483
f 8858 8002 6483
f 8011 6484 6485
f 6484 11200 6485
f 8013 6484 8011
f 8013 8811 6484
f 6484 8811 11199
f 6484 11199 11200
f 10350 6486 7162
f 6489 8026 6487
f 6489 6487 11198
f 6494 6487 11175
f 6494 11198 6487
f 8026 8024 6487
f 8024 11175 6487
f 6488 11188 6490
f 6488 6490 11198
f 6488 6491 6492
f 6488 6494 6491
f 6488 6492 11188
f 6488 11198 6494
f 6490 8904 6489
f 6490 6489 11198
f 6490 8905 8904
f 6490 11188 8905
f 6492 6491 6496
f 6497 6491 6494
f 6496 6491 6495
f 6497 6495 6491
f 6492 6528 6493
f 6492 6493 11188
f 6492 6496 6528
f 6493 6528 6525
f 6493 6525 8899
f 6493 8899 6527
f 6493 6527 8905
f 6493 8905 11188
f 6497 6494 11175
f 6496 6495 6534
f 6497 6536 6495
f 6495 6536 6534
f 6496 6543 6528
f 6496 6534 6539
f 6496 6539 6543
f 6497 11428 6536
f 6497 11175 11187
f 6497 11187 11428
f 6499 6517 6508
f 6499 6508 10415
f 6499 10415 10404
f 6500 6507 6503
f 6500 6508 6507
f 6501 9133 6504
f 6501 6504 11173
f 6501 9126 9129
f 6501 11173 9126
f 6501 9129 9130
f 6501 9130 9133
f 6503 11173 6504
f 6505 8868 6533
f 6772 6556 6506
f 6507 6508 6517
f 6507 6517 6515
f 6507 6515 9771
f 6512 6509 6511
f 6511 6509 11166
f 6512 10444 6509
f 7726 6510 8284
f 6513 11166 6514
f 6513 6515 6516
f 6515 6517 6516
f 8031 6518 6542
f 8031 11164 6518
f 6518 8898 8897
f 8027 6519 8028
f 8027 11164 6519
f 8030 8028 6519
f 8034 6519 11164
f 8037 6520 9135
f 6520 9134 9135
f 6521 6522 11154
f 6521 11154 11156
f 6522 11149 11154
f 6524 8751 6523
f 6524 6523 11149
f 8751 8039 6523
f 6523 11154 11149
f 8083 6524 8084
f 6524 8083 8751
f 6524 11149 8084
f 6541 6525 6528
f 6541 6542 6525
f 6542 8902 6525
f 8902 8899 6525
f 8434 10319 6526
f 8901 6527 8899
f 8907 8905 6527
f 6541 6528 6543
f 6529 6538 6954
f 6529 6822 7173
f 6531 6530 8429
f 6530 7271 8429
f 6530 8432 7271
f 6530 8433 8432
f 6531 7250 7248
f 6531 7248 8428
f 6531 8429 7250
f 6532 6533 6537
f 6532 6534 6536
f 6532 6537 6534
f 6534 6537 6539
f 6535 8426 7251
f 6535 7251 10191
f 6535 10191 10192
f 6535 10192 10201
f 6543 6539 8032
f 8031 6542 6541
f 8031 6541 6543
f 8034 8031 6543
f 8034 6543 8032
f 8919 7825 6544
f 6730 6550 6546
f 11143 6546 6550
f 6730 6546 11142
f 7219 6546 11143
f 11137 6547 6550
f 11143 6550 6547
f 9398 6547 9401
f 9398 11143 6547
f 9401 6547 11137
f 7219 11143 6548
f 10436 10437 6548
f 6730 6549 6550
f 11137 6550 6549
f 8159 6551 6549
f 11137 6549 6551
f 6730 6732 6549
f 8159 6549 6732
f 7827 6551 8187
f 11137 6551 7827
f 8169 6551 8159
f 8169 8187 6551
f 6697 6555 6552
f 6552 6555 11131
f 6684 6697 6552
f 10420 11131 6553
f 6553 11131 11116
f 6554 6692 6687
f 6696 6554 6687
f 6696 6687 6555
f 6555 6687 11116
f 6696 6555 6697
f 6555 11116 11131
f 6557 11106 6558
f 6557 6561 11106
f 6558 11108 11107
f 8061 8060 6559
f 11107 6559 8060
f 8685 8061 6559
f 11108 6559 11107
f 10806 10809 6561
f 10809 11106 6561
f 6569 6563 6562
f 8956 6562 6563
f 6569 6562 6564
f 8955 6562 8956
f 8939 6567 6563
f 8956 6563 6567
f 6571 6563 6569
f 8939 6563 6571
f 6568 6564 6565
f 6569 6564 6568
f 6573 6568 6565
f 6573 6565 11092
f 6565 11104 11092
f 9033 7234 6566
f 7234 10280 6566
f 6566 8421 8422
f 6566 10280 8421
f 6566 8422 8423
f 9033 6566 8423
f 8940 6567 8939
f 8940 8960 6567
f 8958 8956 6567
f 8960 8958 6567
f 6570 6569 6568
f 6570 6568 11098
f 6573 11098 6568
f 6571 6569 6570
f 10833 6571 6570
f 10833 6570 6755
f 6570 11098 6755
f 8938 8939 6571
f 10833 8938 6571
f 6573 6572 11098
f 6573 11102 6572
f 6576 6572 11090
f 6572 11102 11090
f 6573 11092 11102
f 6575 11102 6574
f 6574 11102 11092
f 6575 10703 11090
f 6575 11090 11102
f 6576 11090 10703
f 6577 8048 6578
f 6577 8044 8048
f 6578 6590 6588
f 6578 8051 6590
f 6578 8048 8051
f 6579 6588 6585
f 6582 6585 6584
f 6583 8422 6586
f 6583 6586 9024
f 6583 9024 7229
f 6583 7229 9026
f 6583 8423 8422
f 6583 9026 8423
f 6584 6585 6588
f 6584 6588 6590
f 8694 6589 6584
f 6584 6590 8694
f 6586 8417 8418
f 6586 8418 9024
f 8415 8414 6587
f 8416 8415 6587
f 10543 6589 8694
f 8702 6590 8051
f 8702 8694 6590
f 6593 6591 6592
f 6594 6591 6593
f 9141 6591 6594
f 6593 6592 11087
f 6594 6593 8053
f 6593 8054 8053
f 9141 6594 9140
f 11085 6595 10398
f 11085 11087 6595
f 6599 6596 6598
f 7189 6597 6695
f 7189 7188 6597
f 8416 6597 8415
f 6600 8638 6602
f 6600 6602 11081
f 6600 11081 11083
f 11083 6601 10337
f 11083 11081 6601
f 6602 8638 9138
f 6603 6604 11079
f 8088 6605 8089
f 11075 6605 8088
f 11077 8089 6605
f 11077 6605 8232
f 7172 8114 6606
f 8706 6608 6607
f 9834 6607 6608
f 8706 6607 6609
f 11891 6609 6607
f 8706 8705 6608
f 9596 6608 8705
f 9596 9602 6608
f 8708 8706 6609
f 8708 6609 8707
f 8715 8707 6609
f 8715 6609 11891
f 6611 6612 6610
f 6611 6610 9120
f 6612 7693 6610
f 6610 7693 6614
f 6610 6614 9122
f 6610 9122 9120
f 6611 9114 6612
f 6611 9117 9114
f 6611 9119 9117
f 6611 9120 9119
f 6612 6615 7693
f 7693 7695 6614
f 7697 6614 7695
f 7697 7696 6614
f 9122 6614 7696
f 6615 6616 7693
f 7693 6616 7695
f 6616 8704 7695
f 6618 10431 6617
f 6617 9721 10463
f 11071 10431 6618
f 6622 6619 6620
f 11070 6620 6619
f 6628 6619 6622
f 11069 6622 6620
f 11069 6620 6625
f 11070 6621 6624
f 6951 6621 6949
f 6629 6628 6622
f 6629 6622 6630
f 11069 6630 6622
f 9286 8911 6624
f 8746 8640 6625
f 11069 6625 8640
f 8746 6625 9298
f 6627 6626 6629
f 6627 6629 6630
f 11062 6627 6630
f 11062 11903 6627
f 11062 6630 11056
f 11069 11056 6630
f 6632 7163 6737
f 10452 6632 6737
f 8463 11895 6633
f 12093 6635 6634
f 12093 6634 12097
f 7732 7731 6635
f 7731 9536 6635
f 7732 6635 12093
f 11034 6639 6637
f 12062 6638 11020
f 11034 6638 11027
f 11034 11027 6639
f 6641 11019 6643
f 11019 6642 6643
f 6655 6644 6676
f 8602 6645 11013
f 8602 11015 6645
f 8889 6646 8879
f 6646 8880 8886
f 8889 8880 6646
f 6646 8886 11009
f 8155 8154 6647
f 6647 8154 11009
f 6647 8882 8883
f 6647 11009 8882
f 6648 7436 9931
f 6650 6649 8171
f 6650 11008 6649
f 6649 6742 8173
f 6649 11008 6742
f 6649 8172 8171
f 6649 8173 8172
f 6650 8171 8878
f 6650 8878 8879
f 6650 8879 11008
f 6651 6652 10958
f 11001 6651 6654
f 6654 6651 11004
f 11004 6651 10958
f 11007 11698 6652
f 6653 8112 6654
f 11004 6653 6654
f 6677 8509 6653
f 11004 6677 6653
f 6653 8509 8112
f 6654 8112 6660
f 11001 6654 6660
f 8172 6659 6656
f 11000 6656 6659
f 8170 6656 6662
f 10990 6662 6656
f 8170 8172 6656
f 11000 10990 6656
f 10867 6657 6659
f 6657 11000 6659
f 6738 6657 10867
f 6738 10869 6657
f 10869 11000 6657
f 8130 6658 8128
f 10869 8128 6658
f 10988 6658 8130
f 10869 6658 11000
f 10990 6658 10988
f 11000 6658 10990
f 8172 10863 6659
f 10867 6659 10863
f 6663 6661 6660
f 10988 6660 6661
f 6663 6660 8112
f 6664 6661 6663
f 10990 6661 6664
f 10990 10988 6661
f 6667 6662 6664
f 10990 6664 6662
f 6667 6669 6662
f 6669 8170 6662
f 10981 6664 6663
f 6665 6663 8112
f 10981 6663 6665
f 6667 6664 10981
f 6666 6665 8413
f 10981 6665 6666
f 6665 8112 8509
f 6665 8509 8413
f 6670 10981 6666
f 6667 6668 6669
f 6667 8108 6668
f 6667 6670 8108
f 6667 10981 6670
f 6668 8878 6669
f 6668 8108 8576
f 8888 6668 8576
f 8888 8878 6668
f 6669 8171 8170
f 6669 8878 8171
f 8094 8108 6670
f 8136 8138 6671
f 8139 8136 6671
f 6671 8138 10965
f 8139 6671 10975
f 6671 10965 10972
f 10975 6671 10972
f 6798 10973 6672
f 6672 10972 6875
f 10975 10972 6672
f 10975 6672 10973
f 6674 10950 6673
f 6680 6673 6681
f 6680 10956 6673
f 6681 6673 10950
f 6679 6677 6675
f 11004 6675 6677
f 6680 6679 6675
f 6680 6675 10956
f 10956 6675 10958
f 11004 10958 6675
f 6679 8110 6677
f 6677 8110 8509
f 6678 8111 8516
f 6678 8516 10939
f 6678 10939 10944
f 6680 10939 6679
f 6679 8516 8110
f 6679 10939 8516
f 6680 6681 10939
f 10939 6681 10944
f 6681 10948 10944
f 6681 10950 10948
f 6684 6682 6697
f 6695 6683 8406
f 8407 8406 6683
f 10874 6687 6692
f 11116 6687 10874
f 6691 6690 6689
f 6693 6690 6691
f 10935 6693 6691
f 10874 6692 11112
f 10935 11112 6693
f 7189 6695 8405
f 6695 8406 8405
f 6698 8944 8174
f 6698 10934 8944
f 6702 6700 10918
f 6702 10925 6700
f 6700 8302 8153
f 6700 8153 10927
f 6700 10925 8302
f 6700 10927 10918
f 6701 10927 8153
f 6702 10918 10923
f 6704 10923 6703
f 6703 10923 10918
f 6707 6706 6704
f 6706 10923 6704
f 10908 8225 6705
f 6708 6709 6707
f 6708 10823 6709
f 6708 6762 10823
f 6708 10901 6762
f 6709 10823 6760
f 6709 6760 10904
f 6711 6710 8373
f 6711 10900 6710
f 6710 8375 8373
f 6710 8376 8375
f 6711 6716 6712
f 6711 6712 10900
f 8980 6716 6711
f 8980 6711 8373
f 6716 6713 6712
f 8156 6712 6713
f 6713 6714 6715
f 6713 6717 6714
f 8156 6713 6715
f 6716 6717 6713
f 6719 6715 6714
f 6719 6714 8976
f 6714 8977 8976
f 6719 8218 6715
f 8157 8156 6715
f 8157 6715 8218
f 6716 8983 6717
f 8980 8983 6716
f 6717 8979 8978
f 6717 8983 8979
f 8181 6718 8099
f 6718 8979 8099
f 8181 10899 6718
f 6718 8978 8979
f 6720 6719 8976
f 6722 6743 6720
f 6722 6720 8976
f 6722 8976 6721
f 6721 8976 8977
f 10894 6743 6722
f 8125 6726 6723
f 10885 6723 6726
f 8125 6723 8122
f 10885 12025 6723
f 6725 6724 10884
f 6725 10885 6724
f 6724 6726 8127
f 6724 10885 6726
f 6727 6724 8127
f 6727 10884 6724
f 6725 10887 10885
f 8127 6726 8125
f 8129 6728 6727
f 6728 10884 6727
f 6727 8127 8131
f 8129 6727 8131
f 8129 6729 6728
f 6739 6729 10869
f 8129 8128 6729
f 6729 8128 10869
f 6730 10881 6732
f 6731 6736 10881
f 6733 8186 6732
f 6733 6732 10881
f 8159 6732 8186
f 6736 6734 6733
f 6734 6746 6733
f 6736 6733 10881
f 6733 6746 8934
f 6733 8934 8186
f 6736 10876 6734
f 6734 10844 6746
f 6734 10876 10844
f 6747 10844 6735
f 10876 6735 10844
f 6738 6740 6739
f 6738 6739 10869
f 6738 6741 6740
f 6738 10867 6741
f 10894 6744 6743
f 6750 6749 6745
f 6749 10837 6745
f 6750 6745 10855
f 8933 6745 10837
f 6746 10844 10855
f 6750 6747 10841
f 6750 10855 6747
f 6747 10855 10844
f 6750 6748 6749
f 6752 6749 6748
f 6750 10841 6748
f 6752 6751 6749
f 6751 10837 6749
f 6751 10840 10837
f 6753 8930 8931
f 8932 6753 8931
f 8932 8933 6753
f 6753 8933 10837
f 6753 10837 10840
f 10833 6755 6754
f 10836 6754 6755
f 8126 6756 6754
f 10833 6754 6756
f 8967 6756 8126
f 8942 8938 6756
f 10833 6756 8938
f 8967 8942 6756
f 6759 6760 8974
f 6759 10904 6760
f 8890 6759 8974
f 6760 8986 8974
f 6760 10823 8986
f 6762 6761 8987
f 6761 8988 8987
f 6762 8987 10823
f 8181 6763 6764
f 8180 6763 8181
f 8181 6764 10899
f 11068 8277 6765
f 10883 6765 10819
f 10819 6766 10821
f 8991 6769 6770
f 6770 6769 10817
f 6823 6769 6819
f 8991 6819 6769
f 8991 6770 8990
f 8990 6770 10790
f 10767 6771 6779
f 10785 6779 6771
f 6771 6796 8184
f 10767 6796 6771
f 10802 6771 8184
f 10785 6771 10802
f 6773 8184 10790
f 6773 10802 8184
f 6774 6775 6813
f 8208 6775 6774
f 6774 6777 6776
f 8208 6774 6776
f 6774 6812 6777
f 6774 6813 6812
f 6775 6816 6813
f 8195 6816 6775
f 8207 8195 6775
f 8207 6775 8208
f 6776 6777 6778
f 8221 6776 6778
f 8208 6776 8219
f 8219 6776 8221
f 6777 8990 6778
f 6777 6812 8991
f 6777 8991 8990
f 8221 6778 8223
f 10785 8877 6779
f 10767 6779 10786
f 6780 10775 10769
f 6780 10769 10786
f 6780 10784 10775
f 6781 6783 6782
f 10448 6781 6782
f 10454 6783 6781
f 10514 10454 6781
f 6784 8185 8189
f 6785 7182 10342
f 8404 8403 6785
f 8408 8404 6785
f 8408 6785 10342
f 6786 8189 8185
f 8190 8189 6786
f 7103 6787 7097
f 6794 6790 6791
f 6794 6792 6790
f 6794 6791 8192
f 8190 6791 8189
f 8192 6791 8190
f 6794 10775 6792
f 6792 10775 10784
f 6793 7062 7063
f 7064 7062 6793
f 8402 7064 6793
f 8402 6793 8403
f 6794 8192 10769
f 6794 10769 10775
f 10767 6795 7991
f 10767 10786 6795
f 6795 10769 10773
f 10786 10769 6795
f 8224 6796 7991
f 10767 7991 6796
f 8223 8184 6796
f 8223 6796 8224
f 10764 6799 6797
f 12120 6797 6799
f 6798 6857 6941
f 10764 6800 6799
f 10536 12120 6799
f 6801 10748 6804
f 6801 6804 11930
f 11649 10760 6802
f 6803 6805 10746
f 6803 11534 6805
f 6804 10754 11930
f 11916 10746 6805
f 11916 6805 10747
f 6807 6808 10741
f 6807 11680 6808
f 9253 6809 9283
f 6809 11517 12076
f 6812 6813 6814
f 6819 6812 6814
f 8991 6812 6819
f 6815 6814 6813
f 6816 6815 6813
f 6817 6814 6815
f 8399 7159 6818
f 7159 10354 6818
f 8392 8391 6818
f 8397 6818 8391
f 8392 6818 10354
f 8400 6818 8397
f 8400 8399 6818
f 6823 6819 6821
f 6823 6821 8245
f 6822 8387 7173
f 6822 8389 8387
f 6822 8388 8389
f 6825 6823 8245
f 6824 8386 7170
f 10344 6824 7170
f 6824 8389 8386
f 6824 8387 8389
f 10344 8387 6824
f 6825 7935 6826
f 6825 8245 7935
f 6826 7935 8249
f 6827 7120 8385
f 10346 8386 6827
f 6833 6828 10725
f 6838 6832 6831
f 10731 6831 6832
f 6838 6831 6876
f 6831 11423 6876
f 6838 6837 6832
f 10731 6833 10725
f 8995 8997 6834
f 8997 10675 6834
f 10684 6881 6835
f 10684 6835 10724
f 6840 6836 6837
f 6840 6839 6836
f 6840 6837 6838
f 6840 6838 8251
f 6838 6876 9000
f 8251 6838 9000
f 6842 10721 6841
f 6841 8998 8996
f 6863 6870 6842
f 6842 6870 10705
f 6842 10705 10721
f 6843 6861 6844
f 6843 6846 6845
f 6843 6845 6861
f 6843 10400 6846
f 6844 6850 6859
f 6844 6861 6850
f 6844 6859 11183
f 6845 6846 6869
f 6845 6862 6861
f 6845 6871 6862
f 6845 6869 6871
f 6846 10706 6869
f 6847 6848 6850
f 6847 6850 6861
f 6847 6861 6862
f 6863 6847 6862
f 6863 8994 6847
f 6848 6855 6850
f 6848 6856 6855
f 8992 6856 6848
f 7157 6849 8385
f 6850 6855 6859
f 6851 6859 6852
f 8718 6851 6852
f 6851 11183 6859
f 6852 6855 6858
f 6852 6859 6855
f 6853 6858 6856
f 6853 11899 6858
f 6855 6856 6858
f 10948 10950 6857
f 6863 6862 6870
f 6862 6871 6870
f 6864 7129 8383
f 6953 6866 7129
f 6953 8367 6866
f 8383 7129 6866
f 8382 6866 8367
f 8382 8383 6866
f 6868 6871 6869
f 6872 6874 10686
f 10674 6874 6882
f 6882 6874 10695
f 10674 10686 6874
f 6892 6877 6875
f 10944 10948 6877
f 6878 6957 6879
f 6878 6881 6960
f 6878 6960 6957
f 6879 6951 6949
f 6879 6958 6951
f 6879 6957 6958
f 11708 6892 6880
f 11708 6880 11711
f 10684 6960 6881
f 10674 6882 9001
f 10676 9001 6882
f 10671 10676 6882
f 10671 6882 10695
f 6883 6959 6957
f 6883 6957 6960
f 6883 10585 6959
f 10680 6883 6960
f 10670 10585 6883
f 10680 10670 6883
f 8997 8998 6884
f 8997 6884 10675
f 8998 8999 6884
f 10676 6884 8999
f 10675 6884 10682
f 10676 10682 6884
f 6887 6885 6886
f 6895 6885 6887
f 6896 6895 6887
f 7502 6896 6887
f 6888 6893 6889
f 6898 6889 6893
f 6898 6897 6889
f 10656 6891 6890
f 6896 6893 6891
f 6896 6891 6895
f 6895 6891 10656
f 6898 6893 6896
f 6898 6896 7502
f 6898 7502 6897
f 7502 7503 6897
f 7503 10649 6897
f 7503 7515 6899
f 7503 6899 10649
f 7514 7511 6899
f 7514 6899 7515
f 6901 10532 7005
f 6902 8549 9842
f 6902 9842 11944
f 6904 10646 6903
f 6903 8577 8578
f 6903 8578 8579
f 6906 7213 8371
f 6906 8371 8379
f 10241 6910 6907
f 8505 6907 8513
f 10241 6907 8505
f 6907 8514 8513
f 6914 10634 6909
f 6916 6910 10634
f 10633 6913 6911
f 6913 11466 6911
f 6911 9952 10638
f 10633 6911 10638
f 6915 10634 6914
f 10628 6916 6915
f 6916 10634 6915
f 10625 10628 6915
f 10628 10631 6916
f 6918 6925 6917
f 10628 6918 6917
f 6925 6924 6917
f 10628 6917 10631
f 10625 6918 10628
f 10623 6919 6920
f 6921 6920 8515
f 6921 10622 6920
f 10623 6920 10622
f 6921 8513 8514
f 6921 8515 8513
f 6921 8514 11812
f 6921 11812 10622
f 6926 6922 6924
f 6926 6927 6922
f 10616 6923 6927
f 10620 6924 6925
f 10620 6926 6924
f 10620 6925 6928
f 6926 6931 6927
f 6926 6929 6931
f 10620 6929 6926
f 10616 6927 6931
f 10620 6928 10614
f 10614 6928 11469
f 6930 10611 6929
f 10614 6930 6929
f 6931 6929 10611
f 10620 10614 6929
f 10612 10611 6930
f 8253 6931 10611
f 10616 6931 8253
f 6932 9276 9278
f 6932 9278 10606
f 6932 10606 10604
f 6933 10604 10606
f 6933 10606 11706
f 6933 11706 11115
f 7923 6936 8261
f 7923 9005 6936
f 10600 8261 6936
f 8259 8257 6938
f 8259 6938 9006
f 6943 6939 6940
f 6939 9577 6940
f 6939 10466 9577
f 6943 6940 6942
f 8783 6940 9577
f 6941 7194 7059
f 10591 6942 6945
f 6952 6944 6945
f 10591 6945 6944
f 6946 6944 6962
f 6962 6944 6952
f 6946 6962 6964
f 6948 7103 6947
f 6948 6947 8368
f 6947 7102 8336
f 6947 10446 7102
f 6947 7103 10446
f 6947 8336 8369
f 6947 8369 8368
f 6950 6965 8366
f 6950 8369 6965
f 7127 6950 8366
f 7127 10394 6950
f 6950 8368 8369
f 6950 10394 8368
f 6958 6952 6951
f 6962 6952 6958
f 7127 6953 7129
f 7127 8366 6953
f 7459 6954 7428
f 6961 6958 6957
f 6961 6957 6959
f 6962 6958 6961
f 6961 6959 6964
f 6959 10585 6964
f 10680 6960 10684
f 6962 6961 6964
f 6971 6990 8364
f 6971 7031 7088
f 6971 8358 7031
f 6971 7088 8363
f 6971 8364 8358
f 6974 6972 6973
f 8538 8539 6973
f 6976 8642 6975
f 6975 8644 7522
f 6975 8642 8644
f 10575 6976 6981
f 6982 8642 6976
f 10575 6982 6976
f 6981 6977 6979
f 6979 6977 10664
f 8363 7088 6978
f 6978 7088 10459
f 6978 10459 7090
f 6981 6979 10582
f 10573 10569 6979
f 10569 10582 6979
f 7774 6980 7769
f 10567 7769 6980
f 7774 8653 6980
f 10575 6980 8653
f 10567 6980 10582
f 10575 10582 6980
f 10575 6981 10582
f 8651 8642 6982
f 8651 6982 8653
f 10575 8653 6982
f 7734 6983 7849
f 7734 10567 6983
f 6983 7843 7849
f 10571 7843 6983
f 10569 6983 10567
f 10571 6983 10569
f 10565 6984 6985
f 6984 6986 6987
f 10565 6986 6984
f 9705 10565 6985
f 8272 6987 6986
f 6986 8263 7856
f 8272 6986 7856
f 10565 8263 6986
f 8273 7843 6987
f 8272 8273 6987
f 6989 7729 8271
f 8361 7027 6990
f 6990 7027 8364
f 8361 6990 8359
f 6991 6992 6993
f 6991 10564 6992
f 6995 6992 7527
f 10564 7527 6992
f 6993 6994 6998
f 6997 6994 6996
f 7002 7001 10540
f 7002 10544 7001
f 7002 10546 10544
f 7606 8293 7003
f 7606 7003 10540
f 7637 8280 7003
f 7637 7003 8293
f 7005 7004 7552
f 10532 7004 7005
f 7552 7004 10535
f 7006 7007 7008
f 10531 7006 7008
f 8314 7008 7007
f 8315 7007 8306
f 7007 8315 8314
f 7572 7008 8317
f 10531 7008 7572
f 8314 8317 7008
f 7009 8320 7571
f 7009 7571 8323
f 7009 7572 8321
f 7009 10531 7572
f 7009 8321 8320
f 7009 8323 10531
f 7011 7010 10527
f 7010 11440 10527
f 11437 11440 7010
f 7014 7011 7012
f 7012 7011 10527
f 7015 7011 7014
f 7018 7015 7014
f 7018 10520 7015
f 7015 10520 11433
f 7017 7384 7016
f 7016 7384 8325
f 7017 10520 7384
f 7018 7384 10520
f 7136 7019 7359
f 7359 7019 7360
f 9585 7020 7022
f 8772 7020 10848
f 9585 10756 7020
f 10756 10848 7020
f 8338 7022 7024
f 10516 7024 7022
f 9374 7025 7023
f 10516 7023 7025
f 9374 7023 8775
f 8331 7024 8329
f 8329 7024 8334
f 8331 8338 7024
f 8334 7024 10516
f 7841 7844 7025
f 7841 7025 9374
f 8334 7025 7844
f 8334 10516 7025
f 7026 7052 7041
f 7026 10501 7052
f 7049 7029 7028
f 7049 7028 7030
f 7048 7029 7049
f 7041 7052 7030
f 7049 7030 7051
f 7051 7030 7052
f 7031 8358 10822
f 7035 7033 7032
f 7035 7032 7034
f 10505 7035 7034
f 7036 10505 7034
f 7036 7034 10510
f 10505 10759 7035
f 7036 10229 10508
f 7036 10510 10229
f 7036 10507 10505
f 7036 10508 10507
f 7037 10507 9669
f 7038 9280 7039
f 7040 7230 8355
f 7040 8355 8356
f 7043 7042 10504
f 7046 7048 7047
f 7048 7050 7047
f 7048 7049 7050
f 7049 7051 7050
f 7051 10503 7050
f 7051 7052 10501
f 7051 10501 10503
f 7151 7053 7054
f 7151 8340 7053
f 7056 7057 7055
f 7056 7068 7057
f 7056 7067 7068
f 7056 10498 7067
f 7059 12028 7213
f 7060 7065 7064
f 8401 7060 7064
f 8401 10851 7060
f 7061 7066 7065
f 10498 7063 7062
f 7064 7065 7062
f 7065 10490 7062
f 10490 10498 7062
f 8402 8401 7064
f 7065 7066 10490
f 7066 10494 10490
f 10799 10494 7066
f 10492 7068 7067
f 10494 7067 10490
f 10490 7067 10498
f 10494 10492 7067
f 10492 10801 7068
f 7069 7070 7149
f 10485 7070 7069
f 8341 7069 7149
f 10489 7069 8341
f 10489 10485 7069
f 7070 9531 7149
f 10485 9196 7070
f 7072 8352 7071
f 8352 8354 7071
f 10483 7071 8354
f 10789 7071 10483
f 7072 8351 8352
f 7082 7073 7074
f 7082 10465 7073
f 7082 7074 10480
f 10480 7074 10879
f 7244 7077 7075
f 7077 9017 7075
f 10479 7075 9017
f 7076 7079 7077
f 7076 7078 7079
f 7076 10179 7078
f 7272 10179 7076
f 7079 10476 7077
f 7077 10476 9017
f 7080 10474 10472
f 7080 10472 10476
f 7081 9022 7083
f 7081 7083 10474
f 7081 7085 9019
f 7081 10465 7085
f 7081 9019 9022
f 7081 10474 10465
f 7082 8356 7085
f 7082 7085 10465
f 7083 9022 9018
f 7083 9018 10472
f 7083 10472 10474
f 7084 10460 7086
f 7085 8356 8355
f 7085 8355 9019
f 7086 8419 8418
f 7086 9021 8419
f 7086 10460 9021
f 10459 10457 7090
f 7093 7091 7092
f 8395 7091 7093
f 7094 7093 7092
f 7095 7093 7094
f 8395 7093 8390
f 10446 7097 7095
f 7100 10446 7095
f 7103 7097 10446
f 8468 7098 7101
f 7099 7145 8353
f 7099 8354 7145
f 10483 8354 7099
f 7102 7100 7101
f 7102 10446 7100
f 8503 7106 8484
f 8484 7106 10908
f 7107 7288 7439
f 7108 7112 7113
f 8047 7109 10439
f 10443 10442 7109
f 7111 7689 7112
f 7507 10435 7111
f 7117 7114 7113
f 10434 7114 7117
f 10434 8052 7114
f 7121 7117 7115
f 7121 7672 7116
f 10434 7121 7116
f 7672 7122 7116
f 7116 7122 10433
f 10434 7117 7121
f 7211 7118 7201
f 7211 7671 7118
f 10426 7119 10433
f 7161 7164 7120
f 7164 8385 7120
f 10426 10433 7122
f 10411 7124 10418
f 10411 10423 7124
f 10794 10419 7124
f 10794 7124 10423
f 10834 7125 10403
f 10411 10418 7125
f 8097 7131 7130
f 8097 7130 8096
f 8096 7130 10393
f 8103 7131 8097
f 8103 8596 7131
f 8098 8096 7132
f 8096 10393 7132
f 8098 7132 8381
f 8382 8381 7132
f 8382 7132 8383
f 7132 10393 8383
f 10391 7134 7133
f 10392 7133 7134
f 7459 10391 7133
f 10392 8388 7133
f 10384 10392 7134
f 7135 7136 8441
f 7135 7139 7138
f 7135 7138 10373
f 7135 8441 7139
f 7136 7359 8441
f 7137 7138 7139
f 7137 7139 10376
f 10839 10373 7138
f 7139 8440 8439
f 7139 8439 10376
f 7139 8441 8440
f 7141 11724 7148
f 7142 7146 7147
f 7142 7348 10073
f 7143 7367 7365
f 8352 8350 7145
f 8352 7145 8354
f 7146 7148 7147
f 7153 7150 7845
f 7175 10364 7150
f 7151 8341 8340
f 7154 7152 7153
f 7187 7152 7154
f 7187 7176 7152
f 7154 7153 7848
f 7846 7153 7845
f 7846 7848 7153
f 7187 7154 7183
f 7183 7154 7851
f 7154 7848 7851
f 9603 7156 7155
f 7158 7155 10355
f 10361 7155 7158
f 10361 9603 7155
f 9603 8384 7156
f 7157 8385 7164
f 10352 7158 10354
f 10361 7158 10352
f 7162 7159 10351
f 7162 10352 7159
f 8399 10351 7159
f 7159 10352 10354
f 8102 8598 7160
f 8598 8599 7160
f 7161 7252 7164
f 10350 7162 10351
f 10350 10351 7163
f 7165 7166 7171
f 10348 7165 7171
f 8115 8114 7166
f 7167 8116 8115
f 8396 8116 7167
f 8396 7167 8119
f 7167 8431 8119
f 7170 7168 7169
f 10346 7168 7170
f 10344 7170 7169
f 10348 7171 7169
f 10346 7170 8386
f 10344 7172 7173
f 10344 7173 8387
f 7174 7177 7180
f 7174 10342 7177
f 7178 10342 7174
f 7175 7180 10334
f 7187 10322 7176
f 7176 10322 8405
f 7177 10336 7180
f 7177 7182 7181
f 7177 7181 10336
f 7177 10342 7182
f 7178 8406 8408
f 7178 8408 10342
f 7179 10334 10336
f 7179 10336 10340
f 7180 10336 10334
f 10331 10340 7181
f 7181 10340 10336
f 7185 7183 7184
f 7183 7852 7184
f 7187 7183 7185
f 7183 7851 7852
f 7187 7185 10322
f 7185 7188 10322
f 7189 10322 7188
f 7189 8405 10322
f 7192 10319 7193
f 8434 7193 10319
f 8328 7204 7195
f 8329 7195 7204
f 8328 7195 8335
f 8332 8335 7195
f 7202 7197 7196
f 7197 8425 7196
f 7207 7202 7196
f 7207 7196 7209
f 7202 7198 7197
f 10307 7197 7198
f 10263 8425 7197
f 10307 10263 7197
f 7202 7199 7198
f 7202 7201 7199
f 7207 7201 7202
f 7211 7201 7207
f 8331 8329 7204
f 7207 7209 7205
f 7211 7207 7205
f 7205 7209 9028
f 7215 7205 7210
f 7205 9028 7210
f 7215 7211 7205
f 9028 7209 7235
f 7215 7210 7214
f 7215 7671 7211
f 8327 7212 8326
f 7216 7218 7253
f 7216 10305 7218
f 10222 7216 7253
f 10222 7254 7216
f 7217 10239 7227
f 7217 7227 10305
f 7217 10261 10239
f 7218 7226 7225
f 7218 7225 7261
f 7218 10305 7226
f 7218 7261 7253
f 7223 7222 7221
f 7223 10302 7222
f 7222 10302 7225
f 10303 7222 7225
f 10216 7261 7224
f 7224 7261 10302
f 10303 7225 7226
f 10302 7261 7225
f 10305 7227 7226
f 7227 10239 10300
f 7239 7228 10239
f 10245 7228 7239
f 10300 10239 7228
f 9024 7230 7229
f 7232 9026 7229
f 9023 8355 7230
f 9023 7230 9024
f 9030 7231 10287
f 10296 10287 7231
f 9034 9026 7232
f 9031 9034 7232
f 7233 10280 7234
f 7233 7234 10283
f 7233 8425 8424
f 7233 8424 10272
f 7233 10283 8425
f 7233 10272 10280
f 9033 9014 7234
f 7234 9014 10283
f 9016 7235 9014
f 9014 7235 10283
f 9027 7235 9016
f 9028 7235 9027
f 7236 10861 10266
f 10263 7237 8424
f 8424 7237 10272
f 10259 7239 7238
f 7239 10261 7238
f 7239 10239 10261
f 10245 7239 10259
f 10217 7240 7241
f 7240 7242 7274
f 10217 7242 7240
f 7241 7258 7257
f 10217 7241 7257
f 7242 7267 7274
f 10195 7267 7242
f 10195 7242 7268
f 10217 7268 7242
f 7245 7270 7273
f 7245 7274 7270
f 7247 8428 7248
f 7247 7248 10230
f 7248 7250 8427
f 7248 8427 10230
f 8426 7250 7251
f 7251 7250 8429
f 8426 8427 7250
f 7251 8429 7269
f 7251 7269 10191
f 10216 7259 7253
f 10222 7253 7259
f 10216 7253 7261
f 7256 7254 7255
f 10225 7255 7254
f 10222 10225 7254
f 10225 7258 7255
f 10225 7257 7258
f 7257 7259 7268
f 10222 7259 7257
f 10217 7257 7268
f 10222 7257 10225
f 7259 7266 7268
f 10216 7266 7259
f 7262 7263 7264
f 10201 7263 7262
f 7263 7265 7264
f 10195 7265 7263
f 10192 7267 7263
f 10195 7263 7267
f 10201 10192 7263
f 10195 7266 7265
f 10195 7268 7266
f 7267 7270 7274
f 10192 7270 7267
f 7269 8429 7271
f 7269 7271 10188
f 7269 10188 7273
f 7269 7273 10191
f 7270 10191 7273
f 10192 10191 7270
f 8430 7271 8432
f 10188 7271 8430
f 7272 7273 10188
f 7272 8430 10179
f 7272 10188 8430
f 8430 8432 7275
f 8430 7275 10179
f 8432 10181 7275
f 7282 7283 10175
f 9706 7282 10175
f 7286 10165 7284
f 10171 7286 7284
f 10171 7284 10166
f 7293 7292 7290
f 7292 10930 7290
f 7293 7290 7294
f 10930 10932 7290
f 7294 7296 10162
f 10033 7297 7295
f 10033 7295 10164
f 7296 7297 10162
f 10033 10162 7297
f 7299 8437 8436
f 7299 10157 8437
f 7300 10152 8437
f 7301 8437 10157
f 7303 7302 7314
f 7303 11372 7302
f 10146 7314 7302
f 7304 7309 7305
f 7304 7310 7309
f 7311 7306 7305
f 7311 7305 7309
f 7311 7312 7306
f 7307 7879 7308
f 9315 7879 7307
f 7890 7310 7308
f 9313 7308 7879
f 7890 7308 7881
f 9313 7881 7308
f 10138 7309 7310
f 7311 7309 10138
f 10138 7310 7890
f 10135 7312 12188
f 9800 7313 7523
f 10521 7313 9800
f 10124 10119 7314
f 10146 10124 7314
f 7315 10085 7333
f 7315 7337 7335
f 7315 7335 10085
f 7315 10112 7337
f 7316 7331 7329
f 7316 7336 7331
f 7322 10106 7317
f 11353 7322 7317
f 7317 10106 11343
f 10940 7320 10101
f 7323 7326 7327
f 10095 7327 7329
f 7329 7331 7330
f 10095 7329 7330
f 7340 7330 7331
f 10089 7330 7340
f 10080 7331 7336
f 7340 7331 10080
f 7332 7334 10088
f 10085 7335 7332
f 7337 7336 7335
f 10080 7336 7337
f 10080 7337 7338
f 7341 7338 7339
f 7341 7340 7338
f 7340 10080 7338
f 7341 7339 7347
f 7344 7347 7339
f 7341 10089 7340
f 7343 7346 7342
f 7344 7345 7342
f 7344 7342 7347
f 7342 7346 7347
f 10073 7348 7349
f 10077 7349 7348
f 10077 7348 7350
f 10945 7349 10077
f 10077 7350 10064
f 8136 7351 8330
f 8337 7351 8136
f 8337 8137 7351
f 8137 10070 7351
f 10070 10064 7351
f 10070 7352 10064
f 10077 10064 7352
f 10070 10069 7352
f 10943 7352 10069
f 10945 10077 7352
f 10943 10945 7352
f 7354 8442 7353
f 7354 8443 8442
f 7355 11445 10053
f 7357 10048 7356
f 10054 7357 7356
f 7356 10048 10053
f 7356 10053 11445
f 10054 10043 7357
f 7358 8438 8439
f 10054 7358 10043
f 7359 8443 8441
f 7360 7361 8445
f 7362 7364 7365
f 10040 7364 7362
f 7362 7365 7366
f 10042 10040 7362
f 10035 7372 7363
f 7363 7372 10037
f 7363 10037 9153
f 7365 7367 7366
f 10038 7366 7367
f 10038 7368 7366
f 10038 7367 7370
f 7368 7369 7373
f 10038 7369 7368
f 7368 7373 7371
f 7372 7371 10037
f 10037 7371 7373
f 10037 7373 7374
f 9243 9153 7374
f 9153 10037 7374
f 9242 7374 9241
f 9243 7374 9242
f 7410 10167 7376
f 7376 8091 7438
f 7379 7377 7378
f 7378 7377 10031
f 7380 7377 7379
f 7380 10033 7377
f 7377 10164 10031
f 7377 10033 10164
f 7380 10162 10033
f 7387 10025 7388
f 7387 7388 11045
f 7387 11045 10008
f 7387 10008 11416
f 7388 11025 11045
f 9997 7398 7390
f 7391 10090 7506
f 7391 7506 11690
f 7392 7393 7398
f 7392 7394 7396
f 7392 7398 7394
f 7394 7395 7396
f 7394 8458 7395
f 9997 7394 7398
f 7394 8457 8458
f 9997 8457 7394
f 7395 8458 8455
f 7459 7428 7397
f 8470 8469 7399
f 8474 8470 7399
f 8474 7399 9991
f 9991 7399 9992
f 10002 7400 9990
f 7400 11099 9990
f 9991 9992 7400
f 7400 9992 11099
f 7401 7402 7403
f 7401 9624 7402
f 7401 7403 7404
f 10718 7403 7402
f 7405 8475 9987
f 7405 9987 9986
f 7406 9977 7408
f 7406 7411 9986
f 7406 9987 9977
f 7406 9986 9987
f 8477 7407 8476
f 7408 9977 7409
f 7408 7409 9984
f 7408 9984 8495
f 7412 8493 7413
f 7412 7413 9831
f 7412 8490 8492
f 7412 8492 8493
f 7413 8493 8494
f 7414 8496 8495
f 9984 7414 8495
f 7417 9967 7418
f 7417 7418 9973
f 7417 9959 7423
f 7417 7423 9967
f 7417 7429 7427
f 7417 7427 9959
f 7417 9973 7429
f 7418 7419 9973
f 7419 9958 9973
f 7421 7422 7420
f 7421 7420 9953
f 7421 7423 7422
f 7421 9967 7423
f 7421 11467 9967
f 7422 7423 7424
f 7422 7424 7425
f 9959 7424 7423
f 9959 7426 7424
f 7427 9949 7426
f 7427 7426 9959
f 7426 9949 9945
f 7431 7427 7429
f 7431 9949 7427
f 9955 7431 7429
f 9955 7429 9958
f 7429 9973 9958
f 7430 7437 7431
f 9955 7430 7431
f 7430 7436 7437
f 7430 9931 7436
f 7430 8529 9931
f 9955 8529 7430
f 7437 9949 7431
f 11261 7432 7434
f 7433 9932 7434
f 7433 7435 9932
f 9945 7435 7433
f 9941 7435 7437
f 7437 7435 9949
f 9941 9932 7435
f 9949 7435 9945
f 9941 7437 7436
f 8616 7438 8091
f 7442 7441 7440
f 7441 9926 7440
f 7443 7442 7440
f 11307 9926 7441
f 7443 9925 7442
f 7448 7447 9924
f 7448 9948 7447
f 7455 7448 9919
f 7448 9924 9919
f 7451 9919 7449
f 7451 7449 9920
f 7449 9919 9924
f 7449 11870 9920
f 7450 9914 9920
f 7451 9908 7453
f 7451 7453 9919
f 7451 9914 9908
f 7451 9920 9914
f 7452 9668 7624
f 7452 7624 9908
f 7452 9908 9914
f 7455 7453 9903
f 7455 9919 7453
f 7457 9903 7453
f 7457 7453 9905
f 7453 9908 9905
f 7454 7455 9903
f 7454 9903 7456
f 7456 9903 9902
f 10006 7456 9902
f 7458 7457 9894
f 7458 9902 7457
f 7457 9905 9894
f 7457 9902 9903
f 7460 7458 9891
f 7460 10045 7458
f 7458 9894 9891
f 10045 9902 7458
f 7462 7460 7461
f 7461 7460 9891
f 7462 9893 7460
f 7460 9893 10045
f 7640 7462 7461
f 7641 7640 7461
f 7641 7461 7642
f 7461 9660 7642
f 7461 9891 9660
f 7640 7463 7462
f 7462 7463 9893
f 7464 9893 7463
f 9890 9883 7464
f 7466 7467 9872
f 10633 7467 7466
f 7466 9872 7471
f 9879 7466 7471
f 10633 10638 7467
f 10635 7467 10638
f 9878 9877 7469
f 9879 9878 7469
f 7471 9872 7470
f 9872 10429 7470
f 9879 7471 9878
f 7472 9867 7475
f 7472 7475 11613
f 7473 9871 9867
f 7474 7475 7477
f 7474 11613 7475
f 7475 7476 7477
f 9867 7476 7475
f 7476 9861 7477
f 10739 9861 7476
f 9871 7476 9867
f 10739 7476 9871
f 9861 7478 7477
f 9866 7478 7479
f 7480 10378 11474
f 7481 9851 7482
f 7481 7482 9855
f 7481 9855 11289
f 7482 7486 7485
f 7482 9851 7486
f 7484 7483 7487
f 7483 9843 7487
f 7483 11614 9843
f 11609 11614 7483
f 7486 7484 7487
f 7486 7487 7485
f 9846 7487 9843
f 7488 9846 9843
f 7489 7490 7492
f 7489 7492 7491
f 9211 7489 7491
f 9211 9208 7489
f 9057 7492 7490
f 9215 7491 7492
f 9211 7491 9210
f 9212 9210 7491
f 9212 7491 9215
f 9058 7492 9057
f 9058 9215 7492
f 11091 7493 11097
f 11097 7493 11099
f 9061 7494 9063
f 11632 7494 9061
f 7497 9823 7496
f 10056 7496 9823
f 10057 7496 10056
f 7497 11896 9823
f 7499 9822 7498
f 7500 7505 7499
f 7499 7505 9822
f 7500 9809 7505
f 7501 7503 7502
f 7501 7515 7503
f 7501 7504 7515
f 7501 9822 7504
f 7504 7505 7517
f 7504 9822 7505
f 7504 7517 7516
f 7505 9809 7517
f 9815 7508 9816
f 10936 7508 9815
f 7509 7511 7514
f 7512 7509 8584
f 7509 7514 9810
f 7509 9810 8584
f 7512 8585 8582
f 7512 8582 9816
f 7512 8584 8585
f 8589 9810 7513
f 9260 7518 8676
f 7544 7519 7520
f 9803 7520 7519
f 7531 7528 7519
f 9803 7519 7528
f 7533 7531 7519
f 7533 7519 7544
f 7541 7522 7536
f 7536 7522 8644
f 9800 7523 7526
f 7526 7529 7525
f 9800 7526 7525
f 7531 7525 7529
f 7532 7525 7531
f 7530 7529 7526
f 9803 7528 7527
f 10564 9803 7527
f 7531 7529 7528
f 7533 7532 7531
f 9795 7532 7533
f 7535 7534 8609
f 7535 9795 7534
f 7543 8626 7534
f 8609 7534 8626
f 7535 8609 8607
f 7542 7541 7536
f 7542 7536 9793
f 8643 7536 8644
f 8643 9793 7536
f 7540 7537 7539
f 7539 7537 8643
f 7540 8619 7537
f 7537 8611 9793
f 7537 9793 8643
f 7538 7542 9793
f 7538 9793 8611
f 8632 7540 7539
f 8632 7539 8634
f 8634 7539 8636
f 8636 7539 8643
f 7540 8614 8619
f 8632 8614 7540
f 7542 7543 7541
f 7547 9792 7545
f 7550 7547 9785
f 7550 9792 7547
f 7550 7549 9792
f 7555 9776 7551
f 8322 7552 8323
f 7552 10535 8323
f 7556 7553 7554
f 7556 7554 8656
f 7554 8654 8276
f 7554 8276 8656
f 7554 8641 8654
f 7556 8656 9066
f 9773 7557 7558
f 9773 7558 7560
f 8660 8661 7560
f 9761 7562 7563
f 9764 7563 7562
f 7584 7562 7564
f 9761 7564 7562
f 7584 7565 7562
f 9764 7562 7565
f 9761 7563 7569
f 9766 7569 7563
f 9732 7563 9764
f 9758 7564 7568
f 9761 7568 7564
f 7584 7564 7585
f 7585 7564 9758
f 7582 7581 7565
f 7581 9764 7565
f 7584 7582 7565
f 7581 9760 7566
f 7581 7566 9764
f 9732 7566 9735
f 9732 9764 7566
f 9741 7567 7590
f 9741 9762 7567
f 9741 9756 7568
f 9741 7568 9762
f 9756 9758 7568
f 9761 9762 7568
f 9761 7569 9762
f 8293 7571 7648
f 7571 8320 7648
f 8293 8322 7571
f 7571 8322 8323
f 8321 7572 8317
f 7578 7577 7574
f 7575 8314 8316
f 7575 8317 8314
f 8318 7575 8316
f 8319 8317 7575
f 8318 8319 7575
f 8296 7576 7583
f 7576 8315 7583
f 8303 7576 8296
f 8303 8312 7576
f 8312 8316 7576
f 8315 7576 8316
f 7585 7577 7578
f 7586 7577 7585
f 7584 7578 7582
f 7585 7578 7584
f 7581 7579 9760
f 8308 7580 9357
f 8305 7583 8315
f 7586 7585 9758
f 7588 7586 9758
f 8300 8301 7587
f 8300 7587 8309
f 7588 9758 9756
f 8295 8297 7591
f 8295 7591 10385
f 8303 8296 7591
f 8297 8303 7591
f 7594 7592 7593
f 9735 7593 7592
f 7596 7592 7594
f 9733 7595 7592
f 7595 9735 7592
f 7596 9733 7592
f 9732 9735 7595
f 9733 11750 7595
f 7600 7597 7599
f 9731 7597 7600
f 9731 7600 7598
f 9731 7598 9730
f 8670 7600 7599
f 8667 8669 7599
f 8669 8670 7599
f 11301 7723 7601
f 9077 7602 9717
f 9077 9725 7602
f 9076 7603 7604
f 9077 7604 7603
f 9077 7603 9725
f 9072 9078 7604
f 9075 9076 7604
f 9075 7604 9078
f 7605 9712 7608
f 7605 7609 9712
f 7606 8322 8293
f 7607 7608 7610
f 7608 9712 7610
f 7609 7611 9698
f 7609 9698 9712
f 9689 7614 8690
f 7614 9689 10572
f 9679 7617 7615
f 9679 7615 7618
f 7616 7620 7618
f 9688 10871 7617
f 7619 7618 7620
f 7619 9679 7618
f 7621 7619 7620
f 7619 9674 9679
f 7621 7620 11464
f 7624 9668 9657
f 9894 7624 9657
f 9894 9905 7624
f 9905 9908 7624
f 9275 7626 7627
f 11225 7627 7626
f 11225 7626 11157
f 9275 7627 7630
f 7627 9666 7630
f 11225 9666 7627
f 7628 7631 7629
f 7628 7634 7631
f 7629 7631 7632
f 9279 7629 7632
f 9277 7629 9279
f 9287 7632 7631
f 7635 7631 7634
f 7635 9287 7631
f 9287 9246 7632
f 9246 9288 7632
f 9279 7632 9281
f 9281 7632 9288
f 7636 7634 7633
f 7636 7635 7634
f 7636 9665 7635
f 7635 9665 9287
f 7638 9665 7636
f 7637 8293 7648
f 7637 7648 8294
f 7641 7639 7638
f 7639 9665 7638
f 7641 7638 7640
f 7641 9663 7639
f 7639 9080 9244
f 7639 9663 9080
f 7639 9244 9665
f 7641 7642 9663
f 7642 7643 8700
f 7642 9660 7643
f 9663 7642 8700
f 8695 8700 7643
f 7643 9660 9657
f 11825 7646 7645
f 11825 7645 9655
f 7647 7649 7651
f 7650 7651 7649
f 7650 7669 7651
f 7670 7669 7650
f 7651 7669 7652
f 7652 7653 7667
f 7652 7669 7653
f 7659 7653 7669
f 9645 7653 7659
f 7653 9648 7667
f 9645 9648 7653
f 9645 7655 7654
f 9645 7654 9648
f 7654 9646 9648
f 7654 10537 9646
f 9645 7656 7655
f 11821 7655 7656
f 7660 7657 7656
f 9645 7660 7656
f 9641 7657 7660
f 9645 7659 7660
f 7670 7659 7669
f 7670 11830 7659
f 7681 8289 7663
f 7681 7663 8292
f 7665 7666 9634
f 7670 11827 11830
f 7673 9625 9622
f 7686 7674 7685
f 7688 7685 7674
f 9622 7674 7686
f 7688 7674 7687
f 7687 7674 9625
f 9622 9625 7674
f 11887 7675 7676
f 11887 7678 7675
f 7679 7678 7677
f 9621 7679 7677
f 9621 7677 11882
f 9621 7686 7679
f 7682 7680 8289
f 7681 8288 8289
f 7681 8696 8288
f 7681 8292 8290
f 7681 8290 8696
f 7682 8289 8288
f 7682 8288 9056
f 7682 9056 10333
f 9621 9622 7686
f 11933 7690 10587
f 7692 7691 9612
f 7692 12045 7691
f 7691 9618 9612
f 12177 9618 7691
f 7694 7728 8284
f 7694 8286 7728
f 7694 8282 8281
f 7694 8281 8286
f 7694 8283 8282
f 7694 8284 8283
f 9122 7696 7698
f 9112 9123 7698
f 9123 9122 7698
f 7699 9607 7700
f 7699 7700 12135
f 11554 7699 12135
f 9602 7700 9607
f 7702 7701 8705
f 9569 7701 7702
f 9596 8705 7701
f 9569 9580 7701
f 9580 12132 7701
f 9596 7701 12132
f 7704 7702 7703
f 8708 7703 7702
f 8708 7702 8705
f 9567 7704 7703
f 8708 8707 7703
f 11906 7712 8721
f 11906 11910 7712
f 9561 8720 7713
f 9561 7713 11909
f 9553 7714 9554
f 9553 12026 7714
f 9554 7714 12013
f 9551 7715 9552
f 9552 7715 9554
f 9553 9554 7715
f 9553 7715 11925
f 9547 7717 7716
f 9552 7716 7717
f 9547 7716 9530
f 9530 7716 12017
f 9544 7717 7719
f 9545 7719 7717
f 9544 9551 7717
f 9545 7717 9547
f 9551 9552 7717
f 7727 7740 7718
f 9543 7727 7718
f 7737 7718 7740
f 7737 9533 7718
f 9543 7718 9530
f 9547 9530 7718
f 9547 7718 9533
f 9544 7719 7721
f 7721 7719 12029
f 9544 7721 7720
f 7721 11905 7720
f 9544 7720 9551
f 7725 7724 7735
f 7724 7733 7736
f 9536 7733 7724
f 7724 7736 7735
f 7737 7725 7735
f 7737 7740 7725
f 7726 8284 7728
f 9543 11924 7727
f 7729 7734 7849
f 7729 8275 7734
f 7729 7792 8275
f 7729 7849 8271
f 7730 7736 7733
f 7731 7733 9536
f 8275 7769 7734
f 7734 7769 10567
f 7737 7735 7738
f 7737 7738 9533
f 7738 11923 9533
f 7741 7746 7742
f 7741 7742 9618
f 7741 7745 7746
f 7741 11877 7745
f 7741 9618 12177
f 7741 11878 11877
f 7741 12177 11878
f 7742 7746 7744
f 7742 9612 9618
f 7746 9527 7744
f 11994 7744 9527
f 9523 7746 7745
f 9526 9523 7745
f 9523 9527 7746
f 9526 7748 9523
f 7749 7750 7751
f 7749 7752 7750
f 7749 7751 9501
f 7749 7755 7752
f 7749 9506 7755
f 7749 9501 9506
f 7750 7777 7751
f 7750 7752 7772
f 7750 7772 7773
f 7750 7773 7777
f 7751 7776 7762
f 7751 7762 9501
f 7751 7777 7776
f 7756 7752 7755
f 7755 9511 7756
f 7755 9506 9511
f 9511 7758 7757
f 7758 9513 7757
f 7760 9503 7758
f 9506 7760 7758
f 9503 9513 7758
f 9506 7758 9511
f 7761 7759 7760
f 7760 7759 9503
f 7761 7778 7759
f 9501 7761 7760
f 9501 7760 9506
f 7762 7778 7761
f 9501 7762 7761
f 7779 7762 7776
f 7779 7778 7762
f 7763 7767 7764
f 7939 7763 7764
f 7763 7766 7767
f 7768 7766 7763
f 7934 7768 7763
f 7934 7763 7939
f 7932 7764 7767
f 7932 7938 7764
f 7938 7939 7764
f 7773 7767 7766
f 7777 7773 7766
f 7773 7771 7767
f 7933 7767 7771
f 7932 7767 7933
f 7774 7769 7775
f 7775 7769 8275
f 7931 7933 7770
f 7931 7770 9047
f 7773 7772 7771
f 7774 7775 8276
f 7774 8276 8652
f 7774 8652 8653
f 8274 7775 8275
f 8274 8656 7775
f 7775 8656 8276
f 11864 7779 7776
f 7779 9498 7778
f 9498 9499 7778
f 9494 7780 7781
f 8726 8725 7780
f 7782 9482 7783
f 9487 9482 7782
f 7783 7955 7952
f 7783 9475 7955
f 7783 9482 9475
f 7785 9471 7786
f 7785 9320 9471
f 9471 11816 7786
f 7788 7791 7787
f 7788 7787 9469
f 7787 9462 7790
f 12011 7787 7790
f 7791 9462 7787
f 12011 9469 7787
f 7789 7791 7788
f 7789 7797 7791
f 12009 7790 8752
f 7791 7797 7796
f 7791 7796 9462
f 8274 8275 7792
f 11999 7795 7793
f 9467 9465 7793
f 11779 7794 7795
f 11779 7795 11999
f 11776 7796 7797
f 7796 9464 9462
f 8726 7798 7799
f 8727 8726 7799
f 8728 8727 7799
f 7802 8760 8761
f 7802 8763 8760
f 7802 8761 9461
f 9452 8763 7802
f 7803 8752 11775
f 7803 9461 8761
f 7804 8762 8763
f 7804 8765 8762
f 9452 7804 8763
f 9448 9442 7805
f 9448 7805 11743
f 9448 7806 9442
f 7807 7816 9086
f 7807 9431 7816
f 7807 11741 9431
f 7807 11308 11741
f 7810 7808 7809
f 7809 7808 8768
f 7810 7811 7808
f 7808 7811 7812
f 8769 7808 7812
f 8769 8768 7808
f 7810 7924 7811
f 7810 7920 7924
f 7811 7814 7812
f 7811 7922 7814
f 7811 7924 7922
f 7812 7814 7929
f 9435 7812 7929
f 7814 7922 7946
f 7814 7928 7929
f 7814 7946 7928
f 9435 7929 7815
f 7815 9083 9085
f 9435 7815 9085
f 9424 9419 7816
f 9431 9424 7816
f 7817 9417 9424
f 7817 11741 9423
f 7817 9424 9431
f 7817 9431 11741
f 7818 8753 9419
f 9424 9417 7818
f 9424 7818 9419
f 9413 7819 7822
f 9415 7819 12028
f 8135 7820 7821
f 9413 7821 7820
f 8135 8133 7820
f 8371 7820 8133
f 9413 11673 7821
f 9404 7822 7823
f 9409 7823 9410
f 9410 7824 11688
f 11688 7824 11686
f 8919 8920 7825
f 9403 7825 8920
f 9396 7825 9403
f 9403 8920 7826
f 9398 9401 7826
f 9398 7826 11637
f 9401 9403 7826
f 9396 7827 8187
f 9396 9403 7827
f 9401 7827 9403
f 9401 11137 7827
f 7828 8187 8165
f 8191 7828 8165
f 9396 8187 7828
f 8922 7828 8191
f 7830 7829 11530
f 7831 7836 7832
f 7831 7835 7836
f 9392 7833 7836
f 9392 7836 7835
f 7840 9381 7839
f 9389 7839 9381
f 7840 11471 9381
f 8333 7844 7841
f 8333 7841 9380
f 7841 9374 9380
f 9363 7842 7858
f 9368 7858 7842
f 8333 9380 7842
f 9368 7842 9380
f 8273 7849 7843
f 10571 10554 7843
f 7846 7847 7848
f 7846 9372 7847
f 7848 7847 7850
f 7858 7850 7847
f 9363 7858 7847
f 9363 7847 7859
f 9372 7859 7847
f 7848 7850 7851
f 8271 7849 8273
f 7851 7850 7853
f 9368 7853 7850
f 9368 7850 7858
f 7851 7853 7852
f 7852 7853 7855
f 7854 7855 7853
f 9368 7854 7853
f 8775 7855 7854
f 9374 8775 7854
f 9368 9380 7854
f 9380 9374 7854
f 8775 8774 7855
f 8263 8262 7856
f 8269 7856 8262
f 8272 7856 8269
f 9356 7857 7859
f 9363 7859 7857
f 9366 7857 9356
f 9366 9377 7857
f 7863 9353 7862
f 10589 9346 7862
f 11438 9353 7863
f 7864 7867 7866
f 9345 7867 7864
f 9345 7865 7867
f 7868 8265 7901
f 7873 7869 7875
f 9340 7875 7869
f 7870 7873 7872
f 8779 7870 7872
f 7871 7873 7875
f 7871 9334 7873
f 7871 7875 9329
f 7871 9329 9331
f 11432 7871 9331
f 11432 9334 7871
f 9334 7872 7873
f 8779 7872 8778
f 11435 7874 9320
f 7874 9329 9340
f 9329 7875 9340
f 7876 7877 9319
f 9306 7876 7892
f 9319 7892 7876
f 9306 9291 7876
f 7887 9103 7877
f 7878 7893 7892
f 9319 7878 7892
f 9098 7878 9099
f 9319 9099 7878
f 9306 7879 9291
f 9315 9291 7879
f 9313 7879 9306
f 7880 7892 7893
f 9306 7892 7880
f 7895 9313 7880
f 9313 9306 7880
f 7891 7890 7881
f 7891 7881 7894
f 7895 7894 7881
f 7895 7881 9313
f 7883 7882 8776
f 7885 8776 7882
f 7885 7882 9282
f 12181 9282 7882
f 9290 7883 8778
f 7884 9101 7885
f 7885 7886 8776
f 7885 9101 7886
f 7886 7887 8776
f 7886 9103 7887
f 7886 9101 9102
f 7886 9102 9103
f 7888 9268 7889
f 7889 9268 9264
f 7891 10028 7890
f 10138 7890 10028
f 7897 9199 7896
f 7897 7896 9225
f 7897 7899 9199
f 9204 7898 9199
f 9223 7898 9204
f 9204 9199 7899
f 9204 7899 11361
f 7905 7904 7902
f 7906 7904 7905
f 7907 7906 7905
f 7907 9186 7906
f 7906 9186 7909
f 7907 11364 9186
f 7908 7909 9155
f 7908 9155 11361
f 9186 9155 7909
f 8800 8801 7910
f 9152 7911 9125
f 9125 7911 11283
f 9128 11283 7911
f 7912 9125 8840
f 9152 9125 7912
f 9152 7912 11306
f 7913 9100 7914
f 7915 7916 11273
f 7916 7917 9087
f 7916 9087 7918
f 7916 7918 11273
f 7919 7921 7920
f 7919 7936 7921
f 7919 7934 7936
f 7919 9020 7934
f 7920 7921 7924
f 7921 7925 7924
f 7921 7936 7925
f 7922 7924 7944
f 7922 7944 7943
f 7946 7922 7943
f 7923 7926 8255
f 7923 8261 7926
f 7923 8255 8260
f 7923 8260 9005
f 7944 7924 7925
f 7925 7936 7941
f 7925 7941 7942
f 7944 7925 7942
f 7926 8261 8254
f 7926 8254 11917
f 7927 8254 8261
f 11954 8254 7927
f 10600 7927 8261
f 7946 7945 7928
f 7931 7930 7937
f 7931 9047 7930
f 7931 7932 7933
f 7931 7937 7932
f 7932 7937 7938
f 7934 7939 7936
f 8245 8250 7935
f 7935 8250 8249
f 7936 7939 7941
f 7938 7941 7939
f 11321 11267 7945
f 8843 8844 7947
f 7948 11329 8993
f 7948 8993 11339
f 7949 8850 8849
f 7949 9007 8850
f 11224 7950 8989
f 7953 7952 7955
f 7953 8973 7954
f 7953 7955 8973
f 7959 7954 7956
f 11845 8973 7955
f 11845 7955 9475
f 7979 7960 8914
f 7979 12048 7960
f 12022 8914 7960
f 7976 7975 7961
f 7978 7961 7975
f 7965 7963 7964
f 7969 7963 7965
f 7974 7963 7969
f 7974 7971 7963
f 7969 7965 7966
f 8963 7966 7965
f 7968 7966 7967
f 8963 7967 7966
f 7970 7966 7968
f 7970 7969 7966
f 7981 7968 7967
f 7975 7970 7968
f 7982 7975 7968
f 7982 7968 7981
f 7974 7969 7970
f 7976 7974 7970
f 7976 7970 7975
f 7973 7972 7971
f 7974 7973 7971
f 7976 7973 7974
f 7982 7978 7975
f 8235 7977 8238
f 8237 8238 7977
f 7986 7978 7982
f 7981 7979 8914
f 7980 8235 8233
f 7987 7982 7981
f 7987 7981 8914
f 7986 7982 8941
f 7987 8941 7982
f 7987 7985 8941
f 7987 12022 7985
f 7989 8941 7985
f 7985 12022 11851
f 7986 8941 8885
f 7987 8914 12022
f 7989 8885 8941
f 7989 11206 8885
f 7990 8007 8008
f 7990 8876 8007
f 7990 8008 8863
f 7990 8863 8860
f 7990 8860 8884
f 7990 8884 8876
f 8224 7991 7993
f 7992 8860 8863
f 7992 10402 8860
f 8222 8224 7993
f 7998 11203 7999
f 7998 8859 8009
f 7998 8009 11203
f 11388 11840 7999
f 8859 8001 8009
f 8013 8011 8002
f 8013 8002 8014
f 8006 8004 8814
f 8006 8853 8004
f 8004 11814 8814
f 8005 8853 8006
f 8005 8008 8007
f 8014 8006 8811
f 8006 8814 8811
f 8010 8211 8209
f 8013 8014 8811
f 8024 8015 8023
f 8026 8015 8024
f 8026 8025 8015
f 8022 8020 8016
f 8022 8016 8021
f 8021 8016 8025
f 8018 8017 10427
f 11107 8060 8017
f 8022 8019 8020
f 8030 8869 8028
f 8028 8869 8867
f 8030 8868 8869
f 8034 11164 8031
f 11077 8232 8033
f 8038 8036 8755
f 8037 8755 8866
f 9110 9105 8038
f 8040 8054 8039
f 8751 8040 8039
f 8054 11153 8039
f 8041 8042 8040
f 8751 8041 8040
f 8040 8042 8053
f 8040 8053 8054
f 8618 8042 8041
f 8041 8083 8082
f 8618 8041 8082
f 8751 8083 8041
f 8740 8048 8044
f 8737 8045 8046
f 8737 8046 8049
f 11715 8046 8741
f 8688 8051 8048
f 8740 8688 8048
f 8703 8688 8049
f 8740 8049 8688
f 8737 8049 8740
f 8688 8050 8051
f 8050 8702 8051
f 8703 8050 8688
f 8050 8710 8702
f 8703 10122 8050
f 8050 10122 8710
f 8057 8055 8056
f 8685 8056 8055
f 8058 8055 8057
f 8064 8055 8058
f 8064 8061 8055
f 8685 8055 8061
f 8062 8058 8059
f 8064 8058 8062
f 8062 8059 8655
f 8069 8063 8059
f 8655 8059 8063
f 8673 8064 8062
f 8066 8062 8655
f 8066 8673 8062
f 8073 8065 8063
f 8655 8063 8065
f 8071 8063 8069
f 8073 8063 8071
f 8075 8065 8073
f 8077 8065 8075
f 8077 8650 8065
f 8650 8655 8065
f 8066 8655 8650
f 10324 8673 8066
f 8070 8067 8068
f 8070 8069 8067
f 8071 8069 8070
f 9145 8073 8071
f 8207 8072 8195
f 8198 8196 8072
f 8198 8072 8197
f 8197 8072 8207
f 9145 8075 8073
f 8077 8075 8646
f 8646 8075 9146
f 9146 8075 9145
f 8076 8638 8646
f 8076 9138 8638
f 8076 8646 9144
f 8076 9143 9138
f 8076 9144 9143
f 8080 8083 8081
f 8080 8082 8083
f 8080 9143 8082
f 8080 9137 9143
f 8081 8083 8084
f 8081 8084 8085
f 8618 8082 9144
f 8082 9143 9144
f 8089 9897 9969
f 8602 8616 8090
f 8602 8090 11852
f 8605 8090 8616
f 8605 11771 8090
f 8605 8616 8091
f 8106 8095 8092
f 8092 8095 8874
f 8106 8092 8103
f 8103 8092 8598
f 8092 8118 8599
f 8092 8874 8118
f 8092 8599 8598
f 8107 8094 8095
f 8094 8874 8095
f 8107 8108 8094
f 8106 8107 8095
f 8097 8096 8881
f 8098 8880 8096
f 8096 8880 8881
f 8106 8103 8097
f 8105 8106 8097
f 8105 8097 8881
f 8098 8381 8882
f 8098 8886 8880
f 8098 8882 8886
f 8180 8181 8099
f 8180 8099 8182
f 8182 8099 8982
f 8979 8982 8099
f 8102 8101 8100
f 8102 8596 8598
f 8103 8598 8596
f 8105 8107 8106
f 8105 8576 8107
f 8105 8881 8576
f 8107 8576 8108
f 8109 8113 8110
f 8516 8109 8110
f 8121 8113 8109
f 8121 8109 8120
f 8552 8120 8109
f 8552 8109 8516
f 8509 8110 8113
f 8552 8516 8111
f 8562 8552 8111
f 8121 8413 8113
f 8413 8509 8113
f 8115 8116 8117
f 8396 8120 8116
f 8118 8875 8119
f 8118 8874 8875
f 8396 8119 8875
f 8396 8121 8120
f 8125 8122 8123
f 8125 8123 8124
f 11731 8124 11007
f 8967 8126 8178
f 8129 8131 8128
f 8131 8130 8128
f 11734 8130 8131
f 8135 8132 8133
f 8379 8133 8132
f 8337 8132 8137
f 8337 8379 8132
f 8371 8133 8379
f 8136 8330 8138
f 8337 8136 8139
f 8337 8139 8379
f 8324 8141 8140
f 8150 8141 8149
f 8324 8149 8141
f 8150 8151 8141
f 8141 8151 8460
f 8324 8142 8143
f 8145 8142 8144
f 8149 8143 8148
f 8307 8148 8143
f 8324 8143 8149
f 8307 8147 8148
f 9148 8149 8148
f 9147 9148 8148
f 9148 8150 8149
f 9148 9150 8150
f 8248 8246 8152
f 8302 8248 8153
f 8157 8154 8155
f 8157 8227 8154
f 8157 8155 8156
f 8157 8218 8227
f 8158 8160 8918
f 8158 8161 8898
f 8158 8918 8161
f 8168 8169 8159
f 8168 8159 8186
f 8160 8162 8923
f 8160 8923 8918
f 8161 8897 8898
f 8161 8912 8897
f 8161 8917 8912
f 8161 8918 8917
f 8923 8162 8167
f 8924 8167 8162
f 8169 8163 8165
f 8215 8165 8163
f 8215 8163 8166
f 8932 8166 8163
f 8168 8163 8169
f 8215 8166 8164
f 8164 8166 8931
f 8167 8215 8164
f 8923 8167 8164
f 8926 8923 8164
f 8926 8164 8931
f 8169 8165 8187
f 8215 8191 8165
f 8932 8931 8166
f 8167 8191 8215
f 8924 8191 8167
f 8168 8186 8934
f 8170 8171 8172
f 8172 8173 10863
f 8945 8177 8174
f 8944 8945 8174
f 8179 8177 8176
f 8945 8176 8177
f 8179 8176 8178
f 8967 8178 8176
f 8966 8176 8945
f 8967 8176 8966
f 8180 8182 8988
f 8182 8982 8985
f 8182 8985 8984
f 8182 8984 8988
f 8924 8922 8191
f 10769 8192 10773
f 8193 8216 8194
f 8193 8212 8216
f 8194 8216 8199
f 8194 8199 8217
f 8220 8194 8217
f 8197 8205 8204
f 8197 8207 8205
f 8199 8214 8200
f 8199 8200 8217
f 8199 8213 8214
f 8199 8216 8213
f 8201 8200 8202
f 8201 8217 8200
f 8201 8202 8205
f 8201 8205 8206
f 8201 8206 8220
f 8201 8220 8217
f 8202 8203 8204
f 8202 8204 8205
f 8205 8207 8206
f 8206 8207 8208
f 8206 8208 8219
f 8206 8219 8220
f 8209 8211 8212
f 8216 8212 8211
f 8216 8211 8213
f 8219 8222 8220
f 8219 8221 8222
f 8221 8224 8222
f 8221 8223 8224
f 8228 8239 8241
f 8230 8242 8243
f 8242 8247 8243
f 8243 8247 8250
f 8247 8249 8250
f 8251 9001 8999
f 8251 9000 9001
f 10616 8253 8252
f 10818 8252 10829
f 11954 11917 8254
f 8259 8255 8258
f 8260 8255 8259
f 8256 8257 8258
f 8259 8258 8257
f 8260 8259 9006
f 9005 8260 9008
f 8260 9006 9008
f 8269 8262 8264
f 8271 8272 8269
f 8271 8273 8272
f 8274 9066 8656
f 8654 8652 8276
f 8292 8280 8279
f 8292 8279 8290
f 8295 8299 8297
f 8295 10386 8299
f 8297 8299 8301
f 8297 8301 8313
f 8297 8313 8303
f 11365 11368 8298
f 8299 9678 8301
f 8299 10386 9678
f 8300 8313 8301
f 8300 8309 8311
f 8300 8311 8310
f 8300 8310 8313
f 8313 8312 8303
f 8305 8315 8306
f 8308 8311 8309
f 8310 8311 9011
f 8310 8312 8313
f 8310 9010 8312
f 8310 9011 9010
f 8318 8316 8312
f 9010 8318 8312
f 8314 8315 8316
f 8319 8321 8317
f 8844 8319 8318
f 9010 8844 8318
f 8843 8321 8319
f 8843 8319 8844
f 8320 8321 8843
f 8331 8326 8338
f 8349 8342 8346
f 8349 8348 8342
f 8347 8345 8344
f 8347 8346 8345
f 8349 8346 8347
f 8351 8350 8352
f 9023 9019 8355
f 8357 8358 8364
f 8362 8361 8359
f 8362 8759 8361
f 8847 8759 8362
f 8380 8367 8377
f 8382 8367 8380
f 8382 8380 8381
f 8381 8883 8882
f 8398 8395 8390
f 8398 8390 8397
f 8398 8391 8393
f 8398 8397 8391
f 8401 10850 10851
f 8408 8407 8404
f 8408 8406 8407
f 8412 8409 8411
f 8414 8409 8412
f 9024 8418 8419
f 9023 8419 9021
f 9023 9024 8419
f 9034 8423 9026
f 9033 8423 9034
f 10263 8424 8425
f 8432 8433 10181
f 8437 10152 8436
f 8438 10376 8439
f 8440 8441 8443
f 8447 8446 9158
f 8446 9154 9157
f 8446 9157 9158
f 8447 9158 9335
f 8447 9318 9299
f 8447 9335 9318
f 8451 8454 8452
f 8453 8455 8456
f 8473 8462 8461
f 8464 8462 8473
f 8464 8473 8474
f 8467 8465 8466
f 8472 8467 8469
f 8470 8472 8469
f 8473 8470 8474
f 8477 8476 8483
f 8482 8478 8481
f 8481 8478 8483
f 9929 8480 8479
f 11247 10713 8479
f 9929 8482 8480
f 8494 8495 8496
f 8498 8499 8497
f 8523 8497 8499
f 8528 8497 8523
f 8498 8510 8499
f 8498 8501 8508
f 8498 8508 8510
f 8522 8499 8510
f 8524 8499 8522
f 8523 8499 8524
f 10243 8501 8500
f 8501 8502 8508
f 8502 8501 10243
f 8502 8505 8504
f 8502 8504 8508
f 10241 8505 8502
f 8504 8505 8506
f 8504 8506 8507
f 8504 8507 8508
f 8505 8513 8506
f 8506 8512 8507
f 8518 8512 8506
f 8506 8513 8515
f 8518 8506 8515
f 8507 8510 8508
f 8507 8511 8510
f 8507 8512 8511
f 8522 8510 8511
f 8512 8520 8511
f 8521 8511 8520
f 8522 8511 8521
f 11813 11812 8514
f 8521 8520 8519
f 8521 8519 9940
f 8528 8523 8526
f 8527 8526 8525
f 8528 8526 8527
f 8532 8548 8547
f 9220 8548 8532
f 9220 8532 9222
f 8534 8536 8537
f 8536 8545 8537
f 8536 8539 8545
f 8537 8545 8546
f 8538 8544 8539
f 8539 8544 8545
f 10825 8541 10824
f 10826 8541 10825
f 8543 9608 8608
f 8544 8546 8545
f 8544 8547 8546
f 8546 8547 8548
f 9228 8549 9220
f 8551 8557 8559
f 8551 8559 8561
f 8553 8554 8557
f 8554 8555 8557
f 8555 8559 8557
f 8555 8560 8559
f 8567 8565 8566
f 8566 8565 8574
f 8567 8579 8565
f 8565 8583 8574
f 8565 8579 8580
f 8565 8580 8583
f 8566 8575 8571
f 8566 8574 8575
f 8570 8568 8569
f 8573 8569 8568
f 9170 8568 8570
f 8573 8568 8572
f 8572 8568 9172
f 9170 9172 8568
f 8573 8575 8569
f 8573 8571 8575
f 8572 9172 9163
f 8888 8576 8881
f 8580 8579 8578
f 8583 8580 8581
f 9815 9816 8582
f 8584 9810 8589
f 8586 9214 8587
f 8591 8586 8590
f 8591 8592 8586
f 8586 8592 9214
f 9170 8587 9171
f 9171 8587 9217
f 8587 9214 9217
f 8591 9183 8592
f 9206 8592 9183
f 9206 9212 8592
f 8592 9212 9214
f 8603 8593 8594
f 8603 8604 8593
f 8617 8593 8604
f 8615 8593 8617
f 8597 8603 8594
f 8597 8595 8603
f 8600 8603 8595
f 8600 8595 8606
f 8600 8601 8603
f 8600 8610 8601
f 8600 8606 8607
f 8600 8607 8610
f 8601 8604 8603
f 8601 8625 8604
f 8610 8627 8601
f 8627 8625 8601
f 8602 11013 8616
f 8602 11852 11015
f 8607 8609 8610
f 8609 8627 8610
f 8609 8626 8627
f 8612 8621 8620
f 8612 8622 8621
f 8632 8633 8614
f 10187 8615 8617
f 10187 10186 8615
f 8618 9144 9146
f 8625 8621 8622
f 8624 8621 8625
f 8623 10815 9680
f 8627 8624 8625
f 8627 8626 8624
f 8628 8629 8635
f 8629 8633 8632
f 8629 8632 8634
f 8629 8634 8635
f 8634 8637 8635
f 8634 8636 8637
f 8635 8637 8641
f 8636 8648 8637
f 8636 8643 8647
f 8636 8647 8648
f 8637 8654 8641
f 8637 8648 8654
f 11056 8640 11050
f 11069 8640 11056
f 8647 8644 8642
f 8651 8647 8642
f 8647 8643 8644
f 8646 9146 9144
f 8651 8648 8647
f 8652 8648 8651
f 8654 8648 8652
f 8652 8651 8653
f 10221 8659 8658
f 9752 9751 8660
f 8664 8681 8665
f 8664 8678 8679
f 8664 8679 8681
f 8665 8669 8668
f 8665 8681 8669
f 8666 9251 8667
f 8666 9252 9251
f 8666 9253 9252
f 8667 8668 8669
f 8667 9251 8668
f 8668 9251 9250
f 8669 8681 8670
f 8670 8681 8682
f 9256 8672 8674
f 9256 9267 8672
f 9267 9266 8672
f 11086 8673 10324
f 9256 8674 9261
f 9259 9261 8674
f 9260 8676 9262
f 8677 8679 8678
f 8677 8680 8679
f 8679 8680 8682
f 8679 8682 8681
f 8695 8698 9234
f 9663 8700 8699
f 9663 8699 9080
f 8713 8704 8701
f 8708 8705 8706
f 8711 8709 8712
f 8711 8717 8709
f 8711 8712 8713
f 8717 8716 12103
f 12108 12103 8716
f 8719 8721 12053
f 9556 8720 9561
f 9556 12059 8720
f 8730 8723 8724
f 8727 8724 8725
f 8730 8724 8727
f 8727 8725 8726
f 8729 8727 8728
f 8729 8730 8727
f 8729 8728 8731
f 8729 8731 8732
f 8731 8764 8732
f 8731 8738 8764
f 8735 8733 8734
f 8735 8736 8733
f 8745 8735 8734
f 8745 8734 8744
f 8739 8736 8735
f 8739 8735 8748
f 8745 8748 8735
f 8739 8738 8736
f 8764 8738 8739
f 8739 8748 8765
f 8764 8739 8765
f 8745 8744 8742
f 8745 8747 8748
f 8747 8762 8748
f 8747 8749 8750
f 8747 8750 8762
f 8765 8748 8762
f 8750 8760 8763
f 8750 8763 8762
f 8756 8757 8761
f 8756 8761 8760
f 8770 9435 9085
f 8781 8780 8777
f 8782 8781 8777
f 8780 8779 8778
f 8782 9291 9315
f 8784 8846 8845
f 8785 8792 8786
f 8793 8792 8785
f 8793 8785 9701
f 8796 8787 8786
f 8794 8786 8792
f 8796 8786 8794
f 8797 8787 8796
f 8799 8787 8797
f 8795 8788 8789
f 8793 8788 8792
f 8794 8792 8788
f 8795 8794 8788
f 8795 8789 8790
f 8797 8796 8802
f 8799 8797 8800
f 8803 8832 8804
f 8805 8828 8827
f 8805 8829 8828
f 8805 8830 8829
f 8806 8824 8825
f 8806 8825 8826
f 8833 8807 8834
f 8808 8810 8809
f 8808 8833 8810
f 8809 8810 8813
f 8809 8813 8820
f 8809 8818 8816
f 8809 8820 8818
f 8810 8812 8813
f 8810 8833 8812
f 11199 8811 8814
f 8813 8812 8829
f 8829 8812 8828
f 8836 8828 8812
f 8833 8836 8812
f 8813 8822 8820
f 8813 8829 8822
f 8819 8818 8820
f 8819 8820 8821
f 8820 8822 8821
f 8821 8822 8823
f 8821 8823 8824
f 8822 8830 8823
f 8822 8829 8830
f 8823 8825 8824
f 8823 8831 8825
f 8823 8830 8831
f 8837 8827 8828
f 8837 8828 8836
f 8831 8830 8832
f 8834 8836 8833
f 8836 8834 8835
f 11292 8835 8834
f 8837 8836 8835
f 8838 8837 8835
f 11275 8839 8840
f 8856 8852 8851
f 8861 8856 8851
f 8855 8854 8852
f 8855 8852 8856
f 8855 11333 8854
f 8855 8856 8857
f 8862 8857 8856
f 8862 8856 8861
f 8865 8857 8862
f 8884 8860 10402
f 8866 8867 8869
f 10496 8871 10495
f 10499 10495 8871
f 8888 8879 8878
f 8889 8879 8888
f 8889 8881 8880
f 8889 8888 8881
f 8882 11009 8886
f 8890 8971 8891
f 8890 8974 8971
f 8891 8970 8892
f 8891 8971 8970
f 8969 8894 8892
f 9149 8892 8894
f 8969 8892 8970
f 8893 8894 8895
f 9150 8894 8893
f 8969 8895 8894
f 9149 8894 9150
f 8913 8896 8910
f 8915 8896 8913
f 8912 8903 8897
f 8901 8899 8900
f 8902 8900 8899
f 8910 8901 8900
f 8903 8900 8902
f 8913 8900 8903
f 8913 8910 8900
f 8910 8909 8901
f 8913 8903 8912
f 8907 8904 8905
f 9298 8911 9373
f 8915 8913 8912
f 8917 8915 8912
f 8917 8916 8915
f 8925 8916 8917
f 8925 8929 8916
f 8925 8917 8918
f 8925 8918 8923
f 8926 8925 8923
f 8926 8929 8925
f 8926 8930 8929
f 8926 8931 8930
f 8929 8930 8927
f 8936 8935 8962
f 8937 8962 8935
f 8936 8946 8944
f 8936 8962 8946
f 8937 8950 8952
f 8937 8952 8959
f 8937 8959 8962
f 8940 8939 8938
f 8940 8938 8942
f 8940 8942 8964
f 8940 8959 8960
f 8940 8964 8959
f 8966 8964 8942
f 8967 8966 8942
f 8944 8946 8945
f 8966 8945 8946
f 8964 8946 8962
f 8966 8946 8964
f 8950 8948 8949
f 8952 8950 8951
f 8960 8952 8951
f 8957 8958 8951
f 8960 8951 8958
f 8960 8959 8952
f 8953 8954 8957
f 8954 8955 8956
f 8954 8956 8958
f 8954 8958 8957
f 8964 8962 8959
f 8961 11851 12022
f 8968 8970 8971
f 8968 8971 8972
f 8968 8972 8985
f 8968 8985 8981
f 8971 8974 8972
f 8986 8972 8974
f 8972 8984 8985
f 8986 8984 8972
f 8979 8983 8982
f 8980 8981 8983
f 8981 8982 8983
f 8981 8985 8982
f 8986 8987 8984
f 8984 8987 8988
f 8986 10823 8987
f 8995 8996 8997
f 8996 8998 8997
f 10676 8999 9001
f 10674 9001 9000
f 9003 9002 10828
f 9005 9008 9003
f 9009 9008 9006
f 9012 9013 10740
f 9016 9014 9015
f 9033 9015 9014
f 9032 9016 9015
f 9031 9032 9015
f 9031 9015 9034
f 9033 9034 9015
f 9030 9027 9016
f 9032 9030 9016
f 9018 9017 10472
f 10479 9017 9018
f 9017 10476 10472
f 9022 9019 9021
f 9023 9021 9019
f 9022 9021 10460
f 9031 9029 9032
f 9036 10419 10800
f 9054 9336 9037
f 9055 9037 9336
f 9055 9053 9038
f 9041 9039 9040
f 9043 9039 9041
f 9043 9049 9039
f 9042 9041 9040
f 10949 9042 9040
f 9045 9041 9042
f 9044 9043 9041
f 9045 9044 9041
f 9048 9043 9044
f 9048 9049 9043
f 9048 9051 9049
f 9050 9051 9048
f 9241 9052 9053
f 9055 9242 9053
f 9242 9241 9053
f 9054 9333 9335
f 9054 9335 9336
f 9055 9337 9242
f 9055 9336 9337
f 9058 9057 9218
f 9230 9218 9057
f 9058 9217 9215
f 9058 9216 9217
f 9058 9218 9216
f 9059 9060 9062
f 9061 9064 9062
f 11632 9061 9062
f 9061 9063 9064
f 9070 9068 9078
f 9071 9068 9073
f 9071 9078 9068
f 9070 9078 9072
f 9071 9073 9074
f 9071 9074 9075
f 9071 9075 9078
f 9238 9249 9079
f 9079 9247 9245
f 9079 9249 9247
f 9080 9245 9244
f 9083 9086 9085
f 9096 9097 9088
f 9094 9090 9091
f 9090 9097 9091
f 9094 9091 9104
f 9091 9097 9099
f 9093 9094 9092
f 9094 9104 9092
f 9101 9092 9102
f 9102 9092 9104
f 9093 11430 9094
f 9095 9098 9096
f 9096 9098 9097
f 9097 9098 9099
f 9102 9104 9103
f 9110 9106 9105
f 9109 9108 9106
f 9110 9109 9106
f 9111 9108 9109
f 9136 9109 9110
f 9131 9111 9109
f 9131 9109 9136
f 9131 9112 9111
f 9132 9123 9112
f 9132 9112 9131
f 9117 9113 9114
f 9115 9124 9116
f 9115 9117 9119
f 9115 9119 9118
f 9115 9118 9124
f 9118 9119 9121
f 9129 9118 9121
f 9126 9124 9118
f 9126 9118 9129
f 9119 9120 9121
f 9120 9123 9121
f 9120 9122 9123
f 9132 9121 9123
f 9129 9121 9132
f 9129 9132 9130
f 9130 9134 9133
f 9137 9138 9143
f 9146 9145 9140
f 9147 9149 9148
f 9148 9149 9150
f 9243 9154 9153
f 9243 9157 9154
f 9158 9157 9337
f 9243 9337 9157
f 9158 9336 9335
f 9158 9337 9336
f 9159 9166 9160
f 9159 9160 10953
f 9159 9161 9164
f 9159 10997 9161
f 9159 9164 9166
f 9159 10953 10997
f 9160 9166 9221
f 9161 9162 9164
f 9162 9163 9164
f 9163 9165 9164
f 9163 9167 9165
f 9163 9172 9167
f 9164 9165 9166
f 9165 9229 9166
f 9165 9167 9168
f 9165 9168 9229
f 9166 9227 9221
f 9166 9229 9227
f 9167 9216 9168
f 9167 9172 9171
f 9167 9171 9216
f 9168 9216 9218
f 9168 9218 9230
f 9168 9230 9229
f 9171 9172 9170
f 9171 9217 9216
f 9181 9180 9205
f 9205 9180 9192
f 9181 9184 9182
f 9207 9184 9181
f 9207 9181 9205
f 9207 9206 9183
f 9185 9188 9187
f 9185 9187 9192
f 9187 9189 9191
f 9187 9191 9192
f 9200 9191 9189
f 9200 9189 9197
f 9203 9192 9191
f 9201 9191 9200
f 9203 9191 9201
f 9205 9192 9203
f 9200 9194 9195
f 9198 9194 9197
f 9200 9197 9194
f 9201 9200 9195
f 9209 9203 9201
f 9205 9203 9202
f 9209 9202 9203
f 9207 9205 9202
f 9207 9202 9206
f 9206 9202 9210
f 9209 9210 9202
f 9206 9210 9212
f 9209 9211 9210
f 9212 9215 9214
f 9214 9215 9217
f 10783 9219 9562
f 9227 9220 9222
f 9228 9220 9227
f 9227 9222 9221
f 9229 9228 9227
f 9230 9228 9229
f 9233 9231 9232
f 9233 9235 9231
f 9235 9234 9231
f 9233 9232 9270
f 9232 9265 9270
f 9233 9236 9235
f 9233 9269 9236
f 9233 9270 9269
f 9269 9237 9236
f 9272 9239 9237
f 9272 9237 9269
f 9238 9297 9249
f 9238 9296 9297
f 9272 9271 9239
f 9274 9239 9271
f 9296 9239 9274
f 9243 9242 9337
f 9244 9245 9246
f 9244 9246 9287
f 9665 9244 9287
f 9245 9247 9246
f 9247 9288 9246
f 9249 9289 9247
f 9247 9289 9288
f 9249 9294 9289
f 9249 9297 9294
f 9254 9250 9251
f 9255 9250 9254
f 9254 9251 9252
f 9252 9253 9285
f 9254 9252 9293
f 9252 9285 9293
f 9253 9283 9285
f 9292 9255 9254
f 9292 9254 9293
f 9292 9274 9255
f 9256 9257 9258
f 9256 9261 9257
f 9256 9258 9267
f 9257 9272 9258
f 9257 9261 9262
f 9257 9262 9263
f 9257 9263 9272
f 9258 9270 9267
f 9258 9269 9270
f 9258 9272 9269
f 9259 9260 9261
f 9260 9262 9261
f 9272 9263 9271
f 9267 9265 9266
f 9270 9265 9267
f 9296 9274 9292
f 9276 9277 9278
f 9281 9288 9284
f 9283 9284 9285
f 9284 9289 9285
f 9284 9288 9289
f 9285 9289 9294
f 9285 9294 9293
f 9292 9293 9297
f 9296 9292 9297
f 9293 9294 9297
f 9295 9347 11457
f 9312 9300 9299
f 9312 9299 9318
f 9312 9301 9300
f 9311 9310 9301
f 9311 9301 9312
f 9302 9307 9303
f 9302 9303 9324
f 9302 9305 9307
f 9303 9304 9324
f 9303 9330 9304
f 9303 9307 9308
f 9303 9308 9330
f 9304 9325 9324
f 9304 9328 9325
f 9304 9330 9328
f 9309 9307 9305
f 9308 9307 9310
f 9310 9307 9309
f 9308 9310 9311
f 9308 9311 9316
f 9308 9316 9330
f 9311 9312 9317
f 9311 9317 9316
f 9312 9318 9317
f 9316 9317 9333
f 9316 9332 9330
f 9316 9333 9332
f 9317 9318 9333
f 9318 9335 9333
f 9323 9324 9325
f 9325 9328 9715
f 11457 9339 11456
f 10492 9358 10801
f 10801 9358 10797
f 9359 9364 9362
f 9411 9385 9386
f 9826 9390 9387
f 9429 9427 9428
f 11308 9436 11741
f 10019 9438 10017
f 9455 9453 10362
f 9471 11824 11816
f 11845 9475 11847
f 9476 9479 9478
f 9480 9482 9487
f 9480 9487 9485
f 9490 9489 9483
f 9485 9487 11816
f 9485 11816 11824
f 9508 10440 9509
f 9516 9515 10517
f 12180 9518 9517
f 11994 9527 11997
f 9543 9530 12017
f 9545 9547 9533
f 9545 9533 11923
f 9538 9535 9537
f 10368 9539 9538
f 9550 10547 9548
f 9556 9561 12052
f 9874 9559 11866
f 11872 11866 9559
f 11875 11872 9559
f 9569 12129 9580
f 9571 9574 9575
f 9597 9576 9585
f 9576 10756 9585
f 9576 10755 10756
f 9580 12129 11892
f 9591 9582 9581
f 9583 9581 9584
f 9581 9583 9600
f 9600 9591 9581
f 9599 9591 9600
f 9595 9592 9594
f 9595 9594 10558
f 9595 10558 10559
f 10361 9598 9603
f 9631 11850 11846
f 9636 12122 10274
f 9640 9642 10078
f 9812 9642 9818
f 10545 11235 9653
f 9808 9654 9804
f 9891 9657 9660
f 9891 9894 9657
f 11225 11244 9666
f 9812 9818 9667
f 9669 10507 10508
f 10813 9676 9675
f 10386 9677 9678
f 10782 9686 9687
f 9692 9691 9690
f 9718 10949 9719
f 9719 10952 10951
f 9736 9738 9737
f 9737 9738 10995
f 9750 9753 9749
f 9763 9768 9767
f 11073 9779 11076
f 9787 11060 9786
f 9830 11712 9825
f 9836 10367 10023
f 9836 11238 10367
f 9844 9839 9840
f 10050 9852 11593
f 11113 9862 9865
f 11197 11195 9868
f 9912 9910 9911
f 9916 9917 11245
f 9934 9936 9935
f 9939 9938 9937
f 11545 11543 9938
f 11529 9942 10131
f 9950 11297 9951
f 9951 11297 11295
f 9962 9963 9965
f 10002 9990 11849
f 11633 11849 9990
f 9992 11097 11099
f 9994 10020 10000
f 11427 11426 9995
f 10066 10067 11709
f 10072 10071 11664
f 11664 10071 11663
f 10182 10079 10121
f 11678 10097 11677
f 11679 11677 10097
f 10104 11343 10106
f 10108 10109 11703
f 10128 10127 10126
f 10133 10134 10137
f 10556 10158 10159
f 11669 11790 10178
f 10226 10228 10227
f 10227 10228 12010
f 11355 10232 10709
f 11355 11356 10232
f 10249 10250 10251
f 10249 11833 10250
f 10250 11853 10251
f 11833 12004 10250
f 10269 10270 11889
f 10320 12131 10277
f 10296 10313 10287
f 10288 12157 12158
f 10701 10697 10317
f 10320 12133 12131
f 11474 10378 10377
f 10389 10390 10387
f 11207 10398 10400
f 11085 10398 11207
f 10834 10403 10439
f 10404 10405 10406
f 10405 11428 11516
f 11419 10406 10408
f 11561 10412 11576
f 10413 11628 11627
f 10800 10419 10794
f 10795 10423 10793
f 10795 10794 10423
f 12065 10437 10436
f 10835 10442 10443
f 10450 12081 11042
f 10461 10463 10462
f 10525 10523 10524
f 10569 10567 10582
f 10573 10571 10569
f 10578 10579 10580
f 11933 10587 11934
f 10594 10595 10593
f 10598 10599 10596
f 11018 10646 10602
f 10670 10682 10671
f 10670 10680 10682
f 10671 10682 10676
f 10675 10682 10680
f 10696 10694 10690
f 11916 12024 10746
f 11604 10748 11635
f 10883 10819 10821
f 10858 10859 10860
f 10885 10887 12025
f 10887 11538 12027
f 10887 12027 12025
f 10954 10962 11115
f 11612 11615 11032
f 11056 11050 11052
f 11110 11193 11194
f 11186 11129 11122
f 11123 11124 11125
f 11186 11127 11190
f 11129 11191 11192
f 11180 11822 11465
f 11428 11187 11516
f 11212 11213 11220
f 11212 11220 11222
f 11220 11221 11222
f 11260 11253 11258
f 11260 11258 12054
f 11274 11270 11269
f 11295 11287 11291
f 11297 11287 11295
f 11297 11296 11287
f 11409 11404 11403
f 11407 11405 11406
f 11429 11433 11436
f 11448 12140 11447
f 12141 11447 12140
f 11500 11503 11502
f 11542 11504 11527
f 11533 11532 11531
f 11547 11623 11607
f 11547 11620 11623
f 11548 11567 11558
f 11550 11553 11551
f 11553 11555 11554
f 11579 11577 11578
f 11607 11623 11617
f 11611 11614 11612
f 11671 11656 11666
f 12031 11666 11656
f 11667 11704 11703
f 11679 11676 11677
f 11794 11786 11876
f 11794 11876 11966
f 11795 11966 12162
f 11821 11822 11820
f 12033 12034 11823
f 11827 11829 11830
f 11828 11830 11829
f 12003 12004 11833
f 11844 11845 11847
f 11878 12179 11877
f 11914 11950 11949
f 11927 11940 11937
f 11952 11937 11940
f 11953 11979 11955
f 11957 11955 11958
f 11973 11971 11974
f 11983 11990 11987
f 12050 12056 12055
f 12078 12071 12077
f 12184 12192 12183
